U,d,sigma1,sigma2,sigma3,r,t,e,a,b,n
11,1660,1660,0,0,10,10,166,77,166,243
11,1664,8,0,0,8,8,208,440,1,441
11,1664,8,0,0,8,8,208,539,1,540
11,1664,8,0,0,8,8,208,1573,2,1575
11,1664,8,0,0,8,8,208,2079,1,2080
11,1664,784,0,0,8,8,208,1331,294,1625
11,1664,800,0,0,8,8,208,143,100,243
11,1664,1400,0,0,8,8,208,176,175,351
11,1664,1664,0,0,104,104,16,11,16,27
11,1666,63,0,0,7,7,238,616,9,625
11,1666,448,0,0,7,7,238,561,64,625
11,1666,588,0,0,7,7,238,121,168,289
11,1666,896,0,0,7,7,238,187,128,315
11,1666,896,0,0,7,7,238,297,128,425
11,1666,896,0,0,7,7,238,1331,384,1715
11,1672,22,0,0,22,22,76,143,1,144
11,1672,38,0,0,19,19,88,121,4,125
11,1672,448,0,0,4,4,418,3025,224,3249
11,1672,1372,0,0,4,4,418,132,343,475
11,1672,1372,0,0,4,4,418,297,343,640
11,1674,9,0,0,9,9,186,1023,1,1024
11,1674,756,0,0,3,3,558,121,504,625
11,1674,837,0,0,93,93,18,55,9,64
11,1680,8,0,0,8,8,210,264,1,265
11,1680,8,0,0,8,8,210,440,1,441
11,1680,8,0,0,8,8,210,539,1,540
11,1680,8,0,0,8,8,210,1749,1,1750
11,1680,30,0,0,6,6,280,891,5,896
11,1680,42,0,0,6,6,280,2585,7,2592
11,1680,50,0,0,10,10,168,187,5,192
11,1680,50,0,0,10,10,168,352,5,357
11,1680,50,0,0,10,10,168,539,5,544
11,1680,50,0,0,10,10,168,891,5,896
11,1680,96,0,0,24,24,70,77,4,81
11,1680,140,0,0,10,10,168,275,14,289
11,1680,140,0,0,28,28,60,88,5,93
11,1680,200,0,0,8,8,210,231,25,256
11,1680,200,0,0,8,8,210,704,25,729
11,1680,250,0,0,10,10,168,231,25,256
11,1680,250,0,0,10,10,168,264,25,289
11,1680,250,0,0,10,10,168,704,25,729
11,1680,270,0,0,10,10,168,121,54,175
11,1680,294,0,0,6,6,280,275,49,324
11,1680,294,0,0,6,6,280,891,49,940
11,1680,294,0,0,6,6,280,1551,49,1600
11,1680,294,0,0,42,42,40,121,14,135
11,1680,378,0,0,42,42,40,55,9,64
11,1680,448,0,0,8,8,210,1375,56,1431
11,1680,480,0,0,60,60,28,55,8,63
11,1680,490,0,0,10,10,168,176,49,225
11,1680,490,0,0,10,10,168,275,49,324
11,1680,490,0,0,10,10,168,495,49,544
11,1680,768,0,0,6,6,280,1331,384,1715
11,1680,844,0,0,4,4,420,275,211,486
11,1680,844,0,0,4,4,420,539,211,750
11,1680,1152,0,0,24,24,70,77,48,125
11,1680,1350,0,0,10,10,168,154,135,289
11,1680,1372,0,0,4,4,420,297,343,640
11,1680,1680,0,0,24,24,70,11,70,81
11,1680,1680,0,0,70,70,24,121,48,169
11,1680,1680,0,0,105,105,16,11,16,27
11,1682,145,0,0,29,29,58,319,5,324
11,1692,423,0,0,9,9,188,209,47,256
11,1692,846,0,0,94,94,18,55,9,64
11,1694,143,0,0,11,11,154,176,13,189
11,1694,264,0,0,11,11,154,121,48,169
11,1696,1696,0,0,106,106,16,11,16,27
11,1700,5,0,0,5,5,340,374,1,375
11,1700,17,0,0,17,17,100,374,1,375
11,1700,32,0,0,2,2,850,3179,16,3195
11,1700,50,0,0,25,25,68,121,4,125
11,1700,142,0,0,2,2,850,5049,71,5120
11,1700,425,0,0,17,17,100,264,25,289
11,1700,425,0,0,17,17,100,704,25,729
11,1700,578,0,0,2,2,850,4752,289,5041
11,1700,600,0,0,5,5,340,121,240,361
11,1700,1700,0,0,25,25,68,275,68,343
11,1704,142,0,0,2,2,852,2673,71,2744
11,1704,912,0,0,3,3,568,121,608,729
11,1704,1083,0,0,3,3,568,264,361,625
11,1704,1083,0,0,3,3,568,704,361,1065
11,1704,1704,0,0,71,71,24,121,48,169
11,1708,488,0,0,61,61,28,55,8,63
11,1710,27,0,0,3,3,570,836,9,845
11,1710,38,0,0,19,19,90,121,4,125
11,1710,144,0,0,9,9,190,209,16,225
11,1710,225,0,0,9,9,190,704,25,729
11,1710,855,0,0,95,95,18,55,9,64
11,1710,1083,0,0,3,3,570,264,361,625
11,1710,1248,0,0,3,3,570,209,416,625
11,1710,1280,0,0,5,5,342,473,256,729
11,1710,1539,0,0,19,19,90,44,81,125
11,1712,4,0,0,4,4,428,1375,1,1376
11,1712,1712,0,0,107,107,16,11,16,27
11,1716,22,0,0,22,22,78,99,1,100
11,1716,22,0,0,22,22,78,143,1,144
11,1716,264,0,0,11,11,156,121,48,169
11,1716,550,0,0,22,22,78,704,25,729
11,1716,891,0,0,11,11,156,88,81,169
11,1720,4,0,0,4,4,430,1375,1,1376
11,1720,100,0,0,4,4,430,704,25,729
11,1720,301,0,0,43,43,40,121,14,135
11,1720,387,0,0,43,43,40,55,9,64
11,1720,1024,0,0,4,4,430,473,256,729
11,1728,486,0,0,6,6,288,319,81,400
11,1728,864,0,0,96,96,18,55,9,64
11,1728,1728,0,0,72,72,24,121,48,169
11,1728,1728,0,0,108,108,16,11,16,27
11,1734,51,0,0,17,17,102,286,3,289
11,1734,272,0,0,17,17,102,121,32,153
11,1736,2,0,0,2,2,868,1023,1,1024
11,1736,2,0,0,2,2,868,8525,1,8526
11,1736,112,0,0,2,2,868,3069,56,3125
11,1736,174,0,0,2,2,868,1705,87,1792
11,1736,288,0,0,2,2,868,1375,144,1519
11,1736,350,0,0,2,2,868,1331,525,1856
11,1736,486,0,0,2,2,868,1276,243,1519
11,1736,496,0,0,62,62,28,55,8,63
11,1736,1296,0,0,2,2,868,3509,1296,4805
11,1740,2,0,0,2,2,870,1199,1,1200
11,1740,45,0,0,5,5,348,616,9,625
11,1740,145,0,0,29,29,60,88,5,93
11,1740,150,0,0,30,30,58,319,5,324
11,1740,640,0,0,5,5,348,1331,384,1715
11,1740,750,0,0,6,6,290,803,125,928
11,1740,1080,0,0,3,3,580,121,720,841
11,1744,1744,0,0,109,109,16,11,16,27
11,1746,873,0,0,97,97,18,55,9,64
11,1748,23,0,0,23,23,76,143,1,144
11,1750,100,0,0,25,25,70,77,4,81
11,1750,1200,0,0,25,25,70,77,48,125
11,1750,1750,0,0,25,25,70,11,70,81
11,1752,1752,0,0,73,73,24,121,48,169
11,1758,48,0,0,3,3,586,847,32,879
11,1760,32,0,0,16,16,110,121,4,125
11,1760,40,0,0,20,20,88,121,4,125
11,1760,308,0,0,44,44,40,121,14,135
11,1760,396,0,0,44,44,40,55,9,64
11,1760,1760,0,0,110,110,16,11,16,27
11,1764,15,0,0,3,3,588,891,5,896
11,1764,48,0,0,3,3,588,3465,16,3481
11,1764,338,0,0,2,2,882,3927,169,4096
11,1764,338,0,0,2,2,882,5324,507,5831
11,1764,378,0,0,2,2,882,1859,189,2048
11,1764,384,0,0,3,3,588,1331,384,1715
11,1764,504,0,0,63,63,28,55,8,63
11,1764,686,0,0,2,2,882,2816,343,3159
11,1764,882,0,0,98,98,18,55,9,64
11,1768,52,0,0,26,26,68,121,4,125
11,1768,676,0,0,4,4,442,121,338,459
11,1768,676,0,0,4,4,442,407,169,576
11,1768,1768,0,0,26,26,68,275,68,343
11,1776,296,0,0,8,8,222,539,37,576
11,1776,1776,0,0,74,74,24,121,48,169
11,1776,1776,0,0,111,111,16,11,16,27
11,1780,810,0,0,10,10,178,275,81,356
11,1782,891,0,0,99,99,18,55,9,64
11,1788,150,0,0,6,6,298,704,25,729
11,1792,512,0,0,64,64,28,55,8,63
11,1792,1008,0,0,4,4,448,121,504,625
11,1792,1792,0,0,7,7,256,473,256,729
11,1792,1792,0,0,112,112,16,11,16,27
11,1794,12,0,0,3,3,598,1859,4,1863
11,1794,23,0,0,23,23,78,99,1,100
11,1794,23,0,0,23,23,78,143,1,144
11,1794,104,0,0,13,13,138,605,16,621
11,1794,507,0,0,3,3,598,506,169,675
11,1794,575,0,0,23,23,78,704,25,729
11,1794,1794,0,0,3,3,598,1331,1794,3125
11,1798,155,0,0,31,31,58,319,5,324
11,1800,18,0,0,18,18,100,374,1,375
11,1800,40,0,0,20,20,90,121,4,125
11,1800,108,0,0,12,12,150,352,9,361
11,1800,150,0,0,6,6,300,704,25,729
11,1800,150,0,0,30,30,60,88,5,93
11,1800,280,0,0,10,10,180,297,28,325
11,1800,315,0,0,45,45,40,121,14,135
11,1800,405,0,0,45,45,40,55,9,64
11,1800,450,0,0,18,18,100,264,25,289
11,1800,450,0,0,18,18,100,704,25,729
11,1800,768,0,0,12,12,150,297,64,361
11,1800,810,0,0,10,10,180,143,81,224
11,1800,810,0,0,10,10,180,1144,81,1225
11,1800,810,0,0,10,10,180,1375,81,1456
11,1800,900,0,0,100,100,18,55,9,64
11,1800,1250,0,0,2,2,900,1056,625,1681
11,1800,1250,0,0,10,10,180,99,125,224
11,1800,1600,0,0,10,10,180,121,320,441
11,1800,1620,0,0,20,20,90,44,81,125
11,1800,1690,0,0,10,10,180,55,169,224
11,1800,1690,0,0,10,10,180,231,169,400
11,1800,1690,0,0,10,10,180,1056,169,1225
11,1800,1800,0,0,75,75,24,121,48,169
11,1806,112,0,0,7,7,258,1859,16,1875
11,1806,189,0,0,7,7,258,473,27,500
11,1808,1808,0,0,113,113,16,11,16,27
11,1816,16,0,0,2,2,908,1573,16,1589
11,1816,1816,0,0,2,2,908,275,908,1183
11,1818,909,0,0,101,101,18,55,9,64
11,1820,5,0,0,5,5,364,671,1,672
11,1820,5,0,0,5,5,364,792,1,793
11,1820,16,0,0,2,2,910,1045,8,1053
11,1820,16,0,0,2,2,910,1617,8,1625
11,1820,38,0,0,2,2,910,1925,19,1944
11,1820,38,0,0,2,2,910,2816,19,2835
11,1820,104,0,0,2,2,910,2475,52,2527
11,1820,104,0,0,26,26,70,77,4,81
11,1820,126,0,0,2,2,910,1331,189,1520
11,1820,196,0,0,2,2,910,1331,294,1625
11,1820,324,0,0,2,2,910,1463,162,1625
11,1820,520,0,0,65,65,28,55,8,63
11,1820,1050,0,0,2,2,910,1672,525,2197
11,1820,1248,0,0,26,26,70,77,48,125
11,1820,1274,0,0,2,2,910,3971,637,4608
11,1820,1820,0,0,26,26,70,11,70,81
11,1824,24,0,0,24,24,76,143,1,144
11,1824,54,0,0,6,6,304,352,9,361
11,1824,64,0,0,8,8,228,605,16,621
11,1824,256,0,0,8,8,228,253,32,285
11,1824,384,0,0,6,6,304,297,64,361
11,1824,960,0,0,8,8,228,121,240,361
11,1824,1216,0,0,4,4,456,121,608,729
11,1824,1296,0,0,8,8,228,275,162,437
11,1824,1824,0,0,6,6,304,121,608,729
11,1824,1824,0,0,76,76,24,121,48,169
11,1824,1824,0,0,114,114,16,11,16,27
11,1826,1826,0,0,11,11,166,77,166,243
11,1830,648,0,0,3,3,610,605,432,1037
11,1830,1632,0,0,3,3,610,671,544,1215
11,1836,54,0,0,18,18,102,286,3,289
11,1836,54,0,0,27,27,68,121,4,125
11,1836,288,0,0,18,18,102,121,32,153
11,1836,918,0,0,102,102,18,55,9,64
11,1836,1836,0,0,27,27,68,275,68,343
11,1840,8,0,0,8,8,230,319,1,320
11,1840,36,0,0,4,4,460,616,9,625
11,1840,322,0,0,46,46,40,121,14,135
11,1840,414,0,0,46,46,40,55,9,64
11,1840,1840,0,0,115,115,16,11,16,27
11,1848,12,0,0,6,6,308,341,2,343
11,1848,42,0,0,21,21,88,121,4,125
11,1848,55,0,0,11,11,168,187,5,192
11,1848,55,0,0,11,11,168,352,5,357
11,1848,55,0,0,11,11,168,539,5,544
11,1848,55,0,0,11,11,168,891,5,896
11,1848,154,0,0,11,11,168,275,14,289
11,1848,156,0,0,12,12,154,176,13,189
11,1848,275,0,0,11,11,168,231,25,256
11,1848,275,0,0,11,11,168,264,25,289
11,1848,275,0,0,11,11,168,704,25,729
11,1848,288,0,0,12,12,154,121,48,169
11,1848,297,0,0,11,11,168,121,54,175
11,1848,528,0,0,66,66,28,55,8,63
11,1848,539,0,0,11,11,168,176,49,225
11,1848,539,0,0,11,11,168,275,49,324
11,1848,539,0,0,11,11,168,495,49,544
11,1848,1485,0,0,11,11,168,154,135,289
11,1848,1848,0,0,77,77,24,121,48,169
11,1850,155,0,0,5,5,370,594,31,625
11,1850,310,0,0,5,5,370,605,124,729
11,1850,320,0,0,5,5,370,341,64,405
11,1854,243,0,0,3,3,618,880,81,961
11,1854,927,0,0,103,103,18,55,9,64
11,1856,8,0,0,2,2,928,957,4,961
11,1856,160,0,0,32,32,58,319,5,324
11,1856,162,0,0,2,2,928,880,81,961
11,1856,1856,0,0,2,2,928,33,928,961
11,1856,1856,0,0,8,8,232,11,232,243
11,1856,1856,0,0,116,116,16,11,16,27
11,1860,10,0,0,10,10,186,1023,1,1024
11,1860,155,0,0,31,31,60,88,5,93
11,1860,486,0,0,6,6,310,880,81,961
11,1860,750,0,0,6,6,310,1859,125,1984
11,1860,1014,0,0,6,6,310,792,169,961
11,1862,938,0,0,7,7,266,209,134,343
11,1864,1864,0,0,4,4,466,121,932,1053
11,1870,34,0,0,17,17,110,121,4,125
11,1872,9,0,0,9,9,208,440,1,441
11,1872,9,0,0,9,9,208,539,1,540
11,1872,9,0,0,9,9,208,1573,2,1575
11,1872,9,0,0,9,9,208,2079,1,2080
11,1872,24,0,0,24,24,78,99,1,100
11,1872,24,0,0,24,24,78,143,1,144
11,1872,216,0,0,8,8,234,649,27,676
11,1872,288,0,0,12,12,156,121,48,169
11,1872,600,0,0,24,24,78,704,25,729
11,1872,882,0,0,9,9,208,1331,294,1625
11,1872,900,0,0,9,9,208,143,100,243
11,1872,936,0,0,104,104,18,55,9,64
11,1872,972,0,0,12,12,156,88,81,169
11,1872,1568,0,0,2,2,936,737,784,1521
11,1872,1575,0,0,9,9,208,176,175,351
11,1872,1872,0,0,78,78,24,121,48,169
11,1872,1872,0,0,117,117,16,11,16,27
11,1876,536,0,0,67,67,28,55,8,63
11,1880,10,0,0,2,2,940,1408,5,1413
11,1880,329,0,0,47,47,40,121,14,135
11,1880,423,0,0,47,47,40,55,9,64
11,1880,470,0,0,10,10,188,209,47,256
11,1884,3,0,0,3,3,628,1727,1,1728
11,1884,75,0,0,3,3,628,704,25,729
11,1884,75,0,0,3,3,628,2376,25,2401
11,1884,768,0,0,3,3,628,363,512,875
11,1888,1888,0,0,118,118,16,11,16,27
11,1890,9,0,0,9,9,210,264,1,265
11,1890,9,0,0,9,9,210,440,1,441
11,1890,9,0,0,9,9,210,539,1,540
11,1890,9,0,0,9,9,210,1749,1,1750
11,1890,15,0,0,3,3,630,891,5,896
11,1890,20,0,0,5,5,378,847,8,855
11,1890,42,0,0,21,21,90,121,4,125
11,1890,75,0,0,3,3,630,704,25,729
11,1890,75,0,0,3,3,630,2376,25,2401
11,1890,81,0,0,3,3,630,869,27,896
11,1890,108,0,0,27,27,70,77,4,81
11,1890,119,0,0,7,7,270,495,17,512
11,1890,225,0,0,9,9,210,231,25,256
11,1890,225,0,0,9,9,210,704,25,729
11,1890,504,0,0,9,9,210,1375,56,1431
11,1890,768,0,0,3,3,630,363,512,875
11,1890,768,0,0,3,3,630,869,256,1125
11,1890,800,0,0,5,5,378,121,320,441
11,1890,855,0,0,5,5,378,704,171,875
11,1890,945,0,0,105,105,18,55,9,64
11,1890,1296,0,0,27,27,70,77,48,125
11,1890,1659,0,0,3,3,630,176,553,729
11,1890,1701,0,0,21,21,90,44,81,125
11,1890,1890,0,0,27,27,70,11,70,81
11,1892,158,0,0,2,2,946,2673,79,2752
11,1896,158,0,0,2,2,948,3971,79,4050
11,1896,250,0,0,2,2,948,3971,125,4096
11,1896,316,0,0,2,2,948,1331,474,1805
11,1896,1024,0,0,4,4,474,297,256,553
11,1896,1024,0,0,4,4,474,3773,256,4029
11,1896,1156,0,0,4,4,474,264,289,553
11,1896,1156,0,0,4,4,474,2112,289,2401
11,1896,1896,0,0,79,79,24,121,48,169
11,1900,19,0,0,19,19,100,374,1,375
11,1900,25,0,0,25,25,76,143,1,144
11,1900,160,0,0,10,10,190,209,16,225
11,1900,250,0,0,2,2,950,3971,125,4096
11,1900,250,0,0,10,10,190,704,25,729
11,1900,475,0,0,19,19,100,264,25,289
11,1900,475,0,0,19,19,100,704,25,729
11,1900,646,0,0,2,2,950,3773,323,4096
11,1900,1750,0,0,2,2,950,5984,875,6859
11,1904,56,0,0,28,28,68,121,4,125
11,1904,72,0,0,8,8,238,616,9,625
11,1904,512,0,0,8,8,238,561,64,625
11,1904,544,0,0,68,68,28,55,8,63
11,1904,672,0,0,8,8,238,121,168,289
11,1904,1024,0,0,8,8,238,187,128,315
11,1904,1024,0,0,8,8,238,297,128,425
11,1904,1024,0,0,8,8,238,1331,384,1715
11,1904,1904,0,0,28,28,68,275,68,343
11,1904,1904,0,0,119,119,16,11,16,27
11,1908,6,0,0,6,6,318,2915,1,2916
11,1908,478,0,0,2,2,954,1331,717,2048
11,1908,954,0,0,106,106,18,55,9,64
11,1914,165,0,0,33,33,58,319,5,324
11,1918,7,0,0,7,7,274,528,1,529
11,1920,6,0,0,3,3,640,2673,2,2675
11,1920,32,0,0,2,2,960,1859,16,1875
11,1920,160,0,0,32,32,60,88,5,93
11,1920,336,0,0,48,48,40,121,14,135
11,1920,432,0,0,48,48,40,55,9,64
11,1920,450,0,0,2,2,960,1144,225,1369
11,1920,1920,0,0,80,80,24,121,48,169
11,1920,1920,0,0,120,120,16,11,16,27
11,1926,963,0,0,107,107,18,55,9,64
11,1932,7,0,0,7,7,276,528,1,529
11,1932,112,0,0,14,14,138,605,16,621
11,1932,552,0,0,69,69,28,55,8,63
11,1936,44,0,0,22,22,88,121,4,125
11,1936,1936,0,0,121,121,16,11,16,27
11,1938,57,0,0,19,19,102,286,3,289
11,1938,304,0,0,19,19,102,121,32,153
11,1940,80,0,0,5,5,388,1859,16,1875
11,1940,125,0,0,5,5,388,704,25,729
11,1944,3,0,0,3,3,648,4224,1,4225
11,1944,972,0,0,108,108,18,55,9,64
11,1944,1944,0,0,81,81,24,121,48,169
11,1950,25,0,0,5,5,390,891,5,896
11,1950,25,0,0,25,25,78,99,1,100
11,1950,25,0,0,25,25,78,143,1,144
11,1950,35,0,0,5,5,390,825,7,832
11,1950,35,0,0,5,5,390,1331,21,1352
11,1950,80,0,0,5,5,390,605,32,637
11,1950,80,0,0,5,5,390,1859,16,1875
11,1950,117,0,0,13,13,150,352,9,361
11,1950,625,0,0,25,25,78,704,25,729
11,1950,640,0,0,5,5,390,1331,384,1715
11,1950,832,0,0,13,13,150,297,64,361
11,1952,1952,0,0,122,122,16,11,16,27
11,1956,2,0,0,2,2,978,4400,1,4401
11,1958,891,0,0,11,11,178,275,81,356
11,1960,35,0,0,7,7,280,891,5,896
11,1960,49,0,0,7,7,280,2585,7,2592
11,1960,112,0,0,28,28,70,77,4,81
11,1960,343,0,0,7,7,280,275,49,324
11,1960,343,0,0,7,7,280,891,49,940
11,1960,343,0,0,7,7,280,1551,49,1600
11,1960,343,0,0,49,49,40,121,14,135
11,1960,441,0,0,49,49,40,55,9,64
11,1960,560,0,0,70,70,28,55,8,63
11,1960,896,0,0,7,7,280,1331,384,1715
11,1960,1344,0,0,28,28,70,77,48,125
11,1960,1960,0,0,28,28,70,11,70,81
11,1962,981,0,0,109,109,18,55,9,64
11,1968,164,0,0,4,4,492,4576,41,4617
11,1968,216,0,0,4,4,492,1573,108,1681
11,1968,832,0,0,4,4,492,363,416,779
11,1968,1968,0,0,6,6,328,297,328,625
11,1968,1968,0,0,82,82,24,121,48,169
11,1968,1968,0,0,123,123,16,11,16,27
11,1972,58,0,0,29,29,68,121,4,125
11,1972,170,0,0,34,34,58,319,5,324
11,1972,1972,0,0,29,29,68,275,68,343
11,1974,27,0,0,3,3,658,2200,9,2209
11,1974,1875,0,0,3,3,658,1584,625,2209
11,1976,26,0,0,26,26,76,143,1,144
11,1980,36,0,0,18,18,110,121,4,125
11,1980,44,0,0,22,22,90,121,4,125
11,1980,165,0,0,33,33,60,88,5,93
11,1980,308,0,0,11,11,180,297,28,325
11,1980,891,0,0,11,11,180,143,81,224
11,1980,891,0,0,11,11,180,1144,81,1225
11,1980,891,0,0,11,11,180,1375,81,1456
11,1980,990,0,0,110,110,18,55,9,64
11,1980,1375,0,0,11,11,180,99,125,224
11,1980,1760,0,0,11,11,180,121,320,441
11,1980,1782,0,0,22,22,90,44,81,125
11,1980,1859,0,0,11,11,180,55,169,224
11,1980,1859,0,0,11,11,180,231,169,400
11,1980,1859,0,0,11,11,180,1056,169,1225
11,1984,4,0,0,4,4,496,1023,1,1024
11,1984,1984,0,0,124,124,16,11,16,27
11,1988,166,0,0,2,2,994,1408,83,1491
11,1988,568,0,0,71,71,28,55,8,63
11,1992,100,0,0,4,4,498,704,25,729
11,1992,1992,0,0,12,12,166,77,166,243
11,1992,1992,0,0,83,83,24,121,48,169
11,1998,333,0,0,9,9,222,539,37,576
11,1998,999,0,0,111,111,18,55,9,64
11,2000,20,0,0,20,20,100,374,1,375
11,2000,350,0,0,50,50,40,121,14,135
11,2000,450,0,0,50,50,40,55,9,64
11,2000,500,0,0,20,20,100,264,25,289
11,2000,500,0,0,20,20,100,704,25,729
11,2000,2000,0,0,125,125,16,11,16,27
11,2002,169,0,0,13,13,154,176,13,189
11,2002,312,0,0,13,13,154,121,48,169
11,2010,96,0,0,3,3,670,1375,32,1407
11,2010,201,0,0,3,3,670,3773,67,3840
11,2010,729,0,0,3,3,670,737,243,980
11,2010,2010,0,0,3,3,670,847,1340,2187
11,2016,60,0,0,12,12,168,187,5,192
11,2016,60,0,0,12,12,168,352,5,357
11,2016,60,0,0,12,12,168,539,5,544
11,2016,60,0,0,12,12,168,891,5,896
11,2016,168,0,0,12,12,168,275,14,289
11,2016,300,0,0,12,12,168,231,25,256
11,2016,300,0,0,12,12,168,264,25,289
11,2016,300,0,0,12,12,168,704,25,729
11,2016,324,0,0,12,12,168,121,54,175
11,2016,567,0,0,7,7,288,319,81,400
11,2016,576,0,0,72,72,28,55,8,63
11,2016,588,0,0,12,12,168,176,49,225
11,2016,588,0,0,12,12,168,275,49,324
11,2016,588,0,0,12,12,168,495,49,544
11,2016,1008,0,0,112,112,18,55,9,64
11,2016,1620,0,0,12,12,168,154,135,289
11,2016,2016,0,0,84,84,24,121,48,169
11,2016,2016,0,0,126,126,16,11,16,27
11,2024,46,0,0,23,23,88,121,4,125
11,2028,26,0,0,26,26,78,99,1,100
11,2028,26,0,0,26,26,78,143,1,144
11,2028,312,0,0,13,13,156,121,48,169
11,2028,650,0,0,26,26,78,704,25,729
11,2028,1053,0,0,13,13,156,88,81,169
11,2030,116,0,0,29,29,70,77,4,81
11,2030,175,0,0,35,35,58,319,5,324
11,2030,875,0,0,7,7,290,803,125,928
11,2030,1392,0,0,29,29,70,77,48,125
11,2030,2030,0,0,29,29,70,11,70,81
11,2032,8,0,0,4,4,508,1375,2,1377
11,2032,192,0,0,4,4,508,1397,48,1445
11,2032,324,0,0,4,4,508,935,81,1016
11,2032,500,0,0,4,4,508,891,125,1016
11,2032,544,0,0,4,4,508,363,272,635
11,2032,2032,0,0,127,127,16,11,16,27
11,2034,27,0,0,3,3,678,2816,9,2825
11,2034,1017,0,0,113,113,18,55,9,64
11,2040,6,0,0,6,6,340,374,1,375
11,2040,60,0,0,20,20,102,286,3,289
11,2040,60,0,0,30,30,68,121,4,125
11,2040,125,0,0,5,5,408,704,25,729
11,2040,170,0,0,34,34,60,88,5,93
11,2040,320,0,0,20,20,102,121,32,153
11,2040,357,0,0,51,51,40,121,14,135
11,2040,459,0,0,51,51,40,55,9,64
11,2040,720,0,0,6,6,340,121,240,361
11,2040,1445,0,0,5,5,408,440,289,729
11,2040,2040,0,0,30,30,68,275,68,343
11,2040,2040,0,0,85,85,24,121,48,169
11,2044,584,0,0,73,73,28,55,8,63
11,2046,11,0,0,11,11,186,1023,1,1024
11,2048,2048,0,0,8,8,256,473,256,729
11,2048,2048,0,0,128,128,16,11,16,27
11,2052,27,0,0,27,27,76,143,1,144
11,2052,72,0,0,9,9,228,605,16,621
11,2052,288,0,0,9,9,228,253,32,285
11,2052,1026,0,0,114,114,18,55,9,64
11,2052,1080,0,0,9,9,228,121,240,361
11,2052,1458,0,0,9,9,228,275,162,437
11,2052,1536,0,0,6,6,342,473,256,729
11,2064,4,0,0,4,4,516,1848,1,1849
11,2064,128,0,0,8,8,258,1859,16,1875
11,2064,216,0,0,8,8,258,473,27,500
11,2064,552,0,0,3,3,688,891,184,1075
11,2064,1764,0,0,4,4,516,1408,441,1849
11,2064,2064,0,0,86,86,24,121,48,169
11,2064,2064,0,0,129,129,16,11,16,27
11,2068,517,0,0,11,11,188,209,47,256
11,2070,9,0,0,9,9,230,319,1,320
11,2070,46,0,0,23,23,90,121,4,125
11,2070,120,0,0,15,15,138,605,16,621
11,2070,1035,0,0,115,115,18,55,9,64
11,2070,1863,0,0,23,23,90,44,81,125
11,2072,592,0,0,74,74,28,55,8,63
11,2080,10,0,0,10,10,208,440,1,441
11,2080,10,0,0,10,10,208,539,1,540
11,2080,10,0,0,10,10,208,1573,2,1575
11,2080,10,0,0,10,10,208,2079,1,2080
11,2080,64,0,0,4,4,520,825,16,841
11,2080,64,0,0,4,4,520,1859,16,1875
11,2080,100,0,0,4,4,520,704,25,729
11,2080,364,0,0,52,52,40,121,14,135
11,2080,468,0,0,52,52,40,55,9,64
11,2080,980,0,0,10,10,208,1331,294,1625
11,2080,1000,0,0,10,10,208,143,100,243
11,2080,1508,0,0,4,4,520,352,377,729
11,2080,1750,0,0,10,10,208,176,175,351
11,2080,2080,0,0,130,130,16,11,16,27
11,2086,175,0,0,7,7,298,704,25,729
11,2088,54,0,0,6,6,348,616,9,625
11,2088,180,0,0,36,36,58,319,5,324
11,2088,768,0,0,6,6,348,1331,384,1715
11,2088,1044,0,0,116,116,18,55,9,64
11,2088,2088,0,0,9,9,232,11,232,243
11,2088,2088,0,0,87,87,24,121,48,169
11,2090,38,0,0,19,19,110,121,4,125
11,2090,176,0,0,11,11,190,209,16,225
11,2090,275,0,0,11,11,190,704,25,729
11,2090,560,0,0,5,5,418,3025,224,3249
11,2090,1715,0,0,5,5,418,132,343,475
11,2090,1715,0,0,5,5,418,297,343,640
11,2096,2096,0,0,131,131,16,11,16,27
11,2100,10,0,0,10,10,210,264,1,265
11,2100,10,0,0,10,10,210,440,1,441
11,2100,10,0,0,10,10,210,539,1,540
11,2100,10,0,0,10,10,210,1749,1,1750
11,2100,21,0,0,3,3,700,825,7,832
11,2100,21,0,0,3,3,700,1331,21,1352
11,2100,21,0,0,21,21,100,374,1,375
11,2100,27,0,0,3,3,700,2695,9,2704
11,2100,27,0,0,3,3,700,3575,9,3584
11,2100,120,0,0,30,30,70,77,4,81
11,2100,126,0,0,14,14,150,352,9,361
11,2100,175,0,0,7,7,300,704,25,729
11,2100,175,0,0,35,35,60,88,5,93
11,2100,192,0,0,3,3,700,847,128,975
11,2100,192,0,0,3,3,700,1573,128,1701
11,2100,250,0,0,10,10,210,231,25,256
11,2100,250,0,0,10,10,210,704,25,729
11,2100,384,0,0,3,3,700,1331,384,1715
11,2100,525,0,0,21,21,100,264,25,289
11,2100,525,0,0,21,21,100,704,25,729
11,2100,560,0,0,10,10,210,1375,56,1431
11,2100,600,0,0,75,75,28,55,8,63
11,2100,896,0,0,14,14,150,297,64,361
11,2100,1055,0,0,5,5,420,275,211,486
11,2100,1055,0,0,5,5,420,539,211,750
11,2100,1440,0,0,30,30,70,77,48,125
11,2100,1715,0,0,5,5,420,297,343,640
11,2100,1875,0,0,3,3,700,143,625,768
11,2100,1875,0,0,3,3,700,2079,625,2704
11,2100,2100,0,0,3,3,700,121,1400,1521
11,2100,2100,0,0,30,30,70,11,70,81
11,2106,27,0,0,27,27,78,99,1,100
11,2106,27,0,0,27,27,78,143,1,144
11,2106,243,0,0,9,9,234,649,27,676
11,2106,675,0,0,27,27,78,704,25,729
11,2106,1053,0,0,117,117,18,55,9,64
11,2108,62,0,0,31,31,68,121,4,125
11,2108,2108,0,0,31,31,68,275,68,343
11,2112,48,0,0,24,24,88,121,4,125
11,2112,2112,0,0,88,88,24,121,48,169
11,2112,2112,0,0,132,132,16,11,16,27
11,2120,371,0,0,53,53,40,121,14,135
11,2120,477,0,0,53,53,40,55,9,64
11,2120,500,0,0,4,4,530,3971,125,4096
11,2124,144,0,0,3,3,708,1331,144,1475
11,2124,1062,0,0,118,118,18,55,9,64
11,2128,28,0,0,28,28,76,143,1,144
11,2128,63,0,0,7,7,304,352,9,361
11,2128,448,0,0,7,7,304,297,64,361
11,2128,608,0,0,76,76,28,55,8,63
11,2128,1072,0,0,8,8,266,209,134,343
11,2128,2128,0,0,7,7,304,121,608,729
11,2128,2128,0,0,133,133,16,11,16,27
11,2136,972,0,0,12,12,178,275,81,356
11,2136,2136,0,0,89,89,24,121,48,169
11,2140,5,0,0,5,5,428,1375,1,1376
11,2142,63,0,0,21,21,102,286,3,289
11,2142,81,0,0,9,9,238,616,9,625
11,2142,162,0,0,3,3,714,1969,54,2023
11,2142,336,0,0,21,21,102,121,32,153
11,2142,576,0,0,9,9,238,561,64,625
11,2142,756,0,0,9,9,238,121,168,289
11,2142,1071,0,0,119,119,18,55,9,64
11,2142,1152,0,0,9,9,238,187,128,315
11,2142,1152,0,0,9,9,238,297,128,425
11,2142,1152,0,0,9,9,238,1331,384,1715
11,2144,2144,0,0,134,134,16,11,16,27
11,2146,185,0,0,37,37,58,319,5,324
11,2150,5,0,0,5,5,430,1375,1,1376
11,2150,125,0,0,5,5,430,704,25,729
11,2150,1280,0,0,5,5,430,473,256,729
11,2154,75,0,0,3,3,718,704,25,729
11,2154,2154,0,0,3,3,718,11,718,729
11,2156,14,0,0,7,7,308,341,2,343
11,2156,182,0,0,14,14,154,176,13,189
11,2156,336,0,0,14,14,154,121,48,169
11,2156,616,0,0,77,77,28,55,8,63
11,2158,2158,0,0,13,13,166,77,166,243
11,2160,48,0,0,24,24,90,121,4,125
11,2160,100,0,0,4,4,540,704,25,729
11,2160,136,0,0,8,8,270,495,17,512
11,2160,180,0,0,36,36,60,88,5,93
11,2160,336,0,0,12,12,180,297,28,325
11,2160,378,0,0,54,54,40,121,14,135
11,2160,486,0,0,54,54,40,55,9,64
11,2160,576,0,0,4,4,540,2981,144,3125
11,2160,912,0,0,3,3,720,121,608,729
11,2160,972,0,0,12,12,180,143,81,224
11,2160,972,0,0,12,12,180,1144,81,1225
11,2160,972,0,0,12,12,180,1375,81,1456
11,2160,1080,0,0,120,120,18,55,9,64
11,2160,1500,0,0,12,12,180,99,125,224
11,2160,1920,0,0,12,12,180,121,320,441
11,2160,1944,0,0,24,24,90,44,81,125
11,2160,2028,0,0,12,12,180,55,169,224
11,2160,2028,0,0,12,12,180,231,169,400
11,2160,2028,0,0,12,12,180,1056,169,1225
11,2160,2160,0,0,90,90,24,121,48,169
11,2160,2160,0,0,135,135,16,11,16,27
11,2170,124,0,0,31,31,70,77,4,81
11,2170,567,0,0,7,7,310,880,81,961
11,2170,875,0,0,7,7,310,1859,125,1984
11,2170,1183,0,0,7,7,310,792,169,961
11,2170,1488,0,0,31,31,70,77,48,125
11,2170,2170,0,0,31,31,70,11,70,81
11,2176,28,0,0,4,4,544,1331,21,1352
11,2176,64,0,0,32,32,68,121,4,125
11,2176,2176,0,0,32,32,68,275,68,343
11,2176,2176,0,0,136,136,16,11,16,27
11,2178,567,0,0,3,3,726,1859,189,2048
11,2178,1029,0,0,3,3,726,2816,343,3159
11,2178,1089,0,0,121,121,18,55,9,64
11,2184,6,0,0,3,3,728,3575,2,3577
11,2184,6,0,0,6,6,364,671,1,672
11,2184,6,0,0,6,6,364,792,1,793
11,2184,28,0,0,4,4,546,1331,21,1352
11,2184,28,0,0,28,28,78,99,1,100
11,2184,28,0,0,28,28,78,143,1,144
11,2184,65,0,0,13,13,168,187,5,192
11,2184,65,0,0,13,13,168,352,5,357
11,2184,65,0,0,13,13,168,539,5,544
11,2184,65,0,0,13,13,168,891,5,896
11,2184,182,0,0,13,13,168,275,14,289
11,2184,256,0,0,4,4,546,1573,128,1701
11,2184,325,0,0,13,13,168,231,25,256
11,2184,325,0,0,13,13,168,264,25,289
11,2184,325,0,0,13,13,168,704,25,729
11,2184,336,0,0,14,14,156,121,48,169
11,2184,351,0,0,13,13,168,121,54,175
11,2184,624,0,0,78,78,28,55,8,63
11,2184,637,0,0,13,13,168,176,49,225
11,2184,637,0,0,13,13,168,275,49,324
11,2184,637,0,0,13,13,168,495,49,544
11,2184,700,0,0,28,28,78,704,25,729
11,2184,1134,0,0,14,14,156,88,81,169
11,2184,1755,0,0,13,13,168,154,135,289
11,2184,2184,0,0,91,91,24,121,48,169
11,2190,183,0,0,3,3,730,803,61,864
11,2190,243,0,0,3,3,730,4015,81,4096
11,2192,8,0,0,8,8,274,528,1,529
11,2192,2192,0,0,137,137,16,11,16,27
11,2196,1098,0,0,122,122,18,55,9,64
11,2200,22,0,0,22,22,100,374,1,375
11,2200,40,0,0,20,20,110,121,4,125
11,2200,50,0,0,25,25,88,121,4,125
11,2200,385,0,0,55,55,40,121,14,135
11,2200,495,0,0,55,55,40,55,9,64
11,2200,550,0,0,22,22,100,264,25,289
11,2200,550,0,0,22,22,100,704,25,729
11,2204,29,0,0,29,29,76,143,1,144
11,2204,190,0,0,38,38,58,319,5,324
11,2208,8,0,0,8,8,276,528,1,529
11,2208,128,0,0,16,16,138,605,16,621
11,2208,2208,0,0,92,92,24,121,48,169
11,2208,2208,0,0,138,138,16,11,16,27
11,2210,845,0,0,5,5,442,121,338,459
11,2210,845,0,0,5,5,442,407,169,576
11,2212,632,0,0,79,79,28,55,8,63
11,2214,1107,0,0,123,123,18,55,9,64
11,2220,185,0,0,37,37,60,88,5,93
11,2220,186,0,0,6,6,370,594,31,625
11,2220,370,0,0,10,10,222,539,37,576
11,2220,372,0,0,6,6,370,605,124,729
11,2220,384,0,0,6,6,370,341,64,405
11,2224,2224,0,0,139,139,16,11,16,27
11,2226,7,0,0,7,7,318,2915,1,2916
11,2226,147,0,0,3,3,742,2662,147,2809
11,2232,12,0,0,12,12,186,1023,1,1024
11,2232,1008,0,0,4,4,558,121,504,625
11,2232,1116,0,0,124,124,18,55,9,64
11,2232,2232,0,0,93,93,24,121,48,169
11,2240,40,0,0,8,8,280,891,5,896
11,2240,56,0,0,8,8,280,2585,7,2592
11,2240,128,0,0,32,32,70,77,4,81
11,2240,392,0,0,8,8,280,275,49,324
11,2240,392,0,0,8,8,280,891,49,940
11,2240,392,0,0,8,8,280,1551,49,1600
11,2240,392,0,0,56,56,40,121,14,135
11,2240,504,0,0,56,56,40,55,9,64
11,2240,640,0,0,80,80,28,55,8,63
11,2240,1024,0,0,8,8,280,1331,384,1715
11,2240,1260,0,0,5,5,448,121,504,625
11,2240,1536,0,0,32,32,70,77,48,125
11,2240,2240,0,0,32,32,70,11,70,81
11,2244,6,0,0,3,3,748,1375,2,1377
11,2244,66,0,0,22,22,102,286,3,289
11,2244,66,0,0,33,33,68,121,4,125
11,2244,352,0,0,22,22,102,121,32,153
11,2244,2244,0,0,33,33,68,275,68,343
11,2250,50,0,0,25,25,90,121,4,125
11,2250,135,0,0,15,15,150,352,9,361
11,2250,960,0,0,15,15,150,297,64,361
11,2250,1125,0,0,125,125,18,55,9,64
11,2250,2025,0,0,25,25,90,44,81,125
11,2256,564,0,0,12,12,188,209,47,256
11,2256,2256,0,0,94,94,24,121,48,169
11,2262,29,0,0,29,29,78,99,1,100
11,2262,29,0,0,29,29,78,143,1,144
11,2262,195,0,0,39,39,58,319,5,324
11,2262,725,0,0,29,29,78,704,25,729
11,2268,24,0,0,6,6,378,847,8,855
11,2268,648,0,0,81,81,28,55,8,63
11,2268,960,0,0,6,6,378,121,320,441
11,2268,1026,0,0,6,6,378,704,171,875
11,2268,1134,0,0,126,126,18,55,9,64
11,2272,1216,0,0,4,4,568,121,608,729
11,2272,1444,0,0,4,4,568,264,361,625
11,2272,1444,0,0,4,4,568,704,361,1065
11,2280,30,0,0,30,30,76,143,1,144
11,2280,36,0,0,4,4,570,836,9,845
11,2280,80,0,0,10,10,228,605,16,621
11,2280,190,0,0,38,38,60,88,5,93
11,2280,192,0,0,12,12,190,209,16,225
11,2280,300,0,0,12,12,190,704,25,729
11,2280,320,0,0,10,10,228,253,32,285
11,2280,399,0,0,57,57,40,121,14,135
11,2280,513,0,0,57,57,40,55,9,64
11,2280,1200,0,0,10,10,228,121,240,361
11,2280,1444,0,0,4,4,570,264,361,625
11,2280,1520,0,0,5,5,456,121,608,729
11,2280,1620,0,0,10,10,228,275,162,437
11,2280,1664,0,0,4,4,570,209,416,625
11,2280,2280,0,0,95,95,24,121,48,169
11,2286,1143,0,0,127,127,18,55,9,64
11,2288,11,0,0,11,11,208,440,1,441
11,2288,11,0,0,11,11,208,539,1,540
11,2288,11,0,0,11,11,208,1573,2,1575
11,2288,11,0,0,11,11,208,2079,1,2080
11,2288,52,0,0,26,26,88,121,4,125
11,2288,1078,0,0,11,11,208,1331,294,1625
11,2288,1100,0,0,11,11,208,143,100,243
11,2288,1925,0,0,11,11,208,176,175,351
11,2296,656,0,0,82,82,28,55,8,63
11,2296,2296,0,0,7,7,328,297,328,625
11,2300,10,0,0,10,10,230,319,1,320
11,2300,23,0,0,23,23,100,374,1,375
11,2300,45,0,0,5,5,460,616,9,625
11,2300,575,0,0,23,23,100,264,25,289
11,2300,575,0,0,23,23,100,704,25,729
11,2304,648,0,0,8,8,288,319,81,400
11,2304,1152,0,0,128,128,18,55,9,64
11,2304,2304,0,0,9,9,256,473,256,729
11,2304,2304,0,0,96,96,24,121,48,169
11,2310,11,0,0,11,11,210,264,1,265
11,2310,11,0,0,11,11,210,440,1,441
11,2310,11,0,0,11,11,210,539,1,540
11,2310,11,0,0,11,11,210,1749,1,1750
11,2310,42,0,0,21,21,110,121,4,125
11,2310,132,0,0,33,33,70,77,4,81
11,2310,195,0,0,15,15,154,176,13,189
11,2310,275,0,0,11,11,210,231,25,256
11,2310,275,0,0,11,11,210,704,25,729
11,2310,360,0,0,15,15,154,121,48,169
11,2310,616,0,0,11,11,210,1375,56,1431
11,2310,1584,0,0,33,33,70,77,48,125
11,2310,2310,0,0,33,33,70,11,70,81
11,2312,68,0,0,34,34,68,121,4,125
11,2312,2312,0,0,34,34,68,275,68,343
11,2314,1053,0,0,13,13,178,275,81,356
11,2316,12,0,0,3,3,772,5203,8,5211
11,2320,200,0,0,40,40,58,319,5,324
11,2320,406,0,0,58,58,40,121,14,135
11,2320,522,0,0,58,58,40,55,9,64
11,2320,1000,0,0,8,8,290,803,125,928
11,2320,1440,0,0,4,4,580,121,720,841
11,2320,2320,0,0,10,10,232,11,232,243
11,2322,144,0,0,9,9,258,1859,16,1875
11,2322,243,0,0,9,9,258,473,27,500
11,2322,1161,0,0,129,129,18,55,9,64
11,2324,664,0,0,83,83,28,55,8,63
11,2324,2324,0,0,14,14,166,77,166,243
11,2328,96,0,0,6,6,388,1859,16,1875
11,2328,150,0,0,6,6,388,704,25,729
11,2328,2328,0,0,97,97,24,121,48,169
11,2330,2330,0,0,5,5,466,121,932,1053
11,2334,2334,0,0,3,3,778,275,778,1053
11,2340,3,0,0,3,3,780,935,1,936
11,2340,3,0,0,3,3,780,2024,1,2025
11,2340,3,0,0,3,3,780,4224,1,4225
11,2340,30,0,0,6,6,390,891,5,896
11,2340,30,0,0,30,30,78,99,1,100
11,2340,30,0,0,30,30,78,143,1,144
11,2340,42,0,0,6,6,390,825,7,832
11,2340,42,0,0,6,6,390,1331,21,1352
11,2340,52,0,0,26,26,90,121,4,125
11,2340,96,0,0,6,6,390,605,32,637
11,2340,96,0,0,6,6,390,1859,16,1875
11,2340,135,0,0,3,3,780,2783,90,2873
11,2340,195,0,0,3,3,780,2057,130,2187
11,2340,195,0,0,39,39,60,88,5,93
11,2340,270,0,0,10,10,234,649,27,676
11,2340,360,0,0,15,15,156,121,48,169
11,2340,364,0,0,13,13,180,297,28,325
11,2340,624,0,0,3,3,780,1331,624,1955
11,2340,750,0,0,30,30,78,704,25,729
11,2340,768,0,0,6,6,390,1331,384,1715
11,2340,828,0,0,3,3,780,1573,552,2125
11,2340,1053,0,0,13,13,180,143,81,224
11,2340,1053,0,0,13,13,180,1144,81,1225
11,2340,1053,0,0,13,13,180,1375,81,1456
11,2340,1170,0,0,130,130,18,55,9,64
11,2340,1215,0,0,15,15,156,88,81,169
11,2340,1587,0,0,3,3,780,495,529,1024
11,2340,1587,0,0,3,3,780,1496,529,2025
11,2340,1587,0,0,3,3,780,1815,1058,2873
11,2340,1625,0,0,13,13,180,99,125,224
11,2340,2080,0,0,13,13,180,121,320,441
11,2340,2106,0,0,26,26,90,44,81,125
11,2340,2197,0,0,13,13,180,55,169,224
11,2340,2197,0,0,13,13,180,231,169,400
11,2340,2197,0,0,13,13,180,1056,169,1225
11,2344,64,0,0,4,4,586,847,32,879
11,2346,69,0,0,23,23,102,286,3,289
11,2346,136,0,0,17,17,138,605,16,621
11,2346,368,0,0,23,23,102,121,32,153
11,2352,20,0,0,4,4,588,891,5,896
11,2352,64,0,0,4,4,588,3465,16,3481
11,2352,70,0,0,14,14,168,187,5,192
11,2352,70,0,0,14,14,168,352,5,357
11,2352,70,0,0,14,14,168,539,5,544
11,2352,70,0,0,14,14,168,891,5,896
11,2352,196,0,0,14,14,168,275,14,289
11,2352,350,0,0,14,14,168,231,25,256
11,2352,350,0,0,14,14,168,264,25,289
11,2352,350,0,0,14,14,168,704,25,729
11,2352,378,0,0,14,14,168,121,54,175
11,2352,512,0,0,4,4,588,1331,384,1715
11,2352,672,0,0,84,84,28,55,8,63
11,2352,686,0,0,14,14,168,176,49,225
11,2352,686,0,0,14,14,168,275,49,324
11,2352,686,0,0,14,14,168,495,49,544
11,2352,1890,0,0,14,14,168,154,135,289
11,2352,2352,0,0,98,98,24,121,48,169
11,2356,31,0,0,31,31,76,143,1,144
11,2358,1179,0,0,131,131,18,55,9,64
11,2360,413,0,0,59,59,40,121,14,135
11,2360,531,0,0,59,59,40,55,9,64
11,2370,1280,0,0,5,5,474,297,256,553
11,2370,1280,0,0,5,5,474,3773,256,4029
11,2370,1445,0,0,5,5,474,264,289,553
11,2370,1445,0,0,5,5,474,2112,289,2401
11,2376,54,0,0,27,27,88,121,4,125
11,2376,1188,0,0,132,132,18,55,9,64
11,2376,2376,0,0,99,99,24,121,48,169
11,2378,205,0,0,41,41,58,319,5,324
11,2380,7,0,0,7,7,340,374,1,375
11,2380,70,0,0,35,35,68,121,4,125
11,2380,90,0,0,10,10,238,616,9,625
11,2380,136,0,0,34,34,70,77,4,81
11,2380,640,0,0,10,10,238,561,64,625
11,2380,680,0,0,85,85,28,55,8,63
11,2380,840,0,0,7,7,340,121,240,361
11,2380,840,0,0,10,10,238,121,168,289
11,2380,1280,0,0,10,10,238,187,128,315
11,2380,1280,0,0,10,10,238,297,128,425
11,2380,1280,0,0,10,10,238,1331,384,1715
11,2380,1632,0,0,34,34,70,77,48,125
11,2380,2380,0,0,34,34,70,11,70,81
11,2380,2380,0,0,35,35,68,275,68,343
11,2384,200,0,0,8,8,298,704,25,729
11,2392,16,0,0,4,4,598,1859,4,1863
11,2392,676,0,0,4,4,598,506,169,675
11,2392,2392,0,0,4,4,598,1331,1794,3125
11,2394,57,0,0,3,3,798,1925,19,1944
11,2394,57,0,0,3,3,798,2816,19,2835
11,2394,189,0,0,3,3,798,1331,189,1520
11,2394,513,0,0,3,3,798,704,171,875
11,2394,513,0,0,3,3,798,6655,513,7168
11,2394,1197,0,0,133,133,18,55,9,64
11,2394,1206,0,0,9,9,266,209,134,343
11,2394,1792,0,0,7,7,342,473,256,729
11,2400,24,0,0,24,24,100,374,1,375
11,2400,144,0,0,16,16,150,352,9,361
11,2400,200,0,0,8,8,300,704,25,729
11,2400,200,0,0,40,40,60,88,5,93
11,2400,420,0,0,60,60,40,121,14,135
11,2400,540,0,0,60,60,40,55,9,64
11,2400,600,0,0,24,24,100,264,25,289
11,2400,600,0,0,24,24,100,704,25,729
11,2400,1024,0,0,16,16,150,297,64,361
11,2400,2400,0,0,100,100,24,121,48,169
11,2408,688,0,0,86,86,28,55,8,63
11,2412,3,0,0,3,3,804,1023,1,1024
11,2412,201,0,0,3,3,804,2816,67,2883
11,2412,1206,0,0,134,134,18,55,9,64
11,2418,13,0,0,13,13,186,1023,1,1024
11,2418,31,0,0,31,31,78,99,1,100
11,2418,31,0,0,31,31,78,143,1,144
11,2418,775,0,0,31,31,78,704,25,729
11,2420,44,0,0,22,22,110,121,4,125
11,2424,2424,0,0,101,101,24,121,48,169
11,2430,21,0,0,3,3,810,7040,7,7047
11,2430,54,0,0,27,27,90,121,4,125
11,2430,153,0,0,9,9,270,495,17,512
11,2430,384,0,0,3,3,810,1331,384,1715
11,2430,1215,0,0,135,135,18,55,9,64
11,2430,2187,0,0,27,27,90,44,81,125
11,2432,32,0,0,32,32,76,143,1,144
11,2432,72,0,0,8,8,304,352,9,361
11,2432,512,0,0,8,8,304,297,64,361
11,2432,2432,0,0,8,8,304,121,608,729
11,2436,63,0,0,7,7,348,616,9,625
11,2436,210,0,0,42,42,58,319,5,324
11,2436,696,0,0,87,87,28,55,8,63
11,2436,896,0,0,7,7,348,1331,384,1715
11,2440,427,0,0,61,61,40,121,14,135
11,2440,549,0,0,61,61,40,55,9,64
11,2440,864,0,0,4,4,610,605,432,1037
11,2440,2176,0,0,4,4,610,671,544,1215
11,2442,407,0,0,11,11,222,539,37,576
11,2444,611,0,0,13,13,188,209,47,256
11,2448,72,0,0,24,24,102,286,3,289
11,2448,72,0,0,36,36,68,121,4,125
11,2448,150,0,0,6,6,408,704,25,729
11,2448,384,0,0,24,24,102,121,32,153
11,2448,1224,0,0,136,136,18,55,9,64
11,2448,1734,0,0,6,6,408,440,289,729
11,2448,2448,0,0,36,36,68,275,68,343
11,2448,2448,0,0,102,102,24,121,48,169
11,2450,140,0,0,35,35,70,77,4,81
11,2450,1680,0,0,35,35,70,77,48,125
11,2450,2450,0,0,35,35,70,11,70,81
11,2460,205,0,0,5,5,492,4576,41,4617
11,2460,205,0,0,41,41,60,88,5,93
11,2460,270,0,0,5,5,492,1573,108,1681
11,2460,1040,0,0,5,5,492,363,416,779
11,2460,2400,0,0,3,3,820,4961,1600,6561
11,2464,16,0,0,8,8,308,341,2,343
11,2464,56,0,0,28,28,88,121,4,125
11,2464,208,0,0,16,16,154,176,13,189
11,2464,384,0,0,16,16,154,121,48,169
11,2464,704,0,0,88,88,28,55,8,63
11,2466,9,0,0,9,9,274,528,1,529
11,2466,1233,0,0,137,137,18,55,9,64
11,2470,208,0,0,13,13,190,209,16,225
11,2470,325,0,0,13,13,190,704,25,729
11,2472,324,0,0,4,4,618,880,81,961
11,2472,2472,0,0,103,103,24,121,48,169
11,2478,9,0,0,3,3,826,3773,3,3776
11,2480,5,0,0,5,5,496,1023,1,1024
11,2480,434,0,0,62,62,40,121,14,135
11,2480,558,0,0,62,62,40,55,9,64
11,2480,648,0,0,8,8,310,880,81,961
11,2480,1000,0,0,8,8,310,1859,125,1984
11,2480,1352,0,0,8,8,310,792,169,961
11,2484,9,0,0,9,9,276,528,1,529
11,2484,144,0,0,18,18,138,605,16,621
11,2484,768,0,0,3,3,828,5819,256,6075
11,2484,1242,0,0,138,138,18,55,9,64
11,2490,125,0,0,5,5,498,704,25,729
11,2490,2490,0,0,15,15,166,77,166,243
11,2492,712,0,0,89,89,28,55,8,63
11,2492,1134,0,0,14,14,178,275,81,356
11,2494,215,0,0,43,43,58,319,5,324
11,2496,12,0,0,12,12,208,440,1,441
11,2496,12,0,0,12,12,208,539,1,540
11,2496,12,0,0,12,12,208,1573,2,1575
11,2496,12,0,0,12,12,208,2079,1,2080
11,2496,32,0,0,32,32,78,99,1,100
11,2496,32,0,0,32,32,78,143,1,144
11,2496,384,0,0,16,16,156,121,48,169
11,2496,800,0,0,32,32,78,704,25,729
11,2496,1176,0,0,12,12,208,1331,294,1625
11,2496,1200,0,0,12,12,208,143,100,243
11,2496,1296,0,0,16,16,156,88,81,169
11,2496,2100,0,0,12,12,208,176,175,351
11,2496,2496,0,0,104,104,24,121,48,169
11,2500,25,0,0,25,25,100,374,1,375
11,2500,625,0,0,25,25,100,264,25,289
11,2500,625,0,0,25,25,100,704,25,729
11,2502,1251,0,0,139,139,18,55,9,64
11,2508,33,0,0,33,33,76,143,1,144
11,2508,88,0,0,11,11,228,605,16,621
11,2508,352,0,0,11,11,228,253,32,285
11,2508,672,0,0,6,6,418,3025,224,3249
11,2508,1320,0,0,11,11,228,121,240,361
11,2508,1782,0,0,11,11,228,275,162,437
11,2508,2058,0,0,6,6,418,132,343,475
11,2508,2058,0,0,6,6,418,297,343,640
11,2512,4,0,0,4,4,628,1727,1,1728
11,2512,100,0,0,4,4,628,704,25,729
11,2512,100,0,0,4,4,628,2376,25,2401
11,2512,1024,0,0,4,4,628,363,512,875
11,2516,74,0,0,37,37,68,121,4,125
11,2516,2516,0,0,37,37,68,275,68,343
11,2520,12,0,0,12,12,210,264,1,265
11,2520,12,0,0,12,12,210,440,1,441
11,2520,12,0,0,12,12,210,539,1,540
11,2520,12,0,0,12,12,210,1749,1,1750
11,2520,20,0,0,4,4,630,891,5,896
11,2520,45,0,0,9,9,280,891,5,896
11,2520,56,0,0,28,28,90,121,4,125
11,2520,63,0,0,9,9,280,2585,7,2592
11,2520,75,0,0,15,15,168,187,5,192
11,2520,75,0,0,15,15,168,352,5,357
11,2520,75,0,0,15,15,168,539,5,544
11,2520,75,0,0,15,15,168,891,5,896
11,2520,100,0,0,4,4,630,704,25,729
11,2520,100,0,0,4,4,630,2376,25,2401
11,2520,108,0,0,4,4,630,869,27,896
11,2520,144,0,0,36,36,70,77,4,81
11,2520,210,0,0,15,15,168,275,14,289
11,2520,210,0,0,42,42,60,88,5,93
11,2520,300,0,0,12,12,210,231,25,256
11,2520,300,0,0,12,12,210,704,25,729
11,2520,375,0,0,15,15,168,231,25,256
11,2520,375,0,0,15,15,168,264,25,289
11,2520,375,0,0,15,15,168,704,25,729
11,2520,392,0,0,14,14,180,297,28,325
11,2520,405,0,0,15,15,168,121,54,175
11,2520,441,0,0,9,9,280,275,49,324
11,2520,441,0,0,9,9,280,891,49,940
11,2520,441,0,0,9,9,280,1551,49,1600
11,2520,441,0,0,63,63,40,121,14,135
11,2520,567,0,0,63,63,40,55,9,64
11,2520,672,0,0,12,12,210,1375,56,1431
11,2520,720,0,0,90,90,28,55,8,63
11,2520,735,0,0,15,15,168,176,49,225
11,2520,735,0,0,15,15,168,275,49,324
11,2520,735,0,0,15,15,168,495,49,544
11,2520,1024,0,0,4,4,630,363,512,875
11,2520,1024,0,0,4,4,630,869,256,1125
11,2520,1134,0,0,14,14,180,143,81,224
11,2520,1134,0,0,14,14,180,1144,81,1225
11,2520,1134,0,0,14,14,180,1375,81,1456
11,2520,1152,0,0,9,9,280,1331,384,1715
11,2520,1266,0,0,6,6,420,275,211,486
11,2520,1266,0,0,6,6,420,539,211,750
11,2520,1728,0,0,36,36,70,77,48,125
11,2520,1750,0,0,14,14,180,99,125,224
11,2520,2025,0,0,15,15,168,154,135,289
11,2520,2058,0,0,6,6,420,297,343,640
11,2520,2212,0,0,4,4,630,176,553,729
11,2520,2240,0,0,14,14,180,121,320,441
11,2520,2268,0,0,28,28,90,44,81,125
11,2520,2366,0,0,14,14,180,55,169,224
11,2520,2366,0,0,14,14,180,231,169,400
11,2520,2366,0,0,14,14,180,1056,169,1225
11,2520,2520,0,0,36,36,70,11,70,81
11,2520,2520,0,0,105,105,24,121,48,169
11,2530,11,0,0,11,11,230,319,1,320
11,2530,46,0,0,23,23,110,121,4,125
11,2540,10,0,0,5,5,508,1375,2,1377
11,2540,240,0,0,5,5,508,1397,48,1445
11,2540,405,0,0,5,5,508,935,81,1016
11,2540,625,0,0,5,5,508,891,125,1016
11,2540,680,0,0,5,5,508,363,272,635
11,2544,8,0,0,8,8,318,2915,1,2916
11,2544,2544,0,0,106,106,24,121,48,169
11,2548,7,0,0,7,7,364,671,1,672
11,2548,7,0,0,7,7,364,792,1,793
11,2548,728,0,0,91,91,28,55,8,63
11,2550,48,0,0,3,3,850,3179,16,3195
11,2550,75,0,0,25,25,102,286,3,289
11,2550,153,0,0,17,17,150,352,9,361
11,2550,213,0,0,3,3,850,5049,71,5120
11,2550,400,0,0,25,25,102,121,32,153
11,2550,867,0,0,3,3,850,4752,289,5041
11,2550,1088,0,0,17,17,150,297,64,361
11,2552,58,0,0,29,29,88,121,4,125
11,2552,220,0,0,44,44,58,319,5,324
11,2552,2552,0,0,11,11,232,11,232,243
11,2556,213,0,0,3,3,852,2673,71,2744
11,2560,8,0,0,4,4,640,2673,2,2675
11,2560,448,0,0,64,64,40,121,14,135
11,2560,576,0,0,64,64,40,55,9,64
11,2560,2560,0,0,10,10,256,473,256,729
11,2568,6,0,0,6,6,428,1375,1,1376
11,2568,2568,0,0,107,107,24,121,48,169
11,2574,33,0,0,33,33,78,99,1,100
11,2574,33,0,0,33,33,78,143,1,144
11,2574,297,0,0,11,11,234,649,27,676
11,2574,825,0,0,33,33,78,704,25,729
11,2576,736,0,0,92,92,28,55,8,63
11,2580,5,0,0,5,5,516,1848,1,1849
11,2580,6,0,0,6,6,430,1375,1,1376
11,2580,150,0,0,6,6,430,704,25,729
11,2580,160,0,0,10,10,258,1859,16,1875
11,2580,215,0,0,43,43,60,88,5,93
11,2580,270,0,0,10,10,258,473,27,500
11,2580,1536,0,0,6,6,430,473,256,729
11,2580,2205,0,0,5,5,516,1408,441,1849
11,2584,34,0,0,34,34,76,143,1,144
11,2584,76,0,0,38,38,68,121,4,125
11,2584,2584,0,0,38,38,68,275,68,343
11,2590,148,0,0,37,37,70,77,4,81
11,2590,217,0,0,7,7,370,594,31,625
11,2590,434,0,0,7,7,370,605,124,729
11,2590,448,0,0,7,7,370,341,64,405
11,2590,1776,0,0,37,37,70,77,48,125
11,2590,2590,0,0,37,37,70,11,70,81
11,2592,4,0,0,4,4,648,4224,1,4225
11,2592,729,0,0,9,9,288,319,81,400
11,2592,2592,0,0,108,108,24,121,48,169
11,2600,26,0,0,26,26,100,374,1,375
11,2600,80,0,0,5,5,520,825,16,841
11,2600,80,0,0,5,5,520,1859,16,1875
11,2600,125,0,0,5,5,520,704,25,729
11,2600,455,0,0,65,65,40,121,14,135
11,2600,585,0,0,65,65,40,55,9,64
11,2600,650,0,0,26,26,100,264,25,289
11,2600,650,0,0,26,26,100,704,25,729
11,2600,1885,0,0,5,5,520,352,377,729
11,2604,3,0,0,3,3,868,1023,1,1024
11,2604,3,0,0,3,3,868,8525,1,8526
11,2604,14,0,0,14,14,186,1023,1,1024
11,2604,168,0,0,3,3,868,3069,56,3125
11,2604,261,0,0,3,3,868,1705,87,1792
11,2604,432,0,0,3,3,868,1375,144,1519
11,2604,525,0,0,3,3,868,1331,525,1856
11,2604,729,0,0,3,3,868,1276,243,1519
11,2604,744,0,0,93,93,28,55,8,63
11,2604,1944,0,0,3,3,868,3509,1296,4805
11,2610,3,0,0,3,3,870,1199,1,1200
11,2610,58,0,0,29,29,90,121,4,125
11,2610,225,0,0,45,45,58,319,5,324
11,2610,1125,0,0,9,9,290,803,125,928
11,2610,2349,0,0,29,29,90,44,81,125
11,2616,2616,0,0,109,109,24,121,48,169
11,2618,99,0,0,11,11,238,616,9,625
11,2618,221,0,0,17,17,154,176,13,189
11,2618,408,0,0,17,17,154,121,48,169
11,2618,704,0,0,11,11,238,561,64,625
11,2618,924,0,0,11,11,238,121,168,289
11,2618,1408,0,0,11,11,238,187,128,315
11,2618,1408,0,0,11,11,238,297,128,425
11,2618,1408,0,0,11,11,238,1331,384,1715
11,2622,152,0,0,19,19,138,605,16,621
11,2624,2624,0,0,8,8,328,297,328,625
11,2632,36,0,0,4,4,658,2200,9,2209
11,2632,658,0,0,14,14,188,209,47,256
11,2632,752,0,0,94,94,28,55,8,63
11,2632,2500,0,0,4,4,658,1584,625,2209
11,2640,48,0,0,24,24,110,121,4,125
11,2640,60,0,0,30,30,88,121,4,125
11,2640,220,0,0,44,44,60,88,5,93
11,2640,462,0,0,66,66,40,121,14,135
11,2640,594,0,0,66,66,40,55,9,64
11,2640,2640,0,0,110,110,24,121,48,169
11,2646,28,0,0,7,7,378,847,8,855
11,2646,507,0,0,3,3,882,3927,169,4096
11,2646,507,0,0,3,3,882,5324,507,5831
11,2646,567,0,0,3,3,882,1859,189,2048
11,2646,1029,0,0,3,3,882,2816,343,3159
11,2646,1120,0,0,7,7,378,121,320,441
11,2646,1197,0,0,7,7,378,704,171,875
11,2650,625,0,0,5,5,530,3971,125,4096
11,2652,34,0,0,34,34,78,99,1,100
11,2652,34,0,0,34,34,78,143,1,144
11,2652,78,0,0,26,26,102,286,3,289
11,2652,78,0,0,39,39,68,121,4,125
11,2652,408,0,0,17,17,156,121,48,169
11,2652,416,0,0,26,26,102,121,32,153
11,2652,850,0,0,34,34,78,704,25,729
11,2652,1014,0,0,6,6,442,121,338,459
11,2652,1014,0,0,6,6,442,407,169,576
11,2652,1377,0,0,17,17,156,88,81,169
11,2652,2652,0,0,39,39,68,275,68,343
11,2656,2656,0,0,16,16,166,77,166,243
11,2660,35,0,0,35,35,76,143,1,144
11,2660,152,0,0,38,38,70,77,4,81
11,2660,224,0,0,14,14,190,209,16,225
11,2660,350,0,0,14,14,190,704,25,729
11,2660,760,0,0,95,95,28,55,8,63
11,2660,1340,0,0,10,10,266,209,134,343
11,2660,1824,0,0,38,38,70,77,48,125
11,2660,2660,0,0,38,38,70,11,70,81
11,2664,444,0,0,12,12,222,539,37,576
11,2664,2664,0,0,111,111,24,121,48,169
11,2668,230,0,0,46,46,58,319,5,324
11,2670,1215,0,0,15,15,178,275,81,356
11,2680,128,0,0,4,4,670,1375,32,1407
11,2680,268,0,0,4,4,670,3773,67,3840
11,2680,469,0,0,67,67,40,121,14,135
11,2680,603,0,0,67,67,40,55,9,64
11,2680,972,0,0,4,4,670,737,243,980
11,2680,2680,0,0,4,4,670,847,1340,2187
11,2682,225,0,0,9,9,298,704,25,729
11,2688,80,0,0,16,16,168,187,5,192
11,2688,80,0,0,16,16,168,352,5,357
11,2688,80,0,0,16,16,168,539,5,544
11,2688,80,0,0,16,16,168,891,5,896
11,2688,224,0,0,16,16,168,275,14,289
11,2688,400,0,0,16,16,168,231,25,256
11,2688,400,0,0,16,16,168,264,25,289
11,2688,400,0,0,16,16,168,704,25,729
11,2688,432,0,0,16,16,168,121,54,175
11,2688,768,0,0,96,96,28,55,8,63
11,2688,784,0,0,16,16,168,176,49,225
11,2688,784,0,0,16,16,168,275,49,324
11,2688,784,0,0,16,16,168,495,49,544
11,2688,1512,0,0,6,6,448,121,504,625
11,2688,2160,0,0,16,16,168,154,135,289
11,2688,2688,0,0,112,112,24,121,48,169
11,2700,27,0,0,27,27,100,374,1,375
11,2700,60,0,0,30,30,90,121,4,125
11,2700,125,0,0,5,5,540,704,25,729
11,2700,162,0,0,18,18,150,352,9,361
11,2700,170,0,0,10,10,270,495,17,512
11,2700,225,0,0,9,9,300,704,25,729
11,2700,225,0,0,45,45,60,88,5,93
11,2700,420,0,0,15,15,180,297,28,325
11,2700,675,0,0,27,27,100,264,25,289
11,2700,675,0,0,27,27,100,704,25,729
11,2700,720,0,0,5,5,540,2981,144,3125
11,2700,1152,0,0,18,18,150,297,64,361
11,2700,1215,0,0,15,15,180,143,81,224
11,2700,1215,0,0,15,15,180,1144,81,1225
11,2700,1215,0,0,15,15,180,1375,81,1456
11,2700,1875,0,0,3,3,900,1056,625,1681
11,2700,1875,0,0,15,15,180,99,125,224
11,2700,2400,0,0,15,15,180,121,320,441
11,2700,2430,0,0,30,30,90,44,81,125
11,2700,2535,0,0,15,15,180,55,169,224
11,2700,2535,0,0,15,15,180,231,169,400
11,2700,2535,0,0,15,15,180,1056,169,1225
11,2704,13,0,0,13,13,208,440,1,441
11,2704,13,0,0,13,13,208,539,1,540
11,2704,13,0,0,13,13,208,1573,2,1575
11,2704,13,0,0,13,13,208,2079,1,2080
11,2704,1274,0,0,13,13,208,1331,294,1625
11,2704,1300,0,0,13,13,208,143,100,243
11,2704,2275,0,0,13,13,208,176,175,351
11,2712,36,0,0,4,4,678,2816,9,2825
11,2712,2712,0,0,113,113,24,121,48,169
11,2716,112,0,0,7,7,388,1859,16,1875
11,2716,175,0,0,7,7,388,704,25,729
11,2716,776,0,0,97,97,28,55,8,63
11,2720,8,0,0,8,8,340,374,1,375
11,2720,35,0,0,5,5,544,1331,21,1352
11,2720,80,0,0,40,40,68,121,4,125
11,2720,476,0,0,68,68,40,121,14,135
11,2720,612,0,0,68,68,40,55,9,64
11,2720,960,0,0,8,8,340,121,240,361
11,2720,2720,0,0,40,40,68,275,68,343
11,2724,24,0,0,3,3,908,1573,16,1589
11,2724,2724,0,0,3,3,908,275,908,1183
11,2726,235,0,0,47,47,58,319,5,324
11,2728,62,0,0,31,31,88,121,4,125
11,2730,13,0,0,13,13,210,264,1,265
11,2730,13,0,0,13,13,210,440,1,441
11,2730,13,0,0,13,13,210,539,1,540
11,2730,13,0,0,13,13,210,1749,1,1750
11,2730,24,0,0,3,3,910,1045,8,1053
11,2730,24,0,0,3,3,910,1617,8,1625
11,2730,35,0,0,5,5,546,1331,21,1352
11,2730,35,0,0,7,7,390,891,5,896
11,2730,35,0,0,35,35,78,99,1,100
11,2730,35,0,0,35,35,78,143,1,144
11,2730,49,0,0,7,7,390,825,7,832
11,2730,49,0,0,7,7,390,1331,21,1352
11,2730,57,0,0,3,3,910,1925,19,1944
11,2730,57,0,0,3,3,910,2816,19,2835
11,2730,112,0,0,7,7,390,605,32,637
11,2730,112,0,0,7,7,390,1859,16,1875
11,2730,156,0,0,3,3,910,2475,52,2527
11,2730,156,0,0,39,39,70,77,4,81
11,2730,189,0,0,3,3,910,1331,189,1520
11,2730,294,0,0,3,3,910,1331,294,1625
11,2730,320,0,0,5,5,546,1573,128,1701
11,2730,325,0,0,13,13,210,231,25,256
11,2730,325,0,0,13,13,210,704,25,729
11,2730,486,0,0,3,3,910,1463,162,1625
11,2730,728,0,0,13,13,210,1375,56,1431
11,2730,875,0,0,35,35,78,704,25,729
11,2730,896,0,0,7,7,390,1331,384,1715
11,2730,1575,0,0,3,3,910,1672,525,2197
11,2730,1872,0,0,39,39,70,77,48,125
11,2730,1911,0,0,3,3,910,3971,637,4608
11,2730,2730,0,0,39,39,70,11,70,81
11,2736,36,0,0,36,36,76,143,1,144
11,2736,81,0,0,9,9,304,352,9,361
11,2736,96,0,0,12,12,228,605,16,621
11,2736,384,0,0,12,12,228,253,32,285
11,2736,576,0,0,9,9,304,297,64,361
11,2736,1440,0,0,12,12,228,121,240,361
11,2736,1824,0,0,6,6,456,121,608,729
11,2736,1944,0,0,12,12,228,275,162,437
11,2736,2048,0,0,8,8,342,473,256,729
11,2736,2736,0,0,9,9,304,121,608,729
11,2736,2736,0,0,114,114,24,121,48,169
11,2740,10,0,0,10,10,274,528,1,529
11,2744,784,0,0,98,98,28,55,8,63
11,2750,50,0,0,25,25,110,121,4,125
11,2752,736,0,0,4,4,688,891,184,1075
11,2754,81,0,0,27,27,102,286,3,289
11,2754,432,0,0,27,27,102,121,32,153
11,2760,10,0,0,10,10,276,528,1,529
11,2760,12,0,0,12,12,230,319,1,320
11,2760,54,0,0,6,6,460,616,9,625
11,2760,160,0,0,20,20,138,605,16,621
11,2760,230,0,0,46,46,60,88,5,93
11,2760,483,0,0,69,69,40,121,14,135
11,2760,621,0,0,69,69,40,55,9,64
11,2760,2760,0,0,115,115,24,121,48,169
11,2772,18,0,0,9,9,308,341,2,343
11,2772,234,0,0,18,18,154,176,13,189
11,2772,432,0,0,18,18,154,121,48,169
11,2772,792,0,0,99,99,28,55,8,63
11,2784,12,0,0,3,3,928,957,4,961
11,2784,72,0,0,8,8,348,616,9,625
11,2784,240,0,0,48,48,58,319,5,324
11,2784,243,0,0,3,3,928,880,81,961
11,2784,1024,0,0,8,8,348,1331,384,1715
11,2784,2784,0,0,3,3,928,33,928,961
11,2784,2784,0,0,12,12,232,11,232,243
11,2784,2784,0,0,116,116,24,121,48,169
11,2788,82,0,0,41,41,68,121,4,125
11,2788,2788,0,0,41,41,68,275,68,343
11,2790,15,0,0,15,15,186,1023,1,1024
11,2790,62,0,0,31,31,90,121,4,125
11,2790,729,0,0,9,9,310,880,81,961
11,2790,1125,0,0,9,9,310,1859,125,1984
11,2790,1260,0,0,5,5,558,121,504,625
11,2790,1521,0,0,9,9,310,792,169,961
11,2790,2511,0,0,31,31,90,44,81,125
11,2796,2796,0,0,6,6,466,121,932,1053
11,2800,28,0,0,4,4,700,825,7,832
11,2800,28,0,0,4,4,700,1331,21,1352
11,2800,28,0,0,28,28,100,374,1,375
11,2800,36,0,0,4,4,700,2695,9,2704
11,2800,36,0,0,4,4,700,3575,9,3584
11,2800,50,0,0,10,10,280,891,5,896
11,2800,70,0,0,10,10,280,2585,7,2592
11,2800,160,0,0,40,40,70,77,4,81
11,2800,256,0,0,4,4,700,847,128,975
11,2800,256,0,0,4,4,700,1573,128,1701
11,2800,490,0,0,10,10,280,275,49,324
11,2800,490,0,0,10,10,280,891,49,940
11,2800,490,0,0,10,10,280,1551,49,1600
11,2800,490,0,0,70,70,40,121,14,135
11,2800,512,0,0,4,4,700,1331,384,1715
11,2800,630,0,0,70,70,40,55,9,64
11,2800,700,0,0,28,28,100,264,25,289
11,2800,700,0,0,28,28,100,704,25,729
11,2800,800,0,0,100,100,28,55,8,63
11,2800,1280,0,0,10,10,280,1331,384,1715
11,2800,1920,0,0,40,40,70,77,48,125
11,2800,2500,0,0,4,4,700,143,625,768
11,2800,2500,0,0,4,4,700,2079,625,2704
11,2800,2800,0,0,4,4,700,121,1400,1521
11,2800,2800,0,0,40,40,70,11,70,81
11,2808,36,0,0,36,36,78,99,1,100
11,2808,36,0,0,36,36,78,143,1,144
11,2808,324,0,0,12,12,234,649,27,676
11,2808,432,0,0,18,18,156,121,48,169
11,2808,900,0,0,36,36,78,704,25,729
11,2808,1458,0,0,18,18,156,88,81,169
11,2808,2352,0,0,3,3,936,737,784,1521
11,2808,2808,0,0,117,117,24,121,48,169
11,2812,37,0,0,37,37,76,143,1,144
11,2816,64,0,0,32,32,88,121,4,125
11,2816,2816,0,0,11,11,256,473,256,729
11,2820,15,0,0,3,3,940,1408,5,1413
11,2820,235,0,0,47,47,60,88,5,93
11,2820,705,0,0,15,15,188,209,47,256
11,2822,2822,0,0,17,17,166,77,166,243
11,2828,808,0,0,101,101,28,55,8,63
11,2832,192,0,0,4,4,708,1331,144,1475
11,2832,2832,0,0,118,118,24,121,48,169
11,2838,176,0,0,11,11,258,1859,16,1875
11,2838,237,0,0,3,3,946,2673,79,2752
11,2838,297,0,0,11,11,258,473,27,500
11,2840,497,0,0,71,71,40,121,14,135
11,2840,639,0,0,71,71,40,55,9,64
11,2840,1520,0,0,5,5,568,121,608,729
11,2840,1805,0,0,5,5,568,264,361,625
11,2840,1805,0,0,5,5,568,704,361,1065
11,2842,245,0,0,49,49,58,319,5,324
11,2844,237,0,0,3,3,948,3971,79,4050
11,2844,375,0,0,3,3,948,3971,125,4096
11,2844,474,0,0,3,3,948,1331,474,1805
11,2844,1536,0,0,6,6,474,297,256,553
11,2844,1536,0,0,6,6,474,3773,256,4029
11,2844,1734,0,0,6,6,474,264,289,553
11,2844,1734,0,0,6,6,474,2112,289,2401
11,2848,1296,0,0,16,16,178,275,81,356
11,2850,45,0,0,5,5,570,836,9,845
11,2850,171,0,0,19,19,150,352,9,361
11,2850,240,0,0,15,15,190,209,16,225
11,2850,375,0,0,3,3,950,3971,125,4096
11,2850,375,0,0,15,15,190,704,25,729
11,2850,969,0,0,3,3,950,3773,323,4096
11,2850,1216,0,0,19,19,150,297,64,361
11,2850,1805,0,0,5,5,570,264,361,625
11,2850,2080,0,0,5,5,570,209,416,625
11,2850,2625,0,0,3,3,950,5984,875,6859
11,2856,84,0,0,28,28,102,286,3,289
11,2856,84,0,0,42,42,68,121,4,125
11,2856,85,0,0,17,17,168,187,5,192
11,2856,85,0,0,17,17,168,352,5,357
11,2856,85,0,0,17,17,168,539,5,544
11,2856,85,0,0,17,17,168,891,5,896
11,2856,108,0,0,12,12,238,616,9,625
11,2856,175,0,0,7,7,408,704,25,729
11,2856,216,0,0,4,4,714,1969,54,2023
11,2856,238,0,0,17,17,168,275,14,289
11,2856,425,0,0,17,17,168,231,25,256
11,2856,425,0,0,17,17,168,264,25,289
11,2856,425,0,0,17,17,168,704,25,729
11,2856,448,0,0,28,28,102,121,32,153
11,2856,459,0,0,17,17,168,121,54,175
11,2856,768,0,0,12,12,238,561,64,625
11,2856,816,0,0,102,102,28,55,8,63
11,2856,833,0,0,17,17,168,176,49,225
11,2856,833,0,0,17,17,168,275,49,324
11,2856,833,0,0,17,17,168,495,49,544
11,2856,1008,0,0,12,12,238,121,168,289
11,2856,1536,0,0,12,12,238,187,128,315
11,2856,1536,0,0,12,12,238,297,128,425
11,2856,1536,0,0,12,12,238,1331,384,1715
11,2856,2023,0,0,7,7,408,440,289,729
11,2856,2295,0,0,17,17,168,154,135,289
11,2856,2856,0,0,42,42,68,275,68,343
11,2856,2856,0,0,119,119,24,121,48,169
11,2860,52,0,0,26,26,110,121,4,125
11,2862,9,0,0,9,9,318,2915,1,2916
11,2862,717,0,0,3,3,954,1331,717,2048
11,2870,164,0,0,41,41,70,77,4,81
11,2870,1968,0,0,41,41,70,77,48,125
11,2870,2870,0,0,41,41,70,11,70,81
11,2872,100,0,0,4,4,718,704,25,729
11,2872,2872,0,0,4,4,718,11,718,729
11,2880,48,0,0,3,3,960,1859,16,1875
11,2880,64,0,0,32,32,90,121,4,125
11,2880,240,0,0,48,48,60,88,5,93
11,2880,448,0,0,16,16,180,297,28,325
11,2880,504,0,0,72,72,40,121,14,135
11,2880,648,0,0,72,72,40,55,9,64
11,2880,675,0,0,3,3,960,1144,225,1369
11,2880,810,0,0,10,10,288,319,81,400
11,2880,1216,0,0,4,4,720,121,608,729
11,2880,1296,0,0,16,16,180,143,81,224
11,2880,1296,0,0,16,16,180,1144,81,1225
11,2880,1296,0,0,16,16,180,1375,81,1456
11,2880,2000,0,0,16,16,180,99,125,224
11,2880,2560,0,0,16,16,180,121,320,441
11,2880,2592,0,0,32,32,90,44,81,125
11,2880,2704,0,0,16,16,180,55,169,224
11,2880,2704,0,0,16,16,180,231,169,400
11,2880,2704,0,0,16,16,180,1056,169,1225
11,2880,2880,0,0,120,120,24,121,48,169
11,2884,824,0,0,103,103,28,55,8,63
11,2886,37,0,0,37,37,78,99,1,100
11,2886,37,0,0,37,37,78,143,1,144
11,2886,481,0,0,13,13,222,539,37,576
11,2886,925,0,0,37,37,78,704,25,729
11,2888,38,0,0,38,38,76,143,1,144
11,2898,168,0,0,21,21,138,605,16,621
11,2900,29,0,0,29,29,100,374,1,375
11,2900,250,0,0,50,50,58,319,5,324
11,2900,725,0,0,29,29,100,264,25,289
11,2900,725,0,0,29,29,100,704,25,729
11,2900,1250,0,0,10,10,290,803,125,928
11,2900,1800,0,0,5,5,580,121,720,841
11,2904,66,0,0,33,33,88,121,4,125
11,2904,756,0,0,4,4,726,1859,189,2048
11,2904,1372,0,0,4,4,726,2816,343,3159
11,2904,2904,0,0,121,121,24,121,48,169
11,2912,8,0,0,4,4,728,3575,2,3577
11,2912,8,0,0,8,8,364,671,1,672
11,2912,8,0,0,8,8,364,792,1,793
11,2912,14,0,0,14,14,208,440,1,441
11,2912,14,0,0,14,14,208,539,1,540
11,2912,14,0,0,14,14,208,1573,2,1575
11,2912,14,0,0,14,14,208,2079,1,2080
11,2912,832,0,0,104,104,28,55,8,63
11,2912,1372,0,0,14,14,208,1331,294,1625
11,2912,1400,0,0,14,14,208,143,100,243
11,2912,2450,0,0,14,14,208,176,175,351
11,2920,244,0,0,4,4,730,803,61,864
11,2920,324,0,0,4,4,730,4015,81,4096
11,2920,511,0,0,73,73,40,121,14,135
11,2920,657,0,0,73,73,40,55,9,64
11,2924,86,0,0,43,43,68,121,4,125
11,2924,2924,0,0,43,43,68,275,68,343
11,2926,247,0,0,19,19,154,176,13,189
11,2926,456,0,0,19,19,154,121,48,169
11,2926,784,0,0,7,7,418,3025,224,3249
11,2926,1474,0,0,11,11,266,209,134,343
11,2926,2401,0,0,7,7,418,132,343,475
11,2926,2401,0,0,7,7,418,297,343,640
11,2928,2928,0,0,122,122,24,121,48,169
11,2930,80,0,0,5,5,586,847,32,879
11,2934,3,0,0,3,3,978,4400,1,4401
11,2940,14,0,0,14,14,210,264,1,265
11,2940,14,0,0,14,14,210,440,1,441
11,2940,14,0,0,14,14,210,539,1,540
11,2940,14,0,0,14,14,210,1749,1,1750
11,2940,25,0,0,5,5,588,891,5,896
11,2940,80,0,0,5,5,588,3465,16,3481
11,2940,168,0,0,42,42,70,77,4,81
11,2940,245,0,0,49,49,60,88,5,93
11,2940,350,0,0,14,14,210,231,25,256
11,2940,350,0,0,14,14,210,704,25,729
11,2940,640,0,0,5,5,588,1331,384,1715
11,2940,784,0,0,14,14,210,1375,56,1431
11,2940,840,0,0,105,105,28,55,8,63
11,2940,1477,0,0,7,7,420,275,211,486
11,2940,1477,0,0,7,7,420,539,211,750
11,2940,2016,0,0,42,42,70,77,48,125
11,2940,2401,0,0,7,7,420,297,343,640
11,2940,2940,0,0,42,42,70,11,70,81
11,2952,246,0,0,6,6,492,4576,41,4617
11,2952,324,0,0,6,6,492,1573,108,1681
11,2952,1248,0,0,6,6,492,363,416,779
11,2952,2952,0,0,9,9,328,297,328,625
11,2952,2952,0,0,123,123,24,121,48,169
11,2958,87,0,0,29,29,102,286,3,289
11,2958,255,0,0,51,51,58,319,5,324
11,2958,464,0,0,29,29,102,121,32,153
11,2960,248,0,0,8,8,370,594,31,625
11,2960,496,0,0,8,8,370,605,124,729
11,2960,512,0,0,8,8,370,341,64,405
11,2960,518,0,0,74,74,40,121,14,135
11,2960,666,0,0,74,74,40,55,9,64
11,2964,38,0,0,38,38,78,99,1,100
11,2964,38,0,0,38,38,78,143,1,144
11,2964,39,0,0,39,39,76,143,1,144
11,2964,104,0,0,13,13,228,605,16,621
11,2964,416,0,0,13,13,228,253,32,285
11,2964,456,0,0,19,19,156,121,48,169
11,2964,950,0,0,38,38,78,704,25,729
11,2964,1539,0,0,19,19,156,88,81,169
11,2964,1560,0,0,13,13,228,121,240,361
11,2964,2106,0,0,13,13,228,275,162,437
11,2968,196,0,0,4,4,742,2662,147,2809
11,2968,848,0,0,106,106,28,55,8,63
11,2970,54,0,0,27,27,110,121,4,125
11,2970,66,0,0,33,33,90,121,4,125
11,2970,187,0,0,11,11,270,495,17,512
11,2970,2673,0,0,33,33,90,44,81,125
11,2976,6,0,0,6,6,496,1023,1,1024
11,2976,16,0,0,16,16,186,1023,1,1024
11,2976,2976,0,0,124,124,24,121,48,169
11,2980,250,0,0,10,10,298,704,25,729
11,2982,249,0,0,3,3,994,1408,83,1491
11,2988,150,0,0,6,6,498,704,25,729
11,2988,2988,0,0,18,18,166,77,166,243
11,2990,13,0,0,13,13,230,319,1,320
11,2990,20,0,0,5,5,598,1859,4,1863
11,2990,845,0,0,5,5,598,506,169,675
11,2990,2990,0,0,5,5,598,1331,1794,3125
11,2992,8,0,0,4,4,748,1375,2,1377
11,2992,68,0,0,34,34,88,121,4,125
11,2992,88,0,0,44,44,68,121,4,125
11,2992,2992,0,0,44,44,68,275,68,343
11,2996,7,0,0,7,7,428,1375,1,1376
11,2996,856,0,0,107,107,28,55,8,63
11,3000,30,0,0,30,30,100,374,1,375
11,3000,180,0,0,20,20,150,352,9,361
11,3000,250,0,0,10,10,300,704,25,729
11,3000,250,0,0,50,50,60,88,5,93
11,3000,525,0,0,75,75,40,121,14,135
11,3000,675,0,0,75,75,40,55,9,64
11,3000,750,0,0,30,30,100,264,25,289
11,3000,750,0,0,30,30,100,704,25,729
11,3000,1280,0,0,20,20,150,297,64,361
11,3000,3000,0,0,125,125,24,121,48,169
11,3008,752,0,0,16,16,188,209,47,256
11,3010,7,0,0,7,7,430,1375,1,1376
11,3010,172,0,0,43,43,70,77,4,81
11,3010,175,0,0,7,7,430,704,25,729
11,3010,1792,0,0,7,7,430,473,256,729
11,3010,2064,0,0,43,43,70,77,48,125
11,3010,3010,0,0,43,43,70,11,70,81
11,3014,11,0,0,11,11,274,528,1,529
11,3016,260,0,0,52,52,58,319,5,324
11,3016,3016,0,0,13,13,232,11,232,243
11,3024,32,0,0,8,8,378,847,8,855
11,3024,90,0,0,18,18,168,187,5,192
11,3024,90,0,0,18,18,168,352,5,357
11,3024,90,0,0,18,18,168,539,5,544
11,3024,90,0,0,18,18,168,891,5,896
11,3024,252,0,0,18,18,168,275,14,289
11,3024,450,0,0,18,18,168,231,25,256
11,3024,450,0,0,18,18,168,264,25,289
11,3024,450,0,0,18,18,168,704,25,729
11,3024,486,0,0,18,18,168,121,54,175
11,3024,864,0,0,108,108,28,55,8,63
11,3024,882,0,0,18,18,168,176,49,225
11,3024,882,0,0,18,18,168,275,49,324
11,3024,882,0,0,18,18,168,495,49,544
11,3024,1280,0,0,8,8,378,121,320,441
11,3024,1368,0,0,8,8,378,704,171,875
11,3024,2430,0,0,18,18,168,154,135,289
11,3024,3024,0,0,126,126,24,121,48,169
11,3026,1377,0,0,17,17,178,275,81,356
11,3036,11,0,0,11,11,276,528,1,529
11,3036,176,0,0,22,22,138,605,16,621
11,3040,40,0,0,40,40,76,143,1,144
11,3040,90,0,0,10,10,304,352,9,361
11,3040,256,0,0,16,16,190,209,16,225
11,3040,400,0,0,16,16,190,704,25,729
11,3040,532,0,0,76,76,40,121,14,135
11,3040,640,0,0,10,10,304,297,64,361
11,3040,684,0,0,76,76,40,55,9,64
11,3040,3040,0,0,10,10,304,121,608,729
11,3042,39,0,0,39,39,78,99,1,100
11,3042,39,0,0,39,39,78,143,1,144
11,3042,351,0,0,13,13,234,649,27,676
11,3042,975,0,0,39,39,78,704,25,729
11,3048,12,0,0,6,6,508,1375,2,1377
11,3048,288,0,0,6,6,508,1397,48,1445
11,3048,486,0,0,6,6,508,935,81,1016
11,3048,750,0,0,6,6,508,891,125,1016
11,3048,816,0,0,6,6,508,363,272,635
11,3048,3048,0,0,127,127,24,121,48,169
11,3050,1080,0,0,5,5,610,605,432,1037
11,3050,2720,0,0,5,5,610,671,544,1215
11,3052,872,0,0,109,109,28,55,8,63
11,3060,9,0,0,9,9,340,374,1,375
11,3060,68,0,0,34,34,90,121,4,125
11,3060,90,0,0,30,30,102,286,3,289
11,3060,90,0,0,45,45,68,121,4,125
11,3060,255,0,0,51,51,60,88,5,93
11,3060,476,0,0,17,17,180,297,28,325
11,3060,480,0,0,30,30,102,121,32,153
11,3060,1080,0,0,9,9,340,121,240,361
11,3060,1377,0,0,17,17,180,143,81,224
11,3060,1377,0,0,17,17,180,1144,81,1225
11,3060,1377,0,0,17,17,180,1375,81,1456
11,3060,2125,0,0,17,17,180,99,125,224
11,3060,2720,0,0,17,17,180,121,320,441
11,3060,2754,0,0,34,34,90,44,81,125
11,3060,2873,0,0,17,17,180,55,169,224
11,3060,2873,0,0,17,17,180,231,169,400
11,3060,2873,0,0,17,17,180,1056,169,1225
11,3060,3060,0,0,45,45,68,275,68,343
11,3072,3072,0,0,12,12,256,473,256,729
11,3072,3072,0,0,128,128,24,121,48,169
11,3074,265,0,0,53,53,58,319,5,324
11,3078,2304,0,0,9,9,342,473,256,729
11,3080,20,0,0,10,10,308,341,2,343
11,3080,55,0,0,11,11,280,891,5,896
11,3080,56,0,0,28,28,110,121,4,125
11,3080,70,0,0,35,35,88,121,4,125
11,3080,77,0,0,11,11,280,2585,7,2592
11,3080,176,0,0,44,44,70,77,4,81
11,3080,260,0,0,20,20,154,176,13,189
11,3080,480,0,0,20,20,154,121,48,169
11,3080,539,0,0,11,11,280,275,49,324
11,3080,539,0,0,11,11,280,891,49,940
11,3080,539,0,0,11,11,280,1551,49,1600
11,3080,539,0,0,77,77,40,121,14,135
11,3080,693,0,0,77,77,40,55,9,64
11,3080,880,0,0,110,110,28,55,8,63
11,3080,1408,0,0,11,11,280,1331,384,1715
11,3080,2112,0,0,44,44,70,77,48,125
11,3080,3080,0,0,44,44,70,11,70,81
11,3088,16,0,0,4,4,772,5203,8,5211
11,3090,405,0,0,5,5,618,880,81,961
11,3094,117,0,0,13,13,238,616,9,625
11,3094,832,0,0,13,13,238,561,64,625
11,3094,1092,0,0,13,13,238,121,168,289
11,3094,1183,0,0,7,7,442,121,338,459
11,3094,1183,0,0,7,7,442,407,169,576
11,3094,1664,0,0,13,13,238,187,128,315
11,3094,1664,0,0,13,13,238,297,128,425
11,3094,1664,0,0,13,13,238,1331,384,1715
11,3096,6,0,0,6,6,516,1848,1,1849
11,3096,192,0,0,12,12,258,1859,16,1875
11,3096,324,0,0,12,12,258,473,27,500
11,3096,2646,0,0,6,6,516,1408,441,1849
11,3096,3096,0,0,129,129,24,121,48,169
11,3100,31,0,0,31,31,100,374,1,375
11,3100,775,0,0,31,31,100,264,25,289
11,3100,775,0,0,31,31,100,704,25,729
11,3100,810,0,0,10,10,310,880,81,961
11,3100,1250,0,0,10,10,310,1859,125,1984
11,3100,1690,0,0,10,10,310,792,169,961
11,3104,128,0,0,8,8,388,1859,16,1875
11,3104,200,0,0,8,8,388,704,25,729
11,3108,518,0,0,14,14,222,539,37,576
11,3108,888,0,0,111,111,28,55,8,63
11,3112,3112,0,0,4,4,778,275,778,1053
11,3116,41,0,0,41,41,76,143,1,144
11,3120,4,0,0,4,4,780,935,1,936
11,3120,4,0,0,4,4,780,2024,1,2025
11,3120,4,0,0,4,4,780,4224,1,4225
11,3120,15,0,0,15,15,208,440,1,441
11,3120,15,0,0,15,15,208,539,1,540
11,3120,15,0,0,15,15,208,1573,2,1575
11,3120,15,0,0,15,15,208,2079,1,2080
11,3120,40,0,0,8,8,390,891,5,896
11,3120,40,0,0,40,40,78,99,1,100
11,3120,40,0,0,40,40,78,143,1,144
11,3120,56,0,0,8,8,390,825,7,832
11,3120,56,0,0,8,8,390,1331,21,1352
11,3120,96,0,0,6,6,520,825,16,841
11,3120,96,0,0,6,6,520,1859,16,1875
11,3120,128,0,0,8,8,390,605,32,637
11,3120,128,0,0,8,8,390,1859,16,1875
11,3120,150,0,0,6,6,520,704,25,729
11,3120,180,0,0,4,4,780,2783,90,2873
11,3120,260,0,0,4,4,780,2057,130,2187
11,3120,260,0,0,52,52,60,88,5,93
11,3120,480,0,0,20,20,156,121,48,169
11,3120,546,0,0,78,78,40,121,14,135
11,3120,702,0,0,78,78,40,55,9,64
11,3120,832,0,0,4,4,780,1331,624,1955
11,3120,1000,0,0,40,40,78,704,25,729
11,3120,1024,0,0,8,8,390,1331,384,1715
11,3120,1104,0,0,4,4,780,1573,552,2125
11,3120,1470,0,0,15,15,208,1331,294,1625
11,3120,1500,0,0,15,15,208,143,100,243
11,3120,1620,0,0,20,20,156,88,81,169
11,3120,2116,0,0,4,4,780,495,529,1024
11,3120,2116,0,0,4,4,780,1496,529,2025
11,3120,2116,0,0,4,4,780,1815,1058,2873
11,3120,2262,0,0,6,6,520,352,377,729
11,3120,2625,0,0,15,15,208,176,175,351
11,3120,3120,0,0,130,130,24,121,48,169
11,3128,92,0,0,46,46,68,121,4,125
11,3128,3128,0,0,46,46,68,275,68,343
11,3132,81,0,0,9,9,348,616,9,625
11,3132,270,0,0,54,54,58,319,5,324
11,3132,1152,0,0,9,9,348,1331,384,1715
11,3136,896,0,0,112,112,28,55,8,63
11,3136,1764,0,0,7,7,448,121,504,625
11,3140,5,0,0,5,5,628,1727,1,1728
11,3140,125,0,0,5,5,628,704,25,729
11,3140,125,0,0,5,5,628,2376,25,2401
11,3140,1280,0,0,5,5,628,363,512,875
11,3144,3144,0,0,131,131,24,121,48,169
11,3150,15,0,0,15,15,210,264,1,265
11,3150,15,0,0,15,15,210,440,1,441
11,3150,15,0,0,15,15,210,539,1,540
11,3150,15,0,0,15,15,210,1749,1,1750
11,3150,25,0,0,5,5,630,891,5,896
11,3150,70,0,0,35,35,90,121,4,125
11,3150,125,0,0,5,5,630,704,25,729
11,3150,125,0,0,5,5,630,2376,25,2401
11,3150,135,0,0,5,5,630,869,27,896
11,3150,180,0,0,45,45,70,77,4,81
11,3150,189,0,0,21,21,150,352,9,361
11,3150,375,0,0,15,15,210,231,25,256
11,3150,375,0,0,15,15,210,704,25,729
11,3150,840,0,0,15,15,210,1375,56,1431
11,3150,1280,0,0,5,5,630,363,512,875
11,3150,1280,0,0,5,5,630,869,256,1125
11,3150,1344,0,0,21,21,150,297,64,361
11,3150,2160,0,0,45,45,70,77,48,125
11,3150,2765,0,0,5,5,630,176,553,729
11,3150,2835,0,0,35,35,90,44,81,125
11,3150,3150,0,0,45,45,70,11,70,81
11,3154,3154,0,0,19,19,166,77,166,243
11,3160,553,0,0,79,79,40,121,14,135
11,3160,711,0,0,79,79,40,55,9,64
11,3162,17,0,0,17,17,186,1023,1,1024
11,3162,93,0,0,31,31,102,286,3,289
11,3162,496,0,0,31,31,102,121,32,153
11,3164,904,0,0,113,113,28,55,8,63
11,3168,72,0,0,36,36,88,121,4,125
11,3168,891,0,0,11,11,288,319,81,400
11,3168,3168,0,0,132,132,24,121,48,169
11,3174,184,0,0,23,23,138,605,16,621
11,3180,10,0,0,10,10,318,2915,1,2916
11,3180,265,0,0,53,53,60,88,5,93
11,3180,750,0,0,6,6,530,3971,125,4096
11,3190,58,0,0,29,29,110,121,4,125
11,3190,275,0,0,55,55,58,319,5,324
11,3190,1375,0,0,11,11,290,803,125,928
11,3192,42,0,0,42,42,76,143,1,144
11,3192,76,0,0,4,4,798,1925,19,1944
11,3192,76,0,0,4,4,798,2816,19,2835
11,3192,95,0,0,19,19,168,187,5,192
11,3192,95,0,0,19,19,168,352,5,357
11,3192,95,0,0,19,19,168,539,5,544
11,3192,95,0,0,19,19,168,891,5,896
11,3192,112,0,0,14,14,228,605,16,621
11,3192,252,0,0,4,4,798,1331,189,1520
11,3192,266,0,0,19,19,168,275,14,289
11,3192,448,0,0,14,14,228,253,32,285
11,3192,475,0,0,19,19,168,231,25,256
11,3192,475,0,0,19,19,168,264,25,289
11,3192,475,0,0,19,19,168,704,25,729
11,3192,513,0,0,19,19,168,121,54,175
11,3192,684,0,0,4,4,798,704,171,875
11,3192,684,0,0,4,4,798,6655,513,7168
11,3192,912,0,0,114,114,28,55,8,63
11,3192,931,0,0,19,19,168,176,49,225
11,3192,931,0,0,19,19,168,275,49,324
11,3192,931,0,0,19,19,168,495,49,544
11,3192,1608,0,0,12,12,266,209,134,343
11,3192,1680,0,0,14,14,228,121,240,361
11,3192,2128,0,0,7,7,456,121,608,729
11,3192,2268,0,0,14,14,228,275,162,437
11,3192,2565,0,0,19,19,168,154,135,289
11,3192,3192,0,0,133,133,24,121,48,169
11,3196,94,0,0,47,47,68,121,4,125
11,3196,799,0,0,17,17,188,209,47,256
11,3196,3196,0,0,47,47,68,275,68,343
11,3198,41,0,0,41,41,78,99,1,100
11,3198,41,0,0,41,41,78,143,1,144
11,3198,1025,0,0,41,41,78,704,25,729
11,3200,10,0,0,5,5,640,2673,2,2675
11,3200,32,0,0,32,32,100,374,1,375
11,3200,560,0,0,80,80,40,121,14,135
11,3200,720,0,0,80,80,40,55,9,64
11,3200,800,0,0,32,32,100,264,25,289
11,3200,800,0,0,32,32,100,704,25,729
11,3204,1458,0,0,18,18,178,275,81,356
11,3216,4,0,0,4,4,804,1023,1,1024
11,3216,268,0,0,4,4,804,2816,67,2883
11,3216,3216,0,0,134,134,24,121,48,169
11,3220,14,0,0,14,14,230,319,1,320
11,3220,63,0,0,7,7,460,616,9,625
11,3220,184,0,0,46,46,70,77,4,81
11,3220,920,0,0,115,115,28,55,8,63
11,3220,2208,0,0,46,46,70,77,48,125
11,3220,3220,0,0,46,46,70,11,70,81
11,3230,272,0,0,17,17,190,209,16,225
11,3230,425,0,0,17,17,190,704,25,729
11,3234,273,0,0,21,21,154,176,13,189
11,3234,504,0,0,21,21,154,121,48,169
11,3240,5,0,0,5,5,648,4224,1,4225
11,3240,28,0,0,4,4,810,7040,7,7047
11,3240,72,0,0,36,36,90,121,4,125
11,3240,150,0,0,6,6,540,704,25,729
11,3240,204,0,0,12,12,270,495,17,512
11,3240,270,0,0,54,54,60,88,5,93
11,3240,504,0,0,18,18,180,297,28,325
11,3240,512,0,0,4,4,810,1331,384,1715
11,3240,567,0,0,81,81,40,121,14,135
11,3240,729,0,0,81,81,40,55,9,64
11,3240,864,0,0,6,6,540,2981,144,3125
11,3240,1458,0,0,18,18,180,143,81,224
11,3240,1458,0,0,18,18,180,1144,81,1225
11,3240,1458,0,0,18,18,180,1375,81,1456
11,3240,2250,0,0,18,18,180,99,125,224
11,3240,2880,0,0,18,18,180,121,320,441
11,3240,2916,0,0,36,36,90,44,81,125
11,3240,3042,0,0,18,18,180,55,169,224
11,3240,3042,0,0,18,18,180,231,169,400
11,3240,3042,0,0,18,18,180,1056,169,1225
11,3240,3240,0,0,135,135,24,121,48,169
11,3248,280,0,0,56,56,58,319,5,324
11,3248,928,0,0,116,116,28,55,8,63
11,3248,3248,0,0,14,14,232,11,232,243
11,3256,74,0,0,37,37,88,121,4,125
11,3262,3262,0,0,7,7,466,121,932,1053
11,3264,42,0,0,6,6,544,1331,21,1352
11,3264,96,0,0,32,32,102,286,3,289
11,3264,96,0,0,48,48,68,121,4,125
11,3264,200,0,0,8,8,408,704,25,729
11,3264,512,0,0,32,32,102,121,32,153
11,3264,2312,0,0,8,8,408,440,289,729
11,3264,3264,0,0,48,48,68,275,68,343
11,3264,3264,0,0,136,136,24,121,48,169
11,3268,43,0,0,43,43,76,143,1,144
11,3276,9,0,0,9,9,364,671,1,672
11,3276,9,0,0,9,9,364,792,1,793
11,3276,42,0,0,6,6,546,1331,21,1352
11,3276,42,0,0,42,42,78,99,1,100
11,3276,42,0,0,42,42,78,143,1,144
11,3276,378,0,0,14,14,234,649,27,676
11,3276,384,0,0,6,6,546,1573,128,1701
11,3276,504,0,0,21,21,156,121,48,169
11,3276,936,0,0,117,117,28,55,8,63
11,3276,1050,0,0,42,42,78,704,25,729
11,3276,1701,0,0,21,21,156,88,81,169
11,3278,275,0,0,11,11,298,704,25,729
11,3280,574,0,0,82,82,40,121,14,135
11,3280,738,0,0,82,82,40,55,9,64
11,3280,3200,0,0,4,4,820,4961,1600,6561
11,3280,3280,0,0,10,10,328,297,328,625
11,3288,12,0,0,12,12,274,528,1,529
11,3288,3288,0,0,137,137,24,121,48,169
11,3290,45,0,0,5,5,658,2200,9,2209
11,3290,188,0,0,47,47,70,77,4,81
11,3290,2256,0,0,47,47,70,77,48,125
11,3290,3125,0,0,5,5,658,1584,625,2209
11,3290,3290,0,0,47,47,70,11,70,81
11,3300,33,0,0,33,33,100,374,1,375
11,3300,60,0,0,30,30,110,121,4,125
11,3300,198,0,0,22,22,150,352,9,361
11,3300,275,0,0,11,11,300,704,25,729
11,3300,275,0,0,55,55,60,88,5,93
11,3300,825,0,0,33,33,100,264,25,289
11,3300,825,0,0,33,33,100,704,25,729
11,3300,1408,0,0,22,22,150,297,64,361
11,3304,12,0,0,4,4,826,3773,3,3776
11,3304,944,0,0,118,118,28,55,8,63
11,3306,285,0,0,57,57,58,319,5,324
11,3312,12,0,0,12,12,276,528,1,529
11,3312,192,0,0,24,24,138,605,16,621
11,3312,1024,0,0,4,4,828,5819,256,6075
11,3312,3312,0,0,138,138,24,121,48,169
11,3318,1792,0,0,7,7,474,297,256,553
11,3318,1792,0,0,7,7,474,3773,256,4029
11,3318,2023,0,0,7,7,474,264,289,553
11,3318,2023,0,0,7,7,474,2112,289,2401
11,3320,581,0,0,83,83,40,121,14,135
11,3320,747,0,0,83,83,40,55,9,64
11,3320,3320,0,0,20,20,166,77,166,243
11,3328,16,0,0,16,16,208,440,1,441
11,3328,16,0,0,16,16,208,539,1,540
11,3328,16,0,0,16,16,208,1573,2,1575
11,3328,16,0,0,16,16,208,2079,1,2080
11,3328,1568,0,0,16,16,208,1331,294,1625
11,3328,1600,0,0,16,16,208,143,100,243
11,3328,2800,0,0,16,16,208,176,175,351
11,3328,3328,0,0,13,13,256,473,256,729
11,3330,74,0,0,37,37,90,121,4,125
11,3330,279,0,0,9,9,370,594,31,625
11,3330,555,0,0,15,15,222,539,37,576
11,3330,558,0,0,9,9,370,605,124,729
11,3330,576,0,0,9,9,370,341,64,405
11,3330,2997,0,0,37,37,90,44,81,125
11,3332,98,0,0,49,49,68,121,4,125
11,3332,126,0,0,14,14,238,616,9,625
11,3332,896,0,0,14,14,238,561,64,625
11,3332,952,0,0,119,119,28,55,8,63
11,3332,1176,0,0,14,14,238,121,168,289
11,3332,1792,0,0,14,14,238,187,128,315
11,3332,1792,0,0,14,14,238,297,128,425
11,3332,1792,0,0,14,14,238,1331,384,1715
11,3332,3332,0,0,49,49,68,275,68,343
11,3336,3336,0,0,139,139,24,121,48,169
11,3344,44,0,0,44,44,76,143,1,144
11,3344,76,0,0,38,38,88,121,4,125
11,3344,99,0,0,11,11,304,352,9,361
11,3344,704,0,0,11,11,304,297,64,361
11,3344,896,0,0,8,8,418,3025,224,3249
11,3344,2744,0,0,8,8,418,132,343,475
11,3344,2744,0,0,8,8,418,297,343,640
11,3344,3344,0,0,11,11,304,121,608,729
11,3348,18,0,0,18,18,186,1023,1,1024
11,3348,1512,0,0,6,6,558,121,504,625
11,3350,160,0,0,5,5,670,1375,32,1407
11,3350,335,0,0,5,5,670,3773,67,3840
11,3350,1215,0,0,5,5,670,737,243,980
11,3350,3350,0,0,5,5,670,847,1340,2187
11,3354,43,0,0,43,43,78,99,1,100
11,3354,43,0,0,43,43,78,143,1,144
11,3354,208,0,0,13,13,258,1859,16,1875
11,3354,351,0,0,13,13,258,473,27,500
11,3354,1075,0,0,43,43,78,704,25,729
11,3360,16,0,0,16,16,210,264,1,265
11,3360,16,0,0,16,16,210,440,1,441
11,3360,16,0,0,16,16,210,539,1,540
11,3360,16,0,0,16,16,210,1749,1,1750
11,3360,60,0,0,12,12,280,891,5,896
11,3360,84,0,0,12,12,280,2585,7,2592
11,3360,100,0,0,20,20,168,187,5,192
11,3360,100,0,0,20,20,168,352,5,357
11,3360,100,0,0,20,20,168,539,5,544
11,3360,100,0,0,20,20,168,891,5,896
11,3360,192,0,0,48,48,70,77,4,81
11,3360,280,0,0,20,20,168,275,14,289
11,3360,280,0,0,56,56,60,88,5,93
11,3360,400,0,0,16,16,210,231,25,256
11,3360,400,0,0,16,16,210,704,25,729
11,3360,500,0,0,20,20,168,231,25,256
11,3360,500,0,0,20,20,168,264,25,289
11,3360,500,0,0,20,20,168,704,25,729
11,3360,540,0,0,20,20,168,121,54,175
11,3360,588,0,0,12,12,280,275,49,324
11,3360,588,0,0,12,12,280,891,49,940
11,3360,588,0,0,12,12,280,1551,49,1600
11,3360,588,0,0,84,84,40,121,14,135
11,3360,756,0,0,84,84,40,55,9,64
11,3360,896,0,0,16,16,210,1375,56,1431
11,3360,960,0,0,120,120,28,55,8,63
11,3360,980,0,0,20,20,168,176,49,225
11,3360,980,0,0,20,20,168,275,49,324
11,3360,980,0,0,20,20,168,495,49,544
11,3360,1536,0,0,12,12,280,1331,384,1715
11,3360,1688,0,0,8,8,420,275,211,486
11,3360,1688,0,0,8,8,420,539,211,750
11,3360,2304,0,0,48,48,70,77,48,125
11,3360,2700,0,0,20,20,168,154,135,289
11,3360,2744,0,0,8,8,420,297,343,640
11,3360,3360,0,0,48,48,70,11,70,81
11,3364,290,0,0,58,58,58,319,5,324
11,3366,99,0,0,33,33,102,286,3,289
11,3366,528,0,0,33,33,102,121,32,153
11,3382,1539,0,0,19,19,178,275,81,356
11,3384,846,0,0,18,18,188,209,47,256
11,3388,22,0,0,11,11,308,341,2,343
11,3388,286,0,0,22,22,154,176,13,189
11,3388,528,0,0,22,22,154,121,48,169
11,3388,968,0,0,121,121,28,55,8,63
11,3390,45,0,0,5,5,678,2816,9,2825
11,3400,10,0,0,10,10,340,374,1,375
11,3400,34,0,0,34,34,100,374,1,375
11,3400,64,0,0,4,4,850,3179,16,3195
11,3400,100,0,0,50,50,68,121,4,125
11,3400,284,0,0,4,4,850,5049,71,5120
11,3400,595,0,0,85,85,40,121,14,135
11,3400,765,0,0,85,85,40,55,9,64
11,3400,850,0,0,34,34,100,264,25,289
11,3400,850,0,0,34,34,100,704,25,729
11,3400,1156,0,0,4,4,850,4752,289,5041
11,3400,1200,0,0,10,10,340,121,240,361
11,3400,3400,0,0,50,50,68,275,68,343
11,3402,36,0,0,9,9,378,847,8,855
11,3402,1440,0,0,9,9,378,121,320,441
11,3402,1539,0,0,9,9,378,704,171,875
11,3408,284,0,0,4,4,852,2673,71,2744
11,3408,1824,0,0,6,6,568,121,608,729
11,3408,2166,0,0,6,6,568,264,361,625
11,3408,2166,0,0,6,6,568,704,361,1065
11,3410,62,0,0,31,31,110,121,4,125
11,3410,891,0,0,11,11,310,880,81,961
11,3410,1375,0,0,11,11,310,1859,125,1984
11,3410,1859,0,0,11,11,310,792,169,961
11,3416,976,0,0,122,122,28,55,8,63
11,3420,45,0,0,45,45,76,143,1,144
11,3420,54,0,0,6,6,570,836,9,845
11,3420,76,0,0,38,38,90,121,4,125
11,3420,120,0,0,15,15,228,605,16,621
11,3420,285,0,0,57,57,60,88,5,93
11,3420,288,0,0,18,18,190,209,16,225
11,3420,450,0,0,18,18,190,704,25,729
11,3420,480,0,0,15,15,228,253,32,285
11,3420,532,0,0,19,19,180,297,28,325
11,3420,1539,0,0,19,19,180,143,81,224
11,3420,1539,0,0,19,19,180,1144,81,1225
11,3420,1539,0,0,19,19,180,1375,81,1456
11,3420,1800,0,0,15,15,228,121,240,361
11,3420,2166,0,0,6,6,570,264,361,625
11,3420,2375,0,0,19,19,180,99,125,224
11,3420,2430,0,0,15,15,228,275,162,437
11,3420,2496,0,0,6,6,570,209,416,625
11,3420,2560,0,0,10,10,342,473,256,729
11,3420,3040,0,0,19,19,180,121,320,441
11,3420,3078,0,0,38,38,90,44,81,125
11,3420,3211,0,0,19,19,180,55,169,224
11,3420,3211,0,0,19,19,180,231,169,400
11,3420,3211,0,0,19,19,180,1056,169,1225
11,3422,295,0,0,59,59,58,319,5,324
11,3424,8,0,0,8,8,428,1375,1,1376
11,3430,196,0,0,49,49,70,77,4,81
11,3430,2352,0,0,49,49,70,77,48,125
11,3430,3430,0,0,49,49,70,11,70,81
11,3432,44,0,0,44,44,78,99,1,100
11,3432,44,0,0,44,44,78,143,1,144
11,3432,78,0,0,39,39,88,121,4,125
11,3432,528,0,0,22,22,156,121,48,169
11,3432,1100,0,0,44,44,78,704,25,729
11,3432,1782,0,0,22,22,156,88,81,169
11,3440,8,0,0,8,8,430,1375,1,1376
11,3440,200,0,0,8,8,430,704,25,729
11,3440,602,0,0,86,86,40,121,14,135
11,3440,774,0,0,86,86,40,55,9,64
11,3440,920,0,0,5,5,688,891,184,1075
11,3440,2048,0,0,8,8,430,473,256,729
11,3444,287,0,0,7,7,492,4576,41,4617
11,3444,378,0,0,7,7,492,1573,108,1681
11,3444,984,0,0,123,123,28,55,8,63
11,3444,1456,0,0,7,7,492,363,416,779
11,3450,15,0,0,15,15,230,319,1,320
11,3450,200,0,0,25,25,138,605,16,621
11,3450,207,0,0,23,23,150,352,9,361
11,3450,1472,0,0,23,23,150,297,64,361
11,3456,972,0,0,12,12,288,319,81,400
11,3458,1742,0,0,13,13,266,209,134,343
11,3468,102,0,0,34,34,102,286,3,289
11,3468,102,0,0,51,51,68,121,4,125
11,3468,544,0,0,34,34,102,121,32,153
11,3468,3468,0,0,51,51,68,275,68,343
11,3472,4,0,0,4,4,868,1023,1,1024
11,3472,4,0,0,4,4,868,8525,1,8526
11,3472,7,0,0,7,7,496,1023,1,1024
11,3472,224,0,0,4,4,868,3069,56,3125
11,3472,348,0,0,4,4,868,1705,87,1792
11,3472,576,0,0,4,4,868,1375,144,1519
11,3472,700,0,0,4,4,868,1331,525,1856
11,3472,972,0,0,4,4,868,1276,243,1519
11,3472,992,0,0,124,124,28,55,8,63
11,3472,2592,0,0,4,4,868,3509,1296,4805
11,3480,4,0,0,4,4,870,1199,1,1200
11,3480,90,0,0,10,10,348,616,9,625
11,3480,290,0,0,58,58,60,88,5,93
11,3480,300,0,0,60,60,58,319,5,324
11,3480,609,0,0,87,87,40,121,14,135
11,3480,783,0,0,87,87,40,55,9,64
11,3480,1280,0,0,10,10,348,1331,384,1715
11,3480,1500,0,0,12,12,290,803,125,928
11,3480,2160,0,0,6,6,580,121,720,841
11,3480,3480,0,0,15,15,232,11,232,243
11,3486,175,0,0,7,7,498,704,25,729
11,3486,3486,0,0,21,21,166,77,166,243
11,3492,144,0,0,9,9,388,1859,16,1875
11,3492,225,0,0,9,9,388,704,25,729
11,3496,46,0,0,46,46,76,143,1,144
11,3498,11,0,0,11,11,318,2915,1,2916
11,3500,35,0,0,5,5,700,825,7,832
11,3500,35,0,0,5,5,700,1331,21,1352
11,3500,35,0,0,35,35,100,374,1,375
11,3500,45,0,0,5,5,700,2695,9,2704
11,3500,45,0,0,5,5,700,3575,9,3584
11,3500,200,0,0,50,50,70,77,4,81
11,3500,320,0,0,5,5,700,847,128,975
11,3500,320,0,0,5,5,700,1573,128,1701
11,3500,640,0,0,5,5,700,1331,384,1715
11,3500,875,0,0,35,35,100,264,25,289
11,3500,875,0,0,35,35,100,704,25,729
11,3500,1000,0,0,125,125,28,55,8,63
11,3500,2400,0,0,50,50,70,77,48,125
11,3500,3125,0,0,5,5,700,143,625,768
11,3500,3125,0,0,5,5,700,2079,625,2704
11,3500,3500,0,0,5,5,700,121,1400,1521
11,3500,3500,0,0,50,50,70,11,70,81
11,3510,45,0,0,9,9,390,891,5,896
11,3510,45,0,0,45,45,78,99,1,100
11,3510,45,0,0,45,45,78,143,1,144
11,3510,63,0,0,9,9,390,825,7,832
11,3510,63,0,0,9,9,390,1331,21,1352
11,3510,78,0,0,39,39,90,121,4,125
11,3510,144,0,0,9,9,390,605,32,637
11,3510,144,0,0,9,9,390,1859,16,1875
11,3510,221,0,0,13,13,270,495,17,512
11,3510,405,0,0,15,15,234,649,27,676
11,3510,1125,0,0,45,45,78,704,25,729
11,3510,1152,0,0,9,9,390,1331,384,1715
11,3510,3159,0,0,39,39,90,44,81,125
11,3516,96,0,0,6,6,586,847,32,879
11,3520,64,0,0,32,32,110,121,4,125
11,3520,80,0,0,40,40,88,121,4,125
11,3520,616,0,0,88,88,40,121,14,135
11,3520,792,0,0,88,88,40,55,9,64
11,3528,30,0,0,6,6,588,891,5,896
11,3528,96,0,0,6,6,588,3465,16,3481
11,3528,105,0,0,21,21,168,187,5,192
11,3528,105,0,0,21,21,168,352,5,357
11,3528,105,0,0,21,21,168,539,5,544
11,3528,105,0,0,21,21,168,891,5,896
11,3528,294,0,0,21,21,168,275,14,289
11,3528,525,0,0,21,21,168,231,25,256
11,3528,525,0,0,21,21,168,264,25,289
11,3528,525,0,0,21,21,168,704,25,729
11,3528,567,0,0,21,21,168,121,54,175
11,3528,676,0,0,4,4,882,3927,169,4096
11,3528,676,0,0,4,4,882,5324,507,5831
11,3528,756,0,0,4,4,882,1859,189,2048
11,3528,768,0,0,6,6,588,1331,384,1715
11,3528,1008,0,0,126,126,28,55,8,63
11,3528,1029,0,0,21,21,168,176,49,225
11,3528,1029,0,0,21,21,168,275,49,324
11,3528,1029,0,0,21,21,168,495,49,544
11,3528,1372,0,0,4,4,882,2816,343,3159
11,3528,2835,0,0,21,21,168,154,135,289
11,3534,19,0,0,19,19,186,1023,1,1024
11,3536,17,0,0,17,17,208,440,1,441
11,3536,17,0,0,17,17,208,539,1,540
11,3536,17,0,0,17,17,208,1573,2,1575
11,3536,17,0,0,17,17,208,2079,1,2080
11,3536,104,0,0,52,52,68,121,4,125
11,3536,1352,0,0,8,8,442,121,338,459
11,3536,1352,0,0,8,8,442,407,169,576
11,3536,1666,0,0,17,17,208,1331,294,1625
11,3536,1700,0,0,17,17,208,143,100,243
11,3536,2975,0,0,17,17,208,176,175,351
11,3536,3536,0,0,52,52,68,275,68,343
11,3538,305,0,0,61,61,58,319,5,324
11,3540,240,0,0,5,5,708,1331,144,1475
11,3540,295,0,0,59,59,60,88,5,93
11,3542,299,0,0,23,23,154,176,13,189
11,3542,552,0,0,23,23,154,121,48,169
11,3552,592,0,0,16,16,222,539,37,576
11,3556,14,0,0,7,7,508,1375,2,1377
11,3556,336,0,0,7,7,508,1397,48,1445
11,3556,567,0,0,7,7,508,935,81,1016
11,3556,875,0,0,7,7,508,891,125,1016
11,3556,952,0,0,7,7,508,363,272,635
11,3556,1016,0,0,127,127,28,55,8,63
11,3560,623,0,0,89,89,40,121,14,135
11,3560,801,0,0,89,89,40,55,9,64
11,3560,1620,0,0,20,20,178,275,81,356
11,3562,13,0,0,13,13,274,528,1,529
11,3570,17,0,0,17,17,210,264,1,265
11,3570,17,0,0,17,17,210,440,1,441
11,3570,17,0,0,17,17,210,539,1,540
11,3570,17,0,0,17,17,210,1749,1,1750
11,3570,105,0,0,35,35,102,286,3,289
11,3570,135,0,0,15,15,238,616,9,625
11,3570,204,0,0,51,51,70,77,4,81
11,3570,270,0,0,5,5,714,1969,54,2023
11,3570,425,0,0,17,17,210,231,25,256
11,3570,425,0,0,17,17,210,704,25,729
11,3570,560,0,0,35,35,102,121,32,153
11,3570,952,0,0,17,17,210,1375,56,1431
11,3570,960,0,0,15,15,238,561,64,625
11,3570,1260,0,0,15,15,238,121,168,289
11,3570,1920,0,0,15,15,238,187,128,315
11,3570,1920,0,0,15,15,238,297,128,425
11,3570,1920,0,0,15,15,238,1331,384,1715
11,3570,2448,0,0,51,51,70,77,48,125
11,3570,3570,0,0,51,51,70,11,70,81
11,3572,47,0,0,47,47,76,143,1,144
11,3572,893,0,0,19,19,188,209,47,256
11,3576,300,0,0,12,12,298,704,25,729
11,3584,1024,0,0,128,128,28,55,8,63
11,3584,2016,0,0,8,8,448,121,504,625
11,3584,3584,0,0,14,14,256,473,256,729
11,3588,13,0,0,13,13,276,528,1,529
11,3588,24,0,0,6,6,598,1859,4,1863
11,3588,46,0,0,46,46,78,99,1,100
11,3588,46,0,0,46,46,78,143,1,144
11,3588,208,0,0,26,26,138,605,16,621
11,3588,552,0,0,23,23,156,121,48,169
11,3588,1014,0,0,6,6,598,506,169,675
11,3588,1150,0,0,46,46,78,704,25,729
11,3588,1863,0,0,23,23,156,88,81,169
11,3588,3588,0,0,6,6,598,1331,1794,3125
11,3590,125,0,0,5,5,718,704,25,729
11,3590,3590,0,0,5,5,718,11,718,729
11,3596,310,0,0,62,62,58,319,5,324
11,3600,36,0,0,36,36,100,374,1,375
11,3600,80,0,0,40,40,90,121,4,125
11,3600,216,0,0,24,24,150,352,9,361
11,3600,300,0,0,12,12,300,704,25,729
11,3600,300,0,0,60,60,60,88,5,93
11,3600,560,0,0,20,20,180,297,28,325
11,3600,630,0,0,90,90,40,121,14,135
11,3600,810,0,0,90,90,40,55,9,64
11,3600,900,0,0,36,36,100,264,25,289
11,3600,900,0,0,36,36,100,704,25,729
11,3600,1520,0,0,5,5,720,121,608,729
11,3600,1536,0,0,24,24,150,297,64,361
11,3600,1620,0,0,20,20,180,143,81,224
11,3600,1620,0,0,20,20,180,1144,81,1225
11,3600,1620,0,0,20,20,180,1375,81,1456
11,3600,2500,0,0,4,4,900,1056,625,1681
11,3600,2500,0,0,20,20,180,99,125,224
11,3600,3200,0,0,20,20,180,121,320,441
11,3600,3240,0,0,40,40,90,44,81,125
11,3600,3380,0,0,20,20,180,55,169,224
11,3600,3380,0,0,20,20,180,231,169,400
11,3600,3380,0,0,20,20,180,1056,169,1225
11,3604,106,0,0,53,53,68,121,4,125
11,3604,3604,0,0,53,53,68,275,68,343
11,3608,82,0,0,41,41,88,121,4,125
11,3608,3608,0,0,11,11,328,297,328,625
11,3610,304,0,0,19,19,190,209,16,225
11,3610,475,0,0,19,19,190,704,25,729
11,3612,7,0,0,7,7,516,1848,1,1849
11,3612,224,0,0,14,14,258,1859,16,1875
11,3612,378,0,0,14,14,258,473,27,500
11,3612,1032,0,0,129,129,28,55,8,63
11,3612,3087,0,0,7,7,516,1408,441,1849
11,3630,66,0,0,33,33,110,121,4,125
11,3630,945,0,0,5,5,726,1859,189,2048
11,3630,1715,0,0,5,5,726,2816,343,3159
11,3632,32,0,0,4,4,908,1573,16,1589
11,3632,3632,0,0,4,4,908,275,908,1183
11,3640,10,0,0,5,5,728,3575,2,3577
11,3640,10,0,0,10,10,364,671,1,672
11,3640,10,0,0,10,10,364,792,1,793
11,3640,32,0,0,4,4,910,1045,8,1053
11,3640,32,0,0,4,4,910,1617,8,1625
11,3640,65,0,0,13,13,280,891,5,896
11,3640,76,0,0,4,4,910,1925,19,1944
11,3640,76,0,0,4,4,910,2816,19,2835
11,3640,91,0,0,13,13,280,2585,7,2592
11,3640,112,0,0,7,7,520,825,16,841
11,3640,112,0,0,7,7,520,1859,16,1875
11,3640,175,0,0,7,7,520,704,25,729
11,3640,208,0,0,4,4,910,2475,52,2527
11,3640,208,0,0,52,52,70,77,4,81
11,3640,252,0,0,4,4,910,1331,189,1520
11,3640,392,0,0,4,4,910,1331,294,1625
11,3640,637,0,0,13,13,280,275,49,324
11,3640,637,0,0,13,13,280,891,49,940
11,3640,637,0,0,13,13,280,1551,49,1600
11,3640,637,0,0,91,91,40,121,14,135
11,3640,648,0,0,4,4,910,1463,162,1625
11,3640,819,0,0,91,91,40,55,9,64
11,3640,1040,0,0,130,130,28,55,8,63
11,3640,1664,0,0,13,13,280,1331,384,1715
11,3640,2100,0,0,4,4,910,1672,525,2197
11,3640,2496,0,0,52,52,70,77,48,125
11,3640,2548,0,0,4,4,910,3971,637,4608
11,3640,2639,0,0,7,7,520,352,377,729
11,3640,3640,0,0,52,52,70,11,70,81
11,3648,48,0,0,48,48,76,143,1,144
11,3648,108,0,0,12,12,304,352,9,361
11,3648,128,0,0,16,16,228,605,16,621
11,3648,512,0,0,16,16,228,253,32,285
11,3648,768,0,0,12,12,304,297,64,361
11,3648,1920,0,0,16,16,228,121,240,361
11,3648,2432,0,0,8,8,456,121,608,729
11,3648,2592,0,0,16,16,228,275,162,437
11,3648,3648,0,0,12,12,304,121,608,729
11,3650,305,0,0,5,5,730,803,61,864
11,3650,405,0,0,5,5,730,4015,81,4096
11,3652,3652,0,0,22,22,166,77,166,243
11,3654,315,0,0,63,63,58,319,5,324
11,3660,305,0,0,61,61,60,88,5,93
11,3660,1296,0,0,6,6,610,605,432,1037
11,3660,3264,0,0,6,6,610,671,544,1215
11,3666,47,0,0,47,47,78,99,1,100
11,3666,47,0,0,47,47,78,143,1,144
11,3666,1175,0,0,47,47,78,704,25,729
11,3668,1048,0,0,131,131,28,55,8,63
11,3672,108,0,0,36,36,102,286,3,289
11,3672,108,0,0,54,54,68,121,4,125
11,3672,225,0,0,9,9,408,704,25,729
11,3672,576,0,0,36,36,102,121,32,153
11,3672,2601,0,0,9,9,408,440,289,729
11,3672,3672,0,0,54,54,68,275,68,343
11,3680,16,0,0,16,16,230,319,1,320
11,3680,72,0,0,8,8,460,616,9,625
11,3680,644,0,0,92,92,40,121,14,135
11,3680,828,0,0,92,92,40,55,9,64
11,3690,82,0,0,41,41,90,121,4,125
11,3690,3321,0,0,41,41,90,44,81,125
11,3696,24,0,0,12,12,308,341,2,343
11,3696,84,0,0,42,42,88,121,4,125
11,3696,110,0,0,22,22,168,187,5,192
11,3696,110,0,0,22,22,168,352,5,357
11,3696,110,0,0,22,22,168,539,5,544
11,3696,110,0,0,22,22,168,891,5,896
11,3696,308,0,0,22,22,168,275,14,289
11,3696,312,0,0,24,24,154,176,13,189
11,3696,550,0,0,22,22,168,231,25,256
11,3696,550,0,0,22,22,168,264,25,289
11,3696,550,0,0,22,22,168,704,25,729
11,3696,576,0,0,24,24,154,121,48,169
11,3696,594,0,0,22,22,168,121,54,175
11,3696,1056,0,0,132,132,28,55,8,63
11,3696,1078,0,0,22,22,168,176,49,225
11,3696,1078,0,0,22,22,168,275,49,324
11,3696,1078,0,0,22,22,168,495,49,544
11,3696,2970,0,0,22,22,168,154,135,289
11,3700,37,0,0,37,37,100,374,1,375
11,3700,310,0,0,10,10,370,594,31,625
11,3700,620,0,0,10,10,370,605,124,729
11,3700,640,0,0,10,10,370,341,64,405
11,3700,925,0,0,37,37,100,264,25,289
11,3700,925,0,0,37,37,100,704,25,729
11,3708,486,0,0,6,6,618,880,81,961
11,3710,212,0,0,53,53,70,77,4,81
11,3710,245,0,0,5,5,742,2662,147,2809
11,3710,875,0,0,7,7,530,3971,125,4096
11,3710,2544,0,0,53,53,70,77,48,125
11,3710,3710,0,0,53,53,70,11,70,81
11,3712,16,0,0,4,4,928,957,4,961
11,3712,320,0,0,64,64,58,319,5,324
11,3712,324,0,0,4,4,928,880,81,961
11,3712,3712,0,0,4,4,928,33,928,961
11,3712,3712,0,0,16,16,232,11,232,243
11,3720,20,0,0,20,20,186,1023,1,1024
11,3720,310,0,0,62,62,60,88,5,93
11,3720,651,0,0,93,93,40,121,14,135
11,3720,837,0,0,93,93,40,55,9,64
11,3720,972,0,0,12,12,310,880,81,961
11,3720,1500,0,0,12,12,310,1859,125,1984
11,3720,2028,0,0,12,12,310,792,169,961
11,3724,49,0,0,49,49,76,143,1,144
11,3724,1064,0,0,133,133,28,55,8,63
11,3724,1876,0,0,14,14,266,209,134,343
11,3726,216,0,0,27,27,138,605,16,621
11,3728,3728,0,0,8,8,466,121,932,1053
11,3738,1701,0,0,21,21,178,275,81,356
11,3740,10,0,0,5,5,748,1375,2,1377
11,3740,11,0,0,11,11,340,374,1,375
11,3740,68,0,0,34,34,110,121,4,125
11,3740,110,0,0,55,55,68,121,4,125
11,3740,1320,0,0,11,11,340,121,240,361
11,3740,3740,0,0,55,55,68,275,68,343
11,3744,18,0,0,18,18,208,440,1,441
11,3744,18,0,0,18,18,208,539,1,540
11,3744,18,0,0,18,18,208,1573,2,1575
11,3744,18,0,0,18,18,208,2079,1,2080
11,3744,48,0,0,48,48,78,99,1,100
11,3744,48,0,0,48,48,78,143,1,144
11,3744,432,0,0,16,16,234,649,27,676
11,3744,576,0,0,24,24,156,121,48,169
11,3744,1053,0,0,13,13,288,319,81,400
11,3744,1200,0,0,48,48,78,704,25,729
11,3744,1764,0,0,18,18,208,1331,294,1625
11,3744,1800,0,0,18,18,208,143,100,243
11,3744,1944,0,0,24,24,156,88,81,169
11,3744,3136,0,0,4,4,936,737,784,1521
11,3744,3150,0,0,18,18,208,176,175,351
11,3750,225,0,0,25,25,150,352,9,361
11,3750,1600,0,0,25,25,150,297,64,361
11,3752,1072,0,0,134,134,28,55,8,63
11,3760,20,0,0,4,4,940,1408,5,1413
11,3760,658,0,0,94,94,40,121,14,135
11,3760,846,0,0,94,94,40,55,9,64
11,3760,940,0,0,20,20,188,209,47,256
11,3762,1008,0,0,9,9,418,3025,224,3249
11,3762,2816,0,0,11,11,342,473,256,729
11,3762,3087,0,0,9,9,418,132,343,475
11,3762,3087,0,0,9,9,418,297,343,640
11,3768,6,0,0,6,6,628,1727,1,1728
11,3768,150,0,0,6,6,628,704,25,729
11,3768,150,0,0,6,6,628,2376,25,2401
11,3768,1536,0,0,6,6,628,363,512,875
11,3770,325,0,0,65,65,58,319,5,324
11,3770,1625,0,0,13,13,290,803,125,928
11,3774,111,0,0,37,37,102,286,3,289
11,3774,592,0,0,37,37,102,121,32,153
11,3774,629,0,0,17,17,222,539,37,576
11,3780,18,0,0,18,18,210,264,1,265
11,3780,18,0,0,18,18,210,440,1,441
11,3780,18,0,0,18,18,210,539,1,540
11,3780,18,0,0,18,18,210,1749,1,1750
11,3780,30,0,0,6,6,630,891,5,896
11,3780,40,0,0,10,10,378,847,8,855
11,3780,84,0,0,42,42,90,121,4,125
11,3780,150,0,0,6,6,630,704,25,729
11,3780,150,0,0,6,6,630,2376,25,2401
11,3780,162,0,0,6,6,630,869,27,896
11,3780,175,0,0,7,7,540,704,25,729
11,3780,216,0,0,54,54,70,77,4,81
11,3780,238,0,0,14,14,270,495,17,512
11,3780,315,0,0,63,63,60,88,5,93
11,3780,450,0,0,18,18,210,231,25,256
11,3780,450,0,0,18,18,210,704,25,729
11,3780,588,0,0,21,21,180,297,28,325
11,3780,1008,0,0,7,7,540,2981,144,3125
11,3780,1008,0,0,18,18,210,1375,56,1431
11,3780,1080,0,0,135,135,28,55,8,63
11,3780,1536,0,0,6,6,630,363,512,875
11,3780,1536,0,0,6,6,630,869,256,1125
11,3780,1600,0,0,10,10,378,121,320,441
11,3780,1701,0,0,21,21,180,143,81,224
11,3780,1701,0,0,21,21,180,1144,81,1225
11,3780,1701,0,0,21,21,180,1375,81,1456
11,3780,1710,0,0,10,10,378,704,171,875
11,3780,1899,0,0,9,9,420,275,211,486
11,3780,1899,0,0,9,9,420,539,211,750
11,3780,2592,0,0,54,54,70,77,48,125
11,3780,2625,0,0,21,21,180,99,125,224
11,3780,3087,0,0,9,9,420,297,343,640
11,3780,3318,0,0,6,6,630,176,553,729
11,3780,3360,0,0,21,21,180,121,320,441
11,3780,3402,0,0,42,42,90,44,81,125
11,3780,3549,0,0,21,21,180,55,169,224
11,3780,3549,0,0,21,21,180,231,169,400
11,3780,3549,0,0,21,21,180,1056,169,1225
11,3780,3780,0,0,54,54,70,11,70,81
11,3784,86,0,0,43,43,88,121,4,125
11,3784,316,0,0,4,4,946,2673,79,2752
11,3792,316,0,0,4,4,948,3971,79,4050
11,3792,500,0,0,4,4,948,3971,125,4096
11,3792,632,0,0,4,4,948,1331,474,1805
11,3792,2048,0,0,8,8,474,297,256,553
11,3792,2048,0,0,8,8,474,3773,256,4029
11,3792,2312,0,0,8,8,474,264,289,553
11,3792,2312,0,0,8,8,474,2112,289,2401
11,3800,38,0,0,38,38,100,374,1,375
11,3800,50,0,0,50,50,76,143,1,144
11,3800,320,0,0,20,20,190,209,16,225
11,3800,500,0,0,4,4,950,3971,125,4096
11,3800,500,0,0,20,20,190,704,25,729
11,3800,665,0,0,95,95,40,121,14,135
11,3800,855,0,0,95,95,40,55,9,64
11,3800,950,0,0,38,38,100,264,25,289
11,3800,950,0,0,38,38,100,704,25,729
11,3800,1292,0,0,4,4,950,3773,323,4096
11,3800,3500,0,0,4,4,950,5984,875,6859
11,3808,49,0,0,7,7,544,1331,21,1352
11,3808,112,0,0,56,56,68,121,4,125
11,3808,144,0,0,16,16,238,616,9,625
11,3808,1024,0,0,16,16,238,561,64,625
11,3808,1088,0,0,136,136,28,55,8,63
11,3808,1344,0,0,16,16,238,121,168,289
11,3808,2048,0,0,16,16,238,187,128,315
11,3808,2048,0,0,16,16,238,297,128,425
11,3808,2048,0,0,16,16,238,1331,384,1715
11,3808,3808,0,0,56,56,68,275,68,343
11,3816,12,0,0,12,12,318,2915,1,2916
11,3816,956,0,0,4,4,954,1331,717,2048
11,3818,3818,0,0,23,23,166,77,166,243
11,3822,49,0,0,7,7,546,1331,21,1352
11,3822,49,0,0,49,49,78,99,1,100
11,3822,49,0,0,49,49,78,143,1,144
11,3822,448,0,0,7,7,546,1573,128,1701
11,3822,1225,0,0,49,49,78,704,25,729
11,3828,99,0,0,11,11,348,616,9,625
11,3828,330,0,0,66,66,58,319,5,324
11,3828,1408,0,0,11,11,348,1331,384,1715
11,3836,14,0,0,14,14,274,528,1,529
11,3836,1096,0,0,137,137,28,55,8,63
11,3840,12,0,0,6,6,640,2673,2,2675
11,3840,64,0,0,4,4,960,1859,16,1875
11,3840,320,0,0,64,64,60,88,5,93
11,3840,672,0,0,96,96,40,121,14,135
11,3840,864,0,0,96,96,40,55,9,64
11,3840,900,0,0,4,4,960,1144,225,1369
11,3840,3840,0,0,15,15,256,473,256,729
11,3850,70,0,0,35,35,110,121,4,125
11,3850,220,0,0,55,55,70,77,4,81
11,3850,325,0,0,25,25,154,176,13,189
11,3850,600,0,0,25,25,154,121,48,169
11,3850,2640,0,0,55,55,70,77,48,125
11,3850,3850,0,0,55,55,70,11,70,81
11,3852,9,0,0,9,9,428,1375,1,1376
11,3860,20,0,0,5,5,772,5203,8,5211
11,3864,14,0,0,14,14,276,528,1,529
11,3864,115,0,0,23,23,168,187,5,192
11,3864,115,0,0,23,23,168,352,5,357
11,3864,115,0,0,23,23,168,539,5,544
11,3864,115,0,0,23,23,168,891,5,896
11,3864,224,0,0,28,28,138,605,16,621
11,3864,322,0,0,23,23,168,275,14,289
11,3864,575,0,0,23,23,168,231,25,256
11,3864,575,0,0,23,23,168,264,25,289
11,3864,575,0,0,23,23,168,704,25,729
11,3864,621,0,0,23,23,168,121,54,175
11,3864,1104,0,0,138,138,28,55,8,63
11,3864,1127,0,0,23,23,168,176,49,225
11,3864,1127,0,0,23,23,168,275,49,324
11,3864,1127,0,0,23,23,168,495,49,544
11,3864,3105,0,0,23,23,168,154,135,289
11,3870,9,0,0,9,9,430,1375,1,1376
11,3870,86,0,0,43,43,90,121,4,125
11,3870,225,0,0,9,9,430,704,25,729
11,3870,240,0,0,15,15,258,1859,16,1875
11,3870,405,0,0,15,15,258,473,27,500
11,3870,2304,0,0,9,9,430,473,256,729
11,3870,3483,0,0,43,43,90,44,81,125
11,3872,88,0,0,44,44,88,121,4,125
11,3874,325,0,0,13,13,298,704,25,729
11,3876,51,0,0,51,51,76,143,1,144
11,3876,114,0,0,38,38,102,286,3,289
11,3876,114,0,0,57,57,68,121,4,125
11,3876,136,0,0,17,17,228,605,16,621
11,3876,544,0,0,17,17,228,253,32,285
11,3876,608,0,0,38,38,102,121,32,153
11,3876,2040,0,0,17,17,228,121,240,361
11,3876,2754,0,0,17,17,228,275,162,437
11,3876,3876,0,0,57,57,68,275,68,343
11,3880,160,0,0,10,10,388,1859,16,1875
11,3880,250,0,0,10,10,388,704,25,729
11,3880,679,0,0,97,97,40,121,14,135
11,3880,873,0,0,97,97,40,55,9,64
11,3886,335,0,0,67,67,58,319,5,324
11,3888,6,0,0,6,6,648,4224,1,4225
11,3890,3890,0,0,5,5,778,275,778,1053
11,3892,1112,0,0,139,139,28,55,8,63
11,3900,5,0,0,5,5,780,935,1,936
11,3900,5,0,0,5,5,780,2024,1,2025
11,3900,5,0,0,5,5,780,4224,1,4225
11,3900,39,0,0,39,39,100,374,1,375
11,3900,50,0,0,10,10,390,891,5,896
11,3900,50,0,0,50,50,78,99,1,100
11,3900,50,0,0,50,50,78,143,1,144
11,3900,70,0,0,10,10,390,825,7,832
11,3900,70,0,0,10,10,390,1331,21,1352
11,3900,160,0,0,10,10,390,605,32,637
11,3900,160,0,0,10,10,390,1859,16,1875
11,3900,225,0,0,5,5,780,2783,90,2873
11,3900,234,0,0,26,26,150,352,9,361
11,3900,325,0,0,5,5,780,2057,130,2187
11,3900,325,0,0,13,13,300,704,25,729
11,3900,325,0,0,65,65,60,88,5,93
11,3900,600,0,0,25,25,156,121,48,169
11,3900,975,0,0,39,39,100,264,25,289
11,3900,975,0,0,39,39,100,704,25,729
11,3900,1040,0,0,5,5,780,1331,624,1955
11,3900,1250,0,0,50,50,78,704,25,729
11,3900,1280,0,0,10,10,390,1331,384,1715
11,3900,1380,0,0,5,5,780,1573,552,2125
11,3900,1664,0,0,26,26,150,297,64,361
11,3900,2025,0,0,25,25,156,88,81,169
11,3900,2645,0,0,5,5,780,495,529,1024
11,3900,2645,0,0,5,5,780,1496,529,2025
11,3900,2645,0,0,5,5,780,1815,1058,2873
11,3906,21,0,0,21,21,186,1023,1,1024
11,3906,1764,0,0,7,7,558,121,504,625
11,3910,17,0,0,17,17,230,319,1,320
11,3912,4,0,0,4,4,978,4400,1,4401
11,3916,1782,0,0,22,22,178,275,81,356
11,3920,70,0,0,14,14,280,891,5,896
11,3920,98,0,0,14,14,280,2585,7,2592
11,3920,224,0,0,56,56,70,77,4,81
11,3920,686,0,0,14,14,280,275,49,324
11,3920,686,0,0,14,14,280,891,49,940
11,3920,686,0,0,14,14,280,1551,49,1600
11,3920,686,0,0,98,98,40,121,14,135
11,3920,882,0,0,98,98,40,55,9,64
11,3920,1792,0,0,14,14,280,1331,384,1715
11,3920,2688,0,0,56,56,70,77,48,125
11,3920,3920,0,0,56,56,70,11,70,81
11,3936,328,0,0,8,8,492,4576,41,4617
11,3936,432,0,0,8,8,492,1573,108,1681
11,3936,1664,0,0,8,8,492,363,416,779
11,3936,3936,0,0,12,12,328,297,328,625
11,3944,116,0,0,58,58,68,121,4,125
11,3944,340,0,0,68,68,58,319,5,324
11,3944,3944,0,0,17,17,232,11,232,243
11,3944,3944,0,0,58,58,68,275,68,343
11,3948,54,0,0,6,6,658,2200,9,2209
11,3948,987,0,0,21,21,188,209,47,256
11,3948,3750,0,0,6,6,658,1584,625,2209
11,3952,19,0,0,19,19,208,440,1,441
11,3952,19,0,0,19,19,208,539,1,540
11,3952,19,0,0,19,19,208,1573,2,1575
11,3952,19,0,0,19,19,208,2079,1,2080
11,3952,52,0,0,52,52,76,143,1,144
11,3952,117,0,0,13,13,304,352,9,361
11,3952,832,0,0,13,13,304,297,64,361
11,3952,1862,0,0,19,19,208,1331,294,1625
11,3952,1900,0,0,19,19,208,143,100,243
11,3952,3325,0,0,19,19,208,176,175,351
11,3952,3952,0,0,13,13,304,121,608,729
11,3960,72,0,0,36,36,110,121,4,125
11,3960,88,0,0,44,44,90,121,4,125
11,3960,90,0,0,45,45,88,121,4,125
11,3960,330,0,0,66,66,60,88,5,93
11,3960,616,0,0,22,22,180,297,28,325
11,3960,693,0,0,99,99,40,121,14,135
11,3960,891,0,0,99,99,40,55,9,64
11,3960,1782,0,0,22,22,180,143,81,224
11,3960,1782,0,0,22,22,180,1144,81,1225
11,3960,1782,0,0,22,22,180,1375,81,1456
11,3960,2750,0,0,22,22,180,99,125,224
11,3960,3520,0,0,22,22,180,121,320,441
11,3960,3564,0,0,44,44,90,44,81,125
11,3960,3718,0,0,22,22,180,55,169,224
11,3960,3718,0,0,22,22,180,231,169,400
11,3960,3718,0,0,22,22,180,1056,169,1225
11,3968,8,0,0,8,8,496,1023,1,1024
11,3976,332,0,0,4,4,994,1408,83,1491
11,3976,2128,0,0,7,7,568,121,608,729
11,3976,2527,0,0,7,7,568,264,361,625
11,3976,2527,0,0,7,7,568,704,361,1065
11,3978,51,0,0,51,51,78,99,1,100
11,3978,51,0,0,51,51,78,143,1,144
11,3978,117,0,0,39,39,102,286,3,289
11,3978,459,0,0,17,17,234,649,27,676
11,3978,624,0,0,39,39,102,121,32,153
11,3978,1275,0,0,51,51,78,704,25,729
11,3978,1521,0,0,9,9,442,121,338,459
11,3978,1521,0,0,9,9,442,407,169,576
11,3984,200,0,0,8,8,498,704,25,729
11,3984,3984,0,0,24,24,166,77,166,243
11,3990,19,0,0,19,19,210,264,1,265
11,3990,19,0,0,19,19,210,440,1,441
11,3990,19,0,0,19,19,210,539,1,540
11,3990,19,0,0,19,19,210,1749,1,1750
11,3990,63,0,0,7,7,570,836,9,845
11,3990,95,0,0,5,5,798,1925,19,1944
11,3990,95,0,0,5,5,798,2816,19,2835
11,3990,228,0,0,57,57,70,77,4,81
11,3990,315,0,0,5,5,798,1331,189,1520
11,3990,336,0,0,21,21,190,209,16,225
11,3990,475,0,0,19,19,210,231,25,256
11,3990,475,0,0,19,19,210,704,25,729
11,3990,525,0,0,21,21,190,704,25,729
11,3990,855,0,0,5,5,798,704,171,875
11,3990,855,0,0,5,5,798,6655,513,7168
11,3990,1064,0,0,19,19,210,1375,56,1431
11,3990,2010,0,0,15,15,266,209,134,343
11,3990,2527,0,0,7,7,570,264,361,625
11,3990,2736,0,0,57,57,70,77,48,125
11,3990,2912,0,0,7,7,570,209,416,625
11,3990,3990,0,0,57,57,70,11,70,81
11,3996,666,0,0,18,18,222,539,37,576
11,4000,40,0,0,40,40,100,374,1,375
11,4000,700,0,0,100,100,40,121,14,135
11,4000,900,0,0,100,100,40,55,9,64
11,4000,1000,0,0,40,40,100,264,25,289
11,4000,1000,0,0,40,40,100,704,25,729
11,4002,232,0,0,29,29,138,605,16,621
11,4002,345,0,0,69,69,58,319,5,324
11,4004,11,0,0,11,11,364,671,1,672
11,4004,11,0,0,11,11,364,792,1,793
11,4004,26,0,0,13,13,308,341,2,343
11,4004,338,0,0,26,26,154,176,13,189
11,4004,624,0,0,26,26,154,121,48,169
11,4012,118,0,0,59,59,68,121,4,125
11,4012,4012,0,0,59,59,68,275,68,343
11,4020,5,0,0,5,5,804,1023,1,1024
11,4020,192,0,0,6,6,670,1375,32,1407
11,4020,335,0,0,5,5,804,2816,67,2883
11,4020,335,0,0,67,67,60,88,5,93
11,4020,402,0,0,6,6,670,3773,67,3840
11,4020,1458,0,0,6,6,670,737,243,980
11,4020,4020,0,0,6,6,670,847,1340,2187
11,4028,53,0,0,53,53,76,143,1,144
11,4030,1053,0,0,13,13,310,880,81,961
11,4030,1625,0,0,13,13,310,1859,125,1984
11,4030,2197,0,0,13,13,310,792,169,961
11,4032,120,0,0,24,24,168,187,5,192
11,4032,120,0,0,24,24,168,352,5,357
11,4032,120,0,0,24,24,168,539,5,544
11,4032,120,0,0,24,24,168,891,5,896
11,4032,336,0,0,24,24,168,275,14,289
11,4032,600,0,0,24,24,168,231,25,256
11,4032,600,0,0,24,24,168,264,25,289
11,4032,600,0,0,24,24,168,704,25,729
11,4032,648,0,0,24,24,168,121,54,175
11,4032,1134,0,0,14,14,288,319,81,400
11,4032,1176,0,0,24,24,168,176,49,225
11,4032,1176,0,0,24,24,168,275,49,324
11,4032,1176,0,0,24,24,168,495,49,544
11,4032,2268,0,0,9,9,448,121,504,625
11,4032,3240,0,0,24,24,168,154,135,289
11,4040,707,0,0,101,101,40,121,14,135
11,4040,909,0,0,101,101,40,55,9,64
11,4046,153,0,0,17,17,238,616,9,625
11,4046,1088,0,0,17,17,238,561,64,625
11,4046,1428,0,0,17,17,238,121,168,289
11,4046,2176,0,0,17,17,238,187,128,315
11,4046,2176,0,0,17,17,238,297,128,425
11,4046,2176,0,0,17,17,238,1331,384,1715
11,4048,92,0,0,46,46,88,121,4,125
11,4050,35,0,0,5,5,810,7040,7,7047
11,4050,90,0,0,45,45,90,121,4,125
11,4050,243,0,0,27,27,150,352,9,361
11,4050,255,0,0,15,15,270,495,17,512
11,4050,640,0,0,5,5,810,1331,384,1715
11,4050,1728,0,0,27,27,150,297,64,361
11,4050,3645,0,0,45,45,90,44,81,125
11,4056,52,0,0,52,52,78,99,1,100
11,4056,52,0,0,52,52,78,143,1,144
11,4056,624,0,0,26,26,156,121,48,169
11,4056,1300,0,0,52,52,78,704,25,729
11,4056,2106,0,0,26,26,156,88,81,169
11,4060,232,0,0,58,58,70,77,4,81
11,4060,350,0,0,70,70,58,319,5,324
11,4060,1750,0,0,14,14,290,803,125,928
11,4060,2520,0,0,7,7,580,121,720,841
11,4060,2784,0,0,58,58,70,77,48,125
11,4060,4060,0,0,58,58,70,11,70,81
11,4064,16,0,0,8,8,508,1375,2,1377
11,4064,384,0,0,8,8,508,1397,48,1445
11,4064,648,0,0,8,8,508,935,81,1016
11,4064,1000,0,0,8,8,508,891,125,1016
11,4064,1088,0,0,8,8,508,363,272,635
11,4068,54,0,0,6,6,678,2816,9,2825
11,4070,74,0,0,37,37,110,121,4,125
11,4070,341,0,0,11,11,370,594,31,625
11,4070,682,0,0,11,11,370,605,124,729
11,4070,704,0,0,11,11,370,341,64,405
11,4080,12,0,0,12,12,340,374,1,375
11,4080,120,0,0,40,40,102,286,3,289
11,4080,120,0,0,60,60,68,121,4,125
11,4080,250,0,0,10,10,408,704,25,729
11,4080,340,0,0,68,68,60,88,5,93
11,4080,640,0,0,40,40,102,121,32,153
11,4080,714,0,0,102,102,40,121,14,135
11,4080,918,0,0,102,102,40,55,9,64
11,4080,1440,0,0,12,12,340,121,240,361
11,4080,2890,0,0,10,10,408,440,289,729
11,4080,4080,0,0,60,60,68,275,68,343
11,4092,22,0,0,22,22,186,1023,1,1024
11,4094,1863,0,0,23,23,178,275,81,356
11,4096,4096,0,0,16,16,256,473,256,729
11,4100,41,0,0,41,41,100,374,1,375
11,4100,1025,0,0,41,41,100,264,25,289
11,4100,1025,0,0,41,41,100,704,25,729
11,4100,4000,0,0,5,5,820,4961,1600,6561
11,4102,112,0,0,7,7,586,847,32,879
11,4104,54,0,0,54,54,76,143,1,144
11,4104,144,0,0,18,18,228,605,16,621
11,4104,576,0,0,18,18,228,253,32,285
11,4104,2160,0,0,18,18,228,121,240,361
11,4104,2736,0,0,9,9,456,121,608,729
11,4104,2916,0,0,18,18,228,275,162,437
11,4104,3072,0,0,12,12,342,473,256,729
11,4110,15,0,0,15,15,274,528,1,529
11,4116,35,0,0,7,7,588,891,5,896
11,4116,112,0,0,7,7,588,3465,16,3481
11,4116,896,0,0,7,7,588,1331,384,1715
11,4118,355,0,0,71,71,58,319,5,324
11,4120,721,0,0,103,103,40,121,14,135
11,4120,927,0,0,103,103,40,55,9,64
11,4128,8,0,0,8,8,516,1848,1,1849
11,4128,256,0,0,16,16,258,1859,16,1875
11,4128,432,0,0,16,16,258,473,27,500
11,4128,1104,0,0,6,6,688,891,184,1075
11,4128,3528,0,0,8,8,516,1408,441,1849
11,4130,15,0,0,5,5,826,3773,3,3776
11,4130,236,0,0,59,59,70,77,4,81
11,4130,2832,0,0,59,59,70,77,48,125
11,4130,4130,0,0,59,59,70,11,70,81
11,4134,13,0,0,13,13,318,2915,1,2916
11,4134,53,0,0,53,53,78,99,1,100
11,4134,53,0,0,53,53,78,143,1,144
11,4134,1325,0,0,53,53,78,704,25,729
11,4136,94,0,0,47,47,88,121,4,125
11,4136,1034,0,0,22,22,188,209,47,256
11,4140,15,0,0,15,15,276,528,1,529
11,4140,18,0,0,18,18,230,319,1,320
11,4140,81,0,0,9,9,460,616,9,625
11,4140,92,0,0,46,46,90,121,4,125
11,4140,240,0,0,30,30,138,605,16,621
11,4140,345,0,0,69,69,60,88,5,93
11,4140,644,0,0,23,23,180,297,28,325
11,4140,1280,0,0,5,5,828,5819,256,6075
11,4140,1863,0,0,23,23,180,143,81,224
11,4140,1863,0,0,23,23,180,1144,81,1225
11,4140,1863,0,0,23,23,180,1375,81,1456
11,4140,2875,0,0,23,23,180,99,125,224
11,4140,3680,0,0,23,23,180,121,320,441
11,4140,3726,0,0,46,46,90,44,81,125
11,4140,3887,0,0,23,23,180,55,169,224
11,4140,3887,0,0,23,23,180,231,169,400
11,4140,3887,0,0,23,23,180,1056,169,1225
11,4148,122,0,0,61,61,68,121,4,125
11,4148,4148,0,0,61,61,68,275,68,343
11,4150,4150,0,0,25,25,166,77,166,243
11,4158,44,0,0,11,11,378,847,8,855
11,4158,351,0,0,27,27,154,176,13,189
11,4158,648,0,0,27,27,154,121,48,169
11,4158,1760,0,0,11,11,378,121,320,441
11,4158,1881,0,0,11,11,378,704,171,875
11,4160,20,0,0,20,20,208,440,1,441
11,4160,20,0,0,20,20,208,539,1,540
11,4160,20,0,0,20,20,208,1573,2,1575
11,4160,20,0,0,20,20,208,2079,1,2080
11,4160,128,0,0,8,8,520,825,16,841
11,4160,128,0,0,8,8,520,1859,16,1875
11,4160,200,0,0,8,8,520,704,25,729
11,4160,728,0,0,104,104,40,121,14,135
11,4160,936,0,0,104,104,40,55,9,64
11,4160,1960,0,0,20,20,208,1331,294,1625
11,4160,2000,0,0,20,20,208,143,100,243
11,4160,3016,0,0,8,8,520,352,377,729
11,4160,3500,0,0,20,20,208,176,175,351
11,4172,350,0,0,14,14,298,704,25,729
11,4176,108,0,0,12,12,348,616,9,625
11,4176,360,0,0,72,72,58,319,5,324
11,4176,1536,0,0,12,12,348,1331,384,1715
11,4176,4176,0,0,18,18,232,11,232,243
11,4180,55,0,0,55,55,76,143,1,144
11,4180,76,0,0,38,38,110,121,4,125
11,4180,352,0,0,22,22,190,209,16,225
11,4180,550,0,0,22,22,190,704,25,729
11,4180,1120,0,0,10,10,418,3025,224,3249
11,4180,3430,0,0,10,10,418,132,343,475
11,4180,3430,0,0,10,10,418,297,343,640
11,4182,123,0,0,41,41,102,286,3,289
11,4182,656,0,0,41,41,102,121,32,153
11,4186,28,0,0,7,7,598,1859,4,1863
11,4186,1183,0,0,7,7,598,506,169,675
11,4186,4186,0,0,7,7,598,1331,1794,3125
11,4194,4194,0,0,9,9,466,121,932,1053
11,4200,20,0,0,20,20,210,264,1,265
11,4200,20,0,0,20,20,210,440,1,441
11,4200,20,0,0,20,20,210,539,1,540
11,4200,20,0,0,20,20,210,1749,1,1750
11,4200,42,0,0,6,6,700,825,7,832
11,4200,42,0,0,6,6,700,1331,21,1352
11,4200,42,0,0,42,42,100,374,1,375
11,4200,54,0,0,6,6,700,2695,9,2704
11,4200,54,0,0,6,6,700,3575,9,3584
11,4200,75,0,0,15,15,280,891,5,896
11,4200,105,0,0,15,15,280,2585,7,2592
11,4200,125,0,0,25,25,168,187,5,192
11,4200,125,0,0,25,25,168,352,5,357
11,4200,125,0,0,25,25,168,539,5,544
11,4200,125,0,0,25,25,168,891,5,896
11,4200,240,0,0,60,60,70,77,4,81
11,4200,252,0,0,28,28,150,352,9,361
11,4200,350,0,0,14,14,300,704,25,729
11,4200,350,0,0,25,25,168,275,14,289
11,4200,350,0,0,70,70,60,88,5,93
11,4200,384,0,0,6,6,700,847,128,975
11,4200,384,0,0,6,6,700,1573,128,1701
11,4200,500,0,0,20,20,210,231,25,256
11,4200,500,0,0,20,20,210,704,25,729
11,4200,625,0,0,25,25,168,231,25,256
11,4200,625,0,0,25,25,168,264,25,289
11,4200,625,0,0,25,25,168,704,25,729
11,4200,675,0,0,25,25,168,121,54,175
11,4200,735,0,0,15,15,280,275,49,324
11,4200,735,0,0,15,15,280,891,49,940
11,4200,735,0,0,15,15,280,1551,49,1600
11,4200,735,0,0,105,105,40,121,14,135
11,4200,768,0,0,6,6,700,1331,384,1715
11,4200,945,0,0,105,105,40,55,9,64
11,4200,1050,0,0,42,42,100,264,25,289
11,4200,1050,0,0,42,42,100,704,25,729
11,4200,1120,0,0,20,20,210,1375,56,1431
11,4200,1225,0,0,25,25,168,176,49,225
11,4200,1225,0,0,25,25,168,275,49,324
11,4200,1225,0,0,25,25,168,495,49,544
11,4200,1792,0,0,28,28,150,297,64,361
11,4200,1920,0,0,15,15,280,1331,384,1715
11,4200,2110,0,0,10,10,420,275,211,486
11,4200,2110,0,0,10,10,420,539,211,750
11,4200,2880,0,0,60,60,70,77,48,125
11,4200,3375,0,0,25,25,168,154,135,289
11,4200,3430,0,0,10,10,420,297,343,640
11,4200,3750,0,0,6,6,700,143,625,768
11,4200,3750,0,0,6,6,700,2079,625,2704
11,4200,4200,0,0,6,6,700,121,1400,1521
11,4200,4200,0,0,60,60,70,11,70,81
11,4212,54,0,0,54,54,78,99,1,100
11,4212,54,0,0,54,54,78,143,1,144
11,4212,486,0,0,18,18,234,649,27,676
11,4212,648,0,0,27,27,156,121,48,169
11,4212,1350,0,0,54,54,78,704,25,729
11,4212,2187,0,0,27,27,156,88,81,169
11,4216,124,0,0,62,62,68,121,4,125
11,4216,4216,0,0,62,62,68,275,68,343
11,4218,703,0,0,19,19,222,539,37,576
11,4224,96,0,0,48,48,88,121,4,125
11,4230,94,0,0,47,47,90,121,4,125
11,4230,3807,0,0,47,47,90,44,81,125
11,4234,365,0,0,73,73,58,319,5,324
11,4240,742,0,0,106,106,40,121,14,135
11,4240,954,0,0,106,106,40,55,9,64
11,4240,1000,0,0,8,8,530,3971,125,4096
11,4248,288,0,0,6,6,708,1331,144,1475
11,4250,80,0,0,5,5,850,3179,16,3195
11,4250,355,0,0,5,5,850,5049,71,5120
11,4250,1445,0,0,5,5,850,4752,289,5041
11,4256,56,0,0,56,56,76,143,1,144
11,4256,126,0,0,14,14,304,352,9,361
11,4256,896,0,0,14,14,304,297,64,361
11,4256,2144,0,0,16,16,266,209,134,343
11,4256,4256,0,0,14,14,304,121,608,729
11,4260,355,0,0,5,5,852,2673,71,2744
11,4260,355,0,0,71,71,60,88,5,93
11,4264,4264,0,0,13,13,328,297,328,625
11,4266,2304,0,0,9,9,474,297,256,553
11,4266,2304,0,0,9,9,474,3773,256,4029
11,4266,2601,0,0,9,9,474,264,289,553
11,4266,2601,0,0,9,9,474,2112,289,2401
11,4268,176,0,0,11,11,388,1859,16,1875
11,4268,275,0,0,11,11,388,704,25,729
11,4270,244,0,0,61,61,70,77,4,81
11,4270,1512,0,0,7,7,610,605,432,1037
11,4270,2928,0,0,61,61,70,77,48,125
11,4270,3808,0,0,7,7,610,671,544,1215
11,4270,4270,0,0,61,61,70,11,70,81
11,4272,1944,0,0,24,24,178,275,81,356
11,4278,23,0,0,23,23,186,1023,1,1024
11,4278,248,0,0,31,31,138,605,16,621
11,4280,10,0,0,10,10,428,1375,1,1376
11,4280,749,0,0,107,107,40,121,14,135
11,4280,963,0,0,107,107,40,55,9,64
11,4284,126,0,0,42,42,102,286,3,289
11,4284,126,0,0,63,63,68,121,4,125
11,4284,162,0,0,18,18,238,616,9,625
11,4284,324,0,0,6,6,714,1969,54,2023
11,4284,672,0,0,42,42,102,121,32,153
11,4284,1152,0,0,18,18,238,561,64,625
11,4284,1512,0,0,18,18,238,121,168,289
11,4284,2304,0,0,18,18,238,187,128,315
11,4284,2304,0,0,18,18,238,297,128,425
11,4284,2304,0,0,18,18,238,1331,384,1715
11,4284,4284,0,0,63,63,68,275,68,343
11,4290,55,0,0,11,11,390,891,5,896
11,4290,55,0,0,55,55,78,99,1,100
11,4290,55,0,0,55,55,78,143,1,144
11,4290,77,0,0,11,11,390,825,7,832
11,4290,77,0,0,11,11,390,1331,21,1352
11,4290,78,0,0,39,39,110,121,4,125
11,4290,176,0,0,11,11,390,605,32,637
11,4290,176,0,0,11,11,390,1859,16,1875
11,4290,1375,0,0,55,55,78,704,25,729
11,4290,1408,0,0,11,11,390,1331,384,1715
11,4292,370,0,0,74,74,58,319,5,324
11,4300,10,0,0,10,10,430,1375,1,1376
11,4300,43,0,0,43,43,100,374,1,375
11,4300,250,0,0,10,10,430,704,25,729
11,4300,1075,0,0,43,43,100,264,25,289
11,4300,1075,0,0,43,43,100,704,25,729
11,4300,2560,0,0,10,10,430,473,256,729
11,4308,150,0,0,6,6,718,704,25,729
11,4308,4308,0,0,6,6,718,11,718,729
11,4312,28,0,0,14,14,308,341,2,343
11,4312,98,0,0,49,49,88,121,4,125
11,4312,364,0,0,28,28,154,176,13,189
11,4312,672,0,0,28,28,154,121,48,169
11,4316,4316,0,0,26,26,166,77,166,243
11,4320,96,0,0,48,48,90,121,4,125
11,4320,200,0,0,8,8,540,704,25,729
11,4320,272,0,0,16,16,270,495,17,512
11,4320,360,0,0,72,72,60,88,5,93
11,4320,672,0,0,24,24,180,297,28,325
11,4320,756,0,0,108,108,40,121,14,135
11,4320,972,0,0,108,108,40,55,9,64
11,4320,1152,0,0,8,8,540,2981,144,3125
11,4320,1215,0,0,15,15,288,319,81,400
11,4320,1824,0,0,6,6,720,121,608,729
11,4320,1944,0,0,24,24,180,143,81,224
11,4320,1944,0,0,24,24,180,1144,81,1225
11,4320,1944,0,0,24,24,180,1375,81,1456
11,4320,3000,0,0,24,24,180,99,125,224
11,4320,3840,0,0,24,24,180,121,320,441
11,4320,3888,0,0,48,48,90,44,81,125
11,4320,4056,0,0,24,24,180,55,169,224
11,4320,4056,0,0,24,24,180,231,169,400
11,4320,4056,0,0,24,24,180,1056,169,1225
11,4324,1081,0,0,23,23,188,209,47,256
11,4326,567,0,0,7,7,618,880,81,961
11,4332,57,0,0,57,57,76,143,1,144
11,4332,152,0,0,19,19,228,605,16,621
11,4332,608,0,0,19,19,228,253,32,285
11,4332,2280,0,0,19,19,228,121,240,361
11,4332,3078,0,0,19,19,228,275,162,437
11,4340,5,0,0,5,5,868,1023,1,1024
11,4340,5,0,0,5,5,868,8525,1,8526
11,4340,248,0,0,62,62,70,77,4,81
11,4340,280,0,0,5,5,868,3069,56,3125
11,4340,435,0,0,5,5,868,1705,87,1792
11,4340,720,0,0,5,5,868,1375,144,1519
11,4340,875,0,0,5,5,868,1331,525,1856
11,4340,1134,0,0,14,14,310,880,81,961
11,4340,1215,0,0,5,5,868,1276,243,1519
11,4340,1750,0,0,14,14,310,1859,125,1984
11,4340,2366,0,0,14,14,310,792,169,961
11,4340,2976,0,0,62,62,70,77,48,125
11,4340,3240,0,0,5,5,868,3509,1296,4805
11,4340,4340,0,0,62,62,70,11,70,81
11,4350,5,0,0,5,5,870,1199,1,1200
11,4350,261,0,0,29,29,150,352,9,361
11,4350,375,0,0,75,75,58,319,5,324
11,4350,1856,0,0,29,29,150,297,64,361
11,4350,1875,0,0,15,15,290,803,125,928
11,4352,56,0,0,8,8,544,1331,21,1352
11,4352,128,0,0,64,64,68,121,4,125
11,4352,4352,0,0,17,17,256,473,256,729
11,4352,4352,0,0,64,64,68,275,68,343
11,4356,1134,0,0,6,6,726,1859,189,2048
11,4356,2058,0,0,6,6,726,2816,343,3159
11,4360,763,0,0,109,109,40,121,14,135
11,4360,981,0,0,109,109,40,55,9,64
11,4368,12,0,0,6,6,728,3575,2,3577
11,4368,12,0,0,12,12,364,671,1,672
11,4368,12,0,0,12,12,364,792,1,793
11,4368,21,0,0,21,21,208,440,1,441
11,4368,21,0,0,21,21,208,539,1,540
11,4368,21,0,0,21,21,208,1573,2,1575
11,4368,21,0,0,21,21,208,2079,1,2080
11,4368,56,0,0,8,8,546,1331,21,1352
11,4368,56,0,0,56,56,78,99,1,100
11,4368,56,0,0,56,56,78,143,1,144
11,4368,130,0,0,26,26,168,187,5,192
11,4368,130,0,0,26,26,168,352,5,357
11,4368,130,0,0,26,26,168,539,5,544
11,4368,130,0,0,26,26,168,891,5,896
11,4368,364,0,0,26,26,168,275,14,289
11,4368,512,0,0,8,8,546,1573,128,1701
11,4368,650,0,0,26,26,168,231,25,256
11,4368,650,0,0,26,26,168,264,25,289
11,4368,650,0,0,26,26,168,704,25,729
11,4368,672,0,0,28,28,156,121,48,169
11,4368,702,0,0,26,26,168,121,54,175
11,4368,1274,0,0,26,26,168,176,49,225
11,4368,1274,0,0,26,26,168,275,49,324
11,4368,1274,0,0,26,26,168,495,49,544
11,4368,1400,0,0,56,56,78,704,25,729
11,4368,2058,0,0,21,21,208,1331,294,1625
11,4368,2100,0,0,21,21,208,143,100,243
11,4368,2268,0,0,28,28,156,88,81,169
11,4368,3510,0,0,26,26,168,154,135,289
11,4368,3675,0,0,21,21,208,176,175,351
11,4370,19,0,0,19,19,230,319,1,320
11,4370,368,0,0,23,23,190,209,16,225
11,4370,575,0,0,23,23,190,704,25,729
11,4380,365,0,0,73,73,60,88,5,93
11,4380,366,0,0,6,6,730,803,61,864
11,4380,486,0,0,6,6,730,4015,81,4096
11,4384,16,0,0,16,16,274,528,1,529
11,4386,129,0,0,43,43,102,286,3,289
11,4386,272,0,0,17,17,258,1859,16,1875
11,4386,459,0,0,17,17,258,473,27,500
11,4386,688,0,0,43,43,102,121,32,153
11,4396,7,0,0,7,7,628,1727,1,1728
11,4396,175,0,0,7,7,628,704,25,729
11,4396,175,0,0,7,7,628,2376,25,2401
11,4396,1792,0,0,7,7,628,363,512,875
11,4400,44,0,0,44,44,100,374,1,375
11,4400,80,0,0,40,40,110,121,4,125
11,4400,100,0,0,50,50,88,121,4,125
11,4400,770,0,0,110,110,40,121,14,135
11,4400,990,0,0,110,110,40,55,9,64
11,4400,1100,0,0,44,44,100,264,25,289
11,4400,1100,0,0,44,44,100,704,25,729
11,4408,58,0,0,58,58,76,143,1,144
11,4408,380,0,0,76,76,58,319,5,324
11,4408,4408,0,0,19,19,232,11,232,243
11,4410,21,0,0,21,21,210,264,1,265
11,4410,21,0,0,21,21,210,440,1,441
11,4410,21,0,0,21,21,210,539,1,540
11,4410,21,0,0,21,21,210,1749,1,1750
11,4410,35,0,0,7,7,630,891,5,896
11,4410,98,0,0,49,49,90,121,4,125
11,4410,175,0,0,7,7,630,704,25,729
11,4410,175,0,0,7,7,630,2376,25,2401
11,4410,189,0,0,7,7,630,869,27,896
11,4410,252,0,0,63,63,70,77,4,81
11,4410,525,0,0,21,21,210,231,25,256
11,4410,525,0,0,21,21,210,704,25,729
11,4410,845,0,0,5,5,882,3927,169,4096
11,4410,845,0,0,5,5,882,5324,507,5831
11,4410,945,0,0,5,5,882,1859,189,2048
11,4410,1176,0,0,21,21,210,1375,56,1431
11,4410,1715,0,0,5,5,882,2816,343,3159
11,4410,1792,0,0,7,7,630,363,512,875
11,4410,1792,0,0,7,7,630,869,256,1125
11,4410,3024,0,0,63,63,70,77,48,125
11,4410,3871,0,0,7,7,630,176,553,729
11,4410,3969,0,0,49,49,90,44,81,125
11,4410,4410,0,0,63,63,70,11,70,81
11,4416,16,0,0,16,16,276,528,1,529
11,4416,256,0,0,32,32,138,605,16,621
11,4420,13,0,0,13,13,340,374,1,375
11,4420,130,0,0,65,65,68,121,4,125
11,4420,1560,0,0,13,13,340,121,240,361
11,4420,1690,0,0,10,10,442,121,338,459
11,4420,1690,0,0,10,10,442,407,169,576
11,4420,4420,0,0,65,65,68,275,68,343
11,4428,369,0,0,9,9,492,4576,41,4617
11,4428,486,0,0,9,9,492,1573,108,1681
11,4428,1872,0,0,9,9,492,363,416,779
11,4440,370,0,0,74,74,60,88,5,93
11,4440,372,0,0,12,12,370,594,31,625
11,4440,740,0,0,20,20,222,539,37,576
11,4440,744,0,0,12,12,370,605,124,729
11,4440,768,0,0,12,12,370,341,64,405
11,4440,777,0,0,111,111,40,121,14,135
11,4440,999,0,0,111,111,40,55,9,64
11,4446,57,0,0,57,57,78,99,1,100
11,4446,57,0,0,57,57,78,143,1,144
11,4446,513,0,0,19,19,234,649,27,676
11,4446,1425,0,0,57,57,78,704,25,729
11,4446,3328,0,0,13,13,342,473,256,729
11,4450,2025,0,0,25,25,178,275,81,356
11,4452,14,0,0,14,14,318,2915,1,2916
11,4452,294,0,0,6,6,742,2662,147,2809
11,4464,9,0,0,9,9,496,1023,1,1024
11,4464,24,0,0,24,24,186,1023,1,1024
11,4464,2016,0,0,8,8,558,121,504,625
11,4466,377,0,0,29,29,154,176,13,189
11,4466,385,0,0,77,77,58,319,5,324
11,4466,696,0,0,29,29,154,121,48,169
11,4470,375,0,0,15,15,298,704,25,729
11,4480,14,0,0,7,7,640,2673,2,2675
11,4480,80,0,0,16,16,280,891,5,896
11,4480,112,0,0,16,16,280,2585,7,2592
11,4480,256,0,0,64,64,70,77,4,81
11,4480,784,0,0,16,16,280,275,49,324
11,4480,784,0,0,16,16,280,891,49,940
11,4480,784,0,0,16,16,280,1551,49,1600
11,4480,784,0,0,112,112,40,121,14,135
11,4480,1008,0,0,112,112,40,55,9,64
11,4480,2048,0,0,16,16,280,1331,384,1715
11,4480,2520,0,0,10,10,448,121,504,625
11,4480,3072,0,0,64,64,70,77,48,125
11,4480,4480,0,0,64,64,70,11,70,81
11,4482,225,0,0,9,9,498,704,25,729
11,4482,4482,0,0,27,27,166,77,166,243
11,4484,59,0,0,59,59,76,143,1,144
11,4488,12,0,0,6,6,748,1375,2,1377
11,4488,102,0,0,51,51,88,121,4,125
11,4488,132,0,0,44,44,102,286,3,289
11,4488,132,0,0,66,66,68,121,4,125
11,4488,275,0,0,11,11,408,704,25,729
11,4488,704,0,0,44,44,102,121,32,153
11,4488,3179,0,0,11,11,408,440,289,729
11,4488,4488,0,0,66,66,68,275,68,343
11,4500,45,0,0,45,45,100,374,1,375
11,4500,100,0,0,50,50,90,121,4,125
11,4500,270,0,0,30,30,150,352,9,361
11,4500,375,0,0,15,15,300,704,25,729
11,4500,375,0,0,75,75,60,88,5,93
11,4500,700,0,0,25,25,180,297,28,325
11,4500,1125,0,0,45,45,100,264,25,289
11,4500,1125,0,0,45,45,100,704,25,729
11,4500,1920,0,0,30,30,150,297,64,361
11,4500,2025,0,0,25,25,180,143,81,224
11,4500,2025,0,0,25,25,180,1144,81,1225
11,4500,2025,0,0,25,25,180,1375,81,1456
11,4500,3125,0,0,5,5,900,1056,625,1681
11,4500,3125,0,0,25,25,180,99,125,224
11,4500,4000,0,0,25,25,180,121,320,441
11,4500,4050,0,0,50,50,90,44,81,125
11,4500,4225,0,0,25,25,180,55,169,224
11,4500,4225,0,0,25,25,180,231,169,400
11,4500,4225,0,0,25,25,180,1056,169,1225
11,4510,82,0,0,41,41,110,121,4,125
11,4512,1128,0,0,24,24,188,209,47,256
11,4520,791,0,0,113,113,40,121,14,135
11,4520,1017,0,0,113,113,40,55,9,64
11,4522,171,0,0,19,19,238,616,9,625
11,4522,1216,0,0,19,19,238,561,64,625
11,4522,1596,0,0,19,19,238,121,168,289
11,4522,2278,0,0,17,17,266,209,134,343
11,4522,2432,0,0,19,19,238,187,128,315
11,4522,2432,0,0,19,19,238,297,128,425
11,4522,2432,0,0,19,19,238,1331,384,1715
11,4524,58,0,0,58,58,78,99,1,100
11,4524,58,0,0,58,58,78,143,1,144
11,4524,117,0,0,13,13,348,616,9,625
11,4524,390,0,0,78,78,58,319,5,324
11,4524,696,0,0,29,29,156,121,48,169
11,4524,1450,0,0,58,58,78,704,25,729
11,4524,1664,0,0,13,13,348,1331,384,1715
11,4524,2349,0,0,29,29,156,88,81,169
11,4536,7,0,0,7,7,648,4224,1,4225
11,4536,48,0,0,12,12,378,847,8,855
11,4536,135,0,0,27,27,168,187,5,192
11,4536,135,0,0,27,27,168,352,5,357
11,4536,135,0,0,27,27,168,539,5,544
11,4536,135,0,0,27,27,168,891,5,896
11,4536,378,0,0,27,27,168,275,14,289
11,4536,675,0,0,27,27,168,231,25,256
11,4536,675,0,0,27,27,168,264,25,289
11,4536,675,0,0,27,27,168,704,25,729
11,4536,729,0,0,27,27,168,121,54,175
11,4536,1323,0,0,27,27,168,176,49,225
11,4536,1323,0,0,27,27,168,275,49,324
11,4536,1323,0,0,27,27,168,495,49,544
11,4536,1920,0,0,12,12,378,121,320,441
11,4536,2052,0,0,12,12,378,704,171,875
11,4536,3645,0,0,27,27,168,154,135,289
11,4540,40,0,0,5,5,908,1573,16,1589
11,4540,4540,0,0,5,5,908,275,908,1183
11,4544,2432,0,0,8,8,568,121,608,729
11,4544,2888,0,0,8,8,568,264,361,625
11,4544,2888,0,0,8,8,568,704,361,1065
11,4550,40,0,0,5,5,910,1045,8,1053
11,4550,40,0,0,5,5,910,1617,8,1625
11,4550,95,0,0,5,5,910,1925,19,1944
11,4550,95,0,0,5,5,910,2816,19,2835
11,4550,260,0,0,5,5,910,2475,52,2527
11,4550,260,0,0,65,65,70,77,4,81
11,4550,315,0,0,5,5,910,1331,189,1520
11,4550,490,0,0,5,5,910,1331,294,1625
11,4550,810,0,0,5,5,910,1463,162,1625
11,4550,2625,0,0,5,5,910,1672,525,2197
11,4550,3120,0,0,65,65,70,77,48,125
11,4550,3185,0,0,5,5,910,3971,637,4608
11,4550,4550,0,0,65,65,70,11,70,81
11,4554,264,0,0,33,33,138,605,16,621
11,4556,134,0,0,67,67,68,121,4,125
11,4556,4556,0,0,67,67,68,275,68,343
11,4560,60,0,0,60,60,76,143,1,144
11,4560,72,0,0,8,8,570,836,9,845
11,4560,135,0,0,15,15,304,352,9,361
11,4560,160,0,0,20,20,228,605,16,621
11,4560,380,0,0,76,76,60,88,5,93
11,4560,384,0,0,24,24,190,209,16,225
11,4560,600,0,0,24,24,190,704,25,729
11,4560,640,0,0,20,20,228,253,32,285
11,4560,798,0,0,114,114,40,121,14,135
11,4560,960,0,0,15,15,304,297,64,361
11,4560,1026,0,0,114,114,40,55,9,64
11,4560,2400,0,0,20,20,228,121,240,361
11,4560,2888,0,0,8,8,570,264,361,625
11,4560,3040,0,0,10,10,456,121,608,729
11,4560,3240,0,0,20,20,228,275,162,437
11,4560,3328,0,0,8,8,570,209,416,625
11,4560,4560,0,0,15,15,304,121,608,729
11,4572,18,0,0,9,9,508,1375,2,1377
11,4572,432,0,0,9,9,508,1397,48,1445
11,4572,729,0,0,9,9,508,935,81,1016
11,4572,1125,0,0,9,9,508,891,125,1016
11,4572,1224,0,0,9,9,508,363,272,635
11,4576,22,0,0,22,22,208,440,1,441
11,4576,22,0,0,22,22,208,539,1,540
11,4576,22,0,0,22,22,208,1573,2,1575
11,4576,22,0,0,22,22,208,2079,1,2080
11,4576,104,0,0,52,52,88,121,4,125
11,4576,2156,0,0,22,22,208,1331,294,1625
11,4576,2200,0,0,22,22,208,143,100,243
11,4576,3850,0,0,22,22,208,176,175,351
11,4582,395,0,0,79,79,58,319,5,324
11,4590,102,0,0,51,51,90,121,4,125
11,4590,135,0,0,45,45,102,286,3,289
11,4590,289,0,0,17,17,270,495,17,512
11,4590,720,0,0,45,45,102,121,32,153
11,4590,4131,0,0,51,51,90,44,81,125
11,4592,4592,0,0,14,14,328,297,328,625
11,4598,1232,0,0,11,11,418,3025,224,3249
11,4598,3773,0,0,11,11,418,132,343,475
11,4598,3773,0,0,11,11,418,297,343,640
11,4600,20,0,0,20,20,230,319,1,320
11,4600,46,0,0,46,46,100,374,1,375
11,4600,90,0,0,10,10,460,616,9,625
11,4600,805,0,0,115,115,40,121,14,135
11,4600,1035,0,0,115,115,40,55,9,64
11,4600,1150,0,0,46,46,100,264,25,289
11,4600,1150,0,0,46,46,100,704,25,729
11,4602,59,0,0,59,59,78,99,1,100
11,4602,59,0,0,59,59,78,143,1,144
11,4602,1475,0,0,59,59,78,704,25,729
11,4606,63,0,0,7,7,658,2200,9,2209
11,4606,4375,0,0,7,7,658,1584,625,2209
11,4608,1296,0,0,16,16,288,319,81,400
11,4608,4608,0,0,18,18,256,473,256,729
11,4620,22,0,0,22,22,210,264,1,265
11,4620,22,0,0,22,22,210,440,1,441
11,4620,22,0,0,22,22,210,539,1,540
11,4620,22,0,0,22,22,210,1749,1,1750
11,4620,30,0,0,15,15,308,341,2,343
11,4620,84,0,0,42,42,110,121,4,125
11,4620,264,0,0,66,66,70,77,4,81
11,4620,385,0,0,77,77,60,88,5,93
11,4620,390,0,0,30,30,154,176,13,189
11,4620,550,0,0,22,22,210,231,25,256
11,4620,550,0,0,22,22,210,704,25,729
11,4620,720,0,0,30,30,154,121,48,169
11,4620,1232,0,0,22,22,210,1375,56,1431
11,4620,2321,0,0,11,11,420,275,211,486
11,4620,2321,0,0,11,11,420,539,211,750
11,4620,3168,0,0,66,66,70,77,48,125
11,4620,3773,0,0,11,11,420,297,343,640
11,4620,4620,0,0,66,66,70,11,70,81
11,4624,136,0,0,68,68,68,121,4,125
11,4624,4624,0,0,68,68,68,275,68,343
11,4628,2106,0,0,26,26,178,275,81,356
11,4632,24,0,0,6,6,772,5203,8,5211
11,4636,61,0,0,61,61,76,143,1,144
11,4640,20,0,0,5,5,928,957,4,961
11,4640,400,0,0,80,80,58,319,5,324
11,4640,405,0,0,5,5,928,880,81,961
11,4640,812,0,0,116,116,40,121,14,135
11,4640,1044,0,0,116,116,40,55,9,64
11,4640,2000,0,0,16,16,290,803,125,928
11,4640,2880,0,0,8,8,580,121,720,841
11,4640,4640,0,0,5,5,928,33,928,961
11,4640,4640,0,0,20,20,232,11,232,243
11,4644,9,0,0,9,9,516,1848,1,1849
11,4644,288,0,0,18,18,258,1859,16,1875
11,4644,486,0,0,18,18,258,473,27,500
11,4644,3969,0,0,9,9,516,1408,441,1849
11,4648,4648,0,0,28,28,166,77,166,243
11,4650,25,0,0,25,25,186,1023,1,1024
11,4650,279,0,0,31,31,150,352,9,361
11,4650,1215,0,0,15,15,310,880,81,961
11,4650,1875,0,0,15,15,310,1859,125,1984
11,4650,1984,0,0,31,31,150,297,64,361
11,4650,2535,0,0,15,15,310,792,169,961
11,4656,192,0,0,12,12,388,1859,16,1875
11,4656,300,0,0,12,12,388,704,25,729
11,4658,17,0,0,17,17,274,528,1,529
11,4660,4660,0,0,10,10,466,121,932,1053
11,4662,777,0,0,21,21,222,539,37,576
11,4664,106,0,0,53,53,88,121,4,125
11,4668,4668,0,0,6,6,778,275,778,1053
11,4680,6,0,0,6,6,780,935,1,936
11,4680,6,0,0,6,6,780,2024,1,2025
11,4680,6,0,0,6,6,780,4224,1,4225
11,4680,60,0,0,12,12,390,891,5,896
11,4680,60,0,0,60,60,78,99,1,100
11,4680,60,0,0,60,60,78,143,1,144
11,4680,84,0,0,12,12,390,825,7,832
11,4680,84,0,0,12,12,390,1331,21,1352
11,4680,104,0,0,52,52,90,121,4,125
11,4680,144,0,0,9,9,520,825,16,841
11,4680,144,0,0,9,9,520,1859,16,1875
11,4680,192,0,0,12,12,390,605,32,637
11,4680,192,0,0,12,12,390,1859,16,1875
11,4680,225,0,0,9,9,520,704,25,729
11,4680,270,0,0,6,6,780,2783,90,2873
11,4680,390,0,0,6,6,780,2057,130,2187
11,4680,390,0,0,78,78,60,88,5,93
11,4680,540,0,0,20,20,234,649,27,676
11,4680,720,0,0,30,30,156,121,48,169
11,4680,728,0,0,26,26,180,297,28,325
11,4680,819,0,0,117,117,40,121,14,135
11,4680,1053,0,0,117,117,40,55,9,64
11,4680,1248,0,0,6,6,780,1331,624,1955
11,4680,1500,0,0,60,60,78,704,25,729
11,4680,1536,0,0,12,12,390,1331,384,1715
11,4680,1656,0,0,6,6,780,1573,552,2125
11,4680,2106,0,0,26,26,180,143,81,224
11,4680,2106,0,0,26,26,180,1144,81,1225
11,4680,2106,0,0,26,26,180,1375,81,1456
11,4680,2430,0,0,30,30,156,88,81,169
11,4680,3174,0,0,6,6,780,495,529,1024
11,4680,3174,0,0,6,6,780,1496,529,2025
11,4680,3174,0,0,6,6,780,1815,1058,2873
11,4680,3250,0,0,26,26,180,99,125,224
11,4680,3393,0,0,9,9,520,352,377,729
11,4680,3920,0,0,5,5,936,737,784,1521
11,4680,4160,0,0,26,26,180,121,320,441
11,4680,4212,0,0,52,52,90,44,81,125
11,4680,4394,0,0,26,26,180,55,169,224
11,4680,4394,0,0,26,26,180,231,169,400
11,4680,4394,0,0,26,26,180,1056,169,1225
11,4688,128,0,0,8,8,586,847,32,879
11,4690,224,0,0,7,7,670,1375,32,1407
11,4690,268,0,0,67,67,70,77,4,81
11,4690,469,0,0,7,7,670,3773,67,3840
11,4690,1701,0,0,7,7,670,737,243,980
11,4690,3216,0,0,67,67,70,77,48,125
11,4690,4690,0,0,7,7,670,847,1340,2187
11,4690,4690,0,0,67,67,70,11,70,81
11,4692,17,0,0,17,17,276,528,1,529
11,4692,138,0,0,46,46,102,286,3,289
11,4692,138,0,0,69,69,68,121,4,125
11,4692,272,0,0,34,34,138,605,16,621
11,4692,736,0,0,46,46,102,121,32,153
11,4692,4692,0,0,69,69,68,275,68,343
11,4698,405,0,0,81,81,58,319,5,324
11,4700,25,0,0,5,5,940,1408,5,1413
11,4700,47,0,0,47,47,100,374,1,375
11,4700,1175,0,0,25,25,188,209,47,256
11,4700,1175,0,0,47,47,100,264,25,289
11,4700,1175,0,0,47,47,100,704,25,729
11,4704,40,0,0,8,8,588,891,5,896
11,4704,128,0,0,8,8,588,3465,16,3481
11,4704,140,0,0,28,28,168,187,5,192
11,4704,140,0,0,28,28,168,352,5,357
11,4704,140,0,0,28,28,168,539,5,544
11,4704,140,0,0,28,28,168,891,5,896
11,4704,392,0,0,28,28,168,275,14,289
11,4704,700,0,0,28,28,168,231,25,256
11,4704,700,0,0,28,28,168,264,25,289
11,4704,700,0,0,28,28,168,704,25,729
11,4704,756,0,0,28,28,168,121,54,175
11,4704,1024,0,0,8,8,588,1331,384,1715
11,4704,1372,0,0,28,28,168,176,49,225
11,4704,1372,0,0,28,28,168,275,49,324
11,4704,1372,0,0,28,28,168,495,49,544
11,4704,3780,0,0,28,28,168,154,135,289
11,4708,11,0,0,11,11,428,1375,1,1376
11,4712,62,0,0,62,62,76,143,1,144
11,4720,826,0,0,118,118,40,121,14,135
11,4720,1062,0,0,118,118,40,55,9,64
11,4730,11,0,0,11,11,430,1375,1,1376
11,4730,86,0,0,43,43,110,121,4,125
11,4730,275,0,0,11,11,430,704,25,729
11,4730,395,0,0,5,5,946,2673,79,2752
11,4730,2816,0,0,11,11,430,473,256,729
11,4732,13,0,0,13,13,364,671,1,672
11,4732,13,0,0,13,13,364,792,1,793
11,4740,395,0,0,5,5,948,3971,79,4050
11,4740,395,0,0,79,79,60,88,5,93
11,4740,625,0,0,5,5,948,3971,125,4096
11,4740,790,0,0,5,5,948,1331,474,1805
11,4740,2560,0,0,10,10,474,297,256,553
11,4740,2560,0,0,10,10,474,3773,256,4029
11,4740,2890,0,0,10,10,474,264,289,553
11,4740,2890,0,0,10,10,474,2112,289,2401
11,4746,63,0,0,7,7,678,2816,9,2825
11,4750,400,0,0,25,25,190,209,16,225
11,4750,625,0,0,5,5,950,3971,125,4096
11,4750,625,0,0,25,25,190,704,25,729
11,4750,1615,0,0,5,5,950,3773,323,4096
11,4750,4375,0,0,5,5,950,5984,875,6859
11,4752,108,0,0,54,54,88,121,4,125
11,4756,410,0,0,82,82,58,319,5,324
11,4758,61,0,0,61,61,78,99,1,100
11,4758,61,0,0,61,61,78,143,1,144
11,4758,1525,0,0,61,61,78,704,25,729
11,4760,14,0,0,14,14,340,374,1,375
11,4760,85,0,0,17,17,280,891,5,896
11,4760,119,0,0,17,17,280,2585,7,2592
11,4760,140,0,0,70,70,68,121,4,125
11,4760,180,0,0,20,20,238,616,9,625
11,4760,272,0,0,68,68,70,77,4,81
11,4760,833,0,0,17,17,280,275,49,324
11,4760,833,0,0,17,17,280,891,49,940
11,4760,833,0,0,17,17,280,1551,49,1600
11,4760,833,0,0,119,119,40,121,14,135
11,4760,1071,0,0,119,119,40,55,9,64
11,4760,1280,0,0,20,20,238,561,64,625
11,4760,1680,0,0,14,14,340,121,240,361
11,4760,1680,0,0,20,20,238,121,168,289
11,4760,2176,0,0,17,17,280,1331,384,1715
11,4760,2560,0,0,20,20,238,187,128,315
11,4760,2560,0,0,20,20,238,297,128,425
11,4760,2560,0,0,20,20,238,1331,384,1715
11,4760,3264,0,0,68,68,70,77,48,125
11,4760,4760,0,0,68,68,70,11,70,81
11,4760,4760,0,0,70,70,68,275,68,343
11,4768,400,0,0,16,16,298,704,25,729
11,4770,15,0,0,15,15,318,2915,1,2916
11,4770,106,0,0,53,53,90,121,4,125
11,4770,1125,0,0,9,9,530,3971,125,4096
11,4770,1195,0,0,5,5,954,1331,717,2048
11,4770,4293,0,0,53,53,90,44,81,125
11,4774,403,0,0,31,31,154,176,13,189
11,4774,744,0,0,31,31,154,121,48,169
11,4784,23,0,0,23,23,208,440,1,441
11,4784,23,0,0,23,23,208,539,1,540
11,4784,23,0,0,23,23,208,1573,2,1575
11,4784,23,0,0,23,23,208,2079,1,2080
11,4784,32,0,0,8,8,598,1859,4,1863
11,4784,1352,0,0,8,8,598,506,169,675
11,4784,2254,0,0,23,23,208,1331,294,1625
11,4784,2300,0,0,23,23,208,143,100,243
11,4784,4025,0,0,23,23,208,176,175,351
11,4784,4784,0,0,8,8,598,1331,1794,3125
11,4788,63,0,0,63,63,76,143,1,144
11,4788,114,0,0,6,6,798,1925,19,1944
11,4788,114,0,0,6,6,798,2816,19,2835
11,4788,168,0,0,21,21,228,605,16,621
11,4788,378,0,0,6,6,798,1331,189,1520
11,4788,672,0,0,21,21,228,253,32,285
11,4788,1026,0,0,6,6,798,704,171,875
11,4788,1026,0,0,6,6,798,6655,513,7168
11,4788,2412,0,0,18,18,266,209,134,343
11,4788,2520,0,0,21,21,228,121,240,361
11,4788,3402,0,0,21,21,228,275,162,437
11,4788,3584,0,0,14,14,342,473,256,729
11,4794,141,0,0,47,47,102,286,3,289
11,4794,752,0,0,47,47,102,121,32,153
11,4800,48,0,0,48,48,100,374,1,375
11,4800,80,0,0,5,5,960,1859,16,1875
11,4800,288,0,0,32,32,150,352,9,361
11,4800,400,0,0,16,16,300,704,25,729
11,4800,400,0,0,80,80,60,88,5,93
11,4800,840,0,0,120,120,40,121,14,135
11,4800,1080,0,0,120,120,40,55,9,64
11,4800,1125,0,0,5,5,960,1144,225,1369
11,4800,1200,0,0,48,48,100,264,25,289
11,4800,1200,0,0,48,48,100,704,25,729
11,4800,2048,0,0,32,32,150,297,64,361
11,4806,2187,0,0,27,27,178,275,81,356
11,4810,403,0,0,13,13,370,594,31,625
11,4810,806,0,0,13,13,370,605,124,729
11,4810,832,0,0,13,13,370,341,64,405
11,4814,415,0,0,83,83,58,319,5,324
11,4814,4814,0,0,29,29,166,77,166,243
11,4816,1288,0,0,7,7,688,891,184,1075
11,4824,6,0,0,6,6,804,1023,1,1024
11,4824,402,0,0,6,6,804,2816,67,2883
11,4828,142,0,0,71,71,68,121,4,125
11,4828,4828,0,0,71,71,68,275,68,343
11,4830,21,0,0,21,21,230,319,1,320
11,4830,23,0,0,23,23,210,264,1,265
11,4830,23,0,0,23,23,210,440,1,441
11,4830,23,0,0,23,23,210,539,1,540
11,4830,23,0,0,23,23,210,1749,1,1750
11,4830,276,0,0,69,69,70,77,4,81
11,4830,280,0,0,35,35,138,605,16,621
11,4830,575,0,0,23,23,210,231,25,256
11,4830,575,0,0,23,23,210,704,25,729
11,4830,1288,0,0,23,23,210,1375,56,1431
11,4830,3312,0,0,69,69,70,77,48,125
11,4830,4830,0,0,69,69,70,11,70,81
11,4836,26,0,0,26,26,186,1023,1,1024
11,4836,62,0,0,62,62,78,99,1,100
11,4836,62,0,0,62,62,78,143,1,144
11,4836,744,0,0,31,31,156,121,48,169
11,4836,1550,0,0,62,62,78,704,25,729
11,4836,2511,0,0,31,31,156,88,81,169
11,4840,88,0,0,44,44,110,121,4,125
11,4840,110,0,0,55,55,88,121,4,125
11,4840,847,0,0,121,121,40,121,14,135
11,4840,1089,0,0,121,121,40,55,9,64
11,4860,42,0,0,6,6,810,7040,7,7047
11,4860,108,0,0,54,54,90,121,4,125
11,4860,225,0,0,9,9,540,704,25,729
11,4860,306,0,0,18,18,270,495,17,512
11,4860,405,0,0,81,81,60,88,5,93
11,4860,756,0,0,27,27,180,297,28,325
11,4860,768,0,0,6,6,810,1331,384,1715
11,4860,1296,0,0,9,9,540,2981,144,3125
11,4860,2187,0,0,27,27,180,143,81,224
11,4860,2187,0,0,27,27,180,1144,81,1225
11,4860,2187,0,0,27,27,180,1375,81,1456
11,4860,3375,0,0,27,27,180,99,125,224
11,4860,4320,0,0,27,27,180,121,320,441
11,4860,4374,0,0,54,54,90,44,81,125
11,4860,4563,0,0,27,27,180,55,169,224
11,4860,4563,0,0,27,27,180,231,169,400
11,4860,4563,0,0,27,27,180,1056,169,1225
11,4862,1859,0,0,11,11,442,121,338,459
11,4862,1859,0,0,11,11,442,407,169,576
11,4864,64,0,0,64,64,76,143,1,144
11,4864,144,0,0,16,16,304,352,9,361
11,4864,1024,0,0,16,16,304,297,64,361
11,4864,4864,0,0,16,16,304,121,608,729
11,4864,4864,0,0,19,19,256,473,256,729
11,4872,126,0,0,14,14,348,616,9,625
11,4872,145,0,0,29,29,168,187,5,192
11,4872,145,0,0,29,29,168,352,5,357
11,4872,145,0,0,29,29,168,539,5,544
11,4872,145,0,0,29,29,168,891,5,896
11,4872,406,0,0,29,29,168,275,14,289
11,4872,420,0,0,84,84,58,319,5,324
11,4872,725,0,0,29,29,168,231,25,256
11,4872,725,0,0,29,29,168,264,25,289
11,4872,725,0,0,29,29,168,704,25,729
11,4872,783,0,0,29,29,168,121,54,175
11,4872,1421,0,0,29,29,168,176,49,225
11,4872,1421,0,0,29,29,168,275,49,324
11,4872,1421,0,0,29,29,168,495,49,544
11,4872,1792,0,0,14,14,348,1331,384,1715
11,4872,3915,0,0,29,29,168,154,135,289
11,4872,4872,0,0,21,21,232,11,232,243
11,4880,854,0,0,122,122,40,121,14,135
11,4880,1098,0,0,122,122,40,55,9,64
11,4880,1728,0,0,8,8,610,605,432,1037
11,4880,4352,0,0,8,8,610,671,544,1215
11,4884,814,0,0,22,22,222,539,37,576
11,4888,1222,0,0,26,26,188,209,47,256
11,4890,5,0,0,5,5,978,4400,1,4401
11,4896,63,0,0,9,9,544,1331,21,1352
11,4896,144,0,0,48,48,102,286,3,289
11,4896,144,0,0,72,72,68,121,4,125
11,4896,300,0,0,12,12,408,704,25,729
11,4896,768,0,0,48,48,102,121,32,153
11,4896,1377,0,0,17,17,288,319,81,400
11,4896,3468,0,0,12,12,408,440,289,729
11,4896,4896,0,0,72,72,68,275,68,343
11,4900,49,0,0,7,7,700,825,7,832
11,4900,49,0,0,7,7,700,1331,21,1352
11,4900,49,0,0,49,49,100,374,1,375
11,4900,63,0,0,7,7,700,2695,9,2704
11,4900,63,0,0,7,7,700,3575,9,3584
11,4900,280,0,0,70,70,70,77,4,81
11,4900,448,0,0,7,7,700,847,128,975
11,4900,448,0,0,7,7,700,1573,128,1701
11,4900,896,0,0,7,7,700,1331,384,1715
11,4900,1225,0,0,49,49,100,264,25,289
11,4900,1225,0,0,49,49,100,704,25,729
11,4900,3360,0,0,70,70,70,77,48,125
11,4900,4375,0,0,7,7,700,143,625,768
11,4900,4375,0,0,7,7,700,2079,625,2704
11,4900,4900,0,0,7,7,700,121,1400,1521
11,4900,4900,0,0,70,70,70,11,70,81
11,4902,304,0,0,19,19,258,1859,16,1875
11,4902,513,0,0,19,19,258,473,27,500
11,4914,52,0,0,13,13,378,847,8,855
11,4914,63,0,0,9,9,546,1331,21,1352
11,4914,63,0,0,63,63,78,99,1,100
11,4914,63,0,0,63,63,78,143,1,144
11,4914,567,0,0,21,21,234,649,27,676
11,4914,576,0,0,9,9,546,1573,128,1701
11,4914,1575,0,0,63,63,78,704,25,729
11,4914,2080,0,0,13,13,378,121,320,441
11,4914,2223,0,0,13,13,378,704,171,875
11,4920,410,0,0,10,10,492,4576,41,4617
11,4920,410,0,0,82,82,60,88,5,93
11,4920,540,0,0,10,10,492,1573,108,1681
11,4920,861,0,0,123,123,40,121,14,135
11,4920,1107,0,0,123,123,40,55,9,64
11,4920,2080,0,0,10,10,492,363,416,779
11,4920,4800,0,0,6,6,820,4961,1600,6561
11,4920,4920,0,0,15,15,328,297,328,625
11,4928,32,0,0,16,16,308,341,2,343
11,4928,112,0,0,56,56,88,121,4,125
11,4928,416,0,0,32,32,154,176,13,189
11,4928,768,0,0,32,32,154,121,48,169
11,4928,2772,0,0,11,11,448,121,504,625
11,4930,425,0,0,85,85,58,319,5,324
11,4930,2125,0,0,17,17,290,803,125,928
11,4932,18,0,0,18,18,274,528,1,529
11,4940,65,0,0,65,65,76,143,1,144
11,4940,416,0,0,26,26,190,209,16,225
11,4940,650,0,0,26,26,190,704,25,729
11,4944,648,0,0,8,8,618,880,81,961
11,4950,90,0,0,45,45,110,121,4,125
11,4950,110,0,0,55,55,90,121,4,125
11,4950,297,0,0,33,33,150,352,9,361
11,4950,2112,0,0,33,33,150,297,64,361
11,4950,4455,0,0,55,55,90,44,81,125
11,4956,18,0,0,6,6,826,3773,3,3776
11,4956,336,0,0,7,7,708,1331,144,1475
11,4960,10,0,0,10,10,496,1023,1,1024
11,4960,868,0,0,124,124,40,121,14,135
11,4960,1116,0,0,124,124,40,55,9,64
11,4960,1296,0,0,16,16,310,880,81,961
11,4960,2000,0,0,16,16,310,1859,125,1984
11,4960,2704,0,0,16,16,310,792,169,961
11,4964,146,0,0,73,73,68,121,4,125
11,4964,4964,0,0,73,73,68,275,68,343
11,4968,18,0,0,18,18,276,528,1,529
11,4968,288,0,0,36,36,138,605,16,621
11,4968,1536,0,0,6,6,828,5819,256,6075
11,4970,284,0,0,71,71,70,77,4,81
11,4970,415,0,0,5,5,994,1408,83,1491
11,4970,3408,0,0,71,71,70,77,48,125
11,4970,4970,0,0,71,71,70,11,70,81
11,4980,250,0,0,10,10,498,704,25,729
11,4980,415,0,0,83,83,60,88,5,93
11,4980,4980,0,0,30,30,166,77,166,243
11,4984,2268,0,0,28,28,178,275,81,356
11,4988,430,0,0,86,86,58,319,5,324
11,4992,24,0,0,24,24,208,440,1,441
11,4992,24,0,0,24,24,208,539,1,540
11,4992,24,0,0,24,24,208,1573,2,1575
11,4992,24,0,0,24,24,208,2079,1,2080
11,4992,64,0,0,64,64,78,99,1,100
11,4992,64,0,0,64,64,78,143,1,144
11,4992,768,0,0,32,32,156,121,48,169
11,4992,1600,0,0,64,64,78,704,25,729
11,4992,2352,0,0,24,24,208,1331,294,1625
11,4992,2400,0,0,24,24,208,143,100,243
11,4992,2592,0,0,32,32,156,88,81,169
11,4992,4200,0,0,24,24,208,176,175,351
11,4998,147,0,0,49,49,102,286,3,289
11,4998,189,0,0,21,21,238,616,9,625
11,4998,378,0,0,7,7,714,1969,54,2023
11,4998,784,0,0,49,49,102,121,32,153
11,4998,1344,0,0,21,21,238,561,64,625
11,4998,1764,0,0,21,21,238,121,168,289
11,4998,2688,0,0,21,21,238,187,128,315
11,4998,2688,0,0,21,21,238,297,128,425
11,4998,2688,0,0,21,21,238,1331,384,1715
11,5000,50,0,0,50,50,100,374,1,375
11,5000,875,0,0,125,125,40,121,14,135
11,5000,1125,0,0,125,125,40,55,9,64
11,5000,1250,0,0,50,50,100,264,25,289
11,5000,1250,0,0,50,50,100,704,25,729
11,5016,66,0,0,66,66,76,143,1,144
11,5016,114,0,0,57,57,88,121,4,125
11,5016,176,0,0,22,22,228,605,16,621
11,5016,704,0,0,22,22,228,253,32,285
11,5016,1344,0,0,12,12,418,3025,224,3249
11,5016,2640,0,0,22,22,228,121,240,361
11,5016,3344,0,0,11,11,456,121,608,729
11,5016,3564,0,0,22,22,228,275,162,437
11,5016,4116,0,0,12,12,418,132,343,475
11,5016,4116,0,0,12,12,418,297,343,640
11,5022,27,0,0,27,27,186,1023,1,1024
11,5022,2268,0,0,9,9,558,121,504,625
11,5024,8,0,0,8,8,628,1727,1,1728
11,5024,200,0,0,8,8,628,704,25,729
11,5024,200,0,0,8,8,628,2376,25,2401
11,5024,2048,0,0,8,8,628,363,512,875
11,5026,175,0,0,7,7,718,704,25,729
11,5026,5026,0,0,7,7,718,11,718,729
11,5032,148,0,0,74,74,68,121,4,125
11,5032,5032,0,0,74,74,68,275,68,343
11,5040,24,0,0,24,24,210,264,1,265
11,5040,24,0,0,24,24,210,440,1,441
11,5040,24,0,0,24,24,210,539,1,540
11,5040,24,0,0,24,24,210,1749,1,1750
11,5040,40,0,0,8,8,630,891,5,896
11,5040,90,0,0,18,18,280,891,5,896
11,5040,112,0,0,56,56,90,121,4,125
11,5040,126,0,0,18,18,280,2585,7,2592
11,5040,150,0,0,30,30,168,187,5,192
11,5040,150,0,0,30,30,168,352,5,357
11,5040,150,0,0,30,30,168,539,5,544
11,5040,150,0,0,30,30,168,891,5,896
11,5040,200,0,0,8,8,630,704,25,729
11,5040,200,0,0,8,8,630,2376,25,2401
11,5040,216,0,0,8,8,630,869,27,896
11,5040,288,0,0,72,72,70,77,4,81
11,5040,420,0,0,30,30,168,275,14,289
11,5040,420,0,0,84,84,60,88,5,93
11,5040,600,0,0,24,24,210,231,25,256
11,5040,600,0,0,24,24,210,704,25,729
11,5040,750,0,0,30,30,168,231,25,256
11,5040,750,0,0,30,30,168,264,25,289
11,5040,750,0,0,30,30,168,704,25,729
11,5040,784,0,0,28,28,180,297,28,325
11,5040,810,0,0,30,30,168,121,54,175
11,5040,882,0,0,18,18,280,275,49,324
11,5040,882,0,0,18,18,280,891,49,940
11,5040,882,0,0,18,18,280,1551,49,1600
11,5040,882,0,0,126,126,40,121,14,135
11,5040,1134,0,0,126,126,40,55,9,64
11,5040,1344,0,0,24,24,210,1375,56,1431
11,5040,1470,0,0,30,30,168,176,49,225
11,5040,1470,0,0,30,30,168,275,49,324
11,5040,1470,0,0,30,30,168,495,49,544
11,5040,2048,0,0,8,8,630,363,512,875
11,5040,2048,0,0,8,8,630,869,256,1125
11,5040,2128,0,0,7,7,720,121,608,729
11,5040,2268,0,0,28,28,180,143,81,224
11,5040,2268,0,0,28,28,180,1144,81,1225
11,5040,2268,0,0,28,28,180,1375,81,1456
11,5040,2304,0,0,18,18,280,1331,384,1715
11,5040,2532,0,0,12,12,420,275,211,486
11,5040,2532,0,0,12,12,420,539,211,750
11,5040,3456,0,0,72,72,70,77,48,125
11,5040,3500,0,0,28,28,180,99,125,224
11,5040,4050,0,0,30,30,168,154,135,289
11,5040,4116,0,0,12,12,420,297,343,640
11,5040,4424,0,0,8,8,630,176,553,729
11,5040,4480,0,0,28,28,180,121,320,441
11,5040,4536,0,0,56,56,90,44,81,125
11,5040,4732,0,0,28,28,180,55,169,224
11,5040,4732,0,0,28,28,180,231,169,400
11,5040,4732,0,0,28,28,180,1056,169,1225
11,5040,5040,0,0,72,72,70,11,70,81
11,5044,208,0,0,13,13,388,1859,16,1875
11,5044,325,0,0,13,13,388,704,25,729
11,5046,435,0,0,87,87,58,319,5,324
11,5054,2546,0,0,19,19,266,209,134,343
11,5060,22,0,0,22,22,230,319,1,320
11,5060,92,0,0,46,46,110,121,4,125
11,5060,99,0,0,11,11,460,616,9,625
11,5066,425,0,0,17,17,298,704,25,729
11,5070,65,0,0,13,13,390,891,5,896
11,5070,65,0,0,65,65,78,99,1,100
11,5070,65,0,0,65,65,78,143,1,144
11,5070,91,0,0,13,13,390,825,7,832
11,5070,91,0,0,13,13,390,1331,21,1352
11,5070,208,0,0,13,13,390,605,32,637
11,5070,208,0,0,13,13,390,1859,16,1875
11,5070,1625,0,0,65,65,78,704,25,729
11,5070,1664,0,0,13,13,390,1331,384,1715
11,5076,1269,0,0,27,27,188,209,47,256
11,5080,20,0,0,10,10,508,1375,2,1377
11,5080,480,0,0,10,10,508,1397,48,1445
11,5080,810,0,0,10,10,508,935,81,1016
11,5080,889,0,0,127,127,40,121,14,135
11,5080,1143,0,0,127,127,40,55,9,64
11,5080,1250,0,0,10,10,508,891,125,1016
11,5080,1360,0,0,10,10,508,363,272,635
11,5082,429,0,0,33,33,154,176,13,189
11,5082,792,0,0,33,33,154,121,48,169
11,5082,1323,0,0,7,7,726,1859,189,2048
11,5082,2401,0,0,7,7,726,2816,343,3159
11,5088,16,0,0,16,16,318,2915,1,2916
11,5092,67,0,0,67,67,76,143,1,144
11,5096,14,0,0,7,7,728,3575,2,3577
11,5096,14,0,0,14,14,364,671,1,672
11,5096,14,0,0,14,14,364,792,1,793
11,5100,15,0,0,15,15,340,374,1,375
11,5100,51,0,0,51,51,100,374,1,375
11,5100,96,0,0,6,6,850,3179,16,3195
11,5100,150,0,0,50,50,102,286,3,289
11,5100,150,0,0,75,75,68,121,4,125
11,5100,306,0,0,34,34,150,352,9,361
11,5100,425,0,0,17,17,300,704,25,729
11,5100,425,0,0,85,85,60,88,5,93
11,5100,426,0,0,6,6,850,5049,71,5120
11,5100,800,0,0,50,50,102,121,32,153
11,5100,1275,0,0,51,51,100,264,25,289
11,5100,1275,0,0,51,51,100,704,25,729
11,5100,1734,0,0,6,6,850,4752,289,5041
11,5100,1800,0,0,15,15,340,121,240,361
11,5100,2176,0,0,34,34,150,297,64,361
11,5100,5100,0,0,75,75,68,275,68,343
11,5104,116,0,0,58,58,88,121,4,125
11,5104,440,0,0,88,88,58,319,5,324
11,5104,5104,0,0,22,22,232,11,232,243
11,5106,296,0,0,37,37,138,605,16,621
11,5106,851,0,0,23,23,222,539,37,576
11,5110,292,0,0,73,73,70,77,4,81
11,5110,427,0,0,7,7,730,803,61,864
11,5110,567,0,0,7,7,730,4015,81,4096
11,5110,3504,0,0,73,73,70,77,48,125
11,5110,5110,0,0,73,73,70,11,70,81
11,5112,426,0,0,6,6,852,2673,71,2744
11,5112,2736,0,0,9,9,568,121,608,729
11,5112,3249,0,0,9,9,568,264,361,625
11,5112,3249,0,0,9,9,568,704,361,1065
11,5120,16,0,0,8,8,640,2673,2,2675
11,5120,896,0,0,128,128,40,121,14,135
11,5120,1152,0,0,128,128,40,55,9,64
11,5120,5120,0,0,20,20,256,473,256,729
11,5126,5126,0,0,11,11,466,121,932,1053
11,5130,81,0,0,9,9,570,836,9,845
11,5130,114,0,0,57,57,90,121,4,125
11,5130,323,0,0,19,19,270,495,17,512
11,5130,432,0,0,27,27,190,209,16,225
11,5130,675,0,0,27,27,190,704,25,729
11,5130,3249,0,0,9,9,570,264,361,625
11,5130,3744,0,0,9,9,570,209,416,625
11,5130,3840,0,0,15,15,342,473,256,729
11,5130,4617,0,0,57,57,90,44,81,125
11,5136,12,0,0,12,12,428,1375,1,1376
11,5146,5146,0,0,31,31,166,77,166,243
11,5148,66,0,0,66,66,78,99,1,100
11,5148,66,0,0,66,66,78,143,1,144
11,5148,594,0,0,22,22,234,649,27,676
11,5148,792,0,0,33,33,156,121,48,169
11,5148,1650,0,0,66,66,78,704,25,729
11,5148,2673,0,0,33,33,156,88,81,169
11,5160,10,0,0,10,10,516,1848,1,1849
11,5160,12,0,0,12,12,430,1375,1,1376
11,5160,300,0,0,12,12,430,704,25,729
11,5160,320,0,0,20,20,258,1859,16,1875
11,5160,430,0,0,86,86,60,88,5,93
11,5160,540,0,0,20,20,258,473,27,500
11,5160,903,0,0,129,129,40,121,14,135
11,5160,1161,0,0,129,129,40,55,9,64
11,5160,3072,0,0,12,12,430,473,256,729
11,5160,4410,0,0,10,10,516,1408,441,1849
11,5162,445,0,0,89,89,58,319,5,324
11,5162,2349,0,0,29,29,178,275,81,356
11,5168,68,0,0,68,68,76,143,1,144
11,5168,152,0,0,76,76,68,121,4,125
11,5168,153,0,0,17,17,304,352,9,361
11,5168,1088,0,0,17,17,304,297,64,361
11,5168,5168,0,0,17,17,304,121,608,729
11,5168,5168,0,0,76,76,68,275,68,343
11,5170,94,0,0,47,47,110,121,4,125
11,5180,296,0,0,74,74,70,77,4,81
11,5180,434,0,0,14,14,370,594,31,625
11,5180,868,0,0,14,14,370,605,124,729
11,5180,896,0,0,14,14,370,341,64,405
11,5180,3552,0,0,74,74,70,77,48,125
11,5180,5180,0,0,74,74,70,11,70,81
11,5184,8,0,0,8,8,648,4224,1,4225
11,5184,1458,0,0,18,18,288,319,81,400
11,5192,118,0,0,59,59,88,121,4,125
11,5194,343,0,0,7,7,742,2662,147,2809
11,5200,25,0,0,25,25,208,440,1,441
11,5200,25,0,0,25,25,208,539,1,540
11,5200,25,0,0,25,25,208,1573,2,1575
11,5200,25,0,0,25,25,208,2079,1,2080
11,5200,52,0,0,52,52,100,374,1,375
11,5200,160,0,0,10,10,520,825,16,841
11,5200,160,0,0,10,10,520,1859,16,1875
11,5200,250,0,0,10,10,520,704,25,729
11,5200,910,0,0,130,130,40,121,14,135
11,5200,1170,0,0,130,130,40,55,9,64
11,5200,1300,0,0,52,52,100,264,25,289
11,5200,1300,0,0,52,52,100,704,25,729
11,5200,2450,0,0,25,25,208,1331,294,1625
11,5200,2500,0,0,25,25,208,143,100,243
11,5200,3770,0,0,10,10,520,352,377,729
11,5200,4375,0,0,25,25,208,176,175,351
11,5202,153,0,0,51,51,102,286,3,289
11,5202,816,0,0,51,51,102,121,32,153
11,5206,19,0,0,19,19,274,528,1,529
11,5208,6,0,0,6,6,868,1023,1,1024
11,5208,6,0,0,6,6,868,8525,1,8526
11,5208,28,0,0,28,28,186,1023,1,1024
11,5208,155,0,0,31,31,168,187,5,192
11,5208,155,0,0,31,31,168,352,5,357
11,5208,155,0,0,31,31,168,539,5,544
11,5208,155,0,0,31,31,168,891,5,896
11,5208,336,0,0,6,6,868,3069,56,3125
11,5208,434,0,0,31,31,168,275,14,289
11,5208,522,0,0,6,6,868,1705,87,1792
11,5208,775,0,0,31,31,168,231,25,256
11,5208,775,0,0,31,31,168,264,25,289
11,5208,775,0,0,31,31,168,704,25,729
11,5208,837,0,0,31,31,168,121,54,175
11,5208,864,0,0,6,6,868,1375,144,1519
11,5208,1050,0,0,6,6,868,1331,525,1856
11,5208,1458,0,0,6,6,868,1276,243,1519
11,5208,1519,0,0,31,31,168,176,49,225
11,5208,1519,0,0,31,31,168,275,49,324
11,5208,1519,0,0,31,31,168,495,49,544
11,5208,3888,0,0,6,6,868,3509,1296,4805
11,5208,4185,0,0,31,31,168,154,135,289
11,5214,2816,0,0,11,11,474,297,256,553
11,5214,2816,0,0,11,11,474,3773,256,4029
11,5214,3179,0,0,11,11,474,264,289,553
11,5214,3179,0,0,11,11,474,2112,289,2401
11,5220,6,0,0,6,6,870,1199,1,1200
11,5220,116,0,0,58,58,90,121,4,125
11,5220,135,0,0,15,15,348,616,9,625
11,5220,435,0,0,87,87,60,88,5,93
11,5220,450,0,0,90,90,58,319,5,324
11,5220,812,0,0,29,29,180,297,28,325
11,5220,1920,0,0,15,15,348,1331,384,1715
11,5220,2250,0,0,18,18,290,803,125,928
11,5220,2349,0,0,29,29,180,143,81,224
11,5220,2349,0,0,29,29,180,1144,81,1225
11,5220,2349,0,0,29,29,180,1375,81,1456
11,5220,3240,0,0,9,9,580,121,720,841
11,5220,3625,0,0,29,29,180,99,125,224
11,5220,4640,0,0,29,29,180,121,320,441
11,5220,4698,0,0,58,58,90,44,81,125
11,5220,4901,0,0,29,29,180,55,169,224
11,5220,4901,0,0,29,29,180,231,169,400
11,5220,4901,0,0,29,29,180,1056,169,1225
11,5226,67,0,0,67,67,78,99,1,100
11,5226,67,0,0,67,67,78,143,1,144
11,5226,1675,0,0,67,67,78,704,25,729
11,5236,14,0,0,7,7,748,1375,2,1377
11,5236,34,0,0,17,17,308,341,2,343
11,5236,154,0,0,77,77,68,121,4,125
11,5236,198,0,0,22,22,238,616,9,625
11,5236,442,0,0,34,34,154,176,13,189
11,5236,816,0,0,34,34,154,121,48,169
11,5236,1408,0,0,22,22,238,561,64,625
11,5236,1848,0,0,22,22,238,121,168,289
11,5236,2816,0,0,22,22,238,187,128,315
11,5236,2816,0,0,22,22,238,297,128,425
11,5236,2816,0,0,22,22,238,1331,384,1715
11,5236,5236,0,0,77,77,68,275,68,343
11,5240,917,0,0,131,131,40,121,14,135
11,5240,1179,0,0,131,131,40,55,9,64
11,5244,19,0,0,19,19,276,528,1,529
11,5244,69,0,0,69,69,76,143,1,144
11,5244,184,0,0,23,23,228,605,16,621
11,5244,304,0,0,38,38,138,605,16,621
11,5244,736,0,0,23,23,228,253,32,285
11,5244,2760,0,0,23,23,228,121,240,361
11,5244,3726,0,0,23,23,228,275,162,437
11,5248,5248,0,0,16,16,328,297,328,625
11,5250,25,0,0,25,25,210,264,1,265
11,5250,25,0,0,25,25,210,440,1,441
11,5250,25,0,0,25,25,210,539,1,540
11,5250,25,0,0,25,25,210,1749,1,1750
11,5250,300,0,0,75,75,70,77,4,81
11,5250,315,0,0,35,35,150,352,9,361
11,5250,625,0,0,25,25,210,231,25,256
11,5250,625,0,0,25,25,210,704,25,729
11,5250,1400,0,0,25,25,210,1375,56,1431
11,5250,2240,0,0,35,35,150,297,64,361
11,5250,3600,0,0,75,75,70,77,48,125
11,5250,5250,0,0,75,75,70,11,70,81
11,5264,72,0,0,8,8,658,2200,9,2209
11,5264,1316,0,0,28,28,188,209,47,256
11,5264,5000,0,0,8,8,658,1584,625,2209
11,5270,1377,0,0,17,17,310,880,81,961
11,5270,2125,0,0,17,17,310,1859,125,1984
11,5270,2873,0,0,17,17,310,792,169,961
11,5274,144,0,0,9,9,586,847,32,879
11,5278,455,0,0,91,91,58,319,5,324
11,5280,96,0,0,48,48,110,121,4,125
11,5280,120,0,0,60,60,88,121,4,125
11,5280,440,0,0,88,88,60,88,5,93
11,5280,924,0,0,132,132,40,121,14,135
11,5280,1188,0,0,132,132,40,55,9,64
11,5290,23,0,0,23,23,230,319,1,320
11,5292,45,0,0,9,9,588,891,5,896
11,5292,56,0,0,14,14,378,847,8,855
11,5292,144,0,0,9,9,588,3465,16,3481
11,5292,1014,0,0,6,6,882,3927,169,4096
11,5292,1014,0,0,6,6,882,5324,507,5831
11,5292,1134,0,0,6,6,882,1859,189,2048
11,5292,1152,0,0,9,9,588,1331,384,1715
11,5292,2058,0,0,6,6,882,2816,343,3159
11,5292,2240,0,0,14,14,378,121,320,441
11,5292,2394,0,0,14,14,378,704,171,875
11,5300,53,0,0,53,53,100,374,1,375
11,5300,1250,0,0,10,10,530,3971,125,4096
11,5300,1325,0,0,53,53,100,264,25,289
11,5300,1325,0,0,53,53,100,704,25,729
11,5304,68,0,0,68,68,78,99,1,100
11,5304,68,0,0,68,68,78,143,1,144
11,5304,156,0,0,52,52,102,286,3,289
11,5304,156,0,0,78,78,68,121,4,125
11,5304,325,0,0,13,13,408,704,25,729
11,5304,816,0,0,34,34,156,121,48,169
11,5304,832,0,0,52,52,102,121,32,153
11,5304,1700,0,0,68,68,78,704,25,729
11,5304,2028,0,0,12,12,442,121,338,459
11,5304,2028,0,0,12,12,442,407,169,576
11,5304,2754,0,0,34,34,156,88,81,169
11,5304,3757,0,0,13,13,408,440,289,729
11,5304,5304,0,0,78,78,68,275,68,343
11,5310,118,0,0,59,59,90,121,4,125
11,5310,4779,0,0,59,59,90,44,81,125
11,5312,5312,0,0,32,32,166,77,166,243
11,5320,70,0,0,70,70,76,143,1,144
11,5320,95,0,0,19,19,280,891,5,896
11,5320,133,0,0,19,19,280,2585,7,2592
11,5320,304,0,0,76,76,70,77,4,81
11,5320,448,0,0,28,28,190,209,16,225
11,5320,700,0,0,28,28,190,704,25,729
11,5320,931,0,0,19,19,280,275,49,324
11,5320,931,0,0,19,19,280,891,49,940
11,5320,931,0,0,19,19,280,1551,49,1600
11,5320,931,0,0,133,133,40,121,14,135
11,5320,1197,0,0,133,133,40,55,9,64
11,5320,2432,0,0,19,19,280,1331,384,1715
11,5320,2680,0,0,20,20,266,209,134,343
11,5320,3648,0,0,76,76,70,77,48,125
11,5320,5320,0,0,76,76,70,11,70,81
11,5328,888,0,0,24,24,222,539,37,576
11,5336,460,0,0,92,92,58,319,5,324
11,5336,5336,0,0,23,23,232,11,232,243
11,5340,445,0,0,89,89,60,88,5,93
11,5340,2430,0,0,30,30,178,275,81,356
11,5360,256,0,0,8,8,670,1375,32,1407
11,5360,536,0,0,8,8,670,3773,67,3840
11,5360,938,0,0,134,134,40,121,14,135
11,5360,1206,0,0,134,134,40,55,9,64
11,5360,1944,0,0,8,8,670,737,243,980
11,5360,5360,0,0,8,8,670,847,1340,2187
11,5364,450,0,0,18,18,298,704,25,729
11,5368,122,0,0,61,61,88,121,4,125
11,5372,158,0,0,79,79,68,121,4,125
11,5372,5372,0,0,79,79,68,275,68,343
11,5376,160,0,0,32,32,168,187,5,192
11,5376,160,0,0,32,32,168,352,5,357
11,5376,160,0,0,32,32,168,539,5,544
11,5376,160,0,0,32,32,168,891,5,896
11,5376,448,0,0,32,32,168,275,14,289
11,5376,800,0,0,32,32,168,231,25,256
11,5376,800,0,0,32,32,168,264,25,289
11,5376,800,0,0,32,32,168,704,25,729
11,5376,864,0,0,32,32,168,121,54,175
11,5376,1568,0,0,32,32,168,176,49,225
11,5376,1568,0,0,32,32,168,275,49,324
11,5376,1568,0,0,32,32,168,495,49,544
11,5376,3024,0,0,12,12,448,121,504,625
11,5376,4320,0,0,32,32,168,154,135,289
11,5376,5376,0,0,21,21,256,473,256,729
11,5382,36,0,0,9,9,598,1859,4,1863
11,5382,69,0,0,69,69,78,99,1,100
11,5382,69,0,0,69,69,78,143,1,144
11,5382,312,0,0,39,39,138,605,16,621
11,5382,621,0,0,23,23,234,649,27,676
11,5382,1521,0,0,9,9,598,506,169,675
11,5382,1725,0,0,69,69,78,704,25,729
11,5382,5382,0,0,9,9,598,1331,1794,3125
11,5390,98,0,0,49,49,110,121,4,125
11,5390,308,0,0,77,77,70,77,4,81
11,5390,455,0,0,35,35,154,176,13,189
11,5390,840,0,0,35,35,154,121,48,169
11,5390,3696,0,0,77,77,70,77,48,125
11,5390,5390,0,0,77,77,70,11,70,81
11,5394,29,0,0,29,29,186,1023,1,1024
11,5394,465,0,0,93,93,58,319,5,324
11,5396,71,0,0,71,71,76,143,1,144
11,5400,54,0,0,54,54,100,374,1,375
11,5400,120,0,0,60,60,90,121,4,125
11,5400,250,0,0,10,10,540,704,25,729
11,5400,324,0,0,36,36,150,352,9,361
11,5400,340,0,0,20,20,270,495,17,512
11,5400,450,0,0,18,18,300,704,25,729
11,5400,450,0,0,90,90,60,88,5,93
11,5400,840,0,0,30,30,180,297,28,325
11,5400,945,0,0,135,135,40,121,14,135
11,5400,1215,0,0,135,135,40,55,9,64
11,5400,1350,0,0,54,54,100,264,25,289
11,5400,1350,0,0,54,54,100,704,25,729
11,5400,1440,0,0,10,10,540,2981,144,3125
11,5400,2304,0,0,36,36,150,297,64,361
11,5400,2430,0,0,30,30,180,143,81,224
11,5400,2430,0,0,30,30,180,1144,81,1225
11,5400,2430,0,0,30,30,180,1375,81,1456
11,5400,3750,0,0,6,6,900,1056,625,1681
11,5400,3750,0,0,30,30,180,99,125,224
11,5400,4800,0,0,30,30,180,121,320,441
11,5400,4860,0,0,60,60,90,44,81,125
11,5400,5070,0,0,30,30,180,55,169,224
11,5400,5070,0,0,30,30,180,231,169,400
11,5400,5070,0,0,30,30,180,1056,169,1225
11,5404,28,0,0,7,7,772,5203,8,5211
11,5406,17,0,0,17,17,318,2915,1,2916
11,5406,159,0,0,53,53,102,286,3,289
11,5406,848,0,0,53,53,102,121,32,153
11,5408,26,0,0,26,26,208,440,1,441
11,5408,26,0,0,26,26,208,539,1,540
11,5408,26,0,0,26,26,208,1573,2,1575
11,5408,26,0,0,26,26,208,2079,1,2080
11,5408,2548,0,0,26,26,208,1331,294,1625
11,5408,2600,0,0,26,26,208,143,100,243
11,5408,4550,0,0,26,26,208,176,175,351
11,5412,451,0,0,11,11,492,4576,41,4617
11,5412,594,0,0,11,11,492,1573,108,1681
11,5412,2288,0,0,11,11,492,363,416,779
11,5418,336,0,0,21,21,258,1859,16,1875
11,5418,567,0,0,21,21,258,473,27,500
11,5424,72,0,0,8,8,678,2816,9,2825
11,5432,224,0,0,14,14,388,1859,16,1875
11,5432,350,0,0,14,14,388,704,25,729
11,5434,1456,0,0,13,13,418,3025,224,3249
11,5434,4459,0,0,13,13,418,132,343,475
11,5434,4459,0,0,13,13,418,297,343,640
11,5440,16,0,0,16,16,340,374,1,375
11,5440,70,0,0,10,10,544,1331,21,1352
11,5440,160,0,0,80,80,68,121,4,125
11,5440,952,0,0,136,136,40,121,14,135
11,5440,1224,0,0,136,136,40,55,9,64
11,5440,1920,0,0,16,16,340,121,240,361
11,5440,5440,0,0,80,80,68,275,68,343
11,5446,5446,0,0,7,7,778,275,778,1053
11,5448,48,0,0,6,6,908,1573,16,1589
11,5448,5448,0,0,6,6,908,275,908,1183
11,5452,470,0,0,94,94,58,319,5,324
11,5452,1363,0,0,29,29,188,209,47,256
11,5456,11,0,0,11,11,496,1023,1,1024
11,5456,124,0,0,62,62,88,121,4,125
11,5460,7,0,0,7,7,780,935,1,936
11,5460,7,0,0,7,7,780,2024,1,2025
11,5460,7,0,0,7,7,780,4224,1,4225
11,5460,15,0,0,15,15,364,671,1,672
11,5460,15,0,0,15,15,364,792,1,793
11,5460,26,0,0,26,26,210,264,1,265
11,5460,26,0,0,26,26,210,440,1,441
11,5460,26,0,0,26,26,210,539,1,540
11,5460,26,0,0,26,26,210,1749,1,1750
11,5460,48,0,0,6,6,910,1045,8,1053
11,5460,48,0,0,6,6,910,1617,8,1625
11,5460,70,0,0,10,10,546,1331,21,1352
11,5460,70,0,0,14,14,390,891,5,896
11,5460,70,0,0,70,70,78,99,1,100
11,5460,70,0,0,70,70,78,143,1,144
11,5460,98,0,0,14,14,390,825,7,832
11,5460,98,0,0,14,14,390,1331,21,1352
11,5460,114,0,0,6,6,910,1925,19,1944
11,5460,114,0,0,6,6,910,2816,19,2835
11,5460,224,0,0,14,14,390,605,32,637
11,5460,224,0,0,14,14,390,1859,16,1875
11,5460,312,0,0,6,6,910,2475,52,2527
11,5460,312,0,0,78,78,70,77,4,81
11,5460,315,0,0,7,7,780,2783,90,2873
11,5460,378,0,0,6,6,910,1331,189,1520
11,5460,455,0,0,7,7,780,2057,130,2187
11,5460,455,0,0,91,91,60,88,5,93
11,5460,588,0,0,6,6,910,1331,294,1625
11,5460,640,0,0,10,10,546,1573,128,1701
11,5460,650,0,0,26,26,210,231,25,256
11,5460,650,0,0,26,26,210,704,25,729
11,5460,840,0,0,35,35,156,121,48,169
11,5460,972,0,0,6,6,910,1463,162,1625
11,5460,1456,0,0,7,7,780,1331,624,1955
11,5460,1456,0,0,26,26,210,1375,56,1431
11,5460,1750,0,0,70,70,78,704,25,729
11,5460,1792,0,0,14,14,390,1331,384,1715
11,5460,1932,0,0,7,7,780,1573,552,2125
11,5460,2743,0,0,13,13,420,275,211,486
11,5460,2743,0,0,13,13,420,539,211,750
11,5460,2835,0,0,35,35,156,88,81,169
11,5460,3150,0,0,6,6,910,1672,525,2197
11,5460,3703,0,0,7,7,780,495,529,1024
11,5460,3703,0,0,7,7,780,1496,529,2025
11,5460,3703,0,0,7,7,780,1815,1058,2873
11,5460,3744,0,0,78,78,70,77,48,125
11,5460,3822,0,0,6,6,910,3971,637,4608
11,5460,4459,0,0,13,13,420,297,343,640
11,5460,5460,0,0,78,78,70,11,70,81
11,5472,72,0,0,72,72,76,143,1,144
11,5472,162,0,0,18,18,304,352,9,361
11,5472,192,0,0,24,24,228,605,16,621
11,5472,768,0,0,24,24,228,253,32,285
11,5472,1152,0,0,18,18,304,297,64,361
11,5472,1539,0,0,19,19,288,319,81,400
11,5472,2880,0,0,24,24,228,121,240,361
11,5472,3648,0,0,12,12,456,121,608,729
11,5472,3888,0,0,24,24,228,275,162,437
11,5472,4096,0,0,16,16,342,473,256,729
11,5472,5472,0,0,18,18,304,121,608,729
11,5474,207,0,0,23,23,238,616,9,625
11,5474,1472,0,0,23,23,238,561,64,625
11,5474,1932,0,0,23,23,238,121,168,289
11,5474,2944,0,0,23,23,238,187,128,315
11,5474,2944,0,0,23,23,238,297,128,425
11,5474,2944,0,0,23,23,238,1331,384,1715
11,5478,275,0,0,11,11,498,704,25,729
11,5478,5478,0,0,33,33,166,77,166,243
11,5480,20,0,0,20,20,274,528,1,529
11,5480,959,0,0,137,137,40,121,14,135
11,5480,1233,0,0,137,137,40,55,9,64
11,5490,122,0,0,61,61,90,121,4,125
11,5490,1944,0,0,9,9,610,605,432,1037
11,5490,4896,0,0,9,9,610,671,544,1215
11,5490,4941,0,0,61,61,90,44,81,125
11,5500,55,0,0,55,55,100,374,1,375
11,5500,100,0,0,50,50,110,121,4,125
11,5500,1375,0,0,55,55,100,264,25,289
11,5500,1375,0,0,55,55,100,704,25,729
11,5504,1472,0,0,8,8,688,891,184,1075
11,5508,162,0,0,54,54,102,286,3,289
11,5508,162,0,0,81,81,68,121,4,125
11,5508,864,0,0,54,54,102,121,32,153
11,5508,5508,0,0,81,81,68,275,68,343
11,5510,464,0,0,29,29,190,209,16,225
11,5510,475,0,0,95,95,58,319,5,324
11,5510,725,0,0,29,29,190,704,25,729
11,5510,2375,0,0,19,19,290,803,125,928
11,5518,2511,0,0,31,31,178,275,81,356
11,5520,20,0,0,20,20,276,528,1,529
11,5520,24,0,0,24,24,230,319,1,320
11,5520,108,0,0,12,12,460,616,9,625
11,5520,320,0,0,40,40,138,605,16,621
11,5520,460,0,0,92,92,60,88,5,93
11,5520,966,0,0,138,138,40,121,14,135
11,5520,1242,0,0,138,138,40,55,9,64
11,5530,316,0,0,79,79,70,77,4,81
11,5530,3792,0,0,79,79,70,77,48,125
11,5530,5530,0,0,79,79,70,11,70,81
11,5538,71,0,0,71,71,78,99,1,100
11,5538,71,0,0,71,71,78,143,1,144
11,5538,1775,0,0,71,71,78,704,25,729
11,5544,36,0,0,18,18,308,341,2,343
11,5544,126,0,0,63,63,88,121,4,125
11,5544,165,0,0,33,33,168,187,5,192
11,5544,165,0,0,33,33,168,352,5,357
11,5544,165,0,0,33,33,168,539,5,544
11,5544,165,0,0,33,33,168,891,5,896
11,5544,462,0,0,33,33,168,275,14,289
11,5544,468,0,0,36,36,154,176,13,189
11,5544,825,0,0,33,33,168,231,25,256
11,5544,825,0,0,33,33,168,264,25,289
11,5544,825,0,0,33,33,168,704,25,729
11,5544,864,0,0,36,36,154,121,48,169
11,5544,891,0,0,33,33,168,121,54,175
11,5544,1617,0,0,33,33,168,176,49,225
11,5544,1617,0,0,33,33,168,275,49,324
11,5544,1617,0,0,33,33,168,495,49,544
11,5544,4455,0,0,33,33,168,154,135,289
11,5548,73,0,0,73,73,76,143,1,144
11,5550,333,0,0,37,37,150,352,9,361
11,5550,465,0,0,15,15,370,594,31,625
11,5550,925,0,0,25,25,222,539,37,576
11,5550,930,0,0,15,15,370,605,124,729
11,5550,960,0,0,15,15,370,341,64,405
11,5550,2368,0,0,37,37,150,297,64,361
11,5560,973,0,0,139,139,40,121,14,135
11,5560,1251,0,0,139,139,40,55,9,64
11,5562,729,0,0,9,9,618,880,81,961
11,5564,13,0,0,13,13,428,1375,1,1376
11,5568,24,0,0,6,6,928,957,4,961
11,5568,144,0,0,16,16,348,616,9,625
11,5568,480,0,0,96,96,58,319,5,324
11,5568,486,0,0,6,6,928,880,81,961
11,5568,2048,0,0,16,16,348,1331,384,1715
11,5568,5568,0,0,6,6,928,33,928,961
11,5568,5568,0,0,24,24,232,11,232,243
11,5576,164,0,0,82,82,68,121,4,125
11,5576,5576,0,0,17,17,328,297,328,625
11,5576,5576,0,0,82,82,68,275,68,343
11,5580,30,0,0,30,30,186,1023,1,1024
11,5580,124,0,0,62,62,90,121,4,125
11,5580,465,0,0,93,93,60,88,5,93
11,5580,868,0,0,31,31,180,297,28,325
11,5580,1458,0,0,18,18,310,880,81,961
11,5580,2250,0,0,18,18,310,1859,125,1984
11,5580,2511,0,0,31,31,180,143,81,224
11,5580,2511,0,0,31,31,180,1144,81,1225
11,5580,2511,0,0,31,31,180,1375,81,1456
11,5580,2520,0,0,10,10,558,121,504,625
11,5580,3042,0,0,18,18,310,792,169,961
11,5580,3875,0,0,31,31,180,99,125,224
11,5580,4960,0,0,31,31,180,121,320,441
11,5580,5022,0,0,62,62,90,44,81,125
11,5580,5239,0,0,31,31,180,55,169,224
11,5580,5239,0,0,31,31,180,231,169,400
11,5580,5239,0,0,31,31,180,1056,169,1225
11,5586,133,0,0,7,7,798,1925,19,1944
11,5586,133,0,0,7,7,798,2816,19,2835
11,5586,441,0,0,7,7,798,1331,189,1520
11,5586,1197,0,0,7,7,798,704,171,875
11,5586,1197,0,0,7,7,798,6655,513,7168
11,5586,2814,0,0,21,21,266,209,134,343
11,5588,22,0,0,11,11,508,1375,2,1377
11,5588,528,0,0,11,11,508,1397,48,1445
11,5588,891,0,0,11,11,508,935,81,1016
11,5588,1375,0,0,11,11,508,891,125,1016
11,5588,1496,0,0,11,11,508,363,272,635
11,5590,13,0,0,13,13,430,1375,1,1376
11,5590,325,0,0,13,13,430,704,25,729
11,5590,3328,0,0,13,13,430,473,256,729
11,5592,5592,0,0,12,12,466,121,932,1053
11,5600,56,0,0,8,8,700,825,7,832
11,5600,56,0,0,8,8,700,1331,21,1352
11,5600,56,0,0,56,56,100,374,1,375
11,5600,72,0,0,8,8,700,2695,9,2704
11,5600,72,0,0,8,8,700,3575,9,3584
11,5600,100,0,0,20,20,280,891,5,896
11,5600,140,0,0,20,20,280,2585,7,2592
11,5600,320,0,0,80,80,70,77,4,81
11,5600,512,0,0,8,8,700,847,128,975
11,5600,512,0,0,8,8,700,1573,128,1701
11,5600,980,0,0,20,20,280,275,49,324
11,5600,980,0,0,20,20,280,891,49,940
11,5600,980,0,0,20,20,280,1551,49,1600
11,5600,1024,0,0,8,8,700,1331,384,1715
11,5600,1400,0,0,56,56,100,264,25,289
11,5600,1400,0,0,56,56,100,704,25,729
11,5600,2560,0,0,20,20,280,1331,384,1715
11,5600,3840,0,0,80,80,70,77,48,125
11,5600,5000,0,0,8,8,700,143,625,768
11,5600,5000,0,0,8,8,700,2079,625,2704
11,5600,5600,0,0,8,8,700,121,1400,1521
11,5600,5600,0,0,80,80,70,11,70,81
11,5610,102,0,0,51,51,110,121,4,125
11,5610,165,0,0,55,55,102,286,3,289
11,5610,880,0,0,55,55,102,121,32,153
11,5616,27,0,0,27,27,208,440,1,441
11,5616,27,0,0,27,27,208,539,1,540
11,5616,27,0,0,27,27,208,1573,2,1575
11,5616,27,0,0,27,27,208,2079,1,2080
11,5616,72,0,0,72,72,78,99,1,100
11,5616,72,0,0,72,72,78,143,1,144
11,5616,648,0,0,24,24,234,649,27,676
11,5616,864,0,0,36,36,156,121,48,169
11,5616,1800,0,0,72,72,78,704,25,729
11,5616,2646,0,0,27,27,208,1331,294,1625
11,5616,2700,0,0,27,27,208,143,100,243
11,5616,2916,0,0,36,36,156,88,81,169
11,5616,4704,0,0,6,6,936,737,784,1521
11,5616,4725,0,0,27,27,208,176,175,351
11,5624,74,0,0,74,74,76,143,1,144
11,5626,485,0,0,97,97,58,319,5,324
11,5628,7,0,0,7,7,804,1023,1,1024
11,5628,469,0,0,7,7,804,2816,67,2883
11,5632,128,0,0,64,64,88,121,4,125
11,5632,5632,0,0,22,22,256,473,256,729
11,5640,30,0,0,6,6,940,1408,5,1413
11,5640,470,0,0,94,94,60,88,5,93
11,5640,1410,0,0,30,30,188,209,47,256
11,5644,166,0,0,83,83,68,121,4,125
11,5644,5644,0,0,34,34,166,77,166,243
11,5644,5644,0,0,83,83,68,275,68,343
11,5652,9,0,0,9,9,628,1727,1,1728
11,5652,225,0,0,9,9,628,704,25,729
11,5652,225,0,0,9,9,628,2376,25,2401
11,5652,2304,0,0,9,9,628,363,512,875
11,5658,328,0,0,41,41,138,605,16,621
11,5662,475,0,0,19,19,298,704,25,729
11,5664,384,0,0,8,8,708,1331,144,1475
11,5670,27,0,0,27,27,210,264,1,265
11,5670,27,0,0,27,27,210,440,1,441
11,5670,27,0,0,27,27,210,539,1,540
11,5670,27,0,0,27,27,210,1749,1,1750
11,5670,45,0,0,9,9,630,891,5,896
11,5670,49,0,0,7,7,810,7040,7,7047
11,5670,60,0,0,15,15,378,847,8,855
11,5670,126,0,0,63,63,90,121,4,125
11,5670,225,0,0,9,9,630,704,25,729
11,5670,225,0,0,9,9,630,2376,25,2401
11,5670,243,0,0,9,9,630,869,27,896
11,5670,324,0,0,81,81,70,77,4,81
11,5670,357,0,0,21,21,270,495,17,512
11,5670,675,0,0,27,27,210,231,25,256
11,5670,675,0,0,27,27,210,704,25,729
11,5670,896,0,0,7,7,810,1331,384,1715
11,5670,1512,0,0,27,27,210,1375,56,1431
11,5670,2304,0,0,9,9,630,363,512,875
11,5670,2304,0,0,9,9,630,869,256,1125
11,5670,2400,0,0,15,15,378,121,320,441
11,5670,2565,0,0,15,15,378,704,171,875
11,5670,3888,0,0,81,81,70,77,48,125
11,5670,4977,0,0,9,9,630,176,553,729
11,5670,5103,0,0,63,63,90,44,81,125
11,5670,5670,0,0,81,81,70,11,70,81
11,5676,11,0,0,11,11,516,1848,1,1849
11,5676,352,0,0,22,22,258,1859,16,1875
11,5676,474,0,0,6,6,946,2673,79,2752
11,5676,594,0,0,22,22,258,473,27,500
11,5676,4851,0,0,11,11,516,1408,441,1849
11,5680,3040,0,0,10,10,568,121,608,729
11,5680,3610,0,0,10,10,568,264,361,625
11,5680,3610,0,0,10,10,568,704,361,1065
11,5684,490,0,0,98,98,58,319,5,324
11,5688,474,0,0,6,6,948,3971,79,4050
11,5688,750,0,0,6,6,948,3971,125,4096
11,5688,948,0,0,6,6,948,1331,474,1805
11,5688,3072,0,0,12,12,474,297,256,553
11,5688,3072,0,0,12,12,474,3773,256,4029
11,5688,3468,0,0,12,12,474,264,289,553
11,5688,3468,0,0,12,12,474,2112,289,2401
11,5694,73,0,0,73,73,78,99,1,100
11,5694,73,0,0,73,73,78,143,1,144
11,5694,1825,0,0,73,73,78,704,25,729
11,5696,2592,0,0,32,32,178,275,81,356
11,5698,481,0,0,37,37,154,176,13,189
11,5698,888,0,0,37,37,154,121,48,169
11,5700,57,0,0,57,57,100,374,1,375
11,5700,75,0,0,75,75,76,143,1,144
11,5700,90,0,0,10,10,570,836,9,845
11,5700,200,0,0,25,25,228,605,16,621
11,5700,342,0,0,38,38,150,352,9,361
11,5700,475,0,0,19,19,300,704,25,729
11,5700,475,0,0,95,95,60,88,5,93
11,5700,480,0,0,30,30,190,209,16,225
11,5700,750,0,0,6,6,950,3971,125,4096
11,5700,750,0,0,30,30,190,704,25,729
11,5700,800,0,0,25,25,228,253,32,285
11,5700,1425,0,0,57,57,100,264,25,289
11,5700,1425,0,0,57,57,100,704,25,729
11,5700,1938,0,0,6,6,950,3773,323,4096
11,5700,2432,0,0,38,38,150,297,64,361
11,5700,3000,0,0,25,25,228,121,240,361
11,5700,3610,0,0,10,10,570,264,361,625
11,5700,4050,0,0,25,25,228,275,162,437
11,5700,4160,0,0,10,10,570,209,416,625
11,5700,5250,0,0,6,6,950,5984,875,6859
11,5712,168,0,0,56,56,102,286,3,289
11,5712,168,0,0,84,84,68,121,4,125
11,5712,170,0,0,34,34,168,187,5,192
11,5712,170,0,0,34,34,168,352,5,357
11,5712,170,0,0,34,34,168,539,5,544
11,5712,170,0,0,34,34,168,891,5,896
11,5712,216,0,0,24,24,238,616,9,625
11,5712,350,0,0,14,14,408,704,25,729
11,5712,432,0,0,8,8,714,1969,54,2023
11,5712,476,0,0,34,34,168,275,14,289
11,5712,850,0,0,34,34,168,231,25,256
11,5712,850,0,0,34,34,168,264,25,289
11,5712,850,0,0,34,34,168,704,25,729
11,5712,896,0,0,56,56,102,121,32,153
11,5712,918,0,0,34,34,168,121,54,175
11,5712,1536,0,0,24,24,238,561,64,625
11,5712,1666,0,0,34,34,168,176,49,225
11,5712,1666,0,0,34,34,168,275,49,324
11,5712,1666,0,0,34,34,168,495,49,544
11,5712,2016,0,0,24,24,238,121,168,289
11,5712,3072,0,0,24,24,238,187,128,315
11,5712,3072,0,0,24,24,238,297,128,425
11,5712,3072,0,0,24,24,238,1331,384,1715
11,5712,4046,0,0,14,14,408,440,289,729
11,5712,4590,0,0,34,34,168,154,135,289
11,5712,5712,0,0,84,84,68,275,68,343
11,5720,104,0,0,52,52,110,121,4,125
11,5720,130,0,0,65,65,88,121,4,125
11,5720,176,0,0,11,11,520,825,16,841
11,5720,176,0,0,11,11,520,1859,16,1875
11,5720,275,0,0,11,11,520,704,25,729
11,5720,4147,0,0,11,11,520,352,377,729
11,5724,18,0,0,18,18,318,2915,1,2916
11,5724,1434,0,0,6,6,954,1331,717,2048
11,5740,328,0,0,82,82,70,77,4,81
11,5740,3936,0,0,82,82,70,77,48,125
11,5740,5600,0,0,7,7,820,4961,1600,6561
11,5740,5740,0,0,82,82,70,11,70,81
11,5742,495,0,0,99,99,58,319,5,324
11,5744,200,0,0,8,8,718,704,25,729
11,5744,5744,0,0,8,8,718,11,718,729
11,5746,2197,0,0,13,13,442,121,338,459
11,5746,2197,0,0,13,13,442,407,169,576
11,5750,25,0,0,25,25,230,319,1,320
11,5754,21,0,0,21,21,274,528,1,529
11,5760,18,0,0,9,9,640,2673,2,2675
11,5760,96,0,0,6,6,960,1859,16,1875
11,5760,128,0,0,64,64,90,121,4,125
11,5760,480,0,0,96,96,60,88,5,93
11,5760,896,0,0,32,32,180,297,28,325
11,5760,1350,0,0,6,6,960,1144,225,1369
11,5760,1620,0,0,20,20,288,319,81,400
11,5760,2432,0,0,8,8,720,121,608,729
11,5760,2592,0,0,32,32,180,143,81,224
11,5760,2592,0,0,32,32,180,1144,81,1225
11,5760,2592,0,0,32,32,180,1375,81,1456
11,5760,4000,0,0,32,32,180,99,125,224
11,5760,5120,0,0,32,32,180,121,320,441
11,5760,5184,0,0,64,64,90,44,81,125
11,5760,5408,0,0,32,32,180,55,169,224
11,5760,5408,0,0,32,32,180,231,169,400
11,5760,5408,0,0,32,32,180,1056,169,1225
11,5766,31,0,0,31,31,186,1023,1,1024
11,5772,74,0,0,74,74,78,99,1,100
11,5772,74,0,0,74,74,78,143,1,144
11,5772,888,0,0,37,37,156,121,48,169
11,5772,962,0,0,26,26,222,539,37,576
11,5772,1850,0,0,74,74,78,704,25,729
11,5772,2997,0,0,37,37,156,88,81,169
11,5776,76,0,0,76,76,76,143,1,144
11,5776,171,0,0,19,19,304,352,9,361
11,5776,1216,0,0,19,19,304,297,64,361
11,5776,5776,0,0,19,19,304,121,608,729
11,5780,17,0,0,17,17,340,374,1,375
11,5780,170,0,0,85,85,68,121,4,125
11,5780,2040,0,0,17,17,340,121,240,361
11,5780,5780,0,0,85,85,68,275,68,343
11,5782,21,0,0,7,7,826,3773,3,3776
11,5796,21,0,0,21,21,276,528,1,529
11,5796,336,0,0,42,42,138,605,16,621
11,5796,1792,0,0,7,7,828,5819,256,6075
11,5800,58,0,0,58,58,100,374,1,375
11,5800,500,0,0,100,100,58,319,5,324
11,5800,1450,0,0,58,58,100,264,25,289
11,5800,1450,0,0,58,58,100,704,25,729
11,5800,2500,0,0,20,20,290,803,125,928
11,5800,3600,0,0,10,10,580,121,720,841
11,5800,5800,0,0,25,25,232,11,232,243
11,5808,132,0,0,66,66,88,121,4,125
11,5808,1512,0,0,8,8,726,1859,189,2048
11,5808,2744,0,0,8,8,726,2816,343,3159
11,5810,332,0,0,83,83,70,77,4,81
11,5810,3984,0,0,83,83,70,77,48,125
11,5810,5810,0,0,35,35,166,77,166,243
11,5810,5810,0,0,83,83,70,11,70,81
11,5814,171,0,0,57,57,102,286,3,289
11,5814,912,0,0,57,57,102,121,32,153
11,5814,4352,0,0,17,17,342,473,256,729
11,5820,240,0,0,15,15,388,1859,16,1875
11,5820,375,0,0,15,15,388,704,25,729
11,5820,485,0,0,97,97,60,88,5,93
11,5824,16,0,0,8,8,728,3575,2,3577
11,5824,16,0,0,16,16,364,671,1,672
11,5824,16,0,0,16,16,364,792,1,793
11,5824,28,0,0,28,28,208,440,1,441
11,5824,28,0,0,28,28,208,539,1,540
11,5824,28,0,0,28,28,208,1573,2,1575
11,5824,28,0,0,28,28,208,2079,1,2080
11,5824,2744,0,0,28,28,208,1331,294,1625
11,5824,2800,0,0,28,28,208,143,100,243
11,5824,3276,0,0,13,13,448,121,504,625
11,5824,4900,0,0,28,28,208,176,175,351
11,5828,1457,0,0,31,31,188,209,47,256
11,5830,106,0,0,53,53,110,121,4,125
11,5830,1375,0,0,11,11,530,3971,125,4096
11,5832,9,0,0,9,9,648,4224,1,4225
11,5840,488,0,0,8,8,730,803,61,864
11,5840,648,0,0,8,8,730,4015,81,4096
11,5848,172,0,0,86,86,68,121,4,125
11,5848,5848,0,0,86,86,68,275,68,343
11,5850,75,0,0,15,15,390,891,5,896
11,5850,75,0,0,75,75,78,99,1,100
11,5850,75,0,0,75,75,78,143,1,144
11,5850,105,0,0,15,15,390,825,7,832
11,5850,105,0,0,15,15,390,1331,21,1352
11,5850,130,0,0,65,65,90,121,4,125
11,5850,240,0,0,15,15,390,605,32,637
11,5850,240,0,0,15,15,390,1859,16,1875
11,5850,351,0,0,39,39,150,352,9,361
11,5850,675,0,0,25,25,234,649,27,676
11,5850,1875,0,0,75,75,78,704,25,729
11,5850,1920,0,0,15,15,390,1331,384,1715
11,5850,2496,0,0,39,39,150,297,64,361
11,5850,5265,0,0,65,65,90,44,81,125
11,5852,38,0,0,19,19,308,341,2,343
11,5852,77,0,0,77,77,76,143,1,144
11,5852,494,0,0,38,38,154,176,13,189
11,5852,912,0,0,38,38,154,121,48,169
11,5852,1568,0,0,14,14,418,3025,224,3249
11,5852,2948,0,0,22,22,266,209,134,343
11,5852,4802,0,0,14,14,418,132,343,475
11,5852,4802,0,0,14,14,418,297,343,640
11,5858,505,0,0,101,101,58,319,5,324
11,5860,160,0,0,10,10,586,847,32,879
11,5868,6,0,0,6,6,978,4400,1,4401
11,5874,2673,0,0,33,33,178,275,81,356
11,5880,28,0,0,28,28,210,264,1,265
11,5880,28,0,0,28,28,210,440,1,441
11,5880,28,0,0,28,28,210,539,1,540
11,5880,28,0,0,28,28,210,1749,1,1750
11,5880,50,0,0,10,10,588,891,5,896
11,5880,105,0,0,21,21,280,891,5,896
11,5880,147,0,0,21,21,280,2585,7,2592
11,5880,160,0,0,10,10,588,3465,16,3481
11,5880,175,0,0,35,35,168,187,5,192
11,5880,175,0,0,35,35,168,352,5,357
11,5880,175,0,0,35,35,168,539,5,544
11,5880,175,0,0,35,35,168,891,5,896
11,5880,336,0,0,84,84,70,77,4,81
11,5880,490,0,0,35,35,168,275,14,289
11,5880,490,0,0,98,98,60,88,5,93
11,5880,700,0,0,28,28,210,231,25,256
11,5880,700,0,0,28,28,210,704,25,729
11,5880,875,0,0,35,35,168,231,25,256
11,5880,875,0,0,35,35,168,264,25,289
11,5880,875,0,0,35,35,168,704,25,729
11,5880,945,0,0,35,35,168,121,54,175
11,5880,1029,0,0,21,21,280,275,49,324
11,5880,1029,0,0,21,21,280,891,49,940
11,5880,1029,0,0,21,21,280,1551,49,1600
11,5880,1280,0,0,10,10,588,1331,384,1715
11,5880,1568,0,0,28,28,210,1375,56,1431
11,5880,1715,0,0,35,35,168,176,49,225
11,5880,1715,0,0,35,35,168,275,49,324
11,5880,1715,0,0,35,35,168,495,49,544
11,5880,2688,0,0,21,21,280,1331,384,1715
11,5880,2954,0,0,14,14,420,275,211,486
11,5880,2954,0,0,14,14,420,539,211,750
11,5880,4032,0,0,84,84,70,77,48,125
11,5880,4725,0,0,35,35,168,154,135,289
11,5880,4802,0,0,14,14,420,297,343,640
11,5880,5880,0,0,84,84,70,11,70,81
11,5888,5888,0,0,23,23,256,473,256,729
11,5890,496,0,0,31,31,190,209,16,225
11,5890,775,0,0,31,31,190,704,25,729
11,5890,1539,0,0,19,19,310,880,81,961
11,5890,2375,0,0,19,19,310,1859,125,1984
11,5890,3211,0,0,19,19,310,792,169,961
11,5896,134,0,0,67,67,88,121,4,125
11,5900,59,0,0,59,59,100,374,1,375
11,5900,1475,0,0,59,59,100,264,25,289
11,5900,1475,0,0,59,59,100,704,25,729
11,5904,492,0,0,12,12,492,4576,41,4617
11,5904,648,0,0,12,12,492,1573,108,1681
11,5904,2496,0,0,12,12,492,363,416,779
11,5904,5904,0,0,18,18,328,297,328,625
11,5916,153,0,0,17,17,348,616,9,625
11,5916,174,0,0,58,58,102,286,3,289
11,5916,174,0,0,87,87,68,121,4,125
11,5916,510,0,0,102,102,58,319,5,324
11,5916,928,0,0,58,58,102,121,32,153
11,5916,2176,0,0,17,17,348,1331,384,1715
11,5916,5916,0,0,87,87,68,275,68,343
11,5920,496,0,0,16,16,370,594,31,625
11,5920,992,0,0,16,16,370,605,124,729
11,5920,1024,0,0,16,16,370,341,64,405
11,5922,81,0,0,9,9,658,2200,9,2209
11,5922,5625,0,0,9,9,658,1584,625,2209
11,5928,76,0,0,76,76,78,99,1,100
11,5928,76,0,0,76,76,78,143,1,144
11,5928,78,0,0,78,78,76,143,1,144
11,5928,208,0,0,26,26,228,605,16,621
11,5928,832,0,0,26,26,228,253,32,285
11,5928,912,0,0,38,38,156,121,48,169
11,5928,1900,0,0,76,76,78,704,25,729
11,5928,3078,0,0,38,38,156,88,81,169
11,5928,3120,0,0,26,26,228,121,240,361
11,5928,3952,0,0,13,13,456,121,608,729
11,5928,4212,0,0,26,26,228,275,162,437
11,5934,344,0,0,43,43,138,605,16,621
11,5934,368,0,0,23,23,258,1859,16,1875
11,5934,621,0,0,23,23,258,473,27,500
11,5936,392,0,0,8,8,742,2662,147,2809
11,5940,108,0,0,54,54,110,121,4,125
11,5940,132,0,0,66,66,90,121,4,125
11,5940,275,0,0,11,11,540,704,25,729
11,5940,374,0,0,22,22,270,495,17,512
11,5940,495,0,0,99,99,60,88,5,93
11,5940,924,0,0,33,33,180,297,28,325
11,5940,1584,0,0,11,11,540,2981,144,3125
11,5940,2673,0,0,33,33,180,143,81,224
11,5940,2673,0,0,33,33,180,1144,81,1225
11,5940,2673,0,0,33,33,180,1375,81,1456
11,5940,4125,0,0,33,33,180,99,125,224
11,5940,5280,0,0,33,33,180,121,320,441
11,5940,5346,0,0,66,66,90,44,81,125
11,5940,5577,0,0,33,33,180,55,169,224
11,5940,5577,0,0,33,33,180,231,169,400
11,5940,5577,0,0,33,33,180,1056,169,1225
11,5950,112,0,0,7,7,850,3179,16,3195
11,5950,225,0,0,25,25,238,616,9,625
11,5950,340,0,0,85,85,70,77,4,81
11,5950,497,0,0,7,7,850,5049,71,5120
11,5950,1600,0,0,25,25,238,561,64,625
11,5950,2023,0,0,7,7,850,4752,289,5041
11,5950,2100,0,0,25,25,238,121,168,289
11,5950,3200,0,0,25,25,238,187,128,315
11,5950,3200,0,0,25,25,238,297,128,425
11,5950,3200,0,0,25,25,238,1331,384,1715
11,5950,4080,0,0,85,85,70,77,48,125
11,5950,5950,0,0,85,85,70,11,70,81
11,5952,12,0,0,12,12,496,1023,1,1024
11,5952,32,0,0,32,32,186,1023,1,1024
11,5960,500,0,0,20,20,298,704,25,729
11,5964,497,0,0,7,7,852,2673,71,2744
11,5964,498,0,0,6,6,994,1408,83,1491
11,5974,515,0,0,103,103,58,319,5,324
11,5976,300,0,0,12,12,498,704,25,729
11,5976,5976,0,0,36,36,166,77,166,243
11,5980,26,0,0,26,26,230,319,1,320
11,5980,40,0,0,10,10,598,1859,4,1863
11,5980,117,0,0,13,13,460,616,9,625
11,5980,1690,0,0,10,10,598,506,169,675
11,5980,5980,0,0,10,10,598,1331,1794,3125
11,5984,16,0,0,8,8,748,1375,2,1377
11,5984,77,0,0,11,11,544,1331,21,1352
11,5984,136,0,0,68,68,88,121,4,125
11,5984,176,0,0,88,88,68,121,4,125
11,5984,5984,0,0,88,88,68,275,68,343
11,5992,14,0,0,14,14,428,1375,1,1376
11,5994,999,0,0,27,27,222,539,37,576
11,6000,60,0,0,60,60,100,374,1,375
11,6000,360,0,0,40,40,150,352,9,361
11,6000,500,0,0,20,20,300,704,25,729
11,6000,500,0,0,100,100,60,88,5,93
11,6000,1500,0,0,60,60,100,264,25,289
11,6000,1500,0,0,60,60,100,704,25,729
11,6000,2560,0,0,40,40,150,297,64,361
11,6004,79,0,0,79,79,76,143,1,144
11,6006,77,0,0,11,11,546,1331,21,1352
11,6006,77,0,0,77,77,78,99,1,100
11,6006,77,0,0,77,77,78,143,1,144
11,6006,507,0,0,39,39,154,176,13,189
11,6006,704,0,0,11,11,546,1573,128,1701
11,6006,936,0,0,39,39,154,121,48,169
11,6006,1925,0,0,77,77,78,704,25,729
11,6016,1504,0,0,32,32,188,209,47,256
11,6018,177,0,0,59,59,102,286,3,289
11,6018,944,0,0,59,59,102,121,32,153
11,6020,14,0,0,14,14,430,1375,1,1376
11,6020,344,0,0,86,86,70,77,4,81
11,6020,350,0,0,14,14,430,704,25,729
11,6020,3584,0,0,14,14,430,473,256,729
11,6020,4128,0,0,86,86,70,77,48,125
11,6020,6020,0,0,86,86,70,11,70,81
11,6028,22,0,0,22,22,274,528,1,529
11,6030,134,0,0,67,67,90,121,4,125
11,6030,288,0,0,9,9,670,1375,32,1407
11,6030,603,0,0,9,9,670,3773,67,3840
11,6030,2187,0,0,9,9,670,737,243,980
11,6030,5427,0,0,67,67,90,44,81,125
11,6030,6030,0,0,9,9,670,847,1340,2187
11,6032,29,0,0,29,29,208,440,1,441
11,6032,29,0,0,29,29,208,539,1,540
11,6032,29,0,0,29,29,208,1573,2,1575
11,6032,520,0,0,104,104,58,319,5,324
11,6032,2842,0,0,29,29,208,1331,294,1625
11,6032,2900,0,0,29,29,208,143,100,243
11,6032,5075,0,0,29,29,208,176,175,351
11,6032,6032,0,0,26,26,232,11,232,243
11,6042,19,0,0,19,19,318,2915,1,2916
11,6048,64,0,0,16,16,378,847,8,855
11,6048,180,0,0,36,36,168,187,5,192
11,6048,180,0,0,36,36,168,352,5,357
11,6048,180,0,0,36,36,168,539,5,544
11,6048,180,0,0,36,36,168,891,5,896
11,6048,504,0,0,36,36,168,275,14,289
11,6048,900,0,0,36,36,168,231,25,256
11,6048,900,0,0,36,36,168,264,25,289
11,6048,900,0,0,36,36,168,704,25,729
11,6048,972,0,0,36,36,168,121,54,175
11,6048,1701,0,0,21,21,288,319,81,400
11,6048,1764,0,0,36,36,168,176,49,225
11,6048,1764,0,0,36,36,168,275,49,324
11,6048,1764,0,0,36,36,168,495,49,544
11,6048,2560,0,0,16,16,378,121,320,441
11,6048,2736,0,0,16,16,378,704,171,875
11,6048,4860,0,0,36,36,168,154,135,289
11,6050,110,0,0,55,55,110,121,4,125
11,6052,178,0,0,89,89,68,121,4,125
11,6052,2754,0,0,34,34,178,275,81,356
11,6052,6052,0,0,89,89,68,275,68,343
11,6058,6058,0,0,13,13,466,121,932,1053
11,6060,505,0,0,101,101,60,88,5,93
11,6072,22,0,0,22,22,276,528,1,529
11,6072,138,0,0,69,69,88,121,4,125
11,6072,352,0,0,44,44,138,605,16,621
