U,d,sigma1,sigma2,sigma3,r,t,e,a,b,n
13,1848,11,0,0,11,11,168,195,1,196
13,1848,11,0,0,11,11,168,624,1,625
13,1848,11,0,0,11,11,168,728,1,729
13,1848,11,0,0,11,11,168,832,1,833
13,1848,11,0,0,11,11,168,1274,1,1275
13,1848,28,0,0,28,28,66,143,1,144
13,1848,28,0,0,28,28,66,351,1,352
13,1848,36,0,0,4,4,462,832,9,841
13,1848,84,0,0,28,28,66,286,3,289
13,1848,88,0,0,4,4,462,819,22,841
13,1848,99,0,0,3,3,616,1339,33,1372
13,1848,132,0,0,12,12,154,637,11,648
13,1848,133,0,0,7,7,264,429,19,448
13,1848,176,0,0,22,22,84,559,8,567
13,1848,275,0,0,11,11,168,416,25,441
13,1848,924,0,0,84,84,22,117,11,128
13,1848,1276,0,0,4,4,462,1053,319,1372
13,1848,1344,0,0,21,21,88,169,128,297
13,1848,1536,0,0,3,3,616,819,512,1331
13,1848,1848,0,0,66,66,28,169,56,225
13,1850,1600,0,0,5,5,370,507,640,1147
13,1856,29,0,0,29,29,64,143,1,144
13,1856,29,0,0,29,29,64,351,1,352
13,1856,256,0,0,32,32,58,117,8,125
13,1856,1856,0,0,2,2,928,169,1856,2025
13,1856,1856,0,0,29,29,64,169,128,297
13,1860,40,0,0,5,5,372,1573,8,1581
13,1860,135,0,0,15,15,124,208,9,217
13,1860,248,0,0,31,31,60,117,8,125
13,1870,544,0,0,17,17,110,143,32,175
13,1870,935,0,0,85,85,22,117,11,128
13,1872,252,0,0,9,9,208,169,56,225
13,1876,134,0,0,2,2,938,8125,67,8192
13,1876,658,0,0,2,2,938,4160,329,4489
13,1876,1876,0,0,67,67,28,169,56,225
13,1880,5,0,0,5,5,376,728,1,729
13,1880,8,0,0,2,2,940,2197,12,2209
13,1880,47,0,0,47,47,40,104,1,105
13,1880,47,0,0,47,47,40,195,1,196
13,1880,141,0,0,47,47,40,169,6,175
13,1880,752,0,0,47,47,40,65,16,81
13,1880,1152,0,0,2,2,940,2197,1728,3925
13,1884,1728,0,0,3,3,628,2197,1728,3925
13,1886,736,0,0,23,23,82,91,32,123
13,1888,16,0,0,16,16,118,624,1,625
13,1888,16,0,0,16,16,118,767,1,768
13,1888,136,0,0,8,8,236,767,17,784
13,1888,1888,0,0,16,16,118,169,236,405
13,1890,5,0,0,5,5,378,455,1,456
13,1890,5,0,0,5,5,378,624,1,625
13,1890,5,0,0,5,5,378,728,1,729
13,1890,15,0,0,5,5,378,637,3,640
13,1890,21,0,0,21,21,90,299,1,300
13,1890,21,0,0,21,21,90,624,1,625
13,1890,80,0,0,5,5,378,1183,32,1215
13,1890,135,0,0,27,27,70,91,5,96
13,1890,252,0,0,9,9,210,169,56,225
13,1890,375,0,0,3,3,630,1027,125,1152
13,1890,486,0,0,27,27,70,325,18,343
13,1890,525,0,0,21,21,90,299,25,324
13,1890,567,0,0,21,21,90,598,27,625
13,1890,1890,0,0,5,5,378,247,378,625
13,1892,946,0,0,86,86,22,117,11,128
13,1896,2,0,0,2,2,948,3159,1,3160
13,1896,2,0,0,2,2,948,6240,1,6241
13,1896,1250,0,0,2,2,948,5616,625,6241
13,1900,100,0,0,10,10,190,351,10,361
13,1900,171,0,0,19,19,100,416,9,425
13,1900,360,0,0,10,10,190,325,36,361
13,1904,32,0,0,8,8,238,455,4,459
13,1904,136,0,0,2,2,952,2197,204,2401
13,1904,256,0,0,8,8,238,325,32,357
13,1904,833,0,0,17,17,112,312,49,361
13,1904,1088,0,0,8,8,238,169,272,441
13,1904,1904,0,0,68,68,28,169,56,225
13,1908,3,0,0,3,3,636,2808,1,2809
13,1908,1056,0,0,3,3,636,377,352,729
13,1912,1912,0,0,4,4,478,169,956,1125
13,1914,29,0,0,29,29,66,143,1,144
13,1914,29,0,0,29,29,66,351,1,352
13,1914,87,0,0,29,29,66,286,3,289
13,1914,264,0,0,33,33,58,117,8,125
13,1914,957,0,0,87,87,22,117,11,128
13,1920,4,0,0,4,4,480,624,1,625
13,1920,30,0,0,30,30,64,143,1,144
13,1920,30,0,0,30,30,64,351,1,352
13,1920,48,0,0,48,48,40,104,1,105
13,1920,48,0,0,48,48,40,195,1,196
13,1920,64,0,0,8,8,240,1859,16,1875
13,1920,144,0,0,48,48,40,169,6,175
13,1920,256,0,0,32,32,60,117,8,125
13,1920,321,0,0,3,3,640,2080,107,2187
13,1920,768,0,0,48,48,40,65,16,81
13,1920,1920,0,0,30,30,64,169,128,297
13,1924,65,0,0,13,13,148,481,5,486
13,1932,140,0,0,14,14,138,169,20,189
13,1932,184,0,0,23,23,84,559,8,567
13,1932,294,0,0,14,14,138,299,21,320
13,1932,686,0,0,14,14,138,351,49,400
13,1932,686,0,0,14,14,138,975,49,1024
13,1932,1750,0,0,14,14,138,91,125,216
13,1932,1932,0,0,69,69,28,169,56,225
13,1936,968,0,0,88,88,22,117,11,128
13,1936,1408,0,0,22,22,88,169,128,297
13,1944,72,0,0,18,18,108,117,4,121
13,1944,1944,0,0,18,18,108,13,108,121
13,1946,1946,0,0,7,7,278,65,278,343
13,1950,117,0,0,13,13,150,247,9,256
13,1952,28,0,0,4,4,488,793,7,800
13,1956,32,0,0,2,2,978,1183,32,1215
13,1956,972,0,0,2,2,978,169,972,1141
13,1958,979,0,0,89,89,22,117,11,128
13,1958,1958,0,0,11,11,178,65,178,243
13,1960,10,0,0,10,10,196,351,1,352
13,1960,10,0,0,10,10,196,728,1,729
13,1960,49,0,0,7,7,280,416,7,423
13,1960,49,0,0,49,49,40,104,1,105
13,1960,49,0,0,49,49,40,195,1,196
13,1960,140,0,0,28,28,70,91,5,96
13,1960,147,0,0,49,49,40,169,6,175
13,1960,160,0,0,10,10,196,507,32,539
13,1960,504,0,0,28,28,70,325,18,343
13,1960,686,0,0,7,7,280,325,98,423
13,1960,784,0,0,49,49,40,65,16,81
13,1960,810,0,0,10,10,196,143,81,224
13,1960,1323,0,0,7,7,280,611,189,800
13,1960,1960,0,0,7,7,280,169,560,729
13,1960,1960,0,0,70,70,28,169,56,225
13,1962,1962,0,0,9,9,218,169,436,605
13,1968,264,0,0,6,6,328,325,44,369
13,1968,330,0,0,6,6,328,2132,55,2187
13,1968,768,0,0,24,24,82,91,32,123
13,1968,1968,0,0,6,6,328,169,656,825
13,1972,272,0,0,34,34,58,117,8,125
13,1974,24,0,0,3,3,658,1859,16,1875
13,1974,141,0,0,3,3,658,1053,47,1100
13,1974,141,0,0,3,3,658,1573,47,1620
13,1974,141,0,0,3,3,658,3328,47,3375
13,1974,147,0,0,3,3,658,975,49,1024
13,1974,147,0,0,3,3,658,1040,49,1089
13,1974,225,0,0,3,3,658,611,75,686
13,1974,375,0,0,3,3,658,1144,125,1269
13,1974,375,0,0,3,3,658,2548,125,2673
13,1974,1551,0,0,3,3,658,455,517,972
13,1974,1584,0,0,3,3,658,169,1056,1225
13,1974,1974,0,0,3,3,658,169,1316,1485
13,1980,9,0,0,9,9,220,351,1,352
13,1980,9,0,0,9,9,220,624,1,625
13,1980,9,0,0,9,9,220,1664,1,1665
13,1980,22,0,0,22,22,90,299,1,300
13,1980,22,0,0,22,22,90,624,1,625
13,1980,30,0,0,30,30,66,143,1,144
13,1980,30,0,0,30,30,66,351,1,352
13,1980,90,0,0,30,30,66,286,3,289
13,1980,242,0,0,2,2,990,2197,363,2560
13,1980,242,0,0,2,2,990,4563,242,4805
13,1980,243,0,0,9,9,220,325,27,352
13,1980,243,0,0,9,9,220,1573,27,1600
13,1980,264,0,0,33,33,60,117,8,125
13,1980,498,0,0,6,6,330,429,83,512
13,1980,498,0,0,6,6,330,1248,83,1331
13,1980,498,0,0,6,6,330,1859,166,2025
13,1980,550,0,0,22,22,90,299,25,324
13,1980,576,0,0,9,9,220,169,128,297
13,1980,576,0,0,18,18,110,143,32,175
13,1980,594,0,0,22,22,90,598,27,625
13,1980,990,0,0,90,90,22,117,11,128
13,1980,1296,0,0,9,9,220,481,144,625
13,1980,1408,0,0,11,11,180,117,128,245
13,1984,31,0,0,31,31,64,143,1,144
13,1984,31,0,0,31,31,64,351,1,352
13,1984,142,0,0,2,2,992,6656,71,6727
13,1984,144,0,0,16,16,124,208,9,217
13,1984,1984,0,0,31,31,64,169,128,297
13,1988,1988,0,0,71,71,28,169,56,225
13,1998,9,0,0,9,9,222,728,1,729
13,1998,48,0,0,3,3,666,2171,16,2187
13,2000,24,0,0,8,8,250,637,3,640
13,2000,50,0,0,50,50,40,104,1,105
13,2000,50,0,0,50,50,40,195,1,196
13,2000,128,0,0,8,8,250,1183,32,1215
13,2000,144,0,0,8,8,250,325,18,343
13,2000,150,0,0,50,50,40,169,6,175
13,2000,180,0,0,20,20,100,416,9,425
13,2000,800,0,0,50,50,40,65,16,81
13,2000,1080,0,0,8,8,250,208,135,343
13,2002,143,0,0,13,13,154,637,11,648
13,2002,1001,0,0,91,91,22,117,11,128
13,2006,17,0,0,17,17,118,624,1,625
13,2006,17,0,0,17,17,118,767,1,768
13,2006,2006,0,0,17,17,118,169,236,405
13,2008,2008,0,0,4,4,502,1183,1004,2187
13,2010,840,0,0,3,3,670,169,560,729
13,2016,12,0,0,12,12,168,195,1,196
13,2016,12,0,0,12,12,168,624,1,625
13,2016,12,0,0,12,12,168,728,1,729
13,2016,12,0,0,12,12,168,832,1,833
13,2016,12,0,0,12,12,168,1274,1,1275
13,2016,92,0,0,4,4,504,1001,23,1024
13,2016,192,0,0,24,24,84,559,8,567
13,2016,196,0,0,4,4,504,572,49,621
13,2016,300,0,0,12,12,168,416,25,441
13,2016,882,0,0,18,18,112,312,49,361
13,2016,2016,0,0,72,72,28,169,56,225
13,2024,1012,0,0,92,92,22,117,11,128
13,2024,1472,0,0,23,23,88,169,128,297
13,2030,145,0,0,29,29,70,91,5,96
13,2030,280,0,0,35,35,58,117,8,125
13,2030,340,0,0,5,5,406,2197,204,2401
13,2030,522,0,0,29,29,70,325,18,343
13,2032,4,0,0,4,4,508,624,1,625
13,2032,4,0,0,4,4,508,2600,1,2601
13,2032,64,0,0,4,4,508,3159,16,3175
13,2032,1156,0,0,4,4,508,351,289,640
13,2032,2032,0,0,4,4,508,117,508,625
13,2032,2032,0,0,4,4,508,221,508,729
13,2034,51,0,0,3,3,678,2808,17,2825
13,2034,864,0,0,9,9,226,169,192,361
13,2040,51,0,0,51,51,40,104,1,105
13,2040,51,0,0,51,51,40,195,1,196
13,2040,153,0,0,51,51,40,169,6,175
13,2040,272,0,0,34,34,60,117,8,125
13,2040,816,0,0,51,51,40,65,16,81
13,2040,1156,0,0,4,4,510,351,289,640
13,2044,2044,0,0,73,73,28,169,56,225
13,2046,31,0,0,31,31,66,143,1,144
13,2046,31,0,0,31,31,66,351,1,352
13,2046,93,0,0,31,31,66,286,3,289
13,2046,1023,0,0,93,93,22,117,11,128
13,2046,1188,0,0,3,3,682,169,792,961
13,2048,32,0,0,32,32,64,143,1,144
13,2048,32,0,0,32,32,64,351,1,352
13,2048,2048,0,0,32,32,64,169,128,297
13,2050,800,0,0,25,25,82,91,32,123
13,2052,76,0,0,19,19,108,117,4,121
13,2052,81,0,0,9,9,228,247,9,256
13,2052,81,0,0,9,9,228,520,9,529
13,2052,2052,0,0,9,9,228,169,456,625
13,2052,2052,0,0,19,19,108,13,108,121
13,2060,2060,0,0,5,5,412,117,412,529
13,2064,148,0,0,4,4,516,1664,37,1701
13,2064,1290,0,0,3,3,688,299,430,729
13,2064,1875,0,0,3,3,688,104,625,729
13,2068,1034,0,0,94,94,22,117,11,128
13,2070,3,0,0,3,3,690,2249,1,2250
13,2070,23,0,0,23,23,90,299,1,300
13,2070,23,0,0,23,23,90,624,1,625
13,2070,150,0,0,15,15,138,169,20,189
13,2070,315,0,0,15,15,138,299,21,320
13,2070,575,0,0,23,23,90,299,25,324
13,2070,621,0,0,23,23,90,598,27,625
13,2070,735,0,0,15,15,138,351,49,400
13,2070,735,0,0,15,15,138,975,49,1024
13,2070,1875,0,0,3,3,690,104,625,729
13,2070,1875,0,0,15,15,138,91,125,216
13,2072,70,0,0,14,14,148,481,5,486
13,2072,2072,0,0,74,74,28,169,56,225
13,2080,52,0,0,52,52,40,104,1,105
13,2080,52,0,0,52,52,40,195,1,196
13,2080,156,0,0,52,52,40,169,6,175
13,2080,280,0,0,10,10,208,169,56,225
13,2080,832,0,0,52,52,40,65,16,81
13,2086,7,0,0,7,7,298,624,1,625
13,2088,27,0,0,3,3,696,832,9,841
13,2088,150,0,0,6,6,348,416,25,441
13,2088,288,0,0,36,36,58,117,8,125
13,2088,294,0,0,6,6,348,351,49,400
13,2088,294,0,0,6,6,348,975,49,1024
13,2088,384,0,0,6,6,348,377,64,441
13,2088,696,0,0,6,6,348,325,116,441
13,2090,10,0,0,5,5,418,1573,2,1575
13,2090,75,0,0,5,5,418,832,15,847
13,2090,110,0,0,11,11,190,351,10,361
13,2090,140,0,0,5,5,418,3211,56,3267
13,2090,396,0,0,11,11,190,325,36,361
13,2090,605,0,0,5,5,418,455,121,576
13,2090,605,0,0,5,5,418,1183,242,1425
13,2090,605,0,0,5,5,418,2197,363,2560
13,2090,608,0,0,19,19,110,143,32,175
13,2090,1045,0,0,95,95,22,117,11,128
13,2090,1375,0,0,5,5,418,637,275,912
13,2100,6,0,0,6,6,350,845,2,847
13,2100,7,0,0,7,7,300,624,1,625
13,2100,126,0,0,14,14,150,247,9,256
13,2100,150,0,0,30,30,70,91,5,96
13,2100,189,0,0,21,21,100,416,9,425
13,2100,200,0,0,25,25,84,559,8,567
13,2100,280,0,0,10,10,210,169,56,225
13,2100,280,0,0,35,35,60,117,8,125
13,2100,540,0,0,30,30,70,325,18,343
13,2100,2100,0,0,75,75,28,169,56,225
13,2108,153,0,0,17,17,124,208,9,217
13,2112,6,0,0,6,6,352,767,1,768
13,2112,32,0,0,4,4,528,1859,16,1875
13,2112,32,0,0,32,32,66,143,1,144
13,2112,32,0,0,32,32,66,351,1,352
13,2112,33,0,0,33,33,64,143,1,144
13,2112,33,0,0,33,33,64,351,1,352
13,2112,96,0,0,32,32,66,286,3,289
13,2112,152,0,0,8,8,264,429,19,448
13,2112,1056,0,0,96,96,22,117,11,128
13,2112,1536,0,0,24,24,88,169,128,297
13,2112,1600,0,0,4,4,528,689,400,1089
13,2112,2112,0,0,33,33,64,169,128,297
13,2120,53,0,0,53,53,40,104,1,105
13,2120,53,0,0,53,53,40,195,1,196
13,2120,159,0,0,53,53,40,169,6,175
13,2120,848,0,0,53,53,40,65,16,81
13,2120,1444,0,0,4,4,530,325,361,686
13,2124,18,0,0,18,18,118,624,1,625
13,2124,18,0,0,18,18,118,767,1,768
13,2124,153,0,0,9,9,236,767,17,784
13,2124,213,0,0,3,3,708,1404,71,1475
13,2124,2124,0,0,18,18,118,169,236,405
13,2128,4,0,0,4,4,532,728,1,729
13,2128,108,0,0,4,4,532,1664,27,1691
13,2128,672,0,0,7,7,304,169,192,361
13,2128,931,0,0,19,19,112,312,49,361
13,2128,2128,0,0,76,76,28,169,56,225
13,2132,832,0,0,26,26,82,91,32,123
13,2134,1067,0,0,97,97,22,117,11,128
13,2136,2136,0,0,12,12,178,65,178,243
13,2142,3,0,0,3,3,714,728,1,729
13,2142,3,0,0,3,3,714,832,1,833
13,2142,36,0,0,9,9,238,455,4,459
13,2142,49,0,0,7,7,306,884,7,891
13,2142,192,0,0,3,3,714,1547,64,1611
13,2142,288,0,0,9,9,238,325,32,357
13,2142,1224,0,0,9,9,238,169,272,441
13,2142,1792,0,0,7,7,306,1053,256,1309
13,2146,296,0,0,37,37,58,117,8,125
13,2150,5,0,0,5,5,430,624,1,625
13,2150,405,0,0,5,5,430,559,81,640
13,2156,11,0,0,11,11,196,351,1,352
13,2156,11,0,0,11,11,196,728,1,729
13,2156,154,0,0,14,14,154,637,11,648
13,2156,176,0,0,11,11,196,507,32,539
13,2156,891,0,0,11,11,196,143,81,224
13,2156,1078,0,0,98,98,22,117,11,128
13,2156,2156,0,0,77,77,28,169,56,225
13,2160,24,0,0,24,24,90,299,1,300
13,2160,24,0,0,24,24,90,624,1,625
13,2160,54,0,0,54,54,40,104,1,105
13,2160,54,0,0,54,54,40,195,1,196
13,2160,72,0,0,9,9,240,1859,16,1875
13,2160,80,0,0,20,20,108,117,4,121
13,2160,162,0,0,54,54,40,169,6,175
13,2160,288,0,0,36,36,60,117,8,125
13,2160,600,0,0,24,24,90,299,25,324
13,2160,648,0,0,24,24,90,598,27,625
13,2160,864,0,0,54,54,40,65,16,81
13,2160,1536,0,0,12,12,180,117,128,245
13,2160,2160,0,0,20,20,108,13,108,121
13,2170,155,0,0,31,31,70,91,5,96
13,2170,545,0,0,5,5,434,403,109,512
13,2170,558,0,0,31,31,70,325,18,343
13,2176,34,0,0,34,34,64,143,1,144
13,2176,34,0,0,34,34,64,351,1,352
13,2176,2176,0,0,34,34,64,169,128,297
13,2178,33,0,0,33,33,66,143,1,144
13,2178,33,0,0,33,33,66,351,1,352
13,2178,99,0,0,33,33,66,286,3,289
13,2178,384,0,0,3,3,726,1573,128,1701
13,2178,1089,0,0,99,99,22,117,11,128
13,2180,2180,0,0,10,10,218,169,436,605
13,2184,13,0,0,13,13,168,195,1,196
13,2184,13,0,0,13,13,168,624,1,625
13,2184,13,0,0,13,13,168,728,1,729
13,2184,13,0,0,13,13,168,832,1,833
13,2184,13,0,0,13,13,168,1274,1,1275
13,2184,208,0,0,26,26,84,559,8,567
13,2184,325,0,0,13,13,168,416,25,441
13,2184,2184,0,0,78,78,28,169,56,225
13,2190,6,0,0,3,3,730,1521,4,1525
13,2190,55,0,0,5,5,438,949,11,960
13,2190,1215,0,0,5,5,438,845,486,1331
13,2190,1728,0,0,3,3,730,949,576,1525
13,2200,10,0,0,10,10,220,351,1,352
13,2200,10,0,0,10,10,220,624,1,625
13,2200,10,0,0,10,10,220,1664,1,1665
13,2200,55,0,0,55,55,40,104,1,105
13,2200,55,0,0,55,55,40,195,1,196
13,2200,165,0,0,55,55,40,169,6,175
13,2200,198,0,0,22,22,100,416,9,425
13,2200,270,0,0,10,10,220,325,27,352
13,2200,270,0,0,10,10,220,1573,27,1600
13,2200,484,0,0,4,4,550,2197,363,2560
13,2200,640,0,0,10,10,220,169,128,297
13,2200,640,0,0,20,20,110,143,32,175
13,2200,880,0,0,55,55,40,65,16,81
13,2200,1012,0,0,4,4,550,169,506,675
13,2200,1100,0,0,100,100,22,117,11,128
13,2200,1440,0,0,10,10,220,481,144,625
13,2200,1600,0,0,25,25,88,169,128,297
13,2204,304,0,0,38,38,58,117,8,125
13,2208,160,0,0,16,16,138,169,20,189
13,2208,336,0,0,16,16,138,299,21,320
13,2208,784,0,0,16,16,138,351,49,400
13,2208,784,0,0,16,16,138,975,49,1024
13,2208,2000,0,0,16,16,138,91,125,216
13,2212,2212,0,0,79,79,28,169,56,225
13,2214,864,0,0,27,27,82,91,32,123
13,2220,10,0,0,10,10,222,728,1,729
13,2220,75,0,0,3,3,740,3367,25,3392
13,2220,75,0,0,15,15,148,481,5,486
13,2220,296,0,0,37,37,60,117,8,125
13,2220,1920,0,0,6,6,370,507,640,1147
13,2222,1111,0,0,101,101,22,117,11,128
13,2224,2224,0,0,8,8,278,65,278,343
13,2226,3,0,0,3,3,742,2808,1,2809
13,2232,4,0,0,4,4,558,624,1,625
13,2232,4,0,0,4,4,558,650,1,651
13,2232,4,0,0,4,4,558,728,1,729
13,2232,4,0,0,4,4,558,2015,1,2016
13,2232,4,0,0,4,4,558,4095,1,4096
13,2232,48,0,0,6,6,372,1573,8,1581
13,2232,100,0,0,4,4,558,936,25,961
13,2232,162,0,0,18,18,124,208,9,217
13,2232,1296,0,0,4,4,558,637,324,961
13,2232,1764,0,0,4,4,558,520,441,961
13,2240,35,0,0,35,35,64,143,1,144
13,2240,35,0,0,35,35,64,351,1,352
13,2240,56,0,0,8,8,280,416,7,423
13,2240,56,0,0,56,56,40,104,1,105
13,2240,56,0,0,56,56,40,195,1,196
13,2240,160,0,0,32,32,70,91,5,96
13,2240,168,0,0,56,56,40,169,6,175
13,2240,576,0,0,32,32,70,325,18,343
13,2240,784,0,0,8,8,280,325,98,423
13,2240,896,0,0,56,56,40,65,16,81
13,2240,980,0,0,20,20,112,312,49,361
13,2240,1512,0,0,8,8,280,611,189,800
13,2240,2240,0,0,8,8,280,169,560,729
13,2240,2240,0,0,35,35,64,169,128,297
13,2240,2240,0,0,80,80,28,169,56,225
13,2242,19,0,0,19,19,118,624,1,625
13,2242,19,0,0,19,19,118,767,1,768
13,2242,2242,0,0,19,19,118,169,236,405
13,2244,34,0,0,34,34,66,143,1,144
13,2244,34,0,0,34,34,66,351,1,352
13,2244,60,0,0,3,3,748,3159,20,3179
13,2244,102,0,0,34,34,66,286,3,289
13,2244,729,0,0,3,3,748,845,486,1331
13,2244,729,0,0,3,3,748,3757,243,4000
13,2244,1122,0,0,102,102,22,117,11,128
13,2250,25,0,0,25,25,90,299,1,300
13,2250,25,0,0,25,25,90,624,1,625
13,2250,27,0,0,9,9,250,637,3,640
13,2250,135,0,0,15,15,150,247,9,256
13,2250,144,0,0,9,9,250,1183,32,1215
13,2250,162,0,0,9,9,250,325,18,343
13,2250,625,0,0,25,25,90,299,25,324
13,2250,675,0,0,25,25,90,598,27,625
13,2250,1215,0,0,9,9,250,208,135,343
13,2256,6,0,0,6,6,376,728,1,729
13,2260,960,0,0,10,10,226,169,192,361
13,2262,312,0,0,39,39,58,117,8,125
13,2266,1133,0,0,103,103,22,117,11,128
13,2268,6,0,0,6,6,378,455,1,456
13,2268,6,0,0,6,6,378,624,1,625
13,2268,6,0,0,6,6,378,728,1,729
13,2268,18,0,0,6,6,378,637,3,640
13,2268,84,0,0,21,21,108,117,4,121
13,2268,96,0,0,6,6,378,1183,32,1215
13,2268,216,0,0,27,27,84,559,8,567
13,2268,2268,0,0,6,6,378,247,378,625
13,2268,2268,0,0,21,21,108,13,108,121
13,2268,2268,0,0,81,81,28,169,56,225
13,2280,57,0,0,57,57,40,104,1,105
13,2280,57,0,0,57,57,40,195,1,196
13,2280,90,0,0,10,10,228,247,9,256
13,2280,90,0,0,10,10,228,520,9,529
13,2280,120,0,0,12,12,190,351,10,361
13,2280,171,0,0,57,57,40,169,6,175
13,2280,304,0,0,38,38,60,117,8,125
13,2280,432,0,0,12,12,190,325,36,361
13,2280,912,0,0,57,57,40,65,16,81
13,2280,2280,0,0,10,10,228,169,456,625
13,2288,308,0,0,11,11,208,169,56,225
13,2288,1144,0,0,104,104,22,117,11,128
13,2288,1664,0,0,26,26,88,169,128,297
13,2296,308,0,0,7,7,328,325,44,369
13,2296,385,0,0,7,7,328,2132,55,2187
13,2296,896,0,0,28,28,82,91,32,123
13,2296,2296,0,0,7,7,328,169,656,825
13,2296,2296,0,0,82,82,28,169,56,225
13,2300,25,0,0,5,5,460,1053,5,1058
13,2300,35,0,0,5,5,460,598,7,605
13,2300,207,0,0,23,23,100,416,9,425
13,2300,480,0,0,5,5,460,1183,192,1375
13,2300,675,0,0,5,5,460,1196,135,1331
13,2300,805,0,0,5,5,460,325,161,486
13,2300,805,0,0,5,5,460,351,161,512
13,2300,805,0,0,5,5,460,1170,161,1331
13,2300,945,0,0,5,5,460,416,189,605
13,2300,1400,0,0,5,5,460,169,560,729
13,2300,1715,0,0,5,5,460,143,343,486
13,2300,1715,0,0,5,5,460,416,343,759
13,2300,1715,0,0,5,5,460,715,343,1058
13,2300,2300,0,0,5,5,460,169,920,1089
13,2304,3,0,0,3,3,768,845,2,847
13,2304,3,0,0,3,3,768,2197,3,2200
13,2304,3,0,0,3,3,768,4095,1,4096
13,2304,36,0,0,36,36,64,143,1,144
13,2304,36,0,0,36,36,64,351,1,352
13,2304,48,0,0,3,3,768,1183,32,1215
13,2304,81,0,0,3,3,768,1573,27,1600
13,2304,243,0,0,3,3,768,1144,81,1225
13,2304,2187,0,0,3,3,768,5200,729,5929
13,2304,2304,0,0,36,36,64,169,128,297
13,2310,35,0,0,35,35,66,143,1,144
13,2310,35,0,0,35,35,66,351,1,352
13,2310,45,0,0,5,5,462,832,9,841
13,2310,105,0,0,35,35,66,286,3,289
13,2310,110,0,0,5,5,462,819,22,841
13,2310,165,0,0,15,15,154,637,11,648
13,2310,165,0,0,33,33,70,91,5,96
13,2310,308,0,0,11,11,210,169,56,225
13,2310,581,0,0,7,7,330,429,83,512
13,2310,581,0,0,7,7,330,1248,83,1331
13,2310,581,0,0,7,7,330,1859,166,2025
13,2310,594,0,0,33,33,70,325,18,343
13,2310,672,0,0,21,21,110,143,32,175
13,2310,1155,0,0,105,105,22,117,11,128
13,2310,1595,0,0,5,5,462,1053,319,1372
13,2310,1848,0,0,3,3,770,2509,616,3125
13,2314,2314,0,0,13,13,178,65,178,243
13,2320,58,0,0,58,58,40,104,1,105
13,2320,58,0,0,58,58,40,195,1,196
13,2320,174,0,0,58,58,40,169,6,175
13,2320,320,0,0,40,40,58,117,8,125
13,2320,928,0,0,58,58,40,65,16,81
13,2324,2324,0,0,83,83,28,169,56,225
13,2332,1166,0,0,106,106,22,117,11,128
13,2340,26,0,0,26,26,90,299,1,300
13,2340,26,0,0,26,26,90,624,1,625
13,2340,312,0,0,39,39,60,117,8,125
13,2340,650,0,0,26,26,90,299,25,324
13,2340,702,0,0,26,26,90,598,27,625
13,2340,1664,0,0,13,13,180,117,128,245
13,2344,4,0,0,4,4,586,728,1,729
13,2346,170,0,0,17,17,138,169,20,189
13,2346,357,0,0,17,17,138,299,21,320
13,2346,833,0,0,17,17,138,351,49,400
13,2346,833,0,0,17,17,138,975,49,1024
13,2346,2125,0,0,17,17,138,91,125,216
13,2352,12,0,0,4,4,588,637,3,640
13,2352,12,0,0,12,12,196,351,1,352
13,2352,12,0,0,12,12,196,728,1,729
13,2352,14,0,0,14,14,168,195,1,196
13,2352,14,0,0,14,14,168,624,1,625
13,2352,14,0,0,14,14,168,728,1,729
13,2352,14,0,0,14,14,168,832,1,833
13,2352,14,0,0,14,14,168,1274,1,1275
13,2352,64,0,0,4,4,588,1183,32,1215
13,2352,192,0,0,12,12,196,507,32,539
13,2352,224,0,0,28,28,84,559,8,567
13,2352,350,0,0,14,14,168,416,25,441
13,2352,972,0,0,12,12,196,143,81,224
13,2352,1029,0,0,21,21,112,312,49,361
13,2352,2352,0,0,84,84,28,169,56,225
13,2354,1177,0,0,107,107,22,117,11,128
13,2356,171,0,0,19,19,124,208,9,217
13,2360,20,0,0,20,20,118,624,1,625
13,2360,20,0,0,20,20,118,767,1,768
13,2360,59,0,0,59,59,40,104,1,105
13,2360,59,0,0,59,59,40,195,1,196
13,2360,170,0,0,10,10,236,767,17,784
13,2360,177,0,0,59,59,40,169,6,175
13,2360,944,0,0,59,59,40,65,16,81
13,2360,2360,0,0,20,20,118,169,236,405
13,2368,37,0,0,37,37,64,143,1,144
13,2368,37,0,0,37,37,64,351,1,352
13,2368,80,0,0,16,16,148,481,5,486
13,2368,2368,0,0,37,37,64,169,128,297
13,2370,36,0,0,3,3,790,845,24,869
13,2376,36,0,0,36,36,66,143,1,144
13,2376,36,0,0,36,36,66,351,1,352
13,2376,88,0,0,22,22,108,117,4,121
13,2376,108,0,0,36,36,66,286,3,289
13,2376,171,0,0,9,9,264,429,19,448
13,2376,1188,0,0,108,108,22,117,11,128
13,2376,1728,0,0,27,27,88,169,128,297
13,2376,2376,0,0,22,22,108,13,108,121
13,2378,328,0,0,41,41,58,117,8,125
13,2378,928,0,0,29,29,82,91,32,123
13,2380,40,0,0,10,10,238,455,4,459
13,2380,170,0,0,34,34,70,91,5,96
13,2380,320,0,0,10,10,238,325,32,357
13,2380,612,0,0,34,34,70,325,18,343
13,2380,1360,0,0,10,10,238,169,272,441
13,2380,2380,0,0,85,85,28,169,56,225
13,2384,8,0,0,8,8,298,624,1,625
13,2388,912,0,0,3,3,796,1183,608,1791
13,2390,2390,0,0,5,5,478,169,956,1125
13,2394,1029,0,0,3,3,798,169,686,855
13,2398,1199,0,0,109,109,22,117,11,128
13,2398,2398,0,0,11,11,218,169,436,605
13,2400,5,0,0,5,5,480,624,1,625
13,2400,8,0,0,8,8,300,624,1,625
13,2400,60,0,0,60,60,40,104,1,105
13,2400,60,0,0,60,60,40,195,1,196
13,2400,80,0,0,10,10,240,1859,16,1875
13,2400,144,0,0,16,16,150,247,9,256
13,2400,172,0,0,4,4,600,832,43,875
13,2400,172,0,0,4,4,600,2457,43,2500
13,2400,180,0,0,60,60,40,169,6,175
13,2400,216,0,0,24,24,100,416,9,425
13,2400,320,0,0,40,40,60,117,8,125
13,2400,900,0,0,4,4,600,559,225,784
13,2400,960,0,0,60,60,40,65,16,81
13,2408,2408,0,0,86,86,28,169,56,225
13,2420,11,0,0,11,11,220,351,1,352
13,2420,11,0,0,11,11,220,624,1,625
13,2420,11,0,0,11,11,220,1664,1,1665
13,2420,297,0,0,11,11,220,325,27,352
13,2420,297,0,0,11,11,220,1573,27,1600
13,2420,704,0,0,11,11,220,169,128,297
13,2420,704,0,0,22,22,110,143,32,175
13,2420,1210,0,0,110,110,22,117,11,128
13,2420,1584,0,0,11,11,220,481,144,625
13,2430,27,0,0,27,27,90,299,1,300
13,2430,27,0,0,27,27,90,624,1,625
13,2430,675,0,0,27,27,90,299,25,324
13,2430,729,0,0,27,27,90,598,27,625
13,2432,38,0,0,38,38,64,143,1,144
13,2432,38,0,0,38,38,64,351,1,352
13,2432,768,0,0,8,8,304,169,192,361
13,2432,2432,0,0,38,38,64,169,128,297
13,2436,175,0,0,7,7,348,416,25,441
13,2436,232,0,0,29,29,84,559,8,567
13,2436,336,0,0,42,42,58,117,8,125
13,2436,343,0,0,7,7,348,351,49,400
13,2436,343,0,0,7,7,348,975,49,1024
13,2436,408,0,0,6,6,406,2197,204,2401
13,2436,448,0,0,7,7,348,377,64,441
13,2436,812,0,0,7,7,348,325,116,441
13,2436,2436,0,0,87,87,28,169,56,225
13,2440,4,0,0,4,4,610,624,1,625
13,2440,4,0,0,4,4,610,975,1,976
13,2440,4,0,0,4,4,610,2600,1,2601
13,2440,35,0,0,5,5,488,793,7,800
13,2440,61,0,0,61,61,40,104,1,105
13,2440,61,0,0,61,61,40,195,1,196
13,2440,183,0,0,61,61,40,169,6,175
13,2440,732,0,0,4,4,610,442,183,625
13,2440,976,0,0,61,61,40,65,16,81
13,2442,11,0,0,11,11,222,728,1,729
13,2442,37,0,0,37,37,66,143,1,144
13,2442,37,0,0,37,37,66,351,1,352
13,2442,111,0,0,37,37,66,286,3,289
13,2442,1221,0,0,111,111,22,117,11,128
13,2448,56,0,0,8,8,306,884,7,891
13,2448,2048,0,0,8,8,306,1053,256,1309
13,2450,7,0,0,7,7,350,845,2,847
13,2450,175,0,0,35,35,70,91,5,96
13,2450,630,0,0,35,35,70,325,18,343
13,2460,3,0,0,3,3,820,1599,1,1600
13,2460,3,0,0,3,3,820,5616,1,5617
13,2460,328,0,0,41,41,60,117,8,125
13,2460,960,0,0,30,30,82,91,32,123
13,2460,1875,0,0,3,3,820,4992,625,5617
13,2460,2187,0,0,3,3,820,2197,2187,4384
13,2464,7,0,0,7,7,352,767,1,768
13,2464,132,0,0,4,4,616,1339,33,1372
13,2464,176,0,0,16,16,154,637,11,648
13,2464,1078,0,0,22,22,112,312,49,361
13,2464,1232,0,0,112,112,22,117,11,128
13,2464,1792,0,0,28,28,88,169,128,297
13,2464,2048,0,0,4,4,616,819,512,1331
13,2464,2464,0,0,88,88,28,169,56,225
13,2470,130,0,0,13,13,190,351,10,361
13,2470,468,0,0,13,13,190,325,36,361
13,2472,2472,0,0,6,6,412,117,412,529
13,2478,21,0,0,21,21,118,624,1,625
13,2478,21,0,0,21,21,118,767,1,768
13,2478,27,0,0,3,3,826,2392,9,2401
13,2478,1587,0,0,3,3,826,767,529,1296
13,2478,1587,0,0,3,3,826,1872,529,2401
13,2478,2478,0,0,21,21,118,169,236,405
13,2480,62,0,0,62,62,40,104,1,105
13,2480,62,0,0,62,62,40,195,1,196
13,2480,180,0,0,20,20,124,208,9,217
13,2480,186,0,0,62,62,40,169,6,175
13,2480,992,0,0,62,62,40,65,16,81
13,2484,92,0,0,23,23,108,117,4,121
13,2484,180,0,0,18,18,138,169,20,189
13,2484,378,0,0,18,18,138,299,21,320
13,2484,882,0,0,18,18,138,351,49,400
13,2484,882,0,0,18,18,138,975,49,1024
13,2484,2250,0,0,18,18,138,91,125,216
13,2484,2484,0,0,23,23,108,13,108,121
13,2486,1056,0,0,11,11,226,169,192,361
13,2486,1243,0,0,113,113,22,117,11,128
13,2492,2492,0,0,14,14,178,65,178,243
13,2492,2492,0,0,89,89,28,169,56,225
13,2494,344,0,0,43,43,58,117,8,125
13,2496,39,0,0,39,39,64,143,1,144
13,2496,39,0,0,39,39,64,351,1,352
13,2496,336,0,0,12,12,208,169,56,225
13,2496,2496,0,0,39,39,64,169,128,297
13,2500,30,0,0,10,10,250,637,3,640
13,2500,160,0,0,10,10,250,1183,32,1215
13,2500,180,0,0,10,10,250,325,18,343
13,2500,225,0,0,25,25,100,416,9,425
13,2500,1350,0,0,10,10,250,208,135,343
13,2502,12,0,0,3,3,834,1521,8,1529
13,2502,2502,0,0,9,9,278,65,278,343
13,2508,12,0,0,6,6,418,1573,2,1575
13,2508,38,0,0,38,38,66,143,1,144
13,2508,38,0,0,38,38,66,351,1,352
13,2508,90,0,0,6,6,418,832,15,847
13,2508,99,0,0,11,11,228,247,9,256
13,2508,99,0,0,11,11,228,520,9,529
13,2508,114,0,0,38,38,66,286,3,289
13,2508,168,0,0,6,6,418,3211,56,3267
13,2508,726,0,0,6,6,418,455,121,576
13,2508,726,0,0,6,6,418,1183,242,1425
13,2508,726,0,0,6,6,418,2197,363,2560
13,2508,1254,0,0,114,114,22,117,11,128
13,2508,1650,0,0,6,6,418,637,275,912
13,2508,2508,0,0,11,11,228,169,456,625
13,2510,2510,0,0,5,5,502,1183,1004,2187
13,2512,2304,0,0,4,4,628,2197,1728,3925
13,2514,24,0,0,3,3,838,2925,8,2933
13,2514,375,0,0,3,3,838,2808,125,2933
13,2516,85,0,0,17,17,148,481,5,486
13,2520,15,0,0,15,15,168,195,1,196
13,2520,15,0,0,15,15,168,624,1,625
13,2520,15,0,0,15,15,168,728,1,729
13,2520,15,0,0,15,15,168,832,1,833
13,2520,15,0,0,15,15,168,1274,1,1275
13,2520,28,0,0,28,28,90,299,1,300
13,2520,28,0,0,28,28,90,624,1,625
13,2520,63,0,0,9,9,280,416,7,423
13,2520,63,0,0,63,63,40,104,1,105
13,2520,63,0,0,63,63,40,195,1,196
13,2520,115,0,0,5,5,504,1001,23,1024
13,2520,147,0,0,3,3,840,975,49,1024
13,2520,180,0,0,36,36,70,91,5,96
13,2520,189,0,0,63,63,40,169,6,175
13,2520,240,0,0,30,30,84,559,8,567
13,2520,245,0,0,5,5,504,572,49,621
13,2520,336,0,0,12,12,210,169,56,225
13,2520,336,0,0,42,42,60,117,8,125
13,2520,375,0,0,15,15,168,416,25,441
13,2520,500,0,0,4,4,630,1027,125,1152
13,2520,648,0,0,36,36,70,325,18,343
13,2520,700,0,0,28,28,90,299,25,324
13,2520,756,0,0,28,28,90,598,27,625
13,2520,882,0,0,9,9,280,325,98,423
13,2520,1008,0,0,63,63,40,65,16,81
13,2520,1701,0,0,9,9,280,611,189,800
13,2520,1792,0,0,14,14,180,117,128,245
13,2520,2520,0,0,9,9,280,169,560,729
13,2520,2520,0,0,90,90,28,169,56,225
13,2530,736,0,0,23,23,110,143,32,175
13,2530,1265,0,0,115,115,22,117,11,128
13,2538,3,0,0,3,3,846,2808,1,2809
13,2540,5,0,0,5,5,508,624,1,625
13,2540,5,0,0,5,5,508,2600,1,2601
13,2540,80,0,0,5,5,508,3159,16,3175
13,2540,1445,0,0,5,5,508,351,289,640
13,2540,2540,0,0,5,5,508,117,508,625
13,2540,2540,0,0,5,5,508,221,508,729
13,2542,992,0,0,31,31,82,91,32,123
13,2544,4,0,0,4,4,636,2808,1,2809
13,2544,1408,0,0,4,4,636,377,352,729
13,2548,13,0,0,13,13,196,351,1,352
13,2548,13,0,0,13,13,196,728,1,729
13,2548,208,0,0,13,13,196,507,32,539
13,2548,1053,0,0,13,13,196,143,81,224
13,2548,2548,0,0,91,91,28,169,56,225
13,2550,153,0,0,17,17,150,247,9,256
13,2550,1224,0,0,3,3,850,4225,816,5041
13,2550,1445,0,0,5,5,510,351,289,640
13,2552,352,0,0,44,44,58,117,8,125
13,2552,1276,0,0,116,116,22,117,11,128
13,2552,1856,0,0,29,29,88,169,128,297
13,2560,40,0,0,40,40,64,143,1,144
13,2560,40,0,0,40,40,64,351,1,352
13,2560,64,0,0,64,64,40,104,1,105
13,2560,64,0,0,64,64,40,195,1,196
13,2560,192,0,0,64,64,40,169,6,175
13,2560,428,0,0,4,4,640,2080,107,2187
13,2560,1024,0,0,64,64,40,65,16,81
13,2560,2560,0,0,40,40,64,169,128,297
13,2574,39,0,0,39,39,66,143,1,144
13,2574,39,0,0,39,39,66,351,1,352
13,2574,117,0,0,39,39,66,286,3,289
13,2574,1287,0,0,117,117,22,117,11,128
13,2576,1127,0,0,23,23,112,312,49,361
13,2576,2576,0,0,92,92,28,169,56,225
13,2580,6,0,0,6,6,430,624,1,625
13,2580,185,0,0,5,5,516,1664,37,1701
13,2580,344,0,0,43,43,60,117,8,125
13,2580,486,0,0,6,6,430,559,81,640
13,2590,185,0,0,37,37,70,91,5,96
13,2590,666,0,0,37,37,70,325,18,343
13,2590,2240,0,0,7,7,370,507,640,1147
13,2592,96,0,0,24,24,108,117,4,121
13,2592,2592,0,0,24,24,108,13,108,121
13,2596,22,0,0,22,22,118,624,1,625
13,2596,22,0,0,22,22,118,767,1,768
13,2596,187,0,0,11,11,236,767,17,784
13,2596,1298,0,0,118,118,22,117,11,128
13,2596,2596,0,0,22,22,118,169,236,405
13,2600,65,0,0,65,65,40,104,1,105
13,2600,65,0,0,65,65,40,195,1,196
13,2600,195,0,0,65,65,40,169,6,175
13,2600,234,0,0,26,26,100,416,9,425
13,2600,1040,0,0,65,65,40,65,16,81
13,2604,56,0,0,7,7,372,1573,8,1581
13,2604,75,0,0,3,3,868,936,25,961
13,2604,108,0,0,3,3,868,4459,36,4495
13,2604,147,0,0,3,3,868,975,49,1024
13,2604,147,0,0,3,3,868,1625,49,1674
13,2604,189,0,0,21,21,124,208,9,217
13,2604,248,0,0,31,31,84,559,8,567
13,2604,654,0,0,6,6,434,403,109,512
13,2604,972,0,0,3,3,868,637,324,961
13,2604,972,0,0,3,3,868,5239,648,5887
13,2604,1323,0,0,3,3,868,520,441,961
13,2604,2025,0,0,3,3,868,169,1350,1519
13,2604,2175,0,0,3,3,868,4459,725,5184
13,2604,2604,0,0,93,93,28,169,56,225
13,2610,29,0,0,29,29,90,299,1,300
13,2610,29,0,0,29,29,90,624,1,625
13,2610,360,0,0,45,45,58,117,8,125
13,2610,725,0,0,29,29,90,299,25,324
13,2610,783,0,0,29,29,90,598,27,625
13,2616,2616,0,0,12,12,218,169,436,605
13,2618,44,0,0,11,11,238,455,4,459
13,2618,187,0,0,17,17,154,637,11,648
13,2618,352,0,0,11,11,238,325,32,357
13,2618,1309,0,0,119,119,22,117,11,128
13,2618,1496,0,0,11,11,238,169,272,441
13,2622,190,0,0,19,19,138,169,20,189
13,2622,399,0,0,19,19,138,299,21,320
13,2622,931,0,0,19,19,138,351,49,400
13,2622,931,0,0,19,19,138,975,49,1024
13,2622,2375,0,0,19,19,138,91,125,216
13,2624,41,0,0,41,41,64,143,1,144
13,2624,41,0,0,41,41,64,351,1,352
13,2624,352,0,0,8,8,328,325,44,369
13,2624,440,0,0,8,8,328,2132,55,2187
13,2624,1024,0,0,32,32,82,91,32,123
13,2624,2624,0,0,8,8,328,169,656,825
13,2624,2624,0,0,41,41,64,169,128,297
13,2628,66,0,0,6,6,438,949,11,960
13,2628,1458,0,0,6,6,438,845,486,1331
13,2632,7,0,0,7,7,376,728,1,729
13,2632,32,0,0,4,4,658,1859,16,1875
13,2632,188,0,0,4,4,658,1053,47,1100
13,2632,188,0,0,4,4,658,1573,47,1620
13,2632,188,0,0,4,4,658,3328,47,3375
13,2632,196,0,0,4,4,658,975,49,1024
13,2632,196,0,0,4,4,658,1040,49,1089
13,2632,300,0,0,4,4,658,611,75,686
13,2632,500,0,0,4,4,658,1144,125,1269
13,2632,500,0,0,4,4,658,2548,125,2673
13,2632,2068,0,0,4,4,658,455,517,972
13,2632,2112,0,0,4,4,658,169,1056,1225
13,2632,2632,0,0,4,4,658,169,1316,1485
13,2632,2632,0,0,94,94,28,169,56,225
13,2640,12,0,0,12,12,220,351,1,352
13,2640,12,0,0,12,12,220,624,1,625
13,2640,12,0,0,12,12,220,1664,1,1665
13,2640,27,0,0,3,3,880,3575,9,3584
13,2640,40,0,0,5,5,528,1859,16,1875
13,2640,40,0,0,40,40,66,143,1,144
13,2640,40,0,0,40,40,66,351,1,352
13,2640,66,0,0,66,66,40,104,1,105
13,2640,66,0,0,66,66,40,195,1,196
13,2640,88,0,0,11,11,240,1859,16,1875
13,2640,120,0,0,40,40,66,286,3,289
13,2640,190,0,0,10,10,264,429,19,448
13,2640,198,0,0,66,66,40,169,6,175
13,2640,324,0,0,12,12,220,325,27,352
13,2640,324,0,0,12,12,220,1573,27,1600
13,2640,352,0,0,44,44,60,117,8,125
13,2640,384,0,0,3,3,880,1573,128,1701
13,2640,664,0,0,8,8,330,429,83,512
13,2640,664,0,0,8,8,330,1248,83,1331
13,2640,664,0,0,8,8,330,1859,166,2025
13,2640,729,0,0,3,3,880,845,486,1331
13,2640,768,0,0,3,3,880,2145,256,2401
13,2640,768,0,0,12,12,220,169,128,297
13,2640,768,0,0,24,24,110,143,32,175
13,2640,1056,0,0,66,66,40,65,16,81
13,2640,1320,0,0,3,3,880,1521,880,2401
13,2640,1320,0,0,120,120,22,117,11,128
13,2640,1728,0,0,12,12,220,481,144,625
13,2640,1920,0,0,30,30,88,169,128,297
13,2640,2000,0,0,5,5,528,689,400,1089
13,2640,2178,0,0,3,3,880,2197,2178,4375
13,2646,7,0,0,7,7,378,455,1,456
13,2646,7,0,0,7,7,378,624,1,625
13,2646,7,0,0,7,7,378,728,1,729
13,2646,21,0,0,7,7,378,637,3,640
13,2646,112,0,0,7,7,378,1183,32,1215
13,2646,2646,0,0,7,7,378,247,378,625
13,2650,1805,0,0,5,5,530,325,361,686
13,2660,5,0,0,5,5,532,728,1,729
13,2660,135,0,0,5,5,532,1664,27,1691
13,2660,140,0,0,14,14,190,351,10,361
13,2660,190,0,0,38,38,70,91,5,96
13,2660,504,0,0,14,14,190,325,36,361
13,2660,684,0,0,38,38,70,325,18,343
13,2660,2660,0,0,95,95,28,169,56,225
13,2662,1331,0,0,121,121,22,117,11,128
13,2664,12,0,0,12,12,222,728,1,729
13,2664,64,0,0,4,4,666,2171,16,2187
13,2664,90,0,0,18,18,148,481,5,486
13,2664,675,0,0,3,3,888,7696,225,7921
13,2668,368,0,0,46,46,58,117,8,125
13,2670,2670,0,0,15,15,178,65,178,243
13,2680,67,0,0,67,67,40,104,1,105
13,2680,67,0,0,67,67,40,195,1,196
13,2680,201,0,0,67,67,40,169,6,175
13,2680,1072,0,0,67,67,40,65,16,81
13,2680,1120,0,0,4,4,670,169,560,729
13,2682,9,0,0,9,9,298,624,1,625
13,2684,1342,0,0,122,122,22,117,11,128
13,2688,16,0,0,16,16,168,195,1,196
13,2688,16,0,0,16,16,168,624,1,625
13,2688,16,0,0,16,16,168,728,1,729
13,2688,16,0,0,16,16,168,832,1,833
13,2688,16,0,0,16,16,168,1274,1,1275
13,2688,42,0,0,42,42,64,143,1,144
13,2688,42,0,0,42,42,64,351,1,352
13,2688,256,0,0,32,32,84,559,8,567
13,2688,400,0,0,16,16,168,416,25,441
13,2688,1176,0,0,24,24,112,312,49,361
13,2688,2688,0,0,42,42,64,169,128,297
13,2688,2688,0,0,96,96,28,169,56,225
13,2694,48,0,0,3,3,898,2197,48,2245
13,2700,9,0,0,9,9,300,624,1,625
13,2700,30,0,0,30,30,90,299,1,300
13,2700,30,0,0,30,30,90,624,1,625
13,2700,100,0,0,25,25,108,117,4,121
13,2700,162,0,0,18,18,150,247,9,256
13,2700,165,0,0,3,3,900,2132,55,2187
13,2700,243,0,0,27,27,100,416,9,425
13,2700,360,0,0,45,45,60,117,8,125
13,2700,750,0,0,30,30,90,299,25,324
13,2700,810,0,0,30,30,90,598,27,625
13,2700,1920,0,0,15,15,180,117,128,245
13,2700,2700,0,0,25,25,108,13,108,121
13,2704,364,0,0,13,13,208,169,56,225
13,2706,41,0,0,41,41,66,143,1,144
13,2706,41,0,0,41,41,66,351,1,352
13,2706,123,0,0,41,41,66,286,3,289
13,2706,1056,0,0,33,33,82,91,32,123
13,2706,1353,0,0,123,123,22,117,11,128
13,2712,68,0,0,4,4,678,2808,17,2825
13,2712,1152,0,0,12,12,226,169,192,361
13,2714,23,0,0,23,23,118,624,1,625
13,2714,23,0,0,23,23,118,767,1,768
13,2714,2714,0,0,23,23,118,169,236,405
13,2716,2716,0,0,97,97,28,169,56,225
13,2720,68,0,0,68,68,40,104,1,105
13,2720,68,0,0,68,68,40,195,1,196
13,2720,204,0,0,68,68,40,169,6,175
13,2720,1088,0,0,68,68,40,65,16,81
13,2726,376,0,0,47,47,58,117,8,125
13,2728,198,0,0,22,22,124,208,9,217
13,2728,1364,0,0,124,124,22,117,11,128
13,2728,1584,0,0,4,4,682,169,792,961
13,2728,1984,0,0,31,31,88,169,128,297
13,2730,195,0,0,39,39,70,91,5,96
13,2730,364,0,0,13,13,210,169,56,225
13,2730,702,0,0,39,39,70,325,18,343
13,2730,1215,0,0,3,3,910,4459,405,4864
13,2736,108,0,0,12,12,228,247,9,256
13,2736,108,0,0,12,12,228,520,9,529
13,2736,864,0,0,9,9,304,169,192,361
13,2736,1371,0,0,3,3,912,169,914,1083
13,2736,2736,0,0,12,12,228,169,456,625
13,2744,14,0,0,14,14,196,351,1,352
13,2744,14,0,0,14,14,196,728,1,729
13,2744,224,0,0,14,14,196,507,32,539
13,2744,1134,0,0,14,14,196,143,81,224
13,2744,2744,0,0,98,98,28,169,56,225
13,2750,33,0,0,11,11,250,637,3,640
13,2750,176,0,0,11,11,250,1183,32,1215
13,2750,198,0,0,11,11,250,325,18,343
13,2750,605,0,0,5,5,550,2197,363,2560
13,2750,800,0,0,25,25,110,143,32,175
13,2750,1265,0,0,5,5,550,169,506,675
13,2750,1375,0,0,125,125,22,117,11,128
13,2750,1485,0,0,11,11,250,208,135,343
13,2752,43,0,0,43,43,64,143,1,144
13,2752,43,0,0,43,43,64,351,1,352
13,2752,1720,0,0,4,4,688,299,430,729
13,2752,2500,0,0,4,4,688,104,625,729
13,2752,2752,0,0,43,43,64,169,128,297
13,2754,24,0,0,3,3,918,6877,8,6885
13,2754,63,0,0,9,9,306,884,7,891
13,2754,2304,0,0,9,9,306,1053,256,1309
13,2760,4,0,0,4,4,690,2249,1,2250
13,2760,30,0,0,6,6,460,1053,5,1058
13,2760,42,0,0,6,6,460,598,7,605
13,2760,69,0,0,69,69,40,104,1,105
13,2760,69,0,0,69,69,40,195,1,196
13,2760,200,0,0,20,20,138,169,20,189
13,2760,207,0,0,69,69,40,169,6,175
13,2760,368,0,0,46,46,60,117,8,125
13,2760,420,0,0,20,20,138,299,21,320
13,2760,576,0,0,6,6,460,1183,192,1375
13,2760,810,0,0,6,6,460,1196,135,1331
13,2760,966,0,0,6,6,460,325,161,486
13,2760,966,0,0,6,6,460,351,161,512
13,2760,966,0,0,6,6,460,1170,161,1331
13,2760,980,0,0,20,20,138,351,49,400
13,2760,980,0,0,20,20,138,975,49,1024
13,2760,1104,0,0,69,69,40,65,16,81
13,2760,1134,0,0,6,6,460,416,189,605
13,2760,1680,0,0,6,6,460,169,560,729
13,2760,2058,0,0,6,6,460,143,343,486
13,2760,2058,0,0,6,6,460,416,343,759
13,2760,2058,0,0,6,6,460,715,343,1058
13,2760,2500,0,0,4,4,690,104,625,729
13,2760,2500,0,0,20,20,138,91,125,216
13,2760,2760,0,0,6,6,460,169,920,1089
13,2772,42,0,0,42,42,66,143,1,144
13,2772,42,0,0,42,42,66,351,1,352
13,2772,54,0,0,6,6,462,832,9,841
13,2772,126,0,0,42,42,66,286,3,289
13,2772,132,0,0,6,6,462,819,22,841
13,2772,198,0,0,18,18,154,637,11,648
13,2772,264,0,0,33,33,84,559,8,567
13,2772,1386,0,0,126,126,22,117,11,128
13,2772,1914,0,0,6,6,462,1053,319,1372
13,2772,2772,0,0,99,99,28,169,56,225
13,2780,2780,0,0,10,10,278,65,278,343
13,2784,36,0,0,4,4,696,832,9,841
13,2784,200,0,0,8,8,348,416,25,441
13,2784,384,0,0,48,48,58,117,8,125
13,2784,392,0,0,8,8,348,351,49,400
13,2784,392,0,0,8,8,348,975,49,1024
13,2784,512,0,0,8,8,348,377,64,441
13,2784,928,0,0,8,8,348,325,116,441
13,2784,2784,0,0,3,3,928,169,1856,2025
13,2788,1088,0,0,34,34,82,91,32,123
13,2790,5,0,0,5,5,558,624,1,625
13,2790,5,0,0,5,5,558,650,1,651
13,2790,5,0,0,5,5,558,728,1,729
13,2790,5,0,0,5,5,558,2015,1,2016
13,2790,5,0,0,5,5,558,4095,1,4096
13,2790,31,0,0,31,31,90,299,1,300
13,2790,31,0,0,31,31,90,624,1,625
13,2790,125,0,0,5,5,558,936,25,961
13,2790,775,0,0,31,31,90,299,25,324
13,2790,837,0,0,31,31,90,598,27,625
13,2790,1620,0,0,5,5,558,637,324,961
13,2790,2205,0,0,5,5,558,520,441,961
13,2794,1397,0,0,127,127,22,117,11,128
13,2800,8,0,0,8,8,350,845,2,847
13,2800,70,0,0,10,10,280,416,7,423
13,2800,70,0,0,70,70,40,104,1,105
13,2800,70,0,0,70,70,40,195,1,196
13,2800,200,0,0,40,40,70,91,5,96
13,2800,210,0,0,70,70,40,169,6,175
13,2800,252,0,0,28,28,100,416,9,425
13,2800,720,0,0,40,40,70,325,18,343
13,2800,980,0,0,10,10,280,325,98,423
13,2800,1120,0,0,70,70,40,65,16,81
13,2800,1225,0,0,25,25,112,312,49,361
13,2800,1890,0,0,10,10,280,611,189,800
13,2800,2800,0,0,10,10,280,169,560,729
13,2800,2800,0,0,100,100,28,169,56,225
13,2808,104,0,0,26,26,108,117,4,121
13,2808,2808,0,0,26,26,108,13,108,121
13,2812,95,0,0,19,19,148,481,5,486
13,2814,201,0,0,3,3,938,8125,67,8192
13,2814,987,0,0,3,3,938,4160,329,4489
13,2816,8,0,0,8,8,352,767,1,768
13,2816,44,0,0,44,44,64,143,1,144
13,2816,44,0,0,44,44,64,351,1,352
13,2816,1408,0,0,128,128,22,117,11,128
13,2816,2048,0,0,32,32,88,169,128,297
13,2816,2816,0,0,44,44,64,169,128,297
13,2820,12,0,0,3,3,940,2197,12,2209
13,2820,376,0,0,47,47,60,117,8,125
13,2820,1728,0,0,3,3,940,2197,1728,3925
13,2828,2828,0,0,101,101,28,169,56,225
13,2832,24,0,0,24,24,118,624,1,625
13,2832,24,0,0,24,24,118,767,1,768
13,2832,204,0,0,12,12,236,767,17,784
13,2832,284,0,0,4,4,708,1404,71,1475
13,2832,2832,0,0,24,24,118,169,236,405
13,2834,2834,0,0,13,13,218,169,436,605
13,2838,43,0,0,43,43,66,143,1,144
13,2838,43,0,0,43,43,66,351,1,352
13,2838,129,0,0,43,43,66,286,3,289
13,2838,1419,0,0,129,129,22,117,11,128
13,2840,71,0,0,71,71,40,104,1,105
13,2840,71,0,0,71,71,40,195,1,196
13,2840,213,0,0,71,71,40,169,6,175
13,2840,1136,0,0,71,71,40,65,16,81
13,2842,392,0,0,49,49,58,117,8,125
13,2842,476,0,0,7,7,406,2197,204,2401
13,2844,3,0,0,3,3,948,3159,1,3160
13,2844,3,0,0,3,3,948,6240,1,6241
13,2844,1875,0,0,3,3,948,5616,625,6241
13,2848,2848,0,0,16,16,178,65,178,243
13,2850,150,0,0,15,15,190,351,10,361
13,2850,171,0,0,19,19,150,247,9,256
13,2850,540,0,0,15,15,190,325,36,361
13,2852,207,0,0,23,23,124,208,9,217
13,2856,4,0,0,4,4,714,728,1,729
13,2856,4,0,0,4,4,714,832,1,833
13,2856,17,0,0,17,17,168,195,1,196
13,2856,17,0,0,17,17,168,624,1,625
13,2856,17,0,0,17,17,168,728,1,729
13,2856,17,0,0,17,17,168,832,1,833
13,2856,17,0,0,17,17,168,1274,1,1275
13,2856,48,0,0,12,12,238,455,4,459
13,2856,204,0,0,3,3,952,2197,204,2401
13,2856,256,0,0,4,4,714,1547,64,1611
13,2856,272,0,0,34,34,84,559,8,567
13,2856,384,0,0,12,12,238,325,32,357
13,2856,425,0,0,17,17,168,416,25,441
13,2856,1632,0,0,12,12,238,169,272,441
13,2856,2856,0,0,102,102,28,169,56,225
13,2860,13,0,0,13,13,220,351,1,352
13,2860,13,0,0,13,13,220,624,1,625
13,2860,13,0,0,13,13,220,1664,1,1665
13,2860,351,0,0,13,13,220,325,27,352
13,2860,351,0,0,13,13,220,1573,27,1600
13,2860,832,0,0,13,13,220,169,128,297
13,2860,832,0,0,26,26,110,143,32,175
13,2860,1430,0,0,130,130,22,117,11,128
13,2860,1872,0,0,13,13,220,481,144,625
13,2868,2868,0,0,6,6,478,169,956,1125
13,2870,205,0,0,41,41,70,91,5,96
13,2870,738,0,0,41,41,70,325,18,343
13,2870,1120,0,0,35,35,82,91,32,123
13,2880,6,0,0,6,6,480,624,1,625
13,2880,32,0,0,32,32,90,299,1,300
13,2880,32,0,0,32,32,90,624,1,625
13,2880,45,0,0,45,45,64,143,1,144
13,2880,45,0,0,45,45,64,351,1,352
13,2880,72,0,0,72,72,40,104,1,105
13,2880,72,0,0,72,72,40,195,1,196
13,2880,96,0,0,12,12,240,1859,16,1875
13,2880,216,0,0,72,72,40,169,6,175
13,2880,384,0,0,48,48,60,117,8,125
13,2880,800,0,0,32,32,90,299,25,324
13,2880,864,0,0,32,32,90,598,27,625
13,2880,1152,0,0,72,72,40,65,16,81
13,2880,2048,0,0,16,16,180,117,128,245
13,2880,2880,0,0,45,45,64,169,128,297
13,2882,1441,0,0,131,131,22,117,11,128
13,2884,2884,0,0,7,7,412,117,412,529
13,2884,2884,0,0,103,103,28,169,56,225
13,2886,13,0,0,13,13,222,728,1,729
13,2898,210,0,0,21,21,138,169,20,189
13,2898,441,0,0,21,21,138,299,21,320
13,2898,1029,0,0,21,21,138,351,49,400
13,2898,1029,0,0,21,21,138,975,49,1024
13,2898,2625,0,0,21,21,138,91,125,216
13,2900,261,0,0,29,29,100,416,9,425
13,2900,400,0,0,50,50,58,117,8,125
13,2904,44,0,0,44,44,66,143,1,144
13,2904,44,0,0,44,44,66,351,1,352
13,2904,132,0,0,44,44,66,286,3,289
13,2904,209,0,0,11,11,264,429,19,448
13,2904,512,0,0,4,4,726,1573,128,1701
13,2904,1452,0,0,132,132,22,117,11,128
13,2904,2112,0,0,33,33,88,169,128,297
13,2912,392,0,0,14,14,208,169,56,225
13,2912,1274,0,0,26,26,112,312,49,361
13,2912,2912,0,0,104,104,28,169,56,225
13,2916,108,0,0,27,27,108,117,4,121
13,2916,2916,0,0,27,27,108,13,108,121
13,2920,8,0,0,4,4,730,1521,4,1525
13,2920,73,0,0,73,73,40,104,1,105
13,2920,73,0,0,73,73,40,195,1,196
13,2920,219,0,0,73,73,40,169,6,175
13,2920,1168,0,0,73,73,40,65,16,81
13,2920,2304,0,0,4,4,730,949,576,1525
13,2926,14,0,0,7,7,418,1573,2,1575
13,2926,105,0,0,7,7,418,832,15,847
13,2926,196,0,0,7,7,418,3211,56,3267
13,2926,209,0,0,19,19,154,637,11,648
13,2926,847,0,0,7,7,418,455,121,576
13,2926,847,0,0,7,7,418,1183,242,1425
13,2926,847,0,0,7,7,418,2197,363,2560
13,2926,1463,0,0,133,133,22,117,11,128
13,2926,1925,0,0,7,7,418,637,275,912
13,2928,42,0,0,6,6,488,793,7,800
13,2930,5,0,0,5,5,586,728,1,729
13,2934,48,0,0,3,3,978,1183,32,1215
13,2934,1458,0,0,3,3,978,169,972,1141
13,2938,1248,0,0,13,13,226,169,192,361
13,2940,15,0,0,5,5,588,637,3,640
13,2940,15,0,0,15,15,196,351,1,352
13,2940,15,0,0,15,15,196,728,1,729
13,2940,80,0,0,5,5,588,1183,32,1215
13,2940,210,0,0,42,42,70,91,5,96
13,2940,240,0,0,15,15,196,507,32,539
13,2940,280,0,0,35,35,84,559,8,567
13,2940,392,0,0,14,14,210,169,56,225
13,2940,392,0,0,49,49,60,117,8,125
13,2940,756,0,0,42,42,70,325,18,343
13,2940,1215,0,0,15,15,196,143,81,224
13,2940,2940,0,0,105,105,28,169,56,225
13,2944,46,0,0,46,46,64,143,1,144
13,2944,46,0,0,46,46,64,351,1,352
13,2944,2944,0,0,46,46,64,169,128,297
13,2948,1474,0,0,134,134,22,117,11,128
13,2950,25,0,0,25,25,118,624,1,625
13,2950,25,0,0,25,25,118,767,1,768
13,2950,2950,0,0,25,25,118,169,236,405
13,2952,396,0,0,9,9,328,325,44,369
13,2952,495,0,0,9,9,328,2132,55,2187
13,2952,1152,0,0,36,36,82,91,32,123
13,2952,2952,0,0,9,9,328,169,656,825
13,2958,408,0,0,51,51,58,117,8,125
13,2960,74,0,0,74,74,40,104,1,105
13,2960,74,0,0,74,74,40,195,1,196
13,2960,100,0,0,4,4,740,3367,25,3392
13,2960,100,0,0,20,20,148,481,5,486
13,2960,222,0,0,74,74,40,169,6,175
13,2960,1184,0,0,74,74,40,65,16,81
13,2960,2560,0,0,8,8,370,507,640,1147
13,2964,117,0,0,13,13,228,247,9,256
13,2964,117,0,0,13,13,228,520,9,529
13,2964,2964,0,0,13,13,228,169,456,625
13,2968,4,0,0,4,4,742,2808,1,2809
13,2968,2968,0,0,106,106,28,169,56,225
13,2970,33,0,0,33,33,90,299,1,300
13,2970,33,0,0,33,33,90,624,1,625
13,2970,45,0,0,45,45,66,143,1,144
13,2970,45,0,0,45,45,66,351,1,352
13,2970,135,0,0,45,45,66,286,3,289
13,2970,363,0,0,3,3,990,2197,363,2560
13,2970,363,0,0,3,3,990,4563,242,4805
13,2970,747,0,0,9,9,330,429,83,512
13,2970,747,0,0,9,9,330,1248,83,1331
13,2970,747,0,0,9,9,330,1859,166,2025
13,2970,825,0,0,33,33,90,299,25,324
13,2970,864,0,0,27,27,110,143,32,175
13,2970,891,0,0,33,33,90,598,27,625
13,2970,1485,0,0,135,135,22,117,11,128
13,2976,64,0,0,8,8,372,1573,8,1581
13,2976,213,0,0,3,3,992,6656,71,6727
13,2976,216,0,0,24,24,124,208,9,217
13,2980,10,0,0,10,10,298,624,1,625
13,2992,80,0,0,4,4,748,3159,20,3179
13,2992,972,0,0,4,4,748,845,486,1331
13,2992,972,0,0,4,4,748,3757,243,4000
13,2992,1496,0,0,136,136,22,117,11,128
13,2992,2176,0,0,34,34,88,169,128,297
13,2996,2996,0,0,107,107,28,169,56,225
13,3000,10,0,0,10,10,300,624,1,625
13,3000,36,0,0,12,12,250,637,3,640
13,3000,75,0,0,75,75,40,104,1,105
13,3000,75,0,0,75,75,40,195,1,196
13,3000,180,0,0,20,20,150,247,9,256
13,3000,192,0,0,12,12,250,1183,32,1215
13,3000,215,0,0,5,5,600,832,43,875
13,3000,215,0,0,5,5,600,2457,43,2500
13,3000,216,0,0,12,12,250,325,18,343
13,3000,225,0,0,75,75,40,169,6,175
13,3000,270,0,0,30,30,100,416,9,425
13,3000,400,0,0,50,50,60,117,8,125
13,3000,1125,0,0,5,5,600,559,225,784
13,3000,1200,0,0,75,75,40,65,16,81
13,3000,1620,0,0,12,12,250,208,135,343
13,3008,8,0,0,8,8,376,728,1,729
13,3008,47,0,0,47,47,64,143,1,144
13,3008,47,0,0,47,47,64,351,1,352
13,3008,3008,0,0,47,47,64,169,128,297
13,3010,7,0,0,7,7,430,624,1,625
13,3010,215,0,0,43,43,70,91,5,96
13,3010,567,0,0,7,7,430,559,81,640
13,3010,774,0,0,43,43,70,325,18,343
13,3012,3012,0,0,6,6,502,1183,1004,2187
13,3014,1507,0,0,137,137,22,117,11,128
13,3016,416,0,0,52,52,58,117,8,125
13,3024,8,0,0,8,8,378,455,1,456
13,3024,8,0,0,8,8,378,624,1,625
13,3024,8,0,0,8,8,378,728,1,729
13,3024,18,0,0,18,18,168,195,1,196
13,3024,18,0,0,18,18,168,624,1,625
13,3024,18,0,0,18,18,168,728,1,729
13,3024,18,0,0,18,18,168,832,1,833
13,3024,18,0,0,18,18,168,1274,1,1275
13,3024,24,0,0,8,8,378,637,3,640
13,3024,112,0,0,28,28,108,117,4,121
13,3024,128,0,0,8,8,378,1183,32,1215
13,3024,138,0,0,6,6,504,1001,23,1024
13,3024,288,0,0,36,36,84,559,8,567
13,3024,294,0,0,6,6,504,572,49,621
13,3024,450,0,0,18,18,168,416,25,441
13,3024,1323,0,0,27,27,112,312,49,361
13,3024,3024,0,0,8,8,378,247,378,625
13,3024,3024,0,0,28,28,108,13,108,121
13,3024,3024,0,0,108,108,28,169,56,225
13,3026,3026,0,0,17,17,178,65,178,243
13,3034,1184,0,0,37,37,82,91,32,123
13,3036,46,0,0,46,46,66,143,1,144
13,3036,46,0,0,46,46,66,351,1,352
13,3036,138,0,0,46,46,66,286,3,289
13,3036,220,0,0,22,22,138,169,20,189
13,3036,462,0,0,22,22,138,299,21,320
13,3036,1078,0,0,22,22,138,351,49,400
13,3036,1078,0,0,22,22,138,975,49,1024
13,3036,1518,0,0,138,138,22,117,11,128
13,3036,2750,0,0,22,22,138,91,125,216
13,3038,763,0,0,7,7,434,403,109,512
13,3040,76,0,0,76,76,40,104,1,105
13,3040,76,0,0,76,76,40,195,1,196
13,3040,160,0,0,16,16,190,351,10,361
13,3040,228,0,0,76,76,40,169,6,175
13,3040,576,0,0,16,16,190,325,36,361
13,3040,960,0,0,10,10,304,169,192,361
13,3040,1216,0,0,76,76,40,65,16,81
13,3048,6,0,0,6,6,508,624,1,625
13,3048,6,0,0,6,6,508,2600,1,2601
13,3048,96,0,0,6,6,508,3159,16,3175
13,3048,1734,0,0,6,6,508,351,289,640
13,3048,3048,0,0,6,6,508,117,508,625
13,3048,3048,0,0,6,6,508,221,508,729
13,3050,5,0,0,5,5,610,624,1,625
13,3050,5,0,0,5,5,610,975,1,976
13,3050,5,0,0,5,5,610,2600,1,2601
13,3050,915,0,0,5,5,610,442,183,625
13,3052,3052,0,0,14,14,218,169,436,605
13,3052,3052,0,0,109,109,28,169,56,225
13,3058,1529,0,0,139,139,22,117,11,128
13,3058,3058,0,0,11,11,278,65,278,343
13,3060,34,0,0,34,34,90,299,1,300
13,3060,34,0,0,34,34,90,624,1,625
13,3060,70,0,0,10,10,306,884,7,891
13,3060,408,0,0,51,51,60,117,8,125
13,3060,850,0,0,34,34,90,299,25,324
13,3060,918,0,0,34,34,90,598,27,625
13,3060,1734,0,0,6,6,510,351,289,640
13,3060,2176,0,0,17,17,180,117,128,245
13,3060,2560,0,0,10,10,306,1053,256,1309
13,3066,77,0,0,7,7,438,949,11,960
13,3066,1701,0,0,7,7,438,845,486,1331
13,3068,26,0,0,26,26,118,624,1,625
13,3068,26,0,0,26,26,118,767,1,768
13,3068,221,0,0,13,13,236,767,17,784
13,3068,3068,0,0,26,26,118,169,236,405
13,3072,4,0,0,4,4,768,845,2,847
13,3072,4,0,0,4,4,768,2197,3,2200
13,3072,4,0,0,4,4,768,4095,1,4096
13,3072,48,0,0,48,48,64,143,1,144
13,3072,48,0,0,48,48,64,351,1,352
13,3072,64,0,0,4,4,768,1183,32,1215
13,3072,108,0,0,4,4,768,1573,27,1600
13,3072,324,0,0,4,4,768,1144,81,1225
13,3072,2916,0,0,4,4,768,5200,729,5929
13,3072,3072,0,0,48,48,64,169,128,297
13,3074,424,0,0,53,53,58,117,8,125
13,3080,14,0,0,14,14,220,351,1,352
13,3080,14,0,0,14,14,220,624,1,625
13,3080,14,0,0,14,14,220,1664,1,1665
13,3080,77,0,0,11,11,280,416,7,423
13,3080,77,0,0,77,77,40,104,1,105
13,3080,77,0,0,77,77,40,195,1,196
13,3080,165,0,0,5,5,616,1339,33,1372
13,3080,220,0,0,20,20,154,637,11,648
13,3080,220,0,0,44,44,70,91,5,96
13,3080,231,0,0,77,77,40,169,6,175
13,3080,378,0,0,14,14,220,325,27,352
13,3080,378,0,0,14,14,220,1573,27,1600
13,3080,792,0,0,44,44,70,325,18,343
13,3080,896,0,0,14,14,220,169,128,297
13,3080,896,0,0,28,28,110,143,32,175
13,3080,1078,0,0,11,11,280,325,98,423
13,3080,1232,0,0,77,77,40,65,16,81
13,3080,2016,0,0,14,14,220,481,144,625
13,3080,2079,0,0,11,11,280,611,189,800
13,3080,2240,0,0,35,35,88,169,128,297
13,3080,2464,0,0,4,4,770,2509,616,3125
13,3080,2560,0,0,5,5,616,819,512,1331
13,3080,3080,0,0,11,11,280,169,560,729
13,3080,3080,0,0,110,110,28,169,56,225
13,3094,52,0,0,13,13,238,455,4,459
13,3094,416,0,0,13,13,238,325,32,357
13,3094,1768,0,0,13,13,238,169,272,441
13,3096,222,0,0,6,6,516,1664,37,1701
13,3100,225,0,0,25,25,124,208,9,217
13,3100,279,0,0,31,31,100,416,9,425
13,3102,47,0,0,47,47,66,143,1,144
13,3102,47,0,0,47,47,66,351,1,352
13,3102,141,0,0,47,47,66,286,3,289
13,3108,14,0,0,14,14,222,728,1,729
13,3108,105,0,0,21,21,148,481,5,486
13,3108,296,0,0,37,37,84,559,8,567
13,3108,3108,0,0,111,111,28,169,56,225
13,3116,1216,0,0,38,38,82,91,32,123
13,3120,78,0,0,78,78,40,104,1,105
13,3120,78,0,0,78,78,40,195,1,196
13,3120,104,0,0,13,13,240,1859,16,1875
13,3120,234,0,0,78,78,40,169,6,175
13,3120,416,0,0,52,52,60,117,8,125
13,3120,420,0,0,15,15,208,169,56,225
13,3120,1248,0,0,78,78,40,65,16,81
13,3132,116,0,0,29,29,108,117,4,121
13,3132,225,0,0,9,9,348,416,25,441
13,3132,432,0,0,54,54,58,117,8,125
13,3132,441,0,0,9,9,348,351,49,400
13,3132,441,0,0,9,9,348,975,49,1024
13,3132,576,0,0,9,9,348,377,64,441
13,3132,1044,0,0,9,9,348,325,116,441
13,3132,3132,0,0,29,29,108,13,108,121
13,3136,16,0,0,16,16,196,351,1,352
13,3136,16,0,0,16,16,196,728,1,729
13,3136,49,0,0,49,49,64,143,1,144
13,3136,49,0,0,49,49,64,351,1,352
13,3136,256,0,0,16,16,196,507,32,539
13,3136,1296,0,0,16,16,196,143,81,224
13,3136,1372,0,0,28,28,112,312,49,361
13,3136,3136,0,0,49,49,64,169,128,297
13,3136,3136,0,0,112,112,28,169,56,225
13,3140,2880,0,0,5,5,628,2197,1728,3925
13,3150,9,0,0,9,9,350,845,2,847
13,3150,35,0,0,35,35,90,299,1,300
13,3150,35,0,0,35,35,90,624,1,625
13,3150,189,0,0,21,21,150,247,9,256
13,3150,225,0,0,45,45,70,91,5,96
13,3150,420,0,0,15,15,210,169,56,225
13,3150,625,0,0,5,5,630,1027,125,1152
13,3150,810,0,0,45,45,70,325,18,343
13,3150,875,0,0,35,35,90,299,25,324
13,3150,945,0,0,35,35,90,598,27,625
13,3160,48,0,0,4,4,790,845,24,869
13,3160,79,0,0,79,79,40,104,1,105
13,3160,79,0,0,79,79,40,195,1,196
13,3160,237,0,0,79,79,40,169,6,175
13,3160,1264,0,0,79,79,40,65,16,81
13,3164,1344,0,0,14,14,226,169,192,361
13,3164,3164,0,0,113,113,28,169,56,225
13,3168,9,0,0,9,9,352,767,1,768
13,3168,48,0,0,6,6,528,1859,16,1875
13,3168,48,0,0,48,48,66,143,1,144
13,3168,48,0,0,48,48,66,351,1,352
13,3168,144,0,0,48,48,66,286,3,289
13,3168,228,0,0,12,12,264,429,19,448
13,3168,2304,0,0,36,36,88,169,128,297
13,3168,2400,0,0,6,6,528,689,400,1089
13,3174,230,0,0,23,23,138,169,20,189
13,3174,483,0,0,23,23,138,299,21,320
13,3174,1127,0,0,23,23,138,351,49,400
13,3174,1127,0,0,23,23,138,975,49,1024
13,3174,2875,0,0,23,23,138,91,125,216
13,3180,5,0,0,5,5,636,2808,1,2809
13,3180,424,0,0,53,53,60,117,8,125
13,3180,1760,0,0,5,5,636,377,352,729
13,3180,2166,0,0,6,6,530,325,361,686
13,3184,1216,0,0,4,4,796,1183,608,1791
13,3186,27,0,0,27,27,118,624,1,625
13,3186,27,0,0,27,27,118,767,1,768
13,3186,3186,0,0,27,27,118,169,236,405
13,3190,440,0,0,55,55,58,117,8,125
13,3190,928,0,0,29,29,110,143,32,175
13,3192,6,0,0,6,6,532,728,1,729
13,3192,19,0,0,19,19,168,195,1,196
13,3192,19,0,0,19,19,168,624,1,625
13,3192,19,0,0,19,19,168,728,1,729
13,3192,19,0,0,19,19,168,832,1,833
13,3192,19,0,0,19,19,168,1274,1,1275
13,3192,126,0,0,14,14,228,247,9,256
13,3192,126,0,0,14,14,228,520,9,529
13,3192,162,0,0,6,6,532,1664,27,1691
13,3192,304,0,0,38,38,84,559,8,567
13,3192,475,0,0,19,19,168,416,25,441
13,3192,1372,0,0,4,4,798,169,686,855
13,3192,3192,0,0,14,14,228,169,456,625
13,3192,3192,0,0,114,114,28,169,56,225
13,3198,1248,0,0,39,39,82,91,32,123
13,3200,50,0,0,50,50,64,143,1,144
13,3200,50,0,0,50,50,64,351,1,352
13,3200,80,0,0,80,80,40,104,1,105
13,3200,80,0,0,80,80,40,195,1,196
13,3200,240,0,0,80,80,40,169,6,175
13,3200,288,0,0,32,32,100,416,9,425
13,3200,535,0,0,5,5,640,2080,107,2187
13,3200,1280,0,0,80,80,40,65,16,81
13,3200,3200,0,0,50,50,64,169,128,297
13,3204,3204,0,0,18,18,178,65,178,243
13,3220,35,0,0,7,7,460,1053,5,1058
13,3220,49,0,0,7,7,460,598,7,605
13,3220,230,0,0,46,46,70,91,5,96
13,3220,672,0,0,7,7,460,1183,192,1375
13,3220,828,0,0,46,46,70,325,18,343
13,3220,945,0,0,7,7,460,1196,135,1331
13,3220,1127,0,0,7,7,460,325,161,486
13,3220,1127,0,0,7,7,460,351,161,512
13,3220,1127,0,0,7,7,460,1170,161,1331
13,3220,1323,0,0,7,7,460,416,189,605
13,3220,1960,0,0,7,7,460,169,560,729
13,3220,2401,0,0,7,7,460,143,343,486
13,3220,2401,0,0,7,7,460,416,343,759
13,3220,2401,0,0,7,7,460,715,343,1058
13,3220,3220,0,0,7,7,460,169,920,1089
13,3220,3220,0,0,115,115,28,169,56,225
13,3224,234,0,0,26,26,124,208,9,217
13,3230,170,0,0,17,17,190,351,10,361
13,3230,612,0,0,17,17,190,325,36,361
13,3234,49,0,0,49,49,66,143,1,144
13,3234,49,0,0,49,49,66,351,1,352
13,3234,63,0,0,7,7,462,832,9,841
13,3234,147,0,0,49,49,66,286,3,289
13,3234,154,0,0,7,7,462,819,22,841
13,3234,231,0,0,21,21,154,637,11,648
13,3234,2233,0,0,7,7,462,1053,319,1372
13,3240,36,0,0,36,36,90,299,1,300
13,3240,36,0,0,36,36,90,624,1,625
13,3240,81,0,0,81,81,40,104,1,105
13,3240,81,0,0,81,81,40,195,1,196
13,3240,120,0,0,30,30,108,117,4,121
13,3240,243,0,0,81,81,40,169,6,175
13,3240,432,0,0,54,54,60,117,8,125
13,3240,900,0,0,36,36,90,299,25,324
13,3240,972,0,0,36,36,90,598,27,625
13,3240,1296,0,0,81,81,40,65,16,81
13,3240,2304,0,0,18,18,180,117,128,245
13,3240,3240,0,0,30,30,108,13,108,121
13,3248,448,0,0,56,56,58,117,8,125
13,3248,544,0,0,8,8,406,2197,204,2401
13,3248,1421,0,0,29,29,112,312,49,361
13,3248,3248,0,0,116,116,28,169,56,225
13,3250,39,0,0,13,13,250,637,3,640
13,3250,208,0,0,13,13,250,1183,32,1215
13,3250,234,0,0,13,13,250,325,18,343
13,3250,1755,0,0,13,13,250,208,135,343
13,3256,110,0,0,22,22,148,481,5,486
13,3256,2368,0,0,37,37,88,169,128,297
13,3264,51,0,0,51,51,64,143,1,144
13,3264,51,0,0,51,51,64,351,1,352
13,3264,3264,0,0,51,51,64,169,128,297
13,3270,3270,0,0,15,15,218,169,436,605
13,3276,312,0,0,39,39,84,559,8,567
13,3276,3276,0,0,117,117,28,169,56,225
13,3278,11,0,0,11,11,298,624,1,625
13,3280,4,0,0,4,4,820,1599,1,1600
13,3280,4,0,0,4,4,820,5616,1,5617
13,3280,82,0,0,82,82,40,104,1,105
13,3280,82,0,0,82,82,40,195,1,196
13,3280,246,0,0,82,82,40,169,6,175
13,3280,440,0,0,10,10,328,325,44,369
13,3280,550,0,0,10,10,328,2132,55,2187
13,3280,1280,0,0,40,40,82,91,32,123
13,3280,1312,0,0,82,82,40,65,16,81
13,3280,2500,0,0,4,4,820,4992,625,5617
13,3280,2916,0,0,4,4,820,2197,2187,4384
13,3280,3280,0,0,10,10,328,169,656,825
13,3290,40,0,0,5,5,658,1859,16,1875
13,3290,235,0,0,5,5,658,1053,47,1100
13,3290,235,0,0,5,5,658,1573,47,1620
13,3290,235,0,0,5,5,658,3328,47,3375
13,3290,235,0,0,47,47,70,91,5,96
13,3290,245,0,0,5,5,658,975,49,1024
13,3290,245,0,0,5,5,658,1040,49,1089
13,3290,375,0,0,5,5,658,611,75,686
13,3290,625,0,0,5,5,658,1144,125,1269
13,3290,625,0,0,5,5,658,2548,125,2673
13,3290,846,0,0,47,47,70,325,18,343
13,3290,2585,0,0,5,5,658,455,517,972
13,3290,2640,0,0,5,5,658,169,1056,1225
13,3290,3290,0,0,5,5,658,169,1316,1485
13,3296,3296,0,0,8,8,412,117,412,529
13,3300,11,0,0,11,11,300,624,1,625
13,3300,15,0,0,15,15,220,351,1,352
13,3300,15,0,0,15,15,220,624,1,625
13,3300,15,0,0,15,15,220,1664,1,1665
13,3300,50,0,0,50,50,66,143,1,144
13,3300,50,0,0,50,50,66,351,1,352
13,3300,150,0,0,50,50,66,286,3,289
13,3300,198,0,0,22,22,150,247,9,256
13,3300,297,0,0,33,33,100,416,9,425
13,3300,405,0,0,15,15,220,325,27,352
13,3300,405,0,0,15,15,220,1573,27,1600
13,3300,440,0,0,55,55,60,117,8,125
13,3300,726,0,0,6,6,550,2197,363,2560
13,3300,830,0,0,10,10,330,429,83,512
13,3300,830,0,0,10,10,330,1248,83,1331
13,3300,830,0,0,10,10,330,1859,166,2025
13,3300,960,0,0,15,15,220,169,128,297
13,3300,960,0,0,30,30,110,143,32,175
13,3300,1518,0,0,6,6,550,169,506,675
13,3300,2160,0,0,15,15,220,481,144,625
13,3304,28,0,0,28,28,118,624,1,625
13,3304,28,0,0,28,28,118,767,1,768
13,3304,36,0,0,4,4,826,2392,9,2401
13,3304,238,0,0,14,14,236,767,17,784
13,3304,2116,0,0,4,4,826,767,529,1296
13,3304,2116,0,0,4,4,826,1872,529,2401
13,3304,3304,0,0,28,28,118,169,236,405
13,3304,3304,0,0,118,118,28,169,56,225
13,3306,456,0,0,57,57,58,117,8,125
13,3312,240,0,0,24,24,138,169,20,189
13,3312,504,0,0,24,24,138,299,21,320
13,3312,1176,0,0,24,24,138,351,49,400
13,3312,1176,0,0,24,24,138,975,49,1024
13,3312,3000,0,0,24,24,138,91,125,216
13,3320,83,0,0,83,83,40,104,1,105
13,3320,83,0,0,83,83,40,195,1,196
13,3320,249,0,0,83,83,40,169,6,175
13,3320,1328,0,0,83,83,40,65,16,81
13,3328,52,0,0,52,52,64,143,1,144
13,3328,52,0,0,52,52,64,351,1,352
13,3328,448,0,0,16,16,208,169,56,225
13,3328,3328,0,0,52,52,64,169,128,297
13,3330,15,0,0,15,15,222,728,1,729
13,3330,37,0,0,37,37,90,299,1,300
13,3330,37,0,0,37,37,90,624,1,625
13,3330,80,0,0,5,5,666,2171,16,2187
13,3330,925,0,0,37,37,90,299,25,324
13,3330,999,0,0,37,37,90,598,27,625
13,3330,2880,0,0,9,9,370,507,640,1147
13,3332,17,0,0,17,17,196,351,1,352
13,3332,17,0,0,17,17,196,728,1,729
13,3332,56,0,0,14,14,238,455,4,459
13,3332,272,0,0,17,17,196,507,32,539
13,3332,448,0,0,14,14,238,325,32,357
13,3332,1377,0,0,17,17,196,143,81,224
13,3332,1904,0,0,14,14,238,169,272,441
13,3332,3332,0,0,119,119,28,169,56,225
13,3336,16,0,0,4,4,834,1521,8,1529
13,3336,3336,0,0,12,12,278,65,278,343
13,3344,16,0,0,8,8,418,1573,2,1575
13,3344,120,0,0,8,8,418,832,15,847
13,3344,224,0,0,8,8,418,3211,56,3267
13,3344,968,0,0,8,8,418,455,121,576
13,3344,968,0,0,8,8,418,1183,242,1425
13,3344,968,0,0,8,8,418,2197,363,2560
13,3344,1056,0,0,11,11,304,169,192,361
13,3344,2200,0,0,8,8,418,637,275,912
13,3344,2432,0,0,38,38,88,169,128,297
13,3346,3346,0,0,7,7,478,169,956,1125
13,3348,6,0,0,6,6,558,624,1,625
13,3348,6,0,0,6,6,558,650,1,651
13,3348,6,0,0,6,6,558,728,1,729
13,3348,6,0,0,6,6,558,2015,1,2016
13,3348,6,0,0,6,6,558,4095,1,4096
13,3348,72,0,0,9,9,372,1573,8,1581
13,3348,124,0,0,31,31,108,117,4,121
13,3348,150,0,0,6,6,558,936,25,961
13,3348,243,0,0,27,27,124,208,9,217
13,3348,1944,0,0,6,6,558,637,324,961
13,3348,2646,0,0,6,6,558,520,441,961
13,3348,3348,0,0,31,31,108,13,108,121
13,3350,1400,0,0,5,5,670,169,560,729
13,3352,32,0,0,4,4,838,2925,8,2933
13,3352,500,0,0,4,4,838,2808,125,2933
13,3360,7,0,0,7,7,480,624,1,625
13,3360,20,0,0,20,20,168,195,1,196
13,3360,20,0,0,20,20,168,624,1,625
13,3360,20,0,0,20,20,168,728,1,729
13,3360,20,0,0,20,20,168,832,1,833
13,3360,20,0,0,20,20,168,1274,1,1275
13,3360,84,0,0,12,12,280,416,7,423
13,3360,84,0,0,84,84,40,104,1,105
13,3360,84,0,0,84,84,40,195,1,196
13,3360,112,0,0,14,14,240,1859,16,1875
13,3360,196,0,0,4,4,840,975,49,1024
13,3360,240,0,0,48,48,70,91,5,96
13,3360,252,0,0,84,84,40,169,6,175
13,3360,320,0,0,40,40,84,559,8,567
13,3360,448,0,0,16,16,210,169,56,225
13,3360,448,0,0,56,56,60,117,8,125
13,3360,500,0,0,20,20,168,416,25,441
13,3360,864,0,0,48,48,70,325,18,343
13,3360,1176,0,0,12,12,280,325,98,423
13,3360,1344,0,0,84,84,40,65,16,81
13,3360,1470,0,0,30,30,112,312,49,361
13,3360,2268,0,0,12,12,280,611,189,800
13,3360,3360,0,0,12,12,280,169,560,729
13,3360,3360,0,0,120,120,28,169,56,225
13,3362,1312,0,0,41,41,82,91,32,123
13,3364,464,0,0,58,58,58,117,8,125
13,3366,51,0,0,51,51,66,143,1,144
13,3366,51,0,0,51,51,66,351,1,352
13,3366,77,0,0,11,11,306,884,7,891
13,3366,153,0,0,51,51,66,286,3,289
13,3366,2816,0,0,11,11,306,1053,256,1309
13,3382,3382,0,0,19,19,178,65,178,243
13,3384,4,0,0,4,4,846,2808,1,2809
13,3384,9,0,0,9,9,376,728,1,729
13,3388,242,0,0,22,22,154,637,11,648
13,3388,3388,0,0,121,121,28,169,56,225
13,3390,85,0,0,5,5,678,2808,17,2825
13,3390,1440,0,0,15,15,226,169,192,361
13,3392,53,0,0,53,53,64,143,1,144
13,3392,53,0,0,53,53,64,351,1,352
13,3392,3392,0,0,53,53,64,169,128,297
13,3400,85,0,0,85,85,40,104,1,105
13,3400,85,0,0,85,85,40,195,1,196
13,3400,255,0,0,85,85,40,169,6,175
13,3400,306,0,0,34,34,100,416,9,425
13,3400,1360,0,0,85,85,40,65,16,81
13,3400,1632,0,0,4,4,850,4225,816,5041
13,3402,9,0,0,9,9,378,455,1,456
13,3402,9,0,0,9,9,378,624,1,625
13,3402,9,0,0,9,9,378,728,1,729
13,3402,27,0,0,9,9,378,637,3,640
13,3402,144,0,0,9,9,378,1183,32,1215
13,3402,3402,0,0,9,9,378,247,378,625
13,3404,115,0,0,23,23,148,481,5,486
13,3410,992,0,0,31,31,110,143,32,175
13,3410,1980,0,0,5,5,682,169,792,961
13,3416,49,0,0,7,7,488,793,7,800
13,3416,3416,0,0,122,122,28,169,56,225
13,3420,38,0,0,38,38,90,299,1,300
13,3420,38,0,0,38,38,90,624,1,625
13,3420,135,0,0,15,15,228,247,9,256
13,3420,135,0,0,15,15,228,520,9,529
13,3420,180,0,0,18,18,190,351,10,361
13,3420,456,0,0,57,57,60,117,8,125
13,3420,648,0,0,18,18,190,325,36,361
13,3420,950,0,0,38,38,90,299,25,324
13,3420,1026,0,0,38,38,90,598,27,625
13,3420,2432,0,0,19,19,180,117,128,245
13,3420,3420,0,0,15,15,228,169,456,625
13,3422,29,0,0,29,29,118,624,1,625
13,3422,29,0,0,29,29,118,767,1,768
13,3422,472,0,0,59,59,58,117,8,125
13,3422,3422,0,0,29,29,118,169,236,405
13,3430,245,0,0,49,49,70,91,5,96
13,3430,882,0,0,49,49,70,325,18,343
13,3432,52,0,0,52,52,66,143,1,144
13,3432,52,0,0,52,52,66,351,1,352
13,3432,156,0,0,52,52,66,286,3,289
13,3432,247,0,0,13,13,264,429,19,448
13,3432,2496,0,0,39,39,88,169,128,297
13,3440,8,0,0,8,8,430,624,1,625
13,3440,86,0,0,86,86,40,104,1,105
13,3440,86,0,0,86,86,40,195,1,196
13,3440,258,0,0,86,86,40,169,6,175
13,3440,648,0,0,8,8,430,559,81,640
13,3440,1376,0,0,86,86,40,65,16,81
13,3440,2150,0,0,5,5,688,299,430,729
13,3440,3125,0,0,5,5,688,104,625,729
13,3444,328,0,0,41,41,84,559,8,567
13,3444,1344,0,0,42,42,82,91,32,123
13,3444,3444,0,0,123,123,28,169,56,225
13,3450,5,0,0,5,5,690,2249,1,2250
13,3450,207,0,0,23,23,150,247,9,256
13,3450,250,0,0,25,25,138,169,20,189
13,3450,525,0,0,25,25,138,299,21,320
13,3450,1225,0,0,25,25,138,351,49,400
13,3450,1225,0,0,25,25,138,975,49,1024
13,3450,3125,0,0,5,5,690,104,625,729
13,3450,3125,0,0,25,25,138,91,125,216
13,3456,54,0,0,54,54,64,143,1,144
13,3456,54,0,0,54,54,64,351,1,352
13,3456,128,0,0,32,32,108,117,4,121
13,3456,3456,0,0,32,32,108,13,108,121
13,3456,3456,0,0,54,54,64,169,128,297
13,3472,100,0,0,4,4,868,936,25,961
13,3472,144,0,0,4,4,868,4459,36,4495
13,3472,196,0,0,4,4,868,975,49,1024
13,3472,196,0,0,4,4,868,1625,49,1674
13,3472,252,0,0,28,28,124,208,9,217
13,3472,872,0,0,8,8,434,403,109,512
13,3472,1296,0,0,4,4,868,637,324,961
13,3472,1296,0,0,4,4,868,5239,648,5887
13,3472,1519,0,0,31,31,112,312,49,361
13,3472,1764,0,0,4,4,868,520,441,961
13,3472,2700,0,0,4,4,868,169,1350,1519
13,3472,2900,0,0,4,4,868,4459,725,5184
13,3472,3472,0,0,124,124,28,169,56,225
13,3480,45,0,0,5,5,696,832,9,841
13,3480,87,0,0,87,87,40,104,1,105
13,3480,87,0,0,87,87,40,195,1,196
13,3480,250,0,0,10,10,348,416,25,441
13,3480,261,0,0,87,87,40,169,6,175
13,3480,464,0,0,58,58,60,117,8,125
13,3480,480,0,0,60,60,58,117,8,125
13,3480,490,0,0,10,10,348,351,49,400
13,3480,490,0,0,10,10,348,975,49,1024
13,3480,640,0,0,10,10,348,377,64,441
13,3480,1160,0,0,10,10,348,325,116,441
13,3480,1392,0,0,87,87,40,65,16,81
13,3488,3488,0,0,16,16,218,169,436,605
13,3498,53,0,0,53,53,66,143,1,144
13,3498,53,0,0,53,53,66,351,1,352
13,3498,159,0,0,53,53,66,286,3,289
13,3500,10,0,0,10,10,350,845,2,847
13,3500,42,0,0,14,14,250,637,3,640
13,3500,224,0,0,14,14,250,1183,32,1215
13,3500,250,0,0,50,50,70,91,5,96
13,3500,252,0,0,14,14,250,325,18,343
13,3500,315,0,0,35,35,100,416,9,425
13,3500,900,0,0,50,50,70,325,18,343
13,3500,1890,0,0,14,14,250,208,135,343
13,3500,3500,0,0,125,125,28,169,56,225
13,3504,88,0,0,8,8,438,949,11,960
13,3504,1944,0,0,8,8,438,845,486,1331
13,3510,39,0,0,39,39,90,299,1,300
13,3510,39,0,0,39,39,90,624,1,625
13,3510,975,0,0,39,39,90,299,25,324
13,3510,1053,0,0,39,39,90,598,27,625
13,3514,3514,0,0,7,7,502,1183,1004,2187
13,3516,6,0,0,6,6,586,728,1,729
13,3520,10,0,0,10,10,352,767,1,768
13,3520,16,0,0,16,16,220,351,1,352
13,3520,16,0,0,16,16,220,624,1,625
13,3520,16,0,0,16,16,220,1664,1,1665
13,3520,36,0,0,4,4,880,3575,9,3584
13,3520,55,0,0,55,55,64,143,1,144
13,3520,55,0,0,55,55,64,351,1,352
13,3520,88,0,0,88,88,40,104,1,105
13,3520,88,0,0,88,88,40,195,1,196
13,3520,264,0,0,88,88,40,169,6,175
13,3520,432,0,0,16,16,220,325,27,352
13,3520,432,0,0,16,16,220,1573,27,1600
13,3520,512,0,0,4,4,880,1573,128,1701
13,3520,972,0,0,4,4,880,845,486,1331
13,3520,1024,0,0,4,4,880,2145,256,2401
13,3520,1024,0,0,16,16,220,169,128,297
13,3520,1024,0,0,32,32,110,143,32,175
13,3520,1408,0,0,88,88,40,65,16,81
13,3520,1760,0,0,4,4,880,1521,880,2401
13,3520,2304,0,0,16,16,220,481,144,625
13,3520,2560,0,0,40,40,88,169,128,297
13,3520,2904,0,0,4,4,880,2197,2178,4375
13,3520,3520,0,0,55,55,64,169,128,297
13,3526,1376,0,0,43,43,82,91,32,123
13,3528,18,0,0,6,6,588,637,3,640
13,3528,18,0,0,18,18,196,351,1,352
13,3528,18,0,0,18,18,196,728,1,729
13,3528,21,0,0,21,21,168,195,1,196
13,3528,21,0,0,21,21,168,624,1,625
13,3528,21,0,0,21,21,168,728,1,729
13,3528,21,0,0,21,21,168,832,1,833
13,3528,21,0,0,21,21,168,1274,1,1275
13,3528,96,0,0,6,6,588,1183,32,1215
13,3528,161,0,0,7,7,504,1001,23,1024
13,3528,288,0,0,18,18,196,507,32,539
13,3528,336,0,0,42,42,84,559,8,567
13,3528,343,0,0,7,7,504,572,49,621
13,3528,525,0,0,21,21,168,416,25,441
13,3528,1458,0,0,18,18,196,143,81,224
13,3528,3528,0,0,126,126,28,169,56,225
13,3536,476,0,0,17,17,208,169,56,225
13,3538,488,0,0,61,61,58,117,8,125
13,3540,30,0,0,30,30,118,624,1,625
13,3540,30,0,0,30,30,118,767,1,768
13,3540,255,0,0,15,15,236,767,17,784
13,3540,355,0,0,5,5,708,1404,71,1475
13,3540,472,0,0,59,59,60,117,8,125
13,3540,3540,0,0,30,30,118,169,236,405
13,3542,253,0,0,23,23,154,637,11,648
13,3552,16,0,0,16,16,222,728,1,729
13,3552,120,0,0,24,24,148,481,5,486
13,3552,900,0,0,4,4,888,7696,225,7921
13,3556,7,0,0,7,7,508,624,1,625
13,3556,7,0,0,7,7,508,2600,1,2601
13,3556,112,0,0,7,7,508,3159,16,3175
13,3556,2023,0,0,7,7,508,351,289,640
13,3556,3556,0,0,7,7,508,117,508,625
13,3556,3556,0,0,7,7,508,221,508,729
13,3556,3556,0,0,127,127,28,169,56,225
13,3560,89,0,0,89,89,40,104,1,105
13,3560,89,0,0,89,89,40,195,1,196
13,3560,267,0,0,89,89,40,169,6,175
13,3560,1424,0,0,89,89,40,65,16,81
13,3560,3560,0,0,20,20,178,65,178,243
13,3564,54,0,0,54,54,66,143,1,144
13,3564,54,0,0,54,54,66,351,1,352
13,3564,132,0,0,33,33,108,117,4,121
13,3564,162,0,0,54,54,66,286,3,289
13,3564,3564,0,0,33,33,108,13,108,121
13,3570,5,0,0,5,5,714,728,1,729
13,3570,5,0,0,5,5,714,832,1,833
13,3570,60,0,0,15,15,238,455,4,459
13,3570,255,0,0,51,51,70,91,5,96
13,3570,320,0,0,5,5,714,1547,64,1611
13,3570,476,0,0,17,17,210,169,56,225
13,3570,480,0,0,15,15,238,325,32,357
13,3570,918,0,0,51,51,70,325,18,343
13,3570,2023,0,0,7,7,510,351,289,640
13,3570,2040,0,0,15,15,238,169,272,441
13,3576,12,0,0,12,12,298,624,1,625
13,3584,56,0,0,56,56,64,143,1,144
13,3584,56,0,0,56,56,64,351,1,352
13,3584,1568,0,0,32,32,112,312,49,361
13,3584,3584,0,0,56,56,64,169,128,297
13,3584,3584,0,0,128,128,28,169,56,225
13,3588,260,0,0,26,26,138,169,20,189
13,3588,546,0,0,26,26,138,299,21,320
13,3588,1274,0,0,26,26,138,351,49,400
13,3588,1274,0,0,26,26,138,975,49,1024
13,3588,3250,0,0,26,26,138,91,125,216
13,3592,64,0,0,4,4,898,2197,48,2245
13,3596,261,0,0,29,29,124,208,9,217
13,3596,496,0,0,62,62,58,117,8,125
13,3600,12,0,0,12,12,300,624,1,625
13,3600,40,0,0,40,40,90,299,1,300
13,3600,40,0,0,40,40,90,624,1,625
13,3600,90,0,0,90,90,40,104,1,105
13,3600,90,0,0,90,90,40,195,1,196
13,3600,120,0,0,15,15,240,1859,16,1875
13,3600,216,0,0,24,24,150,247,9,256
13,3600,220,0,0,4,4,900,2132,55,2187
13,3600,258,0,0,6,6,600,832,43,875
13,3600,258,0,0,6,6,600,2457,43,2500
13,3600,270,0,0,90,90,40,169,6,175
13,3600,324,0,0,36,36,100,416,9,425
13,3600,480,0,0,60,60,60,117,8,125
13,3600,1000,0,0,40,40,90,299,25,324
13,3600,1080,0,0,40,40,90,598,27,625
13,3600,1350,0,0,6,6,600,559,225,784
13,3600,1440,0,0,90,90,40,65,16,81
13,3600,2560,0,0,20,20,180,117,128,245
13,3608,484,0,0,11,11,328,325,44,369
13,3608,605,0,0,11,11,328,2132,55,2187
13,3608,1408,0,0,44,44,82,91,32,123
13,3608,2624,0,0,41,41,88,169,128,297
13,3608,3608,0,0,11,11,328,169,656,825
13,3610,190,0,0,19,19,190,351,10,361
13,3610,684,0,0,19,19,190,325,36,361
13,3612,259,0,0,7,7,516,1664,37,1701
13,3612,344,0,0,43,43,84,559,8,567
13,3612,3612,0,0,129,129,28,169,56,225
13,3614,3614,0,0,13,13,278,65,278,343
13,3616,1536,0,0,16,16,226,169,192,361
13,3630,55,0,0,55,55,66,143,1,144
13,3630,55,0,0,55,55,66,351,1,352
13,3630,165,0,0,55,55,66,286,3,289
13,3630,640,0,0,5,5,726,1573,128,1701
13,3630,913,0,0,11,11,330,429,83,512
13,3630,913,0,0,11,11,330,1248,83,1331
13,3630,913,0,0,11,11,330,1859,166,2025
13,3630,1056,0,0,33,33,110,143,32,175
13,3640,91,0,0,13,13,280,416,7,423
13,3640,91,0,0,91,91,40,104,1,105
13,3640,91,0,0,91,91,40,195,1,196
13,3640,260,0,0,52,52,70,91,5,96
13,3640,273,0,0,91,91,40,169,6,175
13,3640,936,0,0,52,52,70,325,18,343
13,3640,1274,0,0,13,13,280,325,98,423
13,3640,1456,0,0,91,91,40,65,16,81
13,3640,1620,0,0,4,4,910,4459,405,4864
13,3640,2457,0,0,13,13,280,611,189,800
13,3640,3640,0,0,13,13,280,169,560,729
13,3640,3640,0,0,130,130,28,169,56,225
13,3648,57,0,0,57,57,64,143,1,144
13,3648,57,0,0,57,57,64,351,1,352
13,3648,144,0,0,16,16,228,247,9,256
13,3648,144,0,0,16,16,228,520,9,529
13,3648,1152,0,0,12,12,304,169,192,361
13,3648,1828,0,0,4,4,912,169,914,1083
13,3648,3648,0,0,16,16,228,169,456,625
13,3648,3648,0,0,57,57,64,169,128,297
13,3650,10,0,0,5,5,730,1521,4,1525
13,3650,2880,0,0,5,5,730,949,576,1525
13,3654,504,0,0,63,63,58,117,8,125
13,3654,612,0,0,9,9,406,2197,204,2401
13,3658,31,0,0,31,31,118,624,1,625
13,3658,31,0,0,31,31,118,767,1,768
13,3658,3658,0,0,31,31,118,169,236,405
13,3660,6,0,0,6,6,610,624,1,625
13,3660,6,0,0,6,6,610,975,1,976
13,3660,6,0,0,6,6,610,2600,1,2601
13,3660,488,0,0,61,61,60,117,8,125
13,3660,1098,0,0,6,6,610,442,183,625
13,3668,3668,0,0,131,131,28,169,56,225
13,3672,32,0,0,4,4,918,6877,8,6885
13,3672,84,0,0,12,12,306,884,7,891
13,3672,136,0,0,34,34,108,117,4,121
13,3672,3072,0,0,12,12,306,1053,256,1309
13,3672,3672,0,0,34,34,108,13,108,121
13,3680,40,0,0,8,8,460,1053,5,1058
13,3680,56,0,0,8,8,460,598,7,605
13,3680,92,0,0,92,92,40,104,1,105
13,3680,92,0,0,92,92,40,195,1,196
13,3680,276,0,0,92,92,40,169,6,175
13,3680,768,0,0,8,8,460,1183,192,1375
13,3680,1080,0,0,8,8,460,1196,135,1331
13,3680,1288,0,0,8,8,460,325,161,486
13,3680,1288,0,0,8,8,460,351,161,512
13,3680,1288,0,0,8,8,460,1170,161,1331
13,3680,1472,0,0,92,92,40,65,16,81
13,3680,1512,0,0,8,8,460,416,189,605
13,3680,2240,0,0,8,8,460,169,560,729
13,3680,2744,0,0,8,8,460,143,343,486
13,3680,2744,0,0,8,8,460,416,343,759
13,3680,2744,0,0,8,8,460,715,343,1058
13,3680,3680,0,0,8,8,460,169,920,1089
13,3690,41,0,0,41,41,90,299,1,300
13,3690,41,0,0,41,41,90,624,1,625
13,3690,1025,0,0,41,41,90,299,25,324
13,3690,1107,0,0,41,41,90,598,27,625
13,3690,1440,0,0,45,45,82,91,32,123
13,3696,22,0,0,22,22,168,195,1,196
13,3696,22,0,0,22,22,168,624,1,625
13,3696,22,0,0,22,22,168,728,1,729
13,3696,22,0,0,22,22,168,832,1,833
13,3696,22,0,0,22,22,168,1274,1,1275
13,3696,56,0,0,7,7,528,1859,16,1875
13,3696,56,0,0,56,56,66,143,1,144
13,3696,56,0,0,56,56,66,351,1,352
13,3696,72,0,0,8,8,462,832,9,841
13,3696,168,0,0,56,56,66,286,3,289
13,3696,176,0,0,8,8,462,819,22,841
13,3696,198,0,0,6,6,616,1339,33,1372
13,3696,264,0,0,24,24,154,637,11,648
13,3696,266,0,0,14,14,264,429,19,448
13,3696,352,0,0,44,44,84,559,8,567
13,3696,550,0,0,22,22,168,416,25,441
13,3696,1617,0,0,33,33,112,312,49,361
13,3696,2552,0,0,8,8,462,1053,319,1372
13,3696,2688,0,0,42,42,88,169,128,297
13,3696,2800,0,0,7,7,528,689,400,1089
13,3696,3072,0,0,6,6,616,819,512,1331
13,3696,3696,0,0,132,132,28,169,56,225
13,3700,125,0,0,5,5,740,3367,25,3392
13,3700,125,0,0,25,25,148,481,5,486
13,3700,333,0,0,37,37,100,416,9,425
13,3700,3200,0,0,10,10,370,507,640,1147
13,3706,3706,0,0,17,17,218,169,436,605
13,3708,3708,0,0,9,9,412,117,412,529
13,3710,5,0,0,5,5,742,2808,1,2809
13,3710,265,0,0,53,53,70,91,5,96
13,3710,954,0,0,53,53,70,325,18,343
13,3710,2527,0,0,7,7,530,325,361,686
13,3712,58,0,0,58,58,64,143,1,144
13,3712,58,0,0,58,58,64,351,1,352
13,3712,512,0,0,64,64,58,117,8,125
13,3712,3712,0,0,4,4,928,169,1856,2025
13,3712,3712,0,0,58,58,64,169,128,297
13,3720,80,0,0,10,10,372,1573,8,1581
13,3720,93,0,0,93,93,40,104,1,105
13,3720,93,0,0,93,93,40,195,1,196
13,3720,270,0,0,30,30,124,208,9,217
13,3720,279,0,0,93,93,40,169,6,175
13,3720,496,0,0,62,62,60,117,8,125
13,3720,1488,0,0,93,93,40,65,16,81
13,3724,7,0,0,7,7,532,728,1,729
13,3724,19,0,0,19,19,196,351,1,352
13,3724,19,0,0,19,19,196,728,1,729
13,3724,189,0,0,7,7,532,1664,27,1691
13,3724,304,0,0,19,19,196,507,32,539
13,3724,1539,0,0,19,19,196,143,81,224
13,3724,3724,0,0,133,133,28,169,56,225
13,3726,270,0,0,27,27,138,169,20,189
13,3726,567,0,0,27,27,138,299,21,320
13,3726,1323,0,0,27,27,138,351,49,400
13,3726,1323,0,0,27,27,138,975,49,1024
13,3726,3375,0,0,27,27,138,91,125,216
13,3738,3738,0,0,21,21,178,65,178,243
13,3740,17,0,0,17,17,220,351,1,352
13,3740,17,0,0,17,17,220,624,1,625
13,3740,17,0,0,17,17,220,1664,1,1665
13,3740,100,0,0,5,5,748,3159,20,3179
13,3740,459,0,0,17,17,220,325,27,352
13,3740,459,0,0,17,17,220,1573,27,1600
13,3740,1088,0,0,17,17,220,169,128,297
13,3740,1088,0,0,34,34,110,143,32,175
13,3740,1215,0,0,5,5,748,845,486,1331
13,3740,1215,0,0,5,5,748,3757,243,4000
13,3740,2448,0,0,17,17,220,481,144,625
13,3744,504,0,0,18,18,208,169,56,225
13,3750,45,0,0,15,15,250,637,3,640
13,3750,225,0,0,25,25,150,247,9,256
13,3750,240,0,0,15,15,250,1183,32,1215
13,3750,270,0,0,15,15,250,325,18,343
13,3750,2025,0,0,15,15,250,208,135,343
13,3752,268,0,0,4,4,938,8125,67,8192
13,3752,1316,0,0,4,4,938,4160,329,4489
13,3752,3752,0,0,134,134,28,169,56,225
13,3760,10,0,0,10,10,376,728,1,729
13,3760,16,0,0,4,4,940,2197,12,2209
13,3760,94,0,0,94,94,40,104,1,105
13,3760,94,0,0,94,94,40,195,1,196
13,3760,282,0,0,94,94,40,169,6,175
13,3760,1504,0,0,94,94,40,65,16,81
13,3760,2304,0,0,4,4,940,2197,1728,3925
13,3762,18,0,0,9,9,418,1573,2,1575
13,3762,57,0,0,57,57,66,143,1,144
13,3762,57,0,0,57,57,66,351,1,352
13,3762,135,0,0,9,9,418,832,15,847
13,3762,171,0,0,57,57,66,286,3,289
13,3762,252,0,0,9,9,418,3211,56,3267
13,3762,1089,0,0,9,9,418,455,121,576
13,3762,1089,0,0,9,9,418,1183,242,1425
13,3762,1089,0,0,9,9,418,2197,363,2560
13,3762,2475,0,0,9,9,418,637,275,912
13,3768,3456,0,0,6,6,628,2197,1728,3925
13,3770,520,0,0,65,65,58,117,8,125
13,3772,1472,0,0,46,46,82,91,32,123
13,3774,17,0,0,17,17,222,728,1,729
13,3776,32,0,0,32,32,118,624,1,625
13,3776,32,0,0,32,32,118,767,1,768
13,3776,59,0,0,59,59,64,143,1,144
13,3776,59,0,0,59,59,64,351,1,352
13,3776,272,0,0,16,16,236,767,17,784
13,3776,3776,0,0,32,32,118,169,236,405
13,3776,3776,0,0,59,59,64,169,128,297
13,3780,10,0,0,10,10,378,455,1,456
13,3780,10,0,0,10,10,378,624,1,625
13,3780,10,0,0,10,10,378,728,1,729
13,3780,30,0,0,10,10,378,637,3,640
13,3780,42,0,0,42,42,90,299,1,300
13,3780,42,0,0,42,42,90,624,1,625
13,3780,140,0,0,35,35,108,117,4,121
13,3780,160,0,0,10,10,378,1183,32,1215
13,3780,270,0,0,54,54,70,91,5,96
13,3780,360,0,0,45,45,84,559,8,567
13,3780,504,0,0,18,18,210,169,56,225
13,3780,504,0,0,63,63,60,117,8,125
13,3780,750,0,0,6,6,630,1027,125,1152
13,3780,972,0,0,54,54,70,325,18,343
13,3780,1050,0,0,42,42,90,299,25,324
13,3780,1134,0,0,42,42,90,598,27,625
13,3780,2688,0,0,21,21,180,117,128,245
13,3780,3780,0,0,10,10,378,247,378,625
13,3780,3780,0,0,35,35,108,13,108,121
13,3780,3780,0,0,135,135,28,169,56,225
13,3784,2752,0,0,43,43,88,169,128,297
13,3792,4,0,0,4,4,948,3159,1,3160
13,3792,4,0,0,4,4,948,6240,1,6241
13,3792,2500,0,0,4,4,948,5616,625,6241
13,3800,95,0,0,95,95,40,104,1,105
13,3800,95,0,0,95,95,40,195,1,196
13,3800,200,0,0,20,20,190,351,10,361
13,3800,285,0,0,95,95,40,169,6,175
13,3800,342,0,0,38,38,100,416,9,425
13,3800,720,0,0,20,20,190,325,36,361
13,3800,1520,0,0,95,95,40,65,16,81
13,3808,64,0,0,16,16,238,455,4,459
13,3808,272,0,0,4,4,952,2197,204,2401
13,3808,512,0,0,16,16,238,325,32,357
13,3808,1666,0,0,34,34,112,312,49,361
13,3808,2176,0,0,16,16,238,169,272,441
13,3808,3808,0,0,136,136,28,169,56,225
13,3816,6,0,0,6,6,636,2808,1,2809
13,3816,2112,0,0,6,6,636,377,352,729
13,3824,3824,0,0,8,8,478,169,956,1125
13,3828,58,0,0,58,58,66,143,1,144
13,3828,58,0,0,58,58,66,351,1,352
13,3828,174,0,0,58,58,66,286,3,289
13,3828,275,0,0,11,11,348,416,25,441
13,3828,528,0,0,66,66,58,117,8,125
13,3828,539,0,0,11,11,348,351,49,400
13,3828,539,0,0,11,11,348,975,49,1024
13,3828,704,0,0,11,11,348,377,64,441
13,3828,1276,0,0,11,11,348,325,116,441
13,3836,3836,0,0,137,137,28,169,56,225
13,3840,5,0,0,5,5,768,845,2,847
13,3840,5,0,0,5,5,768,2197,3,2200
13,3840,5,0,0,5,5,768,4095,1,4096
13,3840,8,0,0,8,8,480,624,1,625
13,3840,60,0,0,60,60,64,143,1,144
13,3840,60,0,0,60,60,64,351,1,352
13,3840,80,0,0,5,5,768,1183,32,1215
13,3840,96,0,0,96,96,40,104,1,105
13,3840,96,0,0,96,96,40,195,1,196
13,3840,128,0,0,16,16,240,1859,16,1875
13,3840,135,0,0,5,5,768,1573,27,1600
13,3840,288,0,0,96,96,40,169,6,175
13,3840,405,0,0,5,5,768,1144,81,1225
13,3840,512,0,0,64,64,60,117,8,125
13,3840,642,0,0,6,6,640,2080,107,2187
13,3840,1536,0,0,96,96,40,65,16,81
13,3840,3645,0,0,5,5,768,5200,729,5929
13,3840,3840,0,0,60,60,64,169,128,297
13,3842,1632,0,0,17,17,226,169,192,361
13,3844,279,0,0,31,31,124,208,9,217
13,3848,130,0,0,26,26,148,481,5,486
13,3850,11,0,0,11,11,350,845,2,847
13,3850,275,0,0,25,25,154,637,11,648
13,3850,275,0,0,55,55,70,91,5,96
13,3850,847,0,0,7,7,550,2197,363,2560
13,3850,990,0,0,55,55,70,325,18,343
13,3850,1120,0,0,35,35,110,143,32,175
13,3850,1771,0,0,7,7,550,169,506,675
13,3850,3080,0,0,5,5,770,2509,616,3125
13,3854,1504,0,0,47,47,82,91,32,123
13,3864,23,0,0,23,23,168,195,1,196
13,3864,23,0,0,23,23,168,624,1,625
13,3864,23,0,0,23,23,168,728,1,729
13,3864,23,0,0,23,23,168,832,1,833
13,3864,23,0,0,23,23,168,1274,1,1275
13,3864,280,0,0,28,28,138,169,20,189
13,3864,368,0,0,46,46,84,559,8,567
13,3864,575,0,0,23,23,168,416,25,441
13,3864,588,0,0,28,28,138,299,21,320
13,3864,1372,0,0,28,28,138,351,49,400
13,3864,1372,0,0,28,28,138,975,49,1024
13,3864,3500,0,0,28,28,138,91,125,216
13,3864,3864,0,0,138,138,28,169,56,225
13,3870,9,0,0,9,9,430,624,1,625
13,3870,43,0,0,43,43,90,299,1,300
13,3870,43,0,0,43,43,90,624,1,625
13,3870,729,0,0,9,9,430,559,81,640
13,3870,1075,0,0,43,43,90,299,25,324
13,3870,1161,0,0,43,43,90,598,27,625
13,3872,11,0,0,11,11,352,767,1,768
13,3872,2816,0,0,44,44,88,169,128,297
13,3874,13,0,0,13,13,298,624,1,625
13,3876,153,0,0,17,17,228,247,9,256
13,3876,153,0,0,17,17,228,520,9,529
13,3876,3876,0,0,17,17,228,169,456,625
13,3880,97,0,0,97,97,40,104,1,105
13,3880,97,0,0,97,97,40,195,1,196
13,3880,291,0,0,97,97,40,169,6,175
13,3880,1552,0,0,97,97,40,65,16,81
13,3886,536,0,0,67,67,58,117,8,125
13,3888,144,0,0,36,36,108,117,4,121
13,3888,3888,0,0,36,36,108,13,108,121
13,3892,3892,0,0,14,14,278,65,278,343
13,3892,3892,0,0,139,139,28,169,56,225
13,3894,33,0,0,33,33,118,624,1,625
13,3894,33,0,0,33,33,118,767,1,768
13,3894,59,0,0,59,59,66,143,1,144
13,3894,59,0,0,59,59,66,351,1,352
13,3894,177,0,0,59,59,66,286,3,289
13,3894,3894,0,0,33,33,118,169,236,405
13,3900,13,0,0,13,13,300,624,1,625
13,3900,234,0,0,26,26,150,247,9,256
13,3900,351,0,0,39,39,100,416,9,425
13,3900,520,0,0,65,65,60,117,8,125
13,3904,56,0,0,8,8,488,793,7,800
13,3904,61,0,0,61,61,64,143,1,144
13,3904,61,0,0,61,61,64,351,1,352
13,3904,3904,0,0,61,61,64,169,128,297
13,3906,7,0,0,7,7,558,624,1,625
13,3906,7,0,0,7,7,558,650,1,651
13,3906,7,0,0,7,7,558,728,1,729
13,3906,7,0,0,7,7,558,2015,1,2016
13,3906,7,0,0,7,7,558,4095,1,4096
13,3906,175,0,0,7,7,558,936,25,961
13,3906,981,0,0,9,9,434,403,109,512
13,3906,2268,0,0,7,7,558,637,324,961
13,3906,3087,0,0,7,7,558,520,441,961
13,3912,64,0,0,4,4,978,1183,32,1215
13,3912,1944,0,0,4,4,978,169,972,1141
13,3916,3916,0,0,22,22,178,65,178,243
13,3920,20,0,0,20,20,196,351,1,352
13,3920,20,0,0,20,20,196,728,1,729
13,3920,98,0,0,14,14,280,416,7,423
13,3920,98,0,0,98,98,40,104,1,105
13,3920,98,0,0,98,98,40,195,1,196
13,3920,280,0,0,56,56,70,91,5,96
13,3920,294,0,0,98,98,40,169,6,175
13,3920,320,0,0,20,20,196,507,32,539
13,3920,1008,0,0,56,56,70,325,18,343
13,3920,1372,0,0,14,14,280,325,98,423
13,3920,1568,0,0,98,98,40,65,16,81
13,3920,1620,0,0,20,20,196,143,81,224
13,3920,1715,0,0,35,35,112,312,49,361
13,3920,2646,0,0,14,14,280,611,189,800
13,3920,3920,0,0,14,14,280,169,560,729
13,3924,3924,0,0,18,18,218,169,436,605
13,3936,528,0,0,12,12,328,325,44,369
13,3936,660,0,0,12,12,328,2132,55,2187
13,3936,1536,0,0,48,48,82,91,32,123
13,3936,3936,0,0,12,12,328,169,656,825
13,3942,99,0,0,9,9,438,949,11,960
13,3942,2187,0,0,9,9,438,845,486,1331
13,3944,544,0,0,68,68,58,117,8,125
13,3948,48,0,0,6,6,658,1859,16,1875
13,3948,282,0,0,6,6,658,1053,47,1100
13,3948,282,0,0,6,6,658,1573,47,1620
13,3948,282,0,0,6,6,658,3328,47,3375
13,3948,294,0,0,6,6,658,975,49,1024
13,3948,294,0,0,6,6,658,1040,49,1089
13,3948,376,0,0,47,47,84,559,8,567
13,3948,450,0,0,6,6,658,611,75,686
13,3948,750,0,0,6,6,658,1144,125,1269
13,3948,750,0,0,6,6,658,2548,125,2673
13,3948,3102,0,0,6,6,658,455,517,972
13,3948,3168,0,0,6,6,658,169,1056,1225
13,3948,3948,0,0,6,6,658,169,1316,1485
13,3950,60,0,0,5,5,790,845,24,869
13,3952,532,0,0,19,19,208,169,56,225
13,3952,1248,0,0,13,13,304,169,192,361
13,3960,18,0,0,18,18,220,351,1,352
13,3960,18,0,0,18,18,220,624,1,625
13,3960,18,0,0,18,18,220,1664,1,1665
13,3960,44,0,0,44,44,90,299,1,300
13,3960,44,0,0,44,44,90,624,1,625
13,3960,60,0,0,60,60,66,143,1,144
13,3960,60,0,0,60,60,66,351,1,352
13,3960,99,0,0,99,99,40,104,1,105
13,3960,99,0,0,99,99,40,195,1,196
13,3960,180,0,0,60,60,66,286,3,289
13,3960,285,0,0,15,15,264,429,19,448
13,3960,297,0,0,99,99,40,169,6,175
13,3960,484,0,0,4,4,990,2197,363,2560
13,3960,484,0,0,4,4,990,4563,242,4805
13,3960,486,0,0,18,18,220,325,27,352
13,3960,486,0,0,18,18,220,1573,27,1600
13,3960,528,0,0,66,66,60,117,8,125
13,3960,996,0,0,12,12,330,429,83,512
13,3960,996,0,0,12,12,330,1248,83,1331
13,3960,996,0,0,12,12,330,1859,166,2025
13,3960,1100,0,0,44,44,90,299,25,324
13,3960,1152,0,0,18,18,220,169,128,297
13,3960,1152,0,0,36,36,110,143,32,175
13,3960,1188,0,0,44,44,90,598,27,625
13,3960,1584,0,0,99,99,40,65,16,81
13,3960,2592,0,0,18,18,220,481,144,625
13,3960,2816,0,0,22,22,180,117,128,245
13,3960,2880,0,0,45,45,88,169,128,297
13,3968,62,0,0,62,62,64,143,1,144
13,3968,62,0,0,62,62,64,351,1,352
13,3968,284,0,0,4,4,992,6656,71,6727
13,3968,288,0,0,32,32,124,208,9,217
13,3968,3968,0,0,62,62,64,169,128,297
13,3978,91,0,0,13,13,306,884,7,891
13,3978,3328,0,0,13,13,306,1053,256,1309
13,3980,1520,0,0,5,5,796,1183,608,1791
13,3990,210,0,0,21,21,190,351,10,361
13,3990,285,0,0,57,57,70,91,5,96
13,3990,532,0,0,19,19,210,169,56,225
13,3990,756,0,0,21,21,190,325,36,361
13,3990,1026,0,0,57,57,70,325,18,343
13,3990,1715,0,0,5,5,798,169,686,855
13,3996,18,0,0,18,18,222,728,1,729
13,3996,96,0,0,6,6,666,2171,16,2187
13,3996,135,0,0,27,27,148,481,5,486
13,3996,148,0,0,37,37,108,117,4,121
13,3996,3996,0,0,37,37,108,13,108,121
13,4000,48,0,0,16,16,250,637,3,640
13,4000,100,0,0,100,100,40,104,1,105
13,4000,100,0,0,100,100,40,195,1,196
13,4000,256,0,0,16,16,250,1183,32,1215
13,4000,288,0,0,16,16,250,325,18,343
13,4000,300,0,0,100,100,40,169,6,175
13,4000,360,0,0,40,40,100,416,9,425
13,4000,1600,0,0,100,100,40,65,16,81
13,4000,2160,0,0,16,16,250,208,135,343
13,4002,290,0,0,29,29,138,169,20,189
13,4002,552,0,0,69,69,58,117,8,125
13,4002,609,0,0,29,29,138,299,21,320
13,4002,1421,0,0,29,29,138,351,49,400
13,4002,1421,0,0,29,29,138,975,49,1024
13,4002,3625,0,0,29,29,138,91,125,216
13,4004,286,0,0,26,26,154,637,11,648
13,4012,34,0,0,34,34,118,624,1,625
13,4012,34,0,0,34,34,118,767,1,768
13,4012,289,0,0,17,17,236,767,17,784
13,4012,4012,0,0,34,34,118,169,236,405
13,4016,4016,0,0,8,8,502,1183,1004,2187
13,4018,1568,0,0,49,49,82,91,32,123
13,4020,536,0,0,67,67,60,117,8,125
13,4020,1680,0,0,6,6,670,169,560,729
13,4026,61,0,0,61,61,66,143,1,144
13,4026,61,0,0,61,61,66,351,1,352
13,4026,183,0,0,61,61,66,286,3,289
13,4032,24,0,0,24,24,168,195,1,196
13,4032,24,0,0,24,24,168,624,1,625
13,4032,24,0,0,24,24,168,728,1,729
13,4032,24,0,0,24,24,168,832,1,833
13,4032,24,0,0,24,24,168,1274,1,1275
13,4032,63,0,0,63,63,64,143,1,144
13,4032,63,0,0,63,63,64,351,1,352
13,4032,184,0,0,8,8,504,1001,23,1024
13,4032,384,0,0,48,48,84,559,8,567
13,4032,392,0,0,8,8,504,572,49,621
13,4032,600,0,0,24,24,168,416,25,441
13,4032,1764,0,0,36,36,112,312,49,361
13,4032,4032,0,0,63,63,64,169,128,297
13,4040,101,0,0,101,101,40,104,1,105
13,4040,101,0,0,101,101,40,195,1,196
13,4040,303,0,0,101,101,40,169,6,175
13,4040,1616,0,0,101,101,40,65,16,81
13,4046,68,0,0,17,17,238,455,4,459
13,4046,544,0,0,17,17,238,325,32,357
13,4046,2312,0,0,17,17,238,169,272,441
13,4048,2944,0,0,46,46,88,169,128,297
13,4050,45,0,0,45,45,90,299,1,300
13,4050,45,0,0,45,45,90,624,1,625
13,4050,243,0,0,27,27,150,247,9,256
13,4050,1125,0,0,45,45,90,299,25,324
13,4050,1215,0,0,45,45,90,598,27,625
13,4060,290,0,0,58,58,70,91,5,96
13,4060,560,0,0,70,70,58,117,8,125
13,4060,680,0,0,10,10,406,2197,204,2401
13,4060,1044,0,0,58,58,70,325,18,343
13,4064,8,0,0,8,8,508,624,1,625
13,4064,8,0,0,8,8,508,2600,1,2601
13,4064,128,0,0,8,8,508,3159,16,3175
13,4064,2312,0,0,8,8,508,351,289,640
13,4064,4064,0,0,8,8,508,117,508,625
13,4064,4064,0,0,8,8,508,221,508,729
13,4068,102,0,0,6,6,678,2808,17,2825
13,4068,1728,0,0,18,18,226,169,192,361
13,4070,1184,0,0,37,37,110,143,32,175
13,4070,3520,0,0,11,11,370,507,640,1147
13,4080,102,0,0,102,102,40,104,1,105
13,4080,102,0,0,102,102,40,195,1,196
13,4080,136,0,0,17,17,240,1859,16,1875
13,4080,306,0,0,102,102,40,169,6,175
13,4080,544,0,0,68,68,60,117,8,125
13,4080,1632,0,0,102,102,40,65,16,81
13,4080,2312,0,0,8,8,510,351,289,640
13,4092,62,0,0,62,62,66,143,1,144
13,4092,62,0,0,62,62,66,351,1,352
13,4092,88,0,0,11,11,372,1573,8,1581
13,4092,186,0,0,62,62,66,286,3,289
13,4092,297,0,0,33,33,124,208,9,217
13,4092,2376,0,0,6,6,682,169,792,961
13,4094,4094,0,0,23,23,178,65,178,243
13,4096,64,0,0,64,64,64,143,1,144
13,4096,64,0,0,64,64,64,351,1,352
13,4096,4096,0,0,64,64,64,169,128,297
13,4100,5,0,0,5,5,820,1599,1,1600
13,4100,5,0,0,5,5,820,5616,1,5617
13,4100,369,0,0,41,41,100,416,9,425
13,4100,1600,0,0,50,50,82,91,32,123
13,4100,3125,0,0,5,5,820,4992,625,5617
13,4100,3645,0,0,5,5,820,2197,2187,4384
13,4102,7,0,0,7,7,586,728,1,729
13,4104,152,0,0,38,38,108,117,4,121
13,4104,162,0,0,18,18,228,247,9,256
13,4104,162,0,0,18,18,228,520,9,529
13,4104,4104,0,0,18,18,228,169,456,625
13,4104,4104,0,0,38,38,108,13,108,121
13,4116,21,0,0,7,7,588,637,3,640
13,4116,21,0,0,21,21,196,351,1,352
13,4116,21,0,0,21,21,196,728,1,729
13,4116,112,0,0,7,7,588,1183,32,1215
13,4116,336,0,0,21,21,196,507,32,539
13,4116,392,0,0,49,49,84,559,8,567
13,4116,1701,0,0,21,21,196,143,81,224
13,4118,568,0,0,71,71,58,117,8,125
13,4120,103,0,0,103,103,40,104,1,105
13,4120,103,0,0,103,103,40,195,1,196
13,4120,309,0,0,103,103,40,169,6,175
13,4120,1648,0,0,103,103,40,65,16,81
13,4120,4120,0,0,10,10,412,117,412,529
13,4128,296,0,0,8,8,516,1664,37,1701
13,4128,2580,0,0,6,6,688,299,430,729
13,4128,3750,0,0,6,6,688,104,625,729
13,4130,35,0,0,35,35,118,624,1,625
13,4130,35,0,0,35,35,118,767,1,768
13,4130,45,0,0,5,5,826,2392,9,2401
13,4130,295,0,0,59,59,70,91,5,96
13,4130,1062,0,0,59,59,70,325,18,343
13,4130,2645,0,0,5,5,826,767,529,1296
13,4130,2645,0,0,5,5,826,1872,529,2401
13,4130,4130,0,0,35,35,118,169,236,405
13,4136,11,0,0,11,11,376,728,1,729
13,4136,3008,0,0,47,47,88,169,128,297
13,4140,6,0,0,6,6,690,2249,1,2250
13,4140,45,0,0,9,9,460,1053,5,1058
13,4140,46,0,0,46,46,90,299,1,300
13,4140,46,0,0,46,46,90,624,1,625
13,4140,63,0,0,9,9,460,598,7,605
13,4140,300,0,0,30,30,138,169,20,189
13,4140,552,0,0,69,69,60,117,8,125
13,4140,630,0,0,30,30,138,299,21,320
13,4140,864,0,0,9,9,460,1183,192,1375
13,4140,1150,0,0,46,46,90,299,25,324
13,4140,1215,0,0,9,9,460,1196,135,1331
13,4140,1242,0,0,46,46,90,598,27,625
13,4140,1449,0,0,9,9,460,325,161,486
13,4140,1449,0,0,9,9,460,351,161,512
13,4140,1449,0,0,9,9,460,1170,161,1331
13,4140,1470,0,0,30,30,138,351,49,400
13,4140,1470,0,0,30,30,138,975,49,1024
13,4140,1701,0,0,9,9,460,416,189,605
13,4140,2520,0,0,9,9,460,169,560,729
13,4140,2944,0,0,23,23,180,117,128,245
13,4140,3087,0,0,9,9,460,143,343,486
13,4140,3087,0,0,9,9,460,416,343,759
13,4140,3087,0,0,9,9,460,715,343,1058
13,4140,3750,0,0,6,6,690,104,625,729
13,4140,3750,0,0,30,30,138,91,125,216
13,4140,4140,0,0,9,9,460,169,920,1089
13,4142,4142,0,0,19,19,218,169,436,605
13,4144,140,0,0,28,28,148,481,5,486
13,4144,1813,0,0,37,37,112,312,49,361
13,4158,11,0,0,11,11,378,455,1,456
13,4158,11,0,0,11,11,378,624,1,625
13,4158,11,0,0,11,11,378,728,1,729
13,4158,33,0,0,11,11,378,637,3,640
13,4158,63,0,0,63,63,66,143,1,144
13,4158,63,0,0,63,63,66,351,1,352
13,4158,81,0,0,9,9,462,832,9,841
13,4158,176,0,0,11,11,378,1183,32,1215
13,4158,189,0,0,63,63,66,286,3,289
13,4158,198,0,0,9,9,462,819,22,841
13,4158,297,0,0,27,27,154,637,11,648
13,4158,2871,0,0,9,9,462,1053,319,1372
13,4158,4158,0,0,11,11,378,247,378,625
13,4160,65,0,0,65,65,64,143,1,144
13,4160,65,0,0,65,65,64,351,1,352
13,4160,104,0,0,104,104,40,104,1,105
13,4160,104,0,0,104,104,40,195,1,196
13,4160,312,0,0,104,104,40,169,6,175
13,4160,560,0,0,20,20,208,169,56,225
13,4160,1664,0,0,104,104,40,65,16,81
13,4160,4160,0,0,65,65,64,169,128,297
13,4170,20,0,0,5,5,834,1521,8,1529
13,4170,4170,0,0,15,15,278,65,278,343
13,4172,14,0,0,14,14,298,624,1,625
13,4176,54,0,0,6,6,696,832,9,841
13,4176,300,0,0,12,12,348,416,25,441
13,4176,576,0,0,72,72,58,117,8,125
13,4176,588,0,0,12,12,348,351,49,400
13,4176,588,0,0,12,12,348,975,49,1024
13,4176,768,0,0,12,12,348,377,64,441
13,4176,1392,0,0,12,12,348,325,116,441
13,4180,19,0,0,19,19,220,351,1,352
13,4180,19,0,0,19,19,220,624,1,625
13,4180,19,0,0,19,19,220,1664,1,1665
13,4180,20,0,0,10,10,418,1573,2,1575
13,4180,150,0,0,10,10,418,832,15,847
13,4180,220,0,0,22,22,190,351,10,361
13,4180,280,0,0,10,10,418,3211,56,3267
13,4180,513,0,0,19,19,220,325,27,352
13,4180,513,0,0,19,19,220,1573,27,1600
13,4180,792,0,0,22,22,190,325,36,361
13,4180,1210,0,0,10,10,418,455,121,576
13,4180,1210,0,0,10,10,418,1183,242,1425
13,4180,1210,0,0,10,10,418,2197,363,2560
13,4180,1216,0,0,19,19,220,169,128,297
13,4180,1216,0,0,38,38,110,143,32,175
13,4180,2736,0,0,19,19,220,481,144,625
13,4180,2750,0,0,10,10,418,637,275,912
13,4182,1632,0,0,51,51,82,91,32,123
13,4190,40,0,0,5,5,838,2925,8,2933
13,4190,625,0,0,5,5,838,2808,125,2933
13,4200,12,0,0,12,12,350,845,2,847
13,4200,14,0,0,14,14,300,624,1,625
13,4200,25,0,0,25,25,168,195,1,196
13,4200,25,0,0,25,25,168,624,1,625
13,4200,25,0,0,25,25,168,728,1,729
13,4200,25,0,0,25,25,168,832,1,833
13,4200,25,0,0,25,25,168,1274,1,1275
13,4200,105,0,0,15,15,280,416,7,423
13,4200,105,0,0,105,105,40,104,1,105
13,4200,105,0,0,105,105,40,195,1,196
13,4200,245,0,0,5,5,840,975,49,1024
13,4200,252,0,0,28,28,150,247,9,256
13,4200,300,0,0,60,60,70,91,5,96
13,4200,301,0,0,7,7,600,832,43,875
13,4200,301,0,0,7,7,600,2457,43,2500
13,4200,315,0,0,105,105,40,169,6,175
13,4200,378,0,0,42,42,100,416,9,425
13,4200,400,0,0,50,50,84,559,8,567
13,4200,560,0,0,20,20,210,169,56,225
13,4200,560,0,0,70,70,60,117,8,125
13,4200,625,0,0,25,25,168,416,25,441
13,4200,1080,0,0,60,60,70,325,18,343
13,4200,1470,0,0,15,15,280,325,98,423
13,4200,1575,0,0,7,7,600,559,225,784
13,4200,1680,0,0,105,105,40,65,16,81
13,4200,2835,0,0,15,15,280,611,189,800
13,4200,4200,0,0,15,15,280,169,560,729
13,4212,156,0,0,39,39,108,117,4,121
13,4212,4212,0,0,39,39,108,13,108,121
13,4216,306,0,0,34,34,124,208,9,217
13,4218,19,0,0,19,19,222,728,1,729
13,4224,12,0,0,12,12,352,767,1,768
13,4224,64,0,0,8,8,528,1859,16,1875
13,4224,64,0,0,64,64,66,143,1,144
13,4224,64,0,0,64,64,66,351,1,352
13,4224,66,0,0,66,66,64,143,1,144
13,4224,66,0,0,66,66,64,351,1,352
13,4224,192,0,0,64,64,66,286,3,289
13,4224,304,0,0,16,16,264,429,19,448
13,4224,3072,0,0,48,48,88,169,128,297
13,4224,3200,0,0,8,8,528,689,400,1089
13,4224,4224,0,0,66,66,64,169,128,297
13,4230,5,0,0,5,5,846,2808,1,2809
13,4230,47,0,0,47,47,90,299,1,300
13,4230,47,0,0,47,47,90,624,1,625
13,4230,1175,0,0,47,47,90,299,25,324
13,4230,1269,0,0,47,47,90,598,27,625
13,4234,584,0,0,73,73,58,117,8,125
13,4240,106,0,0,106,106,40,104,1,105
13,4240,106,0,0,106,106,40,195,1,196
13,4240,318,0,0,106,106,40,169,6,175
13,4240,1696,0,0,106,106,40,65,16,81
13,4240,2888,0,0,8,8,530,325,361,686
13,4248,36,0,0,36,36,118,624,1,625
13,4248,36,0,0,36,36,118,767,1,768
13,4248,306,0,0,18,18,236,767,17,784
13,4248,426,0,0,6,6,708,1404,71,1475
13,4248,4248,0,0,36,36,118,169,236,405
13,4250,51,0,0,17,17,250,637,3,640
13,4250,272,0,0,17,17,250,1183,32,1215
13,4250,306,0,0,17,17,250,325,18,343
13,4250,2040,0,0,5,5,850,4225,816,5041
13,4250,2295,0,0,17,17,250,208,135,343
13,4256,8,0,0,8,8,532,728,1,729
13,4256,216,0,0,8,8,532,1664,27,1691
13,4256,1344,0,0,14,14,304,169,192,361
13,4256,1862,0,0,38,38,112,312,49,361
13,4260,568,0,0,71,71,60,117,8,125
13,4264,572,0,0,13,13,328,325,44,369
13,4264,715,0,0,13,13,328,2132,55,2187
13,4264,1664,0,0,52,52,82,91,32,123
13,4264,4264,0,0,13,13,328,169,656,825
13,4270,7,0,0,7,7,610,624,1,625
13,4270,7,0,0,7,7,610,975,1,976
13,4270,7,0,0,7,7,610,2600,1,2601
13,4270,305,0,0,61,61,70,91,5,96
13,4270,1098,0,0,61,61,70,325,18,343
13,4270,1281,0,0,7,7,610,442,183,625
13,4272,4272,0,0,24,24,178,65,178,243
13,4278,310,0,0,31,31,138,169,20,189
13,4278,651,0,0,31,31,138,299,21,320
13,4278,1519,0,0,31,31,138,351,49,400
13,4278,1519,0,0,31,31,138,975,49,1024
13,4278,3875,0,0,31,31,138,91,125,216
13,4280,107,0,0,107,107,40,104,1,105
13,4280,107,0,0,107,107,40,195,1,196
13,4280,321,0,0,107,107,40,169,6,175
13,4280,1712,0,0,107,107,40,65,16,81
13,4284,6,0,0,6,6,714,728,1,729
13,4284,6,0,0,6,6,714,832,1,833
13,4284,72,0,0,18,18,238,455,4,459
13,4284,98,0,0,14,14,306,884,7,891
13,4284,384,0,0,6,6,714,1547,64,1611
13,4284,408,0,0,51,51,84,559,8,567
13,4284,576,0,0,18,18,238,325,32,357
13,4284,2448,0,0,18,18,238,169,272,441
13,4284,3584,0,0,14,14,306,1053,256,1309
13,4288,67,0,0,67,67,64,143,1,144
13,4288,67,0,0,67,67,64,351,1,352
13,4288,4288,0,0,67,67,64,169,128,297
13,4290,65,0,0,65,65,66,143,1,144
13,4290,65,0,0,65,65,66,351,1,352
13,4290,195,0,0,65,65,66,286,3,289
13,4290,1079,0,0,13,13,330,429,83,512
13,4290,1079,0,0,13,13,330,1248,83,1331
13,4290,1079,0,0,13,13,330,1859,166,2025
13,4290,1248,0,0,39,39,110,143,32,175
13,4292,145,0,0,29,29,148,481,5,486
13,4292,592,0,0,74,74,58,117,8,125
13,4294,1824,0,0,19,19,226,169,192,361
13,4300,10,0,0,10,10,430,624,1,625
13,4300,387,0,0,43,43,100,416,9,425
13,4300,810,0,0,10,10,430,559,81,640
13,4302,4302,0,0,9,9,478,169,956,1125
13,4312,22,0,0,22,22,196,351,1,352
13,4312,22,0,0,22,22,196,728,1,729
13,4312,231,0,0,7,7,616,1339,33,1372
13,4312,308,0,0,28,28,154,637,11,648
13,4312,352,0,0,22,22,196,507,32,539
13,4312,1782,0,0,22,22,196,143,81,224
13,4312,3136,0,0,49,49,88,169,128,297
13,4312,3584,0,0,7,7,616,819,512,1331
13,4320,9,0,0,9,9,480,624,1,625
13,4320,48,0,0,48,48,90,299,1,300
13,4320,48,0,0,48,48,90,624,1,625
13,4320,108,0,0,108,108,40,104,1,105
13,4320,108,0,0,108,108,40,195,1,196
13,4320,144,0,0,18,18,240,1859,16,1875
13,4320,160,0,0,40,40,108,117,4,121
13,4320,324,0,0,108,108,40,169,6,175
13,4320,576,0,0,72,72,60,117,8,125
13,4320,1200,0,0,48,48,90,299,25,324
13,4320,1296,0,0,48,48,90,598,27,625
13,4320,1728,0,0,108,108,40,65,16,81
13,4320,3072,0,0,24,24,180,117,128,245
13,4320,4320,0,0,40,40,108,13,108,121
13,4332,171,0,0,19,19,228,247,9,256
13,4332,171,0,0,19,19,228,520,9,529
13,4332,4332,0,0,19,19,228,169,456,625
13,4340,125,0,0,5,5,868,936,25,961
13,4340,180,0,0,5,5,868,4459,36,4495
13,4340,245,0,0,5,5,868,975,49,1024
13,4340,245,0,0,5,5,868,1625,49,1674
13,4340,310,0,0,62,62,70,91,5,96
13,4340,315,0,0,35,35,124,208,9,217
13,4340,1090,0,0,10,10,434,403,109,512
13,4340,1116,0,0,62,62,70,325,18,343
13,4340,1620,0,0,5,5,868,637,324,961
13,4340,1620,0,0,5,5,868,5239,648,5887
13,4340,2205,0,0,5,5,868,520,441,961
13,4340,3375,0,0,5,5,868,169,1350,1519
13,4340,3625,0,0,5,5,868,4459,725,5184
13,4346,1696,0,0,53,53,82,91,32,123
13,4350,261,0,0,29,29,150,247,9,256
13,4350,600,0,0,75,75,58,117,8,125
13,4352,68,0,0,68,68,64,143,1,144
13,4352,68,0,0,68,68,64,351,1,352
13,4352,4352,0,0,68,68,64,169,128,297
13,4356,66,0,0,66,66,66,143,1,144
13,4356,66,0,0,66,66,66,351,1,352
13,4356,198,0,0,66,66,66,286,3,289
13,4356,768,0,0,6,6,726,1573,128,1701
13,4360,109,0,0,109,109,40,104,1,105
13,4360,109,0,0,109,109,40,195,1,196
13,4360,327,0,0,109,109,40,169,6,175
13,4360,1744,0,0,109,109,40,65,16,81
13,4360,4360,0,0,20,20,218,169,436,605
13,4366,37,0,0,37,37,118,624,1,625
13,4366,37,0,0,37,37,118,767,1,768
13,4366,4366,0,0,37,37,118,169,236,405
13,4368,26,0,0,26,26,168,195,1,196
13,4368,26,0,0,26,26,168,624,1,625
13,4368,26,0,0,26,26,168,728,1,729
13,4368,26,0,0,26,26,168,832,1,833
13,4368,26,0,0,26,26,168,1274,1,1275
13,4368,416,0,0,52,52,84,559,8,567
13,4368,588,0,0,21,21,208,169,56,225
13,4368,650,0,0,26,26,168,416,25,441
13,4368,1911,0,0,39,39,112,312,49,361
13,4370,230,0,0,23,23,190,351,10,361
13,4370,828,0,0,23,23,190,325,36,361
13,4380,12,0,0,6,6,730,1521,4,1525
13,4380,110,0,0,10,10,438,949,11,960
13,4380,584,0,0,73,73,60,117,8,125
13,4380,2430,0,0,10,10,438,845,486,1331
13,4380,3456,0,0,6,6,730,949,576,1525
13,4392,63,0,0,9,9,488,793,7,800
13,4396,4032,0,0,7,7,628,2197,1728,3925
13,4400,20,0,0,20,20,220,351,1,352
13,4400,20,0,0,20,20,220,624,1,625
13,4400,20,0,0,20,20,220,1664,1,1665
13,4400,45,0,0,5,5,880,3575,9,3584
13,4400,110,0,0,110,110,40,104,1,105
13,4400,110,0,0,110,110,40,195,1,196
13,4400,330,0,0,110,110,40,169,6,175
13,4400,396,0,0,44,44,100,416,9,425
13,4400,540,0,0,20,20,220,325,27,352
13,4400,540,0,0,20,20,220,1573,27,1600
13,4400,640,0,0,5,5,880,1573,128,1701
13,4400,968,0,0,8,8,550,2197,363,2560
13,4400,1215,0,0,5,5,880,845,486,1331
13,4400,1280,0,0,5,5,880,2145,256,2401
13,4400,1280,0,0,20,20,220,169,128,297
13,4400,1280,0,0,40,40,110,143,32,175
13,4400,1760,0,0,110,110,40,65,16,81
13,4400,2024,0,0,8,8,550,169,506,675
13,4400,2200,0,0,5,5,880,1521,880,2401
13,4400,2880,0,0,20,20,220,481,144,625
13,4400,3200,0,0,50,50,88,169,128,297
13,4400,3630,0,0,5,5,880,2197,2178,4375
13,4408,608,0,0,76,76,58,117,8,125
13,4410,49,0,0,49,49,90,299,1,300
13,4410,49,0,0,49,49,90,624,1,625
13,4410,315,0,0,63,63,70,91,5,96
13,4410,588,0,0,21,21,210,169,56,225
13,4410,875,0,0,7,7,630,1027,125,1152
13,4410,1134,0,0,63,63,70,325,18,343
13,4410,1225,0,0,49,49,90,299,25,324
13,4410,1323,0,0,49,49,90,598,27,625
13,4416,69,0,0,69,69,64,143,1,144
13,4416,69,0,0,69,69,64,351,1,352
13,4416,320,0,0,32,32,138,169,20,189
13,4416,672,0,0,32,32,138,299,21,320
13,4416,1568,0,0,32,32,138,351,49,400
13,4416,1568,0,0,32,32,138,975,49,1024
13,4416,4000,0,0,32,32,138,91,125,216
13,4416,4416,0,0,69,69,64,169,128,297
13,4422,67,0,0,67,67,66,143,1,144
13,4422,67,0,0,67,67,66,351,1,352
13,4422,201,0,0,67,67,66,286,3,289
13,4428,164,0,0,41,41,108,117,4,121
13,4428,1728,0,0,54,54,82,91,32,123
13,4428,4428,0,0,41,41,108,13,108,121
13,4440,20,0,0,20,20,222,728,1,729
13,4440,111,0,0,111,111,40,104,1,105
13,4440,111,0,0,111,111,40,195,1,196
13,4440,150,0,0,6,6,740,3367,25,3392
13,4440,150,0,0,30,30,148,481,5,486
13,4440,333,0,0,111,111,40,169,6,175
13,4440,592,0,0,74,74,60,117,8,125
13,4440,1125,0,0,5,5,888,7696,225,7921
13,4440,1776,0,0,111,111,40,65,16,81
13,4440,3840,0,0,12,12,370,507,640,1147
13,4448,4448,0,0,16,16,278,65,278,343
13,4450,4450,0,0,25,25,178,65,178,243
13,4452,6,0,0,6,6,742,2808,1,2809
13,4452,7,0,0,7,7,636,2808,1,2809
13,4452,424,0,0,53,53,84,559,8,567
13,4452,2464,0,0,7,7,636,377,352,729
13,4464,8,0,0,8,8,558,624,1,625
13,4464,8,0,0,8,8,558,650,1,651
13,4464,8,0,0,8,8,558,728,1,729
13,4464,8,0,0,8,8,558,2015,1,2016
13,4464,8,0,0,8,8,558,4095,1,4096
13,4464,96,0,0,12,12,372,1573,8,1581
13,4464,200,0,0,8,8,558,936,25,961
13,4464,324,0,0,36,36,124,208,9,217
13,4464,2592,0,0,8,8,558,637,324,961
13,4464,3528,0,0,8,8,558,520,441,961
13,4466,319,0,0,29,29,154,637,11,648
13,4466,616,0,0,77,77,58,117,8,125
13,4466,748,0,0,11,11,406,2197,204,2401
13,4470,15,0,0,15,15,298,624,1,625
13,4480,70,0,0,70,70,64,143,1,144
13,4480,70,0,0,70,70,64,351,1,352
13,4480,112,0,0,16,16,280,416,7,423
13,4480,112,0,0,112,112,40,104,1,105
13,4480,112,0,0,112,112,40,195,1,196
13,4480,320,0,0,64,64,70,91,5,96
13,4480,336,0,0,112,112,40,169,6,175
13,4480,749,0,0,7,7,640,2080,107,2187
13,4480,1152,0,0,64,64,70,325,18,343
13,4480,1568,0,0,16,16,280,325,98,423
13,4480,1792,0,0,112,112,40,65,16,81
13,4480,1960,0,0,40,40,112,312,49,361
13,4480,3024,0,0,16,16,280,611,189,800
13,4480,4480,0,0,16,16,280,169,560,729
13,4480,4480,0,0,70,70,64,169,128,297
13,4484,38,0,0,38,38,118,624,1,625
13,4484,38,0,0,38,38,118,767,1,768
13,4484,323,0,0,19,19,236,767,17,784
13,4484,4484,0,0,38,38,118,169,236,405
13,4488,68,0,0,68,68,66,143,1,144
13,4488,68,0,0,68,68,66,351,1,352
13,4488,120,0,0,6,6,748,3159,20,3179
13,4488,204,0,0,68,68,66,286,3,289
13,4488,323,0,0,17,17,264,429,19,448
13,4488,1458,0,0,6,6,748,845,486,1331
13,4488,1458,0,0,6,6,748,3757,243,4000
13,4488,3264,0,0,51,51,88,169,128,297
13,4490,80,0,0,5,5,898,2197,48,2245
13,4500,15,0,0,15,15,300,624,1,625
13,4500,50,0,0,50,50,90,299,1,300
13,4500,50,0,0,50,50,90,624,1,625
13,4500,54,0,0,18,18,250,637,3,640
13,4500,270,0,0,30,30,150,247,9,256
13,4500,275,0,0,5,5,900,2132,55,2187
13,4500,288,0,0,18,18,250,1183,32,1215
13,4500,324,0,0,18,18,250,325,18,343
13,4500,405,0,0,45,45,100,416,9,425
13,4500,600,0,0,75,75,60,117,8,125
13,4500,1250,0,0,50,50,90,299,25,324
13,4500,1350,0,0,50,50,90,598,27,625
13,4500,2430,0,0,18,18,250,208,135,343
13,4500,3200,0,0,25,25,180,117,128,245
13,4508,23,0,0,23,23,196,351,1,352
13,4508,23,0,0,23,23,196,728,1,729
13,4508,368,0,0,23,23,196,507,32,539
13,4508,1863,0,0,23,23,196,143,81,224
13,4510,1312,0,0,41,41,110,143,32,175
13,4510,1760,0,0,55,55,82,91,32,123
13,4512,12,0,0,12,12,376,728,1,729
13,4518,4518,0,0,9,9,502,1183,1004,2187
13,4520,113,0,0,113,113,40,104,1,105
13,4520,113,0,0,113,113,40,195,1,196
13,4520,339,0,0,113,113,40,169,6,175
13,4520,1808,0,0,113,113,40,65,16,81
13,4520,1920,0,0,20,20,226,169,192,361
13,4522,76,0,0,19,19,238,455,4,459
13,4522,608,0,0,19,19,238,325,32,357
13,4522,2584,0,0,19,19,238,169,272,441
13,4524,325,0,0,13,13,348,416,25,441
13,4524,624,0,0,78,78,58,117,8,125
13,4524,637,0,0,13,13,348,351,49,400
13,4524,637,0,0,13,13,348,975,49,1024
13,4524,832,0,0,13,13,348,377,64,441
13,4524,1508,0,0,13,13,348,325,116,441
13,4532,4532,0,0,11,11,412,117,412,529
13,4536,12,0,0,12,12,378,455,1,456
13,4536,12,0,0,12,12,378,624,1,625
13,4536,12,0,0,12,12,378,728,1,729
13,4536,27,0,0,27,27,168,195,1,196
13,4536,27,0,0,27,27,168,624,1,625
13,4536,27,0,0,27,27,168,728,1,729
13,4536,27,0,0,27,27,168,832,1,833
13,4536,27,0,0,27,27,168,1274,1,1275
13,4536,36,0,0,12,12,378,637,3,640
13,4536,168,0,0,42,42,108,117,4,121
13,4536,192,0,0,12,12,378,1183,32,1215
13,4536,207,0,0,9,9,504,1001,23,1024
13,4536,432,0,0,54,54,84,559,8,567
13,4536,441,0,0,9,9,504,572,49,621
13,4536,675,0,0,27,27,168,416,25,441
13,4536,4536,0,0,12,12,378,247,378,625
13,4536,4536,0,0,42,42,108,13,108,121
13,4544,71,0,0,71,71,64,143,1,144
13,4544,71,0,0,71,71,64,351,1,352
13,4544,4544,0,0,71,71,64,169,128,297
13,4550,13,0,0,13,13,350,845,2,847
13,4550,325,0,0,65,65,70,91,5,96
13,4550,1170,0,0,65,65,70,325,18,343
13,4550,2025,0,0,5,5,910,4459,405,4864
13,4554,69,0,0,69,69,66,143,1,144
13,4554,69,0,0,69,69,66,351,1,352
13,4554,207,0,0,69,69,66,286,3,289
13,4554,330,0,0,33,33,138,169,20,189
13,4554,693,0,0,33,33,138,299,21,320
13,4554,1617,0,0,33,33,138,351,49,400
13,4554,1617,0,0,33,33,138,975,49,1024
13,4554,4125,0,0,33,33,138,91,125,216
13,4560,114,0,0,114,114,40,104,1,105
13,4560,114,0,0,114,114,40,195,1,196
13,4560,152,0,0,19,19,240,1859,16,1875
13,4560,180,0,0,20,20,228,247,9,256
13,4560,180,0,0,20,20,228,520,9,529
13,4560,240,0,0,24,24,190,351,10,361
13,4560,342,0,0,114,114,40,169,6,175
13,4560,608,0,0,76,76,60,117,8,125
13,4560,864,0,0,24,24,190,325,36,361
13,4560,1440,0,0,15,15,304,169,192,361
13,4560,1824,0,0,114,114,40,65,16,81
13,4560,2285,0,0,5,5,912,169,914,1083
13,4560,4560,0,0,20,20,228,169,456,625
13,4572,9,0,0,9,9,508,624,1,625
13,4572,9,0,0,9,9,508,2600,1,2601
13,4572,144,0,0,9,9,508,3159,16,3175
13,4572,2601,0,0,9,9,508,351,289,640
13,4572,4572,0,0,9,9,508,117,508,625
13,4572,4572,0,0,9,9,508,221,508,729
13,4576,13,0,0,13,13,352,767,1,768
13,4576,616,0,0,22,22,208,169,56,225
13,4576,3328,0,0,52,52,88,169,128,297
13,4578,4578,0,0,21,21,218,169,436,605
13,4582,632,0,0,79,79,58,117,8,125
13,4588,155,0,0,31,31,148,481,5,486
13,4588,333,0,0,37,37,124,208,9,217
13,4590,40,0,0,5,5,918,6877,8,6885
13,4590,51,0,0,51,51,90,299,1,300
13,4590,51,0,0,51,51,90,624,1,625
13,4590,105,0,0,15,15,306,884,7,891
13,4590,1275,0,0,51,51,90,299,25,324
13,4590,1377,0,0,51,51,90,598,27,625
13,4590,2601,0,0,9,9,510,351,289,640
13,4590,3840,0,0,15,15,306,1053,256,1309
13,4592,616,0,0,14,14,328,325,44,369
13,4592,770,0,0,14,14,328,2132,55,2187
13,4592,1792,0,0,56,56,82,91,32,123
13,4592,2009,0,0,41,41,112,312,49,361
13,4592,4592,0,0,14,14,328,169,656,825
13,4598,22,0,0,11,11,418,1573,2,1575
13,4598,165,0,0,11,11,418,832,15,847
13,4598,308,0,0,11,11,418,3211,56,3267
13,4598,1331,0,0,11,11,418,455,121,576
13,4598,1331,0,0,11,11,418,1183,242,1425
13,4598,1331,0,0,11,11,418,2197,363,2560
13,4598,3025,0,0,11,11,418,637,275,912
13,4600,50,0,0,10,10,460,1053,5,1058
13,4600,70,0,0,10,10,460,598,7,605
13,4600,115,0,0,115,115,40,104,1,105
13,4600,115,0,0,115,115,40,195,1,196
13,4600,345,0,0,115,115,40,169,6,175
13,4600,414,0,0,46,46,100,416,9,425
13,4600,960,0,0,10,10,460,1183,192,1375
13,4600,1350,0,0,10,10,460,1196,135,1331
13,4600,1610,0,0,10,10,460,325,161,486
13,4600,1610,0,0,10,10,460,351,161,512
13,4600,1610,0,0,10,10,460,1170,161,1331
13,4600,1840,0,0,115,115,40,65,16,81
13,4600,1890,0,0,10,10,460,416,189,605
13,4600,2800,0,0,10,10,460,169,560,729
13,4600,3430,0,0,10,10,460,143,343,486
13,4600,3430,0,0,10,10,460,416,343,759
13,4600,3430,0,0,10,10,460,715,343,1058
13,4600,4600,0,0,10,10,460,169,920,1089
13,4602,39,0,0,39,39,118,624,1,625
13,4602,39,0,0,39,39,118,767,1,768
13,4602,4602,0,0,39,39,118,169,236,405
13,4606,56,0,0,7,7,658,1859,16,1875
13,4606,329,0,0,7,7,658,1053,47,1100
13,4606,329,0,0,7,7,658,1573,47,1620
13,4606,329,0,0,7,7,658,3328,47,3375
13,4606,343,0,0,7,7,658,975,49,1024
13,4606,343,0,0,7,7,658,1040,49,1089
13,4606,525,0,0,7,7,658,611,75,686
13,4606,875,0,0,7,7,658,1144,125,1269
13,4606,875,0,0,7,7,658,2548,125,2673
13,4606,3619,0,0,7,7,658,455,517,972
13,4606,3696,0,0,7,7,658,169,1056,1225
13,4606,4606,0,0,7,7,658,169,1316,1485
13,4608,6,0,0,6,6,768,845,2,847
13,4608,6,0,0,6,6,768,2197,3,2200
13,4608,6,0,0,6,6,768,4095,1,4096
13,4608,72,0,0,72,72,64,143,1,144
13,4608,72,0,0,72,72,64,351,1,352
13,4608,96,0,0,6,6,768,1183,32,1215
13,4608,162,0,0,6,6,768,1573,27,1600
13,4608,486,0,0,6,6,768,1144,81,1225
13,4608,4374,0,0,6,6,768,5200,729,5929
13,4608,4608,0,0,72,72,64,169,128,297
13,4620,21,0,0,21,21,220,351,1,352
13,4620,21,0,0,21,21,220,624,1,625
13,4620,21,0,0,21,21,220,1664,1,1665
13,4620,70,0,0,70,70,66,143,1,144
13,4620,70,0,0,70,70,66,351,1,352
13,4620,90,0,0,10,10,462,832,9,841
13,4620,210,0,0,70,70,66,286,3,289
13,4620,220,0,0,10,10,462,819,22,841
13,4620,330,0,0,30,30,154,637,11,648
13,4620,330,0,0,66,66,70,91,5,96
13,4620,440,0,0,55,55,84,559,8,567
13,4620,567,0,0,21,21,220,325,27,352
13,4620,567,0,0,21,21,220,1573,27,1600
13,4620,616,0,0,22,22,210,169,56,225
13,4620,616,0,0,77,77,60,117,8,125
13,4620,1162,0,0,14,14,330,429,83,512
13,4620,1162,0,0,14,14,330,1248,83,1331
13,4620,1162,0,0,14,14,330,1859,166,2025
13,4620,1188,0,0,66,66,70,325,18,343
13,4620,1344,0,0,21,21,220,169,128,297
13,4620,1344,0,0,42,42,110,143,32,175
13,4620,3024,0,0,21,21,220,481,144,625
13,4620,3190,0,0,10,10,462,1053,319,1372
13,4620,3696,0,0,6,6,770,2509,616,3125
13,4628,4628,0,0,26,26,178,65,178,243
13,4640,116,0,0,116,116,40,104,1,105
13,4640,116,0,0,116,116,40,195,1,196
13,4640,348,0,0,116,116,40,169,6,175
13,4640,640,0,0,80,80,58,117,8,125
13,4640,1856,0,0,116,116,40,65,16,81
13,4640,4640,0,0,5,5,928,169,1856,2025
13,4644,172,0,0,43,43,108,117,4,121
13,4644,333,0,0,9,9,516,1664,37,1701
13,4644,4644,0,0,43,43,108,13,108,121
13,4650,279,0,0,31,31,150,247,9,256
13,4662,21,0,0,21,21,222,728,1,729
13,4662,112,0,0,7,7,666,2171,16,2187
13,4664,3392,0,0,53,53,88,169,128,297
13,4672,73,0,0,73,73,64,143,1,144
13,4672,73,0,0,73,73,64,351,1,352
13,4672,4672,0,0,73,73,64,169,128,297
13,4674,1824,0,0,57,57,82,91,32,123
13,4680,52,0,0,52,52,90,299,1,300
13,4680,52,0,0,52,52,90,624,1,625
13,4680,117,0,0,117,117,40,104,1,105
13,4680,117,0,0,117,117,40,195,1,196
13,4680,351,0,0,117,117,40,169,6,175
13,4680,624,0,0,78,78,60,117,8,125
13,4680,1300,0,0,52,52,90,299,25,324
13,4680,1404,0,0,52,52,90,598,27,625
13,4680,1872,0,0,117,117,40,65,16,81
13,4680,3328,0,0,26,26,180,117,128,245
13,4686,71,0,0,71,71,66,143,1,144
13,4686,71,0,0,71,71,66,351,1,352
13,4686,213,0,0,71,71,66,286,3,289
13,4688,8,0,0,8,8,586,728,1,729
13,4690,335,0,0,5,5,938,8125,67,8192
13,4690,335,0,0,67,67,70,91,5,96
13,4690,1206,0,0,67,67,70,325,18,343
13,4690,1645,0,0,5,5,938,4160,329,4489
13,4690,1960,0,0,7,7,670,169,560,729
13,4692,340,0,0,34,34,138,169,20,189
13,4692,714,0,0,34,34,138,299,21,320
13,4692,1666,0,0,34,34,138,351,49,400
13,4692,1666,0,0,34,34,138,975,49,1024
13,4692,4250,0,0,34,34,138,91,125,216
13,4698,648,0,0,81,81,58,117,8,125
13,4700,20,0,0,5,5,940,2197,12,2209
13,4700,423,0,0,47,47,100,416,9,425
13,4700,2880,0,0,5,5,940,2197,1728,3925
13,4704,24,0,0,8,8,588,637,3,640
13,4704,24,0,0,24,24,196,351,1,352
13,4704,24,0,0,24,24,196,728,1,729
13,4704,28,0,0,28,28,168,195,1,196
13,4704,28,0,0,28,28,168,624,1,625
13,4704,28,0,0,28,28,168,728,1,729
13,4704,28,0,0,28,28,168,832,1,833
13,4704,28,0,0,28,28,168,1274,1,1275
13,4704,128,0,0,8,8,588,1183,32,1215
13,4704,384,0,0,24,24,196,507,32,539
13,4704,448,0,0,56,56,84,559,8,567
13,4704,700,0,0,28,28,168,416,25,441
13,4704,1944,0,0,24,24,196,143,81,224
13,4704,2058,0,0,42,42,112,312,49,361
13,4712,342,0,0,38,38,124,208,9,217
13,4720,40,0,0,40,40,118,624,1,625
13,4720,40,0,0,40,40,118,767,1,768
13,4720,118,0,0,118,118,40,104,1,105
13,4720,118,0,0,118,118,40,195,1,196
13,4720,340,0,0,20,20,236,767,17,784
13,4720,354,0,0,118,118,40,169,6,175
13,4720,1888,0,0,118,118,40,65,16,81
13,4720,4720,0,0,40,40,118,169,236,405
13,4726,4726,0,0,17,17,278,65,278,343
13,4730,11,0,0,11,11,430,624,1,625
13,4730,891,0,0,11,11,430,559,81,640
13,4730,1376,0,0,43,43,110,143,32,175
13,4736,74,0,0,74,74,64,143,1,144
13,4736,74,0,0,74,74,64,351,1,352
13,4736,160,0,0,32,32,148,481,5,486
13,4736,4736,0,0,74,74,64,169,128,297
13,4740,5,0,0,5,5,948,3159,1,3160
13,4740,5,0,0,5,5,948,6240,1,6241
13,4740,72,0,0,6,6,790,845,24,869
13,4740,632,0,0,79,79,60,117,8,125
13,4740,3125,0,0,5,5,948,5616,625,6241
13,4746,119,0,0,7,7,678,2808,17,2825
13,4746,2016,0,0,21,21,226,169,192,361
13,4750,57,0,0,19,19,250,637,3,640
13,4750,250,0,0,25,25,190,351,10,361
13,4750,304,0,0,19,19,250,1183,32,1215
13,4750,342,0,0,19,19,250,325,18,343
13,4750,900,0,0,25,25,190,325,36,361
13,4750,2565,0,0,19,19,250,208,135,343
13,4752,72,0,0,9,9,528,1859,16,1875
13,4752,72,0,0,72,72,66,143,1,144
13,4752,72,0,0,72,72,66,351,1,352
13,4752,176,0,0,44,44,108,117,4,121
13,4752,216,0,0,72,72,66,286,3,289
13,4752,342,0,0,18,18,264,429,19,448
13,4752,3456,0,0,54,54,88,169,128,297
13,4752,3600,0,0,9,9,528,689,400,1089
13,4752,4752,0,0,44,44,108,13,108,121
13,4756,656,0,0,82,82,58,117,8,125
13,4756,1856,0,0,58,58,82,91,32,123
13,4760,80,0,0,20,20,238,455,4,459
13,4760,119,0,0,17,17,280,416,7,423
13,4760,119,0,0,119,119,40,104,1,105
13,4760,119,0,0,119,119,40,195,1,196
13,4760,340,0,0,5,5,952,2197,204,2401
13,4760,340,0,0,68,68,70,91,5,96
13,4760,357,0,0,119,119,40,169,6,175
13,4760,640,0,0,20,20,238,325,32,357
13,4760,1224,0,0,68,68,70,325,18,343
13,4760,1666,0,0,17,17,280,325,98,423
13,4760,1904,0,0,119,119,40,65,16,81
13,4760,2720,0,0,20,20,238,169,272,441
13,4760,3213,0,0,17,17,280,611,189,800
13,4760,4760,0,0,17,17,280,169,560,729
13,4768,16,0,0,16,16,298,624,1,625
13,4770,53,0,0,53,53,90,299,1,300
13,4770,53,0,0,53,53,90,624,1,625
13,4770,1325,0,0,53,53,90,299,25,324
13,4770,1431,0,0,53,53,90,598,27,625
13,4770,3249,0,0,9,9,530,325,361,686
13,4774,341,0,0,31,31,154,637,11,648
13,4774,1199,0,0,11,11,434,403,109,512
13,4774,2772,0,0,7,7,682,169,792,961
13,4776,1824,0,0,6,6,796,1183,608,1791
13,4780,4780,0,0,10,10,478,169,956,1125
13,4784,644,0,0,23,23,208,169,56,225
13,4788,9,0,0,9,9,532,728,1,729
13,4788,189,0,0,21,21,228,247,9,256
13,4788,189,0,0,21,21,228,520,9,529
13,4788,243,0,0,9,9,532,1664,27,1691
13,4788,456,0,0,57,57,84,559,8,567
13,4788,2058,0,0,6,6,798,169,686,855
13,4788,4788,0,0,21,21,228,169,456,625
13,4796,4796,0,0,22,22,218,169,436,605
13,4800,10,0,0,10,10,480,624,1,625
13,4800,16,0,0,16,16,300,624,1,625
13,4800,75,0,0,75,75,64,143,1,144
13,4800,75,0,0,75,75,64,351,1,352
13,4800,120,0,0,120,120,40,104,1,105
13,4800,120,0,0,120,120,40,195,1,196
13,4800,160,0,0,20,20,240,1859,16,1875
13,4800,288,0,0,32,32,150,247,9,256
13,4800,344,0,0,8,8,600,832,43,875
13,4800,344,0,0,8,8,600,2457,43,2500
13,4800,360,0,0,120,120,40,169,6,175
13,4800,432,0,0,48,48,100,416,9,425
13,4800,640,0,0,80,80,60,117,8,125
13,4800,1800,0,0,8,8,600,559,225,784
13,4800,1920,0,0,120,120,40,65,16,81
13,4800,4800,0,0,75,75,64,169,128,297
13,4806,4806,0,0,27,27,178,65,178,243
13,4810,4160,0,0,13,13,370,507,640,1147
13,4814,664,0,0,83,83,58,117,8,125
13,4816,2107,0,0,43,43,112,312,49,361
13,4816,3010,0,0,7,7,688,299,430,729
13,4816,4375,0,0,7,7,688,104,625,729
13,4818,73,0,0,73,73,66,143,1,144
13,4818,73,0,0,73,73,66,351,1,352
13,4818,121,0,0,11,11,438,949,11,960
13,4818,219,0,0,73,73,66,286,3,289
13,4818,2673,0,0,11,11,438,845,486,1331
13,4830,7,0,0,7,7,690,2249,1,2250
13,4830,345,0,0,69,69,70,91,5,96
13,4830,350,0,0,35,35,138,169,20,189
13,4830,644,0,0,23,23,210,169,56,225
13,4830,735,0,0,35,35,138,299,21,320
13,4830,1242,0,0,69,69,70,325,18,343
13,4830,1715,0,0,35,35,138,351,49,400
13,4830,1715,0,0,35,35,138,975,49,1024
13,4830,4375,0,0,7,7,690,104,625,729
13,4830,4375,0,0,35,35,138,91,125,216
13,4836,104,0,0,13,13,372,1573,8,1581
13,4836,351,0,0,39,39,124,208,9,217
13,4838,41,0,0,41,41,118,624,1,625
13,4838,41,0,0,41,41,118,767,1,768
13,4838,1888,0,0,59,59,82,91,32,123
13,4838,4838,0,0,41,41,118,169,236,405
13,4840,22,0,0,22,22,220,351,1,352
13,4840,22,0,0,22,22,220,624,1,625
13,4840,22,0,0,22,22,220,1664,1,1665
13,4840,121,0,0,121,121,40,104,1,105
13,4840,121,0,0,121,121,40,195,1,196
13,4840,363,0,0,121,121,40,169,6,175
13,4840,594,0,0,22,22,220,325,27,352
13,4840,594,0,0,22,22,220,1573,27,1600
13,4840,1408,0,0,22,22,220,169,128,297
13,4840,1408,0,0,44,44,110,143,32,175
13,4840,1936,0,0,121,121,40,65,16,81
13,4840,3168,0,0,22,22,220,481,144,625
13,4840,3520,0,0,55,55,88,169,128,297
13,4860,54,0,0,54,54,90,299,1,300
13,4860,54,0,0,54,54,90,624,1,625
13,4860,180,0,0,45,45,108,117,4,121
13,4860,648,0,0,81,81,60,117,8,125
13,4860,1350,0,0,54,54,90,299,25,324
13,4860,1458,0,0,54,54,90,598,27,625
13,4860,3456,0,0,27,27,180,117,128,245
13,4860,4860,0,0,45,45,108,13,108,121
13,4864,76,0,0,76,76,64,143,1,144
13,4864,76,0,0,76,76,64,351,1,352
13,4864,1536,0,0,16,16,304,169,192,361
13,4864,4864,0,0,76,76,64,169,128,297
13,4872,29,0,0,29,29,168,195,1,196
13,4872,29,0,0,29,29,168,624,1,625
13,4872,29,0,0,29,29,168,728,1,729
13,4872,29,0,0,29,29,168,832,1,833
13,4872,29,0,0,29,29,168,1274,1,1275
13,4872,63,0,0,7,7,696,832,9,841
13,4872,350,0,0,14,14,348,416,25,441
13,4872,464,0,0,58,58,84,559,8,567
13,4872,672,0,0,84,84,58,117,8,125
13,4872,686,0,0,14,14,348,351,49,400
13,4872,686,0,0,14,14,348,975,49,1024
13,4872,725,0,0,29,29,168,416,25,441
13,4872,816,0,0,12,12,406,2197,204,2401
13,4872,896,0,0,14,14,348,377,64,441
13,4872,1624,0,0,14,14,348,325,116,441
13,4880,8,0,0,8,8,610,624,1,625
13,4880,8,0,0,8,8,610,975,1,976
13,4880,8,0,0,8,8,610,2600,1,2601
13,4880,70,0,0,10,10,488,793,7,800
13,4880,122,0,0,122,122,40,104,1,105
13,4880,122,0,0,122,122,40,195,1,196
13,4880,366,0,0,122,122,40,169,6,175
13,4880,1464,0,0,8,8,610,442,183,625
13,4880,1952,0,0,122,122,40,65,16,81
13,4884,22,0,0,22,22,222,728,1,729
13,4884,74,0,0,74,74,66,143,1,144
13,4884,74,0,0,74,74,66,351,1,352
13,4884,165,0,0,33,33,148,481,5,486
13,4884,222,0,0,74,74,66,286,3,289
13,4888,13,0,0,13,13,376,728,1,729
13,4890,80,0,0,5,5,978,1183,32,1215
13,4890,2430,0,0,5,5,978,169,972,1141
13,4896,112,0,0,16,16,306,884,7,891
13,4896,4096,0,0,16,16,306,1053,256,1309
13,4900,14,0,0,14,14,350,845,2,847
13,4900,25,0,0,25,25,196,351,1,352
13,4900,25,0,0,25,25,196,728,1,729
13,4900,350,0,0,70,70,70,91,5,96
13,4900,400,0,0,25,25,196,507,32,539
13,4900,441,0,0,49,49,100,416,9,425
13,4900,1260,0,0,70,70,70,325,18,343
13,4900,2025,0,0,25,25,196,143,81,224
13,4914,13,0,0,13,13,378,455,1,456
13,4914,13,0,0,13,13,378,624,1,625
13,4914,13,0,0,13,13,378,728,1,729
13,4914,39,0,0,13,13,378,637,3,640
13,4914,208,0,0,13,13,378,1183,32,1215
13,4914,4914,0,0,13,13,378,247,378,625
13,4920,6,0,0,6,6,820,1599,1,1600
13,4920,6,0,0,6,6,820,5616,1,5617
13,4920,123,0,0,123,123,40,104,1,105
13,4920,123,0,0,123,123,40,195,1,196
13,4920,369,0,0,123,123,40,169,6,175
13,4920,656,0,0,82,82,60,117,8,125
13,4920,660,0,0,15,15,328,325,44,369
13,4920,825,0,0,15,15,328,2132,55,2187
13,4920,1920,0,0,60,60,82,91,32,123
13,4920,1968,0,0,123,123,40,65,16,81
13,4920,3750,0,0,6,6,820,4992,625,5617
13,4920,4374,0,0,6,6,820,2197,2187,4384
13,4920,4920,0,0,15,15,328,169,656,825
13,4928,14,0,0,14,14,352,767,1,768
13,4928,77,0,0,77,77,64,143,1,144
13,4928,77,0,0,77,77,64,351,1,352
13,4928,264,0,0,8,8,616,1339,33,1372
13,4928,352,0,0,32,32,154,637,11,648
13,4928,2156,0,0,44,44,112,312,49,361
13,4928,3584,0,0,56,56,88,169,128,297
13,4928,4096,0,0,8,8,616,819,512,1331
13,4928,4928,0,0,77,77,64,169,128,297
13,4930,680,0,0,85,85,58,117,8,125
13,4940,260,0,0,26,26,190,351,10,361
13,4940,936,0,0,26,26,190,325,36,361
13,4944,4944,0,0,12,12,412,117,412,529
13,4950,55,0,0,55,55,90,299,1,300
13,4950,55,0,0,55,55,90,624,1,625
13,4950,75,0,0,75,75,66,143,1,144
13,4950,75,0,0,75,75,66,351,1,352
13,4950,225,0,0,75,75,66,286,3,289
13,4950,297,0,0,33,33,150,247,9,256
13,4950,605,0,0,5,5,990,2197,363,2560
13,4950,605,0,0,5,5,990,4563,242,4805
13,4950,1089,0,0,9,9,550,2197,363,2560
13,4950,1245,0,0,15,15,330,429,83,512
13,4950,1245,0,0,15,15,330,1248,83,1331
13,4950,1245,0,0,15,15,330,1859,166,2025
13,4950,1375,0,0,55,55,90,299,25,324
13,4950,1440,0,0,45,45,110,143,32,175
13,4950,1485,0,0,55,55,90,598,27,625
13,4950,2277,0,0,9,9,550,169,506,675
13,4956,42,0,0,42,42,118,624,1,625
13,4956,42,0,0,42,42,118,767,1,768
13,4956,54,0,0,6,6,826,2392,9,2401
13,4956,357,0,0,21,21,236,767,17,784
13,4956,472,0,0,59,59,84,559,8,567
13,4956,497,0,0,7,7,708,1404,71,1475
13,4956,3174,0,0,6,6,826,767,529,1296
13,4956,3174,0,0,6,6,826,1872,529,2401
13,4956,4956,0,0,42,42,118,169,236,405
13,4960,124,0,0,124,124,40,104,1,105
13,4960,124,0,0,124,124,40,195,1,196
13,4960,355,0,0,5,5,992,6656,71,6727
13,4960,360,0,0,40,40,124,208,9,217
13,4960,372,0,0,124,124,40,169,6,175
13,4960,1984,0,0,124,124,40,65,16,81
13,4968,184,0,0,46,46,108,117,4,121
13,4968,360,0,0,36,36,138,169,20,189
13,4968,756,0,0,36,36,138,299,21,320
13,4968,1764,0,0,36,36,138,351,49,400
13,4968,1764,0,0,36,36,138,975,49,1024
13,4968,4500,0,0,36,36,138,91,125,216
13,4968,4968,0,0,46,46,108,13,108,121
13,4970,355,0,0,71,71,70,91,5,96
13,4970,1278,0,0,71,71,70,325,18,343
13,4972,2112,0,0,22,22,226,169,192,361
13,4980,664,0,0,83,83,60,117,8,125
13,4984,4984,0,0,28,28,178,65,178,243
13,4988,688,0,0,86,86,58,117,8,125
13,4992,78,0,0,78,78,64,143,1,144
13,4992,78,0,0,78,78,64,351,1,352
13,4992,672,0,0,24,24,208,169,56,225
13,4992,4992,0,0,78,78,64,169,128,297
13,4998,7,0,0,7,7,714,728,1,729
13,4998,7,0,0,7,7,714,832,1,833
13,4998,84,0,0,21,21,238,455,4,459
13,4998,448,0,0,7,7,714,1547,64,1611
13,4998,672,0,0,21,21,238,325,32,357
13,4998,2856,0,0,21,21,238,169,272,441
13,5000,60,0,0,20,20,250,637,3,640
13,5000,125,0,0,125,125,40,104,1,105
13,5000,125,0,0,125,125,40,195,1,196
13,5000,320,0,0,20,20,250,1183,32,1215
13,5000,360,0,0,20,20,250,325,18,343
13,5000,375,0,0,125,125,40,169,6,175
13,5000,450,0,0,50,50,100,416,9,425
13,5000,2000,0,0,125,125,40,65,16,81
13,5000,2700,0,0,20,20,250,208,135,343
13,5002,1952,0,0,61,61,82,91,32,123
13,5004,24,0,0,6,6,834,1521,8,1529
13,5004,5004,0,0,18,18,278,65,278,343
13,5014,5014,0,0,23,23,218,169,436,605
13,5016,24,0,0,12,12,418,1573,2,1575
13,5016,76,0,0,76,76,66,143,1,144
13,5016,76,0,0,76,76,66,351,1,352
13,5016,180,0,0,12,12,418,832,15,847
13,5016,198,0,0,22,22,228,247,9,256
13,5016,198,0,0,22,22,228,520,9,529
13,5016,228,0,0,76,76,66,286,3,289
13,5016,336,0,0,12,12,418,3211,56,3267
13,5016,361,0,0,19,19,264,429,19,448
13,5016,1452,0,0,12,12,418,455,121,576
13,5016,1452,0,0,12,12,418,1183,242,1425
13,5016,1452,0,0,12,12,418,2197,363,2560
13,5016,3300,0,0,12,12,418,637,275,912
13,5016,3648,0,0,57,57,88,169,128,297
13,5016,5016,0,0,22,22,228,169,456,625
13,5020,5020,0,0,10,10,502,1183,1004,2187
13,5022,9,0,0,9,9,558,624,1,625
13,5022,9,0,0,9,9,558,650,1,651
13,5022,9,0,0,9,9,558,728,1,729
13,5022,9,0,0,9,9,558,2015,1,2016
13,5022,9,0,0,9,9,558,4095,1,4096
13,5022,225,0,0,9,9,558,936,25,961
13,5022,2916,0,0,9,9,558,637,324,961
13,5022,3969,0,0,9,9,558,520,441,961
13,5024,4608,0,0,8,8,628,2197,1728,3925
13,5028,48,0,0,6,6,838,2925,8,2933
13,5028,750,0,0,6,6,838,2808,125,2933
13,5032,170,0,0,34,34,148,481,5,486
13,5040,30,0,0,30,30,168,195,1,196
13,5040,30,0,0,30,30,168,624,1,625
13,5040,30,0,0,30,30,168,728,1,729
13,5040,30,0,0,30,30,168,832,1,833
13,5040,30,0,0,30,30,168,1274,1,1275
13,5040,56,0,0,56,56,90,299,1,300
13,5040,56,0,0,56,56,90,624,1,625
13,5040,126,0,0,18,18,280,416,7,423
13,5040,126,0,0,126,126,40,104,1,105
13,5040,126,0,0,126,126,40,195,1,196
13,5040,168,0,0,21,21,240,1859,16,1875
13,5040,230,0,0,10,10,504,1001,23,1024
13,5040,294,0,0,6,6,840,975,49,1024
13,5040,360,0,0,72,72,70,91,5,96
13,5040,378,0,0,126,126,40,169,6,175
13,5040,480,0,0,60,60,84,559,8,567
13,5040,490,0,0,10,10,504,572,49,621
13,5040,672,0,0,24,24,210,169,56,225
13,5040,672,0,0,84,84,60,117,8,125
13,5040,750,0,0,30,30,168,416,25,441
13,5040,1000,0,0,8,8,630,1027,125,1152
13,5040,1296,0,0,72,72,70,325,18,343
13,5040,1400,0,0,56,56,90,299,25,324
13,5040,1512,0,0,56,56,90,598,27,625
13,5040,1764,0,0,18,18,280,325,98,423
13,5040,2016,0,0,126,126,40,65,16,81
13,5040,2205,0,0,45,45,112,312,49,361
13,5040,3402,0,0,18,18,280,611,189,800
13,5040,3584,0,0,28,28,180,117,128,245
13,5040,5040,0,0,18,18,280,169,560,729
13,5046,696,0,0,87,87,58,117,8,125
13,5056,79,0,0,79,79,64,143,1,144
13,5056,79,0,0,79,79,64,351,1,352
13,5056,5056,0,0,79,79,64,169,128,297
13,5060,23,0,0,23,23,220,351,1,352
13,5060,23,0,0,23,23,220,624,1,625
13,5060,23,0,0,23,23,220,1664,1,1665
13,5060,55,0,0,11,11,460,1053,5,1058
13,5060,77,0,0,11,11,460,598,7,605
13,5060,621,0,0,23,23,220,325,27,352
13,5060,621,0,0,23,23,220,1573,27,1600
13,5060,1056,0,0,11,11,460,1183,192,1375
13,5060,1472,0,0,23,23,220,169,128,297
13,5060,1472,0,0,46,46,110,143,32,175
13,5060,1485,0,0,11,11,460,1196,135,1331
13,5060,1771,0,0,11,11,460,325,161,486
13,5060,1771,0,0,11,11,460,351,161,512
13,5060,1771,0,0,11,11,460,1170,161,1331
13,5060,2079,0,0,11,11,460,416,189,605
13,5060,3080,0,0,11,11,460,169,560,729
13,5060,3312,0,0,23,23,220,481,144,625
13,5060,3773,0,0,11,11,460,143,343,486
13,5060,3773,0,0,11,11,460,416,343,759
13,5060,3773,0,0,11,11,460,715,343,1058
13,5060,5060,0,0,11,11,460,169,920,1089
