U,d,sigma1,sigma2,sigma3,r,t,e,a,b,n
2,4015,5,0,0,2,1,4015,5324,5,5329
2,4015,125,0,0,1,1,4015,6144,1375,7519
2,4015,845,0,0,1,1,4015,2336,4225,6561
2,4015,1331,0,0,1,1,4015,864,6655,7519
2,4015,1825,0,0,1,1,4015,352,9125,9477
2,4015,2187,0,0,1,1,4015,9064,6561,15625
2,4015,3125,0,0,1,1,4015,4394,3125,7519
2,4023,1,0,0,1,1,4023,4374,1,4375
2,4023,529,0,0,1,1,4023,8046,529,8575
2,4023,625,0,0,1,1,4023,33376,3125,36501
2,4035,269,0,0,1,1,4035,6606,269,6875
2,4048,2,0,0,2,1,4048,64000,9,64009
2,4053,1,0,0,1,1,4053,4374,1,4375
2,4059,961,0,0,1,1,4059,3362,961,4323
2,4065,1,0,0,1,1,4065,4374,1,4375
2,4065,1,0,0,1,1,4065,10368,7,10375
2,4065,1,0,0,1,1,4065,33614,1,33615
2,4065,271,0,0,2,1,4065,5312,813,6125
2,4065,2401,0,0,1,1,4065,4374,2401,6775
2,4081,2401,0,0,1,1,4081,5618,2401,8019
2,4093,1,0,0,1,1,4093,4374,1,4375
2,4093,91,0,0,1,1,4093,8192,1183,9375
2,4095,1,0,0,1,1,4095,4374,1,4375
2,4095,1,0,0,2,1,4095,31212,1,31213
2,4095,1,0,0,4,1,4095,28560,1,28561
2,4095,7,0,0,2,1,4095,6500,7,6507
2,4095,13,0,0,2,1,4095,4900,13,4913
2,4095,85,0,0,1,1,4095,4374,85,4459
2,4095,91,0,0,1,1,4095,8192,1183,9375
2,4095,343,0,0,1,1,4095,12050,343,12393
2,4095,441,0,0,1,1,4095,6656,3969,10625
2,4095,455,0,0,2,1,4095,17408,2275,19683
2,4095,723,0,0,1,1,4095,2744,2169,4913
2,4095,723,0,0,1,1,4095,4802,723,5525
2,4095,1687,0,0,1,1,4095,109850,1687,111537
2,4095,2169,0,0,1,1,4095,64000,19521,83521
2,4123,1,0,0,1,1,4123,4374,1,4375
2,4123,3,0,0,1,1,4123,4802,3,4805
2,4123,5,0,0,1,1,4123,184832,45,184877
2,4123,19,0,0,2,1,4123,4356,19,4375
2,4123,217,0,0,4,1,4123,4400,217,4617
2,4123,361,0,0,1,1,4123,13310,361,13671
2,4123,589,0,0,1,1,4123,7986,589,8575
2,4123,729,0,0,1,1,4123,10240,8019,18259
2,4123,875,0,0,1,1,4123,1408,6125,7533
2,4123,1023,0,0,1,1,4123,25088,9207,34295
2,4123,1331,0,0,1,1,4123,6250,1331,7581
2,4123,1519,0,0,1,1,4123,13122,1519,14641
2,4123,1953,0,0,1,1,4123,1000,5859,6859
2,4123,2187,0,0,1,1,4123,3038,2187,5225
2,4123,2375,0,0,1,1,4123,32,11875,11907
2,4123,2695,0,0,1,1,4123,1922,2695,4617
2,4123,3645,0,0,1,1,4123,7546,3645,11191
2,4135,1,0,0,1,1,4135,4374,1,4375
2,4135,985,0,0,1,1,4135,864,4925,5789
2,4163,23,0,0,8,1,4163,4352,23,4375
2,4165,1,0,0,1,1,4165,4374,1,4375
2,4165,1,0,0,2,1,4165,9260,1,9261
2,4165,1,0,0,2,1,4165,12500,1,12501
2,4173,1,0,0,4,1,4173,26000,1,26001
2,4173,963,0,0,1,1,4173,1336,2889,4225
2,4173,963,0,0,1,1,4173,25000,2889,27889
2,4173,2889,0,0,1,1,4173,2560,26001,28561
2,4179,343,0,0,1,1,4179,10368,2401,12769
2,4183,4183,0,0,2,1,4183,15500,4183,19683
2,4185,477,0,0,1,1,4185,512,4293,4805
2,4185,729,0,0,1,1,4185,7688,2187,9875
2,4191,1,0,0,8,1,4191,16128,1,16129
2,4200,50,0,0,2,1,4200,6112,125,6237
2,4200,100,0,0,4,1,4200,6112,125,6237
2,4233,1,0,0,1,1,4233,4374,1,4375
2,4233,1,0,0,1,1,4233,10368,7,10375
2,4233,1,0,0,1,1,4233,33614,1,33615
2,4233,3,0,0,2,1,4233,41500,3,41503
2,4233,9,0,0,1,1,4233,4648,27,4675
2,4233,75,0,0,1,1,4233,6664,225,6889
2,4233,81,0,0,1,1,4233,9800,243,10043
2,4233,83,0,0,1,1,4233,85750,83,85833
2,4233,83,0,0,4,1,4233,19600,83,19683
2,4233,425,0,0,1,1,4233,2048,4675,6723
2,4233,539,0,0,1,1,4233,4374,539,4913
2,4233,729,0,0,1,1,4233,11288,2187,13475
2,4233,847,0,0,1,1,4233,53120,5929,59049
2,4233,913,0,0,1,1,4233,106250,913,107163
2,4233,1377,0,0,1,1,4233,2744,4131,6875
2,4233,1411,0,0,1,1,4233,13230,1411,14641
2,4233,2187,0,0,1,1,4233,664,6561,7225
2,4233,3087,0,0,1,1,4233,1826,3087,4913
2,4233,3125,0,0,1,1,4233,5984,15625,21609
2,4235,2299,0,0,1,1,4235,51200,25289,76489
2,4237,19,0,0,4,1,4237,34992,19,35011
2,4245,81,0,0,1,1,4245,79360,729,80089
2,4249,49,0,0,1,1,4249,8192,637,8829
2,4255,1,0,0,1,1,4255,64000,9,64009
2,4255,1,0,0,1,1,4255,71874,1,71875
2,4255,1,0,0,2,1,4255,98900,1,98901
2,4255,23,0,0,1,1,4255,43808,115,43923
2,4255,111,0,0,1,1,4255,14792,333,15125
2,4255,405,0,0,1,1,4255,10952,1215,12167
2,4255,529,0,0,1,1,4255,10406,529,10935
2,4255,891,0,0,1,1,4255,88064,9801,97865
2,4255,1863,0,0,1,1,4255,66550,1863,68413
2,4255,3125,0,0,1,1,4255,99846,3125,102971
2,4263,1,0,0,1,1,4263,4374,1,4375
2,4275,1,0,0,1,1,4275,4374,1,4375
2,4275,1,0,0,1,1,4275,6174,1,6175
2,4275,1,0,0,1,1,4275,6250,1,6251
2,4275,1,0,0,4,1,4275,5264,1,5265
2,4275,5,0,0,1,1,4275,7938,5,7943
2,4275,15,0,0,4,1,4275,28672,45,28717
2,4275,91,0,0,1,1,4275,4374,91,4465
2,4275,91,0,0,1,1,4275,8192,1183,9375
2,4275,95,0,0,2,1,4275,8788,95,8883
2,4275,243,0,0,1,1,4275,54872,729,55601
2,4275,405,0,0,1,1,4275,16562,405,16967
2,4275,625,0,0,1,1,4275,1568,3125,4693
2,4275,675,0,0,1,1,4275,8192,8775,16967
2,4275,729,0,0,1,1,4275,24064,6561,30625
2,4275,1269,0,0,1,1,4275,13000,3807,16807
2,4275,2197,0,0,1,1,4275,4418,2197,6615
2,4275,2209,0,0,1,1,4275,2166,2209,4375
2,4275,2209,0,0,1,1,4275,2250,2209,4459
2,4275,2209,0,0,1,1,4275,3584,19881,23465
2,4275,2375,0,0,1,1,4275,32,11875,11907
2,4275,2401,0,0,1,1,4275,3200,16807,20007
2,4275,3125,0,0,1,1,4275,4256,15625,19881
2,4290,22,0,0,2,1,4290,10952,33,10985
2,4290,78,0,0,2,1,4290,6728,117,6845
2,4299,27,0,0,1,1,4299,24334,27,24361
2,4303,1,0,0,1,1,4303,4374,1,4375
2,4303,27,0,0,1,1,4303,8200,81,8281
2,4303,91,0,0,1,1,4303,8192,1183,9375
2,4303,331,0,0,1,1,4303,4394,331,4725
2,4303,1681,0,0,1,1,4303,4394,1681,6075
2,4303,1701,0,0,1,1,4303,1664,11907,13571
2,4303,2009,0,0,1,1,4303,39366,2009,41375
2,4305,1,0,0,1,1,4305,4374,1,4375
2,4305,81,0,0,1,1,4305,42632,243,42875
2,4305,125,0,0,1,1,4305,4704,625,5329
2,4305,205,0,0,8,1,4305,15104,205,15309
2,4305,375,0,0,1,1,4305,20992,3375,24367
2,4305,675,0,0,1,1,4305,3304,2025,5329
2,4305,861,0,0,2,1,4305,1024,4305,5329
2,4323,11,0,0,1,1,4323,6550,11,6561
2,4333,1,0,0,1,1,4333,4374,1,4375
2,4333,3675,0,0,1,1,4333,1238,3675,4913
2,4345,1,0,0,1,1,4345,4374,1,4375
2,4345,1,0,0,1,1,4345,12166,1,12167
2,4345,1,0,0,1,1,4345,64000,9,64009
2,4345,1,0,0,1,1,4345,71874,1,71875
2,4345,1,0,0,4,1,4345,8624,1,8625
2,4345,35,0,0,1,1,4345,14536,105,14641
2,4345,79,0,0,1,1,4345,10240,869,11109
2,4345,79,0,0,1,1,4345,12672,553,13225
2,4345,79,0,0,1,1,4345,39366,79,39445
2,4345,343,0,0,1,1,4345,29282,343,29625
2,4345,363,0,0,1,1,4345,14536,1089,15625
2,4345,625,0,0,1,1,4345,2464,3125,5589
2,4345,675,0,0,1,1,4345,5566,675,6241
2,4345,945,0,0,1,1,4345,2944,6615,9559
2,4345,1331,0,0,1,1,4345,3430,1331,4761
2,4345,1659,0,0,1,1,4345,3872,8295,12167
2,4345,1659,0,0,1,1,4345,10648,4977,15625
2,4345,1875,0,0,1,1,4345,616,5625,6241
2,4345,1875,0,0,1,1,4345,9016,5625,14641
2,4345,2025,0,0,1,1,4345,8,6075,6083
2,4345,2187,0,0,1,1,4345,11638,2187,13825
2,4345,3125,0,0,1,1,4345,184,9375,9559
2,4345,3871,0,0,1,1,4345,128,27097,27225
2,4365,485,0,0,2,1,4365,58564,485,59049
2,4365,675,0,0,1,1,4365,8734,675,9409
2,4366,74,0,0,2,1,4366,8192,481,8673
2,4366,148,0,0,4,1,4366,8192,481,8673
2,4366,296,0,0,8,1,4366,8192,481,8673
2,4368,2,0,0,2,1,4368,12160,7,12167
2,4368,4,0,0,4,1,4368,12160,7,12167
2,4368,6,0,0,2,1,4368,9016,9,9025
2,4368,182,0,0,2,1,4368,8192,1183,9375
2,4368,364,0,0,4,1,4368,8192,1183,9375
2,4368,728,0,0,8,1,4368,8192,1183,9375
2,4387,107,0,0,1,1,4387,5346,107,5453
2,4387,1881,0,0,1,1,4387,3362,1881,5243
2,4387,4387,0,0,8,1,4387,2816,4387,7203
2,4401,111,0,0,1,1,4401,4802,111,4913
2,4401,489,0,0,1,1,4401,512,4401,4913
2,4403,1,0,0,4,1,4403,4624,1,4625
2,4420,2,0,0,2,1,4420,10240,11,10251
2,4420,4,0,0,4,1,4420,10240,11,10251
2,4420,8,0,0,8,1,4420,10240,11,10251
2,4425,625,0,0,1,1,4425,13122,625,13747
2,4425,3481,0,0,1,1,4425,58250,3481,61731
2,4429,1,0,0,4,1,4429,9072,1,9073
2,4431,3,0,0,4,1,4431,15376,3,15379
2,4431,7,0,0,1,1,4431,6534,7,6541
2,4431,211,0,0,2,1,4431,37268,211,37479
2,4431,1477,0,0,1,1,4431,28314,1477,29791
2,4431,1519,0,0,1,1,4431,13122,1519,14641
2,4437,1863,0,0,1,1,4437,8,5589,5597
2,4443,1,0,0,8,1,4443,16128,1,16129
2,4453,1,0,0,4,1,4453,14640,1,14641
2,4453,61,0,0,2,1,4453,14580,61,14641
2,4471,263,0,0,4,1,4471,5488,263,5751
2,4473,1,0,0,4,1,4473,5040,1,5041
2,4473,179,0,0,1,1,4473,16000,1253,17253
2,4473,1611,0,0,1,1,4473,3430,1611,5041
2,4480,2,0,0,2,1,4480,10368,7,10375
2,4480,4,0,0,4,1,4480,10368,7,10375
2,4483,1587,0,0,1,1,4483,35864,4761,40625
2,4483,4483,0,0,4,1,4483,80,4483,4563
2,4485,1,0,0,1,1,4485,14742,1,14743
2,4485,91,0,0,1,1,4485,8192,1183,9375
2,4485,91,0,0,1,1,4485,79488,637,80125
2,4485,169,0,0,1,1,4485,5128,507,5635
2,4485,625,0,0,1,1,4485,10368,4375,14743
2,4485,1225,0,0,1,1,4485,2208,6125,8333
2,4485,1863,0,0,1,1,4485,2744,5589,8333
2,4485,2187,0,0,1,1,4485,9464,6561,16025
2,8030,10,0,0,4,2,4015,5324,5,5329
2,8030,250,0,0,2,2,4015,6144,1375,7519
2,8030,1690,0,0,2,2,4015,2336,4225,6561
2,8030,2662,0,0,2,2,4015,864,6655,7519
2,8030,3650,0,0,2,2,4015,352,9125,9477
2,8030,4374,0,0,2,2,4015,9064,6561,15625
2,8030,6250,0,0,2,2,4015,4394,3125,7519
2,8046,2,0,0,2,2,4023,4374,1,4375
2,8046,1058,0,0,2,2,4023,8046,529,8575
2,8046,1250,0,0,2,2,4023,33376,3125,36501
2,8070,538,0,0,2,2,4035,6606,269,6875
2,8096,4,0,0,4,2,4048,64000,9,64009
2,8106,2,0,0,2,2,4053,4374,1,4375
2,8118,1922,0,0,2,2,4059,3362,961,4323
2,8130,2,0,0,2,2,4065,4374,1,4375
2,8130,2,0,0,2,2,4065,10368,7,10375
2,8130,2,0,0,2,2,4065,33614,1,33615
2,8130,542,0,0,4,2,4065,5312,813,6125
2,8130,4802,0,0,2,2,4065,4374,2401,6775
2,8162,4802,0,0,2,2,4081,5618,2401,8019
2,8186,2,0,0,2,2,4093,4374,1,4375
2,8186,182,0,0,2,2,4093,8192,1183,9375
2,8190,2,0,0,2,2,4095,4374,1,4375
2,8190,2,0,0,4,2,4095,31212,1,31213
2,8190,2,0,0,8,2,4095,28560,1,28561
2,8190,14,0,0,4,2,4095,6500,7,6507
2,8190,26,0,0,4,2,4095,4900,13,4913
2,8190,170,0,0,2,2,4095,4374,85,4459
2,8190,182,0,0,2,2,4095,8192,1183,9375
2,8190,686,0,0,2,2,4095,12050,343,12393
2,8190,882,0,0,2,2,4095,6656,3969,10625
2,8190,910,0,0,4,2,4095,17408,2275,19683
2,8190,1446,0,0,2,2,4095,2744,2169,4913
2,8190,1446,0,0,2,2,4095,4802,723,5525
2,8190,3374,0,0,2,2,4095,109850,1687,111537
2,8190,4338,0,0,2,2,4095,64000,19521,83521
2,8246,2,0,0,2,2,4123,4374,1,4375
2,8246,6,0,0,2,2,4123,4802,3,4805
2,8246,10,0,0,2,2,4123,184832,45,184877
2,8246,38,0,0,4,2,4123,4356,19,4375
2,8246,434,0,0,8,2,4123,4400,217,4617
2,8246,722,0,0,2,2,4123,13310,361,13671
2,8246,1178,0,0,2,2,4123,7986,589,8575
2,8246,1458,0,0,2,2,4123,10240,8019,18259
2,8246,1750,0,0,2,2,4123,1408,6125,7533
2,8246,2046,0,0,2,2,4123,25088,9207,34295
2,8246,2662,0,0,2,2,4123,6250,1331,7581
2,8246,3038,0,0,2,2,4123,13122,1519,14641
2,8246,3906,0,0,2,2,4123,1000,5859,6859
2,8246,4374,0,0,2,2,4123,3038,2187,5225
2,8246,4750,0,0,2,2,4123,32,11875,11907
2,8246,5390,0,0,2,2,4123,1922,2695,4617
2,8246,7290,0,0,2,2,4123,7546,3645,11191
2,8270,2,0,0,2,2,4135,4374,1,4375
2,8270,1970,0,0,2,2,4135,864,4925,5789
2,8326,46,0,0,16,2,4163,4352,23,4375
2,8330,2,0,0,2,2,4165,4374,1,4375
2,8330,2,0,0,4,2,4165,9260,1,9261
2,8330,2,0,0,4,2,4165,12500,1,12501
2,8346,2,0,0,8,2,4173,26000,1,26001
2,8346,1926,0,0,2,2,4173,1336,2889,4225
2,8346,1926,0,0,2,2,4173,25000,2889,27889
2,8346,5778,0,0,2,2,4173,2560,26001,28561
2,8358,686,0,0,2,2,4179,10368,2401,12769
2,8366,8366,0,0,4,2,4183,15500,4183,19683
2,8370,954,0,0,2,2,4185,512,4293,4805
2,8370,1458,0,0,2,2,4185,7688,2187,9875
2,8382,2,0,0,16,2,4191,16128,1,16129
2,8400,100,0,0,4,2,4200,6112,125,6237
2,8400,200,0,0,8,2,4200,6112,125,6237
2,8466,2,0,0,2,2,4233,4374,1,4375
2,8466,2,0,0,2,2,4233,10368,7,10375
2,8466,2,0,0,2,2,4233,33614,1,33615
2,8466,6,0,0,4,2,4233,41500,3,41503
2,8466,18,0,0,2,2,4233,4648,27,4675
2,8466,150,0,0,2,2,4233,6664,225,6889
2,8466,162,0,0,2,2,4233,9800,243,10043
2,8466,166,0,0,2,2,4233,85750,83,85833
2,8466,166,0,0,8,2,4233,19600,83,19683
2,8466,850,0,0,2,2,4233,2048,4675,6723
2,8466,1078,0,0,2,2,4233,4374,539,4913
2,8466,1458,0,0,2,2,4233,11288,2187,13475
2,8466,1694,0,0,2,2,4233,53120,5929,59049
2,8466,1826,0,0,2,2,4233,106250,913,107163
2,8466,2754,0,0,2,2,4233,2744,4131,6875
2,8466,2822,0,0,2,2,4233,13230,1411,14641
2,8466,4374,0,0,2,2,4233,664,6561,7225
2,8466,6174,0,0,2,2,4233,1826,3087,4913
2,8466,6250,0,0,2,2,4233,5984,15625,21609
2,8470,4598,0,0,2,2,4235,51200,25289,76489
2,8474,38,0,0,8,2,4237,34992,19,35011
2,8490,162,0,0,2,2,4245,79360,729,80089
2,8498,98,0,0,2,2,4249,8192,637,8829
2,8510,2,0,0,2,2,4255,64000,9,64009
2,8510,2,0,0,2,2,4255,71874,1,71875
2,8510,2,0,0,4,2,4255,98900,1,98901
2,8510,46,0,0,2,2,4255,43808,115,43923
2,8510,222,0,0,2,2,4255,14792,333,15125
2,8510,810,0,0,2,2,4255,10952,1215,12167
2,8510,1058,0,0,2,2,4255,10406,529,10935
2,8510,1782,0,0,2,2,4255,88064,9801,97865
2,8510,3726,0,0,2,2,4255,66550,1863,68413
2,8510,6250,0,0,2,2,4255,99846,3125,102971
2,8526,2,0,0,2,2,4263,4374,1,4375
2,8550,2,0,0,2,2,4275,4374,1,4375
2,8550,2,0,0,2,2,4275,6174,1,6175
2,8550,2,0,0,2,2,4275,6250,1,6251
2,8550,2,0,0,8,2,4275,5264,1,5265
2,8550,10,0,0,2,2,4275,7938,5,7943
2,8550,30,0,0,8,2,4275,28672,45,28717
2,8550,182,0,0,2,2,4275,4374,91,4465
2,8550,182,0,0,2,2,4275,8192,1183,9375
2,8550,190,0,0,4,2,4275,8788,95,8883
2,8550,486,0,0,2,2,4275,54872,729,55601
2,8550,810,0,0,2,2,4275,16562,405,16967
2,8550,1250,0,0,2,2,4275,1568,3125,4693
2,8550,1350,0,0,2,2,4275,8192,8775,16967
2,8550,1458,0,0,2,2,4275,24064,6561,30625
2,8550,2538,0,0,2,2,4275,13000,3807,16807
2,8550,4394,0,0,2,2,4275,4418,2197,6615
2,8550,4418,0,0,2,2,4275,2166,2209,4375
2,8550,4418,0,0,2,2,4275,2250,2209,4459
2,8550,4418,0,0,2,2,4275,3584,19881,23465
2,8550,4750,0,0,2,2,4275,32,11875,11907
2,8550,4802,0,0,2,2,4275,3200,16807,20007
2,8550,6250,0,0,2,2,4275,4256,15625,19881
2,8580,44,0,0,4,2,4290,10952,33,10985
2,8580,156,0,0,4,2,4290,6728,117,6845
2,8598,54,0,0,2,2,4299,24334,27,24361
2,8606,2,0,0,2,2,4303,4374,1,4375
2,8606,54,0,0,2,2,4303,8200,81,8281
2,8606,182,0,0,2,2,4303,8192,1183,9375
2,8606,662,0,0,2,2,4303,4394,331,4725
2,8606,3362,0,0,2,2,4303,4394,1681,6075
2,8606,3402,0,0,2,2,4303,1664,11907,13571
2,8606,4018,0,0,2,2,4303,39366,2009,41375
2,8610,2,0,0,2,2,4305,4374,1,4375
2,8610,162,0,0,2,2,4305,42632,243,42875
2,8610,250,0,0,2,2,4305,4704,625,5329
2,8610,410,0,0,16,2,4305,15104,205,15309
2,8610,750,0,0,2,2,4305,20992,3375,24367
2,8610,1350,0,0,2,2,4305,3304,2025,5329
2,8610,1722,0,0,4,2,4305,1024,4305,5329
2,8646,22,0,0,2,2,4323,6550,11,6561
2,8666,2,0,0,2,2,4333,4374,1,4375
2,8666,7350,0,0,2,2,4333,1238,3675,4913
2,8690,2,0,0,2,2,4345,4374,1,4375
2,8690,2,0,0,2,2,4345,12166,1,12167
2,8690,2,0,0,2,2,4345,64000,9,64009
2,8690,2,0,0,2,2,4345,71874,1,71875
2,8690,2,0,0,8,2,4345,8624,1,8625
2,8690,70,0,0,2,2,4345,14536,105,14641
2,8690,158,0,0,2,2,4345,10240,869,11109
2,8690,158,0,0,2,2,4345,12672,553,13225
2,8690,158,0,0,2,2,4345,39366,79,39445
2,8690,686,0,0,2,2,4345,29282,343,29625
2,8690,726,0,0,2,2,4345,14536,1089,15625
2,8690,1250,0,0,2,2,4345,2464,3125,5589
2,8690,1350,0,0,2,2,4345,5566,675,6241
2,8690,1890,0,0,2,2,4345,2944,6615,9559
2,8690,2662,0,0,2,2,4345,3430,1331,4761
2,8690,3318,0,0,2,2,4345,3872,8295,12167
2,8690,3318,0,0,2,2,4345,10648,4977,15625
2,8690,3750,0,0,2,2,4345,616,5625,6241
2,8690,3750,0,0,2,2,4345,9016,5625,14641
2,8690,4050,0,0,2,2,4345,8,6075,6083
2,8690,4374,0,0,2,2,4345,11638,2187,13825
2,8690,6250,0,0,2,2,4345,184,9375,9559
2,8690,7742,0,0,2,2,4345,128,27097,27225
2,8730,970,0,0,4,2,4365,58564,485,59049
2,8730,1350,0,0,2,2,4365,8734,675,9409
2,8732,148,0,0,4,2,4366,8192,481,8673
2,8732,296,0,0,8,2,4366,8192,481,8673
2,8732,592,0,0,16,2,4366,8192,481,8673
2,8736,4,0,0,4,2,4368,12160,7,12167
2,8736,8,0,0,8,2,4368,12160,7,12167
2,8736,12,0,0,4,2,4368,9016,9,9025
2,8736,364,0,0,4,2,4368,8192,1183,9375
2,8736,728,0,0,8,2,4368,8192,1183,9375
2,8736,1456,0,0,16,2,4368,8192,1183,9375
2,8774,214,0,0,2,2,4387,5346,107,5453
2,8774,3762,0,0,2,2,4387,3362,1881,5243
2,8774,8774,0,0,16,2,4387,2816,4387,7203
2,8802,222,0,0,2,2,4401,4802,111,4913
2,8802,978,0,0,2,2,4401,512,4401,4913
2,8806,2,0,0,8,2,4403,4624,1,4625
2,8840,4,0,0,4,2,4420,10240,11,10251
2,8840,8,0,0,8,2,4420,10240,11,10251
2,8840,16,0,0,16,2,4420,10240,11,10251
2,8850,1250,0,0,2,2,4425,13122,625,13747
2,8850,6962,0,0,2,2,4425,58250,3481,61731
2,8858,2,0,0,8,2,4429,9072,1,9073
2,8862,6,0,0,8,2,4431,15376,3,15379
2,8862,14,0,0,2,2,4431,6534,7,6541
2,8862,422,0,0,4,2,4431,37268,211,37479
2,8862,2954,0,0,2,2,4431,28314,1477,29791
2,8862,3038,0,0,2,2,4431,13122,1519,14641
2,8874,3726,0,0,2,2,4437,8,5589,5597
2,8886,2,0,0,16,2,4443,16128,1,16129
2,8906,2,0,0,8,2,4453,14640,1,14641
2,8906,122,0,0,4,2,4453,14580,61,14641
2,8942,526,0,0,8,2,4471,5488,263,5751
2,8946,2,0,0,8,2,4473,5040,1,5041
2,8946,358,0,0,2,2,4473,16000,1253,17253
2,8946,3222,0,0,2,2,4473,3430,1611,5041
2,8960,4,0,0,4,2,4480,10368,7,10375
2,8960,8,0,0,8,2,4480,10368,7,10375
2,8966,3174,0,0,2,2,4483,35864,4761,40625
2,8966,8966,0,0,8,2,4483,80,4483,4563
2,8970,2,0,0,2,2,4485,14742,1,14743
2,8970,182,0,0,2,2,4485,8192,1183,9375
2,8970,182,0,0,2,2,4485,79488,637,80125
2,8970,338,0,0,2,2,4485,5128,507,5635
2,8970,1250,0,0,2,2,4485,10368,4375,14743
2,8970,2450,0,0,2,2,4485,2208,6125,8333
2,8970,3726,0,0,2,2,4485,2744,5589,8333
2,8970,4374,0,0,2,2,4485,9464,6561,16025
2,12045,15,0,0,6,3,4015,5324,5,5329
2,12045,375,0,0,3,3,4015,6144,1375,7519
2,12045,2535,0,0,3,3,4015,2336,4225,6561
2,12045,3993,0,0,3,3,4015,864,6655,7519
2,12045,5475,0,0,3,3,4015,352,9125,9477
2,12045,6561,0,0,3,3,4015,9064,6561,15625
2,12045,9375,0,0,3,3,4015,4394,3125,7519
2,12069,3,0,0,3,3,4023,4374,1,4375
2,12069,1587,0,0,3,3,4023,8046,529,8575
2,12069,1875,0,0,3,3,4023,33376,3125,36501
2,12105,807,0,0,3,3,4035,6606,269,6875
2,12144,6,0,0,6,3,4048,64000,9,64009
2,12159,3,0,0,3,3,4053,4374,1,4375
2,12177,2883,0,0,3,3,4059,3362,961,4323
2,12195,3,0,0,3,3,4065,4374,1,4375
2,12195,3,0,0,3,3,4065,10368,7,10375
2,12195,3,0,0,3,3,4065,33614,1,33615
2,12195,813,0,0,6,3,4065,5312,813,6125
2,12195,7203,0,0,3,3,4065,4374,2401,6775
2,12243,7203,0,0,3,3,4081,5618,2401,8019
2,12279,3,0,0,3,3,4093,4374,1,4375
2,12279,273,0,0,3,3,4093,8192,1183,9375
2,12285,3,0,0,3,3,4095,4374,1,4375
2,12285,3,0,0,6,3,4095,31212,1,31213
2,12285,3,0,0,12,3,4095,28560,1,28561
2,12285,21,0,0,6,3,4095,6500,7,6507
2,12285,39,0,0,6,3,4095,4900,13,4913
2,12285,255,0,0,3,3,4095,4374,85,4459
2,12285,273,0,0,3,3,4095,8192,1183,9375
2,12285,1029,0,0,3,3,4095,12050,343,12393
2,12285,1323,0,0,3,3,4095,6656,3969,10625
2,12285,1365,0,0,6,3,4095,17408,2275,19683
2,12285,2169,0,0,3,3,4095,2744,2169,4913
2,12285,2169,0,0,3,3,4095,4802,723,5525
2,12285,5061,0,0,3,3,4095,109850,1687,111537
2,12285,6507,0,0,3,3,4095,64000,19521,83521
2,12369,3,0,0,3,3,4123,4374,1,4375
2,12369,9,0,0,3,3,4123,4802,3,4805
2,12369,15,0,0,3,3,4123,184832,45,184877
2,12369,57,0,0,6,3,4123,4356,19,4375
2,12369,651,0,0,12,3,4123,4400,217,4617
2,12369,1083,0,0,3,3,4123,13310,361,13671
2,12369,1767,0,0,3,3,4123,7986,589,8575
2,12369,2187,0,0,3,3,4123,10240,8019,18259
2,12369,2625,0,0,3,3,4123,1408,6125,7533
2,12369,3069,0,0,3,3,4123,25088,9207,34295
2,12369,3993,0,0,3,3,4123,6250,1331,7581
2,12369,4557,0,0,3,3,4123,13122,1519,14641
2,12369,5859,0,0,3,3,4123,1000,5859,6859
2,12369,6561,0,0,3,3,4123,3038,2187,5225
2,12369,7125,0,0,3,3,4123,32,11875,11907
2,12369,8085,0,0,3,3,4123,1922,2695,4617
2,12369,10935,0,0,3,3,4123,7546,3645,11191
2,12405,3,0,0,3,3,4135,4374,1,4375
2,12405,2955,0,0,3,3,4135,864,4925,5789
2,12489,69,0,0,24,3,4163,4352,23,4375
2,12495,3,0,0,3,3,4165,4374,1,4375
2,12495,3,0,0,6,3,4165,9260,1,9261
2,12495,3,0,0,6,3,4165,12500,1,12501
2,12519,3,0,0,12,3,4173,26000,1,26001
2,12519,2889,0,0,3,3,4173,1336,2889,4225
2,12519,2889,0,0,3,3,4173,25000,2889,27889
2,12519,8667,0,0,3,3,4173,2560,26001,28561
2,12537,1029,0,0,3,3,4179,10368,2401,12769
2,12549,12549,0,0,6,3,4183,15500,4183,19683
2,12555,1431,0,0,3,3,4185,512,4293,4805
2,12555,2187,0,0,3,3,4185,7688,2187,9875
2,12573,3,0,0,24,3,4191,16128,1,16129
2,12600,150,0,0,6,3,4200,6112,125,6237
2,12600,300,0,0,12,3,4200,6112,125,6237
2,12699,3,0,0,3,3,4233,4374,1,4375
2,12699,3,0,0,3,3,4233,10368,7,10375
2,12699,3,0,0,3,3,4233,33614,1,33615
2,12699,9,0,0,6,3,4233,41500,3,41503
2,12699,27,0,0,3,3,4233,4648,27,4675
2,12699,225,0,0,3,3,4233,6664,225,6889
2,12699,243,0,0,3,3,4233,9800,243,10043
2,12699,249,0,0,3,3,4233,85750,83,85833
2,12699,249,0,0,12,3,4233,19600,83,19683
2,12699,1275,0,0,3,3,4233,2048,4675,6723
2,12699,1617,0,0,3,3,4233,4374,539,4913
2,12699,2187,0,0,3,3,4233,11288,2187,13475
2,12699,2541,0,0,3,3,4233,53120,5929,59049
2,12699,2739,0,0,3,3,4233,106250,913,107163
2,12699,4131,0,0,3,3,4233,2744,4131,6875
2,12699,4233,0,0,3,3,4233,13230,1411,14641
2,12699,6561,0,0,3,3,4233,664,6561,7225
2,12699,9261,0,0,3,3,4233,1826,3087,4913
2,12699,9375,0,0,3,3,4233,5984,15625,21609
2,12705,6897,0,0,3,3,4235,51200,25289,76489
2,12711,57,0,0,12,3,4237,34992,19,35011
2,12735,243,0,0,3,3,4245,79360,729,80089
2,12747,147,0,0,3,3,4249,8192,637,8829
2,12765,3,0,0,3,3,4255,64000,9,64009
2,12765,3,0,0,3,3,4255,71874,1,71875
2,12765,3,0,0,6,3,4255,98900,1,98901
2,12765,69,0,0,3,3,4255,43808,115,43923
2,12765,333,0,0,3,3,4255,14792,333,15125
2,12765,1215,0,0,3,3,4255,10952,1215,12167
2,12765,1587,0,0,3,3,4255,10406,529,10935
2,12765,2673,0,0,3,3,4255,88064,9801,97865
2,12765,5589,0,0,3,3,4255,66550,1863,68413
2,12765,9375,0,0,3,3,4255,99846,3125,102971
2,12789,3,0,0,3,3,4263,4374,1,4375
2,12825,3,0,0,3,3,4275,4374,1,4375
2,12825,3,0,0,3,3,4275,6174,1,6175
2,12825,3,0,0,3,3,4275,6250,1,6251
2,12825,3,0,0,12,3,4275,5264,1,5265
2,12825,15,0,0,3,3,4275,7938,5,7943
2,12825,45,0,0,12,3,4275,28672,45,28717
2,12825,273,0,0,3,3,4275,4374,91,4465
2,12825,273,0,0,3,3,4275,8192,1183,9375
2,12825,285,0,0,6,3,4275,8788,95,8883
2,12825,729,0,0,3,3,4275,54872,729,55601
2,12825,1215,0,0,3,3,4275,16562,405,16967
2,12825,1875,0,0,3,3,4275,1568,3125,4693
2,12825,2025,0,0,3,3,4275,8192,8775,16967
2,12825,2187,0,0,3,3,4275,24064,6561,30625
2,12825,3807,0,0,3,3,4275,13000,3807,16807
2,12825,6591,0,0,3,3,4275,4418,2197,6615
2,12825,6627,0,0,3,3,4275,2166,2209,4375
2,12825,6627,0,0,3,3,4275,2250,2209,4459
2,12825,6627,0,0,3,3,4275,3584,19881,23465
2,12825,7125,0,0,3,3,4275,32,11875,11907
2,12825,7203,0,0,3,3,4275,3200,16807,20007
2,12825,9375,0,0,3,3,4275,4256,15625,19881
2,12870,66,0,0,6,3,4290,10952,33,10985
2,12870,234,0,0,6,3,4290,6728,117,6845
2,12897,81,0,0,3,3,4299,24334,27,24361
2,12909,3,0,0,3,3,4303,4374,1,4375
2,12909,81,0,0,3,3,4303,8200,81,8281
2,12909,273,0,0,3,3,4303,8192,1183,9375
2,12909,993,0,0,3,3,4303,4394,331,4725
2,12909,5043,0,0,3,3,4303,4394,1681,6075
2,12909,5103,0,0,3,3,4303,1664,11907,13571
2,12909,6027,0,0,3,3,4303,39366,2009,41375
2,12915,3,0,0,3,3,4305,4374,1,4375
2,12915,243,0,0,3,3,4305,42632,243,42875
2,12915,375,0,0,3,3,4305,4704,625,5329
2,12915,615,0,0,24,3,4305,15104,205,15309
2,12915,1125,0,0,3,3,4305,20992,3375,24367
2,12915,2025,0,0,3,3,4305,3304,2025,5329
2,12915,2583,0,0,6,3,4305,1024,4305,5329
2,12969,33,0,0,3,3,4323,6550,11,6561
2,12999,3,0,0,3,3,4333,4374,1,4375
2,12999,11025,0,0,3,3,4333,1238,3675,4913
2,13035,3,0,0,3,3,4345,4374,1,4375
2,13035,3,0,0,3,3,4345,12166,1,12167
2,13035,3,0,0,3,3,4345,64000,9,64009
2,13035,3,0,0,3,3,4345,71874,1,71875
2,13035,3,0,0,12,3,4345,8624,1,8625
2,13035,105,0,0,3,3,4345,14536,105,14641
2,13035,237,0,0,3,3,4345,10240,869,11109
2,13035,237,0,0,3,3,4345,12672,553,13225
2,13035,237,0,0,3,3,4345,39366,79,39445
2,13035,1029,0,0,3,3,4345,29282,343,29625
2,13035,1089,0,0,3,3,4345,14536,1089,15625
2,13035,1875,0,0,3,3,4345,2464,3125,5589
2,13035,2025,0,0,3,3,4345,5566,675,6241
2,13035,2835,0,0,3,3,4345,2944,6615,9559
2,13035,3993,0,0,3,3,4345,3430,1331,4761
2,13035,4977,0,0,3,3,4345,3872,8295,12167
2,13035,4977,0,0,3,3,4345,10648,4977,15625
2,13035,5625,0,0,3,3,4345,616,5625,6241
2,13035,5625,0,0,3,3,4345,9016,5625,14641
2,13035,6075,0,0,3,3,4345,8,6075,6083
2,13035,6561,0,0,3,3,4345,11638,2187,13825
2,13035,9375,0,0,3,3,4345,184,9375,9559
2,13035,11613,0,0,3,3,4345,128,27097,27225
2,13095,1455,0,0,6,3,4365,58564,485,59049
2,13095,2025,0,0,3,3,4365,8734,675,9409
2,13098,222,0,0,6,3,4366,8192,481,8673
2,13098,444,0,0,12,3,4366,8192,481,8673
2,13098,888,0,0,24,3,4366,8192,481,8673
2,13104,6,0,0,6,3,4368,12160,7,12167
2,13104,12,0,0,12,3,4368,12160,7,12167
2,13104,18,0,0,6,3,4368,9016,9,9025
2,13104,546,0,0,6,3,4368,8192,1183,9375
2,13104,1092,0,0,12,3,4368,8192,1183,9375
2,13104,2184,0,0,24,3,4368,8192,1183,9375
2,13161,321,0,0,3,3,4387,5346,107,5453
2,13161,5643,0,0,3,3,4387,3362,1881,5243
2,13161,13161,0,0,24,3,4387,2816,4387,7203
2,13203,333,0,0,3,3,4401,4802,111,4913
2,13203,1467,0,0,3,3,4401,512,4401,4913
2,13209,3,0,0,12,3,4403,4624,1,4625
2,13260,6,0,0,6,3,4420,10240,11,10251
2,13260,12,0,0,12,3,4420,10240,11,10251
2,13260,24,0,0,24,3,4420,10240,11,10251
2,13275,1875,0,0,3,3,4425,13122,625,13747
2,13275,10443,0,0,3,3,4425,58250,3481,61731
2,13287,3,0,0,12,3,4429,9072,1,9073
2,13293,9,0,0,12,3,4431,15376,3,15379
2,13293,21,0,0,3,3,4431,6534,7,6541
2,13293,633,0,0,6,3,4431,37268,211,37479
2,13293,4431,0,0,3,3,4431,28314,1477,29791
2,13293,4557,0,0,3,3,4431,13122,1519,14641
2,13311,5589,0,0,3,3,4437,8,5589,5597
2,13329,3,0,0,24,3,4443,16128,1,16129
2,13359,3,0,0,12,3,4453,14640,1,14641
2,13359,183,0,0,6,3,4453,14580,61,14641
2,13413,789,0,0,12,3,4471,5488,263,5751
2,13419,3,0,0,12,3,4473,5040,1,5041
2,13419,537,0,0,3,3,4473,16000,1253,17253
2,13419,4833,0,0,3,3,4473,3430,1611,5041
2,13440,6,0,0,6,3,4480,10368,7,10375
2,13440,12,0,0,12,3,4480,10368,7,10375
2,13449,4761,0,0,3,3,4483,35864,4761,40625
2,13449,13449,0,0,12,3,4483,80,4483,4563
2,13455,3,0,0,3,3,4485,14742,1,14743
2,13455,273,0,0,3,3,4485,8192,1183,9375
2,13455,273,0,0,3,3,4485,79488,637,80125
2,13455,507,0,0,3,3,4485,5128,507,5635
2,13455,1875,0,0,3,3,4485,10368,4375,14743
2,13455,3675,0,0,3,3,4485,2208,6125,8333
2,13455,5589,0,0,3,3,4485,2744,5589,8333
2,13455,6561,0,0,3,3,4485,9464,6561,16025
2,16060,20,0,0,8,4,4015,5324,5,5329
2,16060,500,0,0,4,4,4015,6144,1375,7519
2,16060,3380,0,0,4,4,4015,2336,4225,6561
2,16060,5324,0,0,4,4,4015,864,6655,7519
2,16060,7300,0,0,4,4,4015,352,9125,9477
2,16060,8748,0,0,4,4,4015,9064,6561,15625
2,16060,12500,0,0,4,4,4015,4394,3125,7519
2,16092,4,0,0,4,4,4023,4374,1,4375
2,16092,2116,0,0,4,4,4023,8046,529,8575
2,16092,2500,0,0,4,4,4023,33376,3125,36501
2,16140,1076,0,0,4,4,4035,6606,269,6875
2,16192,8,0,0,8,4,4048,64000,9,64009
2,16212,4,0,0,4,4,4053,4374,1,4375
2,16236,3844,0,0,4,4,4059,3362,961,4323
2,16260,4,0,0,4,4,4065,4374,1,4375
2,16260,4,0,0,4,4,4065,10368,7,10375
2,16260,4,0,0,4,4,4065,33614,1,33615
2,16260,1084,0,0,8,4,4065,5312,813,6125
2,16260,9604,0,0,4,4,4065,4374,2401,6775
2,16324,9604,0,0,4,4,4081,5618,2401,8019
2,16372,4,0,0,4,4,4093,4374,1,4375
2,16372,364,0,0,4,4,4093,8192,1183,9375
2,16380,4,0,0,4,4,4095,4374,1,4375
2,16380,4,0,0,8,4,4095,31212,1,31213
2,16380,4,0,0,16,4,4095,28560,1,28561
2,16380,28,0,0,8,4,4095,6500,7,6507
2,16380,52,0,0,8,4,4095,4900,13,4913
2,16380,340,0,0,4,4,4095,4374,85,4459
2,16380,364,0,0,4,4,4095,8192,1183,9375
2,16380,1372,0,0,4,4,4095,12050,343,12393
2,16380,1764,0,0,4,4,4095,6656,3969,10625
2,16380,1820,0,0,8,4,4095,17408,2275,19683
2,16380,2892,0,0,4,4,4095,2744,2169,4913
2,16380,2892,0,0,4,4,4095,4802,723,5525
2,16380,6748,0,0,4,4,4095,109850,1687,111537
2,16380,8676,0,0,4,4,4095,64000,19521,83521
2,16492,4,0,0,4,4,4123,4374,1,4375
2,16492,12,0,0,4,4,4123,4802,3,4805
2,16492,20,0,0,4,4,4123,184832,45,184877
2,16492,76,0,0,8,4,4123,4356,19,4375
2,16492,868,0,0,16,4,4123,4400,217,4617
2,16492,1444,0,0,4,4,4123,13310,361,13671
2,16492,2356,0,0,4,4,4123,7986,589,8575
2,16492,2916,0,0,4,4,4123,10240,8019,18259
2,16492,3500,0,0,4,4,4123,1408,6125,7533
2,16492,4092,0,0,4,4,4123,25088,9207,34295
2,16492,5324,0,0,4,4,4123,6250,1331,7581
2,16492,6076,0,0,4,4,4123,13122,1519,14641
2,16492,7812,0,0,4,4,4123,1000,5859,6859
2,16492,8748,0,0,4,4,4123,3038,2187,5225
2,16492,9500,0,0,4,4,4123,32,11875,11907
2,16492,10780,0,0,4,4,4123,1922,2695,4617
2,16492,14580,0,0,4,4,4123,7546,3645,11191
2,16540,4,0,0,4,4,4135,4374,1,4375
2,16540,3940,0,0,4,4,4135,864,4925,5789
2,16652,92,0,0,32,4,4163,4352,23,4375
2,16660,4,0,0,4,4,4165,4374,1,4375
2,16660,4,0,0,8,4,4165,9260,1,9261
2,16660,4,0,0,8,4,4165,12500,1,12501
2,16692,4,0,0,16,4,4173,26000,1,26001
2,16692,3852,0,0,4,4,4173,1336,2889,4225
2,16692,3852,0,0,4,4,4173,25000,2889,27889
2,16692,11556,0,0,4,4,4173,2560,26001,28561
2,16716,1372,0,0,4,4,4179,10368,2401,12769
2,16732,16732,0,0,8,4,4183,15500,4183,19683
2,16740,1908,0,0,4,4,4185,512,4293,4805
2,16740,2916,0,0,4,4,4185,7688,2187,9875
2,16764,4,0,0,32,4,4191,16128,1,16129
2,16800,200,0,0,8,4,4200,6112,125,6237
2,16800,400,0,0,16,4,4200,6112,125,6237
2,16932,4,0,0,4,4,4233,4374,1,4375
2,16932,4,0,0,4,4,4233,10368,7,10375
2,16932,4,0,0,4,4,4233,33614,1,33615
2,16932,12,0,0,8,4,4233,41500,3,41503
2,16932,36,0,0,4,4,4233,4648,27,4675
2,16932,300,0,0,4,4,4233,6664,225,6889
2,16932,324,0,0,4,4,4233,9800,243,10043
2,16932,332,0,0,4,4,4233,85750,83,85833
2,16932,332,0,0,16,4,4233,19600,83,19683
2,16932,1700,0,0,4,4,4233,2048,4675,6723
2,16932,2156,0,0,4,4,4233,4374,539,4913
2,16932,2916,0,0,4,4,4233,11288,2187,13475
2,16932,3388,0,0,4,4,4233,53120,5929,59049
2,16932,3652,0,0,4,4,4233,106250,913,107163
2,16932,5508,0,0,4,4,4233,2744,4131,6875
2,16932,5644,0,0,4,4,4233,13230,1411,14641
2,16932,8748,0,0,4,4,4233,664,6561,7225
2,16932,12348,0,0,4,4,4233,1826,3087,4913
2,16932,12500,0,0,4,4,4233,5984,15625,21609
2,16940,9196,0,0,4,4,4235,51200,25289,76489
2,16948,76,0,0,16,4,4237,34992,19,35011
2,16980,324,0,0,4,4,4245,79360,729,80089
2,16996,196,0,0,4,4,4249,8192,637,8829
2,17020,4,0,0,4,4,4255,64000,9,64009
2,17020,4,0,0,4,4,4255,71874,1,71875
2,17020,4,0,0,8,4,4255,98900,1,98901
2,17020,92,0,0,4,4,4255,43808,115,43923
2,17020,444,0,0,4,4,4255,14792,333,15125
2,17020,1620,0,0,4,4,4255,10952,1215,12167
2,17020,2116,0,0,4,4,4255,10406,529,10935
2,17020,3564,0,0,4,4,4255,88064,9801,97865
2,17020,7452,0,0,4,4,4255,66550,1863,68413
2,17020,12500,0,0,4,4,4255,99846,3125,102971
2,17052,4,0,0,4,4,4263,4374,1,4375
2,17100,4,0,0,4,4,4275,4374,1,4375
2,17100,4,0,0,4,4,4275,6174,1,6175
2,17100,4,0,0,4,4,4275,6250,1,6251
2,17100,4,0,0,16,4,4275,5264,1,5265
2,17100,20,0,0,4,4,4275,7938,5,7943
2,17100,60,0,0,16,4,4275,28672,45,28717
2,17100,364,0,0,4,4,4275,4374,91,4465
2,17100,364,0,0,4,4,4275,8192,1183,9375
2,17100,380,0,0,8,4,4275,8788,95,8883
2,17100,972,0,0,4,4,4275,54872,729,55601
2,17100,1620,0,0,4,4,4275,16562,405,16967
2,17100,2500,0,0,4,4,4275,1568,3125,4693
2,17100,2700,0,0,4,4,4275,8192,8775,16967
2,17100,2916,0,0,4,4,4275,24064,6561,30625
2,17100,5076,0,0,4,4,4275,13000,3807,16807
2,17100,8788,0,0,4,4,4275,4418,2197,6615
2,17100,8836,0,0,4,4,4275,2166,2209,4375
2,17100,8836,0,0,4,4,4275,2250,2209,4459
2,17100,8836,0,0,4,4,4275,3584,19881,23465
2,17100,9500,0,0,4,4,4275,32,11875,11907
2,17100,9604,0,0,4,4,4275,3200,16807,20007
2,17100,12500,0,0,4,4,4275,4256,15625,19881
2,17160,88,0,0,8,4,4290,10952,33,10985
2,17160,312,0,0,8,4,4290,6728,117,6845
2,17196,108,0,0,4,4,4299,24334,27,24361
2,17212,4,0,0,4,4,4303,4374,1,4375
2,17212,108,0,0,4,4,4303,8200,81,8281
2,17212,364,0,0,4,4,4303,8192,1183,9375
2,17212,1324,0,0,4,4,4303,4394,331,4725
2,17212,6724,0,0,4,4,4303,4394,1681,6075
2,17212,6804,0,0,4,4,4303,1664,11907,13571
2,17212,8036,0,0,4,4,4303,39366,2009,41375
2,17220,4,0,0,4,4,4305,4374,1,4375
2,17220,324,0,0,4,4,4305,42632,243,42875
2,17220,500,0,0,4,4,4305,4704,625,5329
2,17220,820,0,0,32,4,4305,15104,205,15309
2,17220,1500,0,0,4,4,4305,20992,3375,24367
2,17220,2700,0,0,4,4,4305,3304,2025,5329
2,17220,3444,0,0,8,4,4305,1024,4305,5329
2,17292,44,0,0,4,4,4323,6550,11,6561
2,17332,4,0,0,4,4,4333,4374,1,4375
2,17332,14700,0,0,4,4,4333,1238,3675,4913
2,17380,4,0,0,4,4,4345,4374,1,4375
2,17380,4,0,0,4,4,4345,12166,1,12167
2,17380,4,0,0,4,4,4345,64000,9,64009
2,17380,4,0,0,4,4,4345,71874,1,71875
2,17380,4,0,0,16,4,4345,8624,1,8625
2,17380,140,0,0,4,4,4345,14536,105,14641
2,17380,316,0,0,4,4,4345,10240,869,11109
2,17380,316,0,0,4,4,4345,12672,553,13225
2,17380,316,0,0,4,4,4345,39366,79,39445
2,17380,1372,0,0,4,4,4345,29282,343,29625
2,17380,1452,0,0,4,4,4345,14536,1089,15625
2,17380,2500,0,0,4,4,4345,2464,3125,5589
2,17380,2700,0,0,4,4,4345,5566,675,6241
2,17380,3780,0,0,4,4,4345,2944,6615,9559
2,17380,5324,0,0,4,4,4345,3430,1331,4761
2,17380,6636,0,0,4,4,4345,3872,8295,12167
2,17380,6636,0,0,4,4,4345,10648,4977,15625
2,17380,7500,0,0,4,4,4345,616,5625,6241
2,17380,7500,0,0,4,4,4345,9016,5625,14641
2,17380,8100,0,0,4,4,4345,8,6075,6083
2,17380,8748,0,0,4,4,4345,11638,2187,13825
2,17380,12500,0,0,4,4,4345,184,9375,9559
2,17380,15484,0,0,4,4,4345,128,27097,27225
2,17460,1940,0,0,8,4,4365,58564,485,59049
2,17460,2700,0,0,4,4,4365,8734,675,9409
2,17464,296,0,0,8,4,4366,8192,481,8673
2,17464,592,0,0,16,4,4366,8192,481,8673
2,17464,1184,0,0,32,4,4366,8192,481,8673
2,17472,8,0,0,8,4,4368,12160,7,12167
2,17472,16,0,0,16,4,4368,12160,7,12167
2,17472,24,0,0,8,4,4368,9016,9,9025
2,17472,728,0,0,8,4,4368,8192,1183,9375
2,17472,1456,0,0,16,4,4368,8192,1183,9375
2,17472,2912,0,0,32,4,4368,8192,1183,9375
2,17548,428,0,0,4,4,4387,5346,107,5453
2,17548,7524,0,0,4,4,4387,3362,1881,5243
2,17548,17548,0,0,32,4,4387,2816,4387,7203
2,17604,444,0,0,4,4,4401,4802,111,4913
2,17604,1956,0,0,4,4,4401,512,4401,4913
2,17612,4,0,0,16,4,4403,4624,1,4625
2,17680,8,0,0,8,4,4420,10240,11,10251
2,17680,16,0,0,16,4,4420,10240,11,10251
2,17680,32,0,0,32,4,4420,10240,11,10251
2,17700,2500,0,0,4,4,4425,13122,625,13747
2,17700,13924,0,0,4,4,4425,58250,3481,61731
2,17716,4,0,0,16,4,4429,9072,1,9073
2,17724,12,0,0,16,4,4431,15376,3,15379
2,17724,28,0,0,4,4,4431,6534,7,6541
2,17724,844,0,0,8,4,4431,37268,211,37479
2,17724,5908,0,0,4,4,4431,28314,1477,29791
2,17724,6076,0,0,4,4,4431,13122,1519,14641
2,17748,7452,0,0,4,4,4437,8,5589,5597
2,17772,4,0,0,32,4,4443,16128,1,16129
2,17812,4,0,0,16,4,4453,14640,1,14641
2,17812,244,0,0,8,4,4453,14580,61,14641
2,17884,1052,0,0,16,4,4471,5488,263,5751
2,17892,4,0,0,16,4,4473,5040,1,5041
2,17892,716,0,0,4,4,4473,16000,1253,17253
2,17892,6444,0,0,4,4,4473,3430,1611,5041
2,17920,8,0,0,8,4,4480,10368,7,10375
2,17920,16,0,0,16,4,4480,10368,7,10375
2,17932,6348,0,0,4,4,4483,35864,4761,40625
2,17932,17932,0,0,16,4,4483,80,4483,4563
2,17940,4,0,0,4,4,4485,14742,1,14743
2,17940,364,0,0,4,4,4485,8192,1183,9375
2,17940,364,0,0,4,4,4485,79488,637,80125
2,17940,676,0,0,4,4,4485,5128,507,5635
2,17940,2500,0,0,4,4,4485,10368,4375,14743
2,17940,4900,0,0,4,4,4485,2208,6125,8333
2,17940,7452,0,0,4,4,4485,2744,5589,8333
2,17940,8748,0,0,4,4,4485,9464,6561,16025
2,20075,25,0,0,10,5,4015,5324,5,5329
2,20075,625,0,0,5,5,4015,6144,1375,7519
2,20075,4225,0,0,5,5,4015,2336,4225,6561
2,20075,6655,0,0,5,5,4015,864,6655,7519
2,20075,9125,0,0,5,5,4015,352,9125,9477
2,20075,10935,0,0,5,5,4015,9064,6561,15625
2,20075,15625,0,0,5,5,4015,4394,3125,7519
2,20115,5,0,0,5,5,4023,4374,1,4375
2,20115,2645,0,0,5,5,4023,8046,529,8575
2,20115,3125,0,0,5,5,4023,33376,3125,36501
2,20175,1345,0,0,5,5,4035,6606,269,6875
2,20240,10,0,0,10,5,4048,64000,9,64009
2,20265,5,0,0,5,5,4053,4374,1,4375
2,20295,4805,0,0,5,5,4059,3362,961,4323
2,20325,5,0,0,5,5,4065,4374,1,4375
2,20325,5,0,0,5,5,4065,10368,7,10375
2,20325,5,0,0,5,5,4065,33614,1,33615
2,20325,1355,0,0,10,5,4065,5312,813,6125
2,20325,12005,0,0,5,5,4065,4374,2401,6775
2,20405,12005,0,0,5,5,4081,5618,2401,8019
2,20465,5,0,0,5,5,4093,4374,1,4375
2,20465,455,0,0,5,5,4093,8192,1183,9375
2,20475,5,0,0,5,5,4095,4374,1,4375
2,20475,5,0,0,10,5,4095,31212,1,31213
2,20475,5,0,0,20,5,4095,28560,1,28561
2,20475,35,0,0,10,5,4095,6500,7,6507
2,20475,65,0,0,10,5,4095,4900,13,4913
2,20475,425,0,0,5,5,4095,4374,85,4459
2,20475,455,0,0,5,5,4095,8192,1183,9375
2,20475,1715,0,0,5,5,4095,12050,343,12393
2,20475,2205,0,0,5,5,4095,6656,3969,10625
2,20475,2275,0,0,10,5,4095,17408,2275,19683
2,20475,3615,0,0,5,5,4095,2744,2169,4913
2,20475,3615,0,0,5,5,4095,4802,723,5525
2,20475,8435,0,0,5,5,4095,109850,1687,111537
2,20475,10845,0,0,5,5,4095,64000,19521,83521
2,20615,5,0,0,5,5,4123,4374,1,4375
2,20615,15,0,0,5,5,4123,4802,3,4805
2,20615,25,0,0,5,5,4123,184832,45,184877
2,20615,95,0,0,10,5,4123,4356,19,4375
2,20615,1085,0,0,20,5,4123,4400,217,4617
2,20615,1805,0,0,5,5,4123,13310,361,13671
2,20615,2945,0,0,5,5,4123,7986,589,8575
2,20615,3645,0,0,5,5,4123,10240,8019,18259
2,20615,4375,0,0,5,5,4123,1408,6125,7533
2,20615,5115,0,0,5,5,4123,25088,9207,34295
2,20615,6655,0,0,5,5,4123,6250,1331,7581
2,20615,7595,0,0,5,5,4123,13122,1519,14641
2,20615,9765,0,0,5,5,4123,1000,5859,6859
2,20615,10935,0,0,5,5,4123,3038,2187,5225
2,20615,11875,0,0,5,5,4123,32,11875,11907
2,20615,13475,0,0,5,5,4123,1922,2695,4617
2,20615,18225,0,0,5,5,4123,7546,3645,11191
2,20675,5,0,0,5,5,4135,4374,1,4375
2,20675,4925,0,0,5,5,4135,864,4925,5789
2,20815,115,0,0,40,5,4163,4352,23,4375
2,20825,5,0,0,5,5,4165,4374,1,4375
2,20825,5,0,0,10,5,4165,9260,1,9261
2,20825,5,0,0,10,5,4165,12500,1,12501
2,20865,5,0,0,20,5,4173,26000,1,26001
2,20865,4815,0,0,5,5,4173,1336,2889,4225
2,20865,4815,0,0,5,5,4173,25000,2889,27889
2,20865,14445,0,0,5,5,4173,2560,26001,28561
2,20895,1715,0,0,5,5,4179,10368,2401,12769
2,20915,20915,0,0,10,5,4183,15500,4183,19683
2,20925,2385,0,0,5,5,4185,512,4293,4805
2,20925,3645,0,0,5,5,4185,7688,2187,9875
2,20955,5,0,0,40,5,4191,16128,1,16129
2,21000,250,0,0,10,5,4200,6112,125,6237
2,21000,500,0,0,20,5,4200,6112,125,6237
2,21165,5,0,0,5,5,4233,4374,1,4375
2,21165,5,0,0,5,5,4233,10368,7,10375
2,21165,5,0,0,5,5,4233,33614,1,33615
2,21165,15,0,0,10,5,4233,41500,3,41503
2,21165,45,0,0,5,5,4233,4648,27,4675
2,21165,375,0,0,5,5,4233,6664,225,6889
2,21165,405,0,0,5,5,4233,9800,243,10043
2,21165,415,0,0,5,5,4233,85750,83,85833
2,21165,415,0,0,20,5,4233,19600,83,19683
2,21165,2125,0,0,5,5,4233,2048,4675,6723
2,21165,2695,0,0,5,5,4233,4374,539,4913
2,21165,3645,0,0,5,5,4233,11288,2187,13475
2,21165,4235,0,0,5,5,4233,53120,5929,59049
2,21165,4565,0,0,5,5,4233,106250,913,107163
2,21165,6885,0,0,5,5,4233,2744,4131,6875
2,21165,7055,0,0,5,5,4233,13230,1411,14641
2,21165,10935,0,0,5,5,4233,664,6561,7225
2,21165,15435,0,0,5,5,4233,1826,3087,4913
2,21165,15625,0,0,5,5,4233,5984,15625,21609
2,21175,11495,0,0,5,5,4235,51200,25289,76489
2,21185,95,0,0,20,5,4237,34992,19,35011
2,21225,405,0,0,5,5,4245,79360,729,80089
2,21245,245,0,0,5,5,4249,8192,637,8829
2,21275,5,0,0,5,5,4255,64000,9,64009
2,21275,5,0,0,5,5,4255,71874,1,71875
2,21275,5,0,0,10,5,4255,98900,1,98901
2,21275,115,0,0,5,5,4255,43808,115,43923
2,21275,555,0,0,5,5,4255,14792,333,15125
2,21275,2025,0,0,5,5,4255,10952,1215,12167
2,21275,2645,0,0,5,5,4255,10406,529,10935
2,21275,4455,0,0,5,5,4255,88064,9801,97865
2,21275,9315,0,0,5,5,4255,66550,1863,68413
2,21275,15625,0,0,5,5,4255,99846,3125,102971
2,21315,5,0,0,5,5,4263,4374,1,4375
2,21375,5,0,0,5,5,4275,4374,1,4375
2,21375,5,0,0,5,5,4275,6174,1,6175
2,21375,5,0,0,5,5,4275,6250,1,6251
2,21375,5,0,0,20,5,4275,5264,1,5265
2,21375,25,0,0,5,5,4275,7938,5,7943
2,21375,75,0,0,20,5,4275,28672,45,28717
2,21375,455,0,0,5,5,4275,4374,91,4465
2,21375,455,0,0,5,5,4275,8192,1183,9375
2,21375,475,0,0,10,5,4275,8788,95,8883
2,21375,1215,0,0,5,5,4275,54872,729,55601
2,21375,2025,0,0,5,5,4275,16562,405,16967
2,21375,3125,0,0,5,5,4275,1568,3125,4693
2,21375,3375,0,0,5,5,4275,8192,8775,16967
2,21375,3645,0,0,5,5,4275,24064,6561,30625
2,21375,6345,0,0,5,5,4275,13000,3807,16807
2,21375,10985,0,0,5,5,4275,4418,2197,6615
2,21375,11045,0,0,5,5,4275,2166,2209,4375
2,21375,11045,0,0,5,5,4275,2250,2209,4459
2,21375,11045,0,0,5,5,4275,3584,19881,23465
2,21375,11875,0,0,5,5,4275,32,11875,11907
2,21375,12005,0,0,5,5,4275,3200,16807,20007
2,21375,15625,0,0,5,5,4275,4256,15625,19881
2,21450,110,0,0,10,5,4290,10952,33,10985
2,21450,390,0,0,10,5,4290,6728,117,6845
2,21495,135,0,0,5,5,4299,24334,27,24361
2,21515,5,0,0,5,5,4303,4374,1,4375
2,21515,135,0,0,5,5,4303,8200,81,8281
2,21515,455,0,0,5,5,4303,8192,1183,9375
2,21515,1655,0,0,5,5,4303,4394,331,4725
2,21515,8405,0,0,5,5,4303,4394,1681,6075
2,21515,8505,0,0,5,5,4303,1664,11907,13571
2,21515,10045,0,0,5,5,4303,39366,2009,41375
2,21525,5,0,0,5,5,4305,4374,1,4375
2,21525,405,0,0,5,5,4305,42632,243,42875
2,21525,625,0,0,5,5,4305,4704,625,5329
2,21525,1025,0,0,40,5,4305,15104,205,15309
2,21525,1875,0,0,5,5,4305,20992,3375,24367
2,21525,3375,0,0,5,5,4305,3304,2025,5329
2,21525,4305,0,0,10,5,4305,1024,4305,5329
2,21615,55,0,0,5,5,4323,6550,11,6561
2,21665,5,0,0,5,5,4333,4374,1,4375
2,21665,18375,0,0,5,5,4333,1238,3675,4913
2,21725,5,0,0,5,5,4345,4374,1,4375
2,21725,5,0,0,5,5,4345,12166,1,12167
2,21725,5,0,0,5,5,4345,64000,9,64009
2,21725,5,0,0,5,5,4345,71874,1,71875
2,21725,5,0,0,20,5,4345,8624,1,8625
2,21725,175,0,0,5,5,4345,14536,105,14641
2,21725,395,0,0,5,5,4345,10240,869,11109
2,21725,395,0,0,5,5,4345,12672,553,13225
2,21725,395,0,0,5,5,4345,39366,79,39445
2,21725,1715,0,0,5,5,4345,29282,343,29625
2,21725,1815,0,0,5,5,4345,14536,1089,15625
2,21725,3125,0,0,5,5,4345,2464,3125,5589
2,21725,3375,0,0,5,5,4345,5566,675,6241
2,21725,4725,0,0,5,5,4345,2944,6615,9559
2,21725,6655,0,0,5,5,4345,3430,1331,4761
2,21725,8295,0,0,5,5,4345,3872,8295,12167
2,21725,8295,0,0,5,5,4345,10648,4977,15625
2,21725,9375,0,0,5,5,4345,616,5625,6241
2,21725,9375,0,0,5,5,4345,9016,5625,14641
2,21725,10125,0,0,5,5,4345,8,6075,6083
2,21725,10935,0,0,5,5,4345,11638,2187,13825
2,21725,15625,0,0,5,5,4345,184,9375,9559
2,21725,19355,0,0,5,5,4345,128,27097,27225
2,21825,2425,0,0,10,5,4365,58564,485,59049
2,21825,3375,0,0,5,5,4365,8734,675,9409
2,21830,370,0,0,10,5,4366,8192,481,8673
2,21830,740,0,0,20,5,4366,8192,481,8673
2,21830,1480,0,0,40,5,4366,8192,481,8673
2,21840,10,0,0,10,5,4368,12160,7,12167
2,21840,20,0,0,20,5,4368,12160,7,12167
2,21840,30,0,0,10,5,4368,9016,9,9025
2,21840,910,0,0,10,5,4368,8192,1183,9375
2,21840,1820,0,0,20,5,4368,8192,1183,9375
2,21840,3640,0,0,40,5,4368,8192,1183,9375
2,21935,535,0,0,5,5,4387,5346,107,5453
2,21935,9405,0,0,5,5,4387,3362,1881,5243
2,21935,21935,0,0,40,5,4387,2816,4387,7203
2,22005,555,0,0,5,5,4401,4802,111,4913
2,22005,2445,0,0,5,5,4401,512,4401,4913
2,22015,5,0,0,20,5,4403,4624,1,4625
2,22100,10,0,0,10,5,4420,10240,11,10251
2,22100,20,0,0,20,5,4420,10240,11,10251
2,22100,40,0,0,40,5,4420,10240,11,10251
2,22125,3125,0,0,5,5,4425,13122,625,13747
2,22125,17405,0,0,5,5,4425,58250,3481,61731
2,22145,5,0,0,20,5,4429,9072,1,9073
2,22155,15,0,0,20,5,4431,15376,3,15379
2,22155,35,0,0,5,5,4431,6534,7,6541
2,22155,1055,0,0,10,5,4431,37268,211,37479
2,22155,7385,0,0,5,5,4431,28314,1477,29791
2,22155,7595,0,0,5,5,4431,13122,1519,14641
2,22185,9315,0,0,5,5,4437,8,5589,5597
2,22215,5,0,0,40,5,4443,16128,1,16129
2,22265,5,0,0,20,5,4453,14640,1,14641
2,22265,305,0,0,10,5,4453,14580,61,14641
2,22355,1315,0,0,20,5,4471,5488,263,5751
2,22365,5,0,0,20,5,4473,5040,1,5041
2,22365,895,0,0,5,5,4473,16000,1253,17253
2,22365,8055,0,0,5,5,4473,3430,1611,5041
2,22400,10,0,0,10,5,4480,10368,7,10375
2,22400,20,0,0,20,5,4480,10368,7,10375
2,22415,7935,0,0,5,5,4483,35864,4761,40625
2,22415,22415,0,0,20,5,4483,80,4483,4563
2,22425,5,0,0,5,5,4485,14742,1,14743
2,22425,455,0,0,5,5,4485,8192,1183,9375
2,22425,455,0,0,5,5,4485,79488,637,80125
2,22425,845,0,0,5,5,4485,5128,507,5635
2,22425,3125,0,0,5,5,4485,10368,4375,14743
2,22425,6125,0,0,5,5,4485,2208,6125,8333
2,22425,9315,0,0,5,5,4485,2744,5589,8333
2,22425,10935,0,0,5,5,4485,9464,6561,16025
2,24090,30,0,0,12,6,4015,5324,5,5329
2,24090,750,0,0,6,6,4015,6144,1375,7519
2,24090,5070,0,0,6,6,4015,2336,4225,6561
2,24090,7986,0,0,6,6,4015,864,6655,7519
2,24090,10950,0,0,6,6,4015,352,9125,9477
2,24090,13122,0,0,6,6,4015,9064,6561,15625
2,24090,18750,0,0,6,6,4015,4394,3125,7519
2,24138,6,0,0,6,6,4023,4374,1,4375
2,24138,3174,0,0,6,6,4023,8046,529,8575
2,24138,3750,0,0,6,6,4023,33376,3125,36501
2,24210,1614,0,0,6,6,4035,6606,269,6875
2,24288,12,0,0,12,6,4048,64000,9,64009
2,24318,6,0,0,6,6,4053,4374,1,4375
2,24354,5766,0,0,6,6,4059,3362,961,4323
2,24390,6,0,0,6,6,4065,4374,1,4375
2,24390,6,0,0,6,6,4065,10368,7,10375
2,24390,6,0,0,6,6,4065,33614,1,33615
2,24390,1626,0,0,12,6,4065,5312,813,6125
2,24390,14406,0,0,6,6,4065,4374,2401,6775
2,24486,14406,0,0,6,6,4081,5618,2401,8019
2,24558,6,0,0,6,6,4093,4374,1,4375
2,24558,546,0,0,6,6,4093,8192,1183,9375
2,24570,6,0,0,6,6,4095,4374,1,4375
2,24570,6,0,0,12,6,4095,31212,1,31213
2,24570,6,0,0,24,6,4095,28560,1,28561
2,24570,42,0,0,12,6,4095,6500,7,6507
2,24570,78,0,0,12,6,4095,4900,13,4913
2,24570,510,0,0,6,6,4095,4374,85,4459
2,24570,546,0,0,6,6,4095,8192,1183,9375
2,24570,2058,0,0,6,6,4095,12050,343,12393
2,24570,2646,0,0,6,6,4095,6656,3969,10625
2,24570,2730,0,0,12,6,4095,17408,2275,19683
2,24570,4338,0,0,6,6,4095,2744,2169,4913
2,24570,4338,0,0,6,6,4095,4802,723,5525
2,24570,10122,0,0,6,6,4095,109850,1687,111537
2,24570,13014,0,0,6,6,4095,64000,19521,83521
2,24738,6,0,0,6,6,4123,4374,1,4375
2,24738,18,0,0,6,6,4123,4802,3,4805
2,24738,30,0,0,6,6,4123,184832,45,184877
2,24738,114,0,0,12,6,4123,4356,19,4375
2,24738,1302,0,0,24,6,4123,4400,217,4617
2,24738,2166,0,0,6,6,4123,13310,361,13671
2,24738,3534,0,0,6,6,4123,7986,589,8575
2,24738,4374,0,0,6,6,4123,10240,8019,18259
2,24738,5250,0,0,6,6,4123,1408,6125,7533
2,24738,6138,0,0,6,6,4123,25088,9207,34295
2,24738,7986,0,0,6,6,4123,6250,1331,7581
2,24738,9114,0,0,6,6,4123,13122,1519,14641
2,24738,11718,0,0,6,6,4123,1000,5859,6859
2,24738,13122,0,0,6,6,4123,3038,2187,5225
2,24738,14250,0,0,6,6,4123,32,11875,11907
2,24738,16170,0,0,6,6,4123,1922,2695,4617
2,24738,21870,0,0,6,6,4123,7546,3645,11191
2,24810,6,0,0,6,6,4135,4374,1,4375
2,24810,5910,0,0,6,6,4135,864,4925,5789
2,24978,138,0,0,48,6,4163,4352,23,4375
2,24990,6,0,0,6,6,4165,4374,1,4375
2,24990,6,0,0,12,6,4165,9260,1,9261
2,24990,6,0,0,12,6,4165,12500,1,12501
2,25038,6,0,0,24,6,4173,26000,1,26001
2,25038,5778,0,0,6,6,4173,1336,2889,4225
2,25038,5778,0,0,6,6,4173,25000,2889,27889
2,25038,17334,0,0,6,6,4173,2560,26001,28561
2,25074,2058,0,0,6,6,4179,10368,2401,12769
2,25098,25098,0,0,12,6,4183,15500,4183,19683
2,25110,2862,0,0,6,6,4185,512,4293,4805
2,25110,4374,0,0,6,6,4185,7688,2187,9875
2,25146,6,0,0,48,6,4191,16128,1,16129
2,25200,300,0,0,12,6,4200,6112,125,6237
2,25200,600,0,0,24,6,4200,6112,125,6237
2,25398,6,0,0,6,6,4233,4374,1,4375
2,25398,6,0,0,6,6,4233,10368,7,10375
2,25398,6,0,0,6,6,4233,33614,1,33615
2,25398,18,0,0,12,6,4233,41500,3,41503
2,25398,54,0,0,6,6,4233,4648,27,4675
2,25398,450,0,0,6,6,4233,6664,225,6889
2,25398,486,0,0,6,6,4233,9800,243,10043
2,25398,498,0,0,6,6,4233,85750,83,85833
2,25398,498,0,0,24,6,4233,19600,83,19683
2,25398,2550,0,0,6,6,4233,2048,4675,6723
2,25398,3234,0,0,6,6,4233,4374,539,4913
2,25398,4374,0,0,6,6,4233,11288,2187,13475
2,25398,5082,0,0,6,6,4233,53120,5929,59049
2,25398,5478,0,0,6,6,4233,106250,913,107163
2,25398,8262,0,0,6,6,4233,2744,4131,6875
2,25398,8466,0,0,6,6,4233,13230,1411,14641
2,25398,13122,0,0,6,6,4233,664,6561,7225
2,25398,18522,0,0,6,6,4233,1826,3087,4913
2,25398,18750,0,0,6,6,4233,5984,15625,21609
2,25410,13794,0,0,6,6,4235,51200,25289,76489
2,25422,114,0,0,24,6,4237,34992,19,35011
2,25470,486,0,0,6,6,4245,79360,729,80089
2,25494,294,0,0,6,6,4249,8192,637,8829
2,25530,6,0,0,6,6,4255,64000,9,64009
2,25530,6,0,0,6,6,4255,71874,1,71875
2,25530,6,0,0,12,6,4255,98900,1,98901
2,25530,138,0,0,6,6,4255,43808,115,43923
2,25530,666,0,0,6,6,4255,14792,333,15125
2,25530,2430,0,0,6,6,4255,10952,1215,12167
2,25530,3174,0,0,6,6,4255,10406,529,10935
2,25530,5346,0,0,6,6,4255,88064,9801,97865
2,25530,11178,0,0,6,6,4255,66550,1863,68413
2,25530,18750,0,0,6,6,4255,99846,3125,102971
2,25578,6,0,0,6,6,4263,4374,1,4375
2,25650,6,0,0,6,6,4275,4374,1,4375
2,25650,6,0,0,6,6,4275,6174,1,6175
2,25650,6,0,0,6,6,4275,6250,1,6251
2,25650,6,0,0,24,6,4275,5264,1,5265
2,25650,30,0,0,6,6,4275,7938,5,7943
2,25650,90,0,0,24,6,4275,28672,45,28717
2,25650,546,0,0,6,6,4275,4374,91,4465
2,25650,546,0,0,6,6,4275,8192,1183,9375
2,25650,570,0,0,12,6,4275,8788,95,8883
2,25650,1458,0,0,6,6,4275,54872,729,55601
2,25650,2430,0,0,6,6,4275,16562,405,16967
2,25650,3750,0,0,6,6,4275,1568,3125,4693
2,25650,4050,0,0,6,6,4275,8192,8775,16967
2,25650,4374,0,0,6,6,4275,24064,6561,30625
2,25650,7614,0,0,6,6,4275,13000,3807,16807
2,25650,13182,0,0,6,6,4275,4418,2197,6615
2,25650,13254,0,0,6,6,4275,2166,2209,4375
2,25650,13254,0,0,6,6,4275,2250,2209,4459
2,25650,13254,0,0,6,6,4275,3584,19881,23465
2,25650,14250,0,0,6,6,4275,32,11875,11907
2,25650,14406,0,0,6,6,4275,3200,16807,20007
2,25650,18750,0,0,6,6,4275,4256,15625,19881
2,25740,132,0,0,12,6,4290,10952,33,10985
2,25740,468,0,0,12,6,4290,6728,117,6845
2,25794,162,0,0,6,6,4299,24334,27,24361
2,25818,6,0,0,6,6,4303,4374,1,4375
2,25818,162,0,0,6,6,4303,8200,81,8281
2,25818,546,0,0,6,6,4303,8192,1183,9375
2,25818,1986,0,0,6,6,4303,4394,331,4725
2,25818,10086,0,0,6,6,4303,4394,1681,6075
2,25818,10206,0,0,6,6,4303,1664,11907,13571
2,25818,12054,0,0,6,6,4303,39366,2009,41375
2,25830,6,0,0,6,6,4305,4374,1,4375
2,25830,486,0,0,6,6,4305,42632,243,42875
2,25830,750,0,0,6,6,4305,4704,625,5329
2,25830,1230,0,0,48,6,4305,15104,205,15309
2,25830,2250,0,0,6,6,4305,20992,3375,24367
2,25830,4050,0,0,6,6,4305,3304,2025,5329
2,25830,5166,0,0,12,6,4305,1024,4305,5329
2,25938,66,0,0,6,6,4323,6550,11,6561
2,25998,6,0,0,6,6,4333,4374,1,4375
2,25998,22050,0,0,6,6,4333,1238,3675,4913
2,26070,6,0,0,6,6,4345,4374,1,4375
2,26070,6,0,0,6,6,4345,12166,1,12167
2,26070,6,0,0,6,6,4345,64000,9,64009
2,26070,6,0,0,6,6,4345,71874,1,71875
2,26070,6,0,0,24,6,4345,8624,1,8625
2,26070,210,0,0,6,6,4345,14536,105,14641
2,26070,474,0,0,6,6,4345,10240,869,11109
2,26070,474,0,0,6,6,4345,12672,553,13225
2,26070,474,0,0,6,6,4345,39366,79,39445
2,26070,2058,0,0,6,6,4345,29282,343,29625
2,26070,2178,0,0,6,6,4345,14536,1089,15625
2,26070,3750,0,0,6,6,4345,2464,3125,5589
2,26070,4050,0,0,6,6,4345,5566,675,6241
2,26070,5670,0,0,6,6,4345,2944,6615,9559
2,26070,7986,0,0,6,6,4345,3430,1331,4761
2,26070,9954,0,0,6,6,4345,3872,8295,12167
2,26070,9954,0,0,6,6,4345,10648,4977,15625
2,26070,11250,0,0,6,6,4345,616,5625,6241
2,26070,11250,0,0,6,6,4345,9016,5625,14641
2,26070,12150,0,0,6,6,4345,8,6075,6083
2,26070,13122,0,0,6,6,4345,11638,2187,13825
2,26070,18750,0,0,6,6,4345,184,9375,9559
2,26070,23226,0,0,6,6,4345,128,27097,27225
2,26190,2910,0,0,12,6,4365,58564,485,59049
2,26190,4050,0,0,6,6,4365,8734,675,9409
2,26196,444,0,0,12,6,4366,8192,481,8673
2,26196,888,0,0,24,6,4366,8192,481,8673
2,26196,1776,0,0,48,6,4366,8192,481,8673
2,26208,12,0,0,12,6,4368,12160,7,12167
2,26208,24,0,0,24,6,4368,12160,7,12167
2,26208,36,0,0,12,6,4368,9016,9,9025
2,26208,1092,0,0,12,6,4368,8192,1183,9375
2,26208,2184,0,0,24,6,4368,8192,1183,9375
2,26208,4368,0,0,48,6,4368,8192,1183,9375
2,26322,642,0,0,6,6,4387,5346,107,5453
2,26322,11286,0,0,6,6,4387,3362,1881,5243
2,26322,26322,0,0,48,6,4387,2816,4387,7203
2,26406,666,0,0,6,6,4401,4802,111,4913
2,26406,2934,0,0,6,6,4401,512,4401,4913
2,26418,6,0,0,24,6,4403,4624,1,4625
2,26520,12,0,0,12,6,4420,10240,11,10251
2,26520,24,0,0,24,6,4420,10240,11,10251
2,26520,48,0,0,48,6,4420,10240,11,10251
2,26550,3750,0,0,6,6,4425,13122,625,13747
2,26550,20886,0,0,6,6,4425,58250,3481,61731
2,26574,6,0,0,24,6,4429,9072,1,9073
2,26586,18,0,0,24,6,4431,15376,3,15379
2,26586,42,0,0,6,6,4431,6534,7,6541
2,26586,1266,0,0,12,6,4431,37268,211,37479
2,26586,8862,0,0,6,6,4431,28314,1477,29791
2,26586,9114,0,0,6,6,4431,13122,1519,14641
2,26622,11178,0,0,6,6,4437,8,5589,5597
2,26658,6,0,0,48,6,4443,16128,1,16129
2,26718,6,0,0,24,6,4453,14640,1,14641
2,26718,366,0,0,12,6,4453,14580,61,14641
2,26826,1578,0,0,24,6,4471,5488,263,5751
2,26838,6,0,0,24,6,4473,5040,1,5041
2,26838,1074,0,0,6,6,4473,16000,1253,17253
2,26838,9666,0,0,6,6,4473,3430,1611,5041
2,26880,12,0,0,12,6,4480,10368,7,10375
2,26880,24,0,0,24,6,4480,10368,7,10375
2,26898,9522,0,0,6,6,4483,35864,4761,40625
2,26898,26898,0,0,24,6,4483,80,4483,4563
2,26910,6,0,0,6,6,4485,14742,1,14743
2,26910,546,0,0,6,6,4485,8192,1183,9375
2,26910,546,0,0,6,6,4485,79488,637,80125
2,26910,1014,0,0,6,6,4485,5128,507,5635
2,26910,3750,0,0,6,6,4485,10368,4375,14743
2,26910,7350,0,0,6,6,4485,2208,6125,8333
2,26910,11178,0,0,6,6,4485,2744,5589,8333
2,26910,13122,0,0,6,6,4485,9464,6561,16025
2,28105,35,0,0,14,7,4015,5324,5,5329
2,28105,875,0,0,7,7,4015,6144,1375,7519
2,28105,5915,0,0,7,7,4015,2336,4225,6561
2,28105,9317,0,0,7,7,4015,864,6655,7519
2,28105,12775,0,0,7,7,4015,352,9125,9477
2,28105,15309,0,0,7,7,4015,9064,6561,15625
2,28105,21875,0,0,7,7,4015,4394,3125,7519
2,28161,7,0,0,7,7,4023,4374,1,4375
2,28161,3703,0,0,7,7,4023,8046,529,8575
2,28161,4375,0,0,7,7,4023,33376,3125,36501
2,28245,1883,0,0,7,7,4035,6606,269,6875
2,28336,14,0,0,14,7,4048,64000,9,64009
2,28371,7,0,0,7,7,4053,4374,1,4375
2,28413,6727,0,0,7,7,4059,3362,961,4323
2,28455,7,0,0,7,7,4065,4374,1,4375
2,28455,7,0,0,7,7,4065,10368,7,10375
2,28455,7,0,0,7,7,4065,33614,1,33615
2,28455,1897,0,0,14,7,4065,5312,813,6125
2,28455,16807,0,0,7,7,4065,4374,2401,6775
2,28567,16807,0,0,7,7,4081,5618,2401,8019
2,28651,7,0,0,7,7,4093,4374,1,4375
2,28651,637,0,0,7,7,4093,8192,1183,9375
2,28665,7,0,0,7,7,4095,4374,1,4375
2,28665,7,0,0,14,7,4095,31212,1,31213
2,28665,7,0,0,28,7,4095,28560,1,28561
2,28665,49,0,0,14,7,4095,6500,7,6507
2,28665,91,0,0,14,7,4095,4900,13,4913
2,28665,595,0,0,7,7,4095,4374,85,4459
2,28665,637,0,0,7,7,4095,8192,1183,9375
2,28665,2401,0,0,7,7,4095,12050,343,12393
2,28665,3087,0,0,7,7,4095,6656,3969,10625
2,28665,3185,0,0,14,7,4095,17408,2275,19683
2,28665,5061,0,0,7,7,4095,2744,2169,4913
2,28665,5061,0,0,7,7,4095,4802,723,5525
2,28665,11809,0,0,7,7,4095,109850,1687,111537
2,28665,15183,0,0,7,7,4095,64000,19521,83521
2,28861,7,0,0,7,7,4123,4374,1,4375
2,28861,21,0,0,7,7,4123,4802,3,4805
2,28861,35,0,0,7,7,4123,184832,45,184877
2,28861,133,0,0,14,7,4123,4356,19,4375
2,28861,1519,0,0,28,7,4123,4400,217,4617
2,28861,2527,0,0,7,7,4123,13310,361,13671
2,28861,4123,0,0,7,7,4123,7986,589,8575
2,28861,5103,0,0,7,7,4123,10240,8019,18259
2,28861,6125,0,0,7,7,4123,1408,6125,7533
2,28861,7161,0,0,7,7,4123,25088,9207,34295
2,28861,9317,0,0,7,7,4123,6250,1331,7581
2,28861,10633,0,0,7,7,4123,13122,1519,14641
2,28861,13671,0,0,7,7,4123,1000,5859,6859
2,28861,15309,0,0,7,7,4123,3038,2187,5225
2,28861,16625,0,0,7,7,4123,32,11875,11907
2,28861,18865,0,0,7,7,4123,1922,2695,4617
2,28861,25515,0,0,7,7,4123,7546,3645,11191
2,28945,7,0,0,7,7,4135,4374,1,4375
2,28945,6895,0,0,7,7,4135,864,4925,5789
2,29141,161,0,0,56,7,4163,4352,23,4375
2,29155,7,0,0,7,7,4165,4374,1,4375
2,29155,7,0,0,14,7,4165,9260,1,9261
2,29155,7,0,0,14,7,4165,12500,1,12501
2,29211,7,0,0,28,7,4173,26000,1,26001
2,29211,6741,0,0,7,7,4173,1336,2889,4225
2,29211,6741,0,0,7,7,4173,25000,2889,27889
2,29211,20223,0,0,7,7,4173,2560,26001,28561
2,29253,2401,0,0,7,7,4179,10368,2401,12769
2,29281,29281,0,0,14,7,4183,15500,4183,19683
2,29295,3339,0,0,7,7,4185,512,4293,4805
2,29295,5103,0,0,7,7,4185,7688,2187,9875
2,29337,7,0,0,56,7,4191,16128,1,16129
2,29400,350,0,0,14,7,4200,6112,125,6237
2,29400,700,0,0,28,7,4200,6112,125,6237
2,29631,7,0,0,7,7,4233,4374,1,4375
2,29631,7,0,0,7,7,4233,10368,7,10375
2,29631,7,0,0,7,7,4233,33614,1,33615
2,29631,21,0,0,14,7,4233,41500,3,41503
2,29631,63,0,0,7,7,4233,4648,27,4675
2,29631,525,0,0,7,7,4233,6664,225,6889
2,29631,567,0,0,7,7,4233,9800,243,10043
2,29631,581,0,0,7,7,4233,85750,83,85833
2,29631,581,0,0,28,7,4233,19600,83,19683
2,29631,2975,0,0,7,7,4233,2048,4675,6723
2,29631,3773,0,0,7,7,4233,4374,539,4913
2,29631,5103,0,0,7,7,4233,11288,2187,13475
2,29631,5929,0,0,7,7,4233,53120,5929,59049
2,29631,6391,0,0,7,7,4233,106250,913,107163
2,29631,9639,0,0,7,7,4233,2744,4131,6875
2,29631,9877,0,0,7,7,4233,13230,1411,14641
2,29631,15309,0,0,7,7,4233,664,6561,7225
2,29631,21609,0,0,7,7,4233,1826,3087,4913
2,29631,21875,0,0,7,7,4233,5984,15625,21609
2,29645,16093,0,0,7,7,4235,51200,25289,76489
2,29659,133,0,0,28,7,4237,34992,19,35011
2,29715,567,0,0,7,7,4245,79360,729,80089
2,29743,343,0,0,7,7,4249,8192,637,8829
2,29785,7,0,0,7,7,4255,64000,9,64009
2,29785,7,0,0,7,7,4255,71874,1,71875
2,29785,7,0,0,14,7,4255,98900,1,98901
2,29785,161,0,0,7,7,4255,43808,115,43923
2,29785,777,0,0,7,7,4255,14792,333,15125
2,29785,2835,0,0,7,7,4255,10952,1215,12167
2,29785,3703,0,0,7,7,4255,10406,529,10935
2,29785,6237,0,0,7,7,4255,88064,9801,97865
2,29785,13041,0,0,7,7,4255,66550,1863,68413
2,29785,21875,0,0,7,7,4255,99846,3125,102971
2,29841,7,0,0,7,7,4263,4374,1,4375
2,29925,7,0,0,7,7,4275,4374,1,4375
2,29925,7,0,0,7,7,4275,6174,1,6175
2,29925,7,0,0,7,7,4275,6250,1,6251
2,29925,7,0,0,28,7,4275,5264,1,5265
2,29925,35,0,0,7,7,4275,7938,5,7943
2,29925,105,0,0,28,7,4275,28672,45,28717
2,29925,637,0,0,7,7,4275,4374,91,4465
2,29925,637,0,0,7,7,4275,8192,1183,9375
2,29925,665,0,0,14,7,4275,8788,95,8883
2,29925,1701,0,0,7,7,4275,54872,729,55601
2,29925,2835,0,0,7,7,4275,16562,405,16967
2,29925,4375,0,0,7,7,4275,1568,3125,4693
2,29925,4725,0,0,7,7,4275,8192,8775,16967
2,29925,5103,0,0,7,7,4275,24064,6561,30625
2,29925,8883,0,0,7,7,4275,13000,3807,16807
2,29925,15379,0,0,7,7,4275,4418,2197,6615
2,29925,15463,0,0,7,7,4275,2166,2209,4375
2,29925,15463,0,0,7,7,4275,2250,2209,4459
2,29925,15463,0,0,7,7,4275,3584,19881,23465
2,29925,16625,0,0,7,7,4275,32,11875,11907
2,29925,16807,0,0,7,7,4275,3200,16807,20007
2,29925,21875,0,0,7,7,4275,4256,15625,19881
2,30030,154,0,0,14,7,4290,10952,33,10985
2,30030,546,0,0,14,7,4290,6728,117,6845
2,30093,189,0,0,7,7,4299,24334,27,24361
2,30121,7,0,0,7,7,4303,4374,1,4375
2,30121,189,0,0,7,7,4303,8200,81,8281
2,30121,637,0,0,7,7,4303,8192,1183,9375
2,30121,2317,0,0,7,7,4303,4394,331,4725
2,30121,11767,0,0,7,7,4303,4394,1681,6075
2,30121,11907,0,0,7,7,4303,1664,11907,13571
2,30121,14063,0,0,7,7,4303,39366,2009,41375
2,30135,7,0,0,7,7,4305,4374,1,4375
2,30135,567,0,0,7,7,4305,42632,243,42875
2,30135,875,0,0,7,7,4305,4704,625,5329
2,30135,1435,0,0,56,7,4305,15104,205,15309
2,30135,2625,0,0,7,7,4305,20992,3375,24367
2,30135,4725,0,0,7,7,4305,3304,2025,5329
2,30135,6027,0,0,14,7,4305,1024,4305,5329
2,30261,77,0,0,7,7,4323,6550,11,6561
2,30331,7,0,0,7,7,4333,4374,1,4375
2,30331,25725,0,0,7,7,4333,1238,3675,4913
2,30415,7,0,0,7,7,4345,4374,1,4375
2,30415,7,0,0,7,7,4345,12166,1,12167
2,30415,7,0,0,7,7,4345,64000,9,64009
2,30415,7,0,0,7,7,4345,71874,1,71875
2,30415,7,0,0,28,7,4345,8624,1,8625
2,30415,245,0,0,7,7,4345,14536,105,14641
2,30415,553,0,0,7,7,4345,10240,869,11109
2,30415,553,0,0,7,7,4345,12672,553,13225
2,30415,553,0,0,7,7,4345,39366,79,39445
2,30415,2401,0,0,7,7,4345,29282,343,29625
2,30415,2541,0,0,7,7,4345,14536,1089,15625
2,30415,4375,0,0,7,7,4345,2464,3125,5589
2,30415,4725,0,0,7,7,4345,5566,675,6241
2,30415,6615,0,0,7,7,4345,2944,6615,9559
2,30415,9317,0,0,7,7,4345,3430,1331,4761
2,30415,11613,0,0,7,7,4345,3872,8295,12167
2,30415,11613,0,0,7,7,4345,10648,4977,15625
2,30415,13125,0,0,7,7,4345,616,5625,6241
2,30415,13125,0,0,7,7,4345,9016,5625,14641
2,30415,14175,0,0,7,7,4345,8,6075,6083
2,30415,15309,0,0,7,7,4345,11638,2187,13825
2,30415,21875,0,0,7,7,4345,184,9375,9559
2,30415,27097,0,0,7,7,4345,128,27097,27225
2,30555,3395,0,0,14,7,4365,58564,485,59049
2,30555,4725,0,0,7,7,4365,8734,675,9409
2,30562,518,0,0,14,7,4366,8192,481,8673
2,30562,1036,0,0,28,7,4366,8192,481,8673
2,30562,2072,0,0,56,7,4366,8192,481,8673
2,30576,14,0,0,14,7,4368,12160,7,12167
2,30576,28,0,0,28,7,4368,12160,7,12167
2,30576,42,0,0,14,7,4368,9016,9,9025
2,30576,1274,0,0,14,7,4368,8192,1183,9375
2,30576,2548,0,0,28,7,4368,8192,1183,9375
2,30576,5096,0,0,56,7,4368,8192,1183,9375
2,30709,749,0,0,7,7,4387,5346,107,5453
2,30709,13167,0,0,7,7,4387,3362,1881,5243
2,30709,30709,0,0,56,7,4387,2816,4387,7203
2,30807,777,0,0,7,7,4401,4802,111,4913
2,30807,3423,0,0,7,7,4401,512,4401,4913
2,30821,7,0,0,28,7,4403,4624,1,4625
2,30940,14,0,0,14,7,4420,10240,11,10251
2,30940,28,0,0,28,7,4420,10240,11,10251
2,30940,56,0,0,56,7,4420,10240,11,10251
2,30975,4375,0,0,7,7,4425,13122,625,13747
2,30975,24367,0,0,7,7,4425,58250,3481,61731
2,31003,7,0,0,28,7,4429,9072,1,9073
2,31017,21,0,0,28,7,4431,15376,3,15379
2,31017,49,0,0,7,7,4431,6534,7,6541
2,31017,1477,0,0,14,7,4431,37268,211,37479
2,31017,10339,0,0,7,7,4431,28314,1477,29791
2,31017,10633,0,0,7,7,4431,13122,1519,14641
2,31059,13041,0,0,7,7,4437,8,5589,5597
2,31101,7,0,0,56,7,4443,16128,1,16129
2,31171,7,0,0,28,7,4453,14640,1,14641
2,31171,427,0,0,14,7,4453,14580,61,14641
2,31297,1841,0,0,28,7,4471,5488,263,5751
2,31311,7,0,0,28,7,4473,5040,1,5041
2,31311,1253,0,0,7,7,4473,16000,1253,17253
2,31311,11277,0,0,7,7,4473,3430,1611,5041
2,31360,14,0,0,14,7,4480,10368,7,10375
2,31360,28,0,0,28,7,4480,10368,7,10375
2,31381,11109,0,0,7,7,4483,35864,4761,40625
2,31381,31381,0,0,28,7,4483,80,4483,4563
2,31395,7,0,0,7,7,4485,14742,1,14743
2,31395,637,0,0,7,7,4485,8192,1183,9375
2,31395,637,0,0,7,7,4485,79488,637,80125
2,31395,1183,0,0,7,7,4485,5128,507,5635
2,31395,4375,0,0,7,7,4485,10368,4375,14743
2,31395,8575,0,0,7,7,4485,2208,6125,8333
2,31395,13041,0,0,7,7,4485,2744,5589,8333
2,31395,15309,0,0,7,7,4485,9464,6561,16025
2,32120,40,0,0,16,8,4015,5324,5,5329
2,32120,1000,0,0,8,8,4015,6144,1375,7519
2,32120,6760,0,0,8,8,4015,2336,4225,6561
2,32120,10648,0,0,8,8,4015,864,6655,7519
2,32120,14600,0,0,8,8,4015,352,9125,9477
2,32120,17496,0,0,8,8,4015,9064,6561,15625
2,32120,25000,0,0,8,8,4015,4394,3125,7519
2,32184,8,0,0,8,8,4023,4374,1,4375
2,32184,4232,0,0,8,8,4023,8046,529,8575
2,32184,5000,0,0,8,8,4023,33376,3125,36501
2,32280,2152,0,0,8,8,4035,6606,269,6875
2,32384,16,0,0,16,8,4048,64000,9,64009
2,32424,8,0,0,8,8,4053,4374,1,4375
2,32472,7688,0,0,8,8,4059,3362,961,4323
2,32520,8,0,0,8,8,4065,4374,1,4375
2,32520,8,0,0,8,8,4065,10368,7,10375
2,32520,8,0,0,8,8,4065,33614,1,33615
2,32520,2168,0,0,16,8,4065,5312,813,6125
2,32520,19208,0,0,8,8,4065,4374,2401,6775
2,32648,19208,0,0,8,8,4081,5618,2401,8019
2,32744,8,0,0,8,8,4093,4374,1,4375
2,32744,728,0,0,8,8,4093,8192,1183,9375
2,32760,8,0,0,8,8,4095,4374,1,4375
2,32760,8,0,0,16,8,4095,31212,1,31213
2,32760,8,0,0,32,8,4095,28560,1,28561
2,32760,56,0,0,16,8,4095,6500,7,6507
2,32760,104,0,0,16,8,4095,4900,13,4913
2,32760,680,0,0,8,8,4095,4374,85,4459
2,32760,728,0,0,8,8,4095,8192,1183,9375
2,32760,2744,0,0,8,8,4095,12050,343,12393
2,32760,3528,0,0,8,8,4095,6656,3969,10625
2,32760,3640,0,0,16,8,4095,17408,2275,19683
2,32760,5784,0,0,8,8,4095,2744,2169,4913
2,32760,5784,0,0,8,8,4095,4802,723,5525
2,32760,13496,0,0,8,8,4095,109850,1687,111537
2,32760,17352,0,0,8,8,4095,64000,19521,83521
2,32984,8,0,0,8,8,4123,4374,1,4375
2,32984,24,0,0,8,8,4123,4802,3,4805
2,32984,40,0,0,8,8,4123,184832,45,184877
2,32984,152,0,0,16,8,4123,4356,19,4375
2,32984,1736,0,0,32,8,4123,4400,217,4617
2,32984,2888,0,0,8,8,4123,13310,361,13671
2,32984,4712,0,0,8,8,4123,7986,589,8575
2,32984,5832,0,0,8,8,4123,10240,8019,18259
2,32984,7000,0,0,8,8,4123,1408,6125,7533
2,32984,8184,0,0,8,8,4123,25088,9207,34295
2,32984,10648,0,0,8,8,4123,6250,1331,7581
2,32984,12152,0,0,8,8,4123,13122,1519,14641
2,32984,15624,0,0,8,8,4123,1000,5859,6859
2,32984,17496,0,0,8,8,4123,3038,2187,5225
2,32984,19000,0,0,8,8,4123,32,11875,11907
2,32984,21560,0,0,8,8,4123,1922,2695,4617
2,32984,29160,0,0,8,8,4123,7546,3645,11191
2,33080,8,0,0,8,8,4135,4374,1,4375
2,33080,7880,0,0,8,8,4135,864,4925,5789
2,33304,184,0,0,64,8,4163,4352,23,4375
2,33320,8,0,0,8,8,4165,4374,1,4375
2,33320,8,0,0,16,8,4165,9260,1,9261
2,33320,8,0,0,16,8,4165,12500,1,12501
2,33384,8,0,0,32,8,4173,26000,1,26001
2,33384,7704,0,0,8,8,4173,1336,2889,4225
2,33384,7704,0,0,8,8,4173,25000,2889,27889
2,33384,23112,0,0,8,8,4173,2560,26001,28561
2,33432,2744,0,0,8,8,4179,10368,2401,12769
2,33464,33464,0,0,16,8,4183,15500,4183,19683
2,33480,3816,0,0,8,8,4185,512,4293,4805
2,33480,5832,0,0,8,8,4185,7688,2187,9875
2,33528,8,0,0,64,8,4191,16128,1,16129
2,33600,400,0,0,16,8,4200,6112,125,6237
2,33600,800,0,0,32,8,4200,6112,125,6237
2,33864,8,0,0,8,8,4233,4374,1,4375
2,33864,8,0,0,8,8,4233,10368,7,10375
2,33864,8,0,0,8,8,4233,33614,1,33615
2,33864,24,0,0,16,8,4233,41500,3,41503
2,33864,72,0,0,8,8,4233,4648,27,4675
2,33864,600,0,0,8,8,4233,6664,225,6889
2,33864,648,0,0,8,8,4233,9800,243,10043
2,33864,664,0,0,8,8,4233,85750,83,85833
2,33864,664,0,0,32,8,4233,19600,83,19683
2,33864,3400,0,0,8,8,4233,2048,4675,6723
2,33864,4312,0,0,8,8,4233,4374,539,4913
2,33864,5832,0,0,8,8,4233,11288,2187,13475
2,33864,6776,0,0,8,8,4233,53120,5929,59049
2,33864,7304,0,0,8,8,4233,106250,913,107163
2,33864,11016,0,0,8,8,4233,2744,4131,6875
2,33864,11288,0,0,8,8,4233,13230,1411,14641
2,33864,17496,0,0,8,8,4233,664,6561,7225
2,33864,24696,0,0,8,8,4233,1826,3087,4913
2,33864,25000,0,0,8,8,4233,5984,15625,21609
2,33880,18392,0,0,8,8,4235,51200,25289,76489
2,33896,152,0,0,32,8,4237,34992,19,35011
2,33960,648,0,0,8,8,4245,79360,729,80089
2,33992,392,0,0,8,8,4249,8192,637,8829
2,34040,8,0,0,8,8,4255,64000,9,64009
2,34040,8,0,0,8,8,4255,71874,1,71875
2,34040,8,0,0,16,8,4255,98900,1,98901
2,34040,184,0,0,8,8,4255,43808,115,43923
2,34040,888,0,0,8,8,4255,14792,333,15125
2,34040,3240,0,0,8,8,4255,10952,1215,12167
2,34040,4232,0,0,8,8,4255,10406,529,10935
2,34040,7128,0,0,8,8,4255,88064,9801,97865
2,34040,14904,0,0,8,8,4255,66550,1863,68413
2,34040,25000,0,0,8,8,4255,99846,3125,102971
2,34104,8,0,0,8,8,4263,4374,1,4375
2,34200,8,0,0,8,8,4275,4374,1,4375
2,34200,8,0,0,8,8,4275,6174,1,6175
2,34200,8,0,0,8,8,4275,6250,1,6251
2,34200,8,0,0,32,8,4275,5264,1,5265
2,34200,40,0,0,8,8,4275,7938,5,7943
2,34200,120,0,0,32,8,4275,28672,45,28717
2,34200,728,0,0,8,8,4275,4374,91,4465
2,34200,728,0,0,8,8,4275,8192,1183,9375
2,34200,760,0,0,16,8,4275,8788,95,8883
2,34200,1944,0,0,8,8,4275,54872,729,55601
2,34200,3240,0,0,8,8,4275,16562,405,16967
2,34200,5000,0,0,8,8,4275,1568,3125,4693
2,34200,5400,0,0,8,8,4275,8192,8775,16967
2,34200,5832,0,0,8,8,4275,24064,6561,30625
2,34200,10152,0,0,8,8,4275,13000,3807,16807
2,34200,17576,0,0,8,8,4275,4418,2197,6615
2,34200,17672,0,0,8,8,4275,2166,2209,4375
2,34200,17672,0,0,8,8,4275,2250,2209,4459
2,34200,17672,0,0,8,8,4275,3584,19881,23465
2,34200,19000,0,0,8,8,4275,32,11875,11907
2,34200,19208,0,0,8,8,4275,3200,16807,20007
2,34200,25000,0,0,8,8,4275,4256,15625,19881
2,34320,176,0,0,16,8,4290,10952,33,10985
2,34320,624,0,0,16,8,4290,6728,117,6845
2,34392,216,0,0,8,8,4299,24334,27,24361
2,34424,8,0,0,8,8,4303,4374,1,4375
2,34424,216,0,0,8,8,4303,8200,81,8281
2,34424,728,0,0,8,8,4303,8192,1183,9375
2,34424,2648,0,0,8,8,4303,4394,331,4725
2,34424,13448,0,0,8,8,4303,4394,1681,6075
2,34424,13608,0,0,8,8,4303,1664,11907,13571
2,34424,16072,0,0,8,8,4303,39366,2009,41375
2,34440,8,0,0,8,8,4305,4374,1,4375
2,34440,648,0,0,8,8,4305,42632,243,42875
2,34440,1000,0,0,8,8,4305,4704,625,5329
2,34440,1640,0,0,64,8,4305,15104,205,15309
2,34440,3000,0,0,8,8,4305,20992,3375,24367
2,34440,5400,0,0,8,8,4305,3304,2025,5329
2,34440,6888,0,0,16,8,4305,1024,4305,5329
2,34584,88,0,0,8,8,4323,6550,11,6561
2,34664,8,0,0,8,8,4333,4374,1,4375
2,34664,29400,0,0,8,8,4333,1238,3675,4913
2,34760,8,0,0,8,8,4345,4374,1,4375
2,34760,8,0,0,8,8,4345,12166,1,12167
2,34760,8,0,0,8,8,4345,64000,9,64009
2,34760,8,0,0,8,8,4345,71874,1,71875
2,34760,8,0,0,32,8,4345,8624,1,8625
2,34760,280,0,0,8,8,4345,14536,105,14641
2,34760,632,0,0,8,8,4345,10240,869,11109
2,34760,632,0,0,8,8,4345,12672,553,13225
2,34760,632,0,0,8,8,4345,39366,79,39445
2,34760,2744,0,0,8,8,4345,29282,343,29625
2,34760,2904,0,0,8,8,4345,14536,1089,15625
2,34760,5000,0,0,8,8,4345,2464,3125,5589
2,34760,5400,0,0,8,8,4345,5566,675,6241
2,34760,7560,0,0,8,8,4345,2944,6615,9559
2,34760,10648,0,0,8,8,4345,3430,1331,4761
2,34760,13272,0,0,8,8,4345,3872,8295,12167
2,34760,13272,0,0,8,8,4345,10648,4977,15625
2,34760,15000,0,0,8,8,4345,616,5625,6241
2,34760,15000,0,0,8,8,4345,9016,5625,14641
2,34760,16200,0,0,8,8,4345,8,6075,6083
2,34760,17496,0,0,8,8,4345,11638,2187,13825
2,34760,25000,0,0,8,8,4345,184,9375,9559
2,34760,30968,0,0,8,8,4345,128,27097,27225
2,34920,3880,0,0,16,8,4365,58564,485,59049
2,34920,5400,0,0,8,8,4365,8734,675,9409
2,34928,592,0,0,16,8,4366,8192,481,8673
2,34928,1184,0,0,32,8,4366,8192,481,8673
2,34928,2368,0,0,64,8,4366,8192,481,8673
2,34944,16,0,0,16,8,4368,12160,7,12167
2,34944,32,0,0,32,8,4368,12160,7,12167
2,34944,48,0,0,16,8,4368,9016,9,9025
2,34944,1456,0,0,16,8,4368,8192,1183,9375
2,34944,2912,0,0,32,8,4368,8192,1183,9375
2,34944,5824,0,0,64,8,4368,8192,1183,9375
2,35096,856,0,0,8,8,4387,5346,107,5453
2,35096,15048,0,0,8,8,4387,3362,1881,5243
2,35096,35096,0,0,64,8,4387,2816,4387,7203
2,35208,888,0,0,8,8,4401,4802,111,4913
2,35208,3912,0,0,8,8,4401,512,4401,4913
2,35224,8,0,0,32,8,4403,4624,1,4625
2,35360,16,0,0,16,8,4420,10240,11,10251
2,35360,32,0,0,32,8,4420,10240,11,10251
2,35360,64,0,0,64,8,4420,10240,11,10251
2,35400,5000,0,0,8,8,4425,13122,625,13747
2,35400,27848,0,0,8,8,4425,58250,3481,61731
2,35432,8,0,0,32,8,4429,9072,1,9073
2,35448,24,0,0,32,8,4431,15376,3,15379
2,35448,56,0,0,8,8,4431,6534,7,6541
2,35448,1688,0,0,16,8,4431,37268,211,37479
2,35448,11816,0,0,8,8,4431,28314,1477,29791
2,35448,12152,0,0,8,8,4431,13122,1519,14641
2,35496,14904,0,0,8,8,4437,8,5589,5597
2,35544,8,0,0,64,8,4443,16128,1,16129
2,35624,8,0,0,32,8,4453,14640,1,14641
2,35624,488,0,0,16,8,4453,14580,61,14641
2,35768,2104,0,0,32,8,4471,5488,263,5751
2,35784,8,0,0,32,8,4473,5040,1,5041
2,35784,1432,0,0,8,8,4473,16000,1253,17253
2,35784,12888,0,0,8,8,4473,3430,1611,5041
2,35840,16,0,0,16,8,4480,10368,7,10375
2,35840,32,0,0,32,8,4480,10368,7,10375
2,35864,12696,0,0,8,8,4483,35864,4761,40625
2,35864,35864,0,0,32,8,4483,80,4483,4563
2,35880,8,0,0,8,8,4485,14742,1,14743
2,35880,728,0,0,8,8,4485,8192,1183,9375
2,35880,728,0,0,8,8,4485,79488,637,80125
2,35880,1352,0,0,8,8,4485,5128,507,5635
2,35880,5000,0,0,8,8,4485,10368,4375,14743
2,35880,9800,0,0,8,8,4485,2208,6125,8333
2,35880,14904,0,0,8,8,4485,2744,5589,8333
2,35880,17496,0,0,8,8,4485,9464,6561,16025
2,36135,45,0,0,18,9,4015,5324,5,5329
2,36135,1125,0,0,9,9,4015,6144,1375,7519
2,36135,7605,0,0,9,9,4015,2336,4225,6561
2,36135,11979,0,0,9,9,4015,864,6655,7519
2,36135,16425,0,0,9,9,4015,352,9125,9477
2,36135,19683,0,0,9,9,4015,9064,6561,15625
2,36135,28125,0,0,9,9,4015,4394,3125,7519
2,36207,9,0,0,9,9,4023,4374,1,4375
2,36207,4761,0,0,9,9,4023,8046,529,8575
2,36207,5625,0,0,9,9,4023,33376,3125,36501
2,36315,2421,0,0,9,9,4035,6606,269,6875
2,36432,18,0,0,18,9,4048,64000,9,64009
2,36477,9,0,0,9,9,4053,4374,1,4375
2,36531,8649,0,0,9,9,4059,3362,961,4323
2,36585,9,0,0,9,9,4065,4374,1,4375
2,36585,9,0,0,9,9,4065,10368,7,10375
2,36585,9,0,0,9,9,4065,33614,1,33615
2,36585,2439,0,0,18,9,4065,5312,813,6125
2,36585,21609,0,0,9,9,4065,4374,2401,6775
2,36729,21609,0,0,9,9,4081,5618,2401,8019
2,36837,9,0,0,9,9,4093,4374,1,4375
2,36837,819,0,0,9,9,4093,8192,1183,9375
2,36855,9,0,0,9,9,4095,4374,1,4375
2,36855,9,0,0,18,9,4095,31212,1,31213
2,36855,9,0,0,36,9,4095,28560,1,28561
2,36855,63,0,0,18,9,4095,6500,7,6507
2,36855,117,0,0,18,9,4095,4900,13,4913
2,36855,765,0,0,9,9,4095,4374,85,4459
2,36855,819,0,0,9,9,4095,8192,1183,9375
2,36855,3087,0,0,9,9,4095,12050,343,12393
2,36855,3969,0,0,9,9,4095,6656,3969,10625
2,36855,4095,0,0,18,9,4095,17408,2275,19683
2,36855,6507,0,0,9,9,4095,2744,2169,4913
2,36855,6507,0,0,9,9,4095,4802,723,5525
2,36855,15183,0,0,9,9,4095,109850,1687,111537
2,36855,19521,0,0,9,9,4095,64000,19521,83521
2,37107,9,0,0,9,9,4123,4374,1,4375
2,37107,27,0,0,9,9,4123,4802,3,4805
2,37107,45,0,0,9,9,4123,184832,45,184877
2,37107,171,0,0,18,9,4123,4356,19,4375
2,37107,1953,0,0,36,9,4123,4400,217,4617
2,37107,3249,0,0,9,9,4123,13310,361,13671
2,37107,5301,0,0,9,9,4123,7986,589,8575
2,37107,6561,0,0,9,9,4123,10240,8019,18259
2,37107,7875,0,0,9,9,4123,1408,6125,7533
2,37107,9207,0,0,9,9,4123,25088,9207,34295
2,37107,11979,0,0,9,9,4123,6250,1331,7581
2,37107,13671,0,0,9,9,4123,13122,1519,14641
2,37107,17577,0,0,9,9,4123,1000,5859,6859
2,37107,19683,0,0,9,9,4123,3038,2187,5225
2,37107,21375,0,0,9,9,4123,32,11875,11907
2,37107,24255,0,0,9,9,4123,1922,2695,4617
2,37107,32805,0,0,9,9,4123,7546,3645,11191
2,37215,9,0,0,9,9,4135,4374,1,4375
2,37215,8865,0,0,9,9,4135,864,4925,5789
2,37467,207,0,0,72,9,4163,4352,23,4375
2,37485,9,0,0,9,9,4165,4374,1,4375
2,37485,9,0,0,18,9,4165,9260,1,9261
2,37485,9,0,0,18,9,4165,12500,1,12501
2,37557,9,0,0,36,9,4173,26000,1,26001
2,37557,8667,0,0,9,9,4173,1336,2889,4225
2,37557,8667,0,0,9,9,4173,25000,2889,27889
2,37557,26001,0,0,9,9,4173,2560,26001,28561
2,37611,3087,0,0,9,9,4179,10368,2401,12769
2,37647,37647,0,0,18,9,4183,15500,4183,19683
2,37665,4293,0,0,9,9,4185,512,4293,4805
2,37665,6561,0,0,9,9,4185,7688,2187,9875
2,37719,9,0,0,72,9,4191,16128,1,16129
2,37800,450,0,0,18,9,4200,6112,125,6237
2,37800,900,0,0,36,9,4200,6112,125,6237
2,38097,9,0,0,9,9,4233,4374,1,4375
2,38097,9,0,0,9,9,4233,10368,7,10375
2,38097,9,0,0,9,9,4233,33614,1,33615
2,38097,27,0,0,18,9,4233,41500,3,41503
2,38097,81,0,0,9,9,4233,4648,27,4675
2,38097,675,0,0,9,9,4233,6664,225,6889
2,38097,729,0,0,9,9,4233,9800,243,10043
2,38097,747,0,0,9,9,4233,85750,83,85833
2,38097,747,0,0,36,9,4233,19600,83,19683
2,38097,3825,0,0,9,9,4233,2048,4675,6723
2,38097,4851,0,0,9,9,4233,4374,539,4913
2,38097,6561,0,0,9,9,4233,11288,2187,13475
2,38097,7623,0,0,9,9,4233,53120,5929,59049
2,38097,8217,0,0,9,9,4233,106250,913,107163
2,38097,12393,0,0,9,9,4233,2744,4131,6875
2,38097,12699,0,0,9,9,4233,13230,1411,14641
2,38097,19683,0,0,9,9,4233,664,6561,7225
2,38097,27783,0,0,9,9,4233,1826,3087,4913
2,38097,28125,0,0,9,9,4233,5984,15625,21609
2,38115,20691,0,0,9,9,4235,51200,25289,76489
2,38133,171,0,0,36,9,4237,34992,19,35011
2,38205,729,0,0,9,9,4245,79360,729,80089
2,38241,441,0,0,9,9,4249,8192,637,8829
2,38295,9,0,0,9,9,4255,64000,9,64009
2,38295,9,0,0,9,9,4255,71874,1,71875
2,38295,9,0,0,18,9,4255,98900,1,98901
2,38295,207,0,0,9,9,4255,43808,115,43923
2,38295,999,0,0,9,9,4255,14792,333,15125
2,38295,3645,0,0,9,9,4255,10952,1215,12167
2,38295,4761,0,0,9,9,4255,10406,529,10935
2,38295,8019,0,0,9,9,4255,88064,9801,97865
2,38295,16767,0,0,9,9,4255,66550,1863,68413
2,38295,28125,0,0,9,9,4255,99846,3125,102971
2,38367,9,0,0,9,9,4263,4374,1,4375
2,38475,9,0,0,9,9,4275,4374,1,4375
2,38475,9,0,0,9,9,4275,6174,1,6175
2,38475,9,0,0,9,9,4275,6250,1,6251
2,38475,9,0,0,36,9,4275,5264,1,5265
2,38475,45,0,0,9,9,4275,7938,5,7943
2,38475,135,0,0,36,9,4275,28672,45,28717
2,38475,819,0,0,9,9,4275,4374,91,4465
2,38475,819,0,0,9,9,4275,8192,1183,9375
2,38475,855,0,0,18,9,4275,8788,95,8883
2,38475,2187,0,0,9,9,4275,54872,729,55601
2,38475,3645,0,0,9,9,4275,16562,405,16967
2,38475,5625,0,0,9,9,4275,1568,3125,4693
2,38475,6075,0,0,9,9,4275,8192,8775,16967
2,38475,6561,0,0,9,9,4275,24064,6561,30625
2,38475,11421,0,0,9,9,4275,13000,3807,16807
2,38475,19773,0,0,9,9,4275,4418,2197,6615
2,38475,19881,0,0,9,9,4275,2166,2209,4375
2,38475,19881,0,0,9,9,4275,2250,2209,4459
2,38475,19881,0,0,9,9,4275,3584,19881,23465
2,38475,21375,0,0,9,9,4275,32,11875,11907
2,38475,21609,0,0,9,9,4275,3200,16807,20007
2,38475,28125,0,0,9,9,4275,4256,15625,19881
2,38610,198,0,0,18,9,4290,10952,33,10985
2,38610,702,0,0,18,9,4290,6728,117,6845
2,38691,243,0,0,9,9,4299,24334,27,24361
2,38727,9,0,0,9,9,4303,4374,1,4375
2,38727,243,0,0,9,9,4303,8200,81,8281
2,38727,819,0,0,9,9,4303,8192,1183,9375
2,38727,2979,0,0,9,9,4303,4394,331,4725
2,38727,15129,0,0,9,9,4303,4394,1681,6075
2,38727,15309,0,0,9,9,4303,1664,11907,13571
2,38727,18081,0,0,9,9,4303,39366,2009,41375
2,38745,9,0,0,9,9,4305,4374,1,4375
2,38745,729,0,0,9,9,4305,42632,243,42875
2,38745,1125,0,0,9,9,4305,4704,625,5329
2,38745,1845,0,0,72,9,4305,15104,205,15309
2,38745,3375,0,0,9,9,4305,20992,3375,24367
2,38745,6075,0,0,9,9,4305,3304,2025,5329
2,38745,7749,0,0,18,9,4305,1024,4305,5329
2,38907,99,0,0,9,9,4323,6550,11,6561
2,38997,9,0,0,9,9,4333,4374,1,4375
2,38997,33075,0,0,9,9,4333,1238,3675,4913
2,39105,9,0,0,9,9,4345,4374,1,4375
2,39105,9,0,0,9,9,4345,12166,1,12167
2,39105,9,0,0,9,9,4345,64000,9,64009
2,39105,9,0,0,9,9,4345,71874,1,71875
2,39105,9,0,0,36,9,4345,8624,1,8625
2,39105,315,0,0,9,9,4345,14536,105,14641
2,39105,711,0,0,9,9,4345,10240,869,11109
2,39105,711,0,0,9,9,4345,12672,553,13225
2,39105,711,0,0,9,9,4345,39366,79,39445
2,39105,3087,0,0,9,9,4345,29282,343,29625
2,39105,3267,0,0,9,9,4345,14536,1089,15625
2,39105,5625,0,0,9,9,4345,2464,3125,5589
2,39105,6075,0,0,9,9,4345,5566,675,6241
2,39105,8505,0,0,9,9,4345,2944,6615,9559
2,39105,11979,0,0,9,9,4345,3430,1331,4761
2,39105,14931,0,0,9,9,4345,3872,8295,12167
2,39105,14931,0,0,9,9,4345,10648,4977,15625
2,39105,16875,0,0,9,9,4345,616,5625,6241
2,39105,16875,0,0,9,9,4345,9016,5625,14641
2,39105,18225,0,0,9,9,4345,8,6075,6083
2,39105,19683,0,0,9,9,4345,11638,2187,13825
2,39105,28125,0,0,9,9,4345,184,9375,9559
2,39105,34839,0,0,9,9,4345,128,27097,27225
2,39285,4365,0,0,18,9,4365,58564,485,59049
2,39285,6075,0,0,9,9,4365,8734,675,9409
2,39294,666,0,0,18,9,4366,8192,481,8673
2,39294,1332,0,0,36,9,4366,8192,481,8673
2,39294,2664,0,0,72,9,4366,8192,481,8673
2,39312,18,0,0,18,9,4368,12160,7,12167
2,39312,36,0,0,36,9,4368,12160,7,12167
2,39312,54,0,0,18,9,4368,9016,9,9025
2,39312,1638,0,0,18,9,4368,8192,1183,9375
2,39312,3276,0,0,36,9,4368,8192,1183,9375
2,39312,6552,0,0,72,9,4368,8192,1183,9375
2,39483,963,0,0,9,9,4387,5346,107,5453
2,39483,16929,0,0,9,9,4387,3362,1881,5243
2,39483,39483,0,0,72,9,4387,2816,4387,7203
2,39609,999,0,0,9,9,4401,4802,111,4913
2,39609,4401,0,0,9,9,4401,512,4401,4913
2,39627,9,0,0,36,9,4403,4624,1,4625
2,39780,18,0,0,18,9,4420,10240,11,10251
2,39780,36,0,0,36,9,4420,10240,11,10251
2,39780,72,0,0,72,9,4420,10240,11,10251
2,39825,5625,0,0,9,9,4425,13122,625,13747
2,39825,31329,0,0,9,9,4425,58250,3481,61731
2,39861,9,0,0,36,9,4429,9072,1,9073
2,39879,27,0,0,36,9,4431,15376,3,15379
2,39879,63,0,0,9,9,4431,6534,7,6541
2,39879,1899,0,0,18,9,4431,37268,211,37479
2,39879,13293,0,0,9,9,4431,28314,1477,29791
2,39879,13671,0,0,9,9,4431,13122,1519,14641
2,39933,16767,0,0,9,9,4437,8,5589,5597
2,39987,9,0,0,72,9,4443,16128,1,16129
2,40077,9,0,0,36,9,4453,14640,1,14641
2,40077,549,0,0,18,9,4453,14580,61,14641
2,40150,50,0,0,20,10,4015,5324,5,5329
2,40150,1250,0,0,10,10,4015,6144,1375,7519
2,40150,8450,0,0,10,10,4015,2336,4225,6561
2,40150,13310,0,0,10,10,4015,864,6655,7519
2,40150,18250,0,0,10,10,4015,352,9125,9477
2,40150,21870,0,0,10,10,4015,9064,6561,15625
2,40150,31250,0,0,10,10,4015,4394,3125,7519
2,40230,10,0,0,10,10,4023,4374,1,4375
2,40230,5290,0,0,10,10,4023,8046,529,8575
2,40230,6250,0,0,10,10,4023,33376,3125,36501
2,40239,2367,0,0,36,9,4471,5488,263,5751
2,40257,9,0,0,36,9,4473,5040,1,5041
2,40257,1611,0,0,9,9,4473,16000,1253,17253
2,40257,14499,0,0,9,9,4473,3430,1611,5041
2,40320,18,0,0,18,9,4480,10368,7,10375
2,40320,36,0,0,36,9,4480,10368,7,10375
2,40347,14283,0,0,9,9,4483,35864,4761,40625
2,40347,40347,0,0,36,9,4483,80,4483,4563
2,40350,2690,0,0,10,10,4035,6606,269,6875
2,40365,9,0,0,9,9,4485,14742,1,14743
2,40365,819,0,0,9,9,4485,8192,1183,9375
2,40365,819,0,0,9,9,4485,79488,637,80125
2,40365,1521,0,0,9,9,4485,5128,507,5635
2,40365,5625,0,0,9,9,4485,10368,4375,14743
2,40365,11025,0,0,9,9,4485,2208,6125,8333
2,40365,16767,0,0,9,9,4485,2744,5589,8333
2,40365,19683,0,0,9,9,4485,9464,6561,16025
2,40480,20,0,0,20,10,4048,64000,9,64009
2,40530,10,0,0,10,10,4053,4374,1,4375
2,40590,9610,0,0,10,10,4059,3362,961,4323
2,40650,10,0,0,10,10,4065,4374,1,4375
2,40650,10,0,0,10,10,4065,10368,7,10375
2,40650,10,0,0,10,10,4065,33614,1,33615
2,40650,2710,0,0,20,10,4065,5312,813,6125
2,40650,24010,0,0,10,10,4065,4374,2401,6775
2,40810,24010,0,0,10,10,4081,5618,2401,8019
2,40930,10,0,0,10,10,4093,4374,1,4375
2,40930,910,0,0,10,10,4093,8192,1183,9375
2,40950,10,0,0,10,10,4095,4374,1,4375
2,40950,10,0,0,20,10,4095,31212,1,31213
2,40950,10,0,0,40,10,4095,28560,1,28561
2,40950,70,0,0,20,10,4095,6500,7,6507
2,40950,130,0,0,20,10,4095,4900,13,4913
2,40950,850,0,0,10,10,4095,4374,85,4459
2,40950,910,0,0,10,10,4095,8192,1183,9375
2,40950,3430,0,0,10,10,4095,12050,343,12393
2,40950,4410,0,0,10,10,4095,6656,3969,10625
2,40950,4550,0,0,20,10,4095,17408,2275,19683
2,40950,7230,0,0,10,10,4095,2744,2169,4913
2,40950,7230,0,0,10,10,4095,4802,723,5525
2,40950,16870,0,0,10,10,4095,109850,1687,111537
2,40950,21690,0,0,10,10,4095,64000,19521,83521
2,41230,10,0,0,10,10,4123,4374,1,4375
2,41230,30,0,0,10,10,4123,4802,3,4805
2,41230,50,0,0,10,10,4123,184832,45,184877
2,41230,190,0,0,20,10,4123,4356,19,4375
2,41230,2170,0,0,40,10,4123,4400,217,4617
2,41230,3610,0,0,10,10,4123,13310,361,13671
2,41230,5890,0,0,10,10,4123,7986,589,8575
2,41230,7290,0,0,10,10,4123,10240,8019,18259
2,41230,8750,0,0,10,10,4123,1408,6125,7533
2,41230,10230,0,0,10,10,4123,25088,9207,34295
2,41230,13310,0,0,10,10,4123,6250,1331,7581
2,41230,15190,0,0,10,10,4123,13122,1519,14641
2,41230,19530,0,0,10,10,4123,1000,5859,6859
2,41230,21870,0,0,10,10,4123,3038,2187,5225
2,41230,23750,0,0,10,10,4123,32,11875,11907
2,41230,26950,0,0,10,10,4123,1922,2695,4617
2,41230,36450,0,0,10,10,4123,7546,3645,11191
2,41350,10,0,0,10,10,4135,4374,1,4375
2,41350,9850,0,0,10,10,4135,864,4925,5789
2,41630,230,0,0,80,10,4163,4352,23,4375
2,41650,10,0,0,10,10,4165,4374,1,4375
2,41650,10,0,0,20,10,4165,9260,1,9261
2,41650,10,0,0,20,10,4165,12500,1,12501
2,41730,10,0,0,40,10,4173,26000,1,26001
2,41730,9630,0,0,10,10,4173,1336,2889,4225
2,41730,9630,0,0,10,10,4173,25000,2889,27889
2,41730,28890,0,0,10,10,4173,2560,26001,28561
2,41790,3430,0,0,10,10,4179,10368,2401,12769
2,41830,41830,0,0,20,10,4183,15500,4183,19683
2,41850,4770,0,0,10,10,4185,512,4293,4805
2,41850,7290,0,0,10,10,4185,7688,2187,9875
2,41910,10,0,0,80,10,4191,16128,1,16129
2,42000,500,0,0,20,10,4200,6112,125,6237
2,42000,1000,0,0,40,10,4200,6112,125,6237
2,42330,10,0,0,10,10,4233,4374,1,4375
2,42330,10,0,0,10,10,4233,10368,7,10375
2,42330,10,0,0,10,10,4233,33614,1,33615
2,42330,30,0,0,20,10,4233,41500,3,41503
2,42330,90,0,0,10,10,4233,4648,27,4675
2,42330,750,0,0,10,10,4233,6664,225,6889
2,42330,810,0,0,10,10,4233,9800,243,10043
2,42330,830,0,0,10,10,4233,85750,83,85833
2,42330,830,0,0,40,10,4233,19600,83,19683
2,42330,4250,0,0,10,10,4233,2048,4675,6723
2,42330,5390,0,0,10,10,4233,4374,539,4913
2,42330,7290,0,0,10,10,4233,11288,2187,13475
2,42330,8470,0,0,10,10,4233,53120,5929,59049
2,42330,9130,0,0,10,10,4233,106250,913,107163
2,42330,13770,0,0,10,10,4233,2744,4131,6875
2,42330,14110,0,0,10,10,4233,13230,1411,14641
2,42330,21870,0,0,10,10,4233,664,6561,7225
2,42330,30870,0,0,10,10,4233,1826,3087,4913
2,42330,31250,0,0,10,10,4233,5984,15625,21609
2,42350,22990,0,0,10,10,4235,51200,25289,76489
2,42370,190,0,0,40,10,4237,34992,19,35011
2,42450,810,0,0,10,10,4245,79360,729,80089
2,42490,490,0,0,10,10,4249,8192,637,8829
2,42550,10,0,0,10,10,4255,64000,9,64009
2,42550,10,0,0,10,10,4255,71874,1,71875
2,42550,10,0,0,20,10,4255,98900,1,98901
2,42550,230,0,0,10,10,4255,43808,115,43923
2,42550,1110,0,0,10,10,4255,14792,333,15125
2,42550,4050,0,0,10,10,4255,10952,1215,12167
2,42550,5290,0,0,10,10,4255,10406,529,10935
2,42550,8910,0,0,10,10,4255,88064,9801,97865
2,42550,18630,0,0,10,10,4255,66550,1863,68413
2,42550,31250,0,0,10,10,4255,99846,3125,102971
2,42630,10,0,0,10,10,4263,4374,1,4375
2,42750,10,0,0,10,10,4275,4374,1,4375
2,42750,10,0,0,10,10,4275,6174,1,6175
2,42750,10,0,0,10,10,4275,6250,1,6251
2,42750,10,0,0,40,10,4275,5264,1,5265
2,42750,50,0,0,10,10,4275,7938,5,7943
2,42750,150,0,0,40,10,4275,28672,45,28717
2,42750,910,0,0,10,10,4275,4374,91,4465
2,42750,910,0,0,10,10,4275,8192,1183,9375
2,42750,950,0,0,20,10,4275,8788,95,8883
2,42750,2430,0,0,10,10,4275,54872,729,55601
2,42750,4050,0,0,10,10,4275,16562,405,16967
2,42750,6250,0,0,10,10,4275,1568,3125,4693
2,42750,6750,0,0,10,10,4275,8192,8775,16967
2,42750,7290,0,0,10,10,4275,24064,6561,30625
2,42750,12690,0,0,10,10,4275,13000,3807,16807
2,42750,21970,0,0,10,10,4275,4418,2197,6615
2,42750,22090,0,0,10,10,4275,2166,2209,4375
2,42750,22090,0,0,10,10,4275,2250,2209,4459
2,42750,22090,0,0,10,10,4275,3584,19881,23465
2,42750,23750,0,0,10,10,4275,32,11875,11907
2,42750,24010,0,0,10,10,4275,3200,16807,20007
2,42750,31250,0,0,10,10,4275,4256,15625,19881
2,42900,220,0,0,20,10,4290,10952,33,10985
2,42900,780,0,0,20,10,4290,6728,117,6845
2,42990,270,0,0,10,10,4299,24334,27,24361
2,43030,10,0,0,10,10,4303,4374,1,4375
2,43030,270,0,0,10,10,4303,8200,81,8281
2,43030,910,0,0,10,10,4303,8192,1183,9375
2,43030,3310,0,0,10,10,4303,4394,331,4725
2,43030,16810,0,0,10,10,4303,4394,1681,6075
2,43030,17010,0,0,10,10,4303,1664,11907,13571
2,43030,20090,0,0,10,10,4303,39366,2009,41375
2,43050,10,0,0,10,10,4305,4374,1,4375
2,43050,810,0,0,10,10,4305,42632,243,42875
2,43050,1250,0,0,10,10,4305,4704,625,5329
2,43050,2050,0,0,80,10,4305,15104,205,15309
2,43050,3750,0,0,10,10,4305,20992,3375,24367
2,43050,6750,0,0,10,10,4305,3304,2025,5329
2,43050,8610,0,0,20,10,4305,1024,4305,5329
2,43230,110,0,0,10,10,4323,6550,11,6561
2,43330,10,0,0,10,10,4333,4374,1,4375
2,43330,36750,0,0,10,10,4333,1238,3675,4913
2,43450,10,0,0,10,10,4345,4374,1,4375
2,43450,10,0,0,10,10,4345,12166,1,12167
2,43450,10,0,0,10,10,4345,64000,9,64009
2,43450,10,0,0,10,10,4345,71874,1,71875
2,43450,10,0,0,40,10,4345,8624,1,8625
2,43450,350,0,0,10,10,4345,14536,105,14641
2,43450,790,0,0,10,10,4345,10240,869,11109
2,43450,790,0,0,10,10,4345,12672,553,13225
2,43450,790,0,0,10,10,4345,39366,79,39445
2,43450,3430,0,0,10,10,4345,29282,343,29625
2,43450,3630,0,0,10,10,4345,14536,1089,15625
2,43450,6250,0,0,10,10,4345,2464,3125,5589
2,43450,6750,0,0,10,10,4345,5566,675,6241
2,43450,9450,0,0,10,10,4345,2944,6615,9559
2,43450,13310,0,0,10,10,4345,3430,1331,4761
2,43450,16590,0,0,10,10,4345,3872,8295,12167
2,43450,16590,0,0,10,10,4345,10648,4977,15625
2,43450,18750,0,0,10,10,4345,616,5625,6241
2,43450,18750,0,0,10,10,4345,9016,5625,14641
2,43450,20250,0,0,10,10,4345,8,6075,6083
2,43450,21870,0,0,10,10,4345,11638,2187,13825
2,43450,31250,0,0,10,10,4345,184,9375,9559
2,43450,38710,0,0,10,10,4345,128,27097,27225
2,43650,4850,0,0,20,10,4365,58564,485,59049
2,43650,6750,0,0,10,10,4365,8734,675,9409
2,43660,740,0,0,20,10,4366,8192,481,8673
2,43660,1480,0,0,40,10,4366,8192,481,8673
2,43660,2960,0,0,80,10,4366,8192,481,8673
2,43680,20,0,0,20,10,4368,12160,7,12167
2,43680,40,0,0,40,10,4368,12160,7,12167
2,43680,60,0,0,20,10,4368,9016,9,9025
2,43680,1820,0,0,20,10,4368,8192,1183,9375
2,43680,3640,0,0,40,10,4368,8192,1183,9375
2,43680,7280,0,0,80,10,4368,8192,1183,9375
2,43870,1070,0,0,10,10,4387,5346,107,5453
2,43870,18810,0,0,10,10,4387,3362,1881,5243
2,43870,43870,0,0,80,10,4387,2816,4387,7203
2,44010,1110,0,0,10,10,4401,4802,111,4913
2,44010,4890,0,0,10,10,4401,512,4401,4913
2,44030,10,0,0,40,10,4403,4624,1,4625
2,44165,55,0,0,22,11,4015,5324,5,5329
2,44165,1375,0,0,11,11,4015,6144,1375,7519
2,44165,9295,0,0,11,11,4015,2336,4225,6561
2,44165,14641,0,0,11,11,4015,864,6655,7519
2,44165,20075,0,0,11,11,4015,352,9125,9477
2,44165,24057,0,0,11,11,4015,9064,6561,15625
2,44165,34375,0,0,11,11,4015,4394,3125,7519
2,44200,20,0,0,20,10,4420,10240,11,10251
2,44200,40,0,0,40,10,4420,10240,11,10251
2,44200,80,0,0,80,10,4420,10240,11,10251
2,44250,6250,0,0,10,10,4425,13122,625,13747
2,44250,34810,0,0,10,10,4425,58250,3481,61731
2,44253,11,0,0,11,11,4023,4374,1,4375
2,44253,5819,0,0,11,11,4023,8046,529,8575
2,44253,6875,0,0,11,11,4023,33376,3125,36501
2,44290,10,0,0,40,10,4429,9072,1,9073
2,44310,30,0,0,40,10,4431,15376,3,15379
2,44310,70,0,0,10,10,4431,6534,7,6541
2,44310,2110,0,0,20,10,4431,37268,211,37479
2,44310,14770,0,0,10,10,4431,28314,1477,29791
2,44310,15190,0,0,10,10,4431,13122,1519,14641
2,44370,18630,0,0,10,10,4437,8,5589,5597
2,44385,2959,0,0,11,11,4035,6606,269,6875
2,44430,10,0,0,80,10,4443,16128,1,16129
2,44528,22,0,0,22,11,4048,64000,9,64009
2,44530,10,0,0,40,10,4453,14640,1,14641
2,44530,610,0,0,20,10,4453,14580,61,14641
2,44583,11,0,0,11,11,4053,4374,1,4375
2,44649,10571,0,0,11,11,4059,3362,961,4323
2,44710,2630,0,0,40,10,4471,5488,263,5751
2,44715,11,0,0,11,11,4065,4374,1,4375
2,44715,11,0,0,11,11,4065,10368,7,10375
2,44715,11,0,0,11,11,4065,33614,1,33615
2,44715,2981,0,0,22,11,4065,5312,813,6125
2,44715,26411,0,0,11,11,4065,4374,2401,6775
2,44730,10,0,0,40,10,4473,5040,1,5041
2,44730,1790,0,0,10,10,4473,16000,1253,17253
2,44730,16110,0,0,10,10,4473,3430,1611,5041
2,44800,20,0,0,20,10,4480,10368,7,10375
2,44800,40,0,0,40,10,4480,10368,7,10375
2,44830,15870,0,0,10,10,4483,35864,4761,40625
2,44830,44830,0,0,40,10,4483,80,4483,4563
2,44850,10,0,0,10,10,4485,14742,1,14743
2,44850,910,0,0,10,10,4485,8192,1183,9375
2,44850,910,0,0,10,10,4485,79488,637,80125
2,44850,1690,0,0,10,10,4485,5128,507,5635
2,44850,6250,0,0,10,10,4485,10368,4375,14743
2,44850,12250,0,0,10,10,4485,2208,6125,8333
2,44850,18630,0,0,10,10,4485,2744,5589,8333
2,44850,21870,0,0,10,10,4485,9464,6561,16025
2,44891,26411,0,0,11,11,4081,5618,2401,8019
2,45023,11,0,0,11,11,4093,4374,1,4375
2,45023,1001,0,0,11,11,4093,8192,1183,9375
2,45045,11,0,0,11,11,4095,4374,1,4375
2,45045,11,0,0,22,11,4095,31212,1,31213
2,45045,11,0,0,44,11,4095,28560,1,28561
2,45045,77,0,0,22,11,4095,6500,7,6507
2,45045,143,0,0,22,11,4095,4900,13,4913
2,45045,935,0,0,11,11,4095,4374,85,4459
2,45045,1001,0,0,11,11,4095,8192,1183,9375
2,45045,3773,0,0,11,11,4095,12050,343,12393
2,45045,4851,0,0,11,11,4095,6656,3969,10625
2,45045,5005,0,0,22,11,4095,17408,2275,19683
2,45045,7953,0,0,11,11,4095,2744,2169,4913
2,45045,7953,0,0,11,11,4095,4802,723,5525
2,45045,18557,0,0,11,11,4095,109850,1687,111537
2,45045,23859,0,0,11,11,4095,64000,19521,83521
2,45353,11,0,0,11,11,4123,4374,1,4375
2,45353,33,0,0,11,11,4123,4802,3,4805
2,45353,55,0,0,11,11,4123,184832,45,184877
2,45353,209,0,0,22,11,4123,4356,19,4375
2,45353,2387,0,0,44,11,4123,4400,217,4617
2,45353,3971,0,0,11,11,4123,13310,361,13671
2,45353,6479,0,0,11,11,4123,7986,589,8575
2,45353,8019,0,0,11,11,4123,10240,8019,18259
2,45353,9625,0,0,11,11,4123,1408,6125,7533
2,45353,11253,0,0,11,11,4123,25088,9207,34295
2,45353,14641,0,0,11,11,4123,6250,1331,7581
2,45353,16709,0,0,11,11,4123,13122,1519,14641
2,45353,21483,0,0,11,11,4123,1000,5859,6859
2,45353,24057,0,0,11,11,4123,3038,2187,5225
2,45353,26125,0,0,11,11,4123,32,11875,11907
2,45353,29645,0,0,11,11,4123,1922,2695,4617
2,45353,40095,0,0,11,11,4123,7546,3645,11191
2,45485,11,0,0,11,11,4135,4374,1,4375
2,45485,10835,0,0,11,11,4135,864,4925,5789
2,45793,253,0,0,88,11,4163,4352,23,4375
2,45815,11,0,0,11,11,4165,4374,1,4375
2,45815,11,0,0,22,11,4165,9260,1,9261
2,45815,11,0,0,22,11,4165,12500,1,12501
2,45903,11,0,0,44,11,4173,26000,1,26001
2,45903,10593,0,0,11,11,4173,1336,2889,4225
2,45903,10593,0,0,11,11,4173,25000,2889,27889
2,45903,31779,0,0,11,11,4173,2560,26001,28561
2,45969,3773,0,0,11,11,4179,10368,2401,12769
2,46013,46013,0,0,22,11,4183,15500,4183,19683
2,46035,5247,0,0,11,11,4185,512,4293,4805
2,46035,8019,0,0,11,11,4185,7688,2187,9875
2,46101,11,0,0,88,11,4191,16128,1,16129
2,46200,550,0,0,22,11,4200,6112,125,6237
2,46200,1100,0,0,44,11,4200,6112,125,6237
2,46563,11,0,0,11,11,4233,4374,1,4375
2,46563,11,0,0,11,11,4233,10368,7,10375
2,46563,11,0,0,11,11,4233,33614,1,33615
2,46563,33,0,0,22,11,4233,41500,3,41503
2,46563,99,0,0,11,11,4233,4648,27,4675
2,46563,825,0,0,11,11,4233,6664,225,6889
2,46563,891,0,0,11,11,4233,9800,243,10043
2,46563,913,0,0,11,11,4233,85750,83,85833
2,46563,913,0,0,44,11,4233,19600,83,19683
2,46563,4675,0,0,11,11,4233,2048,4675,6723
2,46563,5929,0,0,11,11,4233,4374,539,4913
2,46563,8019,0,0,11,11,4233,11288,2187,13475
2,46563,9317,0,0,11,11,4233,53120,5929,59049
2,46563,10043,0,0,11,11,4233,106250,913,107163
2,46563,15147,0,0,11,11,4233,2744,4131,6875
2,46563,15521,0,0,11,11,4233,13230,1411,14641
2,46563,24057,0,0,11,11,4233,664,6561,7225
2,46563,33957,0,0,11,11,4233,1826,3087,4913
2,46563,34375,0,0,11,11,4233,5984,15625,21609
2,46585,25289,0,0,11,11,4235,51200,25289,76489
2,46607,209,0,0,44,11,4237,34992,19,35011
2,46695,891,0,0,11,11,4245,79360,729,80089
2,46739,539,0,0,11,11,4249,8192,637,8829
2,46805,11,0,0,11,11,4255,64000,9,64009
2,46805,11,0,0,11,11,4255,71874,1,71875
2,46805,11,0,0,22,11,4255,98900,1,98901
2,46805,253,0,0,11,11,4255,43808,115,43923
2,46805,1221,0,0,11,11,4255,14792,333,15125
2,46805,4455,0,0,11,11,4255,10952,1215,12167
2,46805,5819,0,0,11,11,4255,10406,529,10935
2,46805,9801,0,0,11,11,4255,88064,9801,97865
2,46805,20493,0,0,11,11,4255,66550,1863,68413
2,46805,34375,0,0,11,11,4255,99846,3125,102971
2,46893,11,0,0,11,11,4263,4374,1,4375
2,47025,11,0,0,11,11,4275,4374,1,4375
2,47025,11,0,0,11,11,4275,6174,1,6175
2,47025,11,0,0,11,11,4275,6250,1,6251
2,47025,11,0,0,44,11,4275,5264,1,5265
2,47025,55,0,0,11,11,4275,7938,5,7943
2,47025,165,0,0,44,11,4275,28672,45,28717
2,47025,1001,0,0,11,11,4275,4374,91,4465
2,47025,1001,0,0,11,11,4275,8192,1183,9375
2,47025,1045,0,0,22,11,4275,8788,95,8883
2,47025,2673,0,0,11,11,4275,54872,729,55601
2,47025,4455,0,0,11,11,4275,16562,405,16967
2,47025,6875,0,0,11,11,4275,1568,3125,4693
2,47025,7425,0,0,11,11,4275,8192,8775,16967
2,47025,8019,0,0,11,11,4275,24064,6561,30625
2,47025,13959,0,0,11,11,4275,13000,3807,16807
2,47025,24167,0,0,11,11,4275,4418,2197,6615
2,47025,24299,0,0,11,11,4275,2166,2209,4375
2,47025,24299,0,0,11,11,4275,2250,2209,4459
2,47025,24299,0,0,11,11,4275,3584,19881,23465
2,47025,26125,0,0,11,11,4275,32,11875,11907
2,47025,26411,0,0,11,11,4275,3200,16807,20007
2,47025,34375,0,0,11,11,4275,4256,15625,19881
2,47190,242,0,0,22,11,4290,10952,33,10985
2,47190,858,0,0,22,11,4290,6728,117,6845
2,47289,297,0,0,11,11,4299,24334,27,24361
2,47333,11,0,0,11,11,4303,4374,1,4375
2,47333,297,0,0,11,11,4303,8200,81,8281
2,47333,1001,0,0,11,11,4303,8192,1183,9375
2,47333,3641,0,0,11,11,4303,4394,331,4725
2,47333,18491,0,0,11,11,4303,4394,1681,6075
2,47333,18711,0,0,11,11,4303,1664,11907,13571
2,47333,22099,0,0,11,11,4303,39366,2009,41375
2,47355,11,0,0,11,11,4305,4374,1,4375
2,47355,891,0,0,11,11,4305,42632,243,42875
2,47355,1375,0,0,11,11,4305,4704,625,5329
2,47355,2255,0,0,88,11,4305,15104,205,15309
2,47355,4125,0,0,11,11,4305,20992,3375,24367
2,47355,7425,0,0,11,11,4305,3304,2025,5329
2,47355,9471,0,0,22,11,4305,1024,4305,5329
2,47553,121,0,0,11,11,4323,6550,11,6561
2,47663,11,0,0,11,11,4333,4374,1,4375
2,47663,40425,0,0,11,11,4333,1238,3675,4913
2,47795,11,0,0,11,11,4345,4374,1,4375
2,47795,11,0,0,11,11,4345,12166,1,12167
2,47795,11,0,0,11,11,4345,64000,9,64009
2,47795,11,0,0,11,11,4345,71874,1,71875
2,47795,11,0,0,44,11,4345,8624,1,8625
2,47795,385,0,0,11,11,4345,14536,105,14641
2,47795,869,0,0,11,11,4345,10240,869,11109
2,47795,869,0,0,11,11,4345,12672,553,13225
2,47795,869,0,0,11,11,4345,39366,79,39445
2,47795,3773,0,0,11,11,4345,29282,343,29625
2,47795,3993,0,0,11,11,4345,14536,1089,15625
2,47795,6875,0,0,11,11,4345,2464,3125,5589
2,47795,7425,0,0,11,11,4345,5566,675,6241
2,47795,10395,0,0,11,11,4345,2944,6615,9559
2,47795,14641,0,0,11,11,4345,3430,1331,4761
2,47795,18249,0,0,11,11,4345,3872,8295,12167
2,47795,18249,0,0,11,11,4345,10648,4977,15625
2,47795,20625,0,0,11,11,4345,616,5625,6241
2,47795,20625,0,0,11,11,4345,9016,5625,14641
2,47795,22275,0,0,11,11,4345,8,6075,6083
2,47795,24057,0,0,11,11,4345,11638,2187,13825
2,47795,34375,0,0,11,11,4345,184,9375,9559
2,47795,42581,0,0,11,11,4345,128,27097,27225
2,48015,5335,0,0,22,11,4365,58564,485,59049
2,48015,7425,0,0,11,11,4365,8734,675,9409
2,48026,814,0,0,22,11,4366,8192,481,8673
2,48026,1628,0,0,44,11,4366,8192,481,8673
2,48026,3256,0,0,88,11,4366,8192,481,8673
2,48048,22,0,0,22,11,4368,12160,7,12167
2,48048,44,0,0,44,11,4368,12160,7,12167
2,48048,66,0,0,22,11,4368,9016,9,9025
2,48048,2002,0,0,22,11,4368,8192,1183,9375
2,48048,4004,0,0,44,11,4368,8192,1183,9375
2,48048,8008,0,0,88,11,4368,8192,1183,9375
2,48180,60,0,0,24,12,4015,5324,5,5329
2,48180,1500,0,0,12,12,4015,6144,1375,7519
2,48180,10140,0,0,12,12,4015,2336,4225,6561
2,48180,15972,0,0,12,12,4015,864,6655,7519
2,48180,21900,0,0,12,12,4015,352,9125,9477
2,48180,26244,0,0,12,12,4015,9064,6561,15625
2,48180,37500,0,0,12,12,4015,4394,3125,7519
2,48257,1177,0,0,11,11,4387,5346,107,5453
2,48257,20691,0,0,11,11,4387,3362,1881,5243
2,48257,48257,0,0,88,11,4387,2816,4387,7203
2,48276,12,0,0,12,12,4023,4374,1,4375
2,48276,6348,0,0,12,12,4023,8046,529,8575
2,48276,7500,0,0,12,12,4023,33376,3125,36501
2,48411,1221,0,0,11,11,4401,4802,111,4913
2,48411,5379,0,0,11,11,4401,512,4401,4913
2,48420,3228,0,0,12,12,4035,6606,269,6875
2,48433,11,0,0,44,11,4403,4624,1,4625
2,48576,24,0,0,24,12,4048,64000,9,64009
2,48620,22,0,0,22,11,4420,10240,11,10251
2,48620,44,0,0,44,11,4420,10240,11,10251
2,48620,88,0,0,88,11,4420,10240,11,10251
2,48636,12,0,0,12,12,4053,4374,1,4375
2,48675,6875,0,0,11,11,4425,13122,625,13747
2,48675,38291,0,0,11,11,4425,58250,3481,61731
2,48708,11532,0,0,12,12,4059,3362,961,4323
2,48719,11,0,0,44,11,4429,9072,1,9073
2,48741,33,0,0,44,11,4431,15376,3,15379
2,48741,77,0,0,11,11,4431,6534,7,6541
2,48741,2321,0,0,22,11,4431,37268,211,37479
2,48741,16247,0,0,11,11,4431,28314,1477,29791
2,48741,16709,0,0,11,11,4431,13122,1519,14641
2,48780,12,0,0,12,12,4065,4374,1,4375
2,48780,12,0,0,12,12,4065,10368,7,10375
2,48780,12,0,0,12,12,4065,33614,1,33615
2,48780,3252,0,0,24,12,4065,5312,813,6125
2,48780,28812,0,0,12,12,4065,4374,2401,6775
2,48807,20493,0,0,11,11,4437,8,5589,5597
2,48873,11,0,0,88,11,4443,16128,1,16129
2,48972,28812,0,0,12,12,4081,5618,2401,8019
2,48983,11,0,0,44,11,4453,14640,1,14641
2,48983,671,0,0,22,11,4453,14580,61,14641
2,49116,12,0,0,12,12,4093,4374,1,4375
2,49116,1092,0,0,12,12,4093,8192,1183,9375
2,49140,12,0,0,12,12,4095,4374,1,4375
2,49140,12,0,0,24,12,4095,31212,1,31213
2,49140,12,0,0,48,12,4095,28560,1,28561
2,49140,84,0,0,24,12,4095,6500,7,6507
2,49140,156,0,0,24,12,4095,4900,13,4913
2,49140,1020,0,0,12,12,4095,4374,85,4459
2,49140,1092,0,0,12,12,4095,8192,1183,9375
2,49140,4116,0,0,12,12,4095,12050,343,12393
2,49140,5292,0,0,12,12,4095,6656,3969,10625
2,49140,5460,0,0,24,12,4095,17408,2275,19683
2,49140,8676,0,0,12,12,4095,2744,2169,4913
2,49140,8676,0,0,12,12,4095,4802,723,5525
2,49140,20244,0,0,12,12,4095,109850,1687,111537
2,49140,26028,0,0,12,12,4095,64000,19521,83521
2,49181,2893,0,0,44,11,4471,5488,263,5751
2,49203,11,0,0,44,11,4473,5040,1,5041
2,49203,1969,0,0,11,11,4473,16000,1253,17253
2,49203,17721,0,0,11,11,4473,3430,1611,5041
2,49280,22,0,0,22,11,4480,10368,7,10375
2,49280,44,0,0,44,11,4480,10368,7,10375
2,49313,17457,0,0,11,11,4483,35864,4761,40625
2,49313,49313,0,0,44,11,4483,80,4483,4563
2,49335,11,0,0,11,11,4485,14742,1,14743
2,49335,1001,0,0,11,11,4485,8192,1183,9375
2,49335,1001,0,0,11,11,4485,79488,637,80125
2,49335,1859,0,0,11,11,4485,5128,507,5635
2,49335,6875,0,0,11,11,4485,10368,4375,14743
2,49335,13475,0,0,11,11,4485,2208,6125,8333
2,49335,20493,0,0,11,11,4485,2744,5589,8333
2,49335,24057,0,0,11,11,4485,9464,6561,16025
2,49476,12,0,0,12,12,4123,4374,1,4375
2,49476,36,0,0,12,12,4123,4802,3,4805
2,49476,60,0,0,12,12,4123,184832,45,184877
2,49476,228,0,0,24,12,4123,4356,19,4375
2,49476,2604,0,0,48,12,4123,4400,217,4617
2,49476,4332,0,0,12,12,4123,13310,361,13671
2,49476,7068,0,0,12,12,4123,7986,589,8575
2,49476,8748,0,0,12,12,4123,10240,8019,18259
2,49476,10500,0,0,12,12,4123,1408,6125,7533
2,49476,12276,0,0,12,12,4123,25088,9207,34295
2,49476,15972,0,0,12,12,4123,6250,1331,7581
2,49476,18228,0,0,12,12,4123,13122,1519,14641
2,49476,23436,0,0,12,12,4123,1000,5859,6859
2,49476,26244,0,0,12,12,4123,3038,2187,5225
2,49476,28500,0,0,12,12,4123,32,11875,11907
2,49476,32340,0,0,12,12,4123,1922,2695,4617
2,49476,43740,0,0,12,12,4123,7546,3645,11191
2,49620,12,0,0,12,12,4135,4374,1,4375
2,49620,11820,0,0,12,12,4135,864,4925,5789
2,49956,276,0,0,96,12,4163,4352,23,4375
2,49980,12,0,0,12,12,4165,4374,1,4375
2,49980,12,0,0,24,12,4165,9260,1,9261
2,49980,12,0,0,24,12,4165,12500,1,12501
2,50076,12,0,0,48,12,4173,26000,1,26001
2,50076,11556,0,0,12,12,4173,1336,2889,4225
2,50076,11556,0,0,12,12,4173,25000,2889,27889
2,50076,34668,0,0,12,12,4173,2560,26001,28561
2,50148,4116,0,0,12,12,4179,10368,2401,12769
2,50196,50196,0,0,24,12,4183,15500,4183,19683
2,50220,5724,0,0,12,12,4185,512,4293,4805
2,50220,8748,0,0,12,12,4185,7688,2187,9875
2,50292,12,0,0,96,12,4191,16128,1,16129
2,50400,600,0,0,24,12,4200,6112,125,6237
2,50400,1200,0,0,48,12,4200,6112,125,6237
2,50796,12,0,0,12,12,4233,4374,1,4375
2,50796,12,0,0,12,12,4233,10368,7,10375
2,50796,12,0,0,12,12,4233,33614,1,33615
2,50796,36,0,0,24,12,4233,41500,3,41503
2,50796,108,0,0,12,12,4233,4648,27,4675
2,50796,900,0,0,12,12,4233,6664,225,6889
2,50796,972,0,0,12,12,4233,9800,243,10043
2,50796,996,0,0,12,12,4233,85750,83,85833
2,50796,996,0,0,48,12,4233,19600,83,19683
2,50796,5100,0,0,12,12,4233,2048,4675,6723
2,50796,6468,0,0,12,12,4233,4374,539,4913
2,50796,8748,0,0,12,12,4233,11288,2187,13475
2,50796,10164,0,0,12,12,4233,53120,5929,59049
2,50796,10956,0,0,12,12,4233,106250,913,107163
2,50796,16524,0,0,12,12,4233,2744,4131,6875
2,50796,16932,0,0,12,12,4233,13230,1411,14641
2,50796,26244,0,0,12,12,4233,664,6561,7225
2,50796,37044,0,0,12,12,4233,1826,3087,4913
2,50796,37500,0,0,12,12,4233,5984,15625,21609
2,50820,27588,0,0,12,12,4235,51200,25289,76489
2,50844,228,0,0,48,12,4237,34992,19,35011
2,50940,972,0,0,12,12,4245,79360,729,80089
2,50988,588,0,0,12,12,4249,8192,637,8829
2,51060,12,0,0,12,12,4255,64000,9,64009
2,51060,12,0,0,12,12,4255,71874,1,71875
2,51060,12,0,0,24,12,4255,98900,1,98901
2,51060,276,0,0,12,12,4255,43808,115,43923
2,51060,1332,0,0,12,12,4255,14792,333,15125
2,51060,4860,0,0,12,12,4255,10952,1215,12167
2,51060,6348,0,0,12,12,4255,10406,529,10935
2,51060,10692,0,0,12,12,4255,88064,9801,97865
2,51060,22356,0,0,12,12,4255,66550,1863,68413
2,51060,37500,0,0,12,12,4255,99846,3125,102971
2,51156,12,0,0,12,12,4263,4374,1,4375
2,51300,12,0,0,12,12,4275,4374,1,4375
2,51300,12,0,0,12,12,4275,6174,1,6175
2,51300,12,0,0,12,12,4275,6250,1,6251
2,51300,12,0,0,48,12,4275,5264,1,5265
2,51300,60,0,0,12,12,4275,7938,5,7943
2,51300,180,0,0,48,12,4275,28672,45,28717
2,51300,1092,0,0,12,12,4275,4374,91,4465
2,51300,1092,0,0,12,12,4275,8192,1183,9375
2,51300,1140,0,0,24,12,4275,8788,95,8883
2,51300,2916,0,0,12,12,4275,54872,729,55601
2,51300,4860,0,0,12,12,4275,16562,405,16967
2,51300,7500,0,0,12,12,4275,1568,3125,4693
2,51300,8100,0,0,12,12,4275,8192,8775,16967
2,51300,8748,0,0,12,12,4275,24064,6561,30625
2,51300,15228,0,0,12,12,4275,13000,3807,16807
2,51300,26364,0,0,12,12,4275,4418,2197,6615
2,51300,26508,0,0,12,12,4275,2166,2209,4375
2,51300,26508,0,0,12,12,4275,2250,2209,4459
2,51300,26508,0,0,12,12,4275,3584,19881,23465
2,51300,28500,0,0,12,12,4275,32,11875,11907
2,51300,28812,0,0,12,12,4275,3200,16807,20007
2,51300,37500,0,0,12,12,4275,4256,15625,19881
2,51480,264,0,0,24,12,4290,10952,33,10985
2,51480,936,0,0,24,12,4290,6728,117,6845
2,51588,324,0,0,12,12,4299,24334,27,24361
2,51636,12,0,0,12,12,4303,4374,1,4375
2,51636,324,0,0,12,12,4303,8200,81,8281
2,51636,1092,0,0,12,12,4303,8192,1183,9375
2,51636,3972,0,0,12,12,4303,4394,331,4725
2,51636,20172,0,0,12,12,4303,4394,1681,6075
2,51636,20412,0,0,12,12,4303,1664,11907,13571
2,51636,24108,0,0,12,12,4303,39366,2009,41375
2,51660,12,0,0,12,12,4305,4374,1,4375
2,51660,972,0,0,12,12,4305,42632,243,42875
2,51660,1500,0,0,12,12,4305,4704,625,5329
2,51660,2460,0,0,96,12,4305,15104,205,15309
2,51660,4500,0,0,12,12,4305,20992,3375,24367
2,51660,8100,0,0,12,12,4305,3304,2025,5329
2,51660,10332,0,0,24,12,4305,1024,4305,5329
2,51876,132,0,0,12,12,4323,6550,11,6561
2,51996,12,0,0,12,12,4333,4374,1,4375
2,51996,44100,0,0,12,12,4333,1238,3675,4913
2,52140,12,0,0,12,12,4345,4374,1,4375
2,52140,12,0,0,12,12,4345,12166,1,12167
2,52140,12,0,0,12,12,4345,64000,9,64009
2,52140,12,0,0,12,12,4345,71874,1,71875
2,52140,12,0,0,48,12,4345,8624,1,8625
2,52140,420,0,0,12,12,4345,14536,105,14641
2,52140,948,0,0,12,12,4345,10240,869,11109
2,52140,948,0,0,12,12,4345,12672,553,13225
2,52140,948,0,0,12,12,4345,39366,79,39445
2,52140,4116,0,0,12,12,4345,29282,343,29625
2,52140,4356,0,0,12,12,4345,14536,1089,15625
2,52140,7500,0,0,12,12,4345,2464,3125,5589
2,52140,8100,0,0,12,12,4345,5566,675,6241
2,52140,11340,0,0,12,12,4345,2944,6615,9559
2,52140,15972,0,0,12,12,4345,3430,1331,4761
2,52140,19908,0,0,12,12,4345,3872,8295,12167
2,52140,19908,0,0,12,12,4345,10648,4977,15625
2,52140,22500,0,0,12,12,4345,616,5625,6241
2,52140,22500,0,0,12,12,4345,9016,5625,14641
2,52140,24300,0,0,12,12,4345,8,6075,6083
2,52140,26244,0,0,12,12,4345,11638,2187,13825
2,52140,37500,0,0,12,12,4345,184,9375,9559
2,52140,46452,0,0,12,12,4345,128,27097,27225
2,52195,65,0,0,26,13,4015,5324,5,5329
2,52195,1625,0,0,13,13,4015,6144,1375,7519
2,52195,10985,0,0,13,13,4015,2336,4225,6561
2,52195,17303,0,0,13,13,4015,864,6655,7519
2,52195,23725,0,0,13,13,4015,352,9125,9477
2,52195,28431,0,0,13,13,4015,9064,6561,15625
2,52195,40625,0,0,13,13,4015,4394,3125,7519
2,52299,13,0,0,13,13,4023,4374,1,4375
2,52299,6877,0,0,13,13,4023,8046,529,8575
2,52299,8125,0,0,13,13,4023,33376,3125,36501
2,52380,5820,0,0,24,12,4365,58564,485,59049
2,52380,8100,0,0,12,12,4365,8734,675,9409
2,52392,888,0,0,24,12,4366,8192,481,8673
2,52392,1776,0,0,48,12,4366,8192,481,8673
2,52392,3552,0,0,96,12,4366,8192,481,8673
2,52416,24,0,0,24,12,4368,12160,7,12167
2,52416,48,0,0,48,12,4368,12160,7,12167
2,52416,72,0,0,24,12,4368,9016,9,9025
2,52416,2184,0,0,24,12,4368,8192,1183,9375
2,52416,4368,0,0,48,12,4368,8192,1183,9375
2,52416,8736,0,0,96,12,4368,8192,1183,9375
2,52455,3497,0,0,13,13,4035,6606,269,6875
2,52624,26,0,0,26,13,4048,64000,9,64009
2,52644,1284,0,0,12,12,4387,5346,107,5453
2,52644,22572,0,0,12,12,4387,3362,1881,5243
2,52644,52644,0,0,96,12,4387,2816,4387,7203
2,52689,13,0,0,13,13,4053,4374,1,4375
2,52767,12493,0,0,13,13,4059,3362,961,4323
2,52812,1332,0,0,12,12,4401,4802,111,4913
2,52812,5868,0,0,12,12,4401,512,4401,4913
2,52836,12,0,0,48,12,4403,4624,1,4625
2,52845,13,0,0,13,13,4065,4374,1,4375
2,52845,13,0,0,13,13,4065,10368,7,10375
2,52845,13,0,0,13,13,4065,33614,1,33615
2,52845,3523,0,0,26,13,4065,5312,813,6125
2,52845,31213,0,0,13,13,4065,4374,2401,6775
2,53040,24,0,0,24,12,4420,10240,11,10251
2,53040,48,0,0,48,12,4420,10240,11,10251
2,53040,96,0,0,96,12,4420,10240,11,10251
2,53053,31213,0,0,13,13,4081,5618,2401,8019
2,53100,7500,0,0,12,12,4425,13122,625,13747
2,53100,41772,0,0,12,12,4425,58250,3481,61731
2,53148,12,0,0,48,12,4429,9072,1,9073
2,53172,36,0,0,48,12,4431,15376,3,15379
2,53172,84,0,0,12,12,4431,6534,7,6541
2,53172,2532,0,0,24,12,4431,37268,211,37479
2,53172,17724,0,0,12,12,4431,28314,1477,29791
2,53172,18228,0,0,12,12,4431,13122,1519,14641
2,53209,13,0,0,13,13,4093,4374,1,4375
2,53209,1183,0,0,13,13,4093,8192,1183,9375
2,53235,13,0,0,13,13,4095,4374,1,4375
2,53235,13,0,0,26,13,4095,31212,1,31213
2,53235,13,0,0,52,13,4095,28560,1,28561
2,53235,91,0,0,26,13,4095,6500,7,6507
2,53235,169,0,0,26,13,4095,4900,13,4913
2,53235,1105,0,0,13,13,4095,4374,85,4459
2,53235,1183,0,0,13,13,4095,8192,1183,9375
2,53235,4459,0,0,13,13,4095,12050,343,12393
2,53235,5733,0,0,13,13,4095,6656,3969,10625
2,53235,5915,0,0,26,13,4095,17408,2275,19683
2,53235,9399,0,0,13,13,4095,2744,2169,4913
2,53235,9399,0,0,13,13,4095,4802,723,5525
2,53235,21931,0,0,13,13,4095,109850,1687,111537
2,53235,28197,0,0,13,13,4095,64000,19521,83521
2,53244,22356,0,0,12,12,4437,8,5589,5597
2,53316,12,0,0,96,12,4443,16128,1,16129
2,53436,12,0,0,48,12,4453,14640,1,14641
2,53436,732,0,0,24,12,4453,14580,61,14641
2,53599,13,0,0,13,13,4123,4374,1,4375
2,53599,39,0,0,13,13,4123,4802,3,4805
2,53599,65,0,0,13,13,4123,184832,45,184877
2,53599,247,0,0,26,13,4123,4356,19,4375
2,53599,2821,0,0,52,13,4123,4400,217,4617
2,53599,4693,0,0,13,13,4123,13310,361,13671
2,53599,7657,0,0,13,13,4123,7986,589,8575
2,53599,9477,0,0,13,13,4123,10240,8019,18259
2,53599,11375,0,0,13,13,4123,1408,6125,7533
2,53599,13299,0,0,13,13,4123,25088,9207,34295
2,53599,17303,0,0,13,13,4123,6250,1331,7581
2,53599,19747,0,0,13,13,4123,13122,1519,14641
2,53599,25389,0,0,13,13,4123,1000,5859,6859
2,53599,28431,0,0,13,13,4123,3038,2187,5225
2,53599,30875,0,0,13,13,4123,32,11875,11907
2,53599,35035,0,0,13,13,4123,1922,2695,4617
2,53599,47385,0,0,13,13,4123,7546,3645,11191
2,53652,3156,0,0,48,12,4471,5488,263,5751
2,53676,12,0,0,48,12,4473,5040,1,5041
2,53676,2148,0,0,12,12,4473,16000,1253,17253
2,53676,19332,0,0,12,12,4473,3430,1611,5041
2,53755,13,0,0,13,13,4135,4374,1,4375
2,53755,12805,0,0,13,13,4135,864,4925,5789
2,53760,24,0,0,24,12,4480,10368,7,10375
2,53760,48,0,0,48,12,4480,10368,7,10375
2,53796,19044,0,0,12,12,4483,35864,4761,40625
2,53796,53796,0,0,48,12,4483,80,4483,4563
2,53820,12,0,0,12,12,4485,14742,1,14743
2,53820,1092,0,0,12,12,4485,8192,1183,9375
2,53820,1092,0,0,12,12,4485,79488,637,80125
2,53820,2028,0,0,12,12,4485,5128,507,5635
2,53820,7500,0,0,12,12,4485,10368,4375,14743
2,53820,14700,0,0,12,12,4485,2208,6125,8333
2,53820,22356,0,0,12,12,4485,2744,5589,8333
2,53820,26244,0,0,12,12,4485,9464,6561,16025
2,54119,299,0,0,104,13,4163,4352,23,4375
2,54145,13,0,0,13,13,4165,4374,1,4375
2,54145,13,0,0,26,13,4165,9260,1,9261
2,54145,13,0,0,26,13,4165,12500,1,12501
2,54249,13,0,0,52,13,4173,26000,1,26001
2,54249,12519,0,0,13,13,4173,1336,2889,4225
2,54249,12519,0,0,13,13,4173,25000,2889,27889
2,54249,37557,0,0,13,13,4173,2560,26001,28561
2,54327,4459,0,0,13,13,4179,10368,2401,12769
2,54379,54379,0,0,26,13,4183,15500,4183,19683
2,54405,6201,0,0,13,13,4185,512,4293,4805
2,54405,9477,0,0,13,13,4185,7688,2187,9875
2,54483,13,0,0,104,13,4191,16128,1,16129
2,54600,650,0,0,26,13,4200,6112,125,6237
2,54600,1300,0,0,52,13,4200,6112,125,6237
2,55029,13,0,0,13,13,4233,4374,1,4375
2,55029,13,0,0,13,13,4233,10368,7,10375
2,55029,13,0,0,13,13,4233,33614,1,33615
2,55029,39,0,0,26,13,4233,41500,3,41503
2,55029,117,0,0,13,13,4233,4648,27,4675
2,55029,975,0,0,13,13,4233,6664,225,6889
2,55029,1053,0,0,13,13,4233,9800,243,10043
2,55029,1079,0,0,13,13,4233,85750,83,85833
2,55029,1079,0,0,52,13,4233,19600,83,19683
2,55029,5525,0,0,13,13,4233,2048,4675,6723
2,55029,7007,0,0,13,13,4233,4374,539,4913
2,55029,9477,0,0,13,13,4233,11288,2187,13475
2,55029,11011,0,0,13,13,4233,53120,5929,59049
2,55029,11869,0,0,13,13,4233,106250,913,107163
2,55029,17901,0,0,13,13,4233,2744,4131,6875
2,55029,18343,0,0,13,13,4233,13230,1411,14641
2,55029,28431,0,0,13,13,4233,664,6561,7225
2,55029,40131,0,0,13,13,4233,1826,3087,4913
2,55029,40625,0,0,13,13,4233,5984,15625,21609
2,55055,29887,0,0,13,13,4235,51200,25289,76489
2,55081,247,0,0,52,13,4237,34992,19,35011
2,55185,1053,0,0,13,13,4245,79360,729,80089
2,55237,637,0,0,13,13,4249,8192,637,8829
2,55315,13,0,0,13,13,4255,64000,9,64009
2,55315,13,0,0,13,13,4255,71874,1,71875
2,55315,13,0,0,26,13,4255,98900,1,98901
2,55315,299,0,0,13,13,4255,43808,115,43923
2,55315,1443,0,0,13,13,4255,14792,333,15125
2,55315,5265,0,0,13,13,4255,10952,1215,12167
2,55315,6877,0,0,13,13,4255,10406,529,10935
2,55315,11583,0,0,13,13,4255,88064,9801,97865
2,55315,24219,0,0,13,13,4255,66550,1863,68413
2,55315,40625,0,0,13,13,4255,99846,3125,102971
2,55419,13,0,0,13,13,4263,4374,1,4375
2,55575,13,0,0,13,13,4275,4374,1,4375
2,55575,13,0,0,13,13,4275,6174,1,6175
2,55575,13,0,0,13,13,4275,6250,1,6251
2,55575,13,0,0,52,13,4275,5264,1,5265
2,55575,65,0,0,13,13,4275,7938,5,7943
2,55575,195,0,0,52,13,4275,28672,45,28717
2,55575,1183,0,0,13,13,4275,4374,91,4465
2,55575,1183,0,0,13,13,4275,8192,1183,9375
2,55575,1235,0,0,26,13,4275,8788,95,8883
2,55575,3159,0,0,13,13,4275,54872,729,55601
2,55575,5265,0,0,13,13,4275,16562,405,16967
2,55575,8125,0,0,13,13,4275,1568,3125,4693
2,55575,8775,0,0,13,13,4275,8192,8775,16967
2,55575,9477,0,0,13,13,4275,24064,6561,30625
2,55575,16497,0,0,13,13,4275,13000,3807,16807
2,55575,28561,0,0,13,13,4275,4418,2197,6615
2,55575,28717,0,0,13,13,4275,2166,2209,4375
2,55575,28717,0,0,13,13,4275,2250,2209,4459
2,55575,28717,0,0,13,13,4275,3584,19881,23465
2,55575,30875,0,0,13,13,4275,32,11875,11907
2,55575,31213,0,0,13,13,4275,3200,16807,20007
2,55575,40625,0,0,13,13,4275,4256,15625,19881
2,55770,286,0,0,26,13,4290,10952,33,10985
2,55770,1014,0,0,26,13,4290,6728,117,6845
2,55887,351,0,0,13,13,4299,24334,27,24361
2,55939,13,0,0,13,13,4303,4374,1,4375
2,55939,351,0,0,13,13,4303,8200,81,8281
2,55939,1183,0,0,13,13,4303,8192,1183,9375
2,55939,4303,0,0,13,13,4303,4394,331,4725
2,55939,21853,0,0,13,13,4303,4394,1681,6075
2,55939,22113,0,0,13,13,4303,1664,11907,13571
2,55939,26117,0,0,13,13,4303,39366,2009,41375
2,55965,13,0,0,13,13,4305,4374,1,4375
2,55965,1053,0,0,13,13,4305,42632,243,42875
2,55965,1625,0,0,13,13,4305,4704,625,5329
2,55965,2665,0,0,104,13,4305,15104,205,15309
2,55965,4875,0,0,13,13,4305,20992,3375,24367
2,55965,8775,0,0,13,13,4305,3304,2025,5329
2,55965,11193,0,0,26,13,4305,1024,4305,5329
2,56199,143,0,0,13,13,4323,6550,11,6561
2,56210,70,0,0,28,14,4015,5324,5,5329
2,56210,1750,0,0,14,14,4015,6144,1375,7519
2,56210,11830,0,0,14,14,4015,2336,4225,6561
2,56210,18634,0,0,14,14,4015,864,6655,7519
2,56210,25550,0,0,14,14,4015,352,9125,9477
2,56210,30618,0,0,14,14,4015,9064,6561,15625
2,56210,43750,0,0,14,14,4015,4394,3125,7519
2,56322,14,0,0,14,14,4023,4374,1,4375
2,56322,7406,0,0,14,14,4023,8046,529,8575
2,56322,8750,0,0,14,14,4023,33376,3125,36501
2,56329,13,0,0,13,13,4333,4374,1,4375
2,56329,47775,0,0,13,13,4333,1238,3675,4913
2,56485,13,0,0,13,13,4345,4374,1,4375
2,56485,13,0,0,13,13,4345,12166,1,12167
2,56485,13,0,0,13,13,4345,64000,9,64009
2,56485,13,0,0,13,13,4345,71874,1,71875
2,56485,13,0,0,52,13,4345,8624,1,8625
2,56485,455,0,0,13,13,4345,14536,105,14641
2,56485,1027,0,0,13,13,4345,10240,869,11109
2,56485,1027,0,0,13,13,4345,12672,553,13225
2,56485,1027,0,0,13,13,4345,39366,79,39445
2,56485,4459,0,0,13,13,4345,29282,343,29625
2,56485,4719,0,0,13,13,4345,14536,1089,15625
2,56485,8125,0,0,13,13,4345,2464,3125,5589
2,56485,8775,0,0,13,13,4345,5566,675,6241
2,56485,12285,0,0,13,13,4345,2944,6615,9559
2,56485,17303,0,0,13,13,4345,3430,1331,4761
2,56485,21567,0,0,13,13,4345,3872,8295,12167
2,56485,21567,0,0,13,13,4345,10648,4977,15625
2,56485,24375,0,0,13,13,4345,616,5625,6241
2,56485,24375,0,0,13,13,4345,9016,5625,14641
2,56485,26325,0,0,13,13,4345,8,6075,6083
2,56485,28431,0,0,13,13,4345,11638,2187,13825
2,56485,40625,0,0,13,13,4345,184,9375,9559
2,56485,50323,0,0,13,13,4345,128,27097,27225
2,56490,3766,0,0,14,14,4035,6606,269,6875
2,56672,28,0,0,28,14,4048,64000,9,64009
2,56742,14,0,0,14,14,4053,4374,1,4375
2,56745,6305,0,0,26,13,4365,58564,485,59049
2,56745,8775,0,0,13,13,4365,8734,675,9409
2,56758,962,0,0,26,13,4366,8192,481,8673
2,56758,1924,0,0,52,13,4366,8192,481,8673
2,56758,3848,0,0,104,13,4366,8192,481,8673
2,56784,26,0,0,26,13,4368,12160,7,12167
2,56784,52,0,0,52,13,4368,12160,7,12167
2,56784,78,0,0,26,13,4368,9016,9,9025
2,56784,2366,0,0,26,13,4368,8192,1183,9375
2,56784,4732,0,0,52,13,4368,8192,1183,9375
2,56784,9464,0,0,104,13,4368,8192,1183,9375
2,56826,13454,0,0,14,14,4059,3362,961,4323
2,56910,14,0,0,14,14,4065,4374,1,4375
2,56910,14,0,0,14,14,4065,10368,7,10375
2,56910,14,0,0,14,14,4065,33614,1,33615
2,56910,3794,0,0,28,14,4065,5312,813,6125
2,56910,33614,0,0,14,14,4065,4374,2401,6775
2,57031,1391,0,0,13,13,4387,5346,107,5453
2,57031,24453,0,0,13,13,4387,3362,1881,5243
2,57031,57031,0,0,104,13,4387,2816,4387,7203
2,57134,33614,0,0,14,14,4081,5618,2401,8019
2,57213,1443,0,0,13,13,4401,4802,111,4913
2,57213,6357,0,0,13,13,4401,512,4401,4913
2,57239,13,0,0,52,13,4403,4624,1,4625
2,57302,14,0,0,14,14,4093,4374,1,4375
2,57302,1274,0,0,14,14,4093,8192,1183,9375
2,57330,14,0,0,14,14,4095,4374,1,4375
2,57330,14,0,0,28,14,4095,31212,1,31213
2,57330,14,0,0,56,14,4095,28560,1,28561
2,57330,98,0,0,28,14,4095,6500,7,6507
2,57330,182,0,0,28,14,4095,4900,13,4913
2,57330,1190,0,0,14,14,4095,4374,85,4459
2,57330,1274,0,0,14,14,4095,8192,1183,9375
2,57330,4802,0,0,14,14,4095,12050,343,12393
2,57330,6174,0,0,14,14,4095,6656,3969,10625
2,57330,6370,0,0,28,14,4095,17408,2275,19683
2,57330,10122,0,0,14,14,4095,2744,2169,4913
2,57330,10122,0,0,14,14,4095,4802,723,5525
2,57330,23618,0,0,14,14,4095,109850,1687,111537
2,57330,30366,0,0,14,14,4095,64000,19521,83521
2,57460,26,0,0,26,13,4420,10240,11,10251
2,57460,52,0,0,52,13,4420,10240,11,10251
2,57460,104,0,0,104,13,4420,10240,11,10251
2,57525,8125,0,0,13,13,4425,13122,625,13747
2,57525,45253,0,0,13,13,4425,58250,3481,61731
2,57577,13,0,0,52,13,4429,9072,1,9073
2,57603,39,0,0,52,13,4431,15376,3,15379
2,57603,91,0,0,13,13,4431,6534,7,6541
2,57603,2743,0,0,26,13,4431,37268,211,37479
2,57603,19201,0,0,13,13,4431,28314,1477,29791
2,57603,19747,0,0,13,13,4431,13122,1519,14641
2,57681,24219,0,0,13,13,4437,8,5589,5597
2,57722,14,0,0,14,14,4123,4374,1,4375
2,57722,42,0,0,14,14,4123,4802,3,4805
2,57722,70,0,0,14,14,4123,184832,45,184877
2,57722,266,0,0,28,14,4123,4356,19,4375
2,57722,3038,0,0,56,14,4123,4400,217,4617
2,57722,5054,0,0,14,14,4123,13310,361,13671
2,57722,8246,0,0,14,14,4123,7986,589,8575
2,57722,10206,0,0,14,14,4123,10240,8019,18259
2,57722,12250,0,0,14,14,4123,1408,6125,7533
2,57722,14322,0,0,14,14,4123,25088,9207,34295
2,57722,18634,0,0,14,14,4123,6250,1331,7581
2,57722,21266,0,0,14,14,4123,13122,1519,14641
2,57722,27342,0,0,14,14,4123,1000,5859,6859
2,57722,30618,0,0,14,14,4123,3038,2187,5225
2,57722,33250,0,0,14,14,4123,32,11875,11907
2,57722,37730,0,0,14,14,4123,1922,2695,4617
2,57722,51030,0,0,14,14,4123,7546,3645,11191
2,57759,13,0,0,104,13,4443,16128,1,16129
2,57889,13,0,0,52,13,4453,14640,1,14641
2,57889,793,0,0,26,13,4453,14580,61,14641
2,57890,14,0,0,14,14,4135,4374,1,4375
2,57890,13790,0,0,14,14,4135,864,4925,5789
2,58123,3419,0,0,52,13,4471,5488,263,5751
2,58149,13,0,0,52,13,4473,5040,1,5041
2,58149,2327,0,0,13,13,4473,16000,1253,17253
2,58149,20943,0,0,13,13,4473,3430,1611,5041
2,58240,26,0,0,26,13,4480,10368,7,10375
2,58240,52,0,0,52,13,4480,10368,7,10375
2,58279,20631,0,0,13,13,4483,35864,4761,40625
2,58279,58279,0,0,52,13,4483,80,4483,4563
2,58282,322,0,0,112,14,4163,4352,23,4375
2,58305,13,0,0,13,13,4485,14742,1,14743
2,58305,1183,0,0,13,13,4485,8192,1183,9375
2,58305,1183,0,0,13,13,4485,79488,637,80125
2,58305,2197,0,0,13,13,4485,5128,507,5635
2,58305,8125,0,0,13,13,4485,10368,4375,14743
2,58305,15925,0,0,13,13,4485,2208,6125,8333
2,58305,24219,0,0,13,13,4485,2744,5589,8333
2,58305,28431,0,0,13,13,4485,9464,6561,16025
2,58310,14,0,0,14,14,4165,4374,1,4375
2,58310,14,0,0,28,14,4165,9260,1,9261
2,58310,14,0,0,28,14,4165,12500,1,12501
2,58422,14,0,0,56,14,4173,26000,1,26001
2,58422,13482,0,0,14,14,4173,1336,2889,4225
2,58422,13482,0,0,14,14,4173,25000,2889,27889
2,58422,40446,0,0,14,14,4173,2560,26001,28561
2,58506,4802,0,0,14,14,4179,10368,2401,12769
2,58562,58562,0,0,28,14,4183,15500,4183,19683
2,58590,6678,0,0,14,14,4185,512,4293,4805
2,58590,10206,0,0,14,14,4185,7688,2187,9875
2,58674,14,0,0,112,14,4191,16128,1,16129
2,58800,700,0,0,28,14,4200,6112,125,6237
2,58800,1400,0,0,56,14,4200,6112,125,6237
2,59262,14,0,0,14,14,4233,4374,1,4375
2,59262,14,0,0,14,14,4233,10368,7,10375
2,59262,14,0,0,14,14,4233,33614,1,33615
2,59262,42,0,0,28,14,4233,41500,3,41503
2,59262,126,0,0,14,14,4233,4648,27,4675
2,59262,1050,0,0,14,14,4233,6664,225,6889
2,59262,1134,0,0,14,14,4233,9800,243,10043
2,59262,1162,0,0,14,14,4233,85750,83,85833
2,59262,1162,0,0,56,14,4233,19600,83,19683
2,59262,5950,0,0,14,14,4233,2048,4675,6723
2,59262,7546,0,0,14,14,4233,4374,539,4913
2,59262,10206,0,0,14,14,4233,11288,2187,13475
2,59262,11858,0,0,14,14,4233,53120,5929,59049
2,59262,12782,0,0,14,14,4233,106250,913,107163
2,59262,19278,0,0,14,14,4233,2744,4131,6875
2,59262,19754,0,0,14,14,4233,13230,1411,14641
2,59262,30618,0,0,14,14,4233,664,6561,7225
2,59262,43218,0,0,14,14,4233,1826,3087,4913
2,59262,43750,0,0,14,14,4233,5984,15625,21609
2,59290,32186,0,0,14,14,4235,51200,25289,76489
2,59318,266,0,0,56,14,4237,34992,19,35011
2,59430,1134,0,0,14,14,4245,79360,729,80089
2,59486,686,0,0,14,14,4249,8192,637,8829
2,59570,14,0,0,14,14,4255,64000,9,64009
2,59570,14,0,0,14,14,4255,71874,1,71875
2,59570,14,0,0,28,14,4255,98900,1,98901
2,59570,322,0,0,14,14,4255,43808,115,43923
2,59570,1554,0,0,14,14,4255,14792,333,15125
2,59570,5670,0,0,14,14,4255,10952,1215,12167
2,59570,7406,0,0,14,14,4255,10406,529,10935
2,59570,12474,0,0,14,14,4255,88064,9801,97865
2,59570,26082,0,0,14,14,4255,66550,1863,68413
2,59570,43750,0,0,14,14,4255,99846,3125,102971
2,59682,14,0,0,14,14,4263,4374,1,4375
2,59850,14,0,0,14,14,4275,4374,1,4375
2,59850,14,0,0,14,14,4275,6174,1,6175
2,59850,14,0,0,14,14,4275,6250,1,6251
2,59850,14,0,0,56,14,4275,5264,1,5265
2,59850,70,0,0,14,14,4275,7938,5,7943
2,59850,210,0,0,56,14,4275,28672,45,28717
2,59850,1274,0,0,14,14,4275,4374,91,4465
2,59850,1274,0,0,14,14,4275,8192,1183,9375
2,59850,1330,0,0,28,14,4275,8788,95,8883
2,59850,3402,0,0,14,14,4275,54872,729,55601
2,59850,5670,0,0,14,14,4275,16562,405,16967
2,59850,8750,0,0,14,14,4275,1568,3125,4693
2,59850,9450,0,0,14,14,4275,8192,8775,16967
2,59850,10206,0,0,14,14,4275,24064,6561,30625
2,59850,17766,0,0,14,14,4275,13000,3807,16807
2,59850,30758,0,0,14,14,4275,4418,2197,6615
2,59850,30926,0,0,14,14,4275,2166,2209,4375
2,59850,30926,0,0,14,14,4275,2250,2209,4459
2,59850,30926,0,0,14,14,4275,3584,19881,23465
2,59850,33250,0,0,14,14,4275,32,11875,11907
2,59850,33614,0,0,14,14,4275,3200,16807,20007
2,59850,43750,0,0,14,14,4275,4256,15625,19881
2,60060,308,0,0,28,14,4290,10952,33,10985
2,60060,1092,0,0,28,14,4290,6728,117,6845
2,60186,378,0,0,14,14,4299,24334,27,24361
2,60225,75,0,0,30,15,4015,5324,5,5329
2,60225,1875,0,0,15,15,4015,6144,1375,7519
2,60225,12675,0,0,15,15,4015,2336,4225,6561
2,60225,19965,0,0,15,15,4015,864,6655,7519
2,60225,27375,0,0,15,15,4015,352,9125,9477
2,60225,32805,0,0,15,15,4015,9064,6561,15625
2,60225,46875,0,0,15,15,4015,4394,3125,7519
2,60242,14,0,0,14,14,4303,4374,1,4375
2,60242,378,0,0,14,14,4303,8200,81,8281
2,60242,1274,0,0,14,14,4303,8192,1183,9375
2,60242,4634,0,0,14,14,4303,4394,331,4725
2,60242,23534,0,0,14,14,4303,4394,1681,6075
2,60242,23814,0,0,14,14,4303,1664,11907,13571
2,60242,28126,0,0,14,14,4303,39366,2009,41375
2,60270,14,0,0,14,14,4305,4374,1,4375
2,60270,1134,0,0,14,14,4305,42632,243,42875
2,60270,1750,0,0,14,14,4305,4704,625,5329
2,60270,2870,0,0,112,14,4305,15104,205,15309
2,60270,5250,0,0,14,14,4305,20992,3375,24367
2,60270,9450,0,0,14,14,4305,3304,2025,5329
2,60270,12054,0,0,28,14,4305,1024,4305,5329
2,60345,15,0,0,15,15,4023,4374,1,4375
2,60345,7935,0,0,15,15,4023,8046,529,8575
2,60345,9375,0,0,15,15,4023,33376,3125,36501
2,60522,154,0,0,14,14,4323,6550,11,6561
2,60525,4035,0,0,15,15,4035,6606,269,6875
2,60662,14,0,0,14,14,4333,4374,1,4375
2,60662,51450,0,0,14,14,4333,1238,3675,4913
2,60720,30,0,0,30,15,4048,64000,9,64009
2,60795,15,0,0,15,15,4053,4374,1,4375
2,60830,14,0,0,14,14,4345,4374,1,4375
2,60830,14,0,0,14,14,4345,12166,1,12167
2,60830,14,0,0,14,14,4345,64000,9,64009
2,60830,14,0,0,14,14,4345,71874,1,71875
2,60830,14,0,0,56,14,4345,8624,1,8625
2,60830,490,0,0,14,14,4345,14536,105,14641
2,60830,1106,0,0,14,14,4345,10240,869,11109
2,60830,1106,0,0,14,14,4345,12672,553,13225
2,60830,1106,0,0,14,14,4345,39366,79,39445
2,60830,4802,0,0,14,14,4345,29282,343,29625
2,60830,5082,0,0,14,14,4345,14536,1089,15625
2,60830,8750,0,0,14,14,4345,2464,3125,5589
2,60830,9450,0,0,14,14,4345,5566,675,6241
2,60830,13230,0,0,14,14,4345,2944,6615,9559
2,60830,18634,0,0,14,14,4345,3430,1331,4761
2,60830,23226,0,0,14,14,4345,3872,8295,12167
2,60830,23226,0,0,14,14,4345,10648,4977,15625
2,60830,26250,0,0,14,14,4345,616,5625,6241
2,60830,26250,0,0,14,14,4345,9016,5625,14641
2,60830,28350,0,0,14,14,4345,8,6075,6083
2,60830,30618,0,0,14,14,4345,11638,2187,13825
2,60830,43750,0,0,14,14,4345,184,9375,9559
2,60830,54194,0,0,14,14,4345,128,27097,27225
2,60885,14415,0,0,15,15,4059,3362,961,4323
2,60975,15,0,0,15,15,4065,4374,1,4375
2,60975,15,0,0,15,15,4065,10368,7,10375
2,60975,15,0,0,15,15,4065,33614,1,33615
2,60975,4065,0,0,30,15,4065,5312,813,6125
2,60975,36015,0,0,15,15,4065,4374,2401,6775
2,61110,6790,0,0,28,14,4365,58564,485,59049
2,61110,9450,0,0,14,14,4365,8734,675,9409
2,61124,1036,0,0,28,14,4366,8192,481,8673
2,61124,2072,0,0,56,14,4366,8192,481,8673
2,61124,4144,0,0,112,14,4366,8192,481,8673
2,61152,28,0,0,28,14,4368,12160,7,12167
2,61152,56,0,0,56,14,4368,12160,7,12167
2,61152,84,0,0,28,14,4368,9016,9,9025
2,61152,2548,0,0,28,14,4368,8192,1183,9375
2,61152,5096,0,0,56,14,4368,8192,1183,9375
2,61152,10192,0,0,112,14,4368,8192,1183,9375
2,61215,36015,0,0,15,15,4081,5618,2401,8019
2,61395,15,0,0,15,15,4093,4374,1,4375
2,61395,1365,0,0,15,15,4093,8192,1183,9375
2,61418,1498,0,0,14,14,4387,5346,107,5453
2,61418,26334,0,0,14,14,4387,3362,1881,5243
2,61418,61418,0,0,112,14,4387,2816,4387,7203
2,61425,15,0,0,15,15,4095,4374,1,4375
2,61425,15,0,0,30,15,4095,31212,1,31213
2,61425,15,0,0,60,15,4095,28560,1,28561
2,61425,105,0,0,30,15,4095,6500,7,6507
2,61425,195,0,0,30,15,4095,4900,13,4913
2,61425,1275,0,0,15,15,4095,4374,85,4459
2,61425,1365,0,0,15,15,4095,8192,1183,9375
2,61425,5145,0,0,15,15,4095,12050,343,12393
2,61425,6615,0,0,15,15,4095,6656,3969,10625
2,61425,6825,0,0,30,15,4095,17408,2275,19683
2,61425,10845,0,0,15,15,4095,2744,2169,4913
2,61425,10845,0,0,15,15,4095,4802,723,5525
2,61425,25305,0,0,15,15,4095,109850,1687,111537
2,61425,32535,0,0,15,15,4095,64000,19521,83521
2,61614,1554,0,0,14,14,4401,4802,111,4913
2,61614,6846,0,0,14,14,4401,512,4401,4913
2,61642,14,0,0,56,14,4403,4624,1,4625
2,61845,15,0,0,15,15,4123,4374,1,4375
2,61845,45,0,0,15,15,4123,4802,3,4805
2,61845,75,0,0,15,15,4123,184832,45,184877
2,61845,285,0,0,30,15,4123,4356,19,4375
2,61845,3255,0,0,60,15,4123,4400,217,4617
2,61845,5415,0,0,15,15,4123,13310,361,13671
2,61845,8835,0,0,15,15,4123,7986,589,8575
2,61845,10935,0,0,15,15,4123,10240,8019,18259
2,61845,13125,0,0,15,15,4123,1408,6125,7533
2,61845,15345,0,0,15,15,4123,25088,9207,34295
2,61845,19965,0,0,15,15,4123,6250,1331,7581
2,61845,22785,0,0,15,15,4123,13122,1519,14641
2,61845,29295,0,0,15,15,4123,1000,5859,6859
2,61845,32805,0,0,15,15,4123,3038,2187,5225
2,61845,35625,0,0,15,15,4123,32,11875,11907
2,61845,40425,0,0,15,15,4123,1922,2695,4617
2,61845,54675,0,0,15,15,4123,7546,3645,11191
2,61880,28,0,0,28,14,4420,10240,11,10251
2,61880,56,0,0,56,14,4420,10240,11,10251
2,61880,112,0,0,112,14,4420,10240,11,10251
2,61950,8750,0,0,14,14,4425,13122,625,13747
2,61950,48734,0,0,14,14,4425,58250,3481,61731
2,62006,14,0,0,56,14,4429,9072,1,9073
2,62025,15,0,0,15,15,4135,4374,1,4375
2,62025,14775,0,0,15,15,4135,864,4925,5789
2,62034,42,0,0,56,14,4431,15376,3,15379
2,62034,98,0,0,14,14,4431,6534,7,6541
2,62034,2954,0,0,28,14,4431,37268,211,37479
2,62034,20678,0,0,14,14,4431,28314,1477,29791
2,62034,21266,0,0,14,14,4431,13122,1519,14641
2,62118,26082,0,0,14,14,4437,8,5589,5597
2,62202,14,0,0,112,14,4443,16128,1,16129
2,62342,14,0,0,56,14,4453,14640,1,14641
2,62342,854,0,0,28,14,4453,14580,61,14641
2,62445,345,0,0,120,15,4163,4352,23,4375
2,62475,15,0,0,15,15,4165,4374,1,4375
2,62475,15,0,0,30,15,4165,9260,1,9261
2,62475,15,0,0,30,15,4165,12500,1,12501
2,62594,3682,0,0,56,14,4471,5488,263,5751
2,62595,15,0,0,60,15,4173,26000,1,26001
2,62595,14445,0,0,15,15,4173,1336,2889,4225
2,62595,14445,0,0,15,15,4173,25000,2889,27889
2,62595,43335,0,0,15,15,4173,2560,26001,28561
2,62622,14,0,0,56,14,4473,5040,1,5041
2,62622,2506,0,0,14,14,4473,16000,1253,17253
2,62622,22554,0,0,14,14,4473,3430,1611,5041
2,62685,5145,0,0,15,15,4179,10368,2401,12769
2,62720,28,0,0,28,14,4480,10368,7,10375
2,62720,56,0,0,56,14,4480,10368,7,10375
2,62745,62745,0,0,30,15,4183,15500,4183,19683
2,62762,22218,0,0,14,14,4483,35864,4761,40625
2,62762,62762,0,0,56,14,4483,80,4483,4563
2,62775,7155,0,0,15,15,4185,512,4293,4805
2,62775,10935,0,0,15,15,4185,7688,2187,9875
2,62790,14,0,0,14,14,4485,14742,1,14743
2,62790,1274,0,0,14,14,4485,8192,1183,9375
2,62790,1274,0,0,14,14,4485,79488,637,80125
2,62790,2366,0,0,14,14,4485,5128,507,5635
2,62790,8750,0,0,14,14,4485,10368,4375,14743
2,62790,17150,0,0,14,14,4485,2208,6125,8333
2,62790,26082,0,0,14,14,4485,2744,5589,8333
2,62790,30618,0,0,14,14,4485,9464,6561,16025
2,62865,15,0,0,120,15,4191,16128,1,16129
2,63000,750,0,0,30,15,4200,6112,125,6237
2,63000,1500,0,0,60,15,4200,6112,125,6237
2,63495,15,0,0,15,15,4233,4374,1,4375
2,63495,15,0,0,15,15,4233,10368,7,10375
2,63495,15,0,0,15,15,4233,33614,1,33615
2,63495,45,0,0,30,15,4233,41500,3,41503
2,63495,135,0,0,15,15,4233,4648,27,4675
2,63495,1125,0,0,15,15,4233,6664,225,6889
2,63495,1215,0,0,15,15,4233,9800,243,10043
2,63495,1245,0,0,15,15,4233,85750,83,85833
2,63495,1245,0,0,60,15,4233,19600,83,19683
2,63495,6375,0,0,15,15,4233,2048,4675,6723
2,63495,8085,0,0,15,15,4233,4374,539,4913
2,63495,10935,0,0,15,15,4233,11288,2187,13475
2,63495,12705,0,0,15,15,4233,53120,5929,59049
2,63495,13695,0,0,15,15,4233,106250,913,107163
2,63495,20655,0,0,15,15,4233,2744,4131,6875
2,63495,21165,0,0,15,15,4233,13230,1411,14641
2,63495,32805,0,0,15,15,4233,664,6561,7225
2,63495,46305,0,0,15,15,4233,1826,3087,4913
2,63495,46875,0,0,15,15,4233,5984,15625,21609
2,63525,34485,0,0,15,15,4235,51200,25289,76489
2,63555,285,0,0,60,15,4237,34992,19,35011
2,63675,1215,0,0,15,15,4245,79360,729,80089
2,63735,735,0,0,15,15,4249,8192,637,8829
2,63825,15,0,0,15,15,4255,64000,9,64009
2,63825,15,0,0,15,15,4255,71874,1,71875
2,63825,15,0,0,30,15,4255,98900,1,98901
2,63825,345,0,0,15,15,4255,43808,115,43923
2,63825,1665,0,0,15,15,4255,14792,333,15125
2,63825,6075,0,0,15,15,4255,10952,1215,12167
2,63825,7935,0,0,15,15,4255,10406,529,10935
2,63825,13365,0,0,15,15,4255,88064,9801,97865
2,63825,27945,0,0,15,15,4255,66550,1863,68413
2,63825,46875,0,0,15,15,4255,99846,3125,102971
2,63945,15,0,0,15,15,4263,4374,1,4375
2,64125,15,0,0,15,15,4275,4374,1,4375
2,64125,15,0,0,15,15,4275,6174,1,6175
2,64125,15,0,0,15,15,4275,6250,1,6251
2,64125,15,0,0,60,15,4275,5264,1,5265
2,64125,75,0,0,15,15,4275,7938,5,7943
2,64125,225,0,0,60,15,4275,28672,45,28717
2,64125,1365,0,0,15,15,4275,4374,91,4465
2,64125,1365,0,0,15,15,4275,8192,1183,9375
2,64125,1425,0,0,30,15,4275,8788,95,8883
2,64125,3645,0,0,15,15,4275,54872,729,55601
2,64125,6075,0,0,15,15,4275,16562,405,16967
2,64125,9375,0,0,15,15,4275,1568,3125,4693
2,64125,10125,0,0,15,15,4275,8192,8775,16967
2,64125,10935,0,0,15,15,4275,24064,6561,30625
2,64125,19035,0,0,15,15,4275,13000,3807,16807
2,64125,32955,0,0,15,15,4275,4418,2197,6615
2,64125,33135,0,0,15,15,4275,2166,2209,4375
2,64125,33135,0,0,15,15,4275,2250,2209,4459
2,64125,33135,0,0,15,15,4275,3584,19881,23465
2,64125,35625,0,0,15,15,4275,32,11875,11907
2,64125,36015,0,0,15,15,4275,3200,16807,20007
2,64125,46875,0,0,15,15,4275,4256,15625,19881
2,64240,80,0,0,32,16,4015,5324,5,5329
2,64240,2000,0,0,16,16,4015,6144,1375,7519
2,64240,13520,0,0,16,16,4015,2336,4225,6561
2,64240,21296,0,0,16,16,4015,864,6655,7519
2,64240,29200,0,0,16,16,4015,352,9125,9477
2,64240,34992,0,0,16,16,4015,9064,6561,15625
2,64240,50000,0,0,16,16,4015,4394,3125,7519
2,64350,330,0,0,30,15,4290,10952,33,10985
2,64350,1170,0,0,30,15,4290,6728,117,6845
2,64368,16,0,0,16,16,4023,4374,1,4375
2,64368,8464,0,0,16,16,4023,8046,529,8575
2,64368,10000,0,0,16,16,4023,33376,3125,36501
2,64485,405,0,0,15,15,4299,24334,27,24361
2,64545,15,0,0,15,15,4303,4374,1,4375
2,64545,405,0,0,15,15,4303,8200,81,8281
2,64545,1365,0,0,15,15,4303,8192,1183,9375
2,64545,4965,0,0,15,15,4303,4394,331,4725
2,64545,25215,0,0,15,15,4303,4394,1681,6075
2,64545,25515,0,0,15,15,4303,1664,11907,13571
2,64545,30135,0,0,15,15,4303,39366,2009,41375
2,64560,4304,0,0,16,16,4035,6606,269,6875
2,64575,15,0,0,15,15,4305,4374,1,4375
2,64575,1215,0,0,15,15,4305,42632,243,42875
2,64575,1875,0,0,15,15,4305,4704,625,5329
2,64575,3075,0,0,120,15,4305,15104,205,15309
2,64575,5625,0,0,15,15,4305,20992,3375,24367
2,64575,10125,0,0,15,15,4305,3304,2025,5329
2,64575,12915,0,0,30,15,4305,1024,4305,5329
2,64768,32,0,0,32,16,4048,64000,9,64009
2,64845,165,0,0,15,15,4323,6550,11,6561
2,64848,16,0,0,16,16,4053,4374,1,4375
2,64944,15376,0,0,16,16,4059,3362,961,4323
2,64995,15,0,0,15,15,4333,4374,1,4375
2,64995,55125,0,0,15,15,4333,1238,3675,4913
2,65040,16,0,0,16,16,4065,4374,1,4375
2,65040,16,0,0,16,16,4065,10368,7,10375
2,65040,16,0,0,16,16,4065,33614,1,33615
2,65040,4336,0,0,32,16,4065,5312,813,6125
2,65040,38416,0,0,16,16,4065,4374,2401,6775
2,65175,15,0,0,15,15,4345,4374,1,4375
2,65175,15,0,0,15,15,4345,12166,1,12167
2,65175,15,0,0,15,15,4345,64000,9,64009
2,65175,15,0,0,15,15,4345,71874,1,71875
2,65175,15,0,0,60,15,4345,8624,1,8625
2,65175,525,0,0,15,15,4345,14536,105,14641
2,65175,1185,0,0,15,15,4345,10240,869,11109
2,65175,1185,0,0,15,15,4345,12672,553,13225
2,65175,1185,0,0,15,15,4345,39366,79,39445
2,65175,5145,0,0,15,15,4345,29282,343,29625
2,65175,5445,0,0,15,15,4345,14536,1089,15625
2,65175,9375,0,0,15,15,4345,2464,3125,5589
2,65175,10125,0,0,15,15,4345,5566,675,6241
2,65175,14175,0,0,15,15,4345,2944,6615,9559
2,65175,19965,0,0,15,15,4345,3430,1331,4761
2,65175,24885,0,0,15,15,4345,3872,8295,12167
2,65175,24885,0,0,15,15,4345,10648,4977,15625
2,65175,28125,0,0,15,15,4345,616,5625,6241
2,65175,28125,0,0,15,15,4345,9016,5625,14641
2,65175,30375,0,0,15,15,4345,8,6075,6083
2,65175,32805,0,0,15,15,4345,11638,2187,13825
2,65175,46875,0,0,15,15,4345,184,9375,9559
2,65175,58065,0,0,15,15,4345,128,27097,27225
2,65296,38416,0,0,16,16,4081,5618,2401,8019
2,65475,7275,0,0,30,15,4365,58564,485,59049
2,65475,10125,0,0,15,15,4365,8734,675,9409
2,65488,16,0,0,16,16,4093,4374,1,4375
2,65488,1456,0,0,16,16,4093,8192,1183,9375
2,65490,1110,0,0,30,15,4366,8192,481,8673
2,65490,2220,0,0,60,15,4366,8192,481,8673
2,65490,4440,0,0,120,15,4366,8192,481,8673
2,65520,16,0,0,16,16,4095,4374,1,4375
2,65520,16,0,0,32,16,4095,31212,1,31213
2,65520,16,0,0,64,16,4095,28560,1,28561
2,65520,30,0,0,30,15,4368,12160,7,12167
2,65520,60,0,0,60,15,4368,12160,7,12167
2,65520,90,0,0,30,15,4368,9016,9,9025
2,65520,112,0,0,32,16,4095,6500,7,6507
2,65520,208,0,0,32,16,4095,4900,13,4913
2,65520,1360,0,0,16,16,4095,4374,85,4459
2,65520,1456,0,0,16,16,4095,8192,1183,9375
2,65520,2730,0,0,30,15,4368,8192,1183,9375
2,65520,5460,0,0,60,15,4368,8192,1183,9375
2,65520,5488,0,0,16,16,4095,12050,343,12393
2,65520,7056,0,0,16,16,4095,6656,3969,10625
2,65520,7280,0,0,32,16,4095,17408,2275,19683
2,65520,10920,0,0,120,15,4368,8192,1183,9375
2,65520,11568,0,0,16,16,4095,2744,2169,4913
2,65520,11568,0,0,16,16,4095,4802,723,5525
2,65520,26992,0,0,16,16,4095,109850,1687,111537
2,65520,34704,0,0,16,16,4095,64000,19521,83521
2,65805,1605,0,0,15,15,4387,5346,107,5453
2,65805,28215,0,0,15,15,4387,3362,1881,5243
2,65805,65805,0,0,120,15,4387,2816,4387,7203
2,65968,16,0,0,16,16,4123,4374,1,4375
2,65968,48,0,0,16,16,4123,4802,3,4805
2,65968,80,0,0,16,16,4123,184832,45,184877
2,65968,304,0,0,32,16,4123,4356,19,4375
2,65968,3472,0,0,64,16,4123,4400,217,4617
2,65968,5776,0,0,16,16,4123,13310,361,13671
2,65968,9424,0,0,16,16,4123,7986,589,8575
2,65968,11664,0,0,16,16,4123,10240,8019,18259
2,65968,14000,0,0,16,16,4123,1408,6125,7533
2,65968,16368,0,0,16,16,4123,25088,9207,34295
2,65968,21296,0,0,16,16,4123,6250,1331,7581
2,65968,24304,0,0,16,16,4123,13122,1519,14641
2,65968,31248,0,0,16,16,4123,1000,5859,6859
2,65968,34992,0,0,16,16,4123,3038,2187,5225
2,65968,38000,0,0,16,16,4123,32,11875,11907
2,65968,43120,0,0,16,16,4123,1922,2695,4617
2,65968,58320,0,0,16,16,4123,7546,3645,11191
2,66015,1665,0,0,15,15,4401,4802,111,4913
2,66015,7335,0,0,15,15,4401,512,4401,4913
2,66045,15,0,0,60,15,4403,4624,1,4625
2,66160,16,0,0,16,16,4135,4374,1,4375
2,66160,15760,0,0,16,16,4135,864,4925,5789
2,66300,30,0,0,30,15,4420,10240,11,10251
2,66300,60,0,0,60,15,4420,10240,11,10251
2,66300,120,0,0,120,15,4420,10240,11,10251
2,66375,9375,0,0,15,15,4425,13122,625,13747
2,66375,52215,0,0,15,15,4425,58250,3481,61731
2,66435,15,0,0,60,15,4429,9072,1,9073
2,66465,45,0,0,60,15,4431,15376,3,15379
2,66465,105,0,0,15,15,4431,6534,7,6541
2,66465,3165,0,0,30,15,4431,37268,211,37479
2,66465,22155,0,0,15,15,4431,28314,1477,29791
2,66465,22785,0,0,15,15,4431,13122,1519,14641
2,66555,27945,0,0,15,15,4437,8,5589,5597
2,66608,368,0,0,128,16,4163,4352,23,4375
2,66640,16,0,0,16,16,4165,4374,1,4375
2,66640,16,0,0,32,16,4165,9260,1,9261
2,66640,16,0,0,32,16,4165,12500,1,12501
2,66645,15,0,0,120,15,4443,16128,1,16129
2,66768,16,0,0,64,16,4173,26000,1,26001
2,66768,15408,0,0,16,16,4173,1336,2889,4225
2,66768,15408,0,0,16,16,4173,25000,2889,27889
2,66768,46224,0,0,16,16,4173,2560,26001,28561
2,66795,15,0,0,60,15,4453,14640,1,14641
2,66795,915,0,0,30,15,4453,14580,61,14641
2,66864,5488,0,0,16,16,4179,10368,2401,12769
2,66928,66928,0,0,32,16,4183,15500,4183,19683
2,66960,7632,0,0,16,16,4185,512,4293,4805
2,66960,11664,0,0,16,16,4185,7688,2187,9875
2,67056,16,0,0,128,16,4191,16128,1,16129
2,67065,3945,0,0,60,15,4471,5488,263,5751
2,67095,15,0,0,60,15,4473,5040,1,5041
2,67095,2685,0,0,15,15,4473,16000,1253,17253
2,67095,24165,0,0,15,15,4473,3430,1611,5041
2,67200,30,0,0,30,15,4480,10368,7,10375
2,67200,60,0,0,60,15,4480,10368,7,10375
2,67200,800,0,0,32,16,4200,6112,125,6237
2,67200,1600,0,0,64,16,4200,6112,125,6237
2,67245,23805,0,0,15,15,4483,35864,4761,40625
2,67245,67245,0,0,60,15,4483,80,4483,4563
2,67275,15,0,0,15,15,4485,14742,1,14743
2,67275,1365,0,0,15,15,4485,8192,1183,9375
2,67275,1365,0,0,15,15,4485,79488,637,80125
2,67275,2535,0,0,15,15,4485,5128,507,5635
2,67275,9375,0,0,15,15,4485,10368,4375,14743
2,67275,18375,0,0,15,15,4485,2208,6125,8333
2,67275,27945,0,0,15,15,4485,2744,5589,8333
2,67275,32805,0,0,15,15,4485,9464,6561,16025
2,67728,16,0,0,16,16,4233,4374,1,4375
2,67728,16,0,0,16,16,4233,10368,7,10375
2,67728,16,0,0,16,16,4233,33614,1,33615
2,67728,48,0,0,32,16,4233,41500,3,41503
2,67728,144,0,0,16,16,4233,4648,27,4675
2,67728,1200,0,0,16,16,4233,6664,225,6889
2,67728,1296,0,0,16,16,4233,9800,243,10043
2,67728,1328,0,0,16,16,4233,85750,83,85833
2,67728,1328,0,0,64,16,4233,19600,83,19683
2,67728,6800,0,0,16,16,4233,2048,4675,6723
2,67728,8624,0,0,16,16,4233,4374,539,4913
2,67728,11664,0,0,16,16,4233,11288,2187,13475
2,67728,13552,0,0,16,16,4233,53120,5929,59049
2,67728,14608,0,0,16,16,4233,106250,913,107163
2,67728,22032,0,0,16,16,4233,2744,4131,6875
2,67728,22576,0,0,16,16,4233,13230,1411,14641
2,67728,34992,0,0,16,16,4233,664,6561,7225
2,67728,49392,0,0,16,16,4233,1826,3087,4913
2,67728,50000,0,0,16,16,4233,5984,15625,21609
2,67760,36784,0,0,16,16,4235,51200,25289,76489
2,67792,304,0,0,64,16,4237,34992,19,35011
2,67920,1296,0,0,16,16,4245,79360,729,80089
2,67984,784,0,0,16,16,4249,8192,637,8829
2,68080,16,0,0,16,16,4255,64000,9,64009
2,68080,16,0,0,16,16,4255,71874,1,71875
2,68080,16,0,0,32,16,4255,98900,1,98901
2,68080,368,0,0,16,16,4255,43808,115,43923
2,68080,1776,0,0,16,16,4255,14792,333,15125
2,68080,6480,0,0,16,16,4255,10952,1215,12167
2,68080,8464,0,0,16,16,4255,10406,529,10935
2,68080,14256,0,0,16,16,4255,88064,9801,97865
2,68080,29808,0,0,16,16,4255,66550,1863,68413
2,68080,50000,0,0,16,16,4255,99846,3125,102971
2,68208,16,0,0,16,16,4263,4374,1,4375
2,68255,85,0,0,34,17,4015,5324,5,5329
2,68255,2125,0,0,17,17,4015,6144,1375,7519
2,68255,14365,0,0,17,17,4015,2336,4225,6561
2,68255,22627,0,0,17,17,4015,864,6655,7519
2,68255,31025,0,0,17,17,4015,352,9125,9477
2,68255,37179,0,0,17,17,4015,9064,6561,15625
2,68255,53125,0,0,17,17,4015,4394,3125,7519
2,68391,17,0,0,17,17,4023,4374,1,4375
2,68391,8993,0,0,17,17,4023,8046,529,8575
2,68391,10625,0,0,17,17,4023,33376,3125,36501
2,68400,16,0,0,16,16,4275,4374,1,4375
2,68400,16,0,0,16,16,4275,6174,1,6175
2,68400,16,0,0,16,16,4275,6250,1,6251
2,68400,16,0,0,64,16,4275,5264,1,5265
2,68400,80,0,0,16,16,4275,7938,5,7943
2,68400,240,0,0,64,16,4275,28672,45,28717
2,68400,1456,0,0,16,16,4275,4374,91,4465
2,68400,1456,0,0,16,16,4275,8192,1183,9375
2,68400,1520,0,0,32,16,4275,8788,95,8883
2,68400,3888,0,0,16,16,4275,54872,729,55601
2,68400,6480,0,0,16,16,4275,16562,405,16967
2,68400,10000,0,0,16,16,4275,1568,3125,4693
2,68400,10800,0,0,16,16,4275,8192,8775,16967
2,68400,11664,0,0,16,16,4275,24064,6561,30625
2,68400,20304,0,0,16,16,4275,13000,3807,16807
2,68400,35152,0,0,16,16,4275,4418,2197,6615
2,68400,35344,0,0,16,16,4275,2166,2209,4375
2,68400,35344,0,0,16,16,4275,2250,2209,4459
2,68400,35344,0,0,16,16,4275,3584,19881,23465
2,68400,38000,0,0,16,16,4275,32,11875,11907
2,68400,38416,0,0,16,16,4275,3200,16807,20007
2,68400,50000,0,0,16,16,4275,4256,15625,19881
2,68595,4573,0,0,17,17,4035,6606,269,6875
2,68640,352,0,0,32,16,4290,10952,33,10985
2,68640,1248,0,0,32,16,4290,6728,117,6845
2,68784,432,0,0,16,16,4299,24334,27,24361
2,68816,34,0,0,34,17,4048,64000,9,64009
2,68848,16,0,0,16,16,4303,4374,1,4375
2,68848,432,0,0,16,16,4303,8200,81,8281
2,68848,1456,0,0,16,16,4303,8192,1183,9375
2,68848,5296,0,0,16,16,4303,4394,331,4725
2,68848,26896,0,0,16,16,4303,4394,1681,6075
2,68848,27216,0,0,16,16,4303,1664,11907,13571
2,68848,32144,0,0,16,16,4303,39366,2009,41375
2,68880,16,0,0,16,16,4305,4374,1,4375
2,68880,1296,0,0,16,16,4305,42632,243,42875
2,68880,2000,0,0,16,16,4305,4704,625,5329
2,68880,3280,0,0,128,16,4305,15104,205,15309
2,68880,6000,0,0,16,16,4305,20992,3375,24367
2,68880,10800,0,0,16,16,4305,3304,2025,5329
2,68880,13776,0,0,32,16,4305,1024,4305,5329
2,68901,17,0,0,17,17,4053,4374,1,4375
2,69003,16337,0,0,17,17,4059,3362,961,4323
2,69105,17,0,0,17,17,4065,4374,1,4375
2,69105,17,0,0,17,17,4065,10368,7,10375
2,69105,17,0,0,17,17,4065,33614,1,33615
2,69105,4607,0,0,34,17,4065,5312,813,6125
2,69105,40817,0,0,17,17,4065,4374,2401,6775
2,69168,176,0,0,16,16,4323,6550,11,6561
2,69328,16,0,0,16,16,4333,4374,1,4375
2,69328,58800,0,0,16,16,4333,1238,3675,4913
2,69377,40817,0,0,17,17,4081,5618,2401,8019
2,69520,16,0,0,16,16,4345,4374,1,4375
2,69520,16,0,0,16,16,4345,12166,1,12167
2,69520,16,0,0,16,16,4345,64000,9,64009
2,69520,16,0,0,16,16,4345,71874,1,71875
2,69520,16,0,0,64,16,4345,8624,1,8625
2,69520,560,0,0,16,16,4345,14536,105,14641
2,69520,1264,0,0,16,16,4345,10240,869,11109
2,69520,1264,0,0,16,16,4345,12672,553,13225
2,69520,1264,0,0,16,16,4345,39366,79,39445
2,69520,5488,0,0,16,16,4345,29282,343,29625
2,69520,5808,0,0,16,16,4345,14536,1089,15625
2,69520,10000,0,0,16,16,4345,2464,3125,5589
2,69520,10800,0,0,16,16,4345,5566,675,6241
2,69520,15120,0,0,16,16,4345,2944,6615,9559
2,69520,21296,0,0,16,16,4345,3430,1331,4761
2,69520,26544,0,0,16,16,4345,3872,8295,12167
2,69520,26544,0,0,16,16,4345,10648,4977,15625
2,69520,30000,0,0,16,16,4345,616,5625,6241
2,69520,30000,0,0,16,16,4345,9016,5625,14641
2,69520,32400,0,0,16,16,4345,8,6075,6083
2,69520,34992,0,0,16,16,4345,11638,2187,13825
2,69520,50000,0,0,16,16,4345,184,9375,9559
2,69520,61936,0,0,16,16,4345,128,27097,27225
2,69581,17,0,0,17,17,4093,4374,1,4375
2,69581,1547,0,0,17,17,4093,8192,1183,9375
2,69615,17,0,0,17,17,4095,4374,1,4375
2,69615,17,0,0,34,17,4095,31212,1,31213
2,69615,17,0,0,68,17,4095,28560,1,28561
2,69615,119,0,0,34,17,4095,6500,7,6507
2,69615,221,0,0,34,17,4095,4900,13,4913
2,69615,1445,0,0,17,17,4095,4374,85,4459
2,69615,1547,0,0,17,17,4095,8192,1183,9375
2,69615,5831,0,0,17,17,4095,12050,343,12393
2,69615,7497,0,0,17,17,4095,6656,3969,10625
2,69615,7735,0,0,34,17,4095,17408,2275,19683
2,69615,12291,0,0,17,17,4095,2744,2169,4913
2,69615,12291,0,0,17,17,4095,4802,723,5525
2,69615,28679,0,0,17,17,4095,109850,1687,111537
2,69615,36873,0,0,17,17,4095,64000,19521,83521
2,69840,7760,0,0,32,16,4365,58564,485,59049
2,69840,10800,0,0,16,16,4365,8734,675,9409
2,69856,1184,0,0,32,16,4366,8192,481,8673
2,69856,2368,0,0,64,16,4366,8192,481,8673
2,69856,4736,0,0,128,16,4366,8192,481,8673
2,69888,32,0,0,32,16,4368,12160,7,12167
2,69888,64,0,0,64,16,4368,12160,7,12167
2,69888,96,0,0,32,16,4368,9016,9,9025
2,69888,2912,0,0,32,16,4368,8192,1183,9375
2,69888,5824,0,0,64,16,4368,8192,1183,9375
2,69888,11648,0,0,128,16,4368,8192,1183,9375
2,70091,17,0,0,17,17,4123,4374,1,4375
2,70091,51,0,0,17,17,4123,4802,3,4805
2,70091,85,0,0,17,17,4123,184832,45,184877
2,70091,323,0,0,34,17,4123,4356,19,4375
2,70091,3689,0,0,68,17,4123,4400,217,4617
2,70091,6137,0,0,17,17,4123,13310,361,13671
2,70091,10013,0,0,17,17,4123,7986,589,8575
2,70091,12393,0,0,17,17,4123,10240,8019,18259
2,70091,14875,0,0,17,17,4123,1408,6125,7533
2,70091,17391,0,0,17,17,4123,25088,9207,34295
2,70091,22627,0,0,17,17,4123,6250,1331,7581
2,70091,25823,0,0,17,17,4123,13122,1519,14641
2,70091,33201,0,0,17,17,4123,1000,5859,6859
2,70091,37179,0,0,17,17,4123,3038,2187,5225
2,70091,40375,0,0,17,17,4123,32,11875,11907
2,70091,45815,0,0,17,17,4123,1922,2695,4617
2,70091,61965,0,0,17,17,4123,7546,3645,11191
2,70192,1712,0,0,16,16,4387,5346,107,5453
2,70192,30096,0,0,16,16,4387,3362,1881,5243
2,70192,70192,0,0,128,16,4387,2816,4387,7203
2,70295,17,0,0,17,17,4135,4374,1,4375
2,70295,16745,0,0,17,17,4135,864,4925,5789
2,70416,1776,0,0,16,16,4401,4802,111,4913
2,70416,7824,0,0,16,16,4401,512,4401,4913
2,70448,16,0,0,64,16,4403,4624,1,4625
2,70720,32,0,0,32,16,4420,10240,11,10251
2,70720,64,0,0,64,16,4420,10240,11,10251
2,70720,128,0,0,128,16,4420,10240,11,10251
2,70771,391,0,0,136,17,4163,4352,23,4375
2,70800,10000,0,0,16,16,4425,13122,625,13747
2,70800,55696,0,0,16,16,4425,58250,3481,61731
2,70805,17,0,0,17,17,4165,4374,1,4375
2,70805,17,0,0,34,17,4165,9260,1,9261
2,70805,17,0,0,34,17,4165,12500,1,12501
2,70864,16,0,0,64,16,4429,9072,1,9073
2,70896,48,0,0,64,16,4431,15376,3,15379
2,70896,112,0,0,16,16,4431,6534,7,6541
2,70896,3376,0,0,32,16,4431,37268,211,37479
2,70896,23632,0,0,16,16,4431,28314,1477,29791
2,70896,24304,0,0,16,16,4431,13122,1519,14641
2,70941,17,0,0,68,17,4173,26000,1,26001
2,70941,16371,0,0,17,17,4173,1336,2889,4225
2,70941,16371,0,0,17,17,4173,25000,2889,27889
2,70941,49113,0,0,17,17,4173,2560,26001,28561
2,70992,29808,0,0,16,16,4437,8,5589,5597
2,71043,5831,0,0,17,17,4179,10368,2401,12769
2,71088,16,0,0,128,16,4443,16128,1,16129
2,71111,71111,0,0,34,17,4183,15500,4183,19683
2,71145,8109,0,0,17,17,4185,512,4293,4805
2,71145,12393,0,0,17,17,4185,7688,2187,9875
2,71247,17,0,0,136,17,4191,16128,1,16129
2,71248,16,0,0,64,16,4453,14640,1,14641
2,71248,976,0,0,32,16,4453,14580,61,14641
2,71400,850,0,0,34,17,4200,6112,125,6237
2,71400,1700,0,0,68,17,4200,6112,125,6237
2,71536,4208,0,0,64,16,4471,5488,263,5751
2,71568,16,0,0,64,16,4473,5040,1,5041
2,71568,2864,0,0,16,16,4473,16000,1253,17253
2,71568,25776,0,0,16,16,4473,3430,1611,5041
2,71680,32,0,0,32,16,4480,10368,7,10375
2,71680,64,0,0,64,16,4480,10368,7,10375
2,71728,25392,0,0,16,16,4483,35864,4761,40625
2,71728,71728,0,0,64,16,4483,80,4483,4563
2,71760,16,0,0,16,16,4485,14742,1,14743
2,71760,1456,0,0,16,16,4485,8192,1183,9375
2,71760,1456,0,0,16,16,4485,79488,637,80125
2,71760,2704,0,0,16,16,4485,5128,507,5635
2,71760,10000,0,0,16,16,4485,10368,4375,14743
2,71760,19600,0,0,16,16,4485,2208,6125,8333
2,71760,29808,0,0,16,16,4485,2744,5589,8333
2,71760,34992,0,0,16,16,4485,9464,6561,16025
2,71961,17,0,0,17,17,4233,4374,1,4375
2,71961,17,0,0,17,17,4233,10368,7,10375
2,71961,17,0,0,17,17,4233,33614,1,33615
2,71961,51,0,0,34,17,4233,41500,3,41503
2,71961,153,0,0,17,17,4233,4648,27,4675
2,71961,1275,0,0,17,17,4233,6664,225,6889
2,71961,1377,0,0,17,17,4233,9800,243,10043
2,71961,1411,0,0,17,17,4233,85750,83,85833
2,71961,1411,0,0,68,17,4233,19600,83,19683
2,71961,7225,0,0,17,17,4233,2048,4675,6723
2,71961,9163,0,0,17,17,4233,4374,539,4913
2,71961,12393,0,0,17,17,4233,11288,2187,13475
2,71961,14399,0,0,17,17,4233,53120,5929,59049
2,71961,15521,0,0,17,17,4233,106250,913,107163
2,71961,23409,0,0,17,17,4233,2744,4131,6875
2,71961,23987,0,0,17,17,4233,13230,1411,14641
2,71961,37179,0,0,17,17,4233,664,6561,7225
2,71961,52479,0,0,17,17,4233,1826,3087,4913
2,71961,53125,0,0,17,17,4233,5984,15625,21609
2,71995,39083,0,0,17,17,4235,51200,25289,76489
2,72029,323,0,0,68,17,4237,34992,19,35011
2,72165,1377,0,0,17,17,4245,79360,729,80089
2,72233,833,0,0,17,17,4249,8192,637,8829
2,72270,90,0,0,36,18,4015,5324,5,5329
2,72270,2250,0,0,18,18,4015,6144,1375,7519
2,72270,15210,0,0,18,18,4015,2336,4225,6561
2,72270,23958,0,0,18,18,4015,864,6655,7519
2,72270,32850,0,0,18,18,4015,352,9125,9477
2,72270,39366,0,0,18,18,4015,9064,6561,15625
2,72270,56250,0,0,18,18,4015,4394,3125,7519
2,72335,17,0,0,17,17,4255,64000,9,64009
2,72335,17,0,0,17,17,4255,71874,1,71875
2,72335,17,0,0,34,17,4255,98900,1,98901
2,72335,391,0,0,17,17,4255,43808,115,43923
2,72335,1887,0,0,17,17,4255,14792,333,15125
2,72335,6885,0,0,17,17,4255,10952,1215,12167
2,72335,8993,0,0,17,17,4255,10406,529,10935
2,72335,15147,0,0,17,17,4255,88064,9801,97865
2,72335,31671,0,0,17,17,4255,66550,1863,68413
2,72335,53125,0,0,17,17,4255,99846,3125,102971
2,72414,18,0,0,18,18,4023,4374,1,4375
2,72414,9522,0,0,18,18,4023,8046,529,8575
2,72414,11250,0,0,18,18,4023,33376,3125,36501
2,72471,17,0,0,17,17,4263,4374,1,4375
2,72630,4842,0,0,18,18,4035,6606,269,6875
2,72675,17,0,0,17,17,4275,4374,1,4375
2,72675,17,0,0,17,17,4275,6174,1,6175
2,72675,17,0,0,17,17,4275,6250,1,6251
2,72675,17,0,0,68,17,4275,5264,1,5265
2,72675,85,0,0,17,17,4275,7938,5,7943
2,72675,255,0,0,68,17,4275,28672,45,28717
2,72675,1547,0,0,17,17,4275,4374,91,4465
2,72675,1547,0,0,17,17,4275,8192,1183,9375
2,72675,1615,0,0,34,17,4275,8788,95,8883
2,72675,4131,0,0,17,17,4275,54872,729,55601
2,72675,6885,0,0,17,17,4275,16562,405,16967
2,72675,10625,0,0,17,17,4275,1568,3125,4693
2,72675,11475,0,0,17,17,4275,8192,8775,16967
2,72675,12393,0,0,17,17,4275,24064,6561,30625
2,72675,21573,0,0,17,17,4275,13000,3807,16807
2,72675,37349,0,0,17,17,4275,4418,2197,6615
2,72675,37553,0,0,17,17,4275,2166,2209,4375
2,72675,37553,0,0,17,17,4275,2250,2209,4459
2,72675,37553,0,0,17,17,4275,3584,19881,23465
2,72675,40375,0,0,17,17,4275,32,11875,11907
2,72675,40817,0,0,17,17,4275,3200,16807,20007
2,72675,53125,0,0,17,17,4275,4256,15625,19881
2,72864,36,0,0,36,18,4048,64000,9,64009
2,72930,374,0,0,34,17,4290,10952,33,10985
2,72930,1326,0,0,34,17,4290,6728,117,6845
2,72954,18,0,0,18,18,4053,4374,1,4375
2,73062,17298,0,0,18,18,4059,3362,961,4323
2,73083,459,0,0,17,17,4299,24334,27,24361
2,73151,17,0,0,17,17,4303,4374,1,4375
2,73151,459,0,0,17,17,4303,8200,81,8281
2,73151,1547,0,0,17,17,4303,8192,1183,9375
2,73151,5627,0,0,17,17,4303,4394,331,4725
2,73151,28577,0,0,17,17,4303,4394,1681,6075
2,73151,28917,0,0,17,17,4303,1664,11907,13571
2,73151,34153,0,0,17,17,4303,39366,2009,41375
2,73170,18,0,0,18,18,4065,4374,1,4375
2,73170,18,0,0,18,18,4065,10368,7,10375
2,73170,18,0,0,18,18,4065,33614,1,33615
2,73170,4878,0,0,36,18,4065,5312,813,6125
2,73170,43218,0,0,18,18,4065,4374,2401,6775
2,73185,17,0,0,17,17,4305,4374,1,4375
2,73185,1377,0,0,17,17,4305,42632,243,42875
2,73185,2125,0,0,17,17,4305,4704,625,5329
2,73185,3485,0,0,136,17,4305,15104,205,15309
2,73185,6375,0,0,17,17,4305,20992,3375,24367
2,73185,11475,0,0,17,17,4305,3304,2025,5329
2,73185,14637,0,0,34,17,4305,1024,4305,5329
2,73458,43218,0,0,18,18,4081,5618,2401,8019
2,73491,187,0,0,17,17,4323,6550,11,6561
2,73661,17,0,0,17,17,4333,4374,1,4375
2,73661,62475,0,0,17,17,4333,1238,3675,4913
2,73674,18,0,0,18,18,4093,4374,1,4375
2,73674,1638,0,0,18,18,4093,8192,1183,9375
2,73710,18,0,0,18,18,4095,4374,1,4375
2,73710,18,0,0,36,18,4095,31212,1,31213
2,73710,18,0,0,72,18,4095,28560,1,28561
2,73710,126,0,0,36,18,4095,6500,7,6507
2,73710,234,0,0,36,18,4095,4900,13,4913
2,73710,1530,0,0,18,18,4095,4374,85,4459
2,73710,1638,0,0,18,18,4095,8192,1183,9375
2,73710,6174,0,0,18,18,4095,12050,343,12393
2,73710,7938,0,0,18,18,4095,6656,3969,10625
2,73710,8190,0,0,36,18,4095,17408,2275,19683
2,73710,13014,0,0,18,18,4095,2744,2169,4913
2,73710,13014,0,0,18,18,4095,4802,723,5525
2,73710,30366,0,0,18,18,4095,109850,1687,111537
2,73710,39042,0,0,18,18,4095,64000,19521,83521
2,73865,17,0,0,17,17,4345,4374,1,4375
2,73865,17,0,0,17,17,4345,12166,1,12167
2,73865,17,0,0,17,17,4345,64000,9,64009
2,73865,17,0,0,17,17,4345,71874,1,71875
2,73865,17,0,0,68,17,4345,8624,1,8625
2,73865,595,0,0,17,17,4345,14536,105,14641
2,73865,1343,0,0,17,17,4345,10240,869,11109
2,73865,1343,0,0,17,17,4345,12672,553,13225
2,73865,1343,0,0,17,17,4345,39366,79,39445
2,73865,5831,0,0,17,17,4345,29282,343,29625
2,73865,6171,0,0,17,17,4345,14536,1089,15625
2,73865,10625,0,0,17,17,4345,2464,3125,5589
2,73865,11475,0,0,17,17,4345,5566,675,6241
2,73865,16065,0,0,17,17,4345,2944,6615,9559
2,73865,22627,0,0,17,17,4345,3430,1331,4761
2,73865,28203,0,0,17,17,4345,3872,8295,12167
2,73865,28203,0,0,17,17,4345,10648,4977,15625
2,73865,31875,0,0,17,17,4345,616,5625,6241
2,73865,31875,0,0,17,17,4345,9016,5625,14641
2,73865,34425,0,0,17,17,4345,8,6075,6083
2,73865,37179,0,0,17,17,4345,11638,2187,13825
2,73865,53125,0,0,17,17,4345,184,9375,9559
2,73865,65807,0,0,17,17,4345,128,27097,27225
2,74205,8245,0,0,34,17,4365,58564,485,59049
2,74205,11475,0,0,17,17,4365,8734,675,9409
2,74214,18,0,0,18,18,4123,4374,1,4375
2,74214,54,0,0,18,18,4123,4802,3,4805
2,74214,90,0,0,18,18,4123,184832,45,184877
2,74214,342,0,0,36,18,4123,4356,19,4375
2,74214,3906,0,0,72,18,4123,4400,217,4617
2,74214,6498,0,0,18,18,4123,13310,361,13671
2,74214,10602,0,0,18,18,4123,7986,589,8575
2,74214,13122,0,0,18,18,4123,10240,8019,18259
2,74214,15750,0,0,18,18,4123,1408,6125,7533
2,74214,18414,0,0,18,18,4123,25088,9207,34295
2,74214,23958,0,0,18,18,4123,6250,1331,7581
2,74214,27342,0,0,18,18,4123,13122,1519,14641
2,74214,35154,0,0,18,18,4123,1000,5859,6859
2,74214,39366,0,0,18,18,4123,3038,2187,5225
2,74214,42750,0,0,18,18,4123,32,11875,11907
2,74214,48510,0,0,18,18,4123,1922,2695,4617
2,74214,65610,0,0,18,18,4123,7546,3645,11191
2,74222,1258,0,0,34,17,4366,8192,481,8673
2,74222,2516,0,0,68,17,4366,8192,481,8673
2,74222,5032,0,0,136,17,4366,8192,481,8673
2,74256,34,0,0,34,17,4368,12160,7,12167
2,74256,68,0,0,68,17,4368,12160,7,12167
2,74256,102,0,0,34,17,4368,9016,9,9025
2,74256,3094,0,0,34,17,4368,8192,1183,9375
2,74256,6188,0,0,68,17,4368,8192,1183,9375
2,74256,12376,0,0,136,17,4368,8192,1183,9375
2,74430,18,0,0,18,18,4135,4374,1,4375
2,74430,17730,0,0,18,18,4135,864,4925,5789
2,74579,1819,0,0,17,17,4387,5346,107,5453
2,74579,31977,0,0,17,17,4387,3362,1881,5243
2,74579,74579,0,0,136,17,4387,2816,4387,7203
2,74817,1887,0,0,17,17,4401,4802,111,4913
2,74817,8313,0,0,17,17,4401,512,4401,4913
2,74851,17,0,0,68,17,4403,4624,1,4625
2,74970,18,0,0,18,18,4165,4374,1,4375
2,74970,18,0,0,36,18,4165,9260,1,9261
2,74970,18,0,0,36,18,4165,12500,1,12501
2,75114,18,0,0,72,18,4173,26000,1,26001
2,75114,17334,0,0,18,18,4173,1336,2889,4225
2,75114,17334,0,0,18,18,4173,25000,2889,27889
2,75114,52002,0,0,18,18,4173,2560,26001,28561
2,75140,34,0,0,34,17,4420,10240,11,10251
2,75140,68,0,0,68,17,4420,10240,11,10251
2,75140,136,0,0,136,17,4420,10240,11,10251
2,75222,6174,0,0,18,18,4179,10368,2401,12769
2,75225,10625,0,0,17,17,4425,13122,625,13747
2,75225,59177,0,0,17,17,4425,58250,3481,61731
2,75293,17,0,0,68,17,4429,9072,1,9073
2,75294,75294,0,0,36,18,4183,15500,4183,19683
2,75327,51,0,0,68,17,4431,15376,3,15379
2,75327,119,0,0,17,17,4431,6534,7,6541
2,75327,3587,0,0,34,17,4431,37268,211,37479
2,75327,25109,0,0,17,17,4431,28314,1477,29791
2,75327,25823,0,0,17,17,4431,13122,1519,14641
2,75330,8586,0,0,18,18,4185,512,4293,4805
2,75330,13122,0,0,18,18,4185,7688,2187,9875
2,75429,31671,0,0,17,17,4437,8,5589,5597
2,75531,17,0,0,136,17,4443,16128,1,16129
2,75600,900,0,0,36,18,4200,6112,125,6237
2,75600,1800,0,0,72,18,4200,6112,125,6237
2,75701,17,0,0,68,17,4453,14640,1,14641
2,75701,1037,0,0,34,17,4453,14580,61,14641
2,76007,4471,0,0,68,17,4471,5488,263,5751
2,76041,17,0,0,68,17,4473,5040,1,5041
2,76041,3043,0,0,17,17,4473,16000,1253,17253
2,76041,27387,0,0,17,17,4473,3430,1611,5041
2,76160,34,0,0,34,17,4480,10368,7,10375
2,76160,68,0,0,68,17,4480,10368,7,10375
2,76194,18,0,0,18,18,4233,4374,1,4375
2,76194,18,0,0,18,18,4233,10368,7,10375
2,76194,18,0,0,18,18,4233,33614,1,33615
2,76194,54,0,0,36,18,4233,41500,3,41503
2,76194,162,0,0,18,18,4233,4648,27,4675
2,76194,1350,0,0,18,18,4233,6664,225,6889
2,76194,1458,0,0,18,18,4233,9800,243,10043
2,76194,1494,0,0,18,18,4233,85750,83,85833
2,76194,1494,0,0,72,18,4233,19600,83,19683
2,76194,7650,0,0,18,18,4233,2048,4675,6723
2,76194,9702,0,0,18,18,4233,4374,539,4913
2,76194,13122,0,0,18,18,4233,11288,2187,13475
2,76194,15246,0,0,18,18,4233,53120,5929,59049
2,76194,16434,0,0,18,18,4233,106250,913,107163
2,76194,24786,0,0,18,18,4233,2744,4131,6875
2,76194,25398,0,0,18,18,4233,13230,1411,14641
2,76194,39366,0,0,18,18,4233,664,6561,7225
2,76194,55566,0,0,18,18,4233,1826,3087,4913
2,76194,56250,0,0,18,18,4233,5984,15625,21609
2,76211,26979,0,0,17,17,4483,35864,4761,40625
2,76211,76211,0,0,68,17,4483,80,4483,4563
2,76230,41382,0,0,18,18,4235,51200,25289,76489
2,76245,17,0,0,17,17,4485,14742,1,14743
2,76245,1547,0,0,17,17,4485,8192,1183,9375
2,76245,1547,0,0,17,17,4485,79488,637,80125
2,76245,2873,0,0,17,17,4485,5128,507,5635
2,76245,10625,0,0,17,17,4485,10368,4375,14743
2,76245,20825,0,0,17,17,4485,2208,6125,8333
2,76245,31671,0,0,17,17,4485,2744,5589,8333
2,76245,37179,0,0,17,17,4485,9464,6561,16025
2,76266,342,0,0,72,18,4237,34992,19,35011
2,76285,95,0,0,38,19,4015,5324,5,5329
2,76285,2375,0,0,19,19,4015,6144,1375,7519
2,76285,16055,0,0,19,19,4015,2336,4225,6561
2,76285,25289,0,0,19,19,4015,864,6655,7519
2,76285,34675,0,0,19,19,4015,352,9125,9477
2,76285,41553,0,0,19,19,4015,9064,6561,15625
2,76285,59375,0,0,19,19,4015,4394,3125,7519
2,76410,1458,0,0,18,18,4245,79360,729,80089
2,76437,19,0,0,19,19,4023,4374,1,4375
2,76437,10051,0,0,19,19,4023,8046,529,8575
2,76437,11875,0,0,19,19,4023,33376,3125,36501
2,76482,882,0,0,18,18,4249,8192,637,8829
2,76590,18,0,0,18,18,4255,64000,9,64009
2,76590,18,0,0,18,18,4255,71874,1,71875
2,76590,18,0,0,36,18,4255,98900,1,98901
2,76590,414,0,0,18,18,4255,43808,115,43923
2,76590,1998,0,0,18,18,4255,14792,333,15125
2,76590,7290,0,0,18,18,4255,10952,1215,12167
2,76590,9522,0,0,18,18,4255,10406,529,10935
2,76590,16038,0,0,18,18,4255,88064,9801,97865
2,76590,33534,0,0,18,18,4255,66550,1863,68413
2,76590,56250,0,0,18,18,4255,99846,3125,102971
2,76665,5111,0,0,19,19,4035,6606,269,6875
2,76734,18,0,0,18,18,4263,4374,1,4375
2,76912,38,0,0,38,19,4048,64000,9,64009
2,76950,18,0,0,18,18,4275,4374,1,4375
2,76950,18,0,0,18,18,4275,6174,1,6175
2,76950,18,0,0,18,18,4275,6250,1,6251
2,76950,18,0,0,72,18,4275,5264,1,5265
2,76950,90,0,0,18,18,4275,7938,5,7943
2,76950,270,0,0,72,18,4275,28672,45,28717
2,76950,1638,0,0,18,18,4275,4374,91,4465
2,76950,1638,0,0,18,18,4275,8192,1183,9375
2,76950,1710,0,0,36,18,4275,8788,95,8883
2,76950,4374,0,0,18,18,4275,54872,729,55601
2,76950,7290,0,0,18,18,4275,16562,405,16967
2,76950,11250,0,0,18,18,4275,1568,3125,4693
2,76950,12150,0,0,18,18,4275,8192,8775,16967
2,76950,13122,0,0,18,18,4275,24064,6561,30625
2,76950,22842,0,0,18,18,4275,13000,3807,16807
2,76950,39546,0,0,18,18,4275,4418,2197,6615
2,76950,39762,0,0,18,18,4275,2166,2209,4375
2,76950,39762,0,0,18,18,4275,2250,2209,4459
2,76950,39762,0,0,18,18,4275,3584,19881,23465
2,76950,42750,0,0,18,18,4275,32,11875,11907
2,76950,43218,0,0,18,18,4275,3200,16807,20007
2,76950,56250,0,0,18,18,4275,4256,15625,19881
2,77007,19,0,0,19,19,4053,4374,1,4375
2,77121,18259,0,0,19,19,4059,3362,961,4323
2,77220,396,0,0,36,18,4290,10952,33,10985
2,77220,1404,0,0,36,18,4290,6728,117,6845
2,77235,19,0,0,19,19,4065,4374,1,4375
2,77235,19,0,0,19,19,4065,10368,7,10375
2,77235,19,0,0,19,19,4065,33614,1,33615
2,77235,5149,0,0,38,19,4065,5312,813,6125
2,77235,45619,0,0,19,19,4065,4374,2401,6775
2,77382,486,0,0,18,18,4299,24334,27,24361
2,77454,18,0,0,18,18,4303,4374,1,4375
2,77454,486,0,0,18,18,4303,8200,81,8281
2,77454,1638,0,0,18,18,4303,8192,1183,9375
2,77454,5958,0,0,18,18,4303,4394,331,4725
2,77454,30258,0,0,18,18,4303,4394,1681,6075
2,77454,30618,0,0,18,18,4303,1664,11907,13571
2,77454,36162,0,0,18,18,4303,39366,2009,41375
2,77490,18,0,0,18,18,4305,4374,1,4375
2,77490,1458,0,0,18,18,4305,42632,243,42875
2,77490,2250,0,0,18,18,4305,4704,625,5329
2,77490,6750,0,0,18,18,4305,20992,3375,24367
2,77490,12150,0,0,18,18,4305,3304,2025,5329
2,77490,15498,0,0,36,18,4305,1024,4305,5329
2,77539,45619,0,0,19,19,4081,5618,2401,8019
2,77767,19,0,0,19,19,4093,4374,1,4375
2,77767,1729,0,0,19,19,4093,8192,1183,9375
2,77805,19,0,0,19,19,4095,4374,1,4375
2,77805,19,0,0,38,19,4095,31212,1,31213
2,77805,19,0,0,76,19,4095,28560,1,28561
2,77805,133,0,0,38,19,4095,6500,7,6507
2,77805,247,0,0,38,19,4095,4900,13,4913
2,77805,1615,0,0,19,19,4095,4374,85,4459
2,77805,1729,0,0,19,19,4095,8192,1183,9375
2,77805,6517,0,0,19,19,4095,12050,343,12393
2,77805,8379,0,0,19,19,4095,6656,3969,10625
2,77805,8645,0,0,38,19,4095,17408,2275,19683
2,77805,13737,0,0,19,19,4095,2744,2169,4913
2,77805,13737,0,0,19,19,4095,4802,723,5525
2,77805,32053,0,0,19,19,4095,109850,1687,111537
2,77805,41211,0,0,19,19,4095,64000,19521,83521
2,77814,198,0,0,18,18,4323,6550,11,6561
2,77994,18,0,0,18,18,4333,4374,1,4375
2,77994,66150,0,0,18,18,4333,1238,3675,4913
2,78210,18,0,0,18,18,4345,4374,1,4375
2,78210,18,0,0,18,18,4345,12166,1,12167
2,78210,18,0,0,18,18,4345,64000,9,64009
2,78210,18,0,0,18,18,4345,71874,1,71875
2,78210,18,0,0,72,18,4345,8624,1,8625
2,78210,630,0,0,18,18,4345,14536,105,14641
2,78210,1422,0,0,18,18,4345,10240,869,11109
2,78210,1422,0,0,18,18,4345,12672,553,13225
2,78210,1422,0,0,18,18,4345,39366,79,39445
2,78210,6174,0,0,18,18,4345,29282,343,29625
2,78210,6534,0,0,18,18,4345,14536,1089,15625
2,78210,11250,0,0,18,18,4345,2464,3125,5589
2,78210,12150,0,0,18,18,4345,5566,675,6241
2,78210,17010,0,0,18,18,4345,2944,6615,9559
2,78210,23958,0,0,18,18,4345,3430,1331,4761
2,78210,29862,0,0,18,18,4345,3872,8295,12167
2,78210,29862,0,0,18,18,4345,10648,4977,15625
2,78210,33750,0,0,18,18,4345,616,5625,6241
2,78210,33750,0,0,18,18,4345,9016,5625,14641
2,78210,36450,0,0,18,18,4345,8,6075,6083
2,78210,39366,0,0,18,18,4345,11638,2187,13825
2,78210,56250,0,0,18,18,4345,184,9375,9559
2,78210,69678,0,0,18,18,4345,128,27097,27225
2,78337,19,0,0,19,19,4123,4374,1,4375
2,78337,57,0,0,19,19,4123,4802,3,4805
2,78337,95,0,0,19,19,4123,184832,45,184877
2,78337,361,0,0,38,19,4123,4356,19,4375
2,78337,4123,0,0,76,19,4123,4400,217,4617
2,78337,6859,0,0,19,19,4123,13310,361,13671
2,78337,11191,0,0,19,19,4123,7986,589,8575
2,78337,13851,0,0,19,19,4123,10240,8019,18259
2,78337,16625,0,0,19,19,4123,1408,6125,7533
2,78337,19437,0,0,19,19,4123,25088,9207,34295
2,78337,25289,0,0,19,19,4123,6250,1331,7581
2,78337,28861,0,0,19,19,4123,13122,1519,14641
2,78337,37107,0,0,19,19,4123,1000,5859,6859
2,78337,41553,0,0,19,19,4123,3038,2187,5225
2,78337,45125,0,0,19,19,4123,32,11875,11907
2,78337,51205,0,0,19,19,4123,1922,2695,4617
2,78337,69255,0,0,19,19,4123,7546,3645,11191
2,78565,19,0,0,19,19,4135,4374,1,4375
2,78565,18715,0,0,19,19,4135,864,4925,5789
2,78570,8730,0,0,36,18,4365,58564,485,59049
2,78570,12150,0,0,18,18,4365,8734,675,9409
2,78588,1332,0,0,36,18,4366,8192,481,8673
2,78588,2664,0,0,72,18,4366,8192,481,8673
2,78624,36,0,0,36,18,4368,12160,7,12167
2,78624,72,0,0,72,18,4368,12160,7,12167
2,78624,108,0,0,36,18,4368,9016,9,9025
2,78624,3276,0,0,36,18,4368,8192,1183,9375
2,78624,6552,0,0,72,18,4368,8192,1183,9375
2,78966,1926,0,0,18,18,4387,5346,107,5453
2,78966,33858,0,0,18,18,4387,3362,1881,5243
2,79135,19,0,0,19,19,4165,4374,1,4375
2,79135,19,0,0,38,19,4165,9260,1,9261
2,79135,19,0,0,38,19,4165,12500,1,12501
2,79218,1998,0,0,18,18,4401,4802,111,4913
2,79218,8802,0,0,18,18,4401,512,4401,4913
2,79254,18,0,0,72,18,4403,4624,1,4625
2,79287,19,0,0,76,19,4173,26000,1,26001
2,79287,18297,0,0,19,19,4173,1336,2889,4225
2,79287,18297,0,0,19,19,4173,25000,2889,27889
2,79287,54891,0,0,19,19,4173,2560,26001,28561
2,79401,6517,0,0,19,19,4179,10368,2401,12769
2,79477,79477,0,0,38,19,4183,15500,4183,19683
2,79515,9063,0,0,19,19,4185,512,4293,4805
2,79515,13851,0,0,19,19,4185,7688,2187,9875
2,79560,36,0,0,36,18,4420,10240,11,10251
2,79560,72,0,0,72,18,4420,10240,11,10251
2,79650,11250,0,0,18,18,4425,13122,625,13747
2,79650,62658,0,0,18,18,4425,58250,3481,61731
2,79722,18,0,0,72,18,4429,9072,1,9073
2,79758,54,0,0,72,18,4431,15376,3,15379
2,79758,126,0,0,18,18,4431,6534,7,6541
2,79758,3798,0,0,36,18,4431,37268,211,37479
2,79758,26586,0,0,18,18,4431,28314,1477,29791
2,79758,27342,0,0,18,18,4431,13122,1519,14641
2,79800,950,0,0,38,19,4200,6112,125,6237
2,79800,1900,0,0,76,19,4200,6112,125,6237
2,79866,33534,0,0,18,18,4437,8,5589,5597
2,80154,18,0,0,72,18,4453,14640,1,14641
2,80154,1098,0,0,36,18,4453,14580,61,14641
2,80300,100,0,0,40,20,4015,5324,5,5329
2,80300,2500,0,0,20,20,4015,6144,1375,7519
2,80300,16900,0,0,20,20,4015,2336,4225,6561
2,80300,26620,0,0,20,20,4015,864,6655,7519
2,80300,36500,0,0,20,20,4015,352,9125,9477
2,80300,43740,0,0,20,20,4015,9064,6561,15625
2,80300,62500,0,0,20,20,4015,4394,3125,7519
2,80427,19,0,0,19,19,4233,4374,1,4375
2,80427,19,0,0,19,19,4233,10368,7,10375
2,80427,19,0,0,19,19,4233,33614,1,33615
2,80427,57,0,0,38,19,4233,41500,3,41503
2,80427,171,0,0,19,19,4233,4648,27,4675
2,80427,1425,0,0,19,19,4233,6664,225,6889
2,80427,1539,0,0,19,19,4233,9800,243,10043
2,80427,1577,0,0,19,19,4233,85750,83,85833
2,80427,1577,0,0,76,19,4233,19600,83,19683
2,80427,8075,0,0,19,19,4233,2048,4675,6723
2,80427,10241,0,0,19,19,4233,4374,539,4913
2,80427,13851,0,0,19,19,4233,11288,2187,13475
2,80427,16093,0,0,19,19,4233,53120,5929,59049
2,80427,17347,0,0,19,19,4233,106250,913,107163
2,80427,26163,0,0,19,19,4233,2744,4131,6875
2,80427,26809,0,0,19,19,4233,13230,1411,14641
2,80427,41553,0,0,19,19,4233,664,6561,7225
2,80427,58653,0,0,19,19,4233,1826,3087,4913
2,80427,59375,0,0,19,19,4233,5984,15625,21609
2,80460,20,0,0,20,20,4023,4374,1,4375
2,80460,10580,0,0,20,20,4023,8046,529,8575
2,80460,12500,0,0,20,20,4023,33376,3125,36501
2,80465,43681,0,0,19,19,4235,51200,25289,76489
2,80478,4734,0,0,72,18,4471,5488,263,5751
2,80503,361,0,0,76,19,4237,34992,19,35011
2,80514,18,0,0,72,18,4473,5040,1,5041
2,80514,3222,0,0,18,18,4473,16000,1253,17253
2,80514,28998,0,0,18,18,4473,3430,1611,5041
2,80640,36,0,0,36,18,4480,10368,7,10375
2,80640,72,0,0,72,18,4480,10368,7,10375
2,80655,1539,0,0,19,19,4245,79360,729,80089
2,80694,28566,0,0,18,18,4483,35864,4761,40625
2,80694,80694,0,0,72,18,4483,80,4483,4563
2,80700,5380,0,0,20,20,4035,6606,269,6875
2,80730,18,0,0,18,18,4485,14742,1,14743
2,80730,1638,0,0,18,18,4485,8192,1183,9375
2,80730,1638,0,0,18,18,4485,79488,637,80125
2,80730,3042,0,0,18,18,4485,5128,507,5635
2,80730,11250,0,0,18,18,4485,10368,4375,14743
2,80730,22050,0,0,18,18,4485,2208,6125,8333
2,80730,33534,0,0,18,18,4485,2744,5589,8333
2,80730,39366,0,0,18,18,4485,9464,6561,16025
2,80731,931,0,0,19,19,4249,8192,637,8829
2,80845,19,0,0,19,19,4255,64000,9,64009
2,80845,19,0,0,19,19,4255,71874,1,71875
2,80845,19,0,0,38,19,4255,98900,1,98901
2,80845,437,0,0,19,19,4255,43808,115,43923
2,80845,2109,0,0,19,19,4255,14792,333,15125
2,80845,7695,0,0,19,19,4255,10952,1215,12167
2,80845,10051,0,0,19,19,4255,10406,529,10935
2,80845,16929,0,0,19,19,4255,88064,9801,97865
2,80845,35397,0,0,19,19,4255,66550,1863,68413
2,80845,59375,0,0,19,19,4255,99846,3125,102971
2,80960,40,0,0,40,20,4048,64000,9,64009
2,80997,19,0,0,19,19,4263,4374,1,4375
2,81060,20,0,0,20,20,4053,4374,1,4375
2,81180,19220,0,0,20,20,4059,3362,961,4323
2,81225,19,0,0,19,19,4275,4374,1,4375
2,81225,19,0,0,19,19,4275,6174,1,6175
2,81225,19,0,0,19,19,4275,6250,1,6251
2,81225,19,0,0,76,19,4275,5264,1,5265
2,81225,95,0,0,19,19,4275,7938,5,7943
2,81225,285,0,0,76,19,4275,28672,45,28717
2,81225,1729,0,0,19,19,4275,4374,91,4465
2,81225,1729,0,0,19,19,4275,8192,1183,9375
2,81225,1805,0,0,38,19,4275,8788,95,8883
2,81225,4617,0,0,19,19,4275,54872,729,55601
2,81225,7695,0,0,19,19,4275,16562,405,16967
2,81225,11875,0,0,19,19,4275,1568,3125,4693
2,81225,12825,0,0,19,19,4275,8192,8775,16967
2,81225,13851,0,0,19,19,4275,24064,6561,30625
2,81225,24111,0,0,19,19,4275,13000,3807,16807
2,81225,41743,0,0,19,19,4275,4418,2197,6615
2,81225,41971,0,0,19,19,4275,2166,2209,4375
2,81225,41971,0,0,19,19,4275,2250,2209,4459
2,81225,41971,0,0,19,19,4275,3584,19881,23465
2,81225,45125,0,0,19,19,4275,32,11875,11907
2,81225,45619,0,0,19,19,4275,3200,16807,20007
2,81225,59375,0,0,19,19,4275,4256,15625,19881
2,81300,20,0,0,20,20,4065,4374,1,4375
2,81300,20,0,0,20,20,4065,10368,7,10375
2,81300,20,0,0,20,20,4065,33614,1,33615
2,81300,5420,0,0,40,20,4065,5312,813,6125
2,81300,48020,0,0,20,20,4065,4374,2401,6775
2,81510,418,0,0,38,19,4290,10952,33,10985
2,81510,1482,0,0,38,19,4290,6728,117,6845
2,81620,48020,0,0,20,20,4081,5618,2401,8019
2,81681,513,0,0,19,19,4299,24334,27,24361
2,81757,19,0,0,19,19,4303,4374,1,4375
2,81757,513,0,0,19,19,4303,8200,81,8281
2,81757,1729,0,0,19,19,4303,8192,1183,9375
2,81757,6289,0,0,19,19,4303,4394,331,4725
2,81757,31939,0,0,19,19,4303,4394,1681,6075
2,81757,32319,0,0,19,19,4303,1664,11907,13571
2,81757,38171,0,0,19,19,4303,39366,2009,41375
2,81795,19,0,0,19,19,4305,4374,1,4375
2,81795,1539,0,0,19,19,4305,42632,243,42875
2,81795,2375,0,0,19,19,4305,4704,625,5329
2,81795,7125,0,0,19,19,4305,20992,3375,24367
2,81795,12825,0,0,19,19,4305,3304,2025,5329
2,81795,16359,0,0,38,19,4305,1024,4305,5329
2,81860,20,0,0,20,20,4093,4374,1,4375
2,81860,1820,0,0,20,20,4093,8192,1183,9375
2,81900,20,0,0,20,20,4095,4374,1,4375
2,81900,20,0,0,40,20,4095,31212,1,31213
2,81900,20,0,0,80,20,4095,28560,1,28561
2,81900,140,0,0,40,20,4095,6500,7,6507
2,81900,260,0,0,40,20,4095,4900,13,4913
2,81900,1700,0,0,20,20,4095,4374,85,4459
2,81900,1820,0,0,20,20,4095,8192,1183,9375
2,81900,6860,0,0,20,20,4095,12050,343,12393
2,81900,8820,0,0,20,20,4095,6656,3969,10625
2,81900,9100,0,0,40,20,4095,17408,2275,19683
2,81900,14460,0,0,20,20,4095,2744,2169,4913
2,81900,14460,0,0,20,20,4095,4802,723,5525
2,81900,33740,0,0,20,20,4095,109850,1687,111537
2,81900,43380,0,0,20,20,4095,64000,19521,83521
2,82137,209,0,0,19,19,4323,6550,11,6561
2,82327,19,0,0,19,19,4333,4374,1,4375
2,82327,69825,0,0,19,19,4333,1238,3675,4913
2,82460,20,0,0,20,20,4123,4374,1,4375
2,82460,60,0,0,20,20,4123,4802,3,4805
2,82460,100,0,0,20,20,4123,184832,45,184877
2,82460,380,0,0,40,20,4123,4356,19,4375
2,82460,4340,0,0,80,20,4123,4400,217,4617
2,82460,7220,0,0,20,20,4123,13310,361,13671
2,82460,11780,0,0,20,20,4123,7986,589,8575
2,82460,14580,0,0,20,20,4123,10240,8019,18259
2,82460,17500,0,0,20,20,4123,1408,6125,7533
2,82460,20460,0,0,20,20,4123,25088,9207,34295
2,82460,26620,0,0,20,20,4123,6250,1331,7581
2,82460,30380,0,0,20,20,4123,13122,1519,14641
2,82460,39060,0,0,20,20,4123,1000,5859,6859
2,82460,43740,0,0,20,20,4123,3038,2187,5225
2,82460,47500,0,0,20,20,4123,32,11875,11907
2,82460,53900,0,0,20,20,4123,1922,2695,4617
2,82460,72900,0,0,20,20,4123,7546,3645,11191
2,82555,19,0,0,19,19,4345,4374,1,4375
2,82555,19,0,0,19,19,4345,12166,1,12167
2,82555,19,0,0,19,19,4345,64000,9,64009
2,82555,19,0,0,19,19,4345,71874,1,71875
2,82555,19,0,0,76,19,4345,8624,1,8625
2,82555,665,0,0,19,19,4345,14536,105,14641
2,82555,1501,0,0,19,19,4345,10240,869,11109
2,82555,1501,0,0,19,19,4345,12672,553,13225
2,82555,1501,0,0,19,19,4345,39366,79,39445
2,82555,6517,0,0,19,19,4345,29282,343,29625
2,82555,6897,0,0,19,19,4345,14536,1089,15625
2,82555,11875,0,0,19,19,4345,2464,3125,5589
2,82555,12825,0,0,19,19,4345,5566,675,6241
2,82555,17955,0,0,19,19,4345,2944,6615,9559
2,82555,25289,0,0,19,19,4345,3430,1331,4761
2,82555,31521,0,0,19,19,4345,3872,8295,12167
2,82555,31521,0,0,19,19,4345,10648,4977,15625
2,82555,35625,0,0,19,19,4345,616,5625,6241
2,82555,35625,0,0,19,19,4345,9016,5625,14641
2,82555,38475,0,0,19,19,4345,8,6075,6083
2,82555,41553,0,0,19,19,4345,11638,2187,13825
2,82555,59375,0,0,19,19,4345,184,9375,9559
2,82555,73549,0,0,19,19,4345,128,27097,27225
2,82700,20,0,0,20,20,4135,4374,1,4375
2,82700,19700,0,0,20,20,4135,864,4925,5789
2,82935,9215,0,0,38,19,4365,58564,485,59049
2,82935,12825,0,0,19,19,4365,8734,675,9409
2,82954,1406,0,0,38,19,4366,8192,481,8673
2,82954,2812,0,0,76,19,4366,8192,481,8673
2,82992,38,0,0,38,19,4368,12160,7,12167
2,82992,76,0,0,76,19,4368,12160,7,12167
2,82992,114,0,0,38,19,4368,9016,9,9025
2,82992,3458,0,0,38,19,4368,8192,1183,9375
2,82992,6916,0,0,76,19,4368,8192,1183,9375
2,83300,20,0,0,20,20,4165,4374,1,4375
2,83300,20,0,0,40,20,4165,9260,1,9261
2,83300,20,0,0,40,20,4165,12500,1,12501
2,83353,2033,0,0,19,19,4387,5346,107,5453
2,83353,35739,0,0,19,19,4387,3362,1881,5243
2,83460,20,0,0,80,20,4173,26000,1,26001
2,83460,19260,0,0,20,20,4173,1336,2889,4225
2,83460,19260,0,0,20,20,4173,25000,2889,27889
2,83460,57780,0,0,20,20,4173,2560,26001,28561
2,83580,6860,0,0,20,20,4179,10368,2401,12769
2,83619,2109,0,0,19,19,4401,4802,111,4913
2,83619,9291,0,0,19,19,4401,512,4401,4913
2,83657,19,0,0,76,19,4403,4624,1,4625
2,83660,83660,0,0,40,20,4183,15500,4183,19683
2,83700,9540,0,0,20,20,4185,512,4293,4805
2,83700,14580,0,0,20,20,4185,7688,2187,9875
2,83980,38,0,0,38,19,4420,10240,11,10251
2,83980,76,0,0,76,19,4420,10240,11,10251
2,84000,1000,0,0,40,20,4200,6112,125,6237
2,84000,2000,0,0,80,20,4200,6112,125,6237
2,84075,11875,0,0,19,19,4425,13122,625,13747
2,84075,66139,0,0,19,19,4425,58250,3481,61731
2,84151,19,0,0,76,19,4429,9072,1,9073
2,84189,57,0,0,76,19,4431,15376,3,15379
2,84189,133,0,0,19,19,4431,6534,7,6541
2,84189,4009,0,0,38,19,4431,37268,211,37479
2,84189,28063,0,0,19,19,4431,28314,1477,29791
2,84189,28861,0,0,19,19,4431,13122,1519,14641
2,84303,35397,0,0,19,19,4437,8,5589,5597
2,84315,105,0,0,42,21,4015,5324,5,5329
2,84315,2625,0,0,21,21,4015,6144,1375,7519
2,84315,17745,0,0,21,21,4015,2336,4225,6561
2,84315,27951,0,0,21,21,4015,864,6655,7519
2,84315,38325,0,0,21,21,4015,352,9125,9477
2,84315,45927,0,0,21,21,4015,9064,6561,15625
2,84315,65625,0,0,21,21,4015,4394,3125,7519
2,84483,21,0,0,21,21,4023,4374,1,4375
2,84483,11109,0,0,21,21,4023,8046,529,8575
2,84483,13125,0,0,21,21,4023,33376,3125,36501
2,84607,19,0,0,76,19,4453,14640,1,14641
2,84607,1159,0,0,38,19,4453,14580,61,14641
2,84660,20,0,0,20,20,4233,4374,1,4375
2,84660,20,0,0,20,20,4233,10368,7,10375
2,84660,20,0,0,20,20,4233,33614,1,33615
2,84660,60,0,0,40,20,4233,41500,3,41503
2,84660,180,0,0,20,20,4233,4648,27,4675
2,84660,1500,0,0,20,20,4233,6664,225,6889
2,84660,1620,0,0,20,20,4233,9800,243,10043
2,84660,1660,0,0,20,20,4233,85750,83,85833
2,84660,1660,0,0,80,20,4233,19600,83,19683
2,84660,8500,0,0,20,20,4233,2048,4675,6723
2,84660,10780,0,0,20,20,4233,4374,539,4913
2,84660,14580,0,0,20,20,4233,11288,2187,13475
2,84660,16940,0,0,20,20,4233,53120,5929,59049
2,84660,18260,0,0,20,20,4233,106250,913,107163
2,84660,27540,0,0,20,20,4233,2744,4131,6875
2,84660,28220,0,0,20,20,4233,13230,1411,14641
2,84660,43740,0,0,20,20,4233,664,6561,7225
2,84660,61740,0,0,20,20,4233,1826,3087,4913
2,84660,62500,0,0,20,20,4233,5984,15625,21609
2,84700,45980,0,0,20,20,4235,51200,25289,76489
2,84735,5649,0,0,21,21,4035,6606,269,6875
2,84740,380,0,0,80,20,4237,34992,19,35011
2,84900,1620,0,0,20,20,4245,79360,729,80089
2,84949,4997,0,0,76,19,4471,5488,263,5751
2,84980,980,0,0,20,20,4249,8192,637,8829
2,84987,19,0,0,76,19,4473,5040,1,5041
2,84987,3401,0,0,19,19,4473,16000,1253,17253
2,84987,30609,0,0,19,19,4473,3430,1611,5041
2,85008,42,0,0,42,21,4048,64000,9,64009
2,85100,20,0,0,20,20,4255,64000,9,64009
2,85100,20,0,0,20,20,4255,71874,1,71875
2,85100,20,0,0,40,20,4255,98900,1,98901
2,85100,460,0,0,20,20,4255,43808,115,43923
2,85100,2220,0,0,20,20,4255,14792,333,15125
2,85100,8100,0,0,20,20,4255,10952,1215,12167
2,85100,10580,0,0,20,20,4255,10406,529,10935
2,85100,17820,0,0,20,20,4255,88064,9801,97865
2,85100,37260,0,0,20,20,4255,66550,1863,68413
2,85100,62500,0,0,20,20,4255,99846,3125,102971
2,85113,21,0,0,21,21,4053,4374,1,4375
2,85120,38,0,0,38,19,4480,10368,7,10375
2,85120,76,0,0,76,19,4480,10368,7,10375
2,85177,30153,0,0,19,19,4483,35864,4761,40625
2,85177,85177,0,0,76,19,4483,80,4483,4563
2,85215,19,0,0,19,19,4485,14742,1,14743
2,85215,1729,0,0,19,19,4485,8192,1183,9375
2,85215,1729,0,0,19,19,4485,79488,637,80125
2,85215,3211,0,0,19,19,4485,5128,507,5635
2,85215,11875,0,0,19,19,4485,10368,4375,14743
2,85215,23275,0,0,19,19,4485,2208,6125,8333
2,85215,35397,0,0,19,19,4485,2744,5589,8333
2,85215,41553,0,0,19,19,4485,9464,6561,16025
2,85239,20181,0,0,21,21,4059,3362,961,4323
2,85260,20,0,0,20,20,4263,4374,1,4375
2,85365,21,0,0,21,21,4065,4374,1,4375
2,85365,21,0,0,21,21,4065,10368,7,10375
2,85365,21,0,0,21,21,4065,33614,1,33615
2,85365,5691,0,0,42,21,4065,5312,813,6125
2,85365,50421,0,0,21,21,4065,4374,2401,6775
2,85500,20,0,0,20,20,4275,4374,1,4375
2,85500,20,0,0,20,20,4275,6174,1,6175
2,85500,20,0,0,20,20,4275,6250,1,6251
2,85500,20,0,0,80,20,4275,5264,1,5265
2,85500,100,0,0,20,20,4275,7938,5,7943
2,85500,300,0,0,80,20,4275,28672,45,28717
2,85500,1820,0,0,20,20,4275,4374,91,4465
2,85500,1820,0,0,20,20,4275,8192,1183,9375
2,85500,1900,0,0,40,20,4275,8788,95,8883
2,85500,4860,0,0,20,20,4275,54872,729,55601
2,85500,8100,0,0,20,20,4275,16562,405,16967
2,85500,12500,0,0,20,20,4275,1568,3125,4693
2,85500,13500,0,0,20,20,4275,8192,8775,16967
2,85500,14580,0,0,20,20,4275,24064,6561,30625
2,85500,25380,0,0,20,20,4275,13000,3807,16807
2,85500,43940,0,0,20,20,4275,4418,2197,6615
2,85500,44180,0,0,20,20,4275,2166,2209,4375
2,85500,44180,0,0,20,20,4275,2250,2209,4459
2,85500,44180,0,0,20,20,4275,3584,19881,23465
2,85500,47500,0,0,20,20,4275,32,11875,11907
2,85500,48020,0,0,20,20,4275,3200,16807,20007
2,85500,62500,0,0,20,20,4275,4256,15625,19881
2,85701,50421,0,0,21,21,4081,5618,2401,8019
2,85800,440,0,0,40,20,4290,10952,33,10985
2,85800,1560,0,0,40,20,4290,6728,117,6845
2,85953,21,0,0,21,21,4093,4374,1,4375
2,85953,1911,0,0,21,21,4093,8192,1183,9375
2,85980,540,0,0,20,20,4299,24334,27,24361
2,85995,21,0,0,21,21,4095,4374,1,4375
2,85995,21,0,0,42,21,4095,31212,1,31213
2,85995,21,0,0,84,21,4095,28560,1,28561
2,85995,147,0,0,42,21,4095,6500,7,6507
2,85995,273,0,0,42,21,4095,4900,13,4913
2,85995,1785,0,0,21,21,4095,4374,85,4459
2,85995,1911,0,0,21,21,4095,8192,1183,9375
2,85995,7203,0,0,21,21,4095,12050,343,12393
2,85995,9261,0,0,21,21,4095,6656,3969,10625
2,85995,9555,0,0,42,21,4095,17408,2275,19683
2,85995,15183,0,0,21,21,4095,2744,2169,4913
2,85995,15183,0,0,21,21,4095,4802,723,5525
2,85995,35427,0,0,21,21,4095,109850,1687,111537
2,85995,45549,0,0,21,21,4095,64000,19521,83521
2,86060,20,0,0,20,20,4303,4374,1,4375
2,86060,540,0,0,20,20,4303,8200,81,8281
2,86060,1820,0,0,20,20,4303,8192,1183,9375
2,86060,6620,0,0,20,20,4303,4394,331,4725
2,86060,33620,0,0,20,20,4303,4394,1681,6075
2,86060,34020,0,0,20,20,4303,1664,11907,13571
2,86060,40180,0,0,20,20,4303,39366,2009,41375
2,86100,20,0,0,20,20,4305,4374,1,4375
2,86100,1620,0,0,20,20,4305,42632,243,42875
2,86100,2500,0,0,20,20,4305,4704,625,5329
2,86100,7500,0,0,20,20,4305,20992,3375,24367
2,86100,13500,0,0,20,20,4305,3304,2025,5329
2,86100,17220,0,0,40,20,4305,1024,4305,5329
2,86460,220,0,0,20,20,4323,6550,11,6561
2,86583,21,0,0,21,21,4123,4374,1,4375
2,86583,63,0,0,21,21,4123,4802,3,4805
2,86583,105,0,0,21,21,4123,184832,45,184877
2,86583,399,0,0,42,21,4123,4356,19,4375
2,86583,4557,0,0,84,21,4123,4400,217,4617
2,86583,7581,0,0,21,21,4123,13310,361,13671
2,86583,12369,0,0,21,21,4123,7986,589,8575
2,86583,15309,0,0,21,21,4123,10240,8019,18259
2,86583,18375,0,0,21,21,4123,1408,6125,7533
2,86583,21483,0,0,21,21,4123,25088,9207,34295
2,86583,27951,0,0,21,21,4123,6250,1331,7581
2,86583,31899,0,0,21,21,4123,13122,1519,14641
2,86583,41013,0,0,21,21,4123,1000,5859,6859
2,86583,45927,0,0,21,21,4123,3038,2187,5225
2,86583,49875,0,0,21,21,4123,32,11875,11907
2,86583,56595,0,0,21,21,4123,1922,2695,4617
2,86583,76545,0,0,21,21,4123,7546,3645,11191
2,86660,20,0,0,20,20,4333,4374,1,4375
2,86660,73500,0,0,20,20,4333,1238,3675,4913
2,86835,21,0,0,21,21,4135,4374,1,4375
2,86835,20685,0,0,21,21,4135,864,4925,5789
2,86900,20,0,0,20,20,4345,4374,1,4375
2,86900,20,0,0,20,20,4345,12166,1,12167
2,86900,20,0,0,20,20,4345,64000,9,64009
2,86900,20,0,0,20,20,4345,71874,1,71875
2,86900,20,0,0,80,20,4345,8624,1,8625
2,86900,700,0,0,20,20,4345,14536,105,14641
2,86900,1580,0,0,20,20,4345,10240,869,11109
2,86900,1580,0,0,20,20,4345,12672,553,13225
2,86900,1580,0,0,20,20,4345,39366,79,39445
2,86900,6860,0,0,20,20,4345,29282,343,29625
2,86900,7260,0,0,20,20,4345,14536,1089,15625
2,86900,12500,0,0,20,20,4345,2464,3125,5589
2,86900,13500,0,0,20,20,4345,5566,675,6241
2,86900,18900,0,0,20,20,4345,2944,6615,9559
2,86900,26620,0,0,20,20,4345,3430,1331,4761
2,86900,33180,0,0,20,20,4345,3872,8295,12167
2,86900,33180,0,0,20,20,4345,10648,4977,15625
2,86900,37500,0,0,20,20,4345,616,5625,6241
2,86900,37500,0,0,20,20,4345,9016,5625,14641
2,86900,40500,0,0,20,20,4345,8,6075,6083
2,86900,43740,0,0,20,20,4345,11638,2187,13825
2,86900,62500,0,0,20,20,4345,184,9375,9559
2,86900,77420,0,0,20,20,4345,128,27097,27225
2,87300,9700,0,0,40,20,4365,58564,485,59049
2,87300,13500,0,0,20,20,4365,8734,675,9409
2,87320,1480,0,0,40,20,4366,8192,481,8673
2,87320,2960,0,0,80,20,4366,8192,481,8673
2,87360,40,0,0,40,20,4368,12160,7,12167
2,87360,80,0,0,80,20,4368,12160,7,12167
2,87360,120,0,0,40,20,4368,9016,9,9025
2,87360,3640,0,0,40,20,4368,8192,1183,9375
2,87360,7280,0,0,80,20,4368,8192,1183,9375
2,87465,21,0,0,21,21,4165,4374,1,4375
2,87465,21,0,0,42,21,4165,9260,1,9261
2,87465,21,0,0,42,21,4165,12500,1,12501
2,87633,21,0,0,84,21,4173,26000,1,26001
2,87633,20223,0,0,21,21,4173,1336,2889,4225
2,87633,20223,0,0,21,21,4173,25000,2889,27889
2,87633,60669,0,0,21,21,4173,2560,26001,28561
2,87740,2140,0,0,20,20,4387,5346,107,5453
2,87740,37620,0,0,20,20,4387,3362,1881,5243
2,87759,7203,0,0,21,21,4179,10368,2401,12769
2,87843,87843,0,0,42,21,4183,15500,4183,19683
2,87885,10017,0,0,21,21,4185,512,4293,4805
2,87885,15309,0,0,21,21,4185,7688,2187,9875
2,88020,2220,0,0,20,20,4401,4802,111,4913
2,88020,9780,0,0,20,20,4401,512,4401,4913
2,88060,20,0,0,80,20,4403,4624,1,4625
2,88200,1050,0,0,42,21,4200,6112,125,6237
2,88200,2100,0,0,84,21,4200,6112,125,6237
2,88330,110,0,0,44,22,4015,5324,5,5329
2,88330,2750,0,0,22,22,4015,6144,1375,7519
2,88330,18590,0,0,22,22,4015,2336,4225,6561
2,88330,29282,0,0,22,22,4015,864,6655,7519
2,88330,40150,0,0,22,22,4015,352,9125,9477
2,88330,48114,0,0,22,22,4015,9064,6561,15625
2,88330,68750,0,0,22,22,4015,4394,3125,7519
2,88400,40,0,0,40,20,4420,10240,11,10251
2,88400,80,0,0,80,20,4420,10240,11,10251
2,88500,12500,0,0,20,20,4425,13122,625,13747
2,88500,69620,0,0,20,20,4425,58250,3481,61731
2,88506,22,0,0,22,22,4023,4374,1,4375
2,88506,11638,0,0,22,22,4023,8046,529,8575
2,88506,13750,0,0,22,22,4023,33376,3125,36501
2,88580,20,0,0,80,20,4429,9072,1,9073
2,88620,60,0,0,80,20,4431,15376,3,15379
2,88620,140,0,0,20,20,4431,6534,7,6541
2,88620,4220,0,0,40,20,4431,37268,211,37479
2,88620,29540,0,0,20,20,4431,28314,1477,29791
2,88620,30380,0,0,20,20,4431,13122,1519,14641
2,88740,37260,0,0,20,20,4437,8,5589,5597
2,88770,5918,0,0,22,22,4035,6606,269,6875
2,88893,21,0,0,21,21,4233,4374,1,4375
2,88893,21,0,0,21,21,4233,10368,7,10375
2,88893,21,0,0,21,21,4233,33614,1,33615
2,88893,63,0,0,42,21,4233,41500,3,41503
2,88893,189,0,0,21,21,4233,4648,27,4675
2,88893,1575,0,0,21,21,4233,6664,225,6889
2,88893,1701,0,0,21,21,4233,9800,243,10043
2,88893,1743,0,0,21,21,4233,85750,83,85833
2,88893,1743,0,0,84,21,4233,19600,83,19683
2,88893,8925,0,0,21,21,4233,2048,4675,6723
2,88893,11319,0,0,21,21,4233,4374,539,4913
2,88893,15309,0,0,21,21,4233,11288,2187,13475
2,88893,17787,0,0,21,21,4233,53120,5929,59049
2,88893,19173,0,0,21,21,4233,106250,913,107163
2,88893,28917,0,0,21,21,4233,2744,4131,6875
2,88893,29631,0,0,21,21,4233,13230,1411,14641
2,88893,45927,0,0,21,21,4233,664,6561,7225
2,88893,64827,0,0,21,21,4233,1826,3087,4913
2,88893,65625,0,0,21,21,4233,5984,15625,21609
2,88935,48279,0,0,21,21,4235,51200,25289,76489
2,88977,399,0,0,84,21,4237,34992,19,35011
2,89056,44,0,0,44,22,4048,64000,9,64009
2,89060,20,0,0,80,20,4453,14640,1,14641
2,89060,1220,0,0,40,20,4453,14580,61,14641
2,89145,1701,0,0,21,21,4245,79360,729,80089
2,89166,22,0,0,22,22,4053,4374,1,4375
2,89229,1029,0,0,21,21,4249,8192,637,8829
2,89298,21142,0,0,22,22,4059,3362,961,4323
2,89355,21,0,0,21,21,4255,64000,9,64009
2,89355,21,0,0,21,21,4255,71874,1,71875
2,89355,21,0,0,42,21,4255,98900,1,98901
2,89355,483,0,0,21,21,4255,43808,115,43923
2,89355,2331,0,0,21,21,4255,14792,333,15125
2,89355,8505,0,0,21,21,4255,10952,1215,12167
2,89355,11109,0,0,21,21,4255,10406,529,10935
2,89355,18711,0,0,21,21,4255,88064,9801,97865
2,89355,39123,0,0,21,21,4255,66550,1863,68413
2,89355,65625,0,0,21,21,4255,99846,3125,102971
2,89420,5260,0,0,80,20,4471,5488,263,5751
2,89430,22,0,0,22,22,4065,4374,1,4375
2,89430,22,0,0,22,22,4065,10368,7,10375
2,89430,22,0,0,22,22,4065,33614,1,33615
2,89430,5962,0,0,44,22,4065,5312,813,6125
2,89430,52822,0,0,22,22,4065,4374,2401,6775
2,89460,20,0,0,80,20,4473,5040,1,5041
2,89460,3580,0,0,20,20,4473,16000,1253,17253
2,89460,32220,0,0,20,20,4473,3430,1611,5041
2,89523,21,0,0,21,21,4263,4374,1,4375
2,89600,40,0,0,40,20,4480,10368,7,10375
2,89600,80,0,0,80,20,4480,10368,7,10375
2,89660,31740,0,0,20,20,4483,35864,4761,40625
2,89660,89660,0,0,80,20,4483,80,4483,4563
2,89700,20,0,0,20,20,4485,14742,1,14743
2,89700,1820,0,0,20,20,4485,8192,1183,9375
2,89700,1820,0,0,20,20,4485,79488,637,80125
2,89700,3380,0,0,20,20,4485,5128,507,5635
2,89700,12500,0,0,20,20,4485,10368,4375,14743
2,89700,24500,0,0,20,20,4485,2208,6125,8333
2,89700,37260,0,0,20,20,4485,2744,5589,8333
2,89700,43740,0,0,20,20,4485,9464,6561,16025
2,89775,21,0,0,21,21,4275,4374,1,4375
2,89775,21,0,0,21,21,4275,6174,1,6175
2,89775,21,0,0,21,21,4275,6250,1,6251
2,89775,21,0,0,84,21,4275,5264,1,5265
2,89775,105,0,0,21,21,4275,7938,5,7943
2,89775,315,0,0,84,21,4275,28672,45,28717
2,89775,1911,0,0,21,21,4275,4374,91,4465
2,89775,1911,0,0,21,21,4275,8192,1183,9375
2,89775,1995,0,0,42,21,4275,8788,95,8883
2,89775,5103,0,0,21,21,4275,54872,729,55601
2,89775,8505,0,0,21,21,4275,16562,405,16967
2,89775,13125,0,0,21,21,4275,1568,3125,4693
2,89775,14175,0,0,21,21,4275,8192,8775,16967
2,89775,15309,0,0,21,21,4275,24064,6561,30625
2,89775,26649,0,0,21,21,4275,13000,3807,16807
2,89775,46137,0,0,21,21,4275,4418,2197,6615
2,89775,46389,0,0,21,21,4275,2166,2209,4375
2,89775,46389,0,0,21,21,4275,2250,2209,4459
2,89775,46389,0,0,21,21,4275,3584,19881,23465
2,89775,49875,0,0,21,21,4275,32,11875,11907
2,89775,50421,0,0,21,21,4275,3200,16807,20007
2,89775,65625,0,0,21,21,4275,4256,15625,19881
2,89782,52822,0,0,22,22,4081,5618,2401,8019
2,90046,22,0,0,22,22,4093,4374,1,4375
2,90046,2002,0,0,22,22,4093,8192,1183,9375
2,90090,22,0,0,22,22,4095,4374,1,4375
2,90090,22,0,0,44,22,4095,31212,1,31213
2,90090,22,0,0,88,22,4095,28560,1,28561
2,90090,154,0,0,44,22,4095,6500,7,6507
2,90090,286,0,0,44,22,4095,4900,13,4913
2,90090,462,0,0,42,21,4290,10952,33,10985
2,90090,1638,0,0,42,21,4290,6728,117,6845
2,90090,1870,0,0,22,22,4095,4374,85,4459
2,90090,2002,0,0,22,22,4095,8192,1183,9375
2,90090,7546,0,0,22,22,4095,12050,343,12393
2,90090,9702,0,0,22,22,4095,6656,3969,10625
2,90090,10010,0,0,44,22,4095,17408,2275,19683
2,90090,15906,0,0,22,22,4095,2744,2169,4913
2,90090,15906,0,0,22,22,4095,4802,723,5525
2,90090,37114,0,0,22,22,4095,109850,1687,111537
2,90090,47718,0,0,22,22,4095,64000,19521,83521
2,90279,567,0,0,21,21,4299,24334,27,24361
2,90363,21,0,0,21,21,4303,4374,1,4375
2,90363,567,0,0,21,21,4303,8200,81,8281
2,90363,1911,0,0,21,21,4303,8192,1183,9375
2,90363,6951,0,0,21,21,4303,4394,331,4725
2,90363,35301,0,0,21,21,4303,4394,1681,6075
2,90363,35721,0,0,21,21,4303,1664,11907,13571
2,90363,42189,0,0,21,21,4303,39366,2009,41375
2,90405,21,0,0,21,21,4305,4374,1,4375
2,90405,1701,0,0,21,21,4305,42632,243,42875
2,90405,2625,0,0,21,21,4305,4704,625,5329
2,90405,7875,0,0,21,21,4305,20992,3375,24367
2,90405,14175,0,0,21,21,4305,3304,2025,5329
2,90405,18081,0,0,42,21,4305,1024,4305,5329
2,90706,22,0,0,22,22,4123,4374,1,4375
2,90706,66,0,0,22,22,4123,4802,3,4805
2,90706,110,0,0,22,22,4123,184832,45,184877
2,90706,418,0,0,44,22,4123,4356,19,4375
2,90706,4774,0,0,88,22,4123,4400,217,4617
2,90706,7942,0,0,22,22,4123,13310,361,13671
2,90706,12958,0,0,22,22,4123,7986,589,8575
2,90706,16038,0,0,22,22,4123,10240,8019,18259
2,90706,19250,0,0,22,22,4123,1408,6125,7533
2,90706,22506,0,0,22,22,4123,25088,9207,34295
2,90706,29282,0,0,22,22,4123,6250,1331,7581
2,90706,33418,0,0,22,22,4123,13122,1519,14641
2,90706,42966,0,0,22,22,4123,1000,5859,6859
2,90706,48114,0,0,22,22,4123,3038,2187,5225
2,90706,52250,0,0,22,22,4123,32,11875,11907
2,90706,59290,0,0,22,22,4123,1922,2695,4617
2,90706,80190,0,0,22,22,4123,7546,3645,11191
2,90783,231,0,0,21,21,4323,6550,11,6561
2,90970,22,0,0,22,22,4135,4374,1,4375
2,90970,21670,0,0,22,22,4135,864,4925,5789
2,90993,21,0,0,21,21,4333,4374,1,4375
2,90993,77175,0,0,21,21,4333,1238,3675,4913
2,91245,21,0,0,21,21,4345,4374,1,4375
2,91245,21,0,0,21,21,4345,12166,1,12167
2,91245,21,0,0,21,21,4345,64000,9,64009
2,91245,21,0,0,21,21,4345,71874,1,71875
2,91245,21,0,0,84,21,4345,8624,1,8625
2,91245,735,0,0,21,21,4345,14536,105,14641
2,91245,1659,0,0,21,21,4345,10240,869,11109
2,91245,1659,0,0,21,21,4345,12672,553,13225
2,91245,1659,0,0,21,21,4345,39366,79,39445
2,91245,7203,0,0,21,21,4345,29282,343,29625
2,91245,7623,0,0,21,21,4345,14536,1089,15625
2,91245,13125,0,0,21,21,4345,2464,3125,5589
2,91245,14175,0,0,21,21,4345,5566,675,6241
2,91245,19845,0,0,21,21,4345,2944,6615,9559
2,91245,27951,0,0,21,21,4345,3430,1331,4761
2,91245,34839,0,0,21,21,4345,3872,8295,12167
2,91245,34839,0,0,21,21,4345,10648,4977,15625
2,91245,39375,0,0,21,21,4345,616,5625,6241
2,91245,39375,0,0,21,21,4345,9016,5625,14641
2,91245,42525,0,0,21,21,4345,8,6075,6083
2,91245,45927,0,0,21,21,4345,11638,2187,13825
2,91245,65625,0,0,21,21,4345,184,9375,9559
2,91245,81291,0,0,21,21,4345,128,27097,27225
2,91630,22,0,0,22,22,4165,4374,1,4375
2,91630,22,0,0,44,22,4165,9260,1,9261
2,91630,22,0,0,44,22,4165,12500,1,12501
2,91665,10185,0,0,42,21,4365,58564,485,59049
2,91665,14175,0,0,21,21,4365,8734,675,9409
2,91686,1554,0,0,42,21,4366,8192,481,8673
2,91686,3108,0,0,84,21,4366,8192,481,8673
2,91728,42,0,0,42,21,4368,12160,7,12167
2,91728,84,0,0,84,21,4368,12160,7,12167
2,91728,126,0,0,42,21,4368,9016,9,9025
2,91728,3822,0,0,42,21,4368,8192,1183,9375
2,91728,7644,0,0,84,21,4368,8192,1183,9375
2,91806,22,0,0,88,22,4173,26000,1,26001
2,91806,21186,0,0,22,22,4173,1336,2889,4225
2,91806,21186,0,0,22,22,4173,25000,2889,27889
2,91806,63558,0,0,22,22,4173,2560,26001,28561
2,91938,7546,0,0,22,22,4179,10368,2401,12769
2,92026,92026,0,0,44,22,4183,15500,4183,19683
2,92070,10494,0,0,22,22,4185,512,4293,4805
2,92070,16038,0,0,22,22,4185,7688,2187,9875
2,92127,2247,0,0,21,21,4387,5346,107,5453
2,92127,39501,0,0,21,21,4387,3362,1881,5243
2,92345,115,0,0,46,23,4015,5324,5,5329
2,92345,2875,0,0,23,23,4015,6144,1375,7519
2,92345,19435,0,0,23,23,4015,2336,4225,6561
2,92345,30613,0,0,23,23,4015,864,6655,7519
2,92345,41975,0,0,23,23,4015,352,9125,9477
2,92345,50301,0,0,23,23,4015,9064,6561,15625
2,92345,71875,0,0,23,23,4015,4394,3125,7519
2,92400,1100,0,0,44,22,4200,6112,125,6237
2,92400,2200,0,0,88,22,4200,6112,125,6237
2,92421,2331,0,0,21,21,4401,4802,111,4913
2,92421,10269,0,0,21,21,4401,512,4401,4913
2,92463,21,0,0,84,21,4403,4624,1,4625
2,92529,23,0,0,23,23,4023,4374,1,4375
2,92529,12167,0,0,23,23,4023,8046,529,8575
2,92529,14375,0,0,23,23,4023,33376,3125,36501
2,92805,6187,0,0,23,23,4035,6606,269,6875
2,92820,42,0,0,42,21,4420,10240,11,10251
2,92820,84,0,0,84,21,4420,10240,11,10251
2,92925,13125,0,0,21,21,4425,13122,625,13747
2,92925,73101,0,0,21,21,4425,58250,3481,61731
2,93009,21,0,0,84,21,4429,9072,1,9073
2,93051,63,0,0,84,21,4431,15376,3,15379
2,93051,147,0,0,21,21,4431,6534,7,6541
2,93051,4431,0,0,42,21,4431,37268,211,37479
2,93051,31017,0,0,21,21,4431,28314,1477,29791
2,93051,31899,0,0,21,21,4431,13122,1519,14641
2,93104,46,0,0,46,23,4048,64000,9,64009
2,93126,22,0,0,22,22,4233,4374,1,4375
2,93126,22,0,0,22,22,4233,10368,7,10375
2,93126,22,0,0,22,22,4233,33614,1,33615
2,93126,66,0,0,44,22,4233,41500,3,41503
2,93126,198,0,0,22,22,4233,4648,27,4675
2,93126,1650,0,0,22,22,4233,6664,225,6889
2,93126,1782,0,0,22,22,4233,9800,243,10043
2,93126,1826,0,0,22,22,4233,85750,83,85833
2,93126,1826,0,0,88,22,4233,19600,83,19683
2,93126,9350,0,0,22,22,4233,2048,4675,6723
2,93126,11858,0,0,22,22,4233,4374,539,4913
2,93126,16038,0,0,22,22,4233,11288,2187,13475
2,93126,18634,0,0,22,22,4233,53120,5929,59049
2,93126,20086,0,0,22,22,4233,106250,913,107163
2,93126,30294,0,0,22,22,4233,2744,4131,6875
2,93126,31042,0,0,22,22,4233,13230,1411,14641
2,93126,48114,0,0,22,22,4233,664,6561,7225
2,93126,67914,0,0,22,22,4233,1826,3087,4913
2,93126,68750,0,0,22,22,4233,5984,15625,21609
2,93170,50578,0,0,22,22,4235,51200,25289,76489
2,93177,39123,0,0,21,21,4437,8,5589,5597
2,93214,418,0,0,88,22,4237,34992,19,35011
2,93219,23,0,0,23,23,4053,4374,1,4375
2,93357,22103,0,0,23,23,4059,3362,961,4323
2,93390,1782,0,0,22,22,4245,79360,729,80089
2,93478,1078,0,0,22,22,4249,8192,637,8829
2,93495,23,0,0,23,23,4065,4374,1,4375
2,93495,23,0,0,23,23,4065,10368,7,10375
2,93495,23,0,0,23,23,4065,33614,1,33615
2,93495,6233,0,0,46,23,4065,5312,813,6125
2,93495,55223,0,0,23,23,4065,4374,2401,6775
2,93513,21,0,0,84,21,4453,14640,1,14641
2,93513,1281,0,0,42,21,4453,14580,61,14641
2,93610,22,0,0,22,22,4255,64000,9,64009
2,93610,22,0,0,22,22,4255,71874,1,71875
2,93610,22,0,0,44,22,4255,98900,1,98901
2,93610,506,0,0,22,22,4255,43808,115,43923
2,93610,2442,0,0,22,22,4255,14792,333,15125
2,93610,8910,0,0,22,22,4255,10952,1215,12167
2,93610,11638,0,0,22,22,4255,10406,529,10935
2,93610,19602,0,0,22,22,4255,88064,9801,97865
2,93610,40986,0,0,22,22,4255,66550,1863,68413
2,93610,68750,0,0,22,22,4255,99846,3125,102971
2,93786,22,0,0,22,22,4263,4374,1,4375
2,93863,55223,0,0,23,23,4081,5618,2401,8019
2,93891,5523,0,0,84,21,4471,5488,263,5751
2,93933,21,0,0,84,21,4473,5040,1,5041
2,93933,3759,0,0,21,21,4473,16000,1253,17253
2,93933,33831,0,0,21,21,4473,3430,1611,5041
2,94050,22,0,0,22,22,4275,4374,1,4375
2,94050,22,0,0,22,22,4275,6174,1,6175
2,94050,22,0,0,22,22,4275,6250,1,6251
2,94050,22,0,0,88,22,4275,5264,1,5265
2,94050,110,0,0,22,22,4275,7938,5,7943
2,94050,330,0,0,88,22,4275,28672,45,28717
2,94050,2002,0,0,22,22,4275,4374,91,4465
2,94050,2002,0,0,22,22,4275,8192,1183,9375
2,94050,2090,0,0,44,22,4275,8788,95,8883
2,94050,5346,0,0,22,22,4275,54872,729,55601
2,94050,8910,0,0,22,22,4275,16562,405,16967
2,94050,13750,0,0,22,22,4275,1568,3125,4693
2,94050,14850,0,0,22,22,4275,8192,8775,16967
2,94050,16038,0,0,22,22,4275,24064,6561,30625
2,94050,27918,0,0,22,22,4275,13000,3807,16807
2,94050,48334,0,0,22,22,4275,4418,2197,6615
2,94050,48598,0,0,22,22,4275,2166,2209,4375
2,94050,48598,0,0,22,22,4275,2250,2209,4459
2,94050,48598,0,0,22,22,4275,3584,19881,23465
2,94050,52250,0,0,22,22,4275,32,11875,11907
2,94050,52822,0,0,22,22,4275,3200,16807,20007
2,94050,68750,0,0,22,22,4275,4256,15625,19881
2,94080,42,0,0,42,21,4480,10368,7,10375
2,94080,84,0,0,84,21,4480,10368,7,10375
2,94139,23,0,0,23,23,4093,4374,1,4375
2,94139,2093,0,0,23,23,4093,8192,1183,9375
2,94143,33327,0,0,21,21,4483,35864,4761,40625
2,94143,94143,0,0,84,21,4483,80,4483,4563
2,94185,21,0,0,21,21,4485,14742,1,14743
2,94185,23,0,0,23,23,4095,4374,1,4375
2,94185,23,0,0,46,23,4095,31212,1,31213
2,94185,23,0,0,92,23,4095,28560,1,28561
2,94185,161,0,0,46,23,4095,6500,7,6507
2,94185,299,0,0,46,23,4095,4900,13,4913
2,94185,1911,0,0,21,21,4485,8192,1183,9375
2,94185,1911,0,0,21,21,4485,79488,637,80125
2,94185,1955,0,0,23,23,4095,4374,85,4459
2,94185,2093,0,0,23,23,4095,8192,1183,9375
2,94185,3549,0,0,21,21,4485,5128,507,5635
2,94185,7889,0,0,23,23,4095,12050,343,12393
2,94185,10143,0,0,23,23,4095,6656,3969,10625
2,94185,10465,0,0,46,23,4095,17408,2275,19683
2,94185,13125,0,0,21,21,4485,10368,4375,14743
2,94185,16629,0,0,23,23,4095,2744,2169,4913
2,94185,16629,0,0,23,23,4095,4802,723,5525
2,94185,25725,0,0,21,21,4485,2208,6125,8333
2,94185,38801,0,0,23,23,4095,109850,1687,111537
2,94185,39123,0,0,21,21,4485,2744,5589,8333
2,94185,45927,0,0,21,21,4485,9464,6561,16025
2,94185,49887,0,0,23,23,4095,64000,19521,83521
2,94380,484,0,0,44,22,4290,10952,33,10985
2,94380,1716,0,0,44,22,4290,6728,117,6845
2,94578,594,0,0,22,22,4299,24334,27,24361
2,94666,22,0,0,22,22,4303,4374,1,4375
2,94666,594,0,0,22,22,4303,8200,81,8281
2,94666,2002,0,0,22,22,4303,8192,1183,9375
2,94666,7282,0,0,22,22,4303,4394,331,4725
2,94666,36982,0,0,22,22,4303,4394,1681,6075
2,94666,37422,0,0,22,22,4303,1664,11907,13571
2,94666,44198,0,0,22,22,4303,39366,2009,41375
2,94710,22,0,0,22,22,4305,4374,1,4375
2,94710,1782,0,0,22,22,4305,42632,243,42875
2,94710,2750,0,0,22,22,4305,4704,625,5329
2,94710,8250,0,0,22,22,4305,20992,3375,24367
2,94710,14850,0,0,22,22,4305,3304,2025,5329
2,94710,18942,0,0,44,22,4305,1024,4305,5329
2,94829,23,0,0,23,23,4123,4374,1,4375
2,94829,69,0,0,23,23,4123,4802,3,4805
2,94829,115,0,0,23,23,4123,184832,45,184877
2,94829,437,0,0,46,23,4123,4356,19,4375
2,94829,4991,0,0,92,23,4123,4400,217,4617
2,94829,8303,0,0,23,23,4123,13310,361,13671
2,94829,13547,0,0,23,23,4123,7986,589,8575
2,94829,16767,0,0,23,23,4123,10240,8019,18259
2,94829,20125,0,0,23,23,4123,1408,6125,7533
2,94829,23529,0,0,23,23,4123,25088,9207,34295
2,94829,30613,0,0,23,23,4123,6250,1331,7581
2,94829,34937,0,0,23,23,4123,13122,1519,14641
2,94829,44919,0,0,23,23,4123,1000,5859,6859
2,94829,50301,0,0,23,23,4123,3038,2187,5225
2,94829,54625,0,0,23,23,4123,32,11875,11907
2,94829,61985,0,0,23,23,4123,1922,2695,4617
2,94829,83835,0,0,23,23,4123,7546,3645,11191
2,95105,23,0,0,23,23,4135,4374,1,4375
2,95105,22655,0,0,23,23,4135,864,4925,5789
2,95106,242,0,0,22,22,4323,6550,11,6561
2,95326,22,0,0,22,22,4333,4374,1,4375
2,95326,80850,0,0,22,22,4333,1238,3675,4913
2,95590,22,0,0,22,22,4345,4374,1,4375
2,95590,22,0,0,22,22,4345,12166,1,12167
2,95590,22,0,0,22,22,4345,64000,9,64009
2,95590,22,0,0,22,22,4345,71874,1,71875
2,95590,22,0,0,88,22,4345,8624,1,8625
2,95590,770,0,0,22,22,4345,14536,105,14641
2,95590,1738,0,0,22,22,4345,10240,869,11109
2,95590,1738,0,0,22,22,4345,12672,553,13225
2,95590,1738,0,0,22,22,4345,39366,79,39445
2,95590,7546,0,0,22,22,4345,29282,343,29625
2,95590,7986,0,0,22,22,4345,14536,1089,15625
2,95590,13750,0,0,22,22,4345,2464,3125,5589
2,95590,14850,0,0,22,22,4345,5566,675,6241
2,95590,20790,0,0,22,22,4345,2944,6615,9559
2,95590,29282,0,0,22,22,4345,3430,1331,4761
2,95590,36498,0,0,22,22,4345,3872,8295,12167
2,95590,36498,0,0,22,22,4345,10648,4977,15625
2,95590,41250,0,0,22,22,4345,616,5625,6241
2,95590,41250,0,0,22,22,4345,9016,5625,14641
2,95590,44550,0,0,22,22,4345,8,6075,6083
2,95590,48114,0,0,22,22,4345,11638,2187,13825
2,95590,68750,0,0,22,22,4345,184,9375,9559
2,95590,85162,0,0,22,22,4345,128,27097,27225
2,95795,23,0,0,23,23,4165,4374,1,4375
2,95795,23,0,0,46,23,4165,9260,1,9261
2,95795,23,0,0,46,23,4165,12500,1,12501
2,95979,23,0,0,92,23,4173,26000,1,26001
2,95979,22149,0,0,23,23,4173,1336,2889,4225
2,95979,22149,0,0,23,23,4173,25000,2889,27889
2,95979,66447,0,0,23,23,4173,2560,26001,28561
2,96030,10670,0,0,44,22,4365,58564,485,59049
2,96030,14850,0,0,22,22,4365,8734,675,9409
2,96052,1628,0,0,44,22,4366,8192,481,8673
2,96052,3256,0,0,88,22,4366,8192,481,8673
2,96096,44,0,0,44,22,4368,12160,7,12167
2,96096,88,0,0,88,22,4368,12160,7,12167
2,96096,132,0,0,44,22,4368,9016,9,9025
2,96096,4004,0,0,44,22,4368,8192,1183,9375
2,96096,8008,0,0,88,22,4368,8192,1183,9375
2,96117,7889,0,0,23,23,4179,10368,2401,12769
2,96209,96209,0,0,46,23,4183,15500,4183,19683
2,96255,10971,0,0,23,23,4185,512,4293,4805
2,96255,16767,0,0,23,23,4185,7688,2187,9875
2,96360,120,0,0,48,24,4015,5324,5,5329
2,96360,3000,0,0,24,24,4015,6144,1375,7519
2,96360,20280,0,0,24,24,4015,2336,4225,6561
2,96360,31944,0,0,24,24,4015,864,6655,7519
2,96360,43800,0,0,24,24,4015,352,9125,9477
2,96360,52488,0,0,24,24,4015,9064,6561,15625
2,96360,75000,0,0,24,24,4015,4394,3125,7519
2,96514,2354,0,0,22,22,4387,5346,107,5453
2,96514,41382,0,0,22,22,4387,3362,1881,5243
2,96552,24,0,0,24,24,4023,4374,1,4375
2,96552,12696,0,0,24,24,4023,8046,529,8575
2,96552,15000,0,0,24,24,4023,33376,3125,36501
2,96600,1150,0,0,46,23,4200,6112,125,6237
2,96600,2300,0,0,92,23,4200,6112,125,6237
2,96822,2442,0,0,22,22,4401,4802,111,4913
2,96822,10758,0,0,22,22,4401,512,4401,4913
2,96840,6456,0,0,24,24,4035,6606,269,6875
2,96866,22,0,0,88,22,4403,4624,1,4625
2,97152,48,0,0,48,24,4048,64000,9,64009
2,97240,44,0,0,44,22,4420,10240,11,10251
2,97240,88,0,0,88,22,4420,10240,11,10251
2,97272,24,0,0,24,24,4053,4374,1,4375
2,97350,13750,0,0,22,22,4425,13122,625,13747
2,97350,76582,0,0,22,22,4425,58250,3481,61731
2,97359,23,0,0,23,23,4233,4374,1,4375
2,97359,23,0,0,23,23,4233,10368,7,10375
2,97359,23,0,0,23,23,4233,33614,1,33615
2,97359,69,0,0,46,23,4233,41500,3,41503
2,97359,207,0,0,23,23,4233,4648,27,4675
2,97359,1725,0,0,23,23,4233,6664,225,6889
2,97359,1863,0,0,23,23,4233,9800,243,10043
2,97359,1909,0,0,23,23,4233,85750,83,85833
2,97359,1909,0,0,92,23,4233,19600,83,19683
2,97359,9775,0,0,23,23,4233,2048,4675,6723
2,97359,12397,0,0,23,23,4233,4374,539,4913
2,97359,16767,0,0,23,23,4233,11288,2187,13475
2,97359,19481,0,0,23,23,4233,53120,5929,59049
2,97359,20999,0,0,23,23,4233,106250,913,107163
2,97359,31671,0,0,23,23,4233,2744,4131,6875
2,97359,32453,0,0,23,23,4233,13230,1411,14641
2,97359,50301,0,0,23,23,4233,664,6561,7225
2,97359,71001,0,0,23,23,4233,1826,3087,4913
2,97359,71875,0,0,23,23,4233,5984,15625,21609
2,97405,52877,0,0,23,23,4235,51200,25289,76489
2,97416,23064,0,0,24,24,4059,3362,961,4323
2,97438,22,0,0,88,22,4429,9072,1,9073
2,97451,437,0,0,92,23,4237,34992,19,35011
2,97482,66,0,0,88,22,4431,15376,3,15379
2,97482,154,0,0,22,22,4431,6534,7,6541
2,97482,4642,0,0,44,22,4431,37268,211,37479
2,97482,32494,0,0,22,22,4431,28314,1477,29791
2,97482,33418,0,0,22,22,4431,13122,1519,14641
2,97560,24,0,0,24,24,4065,4374,1,4375
2,97560,24,0,0,24,24,4065,10368,7,10375
2,97560,24,0,0,24,24,4065,33614,1,33615
2,97560,6504,0,0,48,24,4065,5312,813,6125
2,97560,57624,0,0,24,24,4065,4374,2401,6775
2,97614,40986,0,0,22,22,4437,8,5589,5597
2,97635,1863,0,0,23,23,4245,79360,729,80089
2,97727,1127,0,0,23,23,4249,8192,637,8829
2,97865,23,0,0,23,23,4255,64000,9,64009
2,97865,23,0,0,23,23,4255,71874,1,71875
2,97865,23,0,0,46,23,4255,98900,1,98901
2,97865,529,0,0,23,23,4255,43808,115,43923
2,97865,2553,0,0,23,23,4255,14792,333,15125
2,97865,9315,0,0,23,23,4255,10952,1215,12167
2,97865,12167,0,0,23,23,4255,10406,529,10935
2,97865,20493,0,0,23,23,4255,88064,9801,97865
2,97865,42849,0,0,23,23,4255,66550,1863,68413
2,97865,71875,0,0,23,23,4255,99846,3125,102971
2,97944,57624,0,0,24,24,4081,5618,2401,8019
2,97966,22,0,0,88,22,4453,14640,1,14641
2,97966,1342,0,0,44,22,4453,14580,61,14641
2,98049,23,0,0,23,23,4263,4374,1,4375
2,98232,24,0,0,24,24,4093,4374,1,4375
2,98232,2184,0,0,24,24,4093,8192,1183,9375
2,98280,24,0,0,24,24,4095,4374,1,4375
2,98280,24,0,0,48,24,4095,31212,1,31213
2,98280,24,0,0,96,24,4095,28560,1,28561
2,98280,168,0,0,48,24,4095,6500,7,6507
2,98280,312,0,0,48,24,4095,4900,13,4913
2,98280,2040,0,0,24,24,4095,4374,85,4459
2,98280,2184,0,0,24,24,4095,8192,1183,9375
2,98280,8232,0,0,24,24,4095,12050,343,12393
2,98280,10584,0,0,24,24,4095,6656,3969,10625
2,98280,10920,0,0,48,24,4095,17408,2275,19683
2,98280,17352,0,0,24,24,4095,2744,2169,4913
2,98280,17352,0,0,24,24,4095,4802,723,5525
2,98280,40488,0,0,24,24,4095,109850,1687,111537
2,98280,52056,0,0,24,24,4095,64000,19521,83521
2,98325,23,0,0,23,23,4275,4374,1,4375
2,98325,23,0,0,23,23,4275,6174,1,6175
2,98325,23,0,0,23,23,4275,6250,1,6251
2,98325,23,0,0,92,23,4275,5264,1,5265
2,98325,115,0,0,23,23,4275,7938,5,7943
2,98325,345,0,0,92,23,4275,28672,45,28717
2,98325,2093,0,0,23,23,4275,4374,91,4465
2,98325,2093,0,0,23,23,4275,8192,1183,9375
2,98325,2185,0,0,46,23,4275,8788,95,8883
2,98325,5589,0,0,23,23,4275,54872,729,55601
2,98325,9315,0,0,23,23,4275,16562,405,16967
2,98325,14375,0,0,23,23,4275,1568,3125,4693
2,98325,15525,0,0,23,23,4275,8192,8775,16967
2,98325,16767,0,0,23,23,4275,24064,6561,30625
2,98325,29187,0,0,23,23,4275,13000,3807,16807
2,98325,50531,0,0,23,23,4275,4418,2197,6615
2,98325,50807,0,0,23,23,4275,2166,2209,4375
2,98325,50807,0,0,23,23,4275,2250,2209,4459
2,98325,50807,0,0,23,23,4275,3584,19881,23465
2,98325,54625,0,0,23,23,4275,32,11875,11907
2,98325,55223,0,0,23,23,4275,3200,16807,20007
2,98325,71875,0,0,23,23,4275,4256,15625,19881
2,98362,5786,0,0,88,22,4471,5488,263,5751
2,98406,22,0,0,88,22,4473,5040,1,5041
2,98406,3938,0,0,22,22,4473,16000,1253,17253
2,98406,35442,0,0,22,22,4473,3430,1611,5041
2,98560,44,0,0,44,22,4480,10368,7,10375
2,98560,88,0,0,88,22,4480,10368,7,10375
2,98626,34914,0,0,22,22,4483,35864,4761,40625
2,98626,98626,0,0,88,22,4483,80,4483,4563
2,98670,22,0,0,22,22,4485,14742,1,14743
2,98670,506,0,0,46,23,4290,10952,33,10985
2,98670,1794,0,0,46,23,4290,6728,117,6845
2,98670,2002,0,0,22,22,4485,8192,1183,9375
2,98670,2002,0,0,22,22,4485,79488,637,80125
2,98670,3718,0,0,22,22,4485,5128,507,5635
2,98670,13750,0,0,22,22,4485,10368,4375,14743
2,98670,26950,0,0,22,22,4485,2208,6125,8333
2,98670,40986,0,0,22,22,4485,2744,5589,8333
2,98670,48114,0,0,22,22,4485,9464,6561,16025
2,98877,621,0,0,23,23,4299,24334,27,24361
2,98952,24,0,0,24,24,4123,4374,1,4375
2,98952,72,0,0,24,24,4123,4802,3,4805
2,98952,120,0,0,24,24,4123,184832,45,184877
2,98952,456,0,0,48,24,4123,4356,19,4375
2,98952,5208,0,0,96,24,4123,4400,217,4617
2,98952,8664,0,0,24,24,4123,13310,361,13671
2,98952,14136,0,0,24,24,4123,7986,589,8575
2,98952,17496,0,0,24,24,4123,10240,8019,18259
2,98952,21000,0,0,24,24,4123,1408,6125,7533
2,98952,24552,0,0,24,24,4123,25088,9207,34295
2,98952,31944,0,0,24,24,4123,6250,1331,7581
2,98952,36456,0,0,24,24,4123,13122,1519,14641
2,98952,46872,0,0,24,24,4123,1000,5859,6859
2,98952,52488,0,0,24,24,4123,3038,2187,5225
2,98952,57000,0,0,24,24,4123,32,11875,11907
2,98952,64680,0,0,24,24,4123,1922,2695,4617
2,98952,87480,0,0,24,24,4123,7546,3645,11191
2,98969,23,0,0,23,23,4303,4374,1,4375
2,98969,621,0,0,23,23,4303,8200,81,8281
2,98969,2093,0,0,23,23,4303,8192,1183,9375
2,98969,7613,0,0,23,23,4303,4394,331,4725
2,98969,38663,0,0,23,23,4303,4394,1681,6075
2,98969,39123,0,0,23,23,4303,1664,11907,13571
2,98969,46207,0,0,23,23,4303,39366,2009,41375
2,99015,23,0,0,23,23,4305,4374,1,4375
2,99015,1863,0,0,23,23,4305,42632,243,42875
2,99015,2875,0,0,23,23,4305,4704,625,5329
2,99015,8625,0,0,23,23,4305,20992,3375,24367
2,99015,15525,0,0,23,23,4305,3304,2025,5329
2,99015,19803,0,0,46,23,4305,1024,4305,5329
2,99240,24,0,0,24,24,4135,4374,1,4375
2,99240,23640,0,0,24,24,4135,864,4925,5789
2,99429,253,0,0,23,23,4323,6550,11,6561
2,99659,23,0,0,23,23,4333,4374,1,4375
2,99659,84525,0,0,23,23,4333,1238,3675,4913
2,99935,23,0,0,23,23,4345,4374,1,4375
2,99935,23,0,0,23,23,4345,12166,1,12167
2,99935,23,0,0,23,23,4345,64000,9,64009
2,99935,23,0,0,23,23,4345,71874,1,71875
2,99935,23,0,0,92,23,4345,8624,1,8625
2,99935,805,0,0,23,23,4345,14536,105,14641
2,99935,1817,0,0,23,23,4345,10240,869,11109
2,99935,1817,0,0,23,23,4345,12672,553,13225
2,99935,1817,0,0,23,23,4345,39366,79,39445
2,99935,7889,0,0,23,23,4345,29282,343,29625
2,99935,8349,0,0,23,23,4345,14536,1089,15625
2,99935,14375,0,0,23,23,4345,2464,3125,5589
2,99935,15525,0,0,23,23,4345,5566,675,6241
2,99935,21735,0,0,23,23,4345,2944,6615,9559
2,99935,30613,0,0,23,23,4345,3430,1331,4761
2,99935,38157,0,0,23,23,4345,3872,8295,12167
2,99935,38157,0,0,23,23,4345,10648,4977,15625
2,99935,43125,0,0,23,23,4345,616,5625,6241
2,99935,43125,0,0,23,23,4345,9016,5625,14641
2,99935,46575,0,0,23,23,4345,8,6075,6083
2,99935,50301,0,0,23,23,4345,11638,2187,13825
2,99935,71875,0,0,23,23,4345,184,9375,9559
2,99935,89033,0,0,23,23,4345,128,27097,27225
2,99960,24,0,0,24,24,4165,4374,1,4375
2,99960,24,0,0,48,24,4165,9260,1,9261
2,99960,24,0,0,48,24,4165,12500,1,12501
2,100152,24,0,0,96,24,4173,26000,1,26001
2,100152,23112,0,0,24,24,4173,1336,2889,4225
2,100152,23112,0,0,24,24,4173,25000,2889,27889
2,100152,69336,0,0,24,24,4173,2560,26001,28561
2,100296,8232,0,0,24,24,4179,10368,2401,12769
2,100375,125,0,0,50,25,4015,5324,5,5329
2,100375,3125,0,0,25,25,4015,6144,1375,7519
2,100375,21125,0,0,25,25,4015,2336,4225,6561
2,100375,33275,0,0,25,25,4015,864,6655,7519
2,100375,45625,0,0,25,25,4015,352,9125,9477
2,100375,54675,0,0,25,25,4015,9064,6561,15625
2,100375,78125,0,0,25,25,4015,4394,3125,7519
2,100392,100392,0,0,48,24,4183,15500,4183,19683
2,100395,11155,0,0,46,23,4365,58564,485,59049
2,100395,15525,0,0,23,23,4365,8734,675,9409
2,100418,1702,0,0,46,23,4366,8192,481,8673
2,100418,3404,0,0,92,23,4366,8192,481,8673
2,100440,11448,0,0,24,24,4185,512,4293,4805
2,100440,17496,0,0,24,24,4185,7688,2187,9875
2,100464,46,0,0,46,23,4368,12160,7,12167
2,100464,92,0,0,92,23,4368,12160,7,12167
2,100464,138,0,0,46,23,4368,9016,9,9025
2,100464,4186,0,0,46,23,4368,8192,1183,9375
2,100464,8372,0,0,92,23,4368,8192,1183,9375
2,100575,25,0,0,25,25,4023,4374,1,4375
2,100575,13225,0,0,25,25,4023,8046,529,8575
2,100575,15625,0,0,25,25,4023,33376,3125,36501
2,100800,1200,0,0,48,24,4200,6112,125,6237
2,100800,2400,0,0,96,24,4200,6112,125,6237
2,100875,6725,0,0,25,25,4035,6606,269,6875
2,100901,2461,0,0,23,23,4387,5346,107,5453
2,100901,43263,0,0,23,23,4387,3362,1881,5243
2,101200,50,0,0,50,25,4048,64000,9,64009
2,101223,2553,0,0,23,23,4401,4802,111,4913
2,101223,11247,0,0,23,23,4401,512,4401,4913
2,101269,23,0,0,92,23,4403,4624,1,4625
2,101325,25,0,0,25,25,4053,4374,1,4375
2,101475,24025,0,0,25,25,4059,3362,961,4323
2,101592,24,0,0,24,24,4233,4374,1,4375
2,101592,24,0,0,24,24,4233,10368,7,10375
2,101592,24,0,0,24,24,4233,33614,1,33615
2,101592,72,0,0,48,24,4233,41500,3,41503
2,101592,216,0,0,24,24,4233,4648,27,4675
2,101592,1800,0,0,24,24,4233,6664,225,6889
2,101592,1944,0,0,24,24,4233,9800,243,10043
2,101592,1992,0,0,24,24,4233,85750,83,85833
2,101592,1992,0,0,96,24,4233,19600,83,19683
2,101592,10200,0,0,24,24,4233,2048,4675,6723
2,101592,12936,0,0,24,24,4233,4374,539,4913
2,101592,17496,0,0,24,24,4233,11288,2187,13475
2,101592,20328,0,0,24,24,4233,53120,5929,59049
2,101592,21912,0,0,24,24,4233,106250,913,107163
2,101592,33048,0,0,24,24,4233,2744,4131,6875
2,101592,33864,0,0,24,24,4233,13230,1411,14641
2,101592,52488,0,0,24,24,4233,664,6561,7225
2,101592,74088,0,0,24,24,4233,1826,3087,4913
2,101592,75000,0,0,24,24,4233,5984,15625,21609
2,101625,25,0,0,25,25,4065,4374,1,4375
2,101625,25,0,0,25,25,4065,10368,7,10375
2,101625,25,0,0,25,25,4065,33614,1,33615
2,101625,6775,0,0,50,25,4065,5312,813,6125
2,101625,60025,0,0,25,25,4065,4374,2401,6775
2,101640,55176,0,0,24,24,4235,51200,25289,76489
2,101660,46,0,0,46,23,4420,10240,11,10251
2,101660,92,0,0,92,23,4420,10240,11,10251
2,101688,456,0,0,96,24,4237,34992,19,35011
2,101775,14375,0,0,23,23,4425,13122,625,13747
2,101775,80063,0,0,23,23,4425,58250,3481,61731
2,101867,23,0,0,92,23,4429,9072,1,9073
2,101880,1944,0,0,24,24,4245,79360,729,80089
2,101913,69,0,0,92,23,4431,15376,3,15379
2,101913,161,0,0,23,23,4431,6534,7,6541
2,101913,4853,0,0,46,23,4431,37268,211,37479
2,101913,33971,0,0,23,23,4431,28314,1477,29791
2,101913,34937,0,0,23,23,4431,13122,1519,14641
2,101976,1176,0,0,24,24,4249,8192,637,8829
2,102025,60025,0,0,25,25,4081,5618,2401,8019
2,102051,42849,0,0,23,23,4437,8,5589,5597
2,102120,24,0,0,24,24,4255,64000,9,64009
2,102120,24,0,0,24,24,4255,71874,1,71875
2,102120,24,0,0,48,24,4255,98900,1,98901
2,102120,552,0,0,24,24,4255,43808,115,43923
2,102120,2664,0,0,24,24,4255,14792,333,15125
2,102120,9720,0,0,24,24,4255,10952,1215,12167
2,102120,12696,0,0,24,24,4255,10406,529,10935
2,102120,21384,0,0,24,24,4255,88064,9801,97865
2,102120,44712,0,0,24,24,4255,66550,1863,68413
2,102120,75000,0,0,24,24,4255,99846,3125,102971
2,102312,24,0,0,24,24,4263,4374,1,4375
2,102325,25,0,0,25,25,4093,4374,1,4375
2,102325,2275,0,0,25,25,4093,8192,1183,9375
2,102375,25,0,0,25,25,4095,4374,1,4375
2,102375,25,0,0,50,25,4095,31212,1,31213
2,102375,25,0,0,100,25,4095,28560,1,28561
2,102375,175,0,0,50,25,4095,6500,7,6507
2,102375,325,0,0,50,25,4095,4900,13,4913
2,102375,2125,0,0,25,25,4095,4374,85,4459
2,102375,2275,0,0,25,25,4095,8192,1183,9375
2,102375,8575,0,0,25,25,4095,12050,343,12393
2,102375,11025,0,0,25,25,4095,6656,3969,10625
2,102375,11375,0,0,50,25,4095,17408,2275,19683
2,102375,18075,0,0,25,25,4095,2744,2169,4913
2,102375,18075,0,0,25,25,4095,4802,723,5525
2,102375,42175,0,0,25,25,4095,109850,1687,111537
2,102375,54225,0,0,25,25,4095,64000,19521,83521
2,102419,23,0,0,92,23,4453,14640,1,14641
2,102419,1403,0,0,46,23,4453,14580,61,14641
2,102600,24,0,0,24,24,4275,4374,1,4375
2,102600,24,0,0,24,24,4275,6174,1,6175
2,102600,24,0,0,24,24,4275,6250,1,6251
2,102600,24,0,0,96,24,4275,5264,1,5265
2,102600,120,0,0,24,24,4275,7938,5,7943
2,102600,360,0,0,96,24,4275,28672,45,28717
2,102600,2184,0,0,24,24,4275,4374,91,4465
2,102600,2184,0,0,24,24,4275,8192,1183,9375
2,102600,2280,0,0,48,24,4275,8788,95,8883
2,102600,5832,0,0,24,24,4275,54872,729,55601
2,102600,9720,0,0,24,24,4275,16562,405,16967
2,102600,15000,0,0,24,24,4275,1568,3125,4693
2,102600,16200,0,0,24,24,4275,8192,8775,16967
2,102600,17496,0,0,24,24,4275,24064,6561,30625
2,102600,30456,0,0,24,24,4275,13000,3807,16807
2,102600,52728,0,0,24,24,4275,4418,2197,6615
2,102600,53016,0,0,24,24,4275,2166,2209,4375
2,102600,53016,0,0,24,24,4275,2250,2209,4459
2,102600,53016,0,0,24,24,4275,3584,19881,23465
2,102600,57000,0,0,24,24,4275,32,11875,11907
2,102600,57624,0,0,24,24,4275,3200,16807,20007
2,102600,75000,0,0,24,24,4275,4256,15625,19881
2,102833,6049,0,0,92,23,4471,5488,263,5751
2,102879,23,0,0,92,23,4473,5040,1,5041
2,102879,4117,0,0,23,23,4473,16000,1253,17253
2,102879,37053,0,0,23,23,4473,3430,1611,5041
2,102960,528,0,0,48,24,4290,10952,33,10985
2,102960,1872,0,0,48,24,4290,6728,117,6845
2,103040,46,0,0,46,23,4480,10368,7,10375
2,103040,92,0,0,92,23,4480,10368,7,10375
2,103075,25,0,0,25,25,4123,4374,1,4375
2,103075,75,0,0,25,25,4123,4802,3,4805
2,103075,125,0,0,25,25,4123,184832,45,184877
2,103075,475,0,0,50,25,4123,4356,19,4375
2,103075,5425,0,0,100,25,4123,4400,217,4617
2,103075,9025,0,0,25,25,4123,13310,361,13671
2,103075,14725,0,0,25,25,4123,7986,589,8575
2,103075,18225,0,0,25,25,4123,10240,8019,18259
2,103075,21875,0,0,25,25,4123,1408,6125,7533
2,103075,25575,0,0,25,25,4123,25088,9207,34295
2,103075,33275,0,0,25,25,4123,6250,1331,7581
2,103075,37975,0,0,25,25,4123,13122,1519,14641
2,103075,48825,0,0,25,25,4123,1000,5859,6859
2,103075,54675,0,0,25,25,4123,3038,2187,5225
2,103075,59375,0,0,25,25,4123,32,11875,11907
2,103075,67375,0,0,25,25,4123,1922,2695,4617
2,103075,91125,0,0,25,25,4123,7546,3645,11191
2,103109,36501,0,0,23,23,4483,35864,4761,40625
2,103109,103109,0,0,92,23,4483,80,4483,4563
2,103155,23,0,0,23,23,4485,14742,1,14743
2,103155,2093,0,0,23,23,4485,8192,1183,9375
2,103155,2093,0,0,23,23,4485,79488,637,80125
2,103155,3887,0,0,23,23,4485,5128,507,5635
2,103155,14375,0,0,23,23,4485,10368,4375,14743
2,103155,28175,0,0,23,23,4485,2208,6125,8333
2,103155,42849,0,0,23,23,4485,2744,5589,8333
2,103155,50301,0,0,23,23,4485,9464,6561,16025
2,103176,648,0,0,24,24,4299,24334,27,24361
2,103272,24,0,0,24,24,4303,4374,1,4375
2,103272,648,0,0,24,24,4303,8200,81,8281
2,103272,2184,0,0,24,24,4303,8192,1183,9375
2,103272,7944,0,0,24,24,4303,4394,331,4725
2,103272,40344,0,0,24,24,4303,4394,1681,6075
2,103272,40824,0,0,24,24,4303,1664,11907,13571
2,103272,48216,0,0,24,24,4303,39366,2009,41375
2,103320,24,0,0,24,24,4305,4374,1,4375
2,103320,1944,0,0,24,24,4305,42632,243,42875
2,103320,3000,0,0,24,24,4305,4704,625,5329
2,103320,9000,0,0,24,24,4305,20992,3375,24367
2,103320,16200,0,0,24,24,4305,3304,2025,5329
2,103320,20664,0,0,48,24,4305,1024,4305,5329
2,103375,25,0,0,25,25,4135,4374,1,4375
2,103375,24625,0,0,25,25,4135,864,4925,5789
2,103752,264,0,0,24,24,4323,6550,11,6561
2,103992,24,0,0,24,24,4333,4374,1,4375
2,103992,88200,0,0,24,24,4333,1238,3675,4913
2,104125,25,0,0,25,25,4165,4374,1,4375
2,104125,25,0,0,50,25,4165,9260,1,9261
2,104125,25,0,0,50,25,4165,12500,1,12501
2,104280,24,0,0,24,24,4345,4374,1,4375
2,104280,24,0,0,24,24,4345,12166,1,12167
2,104280,24,0,0,24,24,4345,64000,9,64009
2,104280,24,0,0,24,24,4345,71874,1,71875
2,104280,24,0,0,96,24,4345,8624,1,8625
2,104280,840,0,0,24,24,4345,14536,105,14641
2,104280,1896,0,0,24,24,4345,10240,869,11109
2,104280,1896,0,0,24,24,4345,12672,553,13225
2,104280,1896,0,0,24,24,4345,39366,79,39445
2,104280,8232,0,0,24,24,4345,29282,343,29625
2,104280,8712,0,0,24,24,4345,14536,1089,15625
2,104280,15000,0,0,24,24,4345,2464,3125,5589
2,104280,16200,0,0,24,24,4345,5566,675,6241
2,104280,22680,0,0,24,24,4345,2944,6615,9559
2,104280,31944,0,0,24,24,4345,3430,1331,4761
2,104280,39816,0,0,24,24,4345,3872,8295,12167
2,104280,39816,0,0,24,24,4345,10648,4977,15625
2,104280,45000,0,0,24,24,4345,616,5625,6241
2,104280,45000,0,0,24,24,4345,9016,5625,14641
2,104280,48600,0,0,24,24,4345,8,6075,6083
2,104280,52488,0,0,24,24,4345,11638,2187,13825
2,104280,75000,0,0,24,24,4345,184,9375,9559
2,104280,92904,0,0,24,24,4345,128,27097,27225
2,104325,25,0,0,100,25,4173,26000,1,26001
2,104325,24075,0,0,25,25,4173,1336,2889,4225
2,104325,24075,0,0,25,25,4173,25000,2889,27889
2,104325,72225,0,0,25,25,4173,2560,26001,28561
2,104390,130,0,0,52,26,4015,5324,5,5329
2,104390,3250,0,0,26,26,4015,6144,1375,7519
2,104390,21970,0,0,26,26,4015,2336,4225,6561
2,104390,34606,0,0,26,26,4015,864,6655,7519
2,104390,47450,0,0,26,26,4015,352,9125,9477
2,104390,56862,0,0,26,26,4015,9064,6561,15625
2,104390,81250,0,0,26,26,4015,4394,3125,7519
2,104475,8575,0,0,25,25,4179,10368,2401,12769
2,104575,104575,0,0,50,25,4183,15500,4183,19683
2,104598,26,0,0,26,26,4023,4374,1,4375
2,104598,13754,0,0,26,26,4023,8046,529,8575
2,104598,16250,0,0,26,26,4023,33376,3125,36501
2,104625,11925,0,0,25,25,4185,512,4293,4805
2,104625,18225,0,0,25,25,4185,7688,2187,9875
2,104760,11640,0,0,48,24,4365,58564,485,59049
2,104760,16200,0,0,24,24,4365,8734,675,9409
2,104784,1776,0,0,48,24,4366,8192,481,8673
2,104784,3552,0,0,96,24,4366,8192,481,8673
2,104832,48,0,0,48,24,4368,12160,7,12167
2,104832,96,0,0,96,24,4368,12160,7,12167
2,104832,144,0,0,48,24,4368,9016,9,9025
2,104832,4368,0,0,48,24,4368,8192,1183,9375
2,104832,8736,0,0,96,24,4368,8192,1183,9375
2,104910,6994,0,0,26,26,4035,6606,269,6875
2,105000,1250,0,0,50,25,4200,6112,125,6237
2,105000,2500,0,0,100,25,4200,6112,125,6237
2,105248,52,0,0,52,26,4048,64000,9,64009
2,105288,2568,0,0,24,24,4387,5346,107,5453
2,105288,45144,0,0,24,24,4387,3362,1881,5243
2,105378,26,0,0,26,26,4053,4374,1,4375
2,105534,24986,0,0,26,26,4059,3362,961,4323
2,105624,2664,0,0,24,24,4401,4802,111,4913
2,105624,11736,0,0,24,24,4401,512,4401,4913
2,105672,24,0,0,96,24,4403,4624,1,4625
2,105690,26,0,0,26,26,4065,4374,1,4375
2,105690,26,0,0,26,26,4065,10368,7,10375
2,105690,26,0,0,26,26,4065,33614,1,33615
2,105690,7046,0,0,52,26,4065,5312,813,6125
2,105690,62426,0,0,26,26,4065,4374,2401,6775
2,105825,25,0,0,25,25,4233,4374,1,4375
2,105825,25,0,0,25,25,4233,10368,7,10375
2,105825,25,0,0,25,25,4233,33614,1,33615
2,105825,75,0,0,50,25,4233,41500,3,41503
2,105825,225,0,0,25,25,4233,4648,27,4675
2,105825,1875,0,0,25,25,4233,6664,225,6889
2,105825,2025,0,0,25,25,4233,9800,243,10043
2,105825,2075,0,0,25,25,4233,85750,83,85833
2,105825,2075,0,0,100,25,4233,19600,83,19683
2,105825,10625,0,0,25,25,4233,2048,4675,6723
2,105825,13475,0,0,25,25,4233,4374,539,4913
2,105825,18225,0,0,25,25,4233,11288,2187,13475
2,105825,21175,0,0,25,25,4233,53120,5929,59049
2,105825,22825,0,0,25,25,4233,106250,913,107163
2,105825,34425,0,0,25,25,4233,2744,4131,6875
2,105825,35275,0,0,25,25,4233,13230,1411,14641
2,105825,54675,0,0,25,25,4233,664,6561,7225
2,105825,77175,0,0,25,25,4233,1826,3087,4913
2,105825,78125,0,0,25,25,4233,5984,15625,21609
2,105875,57475,0,0,25,25,4235,51200,25289,76489
2,105925,475,0,0,100,25,4237,34992,19,35011
2,106080,48,0,0,48,24,4420,10240,11,10251
2,106080,96,0,0,96,24,4420,10240,11,10251
2,106106,62426,0,0,26,26,4081,5618,2401,8019
2,106125,2025,0,0,25,25,4245,79360,729,80089
2,106200,15000,0,0,24,24,4425,13122,625,13747
2,106200,83544,0,0,24,24,4425,58250,3481,61731
2,106225,1225,0,0,25,25,4249,8192,637,8829
2,106296,24,0,0,96,24,4429,9072,1,9073
2,106344,72,0,0,96,24,4431,15376,3,15379
2,106344,168,0,0,24,24,4431,6534,7,6541
2,106344,5064,0,0,48,24,4431,37268,211,37479
2,106344,35448,0,0,24,24,4431,28314,1477,29791
2,106344,36456,0,0,24,24,4431,13122,1519,14641
2,106375,25,0,0,25,25,4255,64000,9,64009
2,106375,25,0,0,25,25,4255,71874,1,71875
2,106375,25,0,0,50,25,4255,98900,1,98901
2,106375,575,0,0,25,25,4255,43808,115,43923
2,106375,2775,0,0,25,25,4255,14792,333,15125
2,106375,10125,0,0,25,25,4255,10952,1215,12167
2,106375,13225,0,0,25,25,4255,10406,529,10935
2,106375,22275,0,0,25,25,4255,88064,9801,97865
2,106375,46575,0,0,25,25,4255,66550,1863,68413
2,106375,78125,0,0,25,25,4255,99846,3125,102971
2,106418,26,0,0,26,26,4093,4374,1,4375
2,106418,2366,0,0,26,26,4093,8192,1183,9375
2,106470,26,0,0,26,26,4095,4374,1,4375
2,106470,26,0,0,52,26,4095,31212,1,31213
2,106470,26,0,0,104,26,4095,28560,1,28561
2,106470,182,0,0,52,26,4095,6500,7,6507
2,106470,338,0,0,52,26,4095,4900,13,4913
2,106470,2210,0,0,26,26,4095,4374,85,4459
2,106470,2366,0,0,26,26,4095,8192,1183,9375
2,106470,8918,0,0,26,26,4095,12050,343,12393
2,106470,11466,0,0,26,26,4095,6656,3969,10625
2,106470,11830,0,0,52,26,4095,17408,2275,19683
2,106470,18798,0,0,26,26,4095,2744,2169,4913
2,106470,18798,0,0,26,26,4095,4802,723,5525
2,106470,43862,0,0,26,26,4095,109850,1687,111537
2,106470,56394,0,0,26,26,4095,64000,19521,83521
2,106488,44712,0,0,24,24,4437,8,5589,5597
2,106575,25,0,0,25,25,4263,4374,1,4375
2,106872,24,0,0,96,24,4453,14640,1,14641
2,106872,1464,0,0,48,24,4453,14580,61,14641
2,106875,25,0,0,25,25,4275,4374,1,4375
2,106875,25,0,0,25,25,4275,6174,1,6175
2,106875,25,0,0,25,25,4275,6250,1,6251
2,106875,25,0,0,100,25,4275,5264,1,5265
2,106875,125,0,0,25,25,4275,7938,5,7943
2,106875,375,0,0,100,25,4275,28672,45,28717
2,106875,2275,0,0,25,25,4275,4374,91,4465
2,106875,2275,0,0,25,25,4275,8192,1183,9375
2,106875,2375,0,0,50,25,4275,8788,95,8883
2,106875,6075,0,0,25,25,4275,54872,729,55601
2,106875,10125,0,0,25,25,4275,16562,405,16967
2,106875,15625,0,0,25,25,4275,1568,3125,4693
2,106875,16875,0,0,25,25,4275,8192,8775,16967
2,106875,18225,0,0,25,25,4275,24064,6561,30625
2,106875,31725,0,0,25,25,4275,13000,3807,16807
2,106875,54925,0,0,25,25,4275,4418,2197,6615
2,106875,55225,0,0,25,25,4275,2166,2209,4375
2,106875,55225,0,0,25,25,4275,2250,2209,4459
2,106875,55225,0,0,25,25,4275,3584,19881,23465
2,106875,59375,0,0,25,25,4275,32,11875,11907
2,106875,60025,0,0,25,25,4275,3200,16807,20007
2,106875,78125,0,0,25,25,4275,4256,15625,19881
2,107198,26,0,0,26,26,4123,4374,1,4375
2,107198,78,0,0,26,26,4123,4802,3,4805
2,107198,130,0,0,26,26,4123,184832,45,184877
2,107198,494,0,0,52,26,4123,4356,19,4375
2,107198,5642,0,0,104,26,4123,4400,217,4617
2,107198,9386,0,0,26,26,4123,13310,361,13671
2,107198,15314,0,0,26,26,4123,7986,589,8575
2,107198,18954,0,0,26,26,4123,10240,8019,18259
2,107198,22750,0,0,26,26,4123,1408,6125,7533
2,107198,26598,0,0,26,26,4123,25088,9207,34295
2,107198,34606,0,0,26,26,4123,6250,1331,7581
2,107198,39494,0,0,26,26,4123,13122,1519,14641
2,107198,50778,0,0,26,26,4123,1000,5859,6859
2,107198,56862,0,0,26,26,4123,3038,2187,5225
2,107198,61750,0,0,26,26,4123,32,11875,11907
2,107198,70070,0,0,26,26,4123,1922,2695,4617
2,107198,94770,0,0,26,26,4123,7546,3645,11191
2,107250,550,0,0,50,25,4290,10952,33,10985
2,107250,1950,0,0,50,25,4290,6728,117,6845
2,107304,6312,0,0,96,24,4471,5488,263,5751
2,107352,24,0,0,96,24,4473,5040,1,5041
2,107352,4296,0,0,24,24,4473,16000,1253,17253
2,107352,38664,0,0,24,24,4473,3430,1611,5041
2,107475,675,0,0,25,25,4299,24334,27,24361
2,107510,26,0,0,26,26,4135,4374,1,4375
2,107510,25610,0,0,26,26,4135,864,4925,5789
2,107520,48,0,0,48,24,4480,10368,7,10375
2,107520,96,0,0,96,24,4480,10368,7,10375
2,107575,25,0,0,25,25,4303,4374,1,4375
2,107575,675,0,0,25,25,4303,8200,81,8281
2,107575,2275,0,0,25,25,4303,8192,1183,9375
2,107575,8275,0,0,25,25,4303,4394,331,4725
2,107575,42025,0,0,25,25,4303,4394,1681,6075
2,107575,42525,0,0,25,25,4303,1664,11907,13571
2,107575,50225,0,0,25,25,4303,39366,2009,41375
2,107592,38088,0,0,24,24,4483,35864,4761,40625
2,107592,107592,0,0,96,24,4483,80,4483,4563
2,107625,25,0,0,25,25,4305,4374,1,4375
2,107625,2025,0,0,25,25,4305,42632,243,42875
2,107625,3125,0,0,25,25,4305,4704,625,5329
2,107625,9375,0,0,25,25,4305,20992,3375,24367
2,107625,16875,0,0,25,25,4305,3304,2025,5329
2,107625,21525,0,0,50,25,4305,1024,4305,5329
2,107640,24,0,0,24,24,4485,14742,1,14743
2,107640,2184,0,0,24,24,4485,8192,1183,9375
2,107640,2184,0,0,24,24,4485,79488,637,80125
2,107640,4056,0,0,24,24,4485,5128,507,5635
2,107640,15000,0,0,24,24,4485,10368,4375,14743
2,107640,29400,0,0,24,24,4485,2208,6125,8333
2,107640,44712,0,0,24,24,4485,2744,5589,8333
2,107640,52488,0,0,24,24,4485,9464,6561,16025
2,108075,275,0,0,25,25,4323,6550,11,6561
2,108290,26,0,0,26,26,4165,4374,1,4375
2,108290,26,0,0,52,26,4165,9260,1,9261
2,108290,26,0,0,52,26,4165,12500,1,12501
2,108325,25,0,0,25,25,4333,4374,1,4375
2,108325,91875,0,0,25,25,4333,1238,3675,4913
2,108405,135,0,0,54,27,4015,5324,5,5329
2,108405,3375,0,0,27,27,4015,6144,1375,7519
2,108405,22815,0,0,27,27,4015,2336,4225,6561
2,108405,35937,0,0,27,27,4015,864,6655,7519
2,108405,49275,0,0,27,27,4015,352,9125,9477
2,108405,59049,0,0,27,27,4015,9064,6561,15625
2,108405,84375,0,0,27,27,4015,4394,3125,7519
2,108498,26,0,0,104,26,4173,26000,1,26001
2,108498,25038,0,0,26,26,4173,1336,2889,4225
2,108498,25038,0,0,26,26,4173,25000,2889,27889
2,108498,75114,0,0,26,26,4173,2560,26001,28561
2,108621,27,0,0,27,27,4023,4374,1,4375
2,108621,14283,0,0,27,27,4023,8046,529,8575
2,108621,16875,0,0,27,27,4023,33376,3125,36501
2,108625,25,0,0,25,25,4345,4374,1,4375
2,108625,25,0,0,25,25,4345,12166,1,12167
2,108625,25,0,0,25,25,4345,64000,9,64009
2,108625,25,0,0,25,25,4345,71874,1,71875
2,108625,25,0,0,100,25,4345,8624,1,8625
2,108625,875,0,0,25,25,4345,14536,105,14641
2,108625,1975,0,0,25,25,4345,10240,869,11109
2,108625,1975,0,0,25,25,4345,12672,553,13225
2,108625,1975,0,0,25,25,4345,39366,79,39445
2,108625,8575,0,0,25,25,4345,29282,343,29625
2,108625,9075,0,0,25,25,4345,14536,1089,15625
2,108625,15625,0,0,25,25,4345,2464,3125,5589
2,108625,16875,0,0,25,25,4345,5566,675,6241
2,108625,23625,0,0,25,25,4345,2944,6615,9559
2,108625,33275,0,0,25,25,4345,3430,1331,4761
2,108625,41475,0,0,25,25,4345,3872,8295,12167
2,108625,41475,0,0,25,25,4345,10648,4977,15625
2,108625,46875,0,0,25,25,4345,616,5625,6241
2,108625,46875,0,0,25,25,4345,9016,5625,14641
2,108625,50625,0,0,25,25,4345,8,6075,6083
2,108625,54675,0,0,25,25,4345,11638,2187,13825
2,108625,78125,0,0,25,25,4345,184,9375,9559
2,108625,96775,0,0,25,25,4345,128,27097,27225
2,108654,8918,0,0,26,26,4179,10368,2401,12769
2,108758,108758,0,0,52,26,4183,15500,4183,19683
2,108810,12402,0,0,26,26,4185,512,4293,4805
2,108810,18954,0,0,26,26,4185,7688,2187,9875
2,108945,7263,0,0,27,27,4035,6606,269,6875
2,109125,12125,0,0,50,25,4365,58564,485,59049
2,109125,16875,0,0,25,25,4365,8734,675,9409
2,109150,1850,0,0,50,25,4366,8192,481,8673
2,109150,3700,0,0,100,25,4366,8192,481,8673
2,109200,50,0,0,50,25,4368,12160,7,12167
2,109200,100,0,0,100,25,4368,12160,7,12167
2,109200,150,0,0,50,25,4368,9016,9,9025
2,109200,1300,0,0,52,26,4200,6112,125,6237
2,109200,2600,0,0,104,26,4200,6112,125,6237
2,109200,4550,0,0,50,25,4368,8192,1183,9375
2,109200,9100,0,0,100,25,4368,8192,1183,9375
2,109296,54,0,0,54,27,4048,64000,9,64009
2,109431,27,0,0,27,27,4053,4374,1,4375
2,109593,25947,0,0,27,27,4059,3362,961,4323
2,109675,2675,0,0,25,25,4387,5346,107,5453
2,109675,47025,0,0,25,25,4387,3362,1881,5243
2,109755,27,0,0,27,27,4065,4374,1,4375
2,109755,27,0,0,27,27,4065,10368,7,10375
2,109755,27,0,0,27,27,4065,33614,1,33615
2,109755,7317,0,0,54,27,4065,5312,813,6125
2,109755,64827,0,0,27,27,4065,4374,2401,6775
2,110025,2775,0,0,25,25,4401,4802,111,4913
2,110025,12225,0,0,25,25,4401,512,4401,4913
2,110058,26,0,0,26,26,4233,4374,1,4375
2,110058,26,0,0,26,26,4233,10368,7,10375
2,110058,26,0,0,26,26,4233,33614,1,33615
2,110058,78,0,0,52,26,4233,41500,3,41503
2,110058,234,0,0,26,26,4233,4648,27,4675
2,110058,1950,0,0,26,26,4233,6664,225,6889
2,110058,2106,0,0,26,26,4233,9800,243,10043
2,110058,2158,0,0,26,26,4233,85750,83,85833
2,110058,2158,0,0,104,26,4233,19600,83,19683
2,110058,11050,0,0,26,26,4233,2048,4675,6723
2,110058,14014,0,0,26,26,4233,4374,539,4913
2,110058,18954,0,0,26,26,4233,11288,2187,13475
2,110058,22022,0,0,26,26,4233,53120,5929,59049
2,110058,23738,0,0,26,26,4233,106250,913,107163
2,110058,35802,0,0,26,26,4233,2744,4131,6875
2,110058,36686,0,0,26,26,4233,13230,1411,14641
2,110058,56862,0,0,26,26,4233,664,6561,7225
2,110058,80262,0,0,26,26,4233,1826,3087,4913
2,110058,81250,0,0,26,26,4233,5984,15625,21609
2,110075,25,0,0,100,25,4403,4624,1,4625
2,110110,59774,0,0,26,26,4235,51200,25289,76489
2,110162,494,0,0,104,26,4237,34992,19,35011
2,110187,64827,0,0,27,27,4081,5618,2401,8019
2,110370,2106,0,0,26,26,4245,79360,729,80089
2,110474,1274,0,0,26,26,4249,8192,637,8829
2,110500,50,0,0,50,25,4420,10240,11,10251
2,110500,100,0,0,100,25,4420,10240,11,10251
2,110511,27,0,0,27,27,4093,4374,1,4375
2,110511,2457,0,0,27,27,4093,8192,1183,9375
2,110565,27,0,0,27,27,4095,4374,1,4375
2,110565,27,0,0,54,27,4095,31212,1,31213
2,110565,27,0,0,108,27,4095,28560,1,28561
2,110565,189,0,0,54,27,4095,6500,7,6507
2,110565,351,0,0,54,27,4095,4900,13,4913
2,110565,2295,0,0,27,27,4095,4374,85,4459
2,110565,2457,0,0,27,27,4095,8192,1183,9375
2,110565,9261,0,0,27,27,4095,12050,343,12393
2,110565,11907,0,0,27,27,4095,6656,3969,10625
2,110565,12285,0,0,54,27,4095,17408,2275,19683
2,110565,19521,0,0,27,27,4095,2744,2169,4913
2,110565,19521,0,0,27,27,4095,4802,723,5525
2,110565,45549,0,0,27,27,4095,109850,1687,111537
2,110565,58563,0,0,27,27,4095,64000,19521,83521
2,110625,15625,0,0,25,25,4425,13122,625,13747
2,110625,87025,0,0,25,25,4425,58250,3481,61731
2,110630,26,0,0,26,26,4255,64000,9,64009
2,110630,26,0,0,26,26,4255,71874,1,71875
2,110630,26,0,0,52,26,4255,98900,1,98901
2,110630,598,0,0,26,26,4255,43808,115,43923
2,110630,2886,0,0,26,26,4255,14792,333,15125
2,110630,10530,0,0,26,26,4255,10952,1215,12167
2,110630,13754,0,0,26,26,4255,10406,529,10935
2,110630,23166,0,0,26,26,4255,88064,9801,97865
2,110630,48438,0,0,26,26,4255,66550,1863,68413
2,110630,81250,0,0,26,26,4255,99846,3125,102971
2,110725,25,0,0,100,25,4429,9072,1,9073
2,110775,75,0,0,100,25,4431,15376,3,15379
2,110775,175,0,0,25,25,4431,6534,7,6541
2,110775,5275,0,0,50,25,4431,37268,211,37479
2,110775,36925,0,0,25,25,4431,28314,1477,29791
2,110775,37975,0,0,25,25,4431,13122,1519,14641
2,110838,26,0,0,26,26,4263,4374,1,4375
2,110925,46575,0,0,25,25,4437,8,5589,5597
2,111150,26,0,0,26,26,4275,4374,1,4375
2,111150,26,0,0,26,26,4275,6174,1,6175
2,111150,26,0,0,26,26,4275,6250,1,6251
2,111150,26,0,0,104,26,4275,5264,1,5265
2,111150,130,0,0,26,26,4275,7938,5,7943
2,111150,390,0,0,104,26,4275,28672,45,28717
2,111150,2366,0,0,26,26,4275,4374,91,4465
2,111150,2366,0,0,26,26,4275,8192,1183,9375
2,111150,2470,0,0,52,26,4275,8788,95,8883
2,111150,6318,0,0,26,26,4275,54872,729,55601
2,111150,10530,0,0,26,26,4275,16562,405,16967
2,111150,16250,0,0,26,26,4275,1568,3125,4693
2,111150,17550,0,0,26,26,4275,8192,8775,16967
2,111150,18954,0,0,26,26,4275,24064,6561,30625
2,111150,32994,0,0,26,26,4275,13000,3807,16807
2,111150,57122,0,0,26,26,4275,4418,2197,6615
2,111150,57434,0,0,26,26,4275,2166,2209,4375
2,111150,57434,0,0,26,26,4275,2250,2209,4459
2,111150,57434,0,0,26,26,4275,3584,19881,23465
2,111150,61750,0,0,26,26,4275,32,11875,11907
2,111150,62426,0,0,26,26,4275,3200,16807,20007
2,111150,81250,0,0,26,26,4275,4256,15625,19881
2,111321,27,0,0,27,27,4123,4374,1,4375
2,111321,81,0,0,27,27,4123,4802,3,4805
2,111321,135,0,0,27,27,4123,184832,45,184877
2,111321,513,0,0,54,27,4123,4356,19,4375
2,111321,5859,0,0,108,27,4123,4400,217,4617
2,111321,9747,0,0,27,27,4123,13310,361,13671
2,111321,15903,0,0,27,27,4123,7986,589,8575
2,111321,19683,0,0,27,27,4123,10240,8019,18259
2,111321,23625,0,0,27,27,4123,1408,6125,7533
2,111321,27621,0,0,27,27,4123,25088,9207,34295
2,111321,35937,0,0,27,27,4123,6250,1331,7581
2,111321,41013,0,0,27,27,4123,13122,1519,14641
2,111321,52731,0,0,27,27,4123,1000,5859,6859
2,111321,59049,0,0,27,27,4123,3038,2187,5225
2,111321,64125,0,0,27,27,4123,32,11875,11907
2,111321,72765,0,0,27,27,4123,1922,2695,4617
2,111321,98415,0,0,27,27,4123,7546,3645,11191
2,111325,25,0,0,100,25,4453,14640,1,14641
2,111325,1525,0,0,50,25,4453,14580,61,14641
2,111540,572,0,0,52,26,4290,10952,33,10985
2,111540,2028,0,0,52,26,4290,6728,117,6845
2,111645,27,0,0,27,27,4135,4374,1,4375
2,111645,26595,0,0,27,27,4135,864,4925,5789
2,111774,702,0,0,26,26,4299,24334,27,24361
2,111775,6575,0,0,100,25,4471,5488,263,5751
2,111825,25,0,0,100,25,4473,5040,1,5041
2,111825,4475,0,0,25,25,4473,16000,1253,17253
2,111825,40275,0,0,25,25,4473,3430,1611,5041
2,111878,26,0,0,26,26,4303,4374,1,4375
2,111878,702,0,0,26,26,4303,8200,81,8281
2,111878,2366,0,0,26,26,4303,8192,1183,9375
2,111878,8606,0,0,26,26,4303,4394,331,4725
2,111878,43706,0,0,26,26,4303,4394,1681,6075
2,111878,44226,0,0,26,26,4303,1664,11907,13571
2,111878,52234,0,0,26,26,4303,39366,2009,41375
2,111930,26,0,0,26,26,4305,4374,1,4375
2,111930,2106,0,0,26,26,4305,42632,243,42875
2,111930,3250,0,0,26,26,4305,4704,625,5329
2,111930,9750,0,0,26,26,4305,20992,3375,24367
2,111930,17550,0,0,26,26,4305,3304,2025,5329
2,111930,22386,0,0,52,26,4305,1024,4305,5329
2,112000,50,0,0,50,25,4480,10368,7,10375
2,112000,100,0,0,100,25,4480,10368,7,10375
2,112075,39675,0,0,25,25,4483,35864,4761,40625
2,112075,112075,0,0,100,25,4483,80,4483,4563
2,112125,25,0,0,25,25,4485,14742,1,14743
2,112125,2275,0,0,25,25,4485,8192,1183,9375
2,112125,2275,0,0,25,25,4485,79488,637,80125
2,112125,4225,0,0,25,25,4485,5128,507,5635
2,112125,15625,0,0,25,25,4485,10368,4375,14743
2,112125,30625,0,0,25,25,4485,2208,6125,8333
2,112125,46575,0,0,25,25,4485,2744,5589,8333
2,112125,54675,0,0,25,25,4485,9464,6561,16025
2,112398,286,0,0,26,26,4323,6550,11,6561
2,112420,140,0,0,56,28,4015,5324,5,5329
2,112420,3500,0,0,28,28,4015,6144,1375,7519
2,112420,23660,0,0,28,28,4015,2336,4225,6561
2,112420,37268,0,0,28,28,4015,864,6655,7519
2,112420,51100,0,0,28,28,4015,352,9125,9477
2,112420,61236,0,0,28,28,4015,9064,6561,15625
2,112420,87500,0,0,28,28,4015,4394,3125,7519
2,112455,27,0,0,27,27,4165,4374,1,4375
2,112455,27,0,0,54,27,4165,9260,1,9261
2,112455,27,0,0,54,27,4165,12500,1,12501
2,112644,28,0,0,28,28,4023,4374,1,4375
2,112644,14812,0,0,28,28,4023,8046,529,8575
2,112644,17500,0,0,28,28,4023,33376,3125,36501
2,112658,26,0,0,26,26,4333,4374,1,4375
2,112658,95550,0,0,26,26,4333,1238,3675,4913
2,112671,27,0,0,108,27,4173,26000,1,26001
2,112671,26001,0,0,27,27,4173,1336,2889,4225
2,112671,26001,0,0,27,27,4173,25000,2889,27889
2,112671,78003,0,0,27,27,4173,2560,26001,28561
2,112833,9261,0,0,27,27,4179,10368,2401,12769
2,112941,112941,0,0,54,27,4183,15500,4183,19683
2,112970,26,0,0,26,26,4345,4374,1,4375
2,112970,26,0,0,26,26,4345,12166,1,12167
2,112970,26,0,0,26,26,4345,64000,9,64009
2,112970,26,0,0,26,26,4345,71874,1,71875
2,112970,26,0,0,104,26,4345,8624,1,8625
2,112970,910,0,0,26,26,4345,14536,105,14641
2,112970,2054,0,0,26,26,4345,10240,869,11109
2,112970,2054,0,0,26,26,4345,12672,553,13225
2,112970,2054,0,0,26,26,4345,39366,79,39445
2,112970,8918,0,0,26,26,4345,29282,343,29625
2,112970,9438,0,0,26,26,4345,14536,1089,15625
2,112970,16250,0,0,26,26,4345,2464,3125,5589
2,112970,17550,0,0,26,26,4345,5566,675,6241
2,112970,24570,0,0,26,26,4345,2944,6615,9559
2,112970,34606,0,0,26,26,4345,3430,1331,4761
2,112970,43134,0,0,26,26,4345,3872,8295,12167
2,112970,43134,0,0,26,26,4345,10648,4977,15625
2,112970,48750,0,0,26,26,4345,616,5625,6241
2,112970,48750,0,0,26,26,4345,9016,5625,14641
2,112970,52650,0,0,26,26,4345,8,6075,6083
2,112970,56862,0,0,26,26,4345,11638,2187,13825
2,112970,81250,0,0,26,26,4345,184,9375,9559
2,112970,100646,0,0,26,26,4345,128,27097,27225
2,112980,7532,0,0,28,28,4035,6606,269,6875
2,112995,12879,0,0,27,27,4185,512,4293,4805
2,112995,19683,0,0,27,27,4185,7688,2187,9875
2,113344,56,0,0,56,28,4048,64000,9,64009
2,113400,1350,0,0,54,27,4200,6112,125,6237
2,113400,2700,0,0,108,27,4200,6112,125,6237
2,113484,28,0,0,28,28,4053,4374,1,4375
2,113490,12610,0,0,52,26,4365,58564,485,59049
2,113490,17550,0,0,26,26,4365,8734,675,9409
2,113516,1924,0,0,52,26,4366,8192,481,8673
2,113516,3848,0,0,104,26,4366,8192,481,8673
2,113568,52,0,0,52,26,4368,12160,7,12167
2,113568,104,0,0,104,26,4368,12160,7,12167
2,113568,156,0,0,52,26,4368,9016,9,9025
2,113568,4732,0,0,52,26,4368,8192,1183,9375
2,113568,9464,0,0,104,26,4368,8192,1183,9375
2,113652,26908,0,0,28,28,4059,3362,961,4323
2,113820,28,0,0,28,28,4065,4374,1,4375
2,113820,28,0,0,28,28,4065,10368,7,10375
2,113820,28,0,0,28,28,4065,33614,1,33615
2,113820,7588,0,0,56,28,4065,5312,813,6125
2,113820,67228,0,0,28,28,4065,4374,2401,6775
2,114062,2782,0,0,26,26,4387,5346,107,5453
2,114062,48906,0,0,26,26,4387,3362,1881,5243
2,114268,67228,0,0,28,28,4081,5618,2401,8019
2,114291,27,0,0,27,27,4233,4374,1,4375
2,114291,27,0,0,27,27,4233,10368,7,10375
2,114291,27,0,0,27,27,4233,33614,1,33615
2,114291,81,0,0,54,27,4233,41500,3,41503
2,114291,243,0,0,27,27,4233,4648,27,4675
2,114291,2025,0,0,27,27,4233,6664,225,6889
2,114291,2187,0,0,27,27,4233,9800,243,10043
2,114291,2241,0,0,27,27,4233,85750,83,85833
2,114291,2241,0,0,108,27,4233,19600,83,19683
2,114291,11475,0,0,27,27,4233,2048,4675,6723
2,114291,14553,0,0,27,27,4233,4374,539,4913
2,114291,19683,0,0,27,27,4233,11288,2187,13475
2,114291,22869,0,0,27,27,4233,53120,5929,59049
2,114291,24651,0,0,27,27,4233,106250,913,107163
2,114291,37179,0,0,27,27,4233,2744,4131,6875
2,114291,38097,0,0,27,27,4233,13230,1411,14641
2,114291,59049,0,0,27,27,4233,664,6561,7225
2,114291,83349,0,0,27,27,4233,1826,3087,4913
2,114291,84375,0,0,27,27,4233,5984,15625,21609
2,114345,62073,0,0,27,27,4235,51200,25289,76489
2,114399,513,0,0,108,27,4237,34992,19,35011
2,114426,2886,0,0,26,26,4401,4802,111,4913
2,114426,12714,0,0,26,26,4401,512,4401,4913
2,114478,26,0,0,104,26,4403,4624,1,4625
2,114604,28,0,0,28,28,4093,4374,1,4375
2,114604,2548,0,0,28,28,4093,8192,1183,9375
2,114615,2187,0,0,27,27,4245,79360,729,80089
2,114660,28,0,0,28,28,4095,4374,1,4375
2,114660,28,0,0,56,28,4095,31212,1,31213
2,114660,28,0,0,112,28,4095,28560,1,28561
2,114660,196,0,0,56,28,4095,6500,7,6507
2,114660,364,0,0,56,28,4095,4900,13,4913
2,114660,2380,0,0,28,28,4095,4374,85,4459
2,114660,2548,0,0,28,28,4095,8192,1183,9375
2,114660,9604,0,0,28,28,4095,12050,343,12393
2,114660,12348,0,0,28,28,4095,6656,3969,10625
2,114660,12740,0,0,56,28,4095,17408,2275,19683
2,114660,20244,0,0,28,28,4095,2744,2169,4913
2,114660,20244,0,0,28,28,4095,4802,723,5525
2,114660,47236,0,0,28,28,4095,109850,1687,111537
2,114660,60732,0,0,28,28,4095,64000,19521,83521
2,114723,1323,0,0,27,27,4249,8192,637,8829
2,114885,27,0,0,27,27,4255,64000,9,64009
2,114885,27,0,0,27,27,4255,71874,1,71875
2,114885,27,0,0,54,27,4255,98900,1,98901
2,114885,621,0,0,27,27,4255,43808,115,43923
2,114885,2997,0,0,27,27,4255,14792,333,15125
2,114885,10935,0,0,27,27,4255,10952,1215,12167
2,114885,14283,0,0,27,27,4255,10406,529,10935
2,114885,24057,0,0,27,27,4255,88064,9801,97865
2,114885,50301,0,0,27,27,4255,66550,1863,68413
2,114885,84375,0,0,27,27,4255,99846,3125,102971
2,114920,52,0,0,52,26,4420,10240,11,10251
2,114920,104,0,0,104,26,4420,10240,11,10251
2,115050,16250,0,0,26,26,4425,13122,625,13747
2,115050,90506,0,0,26,26,4425,58250,3481,61731
2,115101,27,0,0,27,27,4263,4374,1,4375
2,115154,26,0,0,104,26,4429,9072,1,9073
2,115206,78,0,0,104,26,4431,15376,3,15379
2,115206,182,0,0,26,26,4431,6534,7,6541
2,115206,5486,0,0,52,26,4431,37268,211,37479
2,115206,38402,0,0,26,26,4431,28314,1477,29791
2,115206,39494,0,0,26,26,4431,13122,1519,14641
2,115362,48438,0,0,26,26,4437,8,5589,5597
2,115425,27,0,0,27,27,4275,4374,1,4375
2,115425,27,0,0,27,27,4275,6174,1,6175
2,115425,27,0,0,27,27,4275,6250,1,6251
2,115425,27,0,0,108,27,4275,5264,1,5265
2,115425,135,0,0,27,27,4275,7938,5,7943
2,115425,405,0,0,108,27,4275,28672,45,28717
2,115425,2457,0,0,27,27,4275,4374,91,4465
2,115425,2457,0,0,27,27,4275,8192,1183,9375
2,115425,2565,0,0,54,27,4275,8788,95,8883
2,115425,6561,0,0,27,27,4275,54872,729,55601
2,115425,10935,0,0,27,27,4275,16562,405,16967
2,115425,16875,0,0,27,27,4275,1568,3125,4693
2,115425,18225,0,0,27,27,4275,8192,8775,16967
2,115425,19683,0,0,27,27,4275,24064,6561,30625
2,115425,34263,0,0,27,27,4275,13000,3807,16807
2,115425,59319,0,0,27,27,4275,4418,2197,6615
2,115425,59643,0,0,27,27,4275,2166,2209,4375
2,115425,59643,0,0,27,27,4275,2250,2209,4459
2,115425,59643,0,0,27,27,4275,3584,19881,23465
2,115425,64125,0,0,27,27,4275,32,11875,11907
2,115425,64827,0,0,27,27,4275,3200,16807,20007
2,115425,84375,0,0,27,27,4275,4256,15625,19881
2,115444,28,0,0,28,28,4123,4374,1,4375
2,115444,84,0,0,28,28,4123,4802,3,4805
2,115444,140,0,0,28,28,4123,184832,45,184877
2,115444,532,0,0,56,28,4123,4356,19,4375
2,115444,6076,0,0,112,28,4123,4400,217,4617
2,115444,10108,0,0,28,28,4123,13310,361,13671
2,115444,16492,0,0,28,28,4123,7986,589,8575
2,115444,20412,0,0,28,28,4123,10240,8019,18259
2,115444,24500,0,0,28,28,4123,1408,6125,7533
2,115444,28644,0,0,28,28,4123,25088,9207,34295
2,115444,37268,0,0,28,28,4123,6250,1331,7581
2,115444,42532,0,0,28,28,4123,13122,1519,14641
2,115444,54684,0,0,28,28,4123,1000,5859,6859
2,115444,61236,0,0,28,28,4123,3038,2187,5225
2,115444,66500,0,0,28,28,4123,32,11875,11907
2,115444,75460,0,0,28,28,4123,1922,2695,4617
2,115444,102060,0,0,28,28,4123,7546,3645,11191
2,115778,26,0,0,104,26,4453,14640,1,14641
2,115778,1586,0,0,52,26,4453,14580,61,14641
2,115780,28,0,0,28,28,4135,4374,1,4375
2,115780,27580,0,0,28,28,4135,864,4925,5789
2,115830,594,0,0,54,27,4290,10952,33,10985
2,115830,2106,0,0,54,27,4290,6728,117,6845
2,116073,729,0,0,27,27,4299,24334,27,24361
2,116181,27,0,0,27,27,4303,4374,1,4375
2,116181,729,0,0,27,27,4303,8200,81,8281
2,116181,2457,0,0,27,27,4303,8192,1183,9375
2,116181,8937,0,0,27,27,4303,4394,331,4725
2,116181,45387,0,0,27,27,4303,4394,1681,6075
2,116181,45927,0,0,27,27,4303,1664,11907,13571
2,116181,54243,0,0,27,27,4303,39366,2009,41375
2,116235,27,0,0,27,27,4305,4374,1,4375
2,116235,2187,0,0,27,27,4305,42632,243,42875
2,116235,3375,0,0,27,27,4305,4704,625,5329
2,116235,10125,0,0,27,27,4305,20992,3375,24367
2,116235,18225,0,0,27,27,4305,3304,2025,5329
2,116235,23247,0,0,54,27,4305,1024,4305,5329
2,116246,6838,0,0,104,26,4471,5488,263,5751
2,116298,26,0,0,104,26,4473,5040,1,5041
2,116298,4654,0,0,26,26,4473,16000,1253,17253
2,116298,41886,0,0,26,26,4473,3430,1611,5041
2,116435,145,0,0,58,29,4015,5324,5,5329
2,116435,3625,0,0,29,29,4015,6144,1375,7519
2,116435,24505,0,0,29,29,4015,2336,4225,6561
2,116435,38599,0,0,29,29,4015,864,6655,7519
2,116435,52925,0,0,29,29,4015,352,9125,9477
2,116435,63423,0,0,29,29,4015,9064,6561,15625
2,116435,90625,0,0,29,29,4015,4394,3125,7519
2,116480,52,0,0,52,26,4480,10368,7,10375
2,116480,104,0,0,104,26,4480,10368,7,10375
2,116558,41262,0,0,26,26,4483,35864,4761,40625
2,116558,116558,0,0,104,26,4483,80,4483,4563
2,116610,26,0,0,26,26,4485,14742,1,14743
2,116610,2366,0,0,26,26,4485,8192,1183,9375
2,116610,2366,0,0,26,26,4485,79488,637,80125
2,116610,4394,0,0,26,26,4485,5128,507,5635
2,116610,16250,0,0,26,26,4485,10368,4375,14743
2,116610,31850,0,0,26,26,4485,2208,6125,8333
2,116610,48438,0,0,26,26,4485,2744,5589,8333
2,116610,56862,0,0,26,26,4485,9464,6561,16025
2,116620,28,0,0,28,28,4165,4374,1,4375
2,116620,28,0,0,56,28,4165,9260,1,9261
2,116620,28,0,0,56,28,4165,12500,1,12501
2,116667,29,0,0,29,29,4023,4374,1,4375
2,116667,15341,0,0,29,29,4023,8046,529,8575
2,116667,18125,0,0,29,29,4023,33376,3125,36501
2,116721,297,0,0,27,27,4323,6550,11,6561
2,116844,28,0,0,112,28,4173,26000,1,26001
2,116844,26964,0,0,28,28,4173,1336,2889,4225
2,116844,26964,0,0,28,28,4173,25000,2889,27889
2,116844,80892,0,0,28,28,4173,2560,26001,28561
2,116991,27,0,0,27,27,4333,4374,1,4375
2,116991,99225,0,0,27,27,4333,1238,3675,4913
2,117012,9604,0,0,28,28,4179,10368,2401,12769
2,117015,7801,0,0,29,29,4035,6606,269,6875
2,117124,117124,0,0,56,28,4183,15500,4183,19683
2,117180,13356,0,0,28,28,4185,512,4293,4805
2,117180,20412,0,0,28,28,4185,7688,2187,9875
2,117315,27,0,0,27,27,4345,4374,1,4375
2,117315,27,0,0,27,27,4345,12166,1,12167
2,117315,27,0,0,27,27,4345,64000,9,64009
2,117315,27,0,0,27,27,4345,71874,1,71875
2,117315,27,0,0,108,27,4345,8624,1,8625
2,117315,945,0,0,27,27,4345,14536,105,14641
2,117315,2133,0,0,27,27,4345,10240,869,11109
2,117315,2133,0,0,27,27,4345,12672,553,13225
2,117315,2133,0,0,27,27,4345,39366,79,39445
2,117315,9261,0,0,27,27,4345,29282,343,29625
2,117315,9801,0,0,27,27,4345,14536,1089,15625
2,117315,16875,0,0,27,27,4345,2464,3125,5589
2,117315,18225,0,0,27,27,4345,5566,675,6241
2,117315,25515,0,0,27,27,4345,2944,6615,9559
2,117315,35937,0,0,27,27,4345,3430,1331,4761
2,117315,44793,0,0,27,27,4345,3872,8295,12167
2,117315,44793,0,0,27,27,4345,10648,4977,15625
2,117315,50625,0,0,27,27,4345,616,5625,6241
2,117315,50625,0,0,27,27,4345,9016,5625,14641
2,117315,54675,0,0,27,27,4345,8,6075,6083
2,117315,59049,0,0,27,27,4345,11638,2187,13825
2,117315,84375,0,0,27,27,4345,184,9375,9559
2,117315,104517,0,0,27,27,4345,128,27097,27225
2,117392,58,0,0,58,29,4048,64000,9,64009
2,117537,29,0,0,29,29,4053,4374,1,4375
2,117600,1400,0,0,56,28,4200,6112,125,6237
2,117600,2800,0,0,112,28,4200,6112,125,6237
2,117711,27869,0,0,29,29,4059,3362,961,4323
2,117855,13095,0,0,54,27,4365,58564,485,59049
2,117855,18225,0,0,27,27,4365,8734,675,9409
2,117882,1998,0,0,54,27,4366,8192,481,8673
2,117882,3996,0,0,108,27,4366,8192,481,8673
2,117885,29,0,0,29,29,4065,4374,1,4375
2,117885,29,0,0,29,29,4065,10368,7,10375
2,117885,29,0,0,29,29,4065,33614,1,33615
2,117885,7859,0,0,58,29,4065,5312,813,6125
2,117885,69629,0,0,29,29,4065,4374,2401,6775
2,117936,54,0,0,54,27,4368,12160,7,12167
2,117936,108,0,0,108,27,4368,12160,7,12167
2,117936,162,0,0,54,27,4368,9016,9,9025
2,117936,4914,0,0,54,27,4368,8192,1183,9375
2,117936,9828,0,0,108,27,4368,8192,1183,9375
2,118349,69629,0,0,29,29,4081,5618,2401,8019
2,118449,2889,0,0,27,27,4387,5346,107,5453
2,118449,50787,0,0,27,27,4387,3362,1881,5243
2,118524,28,0,0,28,28,4233,4374,1,4375
2,118524,28,0,0,28,28,4233,10368,7,10375
2,118524,28,0,0,28,28,4233,33614,1,33615
2,118524,84,0,0,56,28,4233,41500,3,41503
2,118524,252,0,0,28,28,4233,4648,27,4675
2,118524,2100,0,0,28,28,4233,6664,225,6889
2,118524,2268,0,0,28,28,4233,9800,243,10043
2,118524,2324,0,0,28,28,4233,85750,83,85833
2,118524,2324,0,0,112,28,4233,19600,83,19683
2,118524,11900,0,0,28,28,4233,2048,4675,6723
2,118524,15092,0,0,28,28,4233,4374,539,4913
2,118524,20412,0,0,28,28,4233,11288,2187,13475
2,118524,23716,0,0,28,28,4233,53120,5929,59049
2,118524,25564,0,0,28,28,4233,106250,913,107163
2,118524,38556,0,0,28,28,4233,2744,4131,6875
2,118524,39508,0,0,28,28,4233,13230,1411,14641
2,118524,61236,0,0,28,28,4233,664,6561,7225
2,118524,86436,0,0,28,28,4233,1826,3087,4913
2,118524,87500,0,0,28,28,4233,5984,15625,21609
2,118580,64372,0,0,28,28,4235,51200,25289,76489
2,118636,532,0,0,112,28,4237,34992,19,35011
2,118697,29,0,0,29,29,4093,4374,1,4375
2,118697,2639,0,0,29,29,4093,8192,1183,9375
2,118755,29,0,0,29,29,4095,4374,1,4375
2,118755,29,0,0,58,29,4095,31212,1,31213
2,118755,29,0,0,116,29,4095,28560,1,28561
2,118755,203,0,0,58,29,4095,6500,7,6507
2,118755,377,0,0,58,29,4095,4900,13,4913
2,118755,2465,0,0,29,29,4095,4374,85,4459
2,118755,2639,0,0,29,29,4095,8192,1183,9375
2,118755,9947,0,0,29,29,4095,12050,343,12393
2,118755,12789,0,0,29,29,4095,6656,3969,10625
2,118755,13195,0,0,58,29,4095,17408,2275,19683
2,118755,20967,0,0,29,29,4095,2744,2169,4913
2,118755,20967,0,0,29,29,4095,4802,723,5525
2,118755,48923,0,0,29,29,4095,109850,1687,111537
2,118755,62901,0,0,29,29,4095,64000,19521,83521
2,118827,2997,0,0,27,27,4401,4802,111,4913
2,118827,13203,0,0,27,27,4401,512,4401,4913
2,118860,2268,0,0,28,28,4245,79360,729,80089
2,118881,27,0,0,108,27,4403,4624,1,4625
2,118972,1372,0,0,28,28,4249,8192,637,8829
2,119140,28,0,0,28,28,4255,64000,9,64009
2,119140,28,0,0,28,28,4255,71874,1,71875
2,119140,28,0,0,56,28,4255,98900,1,98901
2,119140,644,0,0,28,28,4255,43808,115,43923
2,119140,3108,0,0,28,28,4255,14792,333,15125
2,119140,11340,0,0,28,28,4255,10952,1215,12167
2,119140,14812,0,0,28,28,4255,10406,529,10935
2,119140,24948,0,0,28,28,4255,88064,9801,97865
2,119140,52164,0,0,28,28,4255,66550,1863,68413
2,119140,87500,0,0,28,28,4255,99846,3125,102971
2,119340,54,0,0,54,27,4420,10240,11,10251
2,119340,108,0,0,108,27,4420,10240,11,10251
2,119364,28,0,0,28,28,4263,4374,1,4375
2,119475,16875,0,0,27,27,4425,13122,625,13747
2,119475,93987,0,0,27,27,4425,58250,3481,61731
2,119567,29,0,0,29,29,4123,4374,1,4375
2,119567,87,0,0,29,29,4123,4802,3,4805
2,119567,145,0,0,29,29,4123,184832,45,184877
2,119567,551,0,0,58,29,4123,4356,19,4375
2,119567,6293,0,0,116,29,4123,4400,217,4617
2,119567,10469,0,0,29,29,4123,13310,361,13671
2,119567,17081,0,0,29,29,4123,7986,589,8575
2,119567,21141,0,0,29,29,4123,10240,8019,18259
2,119567,25375,0,0,29,29,4123,1408,6125,7533
2,119567,29667,0,0,29,29,4123,25088,9207,34295
2,119567,38599,0,0,29,29,4123,6250,1331,7581
2,119567,44051,0,0,29,29,4123,13122,1519,14641
2,119567,56637,0,0,29,29,4123,1000,5859,6859
2,119567,63423,0,0,29,29,4123,3038,2187,5225
2,119567,68875,0,0,29,29,4123,32,11875,11907
2,119567,78155,0,0,29,29,4123,1922,2695,4617
2,119567,105705,0,0,29,29,4123,7546,3645,11191
2,119583,27,0,0,108,27,4429,9072,1,9073
2,119637,81,0,0,108,27,4431,15376,3,15379
2,119637,189,0,0,27,27,4431,6534,7,6541
2,119637,5697,0,0,54,27,4431,37268,211,37479
2,119637,39879,0,0,27,27,4431,28314,1477,29791
2,119637,41013,0,0,27,27,4431,13122,1519,14641
2,119700,28,0,0,28,28,4275,4374,1,4375
2,119700,28,0,0,28,28,4275,6174,1,6175
2,119700,28,0,0,28,28,4275,6250,1,6251
2,119700,28,0,0,112,28,4275,5264,1,5265
2,119700,140,0,0,28,28,4275,7938,5,7943
2,119700,420,0,0,112,28,4275,28672,45,28717
2,119700,2548,0,0,28,28,4275,4374,91,4465
2,119700,2548,0,0,28,28,4275,8192,1183,9375
2,119700,2660,0,0,56,28,4275,8788,95,8883
2,119700,6804,0,0,28,28,4275,54872,729,55601
2,119700,11340,0,0,28,28,4275,16562,405,16967
2,119700,17500,0,0,28,28,4275,1568,3125,4693
2,119700,18900,0,0,28,28,4275,8192,8775,16967
2,119700,20412,0,0,28,28,4275,24064,6561,30625
2,119700,35532,0,0,28,28,4275,13000,3807,16807
2,119700,61516,0,0,28,28,4275,4418,2197,6615
2,119700,61852,0,0,28,28,4275,2166,2209,4375
2,119700,61852,0,0,28,28,4275,2250,2209,4459
2,119700,61852,0,0,28,28,4275,3584,19881,23465
2,119700,66500,0,0,28,28,4275,32,11875,11907
2,119700,67228,0,0,28,28,4275,3200,16807,20007
2,119700,87500,0,0,28,28,4275,4256,15625,19881
2,119799,50301,0,0,27,27,4437,8,5589,5597
2,119915,29,0,0,29,29,4135,4374,1,4375
2,119915,28565,0,0,29,29,4135,864,4925,5789
2,120120,616,0,0,56,28,4290,10952,33,10985
2,120120,2184,0,0,56,28,4290,6728,117,6845
2,120231,27,0,0,108,27,4453,14640,1,14641
2,120231,1647,0,0,54,27,4453,14580,61,14641
2,120372,756,0,0,28,28,4299,24334,27,24361
2,120450,150,0,0,60,30,4015,5324,5,5329
2,120450,3750,0,0,30,30,4015,6144,1375,7519
2,120450,25350,0,0,30,30,4015,2336,4225,6561
2,120450,39930,0,0,30,30,4015,864,6655,7519
2,120450,54750,0,0,30,30,4015,352,9125,9477
2,120450,65610,0,0,30,30,4015,9064,6561,15625
2,120450,93750,0,0,30,30,4015,4394,3125,7519
2,120484,28,0,0,28,28,4303,4374,1,4375
2,120484,756,0,0,28,28,4303,8200,81,8281
2,120484,2548,0,0,28,28,4303,8192,1183,9375
2,120484,9268,0,0,28,28,4303,4394,331,4725
2,120484,47068,0,0,28,28,4303,4394,1681,6075
2,120484,47628,0,0,28,28,4303,1664,11907,13571
2,120484,56252,0,0,28,28,4303,39366,2009,41375
2,120540,28,0,0,28,28,4305,4374,1,4375
2,120540,2268,0,0,28,28,4305,42632,243,42875
2,120540,3500,0,0,28,28,4305,4704,625,5329
2,120540,10500,0,0,28,28,4305,20992,3375,24367
2,120540,18900,0,0,28,28,4305,3304,2025,5329
2,120540,24108,0,0,56,28,4305,1024,4305,5329
2,120690,30,0,0,30,30,4023,4374,1,4375
2,120690,15870,0,0,30,30,4023,8046,529,8575
2,120690,18750,0,0,30,30,4023,33376,3125,36501
2,120717,7101,0,0,108,27,4471,5488,263,5751
2,120771,27,0,0,108,27,4473,5040,1,5041
2,120771,4833,0,0,27,27,4473,16000,1253,17253
2,120771,43497,0,0,27,27,4473,3430,1611,5041
2,120785,29,0,0,29,29,4165,4374,1,4375
2,120785,29,0,0,58,29,4165,9260,1,9261
2,120785,29,0,0,58,29,4165,12500,1,12501
2,120960,54,0,0,54,27,4480,10368,7,10375
2,120960,108,0,0,108,27,4480,10368,7,10375
2,121017,29,0,0,116,29,4173,26000,1,26001
2,121017,27927,0,0,29,29,4173,1336,2889,4225
2,121017,27927,0,0,29,29,4173,25000,2889,27889
2,121017,83781,0,0,29,29,4173,2560,26001,28561
2,121041,42849,0,0,27,27,4483,35864,4761,40625
2,121041,121041,0,0,108,27,4483,80,4483,4563
2,121044,308,0,0,28,28,4323,6550,11,6561
2,121050,8070,0,0,30,30,4035,6606,269,6875
2,121095,27,0,0,27,27,4485,14742,1,14743
2,121095,2457,0,0,27,27,4485,8192,1183,9375
2,121095,2457,0,0,27,27,4485,79488,637,80125
2,121095,4563,0,0,27,27,4485,5128,507,5635
2,121095,16875,0,0,27,27,4485,10368,4375,14743
2,121095,33075,0,0,27,27,4485,2208,6125,8333
2,121095,50301,0,0,27,27,4485,2744,5589,8333
2,121095,59049,0,0,27,27,4485,9464,6561,16025
2,121191,9947,0,0,29,29,4179,10368,2401,12769
2,121307,121307,0,0,58,29,4183,15500,4183,19683
2,121324,28,0,0,28,28,4333,4374,1,4375
2,121324,102900,0,0,28,28,4333,1238,3675,4913
2,121365,13833,0,0,29,29,4185,512,4293,4805
2,121365,21141,0,0,29,29,4185,7688,2187,9875
2,121440,60,0,0,60,30,4048,64000,9,64009
2,121590,30,0,0,30,30,4053,4374,1,4375
2,121660,28,0,0,28,28,4345,4374,1,4375
2,121660,28,0,0,28,28,4345,12166,1,12167
2,121660,28,0,0,28,28,4345,64000,9,64009
2,121660,28,0,0,28,28,4345,71874,1,71875
2,121660,28,0,0,112,28,4345,8624,1,8625
2,121660,980,0,0,28,28,4345,14536,105,14641
2,121660,2212,0,0,28,28,4345,10240,869,11109
2,121660,2212,0,0,28,28,4345,12672,553,13225
2,121660,2212,0,0,28,28,4345,39366,79,39445
2,121660,9604,0,0,28,28,4345,29282,343,29625
2,121660,10164,0,0,28,28,4345,14536,1089,15625
2,121660,17500,0,0,28,28,4345,2464,3125,5589
2,121660,18900,0,0,28,28,4345,5566,675,6241
2,121660,26460,0,0,28,28,4345,2944,6615,9559
2,121660,37268,0,0,28,28,4345,3430,1331,4761
2,121660,46452,0,0,28,28,4345,3872,8295,12167
2,121660,46452,0,0,28,28,4345,10648,4977,15625
2,121660,52500,0,0,28,28,4345,616,5625,6241
2,121660,52500,0,0,28,28,4345,9016,5625,14641
2,121660,56700,0,0,28,28,4345,8,6075,6083
2,121660,61236,0,0,28,28,4345,11638,2187,13825
2,121660,87500,0,0,28,28,4345,184,9375,9559
2,121660,108388,0,0,28,28,4345,128,27097,27225
2,121770,28830,0,0,30,30,4059,3362,961,4323
2,121800,1450,0,0,58,29,4200,6112,125,6237
2,121800,2900,0,0,116,29,4200,6112,125,6237
2,121950,30,0,0,30,30,4065,4374,1,4375
2,121950,30,0,0,30,30,4065,10368,7,10375
2,121950,30,0,0,30,30,4065,33614,1,33615
2,121950,8130,0,0,60,30,4065,5312,813,6125
2,121950,72030,0,0,30,30,4065,4374,2401,6775
2,122220,13580,0,0,56,28,4365,58564,485,59049
2,122220,18900,0,0,28,28,4365,8734,675,9409
2,122248,2072,0,0,56,28,4366,8192,481,8673
2,122248,4144,0,0,112,28,4366,8192,481,8673
2,122304,56,0,0,56,28,4368,12160,7,12167
2,122304,112,0,0,112,28,4368,12160,7,12167
2,122304,168,0,0,56,28,4368,9016,9,9025
2,122304,5096,0,0,56,28,4368,8192,1183,9375
2,122304,10192,0,0,112,28,4368,8192,1183,9375
2,122430,72030,0,0,30,30,4081,5618,2401,8019
2,122757,29,0,0,29,29,4233,4374,1,4375
2,122757,29,0,0,29,29,4233,10368,7,10375
2,122757,29,0,0,29,29,4233,33614,1,33615
2,122757,87,0,0,58,29,4233,41500,3,41503
2,122757,261,0,0,29,29,4233,4648,27,4675
2,122757,2175,0,0,29,29,4233,6664,225,6889
2,122757,2349,0,0,29,29,4233,9800,243,10043
2,122757,2407,0,0,29,29,4233,85750,83,85833
2,122757,2407,0,0,116,29,4233,19600,83,19683
2,122757,12325,0,0,29,29,4233,2048,4675,6723
2,122757,15631,0,0,29,29,4233,4374,539,4913
2,122757,21141,0,0,29,29,4233,11288,2187,13475
2,122757,24563,0,0,29,29,4233,53120,5929,59049
2,122757,26477,0,0,29,29,4233,106250,913,107163
2,122757,39933,0,0,29,29,4233,2744,4131,6875
2,122757,40919,0,0,29,29,4233,13230,1411,14641
2,122757,63423,0,0,29,29,4233,664,6561,7225
2,122757,89523,0,0,29,29,4233,1826,3087,4913
2,122757,90625,0,0,29,29,4233,5984,15625,21609
2,122790,30,0,0,30,30,4093,4374,1,4375
2,122790,2730,0,0,30,30,4093,8192,1183,9375
2,122815,66671,0,0,29,29,4235,51200,25289,76489
2,122836,2996,0,0,28,28,4387,5346,107,5453
2,122836,52668,0,0,28,28,4387,3362,1881,5243
2,122850,30,0,0,30,30,4095,4374,1,4375
2,122850,30,0,0,60,30,4095,31212,1,31213
2,122850,30,0,0,120,30,4095,28560,1,28561
2,122850,210,0,0,60,30,4095,6500,7,6507
2,122850,390,0,0,60,30,4095,4900,13,4913
2,122850,2550,0,0,30,30,4095,4374,85,4459
2,122850,2730,0,0,30,30,4095,8192,1183,9375
2,122850,10290,0,0,30,30,4095,12050,343,12393
2,122850,13230,0,0,30,30,4095,6656,3969,10625
2,122850,13650,0,0,60,30,4095,17408,2275,19683
2,122850,21690,0,0,30,30,4095,2744,2169,4913
2,122850,21690,0,0,30,30,4095,4802,723,5525
2,122850,50610,0,0,30,30,4095,109850,1687,111537
2,122850,65070,0,0,30,30,4095,64000,19521,83521
2,122873,551,0,0,116,29,4237,34992,19,35011
2,123105,2349,0,0,29,29,4245,79360,729,80089
2,123221,1421,0,0,29,29,4249,8192,637,8829
2,123228,3108,0,0,28,28,4401,4802,111,4913
2,123228,13692,0,0,28,28,4401,512,4401,4913
2,123284,28,0,0,112,28,4403,4624,1,4625
2,123395,29,0,0,29,29,4255,64000,9,64009
2,123395,29,0,0,29,29,4255,71874,1,71875
2,123395,29,0,0,58,29,4255,98900,1,98901
2,123395,667,0,0,29,29,4255,43808,115,43923
2,123395,3219,0,0,29,29,4255,14792,333,15125
2,123395,11745,0,0,29,29,4255,10952,1215,12167
2,123395,15341,0,0,29,29,4255,10406,529,10935
2,123395,25839,0,0,29,29,4255,88064,9801,97865
2,123395,54027,0,0,29,29,4255,66550,1863,68413
2,123395,90625,0,0,29,29,4255,99846,3125,102971
2,123627,29,0,0,29,29,4263,4374,1,4375
2,123690,30,0,0,30,30,4123,4374,1,4375
2,123690,90,0,0,30,30,4123,4802,3,4805
2,123690,150,0,0,30,30,4123,184832,45,184877
2,123690,570,0,0,60,30,4123,4356,19,4375
2,123690,6510,0,0,120,30,4123,4400,217,4617
2,123690,10830,0,0,30,30,4123,13310,361,13671
2,123690,17670,0,0,30,30,4123,7986,589,8575
2,123690,21870,0,0,30,30,4123,10240,8019,18259
2,123690,26250,0,0,30,30,4123,1408,6125,7533
2,123690,30690,0,0,30,30,4123,25088,9207,34295
2,123690,39930,0,0,30,30,4123,6250,1331,7581
2,123690,45570,0,0,30,30,4123,13122,1519,14641
2,123690,58590,0,0,30,30,4123,1000,5859,6859
2,123690,65610,0,0,30,30,4123,3038,2187,5225
2,123690,71250,0,0,30,30,4123,32,11875,11907
2,123690,80850,0,0,30,30,4123,1922,2695,4617
2,123690,109350,0,0,30,30,4123,7546,3645,11191
2,123760,56,0,0,56,28,4420,10240,11,10251
2,123760,112,0,0,112,28,4420,10240,11,10251
2,123900,17500,0,0,28,28,4425,13122,625,13747
2,123900,97468,0,0,28,28,4425,58250,3481,61731
2,123975,29,0,0,29,29,4275,4374,1,4375
2,123975,29,0,0,29,29,4275,6174,1,6175
2,123975,29,0,0,29,29,4275,6250,1,6251
2,123975,29,0,0,116,29,4275,5264,1,5265
2,123975,145,0,0,29,29,4275,7938,5,7943
2,123975,435,0,0,116,29,4275,28672,45,28717
2,123975,2639,0,0,29,29,4275,4374,91,4465
2,123975,2639,0,0,29,29,4275,8192,1183,9375
2,123975,2755,0,0,58,29,4275,8788,95,8883
2,123975,7047,0,0,29,29,4275,54872,729,55601
2,123975,11745,0,0,29,29,4275,16562,405,16967
2,123975,18125,0,0,29,29,4275,1568,3125,4693
2,123975,19575,0,0,29,29,4275,8192,8775,16967
2,123975,21141,0,0,29,29,4275,24064,6561,30625
2,123975,36801,0,0,29,29,4275,13000,3807,16807
2,123975,63713,0,0,29,29,4275,4418,2197,6615
2,123975,64061,0,0,29,29,4275,2166,2209,4375
2,123975,64061,0,0,29,29,4275,2250,2209,4459
2,123975,64061,0,0,29,29,4275,3584,19881,23465
2,123975,68875,0,0,29,29,4275,32,11875,11907
2,123975,69629,0,0,29,29,4275,3200,16807,20007
2,123975,90625,0,0,29,29,4275,4256,15625,19881
2,124012,28,0,0,112,28,4429,9072,1,9073
2,124050,30,0,0,30,30,4135,4374,1,4375
2,124050,29550,0,0,30,30,4135,864,4925,5789
2,124068,84,0,0,112,28,4431,15376,3,15379
2,124068,196,0,0,28,28,4431,6534,7,6541
2,124068,5908,0,0,56,28,4431,37268,211,37479
2,124068,41356,0,0,28,28,4431,28314,1477,29791
2,124068,42532,0,0,28,28,4431,13122,1519,14641
2,124236,52164,0,0,28,28,4437,8,5589,5597
2,124410,638,0,0,58,29,4290,10952,33,10985
2,124410,2262,0,0,58,29,4290,6728,117,6845
2,124465,155,0,0,62,31,4015,5324,5,5329
2,124465,3875,0,0,31,31,4015,6144,1375,7519
2,124465,26195,0,0,31,31,4015,2336,4225,6561
2,124465,41261,0,0,31,31,4015,864,6655,7519
2,124465,56575,0,0,31,31,4015,352,9125,9477
2,124465,67797,0,0,31,31,4015,9064,6561,15625
2,124465,96875,0,0,31,31,4015,4394,3125,7519
2,124671,783,0,0,29,29,4299,24334,27,24361
2,124684,28,0,0,112,28,4453,14640,1,14641
2,124684,1708,0,0,56,28,4453,14580,61,14641
2,124713,31,0,0,31,31,4023,4374,1,4375
2,124713,16399,0,0,31,31,4023,8046,529,8575
2,124713,19375,0,0,31,31,4023,33376,3125,36501
2,124787,29,0,0,29,29,4303,4374,1,4375
2,124787,783,0,0,29,29,4303,8200,81,8281
2,124787,2639,0,0,29,29,4303,8192,1183,9375
2,124787,9599,0,0,29,29,4303,4394,331,4725
2,124787,48749,0,0,29,29,4303,4394,1681,6075
2,124787,49329,0,0,29,29,4303,1664,11907,13571
2,124787,58261,0,0,29,29,4303,39366,2009,41375
2,124845,29,0,0,29,29,4305,4374,1,4375
2,124845,2349,0,0,29,29,4305,42632,243,42875
2,124845,3625,0,0,29,29,4305,4704,625,5329
2,124845,10875,0,0,29,29,4305,20992,3375,24367
2,124845,19575,0,0,29,29,4305,3304,2025,5329
2,124845,24969,0,0,58,29,4305,1024,4305,5329
2,124950,30,0,0,30,30,4165,4374,1,4375
2,124950,30,0,0,60,30,4165,9260,1,9261
2,124950,30,0,0,60,30,4165,12500,1,12501
2,125085,8339,0,0,31,31,4035,6606,269,6875
2,125188,7364,0,0,112,28,4471,5488,263,5751
2,125190,30,0,0,120,30,4173,26000,1,26001
2,125190,28890,0,0,30,30,4173,1336,2889,4225
2,125190,28890,0,0,30,30,4173,25000,2889,27889
2,125190,86670,0,0,30,30,4173,2560,26001,28561
2,125244,28,0,0,112,28,4473,5040,1,5041
2,125244,5012,0,0,28,28,4473,16000,1253,17253
2,125244,45108,0,0,28,28,4473,3430,1611,5041
2,125367,319,0,0,29,29,4323,6550,11,6561
2,125370,10290,0,0,30,30,4179,10368,2401,12769
2,125440,56,0,0,56,28,4480,10368,7,10375
2,125440,112,0,0,112,28,4480,10368,7,10375
2,125488,62,0,0,62,31,4048,64000,9,64009
2,125490,125490,0,0,60,30,4183,15500,4183,19683
2,125524,44436,0,0,28,28,4483,35864,4761,40625
2,125524,125524,0,0,112,28,4483,80,4483,4563
2,125550,14310,0,0,30,30,4185,512,4293,4805
2,125550,21870,0,0,30,30,4185,7688,2187,9875
2,125580,28,0,0,28,28,4485,14742,1,14743
2,125580,2548,0,0,28,28,4485,8192,1183,9375
2,125580,2548,0,0,28,28,4485,79488,637,80125
2,125580,4732,0,0,28,28,4485,5128,507,5635
2,125580,17500,0,0,28,28,4485,10368,4375,14743
2,125580,34300,0,0,28,28,4485,2208,6125,8333
2,125580,52164,0,0,28,28,4485,2744,5589,8333
2,125580,61236,0,0,28,28,4485,9464,6561,16025
2,125643,31,0,0,31,31,4053,4374,1,4375
2,125657,29,0,0,29,29,4333,4374,1,4375
2,125657,106575,0,0,29,29,4333,1238,3675,4913
2,125829,29791,0,0,31,31,4059,3362,961,4323
2,126000,1500,0,0,60,30,4200,6112,125,6237
2,126000,3000,0,0,120,30,4200,6112,125,6237
2,126005,29,0,0,29,29,4345,4374,1,4375
2,126005,29,0,0,29,29,4345,12166,1,12167
2,126005,29,0,0,29,29,4345,64000,9,64009
2,126005,29,0,0,29,29,4345,71874,1,71875
2,126005,29,0,0,116,29,4345,8624,1,8625
2,126005,1015,0,0,29,29,4345,14536,105,14641
2,126005,2291,0,0,29,29,4345,10240,869,11109
2,126005,2291,0,0,29,29,4345,12672,553,13225
2,126005,2291,0,0,29,29,4345,39366,79,39445
2,126005,9947,0,0,29,29,4345,29282,343,29625
2,126005,10527,0,0,29,29,4345,14536,1089,15625
2,126005,18125,0,0,29,29,4345,2464,3125,5589
2,126005,19575,0,0,29,29,4345,5566,675,6241
2,126005,27405,0,0,29,29,4345,2944,6615,9559
2,126005,38599,0,0,29,29,4345,3430,1331,4761
2,126005,48111,0,0,29,29,4345,3872,8295,12167
2,126005,48111,0,0,29,29,4345,10648,4977,15625
2,126005,54375,0,0,29,29,4345,616,5625,6241
2,126005,54375,0,0,29,29,4345,9016,5625,14641
2,126005,58725,0,0,29,29,4345,8,6075,6083
2,126005,63423,0,0,29,29,4345,11638,2187,13825
2,126005,90625,0,0,29,29,4345,184,9375,9559
2,126005,112259,0,0,29,29,4345,128,27097,27225
2,126015,31,0,0,31,31,4065,4374,1,4375
2,126015,31,0,0,31,31,4065,10368,7,10375
2,126015,31,0,0,31,31,4065,33614,1,33615
2,126015,8401,0,0,62,31,4065,5312,813,6125
2,126015,74431,0,0,31,31,4065,4374,2401,6775
2,126511,74431,0,0,31,31,4081,5618,2401,8019
2,126585,14065,0,0,58,29,4365,58564,485,59049
2,126585,19575,0,0,29,29,4365,8734,675,9409
2,126614,2146,0,0,58,29,4366,8192,481,8673
2,126614,4292,0,0,116,29,4366,8192,481,8673
2,126672,58,0,0,58,29,4368,12160,7,12167
2,126672,116,0,0,116,29,4368,12160,7,12167
2,126672,174,0,0,58,29,4368,9016,9,9025
2,126672,5278,0,0,58,29,4368,8192,1183,9375
2,126672,10556,0,0,116,29,4368,8192,1183,9375
2,126883,31,0,0,31,31,4093,4374,1,4375
2,126883,2821,0,0,31,31,4093,8192,1183,9375
2,126945,31,0,0,31,31,4095,4374,1,4375
2,126945,31,0,0,62,31,4095,31212,1,31213
2,126945,31,0,0,124,31,4095,28560,1,28561
2,126945,217,0,0,62,31,4095,6500,7,6507
2,126945,403,0,0,62,31,4095,4900,13,4913
2,126945,2635,0,0,31,31,4095,4374,85,4459
2,126945,2821,0,0,31,31,4095,8192,1183,9375
2,126945,10633,0,0,31,31,4095,12050,343,12393
2,126945,13671,0,0,31,31,4095,6656,3969,10625
2,126945,14105,0,0,62,31,4095,17408,2275,19683
2,126945,22413,0,0,31,31,4095,2744,2169,4913
2,126945,22413,0,0,31,31,4095,4802,723,5525
2,126945,52297,0,0,31,31,4095,109850,1687,111537
2,126945,67239,0,0,31,31,4095,64000,19521,83521
2,126990,30,0,0,30,30,4233,4374,1,4375
2,126990,30,0,0,30,30,4233,10368,7,10375
2,126990,30,0,0,30,30,4233,33614,1,33615
2,126990,90,0,0,60,30,4233,41500,3,41503
2,126990,270,0,0,30,30,4233,4648,27,4675
2,126990,2250,0,0,30,30,4233,6664,225,6889
2,126990,2430,0,0,30,30,4233,9800,243,10043
2,126990,2490,0,0,30,30,4233,85750,83,85833
2,126990,2490,0,0,120,30,4233,19600,83,19683
2,126990,12750,0,0,30,30,4233,2048,4675,6723
2,126990,16170,0,0,30,30,4233,4374,539,4913
2,126990,21870,0,0,30,30,4233,11288,2187,13475
2,126990,25410,0,0,30,30,4233,53120,5929,59049
2,126990,27390,0,0,30,30,4233,106250,913,107163
2,126990,41310,0,0,30,30,4233,2744,4131,6875
2,126990,42330,0,0,30,30,4233,13230,1411,14641
2,126990,65610,0,0,30,30,4233,664,6561,7225
2,126990,92610,0,0,30,30,4233,1826,3087,4913
2,126990,93750,0,0,30,30,4233,5984,15625,21609
2,127050,68970,0,0,30,30,4235,51200,25289,76489
2,127110,570,0,0,120,30,4237,34992,19,35011
2,127223,3103,0,0,29,29,4387,5346,107,5453
2,127223,54549,0,0,29,29,4387,3362,1881,5243
2,127350,2430,0,0,30,30,4245,79360,729,80089
2,127470,1470,0,0,30,30,4249,8192,637,8829
2,127629,3219,0,0,29,29,4401,4802,111,4913
2,127629,14181,0,0,29,29,4401,512,4401,4913
2,127650,30,0,0,30,30,4255,64000,9,64009
2,127650,30,0,0,30,30,4255,71874,1,71875
2,127650,30,0,0,60,30,4255,98900,1,98901
2,127650,690,0,0,30,30,4255,43808,115,43923
2,127650,3330,0,0,30,30,4255,14792,333,15125
2,127650,12150,0,0,30,30,4255,10952,1215,12167
2,127650,15870,0,0,30,30,4255,10406,529,10935
2,127650,26730,0,0,30,30,4255,88064,9801,97865
2,127650,55890,0,0,30,30,4255,66550,1863,68413
2,127650,93750,0,0,30,30,4255,99846,3125,102971
2,127687,29,0,0,116,29,4403,4624,1,4625
2,127813,31,0,0,31,31,4123,4374,1,4375
2,127813,93,0,0,31,31,4123,4802,3,4805
2,127813,155,0,0,31,31,4123,184832,45,184877
2,127813,589,0,0,62,31,4123,4356,19,4375
2,127813,6727,0,0,124,31,4123,4400,217,4617
2,127813,11191,0,0,31,31,4123,13310,361,13671
2,127813,18259,0,0,31,31,4123,7986,589,8575
2,127813,22599,0,0,31,31,4123,10240,8019,18259
2,127813,27125,0,0,31,31,4123,1408,6125,7533
2,127813,31713,0,0,31,31,4123,25088,9207,34295
2,127813,41261,0,0,31,31,4123,6250,1331,7581
2,127813,47089,0,0,31,31,4123,13122,1519,14641
2,127813,60543,0,0,31,31,4123,1000,5859,6859
2,127813,67797,0,0,31,31,4123,3038,2187,5225
2,127813,73625,0,0,31,31,4123,32,11875,11907
2,127813,83545,0,0,31,31,4123,1922,2695,4617
2,127813,112995,0,0,31,31,4123,7546,3645,11191
2,127890,30,0,0,30,30,4263,4374,1,4375
2,128180,58,0,0,58,29,4420,10240,11,10251
2,128180,116,0,0,116,29,4420,10240,11,10251
2,128185,31,0,0,31,31,4135,4374,1,4375
2,128185,30535,0,0,31,31,4135,864,4925,5789
2,128250,30,0,0,30,30,4275,4374,1,4375
2,128250,30,0,0,30,30,4275,6174,1,6175
2,128250,30,0,0,30,30,4275,6250,1,6251
2,128250,30,0,0,120,30,4275,5264,1,5265
2,128250,150,0,0,30,30,4275,7938,5,7943
2,128250,450,0,0,120,30,4275,28672,45,28717
2,128250,2730,0,0,30,30,4275,4374,91,4465
2,128250,2730,0,0,30,30,4275,8192,1183,9375
2,128250,2850,0,0,60,30,4275,8788,95,8883
2,128250,7290,0,0,30,30,4275,54872,729,55601
2,128250,12150,0,0,30,30,4275,16562,405,16967
2,128250,18750,0,0,30,30,4275,1568,3125,4693
2,128250,20250,0,0,30,30,4275,8192,8775,16967
2,128250,21870,0,0,30,30,4275,24064,6561,30625
2,128250,38070,0,0,30,30,4275,13000,3807,16807
2,128250,65910,0,0,30,30,4275,4418,2197,6615
2,128250,66270,0,0,30,30,4275,2166,2209,4375
2,128250,66270,0,0,30,30,4275,2250,2209,4459
2,128250,66270,0,0,30,30,4275,3584,19881,23465
2,128250,71250,0,0,30,30,4275,32,11875,11907
2,128250,72030,0,0,30,30,4275,3200,16807,20007
2,128250,93750,0,0,30,30,4275,4256,15625,19881
2,128325,18125,0,0,29,29,4425,13122,625,13747
2,128325,100949,0,0,29,29,4425,58250,3481,61731
2,128441,29,0,0,116,29,4429,9072,1,9073
2,128480,160,0,0,64,32,4015,5324,5,5329
2,128480,4000,0,0,32,32,4015,6144,1375,7519
2,128480,27040,0,0,32,32,4015,2336,4225,6561
2,128480,42592,0,0,32,32,4015,864,6655,7519
2,128480,58400,0,0,32,32,4015,352,9125,9477
2,128480,69984,0,0,32,32,4015,9064,6561,15625
2,128480,100000,0,0,32,32,4015,4394,3125,7519
2,128499,87,0,0,116,29,4431,15376,3,15379
2,128499,203,0,0,29,29,4431,6534,7,6541
2,128499,6119,0,0,58,29,4431,37268,211,37479
2,128499,42833,0,0,29,29,4431,28314,1477,29791
2,128499,44051,0,0,29,29,4431,13122,1519,14641
2,128673,54027,0,0,29,29,4437,8,5589,5597
2,128700,660,0,0,60,30,4290,10952,33,10985
2,128700,2340,0,0,60,30,4290,6728,117,6845
2,128736,32,0,0,32,32,4023,4374,1,4375
2,128736,16928,0,0,32,32,4023,8046,529,8575
2,128736,20000,0,0,32,32,4023,33376,3125,36501
2,128970,810,0,0,30,30,4299,24334,27,24361
2,129090,30,0,0,30,30,4303,4374,1,4375
2,129090,810,0,0,30,30,4303,8200,81,8281
2,129090,2730,0,0,30,30,4303,8192,1183,9375
2,129090,9930,0,0,30,30,4303,4394,331,4725
2,129090,50430,0,0,30,30,4303,4394,1681,6075
2,129090,51030,0,0,30,30,4303,1664,11907,13571
2,129090,60270,0,0,30,30,4303,39366,2009,41375
2,129115,31,0,0,31,31,4165,4374,1,4375
2,129115,31,0,0,62,31,4165,9260,1,9261
2,129115,31,0,0,62,31,4165,12500,1,12501
2,129120,8608,0,0,32,32,4035,6606,269,6875
2,129137,29,0,0,116,29,4453,14640,1,14641
2,129137,1769,0,0,58,29,4453,14580,61,14641
2,129150,30,0,0,30,30,4305,4374,1,4375
2,129150,2430,0,0,30,30,4305,42632,243,42875
2,129150,3750,0,0,30,30,4305,4704,625,5329
2,129150,11250,0,0,30,30,4305,20992,3375,24367
2,129150,20250,0,0,30,30,4305,3304,2025,5329
2,129150,25830,0,0,60,30,4305,1024,4305,5329
2,129363,31,0,0,124,31,4173,26000,1,26001
2,129363,29853,0,0,31,31,4173,1336,2889,4225
2,129363,29853,0,0,31,31,4173,25000,2889,27889
2,129363,89559,0,0,31,31,4173,2560,26001,28561
2,129536,64,0,0,64,32,4048,64000,9,64009
2,129549,10633,0,0,31,31,4179,10368,2401,12769
2,129659,7627,0,0,116,29,4471,5488,263,5751
2,129673,129673,0,0,62,31,4183,15500,4183,19683
2,129690,330,0,0,30,30,4323,6550,11,6561
2,129696,32,0,0,32,32,4053,4374,1,4375
2,129717,29,0,0,116,29,4473,5040,1,5041
2,129717,5191,0,0,29,29,4473,16000,1253,17253
2,129717,46719,0,0,29,29,4473,3430,1611,5041
2,129735,14787,0,0,31,31,4185,512,4293,4805
2,129735,22599,0,0,31,31,4185,7688,2187,9875
2,129888,30752,0,0,32,32,4059,3362,961,4323
2,129920,58,0,0,58,29,4480,10368,7,10375
2,129920,116,0,0,116,29,4480,10368,7,10375
2,129990,30,0,0,30,30,4333,4374,1,4375
2,129990,110250,0,0,30,30,4333,1238,3675,4913
2,130007,46023,0,0,29,29,4483,35864,4761,40625
2,130007,130007,0,0,116,29,4483,80,4483,4563
2,130065,29,0,0,29,29,4485,14742,1,14743
2,130065,2639,0,0,29,29,4485,8192,1183,9375
2,130065,2639,0,0,29,29,4485,79488,637,80125
2,130065,4901,0,0,29,29,4485,5128,507,5635
2,130065,18125,0,0,29,29,4485,10368,4375,14743
2,130065,35525,0,0,29,29,4485,2208,6125,8333
2,130065,54027,0,0,29,29,4485,2744,5589,8333
2,130065,63423,0,0,29,29,4485,9464,6561,16025
2,130080,32,0,0,32,32,4065,4374,1,4375
2,130080,32,0,0,32,32,4065,10368,7,10375
2,130080,32,0,0,32,32,4065,33614,1,33615
2,130080,8672,0,0,64,32,4065,5312,813,6125
2,130080,76832,0,0,32,32,4065,4374,2401,6775
2,130200,1550,0,0,62,31,4200,6112,125,6237
2,130200,3100,0,0,124,31,4200,6112,125,6237
2,130350,30,0,0,30,30,4345,4374,1,4375
2,130350,30,0,0,30,30,4345,12166,1,12167
2,130350,30,0,0,30,30,4345,64000,9,64009
2,130350,30,0,0,30,30,4345,71874,1,71875
2,130350,30,0,0,120,30,4345,8624,1,8625
2,130350,1050,0,0,30,30,4345,14536,105,14641
2,130350,2370,0,0,30,30,4345,10240,869,11109
2,130350,2370,0,0,30,30,4345,12672,553,13225
2,130350,2370,0,0,30,30,4345,39366,79,39445
2,130350,10290,0,0,30,30,4345,29282,343,29625
2,130350,10890,0,0,30,30,4345,14536,1089,15625
2,130350,18750,0,0,30,30,4345,2464,3125,5589
2,130350,20250,0,0,30,30,4345,5566,675,6241
2,130350,28350,0,0,30,30,4345,2944,6615,9559
2,130350,39930,0,0,30,30,4345,3430,1331,4761
2,130350,49770,0,0,30,30,4345,3872,8295,12167
2,130350,49770,0,0,30,30,4345,10648,4977,15625
2,130350,56250,0,0,30,30,4345,616,5625,6241
2,130350,56250,0,0,30,30,4345,9016,5625,14641
2,130350,60750,0,0,30,30,4345,8,6075,6083
2,130350,65610,0,0,30,30,4345,11638,2187,13825
2,130350,93750,0,0,30,30,4345,184,9375,9559
2,130350,116130,0,0,30,30,4345,128,27097,27225
2,130592,76832,0,0,32,32,4081,5618,2401,8019
2,130950,14550,0,0,60,30,4365,58564,485,59049
2,130950,20250,0,0,30,30,4365,8734,675,9409
2,130976,32,0,0,32,32,4093,4374,1,4375
2,130976,2912,0,0,32,32,4093,8192,1183,9375
2,130980,2220,0,0,60,30,4366,8192,481,8673
2,130980,4440,0,0,120,30,4366,8192,481,8673
2,131040,32,0,0,32,32,4095,4374,1,4375
2,131040,32,0,0,64,32,4095,31212,1,31213
2,131040,32,0,0,128,32,4095,28560,1,28561
2,131040,60,0,0,60,30,4368,12160,7,12167
2,131040,120,0,0,120,30,4368,12160,7,12167
2,131040,180,0,0,60,30,4368,9016,9,9025
2,131040,224,0,0,64,32,4095,6500,7,6507
2,131040,416,0,0,64,32,4095,4900,13,4913
2,131040,2720,0,0,32,32,4095,4374,85,4459
2,131040,2912,0,0,32,32,4095,8192,1183,9375
2,131040,5460,0,0,60,30,4368,8192,1183,9375
2,131040,10920,0,0,120,30,4368,8192,1183,9375
2,131040,10976,0,0,32,32,4095,12050,343,12393
2,131040,14112,0,0,32,32,4095,6656,3969,10625
2,131040,14560,0,0,64,32,4095,17408,2275,19683
2,131040,23136,0,0,32,32,4095,2744,2169,4913
2,131040,23136,0,0,32,32,4095,4802,723,5525
2,131040,53984,0,0,32,32,4095,109850,1687,111537
2,131040,69408,0,0,32,32,4095,64000,19521,83521
2,131223,31,0,0,31,31,4233,4374,1,4375
2,131223,31,0,0,31,31,4233,10368,7,10375
2,131223,31,0,0,31,31,4233,33614,1,33615
2,131223,93,0,0,62,31,4233,41500,3,41503
2,131223,279,0,0,31,31,4233,4648,27,4675
2,131223,2325,0,0,31,31,4233,6664,225,6889
2,131223,2511,0,0,31,31,4233,9800,243,10043
2,131223,2573,0,0,31,31,4233,85750,83,85833
2,131223,2573,0,0,124,31,4233,19600,83,19683
2,131223,13175,0,0,31,31,4233,2048,4675,6723
2,131223,16709,0,0,31,31,4233,4374,539,4913
2,131223,22599,0,0,31,31,4233,11288,2187,13475
2,131223,26257,0,0,31,31,4233,53120,5929,59049
2,131223,28303,0,0,31,31,4233,106250,913,107163
2,131223,42687,0,0,31,31,4233,2744,4131,6875
2,131223,43741,0,0,31,31,4233,13230,1411,14641
2,131223,67797,0,0,31,31,4233,664,6561,7225
2,131223,95697,0,0,31,31,4233,1826,3087,4913
2,131223,96875,0,0,31,31,4233,5984,15625,21609
2,131285,71269,0,0,31,31,4235,51200,25289,76489
2,131347,589,0,0,124,31,4237,34992,19,35011
2,131595,2511,0,0,31,31,4245,79360,729,80089
2,131610,3210,0,0,30,30,4387,5346,107,5453
2,131610,56430,0,0,30,30,4387,3362,1881,5243
2,131719,1519,0,0,31,31,4249,8192,637,8829
2,131905,31,0,0,31,31,4255,64000,9,64009
2,131905,31,0,0,31,31,4255,71874,1,71875
2,131905,31,0,0,62,31,4255,98900,1,98901
2,131905,713,0,0,31,31,4255,43808,115,43923
2,131905,3441,0,0,31,31,4255,14792,333,15125
2,131905,12555,0,0,31,31,4255,10952,1215,12167
2,131905,16399,0,0,31,31,4255,10406,529,10935
2,131905,27621,0,0,31,31,4255,88064,9801,97865
2,131905,57753,0,0,31,31,4255,66550,1863,68413
2,131905,96875,0,0,31,31,4255,99846,3125,102971
2,131936,32,0,0,32,32,4123,4374,1,4375
2,131936,96,0,0,32,32,4123,4802,3,4805
2,131936,160,0,0,32,32,4123,184832,45,184877
2,131936,608,0,0,64,32,4123,4356,19,4375
2,131936,6944,0,0,128,32,4123,4400,217,4617
2,131936,11552,0,0,32,32,4123,13310,361,13671
2,131936,18848,0,0,32,32,4123,7986,589,8575
2,131936,23328,0,0,32,32,4123,10240,8019,18259
2,131936,28000,0,0,32,32,4123,1408,6125,7533
2,131936,32736,0,0,32,32,4123,25088,9207,34295
2,131936,42592,0,0,32,32,4123,6250,1331,7581
2,131936,48608,0,0,32,32,4123,13122,1519,14641
2,131936,62496,0,0,32,32,4123,1000,5859,6859
2,131936,69984,0,0,32,32,4123,3038,2187,5225
2,131936,76000,0,0,32,32,4123,32,11875,11907
2,131936,86240,0,0,32,32,4123,1922,2695,4617
2,131936,116640,0,0,32,32,4123,7546,3645,11191
2,132030,3330,0,0,30,30,4401,4802,111,4913
2,132030,14670,0,0,30,30,4401,512,4401,4913
2,132090,30,0,0,120,30,4403,4624,1,4625
2,132153,31,0,0,31,31,4263,4374,1,4375
2,132320,32,0,0,32,32,4135,4374,1,4375
2,132320,31520,0,0,32,32,4135,864,4925,5789
2,132495,165,0,0,66,33,4015,5324,5,5329
2,132495,4125,0,0,33,33,4015,6144,1375,7519
2,132495,27885,0,0,33,33,4015,2336,4225,6561
2,132495,43923,0,0,33,33,4015,864,6655,7519
2,132495,60225,0,0,33,33,4015,352,9125,9477
2,132495,72171,0,0,33,33,4015,9064,6561,15625
2,132495,103125,0,0,33,33,4015,4394,3125,7519
2,132525,31,0,0,31,31,4275,4374,1,4375
2,132525,31,0,0,31,31,4275,6174,1,6175
2,132525,31,0,0,31,31,4275,6250,1,6251
2,132525,31,0,0,124,31,4275,5264,1,5265
2,132525,155,0,0,31,31,4275,7938,5,7943
2,132525,465,0,0,124,31,4275,28672,45,28717
2,132525,2821,0,0,31,31,4275,4374,91,4465
2,132525,2821,0,0,31,31,4275,8192,1183,9375
2,132525,2945,0,0,62,31,4275,8788,95,8883
2,132525,7533,0,0,31,31,4275,54872,729,55601
2,132525,12555,0,0,31,31,4275,16562,405,16967
2,132525,19375,0,0,31,31,4275,1568,3125,4693
2,132525,20925,0,0,31,31,4275,8192,8775,16967
2,132525,22599,0,0,31,31,4275,24064,6561,30625
2,132525,39339,0,0,31,31,4275,13000,3807,16807
2,132525,68107,0,0,31,31,4275,4418,2197,6615
2,132525,68479,0,0,31,31,4275,2166,2209,4375
2,132525,68479,0,0,31,31,4275,2250,2209,4459
2,132525,68479,0,0,31,31,4275,3584,19881,23465
2,132525,73625,0,0,31,31,4275,32,11875,11907
2,132525,74431,0,0,31,31,4275,3200,16807,20007
2,132525,96875,0,0,31,31,4275,4256,15625,19881
2,132600,60,0,0,60,30,4420,10240,11,10251
2,132600,120,0,0,120,30,4420,10240,11,10251
2,132750,18750,0,0,30,30,4425,13122,625,13747
2,132750,104430,0,0,30,30,4425,58250,3481,61731
2,132759,33,0,0,33,33,4023,4374,1,4375
2,132759,17457,0,0,33,33,4023,8046,529,8575
2,132759,20625,0,0,33,33,4023,33376,3125,36501
2,132870,30,0,0,120,30,4429,9072,1,9073
2,132930,90,0,0,120,30,4431,15376,3,15379
2,132930,210,0,0,30,30,4431,6534,7,6541
2,132930,6330,0,0,60,30,4431,37268,211,37479
2,132930,44310,0,0,30,30,4431,28314,1477,29791
2,132930,45570,0,0,30,30,4431,13122,1519,14641
2,132990,682,0,0,62,31,4290,10952,33,10985
2,132990,2418,0,0,62,31,4290,6728,117,6845
2,133110,55890,0,0,30,30,4437,8,5589,5597
2,133155,8877,0,0,33,33,4035,6606,269,6875
2,133269,837,0,0,31,31,4299,24334,27,24361
2,133280,32,0,0,32,32,4165,4374,1,4375
2,133280,32,0,0,64,32,4165,9260,1,9261
2,133280,32,0,0,64,32,4165,12500,1,12501
2,133393,31,0,0,31,31,4303,4374,1,4375
2,133393,837,0,0,31,31,4303,8200,81,8281
2,133393,2821,0,0,31,31,4303,8192,1183,9375
2,133393,10261,0,0,31,31,4303,4394,331,4725
2,133393,52111,0,0,31,31,4303,4394,1681,6075
2,133393,52731,0,0,31,31,4303,1664,11907,13571
2,133393,62279,0,0,31,31,4303,39366,2009,41375
2,133455,31,0,0,31,31,4305,4374,1,4375
2,133455,2511,0,0,31,31,4305,42632,243,42875
2,133455,3875,0,0,31,31,4305,4704,625,5329
2,133455,11625,0,0,31,31,4305,20992,3375,24367
2,133455,20925,0,0,31,31,4305,3304,2025,5329
2,133455,26691,0,0,62,31,4305,1024,4305,5329
2,133536,32,0,0,128,32,4173,26000,1,26001
2,133536,30816,0,0,32,32,4173,1336,2889,4225
2,133536,30816,0,0,32,32,4173,25000,2889,27889
2,133536,92448,0,0,32,32,4173,2560,26001,28561
2,133584,66,0,0,66,33,4048,64000,9,64009
2,133590,30,0,0,120,30,4453,14640,1,14641
2,133590,1830,0,0,60,30,4453,14580,61,14641
2,133728,10976,0,0,32,32,4179,10368,2401,12769
2,133749,33,0,0,33,33,4053,4374,1,4375
2,133856,133856,0,0,64,32,4183,15500,4183,19683
2,133920,15264,0,0,32,32,4185,512,4293,4805
2,133920,23328,0,0,32,32,4185,7688,2187,9875
2,133947,31713,0,0,33,33,4059,3362,961,4323
2,134013,341,0,0,31,31,4323,6550,11,6561
2,134130,7890,0,0,120,30,4471,5488,263,5751
2,134145,33,0,0,33,33,4065,4374,1,4375
2,134145,33,0,0,33,33,4065,10368,7,10375
2,134145,33,0,0,33,33,4065,33614,1,33615
2,134145,8943,0,0,66,33,4065,5312,813,6125
2,134145,79233,0,0,33,33,4065,4374,2401,6775
2,134190,30,0,0,120,30,4473,5040,1,5041
2,134190,5370,0,0,30,30,4473,16000,1253,17253
2,134190,48330,0,0,30,30,4473,3430,1611,5041
2,134323,31,0,0,31,31,4333,4374,1,4375
2,134323,113925,0,0,31,31,4333,1238,3675,4913
2,134400,60,0,0,60,30,4480,10368,7,10375
2,134400,120,0,0,120,30,4480,10368,7,10375
2,134400,1600,0,0,64,32,4200,6112,125,6237
2,134400,3200,0,0,128,32,4200,6112,125,6237
2,134490,47610,0,0,30,30,4483,35864,4761,40625
2,134490,134490,0,0,120,30,4483,80,4483,4563
2,134550,30,0,0,30,30,4485,14742,1,14743
2,134550,2730,0,0,30,30,4485,8192,1183,9375
2,134550,2730,0,0,30,30,4485,79488,637,80125
2,134550,5070,0,0,30,30,4485,5128,507,5635
2,134550,18750,0,0,30,30,4485,10368,4375,14743
2,134550,36750,0,0,30,30,4485,2208,6125,8333
2,134550,55890,0,0,30,30,4485,2744,5589,8333
2,134550,65610,0,0,30,30,4485,9464,6561,16025
2,134673,79233,0,0,33,33,4081,5618,2401,8019
2,134695,31,0,0,31,31,4345,4374,1,4375
2,134695,31,0,0,31,31,4345,12166,1,12167
2,134695,31,0,0,31,31,4345,64000,9,64009
2,134695,31,0,0,31,31,4345,71874,1,71875
2,134695,31,0,0,124,31,4345,8624,1,8625
2,134695,1085,0,0,31,31,4345,14536,105,14641
2,134695,2449,0,0,31,31,4345,10240,869,11109
2,134695,2449,0,0,31,31,4345,12672,553,13225
2,134695,2449,0,0,31,31,4345,39366,79,39445
2,134695,10633,0,0,31,31,4345,29282,343,29625
2,134695,11253,0,0,31,31,4345,14536,1089,15625
2,134695,19375,0,0,31,31,4345,2464,3125,5589
2,134695,20925,0,0,31,31,4345,5566,675,6241
2,134695,29295,0,0,31,31,4345,2944,6615,9559
2,134695,41261,0,0,31,31,4345,3430,1331,4761
2,134695,51429,0,0,31,31,4345,3872,8295,12167
2,134695,51429,0,0,31,31,4345,10648,4977,15625
2,134695,58125,0,0,31,31,4345,616,5625,6241
2,134695,58125,0,0,31,31,4345,9016,5625,14641
2,134695,62775,0,0,31,31,4345,8,6075,6083
2,134695,67797,0,0,31,31,4345,11638,2187,13825
2,134695,96875,0,0,31,31,4345,184,9375,9559
2,134695,120001,0,0,31,31,4345,128,27097,27225
2,135069,33,0,0,33,33,4093,4374,1,4375
2,135069,3003,0,0,33,33,4093,8192,1183,9375
2,135135,33,0,0,33,33,4095,4374,1,4375
2,135135,33,0,0,66,33,4095,31212,1,31213
2,135135,33,0,0,132,33,4095,28560,1,28561
2,135135,231,0,0,66,33,4095,6500,7,6507
2,135135,429,0,0,66,33,4095,4900,13,4913
2,135135,2805,0,0,33,33,4095,4374,85,4459
2,135135,3003,0,0,33,33,4095,8192,1183,9375
2,135135,11319,0,0,33,33,4095,12050,343,12393
2,135135,14553,0,0,33,33,4095,6656,3969,10625
2,135135,15015,0,0,66,33,4095,17408,2275,19683
2,135135,23859,0,0,33,33,4095,2744,2169,4913
2,135135,23859,0,0,33,33,4095,4802,723,5525
2,135135,55671,0,0,33,33,4095,109850,1687,111537
2,135135,71577,0,0,33,33,4095,64000,19521,83521
2,135315,15035,0,0,62,31,4365,58564,485,59049
2,135315,20925,0,0,31,31,4365,8734,675,9409
2,135346,2294,0,0,62,31,4366,8192,481,8673
2,135346,4588,0,0,124,31,4366,8192,481,8673
2,135408,62,0,0,62,31,4368,12160,7,12167
2,135408,124,0,0,124,31,4368,12160,7,12167
2,135408,186,0,0,62,31,4368,9016,9,9025
2,135408,5642,0,0,62,31,4368,8192,1183,9375
2,135408,11284,0,0,124,31,4368,8192,1183,9375
2,135456,32,0,0,32,32,4233,4374,1,4375
2,135456,32,0,0,32,32,4233,10368,7,10375
2,135456,32,0,0,32,32,4233,33614,1,33615
2,135456,96,0,0,64,32,4233,41500,3,41503
2,135456,288,0,0,32,32,4233,4648,27,4675
2,135456,2400,0,0,32,32,4233,6664,225,6889
2,135456,2592,0,0,32,32,4233,9800,243,10043
2,135456,2656,0,0,32,32,4233,85750,83,85833
2,135456,2656,0,0,128,32,4233,19600,83,19683
2,135456,13600,0,0,32,32,4233,2048,4675,6723
2,135456,17248,0,0,32,32,4233,4374,539,4913
2,135456,23328,0,0,32,32,4233,11288,2187,13475
2,135456,27104,0,0,32,32,4233,53120,5929,59049
2,135456,29216,0,0,32,32,4233,106250,913,107163
2,135456,44064,0,0,32,32,4233,2744,4131,6875
2,135456,45152,0,0,32,32,4233,13230,1411,14641
2,135456,69984,0,0,32,32,4233,664,6561,7225
2,135456,98784,0,0,32,32,4233,1826,3087,4913
2,135456,100000,0,0,32,32,4233,5984,15625,21609
2,135520,73568,0,0,32,32,4235,51200,25289,76489
2,135584,608,0,0,128,32,4237,34992,19,35011
2,135840,2592,0,0,32,32,4245,79360,729,80089
2,135968,1568,0,0,32,32,4249,8192,637,8829
2,135997,3317,0,0,31,31,4387,5346,107,5453
2,135997,58311,0,0,31,31,4387,3362,1881,5243
2,136059,33,0,0,33,33,4123,4374,1,4375
2,136059,99,0,0,33,33,4123,4802,3,4805
2,136059,165,0,0,33,33,4123,184832,45,184877
2,136059,627,0,0,66,33,4123,4356,19,4375
2,136059,7161,0,0,132,33,4123,4400,217,4617
2,136059,11913,0,0,33,33,4123,13310,361,13671
2,136059,19437,0,0,33,33,4123,7986,589,8575
2,136059,24057,0,0,33,33,4123,10240,8019,18259
2,136059,28875,0,0,33,33,4123,1408,6125,7533
2,136059,33759,0,0,33,33,4123,25088,9207,34295
2,136059,43923,0,0,33,33,4123,6250,1331,7581
2,136059,50127,0,0,33,33,4123,13122,1519,14641
2,136059,64449,0,0,33,33,4123,1000,5859,6859
2,136059,72171,0,0,33,33,4123,3038,2187,5225
2,136059,78375,0,0,33,33,4123,32,11875,11907
2,136059,88935,0,0,33,33,4123,1922,2695,4617
2,136059,120285,0,0,33,33,4123,7546,3645,11191
2,136160,32,0,0,32,32,4255,64000,9,64009
2,136160,32,0,0,32,32,4255,71874,1,71875
2,136160,32,0,0,64,32,4255,98900,1,98901
2,136160,736,0,0,32,32,4255,43808,115,43923
2,136160,3552,0,0,32,32,4255,14792,333,15125
2,136160,12960,0,0,32,32,4255,10952,1215,12167
2,136160,16928,0,0,32,32,4255,10406,529,10935
2,136160,28512,0,0,32,32,4255,88064,9801,97865
2,136160,59616,0,0,32,32,4255,66550,1863,68413
2,136160,100000,0,0,32,32,4255,99846,3125,102971
2,136416,32,0,0,32,32,4263,4374,1,4375
2,136431,3441,0,0,31,31,4401,4802,111,4913
2,136431,15159,0,0,31,31,4401,512,4401,4913
2,136455,33,0,0,33,33,4135,4374,1,4375
2,136455,32505,0,0,33,33,4135,864,4925,5789
2,136493,31,0,0,124,31,4403,4624,1,4625
2,136510,170,0,0,68,34,4015,5324,5,5329
2,136510,4250,0,0,34,34,4015,6144,1375,7519
2,136510,28730,0,0,34,34,4015,2336,4225,6561
2,136510,45254,0,0,34,34,4015,864,6655,7519
2,136510,62050,0,0,34,34,4015,352,9125,9477
2,136510,74358,0,0,34,34,4015,9064,6561,15625
2,136510,106250,0,0,34,34,4015,4394,3125,7519
2,136782,34,0,0,34,34,4023,4374,1,4375
2,136782,17986,0,0,34,34,4023,8046,529,8575
2,136782,21250,0,0,34,34,4023,33376,3125,36501
2,136800,32,0,0,32,32,4275,4374,1,4375
2,136800,32,0,0,32,32,4275,6174,1,6175
2,136800,32,0,0,32,32,4275,6250,1,6251
2,136800,32,0,0,128,32,4275,5264,1,5265
2,136800,160,0,0,32,32,4275,7938,5,7943
2,136800,480,0,0,128,32,4275,28672,45,28717
2,136800,2912,0,0,32,32,4275,4374,91,4465
2,136800,2912,0,0,32,32,4275,8192,1183,9375
2,136800,3040,0,0,64,32,4275,8788,95,8883
2,136800,7776,0,0,32,32,4275,54872,729,55601
2,136800,12960,0,0,32,32,4275,16562,405,16967
2,136800,20000,0,0,32,32,4275,1568,3125,4693
2,136800,21600,0,0,32,32,4275,8192,8775,16967
2,136800,23328,0,0,32,32,4275,24064,6561,30625
2,136800,40608,0,0,32,32,4275,13000,3807,16807
2,136800,70304,0,0,32,32,4275,4418,2197,6615
2,136800,70688,0,0,32,32,4275,2166,2209,4375
2,136800,70688,0,0,32,32,4275,2250,2209,4459
2,136800,70688,0,0,32,32,4275,3584,19881,23465
2,136800,76000,0,0,32,32,4275,32,11875,11907
2,136800,76832,0,0,32,32,4275,3200,16807,20007
2,136800,100000,0,0,32,32,4275,4256,15625,19881
2,137020,62,0,0,62,31,4420,10240,11,10251
2,137020,124,0,0,124,31,4420,10240,11,10251
2,137175,19375,0,0,31,31,4425,13122,625,13747
2,137175,107911,0,0,31,31,4425,58250,3481,61731
2,137190,9146,0,0,34,34,4035,6606,269,6875
2,137280,704,0,0,64,32,4290,10952,33,10985
2,137280,2496,0,0,64,32,4290,6728,117,6845
2,137299,31,0,0,124,31,4429,9072,1,9073
2,137361,93,0,0,124,31,4431,15376,3,15379
2,137361,217,0,0,31,31,4431,6534,7,6541
2,137361,6541,0,0,62,31,4431,37268,211,37479
2,137361,45787,0,0,31,31,4431,28314,1477,29791
2,137361,47089,0,0,31,31,4431,13122,1519,14641
2,137445,33,0,0,33,33,4165,4374,1,4375
2,137445,33,0,0,66,33,4165,9260,1,9261
2,137445,33,0,0,66,33,4165,12500,1,12501
2,137547,57753,0,0,31,31,4437,8,5589,5597
2,137568,864,0,0,32,32,4299,24334,27,24361
2,137632,68,0,0,68,34,4048,64000,9,64009
2,137696,32,0,0,32,32,4303,4374,1,4375
2,137696,864,0,0,32,32,4303,8200,81,8281
2,137696,2912,0,0,32,32,4303,8192,1183,9375
2,137696,10592,0,0,32,32,4303,4394,331,4725
2,137696,53792,0,0,32,32,4303,4394,1681,6075
2,137696,54432,0,0,32,32,4303,1664,11907,13571
2,137696,64288,0,0,32,32,4303,39366,2009,41375
2,137709,33,0,0,132,33,4173,26000,1,26001
2,137709,31779,0,0,33,33,4173,1336,2889,4225
2,137709,31779,0,0,33,33,4173,25000,2889,27889
2,137709,95337,0,0,33,33,4173,2560,26001,28561
2,137760,32,0,0,32,32,4305,4374,1,4375
2,137760,2592,0,0,32,32,4305,42632,243,42875
2,137760,4000,0,0,32,32,4305,4704,625,5329
2,137760,12000,0,0,32,32,4305,20992,3375,24367
2,137760,21600,0,0,32,32,4305,3304,2025,5329
2,137760,27552,0,0,64,32,4305,1024,4305,5329
2,137802,34,0,0,34,34,4053,4374,1,4375
2,137907,11319,0,0,33,33,4179,10368,2401,12769
2,138006,32674,0,0,34,34,4059,3362,961,4323
2,138039,138039,0,0,66,33,4183,15500,4183,19683
2,138043,31,0,0,124,31,4453,14640,1,14641
2,138043,1891,0,0,62,31,4453,14580,61,14641
2,138105,15741,0,0,33,33,4185,512,4293,4805
2,138105,24057,0,0,33,33,4185,7688,2187,9875
2,138210,34,0,0,34,34,4065,4374,1,4375
2,138210,34,0,0,34,34,4065,10368,7,10375
2,138210,34,0,0,34,34,4065,33614,1,33615
2,138210,9214,0,0,68,34,4065,5312,813,6125
2,138210,81634,0,0,34,34,4065,4374,2401,6775
2,138336,352,0,0,32,32,4323,6550,11,6561
2,138600,1650,0,0,66,33,4200,6112,125,6237
2,138600,3300,0,0,132,33,4200,6112,125,6237
2,138601,8153,0,0,124,31,4471,5488,263,5751
2,138656,32,0,0,32,32,4333,4374,1,4375
2,138656,117600,0,0,32,32,4333,1238,3675,4913
2,138663,31,0,0,124,31,4473,5040,1,5041
2,138663,5549,0,0,31,31,4473,16000,1253,17253
2,138663,49941,0,0,31,31,4473,3430,1611,5041
2,138754,81634,0,0,34,34,4081,5618,2401,8019
2,138880,62,0,0,62,31,4480,10368,7,10375
2,138880,124,0,0,124,31,4480,10368,7,10375
2,138973,49197,0,0,31,31,4483,35864,4761,40625
2,138973,138973,0,0,124,31,4483,80,4483,4563
2,139035,31,0,0,31,31,4485,14742,1,14743
2,139035,2821,0,0,31,31,4485,8192,1183,9375
2,139035,2821,0,0,31,31,4485,79488,637,80125
2,139035,5239,0,0,31,31,4485,5128,507,5635
2,139035,19375,0,0,31,31,4485,10368,4375,14743
2,139035,37975,0,0,31,31,4485,2208,6125,8333
2,139035,57753,0,0,31,31,4485,2744,5589,8333
2,139035,67797,0,0,31,31,4485,9464,6561,16025
2,139040,32,0,0,32,32,4345,4374,1,4375
2,139040,32,0,0,32,32,4345,12166,1,12167
2,139040,32,0,0,32,32,4345,64000,9,64009
2,139040,32,0,0,32,32,4345,71874,1,71875
2,139040,32,0,0,128,32,4345,8624,1,8625
2,139040,1120,0,0,32,32,4345,14536,105,14641
2,139040,2528,0,0,32,32,4345,10240,869,11109
2,139040,2528,0,0,32,32,4345,12672,553,13225
2,139040,2528,0,0,32,32,4345,39366,79,39445
2,139040,10976,0,0,32,32,4345,29282,343,29625
2,139040,11616,0,0,32,32,4345,14536,1089,15625
2,139040,20000,0,0,32,32,4345,2464,3125,5589
2,139040,21600,0,0,32,32,4345,5566,675,6241
2,139040,30240,0,0,32,32,4345,2944,6615,9559
2,139040,42592,0,0,32,32,4345,3430,1331,4761
2,139040,53088,0,0,32,32,4345,3872,8295,12167
2,139040,53088,0,0,32,32,4345,10648,4977,15625
2,139040,60000,0,0,32,32,4345,616,5625,6241
2,139040,60000,0,0,32,32,4345,9016,5625,14641
2,139040,64800,0,0,32,32,4345,8,6075,6083
2,139040,69984,0,0,32,32,4345,11638,2187,13825
2,139040,100000,0,0,32,32,4345,184,9375,9559
2,139040,123872,0,0,32,32,4345,128,27097,27225
2,139162,34,0,0,34,34,4093,4374,1,4375
2,139162,3094,0,0,34,34,4093,8192,1183,9375
2,139230,34,0,0,34,34,4095,4374,1,4375
2,139230,34,0,0,68,34,4095,31212,1,31213
2,139230,34,0,0,136,34,4095,28560,1,28561
2,139230,238,0,0,68,34,4095,6500,7,6507
2,139230,442,0,0,68,34,4095,4900,13,4913
2,139230,2890,0,0,34,34,4095,4374,85,4459
2,139230,3094,0,0,34,34,4095,8192,1183,9375
2,139230,11662,0,0,34,34,4095,12050,343,12393
2,139230,14994,0,0,34,34,4095,6656,3969,10625
2,139230,15470,0,0,68,34,4095,17408,2275,19683
2,139230,24582,0,0,34,34,4095,2744,2169,4913
2,139230,24582,0,0,34,34,4095,4802,723,5525
2,139230,57358,0,0,34,34,4095,109850,1687,111537
2,139230,73746,0,0,34,34,4095,64000,19521,83521
2,139680,15520,0,0,64,32,4365,58564,485,59049
2,139680,21600,0,0,32,32,4365,8734,675,9409
2,139689,33,0,0,33,33,4233,4374,1,4375
2,139689,33,0,0,33,33,4233,10368,7,10375
2,139689,33,0,0,33,33,4233,33614,1,33615
2,139689,99,0,0,66,33,4233,41500,3,41503
2,139689,297,0,0,33,33,4233,4648,27,4675
2,139689,2475,0,0,33,33,4233,6664,225,6889
2,139689,2673,0,0,33,33,4233,9800,243,10043
2,139689,2739,0,0,33,33,4233,85750,83,85833
2,139689,2739,0,0,132,33,4233,19600,83,19683
2,139689,14025,0,0,33,33,4233,2048,4675,6723
2,139689,17787,0,0,33,33,4233,4374,539,4913
2,139689,24057,0,0,33,33,4233,11288,2187,13475
2,139689,27951,0,0,33,33,4233,53120,5929,59049
2,139689,30129,0,0,33,33,4233,106250,913,107163
2,139689,45441,0,0,33,33,4233,2744,4131,6875
2,139689,46563,0,0,33,33,4233,13230,1411,14641
2,139689,72171,0,0,33,33,4233,664,6561,7225
2,139689,101871,0,0,33,33,4233,1826,3087,4913
2,139689,103125,0,0,33,33,4233,5984,15625,21609
2,139712,2368,0,0,64,32,4366,8192,481,8673
2,139712,4736,0,0,128,32,4366,8192,481,8673
2,139755,75867,0,0,33,33,4235,51200,25289,76489
2,139776,64,0,0,64,32,4368,12160,7,12167
2,139776,128,0,0,128,32,4368,12160,7,12167
2,139776,192,0,0,64,32,4368,9016,9,9025
2,139776,5824,0,0,64,32,4368,8192,1183,9375
2,139776,11648,0,0,128,32,4368,8192,1183,9375
2,139821,627,0,0,132,33,4237,34992,19,35011
2,140085,2673,0,0,33,33,4245,79360,729,80089
2,140182,34,0,0,34,34,4123,4374,1,4375
2,140182,102,0,0,34,34,4123,4802,3,4805
2,140182,170,0,0,34,34,4123,184832,45,184877
2,140182,646,0,0,68,34,4123,4356,19,4375
2,140182,7378,0,0,136,34,4123,4400,217,4617
2,140182,12274,0,0,34,34,4123,13310,361,13671
2,140182,20026,0,0,34,34,4123,7986,589,8575
2,140182,24786,0,0,34,34,4123,10240,8019,18259
2,140182,29750,0,0,34,34,4123,1408,6125,7533
2,140182,34782,0,0,34,34,4123,25088,9207,34295
2,140182,45254,0,0,34,34,4123,6250,1331,7581
2,140182,51646,0,0,34,34,4123,13122,1519,14641
2,140182,66402,0,0,34,34,4123,1000,5859,6859
2,140182,74358,0,0,34,34,4123,3038,2187,5225
2,140182,80750,0,0,34,34,4123,32,11875,11907
2,140182,91630,0,0,34,34,4123,1922,2695,4617
2,140182,123930,0,0,34,34,4123,7546,3645,11191
2,140217,1617,0,0,33,33,4249,8192,637,8829
2,140384,3424,0,0,32,32,4387,5346,107,5453
2,140384,60192,0,0,32,32,4387,3362,1881,5243
2,140415,33,0,0,33,33,4255,64000,9,64009
2,140415,33,0,0,33,33,4255,71874,1,71875
2,140415,33,0,0,66,33,4255,98900,1,98901
2,140415,759,0,0,33,33,4255,43808,115,43923
2,140415,3663,0,0,33,33,4255,14792,333,15125
2,140415,13365,0,0,33,33,4255,10952,1215,12167
2,140415,17457,0,0,33,33,4255,10406,529,10935
2,140415,29403,0,0,33,33,4255,88064,9801,97865
2,140415,61479,0,0,33,33,4255,66550,1863,68413
2,140415,103125,0,0,33,33,4255,99846,3125,102971
2,140525,175,0,0,70,35,4015,5324,5,5329
2,140525,4375,0,0,35,35,4015,6144,1375,7519
2,140525,29575,0,0,35,35,4015,2336,4225,6561
2,140525,46585,0,0,35,35,4015,864,6655,7519
2,140525,63875,0,0,35,35,4015,352,9125,9477
2,140525,76545,0,0,35,35,4015,9064,6561,15625
2,140525,109375,0,0,35,35,4015,4394,3125,7519
2,140590,34,0,0,34,34,4135,4374,1,4375
2,140590,33490,0,0,34,34,4135,864,4925,5789
2,140679,33,0,0,33,33,4263,4374,1,4375
2,140805,35,0,0,35,35,4023,4374,1,4375
2,140805,18515,0,0,35,35,4023,8046,529,8575
2,140805,21875,0,0,35,35,4023,33376,3125,36501
2,140832,3552,0,0,32,32,4401,4802,111,4913
2,140832,15648,0,0,32,32,4401,512,4401,4913
2,140896,32,0,0,128,32,4403,4624,1,4625
2,141075,33,0,0,33,33,4275,4374,1,4375
2,141075,33,0,0,33,33,4275,6174,1,6175
2,141075,33,0,0,33,33,4275,6250,1,6251
2,141075,33,0,0,132,33,4275,5264,1,5265
2,141075,165,0,0,33,33,4275,7938,5,7943
2,141075,495,0,0,132,33,4275,28672,45,28717
2,141075,3003,0,0,33,33,4275,4374,91,4465
2,141075,3003,0,0,33,33,4275,8192,1183,9375
2,141075,3135,0,0,66,33,4275,8788,95,8883
2,141075,8019,0,0,33,33,4275,54872,729,55601
2,141075,13365,0,0,33,33,4275,16562,405,16967
2,141075,20625,0,0,33,33,4275,1568,3125,4693
2,141075,22275,0,0,33,33,4275,8192,8775,16967
2,141075,24057,0,0,33,33,4275,24064,6561,30625
2,141075,41877,0,0,33,33,4275,13000,3807,16807
2,141075,72501,0,0,33,33,4275,4418,2197,6615
2,141075,72897,0,0,33,33,4275,2166,2209,4375
2,141075,72897,0,0,33,33,4275,2250,2209,4459
2,141075,72897,0,0,33,33,4275,3584,19881,23465
2,141075,78375,0,0,33,33,4275,32,11875,11907
2,141075,79233,0,0,33,33,4275,3200,16807,20007
2,141075,103125,0,0,33,33,4275,4256,15625,19881
2,141225,9415,0,0,35,35,4035,6606,269,6875
2,141440,64,0,0,64,32,4420,10240,11,10251
2,141440,128,0,0,128,32,4420,10240,11,10251
2,141570,726,0,0,66,33,4290,10952,33,10985
2,141570,2574,0,0,66,33,4290,6728,117,6845
2,141600,20000,0,0,32,32,4425,13122,625,13747
2,141600,111392,0,0,32,32,4425,58250,3481,61731
2,141610,34,0,0,34,34,4165,4374,1,4375
2,141610,34,0,0,68,34,4165,9260,1,9261
2,141610,34,0,0,68,34,4165,12500,1,12501
2,141680,70,0,0,70,35,4048,64000,9,64009
2,141728,32,0,0,128,32,4429,9072,1,9073
2,141792,96,0,0,128,32,4431,15376,3,15379
2,141792,224,0,0,32,32,4431,6534,7,6541
2,141792,6752,0,0,64,32,4431,37268,211,37479
2,141792,47264,0,0,32,32,4431,28314,1477,29791
2,141792,48608,0,0,32,32,4431,13122,1519,14641
2,141855,35,0,0,35,35,4053,4374,1,4375
2,141867,891,0,0,33,33,4299,24334,27,24361
2,141882,34,0,0,136,34,4173,26000,1,26001
2,141882,32742,0,0,34,34,4173,1336,2889,4225
2,141882,32742,0,0,34,34,4173,25000,2889,27889
2,141882,98226,0,0,34,34,4173,2560,26001,28561
2,141984,59616,0,0,32,32,4437,8,5589,5597
2,141999,33,0,0,33,33,4303,4374,1,4375
2,141999,891,0,0,33,33,4303,8200,81,8281
2,141999,3003,0,0,33,33,4303,8192,1183,9375
2,141999,10923,0,0,33,33,4303,4394,331,4725
2,141999,55473,0,0,33,33,4303,4394,1681,6075
2,141999,56133,0,0,33,33,4303,1664,11907,13571
2,141999,66297,0,0,33,33,4303,39366,2009,41375
2,142065,33,0,0,33,33,4305,4374,1,4375
2,142065,2673,0,0,33,33,4305,42632,243,42875
2,142065,4125,0,0,33,33,4305,4704,625,5329
2,142065,12375,0,0,33,33,4305,20992,3375,24367
2,142065,22275,0,0,33,33,4305,3304,2025,5329
2,142065,28413,0,0,66,33,4305,1024,4305,5329
2,142065,33635,0,0,35,35,4059,3362,961,4323
2,142086,11662,0,0,34,34,4179,10368,2401,12769
2,142222,142222,0,0,68,34,4183,15500,4183,19683
2,142275,35,0,0,35,35,4065,4374,1,4375
2,142275,35,0,0,35,35,4065,10368,7,10375
2,142275,35,0,0,35,35,4065,33614,1,33615
2,142275,9485,0,0,70,35,4065,5312,813,6125
2,142275,84035,0,0,35,35,4065,4374,2401,6775
2,142290,16218,0,0,34,34,4185,512,4293,4805
2,142290,24786,0,0,34,34,4185,7688,2187,9875
2,142496,32,0,0,128,32,4453,14640,1,14641
2,142496,1952,0,0,64,32,4453,14580,61,14641
2,142659,363,0,0,33,33,4323,6550,11,6561
2,142800,1700,0,0,68,34,4200,6112,125,6237
2,142800,3400,0,0,136,34,4200,6112,125,6237
2,142835,84035,0,0,35,35,4081,5618,2401,8019
2,142989,33,0,0,33,33,4333,4374,1,4375
2,142989,121275,0,0,33,33,4333,1238,3675,4913
2,143072,8416,0,0,128,32,4471,5488,263,5751
2,143136,32,0,0,128,32,4473,5040,1,5041
2,143136,5728,0,0,32,32,4473,16000,1253,17253
2,143136,51552,0,0,32,32,4473,3430,1611,5041
2,143255,35,0,0,35,35,4093,4374,1,4375
2,143255,3185,0,0,35,35,4093,8192,1183,9375
2,143325,35,0,0,35,35,4095,4374,1,4375
2,143325,35,0,0,70,35,4095,31212,1,31213
2,143325,245,0,0,70,35,4095,6500,7,6507
2,143325,455,0,0,70,35,4095,4900,13,4913
2,143325,2975,0,0,35,35,4095,4374,85,4459
2,143325,3185,0,0,35,35,4095,8192,1183,9375
2,143325,12005,0,0,35,35,4095,12050,343,12393
2,143325,15435,0,0,35,35,4095,6656,3969,10625
2,143325,15925,0,0,70,35,4095,17408,2275,19683
2,143325,25305,0,0,35,35,4095,2744,2169,4913
2,143325,25305,0,0,35,35,4095,4802,723,5525
2,143325,59045,0,0,35,35,4095,109850,1687,111537
2,143325,75915,0,0,35,35,4095,64000,19521,83521
2,143360,64,0,0,64,32,4480,10368,7,10375
2,143360,128,0,0,128,32,4480,10368,7,10375
2,143385,33,0,0,33,33,4345,4374,1,4375
2,143385,33,0,0,33,33,4345,12166,1,12167
2,143385,33,0,0,33,33,4345,64000,9,64009
2,143385,33,0,0,33,33,4345,71874,1,71875
2,143385,33,0,0,132,33,4345,8624,1,8625
2,143385,1155,0,0,33,33,4345,14536,105,14641
2,143385,2607,0,0,33,33,4345,10240,869,11109
2,143385,2607,0,0,33,33,4345,12672,553,13225
2,143385,2607,0,0,33,33,4345,39366,79,39445
2,143385,11319,0,0,33,33,4345,29282,343,29625
2,143385,11979,0,0,33,33,4345,14536,1089,15625
2,143385,20625,0,0,33,33,4345,2464,3125,5589
2,143385,22275,0,0,33,33,4345,5566,675,6241
2,143385,31185,0,0,33,33,4345,2944,6615,9559
2,143385,43923,0,0,33,33,4345,3430,1331,4761
2,143385,54747,0,0,33,33,4345,3872,8295,12167
2,143385,54747,0,0,33,33,4345,10648,4977,15625
2,143385,61875,0,0,33,33,4345,616,5625,6241
2,143385,61875,0,0,33,33,4345,9016,5625,14641
2,143385,66825,0,0,33,33,4345,8,6075,6083
2,143385,72171,0,0,33,33,4345,11638,2187,13825
2,143385,103125,0,0,33,33,4345,184,9375,9559
2,143385,127743,0,0,33,33,4345,128,27097,27225
2,143456,50784,0,0,32,32,4483,35864,4761,40625
2,143456,143456,0,0,128,32,4483,80,4483,4563
2,143520,32,0,0,32,32,4485,14742,1,14743
2,143520,2912,0,0,32,32,4485,8192,1183,9375
2,143520,2912,0,0,32,32,4485,79488,637,80125
2,143520,5408,0,0,32,32,4485,5128,507,5635
2,143520,20000,0,0,32,32,4485,10368,4375,14743
2,143520,39200,0,0,32,32,4485,2208,6125,8333
2,143520,59616,0,0,32,32,4485,2744,5589,8333
2,143520,69984,0,0,32,32,4485,9464,6561,16025
