U,d,sigma1,sigma2,sigma3,r,t,e,a,b,n
2,7525,1,0,0,8,1,7525,12544,1,12545
2,7525,1,0,0,8,1,7525,16640,1,16641
2,7525,27,0,0,1,1,7525,24010,27,24037
2,7525,81,0,0,1,1,7525,8192,1053,9245
2,7525,91,0,0,1,1,7525,8192,1183,9375
2,7525,169,0,0,1,1,7525,25886,169,26055
2,7525,441,0,0,1,1,7525,33280,3969,37249
2,7525,1715,0,0,1,1,7525,59168,8575,67743
2,7525,2187,0,0,1,1,7525,1720,6561,8281
2,7525,3125,0,0,1,1,7525,6176,15625,21801
2,7525,5375,0,0,1,1,7525,80288,26875,107163
2,7533,4805,0,0,1,1,7533,32,24025,24057
2,7567,161,0,0,1,1,7567,39366,161,39527
2,7579,1,0,0,4,1,7579,41552,1,41553
2,7579,143,0,0,2,1,7579,9604,143,9747
2,7579,169,0,0,1,1,7579,19494,169,19663
2,7579,1083,0,0,1,1,7579,5632,9747,15379
2,7579,2401,0,0,1,1,7579,5618,2401,8019
2,7579,2401,0,0,1,1,7579,2432,16807,19239
2,7585,1,0,0,8,1,7585,11520,1,11521
2,7588,2,0,0,2,1,7588,64000,9,64009
2,7588,4,0,0,4,1,7588,64000,9,64009
2,7590,2,0,0,2,1,7590,64000,9,64009
2,7590,4,0,0,4,1,7590,64000,9,64009
2,7590,66,0,0,4,1,7590,60736,99,60835
2,7593,1,0,0,2,1,7593,10124,1,10125
2,7623,1,0,0,4,1,7623,14640,1,14641
2,7623,9,0,0,1,1,7623,10648,27,10675
2,7623,9,0,0,8,1,7623,15616,9,15625
2,7623,1875,0,0,1,1,7623,7442,1875,9317
2,7623,3355,0,0,1,1,7623,32,16775,16807
2,7635,243,0,0,1,1,7635,25088,2187,27275
2,7653,2551,0,0,2,1,7653,1024,12755,13779
2,7657,13,0,0,1,1,7657,11178,13,11191
2,7657,351,0,0,1,1,7657,18944,3159,22103
2,7663,7,0,0,1,1,7663,10658,7,10665
2,7663,81,0,0,1,1,7663,42632,243,42875
2,7663,365,0,0,1,1,7663,7584,1825,9409
2,7663,7081,0,0,1,1,7663,632,21243,21875
2,7665,1,0,0,2,1,7665,19844,1,19845
2,7665,1,0,0,2,1,7665,142884,1,142885
2,7665,1,0,0,4,1,7665,17424,1,17425
2,7665,7,0,0,2,1,7665,11972,7,11979
2,7665,9,0,0,1,1,7665,13448,27,13475
2,7665,41,0,0,1,1,7665,81634,41,81675
2,7665,41,0,0,1,1,7665,131072,697,131769
2,7665,81,0,0,1,1,7665,42632,243,42875
2,7665,219,0,0,1,1,7665,9826,219,10045
2,7665,289,0,0,1,1,7665,19208,867,20075
2,7665,289,0,0,1,1,7665,24750,289,25039
2,7665,289,0,0,1,1,7665,39424,2601,42025
2,7665,365,0,0,1,1,7665,5248,2555,7803
2,7665,539,0,0,1,1,7665,10086,539,10625
2,7665,697,0,0,1,1,7665,2560,6273,8833
2,7665,729,0,0,1,1,7665,20440,2187,22627
2,7665,847,0,0,1,1,7665,20250,847,21097
2,7665,891,0,0,1,1,7665,2048,9801,11849
2,7665,1331,0,0,1,1,7665,53290,1331,54621
2,7665,1617,0,0,1,1,7665,186880,14553,201433
2,7665,1681,0,0,1,1,7665,49000,5043,54043
2,7665,1815,0,0,1,1,7665,8704,16335,25039
2,7665,2125,0,0,1,1,7665,42592,10625,53217
2,7665,2401,0,0,1,1,7665,11250,2401,13651
2,7665,2401,0,0,1,1,7665,31974,2401,34375
2,7665,2583,0,0,1,1,7665,6250,2583,8833
2,7665,2835,0,0,1,1,7665,328,8505,8833
2,7665,3125,0,0,1,1,7665,5984,15625,21609
2,7665,3321,0,0,1,1,7665,128,23247,23375
2,7665,3675,0,0,1,1,7665,23944,11025,34969
2,7665,3773,0,0,1,1,7665,54400,26411,80811
2,7665,4913,0,0,1,1,7665,16038,4913,20951
2,7665,4913,0,0,1,1,7665,92250,4913,97163
2,7665,5329,0,0,1,1,7665,4046,5329,9375
2,7665,5913,0,0,1,1,7665,2662,5913,8575
2,7665,5929,0,0,1,1,7665,31250,5929,37179
2,7665,6125,0,0,1,1,7665,15744,42875,58619
2,7665,6561,0,0,1,1,7665,392,19683,20075
2,7665,6885,0,0,1,1,7665,9922,6885,16807
2,7683,243,0,0,1,1,7683,20882,243,21125
2,7683,507,0,0,1,1,7683,77618,507,78125
2,7683,841,0,0,1,1,7683,73034,841,73875
2,7683,1431,0,0,1,1,7683,29000,4293,33293
2,7693,1099,0,0,1,1,7693,2432,7693,10125
2,7693,2375,0,0,1,1,7693,32,11875,11907
2,7695,43,0,0,1,1,7695,64082,43,64125
2,7695,3125,0,0,1,1,7695,16416,15625,32041
2,7695,6859,0,0,1,1,7695,39366,6859,46225
2,7705,7,0,0,1,1,7705,8576,49,8625
2,7705,49,0,0,1,1,7705,8832,343,9175
2,7705,1875,0,0,1,1,7705,6566,1875,8441
2,7705,5589,0,0,1,1,7705,40,16767,16807
2,7714,38,0,0,4,1,7714,41152,57,41209
2,7719,6889,0,0,1,1,7719,3038,6889,9927
2,7720,10,0,0,2,1,7720,23328,25,23353
2,7720,20,0,0,4,1,7720,23328,25,23353
2,7731,2187,0,0,1,1,7731,2888,6561,9449
2,7733,1,0,0,1,1,7733,68782,1,68783
2,7733,11,0,0,2,1,7733,16796,11,16807
2,7733,11,0,0,4,1,7733,26000,11,26011
2,7733,17,0,0,1,1,7733,11858,17,11875
2,7733,35,0,0,1,1,7733,83486,35,83521
2,7733,85,0,0,1,1,7733,80864,425,81289
2,7733,121,0,0,1,1,7733,11830,121,11951
2,7733,539,0,0,1,1,7733,80750,539,81289
2,7733,1331,0,0,1,1,7733,13034,1331,14365
2,7733,1369,0,0,1,1,7733,9248,6845,16093
2,7733,3179,0,0,1,1,7733,25382,3179,28561
2,7733,3553,0,0,1,1,7733,32,17765,17797
2,7733,6875,0,0,1,1,7733,1406,6875,8281
2,7735,1,0,0,2,1,7735,31212,1,31213
2,7735,1,0,0,4,1,7735,28560,1,28561
2,7735,17,0,0,2,1,7735,51580,17,51597
2,7735,91,0,0,1,1,7735,8192,1183,9375
2,7735,91,0,0,4,1,7735,23120,91,23211
2,7735,351,0,0,1,1,7735,17000,1053,18053
2,7735,441,0,0,1,1,7735,6656,3969,10625
2,7735,455,0,0,2,1,7735,17408,2275,19683
2,7735,625,0,0,1,1,7735,43218,625,43843
2,7743,29,0,0,1,1,7743,7776,145,7921
2,7743,89,0,0,2,1,7743,24300,89,24389
2,7747,1,0,0,8,1,7747,16128,1,16129
2,7795,3125,0,0,1,1,7795,24334,3125,27459
2,7803,243,0,0,1,1,7803,49000,729,49729
2,7803,425,0,0,1,1,7803,7136,2125,9261
2,7810,2,0,0,2,1,7810,17248,5,17253
2,7810,4,0,0,4,1,7810,17248,5,17253
2,7828,3914,0,0,2,1,7828,512,17613,18125
2,7828,7828,0,0,4,1,7828,512,17613,18125
2,7830,58,0,0,2,1,7830,7776,145,7921
2,7830,116,0,0,4,1,7830,7776,145,7921
2,7843,1,0,0,1,1,7843,64000,9,64009
2,7843,1,0,0,1,1,7843,71874,1,71875
2,7843,2511,0,0,1,1,7843,11776,22599,34375
2,7843,4805,0,0,1,1,7843,32,24025,24057
2,7845,1,0,0,1,1,7845,48734,1,48735
2,7845,2187,0,0,1,1,7845,18050,2187,20237
2,7845,2375,0,0,1,1,7845,32,11875,11907
2,7845,4707,0,0,1,1,7845,512,42363,42875
2,7845,6859,0,0,1,1,7845,14750,6859,21609
2,7863,2621,0,0,4,1,7863,75504,2621,78125
2,7885,5,0,0,1,1,7885,29216,25,29241
2,7885,675,0,0,1,1,7885,12616,2025,14641
2,7885,1195,0,0,1,1,7885,13446,1195,14641
2,7885,6859,0,0,1,1,7885,13310,6859,20169
2,7885,6859,0,0,1,1,7885,311250,6859,318109
2,7887,3,0,0,1,1,7887,30592,21,30613
2,7903,7,0,0,4,1,7903,34992,7,34999
2,7903,1129,0,0,2,1,7903,23436,1129,24565
2,7903,1225,0,0,1,1,7903,384,8575,8959
2,7903,2401,0,0,1,1,7903,128,16807,16935
2,7903,2511,0,0,1,1,7903,33614,2511,36125
2,7905,31,0,0,2,1,7905,19652,31,19683
2,7915,9,0,0,1,1,7915,21866,9,21875
2,7915,29,0,0,1,1,7915,39546,29,39575
2,7915,91,0,0,1,1,7915,8192,1183,9375
2,7915,135,0,0,1,1,7915,8192,1755,9947
2,7915,1583,0,0,1,1,7915,2560,14247,16807
2,7915,1583,0,0,2,1,7915,84100,1583,85683
2,7915,2197,0,0,1,1,7915,96,10985,11081
2,7915,3625,0,0,1,1,7915,13182,3625,16807
2,7918,74,0,0,4,1,7918,11264,185,11449
2,7918,148,0,0,8,1,7918,11264,185,11449
2,7929,121,0,0,1,1,7929,16686,121,16807
2,7953,111,0,0,1,1,7953,14792,333,15125
2,7953,1849,0,0,1,1,7953,17834,1849,19683
2,7953,6507,0,0,1,1,7953,2738,6507,9245
2,7959,343,0,0,1,1,7959,143298,343,143641
2,7973,121,0,0,1,1,7973,9826,121,9947
2,7973,3283,0,0,1,1,7973,1408,22981,24389
2,7973,4913,0,0,1,1,7973,4802,4913,9715
2,7993,7993,0,0,2,1,7993,2132,7993,10125
2,7995,3125,0,0,1,1,7995,61952,28125,90077
2,7995,4225,0,0,1,1,7995,5816,12675,18491
2,7999,1,0,0,8,1,7999,16128,1,16129
2,8001,1,0,0,8,1,8001,16128,1,16129
2,15050,2,0,0,16,2,7525,12544,1,12545
2,15050,2,0,0,16,2,7525,16640,1,16641
2,15050,54,0,0,2,2,7525,24010,27,24037
2,15050,162,0,0,2,2,7525,8192,1053,9245
2,15050,182,0,0,2,2,7525,8192,1183,9375
2,15050,338,0,0,2,2,7525,25886,169,26055
2,15050,882,0,0,2,2,7525,33280,3969,37249
2,15050,3430,0,0,2,2,7525,59168,8575,67743
2,15050,4374,0,0,2,2,7525,1720,6561,8281
2,15050,6250,0,0,2,2,7525,6176,15625,21801
2,15050,10750,0,0,2,2,7525,80288,26875,107163
2,15066,9610,0,0,2,2,7533,32,24025,24057
2,15134,322,0,0,2,2,7567,39366,161,39527
2,15158,2,0,0,8,2,7579,41552,1,41553
2,15158,286,0,0,4,2,7579,9604,143,9747
2,15158,338,0,0,2,2,7579,19494,169,19663
2,15158,2166,0,0,2,2,7579,5632,9747,15379
2,15158,4802,0,0,2,2,7579,5618,2401,8019
2,15158,4802,0,0,2,2,7579,2432,16807,19239
2,15170,2,0,0,16,2,7585,11520,1,11521
2,15176,4,0,0,4,2,7588,64000,9,64009
2,15176,8,0,0,8,2,7588,64000,9,64009
2,15180,4,0,0,4,2,7590,64000,9,64009
2,15180,8,0,0,8,2,7590,64000,9,64009
2,15180,132,0,0,8,2,7590,60736,99,60835
2,15186,2,0,0,4,2,7593,10124,1,10125
2,15246,2,0,0,8,2,7623,14640,1,14641
2,15246,18,0,0,2,2,7623,10648,27,10675
2,15246,18,0,0,16,2,7623,15616,9,15625
2,15246,3750,0,0,2,2,7623,7442,1875,9317
2,15246,6710,0,0,2,2,7623,32,16775,16807
2,15270,486,0,0,2,2,7635,25088,2187,27275
2,15306,5102,0,0,4,2,7653,1024,12755,13779
2,15314,26,0,0,2,2,7657,11178,13,11191
2,15314,702,0,0,2,2,7657,18944,3159,22103
2,15326,14,0,0,2,2,7663,10658,7,10665
2,15326,162,0,0,2,2,7663,42632,243,42875
2,15326,730,0,0,2,2,7663,7584,1825,9409
2,15326,14162,0,0,2,2,7663,632,21243,21875
2,15330,2,0,0,4,2,7665,19844,1,19845
2,15330,2,0,0,4,2,7665,142884,1,142885
2,15330,2,0,0,8,2,7665,17424,1,17425
2,15330,14,0,0,4,2,7665,11972,7,11979
2,15330,18,0,0,2,2,7665,13448,27,13475
2,15330,82,0,0,2,2,7665,81634,41,81675
2,15330,82,0,0,2,2,7665,131072,697,131769
2,15330,162,0,0,2,2,7665,42632,243,42875
2,15330,438,0,0,2,2,7665,9826,219,10045
2,15330,578,0,0,2,2,7665,19208,867,20075
2,15330,578,0,0,2,2,7665,24750,289,25039
2,15330,578,0,0,2,2,7665,39424,2601,42025
2,15330,730,0,0,2,2,7665,5248,2555,7803
2,15330,1078,0,0,2,2,7665,10086,539,10625
2,15330,1394,0,0,2,2,7665,2560,6273,8833
2,15330,1458,0,0,2,2,7665,20440,2187,22627
2,15330,1694,0,0,2,2,7665,20250,847,21097
2,15330,1782,0,0,2,2,7665,2048,9801,11849
2,15330,2662,0,0,2,2,7665,53290,1331,54621
2,15330,3234,0,0,2,2,7665,186880,14553,201433
2,15330,3362,0,0,2,2,7665,49000,5043,54043
2,15330,3630,0,0,2,2,7665,8704,16335,25039
2,15330,4250,0,0,2,2,7665,42592,10625,53217
2,15330,4802,0,0,2,2,7665,11250,2401,13651
2,15330,4802,0,0,2,2,7665,31974,2401,34375
2,15330,5166,0,0,2,2,7665,6250,2583,8833
2,15330,5670,0,0,2,2,7665,328,8505,8833
2,15330,6250,0,0,2,2,7665,5984,15625,21609
2,15330,6642,0,0,2,2,7665,128,23247,23375
2,15330,7350,0,0,2,2,7665,23944,11025,34969
2,15330,7546,0,0,2,2,7665,54400,26411,80811
2,15330,9826,0,0,2,2,7665,16038,4913,20951
2,15330,9826,0,0,2,2,7665,92250,4913,97163
2,15330,10658,0,0,2,2,7665,4046,5329,9375
2,15330,11826,0,0,2,2,7665,2662,5913,8575
2,15330,11858,0,0,2,2,7665,31250,5929,37179
2,15330,12250,0,0,2,2,7665,15744,42875,58619
2,15330,13122,0,0,2,2,7665,392,19683,20075
2,15330,13770,0,0,2,2,7665,9922,6885,16807
2,15366,486,0,0,2,2,7683,20882,243,21125
2,15366,1014,0,0,2,2,7683,77618,507,78125
2,15366,1682,0,0,2,2,7683,73034,841,73875
2,15366,2862,0,0,2,2,7683,29000,4293,33293
2,15386,2198,0,0,2,2,7693,2432,7693,10125
2,15386,4750,0,0,2,2,7693,32,11875,11907
2,15390,86,0,0,2,2,7695,64082,43,64125
2,15390,6250,0,0,2,2,7695,16416,15625,32041
2,15390,13718,0,0,2,2,7695,39366,6859,46225
2,15410,14,0,0,2,2,7705,8576,49,8625
2,15410,98,0,0,2,2,7705,8832,343,9175
2,15410,3750,0,0,2,2,7705,6566,1875,8441
2,15410,11178,0,0,2,2,7705,40,16767,16807
2,15428,76,0,0,8,2,7714,41152,57,41209
2,15438,13778,0,0,2,2,7719,3038,6889,9927
2,15440,20,0,0,4,2,7720,23328,25,23353
2,15440,40,0,0,8,2,7720,23328,25,23353
2,15462,4374,0,0,2,2,7731,2888,6561,9449
2,15466,2,0,0,2,2,7733,68782,1,68783
2,15466,22,0,0,4,2,7733,16796,11,16807
2,15466,22,0,0,8,2,7733,26000,11,26011
2,15466,34,0,0,2,2,7733,11858,17,11875
2,15466,70,0,0,2,2,7733,83486,35,83521
2,15466,170,0,0,2,2,7733,80864,425,81289
2,15466,242,0,0,2,2,7733,11830,121,11951
2,15466,1078,0,0,2,2,7733,80750,539,81289
2,15466,2662,0,0,2,2,7733,13034,1331,14365
2,15466,2738,0,0,2,2,7733,9248,6845,16093
2,15466,6358,0,0,2,2,7733,25382,3179,28561
2,15466,7106,0,0,2,2,7733,32,17765,17797
2,15466,13750,0,0,2,2,7733,1406,6875,8281
2,15470,2,0,0,4,2,7735,31212,1,31213
2,15470,2,0,0,8,2,7735,28560,1,28561
2,15470,34,0,0,4,2,7735,51580,17,51597
2,15470,182,0,0,2,2,7735,8192,1183,9375
2,15470,182,0,0,8,2,7735,23120,91,23211
2,15470,702,0,0,2,2,7735,17000,1053,18053
2,15470,882,0,0,2,2,7735,6656,3969,10625
2,15470,910,0,0,4,2,7735,17408,2275,19683
2,15470,1250,0,0,2,2,7735,43218,625,43843
2,15486,58,0,0,2,2,7743,7776,145,7921
2,15486,178,0,0,4,2,7743,24300,89,24389
2,15494,2,0,0,16,2,7747,16128,1,16129
2,15590,6250,0,0,2,2,7795,24334,3125,27459
2,15606,486,0,0,2,2,7803,49000,729,49729
2,15606,850,0,0,2,2,7803,7136,2125,9261
2,15620,4,0,0,4,2,7810,17248,5,17253
2,15620,8,0,0,8,2,7810,17248,5,17253
2,15656,7828,0,0,4,2,7828,512,17613,18125
2,15656,15656,0,0,8,2,7828,512,17613,18125
2,15660,116,0,0,4,2,7830,7776,145,7921
2,15660,232,0,0,8,2,7830,7776,145,7921
2,15686,2,0,0,2,2,7843,64000,9,64009
2,15686,2,0,0,2,2,7843,71874,1,71875
2,15686,5022,0,0,2,2,7843,11776,22599,34375
2,15686,9610,0,0,2,2,7843,32,24025,24057
2,15690,2,0,0,2,2,7845,48734,1,48735
2,15690,4374,0,0,2,2,7845,18050,2187,20237
2,15690,4750,0,0,2,2,7845,32,11875,11907
2,15690,9414,0,0,2,2,7845,512,42363,42875
2,15690,13718,0,0,2,2,7845,14750,6859,21609
2,15726,5242,0,0,8,2,7863,75504,2621,78125
2,15770,10,0,0,2,2,7885,29216,25,29241
2,15770,1350,0,0,2,2,7885,12616,2025,14641
2,15770,2390,0,0,2,2,7885,13446,1195,14641
2,15770,13718,0,0,2,2,7885,13310,6859,20169
2,15770,13718,0,0,2,2,7885,311250,6859,318109
2,15774,6,0,0,2,2,7887,30592,21,30613
2,15806,14,0,0,8,2,7903,34992,7,34999
2,15806,2258,0,0,4,2,7903,23436,1129,24565
2,15806,2450,0,0,2,2,7903,384,8575,8959
2,15806,4802,0,0,2,2,7903,128,16807,16935
2,15806,5022,0,0,2,2,7903,33614,2511,36125
2,15810,62,0,0,4,2,7905,19652,31,19683
2,15830,18,0,0,2,2,7915,21866,9,21875
2,15830,58,0,0,2,2,7915,39546,29,39575
2,15830,182,0,0,2,2,7915,8192,1183,9375
2,15830,270,0,0,2,2,7915,8192,1755,9947
2,15830,3166,0,0,2,2,7915,2560,14247,16807
2,15830,3166,0,0,4,2,7915,84100,1583,85683
2,15830,4394,0,0,2,2,7915,96,10985,11081
2,15830,7250,0,0,2,2,7915,13182,3625,16807
2,15836,148,0,0,8,2,7918,11264,185,11449
2,15836,296,0,0,16,2,7918,11264,185,11449
2,15858,242,0,0,2,2,7929,16686,121,16807
2,15906,222,0,0,2,2,7953,14792,333,15125
2,15906,3698,0,0,2,2,7953,17834,1849,19683
2,15906,13014,0,0,2,2,7953,2738,6507,9245
2,15918,686,0,0,2,2,7959,143298,343,143641
2,15946,242,0,0,2,2,7973,9826,121,9947
2,15946,6566,0,0,2,2,7973,1408,22981,24389
2,15946,9826,0,0,2,2,7973,4802,4913,9715
2,15986,15986,0,0,4,2,7993,2132,7993,10125
2,15990,6250,0,0,2,2,7995,61952,28125,90077
2,15990,8450,0,0,2,2,7995,5816,12675,18491
2,15998,2,0,0,16,2,7999,16128,1,16129
2,16002,2,0,0,16,2,8001,16128,1,16129
2,22575,3,0,0,24,3,7525,12544,1,12545
2,22575,3,0,0,24,3,7525,16640,1,16641
2,22575,81,0,0,3,3,7525,24010,27,24037
2,22575,243,0,0,3,3,7525,8192,1053,9245
2,22575,273,0,0,3,3,7525,8192,1183,9375
2,22575,507,0,0,3,3,7525,25886,169,26055
2,22575,1323,0,0,3,3,7525,33280,3969,37249
2,22575,5145,0,0,3,3,7525,59168,8575,67743
2,22575,6561,0,0,3,3,7525,1720,6561,8281
2,22575,9375,0,0,3,3,7525,6176,15625,21801
2,22575,16125,0,0,3,3,7525,80288,26875,107163
2,22599,14415,0,0,3,3,7533,32,24025,24057
2,22701,483,0,0,3,3,7567,39366,161,39527
2,22737,3,0,0,12,3,7579,41552,1,41553
2,22737,429,0,0,6,3,7579,9604,143,9747
2,22737,507,0,0,3,3,7579,19494,169,19663
2,22737,3249,0,0,3,3,7579,5632,9747,15379
2,22737,7203,0,0,3,3,7579,5618,2401,8019
2,22737,7203,0,0,3,3,7579,2432,16807,19239
2,22755,3,0,0,24,3,7585,11520,1,11521
2,22764,6,0,0,6,3,7588,64000,9,64009
2,22764,12,0,0,12,3,7588,64000,9,64009
2,22770,6,0,0,6,3,7590,64000,9,64009
2,22770,12,0,0,12,3,7590,64000,9,64009
2,22770,198,0,0,12,3,7590,60736,99,60835
2,22779,3,0,0,6,3,7593,10124,1,10125
2,22869,3,0,0,12,3,7623,14640,1,14641
2,22869,27,0,0,3,3,7623,10648,27,10675
2,22869,27,0,0,24,3,7623,15616,9,15625
2,22869,5625,0,0,3,3,7623,7442,1875,9317
2,22869,10065,0,0,3,3,7623,32,16775,16807
2,22905,729,0,0,3,3,7635,25088,2187,27275
2,22959,7653,0,0,6,3,7653,1024,12755,13779
2,22971,39,0,0,3,3,7657,11178,13,11191
2,22971,1053,0,0,3,3,7657,18944,3159,22103
2,22989,21,0,0,3,3,7663,10658,7,10665
2,22989,243,0,0,3,3,7663,42632,243,42875
2,22989,1095,0,0,3,3,7663,7584,1825,9409
2,22989,21243,0,0,3,3,7663,632,21243,21875
2,22995,3,0,0,6,3,7665,19844,1,19845
2,22995,3,0,0,6,3,7665,142884,1,142885
2,22995,3,0,0,12,3,7665,17424,1,17425
2,22995,21,0,0,6,3,7665,11972,7,11979
2,22995,27,0,0,3,3,7665,13448,27,13475
2,22995,123,0,0,3,3,7665,81634,41,81675
2,22995,123,0,0,3,3,7665,131072,697,131769
2,22995,243,0,0,3,3,7665,42632,243,42875
2,22995,657,0,0,3,3,7665,9826,219,10045
2,22995,867,0,0,3,3,7665,19208,867,20075
2,22995,867,0,0,3,3,7665,24750,289,25039
2,22995,867,0,0,3,3,7665,39424,2601,42025
2,22995,1095,0,0,3,3,7665,5248,2555,7803
2,22995,1617,0,0,3,3,7665,10086,539,10625
2,22995,2091,0,0,3,3,7665,2560,6273,8833
2,22995,2187,0,0,3,3,7665,20440,2187,22627
2,22995,2541,0,0,3,3,7665,20250,847,21097
2,22995,2673,0,0,3,3,7665,2048,9801,11849
2,22995,3993,0,0,3,3,7665,53290,1331,54621
2,22995,4851,0,0,3,3,7665,186880,14553,201433
2,22995,5043,0,0,3,3,7665,49000,5043,54043
2,22995,5445,0,0,3,3,7665,8704,16335,25039
2,22995,6375,0,0,3,3,7665,42592,10625,53217
2,22995,7203,0,0,3,3,7665,11250,2401,13651
2,22995,7203,0,0,3,3,7665,31974,2401,34375
2,22995,7749,0,0,3,3,7665,6250,2583,8833
2,22995,8505,0,0,3,3,7665,328,8505,8833
2,22995,9375,0,0,3,3,7665,5984,15625,21609
2,22995,9963,0,0,3,3,7665,128,23247,23375
2,22995,11025,0,0,3,3,7665,23944,11025,34969
2,22995,11319,0,0,3,3,7665,54400,26411,80811
2,22995,14739,0,0,3,3,7665,16038,4913,20951
2,22995,14739,0,0,3,3,7665,92250,4913,97163
2,22995,15987,0,0,3,3,7665,4046,5329,9375
2,22995,17739,0,0,3,3,7665,2662,5913,8575
2,22995,17787,0,0,3,3,7665,31250,5929,37179
2,22995,18375,0,0,3,3,7665,15744,42875,58619
2,22995,19683,0,0,3,3,7665,392,19683,20075
2,22995,20655,0,0,3,3,7665,9922,6885,16807
2,23049,729,0,0,3,3,7683,20882,243,21125
2,23049,1521,0,0,3,3,7683,77618,507,78125
2,23049,2523,0,0,3,3,7683,73034,841,73875
2,23049,4293,0,0,3,3,7683,29000,4293,33293
2,23079,3297,0,0,3,3,7693,2432,7693,10125
2,23079,7125,0,0,3,3,7693,32,11875,11907
2,23085,129,0,0,3,3,7695,64082,43,64125
2,23085,9375,0,0,3,3,7695,16416,15625,32041
2,23085,20577,0,0,3,3,7695,39366,6859,46225
2,23115,21,0,0,3,3,7705,8576,49,8625
2,23115,147,0,0,3,3,7705,8832,343,9175
2,23115,5625,0,0,3,3,7705,6566,1875,8441
2,23115,16767,0,0,3,3,7705,40,16767,16807
2,23142,114,0,0,12,3,7714,41152,57,41209
2,23157,20667,0,0,3,3,7719,3038,6889,9927
2,23160,30,0,0,6,3,7720,23328,25,23353
2,23160,60,0,0,12,3,7720,23328,25,23353
2,23193,6561,0,0,3,3,7731,2888,6561,9449
2,23199,3,0,0,3,3,7733,68782,1,68783
2,23199,33,0,0,6,3,7733,16796,11,16807
2,23199,33,0,0,12,3,7733,26000,11,26011
2,23199,51,0,0,3,3,7733,11858,17,11875
2,23199,105,0,0,3,3,7733,83486,35,83521
2,23199,255,0,0,3,3,7733,80864,425,81289
2,23199,363,0,0,3,3,7733,11830,121,11951
2,23199,1617,0,0,3,3,7733,80750,539,81289
2,23199,3993,0,0,3,3,7733,13034,1331,14365
2,23199,4107,0,0,3,3,7733,9248,6845,16093
2,23199,9537,0,0,3,3,7733,25382,3179,28561
2,23199,10659,0,0,3,3,7733,32,17765,17797
2,23199,20625,0,0,3,3,7733,1406,6875,8281
2,23205,3,0,0,6,3,7735,31212,1,31213
2,23205,3,0,0,12,3,7735,28560,1,28561
2,23205,51,0,0,6,3,7735,51580,17,51597
2,23205,273,0,0,3,3,7735,8192,1183,9375
2,23205,273,0,0,12,3,7735,23120,91,23211
2,23205,1053,0,0,3,3,7735,17000,1053,18053
2,23205,1323,0,0,3,3,7735,6656,3969,10625
2,23205,1365,0,0,6,3,7735,17408,2275,19683
2,23205,1875,0,0,3,3,7735,43218,625,43843
2,23229,87,0,0,3,3,7743,7776,145,7921
2,23229,267,0,0,6,3,7743,24300,89,24389
2,23241,3,0,0,24,3,7747,16128,1,16129
2,23385,9375,0,0,3,3,7795,24334,3125,27459
2,23409,729,0,0,3,3,7803,49000,729,49729
2,23409,1275,0,0,3,3,7803,7136,2125,9261
2,23430,6,0,0,6,3,7810,17248,5,17253
2,23430,12,0,0,12,3,7810,17248,5,17253
2,23484,11742,0,0,6,3,7828,512,17613,18125
2,23484,23484,0,0,12,3,7828,512,17613,18125
2,23490,174,0,0,6,3,7830,7776,145,7921
2,23490,348,0,0,12,3,7830,7776,145,7921
2,23529,3,0,0,3,3,7843,64000,9,64009
2,23529,3,0,0,3,3,7843,71874,1,71875
2,23529,7533,0,0,3,3,7843,11776,22599,34375
2,23529,14415,0,0,3,3,7843,32,24025,24057
2,23535,3,0,0,3,3,7845,48734,1,48735
2,23535,6561,0,0,3,3,7845,18050,2187,20237
2,23535,7125,0,0,3,3,7845,32,11875,11907
2,23535,14121,0,0,3,3,7845,512,42363,42875
2,23535,20577,0,0,3,3,7845,14750,6859,21609
2,23589,7863,0,0,12,3,7863,75504,2621,78125
2,23655,15,0,0,3,3,7885,29216,25,29241
2,23655,2025,0,0,3,3,7885,12616,2025,14641
2,23655,3585,0,0,3,3,7885,13446,1195,14641
2,23655,20577,0,0,3,3,7885,13310,6859,20169
2,23655,20577,0,0,3,3,7885,311250,6859,318109
2,23661,9,0,0,3,3,7887,30592,21,30613
2,23709,21,0,0,12,3,7903,34992,7,34999
2,23709,3387,0,0,6,3,7903,23436,1129,24565
2,23709,3675,0,0,3,3,7903,384,8575,8959
2,23709,7203,0,0,3,3,7903,128,16807,16935
2,23709,7533,0,0,3,3,7903,33614,2511,36125
2,23715,93,0,0,6,3,7905,19652,31,19683
2,23745,27,0,0,3,3,7915,21866,9,21875
2,23745,87,0,0,3,3,7915,39546,29,39575
2,23745,273,0,0,3,3,7915,8192,1183,9375
2,23745,405,0,0,3,3,7915,8192,1755,9947
2,23745,4749,0,0,3,3,7915,2560,14247,16807
2,23745,4749,0,0,6,3,7915,84100,1583,85683
2,23745,6591,0,0,3,3,7915,96,10985,11081
2,23745,10875,0,0,3,3,7915,13182,3625,16807
2,23754,222,0,0,12,3,7918,11264,185,11449
2,23754,444,0,0,24,3,7918,11264,185,11449
2,23787,363,0,0,3,3,7929,16686,121,16807
2,23859,333,0,0,3,3,7953,14792,333,15125
2,23859,5547,0,0,3,3,7953,17834,1849,19683
2,23859,19521,0,0,3,3,7953,2738,6507,9245
2,23877,1029,0,0,3,3,7959,143298,343,143641
2,23919,363,0,0,3,3,7973,9826,121,9947
2,23919,9849,0,0,3,3,7973,1408,22981,24389
2,23919,14739,0,0,3,3,7973,4802,4913,9715
2,23979,23979,0,0,6,3,7993,2132,7993,10125
2,23985,9375,0,0,3,3,7995,61952,28125,90077
2,23985,12675,0,0,3,3,7995,5816,12675,18491
2,23997,3,0,0,24,3,7999,16128,1,16129
2,24003,3,0,0,24,3,8001,16128,1,16129
2,30100,4,0,0,32,4,7525,12544,1,12545
2,30100,4,0,0,32,4,7525,16640,1,16641
2,30100,108,0,0,4,4,7525,24010,27,24037
2,30100,324,0,0,4,4,7525,8192,1053,9245
2,30100,364,0,0,4,4,7525,8192,1183,9375
2,30100,676,0,0,4,4,7525,25886,169,26055
2,30100,1764,0,0,4,4,7525,33280,3969,37249
2,30100,6860,0,0,4,4,7525,59168,8575,67743
2,30100,8748,0,0,4,4,7525,1720,6561,8281
2,30100,12500,0,0,4,4,7525,6176,15625,21801
2,30100,21500,0,0,4,4,7525,80288,26875,107163
2,30132,19220,0,0,4,4,7533,32,24025,24057
2,30268,644,0,0,4,4,7567,39366,161,39527
2,30316,4,0,0,16,4,7579,41552,1,41553
2,30316,572,0,0,8,4,7579,9604,143,9747
2,30316,676,0,0,4,4,7579,19494,169,19663
2,30316,4332,0,0,4,4,7579,5632,9747,15379
2,30316,9604,0,0,4,4,7579,5618,2401,8019
2,30316,9604,0,0,4,4,7579,2432,16807,19239
2,30340,4,0,0,32,4,7585,11520,1,11521
2,30352,8,0,0,8,4,7588,64000,9,64009
2,30352,16,0,0,16,4,7588,64000,9,64009
2,30360,8,0,0,8,4,7590,64000,9,64009
2,30360,16,0,0,16,4,7590,64000,9,64009
2,30360,264,0,0,16,4,7590,60736,99,60835
2,30372,4,0,0,8,4,7593,10124,1,10125
2,30492,4,0,0,16,4,7623,14640,1,14641
2,30492,36,0,0,4,4,7623,10648,27,10675
2,30492,36,0,0,32,4,7623,15616,9,15625
2,30492,7500,0,0,4,4,7623,7442,1875,9317
2,30492,13420,0,0,4,4,7623,32,16775,16807
2,30540,972,0,0,4,4,7635,25088,2187,27275
2,30612,10204,0,0,8,4,7653,1024,12755,13779
2,30628,52,0,0,4,4,7657,11178,13,11191
2,30628,1404,0,0,4,4,7657,18944,3159,22103
2,30652,28,0,0,4,4,7663,10658,7,10665
2,30652,324,0,0,4,4,7663,42632,243,42875
2,30652,1460,0,0,4,4,7663,7584,1825,9409
2,30652,28324,0,0,4,4,7663,632,21243,21875
2,30660,4,0,0,8,4,7665,19844,1,19845
2,30660,4,0,0,8,4,7665,142884,1,142885
2,30660,4,0,0,16,4,7665,17424,1,17425
2,30660,28,0,0,8,4,7665,11972,7,11979
2,30660,36,0,0,4,4,7665,13448,27,13475
2,30660,164,0,0,4,4,7665,81634,41,81675
2,30660,164,0,0,4,4,7665,131072,697,131769
2,30660,324,0,0,4,4,7665,42632,243,42875
2,30660,876,0,0,4,4,7665,9826,219,10045
2,30660,1156,0,0,4,4,7665,19208,867,20075
2,30660,1156,0,0,4,4,7665,24750,289,25039
2,30660,1156,0,0,4,4,7665,39424,2601,42025
2,30660,1460,0,0,4,4,7665,5248,2555,7803
2,30660,2156,0,0,4,4,7665,10086,539,10625
2,30660,2788,0,0,4,4,7665,2560,6273,8833
2,30660,2916,0,0,4,4,7665,20440,2187,22627
2,30660,3388,0,0,4,4,7665,20250,847,21097
2,30660,3564,0,0,4,4,7665,2048,9801,11849
2,30660,5324,0,0,4,4,7665,53290,1331,54621
2,30660,6468,0,0,4,4,7665,186880,14553,201433
2,30660,6724,0,0,4,4,7665,49000,5043,54043
2,30660,7260,0,0,4,4,7665,8704,16335,25039
2,30660,8500,0,0,4,4,7665,42592,10625,53217
2,30660,9604,0,0,4,4,7665,11250,2401,13651
2,30660,9604,0,0,4,4,7665,31974,2401,34375
2,30660,10332,0,0,4,4,7665,6250,2583,8833
2,30660,11340,0,0,4,4,7665,328,8505,8833
2,30660,12500,0,0,4,4,7665,5984,15625,21609
2,30660,13284,0,0,4,4,7665,128,23247,23375
2,30660,14700,0,0,4,4,7665,23944,11025,34969
2,30660,15092,0,0,4,4,7665,54400,26411,80811
2,30660,19652,0,0,4,4,7665,16038,4913,20951
2,30660,19652,0,0,4,4,7665,92250,4913,97163
2,30660,21316,0,0,4,4,7665,4046,5329,9375
2,30660,23652,0,0,4,4,7665,2662,5913,8575
2,30660,23716,0,0,4,4,7665,31250,5929,37179
2,30660,24500,0,0,4,4,7665,15744,42875,58619
2,30660,26244,0,0,4,4,7665,392,19683,20075
2,30660,27540,0,0,4,4,7665,9922,6885,16807
2,30732,972,0,0,4,4,7683,20882,243,21125
2,30732,2028,0,0,4,4,7683,77618,507,78125
2,30732,3364,0,0,4,4,7683,73034,841,73875
2,30732,5724,0,0,4,4,7683,29000,4293,33293
2,30772,4396,0,0,4,4,7693,2432,7693,10125
2,30772,9500,0,0,4,4,7693,32,11875,11907
2,30780,172,0,0,4,4,7695,64082,43,64125
2,30780,12500,0,0,4,4,7695,16416,15625,32041
2,30780,27436,0,0,4,4,7695,39366,6859,46225
2,30820,28,0,0,4,4,7705,8576,49,8625
2,30820,196,0,0,4,4,7705,8832,343,9175
2,30820,7500,0,0,4,4,7705,6566,1875,8441
2,30820,22356,0,0,4,4,7705,40,16767,16807
2,30856,152,0,0,16,4,7714,41152,57,41209
2,30876,27556,0,0,4,4,7719,3038,6889,9927
2,30880,40,0,0,8,4,7720,23328,25,23353
2,30880,80,0,0,16,4,7720,23328,25,23353
2,30924,8748,0,0,4,4,7731,2888,6561,9449
2,30932,4,0,0,4,4,7733,68782,1,68783
2,30932,44,0,0,8,4,7733,16796,11,16807
2,30932,44,0,0,16,4,7733,26000,11,26011
2,30932,68,0,0,4,4,7733,11858,17,11875
2,30932,140,0,0,4,4,7733,83486,35,83521
2,30932,340,0,0,4,4,7733,80864,425,81289
2,30932,484,0,0,4,4,7733,11830,121,11951
2,30932,2156,0,0,4,4,7733,80750,539,81289
2,30932,5324,0,0,4,4,7733,13034,1331,14365
2,30932,5476,0,0,4,4,7733,9248,6845,16093
2,30932,12716,0,0,4,4,7733,25382,3179,28561
2,30932,14212,0,0,4,4,7733,32,17765,17797
2,30932,27500,0,0,4,4,7733,1406,6875,8281
2,30940,4,0,0,8,4,7735,31212,1,31213
2,30940,4,0,0,16,4,7735,28560,1,28561
2,30940,68,0,0,8,4,7735,51580,17,51597
2,30940,364,0,0,4,4,7735,8192,1183,9375
2,30940,364,0,0,16,4,7735,23120,91,23211
2,30940,1404,0,0,4,4,7735,17000,1053,18053
2,30940,1764,0,0,4,4,7735,6656,3969,10625
2,30940,1820,0,0,8,4,7735,17408,2275,19683
2,30940,2500,0,0,4,4,7735,43218,625,43843
2,30972,116,0,0,4,4,7743,7776,145,7921
2,30972,356,0,0,8,4,7743,24300,89,24389
2,30988,4,0,0,32,4,7747,16128,1,16129
2,31180,12500,0,0,4,4,7795,24334,3125,27459
2,31212,972,0,0,4,4,7803,49000,729,49729
2,31212,1700,0,0,4,4,7803,7136,2125,9261
2,31240,8,0,0,8,4,7810,17248,5,17253
2,31240,16,0,0,16,4,7810,17248,5,17253
2,31312,15656,0,0,8,4,7828,512,17613,18125
2,31312,31312,0,0,16,4,7828,512,17613,18125
2,31320,232,0,0,8,4,7830,7776,145,7921
2,31320,464,0,0,16,4,7830,7776,145,7921
2,31372,4,0,0,4,4,7843,64000,9,64009
2,31372,4,0,0,4,4,7843,71874,1,71875
2,31372,10044,0,0,4,4,7843,11776,22599,34375
2,31372,19220,0,0,4,4,7843,32,24025,24057
2,31380,4,0,0,4,4,7845,48734,1,48735
2,31380,8748,0,0,4,4,7845,18050,2187,20237
2,31380,9500,0,0,4,4,7845,32,11875,11907
2,31380,18828,0,0,4,4,7845,512,42363,42875
2,31380,27436,0,0,4,4,7845,14750,6859,21609
2,31452,10484,0,0,16,4,7863,75504,2621,78125
2,31540,20,0,0,4,4,7885,29216,25,29241
2,31540,2700,0,0,4,4,7885,12616,2025,14641
2,31540,4780,0,0,4,4,7885,13446,1195,14641
2,31540,27436,0,0,4,4,7885,13310,6859,20169
2,31540,27436,0,0,4,4,7885,311250,6859,318109
2,31548,12,0,0,4,4,7887,30592,21,30613
2,31612,28,0,0,16,4,7903,34992,7,34999
2,31612,4516,0,0,8,4,7903,23436,1129,24565
2,31612,4900,0,0,4,4,7903,384,8575,8959
2,31612,9604,0,0,4,4,7903,128,16807,16935
2,31612,10044,0,0,4,4,7903,33614,2511,36125
2,31620,124,0,0,8,4,7905,19652,31,19683
2,31660,36,0,0,4,4,7915,21866,9,21875
2,31660,116,0,0,4,4,7915,39546,29,39575
2,31660,364,0,0,4,4,7915,8192,1183,9375
2,31660,540,0,0,4,4,7915,8192,1755,9947
2,31660,6332,0,0,4,4,7915,2560,14247,16807
2,31660,6332,0,0,8,4,7915,84100,1583,85683
2,31660,8788,0,0,4,4,7915,96,10985,11081
2,31660,14500,0,0,4,4,7915,13182,3625,16807
2,31672,296,0,0,16,4,7918,11264,185,11449
2,31672,592,0,0,32,4,7918,11264,185,11449
2,31716,484,0,0,4,4,7929,16686,121,16807
2,31812,444,0,0,4,4,7953,14792,333,15125
2,31812,7396,0,0,4,4,7953,17834,1849,19683
2,31812,26028,0,0,4,4,7953,2738,6507,9245
2,31836,1372,0,0,4,4,7959,143298,343,143641
2,31892,484,0,0,4,4,7973,9826,121,9947
2,31892,13132,0,0,4,4,7973,1408,22981,24389
2,31892,19652,0,0,4,4,7973,4802,4913,9715
2,31972,31972,0,0,8,4,7993,2132,7993,10125
2,31980,12500,0,0,4,4,7995,61952,28125,90077
2,31980,16900,0,0,4,4,7995,5816,12675,18491
2,31996,4,0,0,32,4,7999,16128,1,16129
2,32004,4,0,0,32,4,8001,16128,1,16129
2,37625,5,0,0,40,5,7525,12544,1,12545
2,37625,5,0,0,40,5,7525,16640,1,16641
2,37625,135,0,0,5,5,7525,24010,27,24037
2,37625,405,0,0,5,5,7525,8192,1053,9245
2,37625,455,0,0,5,5,7525,8192,1183,9375
2,37625,845,0,0,5,5,7525,25886,169,26055
2,37625,2205,0,0,5,5,7525,33280,3969,37249
2,37625,8575,0,0,5,5,7525,59168,8575,67743
2,37625,10935,0,0,5,5,7525,1720,6561,8281
2,37625,15625,0,0,5,5,7525,6176,15625,21801
2,37625,26875,0,0,5,5,7525,80288,26875,107163
2,37665,24025,0,0,5,5,7533,32,24025,24057
2,37835,805,0,0,5,5,7567,39366,161,39527
2,37895,5,0,0,20,5,7579,41552,1,41553
2,37895,715,0,0,10,5,7579,9604,143,9747
2,37895,845,0,0,5,5,7579,19494,169,19663
2,37895,5415,0,0,5,5,7579,5632,9747,15379
2,37895,12005,0,0,5,5,7579,5618,2401,8019
2,37895,12005,0,0,5,5,7579,2432,16807,19239
2,37925,5,0,0,40,5,7585,11520,1,11521
2,37940,10,0,0,10,5,7588,64000,9,64009
2,37940,20,0,0,20,5,7588,64000,9,64009
2,37950,10,0,0,10,5,7590,64000,9,64009
2,37950,20,0,0,20,5,7590,64000,9,64009
2,37950,330,0,0,20,5,7590,60736,99,60835
2,37965,5,0,0,10,5,7593,10124,1,10125
2,38115,5,0,0,20,5,7623,14640,1,14641
2,38115,45,0,0,5,5,7623,10648,27,10675
2,38115,45,0,0,40,5,7623,15616,9,15625
2,38115,9375,0,0,5,5,7623,7442,1875,9317
2,38115,16775,0,0,5,5,7623,32,16775,16807
2,38175,1215,0,0,5,5,7635,25088,2187,27275
2,38265,12755,0,0,10,5,7653,1024,12755,13779
2,38285,65,0,0,5,5,7657,11178,13,11191
2,38285,1755,0,0,5,5,7657,18944,3159,22103
2,38315,35,0,0,5,5,7663,10658,7,10665
2,38315,405,0,0,5,5,7663,42632,243,42875
2,38315,1825,0,0,5,5,7663,7584,1825,9409
2,38315,35405,0,0,5,5,7663,632,21243,21875
2,38325,5,0,0,10,5,7665,19844,1,19845
2,38325,5,0,0,10,5,7665,142884,1,142885
2,38325,5,0,0,20,5,7665,17424,1,17425
2,38325,35,0,0,10,5,7665,11972,7,11979
2,38325,45,0,0,5,5,7665,13448,27,13475
2,38325,205,0,0,5,5,7665,81634,41,81675
2,38325,205,0,0,5,5,7665,131072,697,131769
2,38325,405,0,0,5,5,7665,42632,243,42875
2,38325,1095,0,0,5,5,7665,9826,219,10045
2,38325,1445,0,0,5,5,7665,19208,867,20075
2,38325,1445,0,0,5,5,7665,24750,289,25039
2,38325,1445,0,0,5,5,7665,39424,2601,42025
2,38325,1825,0,0,5,5,7665,5248,2555,7803
2,38325,2695,0,0,5,5,7665,10086,539,10625
2,38325,3485,0,0,5,5,7665,2560,6273,8833
2,38325,3645,0,0,5,5,7665,20440,2187,22627
2,38325,4235,0,0,5,5,7665,20250,847,21097
2,38325,4455,0,0,5,5,7665,2048,9801,11849
2,38325,6655,0,0,5,5,7665,53290,1331,54621
2,38325,8085,0,0,5,5,7665,186880,14553,201433
2,38325,8405,0,0,5,5,7665,49000,5043,54043
2,38325,9075,0,0,5,5,7665,8704,16335,25039
2,38325,10625,0,0,5,5,7665,42592,10625,53217
2,38325,12005,0,0,5,5,7665,11250,2401,13651
2,38325,12005,0,0,5,5,7665,31974,2401,34375
2,38325,12915,0,0,5,5,7665,6250,2583,8833
2,38325,14175,0,0,5,5,7665,328,8505,8833
2,38325,15625,0,0,5,5,7665,5984,15625,21609
2,38325,16605,0,0,5,5,7665,128,23247,23375
2,38325,18375,0,0,5,5,7665,23944,11025,34969
2,38325,18865,0,0,5,5,7665,54400,26411,80811
2,38325,24565,0,0,5,5,7665,16038,4913,20951
2,38325,24565,0,0,5,5,7665,92250,4913,97163
2,38325,26645,0,0,5,5,7665,4046,5329,9375
2,38325,29565,0,0,5,5,7665,2662,5913,8575
2,38325,29645,0,0,5,5,7665,31250,5929,37179
2,38325,30625,0,0,5,5,7665,15744,42875,58619
2,38325,32805,0,0,5,5,7665,392,19683,20075
2,38325,34425,0,0,5,5,7665,9922,6885,16807
2,38415,1215,0,0,5,5,7683,20882,243,21125
2,38415,2535,0,0,5,5,7683,77618,507,78125
2,38415,4205,0,0,5,5,7683,73034,841,73875
2,38415,7155,0,0,5,5,7683,29000,4293,33293
2,38465,5495,0,0,5,5,7693,2432,7693,10125
2,38465,11875,0,0,5,5,7693,32,11875,11907
2,38475,215,0,0,5,5,7695,64082,43,64125
2,38475,15625,0,0,5,5,7695,16416,15625,32041
2,38475,34295,0,0,5,5,7695,39366,6859,46225
2,38525,35,0,0,5,5,7705,8576,49,8625
2,38525,245,0,0,5,5,7705,8832,343,9175
2,38525,9375,0,0,5,5,7705,6566,1875,8441
2,38525,27945,0,0,5,5,7705,40,16767,16807
2,38570,190,0,0,20,5,7714,41152,57,41209
2,38595,34445,0,0,5,5,7719,3038,6889,9927
2,38600,50,0,0,10,5,7720,23328,25,23353
2,38600,100,0,0,20,5,7720,23328,25,23353
2,38655,10935,0,0,5,5,7731,2888,6561,9449
2,38665,5,0,0,5,5,7733,68782,1,68783
2,38665,55,0,0,10,5,7733,16796,11,16807
2,38665,55,0,0,20,5,7733,26000,11,26011
2,38665,85,0,0,5,5,7733,11858,17,11875
2,38665,175,0,0,5,5,7733,83486,35,83521
2,38665,425,0,0,5,5,7733,80864,425,81289
2,38665,605,0,0,5,5,7733,11830,121,11951
2,38665,2695,0,0,5,5,7733,80750,539,81289
2,38665,6655,0,0,5,5,7733,13034,1331,14365
2,38665,6845,0,0,5,5,7733,9248,6845,16093
2,38665,15895,0,0,5,5,7733,25382,3179,28561
2,38665,17765,0,0,5,5,7733,32,17765,17797
2,38665,34375,0,0,5,5,7733,1406,6875,8281
2,38675,5,0,0,10,5,7735,31212,1,31213
2,38675,5,0,0,20,5,7735,28560,1,28561
2,38675,85,0,0,10,5,7735,51580,17,51597
2,38675,455,0,0,5,5,7735,8192,1183,9375
2,38675,455,0,0,20,5,7735,23120,91,23211
2,38675,1755,0,0,5,5,7735,17000,1053,18053
2,38675,2205,0,0,5,5,7735,6656,3969,10625
2,38675,2275,0,0,10,5,7735,17408,2275,19683
2,38675,3125,0,0,5,5,7735,43218,625,43843
2,38715,145,0,0,5,5,7743,7776,145,7921
2,38715,445,0,0,10,5,7743,24300,89,24389
2,38735,5,0,0,40,5,7747,16128,1,16129
2,38975,15625,0,0,5,5,7795,24334,3125,27459
2,39015,1215,0,0,5,5,7803,49000,729,49729
2,39015,2125,0,0,5,5,7803,7136,2125,9261
2,39050,10,0,0,10,5,7810,17248,5,17253
2,39050,20,0,0,20,5,7810,17248,5,17253
2,39140,19570,0,0,10,5,7828,512,17613,18125
2,39140,39140,0,0,20,5,7828,512,17613,18125
2,39150,290,0,0,10,5,7830,7776,145,7921
2,39150,580,0,0,20,5,7830,7776,145,7921
2,39215,5,0,0,5,5,7843,64000,9,64009
2,39215,5,0,0,5,5,7843,71874,1,71875
2,39215,12555,0,0,5,5,7843,11776,22599,34375
2,39215,24025,0,0,5,5,7843,32,24025,24057
2,39225,5,0,0,5,5,7845,48734,1,48735
2,39225,10935,0,0,5,5,7845,18050,2187,20237
2,39225,11875,0,0,5,5,7845,32,11875,11907
2,39225,23535,0,0,5,5,7845,512,42363,42875
2,39225,34295,0,0,5,5,7845,14750,6859,21609
2,39315,13105,0,0,20,5,7863,75504,2621,78125
2,39425,25,0,0,5,5,7885,29216,25,29241
2,39425,3375,0,0,5,5,7885,12616,2025,14641
2,39425,5975,0,0,5,5,7885,13446,1195,14641
2,39425,34295,0,0,5,5,7885,13310,6859,20169
2,39425,34295,0,0,5,5,7885,311250,6859,318109
2,39435,15,0,0,5,5,7887,30592,21,30613
2,39515,35,0,0,20,5,7903,34992,7,34999
2,39515,5645,0,0,10,5,7903,23436,1129,24565
2,39515,6125,0,0,5,5,7903,384,8575,8959
2,39515,12005,0,0,5,5,7903,128,16807,16935
2,39515,12555,0,0,5,5,7903,33614,2511,36125
2,39525,155,0,0,10,5,7905,19652,31,19683
2,39575,45,0,0,5,5,7915,21866,9,21875
2,39575,145,0,0,5,5,7915,39546,29,39575
2,39575,455,0,0,5,5,7915,8192,1183,9375
2,39575,675,0,0,5,5,7915,8192,1755,9947
2,39575,7915,0,0,5,5,7915,2560,14247,16807
2,39575,7915,0,0,10,5,7915,84100,1583,85683
2,39575,10985,0,0,5,5,7915,96,10985,11081
2,39575,18125,0,0,5,5,7915,13182,3625,16807
2,39590,370,0,0,20,5,7918,11264,185,11449
2,39590,740,0,0,40,5,7918,11264,185,11449
2,39645,605,0,0,5,5,7929,16686,121,16807
2,39765,555,0,0,5,5,7953,14792,333,15125
2,39765,9245,0,0,5,5,7953,17834,1849,19683
2,39765,32535,0,0,5,5,7953,2738,6507,9245
2,39795,1715,0,0,5,5,7959,143298,343,143641
2,39865,605,0,0,5,5,7973,9826,121,9947
2,39865,16415,0,0,5,5,7973,1408,22981,24389
2,39865,24565,0,0,5,5,7973,4802,4913,9715
2,39965,39965,0,0,10,5,7993,2132,7993,10125
2,39975,15625,0,0,5,5,7995,61952,28125,90077
2,39975,21125,0,0,5,5,7995,5816,12675,18491
2,39995,5,0,0,40,5,7999,16128,1,16129
2,40005,5,0,0,40,5,8001,16128,1,16129
2,45150,6,0,0,48,6,7525,12544,1,12545
2,45150,6,0,0,48,6,7525,16640,1,16641
2,45150,162,0,0,6,6,7525,24010,27,24037
2,45150,486,0,0,6,6,7525,8192,1053,9245
2,45150,546,0,0,6,6,7525,8192,1183,9375
2,45150,1014,0,0,6,6,7525,25886,169,26055
2,45150,2646,0,0,6,6,7525,33280,3969,37249
2,45150,10290,0,0,6,6,7525,59168,8575,67743
2,45150,13122,0,0,6,6,7525,1720,6561,8281
2,45150,18750,0,0,6,6,7525,6176,15625,21801
2,45150,32250,0,0,6,6,7525,80288,26875,107163
2,45198,28830,0,0,6,6,7533,32,24025,24057
2,45402,966,0,0,6,6,7567,39366,161,39527
2,45474,6,0,0,24,6,7579,41552,1,41553
2,45474,858,0,0,12,6,7579,9604,143,9747
2,45474,1014,0,0,6,6,7579,19494,169,19663
2,45474,6498,0,0,6,6,7579,5632,9747,15379
2,45474,14406,0,0,6,6,7579,5618,2401,8019
2,45474,14406,0,0,6,6,7579,2432,16807,19239
2,45510,6,0,0,48,6,7585,11520,1,11521
2,45528,12,0,0,12,6,7588,64000,9,64009
2,45528,24,0,0,24,6,7588,64000,9,64009
2,45540,12,0,0,12,6,7590,64000,9,64009
2,45540,24,0,0,24,6,7590,64000,9,64009
2,45540,396,0,0,24,6,7590,60736,99,60835
2,45558,6,0,0,12,6,7593,10124,1,10125
2,45738,6,0,0,24,6,7623,14640,1,14641
2,45738,54,0,0,6,6,7623,10648,27,10675
2,45738,54,0,0,48,6,7623,15616,9,15625
2,45738,11250,0,0,6,6,7623,7442,1875,9317
2,45738,20130,0,0,6,6,7623,32,16775,16807
2,45810,1458,0,0,6,6,7635,25088,2187,27275
2,45918,15306,0,0,12,6,7653,1024,12755,13779
2,45942,78,0,0,6,6,7657,11178,13,11191
2,45942,2106,0,0,6,6,7657,18944,3159,22103
2,45978,42,0,0,6,6,7663,10658,7,10665
2,45978,486,0,0,6,6,7663,42632,243,42875
2,45978,2190,0,0,6,6,7663,7584,1825,9409
2,45978,42486,0,0,6,6,7663,632,21243,21875
2,45990,6,0,0,12,6,7665,19844,1,19845
2,45990,6,0,0,12,6,7665,142884,1,142885
2,45990,6,0,0,24,6,7665,17424,1,17425
2,45990,42,0,0,12,6,7665,11972,7,11979
2,45990,54,0,0,6,6,7665,13448,27,13475
2,45990,246,0,0,6,6,7665,81634,41,81675
2,45990,246,0,0,6,6,7665,131072,697,131769
2,45990,486,0,0,6,6,7665,42632,243,42875
2,45990,1314,0,0,6,6,7665,9826,219,10045
2,45990,1734,0,0,6,6,7665,19208,867,20075
2,45990,1734,0,0,6,6,7665,24750,289,25039
2,45990,1734,0,0,6,6,7665,39424,2601,42025
2,45990,2190,0,0,6,6,7665,5248,2555,7803
2,45990,3234,0,0,6,6,7665,10086,539,10625
2,45990,4182,0,0,6,6,7665,2560,6273,8833
2,45990,4374,0,0,6,6,7665,20440,2187,22627
2,45990,5082,0,0,6,6,7665,20250,847,21097
2,45990,5346,0,0,6,6,7665,2048,9801,11849
2,45990,7986,0,0,6,6,7665,53290,1331,54621
2,45990,9702,0,0,6,6,7665,186880,14553,201433
2,45990,10086,0,0,6,6,7665,49000,5043,54043
2,45990,10890,0,0,6,6,7665,8704,16335,25039
2,45990,12750,0,0,6,6,7665,42592,10625,53217
2,45990,14406,0,0,6,6,7665,11250,2401,13651
2,45990,14406,0,0,6,6,7665,31974,2401,34375
2,45990,15498,0,0,6,6,7665,6250,2583,8833
2,45990,17010,0,0,6,6,7665,328,8505,8833
2,45990,18750,0,0,6,6,7665,5984,15625,21609
2,45990,19926,0,0,6,6,7665,128,23247,23375
2,45990,22050,0,0,6,6,7665,23944,11025,34969
2,45990,22638,0,0,6,6,7665,54400,26411,80811
2,45990,29478,0,0,6,6,7665,16038,4913,20951
2,45990,29478,0,0,6,6,7665,92250,4913,97163
2,45990,31974,0,0,6,6,7665,4046,5329,9375
2,45990,35478,0,0,6,6,7665,2662,5913,8575
2,45990,35574,0,0,6,6,7665,31250,5929,37179
2,45990,36750,0,0,6,6,7665,15744,42875,58619
2,45990,39366,0,0,6,6,7665,392,19683,20075
2,45990,41310,0,0,6,6,7665,9922,6885,16807
2,46098,1458,0,0,6,6,7683,20882,243,21125
2,46098,3042,0,0,6,6,7683,77618,507,78125
2,46098,5046,0,0,6,6,7683,73034,841,73875
2,46098,8586,0,0,6,6,7683,29000,4293,33293
2,46158,6594,0,0,6,6,7693,2432,7693,10125
2,46158,14250,0,0,6,6,7693,32,11875,11907
2,46170,258,0,0,6,6,7695,64082,43,64125
2,46170,18750,0,0,6,6,7695,16416,15625,32041
2,46170,41154,0,0,6,6,7695,39366,6859,46225
2,46230,42,0,0,6,6,7705,8576,49,8625
2,46230,294,0,0,6,6,7705,8832,343,9175
2,46230,11250,0,0,6,6,7705,6566,1875,8441
2,46230,33534,0,0,6,6,7705,40,16767,16807
2,46284,228,0,0,24,6,7714,41152,57,41209
2,46314,41334,0,0,6,6,7719,3038,6889,9927
2,46320,60,0,0,12,6,7720,23328,25,23353
2,46320,120,0,0,24,6,7720,23328,25,23353
2,46386,13122,0,0,6,6,7731,2888,6561,9449
2,46398,6,0,0,6,6,7733,68782,1,68783
2,46398,66,0,0,12,6,7733,16796,11,16807
2,46398,66,0,0,24,6,7733,26000,11,26011
2,46398,102,0,0,6,6,7733,11858,17,11875
2,46398,210,0,0,6,6,7733,83486,35,83521
2,46398,510,0,0,6,6,7733,80864,425,81289
2,46398,726,0,0,6,6,7733,11830,121,11951
2,46398,3234,0,0,6,6,7733,80750,539,81289
2,46398,7986,0,0,6,6,7733,13034,1331,14365
2,46398,8214,0,0,6,6,7733,9248,6845,16093
2,46398,19074,0,0,6,6,7733,25382,3179,28561
2,46398,21318,0,0,6,6,7733,32,17765,17797
2,46398,41250,0,0,6,6,7733,1406,6875,8281
2,46410,6,0,0,12,6,7735,31212,1,31213
2,46410,6,0,0,24,6,7735,28560,1,28561
2,46410,102,0,0,12,6,7735,51580,17,51597
2,46410,546,0,0,6,6,7735,8192,1183,9375
2,46410,546,0,0,24,6,7735,23120,91,23211
2,46410,2106,0,0,6,6,7735,17000,1053,18053
2,46410,2646,0,0,6,6,7735,6656,3969,10625
2,46410,2730,0,0,12,6,7735,17408,2275,19683
2,46410,3750,0,0,6,6,7735,43218,625,43843
2,46458,174,0,0,6,6,7743,7776,145,7921
2,46458,534,0,0,12,6,7743,24300,89,24389
2,46482,6,0,0,48,6,7747,16128,1,16129
2,46770,18750,0,0,6,6,7795,24334,3125,27459
2,46818,1458,0,0,6,6,7803,49000,729,49729
2,46818,2550,0,0,6,6,7803,7136,2125,9261
2,46860,12,0,0,12,6,7810,17248,5,17253
2,46860,24,0,0,24,6,7810,17248,5,17253
2,46968,23484,0,0,12,6,7828,512,17613,18125
2,46968,46968,0,0,24,6,7828,512,17613,18125
2,46980,348,0,0,12,6,7830,7776,145,7921
2,46980,696,0,0,24,6,7830,7776,145,7921
2,47058,6,0,0,6,6,7843,64000,9,64009
2,47058,6,0,0,6,6,7843,71874,1,71875
2,47058,15066,0,0,6,6,7843,11776,22599,34375
2,47058,28830,0,0,6,6,7843,32,24025,24057
2,47070,6,0,0,6,6,7845,48734,1,48735
2,47070,13122,0,0,6,6,7845,18050,2187,20237
2,47070,14250,0,0,6,6,7845,32,11875,11907
2,47070,28242,0,0,6,6,7845,512,42363,42875
2,47070,41154,0,0,6,6,7845,14750,6859,21609
2,47178,15726,0,0,24,6,7863,75504,2621,78125
2,47310,30,0,0,6,6,7885,29216,25,29241
2,47310,4050,0,0,6,6,7885,12616,2025,14641
2,47310,7170,0,0,6,6,7885,13446,1195,14641
2,47310,41154,0,0,6,6,7885,13310,6859,20169
2,47310,41154,0,0,6,6,7885,311250,6859,318109
2,47322,18,0,0,6,6,7887,30592,21,30613
2,47418,42,0,0,24,6,7903,34992,7,34999
2,47418,6774,0,0,12,6,7903,23436,1129,24565
2,47418,7350,0,0,6,6,7903,384,8575,8959
2,47418,14406,0,0,6,6,7903,128,16807,16935
2,47418,15066,0,0,6,6,7903,33614,2511,36125
2,47430,186,0,0,12,6,7905,19652,31,19683
2,47490,54,0,0,6,6,7915,21866,9,21875
2,47490,174,0,0,6,6,7915,39546,29,39575
2,47490,546,0,0,6,6,7915,8192,1183,9375
2,47490,810,0,0,6,6,7915,8192,1755,9947
2,47490,9498,0,0,6,6,7915,2560,14247,16807
2,47490,9498,0,0,12,6,7915,84100,1583,85683
2,47490,13182,0,0,6,6,7915,96,10985,11081
2,47490,21750,0,0,6,6,7915,13182,3625,16807
2,47508,444,0,0,24,6,7918,11264,185,11449
2,47508,888,0,0,48,6,7918,11264,185,11449
2,47574,726,0,0,6,6,7929,16686,121,16807
2,47718,666,0,0,6,6,7953,14792,333,15125
2,47718,11094,0,0,6,6,7953,17834,1849,19683
2,47718,39042,0,0,6,6,7953,2738,6507,9245
2,47754,2058,0,0,6,6,7959,143298,343,143641
2,47838,726,0,0,6,6,7973,9826,121,9947
2,47838,19698,0,0,6,6,7973,1408,22981,24389
2,47838,29478,0,0,6,6,7973,4802,4913,9715
2,47958,47958,0,0,12,6,7993,2132,7993,10125
2,47970,18750,0,0,6,6,7995,61952,28125,90077
2,47970,25350,0,0,6,6,7995,5816,12675,18491
2,47994,6,0,0,48,6,7999,16128,1,16129
2,48006,6,0,0,48,6,8001,16128,1,16129
2,52675,7,0,0,56,7,7525,12544,1,12545
2,52675,7,0,0,56,7,7525,16640,1,16641
2,52675,189,0,0,7,7,7525,24010,27,24037
2,52675,567,0,0,7,7,7525,8192,1053,9245
2,52675,637,0,0,7,7,7525,8192,1183,9375
2,52675,1183,0,0,7,7,7525,25886,169,26055
2,52675,3087,0,0,7,7,7525,33280,3969,37249
2,52675,12005,0,0,7,7,7525,59168,8575,67743
2,52675,15309,0,0,7,7,7525,1720,6561,8281
2,52675,21875,0,0,7,7,7525,6176,15625,21801
2,52675,37625,0,0,7,7,7525,80288,26875,107163
2,52731,33635,0,0,7,7,7533,32,24025,24057
2,52969,1127,0,0,7,7,7567,39366,161,39527
2,53053,7,0,0,28,7,7579,41552,1,41553
2,53053,1001,0,0,14,7,7579,9604,143,9747
2,53053,1183,0,0,7,7,7579,19494,169,19663
2,53053,7581,0,0,7,7,7579,5632,9747,15379
2,53053,16807,0,0,7,7,7579,5618,2401,8019
2,53053,16807,0,0,7,7,7579,2432,16807,19239
2,53095,7,0,0,56,7,7585,11520,1,11521
2,53116,14,0,0,14,7,7588,64000,9,64009
2,53116,28,0,0,28,7,7588,64000,9,64009
2,53130,14,0,0,14,7,7590,64000,9,64009
2,53130,28,0,0,28,7,7590,64000,9,64009
2,53130,462,0,0,28,7,7590,60736,99,60835
2,53151,7,0,0,14,7,7593,10124,1,10125
2,53361,7,0,0,28,7,7623,14640,1,14641
2,53361,63,0,0,7,7,7623,10648,27,10675
2,53361,63,0,0,56,7,7623,15616,9,15625
2,53361,13125,0,0,7,7,7623,7442,1875,9317
2,53361,23485,0,0,7,7,7623,32,16775,16807
2,53445,1701,0,0,7,7,7635,25088,2187,27275
2,53571,17857,0,0,14,7,7653,1024,12755,13779
2,53599,91,0,0,7,7,7657,11178,13,11191
2,53599,2457,0,0,7,7,7657,18944,3159,22103
2,53641,49,0,0,7,7,7663,10658,7,10665
2,53641,567,0,0,7,7,7663,42632,243,42875
2,53641,2555,0,0,7,7,7663,7584,1825,9409
2,53641,49567,0,0,7,7,7663,632,21243,21875
2,53655,7,0,0,14,7,7665,19844,1,19845
2,53655,7,0,0,14,7,7665,142884,1,142885
2,53655,7,0,0,28,7,7665,17424,1,17425
2,53655,49,0,0,14,7,7665,11972,7,11979
2,53655,63,0,0,7,7,7665,13448,27,13475
2,53655,287,0,0,7,7,7665,81634,41,81675
2,53655,287,0,0,7,7,7665,131072,697,131769
2,53655,567,0,0,7,7,7665,42632,243,42875
2,53655,1533,0,0,7,7,7665,9826,219,10045
2,53655,2023,0,0,7,7,7665,19208,867,20075
2,53655,2023,0,0,7,7,7665,24750,289,25039
2,53655,2023,0,0,7,7,7665,39424,2601,42025
2,53655,2555,0,0,7,7,7665,5248,2555,7803
2,53655,3773,0,0,7,7,7665,10086,539,10625
2,53655,4879,0,0,7,7,7665,2560,6273,8833
2,53655,5103,0,0,7,7,7665,20440,2187,22627
2,53655,5929,0,0,7,7,7665,20250,847,21097
2,53655,6237,0,0,7,7,7665,2048,9801,11849
2,53655,9317,0,0,7,7,7665,53290,1331,54621
2,53655,11319,0,0,7,7,7665,186880,14553,201433
2,53655,11767,0,0,7,7,7665,49000,5043,54043
2,53655,12705,0,0,7,7,7665,8704,16335,25039
2,53655,14875,0,0,7,7,7665,42592,10625,53217
2,53655,16807,0,0,7,7,7665,11250,2401,13651
2,53655,16807,0,0,7,7,7665,31974,2401,34375
2,53655,18081,0,0,7,7,7665,6250,2583,8833
2,53655,19845,0,0,7,7,7665,328,8505,8833
2,53655,21875,0,0,7,7,7665,5984,15625,21609
2,53655,23247,0,0,7,7,7665,128,23247,23375
2,53655,25725,0,0,7,7,7665,23944,11025,34969
2,53655,26411,0,0,7,7,7665,54400,26411,80811
2,53655,34391,0,0,7,7,7665,16038,4913,20951
2,53655,34391,0,0,7,7,7665,92250,4913,97163
2,53655,37303,0,0,7,7,7665,4046,5329,9375
2,53655,41391,0,0,7,7,7665,2662,5913,8575
2,53655,41503,0,0,7,7,7665,31250,5929,37179
2,53655,42875,0,0,7,7,7665,15744,42875,58619
2,53655,45927,0,0,7,7,7665,392,19683,20075
2,53655,48195,0,0,7,7,7665,9922,6885,16807
2,53781,1701,0,0,7,7,7683,20882,243,21125
2,53781,3549,0,0,7,7,7683,77618,507,78125
2,53781,5887,0,0,7,7,7683,73034,841,73875
2,53781,10017,0,0,7,7,7683,29000,4293,33293
2,53851,7693,0,0,7,7,7693,2432,7693,10125
2,53851,16625,0,0,7,7,7693,32,11875,11907
2,53865,301,0,0,7,7,7695,64082,43,64125
2,53865,21875,0,0,7,7,7695,16416,15625,32041
2,53865,48013,0,0,7,7,7695,39366,6859,46225
2,53935,49,0,0,7,7,7705,8576,49,8625
2,53935,343,0,0,7,7,7705,8832,343,9175
2,53935,13125,0,0,7,7,7705,6566,1875,8441
2,53935,39123,0,0,7,7,7705,40,16767,16807
2,53998,266,0,0,28,7,7714,41152,57,41209
2,54033,48223,0,0,7,7,7719,3038,6889,9927
2,54040,70,0,0,14,7,7720,23328,25,23353
2,54040,140,0,0,28,7,7720,23328,25,23353
2,54117,15309,0,0,7,7,7731,2888,6561,9449
2,54131,7,0,0,7,7,7733,68782,1,68783
2,54131,77,0,0,14,7,7733,16796,11,16807
2,54131,77,0,0,28,7,7733,26000,11,26011
2,54131,119,0,0,7,7,7733,11858,17,11875
2,54131,245,0,0,7,7,7733,83486,35,83521
2,54131,595,0,0,7,7,7733,80864,425,81289
2,54131,847,0,0,7,7,7733,11830,121,11951
2,54131,3773,0,0,7,7,7733,80750,539,81289
2,54131,9317,0,0,7,7,7733,13034,1331,14365
2,54131,9583,0,0,7,7,7733,9248,6845,16093
2,54131,22253,0,0,7,7,7733,25382,3179,28561
2,54131,24871,0,0,7,7,7733,32,17765,17797
2,54131,48125,0,0,7,7,7733,1406,6875,8281
2,54145,7,0,0,14,7,7735,31212,1,31213
2,54145,7,0,0,28,7,7735,28560,1,28561
2,54145,119,0,0,14,7,7735,51580,17,51597
2,54145,637,0,0,7,7,7735,8192,1183,9375
2,54145,637,0,0,28,7,7735,23120,91,23211
2,54145,2457,0,0,7,7,7735,17000,1053,18053
2,54145,3087,0,0,7,7,7735,6656,3969,10625
2,54145,3185,0,0,14,7,7735,17408,2275,19683
2,54145,4375,0,0,7,7,7735,43218,625,43843
2,54201,203,0,0,7,7,7743,7776,145,7921
2,54201,623,0,0,14,7,7743,24300,89,24389
2,54229,7,0,0,56,7,7747,16128,1,16129
2,54565,21875,0,0,7,7,7795,24334,3125,27459
2,54621,1701,0,0,7,7,7803,49000,729,49729
2,54621,2975,0,0,7,7,7803,7136,2125,9261
2,54670,14,0,0,14,7,7810,17248,5,17253
2,54670,28,0,0,28,7,7810,17248,5,17253
2,54796,27398,0,0,14,7,7828,512,17613,18125
2,54796,54796,0,0,28,7,7828,512,17613,18125
2,54810,406,0,0,14,7,7830,7776,145,7921
2,54810,812,0,0,28,7,7830,7776,145,7921
2,54901,7,0,0,7,7,7843,64000,9,64009
2,54901,7,0,0,7,7,7843,71874,1,71875
2,54901,17577,0,0,7,7,7843,11776,22599,34375
2,54901,33635,0,0,7,7,7843,32,24025,24057
2,54915,7,0,0,7,7,7845,48734,1,48735
2,54915,15309,0,0,7,7,7845,18050,2187,20237
2,54915,16625,0,0,7,7,7845,32,11875,11907
2,54915,32949,0,0,7,7,7845,512,42363,42875
2,54915,48013,0,0,7,7,7845,14750,6859,21609
2,55041,18347,0,0,28,7,7863,75504,2621,78125
2,55195,35,0,0,7,7,7885,29216,25,29241
2,55195,4725,0,0,7,7,7885,12616,2025,14641
2,55195,8365,0,0,7,7,7885,13446,1195,14641
2,55195,48013,0,0,7,7,7885,13310,6859,20169
2,55195,48013,0,0,7,7,7885,311250,6859,318109
2,55209,21,0,0,7,7,7887,30592,21,30613
2,55321,49,0,0,28,7,7903,34992,7,34999
2,55321,7903,0,0,14,7,7903,23436,1129,24565
2,55321,8575,0,0,7,7,7903,384,8575,8959
2,55321,16807,0,0,7,7,7903,128,16807,16935
2,55321,17577,0,0,7,7,7903,33614,2511,36125
2,55335,217,0,0,14,7,7905,19652,31,19683
2,55405,63,0,0,7,7,7915,21866,9,21875
2,55405,203,0,0,7,7,7915,39546,29,39575
2,55405,637,0,0,7,7,7915,8192,1183,9375
2,55405,945,0,0,7,7,7915,8192,1755,9947
2,55405,11081,0,0,7,7,7915,2560,14247,16807
2,55405,11081,0,0,14,7,7915,84100,1583,85683
2,55405,15379,0,0,7,7,7915,96,10985,11081
2,55405,25375,0,0,7,7,7915,13182,3625,16807
2,55426,518,0,0,28,7,7918,11264,185,11449
2,55426,1036,0,0,56,7,7918,11264,185,11449
2,55503,847,0,0,7,7,7929,16686,121,16807
2,55671,777,0,0,7,7,7953,14792,333,15125
2,55671,12943,0,0,7,7,7953,17834,1849,19683
2,55671,45549,0,0,7,7,7953,2738,6507,9245
2,55713,2401,0,0,7,7,7959,143298,343,143641
2,55811,847,0,0,7,7,7973,9826,121,9947
2,55811,22981,0,0,7,7,7973,1408,22981,24389
2,55811,34391,0,0,7,7,7973,4802,4913,9715
2,55951,55951,0,0,14,7,7993,2132,7993,10125
2,55965,21875,0,0,7,7,7995,61952,28125,90077
2,55965,29575,0,0,7,7,7995,5816,12675,18491
2,55993,7,0,0,56,7,7999,16128,1,16129
2,56007,7,0,0,56,7,8001,16128,1,16129
2,60200,8,0,0,64,8,7525,12544,1,12545
2,60200,8,0,0,64,8,7525,16640,1,16641
2,60200,216,0,0,8,8,7525,24010,27,24037
2,60200,648,0,0,8,8,7525,8192,1053,9245
2,60200,728,0,0,8,8,7525,8192,1183,9375
2,60200,1352,0,0,8,8,7525,25886,169,26055
2,60200,3528,0,0,8,8,7525,33280,3969,37249
2,60200,13720,0,0,8,8,7525,59168,8575,67743
2,60200,17496,0,0,8,8,7525,1720,6561,8281
2,60200,25000,0,0,8,8,7525,6176,15625,21801
2,60200,43000,0,0,8,8,7525,80288,26875,107163
2,60264,38440,0,0,8,8,7533,32,24025,24057
2,60536,1288,0,0,8,8,7567,39366,161,39527
2,60632,8,0,0,32,8,7579,41552,1,41553
2,60632,1144,0,0,16,8,7579,9604,143,9747
2,60632,1352,0,0,8,8,7579,19494,169,19663
2,60632,8664,0,0,8,8,7579,5632,9747,15379
2,60632,19208,0,0,8,8,7579,5618,2401,8019
2,60632,19208,0,0,8,8,7579,2432,16807,19239
2,60680,8,0,0,64,8,7585,11520,1,11521
2,60704,16,0,0,16,8,7588,64000,9,64009
2,60704,32,0,0,32,8,7588,64000,9,64009
2,60720,16,0,0,16,8,7590,64000,9,64009
2,60720,32,0,0,32,8,7590,64000,9,64009
2,60720,528,0,0,32,8,7590,60736,99,60835
2,60744,8,0,0,16,8,7593,10124,1,10125
2,60984,8,0,0,32,8,7623,14640,1,14641
2,60984,72,0,0,8,8,7623,10648,27,10675
2,60984,72,0,0,64,8,7623,15616,9,15625
2,60984,15000,0,0,8,8,7623,7442,1875,9317
2,60984,26840,0,0,8,8,7623,32,16775,16807
2,61080,1944,0,0,8,8,7635,25088,2187,27275
2,61224,20408,0,0,16,8,7653,1024,12755,13779
2,61256,104,0,0,8,8,7657,11178,13,11191
2,61256,2808,0,0,8,8,7657,18944,3159,22103
2,61304,56,0,0,8,8,7663,10658,7,10665
2,61304,648,0,0,8,8,7663,42632,243,42875
2,61304,2920,0,0,8,8,7663,7584,1825,9409
2,61304,56648,0,0,8,8,7663,632,21243,21875
2,61320,8,0,0,16,8,7665,19844,1,19845
2,61320,8,0,0,16,8,7665,142884,1,142885
2,61320,8,0,0,32,8,7665,17424,1,17425
2,61320,56,0,0,16,8,7665,11972,7,11979
2,61320,72,0,0,8,8,7665,13448,27,13475
2,61320,328,0,0,8,8,7665,81634,41,81675
2,61320,328,0,0,8,8,7665,131072,697,131769
2,61320,648,0,0,8,8,7665,42632,243,42875
2,61320,1752,0,0,8,8,7665,9826,219,10045
2,61320,2312,0,0,8,8,7665,19208,867,20075
2,61320,2312,0,0,8,8,7665,24750,289,25039
2,61320,2312,0,0,8,8,7665,39424,2601,42025
2,61320,2920,0,0,8,8,7665,5248,2555,7803
2,61320,4312,0,0,8,8,7665,10086,539,10625
2,61320,5576,0,0,8,8,7665,2560,6273,8833
2,61320,5832,0,0,8,8,7665,20440,2187,22627
2,61320,6776,0,0,8,8,7665,20250,847,21097
2,61320,7128,0,0,8,8,7665,2048,9801,11849
2,61320,10648,0,0,8,8,7665,53290,1331,54621
2,61320,12936,0,0,8,8,7665,186880,14553,201433
2,61320,13448,0,0,8,8,7665,49000,5043,54043
2,61320,14520,0,0,8,8,7665,8704,16335,25039
2,61320,17000,0,0,8,8,7665,42592,10625,53217
2,61320,19208,0,0,8,8,7665,11250,2401,13651
2,61320,19208,0,0,8,8,7665,31974,2401,34375
2,61320,20664,0,0,8,8,7665,6250,2583,8833
2,61320,22680,0,0,8,8,7665,328,8505,8833
2,61320,25000,0,0,8,8,7665,5984,15625,21609
2,61320,26568,0,0,8,8,7665,128,23247,23375
2,61320,29400,0,0,8,8,7665,23944,11025,34969
2,61320,30184,0,0,8,8,7665,54400,26411,80811
2,61320,39304,0,0,8,8,7665,16038,4913,20951
2,61320,39304,0,0,8,8,7665,92250,4913,97163
2,61320,42632,0,0,8,8,7665,4046,5329,9375
2,61320,47304,0,0,8,8,7665,2662,5913,8575
2,61320,47432,0,0,8,8,7665,31250,5929,37179
2,61320,49000,0,0,8,8,7665,15744,42875,58619
2,61320,52488,0,0,8,8,7665,392,19683,20075
2,61320,55080,0,0,8,8,7665,9922,6885,16807
2,61464,1944,0,0,8,8,7683,20882,243,21125
2,61464,4056,0,0,8,8,7683,77618,507,78125
2,61464,6728,0,0,8,8,7683,73034,841,73875
2,61464,11448,0,0,8,8,7683,29000,4293,33293
2,61544,8792,0,0,8,8,7693,2432,7693,10125
2,61544,19000,0,0,8,8,7693,32,11875,11907
2,61560,344,0,0,8,8,7695,64082,43,64125
2,61560,25000,0,0,8,8,7695,16416,15625,32041
2,61560,54872,0,0,8,8,7695,39366,6859,46225
2,61640,56,0,0,8,8,7705,8576,49,8625
2,61640,392,0,0,8,8,7705,8832,343,9175
2,61640,15000,0,0,8,8,7705,6566,1875,8441
2,61640,44712,0,0,8,8,7705,40,16767,16807
2,61712,304,0,0,32,8,7714,41152,57,41209
2,61752,55112,0,0,8,8,7719,3038,6889,9927
2,61760,80,0,0,16,8,7720,23328,25,23353
2,61760,160,0,0,32,8,7720,23328,25,23353
2,61848,17496,0,0,8,8,7731,2888,6561,9449
2,61864,8,0,0,8,8,7733,68782,1,68783
2,61864,88,0,0,16,8,7733,16796,11,16807
2,61864,88,0,0,32,8,7733,26000,11,26011
2,61864,136,0,0,8,8,7733,11858,17,11875
2,61864,280,0,0,8,8,7733,83486,35,83521
2,61864,680,0,0,8,8,7733,80864,425,81289
2,61864,968,0,0,8,8,7733,11830,121,11951
2,61864,4312,0,0,8,8,7733,80750,539,81289
2,61864,10648,0,0,8,8,7733,13034,1331,14365
2,61864,10952,0,0,8,8,7733,9248,6845,16093
2,61864,25432,0,0,8,8,7733,25382,3179,28561
2,61864,28424,0,0,8,8,7733,32,17765,17797
2,61864,55000,0,0,8,8,7733,1406,6875,8281
2,61880,8,0,0,16,8,7735,31212,1,31213
2,61880,8,0,0,32,8,7735,28560,1,28561
2,61880,136,0,0,16,8,7735,51580,17,51597
2,61880,728,0,0,8,8,7735,8192,1183,9375
2,61880,728,0,0,32,8,7735,23120,91,23211
2,61880,2808,0,0,8,8,7735,17000,1053,18053
2,61880,3528,0,0,8,8,7735,6656,3969,10625
2,61880,3640,0,0,16,8,7735,17408,2275,19683
2,61880,5000,0,0,8,8,7735,43218,625,43843
2,61944,232,0,0,8,8,7743,7776,145,7921
2,61944,712,0,0,16,8,7743,24300,89,24389
2,61976,8,0,0,64,8,7747,16128,1,16129
2,62360,25000,0,0,8,8,7795,24334,3125,27459
2,62424,1944,0,0,8,8,7803,49000,729,49729
2,62424,3400,0,0,8,8,7803,7136,2125,9261
2,62480,16,0,0,16,8,7810,17248,5,17253
2,62480,32,0,0,32,8,7810,17248,5,17253
2,62624,31312,0,0,16,8,7828,512,17613,18125
2,62624,62624,0,0,32,8,7828,512,17613,18125
2,62640,464,0,0,16,8,7830,7776,145,7921
2,62640,928,0,0,32,8,7830,7776,145,7921
2,62744,8,0,0,8,8,7843,64000,9,64009
2,62744,8,0,0,8,8,7843,71874,1,71875
2,62744,20088,0,0,8,8,7843,11776,22599,34375
2,62744,38440,0,0,8,8,7843,32,24025,24057
2,62760,8,0,0,8,8,7845,48734,1,48735
2,62760,17496,0,0,8,8,7845,18050,2187,20237
2,62760,19000,0,0,8,8,7845,32,11875,11907
2,62760,37656,0,0,8,8,7845,512,42363,42875
2,62760,54872,0,0,8,8,7845,14750,6859,21609
2,62904,20968,0,0,32,8,7863,75504,2621,78125
2,63080,40,0,0,8,8,7885,29216,25,29241
2,63080,5400,0,0,8,8,7885,12616,2025,14641
2,63080,9560,0,0,8,8,7885,13446,1195,14641
2,63080,54872,0,0,8,8,7885,13310,6859,20169
2,63080,54872,0,0,8,8,7885,311250,6859,318109
2,63096,24,0,0,8,8,7887,30592,21,30613
2,63224,56,0,0,32,8,7903,34992,7,34999
2,63224,9032,0,0,16,8,7903,23436,1129,24565
2,63224,9800,0,0,8,8,7903,384,8575,8959
2,63224,19208,0,0,8,8,7903,128,16807,16935
2,63224,20088,0,0,8,8,7903,33614,2511,36125
2,63240,248,0,0,16,8,7905,19652,31,19683
2,63320,72,0,0,8,8,7915,21866,9,21875
2,63320,232,0,0,8,8,7915,39546,29,39575
2,63320,728,0,0,8,8,7915,8192,1183,9375
2,63320,1080,0,0,8,8,7915,8192,1755,9947
2,63320,12664,0,0,8,8,7915,2560,14247,16807
2,63320,12664,0,0,16,8,7915,84100,1583,85683
2,63320,17576,0,0,8,8,7915,96,10985,11081
2,63320,29000,0,0,8,8,7915,13182,3625,16807
2,63344,592,0,0,32,8,7918,11264,185,11449
2,63344,1184,0,0,64,8,7918,11264,185,11449
2,63432,968,0,0,8,8,7929,16686,121,16807
2,63624,888,0,0,8,8,7953,14792,333,15125
2,63624,14792,0,0,8,8,7953,17834,1849,19683
2,63624,52056,0,0,8,8,7953,2738,6507,9245
2,63672,2744,0,0,8,8,7959,143298,343,143641
2,63784,968,0,0,8,8,7973,9826,121,9947
2,63784,26264,0,0,8,8,7973,1408,22981,24389
2,63784,39304,0,0,8,8,7973,4802,4913,9715
2,63944,63944,0,0,16,8,7993,2132,7993,10125
2,63960,25000,0,0,8,8,7995,61952,28125,90077
2,63960,33800,0,0,8,8,7995,5816,12675,18491
2,63992,8,0,0,64,8,7999,16128,1,16129
2,64008,8,0,0,64,8,8001,16128,1,16129
2,67725,9,0,0,72,9,7525,12544,1,12545
2,67725,9,0,0,72,9,7525,16640,1,16641
2,67725,243,0,0,9,9,7525,24010,27,24037
2,67725,729,0,0,9,9,7525,8192,1053,9245
2,67725,819,0,0,9,9,7525,8192,1183,9375
2,67725,1521,0,0,9,9,7525,25886,169,26055
2,67725,3969,0,0,9,9,7525,33280,3969,37249
2,67725,15435,0,0,9,9,7525,59168,8575,67743
2,67725,19683,0,0,9,9,7525,1720,6561,8281
2,67725,28125,0,0,9,9,7525,6176,15625,21801
2,67725,48375,0,0,9,9,7525,80288,26875,107163
2,67797,43245,0,0,9,9,7533,32,24025,24057
2,68103,1449,0,0,9,9,7567,39366,161,39527
2,68211,9,0,0,36,9,7579,41552,1,41553
2,68211,1287,0,0,18,9,7579,9604,143,9747
2,68211,1521,0,0,9,9,7579,19494,169,19663
2,68211,9747,0,0,9,9,7579,5632,9747,15379
2,68211,21609,0,0,9,9,7579,5618,2401,8019
2,68211,21609,0,0,9,9,7579,2432,16807,19239
2,68265,9,0,0,72,9,7585,11520,1,11521
2,68292,18,0,0,18,9,7588,64000,9,64009
2,68292,36,0,0,36,9,7588,64000,9,64009
2,68310,18,0,0,18,9,7590,64000,9,64009
2,68310,36,0,0,36,9,7590,64000,9,64009
2,68310,594,0,0,36,9,7590,60736,99,60835
2,68337,9,0,0,18,9,7593,10124,1,10125
2,68607,9,0,0,36,9,7623,14640,1,14641
2,68607,81,0,0,9,9,7623,10648,27,10675
2,68607,81,0,0,72,9,7623,15616,9,15625
2,68607,16875,0,0,9,9,7623,7442,1875,9317
2,68607,30195,0,0,9,9,7623,32,16775,16807
2,68715,2187,0,0,9,9,7635,25088,2187,27275
2,68877,22959,0,0,18,9,7653,1024,12755,13779
2,68913,117,0,0,9,9,7657,11178,13,11191
2,68913,3159,0,0,9,9,7657,18944,3159,22103
2,68967,63,0,0,9,9,7663,10658,7,10665
2,68967,729,0,0,9,9,7663,42632,243,42875
2,68967,3285,0,0,9,9,7663,7584,1825,9409
2,68967,63729,0,0,9,9,7663,632,21243,21875
2,68985,9,0,0,18,9,7665,19844,1,19845
2,68985,9,0,0,18,9,7665,142884,1,142885
2,68985,9,0,0,36,9,7665,17424,1,17425
2,68985,63,0,0,18,9,7665,11972,7,11979
2,68985,81,0,0,9,9,7665,13448,27,13475
2,68985,369,0,0,9,9,7665,81634,41,81675
2,68985,369,0,0,9,9,7665,131072,697,131769
2,68985,729,0,0,9,9,7665,42632,243,42875
2,68985,1971,0,0,9,9,7665,9826,219,10045
2,68985,2601,0,0,9,9,7665,19208,867,20075
2,68985,2601,0,0,9,9,7665,24750,289,25039
2,68985,2601,0,0,9,9,7665,39424,2601,42025
2,68985,3285,0,0,9,9,7665,5248,2555,7803
2,68985,4851,0,0,9,9,7665,10086,539,10625
2,68985,6273,0,0,9,9,7665,2560,6273,8833
2,68985,6561,0,0,9,9,7665,20440,2187,22627
2,68985,7623,0,0,9,9,7665,20250,847,21097
2,68985,8019,0,0,9,9,7665,2048,9801,11849
2,68985,11979,0,0,9,9,7665,53290,1331,54621
2,68985,14553,0,0,9,9,7665,186880,14553,201433
2,68985,15129,0,0,9,9,7665,49000,5043,54043
2,68985,16335,0,0,9,9,7665,8704,16335,25039
2,68985,19125,0,0,9,9,7665,42592,10625,53217
2,68985,21609,0,0,9,9,7665,11250,2401,13651
2,68985,21609,0,0,9,9,7665,31974,2401,34375
2,68985,23247,0,0,9,9,7665,6250,2583,8833
2,68985,25515,0,0,9,9,7665,328,8505,8833
2,68985,28125,0,0,9,9,7665,5984,15625,21609
2,68985,29889,0,0,9,9,7665,128,23247,23375
2,68985,33075,0,0,9,9,7665,23944,11025,34969
2,68985,33957,0,0,9,9,7665,54400,26411,80811
2,68985,44217,0,0,9,9,7665,16038,4913,20951
2,68985,44217,0,0,9,9,7665,92250,4913,97163
2,68985,47961,0,0,9,9,7665,4046,5329,9375
2,68985,53217,0,0,9,9,7665,2662,5913,8575
2,68985,53361,0,0,9,9,7665,31250,5929,37179
2,68985,55125,0,0,9,9,7665,15744,42875,58619
2,68985,59049,0,0,9,9,7665,392,19683,20075
2,68985,61965,0,0,9,9,7665,9922,6885,16807
2,69147,2187,0,0,9,9,7683,20882,243,21125
2,69147,4563,0,0,9,9,7683,77618,507,78125
2,69147,7569,0,0,9,9,7683,73034,841,73875
2,69147,12879,0,0,9,9,7683,29000,4293,33293
2,69237,9891,0,0,9,9,7693,2432,7693,10125
2,69237,21375,0,0,9,9,7693,32,11875,11907
2,69255,387,0,0,9,9,7695,64082,43,64125
2,69255,28125,0,0,9,9,7695,16416,15625,32041
2,69255,61731,0,0,9,9,7695,39366,6859,46225
2,69345,63,0,0,9,9,7705,8576,49,8625
2,69345,441,0,0,9,9,7705,8832,343,9175
2,69345,16875,0,0,9,9,7705,6566,1875,8441
2,69345,50301,0,0,9,9,7705,40,16767,16807
2,69426,342,0,0,36,9,7714,41152,57,41209
2,69471,62001,0,0,9,9,7719,3038,6889,9927
2,69480,90,0,0,18,9,7720,23328,25,23353
2,69480,180,0,0,36,9,7720,23328,25,23353
2,69579,19683,0,0,9,9,7731,2888,6561,9449
2,69597,9,0,0,9,9,7733,68782,1,68783
2,69597,99,0,0,18,9,7733,16796,11,16807
2,69597,99,0,0,36,9,7733,26000,11,26011
2,69597,153,0,0,9,9,7733,11858,17,11875
2,69597,315,0,0,9,9,7733,83486,35,83521
2,69597,765,0,0,9,9,7733,80864,425,81289
2,69597,1089,0,0,9,9,7733,11830,121,11951
2,69597,4851,0,0,9,9,7733,80750,539,81289
2,69597,11979,0,0,9,9,7733,13034,1331,14365
2,69597,12321,0,0,9,9,7733,9248,6845,16093
2,69597,28611,0,0,9,9,7733,25382,3179,28561
2,69597,31977,0,0,9,9,7733,32,17765,17797
2,69597,61875,0,0,9,9,7733,1406,6875,8281
2,69615,9,0,0,18,9,7735,31212,1,31213
2,69615,9,0,0,36,9,7735,28560,1,28561
2,69615,153,0,0,18,9,7735,51580,17,51597
2,69615,819,0,0,9,9,7735,8192,1183,9375
2,69615,819,0,0,36,9,7735,23120,91,23211
2,69615,3159,0,0,9,9,7735,17000,1053,18053
2,69615,3969,0,0,9,9,7735,6656,3969,10625
2,69615,4095,0,0,18,9,7735,17408,2275,19683
2,69615,5625,0,0,9,9,7735,43218,625,43843
2,69687,261,0,0,9,9,7743,7776,145,7921
2,69687,801,0,0,18,9,7743,24300,89,24389
2,69723,9,0,0,72,9,7747,16128,1,16129
2,70155,28125,0,0,9,9,7795,24334,3125,27459
2,70227,2187,0,0,9,9,7803,49000,729,49729
2,70227,3825,0,0,9,9,7803,7136,2125,9261
2,70290,18,0,0,18,9,7810,17248,5,17253
2,70290,36,0,0,36,9,7810,17248,5,17253
2,70452,35226,0,0,18,9,7828,512,17613,18125
2,70452,70452,0,0,36,9,7828,512,17613,18125
2,70470,522,0,0,18,9,7830,7776,145,7921
2,70470,1044,0,0,36,9,7830,7776,145,7921
2,70587,9,0,0,9,9,7843,64000,9,64009
2,70587,9,0,0,9,9,7843,71874,1,71875
2,70587,22599,0,0,9,9,7843,11776,22599,34375
2,70587,43245,0,0,9,9,7843,32,24025,24057
2,70605,9,0,0,9,9,7845,48734,1,48735
2,70605,19683,0,0,9,9,7845,18050,2187,20237
2,70605,21375,0,0,9,9,7845,32,11875,11907
2,70605,42363,0,0,9,9,7845,512,42363,42875
2,70605,61731,0,0,9,9,7845,14750,6859,21609
2,70767,23589,0,0,36,9,7863,75504,2621,78125
2,70965,45,0,0,9,9,7885,29216,25,29241
2,70965,6075,0,0,9,9,7885,12616,2025,14641
2,70965,10755,0,0,9,9,7885,13446,1195,14641
2,70965,61731,0,0,9,9,7885,13310,6859,20169
2,70965,61731,0,0,9,9,7885,311250,6859,318109
2,70983,27,0,0,9,9,7887,30592,21,30613
2,71127,63,0,0,36,9,7903,34992,7,34999
2,71127,10161,0,0,18,9,7903,23436,1129,24565
2,71127,11025,0,0,9,9,7903,384,8575,8959
2,71127,21609,0,0,9,9,7903,128,16807,16935
2,71127,22599,0,0,9,9,7903,33614,2511,36125
2,71145,279,0,0,18,9,7905,19652,31,19683
2,71235,81,0,0,9,9,7915,21866,9,21875
2,71235,261,0,0,9,9,7915,39546,29,39575
2,71235,819,0,0,9,9,7915,8192,1183,9375
2,71235,1215,0,0,9,9,7915,8192,1755,9947
2,71235,14247,0,0,9,9,7915,2560,14247,16807
2,71235,14247,0,0,18,9,7915,84100,1583,85683
2,71235,19773,0,0,9,9,7915,96,10985,11081
2,71235,32625,0,0,9,9,7915,13182,3625,16807
2,71262,666,0,0,36,9,7918,11264,185,11449
2,71262,1332,0,0,72,9,7918,11264,185,11449
2,71361,1089,0,0,9,9,7929,16686,121,16807
2,71577,999,0,0,9,9,7953,14792,333,15125
2,71577,16641,0,0,9,9,7953,17834,1849,19683
2,71577,58563,0,0,9,9,7953,2738,6507,9245
2,71631,3087,0,0,9,9,7959,143298,343,143641
2,71757,1089,0,0,9,9,7973,9826,121,9947
2,71757,29547,0,0,9,9,7973,1408,22981,24389
2,71757,44217,0,0,9,9,7973,4802,4913,9715
2,71937,71937,0,0,18,9,7993,2132,7993,10125
2,71955,28125,0,0,9,9,7995,61952,28125,90077
2,71955,38025,0,0,9,9,7995,5816,12675,18491
2,71991,9,0,0,72,9,7999,16128,1,16129
2,72009,9,0,0,72,9,8001,16128,1,16129
2,75250,10,0,0,80,10,7525,12544,1,12545
2,75250,10,0,0,80,10,7525,16640,1,16641
2,75250,270,0,0,10,10,7525,24010,27,24037
2,75250,810,0,0,10,10,7525,8192,1053,9245
2,75250,910,0,0,10,10,7525,8192,1183,9375
2,75250,1690,0,0,10,10,7525,25886,169,26055
2,75250,4410,0,0,10,10,7525,33280,3969,37249
2,75250,17150,0,0,10,10,7525,59168,8575,67743
2,75250,21870,0,0,10,10,7525,1720,6561,8281
2,75250,31250,0,0,10,10,7525,6176,15625,21801
2,75250,53750,0,0,10,10,7525,80288,26875,107163
2,75330,48050,0,0,10,10,7533,32,24025,24057
2,75670,1610,0,0,10,10,7567,39366,161,39527
2,75790,10,0,0,40,10,7579,41552,1,41553
2,75790,1430,0,0,20,10,7579,9604,143,9747
2,75790,1690,0,0,10,10,7579,19494,169,19663
2,75790,10830,0,0,10,10,7579,5632,9747,15379
2,75790,24010,0,0,10,10,7579,5618,2401,8019
2,75790,24010,0,0,10,10,7579,2432,16807,19239
2,75850,10,0,0,80,10,7585,11520,1,11521
2,75880,20,0,0,20,10,7588,64000,9,64009
2,75880,40,0,0,40,10,7588,64000,9,64009
2,75900,20,0,0,20,10,7590,64000,9,64009
2,75900,40,0,0,40,10,7590,64000,9,64009
2,75900,660,0,0,40,10,7590,60736,99,60835
2,75930,10,0,0,20,10,7593,10124,1,10125
2,76230,10,0,0,40,10,7623,14640,1,14641
2,76230,90,0,0,10,10,7623,10648,27,10675
2,76230,90,0,0,80,10,7623,15616,9,15625
2,76230,18750,0,0,10,10,7623,7442,1875,9317
2,76230,33550,0,0,10,10,7623,32,16775,16807
2,76350,2430,0,0,10,10,7635,25088,2187,27275
2,76530,25510,0,0,20,10,7653,1024,12755,13779
2,76570,130,0,0,10,10,7657,11178,13,11191
2,76570,3510,0,0,10,10,7657,18944,3159,22103
2,76630,70,0,0,10,10,7663,10658,7,10665
2,76630,810,0,0,10,10,7663,42632,243,42875
2,76630,3650,0,0,10,10,7663,7584,1825,9409
2,76630,70810,0,0,10,10,7663,632,21243,21875
2,76650,10,0,0,20,10,7665,19844,1,19845
2,76650,10,0,0,20,10,7665,142884,1,142885
2,76650,10,0,0,40,10,7665,17424,1,17425
2,76650,70,0,0,20,10,7665,11972,7,11979
2,76650,90,0,0,10,10,7665,13448,27,13475
2,76650,410,0,0,10,10,7665,81634,41,81675
2,76650,410,0,0,10,10,7665,131072,697,131769
2,76650,810,0,0,10,10,7665,42632,243,42875
2,76650,2190,0,0,10,10,7665,9826,219,10045
2,76650,2890,0,0,10,10,7665,19208,867,20075
2,76650,2890,0,0,10,10,7665,24750,289,25039
2,76650,2890,0,0,10,10,7665,39424,2601,42025
2,76650,3650,0,0,10,10,7665,5248,2555,7803
2,76650,5390,0,0,10,10,7665,10086,539,10625
2,76650,6970,0,0,10,10,7665,2560,6273,8833
2,76650,7290,0,0,10,10,7665,20440,2187,22627
2,76650,8470,0,0,10,10,7665,20250,847,21097
2,76650,8910,0,0,10,10,7665,2048,9801,11849
2,76650,13310,0,0,10,10,7665,53290,1331,54621
2,76650,16170,0,0,10,10,7665,186880,14553,201433
2,76650,16810,0,0,10,10,7665,49000,5043,54043
2,76650,18150,0,0,10,10,7665,8704,16335,25039
2,76650,21250,0,0,10,10,7665,42592,10625,53217
2,76650,24010,0,0,10,10,7665,11250,2401,13651
2,76650,24010,0,0,10,10,7665,31974,2401,34375
2,76650,25830,0,0,10,10,7665,6250,2583,8833
2,76650,28350,0,0,10,10,7665,328,8505,8833
2,76650,31250,0,0,10,10,7665,5984,15625,21609
2,76650,33210,0,0,10,10,7665,128,23247,23375
2,76650,36750,0,0,10,10,7665,23944,11025,34969
2,76650,37730,0,0,10,10,7665,54400,26411,80811
2,76650,49130,0,0,10,10,7665,16038,4913,20951
2,76650,49130,0,0,10,10,7665,92250,4913,97163
2,76650,53290,0,0,10,10,7665,4046,5329,9375
2,76650,59130,0,0,10,10,7665,2662,5913,8575
2,76650,59290,0,0,10,10,7665,31250,5929,37179
2,76650,61250,0,0,10,10,7665,15744,42875,58619
2,76650,65610,0,0,10,10,7665,392,19683,20075
2,76650,68850,0,0,10,10,7665,9922,6885,16807
2,76830,2430,0,0,10,10,7683,20882,243,21125
2,76830,5070,0,0,10,10,7683,77618,507,78125
2,76830,8410,0,0,10,10,7683,73034,841,73875
2,76830,14310,0,0,10,10,7683,29000,4293,33293
2,76930,10990,0,0,10,10,7693,2432,7693,10125
2,76930,23750,0,0,10,10,7693,32,11875,11907
2,76950,430,0,0,10,10,7695,64082,43,64125
2,76950,31250,0,0,10,10,7695,16416,15625,32041
2,76950,68590,0,0,10,10,7695,39366,6859,46225
2,77050,70,0,0,10,10,7705,8576,49,8625
2,77050,490,0,0,10,10,7705,8832,343,9175
2,77050,18750,0,0,10,10,7705,6566,1875,8441
2,77050,55890,0,0,10,10,7705,40,16767,16807
2,77140,380,0,0,40,10,7714,41152,57,41209
2,77190,68890,0,0,10,10,7719,3038,6889,9927
2,77200,100,0,0,20,10,7720,23328,25,23353
2,77200,200,0,0,40,10,7720,23328,25,23353
2,77310,21870,0,0,10,10,7731,2888,6561,9449
2,77330,10,0,0,10,10,7733,68782,1,68783
2,77330,110,0,0,20,10,7733,16796,11,16807
2,77330,110,0,0,40,10,7733,26000,11,26011
2,77330,170,0,0,10,10,7733,11858,17,11875
2,77330,350,0,0,10,10,7733,83486,35,83521
2,77330,850,0,0,10,10,7733,80864,425,81289
2,77330,1210,0,0,10,10,7733,11830,121,11951
2,77330,5390,0,0,10,10,7733,80750,539,81289
2,77330,13310,0,0,10,10,7733,13034,1331,14365
2,77330,13690,0,0,10,10,7733,9248,6845,16093
2,77330,31790,0,0,10,10,7733,25382,3179,28561
2,77330,35530,0,0,10,10,7733,32,17765,17797
2,77330,68750,0,0,10,10,7733,1406,6875,8281
2,77350,10,0,0,20,10,7735,31212,1,31213
2,77350,10,0,0,40,10,7735,28560,1,28561
2,77350,170,0,0,20,10,7735,51580,17,51597
2,77350,910,0,0,10,10,7735,8192,1183,9375
2,77350,910,0,0,40,10,7735,23120,91,23211
2,77350,3510,0,0,10,10,7735,17000,1053,18053
2,77350,4410,0,0,10,10,7735,6656,3969,10625
2,77350,4550,0,0,20,10,7735,17408,2275,19683
2,77350,6250,0,0,10,10,7735,43218,625,43843
2,77430,290,0,0,10,10,7743,7776,145,7921
2,77430,890,0,0,20,10,7743,24300,89,24389
2,77470,10,0,0,80,10,7747,16128,1,16129
2,77950,31250,0,0,10,10,7795,24334,3125,27459
2,78030,2430,0,0,10,10,7803,49000,729,49729
2,78030,4250,0,0,10,10,7803,7136,2125,9261
2,78100,20,0,0,20,10,7810,17248,5,17253
2,78100,40,0,0,40,10,7810,17248,5,17253
2,78280,39140,0,0,20,10,7828,512,17613,18125
2,78280,78280,0,0,40,10,7828,512,17613,18125
2,78300,580,0,0,20,10,7830,7776,145,7921
2,78300,1160,0,0,40,10,7830,7776,145,7921
2,78430,10,0,0,10,10,7843,64000,9,64009
2,78430,10,0,0,10,10,7843,71874,1,71875
2,78430,25110,0,0,10,10,7843,11776,22599,34375
2,78430,48050,0,0,10,10,7843,32,24025,24057
2,78450,10,0,0,10,10,7845,48734,1,48735
2,78450,21870,0,0,10,10,7845,18050,2187,20237
2,78450,23750,0,0,10,10,7845,32,11875,11907
2,78450,47070,0,0,10,10,7845,512,42363,42875
2,78450,68590,0,0,10,10,7845,14750,6859,21609
2,78630,26210,0,0,40,10,7863,75504,2621,78125
2,78850,50,0,0,10,10,7885,29216,25,29241
2,78850,6750,0,0,10,10,7885,12616,2025,14641
2,78850,11950,0,0,10,10,7885,13446,1195,14641
2,78850,68590,0,0,10,10,7885,13310,6859,20169
2,78850,68590,0,0,10,10,7885,311250,6859,318109
2,78870,30,0,0,10,10,7887,30592,21,30613
2,79030,70,0,0,40,10,7903,34992,7,34999
2,79030,11290,0,0,20,10,7903,23436,1129,24565
2,79030,12250,0,0,10,10,7903,384,8575,8959
2,79030,24010,0,0,10,10,7903,128,16807,16935
2,79030,25110,0,0,10,10,7903,33614,2511,36125
2,79050,310,0,0,20,10,7905,19652,31,19683
2,79150,90,0,0,10,10,7915,21866,9,21875
2,79150,290,0,0,10,10,7915,39546,29,39575
2,79150,910,0,0,10,10,7915,8192,1183,9375
2,79150,1350,0,0,10,10,7915,8192,1755,9947
2,79150,15830,0,0,10,10,7915,2560,14247,16807
2,79150,15830,0,0,20,10,7915,84100,1583,85683
2,79150,21970,0,0,10,10,7915,96,10985,11081
2,79150,36250,0,0,10,10,7915,13182,3625,16807
2,79180,740,0,0,40,10,7918,11264,185,11449
2,79180,1480,0,0,80,10,7918,11264,185,11449
2,79290,1210,0,0,10,10,7929,16686,121,16807
2,79530,1110,0,0,10,10,7953,14792,333,15125
2,79530,18490,0,0,10,10,7953,17834,1849,19683
2,79530,65070,0,0,10,10,7953,2738,6507,9245
2,79590,3430,0,0,10,10,7959,143298,343,143641
2,79730,1210,0,0,10,10,7973,9826,121,9947
2,79730,32830,0,0,10,10,7973,1408,22981,24389
2,79730,49130,0,0,10,10,7973,4802,4913,9715
2,79930,79930,0,0,20,10,7993,2132,7993,10125
2,79950,31250,0,0,10,10,7995,61952,28125,90077
2,79950,42250,0,0,10,10,7995,5816,12675,18491
2,79990,10,0,0,80,10,7999,16128,1,16129
2,80010,10,0,0,80,10,8001,16128,1,16129
2,82775,11,0,0,88,11,7525,12544,1,12545
2,82775,11,0,0,88,11,7525,16640,1,16641
2,82775,297,0,0,11,11,7525,24010,27,24037
2,82775,891,0,0,11,11,7525,8192,1053,9245
2,82775,1001,0,0,11,11,7525,8192,1183,9375
2,82775,1859,0,0,11,11,7525,25886,169,26055
2,82775,4851,0,0,11,11,7525,33280,3969,37249
2,82775,18865,0,0,11,11,7525,59168,8575,67743
2,82775,24057,0,0,11,11,7525,1720,6561,8281
2,82775,34375,0,0,11,11,7525,6176,15625,21801
2,82775,59125,0,0,11,11,7525,80288,26875,107163
2,82863,52855,0,0,11,11,7533,32,24025,24057
2,83237,1771,0,0,11,11,7567,39366,161,39527
2,83369,11,0,0,44,11,7579,41552,1,41553
2,83369,1573,0,0,22,11,7579,9604,143,9747
2,83369,1859,0,0,11,11,7579,19494,169,19663
2,83369,11913,0,0,11,11,7579,5632,9747,15379
2,83369,26411,0,0,11,11,7579,5618,2401,8019
2,83369,26411,0,0,11,11,7579,2432,16807,19239
2,83435,11,0,0,88,11,7585,11520,1,11521
2,83468,22,0,0,22,11,7588,64000,9,64009
2,83468,44,0,0,44,11,7588,64000,9,64009
2,83490,22,0,0,22,11,7590,64000,9,64009
2,83490,44,0,0,44,11,7590,64000,9,64009
2,83490,726,0,0,44,11,7590,60736,99,60835
2,83523,11,0,0,22,11,7593,10124,1,10125
2,83853,11,0,0,44,11,7623,14640,1,14641
2,83853,99,0,0,11,11,7623,10648,27,10675
2,83853,99,0,0,88,11,7623,15616,9,15625
2,83853,20625,0,0,11,11,7623,7442,1875,9317
2,83853,36905,0,0,11,11,7623,32,16775,16807
2,83985,2673,0,0,11,11,7635,25088,2187,27275
2,84183,28061,0,0,22,11,7653,1024,12755,13779
2,84227,143,0,0,11,11,7657,11178,13,11191
2,84227,3861,0,0,11,11,7657,18944,3159,22103
2,84293,77,0,0,11,11,7663,10658,7,10665
2,84293,891,0,0,11,11,7663,42632,243,42875
2,84293,4015,0,0,11,11,7663,7584,1825,9409
2,84293,77891,0,0,11,11,7663,632,21243,21875
2,84315,11,0,0,22,11,7665,19844,1,19845
2,84315,11,0,0,22,11,7665,142884,1,142885
2,84315,11,0,0,44,11,7665,17424,1,17425
2,84315,77,0,0,22,11,7665,11972,7,11979
2,84315,99,0,0,11,11,7665,13448,27,13475
2,84315,451,0,0,11,11,7665,81634,41,81675
2,84315,451,0,0,11,11,7665,131072,697,131769
2,84315,891,0,0,11,11,7665,42632,243,42875
2,84315,2409,0,0,11,11,7665,9826,219,10045
2,84315,3179,0,0,11,11,7665,19208,867,20075
2,84315,3179,0,0,11,11,7665,24750,289,25039
2,84315,3179,0,0,11,11,7665,39424,2601,42025
2,84315,4015,0,0,11,11,7665,5248,2555,7803
2,84315,5929,0,0,11,11,7665,10086,539,10625
2,84315,7667,0,0,11,11,7665,2560,6273,8833
2,84315,8019,0,0,11,11,7665,20440,2187,22627
2,84315,9317,0,0,11,11,7665,20250,847,21097
2,84315,9801,0,0,11,11,7665,2048,9801,11849
2,84315,14641,0,0,11,11,7665,53290,1331,54621
2,84315,17787,0,0,11,11,7665,186880,14553,201433
2,84315,18491,0,0,11,11,7665,49000,5043,54043
2,84315,19965,0,0,11,11,7665,8704,16335,25039
2,84315,23375,0,0,11,11,7665,42592,10625,53217
2,84315,26411,0,0,11,11,7665,11250,2401,13651
2,84315,26411,0,0,11,11,7665,31974,2401,34375
2,84315,28413,0,0,11,11,7665,6250,2583,8833
2,84315,31185,0,0,11,11,7665,328,8505,8833
2,84315,34375,0,0,11,11,7665,5984,15625,21609
2,84315,36531,0,0,11,11,7665,128,23247,23375
2,84315,40425,0,0,11,11,7665,23944,11025,34969
2,84315,41503,0,0,11,11,7665,54400,26411,80811
2,84315,54043,0,0,11,11,7665,16038,4913,20951
2,84315,54043,0,0,11,11,7665,92250,4913,97163
2,84315,58619,0,0,11,11,7665,4046,5329,9375
2,84315,65043,0,0,11,11,7665,2662,5913,8575
2,84315,65219,0,0,11,11,7665,31250,5929,37179
2,84315,67375,0,0,11,11,7665,15744,42875,58619
2,84315,72171,0,0,11,11,7665,392,19683,20075
2,84315,75735,0,0,11,11,7665,9922,6885,16807
2,84513,2673,0,0,11,11,7683,20882,243,21125
2,84513,5577,0,0,11,11,7683,77618,507,78125
2,84513,9251,0,0,11,11,7683,73034,841,73875
2,84513,15741,0,0,11,11,7683,29000,4293,33293
2,84623,12089,0,0,11,11,7693,2432,7693,10125
2,84623,26125,0,0,11,11,7693,32,11875,11907
2,84645,473,0,0,11,11,7695,64082,43,64125
2,84645,34375,0,0,11,11,7695,16416,15625,32041
2,84645,75449,0,0,11,11,7695,39366,6859,46225
2,84755,77,0,0,11,11,7705,8576,49,8625
2,84755,539,0,0,11,11,7705,8832,343,9175
2,84755,20625,0,0,11,11,7705,6566,1875,8441
2,84755,61479,0,0,11,11,7705,40,16767,16807
2,84854,418,0,0,44,11,7714,41152,57,41209
2,84909,75779,0,0,11,11,7719,3038,6889,9927
2,84920,110,0,0,22,11,7720,23328,25,23353
2,84920,220,0,0,44,11,7720,23328,25,23353
2,85041,24057,0,0,11,11,7731,2888,6561,9449
2,85063,11,0,0,11,11,7733,68782,1,68783
2,85063,121,0,0,22,11,7733,16796,11,16807
2,85063,121,0,0,44,11,7733,26000,11,26011
2,85063,187,0,0,11,11,7733,11858,17,11875
2,85063,385,0,0,11,11,7733,83486,35,83521
2,85063,935,0,0,11,11,7733,80864,425,81289
2,85063,1331,0,0,11,11,7733,11830,121,11951
2,85063,5929,0,0,11,11,7733,80750,539,81289
2,85063,14641,0,0,11,11,7733,13034,1331,14365
2,85063,15059,0,0,11,11,7733,9248,6845,16093
2,85063,34969,0,0,11,11,7733,25382,3179,28561
2,85063,39083,0,0,11,11,7733,32,17765,17797
2,85063,75625,0,0,11,11,7733,1406,6875,8281
2,85085,11,0,0,22,11,7735,31212,1,31213
2,85085,11,0,0,44,11,7735,28560,1,28561
2,85085,187,0,0,22,11,7735,51580,17,51597
2,85085,1001,0,0,11,11,7735,8192,1183,9375
2,85085,1001,0,0,44,11,7735,23120,91,23211
2,85085,3861,0,0,11,11,7735,17000,1053,18053
2,85085,4851,0,0,11,11,7735,6656,3969,10625
2,85085,5005,0,0,22,11,7735,17408,2275,19683
2,85085,6875,0,0,11,11,7735,43218,625,43843
2,85173,319,0,0,11,11,7743,7776,145,7921
2,85173,979,0,0,22,11,7743,24300,89,24389
2,85217,11,0,0,88,11,7747,16128,1,16129
2,85745,34375,0,0,11,11,7795,24334,3125,27459
2,85833,2673,0,0,11,11,7803,49000,729,49729
2,85833,4675,0,0,11,11,7803,7136,2125,9261
2,85910,22,0,0,22,11,7810,17248,5,17253
2,85910,44,0,0,44,11,7810,17248,5,17253
2,86108,43054,0,0,22,11,7828,512,17613,18125
2,86108,86108,0,0,44,11,7828,512,17613,18125
2,86130,638,0,0,22,11,7830,7776,145,7921
2,86130,1276,0,0,44,11,7830,7776,145,7921
2,86273,11,0,0,11,11,7843,64000,9,64009
2,86273,11,0,0,11,11,7843,71874,1,71875
2,86273,27621,0,0,11,11,7843,11776,22599,34375
2,86273,52855,0,0,11,11,7843,32,24025,24057
2,86295,11,0,0,11,11,7845,48734,1,48735
2,86295,24057,0,0,11,11,7845,18050,2187,20237
2,86295,26125,0,0,11,11,7845,32,11875,11907
2,86295,51777,0,0,11,11,7845,512,42363,42875
2,86295,75449,0,0,11,11,7845,14750,6859,21609
2,86493,28831,0,0,44,11,7863,75504,2621,78125
2,86735,55,0,0,11,11,7885,29216,25,29241
2,86735,7425,0,0,11,11,7885,12616,2025,14641
2,86735,13145,0,0,11,11,7885,13446,1195,14641
2,86735,75449,0,0,11,11,7885,13310,6859,20169
2,86735,75449,0,0,11,11,7885,311250,6859,318109
2,86757,33,0,0,11,11,7887,30592,21,30613
2,86933,77,0,0,44,11,7903,34992,7,34999
2,86933,12419,0,0,22,11,7903,23436,1129,24565
2,86933,13475,0,0,11,11,7903,384,8575,8959
2,86933,26411,0,0,11,11,7903,128,16807,16935
2,86933,27621,0,0,11,11,7903,33614,2511,36125
2,86955,341,0,0,22,11,7905,19652,31,19683
2,87065,99,0,0,11,11,7915,21866,9,21875
2,87065,319,0,0,11,11,7915,39546,29,39575
2,87065,1001,0,0,11,11,7915,8192,1183,9375
2,87065,1485,0,0,11,11,7915,8192,1755,9947
2,87065,17413,0,0,11,11,7915,2560,14247,16807
2,87065,17413,0,0,22,11,7915,84100,1583,85683
2,87065,24167,0,0,11,11,7915,96,10985,11081
2,87065,39875,0,0,11,11,7915,13182,3625,16807
2,87098,814,0,0,44,11,7918,11264,185,11449
2,87098,1628,0,0,88,11,7918,11264,185,11449
2,87219,1331,0,0,11,11,7929,16686,121,16807
2,87483,1221,0,0,11,11,7953,14792,333,15125
2,87483,20339,0,0,11,11,7953,17834,1849,19683
2,87483,71577,0,0,11,11,7953,2738,6507,9245
2,87549,3773,0,0,11,11,7959,143298,343,143641
2,87703,1331,0,0,11,11,7973,9826,121,9947
2,87703,36113,0,0,11,11,7973,1408,22981,24389
2,87703,54043,0,0,11,11,7973,4802,4913,9715
2,87923,87923,0,0,22,11,7993,2132,7993,10125
2,87945,34375,0,0,11,11,7995,61952,28125,90077
2,87945,46475,0,0,11,11,7995,5816,12675,18491
2,87989,11,0,0,88,11,7999,16128,1,16129
2,88011,11,0,0,88,11,8001,16128,1,16129
2,90300,12,0,0,96,12,7525,12544,1,12545
2,90300,12,0,0,96,12,7525,16640,1,16641
2,90300,324,0,0,12,12,7525,24010,27,24037
2,90300,972,0,0,12,12,7525,8192,1053,9245
2,90300,1092,0,0,12,12,7525,8192,1183,9375
2,90300,2028,0,0,12,12,7525,25886,169,26055
2,90300,5292,0,0,12,12,7525,33280,3969,37249
2,90300,20580,0,0,12,12,7525,59168,8575,67743
2,90300,26244,0,0,12,12,7525,1720,6561,8281
2,90300,37500,0,0,12,12,7525,6176,15625,21801
2,90300,64500,0,0,12,12,7525,80288,26875,107163
2,90396,57660,0,0,12,12,7533,32,24025,24057
2,90804,1932,0,0,12,12,7567,39366,161,39527
2,90948,12,0,0,48,12,7579,41552,1,41553
2,90948,1716,0,0,24,12,7579,9604,143,9747
2,90948,2028,0,0,12,12,7579,19494,169,19663
2,90948,12996,0,0,12,12,7579,5632,9747,15379
2,90948,28812,0,0,12,12,7579,5618,2401,8019
2,90948,28812,0,0,12,12,7579,2432,16807,19239
2,91020,12,0,0,96,12,7585,11520,1,11521
2,91056,24,0,0,24,12,7588,64000,9,64009
2,91056,48,0,0,48,12,7588,64000,9,64009
2,91080,24,0,0,24,12,7590,64000,9,64009
2,91080,48,0,0,48,12,7590,64000,9,64009
2,91080,792,0,0,48,12,7590,60736,99,60835
2,91116,12,0,0,24,12,7593,10124,1,10125
2,91476,12,0,0,48,12,7623,14640,1,14641
2,91476,108,0,0,12,12,7623,10648,27,10675
2,91476,108,0,0,96,12,7623,15616,9,15625
2,91476,22500,0,0,12,12,7623,7442,1875,9317
2,91476,40260,0,0,12,12,7623,32,16775,16807
2,91620,2916,0,0,12,12,7635,25088,2187,27275
2,91836,30612,0,0,24,12,7653,1024,12755,13779
2,91884,156,0,0,12,12,7657,11178,13,11191
2,91884,4212,0,0,12,12,7657,18944,3159,22103
2,91956,84,0,0,12,12,7663,10658,7,10665
2,91956,972,0,0,12,12,7663,42632,243,42875
2,91956,4380,0,0,12,12,7663,7584,1825,9409
2,91956,84972,0,0,12,12,7663,632,21243,21875
2,91980,12,0,0,24,12,7665,19844,1,19845
2,91980,12,0,0,24,12,7665,142884,1,142885
2,91980,12,0,0,48,12,7665,17424,1,17425
2,91980,84,0,0,24,12,7665,11972,7,11979
2,91980,108,0,0,12,12,7665,13448,27,13475
2,91980,492,0,0,12,12,7665,81634,41,81675
2,91980,492,0,0,12,12,7665,131072,697,131769
2,91980,972,0,0,12,12,7665,42632,243,42875
2,91980,2628,0,0,12,12,7665,9826,219,10045
2,91980,3468,0,0,12,12,7665,19208,867,20075
2,91980,3468,0,0,12,12,7665,24750,289,25039
2,91980,3468,0,0,12,12,7665,39424,2601,42025
2,91980,4380,0,0,12,12,7665,5248,2555,7803
2,91980,6468,0,0,12,12,7665,10086,539,10625
2,91980,8364,0,0,12,12,7665,2560,6273,8833
2,91980,8748,0,0,12,12,7665,20440,2187,22627
2,91980,10164,0,0,12,12,7665,20250,847,21097
2,91980,10692,0,0,12,12,7665,2048,9801,11849
2,91980,15972,0,0,12,12,7665,53290,1331,54621
2,91980,19404,0,0,12,12,7665,186880,14553,201433
2,91980,20172,0,0,12,12,7665,49000,5043,54043
2,91980,21780,0,0,12,12,7665,8704,16335,25039
2,91980,25500,0,0,12,12,7665,42592,10625,53217
2,91980,28812,0,0,12,12,7665,11250,2401,13651
2,91980,28812,0,0,12,12,7665,31974,2401,34375
2,91980,30996,0,0,12,12,7665,6250,2583,8833
2,91980,34020,0,0,12,12,7665,328,8505,8833
2,91980,37500,0,0,12,12,7665,5984,15625,21609
2,91980,39852,0,0,12,12,7665,128,23247,23375
2,91980,44100,0,0,12,12,7665,23944,11025,34969
2,91980,45276,0,0,12,12,7665,54400,26411,80811
2,91980,58956,0,0,12,12,7665,16038,4913,20951
2,91980,58956,0,0,12,12,7665,92250,4913,97163
2,91980,63948,0,0,12,12,7665,4046,5329,9375
2,91980,70956,0,0,12,12,7665,2662,5913,8575
2,91980,71148,0,0,12,12,7665,31250,5929,37179
2,91980,73500,0,0,12,12,7665,15744,42875,58619
2,91980,78732,0,0,12,12,7665,392,19683,20075
2,91980,82620,0,0,12,12,7665,9922,6885,16807
2,92196,2916,0,0,12,12,7683,20882,243,21125
2,92196,6084,0,0,12,12,7683,77618,507,78125
2,92196,10092,0,0,12,12,7683,73034,841,73875
2,92196,17172,0,0,12,12,7683,29000,4293,33293
2,92316,13188,0,0,12,12,7693,2432,7693,10125
2,92316,28500,0,0,12,12,7693,32,11875,11907
2,92340,516,0,0,12,12,7695,64082,43,64125
2,92340,37500,0,0,12,12,7695,16416,15625,32041
2,92340,82308,0,0,12,12,7695,39366,6859,46225
2,92460,84,0,0,12,12,7705,8576,49,8625
2,92460,588,0,0,12,12,7705,8832,343,9175
2,92460,22500,0,0,12,12,7705,6566,1875,8441
2,92460,67068,0,0,12,12,7705,40,16767,16807
2,92568,456,0,0,48,12,7714,41152,57,41209
2,92628,82668,0,0,12,12,7719,3038,6889,9927
2,92640,120,0,0,24,12,7720,23328,25,23353
2,92640,240,0,0,48,12,7720,23328,25,23353
2,92772,26244,0,0,12,12,7731,2888,6561,9449
2,92796,12,0,0,12,12,7733,68782,1,68783
2,92796,132,0,0,24,12,7733,16796,11,16807
2,92796,132,0,0,48,12,7733,26000,11,26011
2,92796,204,0,0,12,12,7733,11858,17,11875
2,92796,420,0,0,12,12,7733,83486,35,83521
2,92796,1020,0,0,12,12,7733,80864,425,81289
2,92796,1452,0,0,12,12,7733,11830,121,11951
2,92796,6468,0,0,12,12,7733,80750,539,81289
2,92796,15972,0,0,12,12,7733,13034,1331,14365
2,92796,16428,0,0,12,12,7733,9248,6845,16093
2,92796,38148,0,0,12,12,7733,25382,3179,28561
2,92796,42636,0,0,12,12,7733,32,17765,17797
2,92796,82500,0,0,12,12,7733,1406,6875,8281
2,92820,12,0,0,24,12,7735,31212,1,31213
2,92820,12,0,0,48,12,7735,28560,1,28561
2,92820,204,0,0,24,12,7735,51580,17,51597
2,92820,1092,0,0,12,12,7735,8192,1183,9375
2,92820,1092,0,0,48,12,7735,23120,91,23211
2,92820,4212,0,0,12,12,7735,17000,1053,18053
2,92820,5292,0,0,12,12,7735,6656,3969,10625
2,92820,5460,0,0,24,12,7735,17408,2275,19683
2,92820,7500,0,0,12,12,7735,43218,625,43843
2,92916,348,0,0,12,12,7743,7776,145,7921
2,92916,1068,0,0,24,12,7743,24300,89,24389
2,92964,12,0,0,96,12,7747,16128,1,16129
2,93540,37500,0,0,12,12,7795,24334,3125,27459
2,93636,2916,0,0,12,12,7803,49000,729,49729
2,93636,5100,0,0,12,12,7803,7136,2125,9261
2,93720,24,0,0,24,12,7810,17248,5,17253
2,93720,48,0,0,48,12,7810,17248,5,17253
2,93936,46968,0,0,24,12,7828,512,17613,18125
2,93936,93936,0,0,48,12,7828,512,17613,18125
2,93960,696,0,0,24,12,7830,7776,145,7921
2,93960,1392,0,0,48,12,7830,7776,145,7921
2,94116,12,0,0,12,12,7843,64000,9,64009
2,94116,12,0,0,12,12,7843,71874,1,71875
2,94116,30132,0,0,12,12,7843,11776,22599,34375
2,94116,57660,0,0,12,12,7843,32,24025,24057
2,94140,12,0,0,12,12,7845,48734,1,48735
2,94140,26244,0,0,12,12,7845,18050,2187,20237
2,94140,28500,0,0,12,12,7845,32,11875,11907
2,94140,56484,0,0,12,12,7845,512,42363,42875
2,94140,82308,0,0,12,12,7845,14750,6859,21609
2,94356,31452,0,0,48,12,7863,75504,2621,78125
2,94620,60,0,0,12,12,7885,29216,25,29241
2,94620,8100,0,0,12,12,7885,12616,2025,14641
2,94620,14340,0,0,12,12,7885,13446,1195,14641
2,94620,82308,0,0,12,12,7885,13310,6859,20169
2,94620,82308,0,0,12,12,7885,311250,6859,318109
2,94644,36,0,0,12,12,7887,30592,21,30613
2,94836,84,0,0,48,12,7903,34992,7,34999
2,94836,13548,0,0,24,12,7903,23436,1129,24565
2,94836,14700,0,0,12,12,7903,384,8575,8959
2,94836,28812,0,0,12,12,7903,128,16807,16935
2,94836,30132,0,0,12,12,7903,33614,2511,36125
2,94860,372,0,0,24,12,7905,19652,31,19683
2,94980,108,0,0,12,12,7915,21866,9,21875
2,94980,348,0,0,12,12,7915,39546,29,39575
2,94980,1092,0,0,12,12,7915,8192,1183,9375
2,94980,1620,0,0,12,12,7915,8192,1755,9947
2,94980,18996,0,0,12,12,7915,2560,14247,16807
2,94980,18996,0,0,24,12,7915,84100,1583,85683
2,94980,26364,0,0,12,12,7915,96,10985,11081
2,94980,43500,0,0,12,12,7915,13182,3625,16807
2,95016,888,0,0,48,12,7918,11264,185,11449
2,95016,1776,0,0,96,12,7918,11264,185,11449
2,95148,1452,0,0,12,12,7929,16686,121,16807
2,95436,1332,0,0,12,12,7953,14792,333,15125
2,95436,22188,0,0,12,12,7953,17834,1849,19683
2,95436,78084,0,0,12,12,7953,2738,6507,9245
2,95508,4116,0,0,12,12,7959,143298,343,143641
2,95676,1452,0,0,12,12,7973,9826,121,9947
2,95676,39396,0,0,12,12,7973,1408,22981,24389
2,95676,58956,0,0,12,12,7973,4802,4913,9715
2,95916,95916,0,0,24,12,7993,2132,7993,10125
2,95940,37500,0,0,12,12,7995,61952,28125,90077
2,95940,50700,0,0,12,12,7995,5816,12675,18491
2,95988,12,0,0,96,12,7999,16128,1,16129
2,96012,12,0,0,96,12,8001,16128,1,16129
2,97825,13,0,0,104,13,7525,12544,1,12545
2,97825,13,0,0,104,13,7525,16640,1,16641
2,97825,351,0,0,13,13,7525,24010,27,24037
2,97825,1053,0,0,13,13,7525,8192,1053,9245
2,97825,1183,0,0,13,13,7525,8192,1183,9375
2,97825,2197,0,0,13,13,7525,25886,169,26055
2,97825,5733,0,0,13,13,7525,33280,3969,37249
2,97825,22295,0,0,13,13,7525,59168,8575,67743
2,97825,28431,0,0,13,13,7525,1720,6561,8281
2,97825,40625,0,0,13,13,7525,6176,15625,21801
2,97825,69875,0,0,13,13,7525,80288,26875,107163
2,97929,62465,0,0,13,13,7533,32,24025,24057
2,98371,2093,0,0,13,13,7567,39366,161,39527
2,98527,13,0,0,52,13,7579,41552,1,41553
2,98527,1859,0,0,26,13,7579,9604,143,9747
2,98527,2197,0,0,13,13,7579,19494,169,19663
2,98527,14079,0,0,13,13,7579,5632,9747,15379
2,98527,31213,0,0,13,13,7579,5618,2401,8019
2,98527,31213,0,0,13,13,7579,2432,16807,19239
2,98605,13,0,0,104,13,7585,11520,1,11521
2,98644,26,0,0,26,13,7588,64000,9,64009
2,98644,52,0,0,52,13,7588,64000,9,64009
2,98670,26,0,0,26,13,7590,64000,9,64009
2,98670,52,0,0,52,13,7590,64000,9,64009
2,98670,858,0,0,52,13,7590,60736,99,60835
2,98709,13,0,0,26,13,7593,10124,1,10125
2,99099,13,0,0,52,13,7623,14640,1,14641
2,99099,117,0,0,13,13,7623,10648,27,10675
2,99099,117,0,0,104,13,7623,15616,9,15625
2,99099,24375,0,0,13,13,7623,7442,1875,9317
2,99099,43615,0,0,13,13,7623,32,16775,16807
2,99255,3159,0,0,13,13,7635,25088,2187,27275
2,99489,33163,0,0,26,13,7653,1024,12755,13779
2,99541,169,0,0,13,13,7657,11178,13,11191
2,99541,4563,0,0,13,13,7657,18944,3159,22103
2,99619,91,0,0,13,13,7663,10658,7,10665
2,99619,1053,0,0,13,13,7663,42632,243,42875
2,99619,4745,0,0,13,13,7663,7584,1825,9409
2,99619,92053,0,0,13,13,7663,632,21243,21875
2,99645,13,0,0,26,13,7665,19844,1,19845
2,99645,13,0,0,26,13,7665,142884,1,142885
2,99645,13,0,0,52,13,7665,17424,1,17425
2,99645,91,0,0,26,13,7665,11972,7,11979
2,99645,117,0,0,13,13,7665,13448,27,13475
2,99645,533,0,0,13,13,7665,81634,41,81675
2,99645,533,0,0,13,13,7665,131072,697,131769
2,99645,1053,0,0,13,13,7665,42632,243,42875
2,99645,2847,0,0,13,13,7665,9826,219,10045
2,99645,3757,0,0,13,13,7665,19208,867,20075
2,99645,3757,0,0,13,13,7665,24750,289,25039
2,99645,3757,0,0,13,13,7665,39424,2601,42025
2,99645,4745,0,0,13,13,7665,5248,2555,7803
2,99645,7007,0,0,13,13,7665,10086,539,10625
2,99645,9061,0,0,13,13,7665,2560,6273,8833
2,99645,9477,0,0,13,13,7665,20440,2187,22627
2,99645,11011,0,0,13,13,7665,20250,847,21097
2,99645,11583,0,0,13,13,7665,2048,9801,11849
2,99645,17303,0,0,13,13,7665,53290,1331,54621
2,99645,21021,0,0,13,13,7665,186880,14553,201433
2,99645,21853,0,0,13,13,7665,49000,5043,54043
2,99645,23595,0,0,13,13,7665,8704,16335,25039
2,99645,27625,0,0,13,13,7665,42592,10625,53217
2,99645,31213,0,0,13,13,7665,11250,2401,13651
2,99645,31213,0,0,13,13,7665,31974,2401,34375
2,99645,33579,0,0,13,13,7665,6250,2583,8833
2,99645,36855,0,0,13,13,7665,328,8505,8833
2,99645,40625,0,0,13,13,7665,5984,15625,21609
2,99645,43173,0,0,13,13,7665,128,23247,23375
2,99645,47775,0,0,13,13,7665,23944,11025,34969
2,99645,49049,0,0,13,13,7665,54400,26411,80811
2,99645,63869,0,0,13,13,7665,16038,4913,20951
2,99645,63869,0,0,13,13,7665,92250,4913,97163
2,99645,69277,0,0,13,13,7665,4046,5329,9375
2,99645,76869,0,0,13,13,7665,2662,5913,8575
2,99645,77077,0,0,13,13,7665,31250,5929,37179
2,99645,79625,0,0,13,13,7665,15744,42875,58619
2,99645,85293,0,0,13,13,7665,392,19683,20075
2,99645,89505,0,0,13,13,7665,9922,6885,16807
2,99879,3159,0,0,13,13,7683,20882,243,21125
2,99879,6591,0,0,13,13,7683,77618,507,78125
2,99879,10933,0,0,13,13,7683,73034,841,73875
2,99879,18603,0,0,13,13,7683,29000,4293,33293
2,100009,14287,0,0,13,13,7693,2432,7693,10125
2,100009,30875,0,0,13,13,7693,32,11875,11907
2,100035,559,0,0,13,13,7695,64082,43,64125
2,100035,40625,0,0,13,13,7695,16416,15625,32041
2,100035,89167,0,0,13,13,7695,39366,6859,46225
2,100165,91,0,0,13,13,7705,8576,49,8625
2,100165,637,0,0,13,13,7705,8832,343,9175
2,100165,24375,0,0,13,13,7705,6566,1875,8441
2,100165,72657,0,0,13,13,7705,40,16767,16807
2,100282,494,0,0,52,13,7714,41152,57,41209
2,100347,89557,0,0,13,13,7719,3038,6889,9927
2,100360,130,0,0,26,13,7720,23328,25,23353
2,100360,260,0,0,52,13,7720,23328,25,23353
2,100503,28431,0,0,13,13,7731,2888,6561,9449
2,100529,13,0,0,13,13,7733,68782,1,68783
2,100529,143,0,0,26,13,7733,16796,11,16807
2,100529,143,0,0,52,13,7733,26000,11,26011
2,100529,221,0,0,13,13,7733,11858,17,11875
2,100529,455,0,0,13,13,7733,83486,35,83521
2,100529,1105,0,0,13,13,7733,80864,425,81289
2,100529,1573,0,0,13,13,7733,11830,121,11951
2,100529,7007,0,0,13,13,7733,80750,539,81289
2,100529,17303,0,0,13,13,7733,13034,1331,14365
2,100529,17797,0,0,13,13,7733,9248,6845,16093
2,100529,41327,0,0,13,13,7733,25382,3179,28561
2,100529,46189,0,0,13,13,7733,32,17765,17797
2,100529,89375,0,0,13,13,7733,1406,6875,8281
2,100555,13,0,0,26,13,7735,31212,1,31213
2,100555,13,0,0,52,13,7735,28560,1,28561
2,100555,221,0,0,26,13,7735,51580,17,51597
2,100555,1183,0,0,13,13,7735,8192,1183,9375
2,100555,1183,0,0,52,13,7735,23120,91,23211
2,100555,4563,0,0,13,13,7735,17000,1053,18053
2,100555,5733,0,0,13,13,7735,6656,3969,10625
2,100555,5915,0,0,26,13,7735,17408,2275,19683
2,100555,8125,0,0,13,13,7735,43218,625,43843
2,100659,377,0,0,13,13,7743,7776,145,7921
2,100659,1157,0,0,26,13,7743,24300,89,24389
2,100711,13,0,0,104,13,7747,16128,1,16129
2,101335,40625,0,0,13,13,7795,24334,3125,27459
2,101439,3159,0,0,13,13,7803,49000,729,49729
2,101439,5525,0,0,13,13,7803,7136,2125,9261
2,101530,26,0,0,26,13,7810,17248,5,17253
2,101530,52,0,0,52,13,7810,17248,5,17253
2,101764,50882,0,0,26,13,7828,512,17613,18125
2,101764,101764,0,0,52,13,7828,512,17613,18125
2,101790,754,0,0,26,13,7830,7776,145,7921
2,101790,1508,0,0,52,13,7830,7776,145,7921
2,101959,13,0,0,13,13,7843,64000,9,64009
2,101959,13,0,0,13,13,7843,71874,1,71875
2,101959,32643,0,0,13,13,7843,11776,22599,34375
2,101959,62465,0,0,13,13,7843,32,24025,24057
2,101985,13,0,0,13,13,7845,48734,1,48735
2,101985,28431,0,0,13,13,7845,18050,2187,20237
2,101985,30875,0,0,13,13,7845,32,11875,11907
2,101985,61191,0,0,13,13,7845,512,42363,42875
2,101985,89167,0,0,13,13,7845,14750,6859,21609
2,102219,34073,0,0,52,13,7863,75504,2621,78125
2,102505,65,0,0,13,13,7885,29216,25,29241
2,102505,8775,0,0,13,13,7885,12616,2025,14641
2,102505,15535,0,0,13,13,7885,13446,1195,14641
2,102505,89167,0,0,13,13,7885,13310,6859,20169
2,102505,89167,0,0,13,13,7885,311250,6859,318109
2,102531,39,0,0,13,13,7887,30592,21,30613
2,102739,91,0,0,52,13,7903,34992,7,34999
2,102739,14677,0,0,26,13,7903,23436,1129,24565
2,102739,15925,0,0,13,13,7903,384,8575,8959
2,102739,31213,0,0,13,13,7903,128,16807,16935
2,102739,32643,0,0,13,13,7903,33614,2511,36125
2,102765,403,0,0,26,13,7905,19652,31,19683
2,102895,117,0,0,13,13,7915,21866,9,21875
2,102895,377,0,0,13,13,7915,39546,29,39575
2,102895,1183,0,0,13,13,7915,8192,1183,9375
2,102895,1755,0,0,13,13,7915,8192,1755,9947
2,102895,20579,0,0,13,13,7915,2560,14247,16807
2,102895,20579,0,0,26,13,7915,84100,1583,85683
2,102895,28561,0,0,13,13,7915,96,10985,11081
2,102895,47125,0,0,13,13,7915,13182,3625,16807
2,102934,962,0,0,52,13,7918,11264,185,11449
2,102934,1924,0,0,104,13,7918,11264,185,11449
2,103077,1573,0,0,13,13,7929,16686,121,16807
2,103389,1443,0,0,13,13,7953,14792,333,15125
2,103389,24037,0,0,13,13,7953,17834,1849,19683
2,103389,84591,0,0,13,13,7953,2738,6507,9245
2,103467,4459,0,0,13,13,7959,143298,343,143641
2,103649,1573,0,0,13,13,7973,9826,121,9947
2,103649,42679,0,0,13,13,7973,1408,22981,24389
2,103649,63869,0,0,13,13,7973,4802,4913,9715
2,103909,103909,0,0,26,13,7993,2132,7993,10125
2,103935,40625,0,0,13,13,7995,61952,28125,90077
2,103935,54925,0,0,13,13,7995,5816,12675,18491
2,103987,13,0,0,104,13,7999,16128,1,16129
2,104013,13,0,0,104,13,8001,16128,1,16129
2,105350,14,0,0,112,14,7525,12544,1,12545
2,105350,14,0,0,112,14,7525,16640,1,16641
2,105350,378,0,0,14,14,7525,24010,27,24037
2,105350,1134,0,0,14,14,7525,8192,1053,9245
2,105350,1274,0,0,14,14,7525,8192,1183,9375
2,105350,2366,0,0,14,14,7525,25886,169,26055
2,105350,6174,0,0,14,14,7525,33280,3969,37249
2,105350,24010,0,0,14,14,7525,59168,8575,67743
2,105350,30618,0,0,14,14,7525,1720,6561,8281
2,105350,43750,0,0,14,14,7525,6176,15625,21801
2,105350,75250,0,0,14,14,7525,80288,26875,107163
2,105462,67270,0,0,14,14,7533,32,24025,24057
2,105938,2254,0,0,14,14,7567,39366,161,39527
2,106106,14,0,0,56,14,7579,41552,1,41553
2,106106,2002,0,0,28,14,7579,9604,143,9747
2,106106,2366,0,0,14,14,7579,19494,169,19663
2,106106,15162,0,0,14,14,7579,5632,9747,15379
2,106106,33614,0,0,14,14,7579,5618,2401,8019
2,106106,33614,0,0,14,14,7579,2432,16807,19239
2,106190,14,0,0,112,14,7585,11520,1,11521
2,106232,28,0,0,28,14,7588,64000,9,64009
2,106232,56,0,0,56,14,7588,64000,9,64009
2,106260,28,0,0,28,14,7590,64000,9,64009
2,106260,56,0,0,56,14,7590,64000,9,64009
2,106260,924,0,0,56,14,7590,60736,99,60835
2,106302,14,0,0,28,14,7593,10124,1,10125
2,106722,14,0,0,56,14,7623,14640,1,14641
2,106722,126,0,0,14,14,7623,10648,27,10675
2,106722,126,0,0,112,14,7623,15616,9,15625
2,106722,26250,0,0,14,14,7623,7442,1875,9317
2,106722,46970,0,0,14,14,7623,32,16775,16807
2,106890,3402,0,0,14,14,7635,25088,2187,27275
2,107142,35714,0,0,28,14,7653,1024,12755,13779
2,107198,182,0,0,14,14,7657,11178,13,11191
2,107198,4914,0,0,14,14,7657,18944,3159,22103
2,107282,98,0,0,14,14,7663,10658,7,10665
2,107282,1134,0,0,14,14,7663,42632,243,42875
2,107282,5110,0,0,14,14,7663,7584,1825,9409
2,107282,99134,0,0,14,14,7663,632,21243,21875
2,107310,14,0,0,28,14,7665,19844,1,19845
2,107310,14,0,0,28,14,7665,142884,1,142885
2,107310,14,0,0,56,14,7665,17424,1,17425
2,107310,98,0,0,28,14,7665,11972,7,11979
2,107310,126,0,0,14,14,7665,13448,27,13475
2,107310,574,0,0,14,14,7665,81634,41,81675
2,107310,574,0,0,14,14,7665,131072,697,131769
2,107310,1134,0,0,14,14,7665,42632,243,42875
2,107310,3066,0,0,14,14,7665,9826,219,10045
2,107310,4046,0,0,14,14,7665,19208,867,20075
2,107310,4046,0,0,14,14,7665,24750,289,25039
2,107310,4046,0,0,14,14,7665,39424,2601,42025
2,107310,5110,0,0,14,14,7665,5248,2555,7803
2,107310,7546,0,0,14,14,7665,10086,539,10625
2,107310,9758,0,0,14,14,7665,2560,6273,8833
2,107310,10206,0,0,14,14,7665,20440,2187,22627
2,107310,11858,0,0,14,14,7665,20250,847,21097
2,107310,12474,0,0,14,14,7665,2048,9801,11849
2,107310,18634,0,0,14,14,7665,53290,1331,54621
2,107310,22638,0,0,14,14,7665,186880,14553,201433
2,107310,23534,0,0,14,14,7665,49000,5043,54043
2,107310,25410,0,0,14,14,7665,8704,16335,25039
2,107310,29750,0,0,14,14,7665,42592,10625,53217
2,107310,33614,0,0,14,14,7665,11250,2401,13651
2,107310,33614,0,0,14,14,7665,31974,2401,34375
2,107310,36162,0,0,14,14,7665,6250,2583,8833
2,107310,39690,0,0,14,14,7665,328,8505,8833
2,107310,43750,0,0,14,14,7665,5984,15625,21609
2,107310,46494,0,0,14,14,7665,128,23247,23375
2,107310,51450,0,0,14,14,7665,23944,11025,34969
2,107310,52822,0,0,14,14,7665,54400,26411,80811
2,107310,68782,0,0,14,14,7665,16038,4913,20951
2,107310,68782,0,0,14,14,7665,92250,4913,97163
2,107310,74606,0,0,14,14,7665,4046,5329,9375
2,107310,82782,0,0,14,14,7665,2662,5913,8575
2,107310,83006,0,0,14,14,7665,31250,5929,37179
2,107310,85750,0,0,14,14,7665,15744,42875,58619
2,107310,91854,0,0,14,14,7665,392,19683,20075
2,107310,96390,0,0,14,14,7665,9922,6885,16807
2,107562,3402,0,0,14,14,7683,20882,243,21125
2,107562,7098,0,0,14,14,7683,77618,507,78125
2,107562,11774,0,0,14,14,7683,73034,841,73875
2,107562,20034,0,0,14,14,7683,29000,4293,33293
2,107702,15386,0,0,14,14,7693,2432,7693,10125
2,107702,33250,0,0,14,14,7693,32,11875,11907
2,107730,602,0,0,14,14,7695,64082,43,64125
2,107730,43750,0,0,14,14,7695,16416,15625,32041
2,107730,96026,0,0,14,14,7695,39366,6859,46225
2,107870,98,0,0,14,14,7705,8576,49,8625
2,107870,686,0,0,14,14,7705,8832,343,9175
2,107870,26250,0,0,14,14,7705,6566,1875,8441
2,107870,78246,0,0,14,14,7705,40,16767,16807
2,107996,532,0,0,56,14,7714,41152,57,41209
2,108066,96446,0,0,14,14,7719,3038,6889,9927
2,108080,140,0,0,28,14,7720,23328,25,23353
2,108080,280,0,0,56,14,7720,23328,25,23353
2,108234,30618,0,0,14,14,7731,2888,6561,9449
2,108262,14,0,0,14,14,7733,68782,1,68783
2,108262,154,0,0,28,14,7733,16796,11,16807
2,108262,154,0,0,56,14,7733,26000,11,26011
2,108262,238,0,0,14,14,7733,11858,17,11875
2,108262,490,0,0,14,14,7733,83486,35,83521
2,108262,1190,0,0,14,14,7733,80864,425,81289
2,108262,1694,0,0,14,14,7733,11830,121,11951
2,108262,7546,0,0,14,14,7733,80750,539,81289
2,108262,18634,0,0,14,14,7733,13034,1331,14365
2,108262,19166,0,0,14,14,7733,9248,6845,16093
2,108262,44506,0,0,14,14,7733,25382,3179,28561
2,108262,49742,0,0,14,14,7733,32,17765,17797
2,108262,96250,0,0,14,14,7733,1406,6875,8281
2,108290,14,0,0,28,14,7735,31212,1,31213
2,108290,14,0,0,56,14,7735,28560,1,28561
2,108290,238,0,0,28,14,7735,51580,17,51597
2,108290,1274,0,0,14,14,7735,8192,1183,9375
2,108290,1274,0,0,56,14,7735,23120,91,23211
2,108290,4914,0,0,14,14,7735,17000,1053,18053
2,108290,6174,0,0,14,14,7735,6656,3969,10625
2,108290,6370,0,0,28,14,7735,17408,2275,19683
2,108290,8750,0,0,14,14,7735,43218,625,43843
2,108402,406,0,0,14,14,7743,7776,145,7921
2,108402,1246,0,0,28,14,7743,24300,89,24389
2,108458,14,0,0,112,14,7747,16128,1,16129
2,109130,43750,0,0,14,14,7795,24334,3125,27459
2,109242,3402,0,0,14,14,7803,49000,729,49729
2,109242,5950,0,0,14,14,7803,7136,2125,9261
2,109340,28,0,0,28,14,7810,17248,5,17253
2,109340,56,0,0,56,14,7810,17248,5,17253
2,109592,54796,0,0,28,14,7828,512,17613,18125
2,109592,109592,0,0,56,14,7828,512,17613,18125
2,109620,812,0,0,28,14,7830,7776,145,7921
2,109620,1624,0,0,56,14,7830,7776,145,7921
2,109802,14,0,0,14,14,7843,64000,9,64009
2,109802,14,0,0,14,14,7843,71874,1,71875
2,109802,35154,0,0,14,14,7843,11776,22599,34375
2,109802,67270,0,0,14,14,7843,32,24025,24057
2,109830,14,0,0,14,14,7845,48734,1,48735
2,109830,30618,0,0,14,14,7845,18050,2187,20237
2,109830,33250,0,0,14,14,7845,32,11875,11907
2,109830,65898,0,0,14,14,7845,512,42363,42875
2,109830,96026,0,0,14,14,7845,14750,6859,21609
2,110082,36694,0,0,56,14,7863,75504,2621,78125
2,110390,70,0,0,14,14,7885,29216,25,29241
2,110390,9450,0,0,14,14,7885,12616,2025,14641
2,110390,16730,0,0,14,14,7885,13446,1195,14641
2,110390,96026,0,0,14,14,7885,13310,6859,20169
2,110390,96026,0,0,14,14,7885,311250,6859,318109
2,110418,42,0,0,14,14,7887,30592,21,30613
2,110642,98,0,0,56,14,7903,34992,7,34999
2,110642,15806,0,0,28,14,7903,23436,1129,24565
2,110642,17150,0,0,14,14,7903,384,8575,8959
2,110642,33614,0,0,14,14,7903,128,16807,16935
2,110642,35154,0,0,14,14,7903,33614,2511,36125
2,110670,434,0,0,28,14,7905,19652,31,19683
2,110810,126,0,0,14,14,7915,21866,9,21875
2,110810,406,0,0,14,14,7915,39546,29,39575
2,110810,1274,0,0,14,14,7915,8192,1183,9375
2,110810,1890,0,0,14,14,7915,8192,1755,9947
2,110810,22162,0,0,14,14,7915,2560,14247,16807
2,110810,22162,0,0,28,14,7915,84100,1583,85683
2,110810,30758,0,0,14,14,7915,96,10985,11081
2,110810,50750,0,0,14,14,7915,13182,3625,16807
2,110852,1036,0,0,56,14,7918,11264,185,11449
2,110852,2072,0,0,112,14,7918,11264,185,11449
2,111006,1694,0,0,14,14,7929,16686,121,16807
2,111342,1554,0,0,14,14,7953,14792,333,15125
2,111342,25886,0,0,14,14,7953,17834,1849,19683
2,111342,91098,0,0,14,14,7953,2738,6507,9245
2,111426,4802,0,0,14,14,7959,143298,343,143641
2,111622,1694,0,0,14,14,7973,9826,121,9947
2,111622,45962,0,0,14,14,7973,1408,22981,24389
2,111622,68782,0,0,14,14,7973,4802,4913,9715
2,111902,111902,0,0,28,14,7993,2132,7993,10125
2,111930,43750,0,0,14,14,7995,61952,28125,90077
2,111930,59150,0,0,14,14,7995,5816,12675,18491
2,111986,14,0,0,112,14,7999,16128,1,16129
2,112014,14,0,0,112,14,8001,16128,1,16129
2,112875,15,0,0,120,15,7525,12544,1,12545
2,112875,15,0,0,120,15,7525,16640,1,16641
2,112875,405,0,0,15,15,7525,24010,27,24037
2,112875,1215,0,0,15,15,7525,8192,1053,9245
2,112875,1365,0,0,15,15,7525,8192,1183,9375
2,112875,2535,0,0,15,15,7525,25886,169,26055
2,112875,6615,0,0,15,15,7525,33280,3969,37249
2,112875,25725,0,0,15,15,7525,59168,8575,67743
2,112875,32805,0,0,15,15,7525,1720,6561,8281
2,112875,46875,0,0,15,15,7525,6176,15625,21801
2,112875,80625,0,0,15,15,7525,80288,26875,107163
2,112995,72075,0,0,15,15,7533,32,24025,24057
2,113505,2415,0,0,15,15,7567,39366,161,39527
2,113685,15,0,0,60,15,7579,41552,1,41553
2,113685,2145,0,0,30,15,7579,9604,143,9747
2,113685,2535,0,0,15,15,7579,19494,169,19663
2,113685,16245,0,0,15,15,7579,5632,9747,15379
2,113685,36015,0,0,15,15,7579,5618,2401,8019
2,113685,36015,0,0,15,15,7579,2432,16807,19239
2,113775,15,0,0,120,15,7585,11520,1,11521
2,113820,30,0,0,30,15,7588,64000,9,64009
2,113820,60,0,0,60,15,7588,64000,9,64009
2,113850,30,0,0,30,15,7590,64000,9,64009
2,113850,60,0,0,60,15,7590,64000,9,64009
2,113850,990,0,0,60,15,7590,60736,99,60835
2,113895,15,0,0,30,15,7593,10124,1,10125
2,114345,15,0,0,60,15,7623,14640,1,14641
2,114345,135,0,0,15,15,7623,10648,27,10675
2,114345,135,0,0,120,15,7623,15616,9,15625
2,114345,28125,0,0,15,15,7623,7442,1875,9317
2,114345,50325,0,0,15,15,7623,32,16775,16807
2,114525,3645,0,0,15,15,7635,25088,2187,27275
2,114795,38265,0,0,30,15,7653,1024,12755,13779
2,114855,195,0,0,15,15,7657,11178,13,11191
2,114855,5265,0,0,15,15,7657,18944,3159,22103
2,114945,105,0,0,15,15,7663,10658,7,10665
2,114945,1215,0,0,15,15,7663,42632,243,42875
2,114945,5475,0,0,15,15,7663,7584,1825,9409
2,114945,106215,0,0,15,15,7663,632,21243,21875
2,114975,15,0,0,30,15,7665,19844,1,19845
2,114975,15,0,0,30,15,7665,142884,1,142885
2,114975,15,0,0,60,15,7665,17424,1,17425
2,114975,105,0,0,30,15,7665,11972,7,11979
2,114975,135,0,0,15,15,7665,13448,27,13475
2,114975,615,0,0,15,15,7665,81634,41,81675
2,114975,615,0,0,15,15,7665,131072,697,131769
2,114975,1215,0,0,15,15,7665,42632,243,42875
2,114975,3285,0,0,15,15,7665,9826,219,10045
2,114975,4335,0,0,15,15,7665,19208,867,20075
2,114975,4335,0,0,15,15,7665,24750,289,25039
2,114975,4335,0,0,15,15,7665,39424,2601,42025
2,114975,5475,0,0,15,15,7665,5248,2555,7803
2,114975,8085,0,0,15,15,7665,10086,539,10625
2,114975,10455,0,0,15,15,7665,2560,6273,8833
2,114975,10935,0,0,15,15,7665,20440,2187,22627
2,114975,12705,0,0,15,15,7665,20250,847,21097
2,114975,13365,0,0,15,15,7665,2048,9801,11849
2,114975,19965,0,0,15,15,7665,53290,1331,54621
2,114975,24255,0,0,15,15,7665,186880,14553,201433
2,114975,25215,0,0,15,15,7665,49000,5043,54043
2,114975,27225,0,0,15,15,7665,8704,16335,25039
2,114975,31875,0,0,15,15,7665,42592,10625,53217
2,114975,36015,0,0,15,15,7665,11250,2401,13651
2,114975,36015,0,0,15,15,7665,31974,2401,34375
2,114975,38745,0,0,15,15,7665,6250,2583,8833
2,114975,42525,0,0,15,15,7665,328,8505,8833
2,114975,46875,0,0,15,15,7665,5984,15625,21609
2,114975,49815,0,0,15,15,7665,128,23247,23375
2,114975,55125,0,0,15,15,7665,23944,11025,34969
2,114975,56595,0,0,15,15,7665,54400,26411,80811
2,114975,73695,0,0,15,15,7665,16038,4913,20951
2,114975,73695,0,0,15,15,7665,92250,4913,97163
2,114975,79935,0,0,15,15,7665,4046,5329,9375
2,114975,88695,0,0,15,15,7665,2662,5913,8575
2,114975,88935,0,0,15,15,7665,31250,5929,37179
2,114975,91875,0,0,15,15,7665,15744,42875,58619
2,114975,98415,0,0,15,15,7665,392,19683,20075
2,114975,103275,0,0,15,15,7665,9922,6885,16807
2,115245,3645,0,0,15,15,7683,20882,243,21125
2,115245,7605,0,0,15,15,7683,77618,507,78125
2,115245,12615,0,0,15,15,7683,73034,841,73875
2,115245,21465,0,0,15,15,7683,29000,4293,33293
2,115395,16485,0,0,15,15,7693,2432,7693,10125
2,115395,35625,0,0,15,15,7693,32,11875,11907
2,115425,645,0,0,15,15,7695,64082,43,64125
2,115425,46875,0,0,15,15,7695,16416,15625,32041
2,115425,102885,0,0,15,15,7695,39366,6859,46225
2,115575,105,0,0,15,15,7705,8576,49,8625
2,115575,735,0,0,15,15,7705,8832,343,9175
2,115575,28125,0,0,15,15,7705,6566,1875,8441
2,115575,83835,0,0,15,15,7705,40,16767,16807
2,115710,570,0,0,60,15,7714,41152,57,41209
2,115785,103335,0,0,15,15,7719,3038,6889,9927
2,115800,150,0,0,30,15,7720,23328,25,23353
2,115800,300,0,0,60,15,7720,23328,25,23353
2,115965,32805,0,0,15,15,7731,2888,6561,9449
2,115995,15,0,0,15,15,7733,68782,1,68783
2,115995,165,0,0,30,15,7733,16796,11,16807
2,115995,165,0,0,60,15,7733,26000,11,26011
2,115995,255,0,0,15,15,7733,11858,17,11875
2,115995,525,0,0,15,15,7733,83486,35,83521
2,115995,1275,0,0,15,15,7733,80864,425,81289
2,115995,1815,0,0,15,15,7733,11830,121,11951
2,115995,8085,0,0,15,15,7733,80750,539,81289
2,115995,19965,0,0,15,15,7733,13034,1331,14365
2,115995,20535,0,0,15,15,7733,9248,6845,16093
2,115995,47685,0,0,15,15,7733,25382,3179,28561
2,115995,53295,0,0,15,15,7733,32,17765,17797
2,115995,103125,0,0,15,15,7733,1406,6875,8281
2,116025,15,0,0,30,15,7735,31212,1,31213
2,116025,15,0,0,60,15,7735,28560,1,28561
2,116025,255,0,0,30,15,7735,51580,17,51597
2,116025,1365,0,0,15,15,7735,8192,1183,9375
2,116025,1365,0,0,60,15,7735,23120,91,23211
2,116025,5265,0,0,15,15,7735,17000,1053,18053
2,116025,6615,0,0,15,15,7735,6656,3969,10625
2,116025,6825,0,0,30,15,7735,17408,2275,19683
2,116025,9375,0,0,15,15,7735,43218,625,43843
2,116145,435,0,0,15,15,7743,7776,145,7921
2,116145,1335,0,0,30,15,7743,24300,89,24389
2,116205,15,0,0,120,15,7747,16128,1,16129
2,116925,46875,0,0,15,15,7795,24334,3125,27459
2,117045,3645,0,0,15,15,7803,49000,729,49729
2,117045,6375,0,0,15,15,7803,7136,2125,9261
2,117150,30,0,0,30,15,7810,17248,5,17253
2,117150,60,0,0,60,15,7810,17248,5,17253
2,117420,58710,0,0,30,15,7828,512,17613,18125
2,117420,117420,0,0,60,15,7828,512,17613,18125
2,117450,870,0,0,30,15,7830,7776,145,7921
2,117450,1740,0,0,60,15,7830,7776,145,7921
2,117645,15,0,0,15,15,7843,64000,9,64009
2,117645,15,0,0,15,15,7843,71874,1,71875
2,117645,37665,0,0,15,15,7843,11776,22599,34375
2,117645,72075,0,0,15,15,7843,32,24025,24057
2,117675,15,0,0,15,15,7845,48734,1,48735
2,117675,32805,0,0,15,15,7845,18050,2187,20237
2,117675,35625,0,0,15,15,7845,32,11875,11907
2,117675,70605,0,0,15,15,7845,512,42363,42875
2,117675,102885,0,0,15,15,7845,14750,6859,21609
2,117945,39315,0,0,60,15,7863,75504,2621,78125
2,118275,75,0,0,15,15,7885,29216,25,29241
2,118275,10125,0,0,15,15,7885,12616,2025,14641
2,118275,17925,0,0,15,15,7885,13446,1195,14641
2,118275,102885,0,0,15,15,7885,13310,6859,20169
2,118275,102885,0,0,15,15,7885,311250,6859,318109
2,118305,45,0,0,15,15,7887,30592,21,30613
2,118545,105,0,0,60,15,7903,34992,7,34999
2,118545,16935,0,0,30,15,7903,23436,1129,24565
2,118545,18375,0,0,15,15,7903,384,8575,8959
2,118545,36015,0,0,15,15,7903,128,16807,16935
2,118545,37665,0,0,15,15,7903,33614,2511,36125
2,118575,465,0,0,30,15,7905,19652,31,19683
2,118725,135,0,0,15,15,7915,21866,9,21875
2,118725,435,0,0,15,15,7915,39546,29,39575
2,118725,1365,0,0,15,15,7915,8192,1183,9375
2,118725,2025,0,0,15,15,7915,8192,1755,9947
2,118725,23745,0,0,15,15,7915,2560,14247,16807
2,118725,23745,0,0,30,15,7915,84100,1583,85683
2,118725,32955,0,0,15,15,7915,96,10985,11081
2,118725,54375,0,0,15,15,7915,13182,3625,16807
2,118770,1110,0,0,60,15,7918,11264,185,11449
2,118770,2220,0,0,120,15,7918,11264,185,11449
2,118935,1815,0,0,15,15,7929,16686,121,16807
2,119295,1665,0,0,15,15,7953,14792,333,15125
2,119295,27735,0,0,15,15,7953,17834,1849,19683
2,119295,97605,0,0,15,15,7953,2738,6507,9245
2,119385,5145,0,0,15,15,7959,143298,343,143641
2,119595,1815,0,0,15,15,7973,9826,121,9947
2,119595,49245,0,0,15,15,7973,1408,22981,24389
2,119595,73695,0,0,15,15,7973,4802,4913,9715
2,119895,119895,0,0,30,15,7993,2132,7993,10125
2,119925,46875,0,0,15,15,7995,61952,28125,90077
2,119925,63375,0,0,15,15,7995,5816,12675,18491
2,119985,15,0,0,120,15,7999,16128,1,16129
2,120015,15,0,0,120,15,8001,16128,1,16129
2,120400,16,0,0,128,16,7525,12544,1,12545
2,120400,16,0,0,128,16,7525,16640,1,16641
2,120400,432,0,0,16,16,7525,24010,27,24037
2,120400,1296,0,0,16,16,7525,8192,1053,9245
2,120400,1456,0,0,16,16,7525,8192,1183,9375
2,120400,2704,0,0,16,16,7525,25886,169,26055
2,120400,7056,0,0,16,16,7525,33280,3969,37249
2,120400,27440,0,0,16,16,7525,59168,8575,67743
2,120400,34992,0,0,16,16,7525,1720,6561,8281
2,120400,50000,0,0,16,16,7525,6176,15625,21801
2,120400,86000,0,0,16,16,7525,80288,26875,107163
2,120528,76880,0,0,16,16,7533,32,24025,24057
2,121072,2576,0,0,16,16,7567,39366,161,39527
2,121264,16,0,0,64,16,7579,41552,1,41553
2,121264,2288,0,0,32,16,7579,9604,143,9747
2,121264,2704,0,0,16,16,7579,19494,169,19663
2,121264,17328,0,0,16,16,7579,5632,9747,15379
2,121264,38416,0,0,16,16,7579,5618,2401,8019
2,121264,38416,0,0,16,16,7579,2432,16807,19239
2,121360,16,0,0,128,16,7585,11520,1,11521
2,121408,32,0,0,32,16,7588,64000,9,64009
2,121408,64,0,0,64,16,7588,64000,9,64009
2,121440,32,0,0,32,16,7590,64000,9,64009
2,121440,64,0,0,64,16,7590,64000,9,64009
2,121440,1056,0,0,64,16,7590,60736,99,60835
2,121488,16,0,0,32,16,7593,10124,1,10125
2,121968,16,0,0,64,16,7623,14640,1,14641
2,121968,144,0,0,16,16,7623,10648,27,10675
2,121968,144,0,0,128,16,7623,15616,9,15625
2,121968,30000,0,0,16,16,7623,7442,1875,9317
2,121968,53680,0,0,16,16,7623,32,16775,16807
2,122160,3888,0,0,16,16,7635,25088,2187,27275
2,122448,40816,0,0,32,16,7653,1024,12755,13779
2,122512,208,0,0,16,16,7657,11178,13,11191
2,122512,5616,0,0,16,16,7657,18944,3159,22103
2,122608,112,0,0,16,16,7663,10658,7,10665
2,122608,1296,0,0,16,16,7663,42632,243,42875
2,122608,5840,0,0,16,16,7663,7584,1825,9409
2,122608,113296,0,0,16,16,7663,632,21243,21875
2,122640,16,0,0,32,16,7665,19844,1,19845
2,122640,16,0,0,32,16,7665,142884,1,142885
2,122640,16,0,0,64,16,7665,17424,1,17425
2,122640,112,0,0,32,16,7665,11972,7,11979
2,122640,144,0,0,16,16,7665,13448,27,13475
2,122640,656,0,0,16,16,7665,81634,41,81675
2,122640,656,0,0,16,16,7665,131072,697,131769
2,122640,1296,0,0,16,16,7665,42632,243,42875
2,122640,3504,0,0,16,16,7665,9826,219,10045
2,122640,4624,0,0,16,16,7665,19208,867,20075
2,122640,4624,0,0,16,16,7665,24750,289,25039
2,122640,4624,0,0,16,16,7665,39424,2601,42025
2,122640,5840,0,0,16,16,7665,5248,2555,7803
2,122640,8624,0,0,16,16,7665,10086,539,10625
2,122640,11152,0,0,16,16,7665,2560,6273,8833
2,122640,11664,0,0,16,16,7665,20440,2187,22627
2,122640,13552,0,0,16,16,7665,20250,847,21097
2,122640,14256,0,0,16,16,7665,2048,9801,11849
2,122640,21296,0,0,16,16,7665,53290,1331,54621
2,122640,25872,0,0,16,16,7665,186880,14553,201433
2,122640,26896,0,0,16,16,7665,49000,5043,54043
2,122640,29040,0,0,16,16,7665,8704,16335,25039
2,122640,34000,0,0,16,16,7665,42592,10625,53217
2,122640,38416,0,0,16,16,7665,11250,2401,13651
2,122640,38416,0,0,16,16,7665,31974,2401,34375
2,122640,41328,0,0,16,16,7665,6250,2583,8833
2,122640,45360,0,0,16,16,7665,328,8505,8833
2,122640,50000,0,0,16,16,7665,5984,15625,21609
2,122640,53136,0,0,16,16,7665,128,23247,23375
2,122640,58800,0,0,16,16,7665,23944,11025,34969
2,122640,60368,0,0,16,16,7665,54400,26411,80811
2,122640,78608,0,0,16,16,7665,16038,4913,20951
2,122640,78608,0,0,16,16,7665,92250,4913,97163
2,122640,85264,0,0,16,16,7665,4046,5329,9375
2,122640,94608,0,0,16,16,7665,2662,5913,8575
2,122640,94864,0,0,16,16,7665,31250,5929,37179
2,122640,98000,0,0,16,16,7665,15744,42875,58619
2,122640,104976,0,0,16,16,7665,392,19683,20075
2,122640,110160,0,0,16,16,7665,9922,6885,16807
2,122928,3888,0,0,16,16,7683,20882,243,21125
2,122928,8112,0,0,16,16,7683,77618,507,78125
2,122928,13456,0,0,16,16,7683,73034,841,73875
2,122928,22896,0,0,16,16,7683,29000,4293,33293
2,123088,17584,0,0,16,16,7693,2432,7693,10125
2,123088,38000,0,0,16,16,7693,32,11875,11907
2,123120,688,0,0,16,16,7695,64082,43,64125
2,123120,50000,0,0,16,16,7695,16416,15625,32041
2,123120,109744,0,0,16,16,7695,39366,6859,46225
2,123280,112,0,0,16,16,7705,8576,49,8625
2,123280,784,0,0,16,16,7705,8832,343,9175
2,123280,30000,0,0,16,16,7705,6566,1875,8441
2,123280,89424,0,0,16,16,7705,40,16767,16807
2,123424,608,0,0,64,16,7714,41152,57,41209
2,123504,110224,0,0,16,16,7719,3038,6889,9927
2,123520,160,0,0,32,16,7720,23328,25,23353
2,123520,320,0,0,64,16,7720,23328,25,23353
2,123696,34992,0,0,16,16,7731,2888,6561,9449
2,123728,16,0,0,16,16,7733,68782,1,68783
2,123728,176,0,0,32,16,7733,16796,11,16807
2,123728,176,0,0,64,16,7733,26000,11,26011
2,123728,272,0,0,16,16,7733,11858,17,11875
2,123728,560,0,0,16,16,7733,83486,35,83521
2,123728,1360,0,0,16,16,7733,80864,425,81289
2,123728,1936,0,0,16,16,7733,11830,121,11951
2,123728,8624,0,0,16,16,7733,80750,539,81289
2,123728,21296,0,0,16,16,7733,13034,1331,14365
2,123728,21904,0,0,16,16,7733,9248,6845,16093
2,123728,50864,0,0,16,16,7733,25382,3179,28561
2,123728,56848,0,0,16,16,7733,32,17765,17797
2,123728,110000,0,0,16,16,7733,1406,6875,8281
2,123760,16,0,0,32,16,7735,31212,1,31213
2,123760,16,0,0,64,16,7735,28560,1,28561
2,123760,272,0,0,32,16,7735,51580,17,51597
2,123760,1456,0,0,16,16,7735,8192,1183,9375
2,123760,1456,0,0,64,16,7735,23120,91,23211
2,123760,5616,0,0,16,16,7735,17000,1053,18053
2,123760,7056,0,0,16,16,7735,6656,3969,10625
2,123760,7280,0,0,32,16,7735,17408,2275,19683
2,123760,10000,0,0,16,16,7735,43218,625,43843
2,123888,464,0,0,16,16,7743,7776,145,7921
2,123888,1424,0,0,32,16,7743,24300,89,24389
2,123952,16,0,0,128,16,7747,16128,1,16129
2,124720,50000,0,0,16,16,7795,24334,3125,27459
2,124848,3888,0,0,16,16,7803,49000,729,49729
2,124848,6800,0,0,16,16,7803,7136,2125,9261
2,124960,32,0,0,32,16,7810,17248,5,17253
2,124960,64,0,0,64,16,7810,17248,5,17253
2,125248,62624,0,0,32,16,7828,512,17613,18125
2,125248,125248,0,0,64,16,7828,512,17613,18125
2,125280,928,0,0,32,16,7830,7776,145,7921
2,125280,1856,0,0,64,16,7830,7776,145,7921
2,125488,16,0,0,16,16,7843,64000,9,64009
2,125488,16,0,0,16,16,7843,71874,1,71875
2,125488,40176,0,0,16,16,7843,11776,22599,34375
2,125488,76880,0,0,16,16,7843,32,24025,24057
2,125520,16,0,0,16,16,7845,48734,1,48735
2,125520,34992,0,0,16,16,7845,18050,2187,20237
2,125520,38000,0,0,16,16,7845,32,11875,11907
2,125520,75312,0,0,16,16,7845,512,42363,42875
2,125520,109744,0,0,16,16,7845,14750,6859,21609
2,125808,41936,0,0,64,16,7863,75504,2621,78125
2,126160,80,0,0,16,16,7885,29216,25,29241
2,126160,10800,0,0,16,16,7885,12616,2025,14641
2,126160,19120,0,0,16,16,7885,13446,1195,14641
2,126160,109744,0,0,16,16,7885,13310,6859,20169
2,126160,109744,0,0,16,16,7885,311250,6859,318109
2,126192,48,0,0,16,16,7887,30592,21,30613
2,126448,112,0,0,64,16,7903,34992,7,34999
2,126448,18064,0,0,32,16,7903,23436,1129,24565
2,126448,19600,0,0,16,16,7903,384,8575,8959
2,126448,38416,0,0,16,16,7903,128,16807,16935
2,126448,40176,0,0,16,16,7903,33614,2511,36125
2,126480,496,0,0,32,16,7905,19652,31,19683
2,126640,144,0,0,16,16,7915,21866,9,21875
2,126640,464,0,0,16,16,7915,39546,29,39575
2,126640,1456,0,0,16,16,7915,8192,1183,9375
2,126640,2160,0,0,16,16,7915,8192,1755,9947
2,126640,25328,0,0,16,16,7915,2560,14247,16807
2,126640,25328,0,0,32,16,7915,84100,1583,85683
2,126640,35152,0,0,16,16,7915,96,10985,11081
2,126640,58000,0,0,16,16,7915,13182,3625,16807
2,126688,1184,0,0,64,16,7918,11264,185,11449
2,126688,2368,0,0,128,16,7918,11264,185,11449
2,126864,1936,0,0,16,16,7929,16686,121,16807
2,127248,1776,0,0,16,16,7953,14792,333,15125
2,127248,29584,0,0,16,16,7953,17834,1849,19683
2,127248,104112,0,0,16,16,7953,2738,6507,9245
2,127344,5488,0,0,16,16,7959,143298,343,143641
2,127568,1936,0,0,16,16,7973,9826,121,9947
2,127568,52528,0,0,16,16,7973,1408,22981,24389
2,127568,78608,0,0,16,16,7973,4802,4913,9715
2,127888,127888,0,0,32,16,7993,2132,7993,10125
2,127920,50000,0,0,16,16,7995,61952,28125,90077
2,127920,67600,0,0,16,16,7995,5816,12675,18491
2,127925,17,0,0,136,17,7525,12544,1,12545
2,127925,17,0,0,136,17,7525,16640,1,16641
2,127925,459,0,0,17,17,7525,24010,27,24037
2,127925,1377,0,0,17,17,7525,8192,1053,9245
2,127925,1547,0,0,17,17,7525,8192,1183,9375
2,127925,2873,0,0,17,17,7525,25886,169,26055
2,127925,7497,0,0,17,17,7525,33280,3969,37249
2,127925,29155,0,0,17,17,7525,59168,8575,67743
2,127925,37179,0,0,17,17,7525,1720,6561,8281
2,127925,53125,0,0,17,17,7525,6176,15625,21801
2,127925,91375,0,0,17,17,7525,80288,26875,107163
2,127984,16,0,0,128,16,7999,16128,1,16129
2,128016,16,0,0,128,16,8001,16128,1,16129
2,128061,81685,0,0,17,17,7533,32,24025,24057
2,128639,2737,0,0,17,17,7567,39366,161,39527
2,128843,17,0,0,68,17,7579,41552,1,41553
2,128843,2431,0,0,34,17,7579,9604,143,9747
2,128843,2873,0,0,17,17,7579,19494,169,19663
2,128843,18411,0,0,17,17,7579,5632,9747,15379
2,128843,40817,0,0,17,17,7579,5618,2401,8019
2,128843,40817,0,0,17,17,7579,2432,16807,19239
2,128945,17,0,0,136,17,7585,11520,1,11521
2,128996,34,0,0,34,17,7588,64000,9,64009
2,128996,68,0,0,68,17,7588,64000,9,64009
2,129030,34,0,0,34,17,7590,64000,9,64009
2,129030,68,0,0,68,17,7590,64000,9,64009
2,129030,1122,0,0,68,17,7590,60736,99,60835
2,129081,17,0,0,34,17,7593,10124,1,10125
2,129591,17,0,0,68,17,7623,14640,1,14641
2,129591,153,0,0,17,17,7623,10648,27,10675
2,129591,153,0,0,136,17,7623,15616,9,15625
2,129591,31875,0,0,17,17,7623,7442,1875,9317
2,129591,57035,0,0,17,17,7623,32,16775,16807
2,129795,4131,0,0,17,17,7635,25088,2187,27275
2,130101,43367,0,0,34,17,7653,1024,12755,13779
2,130169,221,0,0,17,17,7657,11178,13,11191
2,130169,5967,0,0,17,17,7657,18944,3159,22103
2,130271,119,0,0,17,17,7663,10658,7,10665
2,130271,1377,0,0,17,17,7663,42632,243,42875
2,130271,6205,0,0,17,17,7663,7584,1825,9409
2,130271,120377,0,0,17,17,7663,632,21243,21875
2,130305,17,0,0,34,17,7665,19844,1,19845
2,130305,17,0,0,34,17,7665,142884,1,142885
2,130305,17,0,0,68,17,7665,17424,1,17425
2,130305,119,0,0,34,17,7665,11972,7,11979
2,130305,153,0,0,17,17,7665,13448,27,13475
2,130305,697,0,0,17,17,7665,81634,41,81675
2,130305,697,0,0,17,17,7665,131072,697,131769
2,130305,1377,0,0,17,17,7665,42632,243,42875
2,130305,3723,0,0,17,17,7665,9826,219,10045
2,130305,4913,0,0,17,17,7665,19208,867,20075
2,130305,4913,0,0,17,17,7665,24750,289,25039
2,130305,4913,0,0,17,17,7665,39424,2601,42025
2,130305,6205,0,0,17,17,7665,5248,2555,7803
2,130305,9163,0,0,17,17,7665,10086,539,10625
2,130305,11849,0,0,17,17,7665,2560,6273,8833
2,130305,12393,0,0,17,17,7665,20440,2187,22627
2,130305,14399,0,0,17,17,7665,20250,847,21097
2,130305,15147,0,0,17,17,7665,2048,9801,11849
2,130305,22627,0,0,17,17,7665,53290,1331,54621
2,130305,27489,0,0,17,17,7665,186880,14553,201433
2,130305,28577,0,0,17,17,7665,49000,5043,54043
2,130305,30855,0,0,17,17,7665,8704,16335,25039
2,130305,36125,0,0,17,17,7665,42592,10625,53217
2,130305,40817,0,0,17,17,7665,11250,2401,13651
2,130305,40817,0,0,17,17,7665,31974,2401,34375
2,130305,43911,0,0,17,17,7665,6250,2583,8833
2,130305,48195,0,0,17,17,7665,328,8505,8833
2,130305,53125,0,0,17,17,7665,5984,15625,21609
2,130305,56457,0,0,17,17,7665,128,23247,23375
2,130305,62475,0,0,17,17,7665,23944,11025,34969
2,130305,64141,0,0,17,17,7665,54400,26411,80811
2,130305,83521,0,0,17,17,7665,16038,4913,20951
2,130305,83521,0,0,17,17,7665,92250,4913,97163
2,130305,90593,0,0,17,17,7665,4046,5329,9375
2,130305,100521,0,0,17,17,7665,2662,5913,8575
2,130305,100793,0,0,17,17,7665,31250,5929,37179
2,130305,104125,0,0,17,17,7665,15744,42875,58619
2,130305,111537,0,0,17,17,7665,392,19683,20075
2,130305,117045,0,0,17,17,7665,9922,6885,16807
2,130611,4131,0,0,17,17,7683,20882,243,21125
2,130611,8619,0,0,17,17,7683,77618,507,78125
2,130611,14297,0,0,17,17,7683,73034,841,73875
2,130611,24327,0,0,17,17,7683,29000,4293,33293
2,130781,18683,0,0,17,17,7693,2432,7693,10125
2,130781,40375,0,0,17,17,7693,32,11875,11907
2,130815,731,0,0,17,17,7695,64082,43,64125
2,130815,53125,0,0,17,17,7695,16416,15625,32041
2,130815,116603,0,0,17,17,7695,39366,6859,46225
2,130985,119,0,0,17,17,7705,8576,49,8625
2,130985,833,0,0,17,17,7705,8832,343,9175
2,130985,31875,0,0,17,17,7705,6566,1875,8441
2,130985,95013,0,0,17,17,7705,40,16767,16807
2,131138,646,0,0,68,17,7714,41152,57,41209
2,131223,117113,0,0,17,17,7719,3038,6889,9927
2,131240,170,0,0,34,17,7720,23328,25,23353
2,131240,340,0,0,68,17,7720,23328,25,23353
2,131427,37179,0,0,17,17,7731,2888,6561,9449
2,131461,17,0,0,17,17,7733,68782,1,68783
2,131461,187,0,0,34,17,7733,16796,11,16807
2,131461,187,0,0,68,17,7733,26000,11,26011
2,131461,289,0,0,17,17,7733,11858,17,11875
2,131461,595,0,0,17,17,7733,83486,35,83521
2,131461,1445,0,0,17,17,7733,80864,425,81289
2,131461,2057,0,0,17,17,7733,11830,121,11951
2,131461,9163,0,0,17,17,7733,80750,539,81289
2,131461,22627,0,0,17,17,7733,13034,1331,14365
2,131461,23273,0,0,17,17,7733,9248,6845,16093
2,131461,54043,0,0,17,17,7733,25382,3179,28561
2,131461,60401,0,0,17,17,7733,32,17765,17797
2,131461,116875,0,0,17,17,7733,1406,6875,8281
2,131495,17,0,0,34,17,7735,31212,1,31213
2,131495,17,0,0,68,17,7735,28560,1,28561
2,131495,289,0,0,34,17,7735,51580,17,51597
2,131495,1547,0,0,17,17,7735,8192,1183,9375
2,131495,1547,0,0,68,17,7735,23120,91,23211
2,131495,5967,0,0,17,17,7735,17000,1053,18053
2,131495,7497,0,0,17,17,7735,6656,3969,10625
2,131495,7735,0,0,34,17,7735,17408,2275,19683
2,131495,10625,0,0,17,17,7735,43218,625,43843
2,131631,493,0,0,17,17,7743,7776,145,7921
2,131631,1513,0,0,34,17,7743,24300,89,24389
2,131699,17,0,0,136,17,7747,16128,1,16129
2,132515,53125,0,0,17,17,7795,24334,3125,27459
2,132651,4131,0,0,17,17,7803,49000,729,49729
2,132651,7225,0,0,17,17,7803,7136,2125,9261
2,132770,34,0,0,34,17,7810,17248,5,17253
2,132770,68,0,0,68,17,7810,17248,5,17253
2,133076,66538,0,0,34,17,7828,512,17613,18125
2,133076,133076,0,0,68,17,7828,512,17613,18125
2,133110,986,0,0,34,17,7830,7776,145,7921
2,133110,1972,0,0,68,17,7830,7776,145,7921
2,133331,17,0,0,17,17,7843,64000,9,64009
2,133331,17,0,0,17,17,7843,71874,1,71875
2,133331,42687,0,0,17,17,7843,11776,22599,34375
2,133331,81685,0,0,17,17,7843,32,24025,24057
2,133365,17,0,0,17,17,7845,48734,1,48735
2,133365,37179,0,0,17,17,7845,18050,2187,20237
2,133365,40375,0,0,17,17,7845,32,11875,11907
2,133365,80019,0,0,17,17,7845,512,42363,42875
2,133365,116603,0,0,17,17,7845,14750,6859,21609
2,133671,44557,0,0,68,17,7863,75504,2621,78125
2,134045,85,0,0,17,17,7885,29216,25,29241
2,134045,11475,0,0,17,17,7885,12616,2025,14641
2,134045,20315,0,0,17,17,7885,13446,1195,14641
2,134045,116603,0,0,17,17,7885,13310,6859,20169
2,134045,116603,0,0,17,17,7885,311250,6859,318109
2,134079,51,0,0,17,17,7887,30592,21,30613
2,134351,119,0,0,68,17,7903,34992,7,34999
2,134351,19193,0,0,34,17,7903,23436,1129,24565
2,134351,20825,0,0,17,17,7903,384,8575,8959
2,134351,40817,0,0,17,17,7903,128,16807,16935
2,134351,42687,0,0,17,17,7903,33614,2511,36125
2,134385,527,0,0,34,17,7905,19652,31,19683
2,134555,153,0,0,17,17,7915,21866,9,21875
2,134555,493,0,0,17,17,7915,39546,29,39575
2,134555,1547,0,0,17,17,7915,8192,1183,9375
2,134555,2295,0,0,17,17,7915,8192,1755,9947
2,134555,26911,0,0,17,17,7915,2560,14247,16807
2,134555,26911,0,0,34,17,7915,84100,1583,85683
2,134555,37349,0,0,17,17,7915,96,10985,11081
2,134555,61625,0,0,17,17,7915,13182,3625,16807
2,134606,1258,0,0,68,17,7918,11264,185,11449
2,134606,2516,0,0,136,17,7918,11264,185,11449
2,134793,2057,0,0,17,17,7929,16686,121,16807
2,135201,1887,0,0,17,17,7953,14792,333,15125
2,135201,31433,0,0,17,17,7953,17834,1849,19683
2,135201,110619,0,0,17,17,7953,2738,6507,9245
2,135303,5831,0,0,17,17,7959,143298,343,143641
2,135450,486,0,0,18,18,7525,24010,27,24037
2,135450,1458,0,0,18,18,7525,8192,1053,9245
2,135450,1638,0,0,18,18,7525,8192,1183,9375
2,135450,3042,0,0,18,18,7525,25886,169,26055
2,135450,7938,0,0,18,18,7525,33280,3969,37249
2,135450,30870,0,0,18,18,7525,59168,8575,67743
2,135450,39366,0,0,18,18,7525,1720,6561,8281
2,135450,56250,0,0,18,18,7525,6176,15625,21801
2,135450,96750,0,0,18,18,7525,80288,26875,107163
2,135541,2057,0,0,17,17,7973,9826,121,9947
2,135541,55811,0,0,17,17,7973,1408,22981,24389
2,135541,83521,0,0,17,17,7973,4802,4913,9715
2,135594,86490,0,0,18,18,7533,32,24025,24057
2,135881,135881,0,0,34,17,7993,2132,7993,10125
2,135915,53125,0,0,17,17,7995,61952,28125,90077
2,135915,71825,0,0,17,17,7995,5816,12675,18491
2,135983,17,0,0,136,17,7999,16128,1,16129
2,136017,17,0,0,136,17,8001,16128,1,16129
2,136206,2898,0,0,18,18,7567,39366,161,39527
2,136422,18,0,0,72,18,7579,41552,1,41553
2,136422,2574,0,0,36,18,7579,9604,143,9747
2,136422,3042,0,0,18,18,7579,19494,169,19663
2,136422,19494,0,0,18,18,7579,5632,9747,15379
2,136422,43218,0,0,18,18,7579,5618,2401,8019
2,136422,43218,0,0,18,18,7579,2432,16807,19239
2,136584,36,0,0,36,18,7588,64000,9,64009
2,136584,72,0,0,72,18,7588,64000,9,64009
2,136620,36,0,0,36,18,7590,64000,9,64009
2,136620,72,0,0,72,18,7590,64000,9,64009
2,136620,1188,0,0,72,18,7590,60736,99,60835
2,136674,18,0,0,36,18,7593,10124,1,10125
2,137214,18,0,0,72,18,7623,14640,1,14641
2,137214,162,0,0,18,18,7623,10648,27,10675
2,137214,33750,0,0,18,18,7623,7442,1875,9317
2,137214,60390,0,0,18,18,7623,32,16775,16807
2,137430,4374,0,0,18,18,7635,25088,2187,27275
2,137754,45918,0,0,36,18,7653,1024,12755,13779
2,137826,234,0,0,18,18,7657,11178,13,11191
2,137826,6318,0,0,18,18,7657,18944,3159,22103
2,137934,126,0,0,18,18,7663,10658,7,10665
2,137934,1458,0,0,18,18,7663,42632,243,42875
2,137934,6570,0,0,18,18,7663,7584,1825,9409
2,137934,127458,0,0,18,18,7663,632,21243,21875
2,137970,18,0,0,36,18,7665,19844,1,19845
2,137970,18,0,0,36,18,7665,142884,1,142885
2,137970,18,0,0,72,18,7665,17424,1,17425
2,137970,126,0,0,36,18,7665,11972,7,11979
2,137970,162,0,0,18,18,7665,13448,27,13475
2,137970,738,0,0,18,18,7665,81634,41,81675
2,137970,738,0,0,18,18,7665,131072,697,131769
2,137970,1458,0,0,18,18,7665,42632,243,42875
2,137970,3942,0,0,18,18,7665,9826,219,10045
2,137970,5202,0,0,18,18,7665,19208,867,20075
2,137970,5202,0,0,18,18,7665,24750,289,25039
2,137970,5202,0,0,18,18,7665,39424,2601,42025
2,137970,6570,0,0,18,18,7665,5248,2555,7803
2,137970,9702,0,0,18,18,7665,10086,539,10625
2,137970,12546,0,0,18,18,7665,2560,6273,8833
2,137970,13122,0,0,18,18,7665,20440,2187,22627
2,137970,15246,0,0,18,18,7665,20250,847,21097
2,137970,16038,0,0,18,18,7665,2048,9801,11849
2,137970,23958,0,0,18,18,7665,53290,1331,54621
2,137970,29106,0,0,18,18,7665,186880,14553,201433
2,137970,30258,0,0,18,18,7665,49000,5043,54043
2,137970,32670,0,0,18,18,7665,8704,16335,25039
2,137970,38250,0,0,18,18,7665,42592,10625,53217
2,137970,43218,0,0,18,18,7665,11250,2401,13651
2,137970,43218,0,0,18,18,7665,31974,2401,34375
2,137970,46494,0,0,18,18,7665,6250,2583,8833
2,137970,51030,0,0,18,18,7665,328,8505,8833
2,137970,56250,0,0,18,18,7665,5984,15625,21609
2,137970,59778,0,0,18,18,7665,128,23247,23375
2,137970,66150,0,0,18,18,7665,23944,11025,34969
2,137970,67914,0,0,18,18,7665,54400,26411,80811
2,137970,88434,0,0,18,18,7665,16038,4913,20951
2,137970,88434,0,0,18,18,7665,92250,4913,97163
2,137970,95922,0,0,18,18,7665,4046,5329,9375
2,137970,106434,0,0,18,18,7665,2662,5913,8575
2,137970,106722,0,0,18,18,7665,31250,5929,37179
2,137970,110250,0,0,18,18,7665,15744,42875,58619
2,137970,118098,0,0,18,18,7665,392,19683,20075
2,137970,123930,0,0,18,18,7665,9922,6885,16807
2,138294,4374,0,0,18,18,7683,20882,243,21125
2,138294,9126,0,0,18,18,7683,77618,507,78125
2,138294,15138,0,0,18,18,7683,73034,841,73875
2,138294,25758,0,0,18,18,7683,29000,4293,33293
2,138474,19782,0,0,18,18,7693,2432,7693,10125
2,138474,42750,0,0,18,18,7693,32,11875,11907
2,138510,774,0,0,18,18,7695,64082,43,64125
2,138510,56250,0,0,18,18,7695,16416,15625,32041
2,138510,123462,0,0,18,18,7695,39366,6859,46225
2,138690,126,0,0,18,18,7705,8576,49,8625
2,138690,882,0,0,18,18,7705,8832,343,9175
2,138690,33750,0,0,18,18,7705,6566,1875,8441
2,138690,100602,0,0,18,18,7705,40,16767,16807
2,138852,684,0,0,72,18,7714,41152,57,41209
2,138942,124002,0,0,18,18,7719,3038,6889,9927
2,138960,180,0,0,36,18,7720,23328,25,23353
2,138960,360,0,0,72,18,7720,23328,25,23353
2,139158,39366,0,0,18,18,7731,2888,6561,9449
2,139194,18,0,0,18,18,7733,68782,1,68783
2,139194,198,0,0,36,18,7733,16796,11,16807
2,139194,198,0,0,72,18,7733,26000,11,26011
2,139194,306,0,0,18,18,7733,11858,17,11875
2,139194,630,0,0,18,18,7733,83486,35,83521
2,139194,1530,0,0,18,18,7733,80864,425,81289
2,139194,2178,0,0,18,18,7733,11830,121,11951
2,139194,9702,0,0,18,18,7733,80750,539,81289
2,139194,23958,0,0,18,18,7733,13034,1331,14365
2,139194,24642,0,0,18,18,7733,9248,6845,16093
2,139194,57222,0,0,18,18,7733,25382,3179,28561
2,139194,63954,0,0,18,18,7733,32,17765,17797
2,139194,123750,0,0,18,18,7733,1406,6875,8281
2,139230,18,0,0,36,18,7735,31212,1,31213
2,139230,18,0,0,72,18,7735,28560,1,28561
2,139230,306,0,0,36,18,7735,51580,17,51597
2,139230,1638,0,0,18,18,7735,8192,1183,9375
2,139230,1638,0,0,72,18,7735,23120,91,23211
2,139230,6318,0,0,18,18,7735,17000,1053,18053
2,139230,7938,0,0,18,18,7735,6656,3969,10625
2,139230,8190,0,0,36,18,7735,17408,2275,19683
2,139230,11250,0,0,18,18,7735,43218,625,43843
2,139374,522,0,0,18,18,7743,7776,145,7921
2,139374,1602,0,0,36,18,7743,24300,89,24389
2,140310,56250,0,0,18,18,7795,24334,3125,27459
2,140454,4374,0,0,18,18,7803,49000,729,49729
2,140454,7650,0,0,18,18,7803,7136,2125,9261
2,140580,36,0,0,36,18,7810,17248,5,17253
2,140580,72,0,0,72,18,7810,17248,5,17253
2,140904,70452,0,0,36,18,7828,512,17613,18125
2,140904,140904,0,0,72,18,7828,512,17613,18125
2,140940,1044,0,0,36,18,7830,7776,145,7921
2,140940,2088,0,0,72,18,7830,7776,145,7921
2,141174,18,0,0,18,18,7843,64000,9,64009
2,141174,18,0,0,18,18,7843,71874,1,71875
2,141174,45198,0,0,18,18,7843,11776,22599,34375
2,141174,86490,0,0,18,18,7843,32,24025,24057
2,141210,18,0,0,18,18,7845,48734,1,48735
2,141210,39366,0,0,18,18,7845,18050,2187,20237
2,141210,42750,0,0,18,18,7845,32,11875,11907
2,141210,84726,0,0,18,18,7845,512,42363,42875
2,141210,123462,0,0,18,18,7845,14750,6859,21609
2,141534,47178,0,0,72,18,7863,75504,2621,78125
2,141930,90,0,0,18,18,7885,29216,25,29241
2,141930,12150,0,0,18,18,7885,12616,2025,14641
2,141930,21510,0,0,18,18,7885,13446,1195,14641
2,141930,123462,0,0,18,18,7885,13310,6859,20169
2,141930,123462,0,0,18,18,7885,311250,6859,318109
2,141966,54,0,0,18,18,7887,30592,21,30613
2,142254,126,0,0,72,18,7903,34992,7,34999
2,142254,20322,0,0,36,18,7903,23436,1129,24565
2,142254,22050,0,0,18,18,7903,384,8575,8959
2,142254,43218,0,0,18,18,7903,128,16807,16935
2,142254,45198,0,0,18,18,7903,33614,2511,36125
2,142290,558,0,0,36,18,7905,19652,31,19683
2,142470,162,0,0,18,18,7915,21866,9,21875
2,142470,522,0,0,18,18,7915,39546,29,39575
2,142470,1638,0,0,18,18,7915,8192,1183,9375
2,142470,2430,0,0,18,18,7915,8192,1755,9947
2,142470,28494,0,0,18,18,7915,2560,14247,16807
2,142470,28494,0,0,36,18,7915,84100,1583,85683
2,142470,39546,0,0,18,18,7915,96,10985,11081
2,142470,65250,0,0,18,18,7915,13182,3625,16807
2,142524,1332,0,0,72,18,7918,11264,185,11449
2,142722,2178,0,0,18,18,7929,16686,121,16807
2,142975,513,0,0,19,19,7525,24010,27,24037
2,142975,1539,0,0,19,19,7525,8192,1053,9245
2,142975,1729,0,0,19,19,7525,8192,1183,9375
2,142975,3211,0,0,19,19,7525,25886,169,26055
2,142975,8379,0,0,19,19,7525,33280,3969,37249
2,142975,32585,0,0,19,19,7525,59168,8575,67743
2,142975,41553,0,0,19,19,7525,1720,6561,8281
2,142975,59375,0,0,19,19,7525,6176,15625,21801
2,142975,102125,0,0,19,19,7525,80288,26875,107163
2,143127,91295,0,0,19,19,7533,32,24025,24057
2,143154,1998,0,0,18,18,7953,14792,333,15125
2,143154,33282,0,0,18,18,7953,17834,1849,19683
2,143154,117126,0,0,18,18,7953,2738,6507,9245
2,143262,6174,0,0,18,18,7959,143298,343,143641
2,143514,2178,0,0,18,18,7973,9826,121,9947
2,143514,59094,0,0,18,18,7973,1408,22981,24389
2,143514,88434,0,0,18,18,7973,4802,4913,9715
2,143773,3059,0,0,19,19,7567,39366,161,39527
