U,d,sigma1,sigma2,sigma3,r,t,e,a,b,n
2,1503,1,0,0,1,1,1503,4374,1,4375
2,1503,167,0,0,2,1,1503,1548,167,1715
2,1513,375,0,0,1,1,1513,9826,375,10201
2,1515,15,0,0,4,1,1515,4096,45,4141
2,1515,375,0,0,1,1,1515,3362,375,3737
2,1518,22,0,0,2,1,1518,11776,99,11875
2,1518,44,0,0,4,1,1518,11776,99,11875
2,1533,1,0,0,1,1,1533,4374,1,4375
2,1533,81,0,0,1,1,1533,42632,243,42875
2,1533,125,0,0,1,1,1533,4704,625,5329
2,1545,1,0,0,1,1,1545,1750,1,1751
2,1545,1,0,0,1,1,1545,4374,1,4375
2,1545,1,0,0,1,1,1545,59534,1,59535
2,1545,1,0,0,1,1,1545,65610,1,65611
2,1545,1,0,0,2,1,1545,1700,1,1701
2,1545,1,0,0,2,1,1545,31212,1,31213
2,1545,1,0,0,4,1,1545,10608,1,10609
2,1545,3,0,0,1,1,1545,2176,21,2197
2,1545,7,0,0,1,1,1545,3750,7,3757
2,1545,13,0,0,1,1,1545,8330,13,8343
2,1545,25,0,0,1,1,1545,9248,125,9373
2,1545,85,0,0,1,1,1545,4374,85,4459
2,1545,91,0,0,1,1,1545,8192,1183,9375
2,1545,117,0,0,1,1,1545,1400,351,1751
2,1545,169,0,0,1,1,1545,1854,169,2023
2,1545,221,0,0,1,1,1545,640,1547,2187
2,1545,343,0,0,1,1,1545,1854,343,2197
2,1545,441,0,0,1,1,1545,6656,3969,10625
2,1545,507,0,0,1,1,1545,3296,2535,5831
2,1545,927,0,0,1,1,1545,2744,2781,5525
2,1545,1339,0,0,1,1,1545,686,1339,2025
2,1545,1377,0,0,1,1,1545,338,1377,1715
2,1555,311,0,0,1,1,1555,6250,311,6561
2,1573,1,0,0,1,1,1573,4374,1,4375
2,1573,1,0,0,4,1,1573,3024,1,3025
2,1573,11,0,0,1,1,1573,1690,11,1701
2,1573,91,0,0,1,1,1573,8192,1183,9375
2,1573,121,0,0,1,1,1573,1352,363,1715
2,1573,121,0,0,4,1,1573,4096,363,4459
2,1573,297,0,0,1,1,1573,512,2673,3185
2,1573,539,0,0,1,1,1573,8,1617,1625
2,1573,539,0,0,1,1,1573,16000,3773,19773
2,1573,729,0,0,1,1,1573,88,2187,2275
2,1573,847,0,0,1,1,1573,1350,847,2197
2,1573,1331,0,0,1,1,1573,294,1331,1625
2,1575,1,0,0,1,1,1575,4374,1,4375
2,1575,1,0,0,1,1,1575,10368,7,10375
2,1575,1,0,0,1,1,1575,33614,1,33615
2,1575,7,0,0,1,1,1575,3200,49,3249
2,1581,31,0,0,2,1,1581,19652,31,19683
2,1585,1,0,0,1,1,1585,7290,1,7291
2,1593,1,0,0,8,1,1593,7424,1,7425
2,1593,295,0,0,1,1,1593,7776,1475,9251
2,1593,841,0,0,1,1,1593,6534,841,7375
2,1603,1,0,0,1,1,1603,4374,1,4375
2,1603,81,0,0,1,1,1603,5000,243,5243
2,1615,1,0,0,1,1,1615,4374,1,4375
2,1615,1,0,0,2,1,1615,1700,1,1701
2,1615,1,0,0,4,1,1615,3024,1,3025
2,1615,5,0,0,2,1,1615,2052,5,2057
2,1615,7,0,0,1,1,1615,2048,77,2125
2,1615,7,0,0,1,1,1615,3200,49,3249
2,1615,7,0,0,1,1,1615,20570,7,20577
2,1615,11,0,0,1,1,1615,2250,11,2261
2,1615,17,0,0,1,1,1615,11858,17,11875
2,1615,17,0,0,1,1,1615,68590,17,68607
2,1615,17,0,0,2,1,1615,10108,17,10125
2,1615,19,0,0,1,1,1615,6050,19,6069
2,1615,19,0,0,1,1,1615,15606,19,15625
2,1615,19,0,0,1,1,1615,36992,133,37125
2,1615,19,0,0,2,1,1615,4356,19,4375
2,1615,19,0,0,2,1,1615,15876,19,15895
2,1615,19,0,0,8,1,1615,2816,19,2835
2,1615,21,0,0,1,1,1615,2312,63,2375
2,1615,49,0,0,1,1,1615,2250,49,2299
2,1615,95,0,0,4,1,1615,2992,95,3087
2,1615,99,0,0,1,1,1615,2432,693,3125
2,1615,133,0,0,1,1,1615,3200,931,4131
2,1615,147,0,0,1,1,1615,2584,441,3025
2,1615,175,0,0,1,1,1615,5984,875,6859
2,1615,209,0,0,1,1,1615,1666,209,1875
2,1615,243,0,0,1,1,1615,1672,729,2401
2,1615,245,0,0,1,1,1615,2662,245,2907
2,1615,289,0,0,1,1,1615,2432,2023,4455
2,1615,315,0,0,1,1,1615,4598,315,4913
2,1615,343,0,0,1,1,1615,1782,343,2125
2,1615,343,0,0,1,1,1615,1152,2401,3553
2,1615,361,0,0,1,1,1615,6144,3971,10115
2,1615,405,0,0,1,1,1615,32,2025,2057
2,1615,425,0,0,1,1,1615,2662,425,3087
2,1615,539,0,0,1,1,1615,4374,539,4913
2,1615,605,0,0,1,1,1615,224,3025,3249
2,1615,625,0,0,1,1,1615,512,5625,6137
2,1615,675,0,0,1,1,1615,2888,2025,4913
2,1615,693,0,0,1,1,1615,640,4851,5491
2,1615,729,0,0,1,1,1615,2450,729,3179
2,1615,1331,0,0,1,1,1615,6250,1331,7581
2,1615,1331,0,0,1,1,1615,11552,6655,18207
2,1615,1331,0,0,1,1,1615,19494,1331,20825
2,1615,1375,0,0,1,1,1615,1026,1375,2401
2,1615,1377,0,0,1,1,1615,2744,4131,6875
2,1615,1463,0,0,1,1,1615,384,10241,10625
2,1623,1,0,0,4,1,1623,2704,1,2705
2,1633,1,0,0,1,1,1633,5750,1,5751
2,1633,27,0,0,1,1,1633,5014,27,5041
2,1633,71,0,0,2,1,1633,2116,71,2187
2,1633,109,0,0,1,1,1633,3266,109,3375
2,1638,182,0,0,2,1,1638,8192,1183,9375
2,1638,364,0,0,4,1,1638,8192,1183,9375
2,1638,728,0,0,8,1,1638,8192,1183,9375
2,1645,1,0,0,1,1,1645,4374,1,4375
2,1645,47,0,0,1,1,1645,1952,235,2187
2,1645,245,0,0,1,1,1645,1152,1715,2867
2,1645,567,0,0,1,1,1645,32,2835,2867
2,1645,675,0,0,1,1,1645,376,2025,2401
2,1645,729,0,0,1,1,1645,24064,6561,30625
2,1651,1,0,0,1,1,1651,6858,1,6859
2,1653,551,0,0,2,1,1653,1324,551,1875
2,1659,1659,0,0,2,1,1659,9664,4977,14641
2,1675,81,0,0,1,1,1675,8192,1053,9245
2,1675,559,0,0,1,1,1675,1250,559,1809
2,1675,603,0,0,1,1,1675,40,1809,1849
2,1677,219,0,0,1,1,1677,1978,219,2197
2,1681,891,0,0,1,1,1681,2048,9801,11849
2,1683,1,0,0,1,1,1683,34374,1,34375
2,1683,187,0,0,4,1,1683,2000,187,2187
2,1683,243,0,0,1,1,1683,5000,729,5729
2,1683,405,0,0,1,1,1683,32,2025,2057
2,1703,275,0,0,1,1,1703,1922,275,2197
2,1705,1,0,0,1,1,1705,3750,1,3751
2,1705,9,0,0,1,1,1705,6250,9,6259
2,1705,11,0,0,2,1,1705,2500,11,2511
2,1708,14,0,0,2,1,1708,3200,49,3249
2,1708,28,0,0,4,1,1708,3200,49,3249
2,1713,1,0,0,1,1,1713,4374,1,4375
2,1725,1,0,0,1,1,1725,64000,9,64009
2,1725,1,0,0,1,1,1725,71874,1,71875
2,1725,23,0,0,1,1,1725,19602,23,19625
2,1743,1,0,0,1,1,1743,4374,1,4375
2,1743,1,0,0,1,1,1743,10368,7,10375
2,1743,1,0,0,1,1,1743,33614,1,33615
2,1743,83,0,0,4,1,1743,19600,83,19683
2,1743,83,0,0,8,1,1743,1792,83,1875
2,1743,243,0,0,1,1,1743,34202,243,34445
2,1743,1029,0,0,1,1,1743,44672,7203,51875
2,1748,2,0,0,2,1,1748,12160,7,12167
2,1748,4,0,0,4,1,1748,12160,7,12167
2,1749,891,0,0,1,1,1749,136,2673,2809
2,1750,250,0,0,2,1,1750,4704,625,5329
2,1750,500,0,0,4,1,1750,4704,625,5329
2,1755,1,0,0,1,1,1755,4374,1,4375
2,1755,9,0,0,1,1,1755,3200,63,3263
2,1755,35,0,0,1,1,1755,6526,35,6561
2,1755,63,0,0,1,1,1755,2008,189,2197
2,1755,91,0,0,1,1,1755,8192,1183,9375
2,1755,1755,0,0,1,1,1755,8032,8775,16807
2,1765,135,0,0,1,1,1765,9728,1215,10943
2,1767,31,0,0,1,1,1767,2318,31,2349
2,1767,589,0,0,2,1,1767,3132,589,3721
2,1771,23,0,0,1,1,1771,23814,23,23837
2,1783,1,0,0,1,1,1783,4374,1,4375
2,1783,1783,0,0,4,1,1783,240,1783,2023
2,1785,1,0,0,1,1,1785,4374,1,4375
2,1789,1789,0,0,1,1,1789,398,1789,2187
2,1813,1,0,0,1,1,1813,4374,1,4375
2,1813,1,0,0,4,1,1813,3024,1,3025
2,1813,11,0,0,1,1,1813,9250,11,9261
2,1813,49,0,0,4,1,1813,6512,49,6561
2,1813,1369,0,0,1,1,1813,83006,1369,84375
2,1815,1,0,0,1,1,1815,64000,9,64009
2,1815,1,0,0,1,1,1815,71874,1,71875
2,1815,11,0,0,1,1,1815,3634,11,3645
2,1815,125,0,0,1,1,1815,1738,125,1863
2,1815,237,0,0,1,1,1815,512,2133,2645
2,1815,363,0,0,1,1,1815,14536,1089,15625
2,1815,675,0,0,1,1,1815,5566,675,6241
2,1818,202,0,0,2,1,1818,7776,505,8281
2,1818,404,0,0,4,1,1818,7776,505,8281
2,1825,1,0,0,1,1,1825,4374,1,4375
2,1825,73,0,0,1,1,1825,2450,73,2523
2,1825,81,0,0,1,1,1825,42632,243,42875
2,1825,125,0,0,1,1,1825,4704,625,5329
2,1825,343,0,0,1,1,1825,1682,343,2025
2,1825,343,0,0,1,1,1825,9344,2401,11745
2,1827,7,0,0,1,1,1827,27848,21,27869
2,1827,9,0,0,4,1,1827,3472,9,3481
2,1827,961,0,0,1,1,1827,8,2883,2891
2,1833,3,0,0,4,1,1833,5872,3,5875
2,1833,39,0,0,2,1,1833,3008,117,3125
2,1833,47,0,0,8,1,1833,3328,47,3375
2,1837,1,0,0,4,1,1837,2672,1,2673
2,1839,729,0,0,1,1,1839,2104,2187,4291
2,1843,1681,0,0,1,1,1843,194,1681,1875
2,1848,22,0,0,4,1,1848,2368,33,2401
2,1853,371,0,0,1,1,1853,128,2597,2725
2,1855,1,0,0,1,1,1855,2592,5,2597
2,1855,1,0,0,1,1,1855,4374,1,4375
2,1855,7,0,0,1,1,1855,5618,7,5625
2,1855,371,0,0,1,1,1855,6190,371,6561
2,1855,1029,0,0,1,1,1855,8,3087,3095
2,1855,1431,0,0,1,1,1855,40,4293,4333
2,1860,186,0,0,8,1,1860,4096,279,4375
2,1867,1867,0,0,1,1,1867,534,1867,2401
2,1881,49,0,0,1,1,1881,2152,147,2299
2,1881,243,0,0,1,1,1881,1672,729,2401
2,1881,1701,0,0,1,1,1881,8,5103,5111
2,1883,1,0,0,2,1,1883,4900,1,4901
2,1885,1,0,0,1,1,1885,4896,5,4901
2,1885,1,0,0,4,1,1885,4624,1,4625
2,1885,3,0,0,1,1,1885,6250,3,6253
2,1885,5,0,0,8,1,1885,9472,5,9477
2,1885,13,0,0,2,1,1885,3132,13,3145
2,1885,39,0,0,1,1,1885,6728,117,6845
2,1885,51,0,0,1,1,1885,2146,51,2197
2,1885,135,0,0,1,1,1885,2738,135,2873
2,1885,841,0,0,1,1,1885,8192,10933,19125
2,1885,925,0,0,1,1,1885,288,4625,4913
2,1885,1369,0,0,1,1,1885,7250,1369,8619
2,1885,1369,0,0,1,1,1885,8704,12321,21025
2,1885,1443,0,0,1,1,1885,1682,1443,3125
2,1885,1875,0,0,1,1,1885,48778,1875,50653
2,1903,11,0,0,1,1,1903,3114,11,3125
2,1903,173,0,0,2,1,1903,2500,173,2673
2,1909,3,0,0,1,1,1909,2392,9,2401
2,1909,243,0,0,1,1,1909,2158,243,2401
2,1909,1183,0,0,1,1,1909,1058,1183,2241
2,1923,1,0,0,1,1,1923,4374,1,4375
2,1923,1,0,0,4,1,1923,3024,1,3025
2,1923,641,0,0,4,1,1923,14000,641,14641
2,1923,891,0,0,1,1,1923,32,4455,4487
2,1925,625,0,0,1,1,1925,32,3125,3157
2,1925,875,0,0,1,1,1925,1312,4375,5687
2,1933,729,0,0,1,1,1933,77320,2187,79507
2,1935,27,0,0,1,1,1935,3698,27,3725
2,1935,43,0,0,1,1,1935,15496,129,15625
2,1935,43,0,0,4,1,1935,4096,129,4225
2,1935,81,0,0,1,1,1935,8192,1053,9245
2,1935,325,0,0,1,1,1935,3698,325,4023
2,1935,1341,0,0,1,1,1935,1352,4023,5375
2,1935,1849,0,0,1,1,1935,338,1849,2187
2,1945,243,0,0,1,1,1945,77800,729,78529
2,1945,389,0,0,1,1,1945,6750,389,7139
2,1945,1945,0,0,1,1,1945,242,1945,2187
2,1953,1,0,0,1,1,1953,4374,1,4375
2,1953,3,0,0,1,1,1953,4802,3,4805
2,1953,5,0,0,1,1,1953,12152,15,12167
2,1953,7,0,0,1,1,1953,32798,7,32805
2,1953,9,0,0,2,1,1953,2116,9,2125
2,1953,17,0,0,1,1,1953,2170,17,2187
2,1953,17,0,0,1,1,1953,12150,17,12167
2,1953,31,0,0,2,1,1953,19652,31,19683
2,1953,81,0,0,1,1,1953,5750,81,5831
2,1953,93,0,0,4,1,1953,4096,279,4375
2,1953,135,0,0,1,1,1953,3968,945,4913
2,1953,243,0,0,1,1,1953,8750,243,8993
2,1953,279,0,0,1,1,1953,1288,837,2125
2,1953,1225,0,0,1,1,1953,384,8575,8959
2,1953,1225,0,0,1,1,1953,28566,1225,29791
2,1953,1323,0,0,1,1,1953,32,6615,6647
2,1953,1701,0,0,1,1,1953,17000,5103,22103
2,1953,1875,0,0,1,1,1953,3038,1875,4913
2,1963,507,0,0,1,1,1963,77312,4563,81875
2,1965,1,0,0,1,1,1965,4374,1,4375
2,1965,343,0,0,1,1,1965,128,2401,2529
2,1993,1,0,0,1,1,1993,4374,1,4375
2,1993,7,0,0,1,1,1993,3200,49,3249
2,1995,1,0,0,1,1,1995,4374,1,4375
2,1995,7,0,0,1,1,1995,3200,49,3249
2,3006,2,0,0,2,2,1503,4374,1,4375
2,3006,334,0,0,4,2,1503,1548,167,1715
2,3026,750,0,0,2,2,1513,9826,375,10201
2,3030,30,0,0,8,2,1515,4096,45,4141
2,3030,750,0,0,2,2,1515,3362,375,3737
2,3036,44,0,0,4,2,1518,11776,99,11875
2,3036,88,0,0,8,2,1518,11776,99,11875
2,3066,2,0,0,2,2,1533,4374,1,4375
2,3066,162,0,0,2,2,1533,42632,243,42875
2,3066,250,0,0,2,2,1533,4704,625,5329
2,3090,2,0,0,2,2,1545,1750,1,1751
2,3090,2,0,0,2,2,1545,4374,1,4375
2,3090,2,0,0,2,2,1545,59534,1,59535
2,3090,2,0,0,2,2,1545,65610,1,65611
2,3090,2,0,0,4,2,1545,1700,1,1701
2,3090,2,0,0,4,2,1545,31212,1,31213
2,3090,2,0,0,8,2,1545,10608,1,10609
2,3090,6,0,0,2,2,1545,2176,21,2197
2,3090,14,0,0,2,2,1545,3750,7,3757
2,3090,26,0,0,2,2,1545,8330,13,8343
2,3090,50,0,0,2,2,1545,9248,125,9373
2,3090,170,0,0,2,2,1545,4374,85,4459
2,3090,182,0,0,2,2,1545,8192,1183,9375
2,3090,234,0,0,2,2,1545,1400,351,1751
2,3090,338,0,0,2,2,1545,1854,169,2023
2,3090,442,0,0,2,2,1545,640,1547,2187
2,3090,686,0,0,2,2,1545,1854,343,2197
2,3090,882,0,0,2,2,1545,6656,3969,10625
2,3090,1014,0,0,2,2,1545,3296,2535,5831
2,3090,1854,0,0,2,2,1545,2744,2781,5525
2,3090,2678,0,0,2,2,1545,686,1339,2025
2,3090,2754,0,0,2,2,1545,338,1377,1715
2,3110,622,0,0,2,2,1555,6250,311,6561
2,3146,2,0,0,2,2,1573,4374,1,4375
2,3146,2,0,0,8,2,1573,3024,1,3025
2,3146,22,0,0,2,2,1573,1690,11,1701
2,3146,182,0,0,2,2,1573,8192,1183,9375
2,3146,242,0,0,2,2,1573,1352,363,1715
2,3146,242,0,0,8,2,1573,4096,363,4459
2,3146,594,0,0,2,2,1573,512,2673,3185
2,3146,1078,0,0,2,2,1573,8,1617,1625
2,3146,1078,0,0,2,2,1573,16000,3773,19773
2,3146,1458,0,0,2,2,1573,88,2187,2275
2,3146,1694,0,0,2,2,1573,1350,847,2197
2,3146,2662,0,0,2,2,1573,294,1331,1625
2,3150,2,0,0,2,2,1575,4374,1,4375
2,3150,2,0,0,2,2,1575,10368,7,10375
2,3150,2,0,0,2,2,1575,33614,1,33615
2,3150,14,0,0,2,2,1575,3200,49,3249
2,3162,62,0,0,4,2,1581,19652,31,19683
2,3170,2,0,0,2,2,1585,7290,1,7291
2,3186,2,0,0,16,2,1593,7424,1,7425
2,3186,590,0,0,2,2,1593,7776,1475,9251
2,3186,1682,0,0,2,2,1593,6534,841,7375
2,3206,2,0,0,2,2,1603,4374,1,4375
2,3206,162,0,0,2,2,1603,5000,243,5243
2,3230,2,0,0,2,2,1615,4374,1,4375
2,3230,2,0,0,4,2,1615,1700,1,1701
2,3230,2,0,0,8,2,1615,3024,1,3025
2,3230,10,0,0,4,2,1615,2052,5,2057
2,3230,14,0,0,2,2,1615,2048,77,2125
2,3230,14,0,0,2,2,1615,3200,49,3249
2,3230,14,0,0,2,2,1615,20570,7,20577
2,3230,22,0,0,2,2,1615,2250,11,2261
2,3230,34,0,0,2,2,1615,11858,17,11875
2,3230,34,0,0,2,2,1615,68590,17,68607
2,3230,34,0,0,4,2,1615,10108,17,10125
2,3230,38,0,0,2,2,1615,6050,19,6069
2,3230,38,0,0,2,2,1615,15606,19,15625
2,3230,38,0,0,2,2,1615,36992,133,37125
2,3230,38,0,0,4,2,1615,4356,19,4375
2,3230,38,0,0,4,2,1615,15876,19,15895
2,3230,38,0,0,16,2,1615,2816,19,2835
2,3230,42,0,0,2,2,1615,2312,63,2375
2,3230,98,0,0,2,2,1615,2250,49,2299
2,3230,190,0,0,8,2,1615,2992,95,3087
2,3230,198,0,0,2,2,1615,2432,693,3125
2,3230,266,0,0,2,2,1615,3200,931,4131
2,3230,294,0,0,2,2,1615,2584,441,3025
2,3230,350,0,0,2,2,1615,5984,875,6859
2,3230,418,0,0,2,2,1615,1666,209,1875
2,3230,486,0,0,2,2,1615,1672,729,2401
2,3230,490,0,0,2,2,1615,2662,245,2907
2,3230,578,0,0,2,2,1615,2432,2023,4455
2,3230,630,0,0,2,2,1615,4598,315,4913
2,3230,686,0,0,2,2,1615,1782,343,2125
2,3230,686,0,0,2,2,1615,1152,2401,3553
2,3230,722,0,0,2,2,1615,6144,3971,10115
2,3230,810,0,0,2,2,1615,32,2025,2057
2,3230,850,0,0,2,2,1615,2662,425,3087
2,3230,1078,0,0,2,2,1615,4374,539,4913
2,3230,1210,0,0,2,2,1615,224,3025,3249
2,3230,1250,0,0,2,2,1615,512,5625,6137
2,3230,1350,0,0,2,2,1615,2888,2025,4913
2,3230,1386,0,0,2,2,1615,640,4851,5491
2,3230,1458,0,0,2,2,1615,2450,729,3179
2,3230,2662,0,0,2,2,1615,6250,1331,7581
2,3230,2662,0,0,2,2,1615,11552,6655,18207
2,3230,2662,0,0,2,2,1615,19494,1331,20825
2,3230,2750,0,0,2,2,1615,1026,1375,2401
2,3230,2754,0,0,2,2,1615,2744,4131,6875
2,3230,2926,0,0,2,2,1615,384,10241,10625
2,3246,2,0,0,8,2,1623,2704,1,2705
2,3266,2,0,0,2,2,1633,5750,1,5751
2,3266,54,0,0,2,2,1633,5014,27,5041
2,3266,142,0,0,4,2,1633,2116,71,2187
2,3266,218,0,0,2,2,1633,3266,109,3375
2,3276,364,0,0,4,2,1638,8192,1183,9375
2,3276,728,0,0,8,2,1638,8192,1183,9375
2,3276,1456,0,0,16,2,1638,8192,1183,9375
2,3290,2,0,0,2,2,1645,4374,1,4375
2,3290,94,0,0,2,2,1645,1952,235,2187
2,3290,490,0,0,2,2,1645,1152,1715,2867
2,3290,1134,0,0,2,2,1645,32,2835,2867
2,3290,1350,0,0,2,2,1645,376,2025,2401
2,3290,1458,0,0,2,2,1645,24064,6561,30625
2,3302,2,0,0,2,2,1651,6858,1,6859
2,3306,1102,0,0,4,2,1653,1324,551,1875
2,3318,3318,0,0,4,2,1659,9664,4977,14641
2,3350,162,0,0,2,2,1675,8192,1053,9245
2,3350,1118,0,0,2,2,1675,1250,559,1809
2,3350,1206,0,0,2,2,1675,40,1809,1849
2,3354,438,0,0,2,2,1677,1978,219,2197
2,3362,1782,0,0,2,2,1681,2048,9801,11849
2,3366,2,0,0,2,2,1683,34374,1,34375
2,3366,374,0,0,8,2,1683,2000,187,2187
2,3366,486,0,0,2,2,1683,5000,729,5729
2,3366,810,0,0,2,2,1683,32,2025,2057
2,3406,550,0,0,2,2,1703,1922,275,2197
2,3410,2,0,0,2,2,1705,3750,1,3751
2,3410,18,0,0,2,2,1705,6250,9,6259
2,3410,22,0,0,4,2,1705,2500,11,2511
2,3416,28,0,0,4,2,1708,3200,49,3249
2,3416,56,0,0,8,2,1708,3200,49,3249
2,3426,2,0,0,2,2,1713,4374,1,4375
2,3450,2,0,0,2,2,1725,64000,9,64009
2,3450,2,0,0,2,2,1725,71874,1,71875
2,3450,46,0,0,2,2,1725,19602,23,19625
2,3486,2,0,0,2,2,1743,4374,1,4375
2,3486,2,0,0,2,2,1743,10368,7,10375
2,3486,2,0,0,2,2,1743,33614,1,33615
2,3486,166,0,0,8,2,1743,19600,83,19683
2,3486,166,0,0,16,2,1743,1792,83,1875
2,3486,486,0,0,2,2,1743,34202,243,34445
2,3486,2058,0,0,2,2,1743,44672,7203,51875
2,3496,4,0,0,4,2,1748,12160,7,12167
2,3496,8,0,0,8,2,1748,12160,7,12167
2,3498,1782,0,0,2,2,1749,136,2673,2809
2,3500,500,0,0,4,2,1750,4704,625,5329
2,3500,1000,0,0,8,2,1750,4704,625,5329
2,3510,2,0,0,2,2,1755,4374,1,4375
2,3510,18,0,0,2,2,1755,3200,63,3263
2,3510,70,0,0,2,2,1755,6526,35,6561
2,3510,126,0,0,2,2,1755,2008,189,2197
2,3510,182,0,0,2,2,1755,8192,1183,9375
2,3510,3510,0,0,2,2,1755,8032,8775,16807
2,3530,270,0,0,2,2,1765,9728,1215,10943
2,3534,62,0,0,2,2,1767,2318,31,2349
2,3534,1178,0,0,4,2,1767,3132,589,3721
2,3542,46,0,0,2,2,1771,23814,23,23837
2,3566,2,0,0,2,2,1783,4374,1,4375
2,3566,3566,0,0,8,2,1783,240,1783,2023
2,3570,2,0,0,2,2,1785,4374,1,4375
2,3578,3578,0,0,2,2,1789,398,1789,2187
2,3626,2,0,0,2,2,1813,4374,1,4375
2,3626,2,0,0,8,2,1813,3024,1,3025
2,3626,22,0,0,2,2,1813,9250,11,9261
2,3626,98,0,0,8,2,1813,6512,49,6561
2,3626,2738,0,0,2,2,1813,83006,1369,84375
2,3630,2,0,0,2,2,1815,64000,9,64009
2,3630,2,0,0,2,2,1815,71874,1,71875
2,3630,22,0,0,2,2,1815,3634,11,3645
2,3630,250,0,0,2,2,1815,1738,125,1863
2,3630,474,0,0,2,2,1815,512,2133,2645
2,3630,726,0,0,2,2,1815,14536,1089,15625
2,3630,1350,0,0,2,2,1815,5566,675,6241
2,3636,404,0,0,4,2,1818,7776,505,8281
2,3636,808,0,0,8,2,1818,7776,505,8281
2,3650,2,0,0,2,2,1825,4374,1,4375
2,3650,146,0,0,2,2,1825,2450,73,2523
2,3650,162,0,0,2,2,1825,42632,243,42875
2,3650,250,0,0,2,2,1825,4704,625,5329
2,3650,686,0,0,2,2,1825,1682,343,2025
2,3650,686,0,0,2,2,1825,9344,2401,11745
2,3654,14,0,0,2,2,1827,27848,21,27869
2,3654,18,0,0,8,2,1827,3472,9,3481
2,3654,1922,0,0,2,2,1827,8,2883,2891
2,3666,6,0,0,8,2,1833,5872,3,5875
2,3666,78,0,0,4,2,1833,3008,117,3125
2,3666,94,0,0,16,2,1833,3328,47,3375
2,3674,2,0,0,8,2,1837,2672,1,2673
2,3678,1458,0,0,2,2,1839,2104,2187,4291
2,3686,3362,0,0,2,2,1843,194,1681,1875
2,3696,44,0,0,8,2,1848,2368,33,2401
2,3706,742,0,0,2,2,1853,128,2597,2725
2,3710,2,0,0,2,2,1855,2592,5,2597
2,3710,2,0,0,2,2,1855,4374,1,4375
2,3710,14,0,0,2,2,1855,5618,7,5625
2,3710,742,0,0,2,2,1855,6190,371,6561
2,3710,2058,0,0,2,2,1855,8,3087,3095
2,3710,2862,0,0,2,2,1855,40,4293,4333
2,3720,372,0,0,16,2,1860,4096,279,4375
2,3734,3734,0,0,2,2,1867,534,1867,2401
2,3762,98,0,0,2,2,1881,2152,147,2299
2,3762,486,0,0,2,2,1881,1672,729,2401
2,3762,3402,0,0,2,2,1881,8,5103,5111
2,3766,2,0,0,4,2,1883,4900,1,4901
2,3770,2,0,0,2,2,1885,4896,5,4901
2,3770,2,0,0,8,2,1885,4624,1,4625
2,3770,6,0,0,2,2,1885,6250,3,6253
2,3770,10,0,0,16,2,1885,9472,5,9477
2,3770,26,0,0,4,2,1885,3132,13,3145
2,3770,78,0,0,2,2,1885,6728,117,6845
2,3770,102,0,0,2,2,1885,2146,51,2197
2,3770,270,0,0,2,2,1885,2738,135,2873
2,3770,1682,0,0,2,2,1885,8192,10933,19125
2,3770,1850,0,0,2,2,1885,288,4625,4913
2,3770,2738,0,0,2,2,1885,7250,1369,8619
2,3770,2738,0,0,2,2,1885,8704,12321,21025
2,3770,2886,0,0,2,2,1885,1682,1443,3125
2,3770,3750,0,0,2,2,1885,48778,1875,50653
2,3806,22,0,0,2,2,1903,3114,11,3125
2,3806,346,0,0,4,2,1903,2500,173,2673
2,3818,6,0,0,2,2,1909,2392,9,2401
2,3818,486,0,0,2,2,1909,2158,243,2401
2,3818,2366,0,0,2,2,1909,1058,1183,2241
2,3846,2,0,0,2,2,1923,4374,1,4375
2,3846,2,0,0,8,2,1923,3024,1,3025
2,3846,1282,0,0,8,2,1923,14000,641,14641
2,3846,1782,0,0,2,2,1923,32,4455,4487
2,3850,1250,0,0,2,2,1925,32,3125,3157
2,3850,1750,0,0,2,2,1925,1312,4375,5687
2,3866,1458,0,0,2,2,1933,77320,2187,79507
2,3870,54,0,0,2,2,1935,3698,27,3725
2,3870,86,0,0,2,2,1935,15496,129,15625
2,3870,86,0,0,8,2,1935,4096,129,4225
2,3870,162,0,0,2,2,1935,8192,1053,9245
2,3870,650,0,0,2,2,1935,3698,325,4023
2,3870,2682,0,0,2,2,1935,1352,4023,5375
2,3870,3698,0,0,2,2,1935,338,1849,2187
2,3890,486,0,0,2,2,1945,77800,729,78529
2,3890,778,0,0,2,2,1945,6750,389,7139
2,3890,3890,0,0,2,2,1945,242,1945,2187
2,3906,2,0,0,2,2,1953,4374,1,4375
2,3906,6,0,0,2,2,1953,4802,3,4805
2,3906,10,0,0,2,2,1953,12152,15,12167
2,3906,14,0,0,2,2,1953,32798,7,32805
2,3906,18,0,0,4,2,1953,2116,9,2125
2,3906,34,0,0,2,2,1953,2170,17,2187
2,3906,34,0,0,2,2,1953,12150,17,12167
2,3906,62,0,0,4,2,1953,19652,31,19683
2,3906,162,0,0,2,2,1953,5750,81,5831
2,3906,186,0,0,8,2,1953,4096,279,4375
2,3906,270,0,0,2,2,1953,3968,945,4913
2,3906,486,0,0,2,2,1953,8750,243,8993
2,3906,558,0,0,2,2,1953,1288,837,2125
2,3906,2450,0,0,2,2,1953,384,8575,8959
2,3906,2450,0,0,2,2,1953,28566,1225,29791
2,3906,2646,0,0,2,2,1953,32,6615,6647
2,3906,3402,0,0,2,2,1953,17000,5103,22103
2,3906,3750,0,0,2,2,1953,3038,1875,4913
2,3926,1014,0,0,2,2,1963,77312,4563,81875
2,3930,2,0,0,2,2,1965,4374,1,4375
2,3930,686,0,0,2,2,1965,128,2401,2529
2,3986,2,0,0,2,2,1993,4374,1,4375
2,3986,14,0,0,2,2,1993,3200,49,3249
2,3990,2,0,0,2,2,1995,4374,1,4375
2,3990,14,0,0,2,2,1995,3200,49,3249
2,4509,3,0,0,3,3,1503,4374,1,4375
2,4509,501,0,0,6,3,1503,1548,167,1715
2,4539,1125,0,0,3,3,1513,9826,375,10201
2,4545,45,0,0,12,3,1515,4096,45,4141
2,4545,1125,0,0,3,3,1515,3362,375,3737
2,4554,66,0,0,6,3,1518,11776,99,11875
2,4554,132,0,0,12,3,1518,11776,99,11875
2,4599,3,0,0,3,3,1533,4374,1,4375
2,4599,243,0,0,3,3,1533,42632,243,42875
2,4599,375,0,0,3,3,1533,4704,625,5329
2,4635,3,0,0,3,3,1545,1750,1,1751
2,4635,3,0,0,3,3,1545,4374,1,4375
2,4635,3,0,0,3,3,1545,59534,1,59535
2,4635,3,0,0,3,3,1545,65610,1,65611
2,4635,3,0,0,6,3,1545,1700,1,1701
2,4635,3,0,0,6,3,1545,31212,1,31213
2,4635,3,0,0,12,3,1545,10608,1,10609
2,4635,9,0,0,3,3,1545,2176,21,2197
2,4635,21,0,0,3,3,1545,3750,7,3757
2,4635,39,0,0,3,3,1545,8330,13,8343
2,4635,75,0,0,3,3,1545,9248,125,9373
2,4635,255,0,0,3,3,1545,4374,85,4459
2,4635,273,0,0,3,3,1545,8192,1183,9375
2,4635,351,0,0,3,3,1545,1400,351,1751
2,4635,507,0,0,3,3,1545,1854,169,2023
2,4635,663,0,0,3,3,1545,640,1547,2187
2,4635,1029,0,0,3,3,1545,1854,343,2197
2,4635,1323,0,0,3,3,1545,6656,3969,10625
2,4635,1521,0,0,3,3,1545,3296,2535,5831
2,4635,2781,0,0,3,3,1545,2744,2781,5525
2,4635,4017,0,0,3,3,1545,686,1339,2025
2,4635,4131,0,0,3,3,1545,338,1377,1715
2,4665,933,0,0,3,3,1555,6250,311,6561
2,4719,3,0,0,3,3,1573,4374,1,4375
2,4719,3,0,0,12,3,1573,3024,1,3025
2,4719,33,0,0,3,3,1573,1690,11,1701
2,4719,273,0,0,3,3,1573,8192,1183,9375
2,4719,363,0,0,3,3,1573,1352,363,1715
2,4719,363,0,0,12,3,1573,4096,363,4459
2,4719,891,0,0,3,3,1573,512,2673,3185
2,4719,1617,0,0,3,3,1573,8,1617,1625
2,4719,1617,0,0,3,3,1573,16000,3773,19773
2,4719,2187,0,0,3,3,1573,88,2187,2275
2,4719,2541,0,0,3,3,1573,1350,847,2197
2,4719,3993,0,0,3,3,1573,294,1331,1625
2,4725,3,0,0,3,3,1575,4374,1,4375
2,4725,3,0,0,3,3,1575,10368,7,10375
2,4725,3,0,0,3,3,1575,33614,1,33615
2,4725,21,0,0,3,3,1575,3200,49,3249
2,4743,93,0,0,6,3,1581,19652,31,19683
2,4755,3,0,0,3,3,1585,7290,1,7291
2,4779,3,0,0,24,3,1593,7424,1,7425
2,4779,885,0,0,3,3,1593,7776,1475,9251
2,4779,2523,0,0,3,3,1593,6534,841,7375
2,4809,3,0,0,3,3,1603,4374,1,4375
2,4809,243,0,0,3,3,1603,5000,243,5243
2,4845,3,0,0,3,3,1615,4374,1,4375
2,4845,3,0,0,6,3,1615,1700,1,1701
2,4845,3,0,0,12,3,1615,3024,1,3025
2,4845,15,0,0,6,3,1615,2052,5,2057
2,4845,21,0,0,3,3,1615,2048,77,2125
2,4845,21,0,0,3,3,1615,3200,49,3249
2,4845,21,0,0,3,3,1615,20570,7,20577
2,4845,33,0,0,3,3,1615,2250,11,2261
2,4845,51,0,0,3,3,1615,11858,17,11875
2,4845,51,0,0,3,3,1615,68590,17,68607
2,4845,51,0,0,6,3,1615,10108,17,10125
2,4845,57,0,0,3,3,1615,6050,19,6069
2,4845,57,0,0,3,3,1615,15606,19,15625
2,4845,57,0,0,3,3,1615,36992,133,37125
2,4845,57,0,0,6,3,1615,4356,19,4375
2,4845,57,0,0,6,3,1615,15876,19,15895
2,4845,57,0,0,24,3,1615,2816,19,2835
2,4845,63,0,0,3,3,1615,2312,63,2375
2,4845,147,0,0,3,3,1615,2250,49,2299
2,4845,285,0,0,12,3,1615,2992,95,3087
2,4845,297,0,0,3,3,1615,2432,693,3125
2,4845,399,0,0,3,3,1615,3200,931,4131
2,4845,441,0,0,3,3,1615,2584,441,3025
2,4845,525,0,0,3,3,1615,5984,875,6859
2,4845,627,0,0,3,3,1615,1666,209,1875
2,4845,729,0,0,3,3,1615,1672,729,2401
2,4845,735,0,0,3,3,1615,2662,245,2907
2,4845,867,0,0,3,3,1615,2432,2023,4455
2,4845,945,0,0,3,3,1615,4598,315,4913
2,4845,1029,0,0,3,3,1615,1782,343,2125
2,4845,1029,0,0,3,3,1615,1152,2401,3553
2,4845,1083,0,0,3,3,1615,6144,3971,10115
2,4845,1215,0,0,3,3,1615,32,2025,2057
2,4845,1275,0,0,3,3,1615,2662,425,3087
2,4845,1617,0,0,3,3,1615,4374,539,4913
2,4845,1815,0,0,3,3,1615,224,3025,3249
2,4845,1875,0,0,3,3,1615,512,5625,6137
2,4845,2025,0,0,3,3,1615,2888,2025,4913
2,4845,2079,0,0,3,3,1615,640,4851,5491
2,4845,2187,0,0,3,3,1615,2450,729,3179
2,4845,3993,0,0,3,3,1615,6250,1331,7581
2,4845,3993,0,0,3,3,1615,11552,6655,18207
2,4845,3993,0,0,3,3,1615,19494,1331,20825
2,4845,4125,0,0,3,3,1615,1026,1375,2401
2,4845,4131,0,0,3,3,1615,2744,4131,6875
2,4845,4389,0,0,3,3,1615,384,10241,10625
2,4869,3,0,0,12,3,1623,2704,1,2705
2,4899,3,0,0,3,3,1633,5750,1,5751
2,4899,81,0,0,3,3,1633,5014,27,5041
2,4899,213,0,0,6,3,1633,2116,71,2187
2,4899,327,0,0,3,3,1633,3266,109,3375
2,4914,546,0,0,6,3,1638,8192,1183,9375
2,4914,1092,0,0,12,3,1638,8192,1183,9375
2,4914,2184,0,0,24,3,1638,8192,1183,9375
2,4935,3,0,0,3,3,1645,4374,1,4375
2,4935,141,0,0,3,3,1645,1952,235,2187
2,4935,735,0,0,3,3,1645,1152,1715,2867
2,4935,1701,0,0,3,3,1645,32,2835,2867
2,4935,2025,0,0,3,3,1645,376,2025,2401
2,4935,2187,0,0,3,3,1645,24064,6561,30625
2,4953,3,0,0,3,3,1651,6858,1,6859
2,4959,1653,0,0,6,3,1653,1324,551,1875
2,4977,4977,0,0,6,3,1659,9664,4977,14641
2,5025,243,0,0,3,3,1675,8192,1053,9245
2,5025,1677,0,0,3,3,1675,1250,559,1809
2,5025,1809,0,0,3,3,1675,40,1809,1849
2,5031,657,0,0,3,3,1677,1978,219,2197
2,5043,2673,0,0,3,3,1681,2048,9801,11849
2,5049,3,0,0,3,3,1683,34374,1,34375
2,5049,561,0,0,12,3,1683,2000,187,2187
2,5049,729,0,0,3,3,1683,5000,729,5729
2,5049,1215,0,0,3,3,1683,32,2025,2057
2,5109,825,0,0,3,3,1703,1922,275,2197
2,5115,3,0,0,3,3,1705,3750,1,3751
2,5115,27,0,0,3,3,1705,6250,9,6259
2,5115,33,0,0,6,3,1705,2500,11,2511
2,5124,42,0,0,6,3,1708,3200,49,3249
2,5124,84,0,0,12,3,1708,3200,49,3249
2,5139,3,0,0,3,3,1713,4374,1,4375
2,5175,3,0,0,3,3,1725,64000,9,64009
2,5175,3,0,0,3,3,1725,71874,1,71875
2,5175,69,0,0,3,3,1725,19602,23,19625
2,5229,3,0,0,3,3,1743,4374,1,4375
2,5229,3,0,0,3,3,1743,10368,7,10375
2,5229,3,0,0,3,3,1743,33614,1,33615
2,5229,249,0,0,12,3,1743,19600,83,19683
2,5229,249,0,0,24,3,1743,1792,83,1875
2,5229,729,0,0,3,3,1743,34202,243,34445
2,5229,3087,0,0,3,3,1743,44672,7203,51875
2,5244,6,0,0,6,3,1748,12160,7,12167
2,5244,12,0,0,12,3,1748,12160,7,12167
2,5247,2673,0,0,3,3,1749,136,2673,2809
2,5250,750,0,0,6,3,1750,4704,625,5329
2,5250,1500,0,0,12,3,1750,4704,625,5329
2,5265,3,0,0,3,3,1755,4374,1,4375
2,5265,27,0,0,3,3,1755,3200,63,3263
2,5265,105,0,0,3,3,1755,6526,35,6561
2,5265,189,0,0,3,3,1755,2008,189,2197
2,5265,273,0,0,3,3,1755,8192,1183,9375
2,5265,5265,0,0,3,3,1755,8032,8775,16807
2,5295,405,0,0,3,3,1765,9728,1215,10943
2,5301,93,0,0,3,3,1767,2318,31,2349
2,5301,1767,0,0,6,3,1767,3132,589,3721
2,5313,69,0,0,3,3,1771,23814,23,23837
2,5349,3,0,0,3,3,1783,4374,1,4375
2,5349,5349,0,0,12,3,1783,240,1783,2023
2,5355,3,0,0,3,3,1785,4374,1,4375
2,5367,5367,0,0,3,3,1789,398,1789,2187
2,5439,3,0,0,3,3,1813,4374,1,4375
2,5439,3,0,0,12,3,1813,3024,1,3025
2,5439,33,0,0,3,3,1813,9250,11,9261
2,5439,147,0,0,12,3,1813,6512,49,6561
2,5439,4107,0,0,3,3,1813,83006,1369,84375
2,5445,3,0,0,3,3,1815,64000,9,64009
2,5445,3,0,0,3,3,1815,71874,1,71875
2,5445,33,0,0,3,3,1815,3634,11,3645
2,5445,375,0,0,3,3,1815,1738,125,1863
2,5445,711,0,0,3,3,1815,512,2133,2645
2,5445,1089,0,0,3,3,1815,14536,1089,15625
2,5445,2025,0,0,3,3,1815,5566,675,6241
2,5454,606,0,0,6,3,1818,7776,505,8281
2,5454,1212,0,0,12,3,1818,7776,505,8281
2,5475,3,0,0,3,3,1825,4374,1,4375
2,5475,219,0,0,3,3,1825,2450,73,2523
2,5475,243,0,0,3,3,1825,42632,243,42875
2,5475,375,0,0,3,3,1825,4704,625,5329
2,5475,1029,0,0,3,3,1825,1682,343,2025
2,5475,1029,0,0,3,3,1825,9344,2401,11745
2,5481,21,0,0,3,3,1827,27848,21,27869
2,5481,27,0,0,12,3,1827,3472,9,3481
2,5481,2883,0,0,3,3,1827,8,2883,2891
2,5499,9,0,0,12,3,1833,5872,3,5875
2,5499,117,0,0,6,3,1833,3008,117,3125
2,5499,141,0,0,24,3,1833,3328,47,3375
2,5511,3,0,0,12,3,1837,2672,1,2673
2,5517,2187,0,0,3,3,1839,2104,2187,4291
2,5529,5043,0,0,3,3,1843,194,1681,1875
2,5544,66,0,0,12,3,1848,2368,33,2401
2,5559,1113,0,0,3,3,1853,128,2597,2725
2,5565,3,0,0,3,3,1855,2592,5,2597
2,5565,3,0,0,3,3,1855,4374,1,4375
2,5565,21,0,0,3,3,1855,5618,7,5625
2,5565,1113,0,0,3,3,1855,6190,371,6561
2,5565,3087,0,0,3,3,1855,8,3087,3095
2,5565,4293,0,0,3,3,1855,40,4293,4333
2,5580,558,0,0,24,3,1860,4096,279,4375
2,5601,5601,0,0,3,3,1867,534,1867,2401
2,5643,147,0,0,3,3,1881,2152,147,2299
2,5643,729,0,0,3,3,1881,1672,729,2401
2,5643,5103,0,0,3,3,1881,8,5103,5111
2,5649,3,0,0,6,3,1883,4900,1,4901
2,5655,3,0,0,3,3,1885,4896,5,4901
2,5655,3,0,0,12,3,1885,4624,1,4625
2,5655,9,0,0,3,3,1885,6250,3,6253
2,5655,15,0,0,24,3,1885,9472,5,9477
2,5655,39,0,0,6,3,1885,3132,13,3145
2,5655,117,0,0,3,3,1885,6728,117,6845
2,5655,153,0,0,3,3,1885,2146,51,2197
2,5655,405,0,0,3,3,1885,2738,135,2873
2,5655,2523,0,0,3,3,1885,8192,10933,19125
2,5655,2775,0,0,3,3,1885,288,4625,4913
2,5655,4107,0,0,3,3,1885,7250,1369,8619
2,5655,4107,0,0,3,3,1885,8704,12321,21025
2,5655,4329,0,0,3,3,1885,1682,1443,3125
2,5655,5625,0,0,3,3,1885,48778,1875,50653
2,5709,33,0,0,3,3,1903,3114,11,3125
2,5709,519,0,0,6,3,1903,2500,173,2673
2,5727,9,0,0,3,3,1909,2392,9,2401
2,5727,729,0,0,3,3,1909,2158,243,2401
2,5727,3549,0,0,3,3,1909,1058,1183,2241
2,5769,3,0,0,3,3,1923,4374,1,4375
2,5769,3,0,0,12,3,1923,3024,1,3025
2,5769,1923,0,0,12,3,1923,14000,641,14641
2,5769,2673,0,0,3,3,1923,32,4455,4487
2,5775,1875,0,0,3,3,1925,32,3125,3157
2,5775,2625,0,0,3,3,1925,1312,4375,5687
2,5799,2187,0,0,3,3,1933,77320,2187,79507
2,5805,81,0,0,3,3,1935,3698,27,3725
2,5805,129,0,0,3,3,1935,15496,129,15625
2,5805,129,0,0,12,3,1935,4096,129,4225
2,5805,243,0,0,3,3,1935,8192,1053,9245
2,5805,975,0,0,3,3,1935,3698,325,4023
2,5805,4023,0,0,3,3,1935,1352,4023,5375
2,5805,5547,0,0,3,3,1935,338,1849,2187
2,5835,729,0,0,3,3,1945,77800,729,78529
2,5835,1167,0,0,3,3,1945,6750,389,7139
2,5835,5835,0,0,3,3,1945,242,1945,2187
2,5859,3,0,0,3,3,1953,4374,1,4375
2,5859,9,0,0,3,3,1953,4802,3,4805
2,5859,15,0,0,3,3,1953,12152,15,12167
2,5859,21,0,0,3,3,1953,32798,7,32805
2,5859,27,0,0,6,3,1953,2116,9,2125
2,5859,51,0,0,3,3,1953,2170,17,2187
2,5859,51,0,0,3,3,1953,12150,17,12167
2,5859,93,0,0,6,3,1953,19652,31,19683
2,5859,243,0,0,3,3,1953,5750,81,5831
2,5859,279,0,0,12,3,1953,4096,279,4375
2,5859,405,0,0,3,3,1953,3968,945,4913
2,5859,729,0,0,3,3,1953,8750,243,8993
2,5859,837,0,0,3,3,1953,1288,837,2125
2,5859,3675,0,0,3,3,1953,384,8575,8959
2,5859,3675,0,0,3,3,1953,28566,1225,29791
2,5859,3969,0,0,3,3,1953,32,6615,6647
2,5859,5103,0,0,3,3,1953,17000,5103,22103
2,5859,5625,0,0,3,3,1953,3038,1875,4913
2,5889,1521,0,0,3,3,1963,77312,4563,81875
2,5895,3,0,0,3,3,1965,4374,1,4375
2,5895,1029,0,0,3,3,1965,128,2401,2529
2,5979,3,0,0,3,3,1993,4374,1,4375
2,5979,21,0,0,3,3,1993,3200,49,3249
2,5985,3,0,0,3,3,1995,4374,1,4375
2,5985,21,0,0,3,3,1995,3200,49,3249
2,6012,4,0,0,4,4,1503,4374,1,4375
2,6012,668,0,0,8,4,1503,1548,167,1715
2,6052,1500,0,0,4,4,1513,9826,375,10201
2,6060,60,0,0,16,4,1515,4096,45,4141
2,6060,1500,0,0,4,4,1515,3362,375,3737
2,6072,88,0,0,8,4,1518,11776,99,11875
2,6072,176,0,0,16,4,1518,11776,99,11875
2,6132,4,0,0,4,4,1533,4374,1,4375
2,6132,324,0,0,4,4,1533,42632,243,42875
2,6132,500,0,0,4,4,1533,4704,625,5329
2,6180,4,0,0,4,4,1545,1750,1,1751
2,6180,4,0,0,4,4,1545,4374,1,4375
2,6180,4,0,0,4,4,1545,59534,1,59535
2,6180,4,0,0,4,4,1545,65610,1,65611
2,6180,4,0,0,8,4,1545,1700,1,1701
2,6180,4,0,0,8,4,1545,31212,1,31213
2,6180,4,0,0,16,4,1545,10608,1,10609
2,6180,12,0,0,4,4,1545,2176,21,2197
2,6180,28,0,0,4,4,1545,3750,7,3757
2,6180,52,0,0,4,4,1545,8330,13,8343
2,6180,100,0,0,4,4,1545,9248,125,9373
2,6180,340,0,0,4,4,1545,4374,85,4459
2,6180,364,0,0,4,4,1545,8192,1183,9375
2,6180,468,0,0,4,4,1545,1400,351,1751
2,6180,676,0,0,4,4,1545,1854,169,2023
2,6180,884,0,0,4,4,1545,640,1547,2187
2,6180,1372,0,0,4,4,1545,1854,343,2197
2,6180,1764,0,0,4,4,1545,6656,3969,10625
2,6180,2028,0,0,4,4,1545,3296,2535,5831
2,6180,3708,0,0,4,4,1545,2744,2781,5525
2,6180,5356,0,0,4,4,1545,686,1339,2025
2,6180,5508,0,0,4,4,1545,338,1377,1715
2,6220,1244,0,0,4,4,1555,6250,311,6561
2,6292,4,0,0,4,4,1573,4374,1,4375
2,6292,4,0,0,16,4,1573,3024,1,3025
2,6292,44,0,0,4,4,1573,1690,11,1701
2,6292,364,0,0,4,4,1573,8192,1183,9375
2,6292,484,0,0,4,4,1573,1352,363,1715
2,6292,484,0,0,16,4,1573,4096,363,4459
2,6292,1188,0,0,4,4,1573,512,2673,3185
2,6292,2156,0,0,4,4,1573,8,1617,1625
2,6292,2156,0,0,4,4,1573,16000,3773,19773
2,6292,2916,0,0,4,4,1573,88,2187,2275
2,6292,3388,0,0,4,4,1573,1350,847,2197
2,6292,5324,0,0,4,4,1573,294,1331,1625
2,6300,4,0,0,4,4,1575,4374,1,4375
2,6300,4,0,0,4,4,1575,10368,7,10375
2,6300,4,0,0,4,4,1575,33614,1,33615
2,6300,28,0,0,4,4,1575,3200,49,3249
2,6324,124,0,0,8,4,1581,19652,31,19683
2,6340,4,0,0,4,4,1585,7290,1,7291
2,6372,4,0,0,32,4,1593,7424,1,7425
2,6372,1180,0,0,4,4,1593,7776,1475,9251
2,6372,3364,0,0,4,4,1593,6534,841,7375
2,6412,4,0,0,4,4,1603,4374,1,4375
2,6412,324,0,0,4,4,1603,5000,243,5243
2,6460,4,0,0,4,4,1615,4374,1,4375
2,6460,4,0,0,8,4,1615,1700,1,1701
2,6460,4,0,0,16,4,1615,3024,1,3025
2,6460,20,0,0,8,4,1615,2052,5,2057
2,6460,28,0,0,4,4,1615,2048,77,2125
2,6460,28,0,0,4,4,1615,3200,49,3249
2,6460,28,0,0,4,4,1615,20570,7,20577
2,6460,44,0,0,4,4,1615,2250,11,2261
2,6460,68,0,0,4,4,1615,11858,17,11875
2,6460,68,0,0,4,4,1615,68590,17,68607
2,6460,68,0,0,8,4,1615,10108,17,10125
2,6460,76,0,0,4,4,1615,6050,19,6069
2,6460,76,0,0,4,4,1615,15606,19,15625
2,6460,76,0,0,4,4,1615,36992,133,37125
2,6460,76,0,0,8,4,1615,4356,19,4375
2,6460,76,0,0,8,4,1615,15876,19,15895
2,6460,76,0,0,32,4,1615,2816,19,2835
2,6460,84,0,0,4,4,1615,2312,63,2375
2,6460,196,0,0,4,4,1615,2250,49,2299
2,6460,380,0,0,16,4,1615,2992,95,3087
2,6460,396,0,0,4,4,1615,2432,693,3125
2,6460,532,0,0,4,4,1615,3200,931,4131
2,6460,588,0,0,4,4,1615,2584,441,3025
2,6460,700,0,0,4,4,1615,5984,875,6859
2,6460,836,0,0,4,4,1615,1666,209,1875
2,6460,972,0,0,4,4,1615,1672,729,2401
2,6460,980,0,0,4,4,1615,2662,245,2907
2,6460,1156,0,0,4,4,1615,2432,2023,4455
2,6460,1260,0,0,4,4,1615,4598,315,4913
2,6460,1372,0,0,4,4,1615,1782,343,2125
2,6460,1372,0,0,4,4,1615,1152,2401,3553
2,6460,1444,0,0,4,4,1615,6144,3971,10115
2,6460,1620,0,0,4,4,1615,32,2025,2057
2,6460,1700,0,0,4,4,1615,2662,425,3087
2,6460,2156,0,0,4,4,1615,4374,539,4913
2,6460,2420,0,0,4,4,1615,224,3025,3249
2,6460,2500,0,0,4,4,1615,512,5625,6137
2,6460,2700,0,0,4,4,1615,2888,2025,4913
2,6460,2772,0,0,4,4,1615,640,4851,5491
2,6460,2916,0,0,4,4,1615,2450,729,3179
2,6460,5324,0,0,4,4,1615,6250,1331,7581
2,6460,5324,0,0,4,4,1615,11552,6655,18207
2,6460,5324,0,0,4,4,1615,19494,1331,20825
2,6460,5500,0,0,4,4,1615,1026,1375,2401
2,6460,5508,0,0,4,4,1615,2744,4131,6875
2,6460,5852,0,0,4,4,1615,384,10241,10625
2,6492,4,0,0,16,4,1623,2704,1,2705
2,6532,4,0,0,4,4,1633,5750,1,5751
2,6532,108,0,0,4,4,1633,5014,27,5041
2,6532,284,0,0,8,4,1633,2116,71,2187
2,6532,436,0,0,4,4,1633,3266,109,3375
2,6552,728,0,0,8,4,1638,8192,1183,9375
2,6552,1456,0,0,16,4,1638,8192,1183,9375
2,6552,2912,0,0,32,4,1638,8192,1183,9375
2,6580,4,0,0,4,4,1645,4374,1,4375
2,6580,188,0,0,4,4,1645,1952,235,2187
2,6580,980,0,0,4,4,1645,1152,1715,2867
2,6580,2268,0,0,4,4,1645,32,2835,2867
2,6580,2700,0,0,4,4,1645,376,2025,2401
2,6580,2916,0,0,4,4,1645,24064,6561,30625
2,6604,4,0,0,4,4,1651,6858,1,6859
2,6612,2204,0,0,8,4,1653,1324,551,1875
2,6636,6636,0,0,8,4,1659,9664,4977,14641
2,6700,324,0,0,4,4,1675,8192,1053,9245
2,6700,2236,0,0,4,4,1675,1250,559,1809
2,6700,2412,0,0,4,4,1675,40,1809,1849
2,6708,876,0,0,4,4,1677,1978,219,2197
2,6724,3564,0,0,4,4,1681,2048,9801,11849
2,6732,4,0,0,4,4,1683,34374,1,34375
2,6732,748,0,0,16,4,1683,2000,187,2187
2,6732,972,0,0,4,4,1683,5000,729,5729
2,6732,1620,0,0,4,4,1683,32,2025,2057
2,6812,1100,0,0,4,4,1703,1922,275,2197
2,6820,4,0,0,4,4,1705,3750,1,3751
2,6820,36,0,0,4,4,1705,6250,9,6259
2,6820,44,0,0,8,4,1705,2500,11,2511
2,6832,56,0,0,8,4,1708,3200,49,3249
2,6832,112,0,0,16,4,1708,3200,49,3249
2,6852,4,0,0,4,4,1713,4374,1,4375
2,6900,4,0,0,4,4,1725,64000,9,64009
2,6900,4,0,0,4,4,1725,71874,1,71875
2,6900,92,0,0,4,4,1725,19602,23,19625
2,6972,4,0,0,4,4,1743,4374,1,4375
2,6972,4,0,0,4,4,1743,10368,7,10375
2,6972,4,0,0,4,4,1743,33614,1,33615
2,6972,332,0,0,16,4,1743,19600,83,19683
2,6972,332,0,0,32,4,1743,1792,83,1875
2,6972,972,0,0,4,4,1743,34202,243,34445
2,6972,4116,0,0,4,4,1743,44672,7203,51875
2,6992,8,0,0,8,4,1748,12160,7,12167
2,6992,16,0,0,16,4,1748,12160,7,12167
2,6996,3564,0,0,4,4,1749,136,2673,2809
2,7000,1000,0,0,8,4,1750,4704,625,5329
2,7000,2000,0,0,16,4,1750,4704,625,5329
2,7020,4,0,0,4,4,1755,4374,1,4375
2,7020,36,0,0,4,4,1755,3200,63,3263
2,7020,140,0,0,4,4,1755,6526,35,6561
2,7020,252,0,0,4,4,1755,2008,189,2197
2,7020,364,0,0,4,4,1755,8192,1183,9375
2,7020,7020,0,0,4,4,1755,8032,8775,16807
2,7060,540,0,0,4,4,1765,9728,1215,10943
2,7068,124,0,0,4,4,1767,2318,31,2349
2,7068,2356,0,0,8,4,1767,3132,589,3721
2,7084,92,0,0,4,4,1771,23814,23,23837
2,7132,4,0,0,4,4,1783,4374,1,4375
2,7132,7132,0,0,16,4,1783,240,1783,2023
2,7140,4,0,0,4,4,1785,4374,1,4375
2,7156,7156,0,0,4,4,1789,398,1789,2187
2,7252,4,0,0,4,4,1813,4374,1,4375
2,7252,4,0,0,16,4,1813,3024,1,3025
2,7252,44,0,0,4,4,1813,9250,11,9261
2,7252,196,0,0,16,4,1813,6512,49,6561
2,7252,5476,0,0,4,4,1813,83006,1369,84375
2,7260,4,0,0,4,4,1815,64000,9,64009
2,7260,4,0,0,4,4,1815,71874,1,71875
2,7260,44,0,0,4,4,1815,3634,11,3645
2,7260,500,0,0,4,4,1815,1738,125,1863
2,7260,948,0,0,4,4,1815,512,2133,2645
2,7260,1452,0,0,4,4,1815,14536,1089,15625
2,7260,2700,0,0,4,4,1815,5566,675,6241
2,7272,808,0,0,8,4,1818,7776,505,8281
2,7272,1616,0,0,16,4,1818,7776,505,8281
2,7300,4,0,0,4,4,1825,4374,1,4375
2,7300,292,0,0,4,4,1825,2450,73,2523
2,7300,324,0,0,4,4,1825,42632,243,42875
2,7300,500,0,0,4,4,1825,4704,625,5329
2,7300,1372,0,0,4,4,1825,1682,343,2025
2,7300,1372,0,0,4,4,1825,9344,2401,11745
2,7308,28,0,0,4,4,1827,27848,21,27869
2,7308,36,0,0,16,4,1827,3472,9,3481
2,7308,3844,0,0,4,4,1827,8,2883,2891
2,7332,12,0,0,16,4,1833,5872,3,5875
2,7332,156,0,0,8,4,1833,3008,117,3125
2,7332,188,0,0,32,4,1833,3328,47,3375
2,7348,4,0,0,16,4,1837,2672,1,2673
2,7356,2916,0,0,4,4,1839,2104,2187,4291
2,7372,6724,0,0,4,4,1843,194,1681,1875
2,7392,88,0,0,16,4,1848,2368,33,2401
2,7412,1484,0,0,4,4,1853,128,2597,2725
2,7420,4,0,0,4,4,1855,2592,5,2597
2,7420,4,0,0,4,4,1855,4374,1,4375
2,7420,28,0,0,4,4,1855,5618,7,5625
2,7420,1484,0,0,4,4,1855,6190,371,6561
2,7420,4116,0,0,4,4,1855,8,3087,3095
2,7420,5724,0,0,4,4,1855,40,4293,4333
2,7440,744,0,0,32,4,1860,4096,279,4375
2,7468,7468,0,0,4,4,1867,534,1867,2401
2,7515,5,0,0,5,5,1503,4374,1,4375
2,7515,835,0,0,10,5,1503,1548,167,1715
2,7524,196,0,0,4,4,1881,2152,147,2299
2,7524,972,0,0,4,4,1881,1672,729,2401
2,7524,6804,0,0,4,4,1881,8,5103,5111
2,7532,4,0,0,8,4,1883,4900,1,4901
2,7540,4,0,0,4,4,1885,4896,5,4901
2,7540,4,0,0,16,4,1885,4624,1,4625
2,7540,12,0,0,4,4,1885,6250,3,6253
2,7540,20,0,0,32,4,1885,9472,5,9477
2,7540,52,0,0,8,4,1885,3132,13,3145
2,7540,156,0,0,4,4,1885,6728,117,6845
2,7540,204,0,0,4,4,1885,2146,51,2197
2,7540,540,0,0,4,4,1885,2738,135,2873
2,7540,3364,0,0,4,4,1885,8192,10933,19125
2,7540,3700,0,0,4,4,1885,288,4625,4913
2,7540,5476,0,0,4,4,1885,7250,1369,8619
2,7540,5476,0,0,4,4,1885,8704,12321,21025
2,7540,5772,0,0,4,4,1885,1682,1443,3125
2,7540,7500,0,0,4,4,1885,48778,1875,50653
2,7565,1875,0,0,5,5,1513,9826,375,10201
2,7575,75,0,0,20,5,1515,4096,45,4141
2,7575,1875,0,0,5,5,1515,3362,375,3737
2,7590,110,0,0,10,5,1518,11776,99,11875
2,7590,220,0,0,20,5,1518,11776,99,11875
2,7612,44,0,0,4,4,1903,3114,11,3125
2,7612,692,0,0,8,4,1903,2500,173,2673
2,7636,12,0,0,4,4,1909,2392,9,2401
2,7636,972,0,0,4,4,1909,2158,243,2401
2,7636,4732,0,0,4,4,1909,1058,1183,2241
2,7665,5,0,0,5,5,1533,4374,1,4375
2,7665,405,0,0,5,5,1533,42632,243,42875
2,7665,625,0,0,5,5,1533,4704,625,5329
2,7692,4,0,0,4,4,1923,4374,1,4375
2,7692,4,0,0,16,4,1923,3024,1,3025
2,7692,2564,0,0,16,4,1923,14000,641,14641
2,7692,3564,0,0,4,4,1923,32,4455,4487
2,7700,2500,0,0,4,4,1925,32,3125,3157
2,7700,3500,0,0,4,4,1925,1312,4375,5687
2,7725,5,0,0,5,5,1545,1750,1,1751
2,7725,5,0,0,5,5,1545,4374,1,4375
2,7725,5,0,0,5,5,1545,59534,1,59535
2,7725,5,0,0,5,5,1545,65610,1,65611
2,7725,5,0,0,10,5,1545,1700,1,1701
2,7725,5,0,0,10,5,1545,31212,1,31213
2,7725,5,0,0,20,5,1545,10608,1,10609
2,7725,15,0,0,5,5,1545,2176,21,2197
2,7725,35,0,0,5,5,1545,3750,7,3757
2,7725,65,0,0,5,5,1545,8330,13,8343
2,7725,125,0,0,5,5,1545,9248,125,9373
2,7725,425,0,0,5,5,1545,4374,85,4459
2,7725,455,0,0,5,5,1545,8192,1183,9375
2,7725,585,0,0,5,5,1545,1400,351,1751
2,7725,845,0,0,5,5,1545,1854,169,2023
2,7725,1105,0,0,5,5,1545,640,1547,2187
2,7725,1715,0,0,5,5,1545,1854,343,2197
2,7725,2205,0,0,5,5,1545,6656,3969,10625
2,7725,2535,0,0,5,5,1545,3296,2535,5831
2,7725,4635,0,0,5,5,1545,2744,2781,5525
2,7725,6695,0,0,5,5,1545,686,1339,2025
2,7725,6885,0,0,5,5,1545,338,1377,1715
2,7732,2916,0,0,4,4,1933,77320,2187,79507
2,7740,108,0,0,4,4,1935,3698,27,3725
2,7740,172,0,0,4,4,1935,15496,129,15625
2,7740,172,0,0,16,4,1935,4096,129,4225
2,7740,324,0,0,4,4,1935,8192,1053,9245
2,7740,1300,0,0,4,4,1935,3698,325,4023
2,7740,5364,0,0,4,4,1935,1352,4023,5375
2,7740,7396,0,0,4,4,1935,338,1849,2187
2,7775,1555,0,0,5,5,1555,6250,311,6561
2,7780,972,0,0,4,4,1945,77800,729,78529
2,7780,1556,0,0,4,4,1945,6750,389,7139
2,7780,7780,0,0,4,4,1945,242,1945,2187
2,7812,4,0,0,4,4,1953,4374,1,4375
2,7812,12,0,0,4,4,1953,4802,3,4805
2,7812,20,0,0,4,4,1953,12152,15,12167
2,7812,28,0,0,4,4,1953,32798,7,32805
2,7812,36,0,0,8,4,1953,2116,9,2125
2,7812,68,0,0,4,4,1953,2170,17,2187
2,7812,68,0,0,4,4,1953,12150,17,12167
2,7812,124,0,0,8,4,1953,19652,31,19683
2,7812,324,0,0,4,4,1953,5750,81,5831
2,7812,372,0,0,16,4,1953,4096,279,4375
2,7812,540,0,0,4,4,1953,3968,945,4913
2,7812,972,0,0,4,4,1953,8750,243,8993
2,7812,1116,0,0,4,4,1953,1288,837,2125
2,7812,4900,0,0,4,4,1953,384,8575,8959
2,7812,4900,0,0,4,4,1953,28566,1225,29791
2,7812,5292,0,0,4,4,1953,32,6615,6647
2,7812,6804,0,0,4,4,1953,17000,5103,22103
2,7812,7500,0,0,4,4,1953,3038,1875,4913
2,7852,2028,0,0,4,4,1963,77312,4563,81875
2,7860,4,0,0,4,4,1965,4374,1,4375
2,7860,1372,0,0,4,4,1965,128,2401,2529
2,7865,5,0,0,5,5,1573,4374,1,4375
2,7865,5,0,0,20,5,1573,3024,1,3025
2,7865,55,0,0,5,5,1573,1690,11,1701
2,7865,455,0,0,5,5,1573,8192,1183,9375
2,7865,605,0,0,5,5,1573,1352,363,1715
2,7865,605,0,0,20,5,1573,4096,363,4459
2,7865,1485,0,0,5,5,1573,512,2673,3185
2,7865,2695,0,0,5,5,1573,8,1617,1625
2,7865,2695,0,0,5,5,1573,16000,3773,19773
2,7865,3645,0,0,5,5,1573,88,2187,2275
2,7865,4235,0,0,5,5,1573,1350,847,2197
2,7865,6655,0,0,5,5,1573,294,1331,1625
2,7875,5,0,0,5,5,1575,4374,1,4375
2,7875,5,0,0,5,5,1575,10368,7,10375
2,7875,5,0,0,5,5,1575,33614,1,33615
2,7875,35,0,0,5,5,1575,3200,49,3249
2,7905,155,0,0,10,5,1581,19652,31,19683
2,7925,5,0,0,5,5,1585,7290,1,7291
2,7965,5,0,0,40,5,1593,7424,1,7425
2,7965,1475,0,0,5,5,1593,7776,1475,9251
2,7965,4205,0,0,5,5,1593,6534,841,7375
2,7972,4,0,0,4,4,1993,4374,1,4375
2,7972,28,0,0,4,4,1993,3200,49,3249
2,7980,4,0,0,4,4,1995,4374,1,4375
2,7980,28,0,0,4,4,1995,3200,49,3249
2,8015,5,0,0,5,5,1603,4374,1,4375
2,8015,405,0,0,5,5,1603,5000,243,5243
2,8075,5,0,0,5,5,1615,4374,1,4375
2,8075,5,0,0,10,5,1615,1700,1,1701
2,8075,5,0,0,20,5,1615,3024,1,3025
2,8075,25,0,0,10,5,1615,2052,5,2057
2,8075,35,0,0,5,5,1615,2048,77,2125
2,8075,35,0,0,5,5,1615,3200,49,3249
2,8075,35,0,0,5,5,1615,20570,7,20577
2,8075,55,0,0,5,5,1615,2250,11,2261
2,8075,85,0,0,5,5,1615,11858,17,11875
2,8075,85,0,0,5,5,1615,68590,17,68607
2,8075,85,0,0,10,5,1615,10108,17,10125
2,8075,95,0,0,5,5,1615,6050,19,6069
2,8075,95,0,0,5,5,1615,15606,19,15625
2,8075,95,0,0,5,5,1615,36992,133,37125
2,8075,95,0,0,10,5,1615,4356,19,4375
2,8075,95,0,0,10,5,1615,15876,19,15895
2,8075,95,0,0,40,5,1615,2816,19,2835
2,8075,105,0,0,5,5,1615,2312,63,2375
2,8075,245,0,0,5,5,1615,2250,49,2299
2,8075,475,0,0,20,5,1615,2992,95,3087
2,8075,495,0,0,5,5,1615,2432,693,3125
2,8075,665,0,0,5,5,1615,3200,931,4131
2,8075,735,0,0,5,5,1615,2584,441,3025
2,8075,875,0,0,5,5,1615,5984,875,6859
2,8075,1045,0,0,5,5,1615,1666,209,1875
2,8075,1215,0,0,5,5,1615,1672,729,2401
2,8075,1225,0,0,5,5,1615,2662,245,2907
2,8075,1445,0,0,5,5,1615,2432,2023,4455
2,8075,1575,0,0,5,5,1615,4598,315,4913
2,8075,1715,0,0,5,5,1615,1782,343,2125
2,8075,1715,0,0,5,5,1615,1152,2401,3553
2,8075,1805,0,0,5,5,1615,6144,3971,10115
2,8075,2025,0,0,5,5,1615,32,2025,2057
2,8075,2125,0,0,5,5,1615,2662,425,3087
2,8075,2695,0,0,5,5,1615,4374,539,4913
2,8075,3025,0,0,5,5,1615,224,3025,3249
2,8075,3125,0,0,5,5,1615,512,5625,6137
2,8075,3375,0,0,5,5,1615,2888,2025,4913
2,8075,3465,0,0,5,5,1615,640,4851,5491
2,8075,3645,0,0,5,5,1615,2450,729,3179
2,8075,6655,0,0,5,5,1615,6250,1331,7581
2,8075,6655,0,0,5,5,1615,11552,6655,18207
2,8075,6655,0,0,5,5,1615,19494,1331,20825
2,8075,6875,0,0,5,5,1615,1026,1375,2401
2,8075,6885,0,0,5,5,1615,2744,4131,6875
2,8075,7315,0,0,5,5,1615,384,10241,10625
2,8115,5,0,0,20,5,1623,2704,1,2705
2,8165,5,0,0,5,5,1633,5750,1,5751
2,8165,135,0,0,5,5,1633,5014,27,5041
2,8165,355,0,0,10,5,1633,2116,71,2187
2,8165,545,0,0,5,5,1633,3266,109,3375
2,8190,910,0,0,10,5,1638,8192,1183,9375
2,8190,1820,0,0,20,5,1638,8192,1183,9375
2,8190,3640,0,0,40,5,1638,8192,1183,9375
2,8225,5,0,0,5,5,1645,4374,1,4375
2,8225,235,0,0,5,5,1645,1952,235,2187
2,8225,1225,0,0,5,5,1645,1152,1715,2867
2,8225,2835,0,0,5,5,1645,32,2835,2867
2,8225,3375,0,0,5,5,1645,376,2025,2401
2,8225,3645,0,0,5,5,1645,24064,6561,30625
2,8255,5,0,0,5,5,1651,6858,1,6859
2,8265,2755,0,0,10,5,1653,1324,551,1875
2,8295,8295,0,0,10,5,1659,9664,4977,14641
2,8375,405,0,0,5,5,1675,8192,1053,9245
2,8375,2795,0,0,5,5,1675,1250,559,1809
2,8375,3015,0,0,5,5,1675,40,1809,1849
2,8385,1095,0,0,5,5,1677,1978,219,2197
2,8405,4455,0,0,5,5,1681,2048,9801,11849
2,8415,5,0,0,5,5,1683,34374,1,34375
2,8415,935,0,0,20,5,1683,2000,187,2187
2,8415,1215,0,0,5,5,1683,5000,729,5729
2,8415,2025,0,0,5,5,1683,32,2025,2057
2,8515,1375,0,0,5,5,1703,1922,275,2197
2,8525,5,0,0,5,5,1705,3750,1,3751
2,8525,45,0,0,5,5,1705,6250,9,6259
2,8525,55,0,0,10,5,1705,2500,11,2511
2,8540,70,0,0,10,5,1708,3200,49,3249
2,8540,140,0,0,20,5,1708,3200,49,3249
2,8565,5,0,0,5,5,1713,4374,1,4375
2,8625,5,0,0,5,5,1725,64000,9,64009
2,8625,5,0,0,5,5,1725,71874,1,71875
2,8625,115,0,0,5,5,1725,19602,23,19625
2,8715,5,0,0,5,5,1743,4374,1,4375
2,8715,5,0,0,5,5,1743,10368,7,10375
2,8715,5,0,0,5,5,1743,33614,1,33615
2,8715,415,0,0,20,5,1743,19600,83,19683
2,8715,415,0,0,40,5,1743,1792,83,1875
2,8715,1215,0,0,5,5,1743,34202,243,34445
2,8715,5145,0,0,5,5,1743,44672,7203,51875
2,8740,10,0,0,10,5,1748,12160,7,12167
2,8740,20,0,0,20,5,1748,12160,7,12167
2,8745,4455,0,0,5,5,1749,136,2673,2809
2,8750,1250,0,0,10,5,1750,4704,625,5329
2,8750,2500,0,0,20,5,1750,4704,625,5329
2,8775,5,0,0,5,5,1755,4374,1,4375
2,8775,45,0,0,5,5,1755,3200,63,3263
2,8775,175,0,0,5,5,1755,6526,35,6561
2,8775,315,0,0,5,5,1755,2008,189,2197
2,8775,455,0,0,5,5,1755,8192,1183,9375
2,8775,8775,0,0,5,5,1755,8032,8775,16807
2,8825,675,0,0,5,5,1765,9728,1215,10943
2,8835,155,0,0,5,5,1767,2318,31,2349
2,8835,2945,0,0,10,5,1767,3132,589,3721
2,8855,115,0,0,5,5,1771,23814,23,23837
2,8915,5,0,0,5,5,1783,4374,1,4375
2,8915,8915,0,0,20,5,1783,240,1783,2023
2,8925,5,0,0,5,5,1785,4374,1,4375
2,8945,8945,0,0,5,5,1789,398,1789,2187
2,9018,6,0,0,6,6,1503,4374,1,4375
2,9018,1002,0,0,12,6,1503,1548,167,1715
2,9065,5,0,0,5,5,1813,4374,1,4375
2,9065,5,0,0,20,5,1813,3024,1,3025
2,9065,55,0,0,5,5,1813,9250,11,9261
2,9065,245,0,0,20,5,1813,6512,49,6561
2,9065,6845,0,0,5,5,1813,83006,1369,84375
2,9075,5,0,0,5,5,1815,64000,9,64009
2,9075,5,0,0,5,5,1815,71874,1,71875
2,9075,55,0,0,5,5,1815,3634,11,3645
2,9075,625,0,0,5,5,1815,1738,125,1863
2,9075,1185,0,0,5,5,1815,512,2133,2645
2,9075,1815,0,0,5,5,1815,14536,1089,15625
2,9075,3375,0,0,5,5,1815,5566,675,6241
2,9078,2250,0,0,6,6,1513,9826,375,10201
2,9090,90,0,0,24,6,1515,4096,45,4141
2,9090,1010,0,0,10,5,1818,7776,505,8281
2,9090,2020,0,0,20,5,1818,7776,505,8281
2,9090,2250,0,0,6,6,1515,3362,375,3737
2,9108,132,0,0,12,6,1518,11776,99,11875
2,9108,264,0,0,24,6,1518,11776,99,11875
2,9125,5,0,0,5,5,1825,4374,1,4375
2,9125,365,0,0,5,5,1825,2450,73,2523
2,9125,405,0,0,5,5,1825,42632,243,42875
2,9125,625,0,0,5,5,1825,4704,625,5329
2,9125,1715,0,0,5,5,1825,1682,343,2025
2,9125,1715,0,0,5,5,1825,9344,2401,11745
2,9135,35,0,0,5,5,1827,27848,21,27869
2,9135,45,0,0,20,5,1827,3472,9,3481
2,9135,4805,0,0,5,5,1827,8,2883,2891
2,9165,15,0,0,20,5,1833,5872,3,5875
2,9165,195,0,0,10,5,1833,3008,117,3125
2,9165,235,0,0,40,5,1833,3328,47,3375
2,9185,5,0,0,20,5,1837,2672,1,2673
2,9195,3645,0,0,5,5,1839,2104,2187,4291
2,9198,6,0,0,6,6,1533,4374,1,4375
2,9198,486,0,0,6,6,1533,42632,243,42875
2,9198,750,0,0,6,6,1533,4704,625,5329
2,9215,8405,0,0,5,5,1843,194,1681,1875
2,9240,110,0,0,20,5,1848,2368,33,2401
2,9265,1855,0,0,5,5,1853,128,2597,2725
2,9270,6,0,0,6,6,1545,1750,1,1751
2,9270,6,0,0,6,6,1545,4374,1,4375
2,9270,6,0,0,6,6,1545,59534,1,59535
2,9270,6,0,0,6,6,1545,65610,1,65611
2,9270,6,0,0,12,6,1545,1700,1,1701
2,9270,6,0,0,12,6,1545,31212,1,31213
2,9270,6,0,0,24,6,1545,10608,1,10609
2,9270,18,0,0,6,6,1545,2176,21,2197
2,9270,42,0,0,6,6,1545,3750,7,3757
2,9270,78,0,0,6,6,1545,8330,13,8343
2,9270,150,0,0,6,6,1545,9248,125,9373
2,9270,510,0,0,6,6,1545,4374,85,4459
2,9270,546,0,0,6,6,1545,8192,1183,9375
2,9270,702,0,0,6,6,1545,1400,351,1751
2,9270,1014,0,0,6,6,1545,1854,169,2023
2,9270,1326,0,0,6,6,1545,640,1547,2187
2,9270,2058,0,0,6,6,1545,1854,343,2197
2,9270,2646,0,0,6,6,1545,6656,3969,10625
2,9270,3042,0,0,6,6,1545,3296,2535,5831
2,9270,5562,0,0,6,6,1545,2744,2781,5525
2,9270,8034,0,0,6,6,1545,686,1339,2025
2,9270,8262,0,0,6,6,1545,338,1377,1715
2,9275,5,0,0,5,5,1855,2592,5,2597
2,9275,5,0,0,5,5,1855,4374,1,4375
2,9275,35,0,0,5,5,1855,5618,7,5625
2,9275,1855,0,0,5,5,1855,6190,371,6561
2,9275,5145,0,0,5,5,1855,8,3087,3095
2,9275,7155,0,0,5,5,1855,40,4293,4333
2,9300,930,0,0,40,5,1860,4096,279,4375
2,9330,1866,0,0,6,6,1555,6250,311,6561
2,9335,9335,0,0,5,5,1867,534,1867,2401
2,9405,245,0,0,5,5,1881,2152,147,2299
2,9405,1215,0,0,5,5,1881,1672,729,2401
2,9405,8505,0,0,5,5,1881,8,5103,5111
2,9415,5,0,0,10,5,1883,4900,1,4901
2,9425,5,0,0,5,5,1885,4896,5,4901
2,9425,5,0,0,20,5,1885,4624,1,4625
2,9425,15,0,0,5,5,1885,6250,3,6253
2,9425,25,0,0,40,5,1885,9472,5,9477
2,9425,65,0,0,10,5,1885,3132,13,3145
2,9425,195,0,0,5,5,1885,6728,117,6845
2,9425,255,0,0,5,5,1885,2146,51,2197
2,9425,675,0,0,5,5,1885,2738,135,2873
2,9425,4205,0,0,5,5,1885,8192,10933,19125
2,9425,4625,0,0,5,5,1885,288,4625,4913
2,9425,6845,0,0,5,5,1885,7250,1369,8619
2,9425,6845,0,0,5,5,1885,8704,12321,21025
2,9425,7215,0,0,5,5,1885,1682,1443,3125
2,9425,9375,0,0,5,5,1885,48778,1875,50653
2,9438,6,0,0,6,6,1573,4374,1,4375
2,9438,6,0,0,24,6,1573,3024,1,3025
2,9438,66,0,0,6,6,1573,1690,11,1701
2,9438,546,0,0,6,6,1573,8192,1183,9375
2,9438,726,0,0,6,6,1573,1352,363,1715
2,9438,726,0,0,24,6,1573,4096,363,4459
2,9438,1782,0,0,6,6,1573,512,2673,3185
2,9438,3234,0,0,6,6,1573,8,1617,1625
2,9438,3234,0,0,6,6,1573,16000,3773,19773
2,9438,4374,0,0,6,6,1573,88,2187,2275
2,9438,5082,0,0,6,6,1573,1350,847,2197
2,9438,7986,0,0,6,6,1573,294,1331,1625
2,9450,6,0,0,6,6,1575,4374,1,4375
2,9450,6,0,0,6,6,1575,10368,7,10375
2,9450,6,0,0,6,6,1575,33614,1,33615
2,9450,42,0,0,6,6,1575,3200,49,3249
2,9486,186,0,0,12,6,1581,19652,31,19683
2,9510,6,0,0,6,6,1585,7290,1,7291
2,9515,55,0,0,5,5,1903,3114,11,3125
2,9515,865,0,0,10,5,1903,2500,173,2673
2,9545,15,0,0,5,5,1909,2392,9,2401
2,9545,1215,0,0,5,5,1909,2158,243,2401
2,9545,5915,0,0,5,5,1909,1058,1183,2241
2,9558,6,0,0,48,6,1593,7424,1,7425
2,9558,1770,0,0,6,6,1593,7776,1475,9251
2,9558,5046,0,0,6,6,1593,6534,841,7375
2,9615,5,0,0,5,5,1923,4374,1,4375
2,9615,5,0,0,20,5,1923,3024,1,3025
2,9615,3205,0,0,20,5,1923,14000,641,14641
2,9615,4455,0,0,5,5,1923,32,4455,4487
2,9618,6,0,0,6,6,1603,4374,1,4375
2,9618,486,0,0,6,6,1603,5000,243,5243
2,9625,3125,0,0,5,5,1925,32,3125,3157
2,9625,4375,0,0,5,5,1925,1312,4375,5687
2,9665,3645,0,0,5,5,1933,77320,2187,79507
2,9675,135,0,0,5,5,1935,3698,27,3725
2,9675,215,0,0,5,5,1935,15496,129,15625
2,9675,215,0,0,20,5,1935,4096,129,4225
2,9675,405,0,0,5,5,1935,8192,1053,9245
2,9675,1625,0,0,5,5,1935,3698,325,4023
2,9675,6705,0,0,5,5,1935,1352,4023,5375
2,9675,9245,0,0,5,5,1935,338,1849,2187
2,9690,6,0,0,6,6,1615,4374,1,4375
2,9690,6,0,0,12,6,1615,1700,1,1701
2,9690,6,0,0,24,6,1615,3024,1,3025
2,9690,30,0,0,12,6,1615,2052,5,2057
2,9690,42,0,0,6,6,1615,2048,77,2125
2,9690,42,0,0,6,6,1615,3200,49,3249
2,9690,42,0,0,6,6,1615,20570,7,20577
2,9690,66,0,0,6,6,1615,2250,11,2261
2,9690,102,0,0,6,6,1615,11858,17,11875
2,9690,102,0,0,6,6,1615,68590,17,68607
2,9690,102,0,0,12,6,1615,10108,17,10125
2,9690,114,0,0,6,6,1615,6050,19,6069
2,9690,114,0,0,6,6,1615,15606,19,15625
2,9690,114,0,0,6,6,1615,36992,133,37125
2,9690,114,0,0,12,6,1615,4356,19,4375
2,9690,114,0,0,12,6,1615,15876,19,15895
2,9690,114,0,0,48,6,1615,2816,19,2835
2,9690,126,0,0,6,6,1615,2312,63,2375
2,9690,294,0,0,6,6,1615,2250,49,2299
2,9690,570,0,0,24,6,1615,2992,95,3087
2,9690,594,0,0,6,6,1615,2432,693,3125
2,9690,798,0,0,6,6,1615,3200,931,4131
2,9690,882,0,0,6,6,1615,2584,441,3025
2,9690,1050,0,0,6,6,1615,5984,875,6859
2,9690,1254,0,0,6,6,1615,1666,209,1875
2,9690,1458,0,0,6,6,1615,1672,729,2401
2,9690,1470,0,0,6,6,1615,2662,245,2907
2,9690,1734,0,0,6,6,1615,2432,2023,4455
2,9690,1890,0,0,6,6,1615,4598,315,4913
2,9690,2058,0,0,6,6,1615,1782,343,2125
2,9690,2058,0,0,6,6,1615,1152,2401,3553
2,9690,2166,0,0,6,6,1615,6144,3971,10115
2,9690,2430,0,0,6,6,1615,32,2025,2057
2,9690,2550,0,0,6,6,1615,2662,425,3087
2,9690,3234,0,0,6,6,1615,4374,539,4913
2,9690,3630,0,0,6,6,1615,224,3025,3249
2,9690,3750,0,0,6,6,1615,512,5625,6137
2,9690,4050,0,0,6,6,1615,2888,2025,4913
2,9690,4158,0,0,6,6,1615,640,4851,5491
2,9690,4374,0,0,6,6,1615,2450,729,3179
2,9690,7986,0,0,6,6,1615,6250,1331,7581
2,9690,7986,0,0,6,6,1615,11552,6655,18207
2,9690,7986,0,0,6,6,1615,19494,1331,20825
2,9690,8250,0,0,6,6,1615,1026,1375,2401
2,9690,8262,0,0,6,6,1615,2744,4131,6875
2,9690,8778,0,0,6,6,1615,384,10241,10625
2,9725,1215,0,0,5,5,1945,77800,729,78529
2,9725,1945,0,0,5,5,1945,6750,389,7139
2,9725,9725,0,0,5,5,1945,242,1945,2187
2,9738,6,0,0,24,6,1623,2704,1,2705
2,9765,5,0,0,5,5,1953,4374,1,4375
2,9765,15,0,0,5,5,1953,4802,3,4805
2,9765,25,0,0,5,5,1953,12152,15,12167
2,9765,35,0,0,5,5,1953,32798,7,32805
2,9765,45,0,0,10,5,1953,2116,9,2125
2,9765,85,0,0,5,5,1953,2170,17,2187
2,9765,85,0,0,5,5,1953,12150,17,12167
2,9765,155,0,0,10,5,1953,19652,31,19683
2,9765,405,0,0,5,5,1953,5750,81,5831
2,9765,465,0,0,20,5,1953,4096,279,4375
2,9765,675,0,0,5,5,1953,3968,945,4913
2,9765,1215,0,0,5,5,1953,8750,243,8993
2,9765,1395,0,0,5,5,1953,1288,837,2125
2,9765,6125,0,0,5,5,1953,384,8575,8959
2,9765,6125,0,0,5,5,1953,28566,1225,29791
2,9765,6615,0,0,5,5,1953,32,6615,6647
2,9765,8505,0,0,5,5,1953,17000,5103,22103
2,9765,9375,0,0,5,5,1953,3038,1875,4913
2,9798,6,0,0,6,6,1633,5750,1,5751
2,9798,162,0,0,6,6,1633,5014,27,5041
2,9798,426,0,0,12,6,1633,2116,71,2187
2,9798,654,0,0,6,6,1633,3266,109,3375
2,9815,2535,0,0,5,5,1963,77312,4563,81875
2,9825,5,0,0,5,5,1965,4374,1,4375
2,9825,1715,0,0,5,5,1965,128,2401,2529
2,9828,1092,0,0,12,6,1638,8192,1183,9375
2,9828,2184,0,0,24,6,1638,8192,1183,9375
2,9828,4368,0,0,48,6,1638,8192,1183,9375
2,9870,6,0,0,6,6,1645,4374,1,4375
2,9870,282,0,0,6,6,1645,1952,235,2187
2,9870,1470,0,0,6,6,1645,1152,1715,2867
2,9870,3402,0,0,6,6,1645,32,2835,2867
2,9870,4050,0,0,6,6,1645,376,2025,2401
2,9870,4374,0,0,6,6,1645,24064,6561,30625
2,9906,6,0,0,6,6,1651,6858,1,6859
2,9918,3306,0,0,12,6,1653,1324,551,1875
2,9954,9954,0,0,12,6,1659,9664,4977,14641
2,9965,5,0,0,5,5,1993,4374,1,4375
2,9965,35,0,0,5,5,1993,3200,49,3249
2,9975,5,0,0,5,5,1995,4374,1,4375
2,9975,35,0,0,5,5,1995,3200,49,3249
2,10050,486,0,0,6,6,1675,8192,1053,9245
2,10050,3354,0,0,6,6,1675,1250,559,1809
2,10050,3618,0,0,6,6,1675,40,1809,1849
2,10062,1314,0,0,6,6,1677,1978,219,2197
2,10086,5346,0,0,6,6,1681,2048,9801,11849
2,10098,6,0,0,6,6,1683,34374,1,34375
2,10098,1122,0,0,24,6,1683,2000,187,2187
2,10098,1458,0,0,6,6,1683,5000,729,5729
2,10098,2430,0,0,6,6,1683,32,2025,2057
2,10218,1650,0,0,6,6,1703,1922,275,2197
2,10230,6,0,0,6,6,1705,3750,1,3751
2,10230,54,0,0,6,6,1705,6250,9,6259
2,10230,66,0,0,12,6,1705,2500,11,2511
2,10248,84,0,0,12,6,1708,3200,49,3249
2,10248,168,0,0,24,6,1708,3200,49,3249
2,10278,6,0,0,6,6,1713,4374,1,4375
2,10350,6,0,0,6,6,1725,64000,9,64009
2,10350,6,0,0,6,6,1725,71874,1,71875
2,10350,138,0,0,6,6,1725,19602,23,19625
2,10458,6,0,0,6,6,1743,4374,1,4375
2,10458,6,0,0,6,6,1743,10368,7,10375
2,10458,6,0,0,6,6,1743,33614,1,33615
2,10458,498,0,0,24,6,1743,19600,83,19683
2,10458,498,0,0,48,6,1743,1792,83,1875
2,10458,1458,0,0,6,6,1743,34202,243,34445
2,10458,6174,0,0,6,6,1743,44672,7203,51875
2,10488,12,0,0,12,6,1748,12160,7,12167
2,10488,24,0,0,24,6,1748,12160,7,12167
2,10494,5346,0,0,6,6,1749,136,2673,2809
2,10500,1500,0,0,12,6,1750,4704,625,5329
2,10500,3000,0,0,24,6,1750,4704,625,5329
2,10521,7,0,0,7,7,1503,4374,1,4375
2,10521,1169,0,0,14,7,1503,1548,167,1715
2,10530,6,0,0,6,6,1755,4374,1,4375
2,10530,54,0,0,6,6,1755,3200,63,3263
2,10530,210,0,0,6,6,1755,6526,35,6561
2,10530,378,0,0,6,6,1755,2008,189,2197
2,10530,546,0,0,6,6,1755,8192,1183,9375
2,10530,10530,0,0,6,6,1755,8032,8775,16807
2,10590,810,0,0,6,6,1765,9728,1215,10943
2,10591,2625,0,0,7,7,1513,9826,375,10201
2,10602,186,0,0,6,6,1767,2318,31,2349
2,10602,3534,0,0,12,6,1767,3132,589,3721
2,10605,105,0,0,28,7,1515,4096,45,4141
2,10605,2625,0,0,7,7,1515,3362,375,3737
2,10626,138,0,0,6,6,1771,23814,23,23837
2,10626,154,0,0,14,7,1518,11776,99,11875
2,10626,308,0,0,28,7,1518,11776,99,11875
2,10698,6,0,0,6,6,1783,4374,1,4375
2,10698,10698,0,0,24,6,1783,240,1783,2023
2,10710,6,0,0,6,6,1785,4374,1,4375
2,10731,7,0,0,7,7,1533,4374,1,4375
2,10731,567,0,0,7,7,1533,42632,243,42875
2,10731,875,0,0,7,7,1533,4704,625,5329
2,10734,10734,0,0,6,6,1789,398,1789,2187
2,10815,7,0,0,7,7,1545,1750,1,1751
2,10815,7,0,0,7,7,1545,4374,1,4375
2,10815,7,0,0,7,7,1545,59534,1,59535
2,10815,7,0,0,7,7,1545,65610,1,65611
2,10815,7,0,0,14,7,1545,1700,1,1701
2,10815,7,0,0,14,7,1545,31212,1,31213
2,10815,7,0,0,28,7,1545,10608,1,10609
2,10815,21,0,0,7,7,1545,2176,21,2197
2,10815,49,0,0,7,7,1545,3750,7,3757
2,10815,91,0,0,7,7,1545,8330,13,8343
2,10815,175,0,0,7,7,1545,9248,125,9373
2,10815,595,0,0,7,7,1545,4374,85,4459
2,10815,637,0,0,7,7,1545,8192,1183,9375
2,10815,819,0,0,7,7,1545,1400,351,1751
2,10815,1183,0,0,7,7,1545,1854,169,2023
2,10815,1547,0,0,7,7,1545,640,1547,2187
2,10815,2401,0,0,7,7,1545,1854,343,2197
2,10815,3087,0,0,7,7,1545,6656,3969,10625
2,10815,3549,0,0,7,7,1545,3296,2535,5831
2,10815,6489,0,0,7,7,1545,2744,2781,5525
2,10815,9373,0,0,7,7,1545,686,1339,2025
2,10815,9639,0,0,7,7,1545,338,1377,1715
2,10878,6,0,0,6,6,1813,4374,1,4375
2,10878,6,0,0,24,6,1813,3024,1,3025
2,10878,66,0,0,6,6,1813,9250,11,9261
2,10878,294,0,0,24,6,1813,6512,49,6561
2,10878,8214,0,0,6,6,1813,83006,1369,84375
2,10885,2177,0,0,7,7,1555,6250,311,6561
2,10890,6,0,0,6,6,1815,64000,9,64009
2,10890,6,0,0,6,6,1815,71874,1,71875
2,10890,66,0,0,6,6,1815,3634,11,3645
2,10890,750,0,0,6,6,1815,1738,125,1863
2,10890,1422,0,0,6,6,1815,512,2133,2645
2,10890,2178,0,0,6,6,1815,14536,1089,15625
2,10890,4050,0,0,6,6,1815,5566,675,6241
2,10908,1212,0,0,12,6,1818,7776,505,8281
2,10908,2424,0,0,24,6,1818,7776,505,8281
2,10950,6,0,0,6,6,1825,4374,1,4375
2,10950,438,0,0,6,6,1825,2450,73,2523
2,10950,486,0,0,6,6,1825,42632,243,42875
2,10950,750,0,0,6,6,1825,4704,625,5329
2,10950,2058,0,0,6,6,1825,1682,343,2025
2,10950,2058,0,0,6,6,1825,9344,2401,11745
2,10962,42,0,0,6,6,1827,27848,21,27869
2,10962,54,0,0,24,6,1827,3472,9,3481
2,10962,5766,0,0,6,6,1827,8,2883,2891
2,10998,18,0,0,24,6,1833,5872,3,5875
2,10998,234,0,0,12,6,1833,3008,117,3125
2,10998,282,0,0,48,6,1833,3328,47,3375
2,11011,7,0,0,7,7,1573,4374,1,4375
2,11011,7,0,0,28,7,1573,3024,1,3025
2,11011,77,0,0,7,7,1573,1690,11,1701
2,11011,637,0,0,7,7,1573,8192,1183,9375
2,11011,847,0,0,7,7,1573,1352,363,1715
2,11011,847,0,0,28,7,1573,4096,363,4459
2,11011,2079,0,0,7,7,1573,512,2673,3185
2,11011,3773,0,0,7,7,1573,8,1617,1625
2,11011,3773,0,0,7,7,1573,16000,3773,19773
2,11011,5103,0,0,7,7,1573,88,2187,2275
2,11011,5929,0,0,7,7,1573,1350,847,2197
2,11011,9317,0,0,7,7,1573,294,1331,1625
2,11022,6,0,0,24,6,1837,2672,1,2673
2,11025,7,0,0,7,7,1575,4374,1,4375
2,11025,7,0,0,7,7,1575,10368,7,10375
2,11025,7,0,0,7,7,1575,33614,1,33615
2,11025,49,0,0,7,7,1575,3200,49,3249
2,11034,4374,0,0,6,6,1839,2104,2187,4291
2,11058,10086,0,0,6,6,1843,194,1681,1875
2,11067,217,0,0,14,7,1581,19652,31,19683
2,11088,132,0,0,24,6,1848,2368,33,2401
2,11095,7,0,0,7,7,1585,7290,1,7291
2,11118,2226,0,0,6,6,1853,128,2597,2725
2,11130,6,0,0,6,6,1855,2592,5,2597
2,11130,6,0,0,6,6,1855,4374,1,4375
2,11130,42,0,0,6,6,1855,5618,7,5625
2,11130,2226,0,0,6,6,1855,6190,371,6561
2,11130,6174,0,0,6,6,1855,8,3087,3095
2,11130,8586,0,0,6,6,1855,40,4293,4333
2,11151,7,0,0,56,7,1593,7424,1,7425
2,11151,2065,0,0,7,7,1593,7776,1475,9251
2,11151,5887,0,0,7,7,1593,6534,841,7375
2,11160,1116,0,0,48,6,1860,4096,279,4375
2,11202,11202,0,0,6,6,1867,534,1867,2401
2,11221,7,0,0,7,7,1603,4374,1,4375
2,11221,567,0,0,7,7,1603,5000,243,5243
2,11286,294,0,0,6,6,1881,2152,147,2299
2,11286,1458,0,0,6,6,1881,1672,729,2401
2,11286,10206,0,0,6,6,1881,8,5103,5111
2,11298,6,0,0,12,6,1883,4900,1,4901
2,11305,7,0,0,7,7,1615,4374,1,4375
2,11305,7,0,0,14,7,1615,1700,1,1701
2,11305,7,0,0,28,7,1615,3024,1,3025
2,11305,35,0,0,14,7,1615,2052,5,2057
2,11305,49,0,0,7,7,1615,2048,77,2125
2,11305,49,0,0,7,7,1615,3200,49,3249
2,11305,49,0,0,7,7,1615,20570,7,20577
2,11305,77,0,0,7,7,1615,2250,11,2261
2,11305,119,0,0,7,7,1615,11858,17,11875
2,11305,119,0,0,7,7,1615,68590,17,68607
2,11305,119,0,0,14,7,1615,10108,17,10125
2,11305,133,0,0,7,7,1615,6050,19,6069
2,11305,133,0,0,7,7,1615,15606,19,15625
2,11305,133,0,0,7,7,1615,36992,133,37125
2,11305,133,0,0,14,7,1615,4356,19,4375
2,11305,133,0,0,14,7,1615,15876,19,15895
2,11305,133,0,0,56,7,1615,2816,19,2835
2,11305,147,0,0,7,7,1615,2312,63,2375
2,11305,343,0,0,7,7,1615,2250,49,2299
2,11305,665,0,0,28,7,1615,2992,95,3087
2,11305,693,0,0,7,7,1615,2432,693,3125
2,11305,931,0,0,7,7,1615,3200,931,4131
2,11305,1029,0,0,7,7,1615,2584,441,3025
2,11305,1225,0,0,7,7,1615,5984,875,6859
2,11305,1463,0,0,7,7,1615,1666,209,1875
2,11305,1701,0,0,7,7,1615,1672,729,2401
2,11305,1715,0,0,7,7,1615,2662,245,2907
2,11305,2023,0,0,7,7,1615,2432,2023,4455
2,11305,2205,0,0,7,7,1615,4598,315,4913
2,11305,2401,0,0,7,7,1615,1782,343,2125
2,11305,2401,0,0,7,7,1615,1152,2401,3553
2,11305,2527,0,0,7,7,1615,6144,3971,10115
2,11305,2835,0,0,7,7,1615,32,2025,2057
2,11305,2975,0,0,7,7,1615,2662,425,3087
2,11305,3773,0,0,7,7,1615,4374,539,4913
2,11305,4235,0,0,7,7,1615,224,3025,3249
2,11305,4375,0,0,7,7,1615,512,5625,6137
2,11305,4725,0,0,7,7,1615,2888,2025,4913
2,11305,4851,0,0,7,7,1615,640,4851,5491
2,11305,5103,0,0,7,7,1615,2450,729,3179
2,11305,9317,0,0,7,7,1615,6250,1331,7581
2,11305,9317,0,0,7,7,1615,11552,6655,18207
2,11305,9317,0,0,7,7,1615,19494,1331,20825
2,11305,9625,0,0,7,7,1615,1026,1375,2401
2,11305,9639,0,0,7,7,1615,2744,4131,6875
2,11305,10241,0,0,7,7,1615,384,10241,10625
2,11310,6,0,0,6,6,1885,4896,5,4901
2,11310,6,0,0,24,6,1885,4624,1,4625
2,11310,18,0,0,6,6,1885,6250,3,6253
2,11310,30,0,0,48,6,1885,9472,5,9477
2,11310,78,0,0,12,6,1885,3132,13,3145
2,11310,234,0,0,6,6,1885,6728,117,6845
2,11310,306,0,0,6,6,1885,2146,51,2197
2,11310,810,0,0,6,6,1885,2738,135,2873
2,11310,5046,0,0,6,6,1885,8192,10933,19125
2,11310,5550,0,0,6,6,1885,288,4625,4913
2,11310,8214,0,0,6,6,1885,7250,1369,8619
2,11310,8214,0,0,6,6,1885,8704,12321,21025
2,11310,8658,0,0,6,6,1885,1682,1443,3125
2,11310,11250,0,0,6,6,1885,48778,1875,50653
2,11361,7,0,0,28,7,1623,2704,1,2705
2,11418,66,0,0,6,6,1903,3114,11,3125
2,11418,1038,0,0,12,6,1903,2500,173,2673
2,11431,7,0,0,7,7,1633,5750,1,5751
2,11431,189,0,0,7,7,1633,5014,27,5041
2,11431,497,0,0,14,7,1633,2116,71,2187
2,11431,763,0,0,7,7,1633,3266,109,3375
2,11454,18,0,0,6,6,1909,2392,9,2401
2,11454,1458,0,0,6,6,1909,2158,243,2401
2,11454,7098,0,0,6,6,1909,1058,1183,2241
2,11466,1274,0,0,14,7,1638,8192,1183,9375
2,11466,2548,0,0,28,7,1638,8192,1183,9375
2,11466,5096,0,0,56,7,1638,8192,1183,9375
2,11515,7,0,0,7,7,1645,4374,1,4375
2,11515,329,0,0,7,7,1645,1952,235,2187
2,11515,1715,0,0,7,7,1645,1152,1715,2867
2,11515,3969,0,0,7,7,1645,32,2835,2867
2,11515,4725,0,0,7,7,1645,376,2025,2401
2,11515,5103,0,0,7,7,1645,24064,6561,30625
2,11538,6,0,0,6,6,1923,4374,1,4375
2,11538,6,0,0,24,6,1923,3024,1,3025
2,11538,3846,0,0,24,6,1923,14000,641,14641
2,11538,5346,0,0,6,6,1923,32,4455,4487
2,11550,3750,0,0,6,6,1925,32,3125,3157
2,11550,5250,0,0,6,6,1925,1312,4375,5687
2,11557,7,0,0,7,7,1651,6858,1,6859
2,11571,3857,0,0,14,7,1653,1324,551,1875
2,11598,4374,0,0,6,6,1933,77320,2187,79507
2,11610,162,0,0,6,6,1935,3698,27,3725
2,11610,258,0,0,6,6,1935,15496,129,15625
2,11610,258,0,0,24,6,1935,4096,129,4225
2,11610,486,0,0,6,6,1935,8192,1053,9245
2,11610,1950,0,0,6,6,1935,3698,325,4023
2,11610,8046,0,0,6,6,1935,1352,4023,5375
2,11610,11094,0,0,6,6,1935,338,1849,2187
2,11613,11613,0,0,14,7,1659,9664,4977,14641
2,11670,1458,0,0,6,6,1945,77800,729,78529
2,11670,2334,0,0,6,6,1945,6750,389,7139
2,11670,11670,0,0,6,6,1945,242,1945,2187
2,11718,6,0,0,6,6,1953,4374,1,4375
2,11718,18,0,0,6,6,1953,4802,3,4805
2,11718,30,0,0,6,6,1953,12152,15,12167
2,11718,42,0,0,6,6,1953,32798,7,32805
2,11718,54,0,0,12,6,1953,2116,9,2125
2,11718,102,0,0,6,6,1953,2170,17,2187
2,11718,102,0,0,6,6,1953,12150,17,12167
2,11718,186,0,0,12,6,1953,19652,31,19683
2,11718,486,0,0,6,6,1953,5750,81,5831
2,11718,558,0,0,24,6,1953,4096,279,4375
2,11718,810,0,0,6,6,1953,3968,945,4913
2,11718,1458,0,0,6,6,1953,8750,243,8993
2,11718,1674,0,0,6,6,1953,1288,837,2125
2,11718,7350,0,0,6,6,1953,384,8575,8959
2,11718,7350,0,0,6,6,1953,28566,1225,29791
2,11718,7938,0,0,6,6,1953,32,6615,6647
2,11718,10206,0,0,6,6,1953,17000,5103,22103
2,11718,11250,0,0,6,6,1953,3038,1875,4913
2,11725,567,0,0,7,7,1675,8192,1053,9245
2,11725,3913,0,0,7,7,1675,1250,559,1809
2,11725,4221,0,0,7,7,1675,40,1809,1849
2,11739,1533,0,0,7,7,1677,1978,219,2197
2,11767,6237,0,0,7,7,1681,2048,9801,11849
2,11778,3042,0,0,6,6,1963,77312,4563,81875
2,11781,7,0,0,7,7,1683,34374,1,34375
2,11781,1309,0,0,28,7,1683,2000,187,2187
2,11781,1701,0,0,7,7,1683,5000,729,5729
2,11781,2835,0,0,7,7,1683,32,2025,2057
2,11790,6,0,0,6,6,1965,4374,1,4375
2,11790,2058,0,0,6,6,1965,128,2401,2529
2,11921,1925,0,0,7,7,1703,1922,275,2197
2,11935,7,0,0,7,7,1705,3750,1,3751
2,11935,63,0,0,7,7,1705,6250,9,6259
2,11935,77,0,0,14,7,1705,2500,11,2511
2,11956,98,0,0,14,7,1708,3200,49,3249
2,11956,196,0,0,28,7,1708,3200,49,3249
2,11958,6,0,0,6,6,1993,4374,1,4375
2,11958,42,0,0,6,6,1993,3200,49,3249
2,11970,6,0,0,6,6,1995,4374,1,4375
2,11970,42,0,0,6,6,1995,3200,49,3249
2,11991,7,0,0,7,7,1713,4374,1,4375
2,12024,8,0,0,8,8,1503,4374,1,4375
2,12024,1336,0,0,16,8,1503,1548,167,1715
2,12075,7,0,0,7,7,1725,64000,9,64009
2,12075,7,0,0,7,7,1725,71874,1,71875
2,12075,161,0,0,7,7,1725,19602,23,19625
2,12104,3000,0,0,8,8,1513,9826,375,10201
2,12120,120,0,0,32,8,1515,4096,45,4141
2,12120,3000,0,0,8,8,1515,3362,375,3737
2,12144,176,0,0,16,8,1518,11776,99,11875
2,12144,352,0,0,32,8,1518,11776,99,11875
2,12201,7,0,0,7,7,1743,4374,1,4375
2,12201,7,0,0,7,7,1743,10368,7,10375
2,12201,7,0,0,7,7,1743,33614,1,33615
2,12201,581,0,0,28,7,1743,19600,83,19683
2,12201,581,0,0,56,7,1743,1792,83,1875
2,12201,1701,0,0,7,7,1743,34202,243,34445
2,12201,7203,0,0,7,7,1743,44672,7203,51875
2,12236,14,0,0,14,7,1748,12160,7,12167
2,12236,28,0,0,28,7,1748,12160,7,12167
2,12243,6237,0,0,7,7,1749,136,2673,2809
2,12250,1750,0,0,14,7,1750,4704,625,5329
2,12250,3500,0,0,28,7,1750,4704,625,5329
2,12264,8,0,0,8,8,1533,4374,1,4375
2,12264,648,0,0,8,8,1533,42632,243,42875
2,12264,1000,0,0,8,8,1533,4704,625,5329
2,12285,7,0,0,7,7,1755,4374,1,4375
2,12285,63,0,0,7,7,1755,3200,63,3263
2,12285,245,0,0,7,7,1755,6526,35,6561
2,12285,441,0,0,7,7,1755,2008,189,2197
2,12285,637,0,0,7,7,1755,8192,1183,9375
2,12285,12285,0,0,7,7,1755,8032,8775,16807
2,12355,945,0,0,7,7,1765,9728,1215,10943
2,12360,8,0,0,8,8,1545,1750,1,1751
2,12360,8,0,0,8,8,1545,4374,1,4375
2,12360,8,0,0,8,8,1545,59534,1,59535
2,12360,8,0,0,8,8,1545,65610,1,65611
2,12360,8,0,0,16,8,1545,1700,1,1701
2,12360,8,0,0,16,8,1545,31212,1,31213
2,12360,8,0,0,32,8,1545,10608,1,10609
2,12360,24,0,0,8,8,1545,2176,21,2197
2,12360,56,0,0,8,8,1545,3750,7,3757
2,12360,104,0,0,8,8,1545,8330,13,8343
2,12360,200,0,0,8,8,1545,9248,125,9373
2,12360,680,0,0,8,8,1545,4374,85,4459
2,12360,728,0,0,8,8,1545,8192,1183,9375
2,12360,936,0,0,8,8,1545,1400,351,1751
2,12360,1352,0,0,8,8,1545,1854,169,2023
2,12360,1768,0,0,8,8,1545,640,1547,2187
2,12360,2744,0,0,8,8,1545,1854,343,2197
2,12360,3528,0,0,8,8,1545,6656,3969,10625
2,12360,4056,0,0,8,8,1545,3296,2535,5831
2,12360,7416,0,0,8,8,1545,2744,2781,5525
2,12360,10712,0,0,8,8,1545,686,1339,2025
2,12360,11016,0,0,8,8,1545,338,1377,1715
2,12369,217,0,0,7,7,1767,2318,31,2349
2,12369,4123,0,0,14,7,1767,3132,589,3721
2,12397,161,0,0,7,7,1771,23814,23,23837
2,12440,2488,0,0,8,8,1555,6250,311,6561
2,12481,7,0,0,7,7,1783,4374,1,4375
2,12481,12481,0,0,28,7,1783,240,1783,2023
2,12495,7,0,0,7,7,1785,4374,1,4375
2,12523,12523,0,0,7,7,1789,398,1789,2187
2,12584,8,0,0,8,8,1573,4374,1,4375
2,12584,8,0,0,32,8,1573,3024,1,3025
2,12584,88,0,0,8,8,1573,1690,11,1701
2,12584,728,0,0,8,8,1573,8192,1183,9375
2,12584,968,0,0,8,8,1573,1352,363,1715
2,12584,968,0,0,32,8,1573,4096,363,4459
2,12584,2376,0,0,8,8,1573,512,2673,3185
2,12584,4312,0,0,8,8,1573,8,1617,1625
2,12584,4312,0,0,8,8,1573,16000,3773,19773
2,12584,5832,0,0,8,8,1573,88,2187,2275
2,12584,6776,0,0,8,8,1573,1350,847,2197
2,12584,10648,0,0,8,8,1573,294,1331,1625
2,12600,8,0,0,8,8,1575,4374,1,4375
2,12600,8,0,0,8,8,1575,10368,7,10375
2,12600,8,0,0,8,8,1575,33614,1,33615
2,12600,56,0,0,8,8,1575,3200,49,3249
2,12648,248,0,0,16,8,1581,19652,31,19683
2,12680,8,0,0,8,8,1585,7290,1,7291
2,12691,7,0,0,7,7,1813,4374,1,4375
2,12691,7,0,0,28,7,1813,3024,1,3025
2,12691,77,0,0,7,7,1813,9250,11,9261
2,12691,343,0,0,28,7,1813,6512,49,6561
2,12691,9583,0,0,7,7,1813,83006,1369,84375
2,12705,7,0,0,7,7,1815,64000,9,64009
2,12705,7,0,0,7,7,1815,71874,1,71875
2,12705,77,0,0,7,7,1815,3634,11,3645
2,12705,875,0,0,7,7,1815,1738,125,1863
2,12705,1659,0,0,7,7,1815,512,2133,2645
2,12705,2541,0,0,7,7,1815,14536,1089,15625
2,12705,4725,0,0,7,7,1815,5566,675,6241
2,12726,1414,0,0,14,7,1818,7776,505,8281
2,12726,2828,0,0,28,7,1818,7776,505,8281
2,12744,8,0,0,64,8,1593,7424,1,7425
2,12744,2360,0,0,8,8,1593,7776,1475,9251
2,12744,6728,0,0,8,8,1593,6534,841,7375
2,12775,7,0,0,7,7,1825,4374,1,4375
2,12775,511,0,0,7,7,1825,2450,73,2523
2,12775,567,0,0,7,7,1825,42632,243,42875
2,12775,875,0,0,7,7,1825,4704,625,5329
2,12775,2401,0,0,7,7,1825,1682,343,2025
2,12775,2401,0,0,7,7,1825,9344,2401,11745
2,12789,49,0,0,7,7,1827,27848,21,27869
2,12789,63,0,0,28,7,1827,3472,9,3481
2,12789,6727,0,0,7,7,1827,8,2883,2891
2,12824,8,0,0,8,8,1603,4374,1,4375
2,12824,648,0,0,8,8,1603,5000,243,5243
2,12831,21,0,0,28,7,1833,5872,3,5875
2,12831,273,0,0,14,7,1833,3008,117,3125
2,12831,329,0,0,56,7,1833,3328,47,3375
2,12859,7,0,0,28,7,1837,2672,1,2673
2,12873,5103,0,0,7,7,1839,2104,2187,4291
2,12901,11767,0,0,7,7,1843,194,1681,1875
2,12920,8,0,0,8,8,1615,4374,1,4375
2,12920,8,0,0,16,8,1615,1700,1,1701
2,12920,8,0,0,32,8,1615,3024,1,3025
2,12920,40,0,0,16,8,1615,2052,5,2057
2,12920,56,0,0,8,8,1615,2048,77,2125
2,12920,56,0,0,8,8,1615,3200,49,3249
2,12920,56,0,0,8,8,1615,20570,7,20577
2,12920,88,0,0,8,8,1615,2250,11,2261
2,12920,136,0,0,8,8,1615,11858,17,11875
2,12920,136,0,0,8,8,1615,68590,17,68607
2,12920,136,0,0,16,8,1615,10108,17,10125
2,12920,152,0,0,8,8,1615,6050,19,6069
2,12920,152,0,0,8,8,1615,15606,19,15625
2,12920,152,0,0,8,8,1615,36992,133,37125
2,12920,152,0,0,16,8,1615,4356,19,4375
2,12920,152,0,0,16,8,1615,15876,19,15895
2,12920,152,0,0,64,8,1615,2816,19,2835
2,12920,168,0,0,8,8,1615,2312,63,2375
2,12920,392,0,0,8,8,1615,2250,49,2299
2,12920,760,0,0,32,8,1615,2992,95,3087
2,12920,792,0,0,8,8,1615,2432,693,3125
2,12920,1064,0,0,8,8,1615,3200,931,4131
2,12920,1176,0,0,8,8,1615,2584,441,3025
2,12920,1400,0,0,8,8,1615,5984,875,6859
2,12920,1672,0,0,8,8,1615,1666,209,1875
2,12920,1944,0,0,8,8,1615,1672,729,2401
2,12920,1960,0,0,8,8,1615,2662,245,2907
2,12920,2312,0,0,8,8,1615,2432,2023,4455
2,12920,2520,0,0,8,8,1615,4598,315,4913
2,12920,2744,0,0,8,8,1615,1782,343,2125
2,12920,2744,0,0,8,8,1615,1152,2401,3553
2,12920,2888,0,0,8,8,1615,6144,3971,10115
2,12920,3240,0,0,8,8,1615,32,2025,2057
2,12920,3400,0,0,8,8,1615,2662,425,3087
2,12920,4312,0,0,8,8,1615,4374,539,4913
2,12920,4840,0,0,8,8,1615,224,3025,3249
2,12920,5000,0,0,8,8,1615,512,5625,6137
2,12920,5400,0,0,8,8,1615,2888,2025,4913
2,12920,5544,0,0,8,8,1615,640,4851,5491
2,12920,5832,0,0,8,8,1615,2450,729,3179
2,12920,10648,0,0,8,8,1615,6250,1331,7581
2,12920,10648,0,0,8,8,1615,11552,6655,18207
2,12920,10648,0,0,8,8,1615,19494,1331,20825
2,12920,11000,0,0,8,8,1615,1026,1375,2401
2,12920,11016,0,0,8,8,1615,2744,4131,6875
2,12920,11704,0,0,8,8,1615,384,10241,10625
2,12936,154,0,0,28,7,1848,2368,33,2401
2,12971,2597,0,0,7,7,1853,128,2597,2725
2,12984,8,0,0,32,8,1623,2704,1,2705
2,12985,7,0,0,7,7,1855,2592,5,2597
2,12985,7,0,0,7,7,1855,4374,1,4375
2,12985,49,0,0,7,7,1855,5618,7,5625
2,12985,2597,0,0,7,7,1855,6190,371,6561
2,12985,7203,0,0,7,7,1855,8,3087,3095
2,12985,10017,0,0,7,7,1855,40,4293,4333
2,13020,1302,0,0,56,7,1860,4096,279,4375
2,13064,8,0,0,8,8,1633,5750,1,5751
2,13064,216,0,0,8,8,1633,5014,27,5041
2,13064,568,0,0,16,8,1633,2116,71,2187
2,13064,872,0,0,8,8,1633,3266,109,3375
2,13069,13069,0,0,7,7,1867,534,1867,2401
2,13104,1456,0,0,16,8,1638,8192,1183,9375
2,13104,2912,0,0,32,8,1638,8192,1183,9375
2,13104,5824,0,0,64,8,1638,8192,1183,9375
2,13160,8,0,0,8,8,1645,4374,1,4375
2,13160,376,0,0,8,8,1645,1952,235,2187
2,13160,1960,0,0,8,8,1645,1152,1715,2867
2,13160,4536,0,0,8,8,1645,32,2835,2867
2,13160,5400,0,0,8,8,1645,376,2025,2401
2,13160,5832,0,0,8,8,1645,24064,6561,30625
2,13167,343,0,0,7,7,1881,2152,147,2299
2,13167,1701,0,0,7,7,1881,1672,729,2401
2,13167,11907,0,0,7,7,1881,8,5103,5111
2,13181,7,0,0,14,7,1883,4900,1,4901
2,13195,7,0,0,7,7,1885,4896,5,4901
2,13195,7,0,0,28,7,1885,4624,1,4625
2,13195,21,0,0,7,7,1885,6250,3,6253
2,13195,35,0,0,56,7,1885,9472,5,9477
2,13195,91,0,0,14,7,1885,3132,13,3145
2,13195,273,0,0,7,7,1885,6728,117,6845
2,13195,357,0,0,7,7,1885,2146,51,2197
2,13195,945,0,0,7,7,1885,2738,135,2873
2,13195,5887,0,0,7,7,1885,8192,10933,19125
2,13195,6475,0,0,7,7,1885,288,4625,4913
2,13195,9583,0,0,7,7,1885,7250,1369,8619
2,13195,9583,0,0,7,7,1885,8704,12321,21025
2,13195,10101,0,0,7,7,1885,1682,1443,3125
2,13195,13125,0,0,7,7,1885,48778,1875,50653
2,13208,8,0,0,8,8,1651,6858,1,6859
2,13224,4408,0,0,16,8,1653,1324,551,1875
2,13272,13272,0,0,16,8,1659,9664,4977,14641
2,13321,77,0,0,7,7,1903,3114,11,3125
2,13321,1211,0,0,14,7,1903,2500,173,2673
2,13363,21,0,0,7,7,1909,2392,9,2401
2,13363,1701,0,0,7,7,1909,2158,243,2401
2,13363,8281,0,0,7,7,1909,1058,1183,2241
2,13400,648,0,0,8,8,1675,8192,1053,9245
2,13400,4472,0,0,8,8,1675,1250,559,1809
2,13400,4824,0,0,8,8,1675,40,1809,1849
2,13416,1752,0,0,8,8,1677,1978,219,2197
2,13448,7128,0,0,8,8,1681,2048,9801,11849
2,13461,7,0,0,7,7,1923,4374,1,4375
2,13461,7,0,0,28,7,1923,3024,1,3025
2,13461,4487,0,0,28,7,1923,14000,641,14641
2,13461,6237,0,0,7,7,1923,32,4455,4487
2,13464,8,0,0,8,8,1683,34374,1,34375
2,13464,1496,0,0,32,8,1683,2000,187,2187
2,13464,1944,0,0,8,8,1683,5000,729,5729
2,13464,3240,0,0,8,8,1683,32,2025,2057
2,13475,4375,0,0,7,7,1925,32,3125,3157
2,13475,6125,0,0,7,7,1925,1312,4375,5687
2,13527,9,0,0,9,9,1503,4374,1,4375
2,13527,1503,0,0,18,9,1503,1548,167,1715
2,13531,5103,0,0,7,7,1933,77320,2187,79507
2,13545,189,0,0,7,7,1935,3698,27,3725
2,13545,301,0,0,7,7,1935,15496,129,15625
2,13545,301,0,0,28,7,1935,4096,129,4225
2,13545,567,0,0,7,7,1935,8192,1053,9245
2,13545,2275,0,0,7,7,1935,3698,325,4023
2,13545,9387,0,0,7,7,1935,1352,4023,5375
2,13545,12943,0,0,7,7,1935,338,1849,2187
2,13615,1701,0,0,7,7,1945,77800,729,78529
2,13615,2723,0,0,7,7,1945,6750,389,7139
2,13615,13615,0,0,7,7,1945,242,1945,2187
2,13617,3375,0,0,9,9,1513,9826,375,10201
2,13624,2200,0,0,8,8,1703,1922,275,2197
2,13635,135,0,0,36,9,1515,4096,45,4141
2,13635,3375,0,0,9,9,1515,3362,375,3737
2,13640,8,0,0,8,8,1705,3750,1,3751
2,13640,72,0,0,8,8,1705,6250,9,6259
2,13640,88,0,0,16,8,1705,2500,11,2511
2,13662,198,0,0,18,9,1518,11776,99,11875
2,13662,396,0,0,36,9,1518,11776,99,11875
2,13664,112,0,0,16,8,1708,3200,49,3249
2,13664,224,0,0,32,8,1708,3200,49,3249
2,13671,7,0,0,7,7,1953,4374,1,4375
2,13671,21,0,0,7,7,1953,4802,3,4805
2,13671,35,0,0,7,7,1953,12152,15,12167
2,13671,49,0,0,7,7,1953,32798,7,32805
2,13671,63,0,0,14,7,1953,2116,9,2125
2,13671,119,0,0,7,7,1953,2170,17,2187
2,13671,119,0,0,7,7,1953,12150,17,12167
2,13671,217,0,0,14,7,1953,19652,31,19683
2,13671,567,0,0,7,7,1953,5750,81,5831
2,13671,651,0,0,28,7,1953,4096,279,4375
2,13671,945,0,0,7,7,1953,3968,945,4913
2,13671,1701,0,0,7,7,1953,8750,243,8993
2,13671,1953,0,0,7,7,1953,1288,837,2125
2,13671,8575,0,0,7,7,1953,384,8575,8959
2,13671,8575,0,0,7,7,1953,28566,1225,29791
2,13671,9261,0,0,7,7,1953,32,6615,6647
2,13671,11907,0,0,7,7,1953,17000,5103,22103
2,13671,13125,0,0,7,7,1953,3038,1875,4913
2,13704,8,0,0,8,8,1713,4374,1,4375
2,13741,3549,0,0,7,7,1963,77312,4563,81875
2,13755,7,0,0,7,7,1965,4374,1,4375
2,13755,2401,0,0,7,7,1965,128,2401,2529
2,13797,9,0,0,9,9,1533,4374,1,4375
2,13797,729,0,0,9,9,1533,42632,243,42875
2,13797,1125,0,0,9,9,1533,4704,625,5329
2,13800,8,0,0,8,8,1725,64000,9,64009
2,13800,8,0,0,8,8,1725,71874,1,71875
2,13800,184,0,0,8,8,1725,19602,23,19625
2,13905,9,0,0,9,9,1545,1750,1,1751
2,13905,9,0,0,9,9,1545,4374,1,4375
2,13905,9,0,0,9,9,1545,59534,1,59535
2,13905,9,0,0,9,9,1545,65610,1,65611
2,13905,9,0,0,18,9,1545,1700,1,1701
2,13905,9,0,0,18,9,1545,31212,1,31213
2,13905,9,0,0,36,9,1545,10608,1,10609
2,13905,27,0,0,9,9,1545,2176,21,2197
2,13905,63,0,0,9,9,1545,3750,7,3757
2,13905,117,0,0,9,9,1545,8330,13,8343
2,13905,225,0,0,9,9,1545,9248,125,9373
2,13905,765,0,0,9,9,1545,4374,85,4459
2,13905,819,0,0,9,9,1545,8192,1183,9375
2,13905,1053,0,0,9,9,1545,1400,351,1751
2,13905,1521,0,0,9,9,1545,1854,169,2023
2,13905,1989,0,0,9,9,1545,640,1547,2187
2,13905,3087,0,0,9,9,1545,1854,343,2197
2,13905,3969,0,0,9,9,1545,6656,3969,10625
2,13905,4563,0,0,9,9,1545,3296,2535,5831
2,13905,8343,0,0,9,9,1545,2744,2781,5525
2,13905,12051,0,0,9,9,1545,686,1339,2025
2,13905,12393,0,0,9,9,1545,338,1377,1715
2,13944,8,0,0,8,8,1743,4374,1,4375
2,13944,8,0,0,8,8,1743,10368,7,10375
2,13944,8,0,0,8,8,1743,33614,1,33615
2,13944,664,0,0,32,8,1743,19600,83,19683
2,13944,664,0,0,64,8,1743,1792,83,1875
2,13944,1944,0,0,8,8,1743,34202,243,34445
2,13944,8232,0,0,8,8,1743,44672,7203,51875
2,13951,7,0,0,7,7,1993,4374,1,4375
2,13951,49,0,0,7,7,1993,3200,49,3249
2,13965,7,0,0,7,7,1995,4374,1,4375
2,13965,49,0,0,7,7,1995,3200,49,3249
2,13984,16,0,0,16,8,1748,12160,7,12167
2,13984,32,0,0,32,8,1748,12160,7,12167
2,13992,7128,0,0,8,8,1749,136,2673,2809
2,13995,2799,0,0,9,9,1555,6250,311,6561
2,14000,2000,0,0,16,8,1750,4704,625,5329
2,14000,4000,0,0,32,8,1750,4704,625,5329
2,14040,8,0,0,8,8,1755,4374,1,4375
2,14040,72,0,0,8,8,1755,3200,63,3263
2,14040,280,0,0,8,8,1755,6526,35,6561
2,14040,504,0,0,8,8,1755,2008,189,2197
2,14040,728,0,0,8,8,1755,8192,1183,9375
2,14040,14040,0,0,8,8,1755,8032,8775,16807
2,14120,1080,0,0,8,8,1765,9728,1215,10943
2,14136,248,0,0,8,8,1767,2318,31,2349
2,14136,4712,0,0,16,8,1767,3132,589,3721
2,14157,9,0,0,9,9,1573,4374,1,4375
2,14157,9,0,0,36,9,1573,3024,1,3025
2,14157,99,0,0,9,9,1573,1690,11,1701
2,14157,819,0,0,9,9,1573,8192,1183,9375
2,14157,1089,0,0,9,9,1573,1352,363,1715
2,14157,1089,0,0,36,9,1573,4096,363,4459
2,14157,2673,0,0,9,9,1573,512,2673,3185
2,14157,4851,0,0,9,9,1573,8,1617,1625
2,14157,4851,0,0,9,9,1573,16000,3773,19773
2,14157,6561,0,0,9,9,1573,88,2187,2275
2,14157,7623,0,0,9,9,1573,1350,847,2197
2,14157,11979,0,0,9,9,1573,294,1331,1625
2,14168,184,0,0,8,8,1771,23814,23,23837
2,14175,9,0,0,9,9,1575,4374,1,4375
2,14175,9,0,0,9,9,1575,10368,7,10375
2,14175,9,0,0,9,9,1575,33614,1,33615
2,14175,63,0,0,9,9,1575,3200,49,3249
2,14229,279,0,0,18,9,1581,19652,31,19683
2,14264,8,0,0,8,8,1783,4374,1,4375
2,14264,14264,0,0,32,8,1783,240,1783,2023
2,14265,9,0,0,9,9,1585,7290,1,7291
2,14280,8,0,0,8,8,1785,4374,1,4375
2,14312,14312,0,0,8,8,1789,398,1789,2187
2,14337,9,0,0,72,9,1593,7424,1,7425
2,14337,2655,0,0,9,9,1593,7776,1475,9251
2,14337,7569,0,0,9,9,1593,6534,841,7375
2,14427,9,0,0,9,9,1603,4374,1,4375
2,14427,729,0,0,9,9,1603,5000,243,5243
2,14504,8,0,0,8,8,1813,4374,1,4375
2,14504,8,0,0,32,8,1813,3024,1,3025
2,14504,88,0,0,8,8,1813,9250,11,9261
2,14504,392,0,0,32,8,1813,6512,49,6561
2,14504,10952,0,0,8,8,1813,83006,1369,84375
2,14520,8,0,0,8,8,1815,64000,9,64009
2,14520,8,0,0,8,8,1815,71874,1,71875
2,14520,88,0,0,8,8,1815,3634,11,3645
2,14520,1000,0,0,8,8,1815,1738,125,1863
2,14520,1896,0,0,8,8,1815,512,2133,2645
2,14520,2904,0,0,8,8,1815,14536,1089,15625
2,14520,5400,0,0,8,8,1815,5566,675,6241
2,14535,9,0,0,9,9,1615,4374,1,4375
2,14535,9,0,0,18,9,1615,1700,1,1701
2,14535,9,0,0,36,9,1615,3024,1,3025
2,14535,45,0,0,18,9,1615,2052,5,2057
2,14535,63,0,0,9,9,1615,2048,77,2125
2,14535,63,0,0,9,9,1615,3200,49,3249
2,14535,63,0,0,9,9,1615,20570,7,20577
2,14535,99,0,0,9,9,1615,2250,11,2261
2,14535,153,0,0,9,9,1615,11858,17,11875
2,14535,153,0,0,9,9,1615,68590,17,68607
2,14535,153,0,0,18,9,1615,10108,17,10125
2,14535,171,0,0,9,9,1615,6050,19,6069
2,14535,171,0,0,9,9,1615,15606,19,15625
2,14535,171,0,0,9,9,1615,36992,133,37125
2,14535,171,0,0,18,9,1615,4356,19,4375
2,14535,171,0,0,18,9,1615,15876,19,15895
2,14535,171,0,0,72,9,1615,2816,19,2835
2,14535,189,0,0,9,9,1615,2312,63,2375
2,14535,441,0,0,9,9,1615,2250,49,2299
2,14535,855,0,0,36,9,1615,2992,95,3087
2,14535,891,0,0,9,9,1615,2432,693,3125
2,14535,1197,0,0,9,9,1615,3200,931,4131
2,14535,1323,0,0,9,9,1615,2584,441,3025
2,14535,1575,0,0,9,9,1615,5984,875,6859
2,14535,1881,0,0,9,9,1615,1666,209,1875
2,14535,2187,0,0,9,9,1615,1672,729,2401
2,14535,2205,0,0,9,9,1615,2662,245,2907
2,14535,2601,0,0,9,9,1615,2432,2023,4455
2,14535,2835,0,0,9,9,1615,4598,315,4913
2,14535,3087,0,0,9,9,1615,1782,343,2125
2,14535,3087,0,0,9,9,1615,1152,2401,3553
2,14535,3249,0,0,9,9,1615,6144,3971,10115
2,14535,3645,0,0,9,9,1615,32,2025,2057
2,14535,3825,0,0,9,9,1615,2662,425,3087
2,14535,4851,0,0,9,9,1615,4374,539,4913
2,14535,5445,0,0,9,9,1615,224,3025,3249
2,14535,5625,0,0,9,9,1615,512,5625,6137
2,14535,6075,0,0,9,9,1615,2888,2025,4913
2,14535,6237,0,0,9,9,1615,640,4851,5491
2,14535,6561,0,0,9,9,1615,2450,729,3179
2,14535,11979,0,0,9,9,1615,6250,1331,7581
2,14535,11979,0,0,9,9,1615,11552,6655,18207
2,14535,11979,0,0,9,9,1615,19494,1331,20825
2,14535,12375,0,0,9,9,1615,1026,1375,2401
2,14535,12393,0,0,9,9,1615,2744,4131,6875
2,14535,13167,0,0,9,9,1615,384,10241,10625
2,14544,1616,0,0,16,8,1818,7776,505,8281
2,14544,3232,0,0,32,8,1818,7776,505,8281
2,14600,8,0,0,8,8,1825,4374,1,4375
2,14600,584,0,0,8,8,1825,2450,73,2523
2,14600,648,0,0,8,8,1825,42632,243,42875
2,14600,1000,0,0,8,8,1825,4704,625,5329
2,14600,2744,0,0,8,8,1825,1682,343,2025
2,14600,2744,0,0,8,8,1825,9344,2401,11745
2,14607,9,0,0,36,9,1623,2704,1,2705
2,14616,56,0,0,8,8,1827,27848,21,27869
2,14616,72,0,0,32,8,1827,3472,9,3481
2,14616,7688,0,0,8,8,1827,8,2883,2891
2,14664,24,0,0,32,8,1833,5872,3,5875
2,14664,312,0,0,16,8,1833,3008,117,3125
2,14664,376,0,0,64,8,1833,3328,47,3375
2,14696,8,0,0,32,8,1837,2672,1,2673
2,14697,9,0,0,9,9,1633,5750,1,5751
2,14697,243,0,0,9,9,1633,5014,27,5041
2,14697,639,0,0,18,9,1633,2116,71,2187
2,14697,981,0,0,9,9,1633,3266,109,3375
2,14712,5832,0,0,8,8,1839,2104,2187,4291
2,14742,1638,0,0,18,9,1638,8192,1183,9375
2,14742,3276,0,0,36,9,1638,8192,1183,9375
2,14742,6552,0,0,72,9,1638,8192,1183,9375
2,14744,13448,0,0,8,8,1843,194,1681,1875
2,14784,176,0,0,32,8,1848,2368,33,2401
2,14805,9,0,0,9,9,1645,4374,1,4375
2,14805,423,0,0,9,9,1645,1952,235,2187
2,14805,2205,0,0,9,9,1645,1152,1715,2867
2,14805,5103,0,0,9,9,1645,32,2835,2867
2,14805,6075,0,0,9,9,1645,376,2025,2401
2,14805,6561,0,0,9,9,1645,24064,6561,30625
2,14824,2968,0,0,8,8,1853,128,2597,2725
2,14840,8,0,0,8,8,1855,2592,5,2597
2,14840,8,0,0,8,8,1855,4374,1,4375
2,14840,56,0,0,8,8,1855,5618,7,5625
2,14840,2968,0,0,8,8,1855,6190,371,6561
2,14840,8232,0,0,8,8,1855,8,3087,3095
2,14840,11448,0,0,8,8,1855,40,4293,4333
2,14859,9,0,0,9,9,1651,6858,1,6859
2,14877,4959,0,0,18,9,1653,1324,551,1875
2,14880,1488,0,0,64,8,1860,4096,279,4375
2,14931,14931,0,0,18,9,1659,9664,4977,14641
2,14936,14936,0,0,8,8,1867,534,1867,2401
2,15030,10,0,0,10,10,1503,4374,1,4375
2,15030,1670,0,0,20,10,1503,1548,167,1715
2,15048,392,0,0,8,8,1881,2152,147,2299
2,15048,1944,0,0,8,8,1881,1672,729,2401
2,15048,13608,0,0,8,8,1881,8,5103,5111
2,15064,8,0,0,16,8,1883,4900,1,4901
2,15075,729,0,0,9,9,1675,8192,1053,9245
2,15075,5031,0,0,9,9,1675,1250,559,1809
2,15075,5427,0,0,9,9,1675,40,1809,1849
2,15080,8,0,0,8,8,1885,4896,5,4901
2,15080,8,0,0,32,8,1885,4624,1,4625
2,15080,24,0,0,8,8,1885,6250,3,6253
2,15080,40,0,0,64,8,1885,9472,5,9477
2,15080,104,0,0,16,8,1885,3132,13,3145
2,15080,312,0,0,8,8,1885,6728,117,6845
2,15080,408,0,0,8,8,1885,2146,51,2197
2,15080,1080,0,0,8,8,1885,2738,135,2873
2,15080,6728,0,0,8,8,1885,8192,10933,19125
2,15080,7400,0,0,8,8,1885,288,4625,4913
2,15080,10952,0,0,8,8,1885,7250,1369,8619
2,15080,10952,0,0,8,8,1885,8704,12321,21025
2,15080,11544,0,0,8,8,1885,1682,1443,3125
2,15080,15000,0,0,8,8,1885,48778,1875,50653
2,15093,1971,0,0,9,9,1677,1978,219,2197
2,15129,8019,0,0,9,9,1681,2048,9801,11849
2,15130,3750,0,0,10,10,1513,9826,375,10201
2,15147,9,0,0,9,9,1683,34374,1,34375
2,15147,1683,0,0,36,9,1683,2000,187,2187
2,15147,2187,0,0,9,9,1683,5000,729,5729
2,15147,3645,0,0,9,9,1683,32,2025,2057
2,15150,150,0,0,40,10,1515,4096,45,4141
2,15150,3750,0,0,10,10,1515,3362,375,3737
2,15180,220,0,0,20,10,1518,11776,99,11875
2,15180,440,0,0,40,10,1518,11776,99,11875
2,15224,88,0,0,8,8,1903,3114,11,3125
2,15224,1384,0,0,16,8,1903,2500,173,2673
2,15272,24,0,0,8,8,1909,2392,9,2401
2,15272,1944,0,0,8,8,1909,2158,243,2401
2,15272,9464,0,0,8,8,1909,1058,1183,2241
2,15327,2475,0,0,9,9,1703,1922,275,2197
2,15330,10,0,0,10,10,1533,4374,1,4375
2,15330,810,0,0,10,10,1533,42632,243,42875
2,15330,1250,0,0,10,10,1533,4704,625,5329
2,15345,9,0,0,9,9,1705,3750,1,3751
2,15345,81,0,0,9,9,1705,6250,9,6259
2,15345,99,0,0,18,9,1705,2500,11,2511
2,15372,126,0,0,18,9,1708,3200,49,3249
2,15372,252,0,0,36,9,1708,3200,49,3249
2,15384,8,0,0,8,8,1923,4374,1,4375
2,15384,8,0,0,32,8,1923,3024,1,3025
2,15384,5128,0,0,32,8,1923,14000,641,14641
2,15384,7128,0,0,8,8,1923,32,4455,4487
2,15400,5000,0,0,8,8,1925,32,3125,3157
2,15400,7000,0,0,8,8,1925,1312,4375,5687
2,15417,9,0,0,9,9,1713,4374,1,4375
2,15450,10,0,0,10,10,1545,1750,1,1751
2,15450,10,0,0,10,10,1545,4374,1,4375
2,15450,10,0,0,10,10,1545,59534,1,59535
2,15450,10,0,0,10,10,1545,65610,1,65611
2,15450,10,0,0,20,10,1545,1700,1,1701
2,15450,10,0,0,20,10,1545,31212,1,31213
2,15450,10,0,0,40,10,1545,10608,1,10609
2,15450,30,0,0,10,10,1545,2176,21,2197
2,15450,70,0,0,10,10,1545,3750,7,3757
2,15450,130,0,0,10,10,1545,8330,13,8343
2,15450,250,0,0,10,10,1545,9248,125,9373
2,15450,850,0,0,10,10,1545,4374,85,4459
2,15450,910,0,0,10,10,1545,8192,1183,9375
2,15450,1170,0,0,10,10,1545,1400,351,1751
2,15450,1690,0,0,10,10,1545,1854,169,2023
2,15450,2210,0,0,10,10,1545,640,1547,2187
2,15450,3430,0,0,10,10,1545,1854,343,2197
2,15450,4410,0,0,10,10,1545,6656,3969,10625
2,15450,5070,0,0,10,10,1545,3296,2535,5831
2,15450,9270,0,0,10,10,1545,2744,2781,5525
2,15450,13390,0,0,10,10,1545,686,1339,2025
2,15450,13770,0,0,10,10,1545,338,1377,1715
2,15464,5832,0,0,8,8,1933,77320,2187,79507
2,15480,216,0,0,8,8,1935,3698,27,3725
2,15480,344,0,0,8,8,1935,15496,129,15625
2,15480,344,0,0,32,8,1935,4096,129,4225
2,15480,648,0,0,8,8,1935,8192,1053,9245
2,15480,2600,0,0,8,8,1935,3698,325,4023
2,15480,10728,0,0,8,8,1935,1352,4023,5375
2,15480,14792,0,0,8,8,1935,338,1849,2187
2,15525,9,0,0,9,9,1725,64000,9,64009
2,15525,9,0,0,9,9,1725,71874,1,71875
2,15525,207,0,0,9,9,1725,19602,23,19625
2,15550,3110,0,0,10,10,1555,6250,311,6561
2,15560,1944,0,0,8,8,1945,77800,729,78529
2,15560,3112,0,0,8,8,1945,6750,389,7139
2,15560,15560,0,0,8,8,1945,242,1945,2187
2,15624,8,0,0,8,8,1953,4374,1,4375
2,15624,24,0,0,8,8,1953,4802,3,4805
2,15624,40,0,0,8,8,1953,12152,15,12167
2,15624,56,0,0,8,8,1953,32798,7,32805
2,15624,72,0,0,16,8,1953,2116,9,2125
2,15624,136,0,0,8,8,1953,2170,17,2187
2,15624,136,0,0,8,8,1953,12150,17,12167
2,15624,248,0,0,16,8,1953,19652,31,19683
2,15624,648,0,0,8,8,1953,5750,81,5831
2,15624,744,0,0,32,8,1953,4096,279,4375
2,15624,1080,0,0,8,8,1953,3968,945,4913
2,15624,1944,0,0,8,8,1953,8750,243,8993
2,15624,2232,0,0,8,8,1953,1288,837,2125
2,15624,9800,0,0,8,8,1953,384,8575,8959
2,15624,9800,0,0,8,8,1953,28566,1225,29791
2,15624,10584,0,0,8,8,1953,32,6615,6647
2,15624,13608,0,0,8,8,1953,17000,5103,22103
2,15624,15000,0,0,8,8,1953,3038,1875,4913
2,15687,9,0,0,9,9,1743,4374,1,4375
2,15687,9,0,0,9,9,1743,10368,7,10375
2,15687,9,0,0,9,9,1743,33614,1,33615
2,15687,747,0,0,36,9,1743,19600,83,19683
2,15687,747,0,0,72,9,1743,1792,83,1875
2,15687,2187,0,0,9,9,1743,34202,243,34445
2,15687,9261,0,0,9,9,1743,44672,7203,51875
2,15704,4056,0,0,8,8,1963,77312,4563,81875
2,15720,8,0,0,8,8,1965,4374,1,4375
2,15720,2744,0,0,8,8,1965,128,2401,2529
2,15730,10,0,0,10,10,1573,4374,1,4375
2,15730,10,0,0,40,10,1573,3024,1,3025
2,15730,110,0,0,10,10,1573,1690,11,1701
2,15730,910,0,0,10,10,1573,8192,1183,9375
2,15730,1210,0,0,10,10,1573,1352,363,1715
2,15730,1210,0,0,40,10,1573,4096,363,4459
2,15730,2970,0,0,10,10,1573,512,2673,3185
2,15730,5390,0,0,10,10,1573,8,1617,1625
2,15730,5390,0,0,10,10,1573,16000,3773,19773
2,15730,7290,0,0,10,10,1573,88,2187,2275
2,15730,8470,0,0,10,10,1573,1350,847,2197
2,15730,13310,0,0,10,10,1573,294,1331,1625
2,15732,18,0,0,18,9,1748,12160,7,12167
2,15732,36,0,0,36,9,1748,12160,7,12167
2,15741,8019,0,0,9,9,1749,136,2673,2809
2,15750,10,0,0,10,10,1575,4374,1,4375
2,15750,10,0,0,10,10,1575,10368,7,10375
2,15750,10,0,0,10,10,1575,33614,1,33615
2,15750,70,0,0,10,10,1575,3200,49,3249
2,15750,2250,0,0,18,9,1750,4704,625,5329
2,15750,4500,0,0,36,9,1750,4704,625,5329
2,15795,9,0,0,9,9,1755,4374,1,4375
2,15795,81,0,0,9,9,1755,3200,63,3263
2,15795,315,0,0,9,9,1755,6526,35,6561
2,15795,567,0,0,9,9,1755,2008,189,2197
2,15795,819,0,0,9,9,1755,8192,1183,9375
2,15795,15795,0,0,9,9,1755,8032,8775,16807
2,15810,310,0,0,20,10,1581,19652,31,19683
2,15850,10,0,0,10,10,1585,7290,1,7291
2,15885,1215,0,0,9,9,1765,9728,1215,10943
2,15903,279,0,0,9,9,1767,2318,31,2349
2,15903,5301,0,0,18,9,1767,3132,589,3721
2,15930,10,0,0,80,10,1593,7424,1,7425
2,15930,2950,0,0,10,10,1593,7776,1475,9251
2,15930,8410,0,0,10,10,1593,6534,841,7375
2,15939,207,0,0,9,9,1771,23814,23,23837
2,15944,8,0,0,8,8,1993,4374,1,4375
2,15944,56,0,0,8,8,1993,3200,49,3249
2,15960,8,0,0,8,8,1995,4374,1,4375
2,15960,56,0,0,8,8,1995,3200,49,3249
2,16030,10,0,0,10,10,1603,4374,1,4375
2,16030,810,0,0,10,10,1603,5000,243,5243
2,16047,9,0,0,9,9,1783,4374,1,4375
2,16047,16047,0,0,36,9,1783,240,1783,2023
2,16065,9,0,0,9,9,1785,4374,1,4375
2,16101,16101,0,0,9,9,1789,398,1789,2187
2,16150,10,0,0,10,10,1615,4374,1,4375
2,16150,10,0,0,20,10,1615,1700,1,1701
2,16150,10,0,0,40,10,1615,3024,1,3025
2,16150,50,0,0,20,10,1615,2052,5,2057
2,16150,70,0,0,10,10,1615,2048,77,2125
2,16150,70,0,0,10,10,1615,3200,49,3249
2,16150,70,0,0,10,10,1615,20570,7,20577
2,16150,110,0,0,10,10,1615,2250,11,2261
2,16150,170,0,0,10,10,1615,11858,17,11875
2,16150,170,0,0,10,10,1615,68590,17,68607
2,16150,170,0,0,20,10,1615,10108,17,10125
2,16150,190,0,0,10,10,1615,6050,19,6069
2,16150,190,0,0,10,10,1615,15606,19,15625
2,16150,190,0,0,10,10,1615,36992,133,37125
2,16150,190,0,0,20,10,1615,4356,19,4375
2,16150,190,0,0,20,10,1615,15876,19,15895
2,16150,190,0,0,80,10,1615,2816,19,2835
2,16150,210,0,0,10,10,1615,2312,63,2375
2,16150,490,0,0,10,10,1615,2250,49,2299
2,16150,950,0,0,40,10,1615,2992,95,3087
2,16150,990,0,0,10,10,1615,2432,693,3125
2,16150,1330,0,0,10,10,1615,3200,931,4131
2,16150,1470,0,0,10,10,1615,2584,441,3025
2,16150,1750,0,0,10,10,1615,5984,875,6859
2,16150,2090,0,0,10,10,1615,1666,209,1875
2,16150,2430,0,0,10,10,1615,1672,729,2401
2,16150,2450,0,0,10,10,1615,2662,245,2907
2,16150,2890,0,0,10,10,1615,2432,2023,4455
2,16150,3150,0,0,10,10,1615,4598,315,4913
2,16150,3430,0,0,10,10,1615,1782,343,2125
2,16150,3430,0,0,10,10,1615,1152,2401,3553
2,16150,3610,0,0,10,10,1615,6144,3971,10115
2,16150,4050,0,0,10,10,1615,32,2025,2057
2,16150,4250,0,0,10,10,1615,2662,425,3087
2,16150,5390,0,0,10,10,1615,4374,539,4913
2,16150,6050,0,0,10,10,1615,224,3025,3249
2,16150,6250,0,0,10,10,1615,512,5625,6137
2,16150,6750,0,0,10,10,1615,2888,2025,4913
2,16150,6930,0,0,10,10,1615,640,4851,5491
2,16150,7290,0,0,10,10,1615,2450,729,3179
2,16150,13310,0,0,10,10,1615,6250,1331,7581
2,16150,13310,0,0,10,10,1615,11552,6655,18207
2,16150,13310,0,0,10,10,1615,19494,1331,20825
2,16150,13750,0,0,10,10,1615,1026,1375,2401
2,16150,13770,0,0,10,10,1615,2744,4131,6875
2,16150,14630,0,0,10,10,1615,384,10241,10625
2,16230,10,0,0,40,10,1623,2704,1,2705
2,16317,9,0,0,9,9,1813,4374,1,4375
2,16317,9,0,0,36,9,1813,3024,1,3025
2,16317,99,0,0,9,9,1813,9250,11,9261
2,16317,441,0,0,36,9,1813,6512,49,6561
2,16317,12321,0,0,9,9,1813,83006,1369,84375
2,16330,10,0,0,10,10,1633,5750,1,5751
2,16330,270,0,0,10,10,1633,5014,27,5041
2,16330,710,0,0,20,10,1633,2116,71,2187
2,16330,1090,0,0,10,10,1633,3266,109,3375
2,16335,9,0,0,9,9,1815,64000,9,64009
2,16335,9,0,0,9,9,1815,71874,1,71875
2,16335,99,0,0,9,9,1815,3634,11,3645
2,16335,1125,0,0,9,9,1815,1738,125,1863
2,16335,2133,0,0,9,9,1815,512,2133,2645
2,16335,3267,0,0,9,9,1815,14536,1089,15625
2,16335,6075,0,0,9,9,1815,5566,675,6241
2,16362,1818,0,0,18,9,1818,7776,505,8281
2,16362,3636,0,0,36,9,1818,7776,505,8281
2,16380,1820,0,0,20,10,1638,8192,1183,9375
2,16380,3640,0,0,40,10,1638,8192,1183,9375
2,16380,7280,0,0,80,10,1638,8192,1183,9375
2,16425,9,0,0,9,9,1825,4374,1,4375
2,16425,657,0,0,9,9,1825,2450,73,2523
2,16425,729,0,0,9,9,1825,42632,243,42875
2,16425,1125,0,0,9,9,1825,4704,625,5329
2,16425,3087,0,0,9,9,1825,1682,343,2025
2,16425,3087,0,0,9,9,1825,9344,2401,11745
2,16443,63,0,0,9,9,1827,27848,21,27869
2,16443,81,0,0,36,9,1827,3472,9,3481
2,16443,8649,0,0,9,9,1827,8,2883,2891
2,16450,10,0,0,10,10,1645,4374,1,4375
2,16450,470,0,0,10,10,1645,1952,235,2187
2,16450,2450,0,0,10,10,1645,1152,1715,2867
2,16450,5670,0,0,10,10,1645,32,2835,2867
2,16450,6750,0,0,10,10,1645,376,2025,2401
2,16450,7290,0,0,10,10,1645,24064,6561,30625
2,16497,27,0,0,36,9,1833,5872,3,5875
2,16497,351,0,0,18,9,1833,3008,117,3125
2,16497,423,0,0,72,9,1833,3328,47,3375
2,16510,10,0,0,10,10,1651,6858,1,6859
2,16530,5510,0,0,20,10,1653,1324,551,1875
2,16533,9,0,0,36,9,1837,2672,1,2673
2,16533,11,0,0,11,11,1503,4374,1,4375
2,16533,1837,0,0,22,11,1503,1548,167,1715
2,16551,6561,0,0,9,9,1839,2104,2187,4291
2,16587,15129,0,0,9,9,1843,194,1681,1875
2,16590,16590,0,0,20,10,1659,9664,4977,14641
2,16632,198,0,0,36,9,1848,2368,33,2401
2,16643,4125,0,0,11,11,1513,9826,375,10201
2,16665,165,0,0,44,11,1515,4096,45,4141
2,16665,4125,0,0,11,11,1515,3362,375,3737
2,16677,3339,0,0,9,9,1853,128,2597,2725
2,16695,9,0,0,9,9,1855,2592,5,2597
2,16695,9,0,0,9,9,1855,4374,1,4375
2,16695,63,0,0,9,9,1855,5618,7,5625
2,16695,3339,0,0,9,9,1855,6190,371,6561
2,16695,9261,0,0,9,9,1855,8,3087,3095
2,16695,12879,0,0,9,9,1855,40,4293,4333
2,16698,242,0,0,22,11,1518,11776,99,11875
2,16698,484,0,0,44,11,1518,11776,99,11875
2,16740,1674,0,0,72,9,1860,4096,279,4375
2,16750,810,0,0,10,10,1675,8192,1053,9245
2,16750,5590,0,0,10,10,1675,1250,559,1809
2,16750,6030,0,0,10,10,1675,40,1809,1849
2,16770,2190,0,0,10,10,1677,1978,219,2197
2,16803,16803,0,0,9,9,1867,534,1867,2401
2,16810,8910,0,0,10,10,1681,2048,9801,11849
2,16830,10,0,0,10,10,1683,34374,1,34375
2,16830,1870,0,0,40,10,1683,2000,187,2187
2,16830,2430,0,0,10,10,1683,5000,729,5729
2,16830,4050,0,0,10,10,1683,32,2025,2057
2,16863,11,0,0,11,11,1533,4374,1,4375
2,16863,891,0,0,11,11,1533,42632,243,42875
2,16863,1375,0,0,11,11,1533,4704,625,5329
2,16929,441,0,0,9,9,1881,2152,147,2299
2,16929,2187,0,0,9,9,1881,1672,729,2401
2,16929,15309,0,0,9,9,1881,8,5103,5111
2,16947,9,0,0,18,9,1883,4900,1,4901
2,16965,9,0,0,9,9,1885,4896,5,4901
2,16965,9,0,0,36,9,1885,4624,1,4625
2,16965,27,0,0,9,9,1885,6250,3,6253
2,16965,45,0,0,72,9,1885,9472,5,9477
2,16965,117,0,0,18,9,1885,3132,13,3145
2,16965,351,0,0,9,9,1885,6728,117,6845
2,16965,459,0,0,9,9,1885,2146,51,2197
2,16965,1215,0,0,9,9,1885,2738,135,2873
2,16965,7569,0,0,9,9,1885,8192,10933,19125
2,16965,8325,0,0,9,9,1885,288,4625,4913
2,16965,12321,0,0,9,9,1885,7250,1369,8619
2,16965,12321,0,0,9,9,1885,8704,12321,21025
2,16965,12987,0,0,9,9,1885,1682,1443,3125
2,16965,16875,0,0,9,9,1885,48778,1875,50653
2,16995,11,0,0,11,11,1545,1750,1,1751
2,16995,11,0,0,11,11,1545,4374,1,4375
2,16995,11,0,0,11,11,1545,59534,1,59535
2,16995,11,0,0,11,11,1545,65610,1,65611
2,16995,11,0,0,22,11,1545,1700,1,1701
2,16995,11,0,0,22,11,1545,31212,1,31213
2,16995,11,0,0,44,11,1545,10608,1,10609
2,16995,33,0,0,11,11,1545,2176,21,2197
2,16995,77,0,0,11,11,1545,3750,7,3757
2,16995,143,0,0,11,11,1545,8330,13,8343
2,16995,275,0,0,11,11,1545,9248,125,9373
2,16995,935,0,0,11,11,1545,4374,85,4459
2,16995,1001,0,0,11,11,1545,8192,1183,9375
2,16995,1287,0,0,11,11,1545,1400,351,1751
2,16995,1859,0,0,11,11,1545,1854,169,2023
2,16995,2431,0,0,11,11,1545,640,1547,2187
2,16995,3773,0,0,11,11,1545,1854,343,2197
2,16995,4851,0,0,11,11,1545,6656,3969,10625
2,16995,5577,0,0,11,11,1545,3296,2535,5831
2,16995,10197,0,0,11,11,1545,2744,2781,5525
2,16995,14729,0,0,11,11,1545,686,1339,2025
2,16995,15147,0,0,11,11,1545,338,1377,1715
2,17030,2750,0,0,10,10,1703,1922,275,2197
2,17050,10,0,0,10,10,1705,3750,1,3751
2,17050,90,0,0,10,10,1705,6250,9,6259
2,17050,110,0,0,20,10,1705,2500,11,2511
2,17080,140,0,0,20,10,1708,3200,49,3249
2,17080,280,0,0,40,10,1708,3200,49,3249
2,17105,3421,0,0,11,11,1555,6250,311,6561
2,17127,99,0,0,9,9,1903,3114,11,3125
2,17127,1557,0,0,18,9,1903,2500,173,2673
2,17130,10,0,0,10,10,1713,4374,1,4375
2,17181,27,0,0,9,9,1909,2392,9,2401
2,17181,2187,0,0,9,9,1909,2158,243,2401
2,17181,10647,0,0,9,9,1909,1058,1183,2241
2,17250,10,0,0,10,10,1725,64000,9,64009
2,17250,10,0,0,10,10,1725,71874,1,71875
2,17250,230,0,0,10,10,1725,19602,23,19625
2,17303,11,0,0,11,11,1573,4374,1,4375
2,17303,11,0,0,44,11,1573,3024,1,3025
2,17303,121,0,0,11,11,1573,1690,11,1701
2,17303,1001,0,0,11,11,1573,8192,1183,9375
2,17303,1331,0,0,11,11,1573,1352,363,1715
2,17303,1331,0,0,44,11,1573,4096,363,4459
2,17303,3267,0,0,11,11,1573,512,2673,3185
2,17303,5929,0,0,11,11,1573,8,1617,1625
2,17303,5929,0,0,11,11,1573,16000,3773,19773
2,17303,8019,0,0,11,11,1573,88,2187,2275
2,17303,9317,0,0,11,11,1573,1350,847,2197
2,17303,14641,0,0,11,11,1573,294,1331,1625
2,17307,9,0,0,9,9,1923,4374,1,4375
2,17307,9,0,0,36,9,1923,3024,1,3025
2,17307,5769,0,0,36,9,1923,14000,641,14641
2,17307,8019,0,0,9,9,1923,32,4455,4487
2,17325,11,0,0,11,11,1575,4374,1,4375
2,17325,11,0,0,11,11,1575,10368,7,10375
2,17325,11,0,0,11,11,1575,33614,1,33615
2,17325,77,0,0,11,11,1575,3200,49,3249
2,17325,5625,0,0,9,9,1925,32,3125,3157
2,17325,7875,0,0,9,9,1925,1312,4375,5687
2,17391,341,0,0,22,11,1581,19652,31,19683
2,17397,6561,0,0,9,9,1933,77320,2187,79507
2,17415,243,0,0,9,9,1935,3698,27,3725
2,17415,387,0,0,9,9,1935,15496,129,15625
2,17415,387,0,0,36,9,1935,4096,129,4225
2,17415,729,0,0,9,9,1935,8192,1053,9245
2,17415,2925,0,0,9,9,1935,3698,325,4023
2,17415,12069,0,0,9,9,1935,1352,4023,5375
2,17415,16641,0,0,9,9,1935,338,1849,2187
2,17430,10,0,0,10,10,1743,4374,1,4375
2,17430,10,0,0,10,10,1743,10368,7,10375
2,17430,10,0,0,10,10,1743,33614,1,33615
2,17430,830,0,0,40,10,1743,19600,83,19683
2,17430,830,0,0,80,10,1743,1792,83,1875
2,17430,2430,0,0,10,10,1743,34202,243,34445
2,17430,10290,0,0,10,10,1743,44672,7203,51875
2,17435,11,0,0,11,11,1585,7290,1,7291
2,17480,20,0,0,20,10,1748,12160,7,12167
2,17480,40,0,0,40,10,1748,12160,7,12167
2,17490,8910,0,0,10,10,1749,136,2673,2809
2,17500,2500,0,0,20,10,1750,4704,625,5329
2,17500,5000,0,0,40,10,1750,4704,625,5329
2,17505,2187,0,0,9,9,1945,77800,729,78529
2,17505,3501,0,0,9,9,1945,6750,389,7139
2,17505,17505,0,0,9,9,1945,242,1945,2187
2,17523,11,0,0,88,11,1593,7424,1,7425
2,17523,3245,0,0,11,11,1593,7776,1475,9251
2,17523,9251,0,0,11,11,1593,6534,841,7375
2,17550,10,0,0,10,10,1755,4374,1,4375
2,17550,90,0,0,10,10,1755,3200,63,3263
2,17550,350,0,0,10,10,1755,6526,35,6561
2,17550,630,0,0,10,10,1755,2008,189,2197
2,17550,910,0,0,10,10,1755,8192,1183,9375
2,17550,17550,0,0,10,10,1755,8032,8775,16807
2,17577,9,0,0,9,9,1953,4374,1,4375
2,17577,27,0,0,9,9,1953,4802,3,4805
2,17577,45,0,0,9,9,1953,12152,15,12167
2,17577,63,0,0,9,9,1953,32798,7,32805
2,17577,81,0,0,18,9,1953,2116,9,2125
2,17577,153,0,0,9,9,1953,2170,17,2187
2,17577,153,0,0,9,9,1953,12150,17,12167
2,17577,279,0,0,18,9,1953,19652,31,19683
2,17577,729,0,0,9,9,1953,5750,81,5831
2,17577,837,0,0,36,9,1953,4096,279,4375
2,17577,1215,0,0,9,9,1953,3968,945,4913
2,17577,2187,0,0,9,9,1953,8750,243,8993
2,17577,2511,0,0,9,9,1953,1288,837,2125
2,17577,11025,0,0,9,9,1953,384,8575,8959
2,17577,11025,0,0,9,9,1953,28566,1225,29791
2,17577,11907,0,0,9,9,1953,32,6615,6647
2,17577,15309,0,0,9,9,1953,17000,5103,22103
2,17577,16875,0,0,9,9,1953,3038,1875,4913
2,17633,11,0,0,11,11,1603,4374,1,4375
2,17633,891,0,0,11,11,1603,5000,243,5243
2,17650,1350,0,0,10,10,1765,9728,1215,10943
2,17667,4563,0,0,9,9,1963,77312,4563,81875
2,17670,310,0,0,10,10,1767,2318,31,2349
2,17670,5890,0,0,20,10,1767,3132,589,3721
2,17685,9,0,0,9,9,1965,4374,1,4375
2,17685,3087,0,0,9,9,1965,128,2401,2529
2,17710,230,0,0,10,10,1771,23814,23,23837
2,17765,11,0,0,11,11,1615,4374,1,4375
2,17765,11,0,0,22,11,1615,1700,1,1701
2,17765,11,0,0,44,11,1615,3024,1,3025
2,17765,55,0,0,22,11,1615,2052,5,2057
2,17765,77,0,0,11,11,1615,2048,77,2125
2,17765,77,0,0,11,11,1615,3200,49,3249
2,17765,77,0,0,11,11,1615,20570,7,20577
2,17765,121,0,0,11,11,1615,2250,11,2261
2,17765,187,0,0,11,11,1615,11858,17,11875
2,17765,187,0,0,11,11,1615,68590,17,68607
2,17765,187,0,0,22,11,1615,10108,17,10125
2,17765,209,0,0,11,11,1615,6050,19,6069
2,17765,209,0,0,11,11,1615,15606,19,15625
2,17765,209,0,0,11,11,1615,36992,133,37125
2,17765,209,0,0,22,11,1615,4356,19,4375
2,17765,209,0,0,22,11,1615,15876,19,15895
2,17765,209,0,0,88,11,1615,2816,19,2835
2,17765,231,0,0,11,11,1615,2312,63,2375
2,17765,539,0,0,11,11,1615,2250,49,2299
2,17765,1045,0,0,44,11,1615,2992,95,3087
2,17765,1089,0,0,11,11,1615,2432,693,3125
2,17765,1463,0,0,11,11,1615,3200,931,4131
2,17765,1617,0,0,11,11,1615,2584,441,3025
2,17765,1925,0,0,11,11,1615,5984,875,6859
2,17765,2299,0,0,11,11,1615,1666,209,1875
2,17765,2673,0,0,11,11,1615,1672,729,2401
2,17765,2695,0,0,11,11,1615,2662,245,2907
2,17765,3179,0,0,11,11,1615,2432,2023,4455
2,17765,3465,0,0,11,11,1615,4598,315,4913
2,17765,3773,0,0,11,11,1615,1782,343,2125
2,17765,3773,0,0,11,11,1615,1152,2401,3553
2,17765,3971,0,0,11,11,1615,6144,3971,10115
2,17765,4455,0,0,11,11,1615,32,2025,2057
2,17765,4675,0,0,11,11,1615,2662,425,3087
2,17765,5929,0,0,11,11,1615,4374,539,4913
2,17765,6655,0,0,11,11,1615,224,3025,3249
2,17765,6875,0,0,11,11,1615,512,5625,6137
2,17765,7425,0,0,11,11,1615,2888,2025,4913
2,17765,7623,0,0,11,11,1615,640,4851,5491
2,17765,8019,0,0,11,11,1615,2450,729,3179
2,17765,14641,0,0,11,11,1615,6250,1331,7581
2,17765,14641,0,0,11,11,1615,11552,6655,18207
2,17765,14641,0,0,11,11,1615,19494,1331,20825
2,17765,15125,0,0,11,11,1615,1026,1375,2401
2,17765,15147,0,0,11,11,1615,2744,4131,6875
2,17765,16093,0,0,11,11,1615,384,10241,10625
2,17830,10,0,0,10,10,1783,4374,1,4375
2,17830,17830,0,0,40,10,1783,240,1783,2023
2,17850,10,0,0,10,10,1785,4374,1,4375
2,17853,11,0,0,44,11,1623,2704,1,2705
2,17890,17890,0,0,10,10,1789,398,1789,2187
2,17937,9,0,0,9,9,1993,4374,1,4375
2,17937,63,0,0,9,9,1993,3200,49,3249
2,17955,9,0,0,9,9,1995,4374,1,4375
2,17955,63,0,0,9,9,1995,3200,49,3249
2,17963,11,0,0,11,11,1633,5750,1,5751
2,17963,297,0,0,11,11,1633,5014,27,5041
2,17963,781,0,0,22,11,1633,2116,71,2187
2,17963,1199,0,0,11,11,1633,3266,109,3375
2,18018,2002,0,0,22,11,1638,8192,1183,9375
2,18018,4004,0,0,44,11,1638,8192,1183,9375
2,18018,8008,0,0,88,11,1638,8192,1183,9375
2,18036,12,0,0,12,12,1503,4374,1,4375
2,18036,2004,0,0,24,12,1503,1548,167,1715
2,18095,11,0,0,11,11,1645,4374,1,4375
2,18095,517,0,0,11,11,1645,1952,235,2187
2,18095,2695,0,0,11,11,1645,1152,1715,2867
2,18095,6237,0,0,11,11,1645,32,2835,2867
2,18095,7425,0,0,11,11,1645,376,2025,2401
2,18095,8019,0,0,11,11,1645,24064,6561,30625
2,18130,10,0,0,10,10,1813,4374,1,4375
2,18130,10,0,0,40,10,1813,3024,1,3025
2,18130,110,0,0,10,10,1813,9250,11,9261
2,18130,490,0,0,40,10,1813,6512,49,6561
2,18130,13690,0,0,10,10,1813,83006,1369,84375
2,18150,10,0,0,10,10,1815,64000,9,64009
2,18150,10,0,0,10,10,1815,71874,1,71875
2,18150,110,0,0,10,10,1815,3634,11,3645
2,18150,1250,0,0,10,10,1815,1738,125,1863
2,18150,2370,0,0,10,10,1815,512,2133,2645
2,18150,3630,0,0,10,10,1815,14536,1089,15625
2,18150,6750,0,0,10,10,1815,5566,675,6241
2,18156,4500,0,0,12,12,1513,9826,375,10201
2,18161,11,0,0,11,11,1651,6858,1,6859
2,18180,180,0,0,48,12,1515,4096,45,4141
2,18180,2020,0,0,20,10,1818,7776,505,8281
2,18180,4040,0,0,40,10,1818,7776,505,8281
2,18180,4500,0,0,12,12,1515,3362,375,3737
2,18183,6061,0,0,22,11,1653,1324,551,1875
2,18216,264,0,0,24,12,1518,11776,99,11875
2,18216,528,0,0,48,12,1518,11776,99,11875
2,18249,18249,0,0,22,11,1659,9664,4977,14641
2,18250,10,0,0,10,10,1825,4374,1,4375
2,18250,730,0,0,10,10,1825,2450,73,2523
2,18250,810,0,0,10,10,1825,42632,243,42875
2,18250,1250,0,0,10,10,1825,4704,625,5329
2,18250,3430,0,0,10,10,1825,1682,343,2025
2,18250,3430,0,0,10,10,1825,9344,2401,11745
2,18270,70,0,0,10,10,1827,27848,21,27869
2,18270,90,0,0,40,10,1827,3472,9,3481
2,18270,9610,0,0,10,10,1827,8,2883,2891
2,18330,30,0,0,40,10,1833,5872,3,5875
2,18330,390,0,0,20,10,1833,3008,117,3125
2,18330,470,0,0,80,10,1833,3328,47,3375
2,18370,10,0,0,40,10,1837,2672,1,2673
2,18390,7290,0,0,10,10,1839,2104,2187,4291
2,18396,12,0,0,12,12,1533,4374,1,4375
2,18396,972,0,0,12,12,1533,42632,243,42875
2,18396,1500,0,0,12,12,1533,4704,625,5329
2,18425,891,0,0,11,11,1675,8192,1053,9245
2,18425,6149,0,0,11,11,1675,1250,559,1809
2,18425,6633,0,0,11,11,1675,40,1809,1849
2,18430,16810,0,0,10,10,1843,194,1681,1875
2,18447,2409,0,0,11,11,1677,1978,219,2197
2,18480,220,0,0,40,10,1848,2368,33,2401
2,18491,9801,0,0,11,11,1681,2048,9801,11849
2,18513,11,0,0,11,11,1683,34374,1,34375
2,18513,2057,0,0,44,11,1683,2000,187,2187
2,18513,2673,0,0,11,11,1683,5000,729,5729
2,18513,4455,0,0,11,11,1683,32,2025,2057
2,18530,3710,0,0,10,10,1853,128,2597,2725
2,18540,12,0,0,12,12,1545,1750,1,1751
2,18540,12,0,0,12,12,1545,4374,1,4375
2,18540,12,0,0,12,12,1545,59534,1,59535
2,18540,12,0,0,12,12,1545,65610,1,65611
2,18540,12,0,0,24,12,1545,1700,1,1701
2,18540,12,0,0,24,12,1545,31212,1,31213
2,18540,12,0,0,48,12,1545,10608,1,10609
2,18540,36,0,0,12,12,1545,2176,21,2197
2,18540,84,0,0,12,12,1545,3750,7,3757
2,18540,156,0,0,12,12,1545,8330,13,8343
2,18540,300,0,0,12,12,1545,9248,125,9373
2,18540,1020,0,0,12,12,1545,4374,85,4459
2,18540,1092,0,0,12,12,1545,8192,1183,9375
2,18540,1404,0,0,12,12,1545,1400,351,1751
2,18540,2028,0,0,12,12,1545,1854,169,2023
2,18540,2652,0,0,12,12,1545,640,1547,2187
2,18540,4116,0,0,12,12,1545,1854,343,2197
2,18540,5292,0,0,12,12,1545,6656,3969,10625
2,18540,6084,0,0,12,12,1545,3296,2535,5831
2,18540,11124,0,0,12,12,1545,2744,2781,5525
2,18540,16068,0,0,12,12,1545,686,1339,2025
2,18540,16524,0,0,12,12,1545,338,1377,1715
2,18550,10,0,0,10,10,1855,2592,5,2597
2,18550,10,0,0,10,10,1855,4374,1,4375
2,18550,70,0,0,10,10,1855,5618,7,5625
2,18550,3710,0,0,10,10,1855,6190,371,6561
2,18550,10290,0,0,10,10,1855,8,3087,3095
2,18550,14310,0,0,10,10,1855,40,4293,4333
2,18600,1860,0,0,80,10,1860,4096,279,4375
2,18660,3732,0,0,12,12,1555,6250,311,6561
2,18670,18670,0,0,10,10,1867,534,1867,2401
2,18733,3025,0,0,11,11,1703,1922,275,2197
2,18755,11,0,0,11,11,1705,3750,1,3751
2,18755,99,0,0,11,11,1705,6250,9,6259
2,18755,121,0,0,22,11,1705,2500,11,2511
2,18788,154,0,0,22,11,1708,3200,49,3249
2,18788,308,0,0,44,11,1708,3200,49,3249
2,18810,490,0,0,10,10,1881,2152,147,2299
2,18810,2430,0,0,10,10,1881,1672,729,2401
2,18810,17010,0,0,10,10,1881,8,5103,5111
2,18830,10,0,0,20,10,1883,4900,1,4901
2,18843,11,0,0,11,11,1713,4374,1,4375
2,18850,10,0,0,10,10,1885,4896,5,4901
2,18850,10,0,0,40,10,1885,4624,1,4625
2,18850,30,0,0,10,10,1885,6250,3,6253
2,18850,50,0,0,80,10,1885,9472,5,9477
2,18850,130,0,0,20,10,1885,3132,13,3145
2,18850,390,0,0,10,10,1885,6728,117,6845
2,18850,510,0,0,10,10,1885,2146,51,2197
2,18850,1350,0,0,10,10,1885,2738,135,2873
2,18850,8410,0,0,10,10,1885,8192,10933,19125
2,18850,9250,0,0,10,10,1885,288,4625,4913
2,18850,13690,0,0,10,10,1885,7250,1369,8619
2,18850,13690,0,0,10,10,1885,8704,12321,21025
2,18850,14430,0,0,10,10,1885,1682,1443,3125
2,18850,18750,0,0,10,10,1885,48778,1875,50653
2,18876,12,0,0,12,12,1573,4374,1,4375
2,18876,12,0,0,48,12,1573,3024,1,3025
2,18876,132,0,0,12,12,1573,1690,11,1701
2,18876,1092,0,0,12,12,1573,8192,1183,9375
2,18876,1452,0,0,12,12,1573,1352,363,1715
2,18876,1452,0,0,48,12,1573,4096,363,4459
2,18876,3564,0,0,12,12,1573,512,2673,3185
2,18876,6468,0,0,12,12,1573,8,1617,1625
2,18876,6468,0,0,12,12,1573,16000,3773,19773
2,18876,8748,0,0,12,12,1573,88,2187,2275
2,18876,10164,0,0,12,12,1573,1350,847,2197
2,18876,15972,0,0,12,12,1573,294,1331,1625
2,18900,12,0,0,12,12,1575,4374,1,4375
2,18900,12,0,0,12,12,1575,10368,7,10375
2,18900,12,0,0,12,12,1575,33614,1,33615
2,18900,84,0,0,12,12,1575,3200,49,3249
2,18972,372,0,0,24,12,1581,19652,31,19683
2,18975,11,0,0,11,11,1725,64000,9,64009
2,18975,11,0,0,11,11,1725,71874,1,71875
2,18975,253,0,0,11,11,1725,19602,23,19625
2,19020,12,0,0,12,12,1585,7290,1,7291
2,19030,110,0,0,10,10,1903,3114,11,3125
2,19030,1730,0,0,20,10,1903,2500,173,2673
2,19090,30,0,0,10,10,1909,2392,9,2401
2,19090,2430,0,0,10,10,1909,2158,243,2401
2,19090,11830,0,0,10,10,1909,1058,1183,2241
2,19116,12,0,0,96,12,1593,7424,1,7425
2,19116,3540,0,0,12,12,1593,7776,1475,9251
2,19116,10092,0,0,12,12,1593,6534,841,7375
2,19173,11,0,0,11,11,1743,4374,1,4375
2,19173,11,0,0,11,11,1743,10368,7,10375
2,19173,11,0,0,11,11,1743,33614,1,33615
2,19173,913,0,0,44,11,1743,19600,83,19683
2,19173,913,0,0,88,11,1743,1792,83,1875
2,19173,2673,0,0,11,11,1743,34202,243,34445
2,19173,11319,0,0,11,11,1743,44672,7203,51875
2,19228,22,0,0,22,11,1748,12160,7,12167
2,19228,44,0,0,44,11,1748,12160,7,12167
2,19230,10,0,0,10,10,1923,4374,1,4375
2,19230,10,0,0,40,10,1923,3024,1,3025
2,19230,6410,0,0,40,10,1923,14000,641,14641
2,19230,8910,0,0,10,10,1923,32,4455,4487
2,19236,12,0,0,12,12,1603,4374,1,4375
2,19236,972,0,0,12,12,1603,5000,243,5243
2,19239,9801,0,0,11,11,1749,136,2673,2809
2,19250,2750,0,0,22,11,1750,4704,625,5329
2,19250,5500,0,0,44,11,1750,4704,625,5329
2,19250,6250,0,0,10,10,1925,32,3125,3157
2,19250,8750,0,0,10,10,1925,1312,4375,5687
2,19305,11,0,0,11,11,1755,4374,1,4375
2,19305,99,0,0,11,11,1755,3200,63,3263
2,19305,385,0,0,11,11,1755,6526,35,6561
2,19305,693,0,0,11,11,1755,2008,189,2197
2,19305,1001,0,0,11,11,1755,8192,1183,9375
2,19305,19305,0,0,11,11,1755,8032,8775,16807
2,19330,7290,0,0,10,10,1933,77320,2187,79507
2,19350,270,0,0,10,10,1935,3698,27,3725
2,19350,430,0,0,10,10,1935,15496,129,15625
2,19350,430,0,0,40,10,1935,4096,129,4225
2,19350,810,0,0,10,10,1935,8192,1053,9245
2,19350,3250,0,0,10,10,1935,3698,325,4023
2,19350,13410,0,0,10,10,1935,1352,4023,5375
2,19350,18490,0,0,10,10,1935,338,1849,2187
2,19380,12,0,0,12,12,1615,4374,1,4375
2,19380,12,0,0,24,12,1615,1700,1,1701
2,19380,12,0,0,48,12,1615,3024,1,3025
2,19380,60,0,0,24,12,1615,2052,5,2057
2,19380,84,0,0,12,12,1615,2048,77,2125
2,19380,84,0,0,12,12,1615,3200,49,3249
2,19380,84,0,0,12,12,1615,20570,7,20577
2,19380,132,0,0,12,12,1615,2250,11,2261
2,19380,204,0,0,12,12,1615,11858,17,11875
2,19380,204,0,0,12,12,1615,68590,17,68607
2,19380,204,0,0,24,12,1615,10108,17,10125
2,19380,228,0,0,12,12,1615,6050,19,6069
2,19380,228,0,0,12,12,1615,15606,19,15625
2,19380,228,0,0,12,12,1615,36992,133,37125
2,19380,228,0,0,24,12,1615,4356,19,4375
2,19380,228,0,0,24,12,1615,15876,19,15895
2,19380,228,0,0,96,12,1615,2816,19,2835
2,19380,252,0,0,12,12,1615,2312,63,2375
2,19380,588,0,0,12,12,1615,2250,49,2299
2,19380,1140,0,0,48,12,1615,2992,95,3087
2,19380,1188,0,0,12,12,1615,2432,693,3125
2,19380,1596,0,0,12,12,1615,3200,931,4131
2,19380,1764,0,0,12,12,1615,2584,441,3025
2,19380,2100,0,0,12,12,1615,5984,875,6859
2,19380,2508,0,0,12,12,1615,1666,209,1875
2,19380,2916,0,0,12,12,1615,1672,729,2401
2,19380,2940,0,0,12,12,1615,2662,245,2907
2,19380,3468,0,0,12,12,1615,2432,2023,4455
2,19380,3780,0,0,12,12,1615,4598,315,4913
2,19380,4116,0,0,12,12,1615,1782,343,2125
2,19380,4116,0,0,12,12,1615,1152,2401,3553
2,19380,4332,0,0,12,12,1615,6144,3971,10115
2,19380,4860,0,0,12,12,1615,32,2025,2057
2,19380,5100,0,0,12,12,1615,2662,425,3087
2,19380,6468,0,0,12,12,1615,4374,539,4913
2,19380,7260,0,0,12,12,1615,224,3025,3249
2,19380,7500,0,0,12,12,1615,512,5625,6137
2,19380,8100,0,0,12,12,1615,2888,2025,4913
2,19380,8316,0,0,12,12,1615,640,4851,5491
2,19380,8748,0,0,12,12,1615,2450,729,3179
2,19380,15972,0,0,12,12,1615,6250,1331,7581
2,19380,15972,0,0,12,12,1615,11552,6655,18207
2,19380,15972,0,0,12,12,1615,19494,1331,20825
2,19380,16500,0,0,12,12,1615,1026,1375,2401
2,19380,16524,0,0,12,12,1615,2744,4131,6875
2,19380,17556,0,0,12,12,1615,384,10241,10625
2,19415,1485,0,0,11,11,1765,9728,1215,10943
2,19437,341,0,0,11,11,1767,2318,31,2349
2,19437,6479,0,0,22,11,1767,3132,589,3721
2,19450,2430,0,0,10,10,1945,77800,729,78529
2,19450,3890,0,0,10,10,1945,6750,389,7139
2,19450,19450,0,0,10,10,1945,242,1945,2187
2,19476,12,0,0,48,12,1623,2704,1,2705
2,19481,253,0,0,11,11,1771,23814,23,23837
2,19530,10,0,0,10,10,1953,4374,1,4375
2,19530,30,0,0,10,10,1953,4802,3,4805
2,19530,50,0,0,10,10,1953,12152,15,12167
2,19530,70,0,0,10,10,1953,32798,7,32805
2,19530,90,0,0,20,10,1953,2116,9,2125
2,19530,170,0,0,10,10,1953,2170,17,2187
2,19530,170,0,0,10,10,1953,12150,17,12167
2,19530,310,0,0,20,10,1953,19652,31,19683
2,19530,810,0,0,10,10,1953,5750,81,5831
2,19530,930,0,0,40,10,1953,4096,279,4375
2,19530,1350,0,0,10,10,1953,3968,945,4913
2,19530,2430,0,0,10,10,1953,8750,243,8993
2,19530,2790,0,0,10,10,1953,1288,837,2125
2,19530,12250,0,0,10,10,1953,384,8575,8959
2,19530,12250,0,0,10,10,1953,28566,1225,29791
2,19530,13230,0,0,10,10,1953,32,6615,6647
2,19530,17010,0,0,10,10,1953,17000,5103,22103
2,19530,18750,0,0,10,10,1953,3038,1875,4913
2,19539,13,0,0,13,13,1503,4374,1,4375
2,19539,2171,0,0,26,13,1503,1548,167,1715
2,19596,12,0,0,12,12,1633,5750,1,5751
2,19596,324,0,0,12,12,1633,5014,27,5041
2,19596,852,0,0,24,12,1633,2116,71,2187
2,19596,1308,0,0,12,12,1633,3266,109,3375
2,19613,11,0,0,11,11,1783,4374,1,4375
2,19613,19613,0,0,44,11,1783,240,1783,2023
2,19630,5070,0,0,10,10,1963,77312,4563,81875
2,19635,11,0,0,11,11,1785,4374,1,4375
2,19650,10,0,0,10,10,1965,4374,1,4375
2,19650,3430,0,0,10,10,1965,128,2401,2529
2,19656,2184,0,0,24,12,1638,8192,1183,9375
2,19656,4368,0,0,48,12,1638,8192,1183,9375
2,19656,8736,0,0,96,12,1638,8192,1183,9375
2,19669,4875,0,0,13,13,1513,9826,375,10201
2,19679,19679,0,0,11,11,1789,398,1789,2187
2,19695,195,0,0,52,13,1515,4096,45,4141
2,19695,4875,0,0,13,13,1515,3362,375,3737
2,19734,286,0,0,26,13,1518,11776,99,11875
2,19734,572,0,0,52,13,1518,11776,99,11875
2,19740,12,0,0,12,12,1645,4374,1,4375
2,19740,564,0,0,12,12,1645,1952,235,2187
2,19740,2940,0,0,12,12,1645,1152,1715,2867
2,19740,6804,0,0,12,12,1645,32,2835,2867
2,19740,8100,0,0,12,12,1645,376,2025,2401
2,19740,8748,0,0,12,12,1645,24064,6561,30625
2,19812,12,0,0,12,12,1651,6858,1,6859
2,19836,6612,0,0,24,12,1653,1324,551,1875
2,19908,19908,0,0,24,12,1659,9664,4977,14641
2,19929,13,0,0,13,13,1533,4374,1,4375
2,19929,1053,0,0,13,13,1533,42632,243,42875
2,19929,1625,0,0,13,13,1533,4704,625,5329
2,19930,10,0,0,10,10,1993,4374,1,4375
2,19930,70,0,0,10,10,1993,3200,49,3249
2,19943,11,0,0,11,11,1813,4374,1,4375
2,19943,11,0,0,44,11,1813,3024,1,3025
2,19943,121,0,0,11,11,1813,9250,11,9261
2,19943,539,0,0,44,11,1813,6512,49,6561
2,19943,15059,0,0,11,11,1813,83006,1369,84375
2,19950,10,0,0,10,10,1995,4374,1,4375
2,19950,70,0,0,10,10,1995,3200,49,3249
2,19965,11,0,0,11,11,1815,64000,9,64009
2,19965,11,0,0,11,11,1815,71874,1,71875
2,19965,121,0,0,11,11,1815,3634,11,3645
2,19965,1375,0,0,11,11,1815,1738,125,1863
2,19965,2607,0,0,11,11,1815,512,2133,2645
2,19965,3993,0,0,11,11,1815,14536,1089,15625
2,19965,7425,0,0,11,11,1815,5566,675,6241
2,19998,2222,0,0,22,11,1818,7776,505,8281
2,19998,4444,0,0,44,11,1818,7776,505,8281
2,20075,11,0,0,11,11,1825,4374,1,4375
2,20075,803,0,0,11,11,1825,2450,73,2523
2,20075,891,0,0,11,11,1825,42632,243,42875
2,20075,1375,0,0,11,11,1825,4704,625,5329
2,20075,3773,0,0,11,11,1825,1682,343,2025
2,20075,3773,0,0,11,11,1825,9344,2401,11745
2,20085,13,0,0,13,13,1545,1750,1,1751
2,20085,13,0,0,13,13,1545,4374,1,4375
2,20085,13,0,0,13,13,1545,59534,1,59535
2,20085,13,0,0,13,13,1545,65610,1,65611
2,20085,13,0,0,26,13,1545,1700,1,1701
2,20085,13,0,0,26,13,1545,31212,1,31213
2,20085,13,0,0,52,13,1545,10608,1,10609
2,20085,39,0,0,13,13,1545,2176,21,2197
2,20085,91,0,0,13,13,1545,3750,7,3757
2,20085,169,0,0,13,13,1545,8330,13,8343
2,20085,325,0,0,13,13,1545,9248,125,9373
2,20085,1105,0,0,13,13,1545,4374,85,4459
2,20085,1183,0,0,13,13,1545,8192,1183,9375
2,20085,1521,0,0,13,13,1545,1400,351,1751
2,20085,2197,0,0,13,13,1545,1854,169,2023
2,20085,2873,0,0,13,13,1545,640,1547,2187
2,20085,4459,0,0,13,13,1545,1854,343,2197
2,20085,5733,0,0,13,13,1545,6656,3969,10625
2,20085,6591,0,0,13,13,1545,3296,2535,5831
2,20085,12051,0,0,13,13,1545,2744,2781,5525
2,20085,17407,0,0,13,13,1545,686,1339,2025
2,20085,17901,0,0,13,13,1545,338,1377,1715
2,20097,77,0,0,11,11,1827,27848,21,27869
2,20097,99,0,0,44,11,1827,3472,9,3481
2,20097,10571,0,0,11,11,1827,8,2883,2891
2,20100,972,0,0,12,12,1675,8192,1053,9245
2,20100,6708,0,0,12,12,1675,1250,559,1809
2,20100,7236,0,0,12,12,1675,40,1809,1849
2,20124,2628,0,0,12,12,1677,1978,219,2197
2,20163,33,0,0,44,11,1833,5872,3,5875
2,20163,429,0,0,22,11,1833,3008,117,3125
2,20163,517,0,0,88,11,1833,3328,47,3375
2,20172,10692,0,0,12,12,1681,2048,9801,11849
2,20196,12,0,0,12,12,1683,34374,1,34375
2,20196,2244,0,0,48,12,1683,2000,187,2187
2,20196,2916,0,0,12,12,1683,5000,729,5729
2,20196,4860,0,0,12,12,1683,32,2025,2057
2,20207,11,0,0,44,11,1837,2672,1,2673
2,20215,4043,0,0,13,13,1555,6250,311,6561
2,20229,8019,0,0,11,11,1839,2104,2187,4291
2,20273,18491,0,0,11,11,1843,194,1681,1875
2,20328,242,0,0,44,11,1848,2368,33,2401
2,20383,4081,0,0,11,11,1853,128,2597,2725
2,20405,11,0,0,11,11,1855,2592,5,2597
2,20405,11,0,0,11,11,1855,4374,1,4375
2,20405,77,0,0,11,11,1855,5618,7,5625
2,20405,4081,0,0,11,11,1855,6190,371,6561
2,20405,11319,0,0,11,11,1855,8,3087,3095
2,20405,15741,0,0,11,11,1855,40,4293,4333
2,20436,3300,0,0,12,12,1703,1922,275,2197
2,20449,13,0,0,13,13,1573,4374,1,4375
2,20449,13,0,0,52,13,1573,3024,1,3025
2,20449,143,0,0,13,13,1573,1690,11,1701
2,20449,1183,0,0,13,13,1573,8192,1183,9375
2,20449,1573,0,0,13,13,1573,1352,363,1715
2,20449,1573,0,0,52,13,1573,4096,363,4459
2,20449,3861,0,0,13,13,1573,512,2673,3185
2,20449,7007,0,0,13,13,1573,8,1617,1625
2,20449,7007,0,0,13,13,1573,16000,3773,19773
2,20449,9477,0,0,13,13,1573,88,2187,2275
2,20449,11011,0,0,13,13,1573,1350,847,2197
2,20449,17303,0,0,13,13,1573,294,1331,1625
2,20460,12,0,0,12,12,1705,3750,1,3751
2,20460,108,0,0,12,12,1705,6250,9,6259
2,20460,132,0,0,24,12,1705,2500,11,2511
2,20460,2046,0,0,88,11,1860,4096,279,4375
2,20475,13,0,0,13,13,1575,4374,1,4375
2,20475,13,0,0,13,13,1575,10368,7,10375
2,20475,13,0,0,13,13,1575,33614,1,33615
2,20475,91,0,0,13,13,1575,3200,49,3249
2,20496,168,0,0,24,12,1708,3200,49,3249
2,20496,336,0,0,48,12,1708,3200,49,3249
2,20537,20537,0,0,11,11,1867,534,1867,2401
2,20553,403,0,0,26,13,1581,19652,31,19683
2,20556,12,0,0,12,12,1713,4374,1,4375
2,20605,13,0,0,13,13,1585,7290,1,7291
2,20691,539,0,0,11,11,1881,2152,147,2299
2,20691,2673,0,0,11,11,1881,1672,729,2401
2,20691,18711,0,0,11,11,1881,8,5103,5111
2,20700,12,0,0,12,12,1725,64000,9,64009
2,20700,12,0,0,12,12,1725,71874,1,71875
2,20700,276,0,0,12,12,1725,19602,23,19625
2,20709,13,0,0,104,13,1593,7424,1,7425
2,20709,3835,0,0,13,13,1593,7776,1475,9251
2,20709,10933,0,0,13,13,1593,6534,841,7375
2,20713,11,0,0,22,11,1883,4900,1,4901
2,20735,11,0,0,11,11,1885,4896,5,4901
2,20735,11,0,0,44,11,1885,4624,1,4625
2,20735,33,0,0,11,11,1885,6250,3,6253
2,20735,55,0,0,88,11,1885,9472,5,9477
2,20735,143,0,0,22,11,1885,3132,13,3145
2,20735,429,0,0,11,11,1885,6728,117,6845
2,20735,561,0,0,11,11,1885,2146,51,2197
2,20735,1485,0,0,11,11,1885,2738,135,2873
2,20735,9251,0,0,11,11,1885,8192,10933,19125
2,20735,10175,0,0,11,11,1885,288,4625,4913
2,20735,15059,0,0,11,11,1885,7250,1369,8619
2,20735,15059,0,0,11,11,1885,8704,12321,21025
2,20735,15873,0,0,11,11,1885,1682,1443,3125
2,20735,20625,0,0,11,11,1885,48778,1875,50653
2,20839,13,0,0,13,13,1603,4374,1,4375
2,20839,1053,0,0,13,13,1603,5000,243,5243
2,20916,12,0,0,12,12,1743,4374,1,4375
2,20916,12,0,0,12,12,1743,10368,7,10375
2,20916,12,0,0,12,12,1743,33614,1,33615
2,20916,996,0,0,48,12,1743,19600,83,19683
2,20916,996,0,0,96,12,1743,1792,83,1875
2,20916,2916,0,0,12,12,1743,34202,243,34445
2,20916,12348,0,0,12,12,1743,44672,7203,51875
2,20933,121,0,0,11,11,1903,3114,11,3125
2,20933,1903,0,0,22,11,1903,2500,173,2673
2,20976,24,0,0,24,12,1748,12160,7,12167
2,20976,48,0,0,48,12,1748,12160,7,12167
2,20988,10692,0,0,12,12,1749,136,2673,2809
2,20995,13,0,0,13,13,1615,4374,1,4375
2,20995,13,0,0,26,13,1615,1700,1,1701
2,20995,13,0,0,52,13,1615,3024,1,3025
2,20995,65,0,0,26,13,1615,2052,5,2057
2,20995,91,0,0,13,13,1615,2048,77,2125
2,20995,91,0,0,13,13,1615,3200,49,3249
2,20995,91,0,0,13,13,1615,20570,7,20577
2,20995,143,0,0,13,13,1615,2250,11,2261
2,20995,221,0,0,13,13,1615,11858,17,11875
2,20995,221,0,0,13,13,1615,68590,17,68607
2,20995,221,0,0,26,13,1615,10108,17,10125
2,20995,247,0,0,13,13,1615,6050,19,6069
2,20995,247,0,0,13,13,1615,15606,19,15625
2,20995,247,0,0,13,13,1615,36992,133,37125
2,20995,247,0,0,26,13,1615,4356,19,4375
2,20995,247,0,0,26,13,1615,15876,19,15895
2,20995,247,0,0,104,13,1615,2816,19,2835
2,20995,273,0,0,13,13,1615,2312,63,2375
2,20995,637,0,0,13,13,1615,2250,49,2299
2,20995,1235,0,0,52,13,1615,2992,95,3087
2,20995,1287,0,0,13,13,1615,2432,693,3125
2,20995,1729,0,0,13,13,1615,3200,931,4131
2,20995,1911,0,0,13,13,1615,2584,441,3025
2,20995,2275,0,0,13,13,1615,5984,875,6859
2,20995,2717,0,0,13,13,1615,1666,209,1875
2,20995,3159,0,0,13,13,1615,1672,729,2401
2,20995,3185,0,0,13,13,1615,2662,245,2907
2,20995,3757,0,0,13,13,1615,2432,2023,4455
2,20995,4095,0,0,13,13,1615,4598,315,4913
2,20995,4459,0,0,13,13,1615,1782,343,2125
2,20995,4459,0,0,13,13,1615,1152,2401,3553
2,20995,4693,0,0,13,13,1615,6144,3971,10115
2,20995,5265,0,0,13,13,1615,32,2025,2057
2,20995,5525,0,0,13,13,1615,2662,425,3087
2,20995,7007,0,0,13,13,1615,4374,539,4913
2,20995,7865,0,0,13,13,1615,224,3025,3249
2,20995,8125,0,0,13,13,1615,512,5625,6137
2,20995,8775,0,0,13,13,1615,2888,2025,4913
2,20995,9009,0,0,13,13,1615,640,4851,5491
2,20995,9477,0,0,13,13,1615,2450,729,3179
2,20995,17303,0,0,13,13,1615,6250,1331,7581
2,20995,17303,0,0,13,13,1615,11552,6655,18207
2,20995,17303,0,0,13,13,1615,19494,1331,20825
2,20995,17875,0,0,13,13,1615,1026,1375,2401
2,20995,17901,0,0,13,13,1615,2744,4131,6875
2,20995,19019,0,0,13,13,1615,384,10241,10625
2,20999,33,0,0,11,11,1909,2392,9,2401
2,20999,2673,0,0,11,11,1909,2158,243,2401
2,20999,13013,0,0,11,11,1909,1058,1183,2241
2,21000,3000,0,0,24,12,1750,4704,625,5329
2,21000,6000,0,0,48,12,1750,4704,625,5329
2,21042,14,0,0,14,14,1503,4374,1,4375
2,21042,2338,0,0,28,14,1503,1548,167,1715
2,21060,12,0,0,12,12,1755,4374,1,4375
2,21060,108,0,0,12,12,1755,3200,63,3263
2,21060,420,0,0,12,12,1755,6526,35,6561
2,21060,756,0,0,12,12,1755,2008,189,2197
2,21060,1092,0,0,12,12,1755,8192,1183,9375
2,21060,21060,0,0,12,12,1755,8032,8775,16807
2,21099,13,0,0,52,13,1623,2704,1,2705
2,21153,11,0,0,11,11,1923,4374,1,4375
2,21153,11,0,0,44,11,1923,3024,1,3025
2,21153,7051,0,0,44,11,1923,14000,641,14641
2,21153,9801,0,0,11,11,1923,32,4455,4487
2,21175,6875,0,0,11,11,1925,32,3125,3157
2,21175,9625,0,0,11,11,1925,1312,4375,5687
2,21180,1620,0,0,12,12,1765,9728,1215,10943
2,21182,5250,0,0,14,14,1513,9826,375,10201
2,21204,372,0,0,12,12,1767,2318,31,2349
2,21204,7068,0,0,24,12,1767,3132,589,3721
2,21210,210,0,0,56,14,1515,4096,45,4141
2,21210,5250,0,0,14,14,1515,3362,375,3737
2,21229,13,0,0,13,13,1633,5750,1,5751
2,21229,351,0,0,13,13,1633,5014,27,5041
2,21229,923,0,0,26,13,1633,2116,71,2187
2,21229,1417,0,0,13,13,1633,3266,109,3375
2,21252,276,0,0,12,12,1771,23814,23,23837
2,21252,308,0,0,28,14,1518,11776,99,11875
2,21252,616,0,0,56,14,1518,11776,99,11875
2,21263,8019,0,0,11,11,1933,77320,2187,79507
2,21285,297,0,0,11,11,1935,3698,27,3725
2,21285,473,0,0,11,11,1935,15496,129,15625
2,21285,473,0,0,44,11,1935,4096,129,4225
2,21285,891,0,0,11,11,1935,8192,1053,9245
2,21285,3575,0,0,11,11,1935,3698,325,4023
2,21285,14751,0,0,11,11,1935,1352,4023,5375
2,21285,20339,0,0,11,11,1935,338,1849,2187
2,21294,2366,0,0,26,13,1638,8192,1183,9375
2,21294,4732,0,0,52,13,1638,8192,1183,9375
2,21294,9464,0,0,104,13,1638,8192,1183,9375
2,21385,13,0,0,13,13,1645,4374,1,4375
2,21385,611,0,0,13,13,1645,1952,235,2187
2,21385,3185,0,0,13,13,1645,1152,1715,2867
2,21385,7371,0,0,13,13,1645,32,2835,2867
2,21385,8775,0,0,13,13,1645,376,2025,2401
2,21385,9477,0,0,13,13,1645,24064,6561,30625
2,21395,2673,0,0,11,11,1945,77800,729,78529
2,21395,4279,0,0,11,11,1945,6750,389,7139
2,21395,21395,0,0,11,11,1945,242,1945,2187
2,21396,12,0,0,12,12,1783,4374,1,4375
2,21396,21396,0,0,48,12,1783,240,1783,2023
2,21420,12,0,0,12,12,1785,4374,1,4375
2,21462,14,0,0,14,14,1533,4374,1,4375
2,21462,1134,0,0,14,14,1533,42632,243,42875
2,21462,1750,0,0,14,14,1533,4704,625,5329
2,21463,13,0,0,13,13,1651,6858,1,6859
2,21468,21468,0,0,12,12,1789,398,1789,2187
2,21483,11,0,0,11,11,1953,4374,1,4375
2,21483,33,0,0,11,11,1953,4802,3,4805
2,21483,55,0,0,11,11,1953,12152,15,12167
2,21483,77,0,0,11,11,1953,32798,7,32805
2,21483,99,0,0,22,11,1953,2116,9,2125
2,21483,187,0,0,11,11,1953,2170,17,2187
2,21483,187,0,0,11,11,1953,12150,17,12167
2,21483,341,0,0,22,11,1953,19652,31,19683
2,21483,891,0,0,11,11,1953,5750,81,5831
2,21483,1023,0,0,44,11,1953,4096,279,4375
2,21483,1485,0,0,11,11,1953,3968,945,4913
2,21483,2673,0,0,11,11,1953,8750,243,8993
2,21483,3069,0,0,11,11,1953,1288,837,2125
2,21483,13475,0,0,11,11,1953,384,8575,8959
2,21483,13475,0,0,11,11,1953,28566,1225,29791
2,21483,14553,0,0,11,11,1953,32,6615,6647
2,21483,18711,0,0,11,11,1953,17000,5103,22103
2,21483,20625,0,0,11,11,1953,3038,1875,4913
2,21489,7163,0,0,26,13,1653,1324,551,1875
2,21567,21567,0,0,26,13,1659,9664,4977,14641
2,21593,5577,0,0,11,11,1963,77312,4563,81875
2,21615,11,0,0,11,11,1965,4374,1,4375
2,21615,3773,0,0,11,11,1965,128,2401,2529
2,21630,14,0,0,14,14,1545,1750,1,1751
2,21630,14,0,0,14,14,1545,4374,1,4375
2,21630,14,0,0,14,14,1545,59534,1,59535
2,21630,14,0,0,14,14,1545,65610,1,65611
2,21630,14,0,0,28,14,1545,1700,1,1701
2,21630,14,0,0,28,14,1545,31212,1,31213
2,21630,14,0,0,56,14,1545,10608,1,10609
2,21630,42,0,0,14,14,1545,2176,21,2197
2,21630,98,0,0,14,14,1545,3750,7,3757
2,21630,182,0,0,14,14,1545,8330,13,8343
2,21630,350,0,0,14,14,1545,9248,125,9373
2,21630,1190,0,0,14,14,1545,4374,85,4459
2,21630,1274,0,0,14,14,1545,8192,1183,9375
2,21630,1638,0,0,14,14,1545,1400,351,1751
2,21630,2366,0,0,14,14,1545,1854,169,2023
2,21630,3094,0,0,14,14,1545,640,1547,2187
2,21630,4802,0,0,14,14,1545,1854,343,2197
2,21630,6174,0,0,14,14,1545,6656,3969,10625
2,21630,7098,0,0,14,14,1545,3296,2535,5831
2,21630,12978,0,0,14,14,1545,2744,2781,5525
2,21630,18746,0,0,14,14,1545,686,1339,2025
2,21630,19278,0,0,14,14,1545,338,1377,1715
2,21756,12,0,0,12,12,1813,4374,1,4375
2,21756,12,0,0,48,12,1813,3024,1,3025
2,21756,132,0,0,12,12,1813,9250,11,9261
2,21756,588,0,0,48,12,1813,6512,49,6561
2,21756,16428,0,0,12,12,1813,83006,1369,84375
2,21770,4354,0,0,14,14,1555,6250,311,6561
2,21775,1053,0,0,13,13,1675,8192,1053,9245
2,21775,7267,0,0,13,13,1675,1250,559,1809
2,21775,7839,0,0,13,13,1675,40,1809,1849
2,21780,12,0,0,12,12,1815,64000,9,64009
2,21780,12,0,0,12,12,1815,71874,1,71875
2,21780,132,0,0,12,12,1815,3634,11,3645
2,21780,1500,0,0,12,12,1815,1738,125,1863
2,21780,2844,0,0,12,12,1815,512,2133,2645
2,21780,4356,0,0,12,12,1815,14536,1089,15625
2,21780,8100,0,0,12,12,1815,5566,675,6241
2,21801,2847,0,0,13,13,1677,1978,219,2197
2,21816,2424,0,0,24,12,1818,7776,505,8281
2,21816,4848,0,0,48,12,1818,7776,505,8281
2,21853,11583,0,0,13,13,1681,2048,9801,11849
2,21879,13,0,0,13,13,1683,34374,1,34375
2,21879,2431,0,0,52,13,1683,2000,187,2187
2,21879,3159,0,0,13,13,1683,5000,729,5729
2,21879,5265,0,0,13,13,1683,32,2025,2057
2,21900,12,0,0,12,12,1825,4374,1,4375
2,21900,876,0,0,12,12,1825,2450,73,2523
2,21900,972,0,0,12,12,1825,42632,243,42875
2,21900,1500,0,0,12,12,1825,4704,625,5329
2,21900,4116,0,0,12,12,1825,1682,343,2025
2,21900,4116,0,0,12,12,1825,9344,2401,11745
2,21923,11,0,0,11,11,1993,4374,1,4375
2,21923,77,0,0,11,11,1993,3200,49,3249
2,21924,84,0,0,12,12,1827,27848,21,27869
2,21924,108,0,0,48,12,1827,3472,9,3481
2,21924,11532,0,0,12,12,1827,8,2883,2891
2,21945,11,0,0,11,11,1995,4374,1,4375
2,21945,77,0,0,11,11,1995,3200,49,3249
2,21996,36,0,0,48,12,1833,5872,3,5875
2,21996,468,0,0,24,12,1833,3008,117,3125
2,21996,564,0,0,96,12,1833,3328,47,3375
2,22022,14,0,0,14,14,1573,4374,1,4375
2,22022,14,0,0,56,14,1573,3024,1,3025
2,22022,154,0,0,14,14,1573,1690,11,1701
2,22022,1274,0,0,14,14,1573,8192,1183,9375
2,22022,1694,0,0,14,14,1573,1352,363,1715
2,22022,1694,0,0,56,14,1573,4096,363,4459
2,22022,4158,0,0,14,14,1573,512,2673,3185
2,22022,7546,0,0,14,14,1573,8,1617,1625
2,22022,7546,0,0,14,14,1573,16000,3773,19773
2,22022,10206,0,0,14,14,1573,88,2187,2275
2,22022,11858,0,0,14,14,1573,1350,847,2197
2,22022,18634,0,0,14,14,1573,294,1331,1625
2,22044,12,0,0,48,12,1837,2672,1,2673
2,22050,14,0,0,14,14,1575,4374,1,4375
2,22050,14,0,0,14,14,1575,10368,7,10375
2,22050,14,0,0,14,14,1575,33614,1,33615
2,22050,98,0,0,14,14,1575,3200,49,3249
2,22068,8748,0,0,12,12,1839,2104,2187,4291
2,22116,20172,0,0,12,12,1843,194,1681,1875
2,22134,434,0,0,28,14,1581,19652,31,19683
2,22139,3575,0,0,13,13,1703,1922,275,2197
2,22165,13,0,0,13,13,1705,3750,1,3751
2,22165,117,0,0,13,13,1705,6250,9,6259
2,22165,143,0,0,26,13,1705,2500,11,2511
2,22176,264,0,0,48,12,1848,2368,33,2401
2,22190,14,0,0,14,14,1585,7290,1,7291
2,22204,182,0,0,26,13,1708,3200,49,3249
2,22204,364,0,0,52,13,1708,3200,49,3249
2,22236,4452,0,0,12,12,1853,128,2597,2725
2,22260,12,0,0,12,12,1855,2592,5,2597
2,22260,12,0,0,12,12,1855,4374,1,4375
2,22260,84,0,0,12,12,1855,5618,7,5625
2,22260,4452,0,0,12,12,1855,6190,371,6561
2,22260,12348,0,0,12,12,1855,8,3087,3095
2,22260,17172,0,0,12,12,1855,40,4293,4333
2,22269,13,0,0,13,13,1713,4374,1,4375
2,22302,14,0,0,112,14,1593,7424,1,7425
2,22302,4130,0,0,14,14,1593,7776,1475,9251
2,22302,11774,0,0,14,14,1593,6534,841,7375
2,22320,2232,0,0,96,12,1860,4096,279,4375
2,22404,22404,0,0,12,12,1867,534,1867,2401
2,22425,13,0,0,13,13,1725,64000,9,64009
2,22425,13,0,0,13,13,1725,71874,1,71875
2,22425,299,0,0,13,13,1725,19602,23,19625
2,22442,14,0,0,14,14,1603,4374,1,4375
2,22442,1134,0,0,14,14,1603,5000,243,5243
2,22545,15,0,0,15,15,1503,4374,1,4375
2,22545,2505,0,0,30,15,1503,1548,167,1715
2,22572,588,0,0,12,12,1881,2152,147,2299
2,22572,2916,0,0,12,12,1881,1672,729,2401
2,22572,20412,0,0,12,12,1881,8,5103,5111
2,22596,12,0,0,24,12,1883,4900,1,4901
2,22610,14,0,0,14,14,1615,4374,1,4375
2,22610,14,0,0,28,14,1615,1700,1,1701
2,22610,14,0,0,56,14,1615,3024,1,3025
2,22610,70,0,0,28,14,1615,2052,5,2057
2,22610,98,0,0,14,14,1615,2048,77,2125
2,22610,98,0,0,14,14,1615,3200,49,3249
2,22610,98,0,0,14,14,1615,20570,7,20577
2,22610,154,0,0,14,14,1615,2250,11,2261
2,22610,238,0,0,14,14,1615,11858,17,11875
2,22610,238,0,0,14,14,1615,68590,17,68607
2,22610,238,0,0,28,14,1615,10108,17,10125
2,22610,266,0,0,14,14,1615,6050,19,6069
2,22610,266,0,0,14,14,1615,15606,19,15625
2,22610,266,0,0,14,14,1615,36992,133,37125
2,22610,266,0,0,28,14,1615,4356,19,4375
2,22610,266,0,0,28,14,1615,15876,19,15895
2,22610,266,0,0,112,14,1615,2816,19,2835
2,22610,294,0,0,14,14,1615,2312,63,2375
2,22610,686,0,0,14,14,1615,2250,49,2299
2,22610,1330,0,0,56,14,1615,2992,95,3087
2,22610,1386,0,0,14,14,1615,2432,693,3125
2,22610,1862,0,0,14,14,1615,3200,931,4131
2,22610,2058,0,0,14,14,1615,2584,441,3025
2,22610,2450,0,0,14,14,1615,5984,875,6859
2,22610,2926,0,0,14,14,1615,1666,209,1875
2,22610,3402,0,0,14,14,1615,1672,729,2401
2,22610,3430,0,0,14,14,1615,2662,245,2907
2,22610,4046,0,0,14,14,1615,2432,2023,4455
2,22610,4410,0,0,14,14,1615,4598,315,4913
2,22610,4802,0,0,14,14,1615,1782,343,2125
2,22610,4802,0,0,14,14,1615,1152,2401,3553
2,22610,5054,0,0,14,14,1615,6144,3971,10115
2,22610,5670,0,0,14,14,1615,32,2025,2057
2,22610,5950,0,0,14,14,1615,2662,425,3087
2,22610,7546,0,0,14,14,1615,4374,539,4913
2,22610,8470,0,0,14,14,1615,224,3025,3249
2,22610,8750,0,0,14,14,1615,512,5625,6137
2,22610,9450,0,0,14,14,1615,2888,2025,4913
2,22610,9702,0,0,14,14,1615,640,4851,5491
2,22610,10206,0,0,14,14,1615,2450,729,3179
2,22610,18634,0,0,14,14,1615,6250,1331,7581
2,22610,18634,0,0,14,14,1615,11552,6655,18207
2,22610,18634,0,0,14,14,1615,19494,1331,20825
2,22610,19250,0,0,14,14,1615,1026,1375,2401
2,22610,19278,0,0,14,14,1615,2744,4131,6875
2,22610,20482,0,0,14,14,1615,384,10241,10625
2,22620,12,0,0,12,12,1885,4896,5,4901
2,22620,12,0,0,48,12,1885,4624,1,4625
2,22620,36,0,0,12,12,1885,6250,3,6253
2,22620,60,0,0,96,12,1885,9472,5,9477
2,22620,156,0,0,24,12,1885,3132,13,3145
2,22620,468,0,0,12,12,1885,6728,117,6845
2,22620,612,0,0,12,12,1885,2146,51,2197
2,22620,1620,0,0,12,12,1885,2738,135,2873
2,22620,10092,0,0,12,12,1885,8192,10933,19125
2,22620,11100,0,0,12,12,1885,288,4625,4913
2,22620,16428,0,0,12,12,1885,7250,1369,8619
2,22620,16428,0,0,12,12,1885,8704,12321,21025
2,22620,17316,0,0,12,12,1885,1682,1443,3125
2,22620,22500,0,0,12,12,1885,48778,1875,50653
2,22659,13,0,0,13,13,1743,4374,1,4375
2,22659,13,0,0,13,13,1743,10368,7,10375
2,22659,13,0,0,13,13,1743,33614,1,33615
2,22659,1079,0,0,52,13,1743,19600,83,19683
2,22659,1079,0,0,104,13,1743,1792,83,1875
2,22659,3159,0,0,13,13,1743,34202,243,34445
2,22659,13377,0,0,13,13,1743,44672,7203,51875
2,22695,5625,0,0,15,15,1513,9826,375,10201
2,22722,14,0,0,56,14,1623,2704,1,2705
2,22724,26,0,0,26,13,1748,12160,7,12167
2,22724,52,0,0,52,13,1748,12160,7,12167
2,22725,225,0,0,60,15,1515,4096,45,4141
2,22725,5625,0,0,15,15,1515,3362,375,3737
2,22737,11583,0,0,13,13,1749,136,2673,2809
2,22750,3250,0,0,26,13,1750,4704,625,5329
2,22750,6500,0,0,52,13,1750,4704,625,5329
2,22770,330,0,0,30,15,1518,11776,99,11875
2,22770,660,0,0,60,15,1518,11776,99,11875
2,22815,13,0,0,13,13,1755,4374,1,4375
2,22815,117,0,0,13,13,1755,3200,63,3263
2,22815,455,0,0,13,13,1755,6526,35,6561
2,22815,819,0,0,13,13,1755,2008,189,2197
2,22815,1183,0,0,13,13,1755,8192,1183,9375
2,22815,22815,0,0,13,13,1755,8032,8775,16807
2,22836,132,0,0,12,12,1903,3114,11,3125
2,22836,2076,0,0,24,12,1903,2500,173,2673
2,22862,14,0,0,14,14,1633,5750,1,5751
2,22862,378,0,0,14,14,1633,5014,27,5041
2,22862,994,0,0,28,14,1633,2116,71,2187
2,22862,1526,0,0,14,14,1633,3266,109,3375
2,22908,36,0,0,12,12,1909,2392,9,2401
2,22908,2916,0,0,12,12,1909,2158,243,2401
2,22908,14196,0,0,12,12,1909,1058,1183,2241
2,22932,2548,0,0,28,14,1638,8192,1183,9375
2,22932,5096,0,0,56,14,1638,8192,1183,9375
2,22932,10192,0,0,112,14,1638,8192,1183,9375
2,22945,1755,0,0,13,13,1765,9728,1215,10943
2,22971,403,0,0,13,13,1767,2318,31,2349
2,22971,7657,0,0,26,13,1767,3132,589,3721
2,22995,15,0,0,15,15,1533,4374,1,4375
2,22995,1215,0,0,15,15,1533,42632,243,42875
2,22995,1875,0,0,15,15,1533,4704,625,5329
2,23023,299,0,0,13,13,1771,23814,23,23837
2,23030,14,0,0,14,14,1645,4374,1,4375
2,23030,658,0,0,14,14,1645,1952,235,2187
2,23030,3430,0,0,14,14,1645,1152,1715,2867
2,23030,7938,0,0,14,14,1645,32,2835,2867
2,23030,9450,0,0,14,14,1645,376,2025,2401
2,23030,10206,0,0,14,14,1645,24064,6561,30625
2,23076,12,0,0,12,12,1923,4374,1,4375
2,23076,12,0,0,48,12,1923,3024,1,3025
2,23076,7692,0,0,48,12,1923,14000,641,14641
2,23076,10692,0,0,12,12,1923,32,4455,4487
2,23100,7500,0,0,12,12,1925,32,3125,3157
2,23100,10500,0,0,12,12,1925,1312,4375,5687
2,23114,14,0,0,14,14,1651,6858,1,6859
2,23142,7714,0,0,28,14,1653,1324,551,1875
2,23175,15,0,0,15,15,1545,1750,1,1751
2,23175,15,0,0,15,15,1545,4374,1,4375
2,23175,15,0,0,15,15,1545,59534,1,59535
2,23175,15,0,0,15,15,1545,65610,1,65611
2,23175,15,0,0,30,15,1545,1700,1,1701
2,23175,15,0,0,30,15,1545,31212,1,31213
2,23175,15,0,0,60,15,1545,10608,1,10609
2,23175,45,0,0,15,15,1545,2176,21,2197
2,23175,105,0,0,15,15,1545,3750,7,3757
2,23175,195,0,0,15,15,1545,8330,13,8343
2,23175,375,0,0,15,15,1545,9248,125,9373
2,23175,1275,0,0,15,15,1545,4374,85,4459
2,23175,1365,0,0,15,15,1545,8192,1183,9375
2,23175,1755,0,0,15,15,1545,1400,351,1751
2,23175,2535,0,0,15,15,1545,1854,169,2023
2,23175,3315,0,0,15,15,1545,640,1547,2187
2,23175,5145,0,0,15,15,1545,1854,343,2197
2,23175,6615,0,0,15,15,1545,6656,3969,10625
2,23175,7605,0,0,15,15,1545,3296,2535,5831
2,23175,13905,0,0,15,15,1545,2744,2781,5525
2,23175,20085,0,0,15,15,1545,686,1339,2025
2,23175,20655,0,0,15,15,1545,338,1377,1715
2,23179,13,0,0,13,13,1783,4374,1,4375
2,23179,23179,0,0,52,13,1783,240,1783,2023
2,23196,8748,0,0,12,12,1933,77320,2187,79507
2,23205,13,0,0,13,13,1785,4374,1,4375
2,23220,324,0,0,12,12,1935,3698,27,3725
2,23220,516,0,0,12,12,1935,15496,129,15625
2,23220,516,0,0,48,12,1935,4096,129,4225
2,23220,972,0,0,12,12,1935,8192,1053,9245
2,23220,3900,0,0,12,12,1935,3698,325,4023
2,23220,16092,0,0,12,12,1935,1352,4023,5375
2,23220,22188,0,0,12,12,1935,338,1849,2187
2,23226,23226,0,0,28,14,1659,9664,4977,14641
2,23257,23257,0,0,13,13,1789,398,1789,2187
2,23325,4665,0,0,15,15,1555,6250,311,6561
2,23340,2916,0,0,12,12,1945,77800,729,78529
2,23340,4668,0,0,12,12,1945,6750,389,7139
2,23340,23340,0,0,12,12,1945,242,1945,2187
2,23436,12,0,0,12,12,1953,4374,1,4375
2,23436,36,0,0,12,12,1953,4802,3,4805
2,23436,60,0,0,12,12,1953,12152,15,12167
2,23436,84,0,0,12,12,1953,32798,7,32805
2,23436,108,0,0,24,12,1953,2116,9,2125
2,23436,204,0,0,12,12,1953,2170,17,2187
2,23436,204,0,0,12,12,1953,12150,17,12167
2,23436,372,0,0,24,12,1953,19652,31,19683
2,23436,972,0,0,12,12,1953,5750,81,5831
2,23436,1116,0,0,48,12,1953,4096,279,4375
2,23436,1620,0,0,12,12,1953,3968,945,4913
2,23436,2916,0,0,12,12,1953,8750,243,8993
2,23436,3348,0,0,12,12,1953,1288,837,2125
2,23436,14700,0,0,12,12,1953,384,8575,8959
2,23436,14700,0,0,12,12,1953,28566,1225,29791
2,23436,15876,0,0,12,12,1953,32,6615,6647
2,23436,20412,0,0,12,12,1953,17000,5103,22103
2,23436,22500,0,0,12,12,1953,3038,1875,4913
2,23450,1134,0,0,14,14,1675,8192,1053,9245
2,23450,7826,0,0,14,14,1675,1250,559,1809
2,23450,8442,0,0,14,14,1675,40,1809,1849
2,23478,3066,0,0,14,14,1677,1978,219,2197
2,23534,12474,0,0,14,14,1681,2048,9801,11849
2,23556,6084,0,0,12,12,1963,77312,4563,81875
2,23562,14,0,0,14,14,1683,34374,1,34375
2,23562,2618,0,0,56,14,1683,2000,187,2187
2,23562,3402,0,0,14,14,1683,5000,729,5729
2,23562,5670,0,0,14,14,1683,32,2025,2057
2,23569,13,0,0,13,13,1813,4374,1,4375
2,23569,13,0,0,52,13,1813,3024,1,3025
2,23569,143,0,0,13,13,1813,9250,11,9261
2,23569,637,0,0,52,13,1813,6512,49,6561
2,23569,17797,0,0,13,13,1813,83006,1369,84375
2,23580,12,0,0,12,12,1965,4374,1,4375
2,23580,4116,0,0,12,12,1965,128,2401,2529
2,23595,13,0,0,13,13,1815,64000,9,64009
2,23595,13,0,0,13,13,1815,71874,1,71875
2,23595,15,0,0,15,15,1573,4374,1,4375
2,23595,15,0,0,60,15,1573,3024,1,3025
2,23595,143,0,0,13,13,1815,3634,11,3645
2,23595,165,0,0,15,15,1573,1690,11,1701
2,23595,1365,0,0,15,15,1573,8192,1183,9375
2,23595,1625,0,0,13,13,1815,1738,125,1863
2,23595,1815,0,0,15,15,1573,1352,363,1715
2,23595,1815,0,0,60,15,1573,4096,363,4459
2,23595,3081,0,0,13,13,1815,512,2133,2645
2,23595,4455,0,0,15,15,1573,512,2673,3185
2,23595,4719,0,0,13,13,1815,14536,1089,15625
2,23595,8085,0,0,15,15,1573,8,1617,1625
2,23595,8085,0,0,15,15,1573,16000,3773,19773
2,23595,8775,0,0,13,13,1815,5566,675,6241
2,23595,10935,0,0,15,15,1573,88,2187,2275
2,23595,12705,0,0,15,15,1573,1350,847,2197
2,23595,19965,0,0,15,15,1573,294,1331,1625
2,23625,15,0,0,15,15,1575,4374,1,4375
2,23625,15,0,0,15,15,1575,10368,7,10375
2,23625,15,0,0,15,15,1575,33614,1,33615
2,23625,105,0,0,15,15,1575,3200,49,3249
2,23634,2626,0,0,26,13,1818,7776,505,8281
2,23634,5252,0,0,52,13,1818,7776,505,8281
2,23715,465,0,0,30,15,1581,19652,31,19683
2,23725,13,0,0,13,13,1825,4374,1,4375
2,23725,949,0,0,13,13,1825,2450,73,2523
2,23725,1053,0,0,13,13,1825,42632,243,42875
2,23725,1625,0,0,13,13,1825,4704,625,5329
2,23725,4459,0,0,13,13,1825,1682,343,2025
2,23725,4459,0,0,13,13,1825,9344,2401,11745
2,23751,91,0,0,13,13,1827,27848,21,27869
2,23751,117,0,0,52,13,1827,3472,9,3481
2,23751,12493,0,0,13,13,1827,8,2883,2891
2,23775,15,0,0,15,15,1585,7290,1,7291
2,23829,39,0,0,52,13,1833,5872,3,5875
2,23829,507,0,0,26,13,1833,3008,117,3125
2,23829,611,0,0,104,13,1833,3328,47,3375
2,23842,3850,0,0,14,14,1703,1922,275,2197
2,23870,14,0,0,14,14,1705,3750,1,3751
2,23870,126,0,0,14,14,1705,6250,9,6259
2,23870,154,0,0,28,14,1705,2500,11,2511
2,23881,13,0,0,52,13,1837,2672,1,2673
2,23895,15,0,0,120,15,1593,7424,1,7425
2,23895,4425,0,0,15,15,1593,7776,1475,9251
2,23895,12615,0,0,15,15,1593,6534,841,7375
2,23907,9477,0,0,13,13,1839,2104,2187,4291
2,23912,196,0,0,28,14,1708,3200,49,3249
2,23912,392,0,0,56,14,1708,3200,49,3249
2,23916,12,0,0,12,12,1993,4374,1,4375
2,23916,84,0,0,12,12,1993,3200,49,3249
2,23940,12,0,0,12,12,1995,4374,1,4375
2,23940,84,0,0,12,12,1995,3200,49,3249
2,23959,21853,0,0,13,13,1843,194,1681,1875
2,23982,14,0,0,14,14,1713,4374,1,4375
2,24024,286,0,0,52,13,1848,2368,33,2401
2,24045,15,0,0,15,15,1603,4374,1,4375
2,24045,1215,0,0,15,15,1603,5000,243,5243
2,24048,16,0,0,16,16,1503,4374,1,4375
2,24048,2672,0,0,32,16,1503,1548,167,1715
2,24089,4823,0,0,13,13,1853,128,2597,2725
2,24115,13,0,0,13,13,1855,2592,5,2597
2,24115,13,0,0,13,13,1855,4374,1,4375
2,24115,91,0,0,13,13,1855,5618,7,5625
2,24115,4823,0,0,13,13,1855,6190,371,6561
2,24115,13377,0,0,13,13,1855,8,3087,3095
2,24115,18603,0,0,13,13,1855,40,4293,4333
2,24150,14,0,0,14,14,1725,64000,9,64009
2,24150,14,0,0,14,14,1725,71874,1,71875
2,24150,322,0,0,14,14,1725,19602,23,19625
2,24180,2418,0,0,104,13,1860,4096,279,4375
2,24208,6000,0,0,16,16,1513,9826,375,10201
2,24225,15,0,0,15,15,1615,4374,1,4375
2,24225,15,0,0,30,15,1615,1700,1,1701
2,24225,15,0,0,60,15,1615,3024,1,3025
2,24225,75,0,0,30,15,1615,2052,5,2057
2,24225,105,0,0,15,15,1615,2048,77,2125
2,24225,105,0,0,15,15,1615,3200,49,3249
2,24225,105,0,0,15,15,1615,20570,7,20577
2,24225,165,0,0,15,15,1615,2250,11,2261
2,24225,255,0,0,15,15,1615,11858,17,11875
2,24225,255,0,0,15,15,1615,68590,17,68607
2,24225,255,0,0,30,15,1615,10108,17,10125
2,24225,285,0,0,15,15,1615,6050,19,6069
2,24225,285,0,0,15,15,1615,15606,19,15625
2,24225,285,0,0,15,15,1615,36992,133,37125
2,24225,285,0,0,30,15,1615,4356,19,4375
2,24225,285,0,0,30,15,1615,15876,19,15895
2,24225,285,0,0,120,15,1615,2816,19,2835
2,24225,315,0,0,15,15,1615,2312,63,2375
2,24225,735,0,0,15,15,1615,2250,49,2299
2,24225,1425,0,0,60,15,1615,2992,95,3087
2,24225,1485,0,0,15,15,1615,2432,693,3125
2,24225,1995,0,0,15,15,1615,3200,931,4131
2,24225,2205,0,0,15,15,1615,2584,441,3025
2,24225,2625,0,0,15,15,1615,5984,875,6859
2,24225,3135,0,0,15,15,1615,1666,209,1875
2,24225,3645,0,0,15,15,1615,1672,729,2401
2,24225,3675,0,0,15,15,1615,2662,245,2907
2,24225,4335,0,0,15,15,1615,2432,2023,4455
2,24225,4725,0,0,15,15,1615,4598,315,4913
2,24225,5145,0,0,15,15,1615,1782,343,2125
2,24225,5145,0,0,15,15,1615,1152,2401,3553
2,24225,5415,0,0,15,15,1615,6144,3971,10115
2,24225,6075,0,0,15,15,1615,32,2025,2057
2,24225,6375,0,0,15,15,1615,2662,425,3087
2,24225,8085,0,0,15,15,1615,4374,539,4913
2,24225,9075,0,0,15,15,1615,224,3025,3249
2,24225,9375,0,0,15,15,1615,512,5625,6137
2,24225,10125,0,0,15,15,1615,2888,2025,4913
2,24225,10395,0,0,15,15,1615,640,4851,5491
2,24225,10935,0,0,15,15,1615,2450,729,3179
2,24225,19965,0,0,15,15,1615,6250,1331,7581
2,24225,19965,0,0,15,15,1615,11552,6655,18207
2,24225,19965,0,0,15,15,1615,19494,1331,20825
2,24225,20625,0,0,15,15,1615,1026,1375,2401
2,24225,20655,0,0,15,15,1615,2744,4131,6875
2,24225,21945,0,0,15,15,1615,384,10241,10625
2,24240,240,0,0,64,16,1515,4096,45,4141
2,24240,6000,0,0,16,16,1515,3362,375,3737
2,24271,24271,0,0,13,13,1867,534,1867,2401
2,24288,352,0,0,32,16,1518,11776,99,11875
2,24288,704,0,0,64,16,1518,11776,99,11875
2,24345,15,0,0,60,15,1623,2704,1,2705
2,24402,14,0,0,14,14,1743,4374,1,4375
2,24402,14,0,0,14,14,1743,10368,7,10375
2,24402,14,0,0,14,14,1743,33614,1,33615
2,24402,1162,0,0,56,14,1743,19600,83,19683
2,24402,1162,0,0,112,14,1743,1792,83,1875
2,24402,3402,0,0,14,14,1743,34202,243,34445
2,24402,14406,0,0,14,14,1743,44672,7203,51875
2,24453,637,0,0,13,13,1881,2152,147,2299
2,24453,3159,0,0,13,13,1881,1672,729,2401
2,24453,22113,0,0,13,13,1881,8,5103,5111
2,24472,28,0,0,28,14,1748,12160,7,12167
2,24472,56,0,0,56,14,1748,12160,7,12167
2,24479,13,0,0,26,13,1883,4900,1,4901
2,24486,12474,0,0,14,14,1749,136,2673,2809
2,24495,15,0,0,15,15,1633,5750,1,5751
2,24495,405,0,0,15,15,1633,5014,27,5041
2,24495,1065,0,0,30,15,1633,2116,71,2187
2,24495,1635,0,0,15,15,1633,3266,109,3375
2,24500,3500,0,0,28,14,1750,4704,625,5329
2,24500,7000,0,0,56,14,1750,4704,625,5329
2,24505,13,0,0,13,13,1885,4896,5,4901
2,24505,13,0,0,52,13,1885,4624,1,4625
2,24505,39,0,0,13,13,1885,6250,3,6253
2,24505,65,0,0,104,13,1885,9472,5,9477
2,24505,169,0,0,26,13,1885,3132,13,3145
2,24505,507,0,0,13,13,1885,6728,117,6845
2,24505,663,0,0,13,13,1885,2146,51,2197
2,24505,1755,0,0,13,13,1885,2738,135,2873
2,24505,10933,0,0,13,13,1885,8192,10933,19125
2,24505,12025,0,0,13,13,1885,288,4625,4913
2,24505,17797,0,0,13,13,1885,7250,1369,8619
2,24505,17797,0,0,13,13,1885,8704,12321,21025
2,24505,18759,0,0,13,13,1885,1682,1443,3125
2,24505,24375,0,0,13,13,1885,48778,1875,50653
2,24528,16,0,0,16,16,1533,4374,1,4375
2,24528,1296,0,0,16,16,1533,42632,243,42875
2,24528,2000,0,0,16,16,1533,4704,625,5329
2,24570,14,0,0,14,14,1755,4374,1,4375
2,24570,126,0,0,14,14,1755,3200,63,3263
2,24570,490,0,0,14,14,1755,6526,35,6561
2,24570,882,0,0,14,14,1755,2008,189,2197
2,24570,1274,0,0,14,14,1755,8192,1183,9375
2,24570,2730,0,0,30,15,1638,8192,1183,9375
2,24570,5460,0,0,60,15,1638,8192,1183,9375
2,24570,10920,0,0,120,15,1638,8192,1183,9375
2,24570,24570,0,0,14,14,1755,8032,8775,16807
2,24675,15,0,0,15,15,1645,4374,1,4375
2,24675,705,0,0,15,15,1645,1952,235,2187
2,24675,3675,0,0,15,15,1645,1152,1715,2867
2,24675,8505,0,0,15,15,1645,32,2835,2867
2,24675,10125,0,0,15,15,1645,376,2025,2401
2,24675,10935,0,0,15,15,1645,24064,6561,30625
2,24710,1890,0,0,14,14,1765,9728,1215,10943
2,24720,16,0,0,16,16,1545,1750,1,1751
2,24720,16,0,0,16,16,1545,4374,1,4375
2,24720,16,0,0,16,16,1545,59534,1,59535
2,24720,16,0,0,16,16,1545,65610,1,65611
2,24720,16,0,0,32,16,1545,1700,1,1701
2,24720,16,0,0,32,16,1545,31212,1,31213
2,24720,16,0,0,64,16,1545,10608,1,10609
2,24720,48,0,0,16,16,1545,2176,21,2197
2,24720,112,0,0,16,16,1545,3750,7,3757
2,24720,208,0,0,16,16,1545,8330,13,8343
2,24720,400,0,0,16,16,1545,9248,125,9373
2,24720,1360,0,0,16,16,1545,4374,85,4459
2,24720,1456,0,0,16,16,1545,8192,1183,9375
2,24720,1872,0,0,16,16,1545,1400,351,1751
2,24720,2704,0,0,16,16,1545,1854,169,2023
2,24720,3536,0,0,16,16,1545,640,1547,2187
2,24720,5488,0,0,16,16,1545,1854,343,2197
2,24720,7056,0,0,16,16,1545,6656,3969,10625
2,24720,8112,0,0,16,16,1545,3296,2535,5831
2,24720,14832,0,0,16,16,1545,2744,2781,5525
2,24720,21424,0,0,16,16,1545,686,1339,2025
2,24720,22032,0,0,16,16,1545,338,1377,1715
2,24738,434,0,0,14,14,1767,2318,31,2349
2,24738,8246,0,0,28,14,1767,3132,589,3721
2,24739,143,0,0,13,13,1903,3114,11,3125
2,24739,2249,0,0,26,13,1903,2500,173,2673
2,24765,15,0,0,15,15,1651,6858,1,6859
2,24794,322,0,0,14,14,1771,23814,23,23837
2,24795,8265,0,0,30,15,1653,1324,551,1875
2,24817,39,0,0,13,13,1909,2392,9,2401
2,24817,3159,0,0,13,13,1909,2158,243,2401
2,24817,15379,0,0,13,13,1909,1058,1183,2241
2,24880,4976,0,0,16,16,1555,6250,311,6561
2,24885,24885,0,0,30,15,1659,9664,4977,14641
2,24962,14,0,0,14,14,1783,4374,1,4375
2,24962,24962,0,0,56,14,1783,240,1783,2023
2,24990,14,0,0,14,14,1785,4374,1,4375
2,24999,13,0,0,13,13,1923,4374,1,4375
2,24999,13,0,0,52,13,1923,3024,1,3025
2,24999,8333,0,0,52,13,1923,14000,641,14641
2,24999,11583,0,0,13,13,1923,32,4455,4487
2,25025,8125,0,0,13,13,1925,32,3125,3157
2,25025,11375,0,0,13,13,1925,1312,4375,5687
2,25046,25046,0,0,14,14,1789,398,1789,2187
2,25125,1215,0,0,15,15,1675,8192,1053,9245
2,25125,8385,0,0,15,15,1675,1250,559,1809
2,25125,9045,0,0,15,15,1675,40,1809,1849
2,25129,9477,0,0,13,13,1933,77320,2187,79507
2,25155,351,0,0,13,13,1935,3698,27,3725
2,25155,559,0,0,13,13,1935,15496,129,15625
2,25155,559,0,0,52,13,1935,4096,129,4225
2,25155,1053,0,0,13,13,1935,8192,1053,9245
2,25155,3285,0,0,15,15,1677,1978,219,2197
2,25155,4225,0,0,13,13,1935,3698,325,4023
2,25155,17433,0,0,13,13,1935,1352,4023,5375
2,25155,24037,0,0,13,13,1935,338,1849,2187
2,25168,16,0,0,16,16,1573,4374,1,4375
2,25168,16,0,0,64,16,1573,3024,1,3025
2,25168,176,0,0,16,16,1573,1690,11,1701
2,25168,1456,0,0,16,16,1573,8192,1183,9375
2,25168,1936,0,0,16,16,1573,1352,363,1715
2,25168,1936,0,0,64,16,1573,4096,363,4459
2,25168,4752,0,0,16,16,1573,512,2673,3185
2,25168,8624,0,0,16,16,1573,8,1617,1625
2,25168,8624,0,0,16,16,1573,16000,3773,19773
2,25168,11664,0,0,16,16,1573,88,2187,2275
2,25168,13552,0,0,16,16,1573,1350,847,2197
2,25168,21296,0,0,16,16,1573,294,1331,1625
2,25200,16,0,0,16,16,1575,4374,1,4375
2,25200,16,0,0,16,16,1575,10368,7,10375
2,25200,16,0,0,16,16,1575,33614,1,33615
2,25200,112,0,0,16,16,1575,3200,49,3249
2,25215,13365,0,0,15,15,1681,2048,9801,11849
2,25245,15,0,0,15,15,1683,34374,1,34375
2,25245,2805,0,0,60,15,1683,2000,187,2187
2,25245,3645,0,0,15,15,1683,5000,729,5729
2,25245,6075,0,0,15,15,1683,32,2025,2057
2,25285,3159,0,0,13,13,1945,77800,729,78529
2,25285,5057,0,0,13,13,1945,6750,389,7139
2,25285,25285,0,0,13,13,1945,242,1945,2187
2,25296,496,0,0,32,16,1581,19652,31,19683
2,25360,16,0,0,16,16,1585,7290,1,7291
2,25382,14,0,0,14,14,1813,4374,1,4375
2,25382,14,0,0,56,14,1813,3024,1,3025
2,25382,154,0,0,14,14,1813,9250,11,9261
2,25382,686,0,0,56,14,1813,6512,49,6561
2,25382,19166,0,0,14,14,1813,83006,1369,84375
2,25389,13,0,0,13,13,1953,4374,1,4375
2,25389,39,0,0,13,13,1953,4802,3,4805
2,25389,65,0,0,13,13,1953,12152,15,12167
2,25389,91,0,0,13,13,1953,32798,7,32805
2,25389,117,0,0,26,13,1953,2116,9,2125
2,25389,221,0,0,13,13,1953,2170,17,2187
2,25389,221,0,0,13,13,1953,12150,17,12167
2,25389,403,0,0,26,13,1953,19652,31,19683
2,25389,1053,0,0,13,13,1953,5750,81,5831
2,25389,1209,0,0,52,13,1953,4096,279,4375
2,25389,1755,0,0,13,13,1953,3968,945,4913
2,25389,3159,0,0,13,13,1953,8750,243,8993
2,25389,3627,0,0,13,13,1953,1288,837,2125
2,25389,15925,0,0,13,13,1953,384,8575,8959
2,25389,15925,0,0,13,13,1953,28566,1225,29791
2,25389,17199,0,0,13,13,1953,32,6615,6647
2,25389,22113,0,0,13,13,1953,17000,5103,22103
2,25389,24375,0,0,13,13,1953,3038,1875,4913
2,25410,14,0,0,14,14,1815,64000,9,64009
2,25410,14,0,0,14,14,1815,71874,1,71875
2,25410,154,0,0,14,14,1815,3634,11,3645
2,25410,1750,0,0,14,14,1815,1738,125,1863
2,25410,3318,0,0,14,14,1815,512,2133,2645
2,25410,5082,0,0,14,14,1815,14536,1089,15625
2,25410,9450,0,0,14,14,1815,5566,675,6241
2,25452,2828,0,0,28,14,1818,7776,505,8281
2,25452,5656,0,0,56,14,1818,7776,505,8281
2,25488,16,0,0,128,16,1593,7424,1,7425
2,25488,4720,0,0,16,16,1593,7776,1475,9251
2,25488,13456,0,0,16,16,1593,6534,841,7375
2,25519,6591,0,0,13,13,1963,77312,4563,81875
2,25545,13,0,0,13,13,1965,4374,1,4375
2,25545,4125,0,0,15,15,1703,1922,275,2197
2,25545,4459,0,0,13,13,1965,128,2401,2529
2,25550,14,0,0,14,14,1825,4374,1,4375
2,25550,1022,0,0,14,14,1825,2450,73,2523
2,25550,1134,0,0,14,14,1825,42632,243,42875
2,25550,1750,0,0,14,14,1825,4704,625,5329
2,25550,4802,0,0,14,14,1825,1682,343,2025
2,25550,4802,0,0,14,14,1825,9344,2401,11745
2,25551,17,0,0,17,17,1503,4374,1,4375
2,25551,2839,0,0,34,17,1503,1548,167,1715
2,25575,15,0,0,15,15,1705,3750,1,3751
2,25575,135,0,0,15,15,1705,6250,9,6259
2,25575,165,0,0,30,15,1705,2500,11,2511
2,25578,98,0,0,14,14,1827,27848,21,27869
2,25578,126,0,0,56,14,1827,3472,9,3481
2,25578,13454,0,0,14,14,1827,8,2883,2891
2,25620,210,0,0,30,15,1708,3200,49,3249
2,25620,420,0,0,60,15,1708,3200,49,3249
2,25648,16,0,0,16,16,1603,4374,1,4375
2,25648,1296,0,0,16,16,1603,5000,243,5243
2,25662,42,0,0,56,14,1833,5872,3,5875
2,25662,546,0,0,28,14,1833,3008,117,3125
2,25662,658,0,0,112,14,1833,3328,47,3375
2,25695,15,0,0,15,15,1713,4374,1,4375
2,25718,14,0,0,56,14,1837,2672,1,2673
2,25721,6375,0,0,17,17,1513,9826,375,10201
2,25746,10206,0,0,14,14,1839,2104,2187,4291
2,25755,255,0,0,68,17,1515,4096,45,4141
2,25755,6375,0,0,17,17,1515,3362,375,3737
2,25802,23534,0,0,14,14,1843,194,1681,1875
2,25806,374,0,0,34,17,1518,11776,99,11875
2,25806,748,0,0,68,17,1518,11776,99,11875
2,25840,16,0,0,16,16,1615,4374,1,4375
2,25840,16,0,0,32,16,1615,1700,1,1701
2,25840,16,0,0,64,16,1615,3024,1,3025
2,25840,80,0,0,32,16,1615,2052,5,2057
2,25840,112,0,0,16,16,1615,2048,77,2125
2,25840,112,0,0,16,16,1615,3200,49,3249
2,25840,112,0,0,16,16,1615,20570,7,20577
2,25840,176,0,0,16,16,1615,2250,11,2261
2,25840,272,0,0,16,16,1615,11858,17,11875
2,25840,272,0,0,16,16,1615,68590,17,68607
2,25840,272,0,0,32,16,1615,10108,17,10125
2,25840,304,0,0,16,16,1615,6050,19,6069
2,25840,304,0,0,16,16,1615,15606,19,15625
2,25840,304,0,0,16,16,1615,36992,133,37125
2,25840,304,0,0,32,16,1615,4356,19,4375
2,25840,304,0,0,32,16,1615,15876,19,15895
2,25840,304,0,0,128,16,1615,2816,19,2835
2,25840,336,0,0,16,16,1615,2312,63,2375
2,25840,784,0,0,16,16,1615,2250,49,2299
2,25840,1520,0,0,64,16,1615,2992,95,3087
2,25840,1584,0,0,16,16,1615,2432,693,3125
2,25840,2128,0,0,16,16,1615,3200,931,4131
2,25840,2352,0,0,16,16,1615,2584,441,3025
2,25840,2800,0,0,16,16,1615,5984,875,6859
2,25840,3344,0,0,16,16,1615,1666,209,1875
2,25840,3888,0,0,16,16,1615,1672,729,2401
2,25840,3920,0,0,16,16,1615,2662,245,2907
2,25840,4624,0,0,16,16,1615,2432,2023,4455
2,25840,5040,0,0,16,16,1615,4598,315,4913
2,25840,5488,0,0,16,16,1615,1782,343,2125
2,25840,5488,0,0,16,16,1615,1152,2401,3553
2,25840,5776,0,0,16,16,1615,6144,3971,10115
2,25840,6480,0,0,16,16,1615,32,2025,2057
2,25840,6800,0,0,16,16,1615,2662,425,3087
2,25840,8624,0,0,16,16,1615,4374,539,4913
2,25840,9680,0,0,16,16,1615,224,3025,3249
2,25840,10000,0,0,16,16,1615,512,5625,6137
2,25840,10800,0,0,16,16,1615,2888,2025,4913
2,25840,11088,0,0,16,16,1615,640,4851,5491
2,25840,11664,0,0,16,16,1615,2450,729,3179
2,25840,21296,0,0,16,16,1615,6250,1331,7581
2,25840,21296,0,0,16,16,1615,11552,6655,18207
2,25840,21296,0,0,16,16,1615,19494,1331,20825
2,25840,22000,0,0,16,16,1615,1026,1375,2401
2,25840,22032,0,0,16,16,1615,2744,4131,6875
2,25840,23408,0,0,16,16,1615,384,10241,10625
2,25872,308,0,0,56,14,1848,2368,33,2401
2,25875,15,0,0,15,15,1725,64000,9,64009
2,25875,15,0,0,15,15,1725,71874,1,71875
2,25875,345,0,0,15,15,1725,19602,23,19625
2,25909,13,0,0,13,13,1993,4374,1,4375
2,25909,91,0,0,13,13,1993,3200,49,3249
2,25935,13,0,0,13,13,1995,4374,1,4375
2,25935,91,0,0,13,13,1995,3200,49,3249
2,25942,5194,0,0,14,14,1853,128,2597,2725
2,25968,16,0,0,64,16,1623,2704,1,2705
2,25970,14,0,0,14,14,1855,2592,5,2597
2,25970,14,0,0,14,14,1855,4374,1,4375
2,25970,98,0,0,14,14,1855,5618,7,5625
2,25970,5194,0,0,14,14,1855,6190,371,6561
2,25970,14406,0,0,14,14,1855,8,3087,3095
2,25970,20034,0,0,14,14,1855,40,4293,4333
2,26040,2604,0,0,112,14,1860,4096,279,4375
2,26061,17,0,0,17,17,1533,4374,1,4375
2,26061,1377,0,0,17,17,1533,42632,243,42875
2,26061,2125,0,0,17,17,1533,4704,625,5329
2,26128,16,0,0,16,16,1633,5750,1,5751
2,26128,432,0,0,16,16,1633,5014,27,5041
2,26128,1136,0,0,32,16,1633,2116,71,2187
2,26128,1744,0,0,16,16,1633,3266,109,3375
2,26138,26138,0,0,14,14,1867,534,1867,2401
2,26145,15,0,0,15,15,1743,4374,1,4375
2,26145,15,0,0,15,15,1743,10368,7,10375
2,26145,15,0,0,15,15,1743,33614,1,33615
2,26145,1245,0,0,60,15,1743,19600,83,19683
2,26145,1245,0,0,120,15,1743,1792,83,1875
2,26145,3645,0,0,15,15,1743,34202,243,34445
2,26145,15435,0,0,15,15,1743,44672,7203,51875
2,26208,2912,0,0,32,16,1638,8192,1183,9375
2,26208,5824,0,0,64,16,1638,8192,1183,9375
2,26208,11648,0,0,128,16,1638,8192,1183,9375
2,26220,30,0,0,30,15,1748,12160,7,12167
2,26220,60,0,0,60,15,1748,12160,7,12167
2,26235,13365,0,0,15,15,1749,136,2673,2809
2,26250,3750,0,0,30,15,1750,4704,625,5329
2,26250,7500,0,0,60,15,1750,4704,625,5329
2,26265,17,0,0,17,17,1545,1750,1,1751
2,26265,17,0,0,17,17,1545,4374,1,4375
2,26265,17,0,0,17,17,1545,59534,1,59535
2,26265,17,0,0,17,17,1545,65610,1,65611
2,26265,17,0,0,34,17,1545,1700,1,1701
2,26265,17,0,0,34,17,1545,31212,1,31213
2,26265,17,0,0,68,17,1545,10608,1,10609
2,26265,51,0,0,17,17,1545,2176,21,2197
2,26265,119,0,0,17,17,1545,3750,7,3757
2,26265,221,0,0,17,17,1545,8330,13,8343
2,26265,425,0,0,17,17,1545,9248,125,9373
2,26265,1445,0,0,17,17,1545,4374,85,4459
2,26265,1547,0,0,17,17,1545,8192,1183,9375
2,26265,1989,0,0,17,17,1545,1400,351,1751
2,26265,2873,0,0,17,17,1545,1854,169,2023
2,26265,3757,0,0,17,17,1545,640,1547,2187
2,26265,5831,0,0,17,17,1545,1854,343,2197
2,26265,7497,0,0,17,17,1545,6656,3969,10625
2,26265,8619,0,0,17,17,1545,3296,2535,5831
2,26265,15759,0,0,17,17,1545,2744,2781,5525
2,26265,22763,0,0,17,17,1545,686,1339,2025
2,26265,23409,0,0,17,17,1545,338,1377,1715
2,26320,16,0,0,16,16,1645,4374,1,4375
2,26320,752,0,0,16,16,1645,1952,235,2187
2,26320,3920,0,0,16,16,1645,1152,1715,2867
2,26320,9072,0,0,16,16,1645,32,2835,2867
2,26320,10800,0,0,16,16,1645,376,2025,2401
2,26320,11664,0,0,16,16,1645,24064,6561,30625
2,26325,15,0,0,15,15,1755,4374,1,4375
2,26325,135,0,0,15,15,1755,3200,63,3263
2,26325,525,0,0,15,15,1755,6526,35,6561
2,26325,945,0,0,15,15,1755,2008,189,2197
2,26325,1365,0,0,15,15,1755,8192,1183,9375
2,26325,26325,0,0,15,15,1755,8032,8775,16807
2,26334,686,0,0,14,14,1881,2152,147,2299
2,26334,3402,0,0,14,14,1881,1672,729,2401
2,26334,23814,0,0,14,14,1881,8,5103,5111
2,26362,14,0,0,28,14,1883,4900,1,4901
2,26390,14,0,0,14,14,1885,4896,5,4901
2,26390,14,0,0,56,14,1885,4624,1,4625
2,26390,42,0,0,14,14,1885,6250,3,6253
2,26390,70,0,0,112,14,1885,9472,5,9477
2,26390,182,0,0,28,14,1885,3132,13,3145
2,26390,546,0,0,14,14,1885,6728,117,6845
2,26390,714,0,0,14,14,1885,2146,51,2197
2,26390,1890,0,0,14,14,1885,2738,135,2873
2,26390,11774,0,0,14,14,1885,8192,10933,19125
2,26390,12950,0,0,14,14,1885,288,4625,4913
2,26390,19166,0,0,14,14,1885,7250,1369,8619
2,26390,19166,0,0,14,14,1885,8704,12321,21025
2,26390,20202,0,0,14,14,1885,1682,1443,3125
2,26390,26250,0,0,14,14,1885,48778,1875,50653
2,26416,16,0,0,16,16,1651,6858,1,6859
2,26435,5287,0,0,17,17,1555,6250,311,6561
2,26448,8816,0,0,32,16,1653,1324,551,1875
2,26475,2025,0,0,15,15,1765,9728,1215,10943
2,26505,465,0,0,15,15,1767,2318,31,2349
2,26505,8835,0,0,30,15,1767,3132,589,3721
2,26544,26544,0,0,32,16,1659,9664,4977,14641
2,26565,345,0,0,15,15,1771,23814,23,23837
2,26642,154,0,0,14,14,1903,3114,11,3125
2,26642,2422,0,0,28,14,1903,2500,173,2673
2,26726,42,0,0,14,14,1909,2392,9,2401
2,26726,3402,0,0,14,14,1909,2158,243,2401
2,26726,16562,0,0,14,14,1909,1058,1183,2241
2,26741,17,0,0,17,17,1573,4374,1,4375
2,26741,17,0,0,68,17,1573,3024,1,3025
2,26741,187,0,0,17,17,1573,1690,11,1701
2,26741,1547,0,0,17,17,1573,8192,1183,9375
2,26741,2057,0,0,17,17,1573,1352,363,1715
2,26741,2057,0,0,68,17,1573,4096,363,4459
2,26741,5049,0,0,17,17,1573,512,2673,3185
2,26741,9163,0,0,17,17,1573,8,1617,1625
2,26741,9163,0,0,17,17,1573,16000,3773,19773
2,26741,12393,0,0,17,17,1573,88,2187,2275
2,26741,14399,0,0,17,17,1573,1350,847,2197
2,26741,22627,0,0,17,17,1573,294,1331,1625
2,26745,15,0,0,15,15,1783,4374,1,4375
2,26745,26745,0,0,60,15,1783,240,1783,2023
2,26775,15,0,0,15,15,1785,4374,1,4375
2,26775,17,0,0,17,17,1575,4374,1,4375
2,26775,17,0,0,17,17,1575,10368,7,10375
2,26775,17,0,0,17,17,1575,33614,1,33615
2,26775,119,0,0,17,17,1575,3200,49,3249
2,26800,1296,0,0,16,16,1675,8192,1053,9245
2,26800,8944,0,0,16,16,1675,1250,559,1809
2,26800,9648,0,0,16,16,1675,40,1809,1849
2,26832,3504,0,0,16,16,1677,1978,219,2197
2,26835,26835,0,0,15,15,1789,398,1789,2187
2,26877,527,0,0,34,17,1581,19652,31,19683
2,26896,14256,0,0,16,16,1681,2048,9801,11849
2,26922,14,0,0,14,14,1923,4374,1,4375
2,26922,14,0,0,56,14,1923,3024,1,3025
2,26922,8974,0,0,56,14,1923,14000,641,14641
2,26922,12474,0,0,14,14,1923,32,4455,4487
2,26928,16,0,0,16,16,1683,34374,1,34375
2,26928,2992,0,0,64,16,1683,2000,187,2187
2,26928,3888,0,0,16,16,1683,5000,729,5729
2,26928,6480,0,0,16,16,1683,32,2025,2057
2,26945,17,0,0,17,17,1585,7290,1,7291
2,26950,8750,0,0,14,14,1925,32,3125,3157
2,26950,12250,0,0,14,14,1925,1312,4375,5687
2,27054,18,0,0,18,18,1503,4374,1,4375
2,27054,3006,0,0,36,18,1503,1548,167,1715
2,27062,10206,0,0,14,14,1933,77320,2187,79507
2,27081,17,0,0,136,17,1593,7424,1,7425
2,27081,5015,0,0,17,17,1593,7776,1475,9251
2,27081,14297,0,0,17,17,1593,6534,841,7375
2,27090,378,0,0,14,14,1935,3698,27,3725
2,27090,602,0,0,14,14,1935,15496,129,15625
2,27090,602,0,0,56,14,1935,4096,129,4225
2,27090,1134,0,0,14,14,1935,8192,1053,9245
2,27090,4550,0,0,14,14,1935,3698,325,4023
2,27090,18774,0,0,14,14,1935,1352,4023,5375
2,27090,25886,0,0,14,14,1935,338,1849,2187
2,27195,15,0,0,15,15,1813,4374,1,4375
2,27195,15,0,0,60,15,1813,3024,1,3025
2,27195,165,0,0,15,15,1813,9250,11,9261
2,27195,735,0,0,60,15,1813,6512,49,6561
2,27195,20535,0,0,15,15,1813,83006,1369,84375
2,27225,15,0,0,15,15,1815,64000,9,64009
2,27225,15,0,0,15,15,1815,71874,1,71875
2,27225,165,0,0,15,15,1815,3634,11,3645
2,27225,1875,0,0,15,15,1815,1738,125,1863
2,27225,3555,0,0,15,15,1815,512,2133,2645
2,27225,5445,0,0,15,15,1815,14536,1089,15625
2,27225,10125,0,0,15,15,1815,5566,675,6241
2,27230,3402,0,0,14,14,1945,77800,729,78529
2,27230,5446,0,0,14,14,1945,6750,389,7139
2,27230,27230,0,0,14,14,1945,242,1945,2187
2,27234,6750,0,0,18,18,1513,9826,375,10201
2,27248,4400,0,0,16,16,1703,1922,275,2197
2,27251,17,0,0,17,17,1603,4374,1,4375
2,27251,1377,0,0,17,17,1603,5000,243,5243
2,27270,270,0,0,72,18,1515,4096,45,4141
2,27270,3030,0,0,30,15,1818,7776,505,8281
2,27270,6060,0,0,60,15,1818,7776,505,8281
2,27270,6750,0,0,18,18,1515,3362,375,3737
2,27280,16,0,0,16,16,1705,3750,1,3751
2,27280,144,0,0,16,16,1705,6250,9,6259
2,27280,176,0,0,32,16,1705,2500,11,2511
2,27324,396,0,0,36,18,1518,11776,99,11875
2,27324,792,0,0,72,18,1518,11776,99,11875
2,27328,224,0,0,32,16,1708,3200,49,3249
2,27328,448,0,0,64,16,1708,3200,49,3249
2,27342,14,0,0,14,14,1953,4374,1,4375
2,27342,42,0,0,14,14,1953,4802,3,4805
2,27342,70,0,0,14,14,1953,12152,15,12167
2,27342,98,0,0,14,14,1953,32798,7,32805
2,27342,126,0,0,28,14,1953,2116,9,2125
2,27342,238,0,0,14,14,1953,2170,17,2187
2,27342,238,0,0,14,14,1953,12150,17,12167
2,27342,434,0,0,28,14,1953,19652,31,19683
2,27342,1134,0,0,14,14,1953,5750,81,5831
2,27342,1302,0,0,56,14,1953,4096,279,4375
2,27342,1890,0,0,14,14,1953,3968,945,4913
2,27342,3402,0,0,14,14,1953,8750,243,8993
2,27342,3906,0,0,14,14,1953,1288,837,2125
2,27342,17150,0,0,14,14,1953,384,8575,8959
2,27342,17150,0,0,14,14,1953,28566,1225,29791
2,27342,18522,0,0,14,14,1953,32,6615,6647
2,27342,23814,0,0,14,14,1953,17000,5103,22103
2,27342,26250,0,0,14,14,1953,3038,1875,4913
2,27375,15,0,0,15,15,1825,4374,1,4375
2,27375,1095,0,0,15,15,1825,2450,73,2523
2,27375,1215,0,0,15,15,1825,42632,243,42875
2,27375,1875,0,0,15,15,1825,4704,625,5329
2,27375,5145,0,0,15,15,1825,1682,343,2025
2,27375,5145,0,0,15,15,1825,9344,2401,11745
2,27405,105,0,0,15,15,1827,27848,21,27869
2,27405,135,0,0,60,15,1827,3472,9,3481
2,27405,14415,0,0,15,15,1827,8,2883,2891
2,27408,16,0,0,16,16,1713,4374,1,4375
2,27455,17,0,0,17,17,1615,4374,1,4375
2,27455,17,0,0,34,17,1615,1700,1,1701
2,27455,17,0,0,68,17,1615,3024,1,3025
2,27455,85,0,0,34,17,1615,2052,5,2057
2,27455,119,0,0,17,17,1615,2048,77,2125
2,27455,119,0,0,17,17,1615,3200,49,3249
2,27455,119,0,0,17,17,1615,20570,7,20577
2,27455,187,0,0,17,17,1615,2250,11,2261
2,27455,289,0,0,17,17,1615,11858,17,11875
2,27455,289,0,0,17,17,1615,68590,17,68607
2,27455,289,0,0,34,17,1615,10108,17,10125
2,27455,323,0,0,17,17,1615,6050,19,6069
2,27455,323,0,0,17,17,1615,15606,19,15625
2,27455,323,0,0,17,17,1615,36992,133,37125
2,27455,323,0,0,34,17,1615,4356,19,4375
2,27455,323,0,0,34,17,1615,15876,19,15895
2,27455,323,0,0,136,17,1615,2816,19,2835
2,27455,357,0,0,17,17,1615,2312,63,2375
2,27455,833,0,0,17,17,1615,2250,49,2299
2,27455,1615,0,0,68,17,1615,2992,95,3087
2,27455,1683,0,0,17,17,1615,2432,693,3125
2,27455,2261,0,0,17,17,1615,3200,931,4131
2,27455,2499,0,0,17,17,1615,2584,441,3025
2,27455,2975,0,0,17,17,1615,5984,875,6859
2,27455,3553,0,0,17,17,1615,1666,209,1875
2,27455,4131,0,0,17,17,1615,1672,729,2401
2,27455,4165,0,0,17,17,1615,2662,245,2907
2,27455,4913,0,0,17,17,1615,2432,2023,4455
2,27455,5355,0,0,17,17,1615,4598,315,4913
2,27455,5831,0,0,17,17,1615,1782,343,2125
2,27455,5831,0,0,17,17,1615,1152,2401,3553
2,27455,6137,0,0,17,17,1615,6144,3971,10115
2,27455,6885,0,0,17,17,1615,32,2025,2057
2,27455,7225,0,0,17,17,1615,2662,425,3087
2,27455,9163,0,0,17,17,1615,4374,539,4913
2,27455,10285,0,0,17,17,1615,224,3025,3249
2,27455,10625,0,0,17,17,1615,512,5625,6137
2,27455,11475,0,0,17,17,1615,2888,2025,4913
2,27455,11781,0,0,17,17,1615,640,4851,5491
2,27455,12393,0,0,17,17,1615,2450,729,3179
2,27455,22627,0,0,17,17,1615,6250,1331,7581
2,27455,22627,0,0,17,17,1615,11552,6655,18207
2,27455,22627,0,0,17,17,1615,19494,1331,20825
2,27455,23375,0,0,17,17,1615,1026,1375,2401
2,27455,23409,0,0,17,17,1615,2744,4131,6875
2,27455,24871,0,0,17,17,1615,384,10241,10625
2,27482,7098,0,0,14,14,1963,77312,4563,81875
2,27495,45,0,0,60,15,1833,5872,3,5875
2,27495,585,0,0,30,15,1833,3008,117,3125
2,27495,705,0,0,120,15,1833,3328,47,3375
2,27510,14,0,0,14,14,1965,4374,1,4375
2,27510,4802,0,0,14,14,1965,128,2401,2529
2,27555,15,0,0,60,15,1837,2672,1,2673
2,27585,10935,0,0,15,15,1839,2104,2187,4291
2,27591,17,0,0,68,17,1623,2704,1,2705
2,27594,18,0,0,18,18,1533,4374,1,4375
2,27594,1458,0,0,18,18,1533,42632,243,42875
2,27594,2250,0,0,18,18,1533,4704,625,5329
2,27600,16,0,0,16,16,1725,64000,9,64009
2,27600,16,0,0,16,16,1725,71874,1,71875
2,27600,368,0,0,16,16,1725,19602,23,19625
2,27645,25215,0,0,15,15,1843,194,1681,1875
2,27720,330,0,0,60,15,1848,2368,33,2401
2,27761,17,0,0,17,17,1633,5750,1,5751
2,27761,459,0,0,17,17,1633,5014,27,5041
2,27761,1207,0,0,34,17,1633,2116,71,2187
2,27761,1853,0,0,17,17,1633,3266,109,3375
2,27795,5565,0,0,15,15,1853,128,2597,2725
2,27810,18,0,0,18,18,1545,1750,1,1751
2,27810,18,0,0,18,18,1545,4374,1,4375
2,27810,18,0,0,18,18,1545,59534,1,59535
2,27810,18,0,0,18,18,1545,65610,1,65611
2,27810,18,0,0,36,18,1545,1700,1,1701
2,27810,18,0,0,36,18,1545,31212,1,31213
2,27810,18,0,0,72,18,1545,10608,1,10609
2,27810,54,0,0,18,18,1545,2176,21,2197
2,27810,126,0,0,18,18,1545,3750,7,3757
2,27810,234,0,0,18,18,1545,8330,13,8343
2,27810,450,0,0,18,18,1545,9248,125,9373
2,27810,1530,0,0,18,18,1545,4374,85,4459
2,27810,1638,0,0,18,18,1545,8192,1183,9375
2,27810,2106,0,0,18,18,1545,1400,351,1751
2,27810,3042,0,0,18,18,1545,1854,169,2023
2,27810,3978,0,0,18,18,1545,640,1547,2187
2,27810,6174,0,0,18,18,1545,1854,343,2197
2,27810,7938,0,0,18,18,1545,6656,3969,10625
2,27810,9126,0,0,18,18,1545,3296,2535,5831
2,27810,16686,0,0,18,18,1545,2744,2781,5525
2,27810,24102,0,0,18,18,1545,686,1339,2025
2,27810,24786,0,0,18,18,1545,338,1377,1715
2,27825,15,0,0,15,15,1855,2592,5,2597
2,27825,15,0,0,15,15,1855,4374,1,4375
2,27825,105,0,0,15,15,1855,5618,7,5625
2,27825,5565,0,0,15,15,1855,6190,371,6561
2,27825,15435,0,0,15,15,1855,8,3087,3095
2,27825,21465,0,0,15,15,1855,40,4293,4333
2,27846,3094,0,0,34,17,1638,8192,1183,9375
2,27846,6188,0,0,68,17,1638,8192,1183,9375
2,27846,12376,0,0,136,17,1638,8192,1183,9375
2,27888,16,0,0,16,16,1743,4374,1,4375
2,27888,16,0,0,16,16,1743,10368,7,10375
2,27888,16,0,0,16,16,1743,33614,1,33615
2,27888,1328,0,0,64,16,1743,19600,83,19683
2,27888,1328,0,0,128,16,1743,1792,83,1875
2,27888,3888,0,0,16,16,1743,34202,243,34445
2,27888,16464,0,0,16,16,1743,44672,7203,51875
2,27900,2790,0,0,120,15,1860,4096,279,4375
2,27902,14,0,0,14,14,1993,4374,1,4375
2,27902,98,0,0,14,14,1993,3200,49,3249
2,27930,14,0,0,14,14,1995,4374,1,4375
2,27930,98,0,0,14,14,1995,3200,49,3249
2,27965,17,0,0,17,17,1645,4374,1,4375
2,27965,799,0,0,17,17,1645,1952,235,2187
2,27965,4165,0,0,17,17,1645,1152,1715,2867
2,27965,9639,0,0,17,17,1645,32,2835,2867
2,27965,11475,0,0,17,17,1645,376,2025,2401
2,27965,12393,0,0,17,17,1645,24064,6561,30625
2,27968,32,0,0,32,16,1748,12160,7,12167
2,27968,64,0,0,64,16,1748,12160,7,12167
2,27984,14256,0,0,16,16,1749,136,2673,2809
2,27990,5598,0,0,18,18,1555,6250,311,6561
2,28000,4000,0,0,32,16,1750,4704,625,5329
2,28000,8000,0,0,64,16,1750,4704,625,5329
2,28005,28005,0,0,15,15,1867,534,1867,2401
2,28067,17,0,0,17,17,1651,6858,1,6859
2,28080,16,0,0,16,16,1755,4374,1,4375
2,28080,144,0,0,16,16,1755,3200,63,3263
2,28080,560,0,0,16,16,1755,6526,35,6561
2,28080,1008,0,0,16,16,1755,2008,189,2197
2,28080,1456,0,0,16,16,1755,8192,1183,9375
2,28080,28080,0,0,16,16,1755,8032,8775,16807
2,28101,9367,0,0,34,17,1653,1324,551,1875
2,28203,28203,0,0,34,17,1659,9664,4977,14641
2,28215,735,0,0,15,15,1881,2152,147,2299
2,28215,3645,0,0,15,15,1881,1672,729,2401
2,28215,25515,0,0,15,15,1881,8,5103,5111
2,28240,2160,0,0,16,16,1765,9728,1215,10943
2,28245,15,0,0,30,15,1883,4900,1,4901
2,28272,496,0,0,16,16,1767,2318,31,2349
2,28272,9424,0,0,32,16,1767,3132,589,3721
2,28275,15,0,0,15,15,1885,4896,5,4901
2,28275,15,0,0,60,15,1885,4624,1,4625
2,28275,45,0,0,15,15,1885,6250,3,6253
2,28275,75,0,0,120,15,1885,9472,5,9477
2,28275,195,0,0,30,15,1885,3132,13,3145
2,28275,585,0,0,15,15,1885,6728,117,6845
2,28275,765,0,0,15,15,1885,2146,51,2197
2,28275,2025,0,0,15,15,1885,2738,135,2873
2,28275,12615,0,0,15,15,1885,8192,10933,19125
2,28275,13875,0,0,15,15,1885,288,4625,4913
2,28275,20535,0,0,15,15,1885,7250,1369,8619
2,28275,20535,0,0,15,15,1885,8704,12321,21025
2,28275,21645,0,0,15,15,1885,1682,1443,3125
2,28275,28125,0,0,15,15,1885,48778,1875,50653
2,28314,18,0,0,18,18,1573,4374,1,4375
2,28314,18,0,0,72,18,1573,3024,1,3025
2,28314,198,0,0,18,18,1573,1690,11,1701
2,28314,1638,0,0,18,18,1573,8192,1183,9375
2,28314,2178,0,0,18,18,1573,1352,363,1715
2,28314,2178,0,0,72,18,1573,4096,363,4459
2,28314,5346,0,0,18,18,1573,512,2673,3185
2,28314,9702,0,0,18,18,1573,8,1617,1625
2,28314,9702,0,0,18,18,1573,16000,3773,19773
2,28314,13122,0,0,18,18,1573,88,2187,2275
2,28314,15246,0,0,18,18,1573,1350,847,2197
2,28314,23958,0,0,18,18,1573,294,1331,1625
2,28336,368,0,0,16,16,1771,23814,23,23837
2,28350,18,0,0,18,18,1575,4374,1,4375
2,28350,18,0,0,18,18,1575,10368,7,10375
2,28350,18,0,0,18,18,1575,33614,1,33615
2,28350,126,0,0,18,18,1575,3200,49,3249
2,28458,558,0,0,36,18,1581,19652,31,19683
2,28475,1377,0,0,17,17,1675,8192,1053,9245
2,28475,9503,0,0,17,17,1675,1250,559,1809
2,28475,10251,0,0,17,17,1675,40,1809,1849
2,28509,3723,0,0,17,17,1677,1978,219,2197
2,28528,16,0,0,16,16,1783,4374,1,4375
2,28528,28528,0,0,64,16,1783,240,1783,2023
2,28530,18,0,0,18,18,1585,7290,1,7291
2,28545,165,0,0,15,15,1903,3114,11,3125
2,28545,2595,0,0,30,15,1903,2500,173,2673
2,28557,19,0,0,19,19,1503,4374,1,4375
2,28557,3173,0,0,38,19,1503,1548,167,1715
2,28560,16,0,0,16,16,1785,4374,1,4375
2,28577,15147,0,0,17,17,1681,2048,9801,11849
2,28611,17,0,0,17,17,1683,34374,1,34375
2,28611,3179,0,0,68,17,1683,2000,187,2187
2,28611,4131,0,0,17,17,1683,5000,729,5729
2,28611,6885,0,0,17,17,1683,32,2025,2057
2,28624,28624,0,0,16,16,1789,398,1789,2187
2,28635,45,0,0,15,15,1909,2392,9,2401
2,28635,3645,0,0,15,15,1909,2158,243,2401
2,28635,17745,0,0,15,15,1909,1058,1183,2241
2,28674,5310,0,0,18,18,1593,7776,1475,9251
2,28674,15138,0,0,18,18,1593,6534,841,7375
2,28747,7125,0,0,19,19,1513,9826,375,10201
2,28785,285,0,0,76,19,1515,4096,45,4141
2,28785,7125,0,0,19,19,1515,3362,375,3737
2,28842,418,0,0,38,19,1518,11776,99,11875
2,28842,836,0,0,76,19,1518,11776,99,11875
2,28845,15,0,0,15,15,1923,4374,1,4375
2,28845,15,0,0,60,15,1923,3024,1,3025
2,28845,9615,0,0,60,15,1923,14000,641,14641
2,28845,13365,0,0,15,15,1923,32,4455,4487
2,28854,18,0,0,18,18,1603,4374,1,4375
2,28854,1458,0,0,18,18,1603,5000,243,5243
2,28875,9375,0,0,15,15,1925,32,3125,3157
2,28875,13125,0,0,15,15,1925,1312,4375,5687
2,28951,4675,0,0,17,17,1703,1922,275,2197
2,28985,17,0,0,17,17,1705,3750,1,3751
2,28985,153,0,0,17,17,1705,6250,9,6259
2,28985,187,0,0,34,17,1705,2500,11,2511
2,28995,10935,0,0,15,15,1933,77320,2187,79507
2,29008,16,0,0,16,16,1813,4374,1,4375
2,29008,16,0,0,64,16,1813,3024,1,3025
2,29008,176,0,0,16,16,1813,9250,11,9261
2,29008,784,0,0,64,16,1813,6512,49,6561
2,29008,21904,0,0,16,16,1813,83006,1369,84375
2,29025,405,0,0,15,15,1935,3698,27,3725
2,29025,645,0,0,15,15,1935,15496,129,15625
2,29025,645,0,0,60,15,1935,4096,129,4225
2,29025,1215,0,0,15,15,1935,8192,1053,9245
2,29025,4875,0,0,15,15,1935,3698,325,4023
2,29025,20115,0,0,15,15,1935,1352,4023,5375
2,29025,27735,0,0,15,15,1935,338,1849,2187
2,29036,238,0,0,34,17,1708,3200,49,3249
2,29036,476,0,0,68,17,1708,3200,49,3249
2,29040,16,0,0,16,16,1815,64000,9,64009
2,29040,16,0,0,16,16,1815,71874,1,71875
2,29040,176,0,0,16,16,1815,3634,11,3645
2,29040,2000,0,0,16,16,1815,1738,125,1863
2,29040,3792,0,0,16,16,1815,512,2133,2645
2,29040,5808,0,0,16,16,1815,14536,1089,15625
2,29040,10800,0,0,16,16,1815,5566,675,6241
2,29070,18,0,0,18,18,1615,4374,1,4375
2,29070,18,0,0,36,18,1615,1700,1,1701
2,29070,18,0,0,72,18,1615,3024,1,3025
2,29070,90,0,0,36,18,1615,2052,5,2057
2,29070,126,0,0,18,18,1615,2048,77,2125
2,29070,126,0,0,18,18,1615,3200,49,3249
2,29070,126,0,0,18,18,1615,20570,7,20577
2,29070,198,0,0,18,18,1615,2250,11,2261
2,29070,306,0,0,18,18,1615,11858,17,11875
2,29070,306,0,0,18,18,1615,68590,17,68607
2,29070,306,0,0,36,18,1615,10108,17,10125
2,29070,342,0,0,18,18,1615,6050,19,6069
2,29070,342,0,0,18,18,1615,15606,19,15625
2,29070,342,0,0,18,18,1615,36992,133,37125
2,29070,342,0,0,36,18,1615,4356,19,4375
2,29070,342,0,0,36,18,1615,15876,19,15895
2,29070,378,0,0,18,18,1615,2312,63,2375
2,29070,882,0,0,18,18,1615,2250,49,2299
2,29070,1710,0,0,72,18,1615,2992,95,3087
2,29070,1782,0,0,18,18,1615,2432,693,3125
2,29070,2394,0,0,18,18,1615,3200,931,4131
2,29070,2646,0,0,18,18,1615,2584,441,3025
2,29070,3150,0,0,18,18,1615,5984,875,6859
2,29070,3762,0,0,18,18,1615,1666,209,1875
2,29070,4374,0,0,18,18,1615,1672,729,2401
2,29070,4410,0,0,18,18,1615,2662,245,2907
2,29070,5202,0,0,18,18,1615,2432,2023,4455
2,29070,5670,0,0,18,18,1615,4598,315,4913
2,29070,6174,0,0,18,18,1615,1782,343,2125
2,29070,6174,0,0,18,18,1615,1152,2401,3553
2,29070,6498,0,0,18,18,1615,6144,3971,10115
2,29070,7290,0,0,18,18,1615,32,2025,2057
2,29070,7650,0,0,18,18,1615,2662,425,3087
2,29070,9702,0,0,18,18,1615,4374,539,4913
2,29070,10890,0,0,18,18,1615,224,3025,3249
2,29070,11250,0,0,18,18,1615,512,5625,6137
2,29070,12150,0,0,18,18,1615,2888,2025,4913
2,29070,12474,0,0,18,18,1615,640,4851,5491
2,29070,13122,0,0,18,18,1615,2450,729,3179
2,29070,23958,0,0,18,18,1615,6250,1331,7581
2,29070,23958,0,0,18,18,1615,11552,6655,18207
2,29070,23958,0,0,18,18,1615,19494,1331,20825
2,29070,24750,0,0,18,18,1615,1026,1375,2401
2,29070,24786,0,0,18,18,1615,2744,4131,6875
2,29070,26334,0,0,18,18,1615,384,10241,10625
2,29088,3232,0,0,32,16,1818,7776,505,8281
2,29088,6464,0,0,64,16,1818,7776,505,8281
2,29121,17,0,0,17,17,1713,4374,1,4375
2,29127,19,0,0,19,19,1533,4374,1,4375
2,29127,1539,0,0,19,19,1533,42632,243,42875
2,29127,2375,0,0,19,19,1533,4704,625,5329
2,29175,3645,0,0,15,15,1945,77800,729,78529
2,29175,5835,0,0,15,15,1945,6750,389,7139
2,29175,29175,0,0,15,15,1945,242,1945,2187
2,29200,16,0,0,16,16,1825,4374,1,4375
2,29200,1168,0,0,16,16,1825,2450,73,2523
2,29200,1296,0,0,16,16,1825,42632,243,42875
2,29200,2000,0,0,16,16,1825,4704,625,5329
2,29200,5488,0,0,16,16,1825,1682,343,2025
2,29200,5488,0,0,16,16,1825,9344,2401,11745
2,29214,18,0,0,72,18,1623,2704,1,2705
2,29232,112,0,0,16,16,1827,27848,21,27869
2,29232,144,0,0,64,16,1827,3472,9,3481
2,29232,15376,0,0,16,16,1827,8,2883,2891
2,29295,15,0,0,15,15,1953,4374,1,4375
2,29295,45,0,0,15,15,1953,4802,3,4805
2,29295,75,0,0,15,15,1953,12152,15,12167
2,29295,105,0,0,15,15,1953,32798,7,32805
2,29295,135,0,0,30,15,1953,2116,9,2125
2,29295,255,0,0,15,15,1953,2170,17,2187
2,29295,255,0,0,15,15,1953,12150,17,12167
2,29295,465,0,0,30,15,1953,19652,31,19683
2,29295,1215,0,0,15,15,1953,5750,81,5831
2,29295,1395,0,0,60,15,1953,4096,279,4375
2,29295,2025,0,0,15,15,1953,3968,945,4913
2,29295,3645,0,0,15,15,1953,8750,243,8993
2,29295,4185,0,0,15,15,1953,1288,837,2125
2,29295,18375,0,0,15,15,1953,384,8575,8959
2,29295,18375,0,0,15,15,1953,28566,1225,29791
2,29295,19845,0,0,15,15,1953,32,6615,6647
2,29295,25515,0,0,15,15,1953,17000,5103,22103
2,29295,28125,0,0,15,15,1953,3038,1875,4913
2,29325,17,0,0,17,17,1725,64000,9,64009
2,29325,17,0,0,17,17,1725,71874,1,71875
2,29325,391,0,0,17,17,1725,19602,23,19625
2,29328,48,0,0,64,16,1833,5872,3,5875
2,29328,624,0,0,32,16,1833,3008,117,3125
2,29328,752,0,0,128,16,1833,3328,47,3375
2,29355,19,0,0,19,19,1545,1750,1,1751
2,29355,19,0,0,19,19,1545,4374,1,4375
2,29355,19,0,0,19,19,1545,59534,1,59535
2,29355,19,0,0,19,19,1545,65610,1,65611
2,29355,19,0,0,38,19,1545,1700,1,1701
2,29355,19,0,0,38,19,1545,31212,1,31213
2,29355,19,0,0,76,19,1545,10608,1,10609
2,29355,57,0,0,19,19,1545,2176,21,2197
2,29355,133,0,0,19,19,1545,3750,7,3757
2,29355,247,0,0,19,19,1545,8330,13,8343
2,29355,475,0,0,19,19,1545,9248,125,9373
2,29355,1615,0,0,19,19,1545,4374,85,4459
2,29355,1729,0,0,19,19,1545,8192,1183,9375
2,29355,2223,0,0,19,19,1545,1400,351,1751
2,29355,3211,0,0,19,19,1545,1854,169,2023
2,29355,4199,0,0,19,19,1545,640,1547,2187
2,29355,6517,0,0,19,19,1545,1854,343,2197
2,29355,8379,0,0,19,19,1545,6656,3969,10625
2,29355,9633,0,0,19,19,1545,3296,2535,5831
2,29355,17613,0,0,19,19,1545,2744,2781,5525
2,29355,25441,0,0,19,19,1545,686,1339,2025
2,29355,26163,0,0,19,19,1545,338,1377,1715
2,29392,16,0,0,64,16,1837,2672,1,2673
2,29394,18,0,0,18,18,1633,5750,1,5751
2,29394,486,0,0,18,18,1633,5014,27,5041
2,29394,1278,0,0,36,18,1633,2116,71,2187
2,29394,1962,0,0,18,18,1633,3266,109,3375
2,29424,11664,0,0,16,16,1839,2104,2187,4291
2,29445,7605,0,0,15,15,1963,77312,4563,81875
2,29475,15,0,0,15,15,1965,4374,1,4375
2,29475,5145,0,0,15,15,1965,128,2401,2529
2,29484,3276,0,0,36,18,1638,8192,1183,9375
2,29484,6552,0,0,72,18,1638,8192,1183,9375
2,29488,26896,0,0,16,16,1843,194,1681,1875
2,29545,5909,0,0,19,19,1555,6250,311,6561
2,29568,352,0,0,64,16,1848,2368,33,2401
2,29610,18,0,0,18,18,1645,4374,1,4375
2,29610,846,0,0,18,18,1645,1952,235,2187
2,29610,4410,0,0,18,18,1645,1152,1715,2867
2,29610,10206,0,0,18,18,1645,32,2835,2867
2,29610,12150,0,0,18,18,1645,376,2025,2401
2,29610,13122,0,0,18,18,1645,24064,6561,30625
2,29631,17,0,0,17,17,1743,4374,1,4375
2,29631,17,0,0,17,17,1743,10368,7,10375
2,29631,17,0,0,17,17,1743,33614,1,33615
2,29631,1411,0,0,68,17,1743,19600,83,19683
2,29631,1411,0,0,136,17,1743,1792,83,1875
2,29631,4131,0,0,17,17,1743,34202,243,34445
2,29631,17493,0,0,17,17,1743,44672,7203,51875
2,29648,5936,0,0,16,16,1853,128,2597,2725
2,29680,16,0,0,16,16,1855,2592,5,2597
2,29680,16,0,0,16,16,1855,4374,1,4375
2,29680,112,0,0,16,16,1855,5618,7,5625
2,29680,5936,0,0,16,16,1855,6190,371,6561
2,29680,16464,0,0,16,16,1855,8,3087,3095
2,29680,22896,0,0,16,16,1855,40,4293,4333
2,29716,34,0,0,34,17,1748,12160,7,12167
2,29716,68,0,0,68,17,1748,12160,7,12167
2,29718,18,0,0,18,18,1651,6858,1,6859
2,29733,15147,0,0,17,17,1749,136,2673,2809
2,29750,4250,0,0,34,17,1750,4704,625,5329
2,29750,8500,0,0,68,17,1750,4704,625,5329
2,29754,9918,0,0,36,18,1653,1324,551,1875
2,29760,2976,0,0,128,16,1860,4096,279,4375
2,29835,17,0,0,17,17,1755,4374,1,4375
2,29835,153,0,0,17,17,1755,3200,63,3263
2,29835,595,0,0,17,17,1755,6526,35,6561
2,29835,1071,0,0,17,17,1755,2008,189,2197
2,29835,1547,0,0,17,17,1755,8192,1183,9375
2,29835,29835,0,0,17,17,1755,8032,8775,16807
2,29862,29862,0,0,36,18,1659,9664,4977,14641
2,29872,29872,0,0,16,16,1867,534,1867,2401
2,29887,19,0,0,19,19,1573,4374,1,4375
2,29887,19,0,0,76,19,1573,3024,1,3025
2,29887,209,0,0,19,19,1573,1690,11,1701
2,29887,1729,0,0,19,19,1573,8192,1183,9375
2,29887,2299,0,0,19,19,1573,1352,363,1715
2,29887,2299,0,0,76,19,1573,4096,363,4459
2,29887,5643,0,0,19,19,1573,512,2673,3185
2,29887,10241,0,0,19,19,1573,8,1617,1625
2,29887,10241,0,0,19,19,1573,16000,3773,19773
2,29887,13851,0,0,19,19,1573,88,2187,2275
2,29887,16093,0,0,19,19,1573,1350,847,2197
2,29887,25289,0,0,19,19,1573,294,1331,1625
2,29895,15,0,0,15,15,1993,4374,1,4375
2,29895,105,0,0,15,15,1993,3200,49,3249
2,29925,15,0,0,15,15,1995,4374,1,4375
2,29925,19,0,0,19,19,1575,4374,1,4375
2,29925,19,0,0,19,19,1575,10368,7,10375
2,29925,19,0,0,19,19,1575,33614,1,33615
2,29925,105,0,0,15,15,1995,3200,49,3249
2,29925,133,0,0,19,19,1575,3200,49,3249
2,30005,2295,0,0,17,17,1765,9728,1215,10943
2,30039,527,0,0,17,17,1767,2318,31,2349
2,30039,589,0,0,38,19,1581,19652,31,19683
2,30039,10013,0,0,34,17,1767,3132,589,3721
2,30060,20,0,0,20,20,1503,4374,1,4375
2,30060,3340,0,0,40,20,1503,1548,167,1715
2,30096,784,0,0,16,16,1881,2152,147,2299
2,30096,3888,0,0,16,16,1881,1672,729,2401
2,30096,27216,0,0,16,16,1881,8,5103,5111
2,30107,391,0,0,17,17,1771,23814,23,23837
2,30115,19,0,0,19,19,1585,7290,1,7291
2,30128,16,0,0,32,16,1883,4900,1,4901
2,30150,1458,0,0,18,18,1675,8192,1053,9245
2,30150,10062,0,0,18,18,1675,1250,559,1809
2,30150,10854,0,0,18,18,1675,40,1809,1849
2,30160,16,0,0,16,16,1885,4896,5,4901
2,30160,16,0,0,64,16,1885,4624,1,4625
2,30160,48,0,0,16,16,1885,6250,3,6253
2,30160,80,0,0,128,16,1885,9472,5,9477
2,30160,208,0,0,32,16,1885,3132,13,3145
2,30160,624,0,0,16,16,1885,6728,117,6845
2,30160,816,0,0,16,16,1885,2146,51,2197
2,30160,2160,0,0,16,16,1885,2738,135,2873
2,30160,13456,0,0,16,16,1885,8192,10933,19125
2,30160,14800,0,0,16,16,1885,288,4625,4913
2,30160,21904,0,0,16,16,1885,7250,1369,8619
2,30160,21904,0,0,16,16,1885,8704,12321,21025
2,30160,23088,0,0,16,16,1885,1682,1443,3125
2,30160,30000,0,0,16,16,1885,48778,1875,50653
2,30186,3942,0,0,18,18,1677,1978,219,2197
2,30258,16038,0,0,18,18,1681,2048,9801,11849
2,30260,7500,0,0,20,20,1513,9826,375,10201
2,30267,5605,0,0,19,19,1593,7776,1475,9251
2,30267,15979,0,0,19,19,1593,6534,841,7375
2,30294,18,0,0,18,18,1683,34374,1,34375
2,30294,3366,0,0,72,18,1683,2000,187,2187
2,30294,4374,0,0,18,18,1683,5000,729,5729
2,30294,7290,0,0,18,18,1683,32,2025,2057
2,30300,300,0,0,80,20,1515,4096,45,4141
2,30300,7500,0,0,20,20,1515,3362,375,3737
2,30311,17,0,0,17,17,1783,4374,1,4375
2,30311,30311,0,0,68,17,1783,240,1783,2023
2,30345,17,0,0,17,17,1785,4374,1,4375
2,30360,440,0,0,40,20,1518,11776,99,11875
2,30360,880,0,0,80,20,1518,11776,99,11875
2,30413,30413,0,0,17,17,1789,398,1789,2187
2,30448,176,0,0,16,16,1903,3114,11,3125
2,30448,2768,0,0,32,16,1903,2500,173,2673
2,30457,19,0,0,19,19,1603,4374,1,4375
2,30457,1539,0,0,19,19,1603,5000,243,5243
2,30544,48,0,0,16,16,1909,2392,9,2401
2,30544,3888,0,0,16,16,1909,2158,243,2401
2,30544,18928,0,0,16,16,1909,1058,1183,2241
2,30654,4950,0,0,18,18,1703,1922,275,2197
2,30660,20,0,0,20,20,1533,4374,1,4375
2,30660,1620,0,0,20,20,1533,42632,243,42875
2,30660,2500,0,0,20,20,1533,4704,625,5329
2,30685,19,0,0,19,19,1615,4374,1,4375
2,30685,19,0,0,38,19,1615,1700,1,1701
2,30685,19,0,0,76,19,1615,3024,1,3025
2,30685,95,0,0,38,19,1615,2052,5,2057
2,30685,133,0,0,19,19,1615,2048,77,2125
2,30685,133,0,0,19,19,1615,3200,49,3249
2,30685,133,0,0,19,19,1615,20570,7,20577
2,30685,209,0,0,19,19,1615,2250,11,2261
2,30685,323,0,0,19,19,1615,11858,17,11875
2,30685,323,0,0,19,19,1615,68590,17,68607
2,30685,323,0,0,38,19,1615,10108,17,10125
2,30685,361,0,0,19,19,1615,6050,19,6069
2,30685,361,0,0,19,19,1615,15606,19,15625
2,30685,361,0,0,19,19,1615,36992,133,37125
2,30685,361,0,0,38,19,1615,4356,19,4375
2,30685,361,0,0,38,19,1615,15876,19,15895
2,30685,399,0,0,19,19,1615,2312,63,2375
2,30685,931,0,0,19,19,1615,2250,49,2299
2,30685,1805,0,0,76,19,1615,2992,95,3087
2,30685,1881,0,0,19,19,1615,2432,693,3125
2,30685,2527,0,0,19,19,1615,3200,931,4131
2,30685,2793,0,0,19,19,1615,2584,441,3025
2,30685,3325,0,0,19,19,1615,5984,875,6859
2,30685,3971,0,0,19,19,1615,1666,209,1875
2,30685,4617,0,0,19,19,1615,1672,729,2401
2,30685,4655,0,0,19,19,1615,2662,245,2907
2,30685,5491,0,0,19,19,1615,2432,2023,4455
2,30685,5985,0,0,19,19,1615,4598,315,4913
2,30685,6517,0,0,19,19,1615,1782,343,2125
2,30685,6517,0,0,19,19,1615,1152,2401,3553
2,30685,6859,0,0,19,19,1615,6144,3971,10115
2,30685,7695,0,0,19,19,1615,32,2025,2057
2,30685,8075,0,0,19,19,1615,2662,425,3087
2,30685,10241,0,0,19,19,1615,4374,539,4913
2,30685,11495,0,0,19,19,1615,224,3025,3249
2,30685,11875,0,0,19,19,1615,512,5625,6137
2,30685,12825,0,0,19,19,1615,2888,2025,4913
2,30685,13167,0,0,19,19,1615,640,4851,5491
2,30685,13851,0,0,19,19,1615,2450,729,3179
2,30685,25289,0,0,19,19,1615,6250,1331,7581
2,30685,25289,0,0,19,19,1615,11552,6655,18207
2,30685,25289,0,0,19,19,1615,19494,1331,20825
2,30685,26125,0,0,19,19,1615,1026,1375,2401
2,30685,26163,0,0,19,19,1615,2744,4131,6875
2,30685,27797,0,0,19,19,1615,384,10241,10625
2,30690,18,0,0,18,18,1705,3750,1,3751
2,30690,162,0,0,18,18,1705,6250,9,6259
2,30690,198,0,0,36,18,1705,2500,11,2511
2,30744,252,0,0,36,18,1708,3200,49,3249
2,30744,504,0,0,72,18,1708,3200,49,3249
2,30768,16,0,0,16,16,1923,4374,1,4375
2,30768,16,0,0,64,16,1923,3024,1,3025
2,30768,10256,0,0,64,16,1923,14000,641,14641
2,30768,14256,0,0,16,16,1923,32,4455,4487
2,30800,10000,0,0,16,16,1925,32,3125,3157
2,30800,14000,0,0,16,16,1925,1312,4375,5687
2,30821,17,0,0,17,17,1813,4374,1,4375
2,30821,17,0,0,68,17,1813,3024,1,3025
2,30821,187,0,0,17,17,1813,9250,11,9261
2,30821,833,0,0,68,17,1813,6512,49,6561
2,30821,23273,0,0,17,17,1813,83006,1369,84375
2,30834,18,0,0,18,18,1713,4374,1,4375
2,30837,19,0,0,76,19,1623,2704,1,2705
2,30855,17,0,0,17,17,1815,64000,9,64009
2,30855,17,0,0,17,17,1815,71874,1,71875
2,30855,187,0,0,17,17,1815,3634,11,3645
2,30855,2125,0,0,17,17,1815,1738,125,1863
2,30855,4029,0,0,17,17,1815,512,2133,2645
2,30855,6171,0,0,17,17,1815,14536,1089,15625
2,30855,11475,0,0,17,17,1815,5566,675,6241
2,30900,20,0,0,20,20,1545,1750,1,1751
2,30900,20,0,0,20,20,1545,4374,1,4375
2,30900,20,0,0,20,20,1545,59534,1,59535
2,30900,20,0,0,20,20,1545,65610,1,65611
2,30900,20,0,0,40,20,1545,1700,1,1701
2,30900,20,0,0,40,20,1545,31212,1,31213
2,30900,20,0,0,80,20,1545,10608,1,10609
2,30900,60,0,0,20,20,1545,2176,21,2197
2,30900,140,0,0,20,20,1545,3750,7,3757
2,30900,260,0,0,20,20,1545,8330,13,8343
2,30900,500,0,0,20,20,1545,9248,125,9373
2,30900,1700,0,0,20,20,1545,4374,85,4459
2,30900,1820,0,0,20,20,1545,8192,1183,9375
2,30900,2340,0,0,20,20,1545,1400,351,1751
2,30900,3380,0,0,20,20,1545,1854,169,2023
2,30900,4420,0,0,20,20,1545,640,1547,2187
2,30900,6860,0,0,20,20,1545,1854,343,2197
2,30900,8820,0,0,20,20,1545,6656,3969,10625
2,30900,10140,0,0,20,20,1545,3296,2535,5831
2,30900,18540,0,0,20,20,1545,2744,2781,5525
2,30900,26780,0,0,20,20,1545,686,1339,2025
2,30900,27540,0,0,20,20,1545,338,1377,1715
2,30906,3434,0,0,34,17,1818,7776,505,8281
2,30906,6868,0,0,68,17,1818,7776,505,8281
2,30928,11664,0,0,16,16,1933,77320,2187,79507
2,30960,432,0,0,16,16,1935,3698,27,3725
2,30960,688,0,0,16,16,1935,15496,129,15625
2,30960,688,0,0,64,16,1935,4096,129,4225
2,30960,1296,0,0,16,16,1935,8192,1053,9245
2,30960,5200,0,0,16,16,1935,3698,325,4023
2,30960,21456,0,0,16,16,1935,1352,4023,5375
2,30960,29584,0,0,16,16,1935,338,1849,2187
2,31025,17,0,0,17,17,1825,4374,1,4375
2,31025,1241,0,0,17,17,1825,2450,73,2523
2,31025,1377,0,0,17,17,1825,42632,243,42875
2,31025,2125,0,0,17,17,1825,4704,625,5329
2,31025,5831,0,0,17,17,1825,1682,343,2025
2,31025,5831,0,0,17,17,1825,9344,2401,11745
2,31027,19,0,0,19,19,1633,5750,1,5751
2,31027,513,0,0,19,19,1633,5014,27,5041
2,31027,1349,0,0,38,19,1633,2116,71,2187
2,31027,2071,0,0,19,19,1633,3266,109,3375
2,31050,18,0,0,18,18,1725,64000,9,64009
2,31050,18,0,0,18,18,1725,71874,1,71875
2,31050,414,0,0,18,18,1725,19602,23,19625
2,31059,119,0,0,17,17,1827,27848,21,27869
2,31059,153,0,0,68,17,1827,3472,9,3481
2,31059,16337,0,0,17,17,1827,8,2883,2891
2,31100,6220,0,0,20,20,1555,6250,311,6561
2,31120,3888,0,0,16,16,1945,77800,729,78529
2,31120,6224,0,0,16,16,1945,6750,389,7139
2,31120,31120,0,0,16,16,1945,242,1945,2187
2,31122,3458,0,0,38,19,1638,8192,1183,9375
2,31122,6916,0,0,76,19,1638,8192,1183,9375
2,31161,51,0,0,68,17,1833,5872,3,5875
2,31161,663,0,0,34,17,1833,3008,117,3125
2,31161,799,0,0,136,17,1833,3328,47,3375
2,31229,17,0,0,68,17,1837,2672,1,2673
2,31248,16,0,0,16,16,1953,4374,1,4375
2,31248,48,0,0,16,16,1953,4802,3,4805
2,31248,80,0,0,16,16,1953,12152,15,12167
2,31248,112,0,0,16,16,1953,32798,7,32805
2,31248,144,0,0,32,16,1953,2116,9,2125
2,31248,272,0,0,16,16,1953,2170,17,2187
2,31248,272,0,0,16,16,1953,12150,17,12167
2,31248,496,0,0,32,16,1953,19652,31,19683
2,31248,1296,0,0,16,16,1953,5750,81,5831
2,31248,1488,0,0,64,16,1953,4096,279,4375
2,31248,2160,0,0,16,16,1953,3968,945,4913
2,31248,3888,0,0,16,16,1953,8750,243,8993
2,31248,4464,0,0,16,16,1953,1288,837,2125
2,31248,19600,0,0,16,16,1953,384,8575,8959
2,31248,19600,0,0,16,16,1953,28566,1225,29791
2,31248,21168,0,0,16,16,1953,32,6615,6647
2,31248,27216,0,0,16,16,1953,17000,5103,22103
2,31248,30000,0,0,16,16,1953,3038,1875,4913
2,31255,19,0,0,19,19,1645,4374,1,4375
2,31255,893,0,0,19,19,1645,1952,235,2187
2,31255,4655,0,0,19,19,1645,1152,1715,2867
2,31255,10773,0,0,19,19,1645,32,2835,2867
2,31255,12825,0,0,19,19,1645,376,2025,2401
2,31255,13851,0,0,19,19,1645,24064,6561,30625
2,31263,12393,0,0,17,17,1839,2104,2187,4291
2,31331,28577,0,0,17,17,1843,194,1681,1875
2,31369,19,0,0,19,19,1651,6858,1,6859
2,31374,18,0,0,18,18,1743,4374,1,4375
2,31374,18,0,0,18,18,1743,10368,7,10375
2,31374,18,0,0,18,18,1743,33614,1,33615
2,31374,1494,0,0,72,18,1743,19600,83,19683
2,31374,4374,0,0,18,18,1743,34202,243,34445
2,31374,18522,0,0,18,18,1743,44672,7203,51875
2,31407,10469,0,0,38,19,1653,1324,551,1875
2,31408,8112,0,0,16,16,1963,77312,4563,81875
2,31416,374,0,0,68,17,1848,2368,33,2401
2,31440,16,0,0,16,16,1965,4374,1,4375
2,31440,5488,0,0,16,16,1965,128,2401,2529
2,31460,20,0,0,20,20,1573,4374,1,4375
2,31460,20,0,0,80,20,1573,3024,1,3025
2,31460,220,0,0,20,20,1573,1690,11,1701
2,31460,1820,0,0,20,20,1573,8192,1183,9375
2,31460,2420,0,0,20,20,1573,1352,363,1715
2,31460,2420,0,0,80,20,1573,4096,363,4459
2,31460,5940,0,0,20,20,1573,512,2673,3185
2,31460,10780,0,0,20,20,1573,8,1617,1625
2,31460,10780,0,0,20,20,1573,16000,3773,19773
2,31460,14580,0,0,20,20,1573,88,2187,2275
2,31460,16940,0,0,20,20,1573,1350,847,2197
2,31460,26620,0,0,20,20,1573,294,1331,1625
2,31464,36,0,0,36,18,1748,12160,7,12167
2,31464,72,0,0,72,18,1748,12160,7,12167
2,31482,16038,0,0,18,18,1749,136,2673,2809
2,31500,20,0,0,20,20,1575,4374,1,4375
2,31500,20,0,0,20,20,1575,10368,7,10375
2,31500,20,0,0,20,20,1575,33614,1,33615
2,31500,140,0,0,20,20,1575,3200,49,3249
2,31500,4500,0,0,36,18,1750,4704,625,5329
2,31500,9000,0,0,72,18,1750,4704,625,5329
2,31501,6307,0,0,17,17,1853,128,2597,2725
2,31521,31521,0,0,38,19,1659,9664,4977,14641
2,31535,17,0,0,17,17,1855,2592,5,2597
2,31535,17,0,0,17,17,1855,4374,1,4375
2,31535,119,0,0,17,17,1855,5618,7,5625
2,31535,6307,0,0,17,17,1855,6190,371,6561
2,31535,17493,0,0,17,17,1855,8,3087,3095
2,31535,24327,0,0,17,17,1855,40,4293,4333
2,31563,21,0,0,21,21,1503,4374,1,4375
2,31563,3507,0,0,42,21,1503,1548,167,1715
2,31590,18,0,0,18,18,1755,4374,1,4375
2,31590,162,0,0,18,18,1755,3200,63,3263
2,31590,630,0,0,18,18,1755,6526,35,6561
2,31590,1134,0,0,18,18,1755,2008,189,2197
2,31590,1638,0,0,18,18,1755,8192,1183,9375
2,31590,31590,0,0,18,18,1755,8032,8775,16807
2,31620,620,0,0,40,20,1581,19652,31,19683
2,31620,3162,0,0,136,17,1860,4096,279,4375
2,31700,20,0,0,20,20,1585,7290,1,7291
2,31739,31739,0,0,17,17,1867,534,1867,2401
2,31770,2430,0,0,18,18,1765,9728,1215,10943
2,31773,7875,0,0,21,21,1513,9826,375,10201
2,31806,558,0,0,18,18,1767,2318,31,2349
2,31806,10602,0,0,36,18,1767,3132,589,3721
2,31815,315,0,0,84,21,1515,4096,45,4141
2,31815,7875,0,0,21,21,1515,3362,375,3737
2,31825,1539,0,0,19,19,1675,8192,1053,9245
2,31825,10621,0,0,19,19,1675,1250,559,1809
2,31825,11457,0,0,19,19,1675,40,1809,1849
2,31860,5900,0,0,20,20,1593,7776,1475,9251
2,31860,16820,0,0,20,20,1593,6534,841,7375
2,31863,4161,0,0,19,19,1677,1978,219,2197
2,31878,414,0,0,18,18,1771,23814,23,23837
2,31878,462,0,0,42,21,1518,11776,99,11875
2,31878,924,0,0,84,21,1518,11776,99,11875
2,31888,16,0,0,16,16,1993,4374,1,4375
2,31888,112,0,0,16,16,1993,3200,49,3249
2,31920,16,0,0,16,16,1995,4374,1,4375
2,31920,112,0,0,16,16,1995,3200,49,3249
2,31939,16929,0,0,19,19,1681,2048,9801,11849
2,31977,19,0,0,19,19,1683,34374,1,34375
2,31977,833,0,0,17,17,1881,2152,147,2299
2,31977,3553,0,0,76,19,1683,2000,187,2187
2,31977,4131,0,0,17,17,1881,1672,729,2401
2,31977,4617,0,0,19,19,1683,5000,729,5729
2,31977,7695,0,0,19,19,1683,32,2025,2057
2,31977,28917,0,0,17,17,1881,8,5103,5111
2,32011,17,0,0,34,17,1883,4900,1,4901
2,32045,17,0,0,17,17,1885,4896,5,4901
2,32045,17,0,0,68,17,1885,4624,1,4625
2,32045,51,0,0,17,17,1885,6250,3,6253
2,32045,85,0,0,136,17,1885,9472,5,9477
2,32045,221,0,0,34,17,1885,3132,13,3145
2,32045,663,0,0,17,17,1885,6728,117,6845
2,32045,867,0,0,17,17,1885,2146,51,2197
2,32045,2295,0,0,17,17,1885,2738,135,2873
2,32045,14297,0,0,17,17,1885,8192,10933,19125
2,32045,15725,0,0,17,17,1885,288,4625,4913
2,32045,23273,0,0,17,17,1885,7250,1369,8619
2,32045,23273,0,0,17,17,1885,8704,12321,21025
2,32045,24531,0,0,17,17,1885,1682,1443,3125
2,32045,31875,0,0,17,17,1885,48778,1875,50653
2,32060,20,0,0,20,20,1603,4374,1,4375
2,32060,1620,0,0,20,20,1603,5000,243,5243
2,32094,18,0,0,18,18,1783,4374,1,4375
2,32094,32094,0,0,72,18,1783,240,1783,2023
2,32130,18,0,0,18,18,1785,4374,1,4375
2,32193,21,0,0,21,21,1533,4374,1,4375
2,32193,1701,0,0,21,21,1533,42632,243,42875
2,32193,2625,0,0,21,21,1533,4704,625,5329
2,32202,32202,0,0,18,18,1789,398,1789,2187
2,32300,20,0,0,20,20,1615,4374,1,4375
2,32300,20,0,0,40,20,1615,1700,1,1701
2,32300,20,0,0,80,20,1615,3024,1,3025
2,32300,100,0,0,40,20,1615,2052,5,2057
2,32300,140,0,0,20,20,1615,2048,77,2125
2,32300,140,0,0,20,20,1615,3200,49,3249
2,32300,140,0,0,20,20,1615,20570,7,20577
2,32300,220,0,0,20,20,1615,2250,11,2261
2,32300,340,0,0,20,20,1615,11858,17,11875
2,32300,340,0,0,20,20,1615,68590,17,68607
2,32300,340,0,0,40,20,1615,10108,17,10125
2,32300,380,0,0,20,20,1615,6050,19,6069
2,32300,380,0,0,20,20,1615,15606,19,15625
2,32300,380,0,0,20,20,1615,36992,133,37125
2,32300,380,0,0,40,20,1615,4356,19,4375
2,32300,380,0,0,40,20,1615,15876,19,15895
2,32300,420,0,0,20,20,1615,2312,63,2375
2,32300,980,0,0,20,20,1615,2250,49,2299
2,32300,1900,0,0,80,20,1615,2992,95,3087
2,32300,1980,0,0,20,20,1615,2432,693,3125
2,32300,2660,0,0,20,20,1615,3200,931,4131
2,32300,2940,0,0,20,20,1615,2584,441,3025
2,32300,3500,0,0,20,20,1615,5984,875,6859
2,32300,4180,0,0,20,20,1615,1666,209,1875
2,32300,4860,0,0,20,20,1615,1672,729,2401
2,32300,4900,0,0,20,20,1615,2662,245,2907
2,32300,5780,0,0,20,20,1615,2432,2023,4455
2,32300,6300,0,0,20,20,1615,4598,315,4913
2,32300,6860,0,0,20,20,1615,1782,343,2125
2,32300,6860,0,0,20,20,1615,1152,2401,3553
2,32300,7220,0,0,20,20,1615,6144,3971,10115
2,32300,8100,0,0,20,20,1615,32,2025,2057
2,32300,8500,0,0,20,20,1615,2662,425,3087
2,32300,10780,0,0,20,20,1615,4374,539,4913
2,32300,12100,0,0,20,20,1615,224,3025,3249
2,32300,12500,0,0,20,20,1615,512,5625,6137
2,32300,13500,0,0,20,20,1615,2888,2025,4913
2,32300,13860,0,0,20,20,1615,640,4851,5491
2,32300,14580,0,0,20,20,1615,2450,729,3179
2,32300,26620,0,0,20,20,1615,6250,1331,7581
2,32300,26620,0,0,20,20,1615,11552,6655,18207
2,32300,26620,0,0,20,20,1615,19494,1331,20825
2,32300,27500,0,0,20,20,1615,1026,1375,2401
2,32300,27540,0,0,20,20,1615,2744,4131,6875
2,32300,29260,0,0,20,20,1615,384,10241,10625
2,32351,187,0,0,17,17,1903,3114,11,3125
2,32351,2941,0,0,34,17,1903,2500,173,2673
2,32357,5225,0,0,19,19,1703,1922,275,2197
2,32395,19,0,0,19,19,1705,3750,1,3751
2,32395,171,0,0,19,19,1705,6250,9,6259
2,32395,209,0,0,38,19,1705,2500,11,2511
2,32445,21,0,0,21,21,1545,1750,1,1751
2,32445,21,0,0,21,21,1545,4374,1,4375
2,32445,21,0,0,21,21,1545,59534,1,59535
2,32445,21,0,0,21,21,1545,65610,1,65611
2,32445,21,0,0,42,21,1545,1700,1,1701
2,32445,21,0,0,42,21,1545,31212,1,31213
2,32445,21,0,0,84,21,1545,10608,1,10609
2,32445,63,0,0,21,21,1545,2176,21,2197
2,32445,147,0,0,21,21,1545,3750,7,3757
2,32445,273,0,0,21,21,1545,8330,13,8343
2,32445,525,0,0,21,21,1545,9248,125,9373
2,32445,1785,0,0,21,21,1545,4374,85,4459
2,32445,1911,0,0,21,21,1545,8192,1183,9375
2,32445,2457,0,0,21,21,1545,1400,351,1751
2,32445,3549,0,0,21,21,1545,1854,169,2023
2,32445,4641,0,0,21,21,1545,640,1547,2187
2,32445,7203,0,0,21,21,1545,1854,343,2197
2,32445,9261,0,0,21,21,1545,6656,3969,10625
2,32445,10647,0,0,21,21,1545,3296,2535,5831
2,32445,19467,0,0,21,21,1545,2744,2781,5525
2,32445,28119,0,0,21,21,1545,686,1339,2025
2,32445,28917,0,0,21,21,1545,338,1377,1715
2,32452,266,0,0,38,19,1708,3200,49,3249
2,32452,532,0,0,76,19,1708,3200,49,3249
2,32453,51,0,0,17,17,1909,2392,9,2401
2,32453,4131,0,0,17,17,1909,2158,243,2401
2,32453,20111,0,0,17,17,1909,1058,1183,2241
2,32460,20,0,0,80,20,1623,2704,1,2705
2,32547,19,0,0,19,19,1713,4374,1,4375
2,32634,18,0,0,18,18,1813,4374,1,4375
2,32634,18,0,0,72,18,1813,3024,1,3025
2,32634,198,0,0,18,18,1813,9250,11,9261
2,32634,882,0,0,72,18,1813,6512,49,6561
2,32634,24642,0,0,18,18,1813,83006,1369,84375
2,32655,6531,0,0,21,21,1555,6250,311,6561
2,32660,20,0,0,20,20,1633,5750,1,5751
2,32660,540,0,0,20,20,1633,5014,27,5041
2,32660,1420,0,0,40,20,1633,2116,71,2187
2,32660,2180,0,0,20,20,1633,3266,109,3375
2,32670,18,0,0,18,18,1815,64000,9,64009
2,32670,18,0,0,18,18,1815,71874,1,71875
2,32670,198,0,0,18,18,1815,3634,11,3645
2,32670,2250,0,0,18,18,1815,1738,125,1863
2,32670,4266,0,0,18,18,1815,512,2133,2645
2,32670,6534,0,0,18,18,1815,14536,1089,15625
2,32670,12150,0,0,18,18,1815,5566,675,6241
2,32691,17,0,0,17,17,1923,4374,1,4375
2,32691,17,0,0,68,17,1923,3024,1,3025
2,32691,10897,0,0,68,17,1923,14000,641,14641
2,32691,15147,0,0,17,17,1923,32,4455,4487
2,32724,3636,0,0,36,18,1818,7776,505,8281
2,32724,7272,0,0,72,18,1818,7776,505,8281
2,32725,10625,0,0,17,17,1925,32,3125,3157
2,32725,14875,0,0,17,17,1925,1312,4375,5687
2,32760,3640,0,0,40,20,1638,8192,1183,9375
2,32760,7280,0,0,80,20,1638,8192,1183,9375
2,32775,19,0,0,19,19,1725,64000,9,64009
2,32775,19,0,0,19,19,1725,71874,1,71875
2,32775,437,0,0,19,19,1725,19602,23,19625
2,32850,18,0,0,18,18,1825,4374,1,4375
2,32850,1314,0,0,18,18,1825,2450,73,2523
2,32850,1458,0,0,18,18,1825,42632,243,42875
2,32850,2250,0,0,18,18,1825,4704,625,5329
2,32850,6174,0,0,18,18,1825,1682,343,2025
2,32850,6174,0,0,18,18,1825,9344,2401,11745
2,32861,12393,0,0,17,17,1933,77320,2187,79507
2,32886,126,0,0,18,18,1827,27848,21,27869
2,32886,162,0,0,72,18,1827,3472,9,3481
2,32886,17298,0,0,18,18,1827,8,2883,2891
2,32895,459,0,0,17,17,1935,3698,27,3725
2,32895,731,0,0,17,17,1935,15496,129,15625
2,32895,731,0,0,68,17,1935,4096,129,4225
2,32895,1377,0,0,17,17,1935,8192,1053,9245
2,32895,5525,0,0,17,17,1935,3698,325,4023
2,32895,22797,0,0,17,17,1935,1352,4023,5375
2,32895,31433,0,0,17,17,1935,338,1849,2187
2,32900,20,0,0,20,20,1645,4374,1,4375
2,32900,940,0,0,20,20,1645,1952,235,2187
2,32900,4900,0,0,20,20,1645,1152,1715,2867
2,32900,11340,0,0,20,20,1645,32,2835,2867
2,32900,13500,0,0,20,20,1645,376,2025,2401
2,32900,14580,0,0,20,20,1645,24064,6561,30625
2,32994,54,0,0,72,18,1833,5872,3,5875
2,32994,702,0,0,36,18,1833,3008,117,3125
2,33020,20,0,0,20,20,1651,6858,1,6859
2,33033,21,0,0,21,21,1573,4374,1,4375
2,33033,21,0,0,84,21,1573,3024,1,3025
2,33033,231,0,0,21,21,1573,1690,11,1701
2,33033,1911,0,0,21,21,1573,8192,1183,9375
2,33033,2541,0,0,21,21,1573,1352,363,1715
2,33033,2541,0,0,84,21,1573,4096,363,4459
2,33033,6237,0,0,21,21,1573,512,2673,3185
2,33033,11319,0,0,21,21,1573,8,1617,1625
2,33033,11319,0,0,21,21,1573,16000,3773,19773
2,33033,15309,0,0,21,21,1573,88,2187,2275
2,33033,17787,0,0,21,21,1573,1350,847,2197
2,33033,27951,0,0,21,21,1573,294,1331,1625
2,33060,11020,0,0,40,20,1653,1324,551,1875
2,33065,4131,0,0,17,17,1945,77800,729,78529
2,33065,6613,0,0,17,17,1945,6750,389,7139
2,33065,33065,0,0,17,17,1945,242,1945,2187
2,33066,18,0,0,72,18,1837,2672,1,2673
2,33066,22,0,0,22,22,1503,4374,1,4375
2,33066,3674,0,0,44,22,1503,1548,167,1715
2,33075,21,0,0,21,21,1575,4374,1,4375
2,33075,21,0,0,21,21,1575,10368,7,10375
2,33075,21,0,0,21,21,1575,33614,1,33615
2,33075,147,0,0,21,21,1575,3200,49,3249
2,33102,13122,0,0,18,18,1839,2104,2187,4291
2,33117,19,0,0,19,19,1743,4374,1,4375
2,33117,19,0,0,19,19,1743,10368,7,10375
2,33117,19,0,0,19,19,1743,33614,1,33615
2,33117,1577,0,0,76,19,1743,19600,83,19683
2,33117,4617,0,0,19,19,1743,34202,243,34445
2,33117,19551,0,0,19,19,1743,44672,7203,51875
2,33174,30258,0,0,18,18,1843,194,1681,1875
2,33180,33180,0,0,40,20,1659,9664,4977,14641
2,33201,17,0,0,17,17,1953,4374,1,4375
2,33201,51,0,0,17,17,1953,4802,3,4805
2,33201,85,0,0,17,17,1953,12152,15,12167
2,33201,119,0,0,17,17,1953,32798,7,32805
2,33201,153,0,0,34,17,1953,2116,9,2125
2,33201,289,0,0,17,17,1953,2170,17,2187
2,33201,289,0,0,17,17,1953,12150,17,12167
2,33201,527,0,0,34,17,1953,19652,31,19683
2,33201,651,0,0,42,21,1581,19652,31,19683
2,33201,1377,0,0,17,17,1953,5750,81,5831
2,33201,1581,0,0,68,17,1953,4096,279,4375
2,33201,2295,0,0,17,17,1953,3968,945,4913
2,33201,4131,0,0,17,17,1953,8750,243,8993
2,33201,4743,0,0,17,17,1953,1288,837,2125
2,33201,20825,0,0,17,17,1953,384,8575,8959
2,33201,20825,0,0,17,17,1953,28566,1225,29791
2,33201,22491,0,0,17,17,1953,32,6615,6647
2,33201,28917,0,0,17,17,1953,17000,5103,22103
2,33201,31875,0,0,17,17,1953,3038,1875,4913
2,33212,38,0,0,38,19,1748,12160,7,12167
2,33212,76,0,0,76,19,1748,12160,7,12167
2,33231,16929,0,0,19,19,1749,136,2673,2809
2,33250,4750,0,0,38,19,1750,4704,625,5329
2,33250,9500,0,0,76,19,1750,4704,625,5329
2,33264,396,0,0,72,18,1848,2368,33,2401
2,33285,21,0,0,21,21,1585,7290,1,7291
2,33286,8250,0,0,22,22,1513,9826,375,10201
2,33330,330,0,0,88,22,1515,4096,45,4141
2,33330,8250,0,0,22,22,1515,3362,375,3737
2,33345,19,0,0,19,19,1755,4374,1,4375
2,33345,171,0,0,19,19,1755,3200,63,3263
2,33345,665,0,0,19,19,1755,6526,35,6561
2,33345,1197,0,0,19,19,1755,2008,189,2197
2,33345,1729,0,0,19,19,1755,8192,1183,9375
2,33345,33345,0,0,19,19,1755,8032,8775,16807
2,33354,6678,0,0,18,18,1853,128,2597,2725
2,33371,8619,0,0,17,17,1963,77312,4563,81875
2,33390,18,0,0,18,18,1855,2592,5,2597
2,33390,18,0,0,18,18,1855,4374,1,4375
2,33390,126,0,0,18,18,1855,5618,7,5625
2,33390,6678,0,0,18,18,1855,6190,371,6561
2,33390,18522,0,0,18,18,1855,8,3087,3095
2,33390,25758,0,0,18,18,1855,40,4293,4333
2,33396,484,0,0,44,22,1518,11776,99,11875
2,33396,968,0,0,88,22,1518,11776,99,11875
2,33405,17,0,0,17,17,1965,4374,1,4375
2,33405,5831,0,0,17,17,1965,128,2401,2529
2,33453,6195,0,0,21,21,1593,7776,1475,9251
2,33453,17661,0,0,21,21,1593,6534,841,7375
2,33500,1620,0,0,20,20,1675,8192,1053,9245
2,33500,11180,0,0,20,20,1675,1250,559,1809
2,33500,12060,0,0,20,20,1675,40,1809,1849
2,33535,2565,0,0,19,19,1765,9728,1215,10943
2,33540,4380,0,0,20,20,1677,1978,219,2197
2,33573,589,0,0,19,19,1767,2318,31,2349
2,33573,11191,0,0,38,19,1767,3132,589,3721
2,33606,33606,0,0,18,18,1867,534,1867,2401
2,33620,17820,0,0,20,20,1681,2048,9801,11849
2,33649,437,0,0,19,19,1771,23814,23,23837
2,33660,20,0,0,20,20,1683,34374,1,34375
2,33660,3740,0,0,80,20,1683,2000,187,2187
2,33660,4860,0,0,20,20,1683,5000,729,5729
2,33660,8100,0,0,20,20,1683,32,2025,2057
2,33663,21,0,0,21,21,1603,4374,1,4375
2,33663,1701,0,0,21,21,1603,5000,243,5243
2,33726,22,0,0,22,22,1533,4374,1,4375
2,33726,1782,0,0,22,22,1533,42632,243,42875
2,33726,2750,0,0,22,22,1533,4704,625,5329
2,33858,882,0,0,18,18,1881,2152,147,2299
2,33858,4374,0,0,18,18,1881,1672,729,2401
2,33858,30618,0,0,18,18,1881,8,5103,5111
2,33877,19,0,0,19,19,1783,4374,1,4375
2,33877,33877,0,0,76,19,1783,240,1783,2023
2,33881,17,0,0,17,17,1993,4374,1,4375
2,33881,119,0,0,17,17,1993,3200,49,3249
2,33894,18,0,0,36,18,1883,4900,1,4901
2,33915,17,0,0,17,17,1995,4374,1,4375
2,33915,19,0,0,19,19,1785,4374,1,4375
2,33915,21,0,0,21,21,1615,4374,1,4375
2,33915,21,0,0,42,21,1615,1700,1,1701
2,33915,21,0,0,84,21,1615,3024,1,3025
2,33915,105,0,0,42,21,1615,2052,5,2057
2,33915,119,0,0,17,17,1995,3200,49,3249
2,33915,147,0,0,21,21,1615,2048,77,2125
2,33915,147,0,0,21,21,1615,3200,49,3249
2,33915,147,0,0,21,21,1615,20570,7,20577
2,33915,231,0,0,21,21,1615,2250,11,2261
2,33915,357,0,0,21,21,1615,11858,17,11875
2,33915,357,0,0,21,21,1615,68590,17,68607
2,33915,357,0,0,42,21,1615,10108,17,10125
2,33915,399,0,0,21,21,1615,6050,19,6069
2,33915,399,0,0,21,21,1615,15606,19,15625
2,33915,399,0,0,21,21,1615,36992,133,37125
2,33915,399,0,0,42,21,1615,4356,19,4375
2,33915,399,0,0,42,21,1615,15876,19,15895
2,33915,441,0,0,21,21,1615,2312,63,2375
2,33915,1029,0,0,21,21,1615,2250,49,2299
2,33915,1995,0,0,84,21,1615,2992,95,3087
2,33915,2079,0,0,21,21,1615,2432,693,3125
2,33915,2793,0,0,21,21,1615,3200,931,4131
2,33915,3087,0,0,21,21,1615,2584,441,3025
2,33915,3675,0,0,21,21,1615,5984,875,6859
2,33915,4389,0,0,21,21,1615,1666,209,1875
2,33915,5103,0,0,21,21,1615,1672,729,2401
2,33915,5145,0,0,21,21,1615,2662,245,2907
2,33915,6069,0,0,21,21,1615,2432,2023,4455
2,33915,6615,0,0,21,21,1615,4598,315,4913
2,33915,7203,0,0,21,21,1615,1782,343,2125
2,33915,7203,0,0,21,21,1615,1152,2401,3553
2,33915,7581,0,0,21,21,1615,6144,3971,10115
2,33915,8505,0,0,21,21,1615,32,2025,2057
2,33915,8925,0,0,21,21,1615,2662,425,3087
2,33915,11319,0,0,21,21,1615,4374,539,4913
2,33915,12705,0,0,21,21,1615,224,3025,3249
2,33915,13125,0,0,21,21,1615,512,5625,6137
2,33915,14175,0,0,21,21,1615,2888,2025,4913
2,33915,14553,0,0,21,21,1615,640,4851,5491
2,33915,15309,0,0,21,21,1615,2450,729,3179
2,33915,27951,0,0,21,21,1615,6250,1331,7581
2,33915,27951,0,0,21,21,1615,11552,6655,18207
2,33915,27951,0,0,21,21,1615,19494,1331,20825
2,33915,28875,0,0,21,21,1615,1026,1375,2401
2,33915,28917,0,0,21,21,1615,2744,4131,6875
2,33915,30723,0,0,21,21,1615,384,10241,10625
2,33930,18,0,0,18,18,1885,4896,5,4901
2,33930,18,0,0,72,18,1885,4624,1,4625
2,33930,54,0,0,18,18,1885,6250,3,6253
2,33930,234,0,0,36,18,1885,3132,13,3145
2,33930,702,0,0,18,18,1885,6728,117,6845
2,33930,918,0,0,18,18,1885,2146,51,2197
2,33930,2430,0,0,18,18,1885,2738,135,2873
2,33930,15138,0,0,18,18,1885,8192,10933,19125
2,33930,16650,0,0,18,18,1885,288,4625,4913
2,33930,24642,0,0,18,18,1885,7250,1369,8619
2,33930,24642,0,0,18,18,1885,8704,12321,21025
2,33930,25974,0,0,18,18,1885,1682,1443,3125
2,33930,33750,0,0,18,18,1885,48778,1875,50653
2,33990,22,0,0,22,22,1545,1750,1,1751
2,33990,22,0,0,22,22,1545,4374,1,4375
2,33990,22,0,0,22,22,1545,59534,1,59535
2,33990,22,0,0,22,22,1545,65610,1,65611
2,33990,22,0,0,44,22,1545,1700,1,1701
2,33990,22,0,0,44,22,1545,31212,1,31213
2,33990,22,0,0,88,22,1545,10608,1,10609
2,33990,66,0,0,22,22,1545,2176,21,2197
2,33990,154,0,0,22,22,1545,3750,7,3757
2,33990,286,0,0,22,22,1545,8330,13,8343
2,33990,550,0,0,22,22,1545,9248,125,9373
2,33990,1870,0,0,22,22,1545,4374,85,4459
2,33990,2002,0,0,22,22,1545,8192,1183,9375
2,33990,2574,0,0,22,22,1545,1400,351,1751
2,33990,3718,0,0,22,22,1545,1854,169,2023
2,33990,4862,0,0,22,22,1545,640,1547,2187
2,33990,7546,0,0,22,22,1545,1854,343,2197
2,33990,9702,0,0,22,22,1545,6656,3969,10625
2,33990,11154,0,0,22,22,1545,3296,2535,5831
2,33990,20394,0,0,22,22,1545,2744,2781,5525
2,33990,29458,0,0,22,22,1545,686,1339,2025
2,33990,30294,0,0,22,22,1545,338,1377,1715
2,33991,33991,0,0,19,19,1789,398,1789,2187
2,34060,5500,0,0,20,20,1703,1922,275,2197
2,34083,21,0,0,84,21,1623,2704,1,2705
2,34100,20,0,0,20,20,1705,3750,1,3751
2,34100,180,0,0,20,20,1705,6250,9,6259
2,34100,220,0,0,40,20,1705,2500,11,2511
2,34160,280,0,0,40,20,1708,3200,49,3249
2,34160,560,0,0,80,20,1708,3200,49,3249
2,34210,6842,0,0,22,22,1555,6250,311,6561
2,34254,198,0,0,18,18,1903,3114,11,3125
2,34254,3114,0,0,36,18,1903,2500,173,2673
2,34260,20,0,0,20,20,1713,4374,1,4375
2,34293,21,0,0,21,21,1633,5750,1,5751
2,34293,567,0,0,21,21,1633,5014,27,5041
2,34293,1491,0,0,42,21,1633,2116,71,2187
2,34293,2289,0,0,21,21,1633,3266,109,3375
2,34362,54,0,0,18,18,1909,2392,9,2401
2,34362,4374,0,0,18,18,1909,2158,243,2401
2,34362,21294,0,0,18,18,1909,1058,1183,2241
2,34398,3822,0,0,42,21,1638,8192,1183,9375
2,34398,7644,0,0,84,21,1638,8192,1183,9375
2,34447,19,0,0,19,19,1813,4374,1,4375
2,34447,19,0,0,76,19,1813,3024,1,3025
2,34447,209,0,0,19,19,1813,9250,11,9261
2,34447,931,0,0,76,19,1813,6512,49,6561
2,34447,26011,0,0,19,19,1813,83006,1369,84375
2,34485,19,0,0,19,19,1815,64000,9,64009
2,34485,19,0,0,19,19,1815,71874,1,71875
2,34485,209,0,0,19,19,1815,3634,11,3645
2,34485,2375,0,0,19,19,1815,1738,125,1863
2,34485,4503,0,0,19,19,1815,512,2133,2645
2,34485,6897,0,0,19,19,1815,14536,1089,15625
2,34485,12825,0,0,19,19,1815,5566,675,6241
2,34500,20,0,0,20,20,1725,64000,9,64009
2,34500,20,0,0,20,20,1725,71874,1,71875
2,34500,460,0,0,20,20,1725,19602,23,19625
2,34542,3838,0,0,38,19,1818,7776,505,8281
2,34542,7676,0,0,76,19,1818,7776,505,8281
2,34545,21,0,0,21,21,1645,4374,1,4375
2,34545,987,0,0,21,21,1645,1952,235,2187
2,34545,5145,0,0,21,21,1645,1152,1715,2867
2,34545,11907,0,0,21,21,1645,32,2835,2867
2,34545,14175,0,0,21,21,1645,376,2025,2401
2,34545,15309,0,0,21,21,1645,24064,6561,30625
2,34569,23,0,0,23,23,1503,4374,1,4375
2,34569,3841,0,0,46,23,1503,1548,167,1715
2,34606,22,0,0,22,22,1573,4374,1,4375
2,34606,22,0,0,88,22,1573,3024,1,3025
2,34606,242,0,0,22,22,1573,1690,11,1701
2,34606,2002,0,0,22,22,1573,8192,1183,9375
2,34606,2662,0,0,22,22,1573,1352,363,1715
2,34606,2662,0,0,88,22,1573,4096,363,4459
2,34606,6534,0,0,22,22,1573,512,2673,3185
2,34606,11858,0,0,22,22,1573,8,1617,1625
2,34606,11858,0,0,22,22,1573,16000,3773,19773
2,34606,16038,0,0,22,22,1573,88,2187,2275
2,34606,18634,0,0,22,22,1573,1350,847,2197
2,34606,29282,0,0,22,22,1573,294,1331,1625
2,34614,18,0,0,18,18,1923,4374,1,4375
2,34614,18,0,0,72,18,1923,3024,1,3025
2,34614,11538,0,0,72,18,1923,14000,641,14641
2,34614,16038,0,0,18,18,1923,32,4455,4487
2,34650,22,0,0,22,22,1575,4374,1,4375
2,34650,22,0,0,22,22,1575,10368,7,10375
2,34650,22,0,0,22,22,1575,33614,1,33615
2,34650,154,0,0,22,22,1575,3200,49,3249
2,34650,11250,0,0,18,18,1925,32,3125,3157
2,34650,15750,0,0,18,18,1925,1312,4375,5687
2,34671,21,0,0,21,21,1651,6858,1,6859
2,34675,19,0,0,19,19,1825,4374,1,4375
2,34675,1387,0,0,19,19,1825,2450,73,2523
2,34675,1539,0,0,19,19,1825,42632,243,42875
2,34675,2375,0,0,19,19,1825,4704,625,5329
2,34675,6517,0,0,19,19,1825,1682,343,2025
2,34675,6517,0,0,19,19,1825,9344,2401,11745
2,34713,133,0,0,19,19,1827,27848,21,27869
2,34713,171,0,0,76,19,1827,3472,9,3481
2,34713,11571,0,0,42,21,1653,1324,551,1875
2,34713,18259,0,0,19,19,1827,8,2883,2891
2,34782,682,0,0,44,22,1581,19652,31,19683
2,34794,13122,0,0,18,18,1933,77320,2187,79507
2,34799,8625,0,0,23,23,1513,9826,375,10201
2,34827,57,0,0,76,19,1833,5872,3,5875
2,34827,741,0,0,38,19,1833,3008,117,3125
2,34830,486,0,0,18,18,1935,3698,27,3725
2,34830,774,0,0,18,18,1935,15496,129,15625
2,34830,774,0,0,72,18,1935,4096,129,4225
2,34830,1458,0,0,18,18,1935,8192,1053,9245
2,34830,5850,0,0,18,18,1935,3698,325,4023
2,34830,24138,0,0,18,18,1935,1352,4023,5375
2,34830,33282,0,0,18,18,1935,338,1849,2187
2,34839,34839,0,0,42,21,1659,9664,4977,14641
2,34845,345,0,0,92,23,1515,4096,45,4141
2,34845,8625,0,0,23,23,1515,3362,375,3737
2,34860,20,0,0,20,20,1743,4374,1,4375
2,34860,20,0,0,20,20,1743,10368,7,10375
2,34860,20,0,0,20,20,1743,33614,1,33615
2,34860,1660,0,0,80,20,1743,19600,83,19683
2,34860,4860,0,0,20,20,1743,34202,243,34445
2,34860,20580,0,0,20,20,1743,44672,7203,51875
2,34870,22,0,0,22,22,1585,7290,1,7291
2,34903,19,0,0,76,19,1837,2672,1,2673
2,34914,506,0,0,46,23,1518,11776,99,11875
2,34914,1012,0,0,92,23,1518,11776,99,11875
2,34941,13851,0,0,19,19,1839,2104,2187,4291
2,34960,40,0,0,40,20,1748,12160,7,12167
2,34960,80,0,0,80,20,1748,12160,7,12167
2,34980,17820,0,0,20,20,1749,136,2673,2809
2,35000,5000,0,0,40,20,1750,4704,625,5329
2,35000,10000,0,0,80,20,1750,4704,625,5329
2,35010,4374,0,0,18,18,1945,77800,729,78529
2,35010,7002,0,0,18,18,1945,6750,389,7139
2,35010,35010,0,0,18,18,1945,242,1945,2187
2,35017,31939,0,0,19,19,1843,194,1681,1875
2,35046,6490,0,0,22,22,1593,7776,1475,9251
2,35046,18502,0,0,22,22,1593,6534,841,7375
2,35100,20,0,0,20,20,1755,4374,1,4375
2,35100,180,0,0,20,20,1755,3200,63,3263
2,35100,700,0,0,20,20,1755,6526,35,6561
2,35100,1260,0,0,20,20,1755,2008,189,2197
2,35100,1820,0,0,20,20,1755,8192,1183,9375
2,35100,35100,0,0,20,20,1755,8032,8775,16807
2,35112,418,0,0,76,19,1848,2368,33,2401
2,35154,18,0,0,18,18,1953,4374,1,4375
2,35154,54,0,0,18,18,1953,4802,3,4805
2,35154,90,0,0,18,18,1953,12152,15,12167
2,35154,126,0,0,18,18,1953,32798,7,32805
2,35154,162,0,0,36,18,1953,2116,9,2125
2,35154,306,0,0,18,18,1953,2170,17,2187
2,35154,306,0,0,18,18,1953,12150,17,12167
2,35154,558,0,0,36,18,1953,19652,31,19683
2,35154,1458,0,0,18,18,1953,5750,81,5831
2,35154,1674,0,0,72,18,1953,4096,279,4375
2,35154,2430,0,0,18,18,1953,3968,945,4913
2,35154,4374,0,0,18,18,1953,8750,243,8993
2,35154,5022,0,0,18,18,1953,1288,837,2125
2,35154,22050,0,0,18,18,1953,384,8575,8959
2,35154,22050,0,0,18,18,1953,28566,1225,29791
2,35154,23814,0,0,18,18,1953,32,6615,6647
2,35154,30618,0,0,18,18,1953,17000,5103,22103
2,35154,33750,0,0,18,18,1953,3038,1875,4913
2,35175,1701,0,0,21,21,1675,8192,1053,9245
2,35175,11739,0,0,21,21,1675,1250,559,1809
2,35175,12663,0,0,21,21,1675,40,1809,1849
2,35207,7049,0,0,19,19,1853,128,2597,2725
2,35217,4599,0,0,21,21,1677,1978,219,2197
2,35245,19,0,0,19,19,1855,2592,5,2597
2,35245,19,0,0,19,19,1855,4374,1,4375
2,35245,133,0,0,19,19,1855,5618,7,5625
2,35245,7049,0,0,19,19,1855,6190,371,6561
2,35245,19551,0,0,19,19,1855,8,3087,3095
2,35245,27189,0,0,19,19,1855,40,4293,4333
2,35259,23,0,0,23,23,1533,4374,1,4375
2,35259,1863,0,0,23,23,1533,42632,243,42875
2,35259,2875,0,0,23,23,1533,4704,625,5329
2,35266,22,0,0,22,22,1603,4374,1,4375
2,35266,1782,0,0,22,22,1603,5000,243,5243
2,35300,2700,0,0,20,20,1765,9728,1215,10943
2,35301,18711,0,0,21,21,1681,2048,9801,11849
2,35334,9126,0,0,18,18,1963,77312,4563,81875
2,35340,620,0,0,20,20,1767,2318,31,2349
2,35340,11780,0,0,40,20,1767,3132,589,3721
2,35343,21,0,0,21,21,1683,34374,1,34375
2,35343,3927,0,0,84,21,1683,2000,187,2187
2,35343,5103,0,0,21,21,1683,5000,729,5729
2,35343,8505,0,0,21,21,1683,32,2025,2057
2,35370,18,0,0,18,18,1965,4374,1,4375
2,35370,6174,0,0,18,18,1965,128,2401,2529
2,35420,460,0,0,20,20,1771,23814,23,23837
2,35473,35473,0,0,19,19,1867,534,1867,2401
2,35530,22,0,0,22,22,1615,4374,1,4375
2,35530,22,0,0,44,22,1615,1700,1,1701
2,35530,22,0,0,88,22,1615,3024,1,3025
2,35530,110,0,0,44,22,1615,2052,5,2057
2,35530,154,0,0,22,22,1615,2048,77,2125
2,35530,154,0,0,22,22,1615,3200,49,3249
2,35530,154,0,0,22,22,1615,20570,7,20577
2,35530,242,0,0,22,22,1615,2250,11,2261
2,35530,374,0,0,22,22,1615,11858,17,11875
2,35530,374,0,0,22,22,1615,68590,17,68607
2,35530,374,0,0,44,22,1615,10108,17,10125
2,35530,418,0,0,22,22,1615,6050,19,6069
2,35530,418,0,0,22,22,1615,15606,19,15625
2,35530,418,0,0,22,22,1615,36992,133,37125
2,35530,418,0,0,44,22,1615,4356,19,4375
2,35530,418,0,0,44,22,1615,15876,19,15895
2,35530,462,0,0,22,22,1615,2312,63,2375
2,35530,1078,0,0,22,22,1615,2250,49,2299
2,35530,2090,0,0,88,22,1615,2992,95,3087
2,35530,2178,0,0,22,22,1615,2432,693,3125
2,35530,2926,0,0,22,22,1615,3200,931,4131
2,35530,3234,0,0,22,22,1615,2584,441,3025
2,35530,3850,0,0,22,22,1615,5984,875,6859
2,35530,4598,0,0,22,22,1615,1666,209,1875
2,35530,5346,0,0,22,22,1615,1672,729,2401
2,35530,5390,0,0,22,22,1615,2662,245,2907
2,35530,6358,0,0,22,22,1615,2432,2023,4455
2,35530,6930,0,0,22,22,1615,4598,315,4913
2,35530,7546,0,0,22,22,1615,1782,343,2125
2,35530,7546,0,0,22,22,1615,1152,2401,3553
2,35530,7942,0,0,22,22,1615,6144,3971,10115
2,35530,8910,0,0,22,22,1615,32,2025,2057
2,35530,9350,0,0,22,22,1615,2662,425,3087
2,35530,11858,0,0,22,22,1615,4374,539,4913
2,35530,13310,0,0,22,22,1615,224,3025,3249
2,35530,13750,0,0,22,22,1615,512,5625,6137
2,35530,14850,0,0,22,22,1615,2888,2025,4913
2,35530,15246,0,0,22,22,1615,640,4851,5491
2,35530,16038,0,0,22,22,1615,2450,729,3179
2,35530,29282,0,0,22,22,1615,6250,1331,7581
2,35530,29282,0,0,22,22,1615,11552,6655,18207
2,35530,29282,0,0,22,22,1615,19494,1331,20825
2,35530,30250,0,0,22,22,1615,1026,1375,2401
2,35530,30294,0,0,22,22,1615,2744,4131,6875
2,35530,32186,0,0,22,22,1615,384,10241,10625
2,35535,23,0,0,23,23,1545,1750,1,1751
2,35535,23,0,0,23,23,1545,4374,1,4375
2,35535,23,0,0,23,23,1545,59534,1,59535
2,35535,23,0,0,23,23,1545,65610,1,65611
2,35535,23,0,0,46,23,1545,1700,1,1701
2,35535,23,0,0,46,23,1545,31212,1,31213
2,35535,23,0,0,92,23,1545,10608,1,10609
2,35535,69,0,0,23,23,1545,2176,21,2197
2,35535,161,0,0,23,23,1545,3750,7,3757
2,35535,299,0,0,23,23,1545,8330,13,8343
2,35535,575,0,0,23,23,1545,9248,125,9373
2,35535,1955,0,0,23,23,1545,4374,85,4459
2,35535,2093,0,0,23,23,1545,8192,1183,9375
2,35535,2691,0,0,23,23,1545,1400,351,1751
2,35535,3887,0,0,23,23,1545,1854,169,2023
2,35535,5083,0,0,23,23,1545,640,1547,2187
2,35535,7889,0,0,23,23,1545,1854,343,2197
2,35535,10143,0,0,23,23,1545,6656,3969,10625
2,35535,11661,0,0,23,23,1545,3296,2535,5831
2,35535,21321,0,0,23,23,1545,2744,2781,5525
2,35535,30797,0,0,23,23,1545,686,1339,2025
2,35535,31671,0,0,23,23,1545,338,1377,1715
2,35660,20,0,0,20,20,1783,4374,1,4375
2,35660,35660,0,0,80,20,1783,240,1783,2023
2,35700,20,0,0,20,20,1785,4374,1,4375
2,35706,22,0,0,88,22,1623,2704,1,2705
2,35739,931,0,0,19,19,1881,2152,147,2299
2,35739,4617,0,0,19,19,1881,1672,729,2401
2,35739,32319,0,0,19,19,1881,8,5103,5111
2,35763,5775,0,0,21,21,1703,1922,275,2197
2,35765,7153,0,0,23,23,1555,6250,311,6561
2,35777,19,0,0,38,19,1883,4900,1,4901
2,35780,35780,0,0,20,20,1789,398,1789,2187
2,35805,21,0,0,21,21,1705,3750,1,3751
2,35805,189,0,0,21,21,1705,6250,9,6259
2,35805,231,0,0,42,21,1705,2500,11,2511
2,35815,19,0,0,19,19,1885,4896,5,4901
2,35815,19,0,0,76,19,1885,4624,1,4625
2,35815,57,0,0,19,19,1885,6250,3,6253
2,35815,247,0,0,38,19,1885,3132,13,3145
2,35815,741,0,0,19,19,1885,6728,117,6845
2,35815,969,0,0,19,19,1885,2146,51,2197
2,35815,2565,0,0,19,19,1885,2738,135,2873
2,35815,15979,0,0,19,19,1885,8192,10933,19125
2,35815,17575,0,0,19,19,1885,288,4625,4913
2,35815,26011,0,0,19,19,1885,7250,1369,8619
2,35815,26011,0,0,19,19,1885,8704,12321,21025
2,35815,27417,0,0,19,19,1885,1682,1443,3125
2,35815,35625,0,0,19,19,1885,48778,1875,50653
2,35868,294,0,0,42,21,1708,3200,49,3249
2,35868,588,0,0,84,21,1708,3200,49,3249
2,35874,18,0,0,18,18,1993,4374,1,4375
2,35874,126,0,0,18,18,1993,3200,49,3249
2,35910,18,0,0,18,18,1995,4374,1,4375
2,35910,126,0,0,18,18,1995,3200,49,3249
2,35926,22,0,0,22,22,1633,5750,1,5751
2,35926,594,0,0,22,22,1633,5014,27,5041
2,35926,1562,0,0,44,22,1633,2116,71,2187
2,35926,2398,0,0,22,22,1633,3266,109,3375
2,35973,21,0,0,21,21,1713,4374,1,4375
2,36036,4004,0,0,44,22,1638,8192,1183,9375
2,36036,8008,0,0,88,22,1638,8192,1183,9375
2,36072,24,0,0,24,24,1503,4374,1,4375
2,36072,4008,0,0,48,24,1503,1548,167,1715
2,36157,209,0,0,19,19,1903,3114,11,3125
2,36157,3287,0,0,38,19,1903,2500,173,2673
2,36179,23,0,0,23,23,1573,4374,1,4375
2,36179,23,0,0,92,23,1573,3024,1,3025
2,36179,253,0,0,23,23,1573,1690,11,1701
2,36179,2093,0,0,23,23,1573,8192,1183,9375
2,36179,2783,0,0,23,23,1573,1352,363,1715
2,36179,2783,0,0,92,23,1573,4096,363,4459
2,36179,6831,0,0,23,23,1573,512,2673,3185
2,36179,12397,0,0,23,23,1573,8,1617,1625
2,36179,12397,0,0,23,23,1573,16000,3773,19773
2,36179,16767,0,0,23,23,1573,88,2187,2275
2,36179,19481,0,0,23,23,1573,1350,847,2197
2,36179,30613,0,0,23,23,1573,294,1331,1625
2,36190,22,0,0,22,22,1645,4374,1,4375
2,36190,1034,0,0,22,22,1645,1952,235,2187
2,36190,5390,0,0,22,22,1645,1152,1715,2867
2,36190,12474,0,0,22,22,1645,32,2835,2867
2,36190,14850,0,0,22,22,1645,376,2025,2401
2,36190,16038,0,0,22,22,1645,24064,6561,30625
2,36225,21,0,0,21,21,1725,64000,9,64009
2,36225,21,0,0,21,21,1725,71874,1,71875
2,36225,23,0,0,23,23,1575,4374,1,4375
2,36225,23,0,0,23,23,1575,10368,7,10375
2,36225,23,0,0,23,23,1575,33614,1,33615
2,36225,161,0,0,23,23,1575,3200,49,3249
2,36225,483,0,0,21,21,1725,19602,23,19625
2,36260,20,0,0,20,20,1813,4374,1,4375
2,36260,20,0,0,80,20,1813,3024,1,3025
2,36260,220,0,0,20,20,1813,9250,11,9261
2,36260,980,0,0,80,20,1813,6512,49,6561
2,36260,27380,0,0,20,20,1813,83006,1369,84375
2,36271,57,0,0,19,19,1909,2392,9,2401
2,36271,4617,0,0,19,19,1909,2158,243,2401
2,36271,22477,0,0,19,19,1909,1058,1183,2241
2,36300,20,0,0,20,20,1815,64000,9,64009
2,36300,20,0,0,20,20,1815,71874,1,71875
2,36300,220,0,0,20,20,1815,3634,11,3645
2,36300,2500,0,0,20,20,1815,1738,125,1863
2,36300,4740,0,0,20,20,1815,512,2133,2645
2,36300,7260,0,0,20,20,1815,14536,1089,15625
2,36300,13500,0,0,20,20,1815,5566,675,6241
2,36312,9000,0,0,24,24,1513,9826,375,10201
2,36322,22,0,0,22,22,1651,6858,1,6859
2,36360,360,0,0,96,24,1515,4096,45,4141
2,36360,4040,0,0,40,20,1818,7776,505,8281
2,36360,8080,0,0,80,20,1818,7776,505,8281
2,36360,9000,0,0,24,24,1515,3362,375,3737
2,36363,713,0,0,46,23,1581,19652,31,19683
2,36366,12122,0,0,44,22,1653,1324,551,1875
2,36432,528,0,0,48,24,1518,11776,99,11875
2,36432,1056,0,0,96,24,1518,11776,99,11875
2,36455,23,0,0,23,23,1585,7290,1,7291
2,36498,36498,0,0,44,22,1659,9664,4977,14641
2,36500,20,0,0,20,20,1825,4374,1,4375
2,36500,1460,0,0,20,20,1825,2450,73,2523
2,36500,1620,0,0,20,20,1825,42632,243,42875
2,36500,2500,0,0,20,20,1825,4704,625,5329
2,36500,6860,0,0,20,20,1825,1682,343,2025
2,36500,6860,0,0,20,20,1825,9344,2401,11745
2,36537,19,0,0,19,19,1923,4374,1,4375
2,36537,19,0,0,76,19,1923,3024,1,3025
2,36537,12179,0,0,76,19,1923,14000,641,14641
2,36537,16929,0,0,19,19,1923,32,4455,4487
2,36540,140,0,0,20,20,1827,27848,21,27869
2,36540,180,0,0,80,20,1827,3472,9,3481
2,36540,19220,0,0,20,20,1827,8,2883,2891
2,36575,11875,0,0,19,19,1925,32,3125,3157
2,36575,16625,0,0,19,19,1925,1312,4375,5687
2,36603,21,0,0,21,21,1743,4374,1,4375
2,36603,21,0,0,21,21,1743,10368,7,10375
2,36603,21,0,0,21,21,1743,33614,1,33615
2,36603,1743,0,0,84,21,1743,19600,83,19683
2,36603,5103,0,0,21,21,1743,34202,243,34445
2,36603,21609,0,0,21,21,1743,44672,7203,51875
2,36639,6785,0,0,23,23,1593,7776,1475,9251
2,36639,19343,0,0,23,23,1593,6534,841,7375
2,36660,60,0,0,80,20,1833,5872,3,5875
2,36660,780,0,0,40,20,1833,3008,117,3125
2,36708,42,0,0,42,21,1748,12160,7,12167
2,36708,84,0,0,84,21,1748,12160,7,12167
2,36727,13851,0,0,19,19,1933,77320,2187,79507
2,36729,18711,0,0,21,21,1749,136,2673,2809
2,36740,20,0,0,80,20,1837,2672,1,2673
2,36750,5250,0,0,42,21,1750,4704,625,5329
2,36750,10500,0,0,84,21,1750,4704,625,5329
2,36765,513,0,0,19,19,1935,3698,27,3725
2,36765,817,0,0,19,19,1935,15496,129,15625
2,36765,817,0,0,76,19,1935,4096,129,4225
2,36765,1539,0,0,19,19,1935,8192,1053,9245
2,36765,6175,0,0,19,19,1935,3698,325,4023
2,36765,25479,0,0,19,19,1935,1352,4023,5375
2,36765,35131,0,0,19,19,1935,338,1849,2187
2,36780,14580,0,0,20,20,1839,2104,2187,4291
2,36792,24,0,0,24,24,1533,4374,1,4375
2,36792,1944,0,0,24,24,1533,42632,243,42875
2,36792,3000,0,0,24,24,1533,4704,625,5329
2,36850,1782,0,0,22,22,1675,8192,1053,9245
2,36850,12298,0,0,22,22,1675,1250,559,1809
2,36850,13266,0,0,22,22,1675,40,1809,1849
2,36855,21,0,0,21,21,1755,4374,1,4375
2,36855,189,0,0,21,21,1755,3200,63,3263
2,36855,735,0,0,21,21,1755,6526,35,6561
2,36855,1323,0,0,21,21,1755,2008,189,2197
2,36855,1911,0,0,21,21,1755,8192,1183,9375
2,36855,36855,0,0,21,21,1755,8032,8775,16807
2,36860,33620,0,0,20,20,1843,194,1681,1875
2,36869,23,0,0,23,23,1603,4374,1,4375
2,36869,1863,0,0,23,23,1603,5000,243,5243
2,36894,4818,0,0,22,22,1677,1978,219,2197
2,36955,4617,0,0,19,19,1945,77800,729,78529
2,36955,7391,0,0,19,19,1945,6750,389,7139
2,36955,36955,0,0,19,19,1945,242,1945,2187
2,36960,440,0,0,80,20,1848,2368,33,2401
2,36982,19602,0,0,22,22,1681,2048,9801,11849
2,37026,22,0,0,22,22,1683,34374,1,34375
2,37026,4114,0,0,88,22,1683,2000,187,2187
2,37026,5346,0,0,22,22,1683,5000,729,5729
2,37026,8910,0,0,22,22,1683,32,2025,2057
2,37060,7420,0,0,20,20,1853,128,2597,2725
2,37065,2835,0,0,21,21,1765,9728,1215,10943
2,37080,24,0,0,24,24,1545,1750,1,1751
2,37080,24,0,0,24,24,1545,4374,1,4375
2,37080,24,0,0,24,24,1545,59534,1,59535
2,37080,24,0,0,24,24,1545,65610,1,65611
2,37080,24,0,0,48,24,1545,1700,1,1701
2,37080,24,0,0,48,24,1545,31212,1,31213
2,37080,24,0,0,96,24,1545,10608,1,10609
2,37080,72,0,0,24,24,1545,2176,21,2197
2,37080,168,0,0,24,24,1545,3750,7,3757
2,37080,312,0,0,24,24,1545,8330,13,8343
2,37080,600,0,0,24,24,1545,9248,125,9373
2,37080,2040,0,0,24,24,1545,4374,85,4459
2,37080,2184,0,0,24,24,1545,8192,1183,9375
2,37080,2808,0,0,24,24,1545,1400,351,1751
2,37080,4056,0,0,24,24,1545,1854,169,2023
2,37080,5304,0,0,24,24,1545,640,1547,2187
2,37080,8232,0,0,24,24,1545,1854,343,2197
2,37080,10584,0,0,24,24,1545,6656,3969,10625
2,37080,12168,0,0,24,24,1545,3296,2535,5831
2,37080,22248,0,0,24,24,1545,2744,2781,5525
2,37080,32136,0,0,24,24,1545,686,1339,2025
2,37080,33048,0,0,24,24,1545,338,1377,1715
2,37100,20,0,0,20,20,1855,2592,5,2597
2,37100,20,0,0,20,20,1855,4374,1,4375
2,37100,140,0,0,20,20,1855,5618,7,5625
2,37100,7420,0,0,20,20,1855,6190,371,6561
2,37100,20580,0,0,20,20,1855,8,3087,3095
2,37100,28620,0,0,20,20,1855,40,4293,4333
2,37107,19,0,0,19,19,1953,4374,1,4375
2,37107,57,0,0,19,19,1953,4802,3,4805
2,37107,95,0,0,19,19,1953,12152,15,12167
2,37107,133,0,0,19,19,1953,32798,7,32805
2,37107,171,0,0,38,19,1953,2116,9,2125
2,37107,323,0,0,19,19,1953,2170,17,2187
2,37107,323,0,0,19,19,1953,12150,17,12167
2,37107,589,0,0,38,19,1953,19652,31,19683
2,37107,651,0,0,21,21,1767,2318,31,2349
2,37107,1539,0,0,19,19,1953,5750,81,5831
2,37107,1767,0,0,76,19,1953,4096,279,4375
2,37107,2565,0,0,19,19,1953,3968,945,4913
2,37107,4617,0,0,19,19,1953,8750,243,8993
2,37107,5301,0,0,19,19,1953,1288,837,2125
2,37107,12369,0,0,42,21,1767,3132,589,3721
2,37107,23275,0,0,19,19,1953,384,8575,8959
2,37107,23275,0,0,19,19,1953,28566,1225,29791
2,37107,25137,0,0,19,19,1953,32,6615,6647
2,37107,32319,0,0,19,19,1953,17000,5103,22103
2,37107,35625,0,0,19,19,1953,3038,1875,4913
2,37145,23,0,0,23,23,1615,4374,1,4375
2,37145,23,0,0,46,23,1615,1700,1,1701
2,37145,23,0,0,92,23,1615,3024,1,3025
2,37145,115,0,0,46,23,1615,2052,5,2057
2,37145,161,0,0,23,23,1615,2048,77,2125
2,37145,161,0,0,23,23,1615,3200,49,3249
2,37145,161,0,0,23,23,1615,20570,7,20577
2,37145,253,0,0,23,23,1615,2250,11,2261
2,37145,391,0,0,23,23,1615,11858,17,11875
2,37145,391,0,0,23,23,1615,68590,17,68607
2,37145,391,0,0,46,23,1615,10108,17,10125
2,37145,437,0,0,23,23,1615,6050,19,6069
2,37145,437,0,0,23,23,1615,15606,19,15625
2,37145,437,0,0,23,23,1615,36992,133,37125
2,37145,437,0,0,46,23,1615,4356,19,4375
2,37145,437,0,0,46,23,1615,15876,19,15895
2,37145,483,0,0,23,23,1615,2312,63,2375
2,37145,1127,0,0,23,23,1615,2250,49,2299
2,37145,2185,0,0,92,23,1615,2992,95,3087
2,37145,2277,0,0,23,23,1615,2432,693,3125
2,37145,3059,0,0,23,23,1615,3200,931,4131
2,37145,3381,0,0,23,23,1615,2584,441,3025
2,37145,4025,0,0,23,23,1615,5984,875,6859
2,37145,4807,0,0,23,23,1615,1666,209,1875
2,37145,5589,0,0,23,23,1615,1672,729,2401
2,37145,5635,0,0,23,23,1615,2662,245,2907
2,37145,6647,0,0,23,23,1615,2432,2023,4455
2,37145,7245,0,0,23,23,1615,4598,315,4913
2,37145,7889,0,0,23,23,1615,1782,343,2125
2,37145,7889,0,0,23,23,1615,1152,2401,3553
2,37145,8303,0,0,23,23,1615,6144,3971,10115
2,37145,9315,0,0,23,23,1615,32,2025,2057
2,37145,9775,0,0,23,23,1615,2662,425,3087
2,37145,12397,0,0,23,23,1615,4374,539,4913
2,37145,13915,0,0,23,23,1615,224,3025,3249
2,37145,14375,0,0,23,23,1615,512,5625,6137
2,37145,15525,0,0,23,23,1615,2888,2025,4913
2,37145,15939,0,0,23,23,1615,640,4851,5491
2,37145,16767,0,0,23,23,1615,2450,729,3179
2,37145,30613,0,0,23,23,1615,6250,1331,7581
2,37145,30613,0,0,23,23,1615,11552,6655,18207
2,37145,30613,0,0,23,23,1615,19494,1331,20825
2,37145,31625,0,0,23,23,1615,1026,1375,2401
2,37145,31671,0,0,23,23,1615,2744,4131,6875
2,37145,33649,0,0,23,23,1615,384,10241,10625
2,37191,483,0,0,21,21,1771,23814,23,23837
2,37297,9633,0,0,19,19,1963,77312,4563,81875
2,37320,7464,0,0,24,24,1555,6250,311,6561
2,37329,23,0,0,92,23,1623,2704,1,2705
2,37335,19,0,0,19,19,1965,4374,1,4375
2,37335,6517,0,0,19,19,1965,128,2401,2529
2,37340,37340,0,0,20,20,1867,534,1867,2401
2,37443,21,0,0,21,21,1783,4374,1,4375
2,37443,37443,0,0,84,21,1783,240,1783,2023
2,37466,6050,0,0,22,22,1703,1922,275,2197
2,37485,21,0,0,21,21,1785,4374,1,4375
2,37510,22,0,0,22,22,1705,3750,1,3751
2,37510,198,0,0,22,22,1705,6250,9,6259
2,37510,242,0,0,44,22,1705,2500,11,2511
2,37559,23,0,0,23,23,1633,5750,1,5751
2,37559,621,0,0,23,23,1633,5014,27,5041
2,37559,1633,0,0,46,23,1633,2116,71,2187
2,37559,2507,0,0,23,23,1633,3266,109,3375
2,37569,37569,0,0,21,21,1789,398,1789,2187
2,37575,25,0,0,25,25,1503,4374,1,4375
2,37575,4175,0,0,50,25,1503,1548,167,1715
2,37576,308,0,0,44,22,1708,3200,49,3249
2,37576,616,0,0,88,22,1708,3200,49,3249
2,37620,980,0,0,20,20,1881,2152,147,2299
2,37620,4860,0,0,20,20,1881,1672,729,2401
2,37620,34020,0,0,20,20,1881,8,5103,5111
2,37660,20,0,0,40,20,1883,4900,1,4901
2,37674,4186,0,0,46,23,1638,8192,1183,9375
2,37674,8372,0,0,92,23,1638,8192,1183,9375
2,37686,22,0,0,22,22,1713,4374,1,4375
2,37700,20,0,0,20,20,1885,4896,5,4901
2,37700,20,0,0,80,20,1885,4624,1,4625
2,37700,60,0,0,20,20,1885,6250,3,6253
2,37700,260,0,0,40,20,1885,3132,13,3145
2,37700,780,0,0,20,20,1885,6728,117,6845
2,37700,1020,0,0,20,20,1885,2146,51,2197
2,37700,2700,0,0,20,20,1885,2738,135,2873
2,37700,16820,0,0,20,20,1885,8192,10933,19125
2,37700,18500,0,0,20,20,1885,288,4625,4913
2,37700,27380,0,0,20,20,1885,7250,1369,8619
2,37700,27380,0,0,20,20,1885,8704,12321,21025
2,37700,28860,0,0,20,20,1885,1682,1443,3125
2,37700,37500,0,0,20,20,1885,48778,1875,50653
2,37752,24,0,0,24,24,1573,4374,1,4375
2,37752,24,0,0,96,24,1573,3024,1,3025
2,37752,264,0,0,24,24,1573,1690,11,1701
2,37752,2184,0,0,24,24,1573,8192,1183,9375
2,37752,2904,0,0,24,24,1573,1352,363,1715
2,37752,2904,0,0,96,24,1573,4096,363,4459
2,37752,7128,0,0,24,24,1573,512,2673,3185
2,37752,12936,0,0,24,24,1573,8,1617,1625
2,37752,12936,0,0,24,24,1573,16000,3773,19773
2,37752,17496,0,0,24,24,1573,88,2187,2275
2,37752,20328,0,0,24,24,1573,1350,847,2197
2,37752,31944,0,0,24,24,1573,294,1331,1625
2,37800,24,0,0,24,24,1575,4374,1,4375
2,37800,24,0,0,24,24,1575,10368,7,10375
2,37800,24,0,0,24,24,1575,33614,1,33615
2,37800,168,0,0,24,24,1575,3200,49,3249
2,37825,9375,0,0,25,25,1513,9826,375,10201
2,37835,23,0,0,23,23,1645,4374,1,4375
2,37835,1081,0,0,23,23,1645,1952,235,2187
2,37835,5635,0,0,23,23,1645,1152,1715,2867
2,37835,13041,0,0,23,23,1645,32,2835,2867
2,37835,15525,0,0,23,23,1645,376,2025,2401
2,37835,16767,0,0,23,23,1645,24064,6561,30625
2,37867,19,0,0,19,19,1993,4374,1,4375
2,37867,133,0,0,19,19,1993,3200,49,3249
2,37875,375,0,0,100,25,1515,4096,45,4141
2,37875,9375,0,0,25,25,1515,3362,375,3737
2,37905,19,0,0,19,19,1995,4374,1,4375
2,37905,133,0,0,19,19,1995,3200,49,3249
2,37944,744,0,0,48,24,1581,19652,31,19683
2,37950,22,0,0,22,22,1725,64000,9,64009
2,37950,22,0,0,22,22,1725,71874,1,71875
2,37950,506,0,0,22,22,1725,19602,23,19625
2,37950,550,0,0,50,25,1518,11776,99,11875
2,37950,1100,0,0,100,25,1518,11776,99,11875
2,37973,23,0,0,23,23,1651,6858,1,6859
2,38019,12673,0,0,46,23,1653,1324,551,1875
2,38040,24,0,0,24,24,1585,7290,1,7291
2,38060,220,0,0,20,20,1903,3114,11,3125
2,38060,3460,0,0,40,20,1903,2500,173,2673
2,38073,21,0,0,21,21,1813,4374,1,4375
2,38073,21,0,0,84,21,1813,3024,1,3025
2,38073,231,0,0,21,21,1813,9250,11,9261
2,38073,1029,0,0,84,21,1813,6512,49,6561
2,38073,28749,0,0,21,21,1813,83006,1369,84375
2,38115,21,0,0,21,21,1815,64000,9,64009
2,38115,21,0,0,21,21,1815,71874,1,71875
2,38115,231,0,0,21,21,1815,3634,11,3645
2,38115,2625,0,0,21,21,1815,1738,125,1863
2,38115,4977,0,0,21,21,1815,512,2133,2645
2,38115,7623,0,0,21,21,1815,14536,1089,15625
2,38115,14175,0,0,21,21,1815,5566,675,6241
2,38157,38157,0,0,46,23,1659,9664,4977,14641
2,38178,4242,0,0,42,21,1818,7776,505,8281
2,38178,8484,0,0,84,21,1818,7776,505,8281
2,38180,60,0,0,20,20,1909,2392,9,2401
2,38180,4860,0,0,20,20,1909,2158,243,2401
2,38180,23660,0,0,20,20,1909,1058,1183,2241
2,38232,7080,0,0,24,24,1593,7776,1475,9251
2,38232,20184,0,0,24,24,1593,6534,841,7375
2,38325,21,0,0,21,21,1825,4374,1,4375
2,38325,25,0,0,25,25,1533,4374,1,4375
2,38325,1533,0,0,21,21,1825,2450,73,2523
2,38325,1701,0,0,21,21,1825,42632,243,42875
2,38325,2025,0,0,25,25,1533,42632,243,42875
2,38325,2625,0,0,21,21,1825,4704,625,5329
2,38325,3125,0,0,25,25,1533,4704,625,5329
2,38325,7203,0,0,21,21,1825,1682,343,2025
2,38325,7203,0,0,21,21,1825,9344,2401,11745
2,38346,22,0,0,22,22,1743,4374,1,4375
2,38346,22,0,0,22,22,1743,10368,7,10375
2,38346,22,0,0,22,22,1743,33614,1,33615
2,38346,1826,0,0,88,22,1743,19600,83,19683
2,38346,5346,0,0,22,22,1743,34202,243,34445
2,38346,22638,0,0,22,22,1743,44672,7203,51875
2,38367,147,0,0,21,21,1827,27848,21,27869
2,38367,189,0,0,84,21,1827,3472,9,3481
2,38367,20181,0,0,21,21,1827,8,2883,2891
2,38456,44,0,0,44,22,1748,12160,7,12167
2,38456,88,0,0,88,22,1748,12160,7,12167
2,38460,20,0,0,20,20,1923,4374,1,4375
2,38460,20,0,0,80,20,1923,3024,1,3025
2,38460,12820,0,0,80,20,1923,14000,641,14641
2,38460,17820,0,0,20,20,1923,32,4455,4487
2,38472,24,0,0,24,24,1603,4374,1,4375
2,38472,1944,0,0,24,24,1603,5000,243,5243
2,38478,19602,0,0,22,22,1749,136,2673,2809
2,38493,63,0,0,84,21,1833,5872,3,5875
2,38493,819,0,0,42,21,1833,3008,117,3125
2,38500,5500,0,0,44,22,1750,4704,625,5329
2,38500,11000,0,0,88,22,1750,4704,625,5329
2,38500,12500,0,0,20,20,1925,32,3125,3157
2,38500,17500,0,0,20,20,1925,1312,4375,5687
2,38525,1863,0,0,23,23,1675,8192,1053,9245
2,38525,12857,0,0,23,23,1675,1250,559,1809
2,38525,13869,0,0,23,23,1675,40,1809,1849
2,38571,5037,0,0,23,23,1677,1978,219,2197
2,38577,21,0,0,84,21,1837,2672,1,2673
2,38610,22,0,0,22,22,1755,4374,1,4375
2,38610,198,0,0,22,22,1755,3200,63,3263
2,38610,770,0,0,22,22,1755,6526,35,6561
2,38610,1386,0,0,22,22,1755,2008,189,2197
2,38610,2002,0,0,22,22,1755,8192,1183,9375
2,38610,38610,0,0,22,22,1755,8032,8775,16807
2,38619,15309,0,0,21,21,1839,2104,2187,4291
2,38625,25,0,0,25,25,1545,1750,1,1751
2,38625,25,0,0,25,25,1545,4374,1,4375
2,38625,25,0,0,25,25,1545,59534,1,59535
2,38625,25,0,0,25,25,1545,65610,1,65611
2,38625,25,0,0,50,25,1545,1700,1,1701
2,38625,25,0,0,50,25,1545,31212,1,31213
2,38625,25,0,0,100,25,1545,10608,1,10609
2,38625,75,0,0,25,25,1545,2176,21,2197
2,38625,175,0,0,25,25,1545,3750,7,3757
2,38625,325,0,0,25,25,1545,8330,13,8343
2,38625,625,0,0,25,25,1545,9248,125,9373
2,38625,2125,0,0,25,25,1545,4374,85,4459
2,38625,2275,0,0,25,25,1545,8192,1183,9375
2,38625,2925,0,0,25,25,1545,1400,351,1751
2,38625,4225,0,0,25,25,1545,1854,169,2023
2,38625,5525,0,0,25,25,1545,640,1547,2187
2,38625,8575,0,0,25,25,1545,1854,343,2197
2,38625,11025,0,0,25,25,1545,6656,3969,10625
2,38625,12675,0,0,25,25,1545,3296,2535,5831
2,38625,23175,0,0,25,25,1545,2744,2781,5525
2,38625,33475,0,0,25,25,1545,686,1339,2025
2,38625,34425,0,0,25,25,1545,338,1377,1715
2,38660,14580,0,0,20,20,1933,77320,2187,79507
2,38663,20493,0,0,23,23,1681,2048,9801,11849
2,38700,540,0,0,20,20,1935,3698,27,3725
2,38700,860,0,0,20,20,1935,15496,129,15625
2,38700,860,0,0,80,20,1935,4096,129,4225
2,38700,1620,0,0,20,20,1935,8192,1053,9245
2,38700,6500,0,0,20,20,1935,3698,325,4023
2,38700,26820,0,0,20,20,1935,1352,4023,5375
2,38700,36980,0,0,20,20,1935,338,1849,2187
2,38703,35301,0,0,21,21,1843,194,1681,1875
2,38709,23,0,0,23,23,1683,34374,1,34375
2,38709,4301,0,0,92,23,1683,2000,187,2187
2,38709,5589,0,0,23,23,1683,5000,729,5729
2,38709,9315,0,0,23,23,1683,32,2025,2057
2,38760,24,0,0,24,24,1615,4374,1,4375
2,38760,24,0,0,48,24,1615,1700,1,1701
2,38760,24,0,0,96,24,1615,3024,1,3025
2,38760,120,0,0,48,24,1615,2052,5,2057
2,38760,168,0,0,24,24,1615,2048,77,2125
2,38760,168,0,0,24,24,1615,3200,49,3249
2,38760,168,0,0,24,24,1615,20570,7,20577
2,38760,264,0,0,24,24,1615,2250,11,2261
2,38760,408,0,0,24,24,1615,11858,17,11875
2,38760,408,0,0,24,24,1615,68590,17,68607
2,38760,408,0,0,48,24,1615,10108,17,10125
2,38760,456,0,0,24,24,1615,6050,19,6069
2,38760,456,0,0,24,24,1615,15606,19,15625
2,38760,456,0,0,24,24,1615,36992,133,37125
2,38760,456,0,0,48,24,1615,4356,19,4375
2,38760,456,0,0,48,24,1615,15876,19,15895
2,38760,504,0,0,24,24,1615,2312,63,2375
2,38760,1176,0,0,24,24,1615,2250,49,2299
2,38760,2280,0,0,96,24,1615,2992,95,3087
2,38760,2376,0,0,24,24,1615,2432,693,3125
2,38760,3192,0,0,24,24,1615,3200,931,4131
2,38760,3528,0,0,24,24,1615,2584,441,3025
2,38760,4200,0,0,24,24,1615,5984,875,6859
2,38760,5016,0,0,24,24,1615,1666,209,1875
2,38760,5832,0,0,24,24,1615,1672,729,2401
2,38760,5880,0,0,24,24,1615,2662,245,2907
2,38760,6936,0,0,24,24,1615,2432,2023,4455
2,38760,7560,0,0,24,24,1615,4598,315,4913
2,38760,8232,0,0,24,24,1615,1782,343,2125
2,38760,8232,0,0,24,24,1615,1152,2401,3553
2,38760,8664,0,0,24,24,1615,6144,3971,10115
2,38760,9720,0,0,24,24,1615,32,2025,2057
2,38760,10200,0,0,24,24,1615,2662,425,3087
2,38760,12936,0,0,24,24,1615,4374,539,4913
2,38760,14520,0,0,24,24,1615,224,3025,3249
2,38760,15000,0,0,24,24,1615,512,5625,6137
2,38760,16200,0,0,24,24,1615,2888,2025,4913
2,38760,16632,0,0,24,24,1615,640,4851,5491
2,38760,17496,0,0,24,24,1615,2450,729,3179
2,38760,31944,0,0,24,24,1615,6250,1331,7581
2,38760,31944,0,0,24,24,1615,11552,6655,18207
2,38760,31944,0,0,24,24,1615,19494,1331,20825
2,38760,33000,0,0,24,24,1615,1026,1375,2401
2,38760,33048,0,0,24,24,1615,2744,4131,6875
2,38760,35112,0,0,24,24,1615,384,10241,10625
2,38808,462,0,0,84,21,1848,2368,33,2401
2,38830,2970,0,0,22,22,1765,9728,1215,10943
2,38874,682,0,0,22,22,1767,2318,31,2349
2,38874,12958,0,0,44,22,1767,3132,589,3721
2,38875,7775,0,0,25,25,1555,6250,311,6561
2,38900,4860,0,0,20,20,1945,77800,729,78529
2,38900,7780,0,0,20,20,1945,6750,389,7139
2,38900,38900,0,0,20,20,1945,242,1945,2187
2,38913,7791,0,0,21,21,1853,128,2597,2725
2,38952,24,0,0,96,24,1623,2704,1,2705
2,38955,21,0,0,21,21,1855,2592,5,2597
2,38955,21,0,0,21,21,1855,4374,1,4375
2,38955,147,0,0,21,21,1855,5618,7,5625
2,38955,7791,0,0,21,21,1855,6190,371,6561
2,38955,21609,0,0,21,21,1855,8,3087,3095
2,38955,30051,0,0,21,21,1855,40,4293,4333
2,38962,506,0,0,22,22,1771,23814,23,23837
2,39060,20,0,0,20,20,1953,4374,1,4375
2,39060,60,0,0,20,20,1953,4802,3,4805
2,39060,100,0,0,20,20,1953,12152,15,12167
2,39060,140,0,0,20,20,1953,32798,7,32805
2,39060,180,0,0,40,20,1953,2116,9,2125
2,39060,340,0,0,20,20,1953,2170,17,2187
2,39060,340,0,0,20,20,1953,12150,17,12167
2,39060,620,0,0,40,20,1953,19652,31,19683
2,39060,1620,0,0,20,20,1953,5750,81,5831
2,39060,1860,0,0,80,20,1953,4096,279,4375
2,39060,2700,0,0,20,20,1953,3968,945,4913
2,39060,4860,0,0,20,20,1953,8750,243,8993
2,39060,5580,0,0,20,20,1953,1288,837,2125
2,39060,24500,0,0,20,20,1953,384,8575,8959
2,39060,24500,0,0,20,20,1953,28566,1225,29791
2,39060,26460,0,0,20,20,1953,32,6615,6647
2,39060,34020,0,0,20,20,1953,17000,5103,22103
2,39060,37500,0,0,20,20,1953,3038,1875,4913
2,39078,26,0,0,26,26,1503,4374,1,4375
2,39078,4342,0,0,52,26,1503,1548,167,1715
2,39169,6325,0,0,23,23,1703,1922,275,2197
2,39192,24,0,0,24,24,1633,5750,1,5751
2,39192,648,0,0,24,24,1633,5014,27,5041
2,39192,1704,0,0,48,24,1633,2116,71,2187
2,39192,2616,0,0,24,24,1633,3266,109,3375
2,39207,39207,0,0,21,21,1867,534,1867,2401
2,39215,23,0,0,23,23,1705,3750,1,3751
2,39215,207,0,0,23,23,1705,6250,9,6259
2,39215,253,0,0,46,23,1705,2500,11,2511
2,39226,22,0,0,22,22,1783,4374,1,4375
2,39226,39226,0,0,88,22,1783,240,1783,2023
2,39260,10140,0,0,20,20,1963,77312,4563,81875
2,39270,22,0,0,22,22,1785,4374,1,4375
2,39284,322,0,0,46,23,1708,3200,49,3249
2,39284,644,0,0,92,23,1708,3200,49,3249
2,39300,20,0,0,20,20,1965,4374,1,4375
2,39300,6860,0,0,20,20,1965,128,2401,2529
2,39312,4368,0,0,48,24,1638,8192,1183,9375
2,39312,8736,0,0,96,24,1638,8192,1183,9375
2,39325,25,0,0,25,25,1573,4374,1,4375
2,39325,25,0,0,100,25,1573,3024,1,3025
2,39325,275,0,0,25,25,1573,1690,11,1701
2,39325,2275,0,0,25,25,1573,8192,1183,9375
2,39325,3025,0,0,25,25,1573,1352,363,1715
2,39325,3025,0,0,100,25,1573,4096,363,4459
2,39325,7425,0,0,25,25,1573,512,2673,3185
2,39325,13475,0,0,25,25,1573,8,1617,1625
2,39325,13475,0,0,25,25,1573,16000,3773,19773
2,39325,18225,0,0,25,25,1573,88,2187,2275
2,39325,21175,0,0,25,25,1573,1350,847,2197
2,39325,33275,0,0,25,25,1573,294,1331,1625
2,39338,9750,0,0,26,26,1513,9826,375,10201
2,39358,39358,0,0,22,22,1789,398,1789,2187
2,39375,25,0,0,25,25,1575,4374,1,4375
2,39375,25,0,0,25,25,1575,10368,7,10375
2,39375,25,0,0,25,25,1575,33614,1,33615
2,39375,175,0,0,25,25,1575,3200,49,3249
2,39390,390,0,0,104,26,1515,4096,45,4141
2,39390,9750,0,0,26,26,1515,3362,375,3737
2,39399,23,0,0,23,23,1713,4374,1,4375
2,39468,572,0,0,52,26,1518,11776,99,11875
2,39468,1144,0,0,104,26,1518,11776,99,11875
2,39480,24,0,0,24,24,1645,4374,1,4375
2,39480,1128,0,0,24,24,1645,1952,235,2187
2,39480,5880,0,0,24,24,1645,1152,1715,2867
2,39480,13608,0,0,24,24,1645,32,2835,2867
2,39480,16200,0,0,24,24,1645,376,2025,2401
2,39480,17496,0,0,24,24,1645,24064,6561,30625
2,39501,1029,0,0,21,21,1881,2152,147,2299
2,39501,5103,0,0,21,21,1881,1672,729,2401
2,39501,35721,0,0,21,21,1881,8,5103,5111
2,39525,775,0,0,50,25,1581,19652,31,19683
2,39543,21,0,0,42,21,1883,4900,1,4901
2,39585,21,0,0,21,21,1885,4896,5,4901
2,39585,21,0,0,84,21,1885,4624,1,4625
2,39585,63,0,0,21,21,1885,6250,3,6253
2,39585,273,0,0,42,21,1885,3132,13,3145
2,39585,819,0,0,21,21,1885,6728,117,6845
2,39585,1071,0,0,21,21,1885,2146,51,2197
2,39585,2835,0,0,21,21,1885,2738,135,2873
2,39585,17661,0,0,21,21,1885,8192,10933,19125
2,39585,19425,0,0,21,21,1885,288,4625,4913
2,39585,28749,0,0,21,21,1885,7250,1369,8619
2,39585,28749,0,0,21,21,1885,8704,12321,21025
2,39585,30303,0,0,21,21,1885,1682,1443,3125
2,39585,39375,0,0,21,21,1885,48778,1875,50653
2,39624,24,0,0,24,24,1651,6858,1,6859
2,39625,25,0,0,25,25,1585,7290,1,7291
2,39672,13224,0,0,48,24,1653,1324,551,1875
2,39675,23,0,0,23,23,1725,64000,9,64009
2,39675,23,0,0,23,23,1725,71874,1,71875
2,39675,529,0,0,23,23,1725,19602,23,19625
2,39816,39816,0,0,48,24,1659,9664,4977,14641
2,39825,7375,0,0,25,25,1593,7776,1475,9251
2,39825,21025,0,0,25,25,1593,6534,841,7375
2,39858,26,0,0,26,26,1533,4374,1,4375
2,39858,2106,0,0,26,26,1533,42632,243,42875
2,39858,3250,0,0,26,26,1533,4704,625,5329
2,39860,20,0,0,20,20,1993,4374,1,4375
2,39860,140,0,0,20,20,1993,3200,49,3249
2,39886,22,0,0,22,22,1813,4374,1,4375
2,39886,22,0,0,88,22,1813,3024,1,3025
2,39886,242,0,0,22,22,1813,9250,11,9261
2,39886,1078,0,0,88,22,1813,6512,49,6561
2,39886,30118,0,0,22,22,1813,83006,1369,84375
2,39900,20,0,0,20,20,1995,4374,1,4375
2,39900,140,0,0,20,20,1995,3200,49,3249
2,39930,22,0,0,22,22,1815,64000,9,64009
2,39930,22,0,0,22,22,1815,71874,1,71875
2,39930,242,0,0,22,22,1815,3634,11,3645
2,39930,2750,0,0,22,22,1815,1738,125,1863
2,39930,5214,0,0,22,22,1815,512,2133,2645
2,39930,7986,0,0,22,22,1815,14536,1089,15625
2,39930,14850,0,0,22,22,1815,5566,675,6241
2,39963,231,0,0,21,21,1903,3114,11,3125
2,39963,3633,0,0,42,21,1903,2500,173,2673
2,39996,4444,0,0,44,22,1818,7776,505,8281
2,39996,8888,0,0,88,22,1818,7776,505,8281
2,40075,25,0,0,25,25,1603,4374,1,4375
2,40075,2025,0,0,25,25,1603,5000,243,5243
2,40089,23,0,0,23,23,1743,4374,1,4375
2,40089,23,0,0,23,23,1743,10368,7,10375
2,40089,23,0,0,23,23,1743,33614,1,33615
2,40089,63,0,0,21,21,1909,2392,9,2401
2,40089,1909,0,0,92,23,1743,19600,83,19683
2,40089,5103,0,0,21,21,1909,2158,243,2401
2,40089,5589,0,0,23,23,1743,34202,243,34445
2,40089,23667,0,0,23,23,1743,44672,7203,51875
2,40089,24843,0,0,21,21,1909,1058,1183,2241
2,40150,22,0,0,22,22,1825,4374,1,4375
2,40150,1606,0,0,22,22,1825,2450,73,2523
2,40150,1782,0,0,22,22,1825,42632,243,42875
2,40150,2750,0,0,22,22,1825,4704,625,5329
2,40150,7546,0,0,22,22,1825,1682,343,2025
2,40150,7546,0,0,22,22,1825,9344,2401,11745
2,40170,26,0,0,26,26,1545,1750,1,1751
2,40170,26,0,0,26,26,1545,4374,1,4375
2,40170,26,0,0,26,26,1545,59534,1,59535
2,40170,26,0,0,26,26,1545,65610,1,65611
2,40170,26,0,0,52,26,1545,1700,1,1701
2,40170,26,0,0,52,26,1545,31212,1,31213
2,40170,26,0,0,104,26,1545,10608,1,10609
2,40170,78,0,0,26,26,1545,2176,21,2197
2,40170,182,0,0,26,26,1545,3750,7,3757
2,40170,338,0,0,26,26,1545,8330,13,8343
2,40170,650,0,0,26,26,1545,9248,125,9373
2,40170,2210,0,0,26,26,1545,4374,85,4459
2,40170,2366,0,0,26,26,1545,8192,1183,9375
2,40170,3042,0,0,26,26,1545,1400,351,1751
2,40170,4394,0,0,26,26,1545,1854,169,2023
2,40170,5746,0,0,26,26,1545,640,1547,2187
2,40170,8918,0,0,26,26,1545,1854,343,2197
2,40170,11466,0,0,26,26,1545,6656,3969,10625
2,40170,13182,0,0,26,26,1545,3296,2535,5831
2,40170,24102,0,0,26,26,1545,2744,2781,5525
2,40170,34814,0,0,26,26,1545,686,1339,2025
2,40170,35802,0,0,26,26,1545,338,1377,1715
2,40194,154,0,0,22,22,1827,27848,21,27869
2,40194,198,0,0,88,22,1827,3472,9,3481
2,40194,21142,0,0,22,22,1827,8,2883,2891
2,40200,1944,0,0,24,24,1675,8192,1053,9245
2,40200,13416,0,0,24,24,1675,1250,559,1809
2,40200,14472,0,0,24,24,1675,40,1809,1849
2,40204,46,0,0,46,23,1748,12160,7,12167
2,40204,92,0,0,92,23,1748,12160,7,12167
2,40227,20493,0,0,23,23,1749,136,2673,2809
2,40248,5256,0,0,24,24,1677,1978,219,2197
2,40250,5750,0,0,46,23,1750,4704,625,5329
2,40250,11500,0,0,92,23,1750,4704,625,5329
2,40326,66,0,0,88,22,1833,5872,3,5875
2,40326,858,0,0,44,22,1833,3008,117,3125
2,40344,21384,0,0,24,24,1681,2048,9801,11849
2,40365,23,0,0,23,23,1755,4374,1,4375
2,40365,207,0,0,23,23,1755,3200,63,3263
2,40365,805,0,0,23,23,1755,6526,35,6561
2,40365,1449,0,0,23,23,1755,2008,189,2197
2,40365,2093,0,0,23,23,1755,8192,1183,9375
2,40365,40365,0,0,23,23,1755,8032,8775,16807
2,40375,25,0,0,25,25,1615,4374,1,4375
2,40375,25,0,0,50,25,1615,1700,1,1701
2,40375,25,0,0,100,25,1615,3024,1,3025
2,40375,125,0,0,50,25,1615,2052,5,2057
2,40375,175,0,0,25,25,1615,2048,77,2125
2,40375,175,0,0,25,25,1615,3200,49,3249
2,40375,175,0,0,25,25,1615,20570,7,20577
2,40375,275,0,0,25,25,1615,2250,11,2261
2,40375,425,0,0,25,25,1615,11858,17,11875
2,40375,425,0,0,25,25,1615,68590,17,68607
2,40375,425,0,0,50,25,1615,10108,17,10125
2,40375,475,0,0,25,25,1615,6050,19,6069
2,40375,475,0,0,25,25,1615,15606,19,15625
2,40375,475,0,0,25,25,1615,36992,133,37125
2,40375,475,0,0,50,25,1615,4356,19,4375
2,40375,475,0,0,50,25,1615,15876,19,15895
2,40375,525,0,0,25,25,1615,2312,63,2375
2,40375,1225,0,0,25,25,1615,2250,49,2299
2,40375,2375,0,0,100,25,1615,2992,95,3087
2,40375,2475,0,0,25,25,1615,2432,693,3125
2,40375,3325,0,0,25,25,1615,3200,931,4131
2,40375,3675,0,0,25,25,1615,2584,441,3025
2,40375,4375,0,0,25,25,1615,5984,875,6859
2,40375,5225,0,0,25,25,1615,1666,209,1875
2,40375,6075,0,0,25,25,1615,1672,729,2401
2,40375,6125,0,0,25,25,1615,2662,245,2907
2,40375,7225,0,0,25,25,1615,2432,2023,4455
2,40375,7875,0,0,25,25,1615,4598,315,4913
2,40375,8575,0,0,25,25,1615,1782,343,2125
2,40375,8575,0,0,25,25,1615,1152,2401,3553
2,40375,9025,0,0,25,25,1615,6144,3971,10115
2,40375,10125,0,0,25,25,1615,32,2025,2057
2,40375,10625,0,0,25,25,1615,2662,425,3087
2,40375,13475,0,0,25,25,1615,4374,539,4913
2,40375,15125,0,0,25,25,1615,224,3025,3249
2,40375,15625,0,0,25,25,1615,512,5625,6137
2,40375,16875,0,0,25,25,1615,2888,2025,4913
2,40375,17325,0,0,25,25,1615,640,4851,5491
2,40375,18225,0,0,25,25,1615,2450,729,3179
2,40375,33275,0,0,25,25,1615,6250,1331,7581
2,40375,33275,0,0,25,25,1615,11552,6655,18207
2,40375,33275,0,0,25,25,1615,19494,1331,20825
2,40375,34375,0,0,25,25,1615,1026,1375,2401
2,40375,34425,0,0,25,25,1615,2744,4131,6875
2,40375,36575,0,0,25,25,1615,384,10241,10625
2,40383,21,0,0,21,21,1923,4374,1,4375
2,40383,21,0,0,84,21,1923,3024,1,3025
2,40383,13461,0,0,84,21,1923,14000,641,14641
2,40383,18711,0,0,21,21,1923,32,4455,4487
2,40392,24,0,0,24,24,1683,34374,1,34375
2,40392,4488,0,0,96,24,1683,2000,187,2187
2,40392,5832,0,0,24,24,1683,5000,729,5729
2,40392,9720,0,0,24,24,1683,32,2025,2057
2,40414,22,0,0,88,22,1837,2672,1,2673
2,40425,13125,0,0,21,21,1925,32,3125,3157
2,40425,18375,0,0,21,21,1925,1312,4375,5687
2,40430,8086,0,0,26,26,1555,6250,311,6561
2,40458,16038,0,0,22,22,1839,2104,2187,4291
2,40546,36982,0,0,22,22,1843,194,1681,1875
2,40575,25,0,0,100,25,1623,2704,1,2705
2,40581,27,0,0,27,27,1503,4374,1,4375
2,40581,4509,0,0,54,27,1503,1548,167,1715
2,40593,15309,0,0,21,21,1933,77320,2187,79507
2,40595,3105,0,0,23,23,1765,9728,1215,10943
2,40635,567,0,0,21,21,1935,3698,27,3725
2,40635,903,0,0,21,21,1935,15496,129,15625
2,40635,903,0,0,84,21,1935,4096,129,4225
2,40635,1701,0,0,21,21,1935,8192,1053,9245
2,40635,6825,0,0,21,21,1935,3698,325,4023
2,40635,28161,0,0,21,21,1935,1352,4023,5375
2,40635,38829,0,0,21,21,1935,338,1849,2187
2,40641,713,0,0,23,23,1767,2318,31,2349
2,40641,13547,0,0,46,23,1767,3132,589,3721
2,40656,484,0,0,88,22,1848,2368,33,2401
2,40733,529,0,0,23,23,1771,23814,23,23837
2,40766,8162,0,0,22,22,1853,128,2597,2725
2,40810,22,0,0,22,22,1855,2592,5,2597
2,40810,22,0,0,22,22,1855,4374,1,4375
2,40810,154,0,0,22,22,1855,5618,7,5625
2,40810,8162,0,0,22,22,1855,6190,371,6561
2,40810,22638,0,0,22,22,1855,8,3087,3095
2,40810,31482,0,0,22,22,1855,40,4293,4333
2,40825,25,0,0,25,25,1633,5750,1,5751
2,40825,675,0,0,25,25,1633,5014,27,5041
2,40825,1775,0,0,50,25,1633,2116,71,2187
2,40825,2725,0,0,25,25,1633,3266,109,3375
2,40845,5103,0,0,21,21,1945,77800,729,78529
2,40845,8169,0,0,21,21,1945,6750,389,7139
2,40845,40845,0,0,21,21,1945,242,1945,2187
2,40851,10125,0,0,27,27,1513,9826,375,10201
2,40872,6600,0,0,24,24,1703,1922,275,2197
2,40898,26,0,0,26,26,1573,4374,1,4375
2,40898,26,0,0,104,26,1573,3024,1,3025
2,40898,286,0,0,26,26,1573,1690,11,1701
2,40898,2366,0,0,26,26,1573,8192,1183,9375
2,40898,3146,0,0,26,26,1573,1352,363,1715
2,40898,3146,0,0,104,26,1573,4096,363,4459
2,40898,7722,0,0,26,26,1573,512,2673,3185
2,40898,14014,0,0,26,26,1573,8,1617,1625
2,40898,14014,0,0,26,26,1573,16000,3773,19773
2,40898,18954,0,0,26,26,1573,88,2187,2275
2,40898,22022,0,0,26,26,1573,1350,847,2197
2,40898,34606,0,0,26,26,1573,294,1331,1625
2,40905,405,0,0,108,27,1515,4096,45,4141
2,40905,10125,0,0,27,27,1515,3362,375,3737
2,40920,24,0,0,24,24,1705,3750,1,3751
2,40920,216,0,0,24,24,1705,6250,9,6259
2,40920,264,0,0,48,24,1705,2500,11,2511
2,40950,26,0,0,26,26,1575,4374,1,4375
2,40950,26,0,0,26,26,1575,10368,7,10375
2,40950,26,0,0,26,26,1575,33614,1,33615
2,40950,182,0,0,26,26,1575,3200,49,3249
2,40950,4550,0,0,50,25,1638,8192,1183,9375
2,40950,9100,0,0,100,25,1638,8192,1183,9375
2,40986,594,0,0,54,27,1518,11776,99,11875
2,40986,1188,0,0,108,27,1518,11776,99,11875
2,40992,336,0,0,48,24,1708,3200,49,3249
2,40992,672,0,0,96,24,1708,3200,49,3249
2,41009,23,0,0,23,23,1783,4374,1,4375
2,41009,41009,0,0,92,23,1783,240,1783,2023
2,41013,21,0,0,21,21,1953,4374,1,4375
2,41013,63,0,0,21,21,1953,4802,3,4805
2,41013,105,0,0,21,21,1953,12152,15,12167
2,41013,147,0,0,21,21,1953,32798,7,32805
2,41013,189,0,0,42,21,1953,2116,9,2125
2,41013,357,0,0,21,21,1953,2170,17,2187
2,41013,357,0,0,21,21,1953,12150,17,12167
2,41013,651,0,0,42,21,1953,19652,31,19683
2,41013,1701,0,0,21,21,1953,5750,81,5831
2,41013,1953,0,0,84,21,1953,4096,279,4375
2,41013,2835,0,0,21,21,1953,3968,945,4913
2,41013,5103,0,0,21,21,1953,8750,243,8993
2,41013,5859,0,0,21,21,1953,1288,837,2125
2,41013,25725,0,0,21,21,1953,384,8575,8959
2,41013,25725,0,0,21,21,1953,28566,1225,29791
2,41013,27783,0,0,21,21,1953,32,6615,6647
2,41013,35721,0,0,21,21,1953,17000,5103,22103
2,41013,39375,0,0,21,21,1953,3038,1875,4913
2,41055,23,0,0,23,23,1785,4374,1,4375
2,41074,41074,0,0,22,22,1867,534,1867,2401
2,41106,806,0,0,52,26,1581,19652,31,19683
2,41112,24,0,0,24,24,1713,4374,1,4375
2,41125,25,0,0,25,25,1645,4374,1,4375
2,41125,1175,0,0,25,25,1645,1952,235,2187
2,41125,6125,0,0,25,25,1645,1152,1715,2867
2,41125,14175,0,0,25,25,1645,32,2835,2867
2,41125,16875,0,0,25,25,1645,376,2025,2401
2,41125,18225,0,0,25,25,1645,24064,6561,30625
2,41147,41147,0,0,23,23,1789,398,1789,2187
2,41210,26,0,0,26,26,1585,7290,1,7291
2,41223,10647,0,0,21,21,1963,77312,4563,81875
2,41265,21,0,0,21,21,1965,4374,1,4375
2,41265,7203,0,0,21,21,1965,128,2401,2529
2,41275,25,0,0,25,25,1651,6858,1,6859
2,41325,13775,0,0,50,25,1653,1324,551,1875
2,41382,1078,0,0,22,22,1881,2152,147,2299
2,41382,5346,0,0,22,22,1881,1672,729,2401
2,41382,37422,0,0,22,22,1881,8,5103,5111
2,41391,27,0,0,27,27,1533,4374,1,4375
2,41391,2187,0,0,27,27,1533,42632,243,42875
2,41391,3375,0,0,27,27,1533,4704,625,5329
2,41400,24,0,0,24,24,1725,64000,9,64009
2,41400,24,0,0,24,24,1725,71874,1,71875
2,41400,552,0,0,24,24,1725,19602,23,19625
2,41418,7670,0,0,26,26,1593,7776,1475,9251
2,41418,21866,0,0,26,26,1593,6534,841,7375
2,41426,22,0,0,44,22,1883,4900,1,4901
2,41470,22,0,0,22,22,1885,4896,5,4901
2,41470,22,0,0,88,22,1885,4624,1,4625
2,41470,66,0,0,22,22,1885,6250,3,6253
2,41470,286,0,0,44,22,1885,3132,13,3145
2,41470,858,0,0,22,22,1885,6728,117,6845
2,41470,1122,0,0,22,22,1885,2146,51,2197
2,41470,2970,0,0,22,22,1885,2738,135,2873
2,41470,18502,0,0,22,22,1885,8192,10933,19125
2,41470,20350,0,0,22,22,1885,288,4625,4913
2,41470,30118,0,0,22,22,1885,7250,1369,8619
2,41470,30118,0,0,22,22,1885,8704,12321,21025
2,41470,31746,0,0,22,22,1885,1682,1443,3125
2,41470,41250,0,0,22,22,1885,48778,1875,50653
2,41475,41475,0,0,50,25,1659,9664,4977,14641
2,41678,26,0,0,26,26,1603,4374,1,4375
2,41678,2106,0,0,26,26,1603,5000,243,5243
2,41699,23,0,0,23,23,1813,4374,1,4375
2,41699,23,0,0,92,23,1813,3024,1,3025
2,41699,253,0,0,23,23,1813,9250,11,9261
2,41699,1127,0,0,92,23,1813,6512,49,6561
2,41699,31487,0,0,23,23,1813,83006,1369,84375
2,41715,27,0,0,27,27,1545,1750,1,1751
2,41715,27,0,0,27,27,1545,4374,1,4375
2,41715,27,0,0,27,27,1545,59534,1,59535
2,41715,27,0,0,27,27,1545,65610,1,65611
2,41715,27,0,0,54,27,1545,1700,1,1701
2,41715,27,0,0,54,27,1545,31212,1,31213
2,41715,27,0,0,108,27,1545,10608,1,10609
2,41715,81,0,0,27,27,1545,2176,21,2197
2,41715,189,0,0,27,27,1545,3750,7,3757
2,41715,351,0,0,27,27,1545,8330,13,8343
2,41715,675,0,0,27,27,1545,9248,125,9373
2,41715,2295,0,0,27,27,1545,4374,85,4459
2,41715,2457,0,0,27,27,1545,8192,1183,9375
2,41715,3159,0,0,27,27,1545,1400,351,1751
2,41715,4563,0,0,27,27,1545,1854,169,2023
2,41715,5967,0,0,27,27,1545,640,1547,2187
2,41715,9261,0,0,27,27,1545,1854,343,2197
2,41715,11907,0,0,27,27,1545,6656,3969,10625
2,41715,13689,0,0,27,27,1545,3296,2535,5831
2,41715,25029,0,0,27,27,1545,2744,2781,5525
2,41715,36153,0,0,27,27,1545,686,1339,2025
2,41715,37179,0,0,27,27,1545,338,1377,1715
2,41745,23,0,0,23,23,1815,64000,9,64009
2,41745,23,0,0,23,23,1815,71874,1,71875
2,41745,253,0,0,23,23,1815,3634,11,3645
2,41745,2875,0,0,23,23,1815,1738,125,1863
2,41745,5451,0,0,23,23,1815,512,2133,2645
2,41745,8349,0,0,23,23,1815,14536,1089,15625
2,41745,15525,0,0,23,23,1815,5566,675,6241
2,41814,4646,0,0,46,23,1818,7776,505,8281
2,41814,9292,0,0,92,23,1818,7776,505,8281
2,41832,24,0,0,24,24,1743,4374,1,4375
2,41832,24,0,0,24,24,1743,10368,7,10375
2,41832,24,0,0,24,24,1743,33614,1,33615
2,41832,1992,0,0,96,24,1743,19600,83,19683
2,41832,5832,0,0,24,24,1743,34202,243,34445
2,41832,24696,0,0,24,24,1743,44672,7203,51875
2,41853,21,0,0,21,21,1993,4374,1,4375
2,41853,147,0,0,21,21,1993,3200,49,3249
2,41866,242,0,0,22,22,1903,3114,11,3125
2,41866,3806,0,0,44,22,1903,2500,173,2673
2,41875,2025,0,0,25,25,1675,8192,1053,9245
2,41875,13975,0,0,25,25,1675,1250,559,1809
2,41875,15075,0,0,25,25,1675,40,1809,1849
2,41895,21,0,0,21,21,1995,4374,1,4375
2,41895,147,0,0,21,21,1995,3200,49,3249
2,41925,5475,0,0,25,25,1677,1978,219,2197
2,41952,48,0,0,48,24,1748,12160,7,12167
2,41952,96,0,0,96,24,1748,12160,7,12167
2,41975,23,0,0,23,23,1825,4374,1,4375
2,41975,1679,0,0,23,23,1825,2450,73,2523
2,41975,1863,0,0,23,23,1825,42632,243,42875
2,41975,2875,0,0,23,23,1825,4704,625,5329
2,41975,7889,0,0,23,23,1825,1682,343,2025
2,41975,7889,0,0,23,23,1825,9344,2401,11745
2,41976,21384,0,0,24,24,1749,136,2673,2809
2,41985,8397,0,0,27,27,1555,6250,311,6561
2,41990,26,0,0,26,26,1615,4374,1,4375
2,41990,26,0,0,52,26,1615,1700,1,1701
2,41990,26,0,0,104,26,1615,3024,1,3025
2,41990,130,0,0,52,26,1615,2052,5,2057
2,41990,182,0,0,26,26,1615,2048,77,2125
2,41990,182,0,0,26,26,1615,3200,49,3249
2,41990,182,0,0,26,26,1615,20570,7,20577
2,41990,286,0,0,26,26,1615,2250,11,2261
2,41990,442,0,0,26,26,1615,11858,17,11875
2,41990,442,0,0,26,26,1615,68590,17,68607
2,41990,442,0,0,52,26,1615,10108,17,10125
2,41990,494,0,0,26,26,1615,6050,19,6069
2,41990,494,0,0,26,26,1615,15606,19,15625
2,41990,494,0,0,26,26,1615,36992,133,37125
2,41990,494,0,0,52,26,1615,4356,19,4375
2,41990,494,0,0,52,26,1615,15876,19,15895
2,41990,546,0,0,26,26,1615,2312,63,2375
2,41990,1274,0,0,26,26,1615,2250,49,2299
2,41990,2470,0,0,104,26,1615,2992,95,3087
2,41990,2574,0,0,26,26,1615,2432,693,3125
2,41990,3458,0,0,26,26,1615,3200,931,4131
2,41990,3822,0,0,26,26,1615,2584,441,3025
2,41990,4550,0,0,26,26,1615,5984,875,6859
2,41990,5434,0,0,26,26,1615,1666,209,1875
2,41990,6318,0,0,26,26,1615,1672,729,2401
2,41990,6370,0,0,26,26,1615,2662,245,2907
2,41990,7514,0,0,26,26,1615,2432,2023,4455
2,41990,8190,0,0,26,26,1615,4598,315,4913
2,41990,8918,0,0,26,26,1615,1782,343,2125
2,41990,8918,0,0,26,26,1615,1152,2401,3553
2,41990,9386,0,0,26,26,1615,6144,3971,10115
2,41990,10530,0,0,26,26,1615,32,2025,2057
2,41990,11050,0,0,26,26,1615,2662,425,3087
2,41990,14014,0,0,26,26,1615,4374,539,4913
2,41990,15730,0,0,26,26,1615,224,3025,3249
2,41990,16250,0,0,26,26,1615,512,5625,6137
2,41990,17550,0,0,26,26,1615,2888,2025,4913
2,41990,18018,0,0,26,26,1615,640,4851,5491
2,41990,18954,0,0,26,26,1615,2450,729,3179
2,41990,34606,0,0,26,26,1615,6250,1331,7581
2,41990,34606,0,0,26,26,1615,11552,6655,18207
2,41990,34606,0,0,26,26,1615,19494,1331,20825
2,41990,35750,0,0,26,26,1615,1026,1375,2401
2,41990,35802,0,0,26,26,1615,2744,4131,6875
2,41990,38038,0,0,26,26,1615,384,10241,10625
2,41998,66,0,0,22,22,1909,2392,9,2401
2,41998,5346,0,0,22,22,1909,2158,243,2401
2,41998,26026,0,0,22,22,1909,1058,1183,2241
2,42000,6000,0,0,48,24,1750,4704,625,5329
2,42000,12000,0,0,96,24,1750,4704,625,5329
2,42021,161,0,0,23,23,1827,27848,21,27869
2,42021,207,0,0,92,23,1827,3472,9,3481
2,42021,22103,0,0,23,23,1827,8,2883,2891
2,42025,22275,0,0,25,25,1681,2048,9801,11849
2,42075,25,0,0,25,25,1683,34374,1,34375
2,42075,4675,0,0,100,25,1683,2000,187,2187
2,42075,6075,0,0,25,25,1683,5000,729,5729
2,42075,10125,0,0,25,25,1683,32,2025,2057
2,42084,28,0,0,28,28,1503,4374,1,4375
2,42084,4676,0,0,56,28,1503,1548,167,1715
2,42120,24,0,0,24,24,1755,4374,1,4375
2,42120,216,0,0,24,24,1755,3200,63,3263
2,42120,840,0,0,24,24,1755,6526,35,6561
2,42120,1512,0,0,24,24,1755,2008,189,2197
2,42120,2184,0,0,24,24,1755,8192,1183,9375
2,42120,42120,0,0,24,24,1755,8032,8775,16807
2,42159,69,0,0,92,23,1833,5872,3,5875
2,42159,897,0,0,46,23,1833,3008,117,3125
2,42198,26,0,0,104,26,1623,2704,1,2705
2,42251,23,0,0,92,23,1837,2672,1,2673
2,42297,16767,0,0,23,23,1839,2104,2187,4291
2,42306,22,0,0,22,22,1923,4374,1,4375
2,42306,22,0,0,88,22,1923,3024,1,3025
2,42306,14102,0,0,88,22,1923,14000,641,14641
2,42306,19602,0,0,22,22,1923,32,4455,4487
2,42350,13750,0,0,22,22,1925,32,3125,3157
2,42350,19250,0,0,22,22,1925,1312,4375,5687
2,42360,3240,0,0,24,24,1765,9728,1215,10943
2,42364,10500,0,0,28,28,1513,9826,375,10201
2,42389,38663,0,0,23,23,1843,194,1681,1875
2,42408,744,0,0,24,24,1767,2318,31,2349
2,42408,14136,0,0,48,24,1767,3132,589,3721
2,42420,420,0,0,112,28,1515,4096,45,4141
2,42420,10500,0,0,28,28,1515,3362,375,3737
2,42458,26,0,0,26,26,1633,5750,1,5751
2,42458,702,0,0,26,26,1633,5014,27,5041
2,42458,1846,0,0,52,26,1633,2116,71,2187
2,42458,2834,0,0,26,26,1633,3266,109,3375
2,42471,27,0,0,27,27,1573,4374,1,4375
2,42471,27,0,0,108,27,1573,3024,1,3025
2,42471,297,0,0,27,27,1573,1690,11,1701
2,42471,2457,0,0,27,27,1573,8192,1183,9375
2,42471,3267,0,0,27,27,1573,1352,363,1715
2,42471,3267,0,0,108,27,1573,4096,363,4459
2,42471,8019,0,0,27,27,1573,512,2673,3185
2,42471,14553,0,0,27,27,1573,8,1617,1625
2,42471,14553,0,0,27,27,1573,16000,3773,19773
2,42471,19683,0,0,27,27,1573,88,2187,2275
2,42471,22869,0,0,27,27,1573,1350,847,2197
2,42471,35937,0,0,27,27,1573,294,1331,1625
2,42504,506,0,0,92,23,1848,2368,33,2401
2,42504,552,0,0,24,24,1771,23814,23,23837
2,42504,616,0,0,56,28,1518,11776,99,11875
2,42504,1232,0,0,112,28,1518,11776,99,11875
2,42525,27,0,0,27,27,1575,4374,1,4375
2,42525,27,0,0,27,27,1575,10368,7,10375
2,42525,27,0,0,27,27,1575,33614,1,33615
2,42525,189,0,0,27,27,1575,3200,49,3249
2,42526,16038,0,0,22,22,1933,77320,2187,79507
2,42570,594,0,0,22,22,1935,3698,27,3725
2,42570,946,0,0,22,22,1935,15496,129,15625
2,42570,946,0,0,88,22,1935,4096,129,4225
2,42570,1782,0,0,22,22,1935,8192,1053,9245
2,42570,7150,0,0,22,22,1935,3698,325,4023
2,42570,29502,0,0,22,22,1935,1352,4023,5375
2,42570,40678,0,0,22,22,1935,338,1849,2187
2,42575,6875,0,0,25,25,1703,1922,275,2197
2,42588,4732,0,0,52,26,1638,8192,1183,9375
2,42588,9464,0,0,104,26,1638,8192,1183,9375
2,42619,8533,0,0,23,23,1853,128,2597,2725
2,42625,25,0,0,25,25,1705,3750,1,3751
2,42625,225,0,0,25,25,1705,6250,9,6259
2,42625,275,0,0,50,25,1705,2500,11,2511
2,42665,23,0,0,23,23,1855,2592,5,2597
2,42665,23,0,0,23,23,1855,4374,1,4375
2,42665,161,0,0,23,23,1855,5618,7,5625
2,42665,8533,0,0,23,23,1855,6190,371,6561
2,42665,23667,0,0,23,23,1855,8,3087,3095
2,42665,32913,0,0,23,23,1855,40,4293,4333
2,42687,837,0,0,54,27,1581,19652,31,19683
2,42700,350,0,0,50,25,1708,3200,49,3249
2,42700,700,0,0,100,25,1708,3200,49,3249
2,42770,26,0,0,26,26,1645,4374,1,4375
2,42770,1222,0,0,26,26,1645,1952,235,2187
2,42770,6370,0,0,26,26,1645,1152,1715,2867
2,42770,14742,0,0,26,26,1645,32,2835,2867
2,42770,17550,0,0,26,26,1645,376,2025,2401
2,42770,18954,0,0,26,26,1645,24064,6561,30625
2,42790,5346,0,0,22,22,1945,77800,729,78529
2,42790,8558,0,0,22,22,1945,6750,389,7139
2,42790,42790,0,0,22,22,1945,242,1945,2187
2,42792,24,0,0,24,24,1783,4374,1,4375
2,42792,42792,0,0,96,24,1783,240,1783,2023
2,42795,27,0,0,27,27,1585,7290,1,7291
2,42825,25,0,0,25,25,1713,4374,1,4375
2,42840,24,0,0,24,24,1785,4374,1,4375
2,42924,28,0,0,28,28,1533,4374,1,4375
2,42924,2268,0,0,28,28,1533,42632,243,42875
2,42924,3500,0,0,28,28,1533,4704,625,5329
2,42926,26,0,0,26,26,1651,6858,1,6859
2,42936,42936,0,0,24,24,1789,398,1789,2187
2,42941,42941,0,0,23,23,1867,534,1867,2401
2,42966,22,0,0,22,22,1953,4374,1,4375
2,42966,66,0,0,22,22,1953,4802,3,4805
2,42966,110,0,0,22,22,1953,12152,15,12167
2,42966,154,0,0,22,22,1953,32798,7,32805
2,42966,198,0,0,44,22,1953,2116,9,2125
2,42966,374,0,0,22,22,1953,2170,17,2187
2,42966,374,0,0,22,22,1953,12150,17,12167
2,42966,682,0,0,44,22,1953,19652,31,19683
2,42966,1782,0,0,22,22,1953,5750,81,5831
2,42966,2046,0,0,88,22,1953,4096,279,4375
2,42966,2970,0,0,22,22,1953,3968,945,4913
2,42966,5346,0,0,22,22,1953,8750,243,8993
2,42966,6138,0,0,22,22,1953,1288,837,2125
2,42966,26950,0,0,22,22,1953,384,8575,8959
2,42966,26950,0,0,22,22,1953,28566,1225,29791
2,42966,29106,0,0,22,22,1953,32,6615,6647
2,42966,37422,0,0,22,22,1953,17000,5103,22103
2,42966,41250,0,0,22,22,1953,3038,1875,4913
2,42978,14326,0,0,52,26,1653,1324,551,1875
2,43011,7965,0,0,27,27,1593,7776,1475,9251
2,43011,22707,0,0,27,27,1593,6534,841,7375
2,43125,25,0,0,25,25,1725,64000,9,64009
2,43125,25,0,0,25,25,1725,71874,1,71875
2,43125,575,0,0,25,25,1725,19602,23,19625
2,43134,43134,0,0,52,26,1659,9664,4977,14641
2,43186,11154,0,0,22,22,1963,77312,4563,81875
2,43230,22,0,0,22,22,1965,4374,1,4375
2,43230,7546,0,0,22,22,1965,128,2401,2529
2,43260,28,0,0,28,28,1545,1750,1,1751
2,43260,28,0,0,28,28,1545,4374,1,4375
2,43260,28,0,0,28,28,1545,59534,1,59535
2,43260,28,0,0,28,28,1545,65610,1,65611
2,43260,28,0,0,56,28,1545,1700,1,1701
2,43260,28,0,0,56,28,1545,31212,1,31213
2,43260,28,0,0,112,28,1545,10608,1,10609
2,43260,84,0,0,28,28,1545,2176,21,2197
2,43260,196,0,0,28,28,1545,3750,7,3757
2,43260,364,0,0,28,28,1545,8330,13,8343
2,43260,700,0,0,28,28,1545,9248,125,9373
2,43260,2380,0,0,28,28,1545,4374,85,4459
2,43260,2548,0,0,28,28,1545,8192,1183,9375
2,43260,3276,0,0,28,28,1545,1400,351,1751
2,43260,4732,0,0,28,28,1545,1854,169,2023
2,43260,6188,0,0,28,28,1545,640,1547,2187
2,43260,9604,0,0,28,28,1545,1854,343,2197
2,43260,12348,0,0,28,28,1545,6656,3969,10625
2,43260,14196,0,0,28,28,1545,3296,2535,5831
2,43260,25956,0,0,28,28,1545,2744,2781,5525
2,43260,37492,0,0,28,28,1545,686,1339,2025
2,43260,38556,0,0,28,28,1545,338,1377,1715
2,43263,1127,0,0,23,23,1881,2152,147,2299
2,43263,5589,0,0,23,23,1881,1672,729,2401
2,43263,39123,0,0,23,23,1881,8,5103,5111
2,43281,27,0,0,27,27,1603,4374,1,4375
2,43281,2187,0,0,27,27,1603,5000,243,5243
2,43309,23,0,0,46,23,1883,4900,1,4901
2,43355,23,0,0,23,23,1885,4896,5,4901
2,43355,23,0,0,92,23,1885,4624,1,4625
2,43355,69,0,0,23,23,1885,6250,3,6253
2,43355,299,0,0,46,23,1885,3132,13,3145
2,43355,897,0,0,23,23,1885,6728,117,6845
2,43355,1173,0,0,23,23,1885,2146,51,2197
2,43355,3105,0,0,23,23,1885,2738,135,2873
2,43355,19343,0,0,23,23,1885,8192,10933,19125
2,43355,21275,0,0,23,23,1885,288,4625,4913
2,43355,31487,0,0,23,23,1885,7250,1369,8619
2,43355,31487,0,0,23,23,1885,8704,12321,21025
2,43355,33189,0,0,23,23,1885,1682,1443,3125
2,43355,43125,0,0,23,23,1885,48778,1875,50653
2,43512,24,0,0,24,24,1813,4374,1,4375
2,43512,24,0,0,96,24,1813,3024,1,3025
2,43512,264,0,0,24,24,1813,9250,11,9261
2,43512,1176,0,0,96,24,1813,6512,49,6561
2,43512,32856,0,0,24,24,1813,83006,1369,84375
2,43540,8708,0,0,28,28,1555,6250,311,6561
2,43550,2106,0,0,26,26,1675,8192,1053,9245
2,43550,14534,0,0,26,26,1675,1250,559,1809
2,43550,15678,0,0,26,26,1675,40,1809,1849
2,43560,24,0,0,24,24,1815,64000,9,64009
2,43560,24,0,0,24,24,1815,71874,1,71875
2,43560,264,0,0,24,24,1815,3634,11,3645
2,43560,3000,0,0,24,24,1815,1738,125,1863
2,43560,5688,0,0,24,24,1815,512,2133,2645
2,43560,8712,0,0,24,24,1815,14536,1089,15625
2,43560,16200,0,0,24,24,1815,5566,675,6241
2,43575,25,0,0,25,25,1743,4374,1,4375
2,43575,25,0,0,25,25,1743,10368,7,10375
2,43575,25,0,0,25,25,1743,33614,1,33615
2,43575,2075,0,0,100,25,1743,19600,83,19683
2,43575,6075,0,0,25,25,1743,34202,243,34445
2,43575,25725,0,0,25,25,1743,44672,7203,51875
2,43587,29,0,0,29,29,1503,4374,1,4375
2,43587,4843,0,0,58,29,1503,1548,167,1715
2,43602,5694,0,0,26,26,1677,1978,219,2197
2,43605,27,0,0,27,27,1615,4374,1,4375
2,43605,27,0,0,54,27,1615,1700,1,1701
2,43605,27,0,0,108,27,1615,3024,1,3025
2,43605,135,0,0,54,27,1615,2052,5,2057
2,43605,189,0,0,27,27,1615,2048,77,2125
2,43605,189,0,0,27,27,1615,3200,49,3249
2,43605,189,0,0,27,27,1615,20570,7,20577
2,43605,297,0,0,27,27,1615,2250,11,2261
2,43605,459,0,0,27,27,1615,11858,17,11875
2,43605,459,0,0,27,27,1615,68590,17,68607
2,43605,459,0,0,54,27,1615,10108,17,10125
2,43605,513,0,0,27,27,1615,6050,19,6069
2,43605,513,0,0,27,27,1615,15606,19,15625
2,43605,513,0,0,27,27,1615,36992,133,37125
2,43605,513,0,0,54,27,1615,4356,19,4375
2,43605,513,0,0,54,27,1615,15876,19,15895
2,43605,567,0,0,27,27,1615,2312,63,2375
2,43605,1323,0,0,27,27,1615,2250,49,2299
2,43605,2565,0,0,108,27,1615,2992,95,3087
2,43605,2673,0,0,27,27,1615,2432,693,3125
2,43605,3591,0,0,27,27,1615,3200,931,4131
2,43605,3969,0,0,27,27,1615,2584,441,3025
2,43605,4725,0,0,27,27,1615,5984,875,6859
2,43605,5643,0,0,27,27,1615,1666,209,1875
2,43605,6561,0,0,27,27,1615,1672,729,2401
2,43605,6615,0,0,27,27,1615,2662,245,2907
2,43605,7803,0,0,27,27,1615,2432,2023,4455
2,43605,8505,0,0,27,27,1615,4598,315,4913
2,43605,9261,0,0,27,27,1615,1782,343,2125
2,43605,9261,0,0,27,27,1615,1152,2401,3553
2,43605,9747,0,0,27,27,1615,6144,3971,10115
2,43605,10935,0,0,27,27,1615,32,2025,2057
2,43605,11475,0,0,27,27,1615,2662,425,3087
2,43605,14553,0,0,27,27,1615,4374,539,4913
2,43605,16335,0,0,27,27,1615,224,3025,3249
2,43605,16875,0,0,27,27,1615,512,5625,6137
2,43605,18225,0,0,27,27,1615,2888,2025,4913
2,43605,18711,0,0,27,27,1615,640,4851,5491
2,43605,19683,0,0,27,27,1615,2450,729,3179
2,43605,35937,0,0,27,27,1615,6250,1331,7581
2,43605,35937,0,0,27,27,1615,11552,6655,18207
2,43605,35937,0,0,27,27,1615,19494,1331,20825
2,43605,37125,0,0,27,27,1615,1026,1375,2401
2,43605,37179,0,0,27,27,1615,2744,4131,6875
2,43605,39501,0,0,27,27,1615,384,10241,10625
2,43632,4848,0,0,48,24,1818,7776,505,8281
2,43632,9696,0,0,96,24,1818,7776,505,8281
2,43700,50,0,0,50,25,1748,12160,7,12167
2,43700,100,0,0,100,25,1748,12160,7,12167
2,43706,23166,0,0,26,26,1681,2048,9801,11849
2,43725,22275,0,0,25,25,1749,136,2673,2809
2,43750,6250,0,0,50,25,1750,4704,625,5329
2,43750,12500,0,0,100,25,1750,4704,625,5329
2,43758,26,0,0,26,26,1683,34374,1,34375
2,43758,4862,0,0,104,26,1683,2000,187,2187
2,43758,6318,0,0,26,26,1683,5000,729,5729
2,43758,10530,0,0,26,26,1683,32,2025,2057
2,43769,253,0,0,23,23,1903,3114,11,3125
2,43769,3979,0,0,46,23,1903,2500,173,2673
2,43800,24,0,0,24,24,1825,4374,1,4375
2,43800,1752,0,0,24,24,1825,2450,73,2523
2,43800,1944,0,0,24,24,1825,42632,243,42875
2,43800,3000,0,0,24,24,1825,4704,625,5329
2,43800,8232,0,0,24,24,1825,1682,343,2025
2,43800,8232,0,0,24,24,1825,9344,2401,11745
2,43821,27,0,0,108,27,1623,2704,1,2705
2,43846,22,0,0,22,22,1993,4374,1,4375
2,43846,154,0,0,22,22,1993,3200,49,3249
2,43848,168,0,0,24,24,1827,27848,21,27869
2,43848,216,0,0,96,24,1827,3472,9,3481
2,43848,23064,0,0,24,24,1827,8,2883,2891
2,43875,25,0,0,25,25,1755,4374,1,4375
2,43875,225,0,0,25,25,1755,3200,63,3263
2,43875,875,0,0,25,25,1755,6526,35,6561
2,43875,1575,0,0,25,25,1755,2008,189,2197
2,43875,2275,0,0,25,25,1755,8192,1183,9375
2,43875,43875,0,0,25,25,1755,8032,8775,16807
2,43877,10875,0,0,29,29,1513,9826,375,10201
2,43890,22,0,0,22,22,1995,4374,1,4375
2,43890,154,0,0,22,22,1995,3200,49,3249
2,43907,69,0,0,23,23,1909,2392,9,2401
2,43907,5589,0,0,23,23,1909,2158,243,2401
2,43907,27209,0,0,23,23,1909,1058,1183,2241
2,43935,435,0,0,116,29,1515,4096,45,4141
2,43935,10875,0,0,29,29,1515,3362,375,3737
2,43992,72,0,0,96,24,1833,5872,3,5875
2,43992,936,0,0,48,24,1833,3008,117,3125
2,44022,638,0,0,58,29,1518,11776,99,11875
2,44022,1276,0,0,116,29,1518,11776,99,11875
2,44044,28,0,0,28,28,1573,4374,1,4375
2,44044,28,0,0,112,28,1573,3024,1,3025
2,44044,308,0,0,28,28,1573,1690,11,1701
2,44044,2548,0,0,28,28,1573,8192,1183,9375
2,44044,3388,0,0,28,28,1573,1352,363,1715
2,44044,3388,0,0,112,28,1573,4096,363,4459
2,44044,8316,0,0,28,28,1573,512,2673,3185
2,44044,15092,0,0,28,28,1573,8,1617,1625
2,44044,15092,0,0,28,28,1573,16000,3773,19773
2,44044,20412,0,0,28,28,1573,88,2187,2275
2,44044,23716,0,0,28,28,1573,1350,847,2197
2,44044,37268,0,0,28,28,1573,294,1331,1625
2,44088,24,0,0,96,24,1837,2672,1,2673
2,44091,27,0,0,27,27,1633,5750,1,5751
2,44091,729,0,0,27,27,1633,5014,27,5041
2,44091,1917,0,0,54,27,1633,2116,71,2187
2,44091,2943,0,0,27,27,1633,3266,109,3375
2,44100,28,0,0,28,28,1575,4374,1,4375
2,44100,28,0,0,28,28,1575,10368,7,10375
2,44100,28,0,0,28,28,1575,33614,1,33615
2,44100,196,0,0,28,28,1575,3200,49,3249
2,44125,3375,0,0,25,25,1765,9728,1215,10943
2,44136,17496,0,0,24,24,1839,2104,2187,4291
2,44175,775,0,0,25,25,1767,2318,31,2349
2,44175,14725,0,0,50,25,1767,3132,589,3721
2,44226,4914,0,0,54,27,1638,8192,1183,9375
2,44226,9828,0,0,108,27,1638,8192,1183,9375
2,44229,23,0,0,23,23,1923,4374,1,4375
2,44229,23,0,0,92,23,1923,3024,1,3025
2,44229,14743,0,0,92,23,1923,14000,641,14641
2,44229,20493,0,0,23,23,1923,32,4455,4487
2,44232,40344,0,0,24,24,1843,194,1681,1875
2,44268,868,0,0,56,28,1581,19652,31,19683
2,44275,575,0,0,25,25,1771,23814,23,23837
2,44275,14375,0,0,23,23,1925,32,3125,3157
2,44275,20125,0,0,23,23,1925,1312,4375,5687
2,44278,7150,0,0,26,26,1703,1922,275,2197
2,44330,26,0,0,26,26,1705,3750,1,3751
2,44330,234,0,0,26,26,1705,6250,9,6259
2,44330,286,0,0,52,26,1705,2500,11,2511
2,44352,528,0,0,96,24,1848,2368,33,2401
2,44380,28,0,0,28,28,1585,7290,1,7291
2,44408,364,0,0,52,26,1708,3200,49,3249
2,44408,728,0,0,104,26,1708,3200,49,3249
2,44415,27,0,0,27,27,1645,4374,1,4375
2,44415,1269,0,0,27,27,1645,1952,235,2187
2,44415,6615,0,0,27,27,1645,1152,1715,2867
2,44415,15309,0,0,27,27,1645,32,2835,2867
2,44415,18225,0,0,27,27,1645,376,2025,2401
2,44415,19683,0,0,27,27,1645,24064,6561,30625
2,44457,29,0,0,29,29,1533,4374,1,4375
2,44457,2349,0,0,29,29,1533,42632,243,42875
2,44457,3625,0,0,29,29,1533,4704,625,5329
2,44459,16767,0,0,23,23,1933,77320,2187,79507
2,44472,8904,0,0,24,24,1853,128,2597,2725
2,44505,621,0,0,23,23,1935,3698,27,3725
2,44505,989,0,0,23,23,1935,15496,129,15625
2,44505,989,0,0,92,23,1935,4096,129,4225
2,44505,1863,0,0,23,23,1935,8192,1053,9245
2,44505,7475,0,0,23,23,1935,3698,325,4023
2,44505,30843,0,0,23,23,1935,1352,4023,5375
2,44505,42527,0,0,23,23,1935,338,1849,2187
2,44520,24,0,0,24,24,1855,2592,5,2597
2,44520,24,0,0,24,24,1855,4374,1,4375
2,44520,168,0,0,24,24,1855,5618,7,5625
2,44520,8904,0,0,24,24,1855,6190,371,6561
2,44520,24696,0,0,24,24,1855,8,3087,3095
2,44520,34344,0,0,24,24,1855,40,4293,4333
2,44538,26,0,0,26,26,1713,4374,1,4375
2,44575,25,0,0,25,25,1783,4374,1,4375
2,44575,44575,0,0,100,25,1783,240,1783,2023
2,44577,27,0,0,27,27,1651,6858,1,6859
2,44604,8260,0,0,28,28,1593,7776,1475,9251
2,44604,23548,0,0,28,28,1593,6534,841,7375
2,44625,25,0,0,25,25,1785,4374,1,4375
2,44631,14877,0,0,54,27,1653,1324,551,1875
2,44725,44725,0,0,25,25,1789,398,1789,2187
2,44735,5589,0,0,23,23,1945,77800,729,78529
2,44735,8947,0,0,23,23,1945,6750,389,7139
2,44735,44735,0,0,23,23,1945,242,1945,2187
2,44793,44793,0,0,54,27,1659,9664,4977,14641
2,44805,29,0,0,29,29,1545,1750,1,1751
2,44805,29,0,0,29,29,1545,4374,1,4375
2,44805,29,0,0,29,29,1545,59534,1,59535
2,44805,29,0,0,29,29,1545,65610,1,65611
2,44805,29,0,0,58,29,1545,1700,1,1701
2,44805,29,0,0,58,29,1545,31212,1,31213
2,44805,29,0,0,116,29,1545,10608,1,10609
2,44805,87,0,0,29,29,1545,2176,21,2197
2,44805,203,0,0,29,29,1545,3750,7,3757
2,44805,377,0,0,29,29,1545,8330,13,8343
2,44805,725,0,0,29,29,1545,9248,125,9373
2,44805,2465,0,0,29,29,1545,4374,85,4459
2,44805,2639,0,0,29,29,1545,8192,1183,9375
2,44805,3393,0,0,29,29,1545,1400,351,1751
2,44805,4901,0,0,29,29,1545,1854,169,2023
2,44805,6409,0,0,29,29,1545,640,1547,2187
2,44805,9947,0,0,29,29,1545,1854,343,2197
2,44805,12789,0,0,29,29,1545,6656,3969,10625
2,44805,14703,0,0,29,29,1545,3296,2535,5831
2,44805,26883,0,0,29,29,1545,2744,2781,5525
2,44805,38831,0,0,29,29,1545,686,1339,2025
2,44805,39933,0,0,29,29,1545,338,1377,1715
2,44808,44808,0,0,24,24,1867,534,1867,2401
2,44850,26,0,0,26,26,1725,64000,9,64009
2,44850,26,0,0,26,26,1725,71874,1,71875
2,44850,598,0,0,26,26,1725,19602,23,19625
2,44884,28,0,0,28,28,1603,4374,1,4375
2,44884,2268,0,0,28,28,1603,5000,243,5243
2,44919,23,0,0,23,23,1953,4374,1,4375
2,44919,69,0,0,23,23,1953,4802,3,4805
2,44919,115,0,0,23,23,1953,12152,15,12167
2,44919,161,0,0,23,23,1953,32798,7,32805
2,44919,207,0,0,46,23,1953,2116,9,2125
2,44919,391,0,0,23,23,1953,2170,17,2187
2,44919,391,0,0,23,23,1953,12150,17,12167
2,44919,713,0,0,46,23,1953,19652,31,19683
2,44919,1863,0,0,23,23,1953,5750,81,5831
2,44919,2139,0,0,92,23,1953,4096,279,4375
2,44919,3105,0,0,23,23,1953,3968,945,4913
2,44919,5589,0,0,23,23,1953,8750,243,8993
2,44919,6417,0,0,23,23,1953,1288,837,2125
2,44919,28175,0,0,23,23,1953,384,8575,8959
2,44919,28175,0,0,23,23,1953,28566,1225,29791
2,44919,30429,0,0,23,23,1953,32,6615,6647
2,44919,39123,0,0,23,23,1953,17000,5103,22103
2,44919,43125,0,0,23,23,1953,3038,1875,4913
2,45090,30,0,0,30,30,1503,4374,1,4375
2,45090,5010,0,0,60,30,1503,1548,167,1715
2,45095,9019,0,0,29,29,1555,6250,311,6561
2,45144,1176,0,0,24,24,1881,2152,147,2299
2,45144,5832,0,0,24,24,1881,1672,729,2401
2,45144,40824,0,0,24,24,1881,8,5103,5111
2,45149,11661,0,0,23,23,1963,77312,4563,81875
2,45192,24,0,0,48,24,1883,4900,1,4901
2,45195,23,0,0,23,23,1965,4374,1,4375
2,45195,7889,0,0,23,23,1965,128,2401,2529
2,45220,28,0,0,28,28,1615,4374,1,4375
2,45220,28,0,0,56,28,1615,1700,1,1701
2,45220,28,0,0,112,28,1615,3024,1,3025
2,45220,140,0,0,56,28,1615,2052,5,2057
2,45220,196,0,0,28,28,1615,2048,77,2125
2,45220,196,0,0,28,28,1615,3200,49,3249
2,45220,196,0,0,28,28,1615,20570,7,20577
2,45220,308,0,0,28,28,1615,2250,11,2261
2,45220,476,0,0,28,28,1615,11858,17,11875
2,45220,476,0,0,28,28,1615,68590,17,68607
2,45220,476,0,0,56,28,1615,10108,17,10125
2,45220,532,0,0,28,28,1615,6050,19,6069
2,45220,532,0,0,28,28,1615,15606,19,15625
2,45220,532,0,0,28,28,1615,36992,133,37125
2,45220,532,0,0,56,28,1615,4356,19,4375
2,45220,532,0,0,56,28,1615,15876,19,15895
2,45220,588,0,0,28,28,1615,2312,63,2375
2,45220,1372,0,0,28,28,1615,2250,49,2299
2,45220,2660,0,0,112,28,1615,2992,95,3087
2,45220,2772,0,0,28,28,1615,2432,693,3125
2,45220,3724,0,0,28,28,1615,3200,931,4131
2,45220,4116,0,0,28,28,1615,2584,441,3025
2,45220,4900,0,0,28,28,1615,5984,875,6859
2,45220,5852,0,0,28,28,1615,1666,209,1875
2,45220,6804,0,0,28,28,1615,1672,729,2401
2,45220,6860,0,0,28,28,1615,2662,245,2907
2,45220,8092,0,0,28,28,1615,2432,2023,4455
2,45220,8820,0,0,28,28,1615,4598,315,4913
2,45220,9604,0,0,28,28,1615,1782,343,2125
2,45220,9604,0,0,28,28,1615,1152,2401,3553
2,45220,10108,0,0,28,28,1615,6144,3971,10115
2,45220,11340,0,0,28,28,1615,32,2025,2057
2,45220,11900,0,0,28,28,1615,2662,425,3087
2,45220,15092,0,0,28,28,1615,4374,539,4913
2,45220,16940,0,0,28,28,1615,224,3025,3249
2,45220,17500,0,0,28,28,1615,512,5625,6137
2,45220,18900,0,0,28,28,1615,2888,2025,4913
2,45220,19404,0,0,28,28,1615,640,4851,5491
2,45220,20412,0,0,28,28,1615,2450,729,3179
2,45220,37268,0,0,28,28,1615,6250,1331,7581
2,45220,37268,0,0,28,28,1615,11552,6655,18207
2,45220,37268,0,0,28,28,1615,19494,1331,20825
2,45220,38500,0,0,28,28,1615,1026,1375,2401
2,45220,38556,0,0,28,28,1615,2744,4131,6875
2,45220,40964,0,0,28,28,1615,384,10241,10625
2,45225,2187,0,0,27,27,1675,8192,1053,9245
2,45225,15093,0,0,27,27,1675,1250,559,1809
2,45225,16281,0,0,27,27,1675,40,1809,1849
2,45240,24,0,0,24,24,1885,4896,5,4901
2,45240,24,0,0,96,24,1885,4624,1,4625
2,45240,72,0,0,24,24,1885,6250,3,6253
2,45240,312,0,0,48,24,1885,3132,13,3145
2,45240,936,0,0,24,24,1885,6728,117,6845
2,45240,1224,0,0,24,24,1885,2146,51,2197
2,45240,3240,0,0,24,24,1885,2738,135,2873
2,45240,20184,0,0,24,24,1885,8192,10933,19125
2,45240,22200,0,0,24,24,1885,288,4625,4913
2,45240,32856,0,0,24,24,1885,7250,1369,8619
2,45240,32856,0,0,24,24,1885,8704,12321,21025
2,45240,34632,0,0,24,24,1885,1682,1443,3125
2,45240,45000,0,0,24,24,1885,48778,1875,50653
2,45279,5913,0,0,27,27,1677,1978,219,2197
2,45318,26,0,0,26,26,1743,4374,1,4375
2,45318,26,0,0,26,26,1743,10368,7,10375
2,45318,26,0,0,26,26,1743,33614,1,33615
2,45318,2158,0,0,104,26,1743,19600,83,19683
2,45318,6318,0,0,26,26,1743,34202,243,34445
2,45318,26754,0,0,26,26,1743,44672,7203,51875
2,45325,25,0,0,25,25,1813,4374,1,4375
2,45325,25,0,0,100,25,1813,3024,1,3025
2,45325,275,0,0,25,25,1813,9250,11,9261
2,45325,1225,0,0,100,25,1813,6512,49,6561
2,45325,34225,0,0,25,25,1813,83006,1369,84375
2,45375,25,0,0,25,25,1815,64000,9,64009
2,45375,25,0,0,25,25,1815,71874,1,71875
2,45375,275,0,0,25,25,1815,3634,11,3645
2,45375,3125,0,0,25,25,1815,1738,125,1863
2,45375,5925,0,0,25,25,1815,512,2133,2645
2,45375,9075,0,0,25,25,1815,14536,1089,15625
2,45375,16875,0,0,25,25,1815,5566,675,6241
2,45387,24057,0,0,27,27,1681,2048,9801,11849
2,45390,11250,0,0,30,30,1513,9826,375,10201
2,45441,27,0,0,27,27,1683,34374,1,34375
2,45441,5049,0,0,108,27,1683,2000,187,2187
2,45441,6561,0,0,27,27,1683,5000,729,5729
2,45441,10935,0,0,27,27,1683,32,2025,2057
2,45444,28,0,0,112,28,1623,2704,1,2705
2,45448,52,0,0,52,26,1748,12160,7,12167
2,45448,104,0,0,104,26,1748,12160,7,12167
2,45450,450,0,0,120,30,1515,4096,45,4141
2,45450,5050,0,0,50,25,1818,7776,505,8281
2,45450,10100,0,0,100,25,1818,7776,505,8281
2,45450,11250,0,0,30,30,1515,3362,375,3737
2,45474,23166,0,0,26,26,1749,136,2673,2809
2,45500,6500,0,0,52,26,1750,4704,625,5329
2,45500,13000,0,0,104,26,1750,4704,625,5329
2,45540,660,0,0,60,30,1518,11776,99,11875
2,45540,1320,0,0,120,30,1518,11776,99,11875
2,45617,29,0,0,29,29,1573,4374,1,4375
2,45617,29,0,0,116,29,1573,3024,1,3025
2,45617,319,0,0,29,29,1573,1690,11,1701
2,45617,2639,0,0,29,29,1573,8192,1183,9375
2,45617,3509,0,0,29,29,1573,1352,363,1715
2,45617,3509,0,0,116,29,1573,4096,363,4459
2,45617,8613,0,0,29,29,1573,512,2673,3185
2,45617,15631,0,0,29,29,1573,8,1617,1625
2,45617,15631,0,0,29,29,1573,16000,3773,19773
2,45617,21141,0,0,29,29,1573,88,2187,2275
2,45617,24563,0,0,29,29,1573,1350,847,2197
2,45617,38599,0,0,29,29,1573,294,1331,1625
2,45625,25,0,0,25,25,1825,4374,1,4375
2,45625,1825,0,0,25,25,1825,2450,73,2523
2,45625,2025,0,0,25,25,1825,42632,243,42875
2,45625,3125,0,0,25,25,1825,4704,625,5329
2,45625,8575,0,0,25,25,1825,1682,343,2025
2,45625,8575,0,0,25,25,1825,9344,2401,11745
2,45630,26,0,0,26,26,1755,4374,1,4375
2,45630,234,0,0,26,26,1755,3200,63,3263
2,45630,910,0,0,26,26,1755,6526,35,6561
2,45630,1638,0,0,26,26,1755,2008,189,2197
2,45630,2366,0,0,26,26,1755,8192,1183,9375
2,45630,45630,0,0,26,26,1755,8032,8775,16807
2,45672,264,0,0,24,24,1903,3114,11,3125
2,45672,4152,0,0,48,24,1903,2500,173,2673
2,45675,29,0,0,29,29,1575,4374,1,4375
2,45675,29,0,0,29,29,1575,10368,7,10375
2,45675,29,0,0,29,29,1575,33614,1,33615
2,45675,175,0,0,25,25,1827,27848,21,27869
2,45675,203,0,0,29,29,1575,3200,49,3249
2,45675,225,0,0,100,25,1827,3472,9,3481
2,45675,24025,0,0,25,25,1827,8,2883,2891
2,45724,28,0,0,28,28,1633,5750,1,5751
2,45724,756,0,0,28,28,1633,5014,27,5041
2,45724,1988,0,0,56,28,1633,2116,71,2187
2,45724,3052,0,0,28,28,1633,3266,109,3375
2,45816,72,0,0,24,24,1909,2392,9,2401
2,45816,5832,0,0,24,24,1909,2158,243,2401
2,45816,28392,0,0,24,24,1909,1058,1183,2241
2,45825,75,0,0,100,25,1833,5872,3,5875
2,45825,975,0,0,50,25,1833,3008,117,3125
2,45839,23,0,0,23,23,1993,4374,1,4375
2,45839,161,0,0,23,23,1993,3200,49,3249
2,45849,899,0,0,58,29,1581,19652,31,19683
2,45864,5096,0,0,56,28,1638,8192,1183,9375
2,45864,10192,0,0,112,28,1638,8192,1183,9375
2,45885,23,0,0,23,23,1995,4374,1,4375
2,45885,161,0,0,23,23,1995,3200,49,3249
2,45890,3510,0,0,26,26,1765,9728,1215,10943
2,45925,25,0,0,100,25,1837,2672,1,2673
2,45942,806,0,0,26,26,1767,2318,31,2349
2,45942,15314,0,0,52,26,1767,3132,589,3721
2,45965,29,0,0,29,29,1585,7290,1,7291
2,45975,18225,0,0,25,25,1839,2104,2187,4291
2,45981,7425,0,0,27,27,1703,1922,275,2197
2,45990,30,0,0,30,30,1533,4374,1,4375
2,45990,2430,0,0,30,30,1533,42632,243,42875
2,45990,3750,0,0,30,30,1533,4704,625,5329
2,46035,27,0,0,27,27,1705,3750,1,3751
2,46035,243,0,0,27,27,1705,6250,9,6259
2,46035,297,0,0,54,27,1705,2500,11,2511
2,46046,598,0,0,26,26,1771,23814,23,23837
2,46060,28,0,0,28,28,1645,4374,1,4375
2,46060,1316,0,0,28,28,1645,1952,235,2187
2,46060,6860,0,0,28,28,1645,1152,1715,2867
2,46060,15876,0,0,28,28,1645,32,2835,2867
2,46060,18900,0,0,28,28,1645,376,2025,2401
2,46060,20412,0,0,28,28,1645,24064,6561,30625
2,46075,42025,0,0,25,25,1843,194,1681,1875
2,46116,378,0,0,54,27,1708,3200,49,3249
2,46116,756,0,0,108,27,1708,3200,49,3249
2,46152,24,0,0,24,24,1923,4374,1,4375
2,46152,24,0,0,96,24,1923,3024,1,3025
2,46152,15384,0,0,96,24,1923,14000,641,14641
2,46152,21384,0,0,24,24,1923,32,4455,4487
2,46197,8555,0,0,29,29,1593,7776,1475,9251
2,46197,24389,0,0,29,29,1593,6534,841,7375
2,46200,550,0,0,100,25,1848,2368,33,2401
2,46200,15000,0,0,24,24,1925,32,3125,3157
2,46200,21000,0,0,24,24,1925,1312,4375,5687
2,46228,28,0,0,28,28,1651,6858,1,6859
2,46251,27,0,0,27,27,1713,4374,1,4375
2,46284,15428,0,0,56,28,1653,1324,551,1875
2,46325,9275,0,0,25,25,1853,128,2597,2725
2,46350,30,0,0,30,30,1545,1750,1,1751
2,46350,30,0,0,30,30,1545,4374,1,4375
2,46350,30,0,0,30,30,1545,59534,1,59535
2,46350,30,0,0,30,30,1545,65610,1,65611
2,46350,30,0,0,60,30,1545,1700,1,1701
2,46350,30,0,0,60,30,1545,31212,1,31213
2,46350,30,0,0,120,30,1545,10608,1,10609
2,46350,90,0,0,30,30,1545,2176,21,2197
2,46350,210,0,0,30,30,1545,3750,7,3757
2,46350,390,0,0,30,30,1545,8330,13,8343
2,46350,750,0,0,30,30,1545,9248,125,9373
2,46350,2550,0,0,30,30,1545,4374,85,4459
2,46350,2730,0,0,30,30,1545,8192,1183,9375
2,46350,3510,0,0,30,30,1545,1400,351,1751
2,46350,5070,0,0,30,30,1545,1854,169,2023
2,46350,6630,0,0,30,30,1545,640,1547,2187
2,46350,10290,0,0,30,30,1545,1854,343,2197
2,46350,13230,0,0,30,30,1545,6656,3969,10625
2,46350,15210,0,0,30,30,1545,3296,2535,5831
2,46350,27810,0,0,30,30,1545,2744,2781,5525
2,46350,40170,0,0,30,30,1545,686,1339,2025
2,46350,41310,0,0,30,30,1545,338,1377,1715
2,46358,26,0,0,26,26,1783,4374,1,4375
2,46358,46358,0,0,104,26,1783,240,1783,2023
2,46375,25,0,0,25,25,1855,2592,5,2597
2,46375,25,0,0,25,25,1855,4374,1,4375
2,46375,175,0,0,25,25,1855,5618,7,5625
2,46375,9275,0,0,25,25,1855,6190,371,6561
2,46375,25725,0,0,25,25,1855,8,3087,3095
2,46375,35775,0,0,25,25,1855,40,4293,4333
2,46392,17496,0,0,24,24,1933,77320,2187,79507
2,46410,26,0,0,26,26,1785,4374,1,4375
2,46440,648,0,0,24,24,1935,3698,27,3725
2,46440,1032,0,0,24,24,1935,15496,129,15625
2,46440,1032,0,0,96,24,1935,4096,129,4225
2,46440,1944,0,0,24,24,1935,8192,1053,9245
2,46440,7800,0,0,24,24,1935,3698,325,4023
2,46440,32184,0,0,24,24,1935,1352,4023,5375
2,46440,44376,0,0,24,24,1935,338,1849,2187
2,46452,46452,0,0,56,28,1659,9664,4977,14641
2,46487,29,0,0,29,29,1603,4374,1,4375
2,46487,2349,0,0,29,29,1603,5000,243,5243
2,46514,46514,0,0,26,26,1789,398,1789,2187
2,46575,27,0,0,27,27,1725,64000,9,64009
2,46575,27,0,0,27,27,1725,71874,1,71875
2,46575,621,0,0,27,27,1725,19602,23,19625
2,46593,31,0,0,31,31,1503,4374,1,4375
2,46593,5177,0,0,62,31,1503,1548,167,1715
2,46650,9330,0,0,30,30,1555,6250,311,6561
2,46675,46675,0,0,25,25,1867,534,1867,2401
2,46680,5832,0,0,24,24,1945,77800,729,78529
2,46680,9336,0,0,24,24,1945,6750,389,7139
2,46680,46680,0,0,24,24,1945,242,1945,2187
2,46835,29,0,0,29,29,1615,4374,1,4375
2,46835,29,0,0,58,29,1615,1700,1,1701
2,46835,29,0,0,116,29,1615,3024,1,3025
2,46835,145,0,0,58,29,1615,2052,5,2057
2,46835,203,0,0,29,29,1615,2048,77,2125
2,46835,203,0,0,29,29,1615,3200,49,3249
2,46835,203,0,0,29,29,1615,20570,7,20577
2,46835,319,0,0,29,29,1615,2250,11,2261
2,46835,493,0,0,29,29,1615,11858,17,11875
2,46835,493,0,0,29,29,1615,68590,17,68607
2,46835,493,0,0,58,29,1615,10108,17,10125
2,46835,551,0,0,29,29,1615,6050,19,6069
2,46835,551,0,0,29,29,1615,15606,19,15625
2,46835,551,0,0,29,29,1615,36992,133,37125
2,46835,551,0,0,58,29,1615,4356,19,4375
2,46835,551,0,0,58,29,1615,15876,19,15895
2,46835,609,0,0,29,29,1615,2312,63,2375
2,46835,1421,0,0,29,29,1615,2250,49,2299
2,46835,2755,0,0,116,29,1615,2992,95,3087
2,46835,2871,0,0,29,29,1615,2432,693,3125
2,46835,3857,0,0,29,29,1615,3200,931,4131
2,46835,4263,0,0,29,29,1615,2584,441,3025
2,46835,5075,0,0,29,29,1615,5984,875,6859
2,46835,6061,0,0,29,29,1615,1666,209,1875
2,46835,7047,0,0,29,29,1615,1672,729,2401
2,46835,7105,0,0,29,29,1615,2662,245,2907
2,46835,8381,0,0,29,29,1615,2432,2023,4455
2,46835,9135,0,0,29,29,1615,4598,315,4913
2,46835,9947,0,0,29,29,1615,1782,343,2125
2,46835,9947,0,0,29,29,1615,1152,2401,3553
2,46835,10469,0,0,29,29,1615,6144,3971,10115
2,46835,11745,0,0,29,29,1615,32,2025,2057
2,46835,12325,0,0,29,29,1615,2662,425,3087
2,46835,15631,0,0,29,29,1615,4374,539,4913
2,46835,17545,0,0,29,29,1615,224,3025,3249
2,46835,18125,0,0,29,29,1615,512,5625,6137
2,46835,19575,0,0,29,29,1615,2888,2025,4913
2,46835,20097,0,0,29,29,1615,640,4851,5491
2,46835,21141,0,0,29,29,1615,2450,729,3179
2,46835,38599,0,0,29,29,1615,6250,1331,7581
2,46835,38599,0,0,29,29,1615,11552,6655,18207
2,46835,38599,0,0,29,29,1615,19494,1331,20825
2,46835,39875,0,0,29,29,1615,1026,1375,2401
2,46835,39933,0,0,29,29,1615,2744,4131,6875
2,46835,42427,0,0,29,29,1615,384,10241,10625
2,46872,24,0,0,24,24,1953,4374,1,4375
2,46872,72,0,0,24,24,1953,4802,3,4805
2,46872,120,0,0,24,24,1953,12152,15,12167
2,46872,168,0,0,24,24,1953,32798,7,32805
2,46872,216,0,0,48,24,1953,2116,9,2125
2,46872,408,0,0,24,24,1953,2170,17,2187
2,46872,408,0,0,24,24,1953,12150,17,12167
2,46872,744,0,0,48,24,1953,19652,31,19683
2,46872,1944,0,0,24,24,1953,5750,81,5831
2,46872,2232,0,0,96,24,1953,4096,279,4375
2,46872,3240,0,0,24,24,1953,3968,945,4913
2,46872,5832,0,0,24,24,1953,8750,243,8993
2,46872,6696,0,0,24,24,1953,1288,837,2125
2,46872,29400,0,0,24,24,1953,384,8575,8959
2,46872,29400,0,0,24,24,1953,28566,1225,29791
2,46872,31752,0,0,24,24,1953,32,6615,6647
2,46872,40824,0,0,24,24,1953,17000,5103,22103
2,46872,45000,0,0,24,24,1953,3038,1875,4913
2,46900,2268,0,0,28,28,1675,8192,1053,9245
2,46900,15652,0,0,28,28,1675,1250,559,1809
2,46900,16884,0,0,28,28,1675,40,1809,1849
2,46903,11625,0,0,31,31,1513,9826,375,10201
2,46956,6132,0,0,28,28,1677,1978,219,2197
2,46965,465,0,0,124,31,1515,4096,45,4141
2,46965,11625,0,0,31,31,1515,3362,375,3737
2,47025,1225,0,0,25,25,1881,2152,147,2299
2,47025,6075,0,0,25,25,1881,1672,729,2401
2,47025,42525,0,0,25,25,1881,8,5103,5111
2,47058,682,0,0,62,31,1518,11776,99,11875
2,47058,1364,0,0,124,31,1518,11776,99,11875
2,47061,27,0,0,27,27,1743,4374,1,4375
2,47061,27,0,0,27,27,1743,10368,7,10375
2,47061,27,0,0,27,27,1743,33614,1,33615
2,47061,2241,0,0,108,27,1743,19600,83,19683
2,47061,6561,0,0,27,27,1743,34202,243,34445
2,47061,27783,0,0,27,27,1743,44672,7203,51875
2,47067,29,0,0,116,29,1623,2704,1,2705
2,47068,24948,0,0,28,28,1681,2048,9801,11849
2,47075,25,0,0,50,25,1883,4900,1,4901
2,47112,12168,0,0,24,24,1963,77312,4563,81875
2,47124,28,0,0,28,28,1683,34374,1,34375
2,47124,5236,0,0,112,28,1683,2000,187,2187
2,47124,6804,0,0,28,28,1683,5000,729,5729
2,47124,11340,0,0,28,28,1683,32,2025,2057
2,47125,25,0,0,25,25,1885,4896,5,4901
2,47125,25,0,0,100,25,1885,4624,1,4625
2,47125,75,0,0,25,25,1885,6250,3,6253
2,47125,325,0,0,50,25,1885,3132,13,3145
2,47125,975,0,0,25,25,1885,6728,117,6845
2,47125,1275,0,0,25,25,1885,2146,51,2197
2,47125,3375,0,0,25,25,1885,2738,135,2873
2,47125,21025,0,0,25,25,1885,8192,10933,19125
2,47125,23125,0,0,25,25,1885,288,4625,4913
2,47125,34225,0,0,25,25,1885,7250,1369,8619
2,47125,34225,0,0,25,25,1885,8704,12321,21025
2,47125,36075,0,0,25,25,1885,1682,1443,3125
2,47125,46875,0,0,25,25,1885,48778,1875,50653
2,47138,26,0,0,26,26,1813,4374,1,4375
2,47138,26,0,0,104,26,1813,3024,1,3025
2,47138,286,0,0,26,26,1813,9250,11,9261
2,47138,1274,0,0,104,26,1813,6512,49,6561
2,47138,35594,0,0,26,26,1813,83006,1369,84375
2,47160,24,0,0,24,24,1965,4374,1,4375
2,47160,8232,0,0,24,24,1965,128,2401,2529
2,47190,26,0,0,26,26,1815,64000,9,64009
2,47190,26,0,0,26,26,1815,71874,1,71875
2,47190,30,0,0,30,30,1573,4374,1,4375
2,47190,30,0,0,120,30,1573,3024,1,3025
2,47190,286,0,0,26,26,1815,3634,11,3645
2,47190,330,0,0,30,30,1573,1690,11,1701
2,47190,2730,0,0,30,30,1573,8192,1183,9375
2,47190,3250,0,0,26,26,1815,1738,125,1863
2,47190,3630,0,0,30,30,1573,1352,363,1715
2,47190,3630,0,0,120,30,1573,4096,363,4459
2,47190,6162,0,0,26,26,1815,512,2133,2645
2,47190,8910,0,0,30,30,1573,512,2673,3185
2,47190,9438,0,0,26,26,1815,14536,1089,15625
2,47190,16170,0,0,30,30,1573,8,1617,1625
2,47190,16170,0,0,30,30,1573,16000,3773,19773
2,47190,17550,0,0,26,26,1815,5566,675,6241
2,47190,21870,0,0,30,30,1573,88,2187,2275
2,47190,25410,0,0,30,30,1573,1350,847,2197
2,47190,39930,0,0,30,30,1573,294,1331,1625
2,47196,54,0,0,54,27,1748,12160,7,12167
2,47196,108,0,0,108,27,1748,12160,7,12167
2,47223,24057,0,0,27,27,1749,136,2673,2809
2,47250,30,0,0,30,30,1575,4374,1,4375
2,47250,30,0,0,30,30,1575,10368,7,10375
2,47250,30,0,0,30,30,1575,33614,1,33615
2,47250,210,0,0,30,30,1575,3200,49,3249
2,47250,6750,0,0,54,27,1750,4704,625,5329
2,47250,13500,0,0,108,27,1750,4704,625,5329
2,47268,5252,0,0,52,26,1818,7776,505,8281
2,47268,10504,0,0,104,26,1818,7776,505,8281
2,47357,29,0,0,29,29,1633,5750,1,5751
2,47357,783,0,0,29,29,1633,5014,27,5041
2,47357,2059,0,0,58,29,1633,2116,71,2187
2,47357,3161,0,0,29,29,1633,3266,109,3375
2,47385,27,0,0,27,27,1755,4374,1,4375
2,47385,243,0,0,27,27,1755,3200,63,3263
2,47385,945,0,0,27,27,1755,6526,35,6561
2,47385,1701,0,0,27,27,1755,2008,189,2197
2,47385,2457,0,0,27,27,1755,8192,1183,9375
2,47385,47385,0,0,27,27,1755,8032,8775,16807
2,47430,930,0,0,60,30,1581,19652,31,19683
2,47450,26,0,0,26,26,1825,4374,1,4375
2,47450,1898,0,0,26,26,1825,2450,73,2523
2,47450,2106,0,0,26,26,1825,42632,243,42875
2,47450,3250,0,0,26,26,1825,4704,625,5329
2,47450,8918,0,0,26,26,1825,1682,343,2025
2,47450,8918,0,0,26,26,1825,9344,2401,11745
2,47502,182,0,0,26,26,1827,27848,21,27869
2,47502,234,0,0,104,26,1827,3472,9,3481
2,47502,5278,0,0,58,29,1638,8192,1183,9375
2,47502,10556,0,0,116,29,1638,8192,1183,9375
2,47502,24986,0,0,26,26,1827,8,2883,2891
2,47523,31,0,0,31,31,1533,4374,1,4375
2,47523,2511,0,0,31,31,1533,42632,243,42875
2,47523,3875,0,0,31,31,1533,4704,625,5329
2,47550,30,0,0,30,30,1585,7290,1,7291
2,47575,275,0,0,25,25,1903,3114,11,3125
2,47575,4325,0,0,50,25,1903,2500,173,2673
2,47655,3645,0,0,27,27,1765,9728,1215,10943
2,47658,78,0,0,104,26,1833,5872,3,5875
2,47658,1014,0,0,52,26,1833,3008,117,3125
2,47684,7700,0,0,28,28,1703,1922,275,2197
2,47705,29,0,0,29,29,1645,4374,1,4375
2,47705,1363,0,0,29,29,1645,1952,235,2187
2,47705,7105,0,0,29,29,1645,1152,1715,2867
2,47705,16443,0,0,29,29,1645,32,2835,2867
2,47705,19575,0,0,29,29,1645,376,2025,2401
2,47705,21141,0,0,29,29,1645,24064,6561,30625
2,47709,837,0,0,27,27,1767,2318,31,2349
2,47709,15903,0,0,54,27,1767,3132,589,3721
2,47725,75,0,0,25,25,1909,2392,9,2401
2,47725,6075,0,0,25,25,1909,2158,243,2401
2,47725,29575,0,0,25,25,1909,1058,1183,2241
2,47740,28,0,0,28,28,1705,3750,1,3751
2,47740,252,0,0,28,28,1705,6250,9,6259
2,47740,308,0,0,56,28,1705,2500,11,2511
2,47762,26,0,0,104,26,1837,2672,1,2673
2,47790,8850,0,0,30,30,1593,7776,1475,9251
2,47790,25230,0,0,30,30,1593,6534,841,7375
2,47814,18954,0,0,26,26,1839,2104,2187,4291
2,47817,621,0,0,27,27,1771,23814,23,23837
2,47824,392,0,0,56,28,1708,3200,49,3249
2,47824,784,0,0,112,28,1708,3200,49,3249
2,47832,24,0,0,24,24,1993,4374,1,4375
2,47832,168,0,0,24,24,1993,3200,49,3249
2,47879,29,0,0,29,29,1651,6858,1,6859
2,47880,24,0,0,24,24,1995,4374,1,4375
2,47880,168,0,0,24,24,1995,3200,49,3249
2,47895,31,0,0,31,31,1545,1750,1,1751
2,47895,31,0,0,31,31,1545,4374,1,4375
2,47895,31,0,0,31,31,1545,59534,1,59535
2,47895,31,0,0,31,31,1545,65610,1,65611
2,47895,31,0,0,62,31,1545,1700,1,1701
2,47895,31,0,0,62,31,1545,31212,1,31213
2,47895,31,0,0,124,31,1545,10608,1,10609
2,47895,93,0,0,31,31,1545,2176,21,2197
2,47895,217,0,0,31,31,1545,3750,7,3757
2,47895,403,0,0,31,31,1545,8330,13,8343
2,47895,775,0,0,31,31,1545,9248,125,9373
2,47895,2635,0,0,31,31,1545,4374,85,4459
2,47895,2821,0,0,31,31,1545,8192,1183,9375
2,47895,3627,0,0,31,31,1545,1400,351,1751
2,47895,5239,0,0,31,31,1545,1854,169,2023
2,47895,6851,0,0,31,31,1545,640,1547,2187
2,47895,10633,0,0,31,31,1545,1854,343,2197
2,47895,13671,0,0,31,31,1545,6656,3969,10625
2,47895,15717,0,0,31,31,1545,3296,2535,5831
2,47895,28737,0,0,31,31,1545,2744,2781,5525
2,47895,41509,0,0,31,31,1545,686,1339,2025
2,47895,42687,0,0,31,31,1545,338,1377,1715
2,47918,43706,0,0,26,26,1843,194,1681,1875
2,47937,15979,0,0,58,29,1653,1324,551,1875
2,47964,28,0,0,28,28,1713,4374,1,4375
2,48048,572,0,0,104,26,1848,2368,33,2401
2,48075,25,0,0,25,25,1923,4374,1,4375
2,48075,25,0,0,100,25,1923,3024,1,3025
2,48075,16025,0,0,100,25,1923,14000,641,14641
2,48075,22275,0,0,25,25,1923,32,4455,4487
2,48090,30,0,0,30,30,1603,4374,1,4375
2,48090,2430,0,0,30,30,1603,5000,243,5243
2,48096,32,0,0,32,32,1503,4374,1,4375
2,48096,5344,0,0,64,32,1503,1548,167,1715
2,48111,48111,0,0,58,29,1659,9664,4977,14641
2,48125,15625,0,0,25,25,1925,32,3125,3157
2,48125,21875,0,0,25,25,1925,1312,4375,5687
2,48141,27,0,0,27,27,1783,4374,1,4375
2,48141,48141,0,0,108,27,1783,240,1783,2023
2,48178,9646,0,0,26,26,1853,128,2597,2725
2,48195,27,0,0,27,27,1785,4374,1,4375
2,48205,9641,0,0,31,31,1555,6250,311,6561
2,48230,26,0,0,26,26,1855,2592,5,2597
2,48230,26,0,0,26,26,1855,4374,1,4375
2,48230,182,0,0,26,26,1855,5618,7,5625
2,48230,9646,0,0,26,26,1855,6190,371,6561
2,48230,26754,0,0,26,26,1855,8,3087,3095
2,48230,37206,0,0,26,26,1855,40,4293,4333
2,48300,28,0,0,28,28,1725,64000,9,64009
2,48300,28,0,0,28,28,1725,71874,1,71875
2,48300,644,0,0,28,28,1725,19602,23,19625
2,48303,48303,0,0,27,27,1789,398,1789,2187
2,48325,18225,0,0,25,25,1933,77320,2187,79507
2,48375,675,0,0,25,25,1935,3698,27,3725
2,48375,1075,0,0,25,25,1935,15496,129,15625
2,48375,1075,0,0,100,25,1935,4096,129,4225
2,48375,2025,0,0,25,25,1935,8192,1053,9245
2,48375,8125,0,0,25,25,1935,3698,325,4023
2,48375,33525,0,0,25,25,1935,1352,4023,5375
2,48375,46225,0,0,25,25,1935,338,1849,2187
2,48416,12000,0,0,32,32,1513,9826,375,10201
2,48450,30,0,0,30,30,1615,4374,1,4375
2,48450,30,0,0,60,30,1615,1700,1,1701
2,48450,30,0,0,120,30,1615,3024,1,3025
2,48450,150,0,0,60,30,1615,2052,5,2057
2,48450,210,0,0,30,30,1615,2048,77,2125
2,48450,210,0,0,30,30,1615,3200,49,3249
2,48450,210,0,0,30,30,1615,20570,7,20577
2,48450,330,0,0,30,30,1615,2250,11,2261
2,48450,510,0,0,30,30,1615,11858,17,11875
2,48450,510,0,0,30,30,1615,68590,17,68607
2,48450,510,0,0,60,30,1615,10108,17,10125
2,48450,570,0,0,30,30,1615,6050,19,6069
2,48450,570,0,0,30,30,1615,15606,19,15625
2,48450,570,0,0,30,30,1615,36992,133,37125
2,48450,570,0,0,60,30,1615,4356,19,4375
2,48450,570,0,0,60,30,1615,15876,19,15895
2,48450,630,0,0,30,30,1615,2312,63,2375
2,48450,1470,0,0,30,30,1615,2250,49,2299
2,48450,2850,0,0,120,30,1615,2992,95,3087
2,48450,2970,0,0,30,30,1615,2432,693,3125
2,48450,3990,0,0,30,30,1615,3200,931,4131
2,48450,4410,0,0,30,30,1615,2584,441,3025
2,48450,5250,0,0,30,30,1615,5984,875,6859
2,48450,6270,0,0,30,30,1615,1666,209,1875
2,48450,7290,0,0,30,30,1615,1672,729,2401
2,48450,7350,0,0,30,30,1615,2662,245,2907
2,48450,8670,0,0,30,30,1615,2432,2023,4455
2,48450,9450,0,0,30,30,1615,4598,315,4913
2,48450,10290,0,0,30,30,1615,1782,343,2125
2,48450,10290,0,0,30,30,1615,1152,2401,3553
2,48450,10830,0,0,30,30,1615,6144,3971,10115
2,48450,12150,0,0,30,30,1615,32,2025,2057
2,48450,12750,0,0,30,30,1615,2662,425,3087
2,48450,16170,0,0,30,30,1615,4374,539,4913
2,48450,18150,0,0,30,30,1615,224,3025,3249
2,48450,18750,0,0,30,30,1615,512,5625,6137
2,48450,20250,0,0,30,30,1615,2888,2025,4913
2,48450,20790,0,0,30,30,1615,640,4851,5491
2,48450,21870,0,0,30,30,1615,2450,729,3179
2,48450,39930,0,0,30,30,1615,6250,1331,7581
2,48450,39930,0,0,30,30,1615,11552,6655,18207
2,48450,39930,0,0,30,30,1615,19494,1331,20825
2,48450,41250,0,0,30,30,1615,1026,1375,2401
2,48450,41310,0,0,30,30,1615,2744,4131,6875
2,48450,43890,0,0,30,30,1615,384,10241,10625
2,48480,480,0,0,128,32,1515,4096,45,4141
2,48480,12000,0,0,32,32,1515,3362,375,3737
2,48542,48542,0,0,26,26,1867,534,1867,2401
2,48575,2349,0,0,29,29,1675,8192,1053,9245
2,48575,16211,0,0,29,29,1675,1250,559,1809
2,48575,17487,0,0,29,29,1675,40,1809,1849
2,48576,704,0,0,64,32,1518,11776,99,11875
2,48576,1408,0,0,128,32,1518,11776,99,11875
2,48625,6075,0,0,25,25,1945,77800,729,78529
2,48625,9725,0,0,25,25,1945,6750,389,7139
2,48625,48625,0,0,25,25,1945,242,1945,2187
2,48633,6351,0,0,29,29,1677,1978,219,2197
2,48690,30,0,0,120,30,1623,2704,1,2705
2,48749,25839,0,0,29,29,1681,2048,9801,11849
2,48763,31,0,0,31,31,1573,4374,1,4375
2,48763,31,0,0,124,31,1573,3024,1,3025
2,48763,341,0,0,31,31,1573,1690,11,1701
2,48763,2821,0,0,31,31,1573,8192,1183,9375
2,48763,3751,0,0,31,31,1573,1352,363,1715
2,48763,3751,0,0,124,31,1573,4096,363,4459
2,48763,9207,0,0,31,31,1573,512,2673,3185
2,48763,16709,0,0,31,31,1573,8,1617,1625
2,48763,16709,0,0,31,31,1573,16000,3773,19773
2,48763,22599,0,0,31,31,1573,88,2187,2275
2,48763,26257,0,0,31,31,1573,1350,847,2197
2,48763,41261,0,0,31,31,1573,294,1331,1625
2,48804,28,0,0,28,28,1743,4374,1,4375
2,48804,28,0,0,28,28,1743,10368,7,10375
2,48804,28,0,0,28,28,1743,33614,1,33615
2,48804,2324,0,0,112,28,1743,19600,83,19683
2,48804,6804,0,0,28,28,1743,34202,243,34445
2,48804,28812,0,0,28,28,1743,44672,7203,51875
2,48807,29,0,0,29,29,1683,34374,1,34375
2,48807,5423,0,0,116,29,1683,2000,187,2187
2,48807,7047,0,0,29,29,1683,5000,729,5729
2,48807,11745,0,0,29,29,1683,32,2025,2057
2,48825,25,0,0,25,25,1953,4374,1,4375
2,48825,31,0,0,31,31,1575,4374,1,4375
2,48825,31,0,0,31,31,1575,10368,7,10375
2,48825,31,0,0,31,31,1575,33614,1,33615
2,48825,75,0,0,25,25,1953,4802,3,4805
2,48825,125,0,0,25,25,1953,12152,15,12167
2,48825,175,0,0,25,25,1953,32798,7,32805
2,48825,217,0,0,31,31,1575,3200,49,3249
2,48825,225,0,0,50,25,1953,2116,9,2125
2,48825,425,0,0,25,25,1953,2170,17,2187
2,48825,425,0,0,25,25,1953,12150,17,12167
2,48825,775,0,0,50,25,1953,19652,31,19683
2,48825,2025,0,0,25,25,1953,5750,81,5831
2,48825,2325,0,0,100,25,1953,4096,279,4375
2,48825,3375,0,0,25,25,1953,3968,945,4913
2,48825,6075,0,0,25,25,1953,8750,243,8993
2,48825,6975,0,0,25,25,1953,1288,837,2125
2,48825,30625,0,0,25,25,1953,384,8575,8959
2,48825,30625,0,0,25,25,1953,28566,1225,29791
2,48825,33075,0,0,25,25,1953,32,6615,6647
2,48825,42525,0,0,25,25,1953,17000,5103,22103
2,48825,46875,0,0,25,25,1953,3038,1875,4913
2,48906,1274,0,0,26,26,1881,2152,147,2299
2,48906,6318,0,0,26,26,1881,1672,729,2401
2,48906,44226,0,0,26,26,1881,8,5103,5111
2,48944,56,0,0,56,28,1748,12160,7,12167
2,48944,112,0,0,112,28,1748,12160,7,12167
2,48951,27,0,0,27,27,1813,4374,1,4375
2,48951,27,0,0,108,27,1813,3024,1,3025
2,48951,297,0,0,27,27,1813,9250,11,9261
2,48951,1323,0,0,108,27,1813,6512,49,6561
2,48951,36963,0,0,27,27,1813,83006,1369,84375
2,48958,26,0,0,52,26,1883,4900,1,4901
2,48972,24948,0,0,28,28,1749,136,2673,2809
2,48990,30,0,0,30,30,1633,5750,1,5751
2,48990,810,0,0,30,30,1633,5014,27,5041
2,48990,2130,0,0,60,30,1633,2116,71,2187
2,48990,3270,0,0,30,30,1633,3266,109,3375
2,49000,7000,0,0,56,28,1750,4704,625,5329
2,49000,14000,0,0,112,28,1750,4704,625,5329
2,49005,27,0,0,27,27,1815,64000,9,64009
2,49005,27,0,0,27,27,1815,71874,1,71875
2,49005,297,0,0,27,27,1815,3634,11,3645
2,49005,3375,0,0,27,27,1815,1738,125,1863
2,49005,6399,0,0,27,27,1815,512,2133,2645
2,49005,9801,0,0,27,27,1815,14536,1089,15625
2,49005,18225,0,0,27,27,1815,5566,675,6241
2,49010,26,0,0,26,26,1885,4896,5,4901
2,49010,26,0,0,104,26,1885,4624,1,4625
2,49010,78,0,0,26,26,1885,6250,3,6253
2,49010,338,0,0,52,26,1885,3132,13,3145
2,49010,1014,0,0,26,26,1885,6728,117,6845
2,49010,1326,0,0,26,26,1885,2146,51,2197
2,49010,3510,0,0,26,26,1885,2738,135,2873
2,49010,21866,0,0,26,26,1885,8192,10933,19125
2,49010,24050,0,0,26,26,1885,288,4625,4913
2,49010,35594,0,0,26,26,1885,7250,1369,8619
2,49010,35594,0,0,26,26,1885,8704,12321,21025
2,49010,37518,0,0,26,26,1885,1682,1443,3125
2,49010,48750,0,0,26,26,1885,48778,1875,50653
2,49011,961,0,0,62,31,1581,19652,31,19683
2,49056,32,0,0,32,32,1533,4374,1,4375
2,49056,2592,0,0,32,32,1533,42632,243,42875
2,49056,4000,0,0,32,32,1533,4704,625,5329
2,49075,12675,0,0,25,25,1963,77312,4563,81875
2,49086,5454,0,0,54,27,1818,7776,505,8281
2,49086,10908,0,0,108,27,1818,7776,505,8281
2,49125,25,0,0,25,25,1965,4374,1,4375
2,49125,8575,0,0,25,25,1965,128,2401,2529
2,49135,31,0,0,31,31,1585,7290,1,7291
2,49140,28,0,0,28,28,1755,4374,1,4375
2,49140,252,0,0,28,28,1755,3200,63,3263
2,49140,980,0,0,28,28,1755,6526,35,6561
2,49140,1764,0,0,28,28,1755,2008,189,2197
2,49140,2548,0,0,28,28,1755,8192,1183,9375
2,49140,5460,0,0,60,30,1638,8192,1183,9375
2,49140,10920,0,0,120,30,1638,8192,1183,9375
2,49140,49140,0,0,28,28,1755,8032,8775,16807
2,49275,27,0,0,27,27,1825,4374,1,4375
2,49275,1971,0,0,27,27,1825,2450,73,2523
2,49275,2187,0,0,27,27,1825,42632,243,42875
2,49275,3375,0,0,27,27,1825,4704,625,5329
2,49275,9261,0,0,27,27,1825,1682,343,2025
2,49275,9261,0,0,27,27,1825,9344,2401,11745
2,49329,189,0,0,27,27,1827,27848,21,27869
2,49329,243,0,0,108,27,1827,3472,9,3481
2,49329,25947,0,0,27,27,1827,8,2883,2891
2,49350,30,0,0,30,30,1645,4374,1,4375
2,49350,1410,0,0,30,30,1645,1952,235,2187
2,49350,7350,0,0,30,30,1645,1152,1715,2867
2,49350,17010,0,0,30,30,1645,32,2835,2867
2,49350,20250,0,0,30,30,1645,376,2025,2401
2,49350,21870,0,0,30,30,1645,24064,6561,30625
2,49383,9145,0,0,31,31,1593,7776,1475,9251
2,49383,26071,0,0,31,31,1593,6534,841,7375
2,49387,7975,0,0,29,29,1703,1922,275,2197
2,49420,3780,0,0,28,28,1765,9728,1215,10943
2,49440,32,0,0,32,32,1545,1750,1,1751
2,49440,32,0,0,32,32,1545,4374,1,4375
2,49440,32,0,0,32,32,1545,59534,1,59535
2,49440,32,0,0,32,32,1545,65610,1,65611
2,49440,32,0,0,64,32,1545,1700,1,1701
2,49440,32,0,0,64,32,1545,31212,1,31213
2,49440,32,0,0,128,32,1545,10608,1,10609
2,49440,96,0,0,32,32,1545,2176,21,2197
2,49440,224,0,0,32,32,1545,3750,7,3757
2,49440,416,0,0,32,32,1545,8330,13,8343
2,49440,800,0,0,32,32,1545,9248,125,9373
2,49440,2720,0,0,32,32,1545,4374,85,4459
2,49440,2912,0,0,32,32,1545,8192,1183,9375
2,49440,3744,0,0,32,32,1545,1400,351,1751
2,49440,5408,0,0,32,32,1545,1854,169,2023
2,49440,7072,0,0,32,32,1545,640,1547,2187
2,49440,10976,0,0,32,32,1545,1854,343,2197
2,49440,14112,0,0,32,32,1545,6656,3969,10625
2,49440,16224,0,0,32,32,1545,3296,2535,5831
2,49440,29664,0,0,32,32,1545,2744,2781,5525
2,49440,42848,0,0,32,32,1545,686,1339,2025
2,49440,44064,0,0,32,32,1545,338,1377,1715
2,49445,29,0,0,29,29,1705,3750,1,3751
2,49445,261,0,0,29,29,1705,6250,9,6259
2,49445,319,0,0,58,29,1705,2500,11,2511
2,49476,868,0,0,28,28,1767,2318,31,2349
2,49476,16492,0,0,56,28,1767,3132,589,3721
2,49478,286,0,0,26,26,1903,3114,11,3125
2,49478,4498,0,0,52,26,1903,2500,173,2673
2,49491,81,0,0,108,27,1833,5872,3,5875
2,49491,1053,0,0,54,27,1833,3008,117,3125
2,49530,30,0,0,30,30,1651,6858,1,6859
2,49532,406,0,0,58,29,1708,3200,49,3249
2,49532,812,0,0,116,29,1708,3200,49,3249
2,49588,644,0,0,28,28,1771,23814,23,23837
2,49590,16530,0,0,60,30,1653,1324,551,1875
2,49599,27,0,0,108,27,1837,2672,1,2673
2,49599,33,0,0,33,33,1503,4374,1,4375
2,49599,5511,0,0,66,33,1503,1548,167,1715
2,49634,78,0,0,26,26,1909,2392,9,2401
2,49634,6318,0,0,26,26,1909,2158,243,2401
2,49634,30758,0,0,26,26,1909,1058,1183,2241
2,49653,19683,0,0,27,27,1839,2104,2187,4291
2,49677,29,0,0,29,29,1713,4374,1,4375
2,49693,31,0,0,31,31,1603,4374,1,4375
2,49693,2511,0,0,31,31,1603,5000,243,5243
2,49760,9952,0,0,32,32,1555,6250,311,6561
2,49761,45387,0,0,27,27,1843,194,1681,1875
2,49770,49770,0,0,60,30,1659,9664,4977,14641
2,49825,25,0,0,25,25,1993,4374,1,4375
2,49825,175,0,0,25,25,1993,3200,49,3249
2,49875,25,0,0,25,25,1995,4374,1,4375
2,49875,175,0,0,25,25,1995,3200,49,3249
2,49896,594,0,0,108,27,1848,2368,33,2401
2,49924,28,0,0,28,28,1783,4374,1,4375
2,49924,49924,0,0,112,28,1783,240,1783,2023
2,49929,12375,0,0,33,33,1513,9826,375,10201
2,49980,28,0,0,28,28,1785,4374,1,4375
2,49995,495,0,0,132,33,1515,4096,45,4141
2,49995,12375,0,0,33,33,1515,3362,375,3737
2,49998,26,0,0,26,26,1923,4374,1,4375
2,49998,26,0,0,104,26,1923,3024,1,3025
2,49998,16666,0,0,104,26,1923,14000,641,14641
2,49998,23166,0,0,26,26,1923,32,4455,4487
2,50025,29,0,0,29,29,1725,64000,9,64009
2,50025,29,0,0,29,29,1725,71874,1,71875
2,50025,667,0,0,29,29,1725,19602,23,19625
2,50031,10017,0,0,27,27,1853,128,2597,2725
2,50050,16250,0,0,26,26,1925,32,3125,3157
2,50050,22750,0,0,26,26,1925,1312,4375,5687
2,50065,31,0,0,31,31,1615,4374,1,4375
2,50065,31,0,0,62,31,1615,1700,1,1701
2,50065,31,0,0,124,31,1615,3024,1,3025
2,50065,155,0,0,62,31,1615,2052,5,2057
2,50065,217,0,0,31,31,1615,2048,77,2125
2,50065,217,0,0,31,31,1615,3200,49,3249
2,50065,217,0,0,31,31,1615,20570,7,20577
2,50065,341,0,0,31,31,1615,2250,11,2261
2,50065,527,0,0,31,31,1615,11858,17,11875
2,50065,527,0,0,31,31,1615,68590,17,68607
2,50065,527,0,0,62,31,1615,10108,17,10125
2,50065,589,0,0,31,31,1615,6050,19,6069
2,50065,589,0,0,31,31,1615,15606,19,15625
2,50065,589,0,0,31,31,1615,36992,133,37125
2,50065,589,0,0,62,31,1615,4356,19,4375
2,50065,589,0,0,62,31,1615,15876,19,15895
2,50065,651,0,0,31,31,1615,2312,63,2375
2,50065,1519,0,0,31,31,1615,2250,49,2299
2,50065,2945,0,0,124,31,1615,2992,95,3087
2,50065,3069,0,0,31,31,1615,2432,693,3125
2,50065,4123,0,0,31,31,1615,3200,931,4131
2,50065,4557,0,0,31,31,1615,2584,441,3025
2,50065,5425,0,0,31,31,1615,5984,875,6859
2,50065,6479,0,0,31,31,1615,1666,209,1875
2,50065,7533,0,0,31,31,1615,1672,729,2401
2,50065,7595,0,0,31,31,1615,2662,245,2907
2,50065,8959,0,0,31,31,1615,2432,2023,4455
2,50065,9765,0,0,31,31,1615,4598,315,4913
2,50065,10633,0,0,31,31,1615,1782,343,2125
2,50065,10633,0,0,31,31,1615,1152,2401,3553
2,50065,11191,0,0,31,31,1615,6144,3971,10115
2,50065,12555,0,0,31,31,1615,32,2025,2057
2,50065,13175,0,0,31,31,1615,2662,425,3087
2,50065,16709,0,0,31,31,1615,4374,539,4913
2,50065,18755,0,0,31,31,1615,224,3025,3249
2,50065,19375,0,0,31,31,1615,512,5625,6137
2,50065,20925,0,0,31,31,1615,2888,2025,4913
2,50065,21483,0,0,31,31,1615,640,4851,5491
2,50065,22599,0,0,31,31,1615,2450,729,3179
2,50065,41261,0,0,31,31,1615,6250,1331,7581
2,50065,41261,0,0,31,31,1615,11552,6655,18207
2,50065,41261,0,0,31,31,1615,19494,1331,20825
2,50065,42625,0,0,31,31,1615,1026,1375,2401
2,50065,42687,0,0,31,31,1615,2744,4131,6875
2,50065,45353,0,0,31,31,1615,384,10241,10625
2,50085,27,0,0,27,27,1855,2592,5,2597
2,50085,27,0,0,27,27,1855,4374,1,4375
2,50085,189,0,0,27,27,1855,5618,7,5625
2,50085,10017,0,0,27,27,1855,6190,371,6561
2,50085,27783,0,0,27,27,1855,8,3087,3095
2,50085,38637,0,0,27,27,1855,40,4293,4333
2,50092,50092,0,0,28,28,1789,398,1789,2187
2,50094,726,0,0,66,33,1518,11776,99,11875
2,50094,1452,0,0,132,33,1518,11776,99,11875
2,50250,2430,0,0,30,30,1675,8192,1053,9245
2,50250,16770,0,0,30,30,1675,1250,559,1809
2,50250,18090,0,0,30,30,1675,40,1809,1849
2,50258,18954,0,0,26,26,1933,77320,2187,79507
2,50310,702,0,0,26,26,1935,3698,27,3725
2,50310,1118,0,0,26,26,1935,15496,129,15625
2,50310,1118,0,0,104,26,1935,4096,129,4225
2,50310,2106,0,0,26,26,1935,8192,1053,9245
2,50310,6570,0,0,30,30,1677,1978,219,2197
2,50310,8450,0,0,26,26,1935,3698,325,4023
2,50310,34866,0,0,26,26,1935,1352,4023,5375
2,50310,48074,0,0,26,26,1935,338,1849,2187
2,50313,31,0,0,124,31,1623,2704,1,2705
2,50336,32,0,0,32,32,1573,4374,1,4375
2,50336,32,0,0,128,32,1573,3024,1,3025
2,50336,352,0,0,32,32,1573,1690,11,1701
2,50336,2912,0,0,32,32,1573,8192,1183,9375
2,50336,3872,0,0,32,32,1573,1352,363,1715
2,50336,3872,0,0,128,32,1573,4096,363,4459
2,50336,9504,0,0,32,32,1573,512,2673,3185
2,50336,17248,0,0,32,32,1573,8,1617,1625
2,50336,17248,0,0,32,32,1573,16000,3773,19773
2,50336,23328,0,0,32,32,1573,88,2187,2275
2,50336,27104,0,0,32,32,1573,1350,847,2197
2,50336,42592,0,0,32,32,1573,294,1331,1625
2,50400,32,0,0,32,32,1575,4374,1,4375
2,50400,32,0,0,32,32,1575,10368,7,10375
2,50400,32,0,0,32,32,1575,33614,1,33615
2,50400,224,0,0,32,32,1575,3200,49,3249
2,50409,50409,0,0,27,27,1867,534,1867,2401
2,50430,26730,0,0,30,30,1681,2048,9801,11849
2,50490,30,0,0,30,30,1683,34374,1,34375
2,50490,5610,0,0,120,30,1683,2000,187,2187
2,50490,7290,0,0,30,30,1683,5000,729,5729
2,50490,12150,0,0,30,30,1683,32,2025,2057
2,50547,29,0,0,29,29,1743,4374,1,4375
2,50547,29,0,0,29,29,1743,10368,7,10375
2,50547,29,0,0,29,29,1743,33614,1,33615
2,50547,2407,0,0,116,29,1743,19600,83,19683
2,50547,7047,0,0,29,29,1743,34202,243,34445
2,50547,29841,0,0,29,29,1743,44672,7203,51875
2,50570,6318,0,0,26,26,1945,77800,729,78529
2,50570,10114,0,0,26,26,1945,6750,389,7139
2,50570,50570,0,0,26,26,1945,242,1945,2187
2,50589,33,0,0,33,33,1533,4374,1,4375
2,50589,2673,0,0,33,33,1533,42632,243,42875
2,50589,4125,0,0,33,33,1533,4704,625,5329
2,50592,992,0,0,64,32,1581,19652,31,19683
2,50623,31,0,0,31,31,1633,5750,1,5751
2,50623,837,0,0,31,31,1633,5014,27,5041
2,50623,2201,0,0,62,31,1633,2116,71,2187
2,50623,3379,0,0,31,31,1633,3266,109,3375
2,50692,58,0,0,58,29,1748,12160,7,12167
2,50692,116,0,0,116,29,1748,12160,7,12167
2,50720,32,0,0,32,32,1585,7290,1,7291
2,50721,25839,0,0,29,29,1749,136,2673,2809
2,50750,7250,0,0,58,29,1750,4704,625,5329
2,50750,14500,0,0,116,29,1750,4704,625,5329
2,50764,28,0,0,28,28,1813,4374,1,4375
2,50764,28,0,0,112,28,1813,3024,1,3025
2,50764,308,0,0,28,28,1813,9250,11,9261
2,50764,1372,0,0,112,28,1813,6512,49,6561
2,50764,38332,0,0,28,28,1813,83006,1369,84375
2,50778,26,0,0,26,26,1953,4374,1,4375
2,50778,78,0,0,26,26,1953,4802,3,4805
2,50778,130,0,0,26,26,1953,12152,15,12167
2,50778,182,0,0,26,26,1953,32798,7,32805
2,50778,234,0,0,52,26,1953,2116,9,2125
2,50778,442,0,0,26,26,1953,2170,17,2187
2,50778,442,0,0,26,26,1953,12150,17,12167
2,50778,806,0,0,52,26,1953,19652,31,19683
2,50778,2106,0,0,26,26,1953,5750,81,5831
2,50778,2418,0,0,104,26,1953,4096,279,4375
2,50778,3510,0,0,26,26,1953,3968,945,4913
2,50778,5642,0,0,62,31,1638,8192,1183,9375
2,50778,6318,0,0,26,26,1953,8750,243,8993
2,50778,7254,0,0,26,26,1953,1288,837,2125
2,50778,11284,0,0,124,31,1638,8192,1183,9375
2,50778,31850,0,0,26,26,1953,384,8575,8959
2,50778,31850,0,0,26,26,1953,28566,1225,29791
2,50778,34398,0,0,26,26,1953,32,6615,6647
2,50778,44226,0,0,26,26,1953,17000,5103,22103
2,50778,48750,0,0,26,26,1953,3038,1875,4913
2,50787,1323,0,0,27,27,1881,2152,147,2299
2,50787,6561,0,0,27,27,1881,1672,729,2401
2,50787,45927,0,0,27,27,1881,8,5103,5111
2,50820,28,0,0,28,28,1815,64000,9,64009
2,50820,28,0,0,28,28,1815,71874,1,71875
2,50820,308,0,0,28,28,1815,3634,11,3645
2,50820,3500,0,0,28,28,1815,1738,125,1863
2,50820,6636,0,0,28,28,1815,512,2133,2645
2,50820,10164,0,0,28,28,1815,14536,1089,15625
2,50820,18900,0,0,28,28,1815,5566,675,6241
2,50841,27,0,0,54,27,1883,4900,1,4901
2,50895,27,0,0,27,27,1885,4896,5,4901
2,50895,27,0,0,108,27,1885,4624,1,4625
2,50895,29,0,0,29,29,1755,4374,1,4375
2,50895,81,0,0,27,27,1885,6250,3,6253
2,50895,261,0,0,29,29,1755,3200,63,3263
2,50895,351,0,0,54,27,1885,3132,13,3145
2,50895,1015,0,0,29,29,1755,6526,35,6561
2,50895,1053,0,0,27,27,1885,6728,117,6845
2,50895,1377,0,0,27,27,1885,2146,51,2197
2,50895,1827,0,0,29,29,1755,2008,189,2197
2,50895,2639,0,0,29,29,1755,8192,1183,9375
2,50895,3645,0,0,27,27,1885,2738,135,2873
2,50895,22707,0,0,27,27,1885,8192,10933,19125
2,50895,24975,0,0,27,27,1885,288,4625,4913
2,50895,36963,0,0,27,27,1885,7250,1369,8619
2,50895,36963,0,0,27,27,1885,8704,12321,21025
2,50895,38961,0,0,27,27,1885,1682,1443,3125
2,50895,50625,0,0,27,27,1885,48778,1875,50653
2,50895,50895,0,0,29,29,1755,8032,8775,16807
2,50904,5656,0,0,56,28,1818,7776,505,8281
2,50904,11312,0,0,112,28,1818,7776,505,8281
2,50976,9440,0,0,32,32,1593,7776,1475,9251
2,50976,26912,0,0,32,32,1593,6534,841,7375
2,50985,33,0,0,33,33,1545,1750,1,1751
2,50985,33,0,0,33,33,1545,4374,1,4375
2,50985,33,0,0,33,33,1545,59534,1,59535
2,50985,33,0,0,33,33,1545,65610,1,65611
2,50985,33,0,0,66,33,1545,1700,1,1701
2,50985,33,0,0,66,33,1545,31212,1,31213
2,50985,33,0,0,132,33,1545,10608,1,10609
2,50985,99,0,0,33,33,1545,2176,21,2197
2,50985,231,0,0,33,33,1545,3750,7,3757
2,50985,429,0,0,33,33,1545,8330,13,8343
2,50985,825,0,0,33,33,1545,9248,125,9373
2,50985,2805,0,0,33,33,1545,4374,85,4459
2,50985,3003,0,0,33,33,1545,8192,1183,9375
2,50985,3861,0,0,33,33,1545,1400,351,1751
2,50985,5577,0,0,33,33,1545,1854,169,2023
2,50985,7293,0,0,33,33,1545,640,1547,2187
2,50985,11319,0,0,33,33,1545,1854,343,2197
2,50985,14553,0,0,33,33,1545,6656,3969,10625
2,50985,16731,0,0,33,33,1545,3296,2535,5831
2,50985,30591,0,0,33,33,1545,2744,2781,5525
2,50985,44187,0,0,33,33,1545,686,1339,2025
2,50985,45441,0,0,33,33,1545,338,1377,1715
2,50995,31,0,0,31,31,1645,4374,1,4375
2,50995,1457,0,0,31,31,1645,1952,235,2187
2,50995,7595,0,0,31,31,1645,1152,1715,2867
2,50995,17577,0,0,31,31,1645,32,2835,2867
2,50995,20925,0,0,31,31,1645,376,2025,2401
2,50995,22599,0,0,31,31,1645,24064,6561,30625
2,51038,13182,0,0,26,26,1963,77312,4563,81875
2,51090,26,0,0,26,26,1965,4374,1,4375
2,51090,8250,0,0,30,30,1703,1922,275,2197
2,51090,8918,0,0,26,26,1965,128,2401,2529
2,51100,28,0,0,28,28,1825,4374,1,4375
2,51100,2044,0,0,28,28,1825,2450,73,2523
2,51100,2268,0,0,28,28,1825,42632,243,42875
2,51100,3500,0,0,28,28,1825,4704,625,5329
2,51100,9604,0,0,28,28,1825,1682,343,2025
2,51100,9604,0,0,28,28,1825,9344,2401,11745
2,51102,34,0,0,34,34,1503,4374,1,4375
2,51102,5678,0,0,68,34,1503,1548,167,1715
2,51150,30,0,0,30,30,1705,3750,1,3751
2,51150,270,0,0,30,30,1705,6250,9,6259
2,51150,330,0,0,60,30,1705,2500,11,2511
2,51156,196,0,0,28,28,1827,27848,21,27869
2,51156,252,0,0,112,28,1827,3472,9,3481
2,51156,26908,0,0,28,28,1827,8,2883,2891
2,51181,31,0,0,31,31,1651,6858,1,6859
2,51185,3915,0,0,29,29,1765,9728,1215,10943
2,51240,420,0,0,60,30,1708,3200,49,3249
2,51240,840,0,0,120,30,1708,3200,49,3249
2,51243,899,0,0,29,29,1767,2318,31,2349
2,51243,17081,0,0,58,29,1767,3132,589,3721
2,51243,17081,0,0,62,31,1653,1324,551,1875
2,51296,32,0,0,32,32,1603,4374,1,4375
2,51296,2592,0,0,32,32,1603,5000,243,5243
2,51315,10263,0,0,33,33,1555,6250,311,6561
2,51324,84,0,0,112,28,1833,5872,3,5875
2,51324,1092,0,0,56,28,1833,3008,117,3125
2,51359,667,0,0,29,29,1771,23814,23,23837
2,51381,297,0,0,27,27,1903,3114,11,3125
2,51381,4671,0,0,54,27,1903,2500,173,2673
2,51390,30,0,0,30,30,1713,4374,1,4375
2,51429,51429,0,0,62,31,1659,9664,4977,14641
2,51436,28,0,0,112,28,1837,2672,1,2673
2,51442,12750,0,0,34,34,1513,9826,375,10201
2,51492,20412,0,0,28,28,1839,2104,2187,4291
2,51510,510,0,0,136,34,1515,4096,45,4141
2,51510,12750,0,0,34,34,1515,3362,375,3737
2,51543,81,0,0,27,27,1909,2392,9,2401
2,51543,6561,0,0,27,27,1909,2158,243,2401
2,51543,31941,0,0,27,27,1909,1058,1183,2241
2,51604,47068,0,0,28,28,1843,194,1681,1875
2,51612,748,0,0,68,34,1518,11776,99,11875
2,51612,1496,0,0,136,34,1518,11776,99,11875
2,51680,32,0,0,32,32,1615,4374,1,4375
2,51680,32,0,0,64,32,1615,1700,1,1701
2,51680,32,0,0,128,32,1615,3024,1,3025
2,51680,160,0,0,64,32,1615,2052,5,2057
2,51680,224,0,0,32,32,1615,2048,77,2125
2,51680,224,0,0,32,32,1615,3200,49,3249
2,51680,224,0,0,32,32,1615,20570,7,20577
2,51680,352,0,0,32,32,1615,2250,11,2261
2,51680,544,0,0,32,32,1615,11858,17,11875
2,51680,544,0,0,32,32,1615,68590,17,68607
2,51680,544,0,0,64,32,1615,10108,17,10125
2,51680,608,0,0,32,32,1615,6050,19,6069
2,51680,608,0,0,32,32,1615,15606,19,15625
2,51680,608,0,0,32,32,1615,36992,133,37125
2,51680,608,0,0,64,32,1615,4356,19,4375
2,51680,608,0,0,64,32,1615,15876,19,15895
2,51680,672,0,0,32,32,1615,2312,63,2375
2,51680,1568,0,0,32,32,1615,2250,49,2299
2,51680,3040,0,0,128,32,1615,2992,95,3087
2,51680,3168,0,0,32,32,1615,2432,693,3125
2,51680,4256,0,0,32,32,1615,3200,931,4131
2,51680,4704,0,0,32,32,1615,2584,441,3025
2,51680,5600,0,0,32,32,1615,5984,875,6859
2,51680,6688,0,0,32,32,1615,1666,209,1875
2,51680,7776,0,0,32,32,1615,1672,729,2401
2,51680,7840,0,0,32,32,1615,2662,245,2907
2,51680,9248,0,0,32,32,1615,2432,2023,4455
2,51680,10080,0,0,32,32,1615,4598,315,4913
2,51680,10976,0,0,32,32,1615,1782,343,2125
2,51680,10976,0,0,32,32,1615,1152,2401,3553
2,51680,11552,0,0,32,32,1615,6144,3971,10115
2,51680,12960,0,0,32,32,1615,32,2025,2057
2,51680,13600,0,0,32,32,1615,2662,425,3087
2,51680,17248,0,0,32,32,1615,4374,539,4913
2,51680,19360,0,0,32,32,1615,224,3025,3249
2,51680,20000,0,0,32,32,1615,512,5625,6137
2,51680,21600,0,0,32,32,1615,2888,2025,4913
2,51680,22176,0,0,32,32,1615,640,4851,5491
2,51680,23328,0,0,32,32,1615,2450,729,3179
2,51680,42592,0,0,32,32,1615,6250,1331,7581
2,51680,42592,0,0,32,32,1615,11552,6655,18207
2,51680,42592,0,0,32,32,1615,19494,1331,20825
2,51680,44000,0,0,32,32,1615,1026,1375,2401
2,51680,44064,0,0,32,32,1615,2744,4131,6875
2,51680,46816,0,0,32,32,1615,384,10241,10625
2,51707,29,0,0,29,29,1783,4374,1,4375
2,51707,51707,0,0,116,29,1783,240,1783,2023
2,51744,616,0,0,112,28,1848,2368,33,2401
2,51750,30,0,0,30,30,1725,64000,9,64009
2,51750,30,0,0,30,30,1725,71874,1,71875
2,51750,690,0,0,30,30,1725,19602,23,19625
2,51765,29,0,0,29,29,1785,4374,1,4375
2,51818,26,0,0,26,26,1993,4374,1,4375
2,51818,182,0,0,26,26,1993,3200,49,3249
2,51870,26,0,0,26,26,1995,4374,1,4375
2,51870,182,0,0,26,26,1995,3200,49,3249
2,51881,51881,0,0,29,29,1789,398,1789,2187
2,51884,10388,0,0,28,28,1853,128,2597,2725
2,51909,33,0,0,33,33,1573,4374,1,4375
2,51909,33,0,0,132,33,1573,3024,1,3025
2,51909,363,0,0,33,33,1573,1690,11,1701
2,51909,3003,0,0,33,33,1573,8192,1183,9375
2,51909,3993,0,0,33,33,1573,1352,363,1715
2,51909,3993,0,0,132,33,1573,4096,363,4459
2,51909,9801,0,0,33,33,1573,512,2673,3185
2,51909,17787,0,0,33,33,1573,8,1617,1625
2,51909,17787,0,0,33,33,1573,16000,3773,19773
2,51909,24057,0,0,33,33,1573,88,2187,2275
2,51909,27951,0,0,33,33,1573,1350,847,2197
2,51909,43923,0,0,33,33,1573,294,1331,1625
2,51921,27,0,0,27,27,1923,4374,1,4375
2,51921,27,0,0,108,27,1923,3024,1,3025
2,51921,17307,0,0,108,27,1923,14000,641,14641
2,51921,24057,0,0,27,27,1923,32,4455,4487
2,51925,2511,0,0,31,31,1675,8192,1053,9245
2,51925,17329,0,0,31,31,1675,1250,559,1809
2,51925,18693,0,0,31,31,1675,40,1809,1849
2,51936,32,0,0,128,32,1623,2704,1,2705
2,51940,28,0,0,28,28,1855,2592,5,2597
2,51940,28,0,0,28,28,1855,4374,1,4375
2,51940,196,0,0,28,28,1855,5618,7,5625
2,51940,10388,0,0,28,28,1855,6190,371,6561
2,51940,28812,0,0,28,28,1855,8,3087,3095
2,51940,40068,0,0,28,28,1855,40,4293,4333
2,51975,33,0,0,33,33,1575,4374,1,4375
2,51975,33,0,0,33,33,1575,10368,7,10375
2,51975,33,0,0,33,33,1575,33614,1,33615
2,51975,231,0,0,33,33,1575,3200,49,3249
2,51975,16875,0,0,27,27,1925,32,3125,3157
2,51975,23625,0,0,27,27,1925,1312,4375,5687
2,51987,6789,0,0,31,31,1677,1978,219,2197
2,52111,27621,0,0,31,31,1681,2048,9801,11849
2,52122,34,0,0,34,34,1533,4374,1,4375
2,52122,2754,0,0,34,34,1533,42632,243,42875
2,52122,4250,0,0,34,34,1533,4704,625,5329
2,52173,31,0,0,31,31,1683,34374,1,34375
2,52173,1023,0,0,66,33,1581,19652,31,19683
2,52173,5797,0,0,124,31,1683,2000,187,2187
2,52173,7533,0,0,31,31,1683,5000,729,5729
2,52173,12555,0,0,31,31,1683,32,2025,2057
2,52191,19683,0,0,27,27,1933,77320,2187,79507
2,52245,729,0,0,27,27,1935,3698,27,3725
2,52245,1161,0,0,27,27,1935,15496,129,15625
2,52245,1161,0,0,108,27,1935,4096,129,4225
2,52245,2187,0,0,27,27,1935,8192,1053,9245
2,52245,8775,0,0,27,27,1935,3698,325,4023
2,52245,36207,0,0,27,27,1935,1352,4023,5375
2,52245,49923,0,0,27,27,1935,338,1849,2187
2,52256,32,0,0,32,32,1633,5750,1,5751
2,52256,864,0,0,32,32,1633,5014,27,5041
2,52256,2272,0,0,64,32,1633,2116,71,2187
2,52256,3488,0,0,32,32,1633,3266,109,3375
2,52276,52276,0,0,28,28,1867,534,1867,2401
2,52290,30,0,0,30,30,1743,4374,1,4375
2,52290,30,0,0,30,30,1743,10368,7,10375
2,52290,30,0,0,30,30,1743,33614,1,33615
2,52290,2490,0,0,120,30,1743,19600,83,19683
2,52290,7290,0,0,30,30,1743,34202,243,34445
2,52290,30870,0,0,30,30,1743,44672,7203,51875
2,52305,33,0,0,33,33,1585,7290,1,7291
2,52416,5824,0,0,64,32,1638,8192,1183,9375
2,52416,11648,0,0,128,32,1638,8192,1183,9375
2,52440,60,0,0,60,30,1748,12160,7,12167
2,52440,120,0,0,120,30,1748,12160,7,12167
2,52470,26730,0,0,30,30,1749,136,2673,2809
2,52500,7500,0,0,60,30,1750,4704,625,5329
2,52500,15000,0,0,120,30,1750,4704,625,5329
2,52515,6561,0,0,27,27,1945,77800,729,78529
2,52515,10503,0,0,27,27,1945,6750,389,7139
2,52515,52515,0,0,27,27,1945,242,1945,2187
2,52530,34,0,0,34,34,1545,1750,1,1751
2,52530,34,0,0,34,34,1545,4374,1,4375
2,52530,34,0,0,34,34,1545,59534,1,59535
2,52530,34,0,0,34,34,1545,65610,1,65611
2,52530,34,0,0,68,34,1545,1700,1,1701
2,52530,34,0,0,68,34,1545,31212,1,31213
2,52530,34,0,0,136,34,1545,10608,1,10609
2,52530,102,0,0,34,34,1545,2176,21,2197
2,52530,238,0,0,34,34,1545,3750,7,3757
2,52530,442,0,0,34,34,1545,8330,13,8343
2,52530,850,0,0,34,34,1545,9248,125,9373
2,52530,2890,0,0,34,34,1545,4374,85,4459
2,52530,3094,0,0,34,34,1545,8192,1183,9375
2,52530,3978,0,0,34,34,1545,1400,351,1751
2,52530,5746,0,0,34,34,1545,1854,169,2023
2,52530,7514,0,0,34,34,1545,640,1547,2187
2,52530,11662,0,0,34,34,1545,1854,343,2197
2,52530,14994,0,0,34,34,1545,6656,3969,10625
2,52530,17238,0,0,34,34,1545,3296,2535,5831
2,52530,31518,0,0,34,34,1545,2744,2781,5525
2,52530,45526,0,0,34,34,1545,686,1339,2025
2,52530,46818,0,0,34,34,1545,338,1377,1715
2,52569,9735,0,0,33,33,1593,7776,1475,9251
2,52569,27753,0,0,33,33,1593,6534,841,7375
2,52577,29,0,0,29,29,1813,4374,1,4375
2,52577,29,0,0,116,29,1813,3024,1,3025
2,52577,319,0,0,29,29,1813,9250,11,9261
2,52577,1421,0,0,116,29,1813,6512,49,6561
2,52577,39701,0,0,29,29,1813,83006,1369,84375
2,52605,35,0,0,35,35,1503,4374,1,4375
2,52605,5845,0,0,70,35,1503,1548,167,1715
2,52635,29,0,0,29,29,1815,64000,9,64009
2,52635,29,0,0,29,29,1815,71874,1,71875
2,52635,319,0,0,29,29,1815,3634,11,3645
2,52635,3625,0,0,29,29,1815,1738,125,1863
2,52635,6873,0,0,29,29,1815,512,2133,2645
2,52635,10527,0,0,29,29,1815,14536,1089,15625
2,52635,19575,0,0,29,29,1815,5566,675,6241
2,52640,32,0,0,32,32,1645,4374,1,4375
2,52640,1504,0,0,32,32,1645,1952,235,2187
2,52640,7840,0,0,32,32,1645,1152,1715,2867
2,52640,18144,0,0,32,32,1645,32,2835,2867
2,52640,21600,0,0,32,32,1645,376,2025,2401
2,52640,23328,0,0,32,32,1645,24064,6561,30625
2,52650,30,0,0,30,30,1755,4374,1,4375
2,52650,270,0,0,30,30,1755,3200,63,3263
2,52650,1050,0,0,30,30,1755,6526,35,6561
2,52650,1890,0,0,30,30,1755,2008,189,2197
2,52650,2730,0,0,30,30,1755,8192,1183,9375
2,52650,52650,0,0,30,30,1755,8032,8775,16807
2,52668,1372,0,0,28,28,1881,2152,147,2299
2,52668,6804,0,0,28,28,1881,1672,729,2401
2,52668,47628,0,0,28,28,1881,8,5103,5111
2,52722,5858,0,0,58,29,1818,7776,505,8281
2,52722,11716,0,0,116,29,1818,7776,505,8281
2,52724,28,0,0,56,28,1883,4900,1,4901
2,52731,27,0,0,27,27,1953,4374,1,4375
2,52731,81,0,0,27,27,1953,4802,3,4805
2,52731,135,0,0,27,27,1953,12152,15,12167
2,52731,189,0,0,27,27,1953,32798,7,32805
2,52731,243,0,0,54,27,1953,2116,9,2125
2,52731,459,0,0,27,27,1953,2170,17,2187
2,52731,459,0,0,27,27,1953,12150,17,12167
2,52731,837,0,0,54,27,1953,19652,31,19683
2,52731,2187,0,0,27,27,1953,5750,81,5831
2,52731,2511,0,0,108,27,1953,4096,279,4375
2,52731,3645,0,0,27,27,1953,3968,945,4913
2,52731,6561,0,0,27,27,1953,8750,243,8993
2,52731,7533,0,0,27,27,1953,1288,837,2125
2,52731,33075,0,0,27,27,1953,384,8575,8959
2,52731,33075,0,0,27,27,1953,28566,1225,29791
2,52731,35721,0,0,27,27,1953,32,6615,6647
2,52731,45927,0,0,27,27,1953,17000,5103,22103
2,52731,50625,0,0,27,27,1953,3038,1875,4913
2,52780,28,0,0,28,28,1885,4896,5,4901
2,52780,28,0,0,112,28,1885,4624,1,4625
2,52780,84,0,0,28,28,1885,6250,3,6253
2,52780,364,0,0,56,28,1885,3132,13,3145
2,52780,1092,0,0,28,28,1885,6728,117,6845
2,52780,1428,0,0,28,28,1885,2146,51,2197
2,52780,3780,0,0,28,28,1885,2738,135,2873
2,52780,23548,0,0,28,28,1885,8192,10933,19125
2,52780,25900,0,0,28,28,1885,288,4625,4913
2,52780,38332,0,0,28,28,1885,7250,1369,8619
2,52780,38332,0,0,28,28,1885,8704,12321,21025
2,52780,40404,0,0,28,28,1885,1682,1443,3125
2,52780,52500,0,0,28,28,1885,48778,1875,50653
2,52793,8525,0,0,31,31,1703,1922,275,2197
2,52832,32,0,0,32,32,1651,6858,1,6859
2,52855,31,0,0,31,31,1705,3750,1,3751
2,52855,279,0,0,31,31,1705,6250,9,6259
2,52855,341,0,0,62,31,1705,2500,11,2511
2,52870,10574,0,0,34,34,1555,6250,311,6561
2,52896,17632,0,0,64,32,1653,1324,551,1875
2,52899,33,0,0,33,33,1603,4374,1,4375
2,52899,2673,0,0,33,33,1603,5000,243,5243
2,52925,29,0,0,29,29,1825,4374,1,4375
2,52925,2117,0,0,29,29,1825,2450,73,2523
2,52925,2349,0,0,29,29,1825,42632,243,42875
2,52925,3625,0,0,29,29,1825,4704,625,5329
2,52925,9947,0,0,29,29,1825,1682,343,2025
2,52925,9947,0,0,29,29,1825,9344,2401,11745
2,52948,434,0,0,62,31,1708,3200,49,3249
2,52948,868,0,0,124,31,1708,3200,49,3249
2,52950,4050,0,0,30,30,1765,9728,1215,10943
2,52955,13125,0,0,35,35,1513,9826,375,10201
2,52983,203,0,0,29,29,1827,27848,21,27869
2,52983,261,0,0,116,29,1827,3472,9,3481
2,52983,27869,0,0,29,29,1827,8,2883,2891
2,53001,13689,0,0,27,27,1963,77312,4563,81875
2,53010,930,0,0,30,30,1767,2318,31,2349
2,53010,17670,0,0,60,30,1767,3132,589,3721
2,53025,13125,0,0,35,35,1515,3362,375,3737
2,53055,27,0,0,27,27,1965,4374,1,4375
2,53055,9261,0,0,27,27,1965,128,2401,2529
2,53088,53088,0,0,64,32,1659,9664,4977,14641
2,53103,31,0,0,31,31,1713,4374,1,4375
2,53130,690,0,0,30,30,1771,23814,23,23837
2,53130,770,0,0,70,35,1518,11776,99,11875
2,53157,87,0,0,116,29,1833,5872,3,5875
2,53157,1131,0,0,58,29,1833,3008,117,3125
2,53273,29,0,0,116,29,1837,2672,1,2673
2,53284,308,0,0,28,28,1903,3114,11,3125
2,53284,4844,0,0,56,28,1903,2500,173,2673
2,53295,33,0,0,33,33,1615,4374,1,4375
2,53295,33,0,0,66,33,1615,1700,1,1701
2,53295,33,0,0,132,33,1615,3024,1,3025
2,53295,165,0,0,66,33,1615,2052,5,2057
2,53295,231,0,0,33,33,1615,2048,77,2125
2,53295,231,0,0,33,33,1615,3200,49,3249
2,53295,231,0,0,33,33,1615,20570,7,20577
2,53295,363,0,0,33,33,1615,2250,11,2261
2,53295,561,0,0,33,33,1615,11858,17,11875
2,53295,561,0,0,33,33,1615,68590,17,68607
2,53295,561,0,0,66,33,1615,10108,17,10125
2,53295,627,0,0,33,33,1615,6050,19,6069
2,53295,627,0,0,33,33,1615,15606,19,15625
2,53295,627,0,0,33,33,1615,36992,133,37125
2,53295,627,0,0,66,33,1615,4356,19,4375
2,53295,627,0,0,66,33,1615,15876,19,15895
2,53295,693,0,0,33,33,1615,2312,63,2375
2,53295,1617,0,0,33,33,1615,2250,49,2299
2,53295,3135,0,0,132,33,1615,2992,95,3087
2,53295,3267,0,0,33,33,1615,2432,693,3125
2,53295,4389,0,0,33,33,1615,3200,931,4131
2,53295,4851,0,0,33,33,1615,2584,441,3025
2,53295,5775,0,0,33,33,1615,5984,875,6859
2,53295,6897,0,0,33,33,1615,1666,209,1875
2,53295,8019,0,0,33,33,1615,1672,729,2401
2,53295,8085,0,0,33,33,1615,2662,245,2907
2,53295,9537,0,0,33,33,1615,2432,2023,4455
2,53295,10395,0,0,33,33,1615,4598,315,4913
2,53295,11319,0,0,33,33,1615,1782,343,2125
2,53295,11319,0,0,33,33,1615,1152,2401,3553
2,53295,11913,0,0,33,33,1615,6144,3971,10115
2,53295,13365,0,0,33,33,1615,32,2025,2057
2,53295,14025,0,0,33,33,1615,2662,425,3087
2,53295,17787,0,0,33,33,1615,4374,539,4913
2,53295,19965,0,0,33,33,1615,224,3025,3249
2,53295,20625,0,0,33,33,1615,512,5625,6137
2,53295,22275,0,0,33,33,1615,2888,2025,4913
2,53295,22869,0,0,33,33,1615,640,4851,5491
2,53295,24057,0,0,33,33,1615,2450,729,3179
2,53295,43923,0,0,33,33,1615,6250,1331,7581
2,53295,43923,0,0,33,33,1615,11552,6655,18207
2,53295,43923,0,0,33,33,1615,19494,1331,20825
2,53295,45375,0,0,33,33,1615,1026,1375,2401
2,53295,45441,0,0,33,33,1615,2744,4131,6875
2,53295,48279,0,0,33,33,1615,384,10241,10625
2,53331,21141,0,0,29,29,1839,2104,2187,4291
2,53447,48749,0,0,29,29,1843,194,1681,1875
2,53452,84,0,0,28,28,1909,2392,9,2401
2,53452,6804,0,0,28,28,1909,2158,243,2401
2,53452,33124,0,0,28,28,1909,1058,1183,2241
2,53475,31,0,0,31,31,1725,64000,9,64009
2,53475,31,0,0,31,31,1725,71874,1,71875
2,53475,713,0,0,31,31,1725,19602,23,19625
2,53482,34,0,0,34,34,1573,4374,1,4375
2,53482,34,0,0,136,34,1573,3024,1,3025
2,53482,374,0,0,34,34,1573,1690,11,1701
2,53482,3094,0,0,34,34,1573,8192,1183,9375
2,53482,4114,0,0,34,34,1573,1352,363,1715
2,53482,4114,0,0,136,34,1573,4096,363,4459
2,53482,10098,0,0,34,34,1573,512,2673,3185
2,53482,18326,0,0,34,34,1573,8,1617,1625
2,53482,18326,0,0,34,34,1573,16000,3773,19773
2,53482,24786,0,0,34,34,1573,88,2187,2275
2,53482,28798,0,0,34,34,1573,1350,847,2197
2,53482,45254,0,0,34,34,1573,294,1331,1625
2,53490,30,0,0,30,30,1783,4374,1,4375
2,53490,53490,0,0,120,30,1783,240,1783,2023
2,53550,30,0,0,30,30,1785,4374,1,4375
2,53550,34,0,0,34,34,1575,4374,1,4375
2,53550,34,0,0,34,34,1575,10368,7,10375
2,53550,34,0,0,34,34,1575,33614,1,33615
2,53550,238,0,0,34,34,1575,3200,49,3249
2,53559,33,0,0,132,33,1623,2704,1,2705
2,53592,638,0,0,116,29,1848,2368,33,2401
2,53600,2592,0,0,32,32,1675,8192,1053,9245
2,53600,17888,0,0,32,32,1675,1250,559,1809
2,53600,19296,0,0,32,32,1675,40,1809,1849
2,53655,35,0,0,35,35,1533,4374,1,4375
2,53655,2835,0,0,35,35,1533,42632,243,42875
2,53655,4375,0,0,35,35,1533,4704,625,5329
2,53664,7008,0,0,32,32,1677,1978,219,2197
2,53670,53670,0,0,30,30,1789,398,1789,2187
2,53737,10759,0,0,29,29,1853,128,2597,2725
2,53754,1054,0,0,68,34,1581,19652,31,19683
2,53792,28512,0,0,32,32,1681,2048,9801,11849
2,53795,29,0,0,29,29,1855,2592,5,2597
2,53795,29,0,0,29,29,1855,4374,1,4375
2,53795,203,0,0,29,29,1855,5618,7,5625
2,53795,10759,0,0,29,29,1855,6190,371,6561
2,53795,29841,0,0,29,29,1855,8,3087,3095
2,53795,41499,0,0,29,29,1855,40,4293,4333
2,53811,27,0,0,27,27,1993,4374,1,4375
2,53811,189,0,0,27,27,1993,3200,49,3249
2,53844,28,0,0,28,28,1923,4374,1,4375
2,53844,28,0,0,112,28,1923,3024,1,3025
2,53844,17948,0,0,112,28,1923,14000,641,14641
2,53844,24948,0,0,28,28,1923,32,4455,4487
2,53856,32,0,0,32,32,1683,34374,1,34375
2,53856,5984,0,0,128,32,1683,2000,187,2187
2,53856,7776,0,0,32,32,1683,5000,729,5729
2,53856,12960,0,0,32,32,1683,32,2025,2057
2,53865,27,0,0,27,27,1995,4374,1,4375
2,53865,189,0,0,27,27,1995,3200,49,3249
2,53889,33,0,0,33,33,1633,5750,1,5751
2,53889,891,0,0,33,33,1633,5014,27,5041
2,53889,2343,0,0,66,33,1633,2116,71,2187
2,53889,3597,0,0,33,33,1633,3266,109,3375
2,53890,34,0,0,34,34,1585,7290,1,7291
2,53900,17500,0,0,28,28,1925,32,3125,3157
2,53900,24500,0,0,28,28,1925,1312,4375,5687
2,54033,31,0,0,31,31,1743,4374,1,4375
2,54033,31,0,0,31,31,1743,10368,7,10375
2,54033,31,0,0,31,31,1743,33614,1,33615
2,54033,2573,0,0,124,31,1743,19600,83,19683
2,54033,7533,0,0,31,31,1743,34202,243,34445
2,54033,31899,0,0,31,31,1743,44672,7203,51875
2,54054,6006,0,0,66,33,1638,8192,1183,9375
2,54054,12012,0,0,132,33,1638,8192,1183,9375
2,54075,35,0,0,35,35,1545,1750,1,1751
2,54075,35,0,0,35,35,1545,4374,1,4375
2,54075,35,0,0,35,35,1545,59534,1,59535
2,54075,35,0,0,35,35,1545,65610,1,65611
2,54075,35,0,0,70,35,1545,1700,1,1701
2,54075,35,0,0,70,35,1545,31212,1,31213
2,54075,105,0,0,35,35,1545,2176,21,2197
2,54075,245,0,0,35,35,1545,3750,7,3757
2,54075,455,0,0,35,35,1545,8330,13,8343
2,54075,875,0,0,35,35,1545,9248,125,9373
2,54075,2975,0,0,35,35,1545,4374,85,4459
2,54075,3185,0,0,35,35,1545,8192,1183,9375
2,54075,4095,0,0,35,35,1545,1400,351,1751
2,54075,5915,0,0,35,35,1545,1854,169,2023
2,54075,7735,0,0,35,35,1545,640,1547,2187
2,54075,12005,0,0,35,35,1545,1854,343,2197
2,54075,15435,0,0,35,35,1545,6656,3969,10625
2,54075,17745,0,0,35,35,1545,3296,2535,5831
2,54075,32445,0,0,35,35,1545,2744,2781,5525
2,54075,46865,0,0,35,35,1545,686,1339,2025
2,54075,48195,0,0,35,35,1545,338,1377,1715
2,54108,36,0,0,36,36,1503,4374,1,4375
2,54108,6012,0,0,72,36,1503,1548,167,1715
2,54124,20412,0,0,28,28,1933,77320,2187,79507
2,54143,54143,0,0,29,29,1867,534,1867,2401
2,54162,10030,0,0,34,34,1593,7776,1475,9251
2,54162,28594,0,0,34,34,1593,6534,841,7375
2,54180,756,0,0,28,28,1935,3698,27,3725
2,54180,1204,0,0,28,28,1935,15496,129,15625
2,54180,1204,0,0,112,28,1935,4096,129,4225
2,54180,2268,0,0,28,28,1935,8192,1053,9245
2,54180,9100,0,0,28,28,1935,3698,325,4023
2,54180,37548,0,0,28,28,1935,1352,4023,5375
2,54180,51772,0,0,28,28,1935,338,1849,2187
2,54188,62,0,0,62,31,1748,12160,7,12167
2,54188,124,0,0,124,31,1748,12160,7,12167
2,54219,27621,0,0,31,31,1749,136,2673,2809
2,54250,7750,0,0,62,31,1750,4704,625,5329
2,54250,15500,0,0,124,31,1750,4704,625,5329
2,54285,33,0,0,33,33,1645,4374,1,4375
2,54285,1551,0,0,33,33,1645,1952,235,2187
2,54285,8085,0,0,33,33,1645,1152,1715,2867
2,54285,18711,0,0,33,33,1645,32,2835,2867
2,54285,22275,0,0,33,33,1645,376,2025,2401
2,54285,24057,0,0,33,33,1645,24064,6561,30625
2,54390,30,0,0,30,30,1813,4374,1,4375
2,54390,30,0,0,120,30,1813,3024,1,3025
2,54390,330,0,0,30,30,1813,9250,11,9261
2,54390,1470,0,0,120,30,1813,6512,49,6561
2,54390,41070,0,0,30,30,1813,83006,1369,84375
2,54405,31,0,0,31,31,1755,4374,1,4375
2,54405,279,0,0,31,31,1755,3200,63,3263
2,54405,1085,0,0,31,31,1755,6526,35,6561
2,54405,1953,0,0,31,31,1755,2008,189,2197
2,54405,2821,0,0,31,31,1755,8192,1183,9375
2,54405,54405,0,0,31,31,1755,8032,8775,16807
2,54425,10885,0,0,35,35,1555,6250,311,6561
2,54450,30,0,0,30,30,1815,64000,9,64009
2,54450,30,0,0,30,30,1815,71874,1,71875
2,54450,330,0,0,30,30,1815,3634,11,3645
2,54450,3750,0,0,30,30,1815,1738,125,1863
2,54450,7110,0,0,30,30,1815,512,2133,2645
2,54450,10890,0,0,30,30,1815,14536,1089,15625
2,54450,20250,0,0,30,30,1815,5566,675,6241
2,54460,6804,0,0,28,28,1945,77800,729,78529
2,54460,10892,0,0,28,28,1945,6750,389,7139
2,54460,54460,0,0,28,28,1945,242,1945,2187
2,54468,13500,0,0,36,36,1513,9826,375,10201
2,54483,33,0,0,33,33,1651,6858,1,6859
2,54496,8800,0,0,32,32,1703,1922,275,2197
2,54502,34,0,0,34,34,1603,4374,1,4375
2,54502,2754,0,0,34,34,1603,5000,243,5243
2,54540,6060,0,0,60,30,1818,7776,505,8281
2,54540,12120,0,0,120,30,1818,7776,505,8281
2,54540,13500,0,0,36,36,1515,3362,375,3737
2,54549,1421,0,0,29,29,1881,2152,147,2299
2,54549,7047,0,0,29,29,1881,1672,729,2401
2,54549,18183,0,0,66,33,1653,1324,551,1875
2,54549,49329,0,0,29,29,1881,8,5103,5111
2,54560,32,0,0,32,32,1705,3750,1,3751
2,54560,288,0,0,32,32,1705,6250,9,6259
2,54560,352,0,0,64,32,1705,2500,11,2511
2,54607,29,0,0,58,29,1883,4900,1,4901
2,54648,792,0,0,72,36,1518,11776,99,11875
2,54656,448,0,0,64,32,1708,3200,49,3249
2,54656,896,0,0,128,32,1708,3200,49,3249
2,54665,29,0,0,29,29,1885,4896,5,4901
2,54665,29,0,0,116,29,1885,4624,1,4625
2,54665,87,0,0,29,29,1885,6250,3,6253
2,54665,377,0,0,58,29,1885,3132,13,3145
2,54665,1131,0,0,29,29,1885,6728,117,6845
2,54665,1479,0,0,29,29,1885,2146,51,2197
2,54665,3915,0,0,29,29,1885,2738,135,2873
2,54665,24389,0,0,29,29,1885,8192,10933,19125
2,54665,26825,0,0,29,29,1885,288,4625,4913
2,54665,39701,0,0,29,29,1885,7250,1369,8619
2,54665,39701,0,0,29,29,1885,8704,12321,21025
2,54665,41847,0,0,29,29,1885,1682,1443,3125
2,54665,54375,0,0,29,29,1885,48778,1875,50653
2,54684,28,0,0,28,28,1953,4374,1,4375
2,54684,84,0,0,28,28,1953,4802,3,4805
2,54684,140,0,0,28,28,1953,12152,15,12167
2,54684,196,0,0,28,28,1953,32798,7,32805
2,54684,252,0,0,56,28,1953,2116,9,2125
2,54684,476,0,0,28,28,1953,2170,17,2187
2,54684,476,0,0,28,28,1953,12150,17,12167
2,54684,868,0,0,56,28,1953,19652,31,19683
2,54684,2268,0,0,28,28,1953,5750,81,5831
2,54684,2604,0,0,112,28,1953,4096,279,4375
2,54684,3780,0,0,28,28,1953,3968,945,4913
2,54684,6804,0,0,28,28,1953,8750,243,8993
2,54684,7812,0,0,28,28,1953,1288,837,2125
2,54684,34300,0,0,28,28,1953,384,8575,8959
2,54684,34300,0,0,28,28,1953,28566,1225,29791
2,54684,37044,0,0,28,28,1953,32,6615,6647
2,54684,47628,0,0,28,28,1953,17000,5103,22103
2,54684,52500,0,0,28,28,1953,3038,1875,4913
2,54715,4185,0,0,31,31,1765,9728,1215,10943
2,54747,54747,0,0,66,33,1659,9664,4977,14641
2,54750,30,0,0,30,30,1825,4374,1,4375
2,54750,2190,0,0,30,30,1825,2450,73,2523
2,54750,2430,0,0,30,30,1825,42632,243,42875
2,54750,3750,0,0,30,30,1825,4704,625,5329
2,54750,10290,0,0,30,30,1825,1682,343,2025
2,54750,10290,0,0,30,30,1825,9344,2401,11745
2,54777,961,0,0,31,31,1767,2318,31,2349
2,54777,18259,0,0,62,31,1767,3132,589,3721
2,54810,210,0,0,30,30,1827,27848,21,27869
2,54810,270,0,0,120,30,1827,3472,9,3481
2,54810,28830,0,0,30,30,1827,8,2883,2891
2,54816,32,0,0,32,32,1713,4374,1,4375
2,54901,713,0,0,31,31,1771,23814,23,23837
2,54910,34,0,0,34,34,1615,4374,1,4375
2,54910,34,0,0,68,34,1615,1700,1,1701
2,54910,34,0,0,136,34,1615,3024,1,3025
2,54910,170,0,0,68,34,1615,2052,5,2057
2,54910,238,0,0,34,34,1615,2048,77,2125
2,54910,238,0,0,34,34,1615,3200,49,3249
2,54910,238,0,0,34,34,1615,20570,7,20577
2,54910,374,0,0,34,34,1615,2250,11,2261
2,54910,578,0,0,34,34,1615,11858,17,11875
2,54910,578,0,0,34,34,1615,68590,17,68607
2,54910,578,0,0,68,34,1615,10108,17,10125
2,54910,646,0,0,34,34,1615,6050,19,6069
2,54910,646,0,0,34,34,1615,15606,19,15625
2,54910,646,0,0,34,34,1615,36992,133,37125
2,54910,646,0,0,68,34,1615,4356,19,4375
2,54910,646,0,0,68,34,1615,15876,19,15895
2,54910,714,0,0,34,34,1615,2312,63,2375
2,54910,1666,0,0,34,34,1615,2250,49,2299
2,54910,3230,0,0,136,34,1615,2992,95,3087
2,54910,3366,0,0,34,34,1615,2432,693,3125
2,54910,4522,0,0,34,34,1615,3200,931,4131
2,54910,4998,0,0,34,34,1615,2584,441,3025
2,54910,5950,0,0,34,34,1615,5984,875,6859
2,54910,7106,0,0,34,34,1615,1666,209,1875
2,54910,8262,0,0,34,34,1615,1672,729,2401
2,54910,8330,0,0,34,34,1615,2662,245,2907
2,54910,9826,0,0,34,34,1615,2432,2023,4455
2,54910,10710,0,0,34,34,1615,4598,315,4913
2,54910,11662,0,0,34,34,1615,1782,343,2125
2,54910,11662,0,0,34,34,1615,1152,2401,3553
2,54910,12274,0,0,34,34,1615,6144,3971,10115
2,54910,13770,0,0,34,34,1615,32,2025,2057
2,54910,14450,0,0,34,34,1615,2662,425,3087
2,54910,18326,0,0,34,34,1615,4374,539,4913
2,54910,20570,0,0,34,34,1615,224,3025,3249
2,54910,21250,0,0,34,34,1615,512,5625,6137
2,54910,22950,0,0,34,34,1615,2888,2025,4913
2,54910,23562,0,0,34,34,1615,640,4851,5491
2,54910,24786,0,0,34,34,1615,2450,729,3179
2,54910,45254,0,0,34,34,1615,6250,1331,7581
2,54910,45254,0,0,34,34,1615,11552,6655,18207
2,54910,45254,0,0,34,34,1615,19494,1331,20825
2,54910,46750,0,0,34,34,1615,1026,1375,2401
2,54910,46818,0,0,34,34,1615,2744,4131,6875
2,54910,49742,0,0,34,34,1615,384,10241,10625
2,54964,14196,0,0,28,28,1963,77312,4563,81875
2,54990,90,0,0,120,30,1833,5872,3,5875
2,54990,1170,0,0,60,30,1833,3008,117,3125
2,55020,28,0,0,28,28,1965,4374,1,4375
2,55020,9604,0,0,28,28,1965,128,2401,2529
2,55055,35,0,0,35,35,1573,4374,1,4375
2,55055,385,0,0,35,35,1573,1690,11,1701
2,55055,3185,0,0,35,35,1573,8192,1183,9375
2,55055,4235,0,0,35,35,1573,1352,363,1715
2,55055,10395,0,0,35,35,1573,512,2673,3185
2,55055,18865,0,0,35,35,1573,8,1617,1625
2,55055,18865,0,0,35,35,1573,16000,3773,19773
2,55055,25515,0,0,35,35,1573,88,2187,2275
2,55055,29645,0,0,35,35,1573,1350,847,2197
2,55055,46585,0,0,35,35,1573,294,1331,1625
2,55110,30,0,0,120,30,1837,2672,1,2673
2,55125,35,0,0,35,35,1575,4374,1,4375
2,55125,35,0,0,35,35,1575,10368,7,10375
2,55125,35,0,0,35,35,1575,33614,1,33615
2,55125,245,0,0,35,35,1575,3200,49,3249
2,55170,21870,0,0,30,30,1839,2104,2187,4291
2,55182,34,0,0,136,34,1623,2704,1,2705
2,55187,319,0,0,29,29,1903,3114,11,3125
2,55187,5017,0,0,58,29,1903,2500,173,2673
2,55188,36,0,0,36,36,1533,4374,1,4375
2,55188,2916,0,0,36,36,1533,42632,243,42875
2,55188,4500,0,0,36,36,1533,4704,625,5329
2,55200,32,0,0,32,32,1725,64000,9,64009
2,55200,32,0,0,32,32,1725,71874,1,71875
2,55200,736,0,0,32,32,1725,19602,23,19625
2,55273,31,0,0,31,31,1783,4374,1,4375
2,55273,55273,0,0,124,31,1783,240,1783,2023
2,55275,2673,0,0,33,33,1675,8192,1053,9245
2,55275,18447,0,0,33,33,1675,1250,559,1809
2,55275,19899,0,0,33,33,1675,40,1809,1849
2,55290,50430,0,0,30,30,1843,194,1681,1875
2,55335,31,0,0,31,31,1785,4374,1,4375
2,55335,1085,0,0,70,35,1581,19652,31,19683
2,55341,7227,0,0,33,33,1677,1978,219,2197
2,55361,87,0,0,29,29,1909,2392,9,2401
2,55361,7047,0,0,29,29,1909,2158,243,2401
2,55361,34307,0,0,29,29,1909,1058,1183,2241
2,55440,660,0,0,120,30,1848,2368,33,2401
2,55459,55459,0,0,31,31,1789,398,1789,2187
2,55473,29403,0,0,33,33,1681,2048,9801,11849
2,55475,35,0,0,35,35,1585,7290,1,7291
2,55522,34,0,0,34,34,1633,5750,1,5751
2,55522,918,0,0,34,34,1633,5014,27,5041
2,55522,2414,0,0,68,34,1633,2116,71,2187
2,55522,3706,0,0,34,34,1633,3266,109,3375
2,55539,33,0,0,33,33,1683,34374,1,34375
2,55539,6171,0,0,132,33,1683,2000,187,2187
2,55539,8019,0,0,33,33,1683,5000,729,5729
2,55539,13365,0,0,33,33,1683,32,2025,2057
2,55590,11130,0,0,30,30,1853,128,2597,2725
2,55611,37,0,0,37,37,1503,4374,1,4375
2,55611,6179,0,0,74,37,1503,1548,167,1715
2,55620,36,0,0,36,36,1545,1750,1,1751
2,55620,36,0,0,36,36,1545,4374,1,4375
2,55620,36,0,0,36,36,1545,59534,1,59535
2,55620,36,0,0,36,36,1545,65610,1,65611
2,55620,36,0,0,72,36,1545,1700,1,1701
2,55620,36,0,0,72,36,1545,31212,1,31213
2,55620,108,0,0,36,36,1545,2176,21,2197
2,55620,252,0,0,36,36,1545,3750,7,3757
2,55620,468,0,0,36,36,1545,8330,13,8343
2,55620,900,0,0,36,36,1545,9248,125,9373
2,55620,3060,0,0,36,36,1545,4374,85,4459
2,55620,3276,0,0,36,36,1545,8192,1183,9375
2,55620,4212,0,0,36,36,1545,1400,351,1751
2,55620,6084,0,0,36,36,1545,1854,169,2023
2,55620,7956,0,0,36,36,1545,640,1547,2187
2,55620,12348,0,0,36,36,1545,1854,343,2197
2,55620,15876,0,0,36,36,1545,6656,3969,10625
2,55620,18252,0,0,36,36,1545,3296,2535,5831
2,55620,33372,0,0,36,36,1545,2744,2781,5525
2,55620,48204,0,0,36,36,1545,686,1339,2025
2,55620,49572,0,0,36,36,1545,338,1377,1715
2,55650,30,0,0,30,30,1855,2592,5,2597
2,55650,30,0,0,30,30,1855,4374,1,4375
2,55650,210,0,0,30,30,1855,5618,7,5625
2,55650,11130,0,0,30,30,1855,6190,371,6561
2,55650,30870,0,0,30,30,1855,8,3087,3095
2,55650,42930,0,0,30,30,1855,40,4293,4333
2,55692,6188,0,0,68,34,1638,8192,1183,9375
2,55692,12376,0,0,136,34,1638,8192,1183,9375
2,55755,10325,0,0,35,35,1593,7776,1475,9251
2,55755,29435,0,0,35,35,1593,6534,841,7375
2,55767,29,0,0,29,29,1923,4374,1,4375
2,55767,29,0,0,116,29,1923,3024,1,3025
2,55767,18589,0,0,116,29,1923,14000,641,14641
2,55767,25839,0,0,29,29,1923,32,4455,4487
2,55776,32,0,0,32,32,1743,4374,1,4375
2,55776,32,0,0,32,32,1743,10368,7,10375
2,55776,32,0,0,32,32,1743,33614,1,33615
2,55776,2656,0,0,128,32,1743,19600,83,19683
2,55776,7776,0,0,32,32,1743,34202,243,34445
2,55776,32928,0,0,32,32,1743,44672,7203,51875
2,55804,28,0,0,28,28,1993,4374,1,4375
2,55804,196,0,0,28,28,1993,3200,49,3249
2,55825,18125,0,0,29,29,1925,32,3125,3157
2,55825,25375,0,0,29,29,1925,1312,4375,5687
2,55860,28,0,0,28,28,1995,4374,1,4375
2,55860,196,0,0,28,28,1995,3200,49,3249
2,55930,34,0,0,34,34,1645,4374,1,4375
2,55930,1598,0,0,34,34,1645,1952,235,2187
2,55930,8330,0,0,34,34,1645,1152,1715,2867
2,55930,19278,0,0,34,34,1645,32,2835,2867
2,55930,22950,0,0,34,34,1645,376,2025,2401
2,55930,24786,0,0,34,34,1645,24064,6561,30625
2,55936,64,0,0,64,32,1748,12160,7,12167
2,55936,128,0,0,128,32,1748,12160,7,12167
2,55968,28512,0,0,32,32,1749,136,2673,2809
2,55980,11196,0,0,36,36,1555,6250,311,6561
2,55981,13875,0,0,37,37,1513,9826,375,10201
2,56000,8000,0,0,64,32,1750,4704,625,5329
2,56000,16000,0,0,128,32,1750,4704,625,5329
2,56010,56010,0,0,30,30,1867,534,1867,2401
2,56055,13875,0,0,37,37,1515,3362,375,3737
2,56057,21141,0,0,29,29,1933,77320,2187,79507
2,56105,35,0,0,35,35,1603,4374,1,4375
2,56105,2835,0,0,35,35,1603,5000,243,5243
2,56115,783,0,0,29,29,1935,3698,27,3725
2,56115,1247,0,0,29,29,1935,15496,129,15625
2,56115,1247,0,0,116,29,1935,4096,129,4225
2,56115,2349,0,0,29,29,1935,8192,1053,9245
2,56115,9425,0,0,29,29,1935,3698,325,4023
2,56115,38889,0,0,29,29,1935,1352,4023,5375
2,56115,53621,0,0,29,29,1935,338,1849,2187
2,56134,34,0,0,34,34,1651,6858,1,6859
2,56160,32,0,0,32,32,1755,4374,1,4375
2,56160,288,0,0,32,32,1755,3200,63,3263
2,56160,1120,0,0,32,32,1755,6526,35,6561
2,56160,2016,0,0,32,32,1755,2008,189,2197
2,56160,2912,0,0,32,32,1755,8192,1183,9375
2,56160,56160,0,0,32,32,1755,8032,8775,16807
2,56166,814,0,0,74,37,1518,11776,99,11875
2,56199,9075,0,0,33,33,1703,1922,275,2197
2,56202,18734,0,0,68,34,1653,1324,551,1875
2,56203,31,0,0,31,31,1813,4374,1,4375
2,56203,31,0,0,124,31,1813,3024,1,3025
2,56203,341,0,0,31,31,1813,9250,11,9261
2,56203,1519,0,0,124,31,1813,6512,49,6561
2,56203,42439,0,0,31,31,1813,83006,1369,84375
2,56265,31,0,0,31,31,1815,64000,9,64009
2,56265,31,0,0,31,31,1815,71874,1,71875
2,56265,33,0,0,33,33,1705,3750,1,3751
2,56265,297,0,0,33,33,1705,6250,9,6259
2,56265,341,0,0,31,31,1815,3634,11,3645
2,56265,363,0,0,66,33,1705,2500,11,2511
2,56265,3875,0,0,31,31,1815,1738,125,1863
2,56265,7347,0,0,31,31,1815,512,2133,2645
2,56265,11253,0,0,31,31,1815,14536,1089,15625
2,56265,20925,0,0,31,31,1815,5566,675,6241
2,56358,6262,0,0,62,31,1818,7776,505,8281
2,56358,12524,0,0,124,31,1818,7776,505,8281
2,56364,462,0,0,66,33,1708,3200,49,3249
2,56364,924,0,0,132,33,1708,3200,49,3249
2,56405,7047,0,0,29,29,1945,77800,729,78529
2,56405,11281,0,0,29,29,1945,6750,389,7139
2,56405,56405,0,0,29,29,1945,242,1945,2187
2,56406,56406,0,0,68,34,1659,9664,4977,14641
2,56430,1470,0,0,30,30,1881,2152,147,2299
2,56430,7290,0,0,30,30,1881,1672,729,2401
2,56430,51030,0,0,30,30,1881,8,5103,5111
2,56480,4320,0,0,32,32,1765,9728,1215,10943
2,56490,30,0,0,60,30,1883,4900,1,4901
2,56525,35,0,0,35,35,1615,4374,1,4375
2,56525,35,0,0,70,35,1615,1700,1,1701
2,56525,175,0,0,70,35,1615,2052,5,2057
2,56525,245,0,0,35,35,1615,2048,77,2125
2,56525,245,0,0,35,35,1615,3200,49,3249
2,56525,245,0,0,35,35,1615,20570,7,20577
2,56525,385,0,0,35,35,1615,2250,11,2261
2,56525,595,0,0,35,35,1615,11858,17,11875
2,56525,595,0,0,35,35,1615,68590,17,68607
2,56525,595,0,0,70,35,1615,10108,17,10125
2,56525,665,0,0,35,35,1615,6050,19,6069
2,56525,665,0,0,35,35,1615,15606,19,15625
2,56525,665,0,0,35,35,1615,36992,133,37125
2,56525,665,0,0,70,35,1615,4356,19,4375
2,56525,665,0,0,70,35,1615,15876,19,15895
2,56525,735,0,0,35,35,1615,2312,63,2375
2,56525,1715,0,0,35,35,1615,2250,49,2299
2,56525,3465,0,0,35,35,1615,2432,693,3125
2,56525,4655,0,0,35,35,1615,3200,931,4131
2,56525,5145,0,0,35,35,1615,2584,441,3025
2,56525,6125,0,0,35,35,1615,5984,875,6859
2,56525,7315,0,0,35,35,1615,1666,209,1875
2,56525,8505,0,0,35,35,1615,1672,729,2401
2,56525,8575,0,0,35,35,1615,2662,245,2907
2,56525,10115,0,0,35,35,1615,2432,2023,4455
2,56525,11025,0,0,35,35,1615,4598,315,4913
2,56525,12005,0,0,35,35,1615,1782,343,2125
2,56525,12005,0,0,35,35,1615,1152,2401,3553
2,56525,12635,0,0,35,35,1615,6144,3971,10115
2,56525,14175,0,0,35,35,1615,32,2025,2057
2,56525,14875,0,0,35,35,1615,2662,425,3087
2,56525,18865,0,0,35,35,1615,4374,539,4913
2,56525,21175,0,0,35,35,1615,224,3025,3249
2,56525,21875,0,0,35,35,1615,512,5625,6137
2,56525,23625,0,0,35,35,1615,2888,2025,4913
2,56525,24255,0,0,35,35,1615,640,4851,5491
2,56525,25515,0,0,35,35,1615,2450,729,3179
2,56525,46585,0,0,35,35,1615,6250,1331,7581
2,56525,46585,0,0,35,35,1615,11552,6655,18207
2,56525,46585,0,0,35,35,1615,19494,1331,20825
2,56525,48125,0,0,35,35,1615,1026,1375,2401
2,56525,48195,0,0,35,35,1615,2744,4131,6875
2,56525,51205,0,0,35,35,1615,384,10241,10625
2,56529,33,0,0,33,33,1713,4374,1,4375
2,56544,992,0,0,32,32,1767,2318,31,2349
2,56544,18848,0,0,64,32,1767,3132,589,3721
2,56550,30,0,0,30,30,1885,4896,5,4901
2,56550,30,0,0,120,30,1885,4624,1,4625
2,56550,90,0,0,30,30,1885,6250,3,6253
2,56550,390,0,0,60,30,1885,3132,13,3145
2,56550,1170,0,0,30,30,1885,6728,117,6845
2,56550,1530,0,0,30,30,1885,2146,51,2197
2,56550,4050,0,0,30,30,1885,2738,135,2873
2,56550,25230,0,0,30,30,1885,8192,10933,19125
2,56550,27750,0,0,30,30,1885,288,4625,4913
2,56550,41070,0,0,30,30,1885,7250,1369,8619
2,56550,41070,0,0,30,30,1885,8704,12321,21025
2,56550,43290,0,0,30,30,1885,1682,1443,3125
2,56550,56250,0,0,30,30,1885,48778,1875,50653
2,56575,31,0,0,31,31,1825,4374,1,4375
2,56575,2263,0,0,31,31,1825,2450,73,2523
2,56575,2511,0,0,31,31,1825,42632,243,42875
2,56575,3875,0,0,31,31,1825,4704,625,5329
2,56575,10633,0,0,31,31,1825,1682,343,2025
2,56575,10633,0,0,31,31,1825,9344,2401,11745
2,56628,36,0,0,36,36,1573,4374,1,4375
2,56628,396,0,0,36,36,1573,1690,11,1701
2,56628,3276,0,0,36,36,1573,8192,1183,9375
2,56628,4356,0,0,36,36,1573,1352,363,1715
2,56628,10692,0,0,36,36,1573,512,2673,3185
2,56628,19404,0,0,36,36,1573,8,1617,1625
2,56628,19404,0,0,36,36,1573,16000,3773,19773
2,56628,26244,0,0,36,36,1573,88,2187,2275
2,56628,30492,0,0,36,36,1573,1350,847,2197
2,56628,47916,0,0,36,36,1573,294,1331,1625
2,56637,29,0,0,29,29,1953,4374,1,4375
2,56637,87,0,0,29,29,1953,4802,3,4805
2,56637,145,0,0,29,29,1953,12152,15,12167
2,56637,203,0,0,29,29,1953,32798,7,32805
2,56637,217,0,0,31,31,1827,27848,21,27869
2,56637,261,0,0,58,29,1953,2116,9,2125
2,56637,279,0,0,124,31,1827,3472,9,3481
2,56637,493,0,0,29,29,1953,2170,17,2187
2,56637,493,0,0,29,29,1953,12150,17,12167
2,56637,899,0,0,58,29,1953,19652,31,19683
2,56637,2349,0,0,29,29,1953,5750,81,5831
2,56637,2697,0,0,116,29,1953,4096,279,4375
2,56637,3915,0,0,29,29,1953,3968,945,4913
2,56637,7047,0,0,29,29,1953,8750,243,8993
2,56637,8091,0,0,29,29,1953,1288,837,2125
2,56637,29791,0,0,31,31,1827,8,2883,2891
2,56637,35525,0,0,29,29,1953,384,8575,8959
2,56637,35525,0,0,29,29,1953,28566,1225,29791
2,56637,38367,0,0,29,29,1953,32,6615,6647
2,56637,49329,0,0,29,29,1953,17000,5103,22103
2,56637,54375,0,0,29,29,1953,3038,1875,4913
2,56672,736,0,0,32,32,1771,23814,23,23837
2,56700,36,0,0,36,36,1575,4374,1,4375
2,56700,36,0,0,36,36,1575,10368,7,10375
2,56700,36,0,0,36,36,1575,33614,1,33615
2,56700,252,0,0,36,36,1575,3200,49,3249
2,56721,37,0,0,37,37,1533,4374,1,4375
2,56721,2997,0,0,37,37,1533,42632,243,42875
2,56721,4625,0,0,37,37,1533,4704,625,5329
2,56823,93,0,0,124,31,1833,5872,3,5875
2,56823,1209,0,0,62,31,1833,3008,117,3125
2,56916,1116,0,0,72,36,1581,19652,31,19683
2,56925,33,0,0,33,33,1725,64000,9,64009
2,56925,33,0,0,33,33,1725,71874,1,71875
2,56925,759,0,0,33,33,1725,19602,23,19625
2,56927,14703,0,0,29,29,1963,77312,4563,81875
2,56947,31,0,0,124,31,1837,2672,1,2673
2,56950,2754,0,0,34,34,1675,8192,1053,9245
2,56950,19006,0,0,34,34,1675,1250,559,1809
2,56950,20502,0,0,34,34,1675,40,1809,1849
2,56985,29,0,0,29,29,1965,4374,1,4375
2,56985,9947,0,0,29,29,1965,128,2401,2529
2,57009,22599,0,0,31,31,1839,2104,2187,4291
2,57018,7446,0,0,34,34,1677,1978,219,2197
2,57056,32,0,0,32,32,1783,4374,1,4375
2,57056,57056,0,0,128,32,1783,240,1783,2023
2,57060,36,0,0,36,36,1585,7290,1,7291
2,57090,330,0,0,30,30,1903,3114,11,3125
2,57090,5190,0,0,60,30,1903,2500,173,2673
2,57114,38,0,0,38,38,1503,4374,1,4375
2,57114,6346,0,0,76,38,1503,1548,167,1715
2,57120,32,0,0,32,32,1785,4374,1,4375
2,57133,52111,0,0,31,31,1843,194,1681,1875
2,57154,30294,0,0,34,34,1681,2048,9801,11849
2,57155,35,0,0,35,35,1633,5750,1,5751
2,57155,945,0,0,35,35,1633,5014,27,5041
2,57155,2485,0,0,70,35,1633,2116,71,2187
2,57155,3815,0,0,35,35,1633,3266,109,3375
2,57165,37,0,0,37,37,1545,1750,1,1751
2,57165,37,0,0,37,37,1545,4374,1,4375
2,57165,37,0,0,37,37,1545,59534,1,59535
2,57165,37,0,0,37,37,1545,65610,1,65611
2,57165,37,0,0,74,37,1545,1700,1,1701
2,57165,37,0,0,74,37,1545,31212,1,31213
2,57165,111,0,0,37,37,1545,2176,21,2197
2,57165,259,0,0,37,37,1545,3750,7,3757
2,57165,481,0,0,37,37,1545,8330,13,8343
2,57165,925,0,0,37,37,1545,9248,125,9373
2,57165,3145,0,0,37,37,1545,4374,85,4459
2,57165,3367,0,0,37,37,1545,8192,1183,9375
2,57165,4329,0,0,37,37,1545,1400,351,1751
2,57165,6253,0,0,37,37,1545,1854,169,2023
2,57165,8177,0,0,37,37,1545,640,1547,2187
2,57165,12691,0,0,37,37,1545,1854,343,2197
2,57165,16317,0,0,37,37,1545,6656,3969,10625
2,57165,18759,0,0,37,37,1545,3296,2535,5831
2,57165,34299,0,0,37,37,1545,2744,2781,5525
2,57165,49543,0,0,37,37,1545,686,1339,2025
2,57165,50949,0,0,37,37,1545,338,1377,1715
2,57222,34,0,0,34,34,1683,34374,1,34375
2,57222,6358,0,0,136,34,1683,2000,187,2187
2,57222,8262,0,0,34,34,1683,5000,729,5729
2,57222,13770,0,0,34,34,1683,32,2025,2057
2,57248,57248,0,0,32,32,1789,398,1789,2187
2,57270,90,0,0,30,30,1909,2392,9,2401
2,57270,7290,0,0,30,30,1909,2158,243,2401
2,57270,35490,0,0,30,30,1909,1058,1183,2241
2,57288,682,0,0,124,31,1848,2368,33,2401
2,57330,6370,0,0,70,35,1638,8192,1183,9375
2,57348,10620,0,0,36,36,1593,7776,1475,9251
2,57348,30276,0,0,36,36,1593,6534,841,7375
2,57443,11501,0,0,31,31,1853,128,2597,2725
2,57494,14250,0,0,38,38,1513,9826,375,10201
2,57505,31,0,0,31,31,1855,2592,5,2597
2,57505,31,0,0,31,31,1855,4374,1,4375
2,57505,217,0,0,31,31,1855,5618,7,5625
2,57505,11501,0,0,31,31,1855,6190,371,6561
2,57505,31899,0,0,31,31,1855,8,3087,3095
2,57505,44361,0,0,31,31,1855,40,4293,4333
2,57519,33,0,0,33,33,1743,4374,1,4375
2,57519,33,0,0,33,33,1743,10368,7,10375
2,57519,33,0,0,33,33,1743,33614,1,33615
2,57519,2739,0,0,132,33,1743,19600,83,19683
2,57519,8019,0,0,33,33,1743,34202,243,34445
2,57519,33957,0,0,33,33,1743,44672,7203,51875
2,57535,11507,0,0,37,37,1555,6250,311,6561
2,57570,14250,0,0,38,38,1515,3362,375,3737
2,57575,35,0,0,35,35,1645,4374,1,4375
2,57575,1645,0,0,35,35,1645,1952,235,2187
2,57575,8575,0,0,35,35,1645,1152,1715,2867
2,57575,19845,0,0,35,35,1645,32,2835,2867
2,57575,23625,0,0,35,35,1645,376,2025,2401
2,57575,25515,0,0,35,35,1645,24064,6561,30625
2,57684,66,0,0,66,33,1748,12160,7,12167
2,57684,132,0,0,132,33,1748,12160,7,12167
2,57684,836,0,0,76,38,1518,11776,99,11875
2,57690,30,0,0,30,30,1923,4374,1,4375
2,57690,30,0,0,120,30,1923,3024,1,3025
2,57690,19230,0,0,120,30,1923,14000,641,14641
2,57690,26730,0,0,30,30,1923,32,4455,4487
2,57708,36,0,0,36,36,1603,4374,1,4375
2,57708,2916,0,0,36,36,1603,5000,243,5243
2,57717,29403,0,0,33,33,1749,136,2673,2809
2,57750,8250,0,0,66,33,1750,4704,625,5329
2,57750,16500,0,0,132,33,1750,4704,625,5329
2,57750,18750,0,0,30,30,1925,32,3125,3157
2,57750,26250,0,0,30,30,1925,1312,4375,5687
2,57785,35,0,0,35,35,1651,6858,1,6859
2,57797,29,0,0,29,29,1993,4374,1,4375
2,57797,203,0,0,29,29,1993,3200,49,3249
2,57855,29,0,0,29,29,1995,4374,1,4375
2,57855,203,0,0,29,29,1995,3200,49,3249
2,57855,19285,0,0,70,35,1653,1324,551,1875
2,57877,57877,0,0,31,31,1867,534,1867,2401
2,57902,9350,0,0,34,34,1703,1922,275,2197
2,57915,33,0,0,33,33,1755,4374,1,4375
2,57915,297,0,0,33,33,1755,3200,63,3263
2,57915,1155,0,0,33,33,1755,6526,35,6561
2,57915,2079,0,0,33,33,1755,2008,189,2197
2,57915,3003,0,0,33,33,1755,8192,1183,9375
2,57915,57915,0,0,33,33,1755,8032,8775,16807
2,57970,34,0,0,34,34,1705,3750,1,3751
2,57970,306,0,0,34,34,1705,6250,9,6259
2,57970,374,0,0,68,34,1705,2500,11,2511
2,57990,21870,0,0,30,30,1933,77320,2187,79507
2,58016,32,0,0,32,32,1813,4374,1,4375
2,58016,32,0,0,128,32,1813,3024,1,3025
2,58016,352,0,0,32,32,1813,9250,11,9261
2,58016,1568,0,0,128,32,1813,6512,49,6561
2,58016,43808,0,0,32,32,1813,83006,1369,84375
2,58050,810,0,0,30,30,1935,3698,27,3725
2,58050,1290,0,0,30,30,1935,15496,129,15625
2,58050,1290,0,0,120,30,1935,4096,129,4225
2,58050,2430,0,0,30,30,1935,8192,1053,9245
2,58050,9750,0,0,30,30,1935,3698,325,4023
2,58050,40230,0,0,30,30,1935,1352,4023,5375
2,58050,55470,0,0,30,30,1935,338,1849,2187
2,58065,58065,0,0,70,35,1659,9664,4977,14641
2,58072,476,0,0,68,34,1708,3200,49,3249
2,58072,952,0,0,136,34,1708,3200,49,3249
2,58080,32,0,0,32,32,1815,64000,9,64009
2,58080,32,0,0,32,32,1815,71874,1,71875
2,58080,352,0,0,32,32,1815,3634,11,3645
2,58080,4000,0,0,32,32,1815,1738,125,1863
2,58080,7584,0,0,32,32,1815,512,2133,2645
2,58080,11616,0,0,32,32,1815,14536,1089,15625
2,58080,21600,0,0,32,32,1815,5566,675,6241
2,58140,36,0,0,36,36,1615,4374,1,4375
2,58140,36,0,0,72,36,1615,1700,1,1701
2,58140,180,0,0,72,36,1615,2052,5,2057
2,58140,252,0,0,36,36,1615,2048,77,2125
2,58140,252,0,0,36,36,1615,3200,49,3249
2,58140,252,0,0,36,36,1615,20570,7,20577
2,58140,396,0,0,36,36,1615,2250,11,2261
2,58140,612,0,0,36,36,1615,11858,17,11875
2,58140,612,0,0,36,36,1615,68590,17,68607
2,58140,612,0,0,72,36,1615,10108,17,10125
2,58140,684,0,0,36,36,1615,6050,19,6069
2,58140,684,0,0,36,36,1615,15606,19,15625
2,58140,684,0,0,36,36,1615,36992,133,37125
2,58140,684,0,0,72,36,1615,4356,19,4375
2,58140,684,0,0,72,36,1615,15876,19,15895
2,58140,756,0,0,36,36,1615,2312,63,2375
2,58140,1764,0,0,36,36,1615,2250,49,2299
2,58140,3564,0,0,36,36,1615,2432,693,3125
2,58140,4788,0,0,36,36,1615,3200,931,4131
2,58140,5292,0,0,36,36,1615,2584,441,3025
2,58140,6300,0,0,36,36,1615,5984,875,6859
2,58140,7524,0,0,36,36,1615,1666,209,1875
2,58140,8748,0,0,36,36,1615,1672,729,2401
2,58140,8820,0,0,36,36,1615,2662,245,2907
2,58140,10404,0,0,36,36,1615,2432,2023,4455
2,58140,11340,0,0,36,36,1615,4598,315,4913
2,58140,12348,0,0,36,36,1615,1782,343,2125
2,58140,12348,0,0,36,36,1615,1152,2401,3553
2,58140,12996,0,0,36,36,1615,6144,3971,10115
2,58140,14580,0,0,36,36,1615,32,2025,2057
2,58140,15300,0,0,36,36,1615,2662,425,3087
2,58140,19404,0,0,36,36,1615,4374,539,4913
2,58140,21780,0,0,36,36,1615,224,3025,3249
2,58140,22500,0,0,36,36,1615,512,5625,6137
2,58140,24300,0,0,36,36,1615,2888,2025,4913
2,58140,24948,0,0,36,36,1615,640,4851,5491
2,58140,26244,0,0,36,36,1615,2450,729,3179
2,58140,47916,0,0,36,36,1615,6250,1331,7581
2,58140,47916,0,0,36,36,1615,11552,6655,18207
2,58140,47916,0,0,36,36,1615,19494,1331,20825
2,58140,49500,0,0,36,36,1615,1026,1375,2401
2,58140,49572,0,0,36,36,1615,2744,4131,6875
2,58140,52668,0,0,36,36,1615,384,10241,10625
2,58176,6464,0,0,64,32,1818,7776,505,8281
2,58176,12928,0,0,128,32,1818,7776,505,8281
2,58201,37,0,0,37,37,1573,4374,1,4375
2,58201,407,0,0,37,37,1573,1690,11,1701
2,58201,3367,0,0,37,37,1573,8192,1183,9375
2,58201,4477,0,0,37,37,1573,1352,363,1715
2,58201,10989,0,0,37,37,1573,512,2673,3185
2,58201,19943,0,0,37,37,1573,8,1617,1625
2,58201,19943,0,0,37,37,1573,16000,3773,19773
2,58201,26973,0,0,37,37,1573,88,2187,2275
2,58201,31339,0,0,37,37,1573,1350,847,2197
2,58201,49247,0,0,37,37,1573,294,1331,1625
2,58242,34,0,0,34,34,1713,4374,1,4375
2,58245,4455,0,0,33,33,1765,9728,1215,10943
2,58254,38,0,0,38,38,1533,4374,1,4375
2,58254,3078,0,0,38,38,1533,42632,243,42875
2,58254,4750,0,0,38,38,1533,4704,625,5329
2,58275,37,0,0,37,37,1575,4374,1,4375
2,58275,37,0,0,37,37,1575,10368,7,10375
2,58275,37,0,0,37,37,1575,33614,1,33615
2,58275,259,0,0,37,37,1575,3200,49,3249
2,58311,1023,0,0,33,33,1767,2318,31,2349
2,58311,1519,0,0,31,31,1881,2152,147,2299
2,58311,7533,0,0,31,31,1881,1672,729,2401
2,58311,19437,0,0,66,33,1767,3132,589,3721
2,58311,52731,0,0,31,31,1881,8,5103,5111
2,58350,7290,0,0,30,30,1945,77800,729,78529
2,58350,11670,0,0,30,30,1945,6750,389,7139
2,58350,58350,0,0,30,30,1945,242,1945,2187
2,58373,31,0,0,62,31,1883,4900,1,4901
2,58400,32,0,0,32,32,1825,4374,1,4375
2,58400,2336,0,0,32,32,1825,2450,73,2523
2,58400,2592,0,0,32,32,1825,42632,243,42875
2,58400,4000,0,0,32,32,1825,4704,625,5329
2,58400,10976,0,0,32,32,1825,1682,343,2025
2,58400,10976,0,0,32,32,1825,9344,2401,11745
2,58435,31,0,0,31,31,1885,4896,5,4901
2,58435,31,0,0,124,31,1885,4624,1,4625
2,58435,93,0,0,31,31,1885,6250,3,6253
2,58435,403,0,0,62,31,1885,3132,13,3145
2,58435,1209,0,0,31,31,1885,6728,117,6845
2,58435,1581,0,0,31,31,1885,2146,51,2197
2,58435,4185,0,0,31,31,1885,2738,135,2873
2,58435,26071,0,0,31,31,1885,8192,10933,19125
2,58435,28675,0,0,31,31,1885,288,4625,4913
2,58435,42439,0,0,31,31,1885,7250,1369,8619
2,58435,42439,0,0,31,31,1885,8704,12321,21025
2,58435,44733,0,0,31,31,1885,1682,1443,3125
2,58435,58125,0,0,31,31,1885,48778,1875,50653
2,58443,759,0,0,33,33,1771,23814,23,23837
2,58464,224,0,0,32,32,1827,27848,21,27869
2,58464,288,0,0,128,32,1827,3472,9,3481
2,58464,30752,0,0,32,32,1827,8,2883,2891
2,58497,1147,0,0,74,37,1581,19652,31,19683
2,58590,30,0,0,30,30,1953,4374,1,4375
2,58590,90,0,0,30,30,1953,4802,3,4805
2,58590,150,0,0,30,30,1953,12152,15,12167
2,58590,210,0,0,30,30,1953,32798,7,32805
2,58590,270,0,0,60,30,1953,2116,9,2125
2,58590,510,0,0,30,30,1953,2170,17,2187
2,58590,510,0,0,30,30,1953,12150,17,12167
2,58590,930,0,0,60,30,1953,19652,31,19683
2,58590,2430,0,0,30,30,1953,5750,81,5831
2,58590,2790,0,0,120,30,1953,4096,279,4375
2,58590,4050,0,0,30,30,1953,3968,945,4913
2,58590,7290,0,0,30,30,1953,8750,243,8993
2,58590,8370,0,0,30,30,1953,1288,837,2125
2,58590,36750,0,0,30,30,1953,384,8575,8959
2,58590,36750,0,0,30,30,1953,28566,1225,29791
2,58590,39690,0,0,30,30,1953,32,6615,6647
2,58590,51030,0,0,30,30,1953,17000,5103,22103
2,58590,56250,0,0,30,30,1953,3038,1875,4913
2,58617,39,0,0,39,39,1503,4374,1,4375
2,58617,6513,0,0,78,39,1503,1548,167,1715
2,58625,2835,0,0,35,35,1675,8192,1053,9245
2,58625,19565,0,0,35,35,1675,1250,559,1809
2,58625,21105,0,0,35,35,1675,40,1809,1849
2,58645,37,0,0,37,37,1585,7290,1,7291
2,58650,34,0,0,34,34,1725,64000,9,64009
2,58650,34,0,0,34,34,1725,71874,1,71875
2,58650,782,0,0,34,34,1725,19602,23,19625
2,58656,96,0,0,128,32,1833,5872,3,5875
2,58656,1248,0,0,64,32,1833,3008,117,3125
2,58695,7665,0,0,35,35,1677,1978,219,2197
2,58710,38,0,0,38,38,1545,1750,1,1751
2,58710,38,0,0,38,38,1545,4374,1,4375
2,58710,38,0,0,38,38,1545,59534,1,59535
2,58710,38,0,0,38,38,1545,65610,1,65611
2,58710,38,0,0,76,38,1545,1700,1,1701
2,58710,38,0,0,76,38,1545,31212,1,31213
2,58710,114,0,0,38,38,1545,2176,21,2197
2,58710,266,0,0,38,38,1545,3750,7,3757
2,58710,494,0,0,38,38,1545,8330,13,8343
2,58710,950,0,0,38,38,1545,9248,125,9373
2,58710,3230,0,0,38,38,1545,4374,85,4459
2,58710,3458,0,0,38,38,1545,8192,1183,9375
2,58710,4446,0,0,38,38,1545,1400,351,1751
2,58710,6422,0,0,38,38,1545,1854,169,2023
2,58710,8398,0,0,38,38,1545,640,1547,2187
2,58710,13034,0,0,38,38,1545,1854,343,2197
2,58710,16758,0,0,38,38,1545,6656,3969,10625
2,58710,19266,0,0,38,38,1545,3296,2535,5831
2,58710,35226,0,0,38,38,1545,2744,2781,5525
2,58710,50882,0,0,38,38,1545,686,1339,2025
2,58710,52326,0,0,38,38,1545,338,1377,1715
2,58784,32,0,0,128,32,1837,2672,1,2673
2,58788,36,0,0,36,36,1633,5750,1,5751
2,58788,972,0,0,36,36,1633,5014,27,5041
2,58788,2556,0,0,72,36,1633,2116,71,2187
2,58788,3924,0,0,36,36,1633,3266,109,3375
2,58835,31185,0,0,35,35,1681,2048,9801,11849
2,58839,33,0,0,33,33,1783,4374,1,4375
2,58839,58839,0,0,132,33,1783,240,1783,2023
2,58848,23328,0,0,32,32,1839,2104,2187,4291
2,58890,15210,0,0,30,30,1963,77312,4563,81875
2,58905,33,0,0,33,33,1785,4374,1,4375
2,58905,35,0,0,35,35,1683,34374,1,34375
2,58905,8505,0,0,35,35,1683,5000,729,5729
2,58905,14175,0,0,35,35,1683,32,2025,2057
2,58941,10915,0,0,37,37,1593,7776,1475,9251
2,58941,31117,0,0,37,37,1593,6534,841,7375
2,58950,30,0,0,30,30,1965,4374,1,4375
2,58950,10290,0,0,30,30,1965,128,2401,2529
2,58968,6552,0,0,72,36,1638,8192,1183,9375
2,58976,53792,0,0,32,32,1843,194,1681,1875
2,58993,341,0,0,31,31,1903,3114,11,3125
2,58993,5363,0,0,62,31,1903,2500,173,2673
2,59007,14625,0,0,39,39,1513,9826,375,10201
2,59037,59037,0,0,33,33,1789,398,1789,2187
2,59085,14625,0,0,39,39,1515,3362,375,3737
2,59090,11818,0,0,38,38,1555,6250,311,6561
2,59136,704,0,0,128,32,1848,2368,33,2401
2,59179,93,0,0,31,31,1909,2392,9,2401
2,59179,7533,0,0,31,31,1909,2158,243,2401
2,59179,36673,0,0,31,31,1909,1058,1183,2241
2,59202,858,0,0,78,39,1518,11776,99,11875
2,59220,36,0,0,36,36,1645,4374,1,4375
2,59220,1692,0,0,36,36,1645,1952,235,2187
2,59220,8820,0,0,36,36,1645,1152,1715,2867
2,59220,20412,0,0,36,36,1645,32,2835,2867
2,59220,24300,0,0,36,36,1645,376,2025,2401
2,59220,26244,0,0,36,36,1645,24064,6561,30625
2,59262,34,0,0,34,34,1743,4374,1,4375
2,59262,34,0,0,34,34,1743,10368,7,10375
2,59262,34,0,0,34,34,1743,33614,1,33615
2,59262,2822,0,0,136,34,1743,19600,83,19683
2,59262,8262,0,0,34,34,1743,34202,243,34445
2,59262,34986,0,0,34,34,1743,44672,7203,51875
2,59296,11872,0,0,32,32,1853,128,2597,2725
2,59311,37,0,0,37,37,1603,4374,1,4375
2,59311,2997,0,0,37,37,1603,5000,243,5243
2,59360,32,0,0,32,32,1855,2592,5,2597
2,59360,32,0,0,32,32,1855,4374,1,4375
2,59360,224,0,0,32,32,1855,5618,7,5625
2,59360,11872,0,0,32,32,1855,6190,371,6561
2,59360,32928,0,0,32,32,1855,8,3087,3095
2,59360,45792,0,0,32,32,1855,40,4293,4333
2,59432,68,0,0,68,34,1748,12160,7,12167
2,59432,136,0,0,136,34,1748,12160,7,12167
2,59436,36,0,0,36,36,1651,6858,1,6859
2,59466,30294,0,0,34,34,1749,136,2673,2809
2,59500,8500,0,0,68,34,1750,4704,625,5329
2,59500,17000,0,0,136,34,1750,4704,625,5329
2,59508,19836,0,0,72,36,1653,1324,551,1875
2,59605,9625,0,0,35,35,1703,1922,275,2197
2,59613,31,0,0,31,31,1923,4374,1,4375
2,59613,31,0,0,124,31,1923,3024,1,3025
2,59613,19871,0,0,124,31,1923,14000,641,14641
2,59613,27621,0,0,31,31,1923,32,4455,4487
2,59670,34,0,0,34,34,1755,4374,1,4375
2,59670,306,0,0,34,34,1755,3200,63,3263
2,59670,1190,0,0,34,34,1755,6526,35,6561
2,59670,2142,0,0,34,34,1755,2008,189,2197
2,59670,3094,0,0,34,34,1755,8192,1183,9375
2,59670,59670,0,0,34,34,1755,8032,8775,16807
2,59675,35,0,0,35,35,1705,3750,1,3751
2,59675,315,0,0,35,35,1705,6250,9,6259
2,59675,385,0,0,70,35,1705,2500,11,2511
2,59675,19375,0,0,31,31,1925,32,3125,3157
2,59675,27125,0,0,31,31,1925,1312,4375,5687
2,59724,59724,0,0,72,36,1659,9664,4977,14641
2,59744,59744,0,0,32,32,1867,534,1867,2401
2,59755,37,0,0,37,37,1615,4374,1,4375
2,59755,37,0,0,74,37,1615,1700,1,1701
2,59755,185,0,0,74,37,1615,2052,5,2057
2,59755,259,0,0,37,37,1615,2048,77,2125
2,59755,259,0,0,37,37,1615,3200,49,3249
2,59755,259,0,0,37,37,1615,20570,7,20577
2,59755,407,0,0,37,37,1615,2250,11,2261
2,59755,629,0,0,37,37,1615,11858,17,11875
2,59755,629,0,0,37,37,1615,68590,17,68607
2,59755,629,0,0,74,37,1615,10108,17,10125
2,59755,703,0,0,37,37,1615,6050,19,6069
2,59755,703,0,0,37,37,1615,15606,19,15625
2,59755,703,0,0,37,37,1615,36992,133,37125
2,59755,703,0,0,74,37,1615,4356,19,4375
2,59755,703,0,0,74,37,1615,15876,19,15895
2,59755,777,0,0,37,37,1615,2312,63,2375
2,59755,1813,0,0,37,37,1615,2250,49,2299
2,59755,3663,0,0,37,37,1615,2432,693,3125
2,59755,4921,0,0,37,37,1615,3200,931,4131
2,59755,5439,0,0,37,37,1615,2584,441,3025
2,59755,6475,0,0,37,37,1615,5984,875,6859
2,59755,7733,0,0,37,37,1615,1666,209,1875
2,59755,8991,0,0,37,37,1615,1672,729,2401
2,59755,9065,0,0,37,37,1615,2662,245,2907
2,59755,10693,0,0,37,37,1615,2432,2023,4455
2,59755,11655,0,0,37,37,1615,4598,315,4913
2,59755,12691,0,0,37,37,1615,1782,343,2125
2,59755,12691,0,0,37,37,1615,1152,2401,3553
2,59755,13357,0,0,37,37,1615,6144,3971,10115
2,59755,14985,0,0,37,37,1615,32,2025,2057
2,59755,15725,0,0,37,37,1615,2662,425,3087
2,59755,19943,0,0,37,37,1615,4374,539,4913
2,59755,22385,0,0,37,37,1615,224,3025,3249
2,59755,23125,0,0,37,37,1615,512,5625,6137
2,59755,24975,0,0,37,37,1615,2888,2025,4913
2,59755,25641,0,0,37,37,1615,640,4851,5491
2,59755,26973,0,0,37,37,1615,2450,729,3179
2,59755,49247,0,0,37,37,1615,6250,1331,7581
2,59755,49247,0,0,37,37,1615,11552,6655,18207
2,59755,49247,0,0,37,37,1615,19494,1331,20825
2,59755,50875,0,0,37,37,1615,1026,1375,2401
2,59755,50949,0,0,37,37,1615,2744,4131,6875
2,59755,54131,0,0,37,37,1615,384,10241,10625
2,59774,38,0,0,38,38,1573,4374,1,4375
2,59774,418,0,0,38,38,1573,1690,11,1701
2,59774,3458,0,0,38,38,1573,8192,1183,9375
2,59774,4598,0,0,38,38,1573,1352,363,1715
2,59774,11286,0,0,38,38,1573,512,2673,3185
2,59774,20482,0,0,38,38,1573,8,1617,1625
2,59774,20482,0,0,38,38,1573,16000,3773,19773
2,59774,27702,0,0,38,38,1573,88,2187,2275
2,59774,32186,0,0,38,38,1573,1350,847,2197
2,59774,50578,0,0,38,38,1573,294,1331,1625
2,59780,490,0,0,70,35,1708,3200,49,3249
2,59787,39,0,0,39,39,1533,4374,1,4375
2,59787,3159,0,0,39,39,1533,42632,243,42875
2,59787,4875,0,0,39,39,1533,4704,625,5329
2,59790,30,0,0,30,30,1993,4374,1,4375
2,59790,210,0,0,30,30,1993,3200,49,3249
2,59829,33,0,0,33,33,1813,4374,1,4375
2,59829,33,0,0,132,33,1813,3024,1,3025
2,59829,363,0,0,33,33,1813,9250,11,9261
2,59829,1617,0,0,132,33,1813,6512,49,6561
2,59829,45177,0,0,33,33,1813,83006,1369,84375
2,59850,30,0,0,30,30,1995,4374,1,4375
2,59850,38,0,0,38,38,1575,4374,1,4375
2,59850,38,0,0,38,38,1575,10368,7,10375
2,59850,38,0,0,38,38,1575,33614,1,33615
2,59850,210,0,0,30,30,1995,3200,49,3249
2,59850,266,0,0,38,38,1575,3200,49,3249
2,59895,33,0,0,33,33,1815,64000,9,64009
2,59895,33,0,0,33,33,1815,71874,1,71875
2,59895,363,0,0,33,33,1815,3634,11,3645
2,59895,4125,0,0,33,33,1815,1738,125,1863
2,59895,7821,0,0,33,33,1815,512,2133,2645
2,59895,11979,0,0,33,33,1815,14536,1089,15625
2,59895,22275,0,0,33,33,1815,5566,675,6241
2,59923,22599,0,0,31,31,1933,77320,2187,79507
2,59955,35,0,0,35,35,1713,4374,1,4375
2,59985,837,0,0,31,31,1935,3698,27,3725
2,59985,1333,0,0,31,31,1935,15496,129,15625
2,59985,1333,0,0,124,31,1935,4096,129,4225
2,59985,2511,0,0,31,31,1935,8192,1053,9245
2,59985,10075,0,0,31,31,1935,3698,325,4023
2,59985,41571,0,0,31,31,1935,1352,4023,5375
2,59985,57319,0,0,31,31,1935,338,1849,2187
2,59994,6666,0,0,66,33,1818,7776,505,8281
2,59994,13332,0,0,132,33,1818,7776,505,8281
2,60010,4590,0,0,34,34,1765,9728,1215,10943
2,60078,1054,0,0,34,34,1767,2318,31,2349
2,60078,1178,0,0,76,38,1581,19652,31,19683
2,60078,20026,0,0,68,34,1767,3132,589,3721
2,60120,40,0,0,40,40,1503,4374,1,4375
2,60120,6680,0,0,80,40,1503,1548,167,1715
2,60192,1568,0,0,32,32,1881,2152,147,2299
2,60192,7776,0,0,32,32,1881,1672,729,2401
2,60192,54432,0,0,32,32,1881,8,5103,5111
2,60214,782,0,0,34,34,1771,23814,23,23837
2,60225,33,0,0,33,33,1825,4374,1,4375
2,60225,2409,0,0,33,33,1825,2450,73,2523
2,60225,2673,0,0,33,33,1825,42632,243,42875
2,60225,4125,0,0,33,33,1825,4704,625,5329
2,60225,11319,0,0,33,33,1825,1682,343,2025
2,60225,11319,0,0,33,33,1825,9344,2401,11745
2,60230,38,0,0,38,38,1585,7290,1,7291
2,60255,39,0,0,39,39,1545,1750,1,1751
2,60255,39,0,0,39,39,1545,4374,1,4375
2,60255,39,0,0,39,39,1545,59534,1,59535
2,60255,39,0,0,39,39,1545,65610,1,65611
2,60255,39,0,0,78,39,1545,1700,1,1701
2,60255,39,0,0,78,39,1545,31212,1,31213
2,60255,117,0,0,39,39,1545,2176,21,2197
2,60255,273,0,0,39,39,1545,3750,7,3757
2,60255,507,0,0,39,39,1545,8330,13,8343
2,60255,975,0,0,39,39,1545,9248,125,9373
2,60255,3315,0,0,39,39,1545,4374,85,4459
2,60255,3549,0,0,39,39,1545,8192,1183,9375
2,60255,4563,0,0,39,39,1545,1400,351,1751
2,60255,6591,0,0,39,39,1545,1854,169,2023
2,60255,8619,0,0,39,39,1545,640,1547,2187
2,60255,13377,0,0,39,39,1545,1854,343,2197
2,60255,17199,0,0,39,39,1545,6656,3969,10625
2,60255,19773,0,0,39,39,1545,3296,2535,5831
2,60255,36153,0,0,39,39,1545,2744,2781,5525
2,60255,52221,0,0,39,39,1545,686,1339,2025
2,60255,53703,0,0,39,39,1545,338,1377,1715
2,60256,32,0,0,64,32,1883,4900,1,4901
2,60291,231,0,0,33,33,1827,27848,21,27869
2,60291,297,0,0,132,33,1827,3472,9,3481
2,60291,31713,0,0,33,33,1827,8,2883,2891
2,60295,7533,0,0,31,31,1945,77800,729,78529
2,60295,12059,0,0,31,31,1945,6750,389,7139
2,60295,60295,0,0,31,31,1945,242,1945,2187
2,60300,2916,0,0,36,36,1675,8192,1053,9245
2,60300,20124,0,0,36,36,1675,1250,559,1809
2,60300,21708,0,0,36,36,1675,40,1809,1849
2,60320,32,0,0,32,32,1885,4896,5,4901
2,60320,32,0,0,128,32,1885,4624,1,4625
2,60320,96,0,0,32,32,1885,6250,3,6253
2,60320,416,0,0,64,32,1885,3132,13,3145
2,60320,1248,0,0,32,32,1885,6728,117,6845
2,60320,1632,0,0,32,32,1885,2146,51,2197
2,60320,4320,0,0,32,32,1885,2738,135,2873
2,60320,26912,0,0,32,32,1885,8192,10933,19125
2,60320,29600,0,0,32,32,1885,288,4625,4913
2,60320,43808,0,0,32,32,1885,7250,1369,8619
2,60320,43808,0,0,32,32,1885,8704,12321,21025
2,60320,46176,0,0,32,32,1885,1682,1443,3125
2,60320,60000,0,0,32,32,1885,48778,1875,50653
2,60372,7884,0,0,36,36,1677,1978,219,2197
2,60375,35,0,0,35,35,1725,64000,9,64009
2,60375,35,0,0,35,35,1725,71874,1,71875
2,60375,805,0,0,35,35,1725,19602,23,19625
2,60421,37,0,0,37,37,1633,5750,1,5751
2,60421,999,0,0,37,37,1633,5014,27,5041
2,60421,2627,0,0,74,37,1633,2116,71,2187
2,60421,4033,0,0,37,37,1633,3266,109,3375
2,60489,99,0,0,132,33,1833,5872,3,5875
2,60489,1287,0,0,66,33,1833,3008,117,3125
2,60516,32076,0,0,36,36,1681,2048,9801,11849
2,60520,15000,0,0,40,40,1513,9826,375,10201
2,60534,11210,0,0,38,38,1593,7776,1475,9251
2,60534,31958,0,0,38,38,1593,6534,841,7375
2,60543,31,0,0,31,31,1953,4374,1,4375
2,60543,93,0,0,31,31,1953,4802,3,4805
2,60543,155,0,0,31,31,1953,12152,15,12167
2,60543,217,0,0,31,31,1953,32798,7,32805
2,60543,279,0,0,62,31,1953,2116,9,2125
2,60543,527,0,0,31,31,1953,2170,17,2187
2,60543,527,0,0,31,31,1953,12150,17,12167
2,60543,961,0,0,62,31,1953,19652,31,19683
2,60543,2511,0,0,31,31,1953,5750,81,5831
2,60543,2883,0,0,124,31,1953,4096,279,4375
2,60543,4185,0,0,31,31,1953,3968,945,4913
2,60543,7533,0,0,31,31,1953,8750,243,8993
2,60543,8649,0,0,31,31,1953,1288,837,2125
2,60543,37975,0,0,31,31,1953,384,8575,8959
2,60543,37975,0,0,31,31,1953,28566,1225,29791
2,60543,41013,0,0,31,31,1953,32,6615,6647
2,60543,52731,0,0,31,31,1953,17000,5103,22103
2,60543,58125,0,0,31,31,1953,3038,1875,4913
2,60588,36,0,0,36,36,1683,34374,1,34375
2,60588,8748,0,0,36,36,1683,5000,729,5729
2,60588,14580,0,0,36,36,1683,32,2025,2057
2,60600,15000,0,0,40,40,1515,3362,375,3737
2,60606,6734,0,0,74,37,1638,8192,1183,9375
2,60621,33,0,0,132,33,1837,2672,1,2673
2,60622,34,0,0,34,34,1783,4374,1,4375
2,60622,60622,0,0,136,34,1783,240,1783,2023
2,60645,12129,0,0,39,39,1555,6250,311,6561
2,60687,24057,0,0,33,33,1839,2104,2187,4291
2,60690,34,0,0,34,34,1785,4374,1,4375
2,60720,880,0,0,80,40,1518,11776,99,11875
2,60819,55473,0,0,33,33,1843,194,1681,1875
2,60826,60826,0,0,34,34,1789,398,1789,2187
2,60853,15717,0,0,31,31,1963,77312,4563,81875
2,60865,37,0,0,37,37,1645,4374,1,4375
2,60865,1739,0,0,37,37,1645,1952,235,2187
2,60865,9065,0,0,37,37,1645,1152,1715,2867
2,60865,20979,0,0,37,37,1645,32,2835,2867
2,60865,24975,0,0,37,37,1645,376,2025,2401
2,60865,26973,0,0,37,37,1645,24064,6561,30625
2,60896,352,0,0,32,32,1903,3114,11,3125
2,60896,5536,0,0,64,32,1903,2500,173,2673
2,60914,38,0,0,38,38,1603,4374,1,4375
2,60914,3078,0,0,38,38,1603,5000,243,5243
2,60915,31,0,0,31,31,1965,4374,1,4375
2,60915,10633,0,0,31,31,1965,128,2401,2529
2,60984,726,0,0,132,33,1848,2368,33,2401
2,61005,35,0,0,35,35,1743,4374,1,4375
2,61005,35,0,0,35,35,1743,10368,7,10375
2,61005,35,0,0,35,35,1743,33614,1,33615
2,61005,8505,0,0,35,35,1743,34202,243,34445
2,61005,36015,0,0,35,35,1743,44672,7203,51875
2,61087,37,0,0,37,37,1651,6858,1,6859
2,61088,96,0,0,32,32,1909,2392,9,2401
2,61088,7776,0,0,32,32,1909,2158,243,2401
2,61088,37856,0,0,32,32,1909,1058,1183,2241
2,61149,12243,0,0,33,33,1853,128,2597,2725
2,61161,20387,0,0,74,37,1653,1324,551,1875
2,61180,70,0,0,70,35,1748,12160,7,12167
2,61215,33,0,0,33,33,1855,2592,5,2597
2,61215,33,0,0,33,33,1855,4374,1,4375
2,61215,231,0,0,33,33,1855,5618,7,5625
2,61215,12243,0,0,33,33,1855,6190,371,6561
2,61215,31185,0,0,35,35,1749,136,2673,2809
2,61215,33957,0,0,33,33,1855,8,3087,3095
2,61215,47223,0,0,33,33,1855,40,4293,4333
2,61250,8750,0,0,70,35,1750,4704,625,5329
2,61308,9900,0,0,36,36,1703,1922,275,2197
2,61320,40,0,0,40,40,1533,4374,1,4375
2,61320,3240,0,0,40,40,1533,42632,243,42875
2,61320,5000,0,0,40,40,1533,4704,625,5329
2,61347,39,0,0,39,39,1573,4374,1,4375
2,61347,429,0,0,39,39,1573,1690,11,1701
2,61347,3549,0,0,39,39,1573,8192,1183,9375
2,61347,4719,0,0,39,39,1573,1352,363,1715
2,61347,11583,0,0,39,39,1573,512,2673,3185
2,61347,21021,0,0,39,39,1573,8,1617,1625
2,61347,21021,0,0,39,39,1573,16000,3773,19773
2,61347,28431,0,0,39,39,1573,88,2187,2275
2,61347,33033,0,0,39,39,1573,1350,847,2197
2,61347,51909,0,0,39,39,1573,294,1331,1625
2,61370,38,0,0,38,38,1615,4374,1,4375
2,61370,38,0,0,76,38,1615,1700,1,1701
2,61370,190,0,0,76,38,1615,2052,5,2057
2,61370,266,0,0,38,38,1615,2048,77,2125
2,61370,266,0,0,38,38,1615,3200,49,3249
2,61370,266,0,0,38,38,1615,20570,7,20577
2,61370,418,0,0,38,38,1615,2250,11,2261
2,61370,646,0,0,38,38,1615,11858,17,11875
2,61370,646,0,0,38,38,1615,68590,17,68607
2,61370,646,0,0,76,38,1615,10108,17,10125
2,61370,722,0,0,38,38,1615,6050,19,6069
2,61370,722,0,0,38,38,1615,15606,19,15625
2,61370,722,0,0,38,38,1615,36992,133,37125
2,61370,722,0,0,76,38,1615,4356,19,4375
2,61370,722,0,0,76,38,1615,15876,19,15895
2,61370,798,0,0,38,38,1615,2312,63,2375
2,61370,1862,0,0,38,38,1615,2250,49,2299
2,61370,3762,0,0,38,38,1615,2432,693,3125
2,61370,5054,0,0,38,38,1615,3200,931,4131
2,61370,5586,0,0,38,38,1615,2584,441,3025
2,61370,6650,0,0,38,38,1615,5984,875,6859
2,61370,7942,0,0,38,38,1615,1666,209,1875
2,61370,9234,0,0,38,38,1615,1672,729,2401
2,61370,9310,0,0,38,38,1615,2662,245,2907
2,61370,10982,0,0,38,38,1615,2432,2023,4455
2,61370,11970,0,0,38,38,1615,4598,315,4913
2,61370,13034,0,0,38,38,1615,1782,343,2125
2,61370,13034,0,0,38,38,1615,1152,2401,3553
2,61370,13718,0,0,38,38,1615,6144,3971,10115
2,61370,15390,0,0,38,38,1615,32,2025,2057
2,61370,16150,0,0,38,38,1615,2662,425,3087
2,61370,20482,0,0,38,38,1615,4374,539,4913
2,61370,22990,0,0,38,38,1615,224,3025,3249
2,61370,23750,0,0,38,38,1615,512,5625,6137
2,61370,25650,0,0,38,38,1615,2888,2025,4913
2,61370,26334,0,0,38,38,1615,640,4851,5491
2,61370,27702,0,0,38,38,1615,2450,729,3179
2,61370,50578,0,0,38,38,1615,6250,1331,7581
2,61370,50578,0,0,38,38,1615,11552,6655,18207
2,61370,50578,0,0,38,38,1615,19494,1331,20825
2,61370,52250,0,0,38,38,1615,1026,1375,2401
2,61370,52326,0,0,38,38,1615,2744,4131,6875
2,61370,55594,0,0,38,38,1615,384,10241,10625
2,61380,36,0,0,36,36,1705,3750,1,3751
2,61380,324,0,0,36,36,1705,6250,9,6259
2,61380,396,0,0,72,36,1705,2500,11,2511
2,61383,61383,0,0,74,37,1659,9664,4977,14641
2,61425,35,0,0,35,35,1755,4374,1,4375
2,61425,39,0,0,39,39,1575,4374,1,4375
2,61425,39,0,0,39,39,1575,10368,7,10375
2,61425,39,0,0,39,39,1575,33614,1,33615
2,61425,273,0,0,39,39,1575,3200,49,3249
2,61425,315,0,0,35,35,1755,3200,63,3263
2,61425,1225,0,0,35,35,1755,6526,35,6561
2,61425,2205,0,0,35,35,1755,2008,189,2197
2,61425,3185,0,0,35,35,1755,8192,1183,9375
2,61425,61425,0,0,35,35,1755,8032,8775,16807
2,61488,504,0,0,72,36,1708,3200,49,3249
2,61536,32,0,0,32,32,1923,4374,1,4375
2,61536,32,0,0,128,32,1923,3024,1,3025
2,61536,20512,0,0,128,32,1923,14000,641,14641
2,61536,28512,0,0,32,32,1923,32,4455,4487
2,61600,20000,0,0,32,32,1925,32,3125,3157
2,61600,28000,0,0,32,32,1925,1312,4375,5687
2,61611,61611,0,0,33,33,1867,534,1867,2401
2,61623,41,0,0,41,41,1503,4374,1,4375
2,61623,6847,0,0,82,41,1503,1548,167,1715
2,61642,34,0,0,34,34,1813,4374,1,4375
2,61642,34,0,0,136,34,1813,3024,1,3025
2,61642,374,0,0,34,34,1813,9250,11,9261
2,61642,1666,0,0,136,34,1813,6512,49,6561
2,61642,46546,0,0,34,34,1813,83006,1369,84375
2,61659,1209,0,0,78,39,1581,19652,31,19683
2,61668,36,0,0,36,36,1713,4374,1,4375
2,61710,34,0,0,34,34,1815,64000,9,64009
2,61710,34,0,0,34,34,1815,71874,1,71875
2,61710,374,0,0,34,34,1815,3634,11,3645
2,61710,4250,0,0,34,34,1815,1738,125,1863
2,61710,8058,0,0,34,34,1815,512,2133,2645
2,61710,12342,0,0,34,34,1815,14536,1089,15625
2,61710,22950,0,0,34,34,1815,5566,675,6241
2,61775,4725,0,0,35,35,1765,9728,1215,10943
2,61783,31,0,0,31,31,1993,4374,1,4375
2,61783,217,0,0,31,31,1993,3200,49,3249
2,61800,40,0,0,40,40,1545,1750,1,1751
2,61800,40,0,0,40,40,1545,4374,1,4375
2,61800,40,0,0,40,40,1545,59534,1,59535
2,61800,40,0,0,40,40,1545,65610,1,65611
2,61800,40,0,0,80,40,1545,1700,1,1701
2,61800,40,0,0,80,40,1545,31212,1,31213
2,61800,120,0,0,40,40,1545,2176,21,2197
2,61800,280,0,0,40,40,1545,3750,7,3757
2,61800,520,0,0,40,40,1545,8330,13,8343
2,61800,1000,0,0,40,40,1545,9248,125,9373
2,61800,3400,0,0,40,40,1545,4374,85,4459
2,61800,3640,0,0,40,40,1545,8192,1183,9375
2,61800,4680,0,0,40,40,1545,1400,351,1751
2,61800,6760,0,0,40,40,1545,1854,169,2023
2,61800,8840,0,0,40,40,1545,640,1547,2187
2,61800,13720,0,0,40,40,1545,1854,343,2197
2,61800,17640,0,0,40,40,1545,6656,3969,10625
2,61800,20280,0,0,40,40,1545,3296,2535,5831
2,61800,37080,0,0,40,40,1545,2744,2781,5525
2,61800,53560,0,0,40,40,1545,686,1339,2025
2,61800,55080,0,0,40,40,1545,338,1377,1715
2,61812,6868,0,0,68,34,1818,7776,505,8281
2,61812,13736,0,0,136,34,1818,7776,505,8281
2,61815,39,0,0,39,39,1585,7290,1,7291
2,61845,31,0,0,31,31,1995,4374,1,4375
2,61845,217,0,0,31,31,1995,3200,49,3249
2,61845,1085,0,0,35,35,1767,2318,31,2349
2,61845,20615,0,0,70,35,1767,3132,589,3721
2,61856,23328,0,0,32,32,1933,77320,2187,79507
2,61920,864,0,0,32,32,1935,3698,27,3725
2,61920,1376,0,0,32,32,1935,15496,129,15625
2,61920,1376,0,0,128,32,1935,4096,129,4225
2,61920,2592,0,0,32,32,1935,8192,1053,9245
2,61920,10400,0,0,32,32,1935,3698,325,4023
2,61920,42912,0,0,32,32,1935,1352,4023,5375
2,61920,59168,0,0,32,32,1935,338,1849,2187
2,61975,2997,0,0,37,37,1675,8192,1053,9245
2,61975,20683,0,0,37,37,1675,1250,559,1809
2,61975,22311,0,0,37,37,1675,40,1809,1849
2,61985,805,0,0,35,35,1771,23814,23,23837
2,62033,15375,0,0,41,41,1513,9826,375,10201
2,62049,8103,0,0,37,37,1677,1978,219,2197
2,62050,34,0,0,34,34,1825,4374,1,4375
2,62050,2482,0,0,34,34,1825,2450,73,2523
2,62050,2754,0,0,34,34,1825,42632,243,42875
2,62050,4250,0,0,34,34,1825,4704,625,5329
2,62050,11662,0,0,34,34,1825,1682,343,2025
2,62050,11662,0,0,34,34,1825,9344,2401,11745
2,62054,38,0,0,38,38,1633,5750,1,5751
2,62054,1026,0,0,38,38,1633,5014,27,5041
2,62054,2698,0,0,76,38,1633,2116,71,2187
2,62054,4142,0,0,38,38,1633,3266,109,3375
2,62073,1617,0,0,33,33,1881,2152,147,2299
2,62073,8019,0,0,33,33,1881,1672,729,2401
2,62073,56133,0,0,33,33,1881,8,5103,5111
2,62100,36,0,0,36,36,1725,64000,9,64009
2,62100,36,0,0,36,36,1725,71874,1,71875
2,62100,828,0,0,36,36,1725,19602,23,19625
2,62115,15375,0,0,41,41,1515,3362,375,3737
2,62118,238,0,0,34,34,1827,27848,21,27869
2,62118,306,0,0,136,34,1827,3472,9,3481
2,62118,32674,0,0,34,34,1827,8,2883,2891
2,62127,11505,0,0,39,39,1593,7776,1475,9251
2,62127,32799,0,0,39,39,1593,6534,841,7375
2,62139,33,0,0,66,33,1883,4900,1,4901
2,62197,32967,0,0,37,37,1681,2048,9801,11849
2,62200,12440,0,0,40,40,1555,6250,311,6561
2,62205,33,0,0,33,33,1885,4896,5,4901
2,62205,33,0,0,132,33,1885,4624,1,4625
2,62205,99,0,0,33,33,1885,6250,3,6253
2,62205,429,0,0,66,33,1885,3132,13,3145
2,62205,1287,0,0,33,33,1885,6728,117,6845
2,62205,1683,0,0,33,33,1885,2146,51,2197
2,62205,4455,0,0,33,33,1885,2738,135,2873
2,62205,27753,0,0,33,33,1885,8192,10933,19125
2,62205,30525,0,0,33,33,1885,288,4625,4913
2,62205,45177,0,0,33,33,1885,7250,1369,8619
2,62205,45177,0,0,33,33,1885,8704,12321,21025
2,62205,47619,0,0,33,33,1885,1682,1443,3125
2,62205,61875,0,0,33,33,1885,48778,1875,50653
2,62238,902,0,0,82,41,1518,11776,99,11875
2,62240,7776,0,0,32,32,1945,77800,729,78529
2,62240,12448,0,0,32,32,1945,6750,389,7139
2,62240,62240,0,0,32,32,1945,242,1945,2187
2,62244,6916,0,0,76,38,1638,8192,1183,9375
2,62271,37,0,0,37,37,1683,34374,1,34375
2,62271,8991,0,0,37,37,1683,5000,729,5729
2,62271,14985,0,0,37,37,1683,32,2025,2057
2,62322,102,0,0,136,34,1833,5872,3,5875
2,62322,1326,0,0,68,34,1833,3008,117,3125
2,62405,35,0,0,35,35,1783,4374,1,4375
2,62458,34,0,0,136,34,1837,2672,1,2673
2,62475,35,0,0,35,35,1785,4374,1,4375
2,62496,32,0,0,32,32,1953,4374,1,4375
2,62496,96,0,0,32,32,1953,4802,3,4805
2,62496,160,0,0,32,32,1953,12152,15,12167
2,62496,224,0,0,32,32,1953,32798,7,32805
2,62496,288,0,0,64,32,1953,2116,9,2125
2,62496,544,0,0,32,32,1953,2170,17,2187
2,62496,544,0,0,32,32,1953,12150,17,12167
2,62496,992,0,0,64,32,1953,19652,31,19683
2,62496,2592,0,0,32,32,1953,5750,81,5831
2,62496,2976,0,0,128,32,1953,4096,279,4375
2,62496,4320,0,0,32,32,1953,3968,945,4913
2,62496,7776,0,0,32,32,1953,8750,243,8993
2,62496,8928,0,0,32,32,1953,1288,837,2125
2,62496,39200,0,0,32,32,1953,384,8575,8959
2,62496,39200,0,0,32,32,1953,28566,1225,29791
2,62496,42336,0,0,32,32,1953,32,6615,6647
2,62496,54432,0,0,32,32,1953,17000,5103,22103
2,62496,60000,0,0,32,32,1953,3038,1875,4913
2,62510,38,0,0,38,38,1645,4374,1,4375
2,62510,1786,0,0,38,38,1645,1952,235,2187
2,62510,9310,0,0,38,38,1645,1152,1715,2867
2,62510,21546,0,0,38,38,1645,32,2835,2867
2,62510,25650,0,0,38,38,1645,376,2025,2401
2,62510,27702,0,0,38,38,1645,24064,6561,30625
2,62517,39,0,0,39,39,1603,4374,1,4375
2,62517,3159,0,0,39,39,1603,5000,243,5243
2,62526,24786,0,0,34,34,1839,2104,2187,4291
2,62615,62615,0,0,35,35,1789,398,1789,2187
2,62662,57154,0,0,34,34,1843,194,1681,1875
2,62738,38,0,0,38,38,1651,6858,1,6859
2,62748,36,0,0,36,36,1743,4374,1,4375
2,62748,36,0,0,36,36,1743,10368,7,10375
2,62748,36,0,0,36,36,1743,33614,1,33615
2,62748,8748,0,0,36,36,1743,34202,243,34445
2,62748,37044,0,0,36,36,1743,44672,7203,51875
2,62799,363,0,0,33,33,1903,3114,11,3125
2,62799,5709,0,0,66,33,1903,2500,173,2673
2,62814,20938,0,0,76,38,1653,1324,551,1875
2,62816,16224,0,0,32,32,1963,77312,4563,81875
2,62832,748,0,0,136,34,1848,2368,33,2401
2,62853,41,0,0,41,41,1533,4374,1,4375
2,62853,3321,0,0,41,41,1533,42632,243,42875
2,62853,5125,0,0,41,41,1533,4704,625,5329
2,62880,32,0,0,32,32,1965,4374,1,4375
2,62880,10976,0,0,32,32,1965,128,2401,2529
2,62920,40,0,0,40,40,1573,4374,1,4375
2,62920,440,0,0,40,40,1573,1690,11,1701
2,62920,3640,0,0,40,40,1573,8192,1183,9375
2,62920,4840,0,0,40,40,1573,1352,363,1715
2,62920,11880,0,0,40,40,1573,512,2673,3185
2,62920,21560,0,0,40,40,1573,8,1617,1625
2,62920,21560,0,0,40,40,1573,16000,3773,19773
2,62920,29160,0,0,40,40,1573,88,2187,2275
2,62920,33880,0,0,40,40,1573,1350,847,2197
2,62920,53240,0,0,40,40,1573,294,1331,1625
2,62928,72,0,0,72,36,1748,12160,7,12167
2,62964,32076,0,0,36,36,1749,136,2673,2809
2,62985,39,0,0,39,39,1615,4374,1,4375
2,62985,39,0,0,78,39,1615,1700,1,1701
2,62985,195,0,0,78,39,1615,2052,5,2057
2,62985,273,0,0,39,39,1615,2048,77,2125
2,62985,273,0,0,39,39,1615,3200,49,3249
2,62985,273,0,0,39,39,1615,20570,7,20577
2,62985,429,0,0,39,39,1615,2250,11,2261
2,62985,663,0,0,39,39,1615,11858,17,11875
2,62985,663,0,0,39,39,1615,68590,17,68607
2,62985,663,0,0,78,39,1615,10108,17,10125
2,62985,741,0,0,39,39,1615,6050,19,6069
2,62985,741,0,0,39,39,1615,15606,19,15625
2,62985,741,0,0,39,39,1615,36992,133,37125
2,62985,741,0,0,78,39,1615,4356,19,4375
2,62985,741,0,0,78,39,1615,15876,19,15895
2,62985,819,0,0,39,39,1615,2312,63,2375
2,62985,1911,0,0,39,39,1615,2250,49,2299
2,62985,3861,0,0,39,39,1615,2432,693,3125
2,62985,5187,0,0,39,39,1615,3200,931,4131
2,62985,5733,0,0,39,39,1615,2584,441,3025
2,62985,6825,0,0,39,39,1615,5984,875,6859
2,62985,8151,0,0,39,39,1615,1666,209,1875
2,62985,9477,0,0,39,39,1615,1672,729,2401
2,62985,9555,0,0,39,39,1615,2662,245,2907
2,62985,11271,0,0,39,39,1615,2432,2023,4455
2,62985,12285,0,0,39,39,1615,4598,315,4913
2,62985,13377,0,0,39,39,1615,1782,343,2125
2,62985,13377,0,0,39,39,1615,1152,2401,3553
2,62985,14079,0,0,39,39,1615,6144,3971,10115
2,62985,15795,0,0,39,39,1615,32,2025,2057
2,62985,16575,0,0,39,39,1615,2662,425,3087
2,62985,21021,0,0,39,39,1615,4374,539,4913
2,62985,23595,0,0,39,39,1615,224,3025,3249
2,62985,24375,0,0,39,39,1615,512,5625,6137
2,62985,26325,0,0,39,39,1615,2888,2025,4913
2,62985,27027,0,0,39,39,1615,640,4851,5491
2,62985,28431,0,0,39,39,1615,2450,729,3179
2,62985,51909,0,0,39,39,1615,6250,1331,7581
2,62985,51909,0,0,39,39,1615,11552,6655,18207
2,62985,51909,0,0,39,39,1615,19494,1331,20825
2,62985,53625,0,0,39,39,1615,1026,1375,2401
2,62985,53703,0,0,39,39,1615,2744,4131,6875
2,62985,57057,0,0,39,39,1615,384,10241,10625
2,62997,99,0,0,33,33,1909,2392,9,2401
2,62997,8019,0,0,33,33,1909,2158,243,2401
2,62997,39039,0,0,33,33,1909,1058,1183,2241
2,63000,40,0,0,40,40,1575,4374,1,4375
2,63000,40,0,0,40,40,1575,10368,7,10375
2,63000,40,0,0,40,40,1575,33614,1,33615
2,63000,280,0,0,40,40,1575,3200,49,3249
2,63000,9000,0,0,72,36,1750,4704,625,5329
2,63002,12614,0,0,34,34,1853,128,2597,2725
2,63011,10175,0,0,37,37,1703,1922,275,2197
2,63042,63042,0,0,76,38,1659,9664,4977,14641
2,63070,34,0,0,34,34,1855,2592,5,2597
2,63070,34,0,0,34,34,1855,4374,1,4375
2,63070,238,0,0,34,34,1855,5618,7,5625
2,63070,12614,0,0,34,34,1855,6190,371,6561
2,63070,34986,0,0,34,34,1855,8,3087,3095
2,63070,48654,0,0,34,34,1855,40,4293,4333
2,63085,37,0,0,37,37,1705,3750,1,3751
2,63085,333,0,0,37,37,1705,6250,9,6259
2,63085,407,0,0,74,37,1705,2500,11,2511
2,63126,42,0,0,42,42,1503,4374,1,4375
2,63126,7014,0,0,84,42,1503,1548,167,1715
2,63180,36,0,0,36,36,1755,4374,1,4375
2,63180,324,0,0,36,36,1755,3200,63,3263
2,63180,1260,0,0,36,36,1755,6526,35,6561
2,63180,2268,0,0,36,36,1755,2008,189,2197
2,63180,3276,0,0,36,36,1755,8192,1183,9375
2,63180,63180,0,0,36,36,1755,8032,8775,16807
2,63196,518,0,0,74,37,1708,3200,49,3249
2,63240,1240,0,0,80,40,1581,19652,31,19683
2,63345,41,0,0,41,41,1545,1750,1,1751
2,63345,41,0,0,41,41,1545,4374,1,4375
2,63345,41,0,0,41,41,1545,59534,1,59535
2,63345,41,0,0,41,41,1545,65610,1,65611
2,63345,41,0,0,82,41,1545,1700,1,1701
2,63345,41,0,0,82,41,1545,31212,1,31213
2,63345,123,0,0,41,41,1545,2176,21,2197
2,63345,287,0,0,41,41,1545,3750,7,3757
2,63345,533,0,0,41,41,1545,8330,13,8343
2,63345,1025,0,0,41,41,1545,9248,125,9373
2,63345,3485,0,0,41,41,1545,4374,85,4459
2,63345,3731,0,0,41,41,1545,8192,1183,9375
2,63345,4797,0,0,41,41,1545,1400,351,1751
2,63345,6929,0,0,41,41,1545,1854,169,2023
2,63345,9061,0,0,41,41,1545,640,1547,2187
2,63345,14063,0,0,41,41,1545,1854,343,2197
2,63345,18081,0,0,41,41,1545,6656,3969,10625
2,63345,20787,0,0,41,41,1545,3296,2535,5831
2,63345,38007,0,0,41,41,1545,2744,2781,5525
2,63345,54899,0,0,41,41,1545,686,1339,2025
2,63345,56457,0,0,41,41,1545,338,1377,1715
2,63381,37,0,0,37,37,1713,4374,1,4375
2,63400,40,0,0,40,40,1585,7290,1,7291
2,63455,35,0,0,35,35,1813,4374,1,4375
2,63455,385,0,0,35,35,1813,9250,11,9261
2,63455,47915,0,0,35,35,1813,83006,1369,84375
2,63459,33,0,0,33,33,1923,4374,1,4375
2,63459,33,0,0,132,33,1923,3024,1,3025
2,63459,21153,0,0,132,33,1923,14000,641,14641
2,63459,29403,0,0,33,33,1923,32,4455,4487
2,63478,63478,0,0,34,34,1867,534,1867,2401
2,63525,35,0,0,35,35,1815,64000,9,64009
2,63525,35,0,0,35,35,1815,71874,1,71875
2,63525,385,0,0,35,35,1815,3634,11,3645
2,63525,4375,0,0,35,35,1815,1738,125,1863
2,63525,8295,0,0,35,35,1815,512,2133,2645
2,63525,12705,0,0,35,35,1815,14536,1089,15625
2,63525,20625,0,0,33,33,1925,32,3125,3157
2,63525,23625,0,0,35,35,1815,5566,675,6241
2,63525,28875,0,0,33,33,1925,1312,4375,5687
2,63540,4860,0,0,36,36,1765,9728,1215,10943
2,63546,15750,0,0,42,42,1513,9826,375,10201
2,63612,1116,0,0,36,36,1767,2318,31,2349
2,63612,21204,0,0,72,36,1767,3132,589,3721
2,63630,7070,0,0,70,35,1818,7776,505,8281
2,63630,15750,0,0,42,42,1515,3362,375,3737
2,63650,3078,0,0,38,38,1675,8192,1053,9245
2,63650,21242,0,0,38,38,1675,1250,559,1809
2,63650,22914,0,0,38,38,1675,40,1809,1849
2,63687,39,0,0,39,39,1633,5750,1,5751
2,63687,1053,0,0,39,39,1633,5014,27,5041
2,63687,2769,0,0,78,39,1633,2116,71,2187
2,63687,4251,0,0,39,39,1633,3266,109,3375
2,63720,11800,0,0,40,40,1593,7776,1475,9251
2,63720,33640,0,0,40,40,1593,6534,841,7375
2,63726,8322,0,0,38,38,1677,1978,219,2197
2,63755,12751,0,0,41,41,1555,6250,311,6561
2,63756,828,0,0,36,36,1771,23814,23,23837
2,63756,924,0,0,84,42,1518,11776,99,11875
2,63776,32,0,0,32,32,1993,4374,1,4375
2,63776,224,0,0,32,32,1993,3200,49,3249
2,63789,24057,0,0,33,33,1933,77320,2187,79507
2,63825,37,0,0,37,37,1725,64000,9,64009
2,63825,37,0,0,37,37,1725,71874,1,71875
2,63825,851,0,0,37,37,1725,19602,23,19625
2,63840,32,0,0,32,32,1995,4374,1,4375
2,63840,224,0,0,32,32,1995,3200,49,3249
2,63855,891,0,0,33,33,1935,3698,27,3725
2,63855,1419,0,0,33,33,1935,15496,129,15625
2,63855,1419,0,0,132,33,1935,4096,129,4225
2,63855,2673,0,0,33,33,1935,8192,1053,9245
2,63855,10725,0,0,33,33,1935,3698,325,4023
2,63855,44253,0,0,33,33,1935,1352,4023,5375
2,63855,61017,0,0,33,33,1935,338,1849,2187
2,63875,35,0,0,35,35,1825,4374,1,4375
2,63875,2555,0,0,35,35,1825,2450,73,2523
2,63875,2835,0,0,35,35,1825,42632,243,42875
2,63875,4375,0,0,35,35,1825,4704,625,5329
2,63875,12005,0,0,35,35,1825,1682,343,2025
2,63875,12005,0,0,35,35,1825,9344,2401,11745
2,63878,33858,0,0,38,38,1681,2048,9801,11849
2,63882,7098,0,0,78,39,1638,8192,1183,9375
2,63945,245,0,0,35,35,1827,27848,21,27869
2,63945,33635,0,0,35,35,1827,8,2883,2891
2,63954,38,0,0,38,38,1683,34374,1,34375
2,63954,1666,0,0,34,34,1881,2152,147,2299
2,63954,8262,0,0,34,34,1881,1672,729,2401
2,63954,9234,0,0,38,38,1683,5000,729,5729
2,63954,15390,0,0,38,38,1683,32,2025,2057
2,63954,57834,0,0,34,34,1881,8,5103,5111
2,64022,34,0,0,68,34,1883,4900,1,4901
2,64090,34,0,0,34,34,1885,4896,5,4901
2,64090,34,0,0,136,34,1885,4624,1,4625
2,64090,102,0,0,34,34,1885,6250,3,6253
2,64090,442,0,0,68,34,1885,3132,13,3145
2,64090,1326,0,0,34,34,1885,6728,117,6845
2,64090,1734,0,0,34,34,1885,2146,51,2197
2,64090,4590,0,0,34,34,1885,2738,135,2873
2,64090,28594,0,0,34,34,1885,8192,10933,19125
2,64090,31450,0,0,34,34,1885,288,4625,4913
2,64090,46546,0,0,34,34,1885,7250,1369,8619
2,64090,46546,0,0,34,34,1885,8704,12321,21025
2,64090,49062,0,0,34,34,1885,1682,1443,3125
2,64090,63750,0,0,34,34,1885,48778,1875,50653
2,64120,40,0,0,40,40,1603,4374,1,4375
2,64120,3240,0,0,40,40,1603,5000,243,5243
2,64155,39,0,0,39,39,1645,4374,1,4375
2,64155,1365,0,0,70,35,1833,3008,117,3125
2,64155,1833,0,0,39,39,1645,1952,235,2187
2,64155,9555,0,0,39,39,1645,1152,1715,2867
2,64155,22113,0,0,39,39,1645,32,2835,2867
2,64155,26325,0,0,39,39,1645,376,2025,2401
2,64155,28431,0,0,39,39,1645,24064,6561,30625
2,64185,8019,0,0,33,33,1945,77800,729,78529
2,64185,12837,0,0,33,33,1945,6750,389,7139
2,64185,64185,0,0,33,33,1945,242,1945,2187
2,64188,36,0,0,36,36,1783,4374,1,4375
2,64260,36,0,0,36,36,1785,4374,1,4375
2,64365,25515,0,0,35,35,1839,2104,2187,4291
2,64386,42,0,0,42,42,1533,4374,1,4375
2,64386,3402,0,0,42,42,1533,42632,243,42875
2,64386,5250,0,0,42,42,1533,4704,625,5329
2,64389,39,0,0,39,39,1651,6858,1,6859
2,64404,64404,0,0,36,36,1789,398,1789,2187
2,64449,33,0,0,33,33,1953,4374,1,4375
2,64449,99,0,0,33,33,1953,4802,3,4805
2,64449,165,0,0,33,33,1953,12152,15,12167
2,64449,231,0,0,33,33,1953,32798,7,32805
2,64449,297,0,0,66,33,1953,2116,9,2125
2,64449,561,0,0,33,33,1953,2170,17,2187
2,64449,561,0,0,33,33,1953,12150,17,12167
2,64449,1023,0,0,66,33,1953,19652,31,19683
2,64449,2673,0,0,33,33,1953,5750,81,5831
2,64449,3069,0,0,132,33,1953,4096,279,4375
2,64449,4455,0,0,33,33,1953,3968,945,4913
2,64449,8019,0,0,33,33,1953,8750,243,8993
2,64449,9207,0,0,33,33,1953,1288,837,2125
2,64449,40425,0,0,33,33,1953,384,8575,8959
2,64449,40425,0,0,33,33,1953,28566,1225,29791
2,64449,43659,0,0,33,33,1953,32,6615,6647
2,64449,56133,0,0,33,33,1953,17000,5103,22103
2,64449,61875,0,0,33,33,1953,3038,1875,4913
2,64467,21489,0,0,78,39,1653,1324,551,1875
2,64491,37,0,0,37,37,1743,4374,1,4375
2,64491,37,0,0,37,37,1743,10368,7,10375
2,64491,37,0,0,37,37,1743,33614,1,33615
2,64491,8991,0,0,37,37,1743,34202,243,34445
2,64491,38073,0,0,37,37,1743,44672,7203,51875
2,64493,41,0,0,41,41,1573,4374,1,4375
2,64493,451,0,0,41,41,1573,1690,11,1701
2,64493,3731,0,0,41,41,1573,8192,1183,9375
2,64493,4961,0,0,41,41,1573,1352,363,1715
2,64493,12177,0,0,41,41,1573,512,2673,3185
2,64493,22099,0,0,41,41,1573,8,1617,1625
2,64493,22099,0,0,41,41,1573,16000,3773,19773
2,64493,29889,0,0,41,41,1573,88,2187,2275
2,64493,34727,0,0,41,41,1573,1350,847,2197
2,64493,54571,0,0,41,41,1573,294,1331,1625
2,64505,58835,0,0,35,35,1843,194,1681,1875
2,64575,41,0,0,41,41,1575,4374,1,4375
2,64575,41,0,0,41,41,1575,10368,7,10375
2,64575,41,0,0,41,41,1575,33614,1,33615
2,64575,287,0,0,41,41,1575,3200,49,3249
2,64600,40,0,0,40,40,1615,4374,1,4375
2,64600,40,0,0,80,40,1615,1700,1,1701
2,64600,200,0,0,80,40,1615,2052,5,2057
2,64600,280,0,0,40,40,1615,2048,77,2125
2,64600,280,0,0,40,40,1615,3200,49,3249
2,64600,280,0,0,40,40,1615,20570,7,20577
2,64600,440,0,0,40,40,1615,2250,11,2261
2,64600,680,0,0,40,40,1615,11858,17,11875
2,64600,680,0,0,40,40,1615,68590,17,68607
2,64600,680,0,0,80,40,1615,10108,17,10125
2,64600,760,0,0,40,40,1615,6050,19,6069
2,64600,760,0,0,40,40,1615,15606,19,15625
2,64600,760,0,0,40,40,1615,36992,133,37125
2,64600,760,0,0,80,40,1615,4356,19,4375
2,64600,760,0,0,80,40,1615,15876,19,15895
2,64600,840,0,0,40,40,1615,2312,63,2375
2,64600,1960,0,0,40,40,1615,2250,49,2299
2,64600,3960,0,0,40,40,1615,2432,693,3125
2,64600,5320,0,0,40,40,1615,3200,931,4131
2,64600,5880,0,0,40,40,1615,2584,441,3025
2,64600,7000,0,0,40,40,1615,5984,875,6859
2,64600,8360,0,0,40,40,1615,1666,209,1875
2,64600,9720,0,0,40,40,1615,1672,729,2401
2,64600,9800,0,0,40,40,1615,2662,245,2907
2,64600,11560,0,0,40,40,1615,2432,2023,4455
2,64600,12600,0,0,40,40,1615,4598,315,4913
2,64600,13720,0,0,40,40,1615,1782,343,2125
2,64600,13720,0,0,40,40,1615,1152,2401,3553
2,64600,14440,0,0,40,40,1615,6144,3971,10115
2,64600,16200,0,0,40,40,1615,32,2025,2057
2,64600,17000,0,0,40,40,1615,2662,425,3087
2,64600,21560,0,0,40,40,1615,4374,539,4913
2,64600,24200,0,0,40,40,1615,224,3025,3249
2,64600,25000,0,0,40,40,1615,512,5625,6137
2,64600,27000,0,0,40,40,1615,2888,2025,4913
2,64600,27720,0,0,40,40,1615,640,4851,5491
2,64600,29160,0,0,40,40,1615,2450,729,3179
2,64600,53240,0,0,40,40,1615,6250,1331,7581
2,64600,53240,0,0,40,40,1615,11552,6655,18207
2,64600,53240,0,0,40,40,1615,19494,1331,20825
2,64600,55000,0,0,40,40,1615,1026,1375,2401
2,64600,55080,0,0,40,40,1615,2744,4131,6875
2,64600,58520,0,0,40,40,1615,384,10241,10625
2,64629,43,0,0,43,43,1503,4374,1,4375
2,64629,7181,0,0,86,43,1503,1548,167,1715
2,64676,74,0,0,74,37,1748,12160,7,12167
2,64701,64701,0,0,78,39,1659,9664,4977,14641
2,64702,374,0,0,34,34,1903,3114,11,3125
2,64702,5882,0,0,68,34,1903,2500,173,2673
2,64713,32967,0,0,37,37,1749,136,2673,2809
2,64714,10450,0,0,38,38,1703,1922,275,2197
2,64750,9250,0,0,74,37,1750,4704,625,5329
2,64779,16731,0,0,33,33,1963,77312,4563,81875
2,64790,38,0,0,38,38,1705,3750,1,3751
2,64790,342,0,0,38,38,1705,6250,9,6259
2,64790,418,0,0,76,38,1705,2500,11,2511
2,64821,1271,0,0,82,41,1581,19652,31,19683
2,64845,33,0,0,33,33,1965,4374,1,4375
2,64845,11319,0,0,33,33,1965,128,2401,2529
2,64855,12985,0,0,35,35,1853,128,2597,2725
2,64890,42,0,0,42,42,1545,1750,1,1751
2,64890,42,0,0,42,42,1545,4374,1,4375
2,64890,42,0,0,42,42,1545,59534,1,59535
2,64890,42,0,0,42,42,1545,65610,1,65611
2,64890,42,0,0,84,42,1545,1700,1,1701
2,64890,42,0,0,84,42,1545,31212,1,31213
2,64890,126,0,0,42,42,1545,2176,21,2197
2,64890,294,0,0,42,42,1545,3750,7,3757
2,64890,546,0,0,42,42,1545,8330,13,8343
2,64890,1050,0,0,42,42,1545,9248,125,9373
2,64890,3570,0,0,42,42,1545,4374,85,4459
2,64890,3822,0,0,42,42,1545,8192,1183,9375
2,64890,4914,0,0,42,42,1545,1400,351,1751
2,64890,7098,0,0,42,42,1545,1854,169,2023
2,64890,9282,0,0,42,42,1545,640,1547,2187
2,64890,14406,0,0,42,42,1545,1854,343,2197
2,64890,18522,0,0,42,42,1545,6656,3969,10625
2,64890,21294,0,0,42,42,1545,3296,2535,5831
2,64890,38934,0,0,42,42,1545,2744,2781,5525
2,64890,56238,0,0,42,42,1545,686,1339,2025
2,64890,57834,0,0,42,42,1545,338,1377,1715
2,64904,532,0,0,76,38,1708,3200,49,3249
2,64906,102,0,0,34,34,1909,2392,9,2401
2,64906,8262,0,0,34,34,1909,2158,243,2401
2,64906,40222,0,0,34,34,1909,1058,1183,2241
2,64925,35,0,0,35,35,1855,2592,5,2597
2,64925,35,0,0,35,35,1855,4374,1,4375
2,64925,245,0,0,35,35,1855,5618,7,5625
2,64925,12985,0,0,35,35,1855,6190,371,6561
2,64925,36015,0,0,35,35,1855,8,3087,3095
2,64925,50085,0,0,35,35,1855,40,4293,4333
2,64935,37,0,0,37,37,1755,4374,1,4375
2,64935,333,0,0,37,37,1755,3200,63,3263
2,64935,1295,0,0,37,37,1755,6526,35,6561
2,64935,2331,0,0,37,37,1755,2008,189,2197
2,64935,3367,0,0,37,37,1755,8192,1183,9375
2,64935,64935,0,0,37,37,1755,8032,8775,16807
2,64985,41,0,0,41,41,1585,7290,1,7291
2,65059,16125,0,0,43,43,1513,9826,375,10201
2,65094,38,0,0,38,38,1713,4374,1,4375
2,65145,16125,0,0,43,43,1515,3362,375,3737
2,65268,36,0,0,36,36,1813,4374,1,4375
2,65268,396,0,0,36,36,1813,9250,11,9261
2,65268,49284,0,0,36,36,1813,83006,1369,84375
2,65274,946,0,0,86,43,1518,11776,99,11875
2,65305,4995,0,0,37,37,1765,9728,1215,10943
2,65310,13062,0,0,42,42,1555,6250,311,6561
2,65313,12095,0,0,41,41,1593,7776,1475,9251
2,65313,34481,0,0,41,41,1593,6534,841,7375
2,65320,40,0,0,40,40,1633,5750,1,5751
2,65320,1080,0,0,40,40,1633,5014,27,5041
2,65320,2840,0,0,80,40,1633,2116,71,2187
2,65320,4360,0,0,40,40,1633,3266,109,3375
2,65325,3159,0,0,39,39,1675,8192,1053,9245
2,65325,21801,0,0,39,39,1675,1250,559,1809
2,65325,23517,0,0,39,39,1675,40,1809,1849
2,65340,36,0,0,36,36,1815,64000,9,64009
2,65340,36,0,0,36,36,1815,71874,1,71875
2,65340,396,0,0,36,36,1815,3634,11,3645
2,65340,4500,0,0,36,36,1815,1738,125,1863
2,65340,8532,0,0,36,36,1815,512,2133,2645
2,65340,13068,0,0,36,36,1815,14536,1089,15625
2,65340,24300,0,0,36,36,1815,5566,675,6241
2,65345,65345,0,0,35,35,1867,534,1867,2401
2,65379,1147,0,0,37,37,1767,2318,31,2349
2,65379,21793,0,0,74,37,1767,3132,589,3721
2,65382,34,0,0,34,34,1923,4374,1,4375
2,65382,34,0,0,136,34,1923,3024,1,3025
2,65382,21794,0,0,136,34,1923,14000,641,14641
2,65382,30294,0,0,34,34,1923,32,4455,4487
2,65403,8541,0,0,39,39,1677,1978,219,2197
2,65448,7272,0,0,72,36,1818,7776,505,8281
2,65450,21250,0,0,34,34,1925,32,3125,3157
2,65450,29750,0,0,34,34,1925,1312,4375,5687
2,65520,7280,0,0,80,40,1638,8192,1183,9375
2,65527,851,0,0,37,37,1771,23814,23,23837
2,65550,38,0,0,38,38,1725,64000,9,64009
2,65550,38,0,0,38,38,1725,71874,1,71875
2,65550,874,0,0,38,38,1725,19602,23,19625
2,65559,34749,0,0,39,39,1681,2048,9801,11849
2,65637,39,0,0,39,39,1683,34374,1,34375
2,65637,9477,0,0,39,39,1683,5000,729,5729
2,65637,15795,0,0,39,39,1683,32,2025,2057
2,65700,36,0,0,36,36,1825,4374,1,4375
2,65700,2628,0,0,36,36,1825,2450,73,2523
2,65700,2916,0,0,36,36,1825,42632,243,42875
2,65700,4500,0,0,36,36,1825,4704,625,5329
2,65700,12348,0,0,36,36,1825,1682,343,2025
2,65700,12348,0,0,36,36,1825,9344,2401,11745
2,65722,24786,0,0,34,34,1933,77320,2187,79507
2,65723,41,0,0,41,41,1603,4374,1,4375
2,65723,3321,0,0,41,41,1603,5000,243,5243
2,65769,33,0,0,33,33,1993,4374,1,4375
2,65769,231,0,0,33,33,1993,3200,49,3249
2,65772,252,0,0,36,36,1827,27848,21,27869
2,65772,34596,0,0,36,36,1827,8,2883,2891
2,65790,918,0,0,34,34,1935,3698,27,3725
2,65790,1462,0,0,34,34,1935,15496,129,15625
2,65790,1462,0,0,136,34,1935,4096,129,4225
2,65790,2754,0,0,34,34,1935,8192,1053,9245
2,65790,11050,0,0,34,34,1935,3698,325,4023
2,65790,45594,0,0,34,34,1935,1352,4023,5375
2,65790,62866,0,0,34,34,1935,338,1849,2187
2,65800,40,0,0,40,40,1645,4374,1,4375
2,65800,1880,0,0,40,40,1645,1952,235,2187
2,65800,9800,0,0,40,40,1645,1152,1715,2867
2,65800,22680,0,0,40,40,1645,32,2835,2867
2,65800,27000,0,0,40,40,1645,376,2025,2401
2,65800,29160,0,0,40,40,1645,24064,6561,30625
2,65835,33,0,0,33,33,1995,4374,1,4375
2,65835,231,0,0,33,33,1995,3200,49,3249
2,65835,1715,0,0,35,35,1881,2152,147,2299
2,65835,8505,0,0,35,35,1881,1672,729,2401
2,65835,59535,0,0,35,35,1881,8,5103,5111
2,65905,35,0,0,70,35,1883,4900,1,4901
2,65919,43,0,0,43,43,1533,4374,1,4375
2,65919,3483,0,0,43,43,1533,42632,243,42875
2,65919,5375,0,0,43,43,1533,4704,625,5329
2,65971,37,0,0,37,37,1783,4374,1,4375
2,65975,35,0,0,35,35,1885,4896,5,4901
2,65975,105,0,0,35,35,1885,6250,3,6253
2,65975,455,0,0,70,35,1885,3132,13,3145
2,65975,1365,0,0,35,35,1885,6728,117,6845
2,65975,1785,0,0,35,35,1885,2146,51,2197
2,65975,4725,0,0,35,35,1885,2738,135,2873
2,65975,29435,0,0,35,35,1885,8192,10933,19125
2,65975,32375,0,0,35,35,1885,288,4625,4913
2,65975,47915,0,0,35,35,1885,7250,1369,8619
2,65975,47915,0,0,35,35,1885,8704,12321,21025
2,65975,50505,0,0,35,35,1885,1682,1443,3125
2,65975,65625,0,0,35,35,1885,48778,1875,50653
2,65988,1404,0,0,72,36,1833,3008,117,3125
2,66040,40,0,0,40,40,1651,6858,1,6859
2,66045,37,0,0,37,37,1785,4374,1,4375
2,66066,42,0,0,42,42,1573,4374,1,4375
2,66066,462,0,0,42,42,1573,1690,11,1701
2,66066,3822,0,0,42,42,1573,8192,1183,9375
2,66066,5082,0,0,42,42,1573,1352,363,1715
2,66066,12474,0,0,42,42,1573,512,2673,3185
2,66066,22638,0,0,42,42,1573,8,1617,1625
2,66066,22638,0,0,42,42,1573,16000,3773,19773
2,66066,30618,0,0,42,42,1573,88,2187,2275
2,66066,35574,0,0,42,42,1573,1350,847,2197
2,66066,55902,0,0,42,42,1573,294,1331,1625
2,66120,22040,0,0,80,40,1653,1324,551,1875
2,66130,8262,0,0,34,34,1945,77800,729,78529
2,66130,13226,0,0,34,34,1945,6750,389,7139
2,66130,66130,0,0,34,34,1945,242,1945,2187
2,66132,44,0,0,44,44,1503,4374,1,4375
2,66132,7348,0,0,88,44,1503,1548,167,1715
2,66150,42,0,0,42,42,1575,4374,1,4375
2,66150,42,0,0,42,42,1575,10368,7,10375
2,66150,42,0,0,42,42,1575,33614,1,33615
2,66150,294,0,0,42,42,1575,3200,49,3249
2,66193,66193,0,0,37,37,1789,398,1789,2187
2,66204,26244,0,0,36,36,1839,2104,2187,4291
2,66215,41,0,0,41,41,1615,4374,1,4375
2,66215,41,0,0,82,41,1615,1700,1,1701
2,66215,205,0,0,82,41,1615,2052,5,2057
2,66215,287,0,0,41,41,1615,2048,77,2125
2,66215,287,0,0,41,41,1615,3200,49,3249
2,66215,287,0,0,41,41,1615,20570,7,20577
2,66215,451,0,0,41,41,1615,2250,11,2261
2,66215,697,0,0,41,41,1615,11858,17,11875
2,66215,697,0,0,41,41,1615,68590,17,68607
2,66215,697,0,0,82,41,1615,10108,17,10125
2,66215,779,0,0,41,41,1615,6050,19,6069
2,66215,779,0,0,41,41,1615,15606,19,15625
2,66215,779,0,0,41,41,1615,36992,133,37125
2,66215,779,0,0,82,41,1615,4356,19,4375
2,66215,779,0,0,82,41,1615,15876,19,15895
2,66215,861,0,0,41,41,1615,2312,63,2375
2,66215,2009,0,0,41,41,1615,2250,49,2299
2,66215,4059,0,0,41,41,1615,2432,693,3125
2,66215,5453,0,0,41,41,1615,3200,931,4131
2,66215,6027,0,0,41,41,1615,2584,441,3025
2,66215,7175,0,0,41,41,1615,5984,875,6859
2,66215,8569,0,0,41,41,1615,1666,209,1875
2,66215,9963,0,0,41,41,1615,1672,729,2401
2,66215,10045,0,0,41,41,1615,2662,245,2907
2,66215,11849,0,0,41,41,1615,2432,2023,4455
2,66215,12915,0,0,41,41,1615,4598,315,4913
2,66215,14063,0,0,41,41,1615,1782,343,2125
2,66215,14063,0,0,41,41,1615,1152,2401,3553
2,66215,14801,0,0,41,41,1615,6144,3971,10115
2,66215,16605,0,0,41,41,1615,32,2025,2057
2,66215,17425,0,0,41,41,1615,2662,425,3087
2,66215,22099,0,0,41,41,1615,4374,539,4913
2,66215,24805,0,0,41,41,1615,224,3025,3249
2,66215,25625,0,0,41,41,1615,512,5625,6137
2,66215,27675,0,0,41,41,1615,2888,2025,4913
2,66215,28413,0,0,41,41,1615,640,4851,5491
2,66215,29889,0,0,41,41,1615,2450,729,3179
2,66215,54571,0,0,41,41,1615,6250,1331,7581
2,66215,54571,0,0,41,41,1615,11552,6655,18207
2,66215,54571,0,0,41,41,1615,19494,1331,20825
2,66215,56375,0,0,41,41,1615,1026,1375,2401
2,66215,56457,0,0,41,41,1615,2744,4131,6875
2,66215,59983,0,0,41,41,1615,384,10241,10625
2,66234,38,0,0,38,38,1743,4374,1,4375
2,66234,38,0,0,38,38,1743,10368,7,10375
2,66234,38,0,0,38,38,1743,33614,1,33615
2,66234,9234,0,0,38,38,1743,34202,243,34445
2,66234,39102,0,0,38,38,1743,44672,7203,51875
2,66348,60516,0,0,36,36,1843,194,1681,1875
2,66360,66360,0,0,80,40,1659,9664,4977,14641
2,66402,34,0,0,34,34,1953,4374,1,4375
2,66402,102,0,0,34,34,1953,4802,3,4805
2,66402,170,0,0,34,34,1953,12152,15,12167
2,66402,238,0,0,34,34,1953,32798,7,32805
2,66402,306,0,0,68,34,1953,2116,9,2125
2,66402,578,0,0,34,34,1953,2170,17,2187
2,66402,578,0,0,34,34,1953,12150,17,12167
2,66402,1054,0,0,68,34,1953,19652,31,19683
2,66402,1302,0,0,84,42,1581,19652,31,19683
2,66402,2754,0,0,34,34,1953,5750,81,5831
2,66402,3162,0,0,136,34,1953,4096,279,4375
2,66402,4590,0,0,34,34,1953,3968,945,4913
2,66402,8262,0,0,34,34,1953,8750,243,8993
2,66402,9486,0,0,34,34,1953,1288,837,2125
2,66402,41650,0,0,34,34,1953,384,8575,8959
2,66402,41650,0,0,34,34,1953,28566,1225,29791
2,66402,44982,0,0,34,34,1953,32,6615,6647
2,66402,57834,0,0,34,34,1953,17000,5103,22103
2,66402,63750,0,0,34,34,1953,3038,1875,4913
2,66417,10725,0,0,39,39,1703,1922,275,2197
2,66424,76,0,0,76,38,1748,12160,7,12167
2,66435,43,0,0,43,43,1545,1750,1,1751
2,66435,43,0,0,43,43,1545,4374,1,4375
2,66435,43,0,0,43,43,1545,59534,1,59535
2,66435,43,0,0,43,43,1545,65610,1,65611
2,66435,43,0,0,86,43,1545,1700,1,1701
2,66435,43,0,0,86,43,1545,31212,1,31213
2,66435,129,0,0,43,43,1545,2176,21,2197
2,66435,301,0,0,43,43,1545,3750,7,3757
2,66435,559,0,0,43,43,1545,8330,13,8343
2,66435,1075,0,0,43,43,1545,9248,125,9373
2,66435,3655,0,0,43,43,1545,4374,85,4459
2,66435,3913,0,0,43,43,1545,8192,1183,9375
2,66435,5031,0,0,43,43,1545,1400,351,1751
2,66435,7267,0,0,43,43,1545,1854,169,2023
2,66435,9503,0,0,43,43,1545,640,1547,2187
2,66435,14749,0,0,43,43,1545,1854,343,2197
2,66435,18963,0,0,43,43,1545,6656,3969,10625
2,66435,21801,0,0,43,43,1545,3296,2535,5831
2,66435,39861,0,0,43,43,1545,2744,2781,5525
2,66435,57577,0,0,43,43,1545,686,1339,2025
2,66435,59211,0,0,43,43,1545,338,1377,1715
2,66462,33858,0,0,38,38,1749,136,2673,2809
2,66495,39,0,0,39,39,1705,3750,1,3751
2,66495,351,0,0,39,39,1705,6250,9,6259
2,66495,429,0,0,78,39,1705,2500,11,2511
2,66500,9500,0,0,76,38,1750,4704,625,5329
2,66570,42,0,0,42,42,1585,7290,1,7291
2,66572,16500,0,0,44,44,1513,9826,375,10201
2,66605,385,0,0,35,35,1903,3114,11,3125
2,66605,6055,0,0,70,35,1903,2500,173,2673
2,66612,546,0,0,78,39,1708,3200,49,3249
2,66660,16500,0,0,44,44,1515,3362,375,3737
2,66690,38,0,0,38,38,1755,4374,1,4375
2,66690,342,0,0,38,38,1755,3200,63,3263
2,66690,1330,0,0,38,38,1755,6526,35,6561
2,66690,2394,0,0,38,38,1755,2008,189,2197
2,66690,3458,0,0,38,38,1755,8192,1183,9375
2,66690,66690,0,0,38,38,1755,8032,8775,16807
2,66708,13356,0,0,36,36,1853,128,2597,2725
2,66742,17238,0,0,34,34,1963,77312,4563,81875
2,66780,36,0,0,36,36,1855,2592,5,2597
2,66780,36,0,0,36,36,1855,4374,1,4375
2,66780,252,0,0,36,36,1855,5618,7,5625
2,66780,13356,0,0,36,36,1855,6190,371,6561
2,66780,37044,0,0,36,36,1855,8,3087,3095
2,66780,51516,0,0,36,36,1855,40,4293,4333
2,66792,968,0,0,88,44,1518,11776,99,11875
2,66807,39,0,0,39,39,1713,4374,1,4375
2,66810,34,0,0,34,34,1965,4374,1,4375
2,66810,11662,0,0,34,34,1965,128,2401,2529
2,66815,105,0,0,35,35,1909,2392,9,2401
2,66815,8505,0,0,35,35,1909,2158,243,2401
2,66815,41405,0,0,35,35,1909,1058,1183,2241
2,66865,13373,0,0,43,43,1555,6250,311,6561
2,66906,12390,0,0,42,42,1593,7776,1475,9251
2,66906,35322,0,0,42,42,1593,6534,841,7375
2,66953,41,0,0,41,41,1633,5750,1,5751
2,66953,1107,0,0,41,41,1633,5014,27,5041
2,66953,2911,0,0,82,41,1633,2116,71,2187
2,66953,4469,0,0,41,41,1633,3266,109,3375
2,67000,3240,0,0,40,40,1675,8192,1053,9245
2,67000,22360,0,0,40,40,1675,1250,559,1809
2,67000,24120,0,0,40,40,1675,40,1809,1849
2,67070,5130,0,0,38,38,1765,9728,1215,10943
2,67080,8760,0,0,40,40,1677,1978,219,2197
2,67081,37,0,0,37,37,1813,4374,1,4375
2,67081,407,0,0,37,37,1813,9250,11,9261
2,67081,50653,0,0,37,37,1813,83006,1369,84375
2,67146,1178,0,0,38,38,1767,2318,31,2349
2,67146,22382,0,0,76,38,1767,3132,589,3721
2,67155,37,0,0,37,37,1815,64000,9,64009
2,67155,37,0,0,37,37,1815,71874,1,71875
2,67155,407,0,0,37,37,1815,3634,11,3645
2,67155,4625,0,0,37,37,1815,1738,125,1863
2,67155,8769,0,0,37,37,1815,512,2133,2645
2,67155,13431,0,0,37,37,1815,14536,1089,15625
2,67155,24975,0,0,37,37,1815,5566,675,6241
2,67158,7462,0,0,82,41,1638,8192,1183,9375
2,67212,67212,0,0,36,36,1867,534,1867,2401
2,67240,35640,0,0,40,40,1681,2048,9801,11849
2,67266,7474,0,0,74,37,1818,7776,505,8281
2,67275,39,0,0,39,39,1725,64000,9,64009
2,67275,39,0,0,39,39,1725,71874,1,71875
2,67275,897,0,0,39,39,1725,19602,23,19625
2,67298,874,0,0,38,38,1771,23814,23,23837
2,67305,35,0,0,35,35,1923,4374,1,4375
2,67305,31185,0,0,35,35,1923,32,4455,4487
2,67320,40,0,0,40,40,1683,34374,1,34375
2,67320,9720,0,0,40,40,1683,5000,729,5729
2,67320,16200,0,0,40,40,1683,32,2025,2057
2,67326,42,0,0,42,42,1603,4374,1,4375
2,67326,3402,0,0,42,42,1603,5000,243,5243
2,67375,21875,0,0,35,35,1925,32,3125,3157
2,67375,30625,0,0,35,35,1925,1312,4375,5687
2,67445,41,0,0,41,41,1645,4374,1,4375
2,67445,1927,0,0,41,41,1645,1952,235,2187
2,67445,10045,0,0,41,41,1645,1152,1715,2867
2,67445,23247,0,0,41,41,1645,32,2835,2867
2,67445,27675,0,0,41,41,1645,376,2025,2401
2,67445,29889,0,0,41,41,1645,24064,6561,30625
2,67452,44,0,0,44,44,1533,4374,1,4375
2,67452,3564,0,0,44,44,1533,42632,243,42875
2,67452,5500,0,0,44,44,1533,4704,625,5329
2,67525,37,0,0,37,37,1825,4374,1,4375
2,67525,2701,0,0,37,37,1825,2450,73,2523
2,67525,2997,0,0,37,37,1825,42632,243,42875
2,67525,4625,0,0,37,37,1825,4704,625,5329
2,67525,12691,0,0,37,37,1825,1682,343,2025
2,67525,12691,0,0,37,37,1825,9344,2401,11745
2,67599,259,0,0,37,37,1827,27848,21,27869
2,67599,35557,0,0,37,37,1827,8,2883,2891
2,67635,45,0,0,45,45,1503,4374,1,4375
2,67635,7515,0,0,90,45,1503,1548,167,1715
2,67639,43,0,0,43,43,1573,4374,1,4375
2,67639,473,0,0,43,43,1573,1690,11,1701
2,67639,3913,0,0,43,43,1573,8192,1183,9375
2,67639,5203,0,0,43,43,1573,1352,363,1715
2,67639,12771,0,0,43,43,1573,512,2673,3185
2,67639,23177,0,0,43,43,1573,8,1617,1625
2,67639,23177,0,0,43,43,1573,16000,3773,19773
2,67639,31347,0,0,43,43,1573,88,2187,2275
2,67639,36421,0,0,43,43,1573,1350,847,2197
2,67639,57233,0,0,43,43,1573,294,1331,1625
2,67655,25515,0,0,35,35,1933,77320,2187,79507
2,67691,41,0,0,41,41,1651,6858,1,6859
2,67716,1764,0,0,36,36,1881,2152,147,2299
2,67716,8748,0,0,36,36,1881,1672,729,2401
2,67716,61236,0,0,36,36,1881,8,5103,5111
2,67725,43,0,0,43,43,1575,4374,1,4375
2,67725,43,0,0,43,43,1575,10368,7,10375
2,67725,43,0,0,43,43,1575,33614,1,33615
2,67725,301,0,0,43,43,1575,3200,49,3249
2,67725,945,0,0,35,35,1935,3698,27,3725
2,67725,1505,0,0,35,35,1935,15496,129,15625
2,67725,2835,0,0,35,35,1935,8192,1053,9245
2,67725,11375,0,0,35,35,1935,3698,325,4023
2,67725,46935,0,0,35,35,1935,1352,4023,5375
2,67725,64715,0,0,35,35,1935,338,1849,2187
2,67754,38,0,0,38,38,1783,4374,1,4375
2,67762,34,0,0,34,34,1993,4374,1,4375
2,67762,238,0,0,34,34,1993,3200,49,3249
2,67773,22591,0,0,82,41,1653,1324,551,1875
2,67788,36,0,0,72,36,1883,4900,1,4901
2,67821,1443,0,0,74,37,1833,3008,117,3125
2,67830,34,0,0,34,34,1995,4374,1,4375
2,67830,38,0,0,38,38,1785,4374,1,4375
2,67830,42,0,0,42,42,1615,4374,1,4375
2,67830,42,0,0,84,42,1615,1700,1,1701
2,67830,210,0,0,84,42,1615,2052,5,2057
2,67830,238,0,0,34,34,1995,3200,49,3249
2,67830,294,0,0,42,42,1615,2048,77,2125
2,67830,294,0,0,42,42,1615,3200,49,3249
2,67830,294,0,0,42,42,1615,20570,7,20577
2,67830,462,0,0,42,42,1615,2250,11,2261
2,67830,714,0,0,42,42,1615,11858,17,11875
2,67830,714,0,0,42,42,1615,68590,17,68607
2,67830,714,0,0,84,42,1615,10108,17,10125
2,67830,798,0,0,42,42,1615,6050,19,6069
2,67830,798,0,0,42,42,1615,15606,19,15625
2,67830,798,0,0,42,42,1615,36992,133,37125
2,67830,798,0,0,84,42,1615,4356,19,4375
2,67830,798,0,0,84,42,1615,15876,19,15895
2,67830,882,0,0,42,42,1615,2312,63,2375
2,67830,2058,0,0,42,42,1615,2250,49,2299
2,67830,4158,0,0,42,42,1615,2432,693,3125
2,67830,5586,0,0,42,42,1615,3200,931,4131
2,67830,6174,0,0,42,42,1615,2584,441,3025
2,67830,7350,0,0,42,42,1615,5984,875,6859
2,67830,8778,0,0,42,42,1615,1666,209,1875
2,67830,10206,0,0,42,42,1615,1672,729,2401
2,67830,10290,0,0,42,42,1615,2662,245,2907
2,67830,12138,0,0,42,42,1615,2432,2023,4455
2,67830,13230,0,0,42,42,1615,4598,315,4913
2,67830,14406,0,0,42,42,1615,1782,343,2125
2,67830,14406,0,0,42,42,1615,1152,2401,3553
2,67830,15162,0,0,42,42,1615,6144,3971,10115
2,67830,17010,0,0,42,42,1615,32,2025,2057
2,67830,17850,0,0,42,42,1615,2662,425,3087
2,67830,22638,0,0,42,42,1615,4374,539,4913
2,67830,25410,0,0,42,42,1615,224,3025,3249
2,67830,26250,0,0,42,42,1615,512,5625,6137
2,67830,28350,0,0,42,42,1615,2888,2025,4913
2,67830,29106,0,0,42,42,1615,640,4851,5491
2,67830,30618,0,0,42,42,1615,2450,729,3179
2,67830,55902,0,0,42,42,1615,6250,1331,7581
2,67830,55902,0,0,42,42,1615,11552,6655,18207
2,67830,55902,0,0,42,42,1615,19494,1331,20825
2,67830,57750,0,0,42,42,1615,1026,1375,2401
2,67830,57834,0,0,42,42,1615,2744,4131,6875
2,67830,61446,0,0,42,42,1615,384,10241,10625
2,67860,36,0,0,36,36,1885,4896,5,4901
2,67860,108,0,0,36,36,1885,6250,3,6253
2,67860,468,0,0,72,36,1885,3132,13,3145
2,67860,1404,0,0,36,36,1885,6728,117,6845
2,67860,1836,0,0,36,36,1885,2146,51,2197
2,67860,4860,0,0,36,36,1885,2738,135,2873
2,67860,30276,0,0,36,36,1885,8192,10933,19125
2,67860,33300,0,0,36,36,1885,288,4625,4913
2,67860,49284,0,0,36,36,1885,7250,1369,8619
2,67860,49284,0,0,36,36,1885,8704,12321,21025
2,67860,51948,0,0,36,36,1885,1682,1443,3125
2,67860,67500,0,0,36,36,1885,48778,1875,50653
2,67977,39,0,0,39,39,1743,4374,1,4375
2,67977,39,0,0,39,39,1743,10368,7,10375
2,67977,39,0,0,39,39,1743,33614,1,33615
2,67977,9477,0,0,39,39,1743,34202,243,34445
2,67977,40131,0,0,39,39,1743,44672,7203,51875
2,67980,44,0,0,44,44,1545,1750,1,1751
2,67980,44,0,0,44,44,1545,4374,1,4375
2,67980,44,0,0,44,44,1545,59534,1,59535
2,67980,44,0,0,44,44,1545,65610,1,65611
2,67980,44,0,0,88,44,1545,1700,1,1701
2,67980,44,0,0,88,44,1545,31212,1,31213
2,67980,132,0,0,44,44,1545,2176,21,2197
2,67980,308,0,0,44,44,1545,3750,7,3757
2,67980,572,0,0,44,44,1545,8330,13,8343
2,67980,1100,0,0,44,44,1545,9248,125,9373
2,67980,3740,0,0,44,44,1545,4374,85,4459
2,67980,4004,0,0,44,44,1545,8192,1183,9375
2,67980,5148,0,0,44,44,1545,1400,351,1751
2,67980,7436,0,0,44,44,1545,1854,169,2023
2,67980,9724,0,0,44,44,1545,640,1547,2187
2,67980,15092,0,0,44,44,1545,1854,343,2197
2,67980,19404,0,0,44,44,1545,6656,3969,10625
2,67980,22308,0,0,44,44,1545,3296,2535,5831
2,67980,40788,0,0,44,44,1545,2744,2781,5525
2,67980,58916,0,0,44,44,1545,686,1339,2025
2,67980,60588,0,0,44,44,1545,338,1377,1715
2,67982,67982,0,0,38,38,1789,398,1789,2187
2,67983,1333,0,0,86,43,1581,19652,31,19683
2,68019,68019,0,0,82,41,1659,9664,4977,14641
2,68043,26973,0,0,37,37,1839,2104,2187,4291
2,68075,8505,0,0,35,35,1945,77800,729,78529
2,68075,13615,0,0,35,35,1945,6750,389,7139
2,68075,68075,0,0,35,35,1945,242,1945,2187
2,68085,16875,0,0,45,45,1513,9826,375,10201
2,68120,11000,0,0,40,40,1703,1922,275,2197
2,68155,43,0,0,43,43,1585,7290,1,7291
2,68172,78,0,0,78,39,1748,12160,7,12167
2,68175,16875,0,0,45,45,1515,3362,375,3737
2,68191,62197,0,0,37,37,1843,194,1681,1875
2,68200,40,0,0,40,40,1705,3750,1,3751
2,68200,360,0,0,40,40,1705,6250,9,6259
2,68200,440,0,0,80,40,1705,2500,11,2511
2,68211,34749,0,0,39,39,1749,136,2673,2809
2,68250,9750,0,0,78,39,1750,4704,625,5329
2,68310,990,0,0,90,45,1518,11776,99,11875
2,68320,560,0,0,80,40,1708,3200,49,3249
2,68355,35,0,0,35,35,1953,4374,1,4375
2,68355,105,0,0,35,35,1953,4802,3,4805
2,68355,175,0,0,35,35,1953,12152,15,12167
2,68355,245,0,0,35,35,1953,32798,7,32805
2,68355,315,0,0,70,35,1953,2116,9,2125
2,68355,595,0,0,35,35,1953,2170,17,2187
2,68355,595,0,0,35,35,1953,12150,17,12167
2,68355,1085,0,0,70,35,1953,19652,31,19683
2,68355,2835,0,0,35,35,1953,5750,81,5831
2,68355,4725,0,0,35,35,1953,3968,945,4913
2,68355,8505,0,0,35,35,1953,8750,243,8993
2,68355,9765,0,0,35,35,1953,1288,837,2125
2,68355,42875,0,0,35,35,1953,384,8575,8959
2,68355,42875,0,0,35,35,1953,28566,1225,29791
2,68355,46305,0,0,35,35,1953,32,6615,6647
2,68355,59535,0,0,35,35,1953,17000,5103,22103
2,68355,65625,0,0,35,35,1953,3038,1875,4913
2,68420,13684,0,0,44,44,1555,6250,311,6561
2,68445,39,0,0,39,39,1755,4374,1,4375
2,68445,351,0,0,39,39,1755,3200,63,3263
2,68445,1365,0,0,39,39,1755,6526,35,6561
2,68445,2457,0,0,39,39,1755,2008,189,2197
2,68445,3549,0,0,39,39,1755,8192,1183,9375
2,68445,68445,0,0,39,39,1755,8032,8775,16807
2,68499,12685,0,0,43,43,1593,7776,1475,9251
2,68499,36163,0,0,43,43,1593,6534,841,7375
2,68508,396,0,0,36,36,1903,3114,11,3125
2,68508,6228,0,0,72,36,1903,2500,173,2673
2,68520,40,0,0,40,40,1713,4374,1,4375
2,68561,13727,0,0,37,37,1853,128,2597,2725
2,68586,42,0,0,42,42,1633,5750,1,5751
2,68586,1134,0,0,42,42,1633,5014,27,5041
2,68586,2982,0,0,84,42,1633,2116,71,2187
2,68586,4578,0,0,42,42,1633,3266,109,3375
2,68635,37,0,0,37,37,1855,2592,5,2597
2,68635,37,0,0,37,37,1855,4374,1,4375
2,68635,259,0,0,37,37,1855,5618,7,5625
2,68635,13727,0,0,37,37,1855,6190,371,6561
2,68635,38073,0,0,37,37,1855,8,3087,3095
2,68635,52947,0,0,37,37,1855,40,4293,4333
2,68675,3321,0,0,41,41,1675,8192,1053,9245
2,68675,22919,0,0,41,41,1675,1250,559,1809
2,68675,24723,0,0,41,41,1675,40,1809,1849
2,68705,17745,0,0,35,35,1963,77312,4563,81875
2,68724,108,0,0,36,36,1909,2392,9,2401
2,68724,8748,0,0,36,36,1909,2158,243,2401
2,68724,42588,0,0,36,36,1909,1058,1183,2241
2,68757,8979,0,0,41,41,1677,1978,219,2197
2,68775,35,0,0,35,35,1965,4374,1,4375
2,68775,12005,0,0,35,35,1965,128,2401,2529
2,68796,7644,0,0,84,42,1638,8192,1183,9375
2,68835,5265,0,0,39,39,1765,9728,1215,10943
2,68894,38,0,0,38,38,1813,4374,1,4375
2,68894,418,0,0,38,38,1813,9250,11,9261
2,68894,52022,0,0,38,38,1813,83006,1369,84375
2,68913,1209,0,0,39,39,1767,2318,31,2349
2,68913,22971,0,0,78,39,1767,3132,589,3721
2,68921,36531,0,0,41,41,1681,2048,9801,11849
2,68929,43,0,0,43,43,1603,4374,1,4375
2,68929,3483,0,0,43,43,1603,5000,243,5243
2,68970,38,0,0,38,38,1815,64000,9,64009
2,68970,38,0,0,38,38,1815,71874,1,71875
2,68970,418,0,0,38,38,1815,3634,11,3645
2,68970,4750,0,0,38,38,1815,1738,125,1863
2,68970,9006,0,0,38,38,1815,512,2133,2645
2,68970,13794,0,0,38,38,1815,14536,1089,15625
2,68970,25650,0,0,38,38,1815,5566,675,6241
2,68985,45,0,0,45,45,1533,4374,1,4375
2,68985,3645,0,0,45,45,1533,42632,243,42875
2,68985,5625,0,0,45,45,1533,4704,625,5329
2,69000,40,0,0,40,40,1725,64000,9,64009
2,69000,40,0,0,40,40,1725,71874,1,71875
2,69000,920,0,0,40,40,1725,19602,23,19625
2,69003,41,0,0,41,41,1683,34374,1,34375
2,69003,9963,0,0,41,41,1683,5000,729,5729
2,69003,16605,0,0,41,41,1683,32,2025,2057
2,69069,897,0,0,39,39,1771,23814,23,23837
2,69079,69079,0,0,37,37,1867,534,1867,2401
2,69084,7676,0,0,76,38,1818,7776,505,8281
2,69090,42,0,0,42,42,1645,4374,1,4375
2,69090,1974,0,0,42,42,1645,1952,235,2187
2,69090,10290,0,0,42,42,1645,1152,1715,2867
2,69090,23814,0,0,42,42,1645,32,2835,2867
2,69090,28350,0,0,42,42,1645,376,2025,2401
2,69090,30618,0,0,42,42,1645,24064,6561,30625
2,69138,46,0,0,46,46,1503,4374,1,4375
2,69138,7682,0,0,92,46,1503,1548,167,1715
2,69212,44,0,0,44,44,1573,4374,1,4375
2,69212,484,0,0,44,44,1573,1690,11,1701
2,69212,4004,0,0,44,44,1573,8192,1183,9375
2,69212,5324,0,0,44,44,1573,1352,363,1715
2,69212,13068,0,0,44,44,1573,512,2673,3185
2,69212,23716,0,0,44,44,1573,8,1617,1625
2,69212,23716,0,0,44,44,1573,16000,3773,19773
2,69212,32076,0,0,44,44,1573,88,2187,2275
2,69212,37268,0,0,44,44,1573,1350,847,2197
2,69212,58564,0,0,44,44,1573,294,1331,1625
2,69228,36,0,0,36,36,1923,4374,1,4375
2,69228,32076,0,0,36,36,1923,32,4455,4487
2,69300,44,0,0,44,44,1575,4374,1,4375
2,69300,44,0,0,44,44,1575,10368,7,10375
2,69300,44,0,0,44,44,1575,33614,1,33615
2,69300,308,0,0,44,44,1575,3200,49,3249
2,69300,22500,0,0,36,36,1925,32,3125,3157
2,69300,31500,0,0,36,36,1925,1312,4375,5687
2,69342,42,0,0,42,42,1651,6858,1,6859
2,69350,38,0,0,38,38,1825,4374,1,4375
2,69350,2774,0,0,38,38,1825,2450,73,2523
2,69350,3078,0,0,38,38,1825,42632,243,42875
2,69350,4750,0,0,38,38,1825,4704,625,5329
2,69350,13034,0,0,38,38,1825,1682,343,2025
2,69350,13034,0,0,38,38,1825,9344,2401,11745
2,69426,266,0,0,38,38,1827,27848,21,27869
2,69426,23142,0,0,84,42,1653,1324,551,1875
2,69426,36518,0,0,38,38,1827,8,2883,2891
2,69445,43,0,0,43,43,1615,4374,1,4375
2,69445,43,0,0,86,43,1615,1700,1,1701
2,69445,215,0,0,86,43,1615,2052,5,2057
2,69445,301,0,0,43,43,1615,2048,77,2125
2,69445,301,0,0,43,43,1615,3200,49,3249
2,69445,301,0,0,43,43,1615,20570,7,20577
2,69445,473,0,0,43,43,1615,2250,11,2261
2,69445,731,0,0,43,43,1615,11858,17,11875
2,69445,731,0,0,43,43,1615,68590,17,68607
2,69445,731,0,0,86,43,1615,10108,17,10125
2,69445,817,0,0,43,43,1615,6050,19,6069
2,69445,817,0,0,43,43,1615,15606,19,15625
2,69445,817,0,0,43,43,1615,36992,133,37125
2,69445,817,0,0,86,43,1615,4356,19,4375
2,69445,817,0,0,86,43,1615,15876,19,15895
2,69445,903,0,0,43,43,1615,2312,63,2375
2,69445,2107,0,0,43,43,1615,2250,49,2299
2,69445,4257,0,0,43,43,1615,2432,693,3125
2,69445,5719,0,0,43,43,1615,3200,931,4131
2,69445,6321,0,0,43,43,1615,2584,441,3025
2,69445,7525,0,0,43,43,1615,5984,875,6859
2,69445,8987,0,0,43,43,1615,1666,209,1875
2,69445,10449,0,0,43,43,1615,1672,729,2401
2,69445,10535,0,0,43,43,1615,2662,245,2907
2,69445,12427,0,0,43,43,1615,2432,2023,4455
2,69445,13545,0,0,43,43,1615,4598,315,4913
2,69445,14749,0,0,43,43,1615,1782,343,2125
2,69445,14749,0,0,43,43,1615,1152,2401,3553
2,69445,15523,0,0,43,43,1615,6144,3971,10115
2,69445,17415,0,0,43,43,1615,32,2025,2057
2,69445,18275,0,0,43,43,1615,2662,425,3087
2,69445,23177,0,0,43,43,1615,4374,539,4913
2,69445,26015,0,0,43,43,1615,224,3025,3249
2,69445,26875,0,0,43,43,1615,512,5625,6137
2,69445,29025,0,0,43,43,1615,2888,2025,4913
2,69445,29799,0,0,43,43,1615,640,4851,5491
2,69445,31347,0,0,43,43,1615,2450,729,3179
2,69445,57233,0,0,43,43,1615,6250,1331,7581
2,69445,57233,0,0,43,43,1615,11552,6655,18207
2,69445,57233,0,0,43,43,1615,19494,1331,20825
2,69445,59125,0,0,43,43,1615,1026,1375,2401
2,69445,59211,0,0,43,43,1615,2744,4131,6875
2,69445,62909,0,0,43,43,1615,384,10241,10625
2,69525,45,0,0,45,45,1545,1750,1,1751
2,69525,45,0,0,45,45,1545,4374,1,4375
2,69525,45,0,0,45,45,1545,59534,1,59535
2,69525,45,0,0,45,45,1545,65610,1,65611
2,69525,45,0,0,90,45,1545,1700,1,1701
2,69525,45,0,0,90,45,1545,31212,1,31213
2,69525,135,0,0,45,45,1545,2176,21,2197
2,69525,315,0,0,45,45,1545,3750,7,3757
2,69525,585,0,0,45,45,1545,8330,13,8343
2,69525,1125,0,0,45,45,1545,9248,125,9373
2,69525,3825,0,0,45,45,1545,4374,85,4459
2,69525,4095,0,0,45,45,1545,8192,1183,9375
2,69525,5265,0,0,45,45,1545,1400,351,1751
2,69525,7605,0,0,45,45,1545,1854,169,2023
2,69525,9945,0,0,45,45,1545,640,1547,2187
2,69525,15435,0,0,45,45,1545,1854,343,2197
2,69525,19845,0,0,45,45,1545,6656,3969,10625
2,69525,22815,0,0,45,45,1545,3296,2535,5831
2,69525,41715,0,0,45,45,1545,2744,2781,5525
2,69525,60255,0,0,45,45,1545,686,1339,2025
2,69525,61965,0,0,45,45,1545,338,1377,1715
2,69537,39,0,0,39,39,1783,4374,1,4375
2,69564,1364,0,0,88,44,1581,19652,31,19683
2,69588,26244,0,0,36,36,1933,77320,2187,79507
2,69597,1813,0,0,37,37,1881,2152,147,2299
2,69597,8991,0,0,37,37,1881,1672,729,2401
2,69597,62937,0,0,37,37,1881,8,5103,5111
2,69598,17250,0,0,46,46,1513,9826,375,10201
2,69615,39,0,0,39,39,1785,4374,1,4375
2,69654,1482,0,0,76,38,1833,3008,117,3125
2,69660,972,0,0,36,36,1935,3698,27,3725
2,69660,1548,0,0,36,36,1935,15496,129,15625
2,69660,2916,0,0,36,36,1935,8192,1053,9245
2,69660,11700,0,0,36,36,1935,3698,325,4023
2,69660,48276,0,0,36,36,1935,1352,4023,5375
2,69660,66564,0,0,36,36,1935,338,1849,2187
2,69671,37,0,0,74,37,1883,4900,1,4901
2,69678,69678,0,0,84,42,1659,9664,4977,14641
2,69690,17250,0,0,46,46,1515,3362,375,3737
2,69720,40,0,0,40,40,1743,4374,1,4375
2,69720,40,0,0,40,40,1743,10368,7,10375
2,69720,40,0,0,40,40,1743,33614,1,33615
2,69720,9720,0,0,40,40,1743,34202,243,34445
2,69720,41160,0,0,40,40,1743,44672,7203,51875
2,69740,44,0,0,44,44,1585,7290,1,7291
2,69745,37,0,0,37,37,1885,4896,5,4901
2,69745,111,0,0,37,37,1885,6250,3,6253
2,69745,481,0,0,74,37,1885,3132,13,3145
2,69745,1443,0,0,37,37,1885,6728,117,6845
2,69745,1887,0,0,37,37,1885,2146,51,2197
2,69745,4995,0,0,37,37,1885,2738,135,2873
2,69745,31117,0,0,37,37,1885,8192,10933,19125
2,69745,34225,0,0,37,37,1885,288,4625,4913
2,69745,50653,0,0,37,37,1885,7250,1369,8619
2,69745,50653,0,0,37,37,1885,8704,12321,21025
2,69745,53391,0,0,37,37,1885,1682,1443,3125
2,69745,69375,0,0,37,37,1885,48778,1875,50653
2,69755,35,0,0,35,35,1993,4374,1,4375
2,69755,245,0,0,35,35,1993,3200,49,3249
2,69771,69771,0,0,39,39,1789,398,1789,2187
2,69823,11275,0,0,41,41,1703,1922,275,2197
2,69825,35,0,0,35,35,1995,4374,1,4375
2,69825,245,0,0,35,35,1995,3200,49,3249
2,69828,1012,0,0,92,46,1518,11776,99,11875
2,69882,27702,0,0,38,38,1839,2104,2187,4291
2,69905,41,0,0,41,41,1705,3750,1,3751
2,69905,369,0,0,41,41,1705,6250,9,6259
2,69905,451,0,0,82,41,1705,2500,11,2511
2,69920,80,0,0,80,40,1748,12160,7,12167
2,69960,35640,0,0,40,40,1749,136,2673,2809
2,69975,13995,0,0,45,45,1555,6250,311,6561
2,70000,10000,0,0,80,40,1750,4704,625,5329
2,70020,8748,0,0,36,36,1945,77800,729,78529
2,70020,14004,0,0,36,36,1945,6750,389,7139
2,70020,70020,0,0,36,36,1945,242,1945,2187
2,70028,574,0,0,82,41,1708,3200,49,3249
2,70034,63878,0,0,38,38,1843,194,1681,1875
2,70092,12980,0,0,44,44,1593,7776,1475,9251
2,70092,37004,0,0,44,44,1593,6534,841,7375
2,70200,40,0,0,40,40,1755,4374,1,4375
2,70200,360,0,0,40,40,1755,3200,63,3263
2,70200,1400,0,0,40,40,1755,6526,35,6561
2,70200,2520,0,0,40,40,1755,2008,189,2197
2,70200,3640,0,0,40,40,1755,8192,1183,9375
2,70200,70200,0,0,40,40,1755,8032,8775,16807
2,70219,43,0,0,43,43,1633,5750,1,5751
2,70219,1161,0,0,43,43,1633,5014,27,5041
2,70219,3053,0,0,86,43,1633,2116,71,2187
2,70219,4687,0,0,43,43,1633,3266,109,3375
2,70233,41,0,0,41,41,1713,4374,1,4375
2,70308,36,0,0,36,36,1953,4374,1,4375
2,70308,108,0,0,36,36,1953,4802,3,4805
2,70308,180,0,0,36,36,1953,12152,15,12167
2,70308,252,0,0,36,36,1953,32798,7,32805
2,70308,324,0,0,72,36,1953,2116,9,2125
2,70308,612,0,0,36,36,1953,2170,17,2187
2,70308,612,0,0,36,36,1953,12150,17,12167
2,70308,1116,0,0,72,36,1953,19652,31,19683
2,70308,2916,0,0,36,36,1953,5750,81,5831
2,70308,4860,0,0,36,36,1953,3968,945,4913
2,70308,8748,0,0,36,36,1953,8750,243,8993
2,70308,10044,0,0,36,36,1953,1288,837,2125
2,70308,44100,0,0,36,36,1953,384,8575,8959
2,70308,44100,0,0,36,36,1953,28566,1225,29791
2,70308,47628,0,0,36,36,1953,32,6615,6647
2,70308,61236,0,0,36,36,1953,17000,5103,22103
2,70308,67500,0,0,36,36,1953,3038,1875,4913
2,70350,3402,0,0,42,42,1675,8192,1053,9245
2,70350,23478,0,0,42,42,1675,1250,559,1809
2,70350,25326,0,0,42,42,1675,40,1809,1849
2,70411,407,0,0,37,37,1903,3114,11,3125
2,70411,6401,0,0,74,37,1903,2500,173,2673
2,70414,14098,0,0,38,38,1853,128,2597,2725
2,70434,7826,0,0,86,43,1638,8192,1183,9375
2,70434,9198,0,0,42,42,1677,1978,219,2197
2,70490,38,0,0,38,38,1855,2592,5,2597
2,70490,38,0,0,38,38,1855,4374,1,4375
2,70490,266,0,0,38,38,1855,5618,7,5625
2,70490,14098,0,0,38,38,1855,6190,371,6561
2,70490,39102,0,0,38,38,1855,8,3087,3095
2,70490,54378,0,0,38,38,1855,40,4293,4333
2,70518,46,0,0,46,46,1533,4374,1,4375
2,70518,3726,0,0,46,46,1533,42632,243,42875
2,70518,5750,0,0,46,46,1533,4704,625,5329
2,70532,44,0,0,44,44,1603,4374,1,4375
2,70532,3564,0,0,44,44,1603,5000,243,5243
2,70600,5400,0,0,40,40,1765,9728,1215,10943
2,70602,37422,0,0,42,42,1681,2048,9801,11849
2,70633,111,0,0,37,37,1909,2392,9,2401
2,70633,8991,0,0,37,37,1909,2158,243,2401
2,70633,43771,0,0,37,37,1909,1058,1183,2241
2,70641,47,0,0,47,47,1503,4374,1,4375
2,70641,7849,0,0,94,47,1503,1548,167,1715
2,70668,18252,0,0,36,36,1963,77312,4563,81875
2,70680,1240,0,0,40,40,1767,2318,31,2349
2,70680,23560,0,0,80,40,1767,3132,589,3721
2,70686,42,0,0,42,42,1683,34374,1,34375
2,70686,10206,0,0,42,42,1683,5000,729,5729
2,70686,17010,0,0,42,42,1683,32,2025,2057
2,70707,39,0,0,39,39,1813,4374,1,4375
2,70707,429,0,0,39,39,1813,9250,11,9261
2,70707,53391,0,0,39,39,1813,83006,1369,84375
2,70725,41,0,0,41,41,1725,64000,9,64009
2,70725,41,0,0,41,41,1725,71874,1,71875
2,70725,943,0,0,41,41,1725,19602,23,19625
2,70735,43,0,0,43,43,1645,4374,1,4375
2,70735,2021,0,0,43,43,1645,1952,235,2187
2,70735,10535,0,0,43,43,1645,1152,1715,2867
2,70735,24381,0,0,43,43,1645,32,2835,2867
2,70735,29025,0,0,43,43,1645,376,2025,2401
2,70735,31347,0,0,43,43,1645,24064,6561,30625
2,70740,36,0,0,36,36,1965,4374,1,4375
2,70740,12348,0,0,36,36,1965,128,2401,2529
2,70785,39,0,0,39,39,1815,64000,9,64009
2,70785,39,0,0,39,39,1815,71874,1,71875
2,70785,45,0,0,45,45,1573,4374,1,4375
2,70785,429,0,0,39,39,1815,3634,11,3645
2,70785,495,0,0,45,45,1573,1690,11,1701
2,70785,4095,0,0,45,45,1573,8192,1183,9375
2,70785,4875,0,0,39,39,1815,1738,125,1863
2,70785,5445,0,0,45,45,1573,1352,363,1715
2,70785,9243,0,0,39,39,1815,512,2133,2645
2,70785,13365,0,0,45,45,1573,512,2673,3185
2,70785,14157,0,0,39,39,1815,14536,1089,15625
2,70785,24255,0,0,45,45,1573,8,1617,1625
2,70785,24255,0,0,45,45,1573,16000,3773,19773
2,70785,26325,0,0,39,39,1815,5566,675,6241
2,70785,32805,0,0,45,45,1573,88,2187,2275
2,70785,38115,0,0,45,45,1573,1350,847,2197
2,70785,59895,0,0,45,45,1573,294,1331,1625
2,70840,920,0,0,40,40,1771,23814,23,23837
2,70875,45,0,0,45,45,1575,4374,1,4375
2,70875,45,0,0,45,45,1575,10368,7,10375
2,70875,45,0,0,45,45,1575,33614,1,33615
2,70875,315,0,0,45,45,1575,3200,49,3249
2,70902,7878,0,0,78,39,1818,7776,505,8281
2,70946,70946,0,0,38,38,1867,534,1867,2401
2,70993,43,0,0,43,43,1651,6858,1,6859
2,71060,44,0,0,44,44,1615,4374,1,4375
2,71060,44,0,0,88,44,1615,1700,1,1701
2,71060,220,0,0,88,44,1615,2052,5,2057
2,71060,308,0,0,44,44,1615,2048,77,2125
2,71060,308,0,0,44,44,1615,3200,49,3249
2,71060,308,0,0,44,44,1615,20570,7,20577
2,71060,484,0,0,44,44,1615,2250,11,2261
2,71060,748,0,0,44,44,1615,11858,17,11875
2,71060,748,0,0,44,44,1615,68590,17,68607
2,71060,748,0,0,88,44,1615,10108,17,10125
2,71060,836,0,0,44,44,1615,6050,19,6069
2,71060,836,0,0,44,44,1615,15606,19,15625
2,71060,836,0,0,44,44,1615,36992,133,37125
2,71060,836,0,0,88,44,1615,4356,19,4375
2,71060,836,0,0,88,44,1615,15876,19,15895
2,71060,924,0,0,44,44,1615,2312,63,2375
2,71060,2156,0,0,44,44,1615,2250,49,2299
2,71060,4356,0,0,44,44,1615,2432,693,3125
2,71060,5852,0,0,44,44,1615,3200,931,4131
2,71060,6468,0,0,44,44,1615,2584,441,3025
2,71060,7700,0,0,44,44,1615,5984,875,6859
2,71060,9196,0,0,44,44,1615,1666,209,1875
2,71060,10692,0,0,44,44,1615,1672,729,2401
2,71060,10780,0,0,44,44,1615,2662,245,2907
2,71060,12716,0,0,44,44,1615,2432,2023,4455
2,71060,13860,0,0,44,44,1615,4598,315,4913
2,71060,15092,0,0,44,44,1615,1782,343,2125
2,71060,15092,0,0,44,44,1615,1152,2401,3553
2,71060,15884,0,0,44,44,1615,6144,3971,10115
2,71060,17820,0,0,44,44,1615,32,2025,2057
2,71060,18700,0,0,44,44,1615,2662,425,3087
2,71060,23716,0,0,44,44,1615,4374,539,4913
2,71060,26620,0,0,44,44,1615,224,3025,3249
2,71060,27500,0,0,44,44,1615,512,5625,6137
2,71060,29700,0,0,44,44,1615,2888,2025,4913
2,71060,30492,0,0,44,44,1615,640,4851,5491
2,71060,32076,0,0,44,44,1615,2450,729,3179
2,71060,58564,0,0,44,44,1615,6250,1331,7581
2,71060,58564,0,0,44,44,1615,11552,6655,18207
2,71060,58564,0,0,44,44,1615,19494,1331,20825
2,71060,60500,0,0,44,44,1615,1026,1375,2401
2,71060,60588,0,0,44,44,1615,2744,4131,6875
2,71060,64372,0,0,44,44,1615,384,10241,10625
2,71070,46,0,0,46,46,1545,1750,1,1751
2,71070,46,0,0,46,46,1545,4374,1,4375
2,71070,46,0,0,46,46,1545,59534,1,59535
2,71070,46,0,0,46,46,1545,65610,1,65611
2,71070,46,0,0,92,46,1545,1700,1,1701
2,71070,46,0,0,92,46,1545,31212,1,31213
2,71070,138,0,0,46,46,1545,2176,21,2197
2,71070,322,0,0,46,46,1545,3750,7,3757
2,71070,598,0,0,46,46,1545,8330,13,8343
2,71070,1150,0,0,46,46,1545,9248,125,9373
2,71070,3910,0,0,46,46,1545,4374,85,4459
2,71070,4186,0,0,46,46,1545,8192,1183,9375
2,71070,5382,0,0,46,46,1545,1400,351,1751
2,71070,7774,0,0,46,46,1545,1854,169,2023
2,71070,10166,0,0,46,46,1545,640,1547,2187
2,71070,15778,0,0,46,46,1545,1854,343,2197
2,71070,20286,0,0,46,46,1545,6656,3969,10625
2,71070,23322,0,0,46,46,1545,3296,2535,5831
2,71070,42642,0,0,46,46,1545,2744,2781,5525
2,71070,61594,0,0,46,46,1545,686,1339,2025
2,71070,63342,0,0,46,46,1545,338,1377,1715
2,71079,23693,0,0,86,43,1653,1324,551,1875
2,71111,17625,0,0,47,47,1513,9826,375,10201
2,71145,1395,0,0,90,45,1581,19652,31,19683
2,71151,37,0,0,37,37,1923,4374,1,4375
2,71151,32967,0,0,37,37,1923,32,4455,4487
2,71175,39,0,0,39,39,1825,4374,1,4375
2,71175,2847,0,0,39,39,1825,2450,73,2523
2,71175,3159,0,0,39,39,1825,42632,243,42875
2,71175,4875,0,0,39,39,1825,4704,625,5329
2,71175,13377,0,0,39,39,1825,1682,343,2025
2,71175,13377,0,0,39,39,1825,9344,2401,11745
2,71205,17625,0,0,47,47,1515,3362,375,3737
2,71225,23125,0,0,37,37,1925,32,3125,3157
2,71225,32375,0,0,37,37,1925,1312,4375,5687
2,71253,273,0,0,39,39,1827,27848,21,27869
2,71253,37479,0,0,39,39,1827,8,2883,2891
2,71320,40,0,0,40,40,1783,4374,1,4375
2,71325,45,0,0,45,45,1585,7290,1,7291
2,71337,71337,0,0,86,43,1659,9664,4977,14641
2,71346,1034,0,0,94,47,1518,11776,99,11875
2,71400,40,0,0,40,40,1785,4374,1,4375
2,71463,41,0,0,41,41,1743,4374,1,4375
2,71463,41,0,0,41,41,1743,10368,7,10375
2,71463,41,0,0,41,41,1743,33614,1,33615
2,71463,9963,0,0,41,41,1743,34202,243,34445
2,71463,42189,0,0,41,41,1743,44672,7203,51875
2,71478,1862,0,0,38,38,1881,2152,147,2299
2,71478,9234,0,0,38,38,1881,1672,729,2401
2,71478,64638,0,0,38,38,1881,8,5103,5111
2,71487,1521,0,0,78,39,1833,3008,117,3125
2,71521,26973,0,0,37,37,1933,77320,2187,79507
2,71526,11550,0,0,42,42,1703,1922,275,2197
2,71530,14306,0,0,46,46,1555,6250,311,6561
2,71554,38,0,0,76,38,1883,4900,1,4901
2,71560,71560,0,0,40,40,1789,398,1789,2187
2,71595,999,0,0,37,37,1935,3698,27,3725
2,71595,1591,0,0,37,37,1935,15496,129,15625
2,71595,2997,0,0,37,37,1935,8192,1053,9245
2,71595,12025,0,0,37,37,1935,3698,325,4023
2,71595,49617,0,0,37,37,1935,1352,4023,5375
2,71595,68413,0,0,37,37,1935,338,1849,2187
2,71610,42,0,0,42,42,1705,3750,1,3751
2,71610,378,0,0,42,42,1705,6250,9,6259
2,71610,462,0,0,84,42,1705,2500,11,2511
2,71630,38,0,0,38,38,1885,4896,5,4901
2,71630,114,0,0,38,38,1885,6250,3,6253
2,71630,494,0,0,76,38,1885,3132,13,3145
2,71630,1482,0,0,38,38,1885,6728,117,6845
2,71630,1938,0,0,38,38,1885,2146,51,2197
2,71630,5130,0,0,38,38,1885,2738,135,2873
2,71630,31958,0,0,38,38,1885,8192,10933,19125
2,71630,35150,0,0,38,38,1885,288,4625,4913
2,71630,52022,0,0,38,38,1885,7250,1369,8619
2,71630,52022,0,0,38,38,1885,8704,12321,21025
2,71630,54834,0,0,38,38,1885,1682,1443,3125
2,71630,71250,0,0,38,38,1885,48778,1875,50653
2,71668,82,0,0,82,41,1748,12160,7,12167
2,71685,13275,0,0,45,45,1593,7776,1475,9251
2,71685,37845,0,0,45,45,1593,6534,841,7375
2,71709,36531,0,0,41,41,1749,136,2673,2809
2,71721,28431,0,0,39,39,1839,2104,2187,4291
2,71736,588,0,0,84,42,1708,3200,49,3249
2,71748,36,0,0,36,36,1993,4374,1,4375
2,71748,252,0,0,36,36,1993,3200,49,3249
2,71750,10250,0,0,82,41,1750,4704,625,5329
2,71820,36,0,0,36,36,1995,4374,1,4375
2,71820,252,0,0,36,36,1995,3200,49,3249
2,71852,44,0,0,44,44,1633,5750,1,5751
2,71852,1188,0,0,44,44,1633,5014,27,5041
2,71852,3124,0,0,88,44,1633,2116,71,2187
2,71852,4796,0,0,44,44,1633,3266,109,3375
2,71877,65559,0,0,39,39,1843,194,1681,1875
2,71946,42,0,0,42,42,1713,4374,1,4375
2,71955,41,0,0,41,41,1755,4374,1,4375
2,71955,369,0,0,41,41,1755,3200,63,3263
2,71955,1435,0,0,41,41,1755,6526,35,6561
2,71955,2583,0,0,41,41,1755,2008,189,2197
2,71955,3731,0,0,41,41,1755,8192,1183,9375
2,71955,71955,0,0,41,41,1755,8032,8775,16807
2,71965,8991,0,0,37,37,1945,77800,729,78529
2,71965,14393,0,0,37,37,1945,6750,389,7139
2,71965,71965,0,0,37,37,1945,242,1945,2187
2,72025,3483,0,0,43,43,1675,8192,1053,9245
2,72025,24037,0,0,43,43,1675,1250,559,1809
2,72025,25929,0,0,43,43,1675,40,1809,1849
2,72051,47,0,0,47,47,1533,4374,1,4375
2,72051,3807,0,0,47,47,1533,42632,243,42875
2,72051,5875,0,0,47,47,1533,4704,625,5329
2,72072,8008,0,0,88,44,1638,8192,1183,9375
2,72111,9417,0,0,43,43,1677,1978,219,2197
2,72135,45,0,0,45,45,1603,4374,1,4375
2,72135,3645,0,0,45,45,1603,5000,243,5243
2,72144,48,0,0,48,48,1503,4374,1,4375
2,72144,8016,0,0,96,48,1503,1548,167,1715
2,72261,37,0,0,37,37,1953,4374,1,4375
2,72261,111,0,0,37,37,1953,4802,3,4805
2,72261,185,0,0,37,37,1953,12152,15,12167
2,72261,259,0,0,37,37,1953,32798,7,32805
2,72261,333,0,0,74,37,1953,2116,9,2125
2,72261,629,0,0,37,37,1953,2170,17,2187
2,72261,629,0,0,37,37,1953,12150,17,12167
2,72261,1147,0,0,74,37,1953,19652,31,19683
2,72261,2997,0,0,37,37,1953,5750,81,5831
2,72261,4995,0,0,37,37,1953,3968,945,4913
2,72261,8991,0,0,37,37,1953,8750,243,8993
2,72261,10323,0,0,37,37,1953,1288,837,2125
2,72261,45325,0,0,37,37,1953,384,8575,8959
2,72261,45325,0,0,37,37,1953,28566,1225,29791
2,72261,48951,0,0,37,37,1953,32,6615,6647
2,72261,62937,0,0,37,37,1953,17000,5103,22103
2,72261,69375,0,0,37,37,1953,3038,1875,4913
2,72267,14469,0,0,39,39,1853,128,2597,2725
2,72283,38313,0,0,43,43,1681,2048,9801,11849
2,72314,418,0,0,38,38,1903,3114,11,3125
2,72314,6574,0,0,76,38,1903,2500,173,2673
2,72345,39,0,0,39,39,1855,2592,5,2597
2,72345,39,0,0,39,39,1855,4374,1,4375
2,72345,273,0,0,39,39,1855,5618,7,5625
2,72345,14469,0,0,39,39,1855,6190,371,6561
2,72345,40131,0,0,39,39,1855,8,3087,3095
2,72345,55809,0,0,39,39,1855,40,4293,4333
2,72358,46,0,0,46,46,1573,4374,1,4375
2,72358,506,0,0,46,46,1573,1690,11,1701
2,72358,4186,0,0,46,46,1573,8192,1183,9375
2,72358,5566,0,0,46,46,1573,1352,363,1715
2,72358,13662,0,0,46,46,1573,512,2673,3185
2,72358,24794,0,0,46,46,1573,8,1617,1625
2,72358,24794,0,0,46,46,1573,16000,3773,19773
2,72358,33534,0,0,46,46,1573,88,2187,2275
2,72358,38962,0,0,46,46,1573,1350,847,2197
2,72358,61226,0,0,46,46,1573,294,1331,1625
2,72365,5535,0,0,41,41,1765,9728,1215,10943
2,72369,43,0,0,43,43,1683,34374,1,34375
2,72369,10449,0,0,43,43,1683,5000,729,5729
2,72369,17415,0,0,43,43,1683,32,2025,2057
2,72380,44,0,0,44,44,1645,4374,1,4375
2,72380,2068,0,0,44,44,1645,1952,235,2187
2,72380,10780,0,0,44,44,1645,1152,1715,2867
2,72380,24948,0,0,44,44,1645,32,2835,2867
2,72380,29700,0,0,44,44,1645,376,2025,2401
2,72380,32076,0,0,44,44,1645,24064,6561,30625
2,72447,1271,0,0,41,41,1767,2318,31,2349
2,72447,24149,0,0,82,41,1767,3132,589,3721
2,72450,42,0,0,42,42,1725,64000,9,64009
2,72450,42,0,0,42,42,1725,71874,1,71875
2,72450,46,0,0,46,46,1575,4374,1,4375
2,72450,46,0,0,46,46,1575,10368,7,10375
2,72450,46,0,0,46,46,1575,33614,1,33615
2,72450,322,0,0,46,46,1575,3200,49,3249
2,72450,966,0,0,42,42,1725,19602,23,19625
2,72520,40,0,0,40,40,1813,4374,1,4375
2,72520,440,0,0,40,40,1813,9250,11,9261
2,72520,54760,0,0,40,40,1813,83006,1369,84375
2,72542,114,0,0,38,38,1909,2392,9,2401
2,72542,9234,0,0,38,38,1909,2158,243,2401
2,72542,44954,0,0,38,38,1909,1058,1183,2241
2,72600,40,0,0,40,40,1815,64000,9,64009
2,72600,40,0,0,40,40,1815,71874,1,71875
2,72600,440,0,0,40,40,1815,3634,11,3645
2,72600,5000,0,0,40,40,1815,1738,125,1863
2,72600,9480,0,0,40,40,1815,512,2133,2645
2,72600,14520,0,0,40,40,1815,14536,1089,15625
2,72600,27000,0,0,40,40,1815,5566,675,6241
2,72611,943,0,0,41,41,1771,23814,23,23837
2,72615,47,0,0,47,47,1545,1750,1,1751
2,72615,47,0,0,47,47,1545,4374,1,4375
2,72615,47,0,0,47,47,1545,59534,1,59535
2,72615,47,0,0,47,47,1545,65610,1,65611
2,72615,47,0,0,94,47,1545,1700,1,1701
2,72615,47,0,0,94,47,1545,31212,1,31213
2,72615,141,0,0,47,47,1545,2176,21,2197
2,72615,329,0,0,47,47,1545,3750,7,3757
2,72615,611,0,0,47,47,1545,8330,13,8343
2,72615,1175,0,0,47,47,1545,9248,125,9373
2,72615,3995,0,0,47,47,1545,4374,85,4459
2,72615,4277,0,0,47,47,1545,8192,1183,9375
2,72615,5499,0,0,47,47,1545,1400,351,1751
2,72615,7943,0,0,47,47,1545,1854,169,2023
2,72615,10387,0,0,47,47,1545,640,1547,2187
2,72615,16121,0,0,47,47,1545,1854,343,2197
2,72615,20727,0,0,47,47,1545,6656,3969,10625
2,72615,23829,0,0,47,47,1545,3296,2535,5831
2,72615,43569,0,0,47,47,1545,2744,2781,5525
2,72615,62933,0,0,47,47,1545,686,1339,2025
2,72615,64719,0,0,47,47,1545,338,1377,1715
2,72624,18000,0,0,48,48,1513,9826,375,10201
2,72631,18759,0,0,37,37,1963,77312,4563,81875
2,72644,44,0,0,44,44,1651,6858,1,6859
2,72675,45,0,0,45,45,1615,4374,1,4375
2,72675,45,0,0,90,45,1615,1700,1,1701
2,72675,225,0,0,90,45,1615,2052,5,2057
2,72675,315,0,0,45,45,1615,2048,77,2125
2,72675,315,0,0,45,45,1615,3200,49,3249
2,72675,315,0,0,45,45,1615,20570,7,20577
2,72675,495,0,0,45,45,1615,2250,11,2261
2,72675,765,0,0,45,45,1615,11858,17,11875
2,72675,765,0,0,45,45,1615,68590,17,68607
2,72675,765,0,0,90,45,1615,10108,17,10125
2,72675,855,0,0,45,45,1615,6050,19,6069
2,72675,855,0,0,45,45,1615,15606,19,15625
2,72675,855,0,0,45,45,1615,36992,133,37125
2,72675,855,0,0,90,45,1615,4356,19,4375
2,72675,855,0,0,90,45,1615,15876,19,15895
2,72675,945,0,0,45,45,1615,2312,63,2375
2,72675,2205,0,0,45,45,1615,2250,49,2299
2,72675,4455,0,0,45,45,1615,2432,693,3125
2,72675,5985,0,0,45,45,1615,3200,931,4131
2,72675,6615,0,0,45,45,1615,2584,441,3025
2,72675,7875,0,0,45,45,1615,5984,875,6859
2,72675,9405,0,0,45,45,1615,1666,209,1875
2,72675,10935,0,0,45,45,1615,1672,729,2401
2,72675,11025,0,0,45,45,1615,2662,245,2907
2,72675,13005,0,0,45,45,1615,2432,2023,4455
2,72675,14175,0,0,45,45,1615,4598,315,4913
2,72675,15435,0,0,45,45,1615,1782,343,2125
2,72675,15435,0,0,45,45,1615,1152,2401,3553
2,72675,16245,0,0,45,45,1615,6144,3971,10115
2,72675,18225,0,0,45,45,1615,32,2025,2057
2,72675,19125,0,0,45,45,1615,2662,425,3087
2,72675,24255,0,0,45,45,1615,4374,539,4913
2,72675,27225,0,0,45,45,1615,224,3025,3249
2,72675,28125,0,0,45,45,1615,512,5625,6137
2,72675,30375,0,0,45,45,1615,2888,2025,4913
2,72675,31185,0,0,45,45,1615,640,4851,5491
2,72675,32805,0,0,45,45,1615,2450,729,3179
2,72675,59895,0,0,45,45,1615,6250,1331,7581
2,72675,59895,0,0,45,45,1615,11552,6655,18207
2,72675,59895,0,0,45,45,1615,19494,1331,20825
2,72675,61875,0,0,45,45,1615,1026,1375,2401
2,72675,61965,0,0,45,45,1615,2744,4131,6875
2,72675,65835,0,0,45,45,1615,384,10241,10625
2,72705,37,0,0,37,37,1965,4374,1,4375
2,72705,12691,0,0,37,37,1965,128,2401,2529
2,72720,8080,0,0,80,40,1818,7776,505,8281
2,72720,18000,0,0,48,48,1515,3362,375,3737
2,72726,1426,0,0,92,46,1581,19652,31,19683
2,72732,24244,0,0,88,44,1653,1324,551,1875
2,72813,72813,0,0,39,39,1867,534,1867,2401
2,72864,1056,0,0,96,48,1518,11776,99,11875
2,72910,46,0,0,46,46,1585,7290,1,7291
2,72996,72996,0,0,88,44,1659,9664,4977,14641
2,73000,40,0,0,40,40,1825,4374,1,4375
2,73000,2920,0,0,40,40,1825,2450,73,2523
2,73000,3240,0,0,40,40,1825,42632,243,42875
2,73000,5000,0,0,40,40,1825,4704,625,5329
2,73000,13720,0,0,40,40,1825,1682,343,2025
2,73000,13720,0,0,40,40,1825,9344,2401,11745
2,73074,38,0,0,38,38,1923,4374,1,4375
2,73074,33858,0,0,38,38,1923,32,4455,4487
2,73080,280,0,0,40,40,1827,27848,21,27869
2,73080,38440,0,0,40,40,1827,8,2883,2891
2,73085,14617,0,0,47,47,1555,6250,311,6561
2,73103,41,0,0,41,41,1783,4374,1,4375
2,73150,23750,0,0,38,38,1925,32,3125,3157
2,73150,33250,0,0,38,38,1925,1312,4375,5687
2,73185,41,0,0,41,41,1785,4374,1,4375
2,73206,42,0,0,42,42,1743,4374,1,4375
2,73206,42,0,0,42,42,1743,10368,7,10375
2,73206,42,0,0,42,42,1743,33614,1,33615
2,73206,10206,0,0,42,42,1743,34202,243,34445
2,73206,43218,0,0,42,42,1743,44672,7203,51875
2,73229,11825,0,0,43,43,1703,1922,275,2197
2,73278,13570,0,0,46,46,1593,7776,1475,9251
2,73278,38686,0,0,46,46,1593,6534,841,7375
2,73315,43,0,0,43,43,1705,3750,1,3751
2,73315,387,0,0,43,43,1705,6250,9,6259
2,73315,473,0,0,86,43,1705,2500,11,2511
2,73320,1560,0,0,80,40,1833,3008,117,3125
2,73349,73349,0,0,41,41,1789,398,1789,2187
2,73359,1911,0,0,39,39,1881,2152,147,2299
2,73359,9477,0,0,39,39,1881,1672,729,2401
2,73359,66339,0,0,39,39,1881,8,5103,5111
2,73416,84,0,0,84,42,1748,12160,7,12167
2,73437,39,0,0,78,39,1883,4900,1,4901
2,73444,602,0,0,86,43,1708,3200,49,3249
2,73454,27702,0,0,38,38,1933,77320,2187,79507
2,73458,37422,0,0,42,42,1749,136,2673,2809
2,73485,45,0,0,45,45,1633,5750,1,5751
2,73485,1215,0,0,45,45,1633,5014,27,5041
2,73485,3195,0,0,90,45,1633,2116,71,2187
2,73485,4905,0,0,45,45,1633,3266,109,3375
2,73500,10500,0,0,84,42,1750,4704,625,5329
2,73515,39,0,0,39,39,1885,4896,5,4901
2,73515,117,0,0,39,39,1885,6250,3,6253
2,73515,507,0,0,78,39,1885,3132,13,3145
2,73515,1521,0,0,39,39,1885,6728,117,6845
2,73515,1989,0,0,39,39,1885,2146,51,2197
2,73515,5265,0,0,39,39,1885,2738,135,2873
2,73515,32799,0,0,39,39,1885,8192,10933,19125
2,73515,36075,0,0,39,39,1885,288,4625,4913
2,73515,53391,0,0,39,39,1885,7250,1369,8619
2,73515,53391,0,0,39,39,1885,8704,12321,21025
2,73515,56277,0,0,39,39,1885,1682,1443,3125
2,73515,73125,0,0,39,39,1885,48778,1875,50653
2,73530,1026,0,0,38,38,1935,3698,27,3725
2,73530,1634,0,0,38,38,1935,15496,129,15625
2,73530,3078,0,0,38,38,1935,8192,1053,9245
2,73530,12350,0,0,38,38,1935,3698,325,4023
2,73530,50958,0,0,38,38,1935,1352,4023,5375
2,73530,70262,0,0,38,38,1935,338,1849,2187
2,73560,29160,0,0,40,40,1839,2104,2187,4291
2,73584,48,0,0,48,48,1533,4374,1,4375
2,73584,3888,0,0,48,48,1533,42632,243,42875
2,73584,6000,0,0,48,48,1533,4704,625,5329
2,73647,49,0,0,49,49,1503,4374,1,4375
2,73647,8183,0,0,98,49,1503,1548,167,1715
2,73659,43,0,0,43,43,1713,4374,1,4375
2,73700,3564,0,0,44,44,1675,8192,1053,9245
2,73700,24596,0,0,44,44,1675,1250,559,1809
2,73700,26532,0,0,44,44,1675,40,1809,1849
2,73710,42,0,0,42,42,1755,4374,1,4375
2,73710,378,0,0,42,42,1755,3200,63,3263
2,73710,1470,0,0,42,42,1755,6526,35,6561
2,73710,2646,0,0,42,42,1755,2008,189,2197
2,73710,3822,0,0,42,42,1755,8192,1183,9375
2,73710,8190,0,0,90,45,1638,8192,1183,9375
2,73710,73710,0,0,42,42,1755,8032,8775,16807
2,73720,67240,0,0,40,40,1843,194,1681,1875
2,73738,46,0,0,46,46,1603,4374,1,4375
2,73738,3726,0,0,46,46,1603,5000,243,5243
2,73741,37,0,0,37,37,1993,4374,1,4375
2,73741,259,0,0,37,37,1993,3200,49,3249
2,73788,9636,0,0,44,44,1677,1978,219,2197
2,73815,37,0,0,37,37,1995,4374,1,4375
2,73815,259,0,0,37,37,1995,3200,49,3249
2,73910,9234,0,0,38,38,1945,77800,729,78529
2,73910,14782,0,0,38,38,1945,6750,389,7139
2,73910,73910,0,0,38,38,1945,242,1945,2187
2,73931,47,0,0,47,47,1573,4374,1,4375
2,73931,517,0,0,47,47,1573,1690,11,1701
2,73931,4277,0,0,47,47,1573,8192,1183,9375
2,73931,5687,0,0,47,47,1573,1352,363,1715
2,73931,13959,0,0,47,47,1573,512,2673,3185
2,73931,25333,0,0,47,47,1573,8,1617,1625
2,73931,25333,0,0,47,47,1573,16000,3773,19773
2,73931,34263,0,0,47,47,1573,88,2187,2275
2,73931,39809,0,0,47,47,1573,1350,847,2197
2,73931,62557,0,0,47,47,1573,294,1331,1625
2,73964,39204,0,0,44,44,1681,2048,9801,11849
2,74025,45,0,0,45,45,1645,4374,1,4375
2,74025,47,0,0,47,47,1575,4374,1,4375
2,74025,47,0,0,47,47,1575,10368,7,10375
2,74025,47,0,0,47,47,1575,33614,1,33615
2,74025,329,0,0,47,47,1575,3200,49,3249
2,74025,2115,0,0,45,45,1645,1952,235,2187
2,74025,11025,0,0,45,45,1645,1152,1715,2867
2,74025,25515,0,0,45,45,1645,32,2835,2867
2,74025,30375,0,0,45,45,1645,376,2025,2401
2,74025,32805,0,0,45,45,1645,24064,6561,30625
2,74052,44,0,0,44,44,1683,34374,1,34375
2,74052,10692,0,0,44,44,1683,5000,729,5729
2,74052,17820,0,0,44,44,1683,32,2025,2057
2,74120,14840,0,0,40,40,1853,128,2597,2725
2,74130,5670,0,0,42,42,1765,9728,1215,10943
2,74137,18375,0,0,49,49,1513,9826,375,10201
2,74160,48,0,0,48,48,1545,1750,1,1751
2,74160,48,0,0,48,48,1545,4374,1,4375
2,74160,48,0,0,48,48,1545,59534,1,59535
2,74160,48,0,0,48,48,1545,65610,1,65611
2,74160,48,0,0,96,48,1545,1700,1,1701
2,74160,48,0,0,96,48,1545,31212,1,31213
2,74160,144,0,0,48,48,1545,2176,21,2197
2,74160,336,0,0,48,48,1545,3750,7,3757
2,74160,624,0,0,48,48,1545,8330,13,8343
2,74160,1200,0,0,48,48,1545,9248,125,9373
2,74160,4080,0,0,48,48,1545,4374,85,4459
2,74160,4368,0,0,48,48,1545,8192,1183,9375
2,74160,5616,0,0,48,48,1545,1400,351,1751
2,74160,8112,0,0,48,48,1545,1854,169,2023
2,74160,10608,0,0,48,48,1545,640,1547,2187
2,74160,16464,0,0,48,48,1545,1854,343,2197
2,74160,21168,0,0,48,48,1545,6656,3969,10625
2,74160,24336,0,0,48,48,1545,3296,2535,5831
2,74160,44496,0,0,48,48,1545,2744,2781,5525
2,74160,64272,0,0,48,48,1545,686,1339,2025
2,74160,66096,0,0,48,48,1545,338,1377,1715
2,74175,43,0,0,43,43,1725,64000,9,64009
2,74175,43,0,0,43,43,1725,71874,1,71875
2,74175,989,0,0,43,43,1725,19602,23,19625
2,74200,40,0,0,40,40,1855,2592,5,2597
2,74200,40,0,0,40,40,1855,4374,1,4375
2,74200,280,0,0,40,40,1855,5618,7,5625
2,74200,14840,0,0,40,40,1855,6190,371,6561
2,74200,41160,0,0,40,40,1855,8,3087,3095
2,74200,57240,0,0,40,40,1855,40,4293,4333
2,74214,38,0,0,38,38,1953,4374,1,4375
2,74214,114,0,0,38,38,1953,4802,3,4805
2,74214,190,0,0,38,38,1953,12152,15,12167
2,74214,266,0,0,38,38,1953,32798,7,32805
2,74214,342,0,0,76,38,1953,2116,9,2125
2,74214,646,0,0,38,38,1953,2170,17,2187
2,74214,646,0,0,38,38,1953,12150,17,12167
2,74214,1178,0,0,76,38,1953,19652,31,19683
2,74214,1302,0,0,42,42,1767,2318,31,2349
2,74214,3078,0,0,38,38,1953,5750,81,5831
2,74214,5130,0,0,38,38,1953,3968,945,4913
2,74214,9234,0,0,38,38,1953,8750,243,8993
2,74214,10602,0,0,38,38,1953,1288,837,2125
2,74214,24738,0,0,84,42,1767,3132,589,3721
2,74214,46550,0,0,38,38,1953,384,8575,8959
2,74214,46550,0,0,38,38,1953,28566,1225,29791
2,74214,50274,0,0,38,38,1953,32,6615,6647
2,74214,64638,0,0,38,38,1953,17000,5103,22103
2,74214,71250,0,0,38,38,1953,3038,1875,4913
2,74217,429,0,0,39,39,1903,3114,11,3125
2,74217,6747,0,0,78,39,1903,2500,173,2673
2,74235,18375,0,0,49,49,1515,3362,375,3737
2,74290,46,0,0,46,46,1615,4374,1,4375
2,74290,46,0,0,92,46,1615,1700,1,1701
2,74290,230,0,0,92,46,1615,2052,5,2057
2,74290,322,0,0,46,46,1615,2048,77,2125
2,74290,322,0,0,46,46,1615,3200,49,3249
2,74290,322,0,0,46,46,1615,20570,7,20577
2,74290,506,0,0,46,46,1615,2250,11,2261
2,74290,782,0,0,46,46,1615,11858,17,11875
2,74290,782,0,0,46,46,1615,68590,17,68607
2,74290,782,0,0,92,46,1615,10108,17,10125
2,74290,874,0,0,46,46,1615,6050,19,6069
2,74290,874,0,0,46,46,1615,15606,19,15625
2,74290,874,0,0,46,46,1615,36992,133,37125
2,74290,874,0,0,92,46,1615,4356,19,4375
2,74290,874,0,0,92,46,1615,15876,19,15895
2,74290,966,0,0,46,46,1615,2312,63,2375
2,74290,2254,0,0,46,46,1615,2250,49,2299
2,74290,4554,0,0,46,46,1615,2432,693,3125
2,74290,6118,0,0,46,46,1615,3200,931,4131
2,74290,6762,0,0,46,46,1615,2584,441,3025
2,74290,8050,0,0,46,46,1615,5984,875,6859
2,74290,9614,0,0,46,46,1615,1666,209,1875
2,74290,11178,0,0,46,46,1615,1672,729,2401
2,74290,11270,0,0,46,46,1615,2662,245,2907
2,74290,13294,0,0,46,46,1615,2432,2023,4455
2,74290,14490,0,0,46,46,1615,4598,315,4913
2,74290,15778,0,0,46,46,1615,1782,343,2125
2,74290,15778,0,0,46,46,1615,1152,2401,3553
2,74290,16606,0,0,46,46,1615,6144,3971,10115
2,74290,18630,0,0,46,46,1615,32,2025,2057
2,74290,19550,0,0,46,46,1615,2662,425,3087
2,74290,24794,0,0,46,46,1615,4374,539,4913
2,74290,27830,0,0,46,46,1615,224,3025,3249
2,74290,28750,0,0,46,46,1615,512,5625,6137
2,74290,31050,0,0,46,46,1615,2888,2025,4913
2,74290,31878,0,0,46,46,1615,640,4851,5491
2,74290,33534,0,0,46,46,1615,2450,729,3179
2,74290,61226,0,0,46,46,1615,6250,1331,7581
2,74290,61226,0,0,46,46,1615,11552,6655,18207
2,74290,61226,0,0,46,46,1615,19494,1331,20825
2,74290,63250,0,0,46,46,1615,1026,1375,2401
2,74290,63342,0,0,46,46,1615,2744,4131,6875
2,74290,67298,0,0,46,46,1615,384,10241,10625
2,74295,45,0,0,45,45,1651,6858,1,6859
2,74307,1457,0,0,94,47,1581,19652,31,19683
2,74333,41,0,0,41,41,1813,4374,1,4375
2,74333,451,0,0,41,41,1813,9250,11,9261
2,74333,56129,0,0,41,41,1813,83006,1369,84375
2,74382,966,0,0,42,42,1771,23814,23,23837
2,74382,1078,0,0,98,49,1518,11776,99,11875
2,74385,24795,0,0,90,45,1653,1324,551,1875
2,74415,41,0,0,41,41,1815,64000,9,64009
2,74415,41,0,0,41,41,1815,71874,1,71875
2,74415,451,0,0,41,41,1815,3634,11,3645
2,74415,5125,0,0,41,41,1815,1738,125,1863
2,74415,9717,0,0,41,41,1815,512,2133,2645
2,74415,14883,0,0,41,41,1815,14536,1089,15625
2,74415,27675,0,0,41,41,1815,5566,675,6241
2,74451,117,0,0,39,39,1909,2392,9,2401
2,74451,9477,0,0,39,39,1909,2158,243,2401
2,74451,46137,0,0,39,39,1909,1058,1183,2241
2,74495,47,0,0,47,47,1585,7290,1,7291
2,74538,8282,0,0,82,41,1818,7776,505,8281
2,74594,19266,0,0,38,38,1963,77312,4563,81875
2,74640,14928,0,0,48,48,1555,6250,311,6561
2,74655,74655,0,0,90,45,1659,9664,4977,14641
2,74670,38,0,0,38,38,1965,4374,1,4375
2,74670,13034,0,0,38,38,1965,128,2401,2529
2,74680,74680,0,0,40,40,1867,534,1867,2401
2,74825,41,0,0,41,41,1825,4374,1,4375
2,74825,2993,0,0,41,41,1825,2450,73,2523
2,74825,3321,0,0,41,41,1825,42632,243,42875
2,74825,5125,0,0,41,41,1825,4704,625,5329
2,74825,14063,0,0,41,41,1825,1682,343,2025
2,74825,14063,0,0,41,41,1825,9344,2401,11745
2,74871,13865,0,0,47,47,1593,7776,1475,9251
2,74871,39527,0,0,47,47,1593,6534,841,7375
2,74886,42,0,0,42,42,1783,4374,1,4375
2,74907,287,0,0,41,41,1827,27848,21,27869
2,74907,39401,0,0,41,41,1827,8,2883,2891
2,74932,12100,0,0,44,44,1703,1922,275,2197
2,74949,43,0,0,43,43,1743,4374,1,4375
2,74949,43,0,0,43,43,1743,10368,7,10375
2,74949,43,0,0,43,43,1743,33614,1,33615
2,74949,10449,0,0,43,43,1743,34202,243,34445
2,74949,44247,0,0,43,43,1743,44672,7203,51875
2,74970,42,0,0,42,42,1785,4374,1,4375
2,74997,39,0,0,39,39,1923,4374,1,4375
2,74997,34749,0,0,39,39,1923,32,4455,4487
2,75020,44,0,0,44,44,1705,3750,1,3751
2,75020,396,0,0,44,44,1705,6250,9,6259
2,75020,484,0,0,88,44,1705,2500,11,2511
2,75075,24375,0,0,39,39,1925,32,3125,3157
2,75075,34125,0,0,39,39,1925,1312,4375,5687
2,75117,49,0,0,49,49,1533,4374,1,4375
2,75117,3969,0,0,49,49,1533,42632,243,42875
2,75117,6125,0,0,49,49,1533,4704,625,5329
2,75118,46,0,0,46,46,1633,5750,1,5751
2,75118,1242,0,0,46,46,1633,5014,27,5041
2,75118,3266,0,0,92,46,1633,2116,71,2187
2,75118,5014,0,0,46,46,1633,3266,109,3375
2,75138,75138,0,0,42,42,1789,398,1789,2187
2,75150,50,0,0,50,50,1503,4374,1,4375
2,75150,8350,0,0,100,50,1503,1548,167,1715
2,75152,616,0,0,88,44,1708,3200,49,3249
2,75153,1599,0,0,82,41,1833,3008,117,3125
2,75164,86,0,0,86,43,1748,12160,7,12167
2,75207,38313,0,0,43,43,1749,136,2673,2809
2,75240,1960,0,0,40,40,1881,2152,147,2299
2,75240,9720,0,0,40,40,1881,1672,729,2401
2,75240,68040,0,0,40,40,1881,8,5103,5111
2,75250,10750,0,0,86,43,1750,4704,625,5329
2,75320,40,0,0,80,40,1883,4900,1,4901
2,75341,47,0,0,47,47,1603,4374,1,4375
2,75341,3807,0,0,47,47,1603,5000,243,5243
2,75348,8372,0,0,92,46,1638,8192,1183,9375
2,75372,44,0,0,44,44,1713,4374,1,4375
2,75375,3645,0,0,45,45,1675,8192,1053,9245
2,75375,25155,0,0,45,45,1675,1250,559,1809
2,75375,27135,0,0,45,45,1675,40,1809,1849
2,75387,28431,0,0,39,39,1933,77320,2187,79507
2,75399,29889,0,0,41,41,1839,2104,2187,4291
2,75400,40,0,0,40,40,1885,4896,5,4901
2,75400,120,0,0,40,40,1885,6250,3,6253
2,75400,520,0,0,80,40,1885,3132,13,3145
2,75400,1560,0,0,40,40,1885,6728,117,6845
2,75400,2040,0,0,40,40,1885,2146,51,2197
2,75400,5400,0,0,40,40,1885,2738,135,2873
2,75400,33640,0,0,40,40,1885,8192,10933,19125
2,75400,37000,0,0,40,40,1885,288,4625,4913
2,75400,54760,0,0,40,40,1885,7250,1369,8619
2,75400,54760,0,0,40,40,1885,8704,12321,21025
2,75400,57720,0,0,40,40,1885,1682,1443,3125
2,75400,75000,0,0,40,40,1885,48778,1875,50653
2,75465,43,0,0,43,43,1755,4374,1,4375
2,75465,387,0,0,43,43,1755,3200,63,3263
2,75465,1053,0,0,39,39,1935,3698,27,3725
2,75465,1505,0,0,43,43,1755,6526,35,6561
2,75465,1677,0,0,39,39,1935,15496,129,15625
2,75465,2709,0,0,43,43,1755,2008,189,2197
2,75465,3159,0,0,39,39,1935,8192,1053,9245
2,75465,3913,0,0,43,43,1755,8192,1183,9375
2,75465,9855,0,0,45,45,1677,1978,219,2197
2,75465,12675,0,0,39,39,1935,3698,325,4023
2,75465,52299,0,0,39,39,1935,1352,4023,5375
2,75465,72111,0,0,39,39,1935,338,1849,2187
2,75465,75465,0,0,43,43,1755,8032,8775,16807
2,75504,48,0,0,48,48,1573,4374,1,4375
2,75504,528,0,0,48,48,1573,1690,11,1701
2,75504,4368,0,0,48,48,1573,8192,1183,9375
2,75504,5808,0,0,48,48,1573,1352,363,1715
2,75504,14256,0,0,48,48,1573,512,2673,3185
2,75504,25872,0,0,48,48,1573,8,1617,1625
2,75504,25872,0,0,48,48,1573,16000,3773,19773
2,75504,34992,0,0,48,48,1573,88,2187,2275
2,75504,40656,0,0,48,48,1573,1350,847,2197
2,75504,63888,0,0,48,48,1573,294,1331,1625
2,75563,68921,0,0,41,41,1843,194,1681,1875
2,75600,48,0,0,48,48,1575,4374,1,4375
2,75600,48,0,0,48,48,1575,10368,7,10375
2,75600,48,0,0,48,48,1575,33614,1,33615
2,75600,336,0,0,48,48,1575,3200,49,3249
2,75645,40095,0,0,45,45,1681,2048,9801,11849
2,75650,18750,0,0,50,50,1513,9826,375,10201
2,75670,46,0,0,46,46,1645,4374,1,4375
2,75670,2162,0,0,46,46,1645,1952,235,2187
2,75670,11270,0,0,46,46,1645,1152,1715,2867
2,75670,26082,0,0,46,46,1645,32,2835,2867
2,75670,31050,0,0,46,46,1645,376,2025,2401
2,75670,33534,0,0,46,46,1645,24064,6561,30625
2,75705,49,0,0,49,49,1545,1750,1,1751
2,75705,49,0,0,49,49,1545,4374,1,4375
2,75705,49,0,0,49,49,1545,59534,1,59535
2,75705,49,0,0,49,49,1545,65610,1,65611
2,75705,49,0,0,98,49,1545,1700,1,1701
2,75705,49,0,0,98,49,1545,31212,1,31213
2,75705,147,0,0,49,49,1545,2176,21,2197
2,75705,343,0,0,49,49,1545,3750,7,3757
2,75705,637,0,0,49,49,1545,8330,13,8343
2,75705,1225,0,0,49,49,1545,9248,125,9373
2,75705,4165,0,0,49,49,1545,4374,85,4459
2,75705,4459,0,0,49,49,1545,8192,1183,9375
2,75705,5733,0,0,49,49,1545,1400,351,1751
2,75705,8281,0,0,49,49,1545,1854,169,2023
2,75705,10829,0,0,49,49,1545,640,1547,2187
2,75705,16807,0,0,49,49,1545,1854,343,2197
2,75705,21609,0,0,49,49,1545,6656,3969,10625
2,75705,24843,0,0,49,49,1545,3296,2535,5831
2,75705,45423,0,0,49,49,1545,2744,2781,5525
2,75705,65611,0,0,49,49,1545,686,1339,2025
2,75705,67473,0,0,49,49,1545,338,1377,1715
2,75734,38,0,0,38,38,1993,4374,1,4375
2,75734,266,0,0,38,38,1993,3200,49,3249
2,75735,45,0,0,45,45,1683,34374,1,34375
2,75735,10935,0,0,45,45,1683,5000,729,5729
2,75735,18225,0,0,45,45,1683,32,2025,2057
2,75750,18750,0,0,50,50,1515,3362,375,3737
2,75810,38,0,0,38,38,1995,4374,1,4375
2,75810,266,0,0,38,38,1995,3200,49,3249
2,75855,9477,0,0,39,39,1945,77800,729,78529
2,75855,15171,0,0,39,39,1945,6750,389,7139
2,75855,75855,0,0,39,39,1945,242,1945,2187
2,75888,1488,0,0,96,48,1581,19652,31,19683
2,75895,5805,0,0,43,43,1765,9728,1215,10943
2,75900,44,0,0,44,44,1725,64000,9,64009
2,75900,44,0,0,44,44,1725,71874,1,71875
2,75900,1012,0,0,44,44,1725,19602,23,19625
2,75900,1100,0,0,100,50,1518,11776,99,11875
2,75905,47,0,0,47,47,1615,4374,1,4375
2,75905,47,0,0,94,47,1615,1700,1,1701
2,75905,235,0,0,94,47,1615,2052,5,2057
2,75905,329,0,0,47,47,1615,2048,77,2125
2,75905,329,0,0,47,47,1615,3200,49,3249
2,75905,329,0,0,47,47,1615,20570,7,20577
2,75905,517,0,0,47,47,1615,2250,11,2261
2,75905,799,0,0,47,47,1615,11858,17,11875
2,75905,799,0,0,47,47,1615,68590,17,68607
2,75905,799,0,0,94,47,1615,10108,17,10125
2,75905,893,0,0,47,47,1615,6050,19,6069
2,75905,893,0,0,47,47,1615,15606,19,15625
2,75905,893,0,0,47,47,1615,36992,133,37125
2,75905,893,0,0,94,47,1615,4356,19,4375
2,75905,893,0,0,94,47,1615,15876,19,15895
2,75905,987,0,0,47,47,1615,2312,63,2375
2,75905,2303,0,0,47,47,1615,2250,49,2299
2,75905,4653,0,0,47,47,1615,2432,693,3125
2,75905,6251,0,0,47,47,1615,3200,931,4131
2,75905,6909,0,0,47,47,1615,2584,441,3025
2,75905,8225,0,0,47,47,1615,5984,875,6859
2,75905,9823,0,0,47,47,1615,1666,209,1875
2,75905,11421,0,0,47,47,1615,1672,729,2401
2,75905,11515,0,0,47,47,1615,2662,245,2907
2,75905,13583,0,0,47,47,1615,2432,2023,4455
2,75905,14805,0,0,47,47,1615,4598,315,4913
2,75905,16121,0,0,47,47,1615,1782,343,2125
2,75905,16121,0,0,47,47,1615,1152,2401,3553
2,75905,16967,0,0,47,47,1615,6144,3971,10115
2,75905,19035,0,0,47,47,1615,32,2025,2057
2,75905,19975,0,0,47,47,1615,2662,425,3087
2,75905,25333,0,0,47,47,1615,4374,539,4913
2,75905,28435,0,0,47,47,1615,224,3025,3249
2,75905,29375,0,0,47,47,1615,512,5625,6137
2,75905,31725,0,0,47,47,1615,2888,2025,4913
2,75905,32571,0,0,47,47,1615,640,4851,5491
2,75905,34263,0,0,47,47,1615,2450,729,3179
2,75905,62557,0,0,47,47,1615,6250,1331,7581
2,75905,62557,0,0,47,47,1615,11552,6655,18207
2,75905,62557,0,0,47,47,1615,19494,1331,20825
2,75905,64625,0,0,47,47,1615,1026,1375,2401
2,75905,64719,0,0,47,47,1615,2744,4131,6875
2,75905,68761,0,0,47,47,1615,384,10241,10625
2,75946,46,0,0,46,46,1651,6858,1,6859
2,75973,15211,0,0,41,41,1853,128,2597,2725
2,75981,1333,0,0,43,43,1767,2318,31,2349
2,75981,25327,0,0,86,43,1767,3132,589,3721
2,76038,25346,0,0,92,46,1653,1324,551,1875
2,76055,41,0,0,41,41,1855,2592,5,2597
2,76055,41,0,0,41,41,1855,4374,1,4375
2,76055,287,0,0,41,41,1855,5618,7,5625
2,76055,15211,0,0,41,41,1855,6190,371,6561
2,76055,42189,0,0,41,41,1855,8,3087,3095
2,76055,58671,0,0,41,41,1855,40,4293,4333
2,76080,48,0,0,48,48,1585,7290,1,7291
2,76120,440,0,0,40,40,1903,3114,11,3125
2,76120,6920,0,0,80,40,1903,2500,173,2673
2,76146,42,0,0,42,42,1813,4374,1,4375
2,76146,462,0,0,42,42,1813,9250,11,9261
2,76146,57498,0,0,42,42,1813,83006,1369,84375
2,76153,989,0,0,43,43,1771,23814,23,23837
2,76167,39,0,0,39,39,1953,4374,1,4375
2,76167,117,0,0,39,39,1953,4802,3,4805
2,76167,195,0,0,39,39,1953,12152,15,12167
2,76167,273,0,0,39,39,1953,32798,7,32805
2,76167,351,0,0,78,39,1953,2116,9,2125
2,76167,663,0,0,39,39,1953,2170,17,2187
2,76167,663,0,0,39,39,1953,12150,17,12167
2,76167,1209,0,0,78,39,1953,19652,31,19683
2,76167,3159,0,0,39,39,1953,5750,81,5831
2,76167,5265,0,0,39,39,1953,3968,945,4913
2,76167,9477,0,0,39,39,1953,8750,243,8993
2,76167,10881,0,0,39,39,1953,1288,837,2125
2,76167,47775,0,0,39,39,1953,384,8575,8959
2,76167,47775,0,0,39,39,1953,28566,1225,29791
2,76167,51597,0,0,39,39,1953,32,6615,6647
2,76167,66339,0,0,39,39,1953,17000,5103,22103
2,76167,73125,0,0,39,39,1953,3038,1875,4913
2,76195,15239,0,0,49,49,1555,6250,311,6561
2,76230,42,0,0,42,42,1815,64000,9,64009
2,76230,42,0,0,42,42,1815,71874,1,71875
2,76230,462,0,0,42,42,1815,3634,11,3645
2,76230,5250,0,0,42,42,1815,1738,125,1863
2,76230,9954,0,0,42,42,1815,512,2133,2645
2,76230,15246,0,0,42,42,1815,14536,1089,15625
2,76230,28350,0,0,42,42,1815,5566,675,6241
2,76314,76314,0,0,92,46,1659,9664,4977,14641
2,76356,8484,0,0,84,42,1818,7776,505,8281
2,76360,120,0,0,40,40,1909,2392,9,2401
2,76360,9720,0,0,40,40,1909,2158,243,2401
2,76360,47320,0,0,40,40,1909,1058,1183,2241
2,76464,14160,0,0,48,48,1593,7776,1475,9251
2,76464,40368,0,0,48,48,1593,6534,841,7375
2,76547,76547,0,0,41,41,1867,534,1867,2401
2,76557,19773,0,0,39,39,1963,77312,4563,81875
2,76635,39,0,0,39,39,1965,4374,1,4375
2,76635,12375,0,0,45,45,1703,1922,275,2197
2,76635,13377,0,0,39,39,1965,128,2401,2529
2,76650,42,0,0,42,42,1825,4374,1,4375
2,76650,50,0,0,50,50,1533,4374,1,4375
2,76650,3066,0,0,42,42,1825,2450,73,2523
2,76650,3402,0,0,42,42,1825,42632,243,42875
2,76650,4050,0,0,50,50,1533,42632,243,42875
2,76650,5250,0,0,42,42,1825,4704,625,5329
2,76650,6250,0,0,50,50,1533,4704,625,5329
2,76650,14406,0,0,42,42,1825,1682,343,2025
2,76650,14406,0,0,42,42,1825,9344,2401,11745
2,76653,51,0,0,51,51,1503,4374,1,4375
2,76653,8517,0,0,102,51,1503,1548,167,1715
2,76669,43,0,0,43,43,1783,4374,1,4375
2,76692,44,0,0,44,44,1743,4374,1,4375
2,76692,44,0,0,44,44,1743,10368,7,10375
2,76692,44,0,0,44,44,1743,33614,1,33615
2,76692,10692,0,0,44,44,1743,34202,243,34445
2,76692,45276,0,0,44,44,1743,44672,7203,51875
2,76725,45,0,0,45,45,1705,3750,1,3751
2,76725,405,0,0,45,45,1705,6250,9,6259
2,76725,495,0,0,90,45,1705,2500,11,2511
2,76734,294,0,0,42,42,1827,27848,21,27869
2,76734,40362,0,0,42,42,1827,8,2883,2891
2,76751,47,0,0,47,47,1633,5750,1,5751
2,76751,1269,0,0,47,47,1633,5014,27,5041
2,76751,3337,0,0,94,47,1633,2116,71,2187
2,76751,5123,0,0,47,47,1633,3266,109,3375
2,76755,43,0,0,43,43,1785,4374,1,4375
2,76860,630,0,0,90,45,1708,3200,49,3249
2,76912,88,0,0,88,44,1748,12160,7,12167
2,76920,40,0,0,40,40,1923,4374,1,4375
2,76920,35640,0,0,40,40,1923,32,4455,4487
2,76927,76927,0,0,43,43,1789,398,1789,2187
2,76944,48,0,0,48,48,1603,4374,1,4375
2,76944,3888,0,0,48,48,1603,5000,243,5243
2,76956,39204,0,0,44,44,1749,136,2673,2809
2,76986,1638,0,0,84,42,1833,3008,117,3125
2,76986,8554,0,0,94,47,1638,8192,1183,9375
2,77000,11000,0,0,88,44,1750,4704,625,5329
2,77000,25000,0,0,40,40,1925,32,3125,3157
2,77000,35000,0,0,40,40,1925,1312,4375,5687
2,77050,3726,0,0,46,46,1675,8192,1053,9245
2,77050,25714,0,0,46,46,1675,1250,559,1809
2,77050,27738,0,0,46,46,1675,40,1809,1849
2,77077,49,0,0,49,49,1573,4374,1,4375
2,77077,539,0,0,49,49,1573,1690,11,1701
2,77077,4459,0,0,49,49,1573,8192,1183,9375
2,77077,5929,0,0,49,49,1573,1352,363,1715
2,77077,14553,0,0,49,49,1573,512,2673,3185
2,77077,26411,0,0,49,49,1573,8,1617,1625
2,77077,26411,0,0,49,49,1573,16000,3773,19773
2,77077,35721,0,0,49,49,1573,88,2187,2275
2,77077,41503,0,0,49,49,1573,1350,847,2197
2,77077,65219,0,0,49,49,1573,294,1331,1625
2,77085,45,0,0,45,45,1713,4374,1,4375
2,77121,2009,0,0,41,41,1881,2152,147,2299
2,77121,9963,0,0,41,41,1881,1672,729,2401
2,77121,69741,0,0,41,41,1881,8,5103,5111
2,77142,10074,0,0,46,46,1677,1978,219,2197
2,77163,19125,0,0,51,51,1513,9826,375,10201
2,77175,49,0,0,49,49,1575,4374,1,4375
2,77175,49,0,0,49,49,1575,10368,7,10375
2,77175,49,0,0,49,49,1575,33614,1,33615
2,77175,343,0,0,49,49,1575,3200,49,3249
2,77203,41,0,0,82,41,1883,4900,1,4901
2,77220,44,0,0,44,44,1755,4374,1,4375
2,77220,396,0,0,44,44,1755,3200,63,3263
2,77220,1540,0,0,44,44,1755,6526,35,6561
2,77220,2772,0,0,44,44,1755,2008,189,2197
2,77220,4004,0,0,44,44,1755,8192,1183,9375
2,77220,77220,0,0,44,44,1755,8032,8775,16807
2,77238,30618,0,0,42,42,1839,2104,2187,4291
2,77250,50,0,0,50,50,1545,1750,1,1751
2,77250,50,0,0,50,50,1545,4374,1,4375
2,77250,50,0,0,50,50,1545,59534,1,59535
2,77250,50,0,0,50,50,1545,65610,1,65611
2,77250,50,0,0,100,50,1545,1700,1,1701
2,77250,50,0,0,100,50,1545,31212,1,31213
2,77250,150,0,0,50,50,1545,2176,21,2197
2,77250,350,0,0,50,50,1545,3750,7,3757
2,77250,650,0,0,50,50,1545,8330,13,8343
2,77250,1250,0,0,50,50,1545,9248,125,9373
2,77250,4250,0,0,50,50,1545,4374,85,4459
2,77250,4550,0,0,50,50,1545,8192,1183,9375
2,77250,5850,0,0,50,50,1545,1400,351,1751
2,77250,8450,0,0,50,50,1545,1854,169,2023
2,77250,11050,0,0,50,50,1545,640,1547,2187
2,77250,17150,0,0,50,50,1545,1854,343,2197
2,77250,22050,0,0,50,50,1545,6656,3969,10625
2,77250,25350,0,0,50,50,1545,3296,2535,5831
2,77250,46350,0,0,50,50,1545,2744,2781,5525
2,77250,66950,0,0,50,50,1545,686,1339,2025
2,77250,68850,0,0,50,50,1545,338,1377,1715
2,77265,19125,0,0,51,51,1515,3362,375,3737
2,77285,41,0,0,41,41,1885,4896,5,4901
2,77285,123,0,0,41,41,1885,6250,3,6253
2,77285,533,0,0,82,41,1885,3132,13,3145
2,77285,1599,0,0,41,41,1885,6728,117,6845
2,77285,2091,0,0,41,41,1885,2146,51,2197
2,77285,5535,0,0,41,41,1885,2738,135,2873
2,77285,34481,0,0,41,41,1885,8192,10933,19125
2,77285,37925,0,0,41,41,1885,288,4625,4913
2,77285,56129,0,0,41,41,1885,7250,1369,8619
2,77285,56129,0,0,41,41,1885,8704,12321,21025
2,77285,59163,0,0,41,41,1885,1682,1443,3125
2,77285,76875,0,0,41,41,1885,48778,1875,50653
2,77315,47,0,0,47,47,1645,4374,1,4375
2,77315,2209,0,0,47,47,1645,1952,235,2187
2,77315,11515,0,0,47,47,1645,1152,1715,2867
2,77315,26649,0,0,47,47,1645,32,2835,2867
2,77315,31725,0,0,47,47,1645,376,2025,2401
2,77315,34263,0,0,47,47,1645,24064,6561,30625
2,77320,29160,0,0,40,40,1933,77320,2187,79507
2,77326,40986,0,0,46,46,1681,2048,9801,11849
2,77400,1080,0,0,40,40,1935,3698,27,3725
2,77400,1720,0,0,40,40,1935,15496,129,15625
2,77400,3240,0,0,40,40,1935,8192,1053,9245
2,77400,13000,0,0,40,40,1935,3698,325,4023
2,77400,53640,0,0,40,40,1935,1352,4023,5375
2,77400,73960,0,0,40,40,1935,338,1849,2187
2,77406,70602,0,0,42,42,1843,194,1681,1875
2,77418,46,0,0,46,46,1683,34374,1,34375
2,77418,1122,0,0,102,51,1518,11776,99,11875
2,77418,11178,0,0,46,46,1683,5000,729,5729
2,77418,18630,0,0,46,46,1683,32,2025,2057
2,77469,1519,0,0,98,49,1581,19652,31,19683
2,77520,48,0,0,48,48,1615,4374,1,4375
2,77520,48,0,0,96,48,1615,1700,1,1701
2,77520,240,0,0,96,48,1615,2052,5,2057
2,77520,336,0,0,48,48,1615,2048,77,2125
2,77520,336,0,0,48,48,1615,3200,49,3249
2,77520,336,0,0,48,48,1615,20570,7,20577
2,77520,528,0,0,48,48,1615,2250,11,2261
2,77520,816,0,0,48,48,1615,11858,17,11875
2,77520,816,0,0,48,48,1615,68590,17,68607
2,77520,816,0,0,96,48,1615,10108,17,10125
2,77520,912,0,0,48,48,1615,6050,19,6069
2,77520,912,0,0,48,48,1615,15606,19,15625
2,77520,912,0,0,48,48,1615,36992,133,37125
2,77520,912,0,0,96,48,1615,4356,19,4375
2,77520,912,0,0,96,48,1615,15876,19,15895
2,77520,1008,0,0,48,48,1615,2312,63,2375
2,77520,2352,0,0,48,48,1615,2250,49,2299
2,77520,4752,0,0,48,48,1615,2432,693,3125
2,77520,6384,0,0,48,48,1615,3200,931,4131
2,77520,7056,0,0,48,48,1615,2584,441,3025
2,77520,8400,0,0,48,48,1615,5984,875,6859
2,77520,10032,0,0,48,48,1615,1666,209,1875
2,77520,11664,0,0,48,48,1615,1672,729,2401
2,77520,11760,0,0,48,48,1615,2662,245,2907
2,77520,13872,0,0,48,48,1615,2432,2023,4455
2,77520,15120,0,0,48,48,1615,4598,315,4913
2,77520,16464,0,0,48,48,1615,1782,343,2125
2,77520,16464,0,0,48,48,1615,1152,2401,3553
2,77520,17328,0,0,48,48,1615,6144,3971,10115
2,77520,19440,0,0,48,48,1615,32,2025,2057
2,77520,20400,0,0,48,48,1615,2662,425,3087
2,77520,25872,0,0,48,48,1615,4374,539,4913
2,77520,29040,0,0,48,48,1615,224,3025,3249
2,77520,30000,0,0,48,48,1615,512,5625,6137
2,77520,32400,0,0,48,48,1615,2888,2025,4913
2,77520,33264,0,0,48,48,1615,640,4851,5491
2,77520,34992,0,0,48,48,1615,2450,729,3179
2,77520,63888,0,0,48,48,1615,6250,1331,7581
2,77520,63888,0,0,48,48,1615,11552,6655,18207
2,77520,63888,0,0,48,48,1615,19494,1331,20825
2,77520,66000,0,0,48,48,1615,1026,1375,2401
2,77520,66096,0,0,48,48,1615,2744,4131,6875
2,77520,70224,0,0,48,48,1615,384,10241,10625
2,77597,47,0,0,47,47,1651,6858,1,6859
2,77625,45,0,0,45,45,1725,64000,9,64009
2,77625,45,0,0,45,45,1725,71874,1,71875
2,77625,1035,0,0,45,45,1725,19602,23,19625
2,77660,5940,0,0,44,44,1765,9728,1215,10943
2,77665,49,0,0,49,49,1585,7290,1,7291
2,77691,25897,0,0,94,47,1653,1324,551,1875
2,77727,39,0,0,39,39,1993,4374,1,4375
2,77727,273,0,0,39,39,1993,3200,49,3249
2,77748,1364,0,0,44,44,1767,2318,31,2349
2,77748,25916,0,0,88,44,1767,3132,589,3721
2,77750,15550,0,0,50,50,1555,6250,311,6561
2,77800,9720,0,0,40,40,1945,77800,729,78529
2,77800,15560,0,0,40,40,1945,6750,389,7139
2,77800,77800,0,0,40,40,1945,242,1945,2187
2,77805,39,0,0,39,39,1995,4374,1,4375
2,77805,273,0,0,39,39,1995,3200,49,3249
2,77826,15582,0,0,42,42,1853,128,2597,2725
2,77910,42,0,0,42,42,1855,2592,5,2597
2,77910,42,0,0,42,42,1855,4374,1,4375
2,77910,294,0,0,42,42,1855,5618,7,5625
2,77910,15582,0,0,42,42,1855,6190,371,6561
2,77910,43218,0,0,42,42,1855,8,3087,3095
2,77910,60102,0,0,42,42,1855,40,4293,4333
2,77924,1012,0,0,44,44,1771,23814,23,23837
2,77959,43,0,0,43,43,1813,4374,1,4375
2,77959,473,0,0,43,43,1813,9250,11,9261
2,77959,58867,0,0,43,43,1813,83006,1369,84375
2,77973,77973,0,0,94,47,1659,9664,4977,14641
2,78023,451,0,0,41,41,1903,3114,11,3125
2,78023,7093,0,0,82,41,1903,2500,173,2673
2,78045,43,0,0,43,43,1815,64000,9,64009
2,78045,43,0,0,43,43,1815,71874,1,71875
2,78045,473,0,0,43,43,1815,3634,11,3645
2,78045,5375,0,0,43,43,1815,1738,125,1863
2,78045,10191,0,0,43,43,1815,512,2133,2645
2,78045,15609,0,0,43,43,1815,14536,1089,15625
2,78045,29025,0,0,43,43,1815,5566,675,6241
2,78057,14455,0,0,49,49,1593,7776,1475,9251
2,78057,41209,0,0,49,49,1593,6534,841,7375
2,78120,40,0,0,40,40,1953,4374,1,4375
2,78120,120,0,0,40,40,1953,4802,3,4805
2,78120,200,0,0,40,40,1953,12152,15,12167
2,78120,280,0,0,40,40,1953,32798,7,32805
2,78120,360,0,0,80,40,1953,2116,9,2125
2,78120,680,0,0,40,40,1953,2170,17,2187
2,78120,680,0,0,40,40,1953,12150,17,12167
2,78120,1240,0,0,80,40,1953,19652,31,19683
2,78120,3240,0,0,40,40,1953,5750,81,5831
2,78120,5400,0,0,40,40,1953,3968,945,4913
2,78120,9720,0,0,40,40,1953,8750,243,8993
2,78120,11160,0,0,40,40,1953,1288,837,2125
2,78120,49000,0,0,40,40,1953,384,8575,8959
2,78120,49000,0,0,40,40,1953,28566,1225,29791
2,78120,52920,0,0,40,40,1953,32,6615,6647
2,78120,68040,0,0,40,40,1953,17000,5103,22103
2,78120,75000,0,0,40,40,1953,3038,1875,4913
2,78156,52,0,0,52,52,1503,4374,1,4375
2,78156,8684,0,0,104,52,1503,1548,167,1715
2,78174,8686,0,0,86,43,1818,7776,505,8281
2,78183,51,0,0,51,51,1533,4374,1,4375
2,78183,4131,0,0,51,51,1533,42632,243,42875
2,78183,6375,0,0,51,51,1533,4704,625,5329
2,78269,123,0,0,41,41,1909,2392,9,2401
2,78269,9963,0,0,41,41,1909,2158,243,2401
2,78269,48503,0,0,41,41,1909,1058,1183,2241
2,78338,12650,0,0,46,46,1703,1922,275,2197
2,78384,48,0,0,48,48,1633,5750,1,5751
2,78384,1296,0,0,48,48,1633,5014,27,5041
2,78384,3408,0,0,96,48,1633,2116,71,2187
2,78384,5232,0,0,48,48,1633,3266,109,3375
2,78414,78414,0,0,42,42,1867,534,1867,2401
2,78430,46,0,0,46,46,1705,3750,1,3751
2,78430,414,0,0,46,46,1705,6250,9,6259
2,78430,506,0,0,92,46,1705,2500,11,2511
2,78435,45,0,0,45,45,1743,4374,1,4375
2,78435,45,0,0,45,45,1743,10368,7,10375
2,78435,45,0,0,45,45,1743,33614,1,33615
2,78435,10935,0,0,45,45,1743,34202,243,34445
2,78435,46305,0,0,45,45,1743,44672,7203,51875
2,78452,44,0,0,44,44,1783,4374,1,4375
2,78475,43,0,0,43,43,1825,4374,1,4375
2,78475,3139,0,0,43,43,1825,2450,73,2523
2,78475,3483,0,0,43,43,1825,42632,243,42875
2,78475,5375,0,0,43,43,1825,4704,625,5329
2,78475,14749,0,0,43,43,1825,1682,343,2025
2,78475,14749,0,0,43,43,1825,9344,2401,11745
2,78520,20280,0,0,40,40,1963,77312,4563,81875
2,78540,44,0,0,44,44,1785,4374,1,4375
2,78547,49,0,0,49,49,1603,4374,1,4375
2,78547,3969,0,0,49,49,1603,5000,243,5243
2,78561,301,0,0,43,43,1827,27848,21,27869
2,78561,41323,0,0,43,43,1827,8,2883,2891
2,78568,644,0,0,92,46,1708,3200,49,3249
2,78600,40,0,0,40,40,1965,4374,1,4375
2,78600,13720,0,0,40,40,1965,128,2401,2529
2,78624,8736,0,0,96,48,1638,8192,1183,9375
2,78650,50,0,0,50,50,1573,4374,1,4375
2,78650,550,0,0,50,50,1573,1690,11,1701
2,78650,4550,0,0,50,50,1573,8192,1183,9375
2,78650,6050,0,0,50,50,1573,1352,363,1715
2,78650,14850,0,0,50,50,1573,512,2673,3185
2,78650,26950,0,0,50,50,1573,8,1617,1625
2,78650,26950,0,0,50,50,1573,16000,3773,19773
2,78650,36450,0,0,50,50,1573,88,2187,2275
2,78650,42350,0,0,50,50,1573,1350,847,2197
2,78650,66550,0,0,50,50,1573,294,1331,1625
2,78660,90,0,0,90,45,1748,12160,7,12167
2,78676,19500,0,0,52,52,1513,9826,375,10201
2,78705,40095,0,0,45,45,1749,136,2673,2809
2,78716,78716,0,0,44,44,1789,398,1789,2187
2,78725,3807,0,0,47,47,1675,8192,1053,9245
2,78725,26273,0,0,47,47,1675,1250,559,1809
2,78725,28341,0,0,47,47,1675,40,1809,1849
2,78750,50,0,0,50,50,1575,4374,1,4375
2,78750,50,0,0,50,50,1575,10368,7,10375
2,78750,50,0,0,50,50,1575,33614,1,33615
2,78750,350,0,0,50,50,1575,3200,49,3249
2,78750,11250,0,0,90,45,1750,4704,625,5329
2,78780,19500,0,0,52,52,1515,3362,375,3737
2,78795,51,0,0,51,51,1545,1750,1,1751
2,78795,51,0,0,51,51,1545,4374,1,4375
2,78795,51,0,0,51,51,1545,59534,1,59535
2,78795,51,0,0,51,51,1545,65610,1,65611
2,78795,51,0,0,102,51,1545,1700,1,1701
2,78795,51,0,0,102,51,1545,31212,1,31213
2,78795,153,0,0,51,51,1545,2176,21,2197
2,78795,357,0,0,51,51,1545,3750,7,3757
2,78795,663,0,0,51,51,1545,8330,13,8343
2,78795,1275,0,0,51,51,1545,9248,125,9373
2,78795,4335,0,0,51,51,1545,4374,85,4459
2,78795,4641,0,0,51,51,1545,8192,1183,9375
2,78795,5967,0,0,51,51,1545,1400,351,1751
2,78795,8619,0,0,51,51,1545,1854,169,2023
2,78795,11271,0,0,51,51,1545,640,1547,2187
2,78795,17493,0,0,51,51,1545,1854,343,2197
2,78795,22491,0,0,51,51,1545,6656,3969,10625
2,78795,25857,0,0,51,51,1545,3296,2535,5831
2,78795,47277,0,0,51,51,1545,2744,2781,5525
2,78795,68289,0,0,51,51,1545,686,1339,2025
2,78795,70227,0,0,51,51,1545,338,1377,1715
2,78798,46,0,0,46,46,1713,4374,1,4375
2,78819,1677,0,0,86,43,1833,3008,117,3125
2,78819,10293,0,0,47,47,1677,1978,219,2197
2,78843,41,0,0,41,41,1923,4374,1,4375
2,78843,36531,0,0,41,41,1923,32,4455,4487
2,78925,25625,0,0,41,41,1925,32,3125,3157
2,78925,35875,0,0,41,41,1925,1312,4375,5687
2,78936,1144,0,0,104,52,1518,11776,99,11875
2,78960,48,0,0,48,48,1645,4374,1,4375
2,78960,2256,0,0,48,48,1645,1952,235,2187
2,78960,11760,0,0,48,48,1645,1152,1715,2867
2,78960,27216,0,0,48,48,1645,32,2835,2867
2,78960,32400,0,0,48,48,1645,376,2025,2401
2,78960,34992,0,0,48,48,1645,24064,6561,30625
2,78975,45,0,0,45,45,1755,4374,1,4375
2,78975,405,0,0,45,45,1755,3200,63,3263
2,78975,1575,0,0,45,45,1755,6526,35,6561
2,78975,2835,0,0,45,45,1755,2008,189,2197
2,78975,4095,0,0,45,45,1755,8192,1183,9375
2,78975,78975,0,0,45,45,1755,8032,8775,16807
2,79002,2058,0,0,42,42,1881,2152,147,2299
2,79002,10206,0,0,42,42,1881,1672,729,2401
2,79002,71442,0,0,42,42,1881,8,5103,5111
2,79007,41877,0,0,47,47,1681,2048,9801,11849
2,79050,1550,0,0,100,50,1581,19652,31,19683
2,79077,31347,0,0,43,43,1839,2104,2187,4291
2,79086,42,0,0,84,42,1883,4900,1,4901
2,79101,47,0,0,47,47,1683,34374,1,34375
2,79101,11421,0,0,47,47,1683,5000,729,5729
2,79101,19035,0,0,47,47,1683,32,2025,2057
2,79135,49,0,0,49,49,1615,4374,1,4375
2,79135,49,0,0,98,49,1615,1700,1,1701
2,79135,245,0,0,98,49,1615,2052,5,2057
2,79135,343,0,0,49,49,1615,2048,77,2125
2,79135,343,0,0,49,49,1615,3200,49,3249
2,79135,343,0,0,49,49,1615,20570,7,20577
2,79135,539,0,0,49,49,1615,2250,11,2261
2,79135,833,0,0,49,49,1615,11858,17,11875
2,79135,833,0,0,49,49,1615,68590,17,68607
2,79135,833,0,0,98,49,1615,10108,17,10125
2,79135,931,0,0,49,49,1615,6050,19,6069
2,79135,931,0,0,49,49,1615,15606,19,15625
2,79135,931,0,0,49,49,1615,36992,133,37125
2,79135,931,0,0,98,49,1615,4356,19,4375
2,79135,931,0,0,98,49,1615,15876,19,15895
2,79135,1029,0,0,49,49,1615,2312,63,2375
2,79135,2401,0,0,49,49,1615,2250,49,2299
2,79135,4851,0,0,49,49,1615,2432,693,3125
2,79135,6517,0,0,49,49,1615,3200,931,4131
2,79135,7203,0,0,49,49,1615,2584,441,3025
2,79135,8575,0,0,49,49,1615,5984,875,6859
2,79135,10241,0,0,49,49,1615,1666,209,1875
2,79135,11907,0,0,49,49,1615,1672,729,2401
2,79135,12005,0,0,49,49,1615,2662,245,2907
2,79135,14161,0,0,49,49,1615,2432,2023,4455
2,79135,15435,0,0,49,49,1615,4598,315,4913
2,79135,16807,0,0,49,49,1615,1782,343,2125
2,79135,16807,0,0,49,49,1615,1152,2401,3553
2,79135,17689,0,0,49,49,1615,6144,3971,10115
2,79135,19845,0,0,49,49,1615,32,2025,2057
2,79135,20825,0,0,49,49,1615,2662,425,3087
2,79135,26411,0,0,49,49,1615,4374,539,4913
2,79135,29645,0,0,49,49,1615,224,3025,3249
2,79135,30625,0,0,49,49,1615,512,5625,6137
2,79135,33075,0,0,49,49,1615,2888,2025,4913
2,79135,33957,0,0,49,49,1615,640,4851,5491
2,79135,35721,0,0,49,49,1615,2450,729,3179
2,79135,65219,0,0,49,49,1615,6250,1331,7581
2,79135,65219,0,0,49,49,1615,11552,6655,18207
2,79135,65219,0,0,49,49,1615,19494,1331,20825
2,79135,67375,0,0,49,49,1615,1026,1375,2401
2,79135,67473,0,0,49,49,1615,2744,4131,6875
2,79135,71687,0,0,49,49,1615,384,10241,10625
2,79170,42,0,0,42,42,1885,4896,5,4901
2,79170,126,0,0,42,42,1885,6250,3,6253
2,79170,546,0,0,84,42,1885,3132,13,3145
2,79170,1638,0,0,42,42,1885,6728,117,6845
2,79170,2142,0,0,42,42,1885,2146,51,2197
2,79170,5670,0,0,42,42,1885,2738,135,2873
2,79170,35322,0,0,42,42,1885,8192,10933,19125
2,79170,38850,0,0,42,42,1885,288,4625,4913
2,79170,57498,0,0,42,42,1885,7250,1369,8619
2,79170,57498,0,0,42,42,1885,8704,12321,21025
2,79170,60606,0,0,42,42,1885,1682,1443,3125
2,79170,78750,0,0,42,42,1885,48778,1875,50653
2,79248,48,0,0,48,48,1651,6858,1,6859
2,79249,72283,0,0,43,43,1843,194,1681,1875
2,79250,50,0,0,50,50,1585,7290,1,7291
2,79253,29889,0,0,41,41,1933,77320,2187,79507
2,79305,15861,0,0,51,51,1555,6250,311,6561
2,79335,1107,0,0,41,41,1935,3698,27,3725
2,79335,1763,0,0,41,41,1935,15496,129,15625
2,79335,3321,0,0,41,41,1935,8192,1053,9245
2,79335,13325,0,0,41,41,1935,3698,325,4023
2,79335,54981,0,0,41,41,1935,1352,4023,5375
2,79335,75809,0,0,41,41,1935,338,1849,2187
2,79344,26448,0,0,96,48,1653,1324,551,1875
2,79350,46,0,0,46,46,1725,64000,9,64009
2,79350,46,0,0,46,46,1725,71874,1,71875
2,79350,1058,0,0,46,46,1725,19602,23,19625
2,79425,6075,0,0,45,45,1765,9728,1215,10943
2,79515,1395,0,0,45,45,1767,2318,31,2349
2,79515,26505,0,0,90,45,1767,3132,589,3721
2,79632,79632,0,0,96,48,1659,9664,4977,14641
2,79650,14750,0,0,50,50,1593,7776,1475,9251
2,79650,42050,0,0,50,50,1593,6534,841,7375
2,79659,53,0,0,53,53,1503,4374,1,4375
2,79659,8851,0,0,106,53,1503,1548,167,1715
2,79679,15953,0,0,43,43,1853,128,2597,2725
2,79695,1035,0,0,45,45,1771,23814,23,23837
2,79716,52,0,0,52,52,1533,4374,1,4375
2,79716,4212,0,0,52,52,1533,42632,243,42875
2,79716,6500,0,0,52,52,1533,4704,625,5329
2,79720,40,0,0,40,40,1993,4374,1,4375
2,79720,280,0,0,40,40,1993,3200,49,3249
2,79745,9963,0,0,41,41,1945,77800,729,78529
2,79745,15949,0,0,41,41,1945,6750,389,7139
2,79745,79745,0,0,41,41,1945,242,1945,2187
2,79765,43,0,0,43,43,1855,2592,5,2597
2,79765,43,0,0,43,43,1855,4374,1,4375
2,79765,301,0,0,43,43,1855,5618,7,5625
2,79765,15953,0,0,43,43,1855,6190,371,6561
2,79765,44247,0,0,43,43,1855,8,3087,3095
2,79765,61533,0,0,43,43,1855,40,4293,4333
2,79772,44,0,0,44,44,1813,4374,1,4375
2,79772,484,0,0,44,44,1813,9250,11,9261
2,79772,60236,0,0,44,44,1813,83006,1369,84375
2,79800,40,0,0,40,40,1995,4374,1,4375
2,79800,280,0,0,40,40,1995,3200,49,3249
2,79860,44,0,0,44,44,1815,64000,9,64009
2,79860,44,0,0,44,44,1815,71874,1,71875
2,79860,484,0,0,44,44,1815,3634,11,3645
2,79860,5500,0,0,44,44,1815,1738,125,1863
2,79860,10428,0,0,44,44,1815,512,2133,2645
2,79860,15972,0,0,44,44,1815,14536,1089,15625
2,79860,29700,0,0,44,44,1815,5566,675,6241
2,79926,462,0,0,42,42,1903,3114,11,3125
2,79926,7266,0,0,84,42,1903,2500,173,2673
2,79992,8888,0,0,88,44,1818,7776,505,8281
2,80017,49,0,0,49,49,1633,5750,1,5751
2,80017,1323,0,0,49,49,1633,5014,27,5041
2,80017,3479,0,0,98,49,1633,2116,71,2187
2,80017,5341,0,0,49,49,1633,3266,109,3375
2,80041,12925,0,0,47,47,1703,1922,275,2197
2,80073,41,0,0,41,41,1953,4374,1,4375
2,80073,123,0,0,41,41,1953,4802,3,4805
2,80073,205,0,0,41,41,1953,12152,15,12167
2,80073,287,0,0,41,41,1953,32798,7,32805
2,80073,369,0,0,82,41,1953,2116,9,2125
2,80073,697,0,0,41,41,1953,2170,17,2187
2,80073,697,0,0,41,41,1953,12150,17,12167
2,80073,1271,0,0,82,41,1953,19652,31,19683
2,80073,3321,0,0,41,41,1953,5750,81,5831
2,80073,5535,0,0,41,41,1953,3968,945,4913
2,80073,9963,0,0,41,41,1953,8750,243,8993
2,80073,11439,0,0,41,41,1953,1288,837,2125
2,80073,50225,0,0,41,41,1953,384,8575,8959
2,80073,50225,0,0,41,41,1953,28566,1225,29791
2,80073,54243,0,0,41,41,1953,32,6615,6647
2,80073,69741,0,0,41,41,1953,17000,5103,22103
2,80073,76875,0,0,41,41,1953,3038,1875,4913
2,80135,47,0,0,47,47,1705,3750,1,3751
2,80135,423,0,0,47,47,1705,6250,9,6259
2,80135,517,0,0,94,47,1705,2500,11,2511
2,80150,50,0,0,50,50,1603,4374,1,4375
2,80150,4050,0,0,50,50,1603,5000,243,5243
2,80178,46,0,0,46,46,1743,4374,1,4375
2,80178,46,0,0,46,46,1743,10368,7,10375
2,80178,46,0,0,46,46,1743,33614,1,33615
2,80178,126,0,0,42,42,1909,2392,9,2401
2,80178,10206,0,0,42,42,1909,2158,243,2401
2,80178,11178,0,0,46,46,1743,34202,243,34445
2,80178,47334,0,0,46,46,1743,44672,7203,51875
2,80178,49686,0,0,42,42,1909,1058,1183,2241
2,80189,19875,0,0,53,53,1513,9826,375,10201
2,80223,51,0,0,51,51,1573,4374,1,4375
2,80223,561,0,0,51,51,1573,1690,11,1701
2,80223,4641,0,0,51,51,1573,8192,1183,9375
2,80223,6171,0,0,51,51,1573,1352,363,1715
2,80223,15147,0,0,51,51,1573,512,2673,3185
2,80223,27489,0,0,51,51,1573,8,1617,1625
2,80223,27489,0,0,51,51,1573,16000,3773,19773
2,80223,37179,0,0,51,51,1573,88,2187,2275
2,80223,43197,0,0,51,51,1573,1350,847,2197
2,80223,67881,0,0,51,51,1573,294,1331,1625
2,80235,45,0,0,45,45,1783,4374,1,4375
2,80262,8918,0,0,98,49,1638,8192,1183,9375
2,80276,658,0,0,94,47,1708,3200,49,3249
2,80281,80281,0,0,43,43,1867,534,1867,2401
2,80295,19875,0,0,53,53,1515,3362,375,3737
2,80300,44,0,0,44,44,1825,4374,1,4375
2,80300,3212,0,0,44,44,1825,2450,73,2523
2,80300,3564,0,0,44,44,1825,42632,243,42875
2,80300,5500,0,0,44,44,1825,4704,625,5329
2,80300,15092,0,0,44,44,1825,1682,343,2025
2,80300,15092,0,0,44,44,1825,9344,2401,11745
2,80325,45,0,0,45,45,1785,4374,1,4375
2,80325,51,0,0,51,51,1575,4374,1,4375
2,80325,51,0,0,51,51,1575,10368,7,10375
2,80325,51,0,0,51,51,1575,33614,1,33615
2,80325,357,0,0,51,51,1575,3200,49,3249
2,80340,52,0,0,52,52,1545,1750,1,1751
2,80340,52,0,0,52,52,1545,4374,1,4375
2,80340,52,0,0,52,52,1545,59534,1,59535
2,80340,52,0,0,52,52,1545,65610,1,65611
2,80340,52,0,0,104,52,1545,1700,1,1701
2,80340,52,0,0,104,52,1545,31212,1,31213
2,80340,156,0,0,52,52,1545,2176,21,2197
2,80340,364,0,0,52,52,1545,3750,7,3757
2,80340,676,0,0,52,52,1545,8330,13,8343
2,80340,1300,0,0,52,52,1545,9248,125,9373
2,80340,4420,0,0,52,52,1545,4374,85,4459
2,80340,4732,0,0,52,52,1545,8192,1183,9375
2,80340,6084,0,0,52,52,1545,1400,351,1751
2,80340,8788,0,0,52,52,1545,1854,169,2023
2,80340,11492,0,0,52,52,1545,640,1547,2187
2,80340,17836,0,0,52,52,1545,1854,343,2197
2,80340,22932,0,0,52,52,1545,6656,3969,10625
2,80340,26364,0,0,52,52,1545,3296,2535,5831
2,80340,48204,0,0,52,52,1545,2744,2781,5525
2,80340,69628,0,0,52,52,1545,686,1339,2025
2,80340,71604,0,0,52,52,1545,338,1377,1715
2,80388,308,0,0,44,44,1827,27848,21,27869
2,80388,42284,0,0,44,44,1827,8,2883,2891
2,80400,3888,0,0,48,48,1675,8192,1053,9245
2,80400,26832,0,0,48,48,1675,1250,559,1809
2,80400,28944,0,0,48,48,1675,40,1809,1849
2,80408,92,0,0,92,46,1748,12160,7,12167
2,80454,1166,0,0,106,53,1518,11776,99,11875
2,80454,40986,0,0,46,46,1749,136,2673,2809
2,80483,20787,0,0,41,41,1963,77312,4563,81875
2,80496,10512,0,0,48,48,1677,1978,219,2197
2,80500,11500,0,0,92,46,1750,4704,625,5329
2,80505,80505,0,0,45,45,1789,398,1789,2187
2,80511,47,0,0,47,47,1713,4374,1,4375
2,80565,41,0,0,41,41,1965,4374,1,4375
2,80565,14063,0,0,41,41,1965,128,2401,2529
2,80605,49,0,0,49,49,1645,4374,1,4375
2,80605,2303,0,0,49,49,1645,1952,235,2187
2,80605,12005,0,0,49,49,1645,1152,1715,2867
2,80605,27783,0,0,49,49,1645,32,2835,2867
2,80605,33075,0,0,49,49,1645,376,2025,2401
2,80605,35721,0,0,49,49,1645,24064,6561,30625
2,80631,1581,0,0,102,51,1581,19652,31,19683
2,80652,1716,0,0,88,44,1833,3008,117,3125
2,80688,42768,0,0,48,48,1681,2048,9801,11849
2,80730,46,0,0,46,46,1755,4374,1,4375
2,80730,414,0,0,46,46,1755,3200,63,3263
2,80730,1610,0,0,46,46,1755,6526,35,6561
2,80730,2898,0,0,46,46,1755,2008,189,2197
2,80730,4186,0,0,46,46,1755,8192,1183,9375
2,80730,80730,0,0,46,46,1755,8032,8775,16807
2,80750,50,0,0,50,50,1615,4374,1,4375
2,80750,50,0,0,100,50,1615,1700,1,1701
2,80750,250,0,0,100,50,1615,2052,5,2057
2,80750,350,0,0,50,50,1615,2048,77,2125
2,80750,350,0,0,50,50,1615,3200,49,3249
2,80750,350,0,0,50,50,1615,20570,7,20577
2,80750,550,0,0,50,50,1615,2250,11,2261
2,80750,850,0,0,50,50,1615,11858,17,11875
2,80750,850,0,0,50,50,1615,68590,17,68607
2,80750,850,0,0,100,50,1615,10108,17,10125
2,80750,950,0,0,50,50,1615,6050,19,6069
2,80750,950,0,0,50,50,1615,15606,19,15625
2,80750,950,0,0,50,50,1615,36992,133,37125
2,80750,950,0,0,100,50,1615,4356,19,4375
2,80750,950,0,0,100,50,1615,15876,19,15895
2,80750,1050,0,0,50,50,1615,2312,63,2375
2,80750,2450,0,0,50,50,1615,2250,49,2299
2,80750,4950,0,0,50,50,1615,2432,693,3125
2,80750,6650,0,0,50,50,1615,3200,931,4131
2,80750,7350,0,0,50,50,1615,2584,441,3025
2,80750,8750,0,0,50,50,1615,5984,875,6859
2,80750,10450,0,0,50,50,1615,1666,209,1875
2,80750,12150,0,0,50,50,1615,1672,729,2401
2,80750,12250,0,0,50,50,1615,2662,245,2907
2,80750,14450,0,0,50,50,1615,2432,2023,4455
2,80750,15750,0,0,50,50,1615,4598,315,4913
2,80750,17150,0,0,50,50,1615,1782,343,2125
2,80750,17150,0,0,50,50,1615,1152,2401,3553
2,80750,18050,0,0,50,50,1615,6144,3971,10115
2,80750,20250,0,0,50,50,1615,32,2025,2057
2,80750,21250,0,0,50,50,1615,2662,425,3087
2,80750,26950,0,0,50,50,1615,4374,539,4913
2,80750,30250,0,0,50,50,1615,224,3025,3249
2,80750,31250,0,0,50,50,1615,512,5625,6137
2,80750,33750,0,0,50,50,1615,2888,2025,4913
2,80750,34650,0,0,50,50,1615,640,4851,5491
2,80750,36450,0,0,50,50,1615,2450,729,3179
2,80750,66550,0,0,50,50,1615,6250,1331,7581
2,80750,66550,0,0,50,50,1615,11552,6655,18207
2,80750,66550,0,0,50,50,1615,19494,1331,20825
2,80750,68750,0,0,50,50,1615,1026,1375,2401
2,80750,68850,0,0,50,50,1615,2744,4131,6875
2,80750,73150,0,0,50,50,1615,384,10241,10625
2,80766,42,0,0,42,42,1923,4374,1,4375
2,80766,37422,0,0,42,42,1923,32,4455,4487
2,80784,48,0,0,48,48,1683,34374,1,34375
2,80784,11664,0,0,48,48,1683,5000,729,5729
2,80784,19440,0,0,48,48,1683,32,2025,2057
2,80835,51,0,0,51,51,1585,7290,1,7291
2,80850,26250,0,0,42,42,1925,32,3125,3157
2,80850,36750,0,0,42,42,1925,1312,4375,5687
2,80860,16172,0,0,52,52,1555,6250,311,6561
2,80883,2107,0,0,43,43,1881,2152,147,2299
2,80883,10449,0,0,43,43,1881,1672,729,2401
2,80883,73143,0,0,43,43,1881,8,5103,5111
2,80899,49,0,0,49,49,1651,6858,1,6859
2,80916,32076,0,0,44,44,1839,2104,2187,4291
2,80969,43,0,0,86,43,1883,4900,1,4901
2,80997,26999,0,0,98,49,1653,1324,551,1875
2,81055,43,0,0,43,43,1885,4896,5,4901
2,81055,129,0,0,43,43,1885,6250,3,6253
2,81055,559,0,0,86,43,1885,3132,13,3145
2,81055,1677,0,0,43,43,1885,6728,117,6845
2,81055,2193,0,0,43,43,1885,2146,51,2197
2,81055,5805,0,0,43,43,1885,2738,135,2873
2,81055,36163,0,0,43,43,1885,8192,10933,19125
2,81055,39775,0,0,43,43,1885,288,4625,4913
2,81055,58867,0,0,43,43,1885,7250,1369,8619
2,81055,58867,0,0,43,43,1885,8704,12321,21025
2,81055,62049,0,0,43,43,1885,1682,1443,3125
2,81055,80625,0,0,43,43,1885,48778,1875,50653
2,81075,47,0,0,47,47,1725,64000,9,64009
2,81075,47,0,0,47,47,1725,71874,1,71875
2,81075,1081,0,0,47,47,1725,19602,23,19625
2,81092,73964,0,0,44,44,1843,194,1681,1875
2,81162,54,0,0,54,54,1503,4374,1,4375
2,81162,9018,0,0,108,54,1503,1548,167,1715
2,81186,30618,0,0,42,42,1933,77320,2187,79507
2,81190,6210,0,0,46,46,1765,9728,1215,10943
2,81243,15045,0,0,51,51,1593,7776,1475,9251
2,81243,42891,0,0,51,51,1593,6534,841,7375
2,81249,53,0,0,53,53,1533,4374,1,4375
2,81249,4293,0,0,53,53,1533,42632,243,42875
2,81249,6625,0,0,53,53,1533,4704,625,5329
2,81270,1134,0,0,42,42,1935,3698,27,3725
2,81270,1806,0,0,42,42,1935,15496,129,15625
2,81270,3402,0,0,42,42,1935,8192,1053,9245
2,81270,13650,0,0,42,42,1935,3698,325,4023
2,81270,56322,0,0,42,42,1935,1352,4023,5375
2,81270,77658,0,0,42,42,1935,338,1849,2187
2,81282,1426,0,0,46,46,1767,2318,31,2349
2,81282,27094,0,0,92,46,1767,3132,589,3721
2,81291,81291,0,0,98,49,1659,9664,4977,14641
2,81466,1058,0,0,46,46,1771,23814,23,23837
2,81532,16324,0,0,44,44,1853,128,2597,2725
2,81585,45,0,0,45,45,1813,4374,1,4375
2,81585,495,0,0,45,45,1813,9250,11,9261
2,81585,61605,0,0,45,45,1813,83006,1369,84375
2,81620,44,0,0,44,44,1855,2592,5,2597
2,81620,44,0,0,44,44,1855,4374,1,4375
2,81620,308,0,0,44,44,1855,5618,7,5625
2,81620,16324,0,0,44,44,1855,6190,371,6561
2,81620,45276,0,0,44,44,1855,8,3087,3095
2,81620,62964,0,0,44,44,1855,40,4293,4333
2,81650,50,0,0,50,50,1633,5750,1,5751
2,81650,1350,0,0,50,50,1633,5014,27,5041
2,81650,3550,0,0,100,50,1633,2116,71,2187
2,81650,5450,0,0,50,50,1633,3266,109,3375
2,81675,45,0,0,45,45,1815,64000,9,64009
2,81675,45,0,0,45,45,1815,71874,1,71875
2,81675,495,0,0,45,45,1815,3634,11,3645
2,81675,5625,0,0,45,45,1815,1738,125,1863
2,81675,10665,0,0,45,45,1815,512,2133,2645
2,81675,16335,0,0,45,45,1815,14536,1089,15625
2,81675,30375,0,0,45,45,1815,5566,675,6241
2,81690,10206,0,0,42,42,1945,77800,729,78529
2,81690,16338,0,0,42,42,1945,6750,389,7139
2,81690,81690,0,0,42,42,1945,242,1945,2187
2,81702,20250,0,0,54,54,1513,9826,375,10201
2,81713,41,0,0,41,41,1993,4374,1,4375
2,81713,287,0,0,41,41,1993,3200,49,3249
2,81744,13200,0,0,48,48,1703,1922,275,2197
2,81753,51,0,0,51,51,1603,4374,1,4375
2,81753,4131,0,0,51,51,1603,5000,243,5243
2,81795,41,0,0,41,41,1995,4374,1,4375
2,81795,287,0,0,41,41,1995,3200,49,3249
2,81796,52,0,0,52,52,1573,4374,1,4375
2,81796,572,0,0,52,52,1573,1690,11,1701
2,81796,4732,0,0,52,52,1573,8192,1183,9375
2,81796,6292,0,0,52,52,1573,1352,363,1715
2,81796,15444,0,0,52,52,1573,512,2673,3185
2,81796,28028,0,0,52,52,1573,8,1617,1625
2,81796,28028,0,0,52,52,1573,16000,3773,19773
2,81796,37908,0,0,52,52,1573,88,2187,2275
2,81796,44044,0,0,52,52,1573,1350,847,2197
2,81796,69212,0,0,52,52,1573,294,1331,1625
2,81810,9090,0,0,90,45,1818,7776,505,8281
2,81810,20250,0,0,54,54,1515,3362,375,3737
2,81829,473,0,0,43,43,1903,3114,11,3125
2,81829,7439,0,0,86,43,1903,2500,173,2673
2,81840,48,0,0,48,48,1705,3750,1,3751
2,81840,432,0,0,48,48,1705,6250,9,6259
2,81840,528,0,0,96,48,1705,2500,11,2511
2,81885,53,0,0,53,53,1545,1750,1,1751
2,81885,53,0,0,53,53,1545,4374,1,4375
2,81885,53,0,0,53,53,1545,59534,1,59535
2,81885,53,0,0,53,53,1545,65610,1,65611
2,81885,53,0,0,106,53,1545,1700,1,1701
2,81885,53,0,0,106,53,1545,31212,1,31213
2,81885,159,0,0,53,53,1545,2176,21,2197
2,81885,371,0,0,53,53,1545,3750,7,3757
2,81885,689,0,0,53,53,1545,8330,13,8343
2,81885,1325,0,0,53,53,1545,9248,125,9373
2,81885,4505,0,0,53,53,1545,4374,85,4459
2,81885,4823,0,0,53,53,1545,8192,1183,9375
2,81885,6201,0,0,53,53,1545,1400,351,1751
2,81885,8957,0,0,53,53,1545,1854,169,2023
2,81885,11713,0,0,53,53,1545,640,1547,2187
2,81885,18179,0,0,53,53,1545,1854,343,2197
2,81885,23373,0,0,53,53,1545,6656,3969,10625
2,81885,26871,0,0,53,53,1545,3296,2535,5831
2,81885,49131,0,0,53,53,1545,2744,2781,5525
2,81885,70967,0,0,53,53,1545,686,1339,2025
2,81885,72981,0,0,53,53,1545,338,1377,1715
2,81900,52,0,0,52,52,1575,4374,1,4375
2,81900,52,0,0,52,52,1575,10368,7,10375
2,81900,52,0,0,52,52,1575,33614,1,33615
2,81900,364,0,0,52,52,1575,3200,49,3249
2,81900,9100,0,0,100,50,1638,8192,1183,9375
2,81921,47,0,0,47,47,1743,4374,1,4375
2,81921,47,0,0,47,47,1743,10368,7,10375
2,81921,47,0,0,47,47,1743,33614,1,33615
2,81921,11421,0,0,47,47,1743,34202,243,34445
2,81921,48363,0,0,47,47,1743,44672,7203,51875
2,81972,1188,0,0,108,54,1518,11776,99,11875
2,81984,672,0,0,96,48,1708,3200,49,3249
2,82018,46,0,0,46,46,1783,4374,1,4375
2,82026,42,0,0,42,42,1953,4374,1,4375
2,82026,126,0,0,42,42,1953,4802,3,4805
2,82026,210,0,0,42,42,1953,12152,15,12167
2,82026,294,0,0,42,42,1953,32798,7,32805
2,82026,378,0,0,84,42,1953,2116,9,2125
2,82026,714,0,0,42,42,1953,2170,17,2187
2,82026,714,0,0,42,42,1953,12150,17,12167
2,82026,1302,0,0,84,42,1953,19652,31,19683
2,82026,3402,0,0,42,42,1953,5750,81,5831
2,82026,5670,0,0,42,42,1953,3968,945,4913
2,82026,10206,0,0,42,42,1953,8750,243,8993
2,82026,11718,0,0,42,42,1953,1288,837,2125
2,82026,51450,0,0,42,42,1953,384,8575,8959
2,82026,51450,0,0,42,42,1953,28566,1225,29791
2,82026,55566,0,0,42,42,1953,32,6615,6647
2,82026,71442,0,0,42,42,1953,17000,5103,22103
2,82026,78750,0,0,42,42,1953,3038,1875,4913
2,82075,3969,0,0,49,49,1675,8192,1053,9245
2,82075,27391,0,0,49,49,1675,1250,559,1809
2,82075,29547,0,0,49,49,1675,40,1809,1849
2,82087,129,0,0,43,43,1909,2392,9,2401
2,82087,10449,0,0,43,43,1909,2158,243,2401
2,82087,50869,0,0,43,43,1909,1058,1183,2241
2,82110,46,0,0,46,46,1785,4374,1,4375
2,82125,45,0,0,45,45,1825,4374,1,4375
2,82125,3285,0,0,45,45,1825,2450,73,2523
2,82125,3645,0,0,45,45,1825,42632,243,42875
2,82125,5625,0,0,45,45,1825,4704,625,5329
2,82125,15435,0,0,45,45,1825,1682,343,2025
2,82125,15435,0,0,45,45,1825,9344,2401,11745
2,82148,82148,0,0,44,44,1867,534,1867,2401
2,82156,94,0,0,94,47,1748,12160,7,12167
2,82173,10731,0,0,49,49,1677,1978,219,2197
2,82203,41877,0,0,47,47,1749,136,2673,2809
2,82212,1612,0,0,104,52,1581,19652,31,19683
2,82215,315,0,0,45,45,1827,27848,21,27869
2,82215,43245,0,0,45,45,1827,8,2883,2891
2,82224,48,0,0,48,48,1713,4374,1,4375
2,82250,50,0,0,50,50,1645,4374,1,4375
2,82250,2350,0,0,50,50,1645,1952,235,2187
2,82250,11750,0,0,94,47,1750,4704,625,5329
2,82250,12250,0,0,50,50,1645,1152,1715,2867
2,82250,28350,0,0,50,50,1645,32,2835,2867
2,82250,33750,0,0,50,50,1645,376,2025,2401
2,82250,36450,0,0,50,50,1645,24064,6561,30625
2,82294,82294,0,0,46,46,1789,398,1789,2187
2,82365,51,0,0,51,51,1615,4374,1,4375
2,82365,51,0,0,102,51,1615,1700,1,1701
2,82365,255,0,0,102,51,1615,2052,5,2057
2,82365,357,0,0,51,51,1615,2048,77,2125
2,82365,357,0,0,51,51,1615,3200,49,3249
2,82365,357,0,0,51,51,1615,20570,7,20577
2,82365,561,0,0,51,51,1615,2250,11,2261
2,82365,867,0,0,51,51,1615,11858,17,11875
2,82365,867,0,0,51,51,1615,68590,17,68607
2,82365,867,0,0,102,51,1615,10108,17,10125
2,82365,969,0,0,51,51,1615,6050,19,6069
2,82365,969,0,0,51,51,1615,15606,19,15625
2,82365,969,0,0,51,51,1615,36992,133,37125
2,82365,969,0,0,102,51,1615,4356,19,4375
2,82365,969,0,0,102,51,1615,15876,19,15895
2,82365,1071,0,0,51,51,1615,2312,63,2375
2,82365,2499,0,0,51,51,1615,2250,49,2299
2,82365,5049,0,0,51,51,1615,2432,693,3125
2,82365,6783,0,0,51,51,1615,3200,931,4131
2,82365,7497,0,0,51,51,1615,2584,441,3025
2,82365,8925,0,0,51,51,1615,5984,875,6859
2,82365,10659,0,0,51,51,1615,1666,209,1875
2,82365,12393,0,0,51,51,1615,1672,729,2401
2,82365,12495,0,0,51,51,1615,2662,245,2907
2,82365,14739,0,0,51,51,1615,2432,2023,4455
2,82365,16065,0,0,51,51,1615,4598,315,4913
2,82365,17493,0,0,51,51,1615,1782,343,2125
2,82365,17493,0,0,51,51,1615,1152,2401,3553
2,82365,18411,0,0,51,51,1615,6144,3971,10115
2,82365,20655,0,0,51,51,1615,32,2025,2057
2,82365,21675,0,0,51,51,1615,2662,425,3087
2,82365,27489,0,0,51,51,1615,4374,539,4913
2,82365,30855,0,0,51,51,1615,224,3025,3249
2,82365,31875,0,0,51,51,1615,512,5625,6137
2,82365,34425,0,0,51,51,1615,2888,2025,4913
2,82365,35343,0,0,51,51,1615,640,4851,5491
2,82365,37179,0,0,51,51,1615,2450,729,3179
2,82365,67881,0,0,51,51,1615,6250,1331,7581
2,82365,67881,0,0,51,51,1615,11552,6655,18207
2,82365,67881,0,0,51,51,1615,19494,1331,20825
2,82365,70125,0,0,51,51,1615,1026,1375,2401
2,82365,70227,0,0,51,51,1615,2744,4131,6875
2,82365,74613,0,0,51,51,1615,384,10241,10625
2,82369,43659,0,0,49,49,1681,2048,9801,11849
2,82415,16483,0,0,53,53,1555,6250,311,6561
2,82420,52,0,0,52,52,1585,7290,1,7291
2,82446,21294,0,0,42,42,1963,77312,4563,81875
2,82467,49,0,0,49,49,1683,34374,1,34375
2,82467,11907,0,0,49,49,1683,5000,729,5729
2,82467,19845,0,0,49,49,1683,32,2025,2057
2,82485,47,0,0,47,47,1755,4374,1,4375
2,82485,423,0,0,47,47,1755,3200,63,3263
2,82485,1645,0,0,47,47,1755,6526,35,6561
2,82485,1755,0,0,90,45,1833,3008,117,3125
2,82485,2961,0,0,47,47,1755,2008,189,2197
2,82485,4277,0,0,47,47,1755,8192,1183,9375
2,82485,82485,0,0,47,47,1755,8032,8775,16807
2,82530,42,0,0,42,42,1965,4374,1,4375
2,82530,14406,0,0,42,42,1965,128,2401,2529
2,82550,50,0,0,50,50,1651,6858,1,6859
2,82650,27550,0,0,100,50,1653,1324,551,1875
2,82665,55,0,0,55,55,1503,4374,1,4375
2,82665,9185,0,0,110,55,1503,1548,167,1715
2,82689,43,0,0,43,43,1923,4374,1,4375
2,82689,38313,0,0,43,43,1923,32,4455,4487
2,82755,32805,0,0,45,45,1839,2104,2187,4291
2,82764,2156,0,0,44,44,1881,2152,147,2299
2,82764,10692,0,0,44,44,1881,1672,729,2401
2,82764,74844,0,0,44,44,1881,8,5103,5111
2,82775,26875,0,0,43,43,1925,32,3125,3157
2,82775,37625,0,0,43,43,1925,1312,4375,5687
2,82782,54,0,0,54,54,1533,4374,1,4375
2,82782,4374,0,0,54,54,1533,42632,243,42875
2,82782,6750,0,0,54,54,1533,4704,625,5329
2,82800,48,0,0,48,48,1725,64000,9,64009
2,82800,48,0,0,48,48,1725,71874,1,71875
2,82800,1104,0,0,48,48,1725,19602,23,19625
2,82836,15340,0,0,52,52,1593,7776,1475,9251
2,82836,43732,0,0,52,52,1593,6534,841,7375
2,82852,44,0,0,88,44,1883,4900,1,4901
2,82935,75645,0,0,45,45,1843,194,1681,1875
2,82940,44,0,0,44,44,1885,4896,5,4901
2,82940,132,0,0,44,44,1885,6250,3,6253
2,82940,572,0,0,88,44,1885,3132,13,3145
2,82940,1716,0,0,44,44,1885,6728,117,6845
2,82940,2244,0,0,44,44,1885,2146,51,2197
2,82940,5940,0,0,44,44,1885,2738,135,2873
2,82940,37004,0,0,44,44,1885,8192,10933,19125
2,82940,40700,0,0,44,44,1885,288,4625,4913
2,82940,60236,0,0,44,44,1885,7250,1369,8619
2,82940,60236,0,0,44,44,1885,8704,12321,21025
2,82940,63492,0,0,44,44,1885,1682,1443,3125
2,82940,82500,0,0,44,44,1885,48778,1875,50653
2,82950,82950,0,0,100,50,1659,9664,4977,14641
2,82955,6345,0,0,47,47,1765,9728,1215,10943
2,83049,1457,0,0,47,47,1767,2318,31,2349
2,83049,27683,0,0,94,47,1767,3132,589,3721
2,83119,31347,0,0,43,43,1933,77320,2187,79507
2,83205,1161,0,0,43,43,1935,3698,27,3725
2,83205,1849,0,0,43,43,1935,15496,129,15625
2,83205,3483,0,0,43,43,1935,8192,1053,9245
2,83205,13975,0,0,43,43,1935,3698,325,4023
2,83205,57663,0,0,43,43,1935,1352,4023,5375
2,83205,79507,0,0,43,43,1935,338,1849,2187
2,83215,20625,0,0,55,55,1513,9826,375,10201
2,83237,1081,0,0,47,47,1771,23814,23,23837
2,83283,51,0,0,51,51,1633,5750,1,5751
2,83283,1377,0,0,51,51,1633,5014,27,5041
2,83283,3621,0,0,102,51,1633,2116,71,2187
2,83283,5559,0,0,51,51,1633,3266,109,3375
2,83325,20625,0,0,55,55,1515,3362,375,3737
2,83356,52,0,0,52,52,1603,4374,1,4375
2,83356,4212,0,0,52,52,1603,5000,243,5243
2,83369,53,0,0,53,53,1573,4374,1,4375
2,83369,583,0,0,53,53,1573,1690,11,1701
2,83369,4823,0,0,53,53,1573,8192,1183,9375
2,83369,6413,0,0,53,53,1573,1352,363,1715
2,83369,15741,0,0,53,53,1573,512,2673,3185
2,83369,28567,0,0,53,53,1573,8,1617,1625
2,83369,28567,0,0,53,53,1573,16000,3773,19773
2,83369,38637,0,0,53,53,1573,88,2187,2275
2,83369,44891,0,0,53,53,1573,1350,847,2197
2,83369,70543,0,0,53,53,1573,294,1331,1625
2,83385,16695,0,0,45,45,1853,128,2597,2725
2,83398,46,0,0,46,46,1813,4374,1,4375
2,83398,506,0,0,46,46,1813,9250,11,9261
2,83398,62974,0,0,46,46,1813,83006,1369,84375
2,83430,54,0,0,54,54,1545,1750,1,1751
2,83430,54,0,0,54,54,1545,4374,1,4375
2,83430,54,0,0,54,54,1545,59534,1,59535
2,83430,54,0,0,54,54,1545,65610,1,65611
2,83430,54,0,0,108,54,1545,1700,1,1701
2,83430,54,0,0,108,54,1545,31212,1,31213
2,83430,162,0,0,54,54,1545,2176,21,2197
2,83430,378,0,0,54,54,1545,3750,7,3757
2,83430,702,0,0,54,54,1545,8330,13,8343
2,83430,1350,0,0,54,54,1545,9248,125,9373
2,83430,4590,0,0,54,54,1545,4374,85,4459
2,83430,4914,0,0,54,54,1545,8192,1183,9375
2,83430,6318,0,0,54,54,1545,1400,351,1751
2,83430,9126,0,0,54,54,1545,1854,169,2023
2,83430,11934,0,0,54,54,1545,640,1547,2187
2,83430,18522,0,0,54,54,1545,1854,343,2197
2,83430,23814,0,0,54,54,1545,6656,3969,10625
2,83430,27378,0,0,54,54,1545,3296,2535,5831
2,83430,50058,0,0,54,54,1545,2744,2781,5525
2,83430,72306,0,0,54,54,1545,686,1339,2025
2,83430,74358,0,0,54,54,1545,338,1377,1715
2,83447,13475,0,0,49,49,1703,1922,275,2197
2,83475,45,0,0,45,45,1855,2592,5,2597
2,83475,45,0,0,45,45,1855,4374,1,4375
2,83475,53,0,0,53,53,1575,4374,1,4375
2,83475,53,0,0,53,53,1575,10368,7,10375
2,83475,53,0,0,53,53,1575,33614,1,33615
2,83475,315,0,0,45,45,1855,5618,7,5625
2,83475,371,0,0,53,53,1575,3200,49,3249
2,83475,16695,0,0,45,45,1855,6190,371,6561
2,83475,46305,0,0,45,45,1855,8,3087,3095
2,83475,64395,0,0,45,45,1855,40,4293,4333
2,83490,46,0,0,46,46,1815,64000,9,64009
2,83490,46,0,0,46,46,1815,71874,1,71875
2,83490,506,0,0,46,46,1815,3634,11,3645
2,83490,1210,0,0,110,55,1518,11776,99,11875
2,83490,5750,0,0,46,46,1815,1738,125,1863
2,83490,10902,0,0,46,46,1815,512,2133,2645
2,83490,16698,0,0,46,46,1815,14536,1089,15625
2,83490,31050,0,0,46,46,1815,5566,675,6241
2,83538,9282,0,0,102,51,1638,8192,1183,9375
2,83545,49,0,0,49,49,1705,3750,1,3751
2,83545,441,0,0,49,49,1705,6250,9,6259
2,83545,539,0,0,98,49,1705,2500,11,2511
2,83628,9292,0,0,92,46,1818,7776,505,8281
2,83635,10449,0,0,43,43,1945,77800,729,78529
2,83635,16727,0,0,43,43,1945,6750,389,7139
2,83635,83635,0,0,43,43,1945,242,1945,2187
2,83664,48,0,0,48,48,1743,4374,1,4375
2,83664,48,0,0,48,48,1743,10368,7,10375
2,83664,48,0,0,48,48,1743,33614,1,33615
2,83664,11664,0,0,48,48,1743,34202,243,34445
2,83664,49392,0,0,48,48,1743,44672,7203,51875
2,83692,686,0,0,98,49,1708,3200,49,3249
2,83706,42,0,0,42,42,1993,4374,1,4375
2,83706,294,0,0,42,42,1993,3200,49,3249
2,83732,484,0,0,44,44,1903,3114,11,3125
2,83732,7612,0,0,88,44,1903,2500,173,2673
2,83750,4050,0,0,50,50,1675,8192,1053,9245
2,83750,27950,0,0,50,50,1675,1250,559,1809
2,83750,30150,0,0,50,50,1675,40,1809,1849
2,83790,42,0,0,42,42,1995,4374,1,4375
2,83790,294,0,0,42,42,1995,3200,49,3249
2,83793,1643,0,0,106,53,1581,19652,31,19683
2,83801,47,0,0,47,47,1783,4374,1,4375
2,83850,10950,0,0,50,50,1677,1978,219,2197
2,83895,47,0,0,47,47,1785,4374,1,4375
2,83895,51,0,0,51,51,1645,4374,1,4375
2,83895,2397,0,0,51,51,1645,1952,235,2187
2,83895,12495,0,0,51,51,1645,1152,1715,2867
2,83895,28917,0,0,51,51,1645,32,2835,2867
2,83895,34425,0,0,51,51,1645,376,2025,2401
2,83895,37179,0,0,51,51,1645,24064,6561,30625
2,83904,96,0,0,96,48,1748,12160,7,12167
2,83937,49,0,0,49,49,1713,4374,1,4375
2,83950,46,0,0,46,46,1825,4374,1,4375
2,83950,3358,0,0,46,46,1825,2450,73,2523
2,83950,3726,0,0,46,46,1825,42632,243,42875
2,83950,5750,0,0,46,46,1825,4704,625,5329
2,83950,15778,0,0,46,46,1825,1682,343,2025
2,83950,15778,0,0,46,46,1825,9344,2401,11745
2,83952,42768,0,0,48,48,1749,136,2673,2809
2,83970,16794,0,0,54,54,1555,6250,311,6561
2,83979,43,0,0,43,43,1953,4374,1,4375
2,83979,129,0,0,43,43,1953,4802,3,4805
2,83979,215,0,0,43,43,1953,12152,15,12167
2,83979,301,0,0,43,43,1953,32798,7,32805
2,83979,387,0,0,86,43,1953,2116,9,2125
2,83979,731,0,0,43,43,1953,2170,17,2187
2,83979,731,0,0,43,43,1953,12150,17,12167
2,83979,1333,0,0,86,43,1953,19652,31,19683
2,83979,3483,0,0,43,43,1953,5750,81,5831
2,83979,5805,0,0,43,43,1953,3968,945,4913
2,83979,10449,0,0,43,43,1953,8750,243,8993
2,83979,11997,0,0,43,43,1953,1288,837,2125
2,83979,52675,0,0,43,43,1953,384,8575,8959
2,83979,52675,0,0,43,43,1953,28566,1225,29791
2,83979,56889,0,0,43,43,1953,32,6615,6647
2,83979,73143,0,0,43,43,1953,17000,5103,22103
2,83979,80625,0,0,43,43,1953,3038,1875,4913
2,83980,52,0,0,52,52,1615,4374,1,4375
2,83980,52,0,0,104,52,1615,1700,1,1701
2,83980,260,0,0,104,52,1615,2052,5,2057
2,83980,364,0,0,52,52,1615,2048,77,2125
2,83980,364,0,0,52,52,1615,3200,49,3249
2,83980,364,0,0,52,52,1615,20570,7,20577
2,83980,572,0,0,52,52,1615,2250,11,2261
2,83980,884,0,0,52,52,1615,11858,17,11875
2,83980,884,0,0,52,52,1615,68590,17,68607
2,83980,884,0,0,104,52,1615,10108,17,10125
2,83980,988,0,0,52,52,1615,6050,19,6069
2,83980,988,0,0,52,52,1615,15606,19,15625
2,83980,988,0,0,52,52,1615,36992,133,37125
2,83980,988,0,0,104,52,1615,4356,19,4375
2,83980,988,0,0,104,52,1615,15876,19,15895
2,83980,1092,0,0,52,52,1615,2312,63,2375
2,83980,2548,0,0,52,52,1615,2250,49,2299
2,83980,5148,0,0,52,52,1615,2432,693,3125
2,83980,6916,0,0,52,52,1615,3200,931,4131
2,83980,7644,0,0,52,52,1615,2584,441,3025
2,83980,9100,0,0,52,52,1615,5984,875,6859
2,83980,10868,0,0,52,52,1615,1666,209,1875
2,83980,12636,0,0,52,52,1615,1672,729,2401
2,83980,12740,0,0,52,52,1615,2662,245,2907
2,83980,15028,0,0,52,52,1615,2432,2023,4455
2,83980,16380,0,0,52,52,1615,4598,315,4913
2,83980,17836,0,0,52,52,1615,1782,343,2125
2,83980,17836,0,0,52,52,1615,1152,2401,3553
2,83980,18772,0,0,52,52,1615,6144,3971,10115
2,83980,21060,0,0,52,52,1615,32,2025,2057
2,83980,22100,0,0,52,52,1615,2662,425,3087
2,83980,28028,0,0,52,52,1615,4374,539,4913
2,83980,31460,0,0,52,52,1615,224,3025,3249
2,83980,32500,0,0,52,52,1615,512,5625,6137
2,83980,35100,0,0,52,52,1615,2888,2025,4913
2,83980,36036,0,0,52,52,1615,640,4851,5491
2,83980,37908,0,0,52,52,1615,2450,729,3179
2,83980,69212,0,0,52,52,1615,6250,1331,7581
2,83980,69212,0,0,52,52,1615,11552,6655,18207
2,83980,69212,0,0,52,52,1615,19494,1331,20825
2,83980,71500,0,0,52,52,1615,1026,1375,2401
2,83980,71604,0,0,52,52,1615,2744,4131,6875
2,83980,76076,0,0,52,52,1615,384,10241,10625
2,83996,132,0,0,44,44,1909,2392,9,2401
2,83996,10692,0,0,44,44,1909,2158,243,2401
2,83996,52052,0,0,44,44,1909,1058,1183,2241
2,84000,12000,0,0,96,48,1750,4704,625,5329
2,84005,53,0,0,53,53,1585,7290,1,7291
2,84015,84015,0,0,45,45,1867,534,1867,2401
2,84042,322,0,0,46,46,1827,27848,21,27869
2,84042,44206,0,0,46,46,1827,8,2883,2891
2,84050,44550,0,0,50,50,1681,2048,9801,11849
2,84083,84083,0,0,47,47,1789,398,1789,2187
2,84150,50,0,0,50,50,1683,34374,1,34375
2,84150,12150,0,0,50,50,1683,5000,729,5729
2,84150,20250,0,0,50,50,1683,32,2025,2057
2,84168,56,0,0,56,56,1503,4374,1,4375
2,84168,9352,0,0,112,56,1503,1548,167,1715
2,84201,51,0,0,51,51,1651,6858,1,6859
2,84240,48,0,0,48,48,1755,4374,1,4375
2,84240,432,0,0,48,48,1755,3200,63,3263
2,84240,1680,0,0,48,48,1755,6526,35,6561
2,84240,3024,0,0,48,48,1755,2008,189,2197
2,84240,4368,0,0,48,48,1755,8192,1183,9375
2,84240,84240,0,0,48,48,1755,8032,8775,16807
2,84303,28101,0,0,102,51,1653,1324,551,1875
2,84315,55,0,0,55,55,1533,4374,1,4375
2,84315,4455,0,0,55,55,1533,42632,243,42875
2,84315,6875,0,0,55,55,1533,4704,625,5329
2,84318,1794,0,0,92,46,1833,3008,117,3125
2,84409,21801,0,0,43,43,1963,77312,4563,81875
2,84429,15635,0,0,53,53,1593,7776,1475,9251
2,84429,44573,0,0,53,53,1593,6534,841,7375
2,84495,43,0,0,43,43,1965,4374,1,4375
2,84495,14749,0,0,43,43,1965,128,2401,2529
2,84525,49,0,0,49,49,1725,64000,9,64009
2,84525,49,0,0,49,49,1725,71874,1,71875
2,84525,1127,0,0,49,49,1725,19602,23,19625
2,84594,33534,0,0,46,46,1839,2104,2187,4291
2,84609,84609,0,0,102,51,1659,9664,4977,14641
2,84612,44,0,0,44,44,1923,4374,1,4375
2,84612,39204,0,0,44,44,1923,32,4455,4487
2,84645,2205,0,0,45,45,1881,2152,147,2299
2,84645,10935,0,0,45,45,1881,1672,729,2401
2,84645,76545,0,0,45,45,1881,8,5103,5111
2,84700,27500,0,0,44,44,1925,32,3125,3157
2,84700,38500,0,0,44,44,1925,1312,4375,5687
2,84720,6480,0,0,48,48,1765,9728,1215,10943
2,84728,21000,0,0,56,56,1513,9826,375,10201
2,84735,45,0,0,90,45,1883,4900,1,4901
2,84778,77326,0,0,46,46,1843,194,1681,1875
2,84816,1488,0,0,48,48,1767,2318,31,2349
2,84816,28272,0,0,96,48,1767,3132,589,3721
2,84825,45,0,0,45,45,1885,4896,5,4901
2,84825,135,0,0,45,45,1885,6250,3,6253
2,84825,585,0,0,90,45,1885,3132,13,3145
2,84825,1755,0,0,45,45,1885,6728,117,6845
2,84825,2295,0,0,45,45,1885,2146,51,2197
2,84825,6075,0,0,45,45,1885,2738,135,2873
2,84825,37845,0,0,45,45,1885,8192,10933,19125
2,84825,41625,0,0,45,45,1885,288,4625,4913
2,84825,61605,0,0,45,45,1885,7250,1369,8619
2,84825,61605,0,0,45,45,1885,8704,12321,21025
2,84825,64935,0,0,45,45,1885,1682,1443,3125
2,84825,84375,0,0,45,45,1885,48778,1875,50653
2,84840,21000,0,0,56,56,1515,3362,375,3737
2,84916,52,0,0,52,52,1633,5750,1,5751
2,84916,1404,0,0,52,52,1633,5014,27,5041
2,84916,3692,0,0,104,52,1633,2116,71,2187
2,84916,5668,0,0,52,52,1633,3266,109,3375
2,84942,54,0,0,54,54,1573,4374,1,4375
2,84942,594,0,0,54,54,1573,1690,11,1701
2,84942,4914,0,0,54,54,1573,8192,1183,9375
2,84942,6534,0,0,54,54,1573,1352,363,1715
2,84942,16038,0,0,54,54,1573,512,2673,3185
2,84942,29106,0,0,54,54,1573,8,1617,1625
2,84942,29106,0,0,54,54,1573,16000,3773,19773
2,84942,39366,0,0,54,54,1573,88,2187,2275
2,84942,45738,0,0,54,54,1573,1350,847,2197
2,84942,71874,0,0,54,54,1573,294,1331,1625
2,84959,53,0,0,53,53,1603,4374,1,4375
2,84959,4293,0,0,53,53,1603,5000,243,5243
2,84975,55,0,0,55,55,1545,1750,1,1751
2,84975,55,0,0,55,55,1545,4374,1,4375
2,84975,55,0,0,55,55,1545,59534,1,59535
2,84975,55,0,0,55,55,1545,65610,1,65611
2,84975,55,0,0,110,55,1545,1700,1,1701
2,84975,55,0,0,110,55,1545,31212,1,31213
2,84975,165,0,0,55,55,1545,2176,21,2197
2,84975,385,0,0,55,55,1545,3750,7,3757
2,84975,715,0,0,55,55,1545,8330,13,8343
2,84975,1375,0,0,55,55,1545,9248,125,9373
2,84975,4675,0,0,55,55,1545,4374,85,4459
2,84975,5005,0,0,55,55,1545,8192,1183,9375
2,84975,6435,0,0,55,55,1545,1400,351,1751
2,84975,9295,0,0,55,55,1545,1854,169,2023
2,84975,12155,0,0,55,55,1545,640,1547,2187
2,84975,18865,0,0,55,55,1545,1854,343,2197
2,84975,24255,0,0,55,55,1545,6656,3969,10625
2,84975,27885,0,0,55,55,1545,3296,2535,5831
2,84975,50985,0,0,55,55,1545,2744,2781,5525
2,84975,73645,0,0,55,55,1545,686,1339,2025
2,84975,75735,0,0,55,55,1545,338,1377,1715
2,85008,1104,0,0,48,48,1771,23814,23,23837
2,85008,1232,0,0,112,56,1518,11776,99,11875
2,85050,54,0,0,54,54,1575,4374,1,4375
2,85050,54,0,0,54,54,1575,10368,7,10375
2,85050,54,0,0,54,54,1575,33614,1,33615
2,85050,378,0,0,54,54,1575,3200,49,3249
2,85052,32076,0,0,44,44,1933,77320,2187,79507
2,85140,1188,0,0,44,44,1935,3698,27,3725
2,85140,1892,0,0,44,44,1935,15496,129,15625
2,85140,3564,0,0,44,44,1935,8192,1053,9245
2,85140,14300,0,0,44,44,1935,3698,325,4023
2,85140,59004,0,0,44,44,1935,1352,4023,5375
2,85140,81356,0,0,44,44,1935,338,1849,2187
2,85150,13750,0,0,50,50,1703,1922,275,2197
2,85176,9464,0,0,104,52,1638,8192,1183,9375
2,85211,47,0,0,47,47,1813,4374,1,4375
2,85211,517,0,0,47,47,1813,9250,11,9261
2,85211,64343,0,0,47,47,1813,83006,1369,84375
2,85238,17066,0,0,46,46,1853,128,2597,2725
2,85250,50,0,0,50,50,1705,3750,1,3751
2,85250,450,0,0,50,50,1705,6250,9,6259
2,85250,550,0,0,100,50,1705,2500,11,2511
2,85305,47,0,0,47,47,1815,64000,9,64009
2,85305,47,0,0,47,47,1815,71874,1,71875
2,85305,517,0,0,47,47,1815,3634,11,3645
2,85305,5875,0,0,47,47,1815,1738,125,1863
2,85305,11139,0,0,47,47,1815,512,2133,2645
2,85305,17061,0,0,47,47,1815,14536,1089,15625
2,85305,31725,0,0,47,47,1815,5566,675,6241
2,85330,46,0,0,46,46,1855,2592,5,2597
2,85330,46,0,0,46,46,1855,4374,1,4375
2,85330,322,0,0,46,46,1855,5618,7,5625
2,85330,17066,0,0,46,46,1855,6190,371,6561
2,85330,47334,0,0,46,46,1855,8,3087,3095
2,85330,65826,0,0,46,46,1855,40,4293,4333
2,85374,1674,0,0,108,54,1581,19652,31,19683
2,85400,700,0,0,100,50,1708,3200,49,3249
2,85407,49,0,0,49,49,1743,4374,1,4375
2,85407,49,0,0,49,49,1743,10368,7,10375
2,85407,49,0,0,49,49,1743,33614,1,33615
2,85407,11907,0,0,49,49,1743,34202,243,34445
2,85407,50421,0,0,49,49,1743,44672,7203,51875
2,85425,4131,0,0,51,51,1675,8192,1053,9245
2,85425,28509,0,0,51,51,1675,1250,559,1809
2,85425,30753,0,0,51,51,1675,40,1809,1849
2,85446,9494,0,0,94,47,1818,7776,505,8281
2,85525,17105,0,0,55,55,1555,6250,311,6561
2,85527,11169,0,0,51,51,1677,1978,219,2197
2,85540,52,0,0,52,52,1645,4374,1,4375
2,85540,2444,0,0,52,52,1645,1952,235,2187
2,85540,12740,0,0,52,52,1645,1152,1715,2867
2,85540,29484,0,0,52,52,1645,32,2835,2867
2,85540,35100,0,0,52,52,1645,376,2025,2401
2,85540,37908,0,0,52,52,1645,24064,6561,30625
2,85580,10692,0,0,44,44,1945,77800,729,78529
2,85580,17116,0,0,44,44,1945,6750,389,7139
2,85580,85580,0,0,44,44,1945,242,1945,2187
2,85584,48,0,0,48,48,1783,4374,1,4375
2,85590,54,0,0,54,54,1585,7290,1,7291
2,85595,53,0,0,53,53,1615,4374,1,4375
2,85595,53,0,0,106,53,1615,1700,1,1701
2,85595,265,0,0,106,53,1615,2052,5,2057
2,85595,371,0,0,53,53,1615,2048,77,2125
2,85595,371,0,0,53,53,1615,3200,49,3249
2,85595,371,0,0,53,53,1615,20570,7,20577
2,85595,583,0,0,53,53,1615,2250,11,2261
2,85595,901,0,0,53,53,1615,11858,17,11875
2,85595,901,0,0,53,53,1615,68590,17,68607
2,85595,901,0,0,106,53,1615,10108,17,10125
2,85595,1007,0,0,53,53,1615,6050,19,6069
2,85595,1007,0,0,53,53,1615,15606,19,15625
2,85595,1007,0,0,53,53,1615,36992,133,37125
2,85595,1007,0,0,106,53,1615,4356,19,4375
2,85595,1007,0,0,106,53,1615,15876,19,15895
2,85595,1113,0,0,53,53,1615,2312,63,2375
2,85595,2597,0,0,53,53,1615,2250,49,2299
2,85595,5247,0,0,53,53,1615,2432,693,3125
2,85595,7049,0,0,53,53,1615,3200,931,4131
2,85595,7791,0,0,53,53,1615,2584,441,3025
2,85595,9275,0,0,53,53,1615,5984,875,6859
2,85595,11077,0,0,53,53,1615,1666,209,1875
2,85595,12879,0,0,53,53,1615,1672,729,2401
2,85595,12985,0,0,53,53,1615,2662,245,2907
2,85595,15317,0,0,53,53,1615,2432,2023,4455
2,85595,16695,0,0,53,53,1615,4598,315,4913
2,85595,18179,0,0,53,53,1615,1782,343,2125
2,85595,18179,0,0,53,53,1615,1152,2401,3553
2,85595,19133,0,0,53,53,1615,6144,3971,10115
2,85595,21465,0,0,53,53,1615,32,2025,2057
2,85595,22525,0,0,53,53,1615,2662,425,3087
2,85595,28567,0,0,53,53,1615,4374,539,4913
2,85595,32065,0,0,53,53,1615,224,3025,3249
2,85595,33125,0,0,53,53,1615,512,5625,6137
2,85595,35775,0,0,53,53,1615,2888,2025,4913
2,85595,36729,0,0,53,53,1615,640,4851,5491
2,85595,38637,0,0,53,53,1615,2450,729,3179
2,85595,70543,0,0,53,53,1615,6250,1331,7581
2,85595,70543,0,0,53,53,1615,11552,6655,18207
2,85595,70543,0,0,53,53,1615,19494,1331,20825
2,85595,72875,0,0,53,53,1615,1026,1375,2401
2,85595,72981,0,0,53,53,1615,2744,4131,6875
2,85595,77539,0,0,53,53,1615,384,10241,10625
2,85635,495,0,0,45,45,1903,3114,11,3125
2,85635,7785,0,0,90,45,1903,2500,173,2673
2,85650,50,0,0,50,50,1713,4374,1,4375
2,85652,98,0,0,98,49,1748,12160,7,12167
2,85671,57,0,0,57,57,1503,4374,1,4375
2,85671,9519,0,0,114,57,1503,1548,167,1715
2,85680,48,0,0,48,48,1785,4374,1,4375
2,85699,43,0,0,43,43,1993,4374,1,4375
2,85699,301,0,0,43,43,1993,3200,49,3249
2,85701,43659,0,0,49,49,1749,136,2673,2809
2,85731,45441,0,0,51,51,1681,2048,9801,11849
2,85750,12250,0,0,98,49,1750,4704,625,5329
2,85775,47,0,0,47,47,1825,4374,1,4375
2,85775,3431,0,0,47,47,1825,2450,73,2523
2,85775,3807,0,0,47,47,1825,42632,243,42875
2,85775,5875,0,0,47,47,1825,4704,625,5329
2,85775,16121,0,0,47,47,1825,1682,343,2025
2,85775,16121,0,0,47,47,1825,9344,2401,11745
2,85785,43,0,0,43,43,1995,4374,1,4375
2,85785,301,0,0,43,43,1995,3200,49,3249
2,85833,51,0,0,51,51,1683,34374,1,34375
2,85833,12393,0,0,51,51,1683,5000,729,5729
2,85833,20655,0,0,51,51,1683,32,2025,2057
2,85848,56,0,0,56,56,1533,4374,1,4375
2,85848,4536,0,0,56,56,1533,42632,243,42875
2,85848,7000,0,0,56,56,1533,4704,625,5329
2,85852,52,0,0,52,52,1651,6858,1,6859
2,85869,329,0,0,47,47,1827,27848,21,27869
2,85869,45167,0,0,47,47,1827,8,2883,2891
2,85872,85872,0,0,48,48,1789,398,1789,2187
2,85882,85882,0,0,46,46,1867,534,1867,2401
2,85905,135,0,0,45,45,1909,2392,9,2401
2,85905,10935,0,0,45,45,1909,2158,243,2401
2,85905,53235,0,0,45,45,1909,1058,1183,2241
2,85932,44,0,0,44,44,1953,4374,1,4375
2,85932,132,0,0,44,44,1953,4802,3,4805
2,85932,220,0,0,44,44,1953,12152,15,12167
2,85932,308,0,0,44,44,1953,32798,7,32805
2,85932,396,0,0,88,44,1953,2116,9,2125
2,85932,748,0,0,44,44,1953,2170,17,2187
2,85932,748,0,0,44,44,1953,12150,17,12167
2,85932,1364,0,0,88,44,1953,19652,31,19683
2,85932,3564,0,0,44,44,1953,5750,81,5831
2,85932,5940,0,0,44,44,1953,3968,945,4913
2,85932,10692,0,0,44,44,1953,8750,243,8993
2,85932,12276,0,0,44,44,1953,1288,837,2125
2,85932,53900,0,0,44,44,1953,384,8575,8959
2,85932,53900,0,0,44,44,1953,28566,1225,29791
2,85932,58212,0,0,44,44,1953,32,6615,6647
2,85932,74844,0,0,44,44,1953,17000,5103,22103
2,85932,82500,0,0,44,44,1953,3038,1875,4913
2,85956,28652,0,0,104,52,1653,1324,551,1875
2,85995,49,0,0,49,49,1755,4374,1,4375
2,85995,441,0,0,49,49,1755,3200,63,3263
2,85995,1715,0,0,49,49,1755,6526,35,6561
2,85995,3087,0,0,49,49,1755,2008,189,2197
2,85995,4459,0,0,49,49,1755,8192,1183,9375
2,85995,85995,0,0,49,49,1755,8032,8775,16807
2,86022,15930,0,0,54,54,1593,7776,1475,9251
2,86022,45414,0,0,54,54,1593,6534,841,7375
2,86151,1833,0,0,94,47,1833,3008,117,3125
2,86241,21375,0,0,57,57,1513,9826,375,10201
2,86250,50,0,0,50,50,1725,64000,9,64009
2,86250,50,0,0,50,50,1725,71874,1,71875
2,86250,1150,0,0,50,50,1725,19602,23,19625
2,86268,86268,0,0,104,52,1659,9664,4977,14641
2,86355,21375,0,0,57,57,1515,3362,375,3737
2,86372,22308,0,0,44,44,1963,77312,4563,81875
2,86433,34263,0,0,47,47,1839,2104,2187,4291
2,86460,44,0,0,44,44,1965,4374,1,4375
2,86460,15092,0,0,44,44,1965,128,2401,2529
2,86485,6615,0,0,49,49,1765,9728,1215,10943
2,86515,55,0,0,55,55,1573,4374,1,4375
2,86515,605,0,0,55,55,1573,1690,11,1701
2,86515,5005,0,0,55,55,1573,8192,1183,9375
2,86515,6655,0,0,55,55,1573,1352,363,1715
2,86515,16335,0,0,55,55,1573,512,2673,3185
2,86515,29645,0,0,55,55,1573,8,1617,1625
2,86515,29645,0,0,55,55,1573,16000,3773,19773
2,86515,40095,0,0,55,55,1573,88,2187,2275
2,86515,46585,0,0,55,55,1573,1350,847,2197
2,86515,73205,0,0,55,55,1573,294,1331,1625
2,86520,56,0,0,56,56,1545,1750,1,1751
2,86520,56,0,0,56,56,1545,4374,1,4375
2,86520,56,0,0,56,56,1545,59534,1,59535
2,86520,56,0,0,56,56,1545,65610,1,65611
2,86520,56,0,0,112,56,1545,1700,1,1701
2,86520,56,0,0,112,56,1545,31212,1,31213
2,86520,168,0,0,56,56,1545,2176,21,2197
2,86520,392,0,0,56,56,1545,3750,7,3757
2,86520,728,0,0,56,56,1545,8330,13,8343
2,86520,1400,0,0,56,56,1545,9248,125,9373
2,86520,4760,0,0,56,56,1545,4374,85,4459
2,86520,5096,0,0,56,56,1545,8192,1183,9375
2,86520,6552,0,0,56,56,1545,1400,351,1751
2,86520,9464,0,0,56,56,1545,1854,169,2023
2,86520,12376,0,0,56,56,1545,640,1547,2187
2,86520,19208,0,0,56,56,1545,1854,343,2197
2,86520,24696,0,0,56,56,1545,6656,3969,10625
2,86520,28392,0,0,56,56,1545,3296,2535,5831
2,86520,51912,0,0,56,56,1545,2744,2781,5525
2,86520,74984,0,0,56,56,1545,686,1339,2025
2,86520,77112,0,0,56,56,1545,338,1377,1715
2,86526,1254,0,0,114,57,1518,11776,99,11875
2,86526,2254,0,0,46,46,1881,2152,147,2299
2,86526,11178,0,0,46,46,1881,1672,729,2401
2,86526,78246,0,0,46,46,1881,8,5103,5111
2,86535,45,0,0,45,45,1923,4374,1,4375
2,86535,40095,0,0,45,45,1923,32,4455,4487
2,86549,53,0,0,53,53,1633,5750,1,5751
2,86549,1431,0,0,53,53,1633,5014,27,5041
2,86549,3763,0,0,106,53,1633,2116,71,2187
2,86549,5777,0,0,53,53,1633,3266,109,3375
2,86562,54,0,0,54,54,1603,4374,1,4375
2,86562,4374,0,0,54,54,1603,5000,243,5243
2,86583,1519,0,0,49,49,1767,2318,31,2349
2,86583,28861,0,0,98,49,1767,3132,589,3721
2,86618,46,0,0,92,46,1883,4900,1,4901
2,86621,79007,0,0,47,47,1843,194,1681,1875
2,86625,55,0,0,55,55,1575,4374,1,4375
2,86625,55,0,0,55,55,1575,10368,7,10375
2,86625,55,0,0,55,55,1575,33614,1,33615
2,86625,385,0,0,55,55,1575,3200,49,3249
2,86625,28125,0,0,45,45,1925,32,3125,3157
2,86625,39375,0,0,45,45,1925,1312,4375,5687
2,86710,46,0,0,46,46,1885,4896,5,4901
2,86710,138,0,0,46,46,1885,6250,3,6253
2,86710,598,0,0,92,46,1885,3132,13,3145
2,86710,1794,0,0,46,46,1885,6728,117,6845
2,86710,2346,0,0,46,46,1885,2146,51,2197
2,86710,6210,0,0,46,46,1885,2738,135,2873
2,86710,38686,0,0,46,46,1885,8192,10933,19125
2,86710,42550,0,0,46,46,1885,288,4625,4913
2,86710,62974,0,0,46,46,1885,7250,1369,8619
2,86710,62974,0,0,46,46,1885,8704,12321,21025
2,86710,66378,0,0,46,46,1885,1682,1443,3125
2,86710,86250,0,0,46,46,1885,48778,1875,50653
2,86779,1127,0,0,49,49,1771,23814,23,23837
2,86814,9646,0,0,106,53,1638,8192,1183,9375
2,86853,14025,0,0,51,51,1703,1922,275,2197
2,86955,51,0,0,51,51,1705,3750,1,3751
2,86955,459,0,0,51,51,1705,6250,9,6259
2,86955,561,0,0,102,51,1705,2500,11,2511
2,86955,1705,0,0,110,55,1581,19652,31,19683
2,86985,32805,0,0,45,45,1933,77320,2187,79507
2,87024,48,0,0,48,48,1813,4374,1,4375
2,87024,528,0,0,48,48,1813,9250,11,9261
2,87024,65712,0,0,48,48,1813,83006,1369,84375
2,87075,1215,0,0,45,45,1935,3698,27,3725
2,87075,1935,0,0,45,45,1935,15496,129,15625
2,87075,3645,0,0,45,45,1935,8192,1053,9245
2,87075,14625,0,0,45,45,1935,3698,325,4023
2,87075,60345,0,0,45,45,1935,1352,4023,5375
2,87075,83205,0,0,45,45,1935,338,1849,2187
2,87080,17416,0,0,56,56,1555,6250,311,6561
2,87091,17437,0,0,47,47,1853,128,2597,2725
2,87100,4212,0,0,52,52,1675,8192,1053,9245
2,87100,29068,0,0,52,52,1675,1250,559,1809
2,87100,31356,0,0,52,52,1675,40,1809,1849
2,87108,714,0,0,102,51,1708,3200,49,3249
2,87120,48,0,0,48,48,1815,64000,9,64009
2,87120,48,0,0,48,48,1815,71874,1,71875
2,87120,528,0,0,48,48,1815,3634,11,3645
2,87120,6000,0,0,48,48,1815,1738,125,1863
2,87120,11376,0,0,48,48,1815,512,2133,2645
2,87120,17424,0,0,48,48,1815,14536,1089,15625
2,87120,32400,0,0,48,48,1815,5566,675,6241
2,87150,50,0,0,50,50,1743,4374,1,4375
2,87150,50,0,0,50,50,1743,10368,7,10375
2,87150,50,0,0,50,50,1743,33614,1,33615
2,87150,12150,0,0,50,50,1743,34202,243,34445
2,87150,51450,0,0,50,50,1743,44672,7203,51875
2,87174,58,0,0,58,58,1503,4374,1,4375
2,87174,9686,0,0,116,58,1503,1548,167,1715
2,87175,55,0,0,55,55,1585,7290,1,7291
2,87185,47,0,0,47,47,1855,2592,5,2597
2,87185,47,0,0,47,47,1855,4374,1,4375
2,87185,53,0,0,53,53,1645,4374,1,4375
2,87185,329,0,0,47,47,1855,5618,7,5625
2,87185,2491,0,0,53,53,1645,1952,235,2187
2,87185,12985,0,0,53,53,1645,1152,1715,2867
2,87185,17437,0,0,47,47,1855,6190,371,6561
2,87185,30051,0,0,53,53,1645,32,2835,2867
2,87185,35775,0,0,53,53,1645,376,2025,2401
2,87185,38637,0,0,53,53,1645,24064,6561,30625
2,87185,48363,0,0,47,47,1855,8,3087,3095
2,87185,67257,0,0,47,47,1855,40,4293,4333
2,87204,11388,0,0,52,52,1677,1978,219,2197
2,87210,54,0,0,54,54,1615,4374,1,4375
2,87210,54,0,0,108,54,1615,1700,1,1701
2,87210,270,0,0,108,54,1615,2052,5,2057
2,87210,378,0,0,54,54,1615,2048,77,2125
2,87210,378,0,0,54,54,1615,3200,49,3249
2,87210,378,0,0,54,54,1615,20570,7,20577
2,87210,594,0,0,54,54,1615,2250,11,2261
2,87210,918,0,0,54,54,1615,11858,17,11875
2,87210,918,0,0,54,54,1615,68590,17,68607
2,87210,918,0,0,108,54,1615,10108,17,10125
2,87210,1026,0,0,54,54,1615,6050,19,6069
2,87210,1026,0,0,54,54,1615,15606,19,15625
2,87210,1026,0,0,54,54,1615,36992,133,37125
2,87210,1026,0,0,108,54,1615,4356,19,4375
2,87210,1026,0,0,108,54,1615,15876,19,15895
2,87210,1134,0,0,54,54,1615,2312,63,2375
2,87210,2646,0,0,54,54,1615,2250,49,2299
2,87210,5346,0,0,54,54,1615,2432,693,3125
2,87210,7182,0,0,54,54,1615,3200,931,4131
2,87210,7938,0,0,54,54,1615,2584,441,3025
2,87210,9450,0,0,54,54,1615,5984,875,6859
2,87210,11286,0,0,54,54,1615,1666,209,1875
2,87210,13122,0,0,54,54,1615,1672,729,2401
2,87210,13230,0,0,54,54,1615,2662,245,2907
2,87210,15606,0,0,54,54,1615,2432,2023,4455
2,87210,17010,0,0,54,54,1615,4598,315,4913
2,87210,18522,0,0,54,54,1615,1782,343,2125
2,87210,18522,0,0,54,54,1615,1152,2401,3553
2,87210,19494,0,0,54,54,1615,6144,3971,10115
2,87210,21870,0,0,54,54,1615,32,2025,2057
2,87210,22950,0,0,54,54,1615,2662,425,3087
2,87210,29106,0,0,54,54,1615,4374,539,4913
2,87210,32670,0,0,54,54,1615,224,3025,3249
2,87210,33750,0,0,54,54,1615,512,5625,6137
2,87210,36450,0,0,54,54,1615,2888,2025,4913
2,87210,37422,0,0,54,54,1615,640,4851,5491
2,87210,39366,0,0,54,54,1615,2450,729,3179
2,87210,71874,0,0,54,54,1615,6250,1331,7581
2,87210,71874,0,0,54,54,1615,11552,6655,18207
2,87210,71874,0,0,54,54,1615,19494,1331,20825
2,87210,74250,0,0,54,54,1615,1026,1375,2401
2,87210,74358,0,0,54,54,1615,2744,4131,6875
2,87210,79002,0,0,54,54,1615,384,10241,10625
2,87264,9696,0,0,96,48,1818,7776,505,8281
2,87363,51,0,0,51,51,1713,4374,1,4375
2,87367,49,0,0,49,49,1783,4374,1,4375
2,87381,57,0,0,57,57,1533,4374,1,4375
2,87381,4617,0,0,57,57,1533,42632,243,42875
2,87381,7125,0,0,57,57,1533,4704,625,5329
2,87400,100,0,0,100,50,1748,12160,7,12167
2,87412,46332,0,0,52,52,1681,2048,9801,11849
2,87450,44550,0,0,50,50,1749,136,2673,2809
2,87465,49,0,0,49,49,1785,4374,1,4375
2,87500,12500,0,0,100,50,1750,4704,625,5329
2,87503,53,0,0,53,53,1651,6858,1,6859
2,87516,52,0,0,52,52,1683,34374,1,34375
2,87516,12636,0,0,52,52,1683,5000,729,5729
2,87516,21060,0,0,52,52,1683,32,2025,2057
2,87525,10935,0,0,45,45,1945,77800,729,78529
2,87525,17505,0,0,45,45,1945,6750,389,7139
2,87525,87525,0,0,45,45,1945,242,1945,2187
2,87538,506,0,0,46,46,1903,3114,11,3125
2,87538,7958,0,0,92,46,1903,2500,173,2673
2,87600,48,0,0,48,48,1825,4374,1,4375
2,87600,3504,0,0,48,48,1825,2450,73,2523
2,87600,3888,0,0,48,48,1825,42632,243,42875
2,87600,6000,0,0,48,48,1825,4704,625,5329
2,87600,16464,0,0,48,48,1825,1682,343,2025
2,87600,16464,0,0,48,48,1825,9344,2401,11745
2,87609,29203,0,0,106,53,1653,1324,551,1875
2,87615,16225,0,0,55,55,1593,7776,1475,9251
2,87615,46255,0,0,55,55,1593,6534,841,7375
2,87661,87661,0,0,49,49,1789,398,1789,2187
2,87692,44,0,0,44,44,1993,4374,1,4375
2,87692,308,0,0,44,44,1993,3200,49,3249
2,87696,336,0,0,48,48,1827,27848,21,27869
2,87696,46128,0,0,48,48,1827,8,2883,2891
2,87749,87749,0,0,47,47,1867,534,1867,2401
2,87750,50,0,0,50,50,1755,4374,1,4375
2,87750,450,0,0,50,50,1755,3200,63,3263
2,87750,1750,0,0,50,50,1755,6526,35,6561
2,87750,3150,0,0,50,50,1755,2008,189,2197
2,87750,4550,0,0,50,50,1755,8192,1183,9375
2,87750,87750,0,0,50,50,1755,8032,8775,16807
2,87754,21750,0,0,58,58,1513,9826,375,10201
2,87780,44,0,0,44,44,1995,4374,1,4375
2,87780,308,0,0,44,44,1995,3200,49,3249
2,87814,138,0,0,46,46,1909,2392,9,2401
2,87814,11178,0,0,46,46,1909,2158,243,2401
2,87814,54418,0,0,46,46,1909,1058,1183,2241
2,87870,21750,0,0,58,58,1515,3362,375,3737
2,87885,45,0,0,45,45,1953,4374,1,4375
2,87885,135,0,0,45,45,1953,4802,3,4805
2,87885,225,0,0,45,45,1953,12152,15,12167
2,87885,315,0,0,45,45,1953,32798,7,32805
2,87885,405,0,0,90,45,1953,2116,9,2125
2,87885,765,0,0,45,45,1953,2170,17,2187
2,87885,765,0,0,45,45,1953,12150,17,12167
2,87885,1395,0,0,90,45,1953,19652,31,19683
2,87885,3645,0,0,45,45,1953,5750,81,5831
2,87885,6075,0,0,45,45,1953,3968,945,4913
2,87885,10935,0,0,45,45,1953,8750,243,8993
2,87885,12555,0,0,45,45,1953,1288,837,2125
2,87885,55125,0,0,45,45,1953,384,8575,8959
2,87885,55125,0,0,45,45,1953,28566,1225,29791
2,87885,59535,0,0,45,45,1953,32,6615,6647
2,87885,76545,0,0,45,45,1953,17000,5103,22103
2,87885,84375,0,0,45,45,1953,3038,1875,4913
2,87927,87927,0,0,106,53,1659,9664,4977,14641
2,87975,51,0,0,51,51,1725,64000,9,64009
2,87975,51,0,0,51,51,1725,71874,1,71875
2,87975,1173,0,0,51,51,1725,19602,23,19625
2,87984,1872,0,0,96,48,1833,3008,117,3125
2,88044,1276,0,0,116,58,1518,11776,99,11875
2,88065,57,0,0,57,57,1545,1750,1,1751
2,88065,57,0,0,57,57,1545,4374,1,4375
2,88065,57,0,0,57,57,1545,59534,1,59535
2,88065,57,0,0,57,57,1545,65610,1,65611
2,88065,57,0,0,114,57,1545,1700,1,1701
2,88065,57,0,0,114,57,1545,31212,1,31213
2,88065,171,0,0,57,57,1545,2176,21,2197
2,88065,399,0,0,57,57,1545,3750,7,3757
2,88065,741,0,0,57,57,1545,8330,13,8343
2,88065,1425,0,0,57,57,1545,9248,125,9373
2,88065,4845,0,0,57,57,1545,4374,85,4459
2,88065,5187,0,0,57,57,1545,8192,1183,9375
2,88065,6669,0,0,57,57,1545,1400,351,1751
2,88065,9633,0,0,57,57,1545,1854,169,2023
2,88065,12597,0,0,57,57,1545,640,1547,2187
2,88065,19551,0,0,57,57,1545,1854,343,2197
2,88065,25137,0,0,57,57,1545,6656,3969,10625
2,88065,28899,0,0,57,57,1545,3296,2535,5831
2,88065,52839,0,0,57,57,1545,2744,2781,5525
2,88065,76323,0,0,57,57,1545,686,1339,2025
2,88065,78489,0,0,57,57,1545,338,1377,1715
2,88088,56,0,0,56,56,1573,4374,1,4375
2,88088,616,0,0,56,56,1573,1690,11,1701
2,88088,5096,0,0,56,56,1573,8192,1183,9375
2,88088,6776,0,0,56,56,1573,1352,363,1715
2,88088,16632,0,0,56,56,1573,512,2673,3185
2,88088,30184,0,0,56,56,1573,8,1617,1625
2,88088,30184,0,0,56,56,1573,16000,3773,19773
2,88088,40824,0,0,56,56,1573,88,2187,2275
2,88088,47432,0,0,56,56,1573,1350,847,2197
2,88088,74536,0,0,56,56,1573,294,1331,1625
2,88165,55,0,0,55,55,1603,4374,1,4375
2,88165,4455,0,0,55,55,1603,5000,243,5243
2,88182,54,0,0,54,54,1633,5750,1,5751
2,88182,1458,0,0,54,54,1633,5014,27,5041
2,88182,3834,0,0,108,54,1633,2116,71,2187
2,88182,5886,0,0,54,54,1633,3266,109,3375
2,88200,56,0,0,56,56,1575,4374,1,4375
2,88200,56,0,0,56,56,1575,10368,7,10375
2,88200,56,0,0,56,56,1575,33614,1,33615
2,88200,392,0,0,56,56,1575,3200,49,3249
2,88250,6750,0,0,50,50,1765,9728,1215,10943
2,88272,34992,0,0,48,48,1839,2104,2187,4291
2,88335,22815,0,0,45,45,1963,77312,4563,81875
2,88350,1550,0,0,50,50,1767,2318,31,2349
2,88350,29450,0,0,100,50,1767,3132,589,3721
2,88407,2303,0,0,47,47,1881,2152,147,2299
2,88407,11421,0,0,47,47,1881,1672,729,2401
2,88407,79947,0,0,47,47,1881,8,5103,5111
2,88425,45,0,0,45,45,1965,4374,1,4375
2,88425,15435,0,0,45,45,1965,128,2401,2529
2,88452,9828,0,0,108,54,1638,8192,1183,9375
2,88458,46,0,0,46,46,1923,4374,1,4375
2,88458,40986,0,0,46,46,1923,32,4455,4487
2,88464,80688,0,0,48,48,1843,194,1681,1875
2,88501,47,0,0,94,47,1883,4900,1,4901
2,88536,1736,0,0,112,56,1581,19652,31,19683
2,88550,1150,0,0,50,50,1771,23814,23,23837
2,88550,28750,0,0,46,46,1925,32,3125,3157
2,88550,40250,0,0,46,46,1925,1312,4375,5687
2,88556,14300,0,0,52,52,1703,1922,275,2197
2,88595,47,0,0,47,47,1885,4896,5,4901
2,88595,141,0,0,47,47,1885,6250,3,6253
2,88595,611,0,0,94,47,1885,3132,13,3145
2,88595,1833,0,0,47,47,1885,6728,117,6845
2,88595,2397,0,0,47,47,1885,2146,51,2197
2,88595,6345,0,0,47,47,1885,2738,135,2873
2,88595,39527,0,0,47,47,1885,8192,10933,19125
2,88595,43475,0,0,47,47,1885,288,4625,4913
2,88595,64343,0,0,47,47,1885,7250,1369,8619
2,88595,64343,0,0,47,47,1885,8704,12321,21025
2,88595,67821,0,0,47,47,1885,1682,1443,3125
2,88595,88125,0,0,47,47,1885,48778,1875,50653
2,88635,17727,0,0,57,57,1555,6250,311,6561
2,88660,52,0,0,52,52,1705,3750,1,3751
2,88660,468,0,0,52,52,1705,6250,9,6259
2,88660,572,0,0,104,52,1705,2500,11,2511
2,88677,59,0,0,59,59,1503,4374,1,4375
2,88677,9853,0,0,118,59,1503,1548,167,1715
2,88760,56,0,0,56,56,1585,7290,1,7291
2,88775,4293,0,0,53,53,1675,8192,1053,9245
2,88775,29627,0,0,53,53,1675,1250,559,1809
2,88775,31959,0,0,53,53,1675,40,1809,1849
2,88816,728,0,0,104,52,1708,3200,49,3249
2,88825,55,0,0,55,55,1615,4374,1,4375
2,88825,55,0,0,110,55,1615,1700,1,1701
2,88825,275,0,0,110,55,1615,2052,5,2057
2,88825,385,0,0,55,55,1615,2048,77,2125
2,88825,385,0,0,55,55,1615,3200,49,3249
2,88825,385,0,0,55,55,1615,20570,7,20577
2,88825,605,0,0,55,55,1615,2250,11,2261
2,88825,935,0,0,55,55,1615,11858,17,11875
2,88825,935,0,0,55,55,1615,68590,17,68607
2,88825,935,0,0,110,55,1615,10108,17,10125
2,88825,1045,0,0,55,55,1615,6050,19,6069
2,88825,1045,0,0,55,55,1615,15606,19,15625
2,88825,1045,0,0,55,55,1615,36992,133,37125
2,88825,1045,0,0,110,55,1615,4356,19,4375
2,88825,1045,0,0,110,55,1615,15876,19,15895
2,88825,1155,0,0,55,55,1615,2312,63,2375
2,88825,2695,0,0,55,55,1615,2250,49,2299
2,88825,5445,0,0,55,55,1615,2432,693,3125
2,88825,7315,0,0,55,55,1615,3200,931,4131
2,88825,8085,0,0,55,55,1615,2584,441,3025
2,88825,9625,0,0,55,55,1615,5984,875,6859
2,88825,11495,0,0,55,55,1615,1666,209,1875
2,88825,13365,0,0,55,55,1615,1672,729,2401
2,88825,13475,0,0,55,55,1615,2662,245,2907
2,88825,15895,0,0,55,55,1615,2432,2023,4455
2,88825,17325,0,0,55,55,1615,4598,315,4913
2,88825,18865,0,0,55,55,1615,1782,343,2125
2,88825,18865,0,0,55,55,1615,1152,2401,3553
2,88825,19855,0,0,55,55,1615,6144,3971,10115
2,88825,22275,0,0,55,55,1615,32,2025,2057
2,88825,23375,0,0,55,55,1615,2662,425,3087
2,88825,29645,0,0,55,55,1615,4374,539,4913
2,88825,33275,0,0,55,55,1615,224,3025,3249
2,88825,34375,0,0,55,55,1615,512,5625,6137
2,88825,37125,0,0,55,55,1615,2888,2025,4913
2,88825,38115,0,0,55,55,1615,640,4851,5491
2,88825,40095,0,0,55,55,1615,2450,729,3179
2,88825,73205,0,0,55,55,1615,6250,1331,7581
2,88825,73205,0,0,55,55,1615,11552,6655,18207
2,88825,73205,0,0,55,55,1615,19494,1331,20825
2,88825,75625,0,0,55,55,1615,1026,1375,2401
2,88825,75735,0,0,55,55,1615,2744,4131,6875
2,88825,80465,0,0,55,55,1615,384,10241,10625
2,88830,54,0,0,54,54,1645,4374,1,4375
2,88830,2538,0,0,54,54,1645,1952,235,2187
2,88830,13230,0,0,54,54,1645,1152,1715,2867
2,88830,30618,0,0,54,54,1645,32,2835,2867
2,88830,36450,0,0,54,54,1645,376,2025,2401
2,88830,39366,0,0,54,54,1645,24064,6561,30625
2,88837,49,0,0,49,49,1813,4374,1,4375
2,88837,539,0,0,49,49,1813,9250,11,9261
2,88837,67081,0,0,49,49,1813,83006,1369,84375
2,88881,11607,0,0,53,53,1677,1978,219,2197
2,88893,51,0,0,51,51,1743,4374,1,4375
2,88893,51,0,0,51,51,1743,10368,7,10375
2,88893,51,0,0,51,51,1743,33614,1,33615
2,88893,12393,0,0,51,51,1743,34202,243,34445
2,88893,52479,0,0,51,51,1743,44672,7203,51875
2,88914,58,0,0,58,58,1533,4374,1,4375
2,88914,4698,0,0,58,58,1533,42632,243,42875
2,88914,7250,0,0,58,58,1533,4704,625,5329
2,88918,33534,0,0,46,46,1933,77320,2187,79507
2,88935,49,0,0,49,49,1815,64000,9,64009
2,88935,49,0,0,49,49,1815,71874,1,71875
2,88935,539,0,0,49,49,1815,3634,11,3645
2,88935,6125,0,0,49,49,1815,1738,125,1863
2,88935,11613,0,0,49,49,1815,512,2133,2645
2,88935,17787,0,0,49,49,1815,14536,1089,15625
2,88935,33075,0,0,49,49,1815,5566,675,6241
2,88944,17808,0,0,48,48,1853,128,2597,2725
2,89010,1242,0,0,46,46,1935,3698,27,3725
2,89010,1978,0,0,46,46,1935,15496,129,15625
2,89010,3726,0,0,46,46,1935,8192,1053,9245
2,89010,14950,0,0,46,46,1935,3698,325,4023
2,89010,61686,0,0,46,46,1935,1352,4023,5375
2,89010,85054,0,0,46,46,1935,338,1849,2187
2,89040,48,0,0,48,48,1855,2592,5,2597
2,89040,48,0,0,48,48,1855,4374,1,4375
2,89040,336,0,0,48,48,1855,5618,7,5625
2,89040,17808,0,0,48,48,1855,6190,371,6561
2,89040,49392,0,0,48,48,1855,8,3087,3095
2,89040,68688,0,0,48,48,1855,40,4293,4333
2,89076,52,0,0,52,52,1713,4374,1,4375
2,89082,9898,0,0,98,49,1818,7776,505,8281
2,89093,47223,0,0,53,53,1681,2048,9801,11849
2,89148,102,0,0,102,51,1748,12160,7,12167
2,89150,50,0,0,50,50,1783,4374,1,4375
2,89154,54,0,0,54,54,1651,6858,1,6859
2,89199,53,0,0,53,53,1683,34374,1,34375
2,89199,12879,0,0,53,53,1683,5000,729,5729
2,89199,21465,0,0,53,53,1683,32,2025,2057
2,89199,45441,0,0,51,51,1749,136,2673,2809
2,89208,16520,0,0,56,56,1593,7776,1475,9251
2,89208,47096,0,0,56,56,1593,6534,841,7375
2,89250,50,0,0,50,50,1785,4374,1,4375
2,89250,12750,0,0,102,51,1750,4704,625,5329
2,89262,29754,0,0,108,54,1653,1324,551,1875
2,89267,22125,0,0,59,59,1513,9826,375,10201
2,89385,22125,0,0,59,59,1515,3362,375,3737
2,89425,49,0,0,49,49,1825,4374,1,4375
2,89425,3577,0,0,49,49,1825,2450,73,2523
2,89425,3969,0,0,49,49,1825,42632,243,42875
2,89425,6125,0,0,49,49,1825,4704,625,5329
2,89425,16807,0,0,49,49,1825,1682,343,2025
2,89425,16807,0,0,49,49,1825,9344,2401,11745
2,89441,517,0,0,47,47,1903,3114,11,3125
2,89441,8131,0,0,94,47,1903,2500,173,2673
2,89450,89450,0,0,50,50,1789,398,1789,2187
2,89470,11178,0,0,46,46,1945,77800,729,78529
2,89470,17894,0,0,46,46,1945,6750,389,7139
2,89470,89470,0,0,46,46,1945,242,1945,2187
2,89505,51,0,0,51,51,1755,4374,1,4375
2,89505,459,0,0,51,51,1755,3200,63,3263
2,89505,1785,0,0,51,51,1755,6526,35,6561
2,89505,3213,0,0,51,51,1755,2008,189,2197
2,89505,4641,0,0,51,51,1755,8192,1183,9375
2,89505,89505,0,0,51,51,1755,8032,8775,16807
2,89523,343,0,0,49,49,1827,27848,21,27869
2,89523,47089,0,0,49,49,1827,8,2883,2891
2,89562,1298,0,0,118,59,1518,11776,99,11875
2,89586,89586,0,0,108,54,1659,9664,4977,14641
2,89610,58,0,0,58,58,1545,1750,1,1751
2,89610,58,0,0,58,58,1545,4374,1,4375
2,89610,58,0,0,58,58,1545,59534,1,59535
2,89610,58,0,0,58,58,1545,65610,1,65611
2,89610,58,0,0,116,58,1545,1700,1,1701
2,89610,58,0,0,116,58,1545,31212,1,31213
2,89610,174,0,0,58,58,1545,2176,21,2197
2,89610,406,0,0,58,58,1545,3750,7,3757
2,89610,754,0,0,58,58,1545,8330,13,8343
2,89610,1450,0,0,58,58,1545,9248,125,9373
2,89610,4930,0,0,58,58,1545,4374,85,4459
2,89610,5278,0,0,58,58,1545,8192,1183,9375
2,89610,6786,0,0,58,58,1545,1400,351,1751
2,89610,9802,0,0,58,58,1545,1854,169,2023
2,89610,12818,0,0,58,58,1545,640,1547,2187
2,89610,19894,0,0,58,58,1545,1854,343,2197
2,89610,25578,0,0,58,58,1545,6656,3969,10625
2,89610,29406,0,0,58,58,1545,3296,2535,5831
2,89610,53766,0,0,58,58,1545,2744,2781,5525
2,89610,77662,0,0,58,58,1545,686,1339,2025
2,89610,79866,0,0,58,58,1545,338,1377,1715
2,89616,89616,0,0,48,48,1867,534,1867,2401
2,89661,57,0,0,57,57,1573,4374,1,4375
2,89661,627,0,0,57,57,1573,1690,11,1701
2,89661,5187,0,0,57,57,1573,8192,1183,9375
2,89661,6897,0,0,57,57,1573,1352,363,1715
2,89661,16929,0,0,57,57,1573,512,2673,3185
2,89661,30723,0,0,57,57,1573,8,1617,1625
2,89661,30723,0,0,57,57,1573,16000,3773,19773
2,89661,41553,0,0,57,57,1573,88,2187,2275
2,89661,48279,0,0,57,57,1573,1350,847,2197
2,89661,75867,0,0,57,57,1573,294,1331,1625
2,89685,45,0,0,45,45,1993,4374,1,4375
2,89685,315,0,0,45,45,1993,3200,49,3249
2,89700,52,0,0,52,52,1725,64000,9,64009
2,89700,52,0,0,52,52,1725,71874,1,71875
2,89700,1196,0,0,52,52,1725,19602,23,19625
2,89723,141,0,0,47,47,1909,2392,9,2401
2,89723,11421,0,0,47,47,1909,2158,243,2401
2,89723,55601,0,0,47,47,1909,1058,1183,2241
2,89768,56,0,0,56,56,1603,4374,1,4375
2,89768,4536,0,0,56,56,1603,5000,243,5243
2,89775,45,0,0,45,45,1995,4374,1,4375
2,89775,57,0,0,57,57,1575,4374,1,4375
2,89775,57,0,0,57,57,1575,10368,7,10375
2,89775,57,0,0,57,57,1575,33614,1,33615
2,89775,315,0,0,45,45,1995,3200,49,3249
2,89775,399,0,0,57,57,1575,3200,49,3249
2,89815,55,0,0,55,55,1633,5750,1,5751
2,89815,1485,0,0,55,55,1633,5014,27,5041
2,89815,3905,0,0,110,55,1633,2116,71,2187
2,89815,5995,0,0,55,55,1633,3266,109,3375
2,89817,1911,0,0,98,49,1833,3008,117,3125
2,89838,46,0,0,46,46,1953,4374,1,4375
2,89838,138,0,0,46,46,1953,4802,3,4805
2,89838,230,0,0,46,46,1953,12152,15,12167
2,89838,322,0,0,46,46,1953,32798,7,32805
2,89838,414,0,0,92,46,1953,2116,9,2125
2,89838,782,0,0,46,46,1953,2170,17,2187
2,89838,782,0,0,46,46,1953,12150,17,12167
2,89838,1426,0,0,92,46,1953,19652,31,19683
2,89838,3726,0,0,46,46,1953,5750,81,5831
2,89838,6210,0,0,46,46,1953,3968,945,4913
2,89838,11178,0,0,46,46,1953,8750,243,8993
2,89838,12834,0,0,46,46,1953,1288,837,2125
2,89838,56350,0,0,46,46,1953,384,8575,8959
2,89838,56350,0,0,46,46,1953,28566,1225,29791
2,89838,60858,0,0,46,46,1953,32,6615,6647
2,89838,78246,0,0,46,46,1953,17000,5103,22103
2,89838,86250,0,0,46,46,1953,3038,1875,4913
2,90015,6885,0,0,51,51,1765,9728,1215,10943
2,90090,10010,0,0,110,55,1638,8192,1183,9375
2,90111,35721,0,0,49,49,1839,2104,2187,4291
2,90117,1581,0,0,51,51,1767,2318,31,2349
2,90117,1767,0,0,114,57,1581,19652,31,19683
2,90117,30039,0,0,102,51,1767,3132,589,3721
2,90180,60,0,0,60,60,1503,4374,1,4375
2,90180,10020,0,0,120,60,1503,1548,167,1715
2,90190,18038,0,0,58,58,1555,6250,311,6561
2,90259,14575,0,0,53,53,1703,1922,275,2197
2,90288,2352,0,0,48,48,1881,2152,147,2299
2,90288,11664,0,0,48,48,1881,1672,729,2401
2,90288,81648,0,0,48,48,1881,8,5103,5111
2,90298,23322,0,0,46,46,1963,77312,4563,81875
2,90307,82369,0,0,49,49,1843,194,1681,1875
2,90321,1173,0,0,51,51,1771,23814,23,23837
2,90345,57,0,0,57,57,1585,7290,1,7291
2,90365,53,0,0,53,53,1705,3750,1,3751
2,90365,477,0,0,53,53,1705,6250,9,6259
2,90365,583,0,0,106,53,1705,2500,11,2511
2,90381,47,0,0,47,47,1923,4374,1,4375
2,90381,41877,0,0,47,47,1923,32,4455,4487
2,90384,48,0,0,96,48,1883,4900,1,4901
2,90390,46,0,0,46,46,1965,4374,1,4375
2,90390,15778,0,0,46,46,1965,128,2401,2529
2,90440,56,0,0,56,56,1615,4374,1,4375
2,90440,56,0,0,112,56,1615,1700,1,1701
2,90440,280,0,0,112,56,1615,2052,5,2057
2,90440,392,0,0,56,56,1615,2048,77,2125
2,90440,392,0,0,56,56,1615,3200,49,3249
2,90440,392,0,0,56,56,1615,20570,7,20577
2,90440,616,0,0,56,56,1615,2250,11,2261
2,90440,952,0,0,56,56,1615,11858,17,11875
2,90440,952,0,0,56,56,1615,68590,17,68607
2,90440,952,0,0,112,56,1615,10108,17,10125
2,90440,1064,0,0,56,56,1615,6050,19,6069
2,90440,1064,0,0,56,56,1615,15606,19,15625
2,90440,1064,0,0,56,56,1615,36992,133,37125
2,90440,1064,0,0,112,56,1615,4356,19,4375
2,90440,1064,0,0,112,56,1615,15876,19,15895
2,90440,1176,0,0,56,56,1615,2312,63,2375
2,90440,2744,0,0,56,56,1615,2250,49,2299
2,90440,5544,0,0,56,56,1615,2432,693,3125
2,90440,7448,0,0,56,56,1615,3200,931,4131
2,90440,8232,0,0,56,56,1615,2584,441,3025
2,90440,9800,0,0,56,56,1615,5984,875,6859
2,90440,11704,0,0,56,56,1615,1666,209,1875
2,90440,13608,0,0,56,56,1615,1672,729,2401
2,90440,13720,0,0,56,56,1615,2662,245,2907
2,90440,16184,0,0,56,56,1615,2432,2023,4455
2,90440,17640,0,0,56,56,1615,4598,315,4913
2,90440,19208,0,0,56,56,1615,1782,343,2125
2,90440,19208,0,0,56,56,1615,1152,2401,3553
2,90440,20216,0,0,56,56,1615,6144,3971,10115
2,90440,22680,0,0,56,56,1615,32,2025,2057
2,90440,23800,0,0,56,56,1615,2662,425,3087
2,90440,30184,0,0,56,56,1615,4374,539,4913
2,90440,33880,0,0,56,56,1615,224,3025,3249
2,90440,35000,0,0,56,56,1615,512,5625,6137
2,90440,37800,0,0,56,56,1615,2888,2025,4913
2,90440,38808,0,0,56,56,1615,640,4851,5491
2,90440,40824,0,0,56,56,1615,2450,729,3179
2,90440,74536,0,0,56,56,1615,6250,1331,7581
2,90440,74536,0,0,56,56,1615,11552,6655,18207
2,90440,74536,0,0,56,56,1615,19494,1331,20825
2,90440,77000,0,0,56,56,1615,1026,1375,2401
2,90440,77112,0,0,56,56,1615,2744,4131,6875
2,90440,81928,0,0,56,56,1615,384,10241,10625
2,90447,59,0,0,59,59,1533,4374,1,4375
2,90447,4779,0,0,59,59,1533,42632,243,42875
2,90447,7375,0,0,59,59,1533,4704,625,5329
2,90450,4374,0,0,54,54,1675,8192,1053,9245
2,90450,30186,0,0,54,54,1675,1250,559,1809
2,90450,32562,0,0,54,54,1675,40,1809,1849
2,90475,55,0,0,55,55,1645,4374,1,4375
2,90475,2585,0,0,55,55,1645,1952,235,2187
2,90475,13475,0,0,55,55,1645,1152,1715,2867
2,90475,29375,0,0,47,47,1925,32,3125,3157
2,90475,31185,0,0,55,55,1645,32,2835,2867
2,90475,37125,0,0,55,55,1645,376,2025,2401
2,90475,40095,0,0,55,55,1645,24064,6561,30625
2,90475,41125,0,0,47,47,1925,1312,4375,5687
2,90480,48,0,0,48,48,1885,4896,5,4901
2,90480,144,0,0,48,48,1885,6250,3,6253
2,90480,624,0,0,96,48,1885,3132,13,3145
2,90480,1872,0,0,48,48,1885,6728,117,6845
2,90480,2448,0,0,48,48,1885,2146,51,2197
2,90480,6480,0,0,48,48,1885,2738,135,2873
2,90480,40368,0,0,48,48,1885,8192,10933,19125
2,90480,44400,0,0,48,48,1885,288,4625,4913
2,90480,65712,0,0,48,48,1885,7250,1369,8619
2,90480,65712,0,0,48,48,1885,8704,12321,21025
2,90480,69264,0,0,48,48,1885,1682,1443,3125
2,90480,90000,0,0,48,48,1885,48778,1875,50653
2,90524,742,0,0,106,53,1708,3200,49,3249
2,90558,11826,0,0,54,54,1677,1978,219,2197
2,90636,52,0,0,52,52,1743,4374,1,4375
2,90636,52,0,0,52,52,1743,10368,7,10375
2,90636,52,0,0,52,52,1743,33614,1,33615
2,90636,12636,0,0,52,52,1743,34202,243,34445
2,90636,53508,0,0,52,52,1743,44672,7203,51875
2,90650,50,0,0,50,50,1813,4374,1,4375
2,90650,550,0,0,50,50,1813,9250,11,9261
2,90650,68450,0,0,50,50,1813,83006,1369,84375
2,90750,50,0,0,50,50,1815,64000,9,64009
2,90750,50,0,0,50,50,1815,71874,1,71875
2,90750,550,0,0,50,50,1815,3634,11,3645
2,90750,6250,0,0,50,50,1815,1738,125,1863
2,90750,11850,0,0,50,50,1815,512,2133,2645
2,90750,18150,0,0,50,50,1815,14536,1089,15625
2,90750,33750,0,0,50,50,1815,5566,675,6241
2,90774,48114,0,0,54,54,1681,2048,9801,11849
2,90780,22500,0,0,60,60,1513,9826,375,10201
2,90789,53,0,0,53,53,1713,4374,1,4375
2,90797,18179,0,0,49,49,1853,128,2597,2725
2,90801,16815,0,0,57,57,1593,7776,1475,9251
2,90801,47937,0,0,57,57,1593,6534,841,7375
2,90805,55,0,0,55,55,1651,6858,1,6859
2,90851,34263,0,0,47,47,1933,77320,2187,79507
2,90882,54,0,0,54,54,1683,34374,1,34375
2,90882,13122,0,0,54,54,1683,5000,729,5729
2,90882,21870,0,0,54,54,1683,32,2025,2057
2,90895,49,0,0,49,49,1855,2592,5,2597
2,90895,49,0,0,49,49,1855,4374,1,4375
2,90895,343,0,0,49,49,1855,5618,7,5625
2,90895,18179,0,0,49,49,1855,6190,371,6561
2,90895,50421,0,0,49,49,1855,8,3087,3095
2,90895,70119,0,0,49,49,1855,40,4293,4333
2,90896,104,0,0,104,52,1748,12160,7,12167
2,90900,10100,0,0,100,50,1818,7776,505,8281
2,90900,22500,0,0,60,60,1515,3362,375,3737
2,90915,30305,0,0,110,55,1653,1324,551,1875
2,90933,51,0,0,51,51,1783,4374,1,4375
2,90945,1269,0,0,47,47,1935,3698,27,3725
2,90945,2021,0,0,47,47,1935,15496,129,15625
2,90945,3807,0,0,47,47,1935,8192,1053,9245
2,90945,15275,0,0,47,47,1935,3698,325,4023
2,90945,63027,0,0,47,47,1935,1352,4023,5375
2,90945,86903,0,0,47,47,1935,338,1849,2187
2,90948,46332,0,0,52,52,1749,136,2673,2809
2,91000,13000,0,0,104,52,1750,4704,625,5329
2,91035,51,0,0,51,51,1785,4374,1,4375
2,91080,1320,0,0,120,60,1518,11776,99,11875
2,91155,59,0,0,59,59,1545,1750,1,1751
2,91155,59,0,0,59,59,1545,4374,1,4375
2,91155,59,0,0,59,59,1545,59534,1,59535
2,91155,59,0,0,59,59,1545,65610,1,65611
2,91155,59,0,0,118,59,1545,1700,1,1701
2,91155,59,0,0,118,59,1545,31212,1,31213
2,91155,177,0,0,59,59,1545,2176,21,2197
2,91155,413,0,0,59,59,1545,3750,7,3757
2,91155,767,0,0,59,59,1545,8330,13,8343
2,91155,1475,0,0,59,59,1545,9248,125,9373
2,91155,5015,0,0,59,59,1545,4374,85,4459
2,91155,5369,0,0,59,59,1545,8192,1183,9375
2,91155,6903,0,0,59,59,1545,1400,351,1751
2,91155,9971,0,0,59,59,1545,1854,169,2023
2,91155,13039,0,0,59,59,1545,640,1547,2187
2,91155,20237,0,0,59,59,1545,1854,343,2197
2,91155,26019,0,0,59,59,1545,6656,3969,10625
2,91155,29913,0,0,59,59,1545,3296,2535,5831
2,91155,54693,0,0,59,59,1545,2744,2781,5525
2,91155,79001,0,0,59,59,1545,686,1339,2025
2,91155,81243,0,0,59,59,1545,338,1377,1715
2,91234,58,0,0,58,58,1573,4374,1,4375
2,91234,638,0,0,58,58,1573,1690,11,1701
2,91234,5278,0,0,58,58,1573,8192,1183,9375
2,91234,7018,0,0,58,58,1573,1352,363,1715
2,91234,17226,0,0,58,58,1573,512,2673,3185
2,91234,31262,0,0,58,58,1573,8,1617,1625
2,91234,31262,0,0,58,58,1573,16000,3773,19773
2,91234,42282,0,0,58,58,1573,88,2187,2275
2,91234,49126,0,0,58,58,1573,1350,847,2197
2,91234,77198,0,0,58,58,1573,294,1331,1625
2,91239,91239,0,0,51,51,1789,398,1789,2187
2,91245,91245,0,0,110,55,1659,9664,4977,14641
2,91250,50,0,0,50,50,1825,4374,1,4375
2,91250,3650,0,0,50,50,1825,2450,73,2523
2,91250,4050,0,0,50,50,1825,42632,243,42875
2,91250,6250,0,0,50,50,1825,4704,625,5329
2,91250,17150,0,0,50,50,1825,1682,343,2025
2,91250,17150,0,0,50,50,1825,9344,2401,11745
2,91260,52,0,0,52,52,1755,4374,1,4375
2,91260,468,0,0,52,52,1755,3200,63,3263
2,91260,1820,0,0,52,52,1755,6526,35,6561
2,91260,3276,0,0,52,52,1755,2008,189,2197
2,91260,4732,0,0,52,52,1755,8192,1183,9375
2,91260,91260,0,0,52,52,1755,8032,8775,16807
2,91344,528,0,0,48,48,1903,3114,11,3125
2,91344,8304,0,0,96,48,1903,2500,173,2673
2,91350,58,0,0,58,58,1575,4374,1,4375
2,91350,58,0,0,58,58,1575,10368,7,10375
2,91350,58,0,0,58,58,1575,33614,1,33615
2,91350,350,0,0,50,50,1827,27848,21,27869
2,91350,406,0,0,58,58,1575,3200,49,3249
2,91350,48050,0,0,50,50,1827,8,2883,2891
2,91371,57,0,0,57,57,1603,4374,1,4375
2,91371,4617,0,0,57,57,1603,5000,243,5243
2,91415,11421,0,0,47,47,1945,77800,729,78529
2,91415,18283,0,0,47,47,1945,6750,389,7139
2,91415,91415,0,0,47,47,1945,242,1945,2187
2,91425,53,0,0,53,53,1725,64000,9,64009
2,91425,53,0,0,53,53,1725,71874,1,71875
2,91425,1219,0,0,53,53,1725,19602,23,19625
2,91448,56,0,0,56,56,1633,5750,1,5751
2,91448,1512,0,0,56,56,1633,5014,27,5041
2,91448,3976,0,0,112,56,1633,2116,71,2187
2,91448,6104,0,0,56,56,1633,3266,109,3375
2,91483,91483,0,0,49,49,1867,534,1867,2401
2,91632,144,0,0,48,48,1909,2392,9,2401
2,91632,11664,0,0,48,48,1909,2158,243,2401
2,91632,56784,0,0,48,48,1909,1058,1183,2241
2,91650,1950,0,0,100,50,1833,3008,117,3125
2,91678,46,0,0,46,46,1993,4374,1,4375
2,91678,322,0,0,46,46,1993,3200,49,3249
2,91683,61,0,0,61,61,1503,4374,1,4375
2,91683,10187,0,0,122,61,1503,1548,167,1715
2,91698,1798,0,0,116,58,1581,19652,31,19683
2,91728,10192,0,0,112,56,1638,8192,1183,9375
2,91745,18349,0,0,59,59,1555,6250,311,6561
2,91770,46,0,0,46,46,1995,4374,1,4375
2,91770,322,0,0,46,46,1995,3200,49,3249
2,91780,7020,0,0,52,52,1765,9728,1215,10943
2,91791,47,0,0,47,47,1953,4374,1,4375
2,91791,141,0,0,47,47,1953,4802,3,4805
2,91791,235,0,0,47,47,1953,12152,15,12167
2,91791,329,0,0,47,47,1953,32798,7,32805
2,91791,423,0,0,94,47,1953,2116,9,2125
2,91791,799,0,0,47,47,1953,2170,17,2187
2,91791,799,0,0,47,47,1953,12150,17,12167
2,91791,1457,0,0,94,47,1953,19652,31,19683
2,91791,3807,0,0,47,47,1953,5750,81,5831
2,91791,6345,0,0,47,47,1953,3968,945,4913
2,91791,11421,0,0,47,47,1953,8750,243,8993
2,91791,13113,0,0,47,47,1953,1288,837,2125
2,91791,57575,0,0,47,47,1953,384,8575,8959
2,91791,57575,0,0,47,47,1953,28566,1225,29791
2,91791,62181,0,0,47,47,1953,32,6615,6647
2,91791,79947,0,0,47,47,1953,17000,5103,22103
2,91791,88125,0,0,47,47,1953,3038,1875,4913
2,91884,1612,0,0,52,52,1767,2318,31,2349
2,91884,30628,0,0,104,52,1767,3132,589,3721
2,91930,58,0,0,58,58,1585,7290,1,7291
2,91950,36450,0,0,50,50,1839,2104,2187,4291
2,91962,14850,0,0,54,54,1703,1922,275,2197
2,91980,60,0,0,60,60,1533,4374,1,4375
2,91980,4860,0,0,60,60,1533,42632,243,42875
2,91980,7500,0,0,60,60,1533,4704,625,5329
2,92055,57,0,0,57,57,1615,4374,1,4375
2,92055,57,0,0,114,57,1615,1700,1,1701
2,92055,285,0,0,114,57,1615,2052,5,2057
2,92055,399,0,0,57,57,1615,2048,77,2125
2,92055,399,0,0,57,57,1615,3200,49,3249
2,92055,399,0,0,57,57,1615,20570,7,20577
2,92055,627,0,0,57,57,1615,2250,11,2261
2,92055,969,0,0,57,57,1615,11858,17,11875
2,92055,969,0,0,57,57,1615,68590,17,68607
2,92055,969,0,0,114,57,1615,10108,17,10125
2,92055,1083,0,0,57,57,1615,6050,19,6069
2,92055,1083,0,0,57,57,1615,15606,19,15625
2,92055,1083,0,0,57,57,1615,36992,133,37125
2,92055,1083,0,0,114,57,1615,4356,19,4375
2,92055,1083,0,0,114,57,1615,15876,19,15895
2,92055,1197,0,0,57,57,1615,2312,63,2375
2,92055,2793,0,0,57,57,1615,2250,49,2299
2,92055,5643,0,0,57,57,1615,2432,693,3125
2,92055,7581,0,0,57,57,1615,3200,931,4131
2,92055,8379,0,0,57,57,1615,2584,441,3025
2,92055,9975,0,0,57,57,1615,5984,875,6859
2,92055,11913,0,0,57,57,1615,1666,209,1875
2,92055,13851,0,0,57,57,1615,1672,729,2401
2,92055,13965,0,0,57,57,1615,2662,245,2907
2,92055,16473,0,0,57,57,1615,2432,2023,4455
2,92055,17955,0,0,57,57,1615,4598,315,4913
2,92055,19551,0,0,57,57,1615,1782,343,2125
2,92055,19551,0,0,57,57,1615,1152,2401,3553
2,92055,20577,0,0,57,57,1615,6144,3971,10115
2,92055,23085,0,0,57,57,1615,32,2025,2057
2,92055,24225,0,0,57,57,1615,2662,425,3087
2,92055,30723,0,0,57,57,1615,4374,539,4913
2,92055,34485,0,0,57,57,1615,224,3025,3249
2,92055,35625,0,0,57,57,1615,512,5625,6137
2,92055,38475,0,0,57,57,1615,2888,2025,4913
2,92055,39501,0,0,57,57,1615,640,4851,5491
2,92055,41553,0,0,57,57,1615,2450,729,3179
2,92055,75867,0,0,57,57,1615,6250,1331,7581
2,92055,75867,0,0,57,57,1615,11552,6655,18207
2,92055,75867,0,0,57,57,1615,19494,1331,20825
2,92055,78375,0,0,57,57,1615,1026,1375,2401
2,92055,78489,0,0,57,57,1615,2744,4131,6875
2,92055,83391,0,0,57,57,1615,384,10241,10625
2,92070,54,0,0,54,54,1705,3750,1,3751
2,92070,486,0,0,54,54,1705,6250,9,6259
2,92070,594,0,0,108,54,1705,2500,11,2511
2,92092,1196,0,0,52,52,1771,23814,23,23837
2,92120,56,0,0,56,56,1645,4374,1,4375
2,92120,2632,0,0,56,56,1645,1952,235,2187
2,92120,13720,0,0,56,56,1645,1152,1715,2867
2,92120,31752,0,0,56,56,1645,32,2835,2867
2,92120,37800,0,0,56,56,1645,376,2025,2401
2,92120,40824,0,0,56,56,1645,24064,6561,30625
2,92125,4455,0,0,55,55,1675,8192,1053,9245
2,92125,30745,0,0,55,55,1675,1250,559,1809
2,92125,33165,0,0,55,55,1675,40,1809,1849
2,92150,84050,0,0,50,50,1843,194,1681,1875
2,92169,2401,0,0,49,49,1881,2152,147,2299
2,92169,11907,0,0,49,49,1881,1672,729,2401
2,92169,83349,0,0,49,49,1881,8,5103,5111
2,92232,756,0,0,108,54,1708,3200,49,3249
2,92235,12045,0,0,55,55,1677,1978,219,2197
2,92261,23829,0,0,47,47,1963,77312,4563,81875
2,92267,49,0,0,98,49,1883,4900,1,4901
2,92293,22875,0,0,61,61,1513,9826,375,10201
2,92304,48,0,0,48,48,1923,4374,1,4375
2,92304,42768,0,0,48,48,1923,32,4455,4487
2,92355,47,0,0,47,47,1965,4374,1,4375
2,92355,16121,0,0,47,47,1965,128,2401,2529
2,92365,49,0,0,49,49,1885,4896,5,4901
2,92365,147,0,0,49,49,1885,6250,3,6253
2,92365,637,0,0,98,49,1885,3132,13,3145
2,92365,1911,0,0,49,49,1885,6728,117,6845
2,92365,2499,0,0,49,49,1885,2146,51,2197
2,92365,6615,0,0,49,49,1885,2738,135,2873
2,92365,41209,0,0,49,49,1885,8192,10933,19125
2,92365,45325,0,0,49,49,1885,288,4625,4913
2,92365,67081,0,0,49,49,1885,7250,1369,8619
2,92365,67081,0,0,49,49,1885,8704,12321,21025
2,92365,70707,0,0,49,49,1885,1682,1443,3125
2,92365,91875,0,0,49,49,1885,48778,1875,50653
2,92379,53,0,0,53,53,1743,4374,1,4375
2,92379,53,0,0,53,53,1743,10368,7,10375
2,92379,53,0,0,53,53,1743,33614,1,33615
2,92379,12879,0,0,53,53,1743,34202,243,34445
2,92379,54537,0,0,53,53,1743,44672,7203,51875
2,92394,17110,0,0,58,58,1593,7776,1475,9251
2,92394,48778,0,0,58,58,1593,6534,841,7375
2,92400,30000,0,0,48,48,1925,32,3125,3157
2,92400,42000,0,0,48,48,1925,1312,4375,5687
2,92415,22875,0,0,61,61,1515,3362,375,3737
2,92455,49005,0,0,55,55,1681,2048,9801,11849
2,92456,56,0,0,56,56,1651,6858,1,6859
2,92463,51,0,0,51,51,1813,4374,1,4375
2,92463,561,0,0,51,51,1813,9250,11,9261
2,92463,69819,0,0,51,51,1813,83006,1369,84375
2,92502,54,0,0,54,54,1713,4374,1,4375
2,92565,51,0,0,51,51,1815,64000,9,64009
2,92565,51,0,0,51,51,1815,71874,1,71875
2,92565,55,0,0,55,55,1683,34374,1,34375
2,92565,561,0,0,51,51,1815,3634,11,3645
2,92565,6375,0,0,51,51,1815,1738,125,1863
2,92565,12087,0,0,51,51,1815,512,2133,2645
2,92565,13365,0,0,55,55,1683,5000,729,5729
2,92565,18513,0,0,51,51,1815,14536,1089,15625
2,92565,22275,0,0,55,55,1683,32,2025,2057
2,92565,34425,0,0,51,51,1815,5566,675,6241
2,92568,30856,0,0,112,56,1653,1324,551,1875
2,92598,1342,0,0,122,61,1518,11776,99,11875
2,92644,106,0,0,106,53,1748,12160,7,12167
2,92650,18550,0,0,50,50,1853,128,2597,2725
2,92697,47223,0,0,53,53,1749,136,2673,2809
2,92700,60,0,0,60,60,1545,1750,1,1751
2,92700,60,0,0,60,60,1545,4374,1,4375
2,92700,60,0,0,60,60,1545,59534,1,59535
2,92700,60,0,0,60,60,1545,65610,1,65611
2,92700,60,0,0,120,60,1545,1700,1,1701
2,92700,60,0,0,120,60,1545,31212,1,31213
2,92700,180,0,0,60,60,1545,2176,21,2197
2,92700,420,0,0,60,60,1545,3750,7,3757
2,92700,780,0,0,60,60,1545,8330,13,8343
2,92700,1500,0,0,60,60,1545,9248,125,9373
2,92700,5100,0,0,60,60,1545,4374,85,4459
2,92700,5460,0,0,60,60,1545,8192,1183,9375
2,92700,7020,0,0,60,60,1545,1400,351,1751
2,92700,10140,0,0,60,60,1545,1854,169,2023
2,92700,13260,0,0,60,60,1545,640,1547,2187
2,92700,20580,0,0,60,60,1545,1854,343,2197
2,92700,26460,0,0,60,60,1545,6656,3969,10625
2,92700,30420,0,0,60,60,1545,3296,2535,5831
2,92700,55620,0,0,60,60,1545,2744,2781,5525
2,92700,80340,0,0,60,60,1545,686,1339,2025
2,92700,82620,0,0,60,60,1545,338,1377,1715
2,92716,52,0,0,52,52,1783,4374,1,4375
2,92718,10302,0,0,102,51,1818,7776,505,8281
2,92750,50,0,0,50,50,1855,2592,5,2597
2,92750,50,0,0,50,50,1855,4374,1,4375
2,92750,350,0,0,50,50,1855,5618,7,5625
2,92750,13250,0,0,106,53,1750,4704,625,5329
2,92750,18550,0,0,50,50,1855,6190,371,6561
2,92750,51450,0,0,50,50,1855,8,3087,3095
2,92750,71550,0,0,50,50,1855,40,4293,4333
2,92784,34992,0,0,48,48,1933,77320,2187,79507
2,92807,59,0,0,59,59,1573,4374,1,4375
2,92807,649,0,0,59,59,1573,1690,11,1701
2,92807,5369,0,0,59,59,1573,8192,1183,9375
2,92807,7139,0,0,59,59,1573,1352,363,1715
2,92807,17523,0,0,59,59,1573,512,2673,3185
2,92807,31801,0,0,59,59,1573,8,1617,1625
2,92807,31801,0,0,59,59,1573,16000,3773,19773
2,92807,43011,0,0,59,59,1573,88,2187,2275
2,92807,49973,0,0,59,59,1573,1350,847,2197
2,92807,78529,0,0,59,59,1573,294,1331,1625
2,92820,52,0,0,52,52,1785,4374,1,4375
2,92880,1296,0,0,48,48,1935,3698,27,3725
2,92880,2064,0,0,48,48,1935,15496,129,15625
2,92880,3888,0,0,48,48,1935,8192,1053,9245
2,92880,15600,0,0,48,48,1935,3698,325,4023
2,92880,64368,0,0,48,48,1935,1352,4023,5375
2,92880,88752,0,0,48,48,1935,338,1849,2187
2,92904,92904,0,0,112,56,1659,9664,4977,14641
2,92925,59,0,0,59,59,1575,4374,1,4375
2,92925,59,0,0,59,59,1575,10368,7,10375
2,92925,59,0,0,59,59,1575,33614,1,33615
2,92925,413,0,0,59,59,1575,3200,49,3249
2,92974,58,0,0,58,58,1603,4374,1,4375
2,92974,4698,0,0,58,58,1603,5000,243,5243
2,93015,53,0,0,53,53,1755,4374,1,4375
2,93015,477,0,0,53,53,1755,3200,63,3263
2,93015,1855,0,0,53,53,1755,6526,35,6561
2,93015,3339,0,0,53,53,1755,2008,189,2197
2,93015,4823,0,0,53,53,1755,8192,1183,9375
2,93015,93015,0,0,53,53,1755,8032,8775,16807
2,93028,93028,0,0,52,52,1789,398,1789,2187
2,93075,51,0,0,51,51,1825,4374,1,4375
2,93075,3723,0,0,51,51,1825,2450,73,2523
2,93075,4131,0,0,51,51,1825,42632,243,42875
2,93075,6375,0,0,51,51,1825,4704,625,5329
2,93075,17493,0,0,51,51,1825,1682,343,2025
2,93075,17493,0,0,51,51,1825,9344,2401,11745
2,93081,57,0,0,57,57,1633,5750,1,5751
2,93081,1539,0,0,57,57,1633,5014,27,5041
2,93081,4047,0,0,114,57,1633,2116,71,2187
2,93081,6213,0,0,57,57,1633,3266,109,3375
2,93150,54,0,0,54,54,1725,64000,9,64009
2,93150,54,0,0,54,54,1725,71874,1,71875
2,93150,1242,0,0,54,54,1725,19602,23,19625
2,93177,357,0,0,51,51,1827,27848,21,27869
2,93177,49011,0,0,51,51,1827,8,2883,2891
2,93186,62,0,0,62,62,1503,4374,1,4375
2,93186,10354,0,0,124,62,1503,1548,167,1715
2,93247,539,0,0,49,49,1903,3114,11,3125
2,93247,8477,0,0,98,49,1903,2500,173,2673
2,93279,1829,0,0,118,59,1581,19652,31,19683
2,93300,18660,0,0,60,60,1555,6250,311,6561
2,93350,93350,0,0,50,50,1867,534,1867,2401
2,93360,11664,0,0,48,48,1945,77800,729,78529
2,93360,18672,0,0,48,48,1945,6750,389,7139
2,93360,93360,0,0,48,48,1945,242,1945,2187
2,93366,10374,0,0,114,57,1638,8192,1183,9375
2,93483,1989,0,0,102,51,1833,3008,117,3125
2,93513,61,0,0,61,61,1533,4374,1,4375
2,93513,4941,0,0,61,61,1533,42632,243,42875
2,93513,7625,0,0,61,61,1533,4704,625,5329
2,93515,59,0,0,59,59,1585,7290,1,7291
2,93541,147,0,0,49,49,1909,2392,9,2401
2,93541,11907,0,0,49,49,1909,2158,243,2401
2,93541,57967,0,0,49,49,1909,1058,1183,2241
2,93545,7155,0,0,53,53,1765,9728,1215,10943
2,93651,1643,0,0,53,53,1767,2318,31,2349
2,93651,31217,0,0,106,53,1767,3132,589,3721
2,93665,15125,0,0,55,55,1703,1922,275,2197
2,93670,58,0,0,58,58,1615,4374,1,4375
2,93670,58,0,0,116,58,1615,1700,1,1701
2,93670,290,0,0,116,58,1615,2052,5,2057
2,93670,406,0,0,58,58,1615,2048,77,2125
2,93670,406,0,0,58,58,1615,3200,49,3249
2,93670,406,0,0,58,58,1615,20570,7,20577
2,93670,638,0,0,58,58,1615,2250,11,2261
2,93670,986,0,0,58,58,1615,11858,17,11875
2,93670,986,0,0,58,58,1615,68590,17,68607
2,93670,986,0,0,116,58,1615,10108,17,10125
2,93670,1102,0,0,58,58,1615,6050,19,6069
2,93670,1102,0,0,58,58,1615,15606,19,15625
2,93670,1102,0,0,58,58,1615,36992,133,37125
2,93670,1102,0,0,116,58,1615,4356,19,4375
2,93670,1102,0,0,116,58,1615,15876,19,15895
2,93670,1218,0,0,58,58,1615,2312,63,2375
2,93670,2842,0,0,58,58,1615,2250,49,2299
2,93670,5742,0,0,58,58,1615,2432,693,3125
2,93670,7714,0,0,58,58,1615,3200,931,4131
2,93670,8526,0,0,58,58,1615,2584,441,3025
2,93670,10150,0,0,58,58,1615,5984,875,6859
2,93670,12122,0,0,58,58,1615,1666,209,1875
2,93670,14094,0,0,58,58,1615,1672,729,2401
2,93670,14210,0,0,58,58,1615,2662,245,2907
2,93670,16762,0,0,58,58,1615,2432,2023,4455
2,93670,18270,0,0,58,58,1615,4598,315,4913
2,93670,19894,0,0,58,58,1615,1782,343,2125
2,93670,19894,0,0,58,58,1615,1152,2401,3553
2,93670,20938,0,0,58,58,1615,6144,3971,10115
2,93670,23490,0,0,58,58,1615,32,2025,2057
2,93670,24650,0,0,58,58,1615,2662,425,3087
2,93670,31262,0,0,58,58,1615,4374,539,4913
2,93670,35090,0,0,58,58,1615,224,3025,3249
2,93670,36250,0,0,58,58,1615,512,5625,6137
2,93670,39150,0,0,58,58,1615,2888,2025,4913
2,93670,40194,0,0,58,58,1615,640,4851,5491
2,93670,42282,0,0,58,58,1615,2450,729,3179
2,93670,77198,0,0,58,58,1615,6250,1331,7581
2,93670,77198,0,0,58,58,1615,11552,6655,18207
2,93670,77198,0,0,58,58,1615,19494,1331,20825
2,93670,79750,0,0,58,58,1615,1026,1375,2401
2,93670,79866,0,0,58,58,1615,2744,4131,6875
2,93670,84854,0,0,58,58,1615,384,10241,10625
2,93671,47,0,0,47,47,1993,4374,1,4375
2,93671,329,0,0,47,47,1993,3200,49,3249
2,93744,48,0,0,48,48,1953,4374,1,4375
2,93744,144,0,0,48,48,1953,4802,3,4805
2,93744,240,0,0,48,48,1953,12152,15,12167
2,93744,336,0,0,48,48,1953,32798,7,32805
2,93744,432,0,0,96,48,1953,2116,9,2125
2,93744,816,0,0,48,48,1953,2170,17,2187
2,93744,816,0,0,48,48,1953,12150,17,12167
2,93744,1488,0,0,96,48,1953,19652,31,19683
2,93744,3888,0,0,48,48,1953,5750,81,5831
2,93744,6480,0,0,48,48,1953,3968,945,4913
2,93744,11664,0,0,48,48,1953,8750,243,8993
2,93744,13392,0,0,48,48,1953,1288,837,2125
2,93744,58800,0,0,48,48,1953,384,8575,8959
2,93744,58800,0,0,48,48,1953,28566,1225,29791
2,93744,63504,0,0,48,48,1953,32,6615,6647
2,93744,81648,0,0,48,48,1953,17000,5103,22103
2,93744,90000,0,0,48,48,1953,3038,1875,4913
2,93765,47,0,0,47,47,1995,4374,1,4375
2,93765,57,0,0,57,57,1645,4374,1,4375
2,93765,329,0,0,47,47,1995,3200,49,3249
2,93765,2679,0,0,57,57,1645,1952,235,2187
2,93765,13965,0,0,57,57,1645,1152,1715,2867
2,93765,32319,0,0,57,57,1645,32,2835,2867
2,93765,38475,0,0,57,57,1645,376,2025,2401
2,93765,41553,0,0,57,57,1645,24064,6561,30625
2,93775,55,0,0,55,55,1705,3750,1,3751
2,93775,495,0,0,55,55,1705,6250,9,6259
2,93775,605,0,0,110,55,1705,2500,11,2511
2,93789,37179,0,0,51,51,1839,2104,2187,4291
2,93800,4536,0,0,56,56,1675,8192,1053,9245
2,93800,31304,0,0,56,56,1675,1250,559,1809
2,93800,33768,0,0,56,56,1675,40,1809,1849
2,93806,23250,0,0,62,62,1513,9826,375,10201
2,93863,1219,0,0,53,53,1771,23814,23,23837
2,93912,12264,0,0,56,56,1677,1978,219,2197
2,93930,23250,0,0,62,62,1515,3362,375,3737
2,93940,770,0,0,110,55,1708,3200,49,3249
2,93987,17405,0,0,59,59,1593,7776,1475,9251
2,93987,49619,0,0,59,59,1593,6534,841,7375
2,93993,85731,0,0,51,51,1843,194,1681,1875
2,94050,2450,0,0,50,50,1881,2152,147,2299
2,94050,12150,0,0,50,50,1881,1672,729,2401
2,94050,85050,0,0,50,50,1881,8,5103,5111
2,94107,57,0,0,57,57,1651,6858,1,6859
2,94116,1364,0,0,124,62,1518,11776,99,11875
2,94122,54,0,0,54,54,1743,4374,1,4375
2,94122,54,0,0,54,54,1743,10368,7,10375
2,94122,54,0,0,54,54,1743,33614,1,33615
2,94122,13122,0,0,54,54,1743,34202,243,34445
2,94122,55566,0,0,54,54,1743,44672,7203,51875
2,94136,49896,0,0,56,56,1681,2048,9801,11849
2,94150,50,0,0,100,50,1883,4900,1,4901
2,94215,55,0,0,55,55,1713,4374,1,4375
2,94221,31407,0,0,114,57,1653,1324,551,1875
2,94224,24336,0,0,48,48,1963,77312,4563,81875
2,94227,49,0,0,49,49,1923,4374,1,4375
2,94227,43659,0,0,49,49,1923,32,4455,4487
2,94245,61,0,0,61,61,1545,1750,1,1751
2,94245,61,0,0,61,61,1545,4374,1,4375
2,94245,61,0,0,61,61,1545,59534,1,59535
2,94245,61,0,0,61,61,1545,65610,1,65611
2,94245,61,0,0,122,61,1545,1700,1,1701
2,94245,61,0,0,122,61,1545,31212,1,31213
2,94245,183,0,0,61,61,1545,2176,21,2197
2,94245,427,0,0,61,61,1545,3750,7,3757
2,94245,793,0,0,61,61,1545,8330,13,8343
2,94245,1525,0,0,61,61,1545,9248,125,9373
2,94245,5185,0,0,61,61,1545,4374,85,4459
2,94245,5551,0,0,61,61,1545,8192,1183,9375
2,94245,7137,0,0,61,61,1545,1400,351,1751
2,94245,10309,0,0,61,61,1545,1854,169,2023
2,94245,13481,0,0,61,61,1545,640,1547,2187
2,94245,20923,0,0,61,61,1545,1854,343,2197
2,94245,26901,0,0,61,61,1545,6656,3969,10625
2,94245,30927,0,0,61,61,1545,3296,2535,5831
2,94245,56547,0,0,61,61,1545,2744,2781,5525
2,94245,81679,0,0,61,61,1545,686,1339,2025
2,94245,83997,0,0,61,61,1545,338,1377,1715
2,94248,56,0,0,56,56,1683,34374,1,34375
2,94248,13608,0,0,56,56,1683,5000,729,5729
2,94248,22680,0,0,56,56,1683,32,2025,2057
2,94250,50,0,0,50,50,1885,4896,5,4901
2,94250,150,0,0,50,50,1885,6250,3,6253
2,94250,650,0,0,100,50,1885,3132,13,3145
2,94250,1950,0,0,50,50,1885,6728,117,6845
2,94250,2550,0,0,50,50,1885,2146,51,2197
2,94250,6750,0,0,50,50,1885,2738,135,2873
2,94250,42050,0,0,50,50,1885,8192,10933,19125
2,94250,46250,0,0,50,50,1885,288,4625,4913
2,94250,68450,0,0,50,50,1885,7250,1369,8619
2,94250,68450,0,0,50,50,1885,8704,12321,21025
2,94250,72150,0,0,50,50,1885,1682,1443,3125
2,94250,93750,0,0,50,50,1885,48778,1875,50653
2,94276,52,0,0,52,52,1813,4374,1,4375
2,94276,572,0,0,52,52,1813,9250,11,9261
2,94276,71188,0,0,52,52,1813,83006,1369,84375
2,94320,48,0,0,48,48,1965,4374,1,4375
2,94320,16464,0,0,48,48,1965,128,2401,2529
2,94325,30625,0,0,49,49,1925,32,3125,3157
2,94325,42875,0,0,49,49,1925,1312,4375,5687
2,94380,52,0,0,52,52,1815,64000,9,64009
2,94380,52,0,0,52,52,1815,71874,1,71875
2,94380,60,0,0,60,60,1573,4374,1,4375
2,94380,572,0,0,52,52,1815,3634,11,3645
2,94380,660,0,0,60,60,1573,1690,11,1701
2,94380,5460,0,0,60,60,1573,8192,1183,9375
2,94380,6500,0,0,52,52,1815,1738,125,1863
2,94380,7260,0,0,60,60,1573,1352,363,1715
2,94380,12324,0,0,52,52,1815,512,2133,2645
2,94380,17820,0,0,60,60,1573,512,2673,3185
2,94380,18876,0,0,52,52,1815,14536,1089,15625
2,94380,32340,0,0,60,60,1573,8,1617,1625
2,94380,32340,0,0,60,60,1573,16000,3773,19773
2,94380,35100,0,0,52,52,1815,5566,675,6241
2,94380,43740,0,0,60,60,1573,88,2187,2275
2,94380,50820,0,0,60,60,1573,1350,847,2197
2,94380,79860,0,0,60,60,1573,294,1331,1625
2,94392,108,0,0,108,54,1748,12160,7,12167
2,94446,48114,0,0,54,54,1749,136,2673,2809
2,94499,53,0,0,53,53,1783,4374,1,4375
2,94500,60,0,0,60,60,1575,4374,1,4375
2,94500,60,0,0,60,60,1575,10368,7,10375
2,94500,60,0,0,60,60,1575,33614,1,33615
2,94500,420,0,0,60,60,1575,3200,49,3249
2,94500,13500,0,0,108,54,1750,4704,625,5329
2,94503,18921,0,0,51,51,1853,128,2597,2725
2,94536,10504,0,0,104,52,1818,7776,505,8281
2,94563,94563,0,0,114,57,1659,9664,4977,14641
2,94577,59,0,0,59,59,1603,4374,1,4375
2,94577,4779,0,0,59,59,1603,5000,243,5243
2,94605,51,0,0,51,51,1855,2592,5,2597
2,94605,51,0,0,51,51,1855,4374,1,4375
2,94605,53,0,0,53,53,1785,4374,1,4375
2,94605,357,0,0,51,51,1855,5618,7,5625
2,94605,18921,0,0,51,51,1855,6190,371,6561
2,94605,52479,0,0,51,51,1855,8,3087,3095
2,94605,72981,0,0,51,51,1855,40,4293,4333
2,94689,63,0,0,63,63,1503,4374,1,4375
2,94689,10521,0,0,126,63,1503,1548,167,1715
2,94714,58,0,0,58,58,1633,5750,1,5751
2,94714,1566,0,0,58,58,1633,5014,27,5041
2,94714,4118,0,0,116,58,1633,2116,71,2187
2,94714,6322,0,0,58,58,1633,3266,109,3375
2,94717,35721,0,0,49,49,1933,77320,2187,79507
2,94770,54,0,0,54,54,1755,4374,1,4375
2,94770,486,0,0,54,54,1755,3200,63,3263
2,94770,1890,0,0,54,54,1755,6526,35,6561
2,94770,3402,0,0,54,54,1755,2008,189,2197
2,94770,4914,0,0,54,54,1755,8192,1183,9375
2,94770,94770,0,0,54,54,1755,8032,8775,16807
2,94815,1323,0,0,49,49,1935,3698,27,3725
2,94815,2107,0,0,49,49,1935,15496,129,15625
2,94815,3969,0,0,49,49,1935,8192,1053,9245
2,94815,15925,0,0,49,49,1935,3698,325,4023
2,94815,65709,0,0,49,49,1935,1352,4023,5375
2,94815,90601,0,0,49,49,1935,338,1849,2187
2,94817,94817,0,0,53,53,1789,398,1789,2187
2,94855,18971,0,0,61,61,1555,6250,311,6561
2,94860,1860,0,0,120,60,1581,19652,31,19683
2,94875,55,0,0,55,55,1725,64000,9,64009
2,94875,55,0,0,55,55,1725,71874,1,71875
2,94875,1265,0,0,55,55,1725,19602,23,19625
2,94900,52,0,0,52,52,1825,4374,1,4375
2,94900,3796,0,0,52,52,1825,2450,73,2523
2,94900,4212,0,0,52,52,1825,42632,243,42875
2,94900,6500,0,0,52,52,1825,4704,625,5329
2,94900,17836,0,0,52,52,1825,1682,343,2025
2,94900,17836,0,0,52,52,1825,9344,2401,11745
2,95004,364,0,0,52,52,1827,27848,21,27869
2,95004,10556,0,0,116,58,1638,8192,1183,9375
2,95004,49972,0,0,52,52,1827,8,2883,2891
2,95046,62,0,0,62,62,1533,4374,1,4375
2,95046,5022,0,0,62,62,1533,42632,243,42875
2,95046,7750,0,0,62,62,1533,4704,625,5329
2,95100,60,0,0,60,60,1585,7290,1,7291
2,95150,550,0,0,50,50,1903,3114,11,3125
2,95150,8650,0,0,100,50,1903,2500,173,2673
2,95217,95217,0,0,51,51,1867,534,1867,2401
2,95285,59,0,0,59,59,1615,4374,1,4375
2,95285,59,0,0,118,59,1615,1700,1,1701
2,95285,295,0,0,118,59,1615,2052,5,2057
2,95285,413,0,0,59,59,1615,2048,77,2125
2,95285,413,0,0,59,59,1615,3200,49,3249
2,95285,413,0,0,59,59,1615,20570,7,20577
2,95285,649,0,0,59,59,1615,2250,11,2261
2,95285,1003,0,0,59,59,1615,11858,17,11875
2,95285,1003,0,0,59,59,1615,68590,17,68607
2,95285,1003,0,0,118,59,1615,10108,17,10125
2,95285,1121,0,0,59,59,1615,6050,19,6069
2,95285,1121,0,0,59,59,1615,15606,19,15625
2,95285,1121,0,0,59,59,1615,36992,133,37125
2,95285,1121,0,0,118,59,1615,4356,19,4375
2,95285,1121,0,0,118,59,1615,15876,19,15895
2,95285,1239,0,0,59,59,1615,2312,63,2375
2,95285,2891,0,0,59,59,1615,2250,49,2299
2,95285,5841,0,0,59,59,1615,2432,693,3125
2,95285,7847,0,0,59,59,1615,3200,931,4131
2,95285,8673,0,0,59,59,1615,2584,441,3025
2,95285,10325,0,0,59,59,1615,5984,875,6859
2,95285,12331,0,0,59,59,1615,1666,209,1875
2,95285,14337,0,0,59,59,1615,1672,729,2401
2,95285,14455,0,0,59,59,1615,2662,245,2907
2,95285,17051,0,0,59,59,1615,2432,2023,4455
2,95285,18585,0,0,59,59,1615,4598,315,4913
2,95285,20237,0,0,59,59,1615,1782,343,2125
2,95285,20237,0,0,59,59,1615,1152,2401,3553
2,95285,21299,0,0,59,59,1615,6144,3971,10115
2,95285,23895,0,0,59,59,1615,32,2025,2057
2,95285,25075,0,0,59,59,1615,2662,425,3087
2,95285,31801,0,0,59,59,1615,4374,539,4913
2,95285,35695,0,0,59,59,1615,224,3025,3249
2,95285,36875,0,0,59,59,1615,512,5625,6137
2,95285,39825,0,0,59,59,1615,2888,2025,4913
2,95285,40887,0,0,59,59,1615,640,4851,5491
2,95285,43011,0,0,59,59,1615,2450,729,3179
2,95285,78529,0,0,59,59,1615,6250,1331,7581
2,95285,78529,0,0,59,59,1615,11552,6655,18207
2,95285,78529,0,0,59,59,1615,19494,1331,20825
2,95285,81125,0,0,59,59,1615,1026,1375,2401
2,95285,81243,0,0,59,59,1615,2744,4131,6875
2,95285,86317,0,0,59,59,1615,384,10241,10625
2,95305,11907,0,0,49,49,1945,77800,729,78529
2,95305,19061,0,0,49,49,1945,6750,389,7139
2,95305,95305,0,0,49,49,1945,242,1945,2187
2,95310,7290,0,0,54,54,1765,9728,1215,10943
2,95316,2028,0,0,104,52,1833,3008,117,3125
2,95319,23625,0,0,63,63,1513,9826,375,10201
2,95368,15400,0,0,56,56,1703,1922,275,2197
2,95410,58,0,0,58,58,1645,4374,1,4375
2,95410,2726,0,0,58,58,1645,1952,235,2187
2,95410,14210,0,0,58,58,1645,1152,1715,2867
2,95410,32886,0,0,58,58,1645,32,2835,2867
2,95410,39150,0,0,58,58,1645,376,2025,2401
2,95410,42282,0,0,58,58,1645,24064,6561,30625
2,95418,1674,0,0,54,54,1767,2318,31,2349
2,95418,31806,0,0,108,54,1767,3132,589,3721
2,95445,23625,0,0,63,63,1515,3362,375,3737
2,95450,150,0,0,50,50,1909,2392,9,2401
2,95450,12150,0,0,50,50,1909,2158,243,2401
2,95450,59150,0,0,50,50,1909,1058,1183,2241
2,95475,4617,0,0,57,57,1675,8192,1053,9245
2,95475,31863,0,0,57,57,1675,1250,559,1809
2,95475,34371,0,0,57,57,1675,40,1809,1849
2,95480,56,0,0,56,56,1705,3750,1,3751
2,95480,504,0,0,56,56,1705,6250,9,6259
2,95480,616,0,0,112,56,1705,2500,11,2511
2,95580,17700,0,0,60,60,1593,7776,1475,9251
2,95580,50460,0,0,60,60,1593,6534,841,7375
2,95589,12483,0,0,57,57,1677,1978,219,2197
2,95628,37908,0,0,52,52,1839,2104,2187,4291
2,95634,1242,0,0,54,54,1771,23814,23,23837
2,95634,1386,0,0,126,63,1518,11776,99,11875
2,95648,784,0,0,112,56,1708,3200,49,3249
2,95664,48,0,0,48,48,1993,4374,1,4375
2,95664,336,0,0,48,48,1993,3200,49,3249
2,95697,49,0,0,49,49,1953,4374,1,4375
2,95697,147,0,0,49,49,1953,4802,3,4805
2,95697,245,0,0,49,49,1953,12152,15,12167
2,95697,343,0,0,49,49,1953,32798,7,32805
2,95697,441,0,0,98,49,1953,2116,9,2125
2,95697,833,0,0,49,49,1953,2170,17,2187
2,95697,833,0,0,49,49,1953,12150,17,12167
2,95697,1519,0,0,98,49,1953,19652,31,19683
2,95697,3969,0,0,49,49,1953,5750,81,5831
2,95697,6615,0,0,49,49,1953,3968,945,4913
2,95697,11907,0,0,49,49,1953,8750,243,8993
2,95697,13671,0,0,49,49,1953,1288,837,2125
2,95697,60025,0,0,49,49,1953,384,8575,8959
2,95697,60025,0,0,49,49,1953,28566,1225,29791
2,95697,64827,0,0,49,49,1953,32,6615,6647
2,95697,83349,0,0,49,49,1953,17000,5103,22103
2,95697,91875,0,0,49,49,1953,3038,1875,4913
2,95758,58,0,0,58,58,1651,6858,1,6859
2,95760,48,0,0,48,48,1995,4374,1,4375
2,95760,336,0,0,48,48,1995,3200,49,3249
2,95790,62,0,0,62,62,1545,1750,1,1751
2,95790,62,0,0,62,62,1545,4374,1,4375
2,95790,62,0,0,62,62,1545,59534,1,59535
2,95790,62,0,0,62,62,1545,65610,1,65611
2,95790,62,0,0,124,62,1545,1700,1,1701
2,95790,62,0,0,124,62,1545,31212,1,31213
2,95790,186,0,0,62,62,1545,2176,21,2197
2,95790,434,0,0,62,62,1545,3750,7,3757
2,95790,806,0,0,62,62,1545,8330,13,8343
2,95790,1550,0,0,62,62,1545,9248,125,9373
2,95790,5270,0,0,62,62,1545,4374,85,4459
2,95790,5642,0,0,62,62,1545,8192,1183,9375
2,95790,7254,0,0,62,62,1545,1400,351,1751
2,95790,10478,0,0,62,62,1545,1854,169,2023
2,95790,13702,0,0,62,62,1545,640,1547,2187
2,95790,21266,0,0,62,62,1545,1854,343,2197
2,95790,27342,0,0,62,62,1545,6656,3969,10625
2,95790,31434,0,0,62,62,1545,3296,2535,5831
2,95790,57474,0,0,62,62,1545,2744,2781,5525
2,95790,83018,0,0,62,62,1545,686,1339,2025
2,95790,85374,0,0,62,62,1545,338,1377,1715
2,95817,50787,0,0,57,57,1681,2048,9801,11849
2,95836,87412,0,0,52,52,1843,194,1681,1875
2,95865,55,0,0,55,55,1743,4374,1,4375
2,95865,55,0,0,55,55,1743,10368,7,10375
2,95865,55,0,0,55,55,1743,33614,1,33615
2,95865,13365,0,0,55,55,1743,34202,243,34445
2,95865,56595,0,0,55,55,1743,44672,7203,51875
2,95874,31958,0,0,116,58,1653,1324,551,1875
2,95928,56,0,0,56,56,1713,4374,1,4375
2,95931,57,0,0,57,57,1683,34374,1,34375
2,95931,2499,0,0,51,51,1881,2152,147,2299
2,95931,12393,0,0,51,51,1881,1672,729,2401
2,95931,13851,0,0,57,57,1683,5000,729,5729
2,95931,23085,0,0,57,57,1683,32,2025,2057
2,95931,86751,0,0,51,51,1881,8,5103,5111
2,95953,61,0,0,61,61,1573,4374,1,4375
2,95953,671,0,0,61,61,1573,1690,11,1701
2,95953,5551,0,0,61,61,1573,8192,1183,9375
2,95953,7381,0,0,61,61,1573,1352,363,1715
2,95953,18117,0,0,61,61,1573,512,2673,3185
2,95953,32879,0,0,61,61,1573,8,1617,1625
2,95953,32879,0,0,61,61,1573,16000,3773,19773
2,95953,44469,0,0,61,61,1573,88,2187,2275
2,95953,51667,0,0,61,61,1573,1350,847,2197
2,95953,81191,0,0,61,61,1573,294,1331,1625
2,96033,51,0,0,102,51,1883,4900,1,4901
2,96075,61,0,0,61,61,1575,4374,1,4375
2,96075,61,0,0,61,61,1575,10368,7,10375
2,96075,61,0,0,61,61,1575,33614,1,33615
2,96075,427,0,0,61,61,1575,3200,49,3249
2,96089,53,0,0,53,53,1813,4374,1,4375
2,96089,583,0,0,53,53,1813,9250,11,9261
2,96089,72557,0,0,53,53,1813,83006,1369,84375
2,96135,51,0,0,51,51,1885,4896,5,4901
2,96135,153,0,0,51,51,1885,6250,3,6253
2,96135,663,0,0,102,51,1885,3132,13,3145
2,96135,1989,0,0,51,51,1885,6728,117,6845
2,96135,2601,0,0,51,51,1885,2146,51,2197
2,96135,6885,0,0,51,51,1885,2738,135,2873
2,96135,42891,0,0,51,51,1885,8192,10933,19125
2,96135,47175,0,0,51,51,1885,288,4625,4913
2,96135,69819,0,0,51,51,1885,7250,1369,8619
2,96135,69819,0,0,51,51,1885,8704,12321,21025
2,96135,73593,0,0,51,51,1885,1682,1443,3125
2,96135,95625,0,0,51,51,1885,48778,1875,50653
2,96140,110,0,0,110,55,1748,12160,7,12167
2,96150,50,0,0,50,50,1923,4374,1,4375
2,96150,44550,0,0,50,50,1923,32,4455,4487
2,96180,60,0,0,60,60,1603,4374,1,4375
2,96180,4860,0,0,60,60,1603,5000,243,5243
2,96187,24843,0,0,49,49,1963,77312,4563,81875
2,96192,64,0,0,64,64,1503,4374,1,4375
2,96192,10688,0,0,128,64,1503,1548,167,1715
2,96195,53,0,0,53,53,1815,64000,9,64009
2,96195,53,0,0,53,53,1815,71874,1,71875
2,96195,583,0,0,53,53,1815,3634,11,3645
2,96195,6625,0,0,53,53,1815,1738,125,1863
2,96195,12561,0,0,53,53,1815,512,2133,2645
2,96195,19239,0,0,53,53,1815,14536,1089,15625
2,96195,35775,0,0,53,53,1815,5566,675,6241
2,96195,49005,0,0,55,55,1749,136,2673,2809
2,96222,96222,0,0,116,58,1659,9664,4977,14641
2,96250,13750,0,0,110,55,1750,4704,625,5329
2,96250,31250,0,0,50,50,1925,32,3125,3157
2,96250,43750,0,0,50,50,1925,1312,4375,5687
2,96282,54,0,0,54,54,1783,4374,1,4375
2,96285,49,0,0,49,49,1965,4374,1,4375
2,96285,16807,0,0,49,49,1965,128,2401,2529
2,96347,59,0,0,59,59,1633,5750,1,5751
2,96347,1593,0,0,59,59,1633,5014,27,5041
2,96347,4189,0,0,118,59,1633,2116,71,2187
2,96347,6431,0,0,59,59,1633,3266,109,3375
2,96354,10706,0,0,106,53,1818,7776,505,8281
2,96356,19292,0,0,52,52,1853,128,2597,2725
2,96390,54,0,0,54,54,1785,4374,1,4375
2,96410,19282,0,0,62,62,1555,6250,311,6561
2,96441,1891,0,0,122,61,1581,19652,31,19683
2,96460,52,0,0,52,52,1855,2592,5,2597
2,96460,52,0,0,52,52,1855,4374,1,4375
2,96460,364,0,0,52,52,1855,5618,7,5625
2,96460,19292,0,0,52,52,1855,6190,371,6561
2,96460,53508,0,0,52,52,1855,8,3087,3095
2,96460,74412,0,0,52,52,1855,40,4293,4333
2,96525,55,0,0,55,55,1755,4374,1,4375
2,96525,495,0,0,55,55,1755,3200,63,3263
2,96525,1925,0,0,55,55,1755,6526,35,6561
2,96525,3465,0,0,55,55,1755,2008,189,2197
2,96525,5005,0,0,55,55,1755,8192,1183,9375
2,96525,96525,0,0,55,55,1755,8032,8775,16807
2,96579,63,0,0,63,63,1533,4374,1,4375
2,96579,5103,0,0,63,63,1533,42632,243,42875
2,96579,7875,0,0,63,63,1533,4704,625,5329
2,96600,56,0,0,56,56,1725,64000,9,64009
2,96600,56,0,0,56,56,1725,71874,1,71875
2,96600,1288,0,0,56,56,1725,19602,23,19625
2,96606,96606,0,0,54,54,1789,398,1789,2187
2,96642,10738,0,0,118,59,1638,8192,1183,9375
2,96650,36450,0,0,50,50,1933,77320,2187,79507
2,96685,61,0,0,61,61,1585,7290,1,7291
2,96725,53,0,0,53,53,1825,4374,1,4375
2,96725,3869,0,0,53,53,1825,2450,73,2523
2,96725,4293,0,0,53,53,1825,42632,243,42875
2,96725,6625,0,0,53,53,1825,4704,625,5329
2,96725,18179,0,0,53,53,1825,1682,343,2025
2,96725,18179,0,0,53,53,1825,9344,2401,11745
2,96750,1350,0,0,50,50,1935,3698,27,3725
2,96750,2150,0,0,50,50,1935,15496,129,15625
2,96750,4050,0,0,50,50,1935,8192,1053,9245
2,96750,16250,0,0,50,50,1935,3698,325,4023
2,96750,67050,0,0,50,50,1935,1352,4023,5375
2,96750,92450,0,0,50,50,1935,338,1849,2187
2,96831,371,0,0,53,53,1827,27848,21,27869
2,96831,50933,0,0,53,53,1827,8,2883,2891
2,96832,24000,0,0,64,64,1513,9826,375,10201
2,96900,60,0,0,60,60,1615,4374,1,4375
2,96900,60,0,0,120,60,1615,1700,1,1701
2,96900,300,0,0,120,60,1615,2052,5,2057
2,96900,420,0,0,60,60,1615,2048,77,2125
2,96900,420,0,0,60,60,1615,3200,49,3249
2,96900,420,0,0,60,60,1615,20570,7,20577
2,96900,660,0,0,60,60,1615,2250,11,2261
2,96900,1020,0,0,60,60,1615,11858,17,11875
2,96900,1020,0,0,60,60,1615,68590,17,68607
2,96900,1020,0,0,120,60,1615,10108,17,10125
2,96900,1140,0,0,60,60,1615,6050,19,6069
2,96900,1140,0,0,60,60,1615,15606,19,15625
2,96900,1140,0,0,60,60,1615,36992,133,37125
2,96900,1140,0,0,120,60,1615,4356,19,4375
2,96900,1140,0,0,120,60,1615,15876,19,15895
2,96900,1260,0,0,60,60,1615,2312,63,2375
2,96900,2940,0,0,60,60,1615,2250,49,2299
2,96900,5940,0,0,60,60,1615,2432,693,3125
2,96900,7980,0,0,60,60,1615,3200,931,4131
2,96900,8820,0,0,60,60,1615,2584,441,3025
2,96900,10500,0,0,60,60,1615,5984,875,6859
2,96900,12540,0,0,60,60,1615,1666,209,1875
2,96900,14580,0,0,60,60,1615,1672,729,2401
2,96900,14700,0,0,60,60,1615,2662,245,2907
2,96900,17340,0,0,60,60,1615,2432,2023,4455
2,96900,18900,0,0,60,60,1615,4598,315,4913
2,96900,20580,0,0,60,60,1615,1782,343,2125
2,96900,20580,0,0,60,60,1615,1152,2401,3553
2,96900,21660,0,0,60,60,1615,6144,3971,10115
2,96900,24300,0,0,60,60,1615,32,2025,2057
2,96900,25500,0,0,60,60,1615,2662,425,3087
2,96900,32340,0,0,60,60,1615,4374,539,4913
2,96900,36300,0,0,60,60,1615,224,3025,3249
2,96900,37500,0,0,60,60,1615,512,5625,6137
2,96900,40500,0,0,60,60,1615,2888,2025,4913
2,96900,41580,0,0,60,60,1615,640,4851,5491
2,96900,43740,0,0,60,60,1615,2450,729,3179
2,96900,79860,0,0,60,60,1615,6250,1331,7581
2,96900,79860,0,0,60,60,1615,11552,6655,18207
2,96900,79860,0,0,60,60,1615,19494,1331,20825
2,96900,82500,0,0,60,60,1615,1026,1375,2401
2,96900,82620,0,0,60,60,1615,2744,4131,6875
2,96900,87780,0,0,60,60,1615,384,10241,10625
2,96960,24000,0,0,64,64,1515,3362,375,3737
2,97053,561,0,0,51,51,1903,3114,11,3125
2,97053,8823,0,0,102,51,1903,2500,173,2673
2,97055,59,0,0,59,59,1645,4374,1,4375
2,97055,2773,0,0,59,59,1645,1952,235,2187
2,97055,14455,0,0,59,59,1645,1152,1715,2867
2,97055,33453,0,0,59,59,1645,32,2835,2867
2,97055,39825,0,0,59,59,1645,376,2025,2401
2,97055,43011,0,0,59,59,1645,24064,6561,30625
2,97071,15675,0,0,57,57,1703,1922,275,2197
2,97075,7425,0,0,55,55,1765,9728,1215,10943
2,97084,97084,0,0,52,52,1867,534,1867,2401
2,97149,2067,0,0,106,53,1833,3008,117,3125
2,97150,4698,0,0,58,58,1675,8192,1053,9245
2,97150,32422,0,0,58,58,1675,1250,559,1809
2,97150,34974,0,0,58,58,1675,40,1809,1849
2,97152,1408,0,0,128,64,1518,11776,99,11875
2,97173,17995,0,0,61,61,1593,7776,1475,9251
2,97173,51301,0,0,61,61,1593,6534,841,7375
2,97185,57,0,0,57,57,1705,3750,1,3751
2,97185,513,0,0,57,57,1705,6250,9,6259
2,97185,627,0,0,114,57,1705,2500,11,2511
2,97185,1705,0,0,55,55,1767,2318,31,2349
2,97185,32395,0,0,110,55,1767,3132,589,3721
2,97250,12150,0,0,50,50,1945,77800,729,78529
2,97250,19450,0,0,50,50,1945,6750,389,7139
2,97250,97250,0,0,50,50,1945,242,1945,2187
2,97266,12702,0,0,58,58,1677,1978,219,2197
2,97335,63,0,0,63,63,1545,1750,1,1751
2,97335,63,0,0,63,63,1545,4374,1,4375
2,97335,63,0,0,63,63,1545,59534,1,59535
2,97335,63,0,0,63,63,1545,65610,1,65611
2,97335,63,0,0,126,63,1545,1700,1,1701
2,97335,63,0,0,126,63,1545,31212,1,31213
2,97335,189,0,0,63,63,1545,2176,21,2197
2,97335,441,0,0,63,63,1545,3750,7,3757
2,97335,819,0,0,63,63,1545,8330,13,8343
2,97335,1575,0,0,63,63,1545,9248,125,9373
2,97335,5355,0,0,63,63,1545,4374,85,4459
2,97335,5733,0,0,63,63,1545,8192,1183,9375
2,97335,7371,0,0,63,63,1545,1400,351,1751
2,97335,10647,0,0,63,63,1545,1854,169,2023
2,97335,13923,0,0,63,63,1545,640,1547,2187
2,97335,21609,0,0,63,63,1545,1854,343,2197
2,97335,27783,0,0,63,63,1545,6656,3969,10625
2,97335,31941,0,0,63,63,1545,3296,2535,5831
2,97335,58401,0,0,63,63,1545,2744,2781,5525
2,97335,84357,0,0,63,63,1545,686,1339,2025
2,97335,86751,0,0,63,63,1545,338,1377,1715
2,97356,798,0,0,114,57,1708,3200,49,3249
2,97359,153,0,0,51,51,1909,2392,9,2401
2,97359,12393,0,0,51,51,1909,2158,243,2401
2,97359,60333,0,0,51,51,1909,1058,1183,2241
2,97405,1265,0,0,55,55,1771,23814,23,23837
2,97409,59,0,0,59,59,1651,6858,1,6859
2,97467,38637,0,0,53,53,1839,2104,2187,4291
2,97498,51678,0,0,58,58,1681,2048,9801,11849
2,97526,62,0,0,62,62,1573,4374,1,4375
2,97526,682,0,0,62,62,1573,1690,11,1701
2,97526,5642,0,0,62,62,1573,8192,1183,9375
2,97526,7502,0,0,62,62,1573,1352,363,1715
2,97526,18414,0,0,62,62,1573,512,2673,3185
2,97526,33418,0,0,62,62,1573,8,1617,1625
2,97526,33418,0,0,62,62,1573,16000,3773,19773
2,97526,45198,0,0,62,62,1573,88,2187,2275
2,97526,52514,0,0,62,62,1573,1350,847,2197
2,97526,82522,0,0,62,62,1573,294,1331,1625
2,97527,32509,0,0,118,59,1653,1324,551,1875
2,97608,56,0,0,56,56,1743,4374,1,4375
2,97608,56,0,0,56,56,1743,10368,7,10375
2,97608,56,0,0,56,56,1743,33614,1,33615
2,97608,13608,0,0,56,56,1743,34202,243,34445
2,97608,57624,0,0,56,56,1743,44672,7203,51875
2,97614,58,0,0,58,58,1683,34374,1,34375
2,97614,14094,0,0,58,58,1683,5000,729,5729
2,97614,23490,0,0,58,58,1683,32,2025,2057
2,97641,57,0,0,57,57,1713,4374,1,4375
2,97650,50,0,0,50,50,1953,4374,1,4375
2,97650,62,0,0,62,62,1575,4374,1,4375
2,97650,62,0,0,62,62,1575,10368,7,10375
2,97650,62,0,0,62,62,1575,33614,1,33615
2,97650,150,0,0,50,50,1953,4802,3,4805
2,97650,250,0,0,50,50,1953,12152,15,12167
2,97650,350,0,0,50,50,1953,32798,7,32805
2,97650,434,0,0,62,62,1575,3200,49,3249
2,97650,450,0,0,100,50,1953,2116,9,2125
2,97650,850,0,0,50,50,1953,2170,17,2187
2,97650,850,0,0,50,50,1953,12150,17,12167
2,97650,1550,0,0,100,50,1953,19652,31,19683
2,97650,4050,0,0,50,50,1953,5750,81,5831
2,97650,6750,0,0,50,50,1953,3968,945,4913
2,97650,12150,0,0,50,50,1953,8750,243,8993
2,97650,13950,0,0,50,50,1953,1288,837,2125
2,97650,61250,0,0,50,50,1953,384,8575,8959
2,97650,61250,0,0,50,50,1953,28566,1225,29791
2,97650,66150,0,0,50,50,1953,32,6615,6647
2,97650,85050,0,0,50,50,1953,17000,5103,22103
2,97650,93750,0,0,50,50,1953,3038,1875,4913
2,97657,49,0,0,49,49,1993,4374,1,4375
2,97657,343,0,0,49,49,1993,3200,49,3249
2,97679,89093,0,0,53,53,1843,194,1681,1875
2,97695,65,0,0,65,65,1503,4374,1,4375
2,97695,10855,0,0,130,65,1503,1548,167,1715
2,97755,49,0,0,49,49,1995,4374,1,4375
2,97755,343,0,0,49,49,1995,3200,49,3249
2,97783,61,0,0,61,61,1603,4374,1,4375
2,97783,4941,0,0,61,61,1603,5000,243,5243
2,97812,2548,0,0,52,52,1881,2152,147,2299
2,97812,12636,0,0,52,52,1881,1672,729,2401
2,97812,88452,0,0,52,52,1881,8,5103,5111
2,97881,97881,0,0,118,59,1659,9664,4977,14641
2,97888,112,0,0,112,56,1748,12160,7,12167
2,97902,54,0,0,54,54,1813,4374,1,4375
2,97902,594,0,0,54,54,1813,9250,11,9261
2,97902,73926,0,0,54,54,1813,83006,1369,84375
2,97916,52,0,0,104,52,1883,4900,1,4901
2,97944,49896,0,0,56,56,1749,136,2673,2809
2,97965,19593,0,0,63,63,1555,6250,311,6561
2,97980,60,0,0,60,60,1633,5750,1,5751
2,97980,1620,0,0,60,60,1633,5014,27,5041
2,97980,4260,0,0,120,60,1633,2116,71,2187
2,97980,6540,0,0,60,60,1633,3266,109,3375
2,98000,14000,0,0,112,56,1750,4704,625,5329
2,98010,54,0,0,54,54,1815,64000,9,64009
2,98010,54,0,0,54,54,1815,71874,1,71875
2,98010,594,0,0,54,54,1815,3634,11,3645
2,98010,6750,0,0,54,54,1815,1738,125,1863
2,98010,12798,0,0,54,54,1815,512,2133,2645
2,98010,19602,0,0,54,54,1815,14536,1089,15625
2,98010,36450,0,0,54,54,1815,5566,675,6241
2,98020,52,0,0,52,52,1885,4896,5,4901
2,98020,156,0,0,52,52,1885,6250,3,6253
2,98020,676,0,0,104,52,1885,3132,13,3145
2,98020,2028,0,0,52,52,1885,6728,117,6845
2,98020,2652,0,0,52,52,1885,2146,51,2197
2,98020,7020,0,0,52,52,1885,2738,135,2873
2,98020,43732,0,0,52,52,1885,8192,10933,19125
2,98020,48100,0,0,52,52,1885,288,4625,4913
2,98020,71188,0,0,52,52,1885,7250,1369,8619
2,98020,71188,0,0,52,52,1885,8704,12321,21025
2,98020,75036,0,0,52,52,1885,1682,1443,3125
2,98020,97500,0,0,52,52,1885,48778,1875,50653
2,98022,1922,0,0,124,62,1581,19652,31,19683
2,98065,55,0,0,55,55,1783,4374,1,4375
2,98073,51,0,0,51,51,1923,4374,1,4375
2,98073,45441,0,0,51,51,1923,32,4455,4487
2,98112,64,0,0,64,64,1533,4374,1,4375
2,98112,5184,0,0,64,64,1533,42632,243,42875
2,98112,8000,0,0,64,64,1533,4704,625,5329
2,98150,25350,0,0,50,50,1963,77312,4563,81875
2,98172,10908,0,0,108,54,1818,7776,505,8281
2,98175,55,0,0,55,55,1785,4374,1,4375
2,98175,31875,0,0,51,51,1925,32,3125,3157
2,98175,44625,0,0,51,51,1925,1312,4375,5687
2,98209,19663,0,0,53,53,1853,128,2597,2725
2,98250,50,0,0,50,50,1965,4374,1,4375
2,98250,17150,0,0,50,50,1965,128,2401,2529
2,98270,62,0,0,62,62,1585,7290,1,7291
2,98280,56,0,0,56,56,1755,4374,1,4375
2,98280,504,0,0,56,56,1755,3200,63,3263
2,98280,1960,0,0,56,56,1755,6526,35,6561
2,98280,3528,0,0,56,56,1755,2008,189,2197
2,98280,5096,0,0,56,56,1755,8192,1183,9375
2,98280,10920,0,0,120,60,1638,8192,1183,9375
2,98280,98280,0,0,56,56,1755,8032,8775,16807
2,98315,53,0,0,53,53,1855,2592,5,2597
2,98315,53,0,0,53,53,1855,4374,1,4375
2,98315,371,0,0,53,53,1855,5618,7,5625
2,98315,19663,0,0,53,53,1855,6190,371,6561
2,98315,54537,0,0,53,53,1855,8,3087,3095
2,98315,75843,0,0,53,53,1855,40,4293,4333
2,98325,57,0,0,57,57,1725,64000,9,64009
2,98325,57,0,0,57,57,1725,71874,1,71875
2,98325,1311,0,0,57,57,1725,19602,23,19625
2,98345,24375,0,0,65,65,1513,9826,375,10201
2,98395,98395,0,0,55,55,1789,398,1789,2187
2,98475,24375,0,0,65,65,1515,3362,375,3737
2,98515,61,0,0,61,61,1615,4374,1,4375
2,98515,61,0,0,122,61,1615,1700,1,1701
2,98515,305,0,0,122,61,1615,2052,5,2057
2,98515,427,0,0,61,61,1615,2048,77,2125
2,98515,427,0,0,61,61,1615,3200,49,3249
2,98515,427,0,0,61,61,1615,20570,7,20577
2,98515,671,0,0,61,61,1615,2250,11,2261
2,98515,1037,0,0,61,61,1615,11858,17,11875
2,98515,1037,0,0,61,61,1615,68590,17,68607
2,98515,1037,0,0,122,61,1615,10108,17,10125
2,98515,1159,0,0,61,61,1615,6050,19,6069
2,98515,1159,0,0,61,61,1615,15606,19,15625
2,98515,1159,0,0,61,61,1615,36992,133,37125
2,98515,1159,0,0,122,61,1615,4356,19,4375
2,98515,1159,0,0,122,61,1615,15876,19,15895
2,98515,1281,0,0,61,61,1615,2312,63,2375
2,98515,2989,0,0,61,61,1615,2250,49,2299
2,98515,6039,0,0,61,61,1615,2432,693,3125
2,98515,8113,0,0,61,61,1615,3200,931,4131
2,98515,8967,0,0,61,61,1615,2584,441,3025
2,98515,10675,0,0,61,61,1615,5984,875,6859
2,98515,12749,0,0,61,61,1615,1666,209,1875
2,98515,14823,0,0,61,61,1615,1672,729,2401
2,98515,14945,0,0,61,61,1615,2662,245,2907
2,98515,17629,0,0,61,61,1615,2432,2023,4455
2,98515,19215,0,0,61,61,1615,4598,315,4913
2,98515,20923,0,0,61,61,1615,1782,343,2125
2,98515,20923,0,0,61,61,1615,1152,2401,3553
2,98515,22021,0,0,61,61,1615,6144,3971,10115
2,98515,24705,0,0,61,61,1615,32,2025,2057
2,98515,25925,0,0,61,61,1615,2662,425,3087
2,98515,32879,0,0,61,61,1615,4374,539,4913
2,98515,36905,0,0,61,61,1615,224,3025,3249
2,98515,38125,0,0,61,61,1615,512,5625,6137
2,98515,41175,0,0,61,61,1615,2888,2025,4913
2,98515,42273,0,0,61,61,1615,640,4851,5491
2,98515,44469,0,0,61,61,1615,2450,729,3179
2,98515,81191,0,0,61,61,1615,6250,1331,7581
2,98515,81191,0,0,61,61,1615,11552,6655,18207
2,98515,81191,0,0,61,61,1615,19494,1331,20825
2,98515,83875,0,0,61,61,1615,1026,1375,2401
2,98515,83997,0,0,61,61,1615,2744,4131,6875
2,98515,89243,0,0,61,61,1615,384,10241,10625
2,98550,54,0,0,54,54,1825,4374,1,4375
2,98550,3942,0,0,54,54,1825,2450,73,2523
2,98550,4374,0,0,54,54,1825,42632,243,42875
2,98550,6750,0,0,54,54,1825,4704,625,5329
2,98550,18522,0,0,54,54,1825,1682,343,2025
2,98550,18522,0,0,54,54,1825,9344,2401,11745
2,98583,37179,0,0,51,51,1933,77320,2187,79507
2,98658,378,0,0,54,54,1827,27848,21,27869
2,98658,51894,0,0,54,54,1827,8,2883,2891
2,98670,1430,0,0,130,65,1518,11776,99,11875
2,98685,1377,0,0,51,51,1935,3698,27,3725
2,98685,2193,0,0,51,51,1935,15496,129,15625
2,98685,4131,0,0,51,51,1935,8192,1053,9245
2,98685,16575,0,0,51,51,1935,3698,325,4023
2,98685,68391,0,0,51,51,1935,1352,4023,5375
2,98685,94299,0,0,51,51,1935,338,1849,2187
2,98700,60,0,0,60,60,1645,4374,1,4375
2,98700,2820,0,0,60,60,1645,1952,235,2187
2,98700,14700,0,0,60,60,1645,1152,1715,2867
2,98700,34020,0,0,60,60,1645,32,2835,2867
2,98700,40500,0,0,60,60,1645,376,2025,2401
2,98700,43740,0,0,60,60,1645,24064,6561,30625
2,98766,18290,0,0,62,62,1593,7776,1475,9251
2,98766,52142,0,0,62,62,1593,6534,841,7375
2,98774,15950,0,0,58,58,1703,1922,275,2197
2,98825,4779,0,0,59,59,1675,8192,1053,9245
2,98825,32981,0,0,59,59,1675,1250,559,1809
2,98825,35577,0,0,59,59,1675,40,1809,1849
2,98840,7560,0,0,56,56,1765,9728,1215,10943
2,98880,64,0,0,64,64,1545,1750,1,1751
2,98880,64,0,0,64,64,1545,4374,1,4375
2,98880,64,0,0,64,64,1545,59534,1,59535
2,98880,64,0,0,64,64,1545,65610,1,65611
2,98880,64,0,0,128,64,1545,1700,1,1701
2,98880,64,0,0,128,64,1545,31212,1,31213
2,98880,192,0,0,64,64,1545,2176,21,2197
2,98880,448,0,0,64,64,1545,3750,7,3757
2,98880,832,0,0,64,64,1545,8330,13,8343
2,98880,1600,0,0,64,64,1545,9248,125,9373
2,98880,5440,0,0,64,64,1545,4374,85,4459
2,98880,5824,0,0,64,64,1545,8192,1183,9375
2,98880,7488,0,0,64,64,1545,1400,351,1751
2,98880,10816,0,0,64,64,1545,1854,169,2023
2,98880,14144,0,0,64,64,1545,640,1547,2187
2,98880,21952,0,0,64,64,1545,1854,343,2197
2,98880,28224,0,0,64,64,1545,6656,3969,10625
2,98880,32448,0,0,64,64,1545,3296,2535,5831
2,98880,59328,0,0,64,64,1545,2744,2781,5525
2,98880,85696,0,0,64,64,1545,686,1339,2025
2,98880,88128,0,0,64,64,1545,338,1377,1715
2,98890,58,0,0,58,58,1705,3750,1,3751
2,98890,522,0,0,58,58,1705,6250,9,6259
2,98890,638,0,0,116,58,1705,2500,11,2511
2,98943,12921,0,0,59,59,1677,1978,219,2197
2,98951,98951,0,0,53,53,1867,534,1867,2401
2,98952,1736,0,0,56,56,1767,2318,31,2349
2,98952,32984,0,0,112,56,1767,3132,589,3721
2,98956,572,0,0,52,52,1903,3114,11,3125
2,98956,8996,0,0,104,52,1903,2500,173,2673
2,98982,2106,0,0,108,54,1833,3008,117,3125
2,99060,60,0,0,60,60,1651,6858,1,6859
2,99064,812,0,0,116,58,1708,3200,49,3249
2,99099,63,0,0,63,63,1573,4374,1,4375
2,99099,693,0,0,63,63,1573,1690,11,1701
2,99099,5733,0,0,63,63,1573,8192,1183,9375
2,99099,7623,0,0,63,63,1573,1352,363,1715
2,99099,18711,0,0,63,63,1573,512,2673,3185
2,99099,33957,0,0,63,63,1573,8,1617,1625
2,99099,33957,0,0,63,63,1573,16000,3773,19773
2,99099,45927,0,0,63,63,1573,88,2187,2275
2,99099,53361,0,0,63,63,1573,1350,847,2197
2,99099,83853,0,0,63,63,1573,294,1331,1625
2,99176,1288,0,0,56,56,1771,23814,23,23837
2,99179,52569,0,0,59,59,1681,2048,9801,11849
2,99180,33060,0,0,120,60,1653,1324,551,1875
2,99195,12393,0,0,51,51,1945,77800,729,78529
2,99195,19839,0,0,51,51,1945,6750,389,7139
2,99195,99195,0,0,51,51,1945,242,1945,2187
2,99198,66,0,0,66,66,1503,4374,1,4375
2,99198,11022,0,0,132,66,1503,1548,167,1715
2,99225,63,0,0,63,63,1575,4374,1,4375
2,99225,63,0,0,63,63,1575,10368,7,10375
2,99225,63,0,0,63,63,1575,33614,1,33615
2,99225,441,0,0,63,63,1575,3200,49,3249
2,99268,156,0,0,52,52,1909,2392,9,2401
2,99268,12636,0,0,52,52,1909,2158,243,2401
2,99268,61516,0,0,52,52,1909,1058,1183,2241
2,99297,59,0,0,59,59,1683,34374,1,34375
2,99297,14337,0,0,59,59,1683,5000,729,5729
2,99297,23895,0,0,59,59,1683,32,2025,2057
2,99306,39366,0,0,54,54,1839,2104,2187,4291
2,99351,57,0,0,57,57,1743,4374,1,4375
2,99351,57,0,0,57,57,1743,10368,7,10375
2,99351,57,0,0,57,57,1743,33614,1,33615
2,99351,13851,0,0,57,57,1743,34202,243,34445
2,99351,58653,0,0,57,57,1743,44672,7203,51875
2,99354,58,0,0,58,58,1713,4374,1,4375
2,99386,62,0,0,62,62,1603,4374,1,4375
2,99386,5022,0,0,62,62,1603,5000,243,5243
2,99520,19904,0,0,64,64,1555,6250,311,6561
2,99522,90774,0,0,54,54,1843,194,1681,1875
2,99540,99540,0,0,120,60,1659,9664,4977,14641
2,99603,51,0,0,51,51,1953,4374,1,4375
2,99603,153,0,0,51,51,1953,4802,3,4805
2,99603,255,0,0,51,51,1953,12152,15,12167
2,99603,357,0,0,51,51,1953,32798,7,32805
2,99603,459,0,0,102,51,1953,2116,9,2125
2,99603,867,0,0,51,51,1953,2170,17,2187
2,99603,867,0,0,51,51,1953,12150,17,12167
2,99603,1581,0,0,102,51,1953,19652,31,19683
2,99603,1953,0,0,126,63,1581,19652,31,19683
2,99603,4131,0,0,51,51,1953,5750,81,5831
2,99603,6885,0,0,51,51,1953,3968,945,4913
2,99603,12393,0,0,51,51,1953,8750,243,8993
2,99603,14229,0,0,51,51,1953,1288,837,2125
2,99603,62475,0,0,51,51,1953,384,8575,8959
2,99603,62475,0,0,51,51,1953,28566,1225,29791
2,99603,67473,0,0,51,51,1953,32,6615,6647
2,99603,86751,0,0,51,51,1953,17000,5103,22103
2,99603,95625,0,0,51,51,1953,3038,1875,4913
2,99613,61,0,0,61,61,1633,5750,1,5751
2,99613,1647,0,0,61,61,1633,5014,27,5041
2,99613,4331,0,0,122,61,1633,2116,71,2187
2,99613,6649,0,0,61,61,1633,3266,109,3375
2,99636,114,0,0,114,57,1748,12160,7,12167
2,99645,65,0,0,65,65,1533,4374,1,4375
2,99645,5265,0,0,65,65,1533,42632,243,42875
2,99645,8125,0,0,65,65,1533,4704,625,5329
2,99650,50,0,0,50,50,1993,4374,1,4375
2,99650,350,0,0,50,50,1993,3200,49,3249
2,99693,2597,0,0,53,53,1881,2152,147,2299
2,99693,12879,0,0,53,53,1881,1672,729,2401
2,99693,50787,0,0,57,57,1749,136,2673,2809
2,99693,90153,0,0,53,53,1881,8,5103,5111
2,99715,55,0,0,55,55,1813,4374,1,4375
2,99715,605,0,0,55,55,1813,9250,11,9261
2,99715,75295,0,0,55,55,1813,83006,1369,84375
2,99750,50,0,0,50,50,1995,4374,1,4375
2,99750,350,0,0,50,50,1995,3200,49,3249
2,99750,14250,0,0,114,57,1750,4704,625,5329
2,99799,53,0,0,106,53,1883,4900,1,4901
2,99825,55,0,0,55,55,1815,64000,9,64009
2,99825,55,0,0,55,55,1815,71874,1,71875
2,99825,605,0,0,55,55,1815,3634,11,3645
2,99825,6875,0,0,55,55,1815,1738,125,1863
2,99825,13035,0,0,55,55,1815,512,2133,2645
2,99825,19965,0,0,55,55,1815,14536,1089,15625
2,99825,37125,0,0,55,55,1815,5566,675,6241
2,99848,56,0,0,56,56,1783,4374,1,4375
2,99855,63,0,0,63,63,1585,7290,1,7291
2,99858,24750,0,0,66,66,1513,9826,375,10201
2,99905,53,0,0,53,53,1885,4896,5,4901
2,99905,159,0,0,53,53,1885,6250,3,6253
2,99905,689,0,0,106,53,1885,3132,13,3145
2,99905,2067,0,0,53,53,1885,6728,117,6845
2,99905,2703,0,0,53,53,1885,2146,51,2197
2,99905,7155,0,0,53,53,1885,2738,135,2873
2,99905,44573,0,0,53,53,1885,8192,10933,19125
2,99905,49025,0,0,53,53,1885,288,4625,4913
2,99905,72557,0,0,53,53,1885,7250,1369,8619
2,99905,72557,0,0,53,53,1885,8704,12321,21025
2,99905,76479,0,0,53,53,1885,1682,1443,3125
2,99905,99375,0,0,53,53,1885,48778,1875,50653
2,99918,11102,0,0,122,61,1638,8192,1183,9375
2,99960,56,0,0,56,56,1785,4374,1,4375
2,99990,11110,0,0,110,55,1818,7776,505,8281
2,99990,24750,0,0,66,66,1515,3362,375,3737
2,99996,52,0,0,52,52,1923,4374,1,4375
2,99996,46332,0,0,52,52,1923,32,4455,4487
2,100035,57,0,0,57,57,1755,4374,1,4375
2,100035,513,0,0,57,57,1755,3200,63,3263
2,100035,1995,0,0,57,57,1755,6526,35,6561
2,100035,3591,0,0,57,57,1755,2008,189,2197
2,100035,5187,0,0,57,57,1755,8192,1183,9375
2,100035,100035,0,0,57,57,1755,8032,8775,16807
2,100050,58,0,0,58,58,1725,64000,9,64009
2,100050,58,0,0,58,58,1725,71874,1,71875
2,100050,1334,0,0,58,58,1725,19602,23,19625
2,100062,20034,0,0,54,54,1853,128,2597,2725
2,100100,32500,0,0,52,52,1925,32,3125,3157
2,100100,45500,0,0,52,52,1925,1312,4375,5687
2,100113,25857,0,0,51,51,1963,77312,4563,81875
2,100130,62,0,0,62,62,1615,4374,1,4375
2,100130,62,0,0,124,62,1615,1700,1,1701
2,100130,310,0,0,124,62,1615,2052,5,2057
2,100130,434,0,0,62,62,1615,2048,77,2125
2,100130,434,0,0,62,62,1615,3200,49,3249
2,100130,434,0,0,62,62,1615,20570,7,20577
2,100130,682,0,0,62,62,1615,2250,11,2261
2,100130,1054,0,0,62,62,1615,11858,17,11875
2,100130,1054,0,0,62,62,1615,68590,17,68607
2,100130,1054,0,0,124,62,1615,10108,17,10125
2,100130,1178,0,0,62,62,1615,6050,19,6069
2,100130,1178,0,0,62,62,1615,15606,19,15625
2,100130,1178,0,0,62,62,1615,36992,133,37125
2,100130,1178,0,0,124,62,1615,4356,19,4375
2,100130,1178,0,0,124,62,1615,15876,19,15895
2,100130,1302,0,0,62,62,1615,2312,63,2375
2,100130,3038,0,0,62,62,1615,2250,49,2299
2,100130,6138,0,0,62,62,1615,2432,693,3125
2,100130,8246,0,0,62,62,1615,3200,931,4131
2,100130,9114,0,0,62,62,1615,2584,441,3025
2,100130,10850,0,0,62,62,1615,5984,875,6859
2,100130,12958,0,0,62,62,1615,1666,209,1875
2,100130,15066,0,0,62,62,1615,1672,729,2401
2,100130,15190,0,0,62,62,1615,2662,245,2907
2,100130,17918,0,0,62,62,1615,2432,2023,4455
2,100130,19530,0,0,62,62,1615,4598,315,4913
2,100130,21266,0,0,62,62,1615,1782,343,2125
2,100130,21266,0,0,62,62,1615,1152,2401,3553
2,100130,22382,0,0,62,62,1615,6144,3971,10115
2,100130,25110,0,0,62,62,1615,32,2025,2057
2,100130,26350,0,0,62,62,1615,2662,425,3087
2,100130,33418,0,0,62,62,1615,4374,539,4913
2,100130,37510,0,0,62,62,1615,224,3025,3249
2,100130,38750,0,0,62,62,1615,512,5625,6137
2,100130,41850,0,0,62,62,1615,2888,2025,4913
2,100130,42966,0,0,62,62,1615,640,4851,5491
2,100130,45198,0,0,62,62,1615,2450,729,3179
2,100130,82522,0,0,62,62,1615,6250,1331,7581
2,100130,82522,0,0,62,62,1615,11552,6655,18207
2,100130,82522,0,0,62,62,1615,19494,1331,20825
2,100130,85250,0,0,62,62,1615,1026,1375,2401
2,100130,85374,0,0,62,62,1615,2744,4131,6875
2,100130,90706,0,0,62,62,1615,384,10241,10625
2,100170,54,0,0,54,54,1855,2592,5,2597
2,100170,54,0,0,54,54,1855,4374,1,4375
2,100170,378,0,0,54,54,1855,5618,7,5625
2,100170,20034,0,0,54,54,1855,6190,371,6561
2,100170,55566,0,0,54,54,1855,8,3087,3095
2,100170,77274,0,0,54,54,1855,40,4293,4333
2,100184,100184,0,0,56,56,1789,398,1789,2187
2,100188,1452,0,0,132,66,1518,11776,99,11875
2,100215,51,0,0,51,51,1965,4374,1,4375
2,100215,17493,0,0,51,51,1965,128,2401,2529
2,100345,61,0,0,61,61,1645,4374,1,4375
2,100345,2867,0,0,61,61,1645,1952,235,2187
2,100345,14945,0,0,61,61,1645,1152,1715,2867
2,100345,34587,0,0,61,61,1645,32,2835,2867
2,100345,41175,0,0,61,61,1645,376,2025,2401
2,100345,44469,0,0,61,61,1645,24064,6561,30625
2,100359,18585,0,0,63,63,1593,7776,1475,9251
2,100359,52983,0,0,63,63,1593,6534,841,7375
2,100375,55,0,0,55,55,1825,4374,1,4375
2,100375,4015,0,0,55,55,1825,2450,73,2523
2,100375,4455,0,0,55,55,1825,42632,243,42875
2,100375,6875,0,0,55,55,1825,4704,625,5329
2,100375,18865,0,0,55,55,1825,1682,343,2025
2,100375,18865,0,0,55,55,1825,9344,2401,11745
2,100425,65,0,0,65,65,1545,1750,1,1751
2,100425,65,0,0,65,65,1545,4374,1,4375
2,100425,65,0,0,65,65,1545,59534,1,59535
2,100425,65,0,0,65,65,1545,65610,1,65611
2,100425,65,0,0,130,65,1545,1700,1,1701
2,100425,65,0,0,130,65,1545,31212,1,31213
2,100425,195,0,0,65,65,1545,2176,21,2197
2,100425,455,0,0,65,65,1545,3750,7,3757
2,100425,845,0,0,65,65,1545,8330,13,8343
2,100425,1625,0,0,65,65,1545,9248,125,9373
2,100425,5525,0,0,65,65,1545,4374,85,4459
2,100425,5915,0,0,65,65,1545,8192,1183,9375
2,100425,7605,0,0,65,65,1545,1400,351,1751
2,100425,10985,0,0,65,65,1545,1854,169,2023
2,100425,14365,0,0,65,65,1545,640,1547,2187
2,100425,22295,0,0,65,65,1545,1854,343,2197
2,100425,28665,0,0,65,65,1545,6656,3969,10625
2,100425,32955,0,0,65,65,1545,3296,2535,5831
2,100425,60255,0,0,65,65,1545,2744,2781,5525
2,100425,87035,0,0,65,65,1545,686,1339,2025
2,100425,89505,0,0,65,65,1545,338,1377,1715
2,100477,16225,0,0,59,59,1703,1922,275,2197
2,100485,385,0,0,55,55,1827,27848,21,27869
2,100485,52855,0,0,55,55,1827,8,2883,2891
2,100500,4860,0,0,60,60,1675,8192,1053,9245
2,100500,33540,0,0,60,60,1675,1250,559,1809
2,100500,36180,0,0,60,60,1675,40,1809,1849
2,100516,37908,0,0,52,52,1933,77320,2187,79507
2,100595,59,0,0,59,59,1705,3750,1,3751
2,100595,531,0,0,59,59,1705,6250,9,6259
2,100595,649,0,0,118,59,1705,2500,11,2511
2,100605,7695,0,0,57,57,1765,9728,1215,10943
2,100620,1404,0,0,52,52,1935,3698,27,3725
2,100620,2236,0,0,52,52,1935,15496,129,15625
2,100620,4212,0,0,52,52,1935,8192,1053,9245
2,100620,13140,0,0,60,60,1677,1978,219,2197
2,100620,16900,0,0,52,52,1935,3698,325,4023
2,100620,69732,0,0,52,52,1935,1352,4023,5375
2,100620,96148,0,0,52,52,1935,338,1849,2187
2,100672,64,0,0,64,64,1573,4374,1,4375
2,100672,704,0,0,64,64,1573,1690,11,1701
2,100672,5824,0,0,64,64,1573,8192,1183,9375
2,100672,7744,0,0,64,64,1573,1352,363,1715
2,100672,19008,0,0,64,64,1573,512,2673,3185
2,100672,34496,0,0,64,64,1573,8,1617,1625
2,100672,34496,0,0,64,64,1573,16000,3773,19773
2,100672,46656,0,0,64,64,1573,88,2187,2275
2,100672,54208,0,0,64,64,1573,1350,847,2197
2,100672,85184,0,0,64,64,1573,294,1331,1625
2,100701,67,0,0,67,67,1503,4374,1,4375
2,100701,11189,0,0,134,67,1503,1548,167,1715
2,100711,61,0,0,61,61,1651,6858,1,6859
2,100719,1767,0,0,57,57,1767,2318,31,2349
2,100719,33573,0,0,114,57,1767,3132,589,3721
2,100772,826,0,0,118,59,1708,3200,49,3249
2,100800,64,0,0,64,64,1575,4374,1,4375
2,100800,64,0,0,64,64,1575,10368,7,10375
2,100800,64,0,0,64,64,1575,33614,1,33615
2,100800,448,0,0,64,64,1575,3200,49,3249
2,100815,2145,0,0,110,55,1833,3008,117,3125
2,100818,100818,0,0,54,54,1867,534,1867,2401
2,100833,33611,0,0,122,61,1653,1324,551,1875
2,100859,583,0,0,53,53,1903,3114,11,3125
2,100859,9169,0,0,106,53,1903,2500,173,2673
2,100860,53460,0,0,60,60,1681,2048,9801,11849
2,100947,1311,0,0,57,57,1771,23814,23,23837
2,100980,60,0,0,60,60,1683,34374,1,34375
2,100980,14580,0,0,60,60,1683,5000,729,5729
2,100980,24300,0,0,60,60,1683,32,2025,2057
2,100989,63,0,0,63,63,1603,4374,1,4375
2,100989,5103,0,0,63,63,1603,5000,243,5243
2,101067,59,0,0,59,59,1713,4374,1,4375
2,101075,20215,0,0,65,65,1555,6250,311,6561
2,101094,58,0,0,58,58,1743,4374,1,4375
2,101094,58,0,0,58,58,1743,10368,7,10375
2,101094,58,0,0,58,58,1743,33614,1,33615
2,101094,14094,0,0,58,58,1743,34202,243,34445
2,101094,59682,0,0,58,58,1743,44672,7203,51875
2,101140,12636,0,0,52,52,1945,77800,729,78529
2,101140,20228,0,0,52,52,1945,6750,389,7139
2,101140,101140,0,0,52,52,1945,242,1945,2187
2,101145,40095,0,0,55,55,1839,2104,2187,4291
2,101177,159,0,0,53,53,1909,2392,9,2401
2,101177,12879,0,0,53,53,1909,2158,243,2401
2,101177,62699,0,0,53,53,1909,1058,1183,2241
2,101178,66,0,0,66,66,1533,4374,1,4375
2,101178,5346,0,0,66,66,1533,42632,243,42875
2,101178,8250,0,0,66,66,1533,4704,625,5329
2,101184,1984,0,0,128,64,1581,19652,31,19683
2,101199,101199,0,0,122,61,1659,9664,4977,14641
2,101246,62,0,0,62,62,1633,5750,1,5751
2,101246,1674,0,0,62,62,1633,5014,27,5041
2,101246,4402,0,0,124,62,1633,2116,71,2187
2,101246,6758,0,0,62,62,1633,3266,109,3375
2,101365,92455,0,0,55,55,1843,194,1681,1875
2,101371,25125,0,0,67,67,1513,9826,375,10201
2,101384,116,0,0,116,58,1748,12160,7,12167
2,101440,64,0,0,64,64,1585,7290,1,7291
2,101442,51678,0,0,58,58,1749,136,2673,2809
2,101500,14500,0,0,116,58,1750,4704,625,5329
2,101505,25125,0,0,67,67,1515,3362,375,3737
2,101528,56,0,0,56,56,1813,4374,1,4375
2,101528,616,0,0,56,56,1813,9250,11,9261
2,101528,76664,0,0,56,56,1813,83006,1369,84375
2,101556,52,0,0,52,52,1953,4374,1,4375
2,101556,156,0,0,52,52,1953,4802,3,4805
2,101556,260,0,0,52,52,1953,12152,15,12167
2,101556,364,0,0,52,52,1953,32798,7,32805
2,101556,468,0,0,104,52,1953,2116,9,2125
2,101556,884,0,0,52,52,1953,2170,17,2187
2,101556,884,0,0,52,52,1953,12150,17,12167
2,101556,1612,0,0,104,52,1953,19652,31,19683
2,101556,4212,0,0,52,52,1953,5750,81,5831
2,101556,7020,0,0,52,52,1953,3968,945,4913
2,101556,11284,0,0,124,62,1638,8192,1183,9375
2,101556,12636,0,0,52,52,1953,8750,243,8993
2,101556,14508,0,0,52,52,1953,1288,837,2125
2,101556,63700,0,0,52,52,1953,384,8575,8959
2,101556,63700,0,0,52,52,1953,28566,1225,29791
2,101556,68796,0,0,52,52,1953,32,6615,6647
2,101556,88452,0,0,52,52,1953,17000,5103,22103
2,101556,97500,0,0,52,52,1953,3038,1875,4913
2,101574,2646,0,0,54,54,1881,2152,147,2299
2,101574,13122,0,0,54,54,1881,1672,729,2401
2,101574,91854,0,0,54,54,1881,8,5103,5111
2,101631,57,0,0,57,57,1783,4374,1,4375
2,101640,56,0,0,56,56,1815,64000,9,64009
2,101640,56,0,0,56,56,1815,71874,1,71875
2,101640,616,0,0,56,56,1815,3634,11,3645
2,101640,7000,0,0,56,56,1815,1738,125,1863
2,101640,13272,0,0,56,56,1815,512,2133,2645
2,101640,20328,0,0,56,56,1815,14536,1089,15625
2,101640,37800,0,0,56,56,1815,5566,675,6241
2,101643,51,0,0,51,51,1993,4374,1,4375
2,101643,357,0,0,51,51,1993,3200,49,3249
2,101682,54,0,0,108,54,1883,4900,1,4901
2,101706,1474,0,0,134,67,1518,11776,99,11875
2,101745,51,0,0,51,51,1995,4374,1,4375
2,101745,57,0,0,57,57,1785,4374,1,4375
2,101745,63,0,0,63,63,1615,4374,1,4375
2,101745,63,0,0,126,63,1615,1700,1,1701
2,101745,315,0,0,126,63,1615,2052,5,2057
2,101745,357,0,0,51,51,1995,3200,49,3249
2,101745,441,0,0,63,63,1615,2048,77,2125
2,101745,441,0,0,63,63,1615,3200,49,3249
2,101745,441,0,0,63,63,1615,20570,7,20577
2,101745,693,0,0,63,63,1615,2250,11,2261
2,101745,1071,0,0,63,63,1615,11858,17,11875
2,101745,1071,0,0,63,63,1615,68590,17,68607
2,101745,1071,0,0,126,63,1615,10108,17,10125
2,101745,1197,0,0,63,63,1615,6050,19,6069
2,101745,1197,0,0,63,63,1615,15606,19,15625
2,101745,1197,0,0,63,63,1615,36992,133,37125
2,101745,1197,0,0,126,63,1615,4356,19,4375
2,101745,1197,0,0,126,63,1615,15876,19,15895
2,101745,1323,0,0,63,63,1615,2312,63,2375
2,101745,3087,0,0,63,63,1615,2250,49,2299
2,101745,6237,0,0,63,63,1615,2432,693,3125
2,101745,8379,0,0,63,63,1615,3200,931,4131
2,101745,9261,0,0,63,63,1615,2584,441,3025
2,101745,11025,0,0,63,63,1615,5984,875,6859
2,101745,13167,0,0,63,63,1615,1666,209,1875
2,101745,15309,0,0,63,63,1615,1672,729,2401
2,101745,15435,0,0,63,63,1615,2662,245,2907
2,101745,18207,0,0,63,63,1615,2432,2023,4455
2,101745,19845,0,0,63,63,1615,4598,315,4913
2,101745,21609,0,0,63,63,1615,1782,343,2125
2,101745,21609,0,0,63,63,1615,1152,2401,3553
2,101745,22743,0,0,63,63,1615,6144,3971,10115
2,101745,25515,0,0,63,63,1615,32,2025,2057
2,101745,26775,0,0,63,63,1615,2662,425,3087
2,101745,33957,0,0,63,63,1615,4374,539,4913
2,101745,38115,0,0,63,63,1615,224,3025,3249
2,101745,39375,0,0,63,63,1615,512,5625,6137
2,101745,42525,0,0,63,63,1615,2888,2025,4913
2,101745,43659,0,0,63,63,1615,640,4851,5491
2,101745,45927,0,0,63,63,1615,2450,729,3179
2,101745,83853,0,0,63,63,1615,6250,1331,7581
2,101745,83853,0,0,63,63,1615,11552,6655,18207
2,101745,83853,0,0,63,63,1615,19494,1331,20825
2,101745,86625,0,0,63,63,1615,1026,1375,2401
2,101745,86751,0,0,63,63,1615,2744,4131,6875
2,101745,92169,0,0,63,63,1615,384,10241,10625
2,101775,59,0,0,59,59,1725,64000,9,64009
2,101775,59,0,0,59,59,1725,71874,1,71875
2,101775,1357,0,0,59,59,1725,19602,23,19625
2,101790,54,0,0,54,54,1885,4896,5,4901
2,101790,58,0,0,58,58,1755,4374,1,4375
2,101790,162,0,0,54,54,1885,6250,3,6253
2,101790,522,0,0,58,58,1755,3200,63,3263
2,101790,702,0,0,108,54,1885,3132,13,3145
2,101790,2030,0,0,58,58,1755,6526,35,6561
2,101790,2106,0,0,54,54,1885,6728,117,6845
2,101790,2754,0,0,54,54,1885,2146,51,2197
2,101790,3654,0,0,58,58,1755,2008,189,2197
2,101790,5278,0,0,58,58,1755,8192,1183,9375
2,101790,7290,0,0,54,54,1885,2738,135,2873
2,101790,45414,0,0,54,54,1885,8192,10933,19125
2,101790,49950,0,0,54,54,1885,288,4625,4913
2,101790,73926,0,0,54,54,1885,7250,1369,8619
2,101790,73926,0,0,54,54,1885,8704,12321,21025
2,101790,77922,0,0,54,54,1885,1682,1443,3125
2,101790,101250,0,0,54,54,1885,48778,1875,50653
2,101790,101790,0,0,58,58,1755,8032,8775,16807
2,101808,11312,0,0,112,56,1818,7776,505,8281
2,101915,20405,0,0,55,55,1853,128,2597,2725
2,101919,53,0,0,53,53,1923,4374,1,4375
2,101919,47223,0,0,53,53,1923,32,4455,4487
2,101952,18880,0,0,64,64,1593,7776,1475,9251
2,101952,53824,0,0,64,64,1593,6534,841,7375
2,101970,66,0,0,66,66,1545,1750,1,1751
2,101970,66,0,0,66,66,1545,4374,1,4375
2,101970,66,0,0,66,66,1545,59534,1,59535
2,101970,66,0,0,66,66,1545,65610,1,65611
2,101970,66,0,0,132,66,1545,1700,1,1701
2,101970,66,0,0,132,66,1545,31212,1,31213
2,101970,198,0,0,66,66,1545,2176,21,2197
2,101970,462,0,0,66,66,1545,3750,7,3757
2,101970,858,0,0,66,66,1545,8330,13,8343
2,101970,1650,0,0,66,66,1545,9248,125,9373
2,101970,5610,0,0,66,66,1545,4374,85,4459
2,101970,6006,0,0,66,66,1545,8192,1183,9375
2,101970,7722,0,0,66,66,1545,1400,351,1751
2,101970,11154,0,0,66,66,1545,1854,169,2023
2,101970,14586,0,0,66,66,1545,640,1547,2187
2,101970,22638,0,0,66,66,1545,1854,343,2197
2,101970,29106,0,0,66,66,1545,6656,3969,10625
2,101970,33462,0,0,66,66,1545,3296,2535,5831
2,101970,61182,0,0,66,66,1545,2744,2781,5525
2,101970,88374,0,0,66,66,1545,686,1339,2025
2,101970,90882,0,0,66,66,1545,338,1377,1715
2,101973,101973,0,0,57,57,1789,398,1789,2187
2,101990,62,0,0,62,62,1645,4374,1,4375
2,101990,2914,0,0,62,62,1645,1952,235,2187
2,101990,15190,0,0,62,62,1645,1152,1715,2867
2,101990,35154,0,0,62,62,1645,32,2835,2867
2,101990,41850,0,0,62,62,1645,376,2025,2401
2,101990,45198,0,0,62,62,1645,24064,6561,30625
2,102025,55,0,0,55,55,1855,2592,5,2597
2,102025,55,0,0,55,55,1855,4374,1,4375
2,102025,385,0,0,55,55,1855,5618,7,5625
2,102025,20405,0,0,55,55,1855,6190,371,6561
2,102025,33125,0,0,53,53,1925,32,3125,3157
2,102025,46375,0,0,53,53,1925,1312,4375,5687
2,102025,56595,0,0,55,55,1855,8,3087,3095
2,102025,78705,0,0,55,55,1855,40,4293,4333
2,102076,26364,0,0,52,52,1963,77312,4563,81875
2,102175,4941,0,0,61,61,1675,8192,1053,9245
2,102175,34099,0,0,61,61,1675,1250,559,1809
2,102175,36783,0,0,61,61,1675,40,1809,1849
2,102180,52,0,0,52,52,1965,4374,1,4375
2,102180,16500,0,0,60,60,1703,1922,275,2197
2,102180,17836,0,0,52,52,1965,128,2401,2529
2,102200,56,0,0,56,56,1825,4374,1,4375
2,102200,4088,0,0,56,56,1825,2450,73,2523
2,102200,4536,0,0,56,56,1825,42632,243,42875
2,102200,7000,0,0,56,56,1825,4704,625,5329
2,102200,19208,0,0,56,56,1825,1682,343,2025
2,102200,19208,0,0,56,56,1825,9344,2401,11745
2,102204,68,0,0,68,68,1503,4374,1,4375
2,102204,11356,0,0,136,68,1503,1548,167,1715
2,102245,65,0,0,65,65,1573,4374,1,4375
2,102245,715,0,0,65,65,1573,1690,11,1701
2,102245,5915,0,0,65,65,1573,8192,1183,9375
2,102245,7865,0,0,65,65,1573,1352,363,1715
2,102245,19305,0,0,65,65,1573,512,2673,3185
2,102245,35035,0,0,65,65,1573,8,1617,1625
2,102245,35035,0,0,65,65,1573,16000,3773,19773
2,102245,47385,0,0,65,65,1573,88,2187,2275
2,102245,55055,0,0,65,65,1573,1350,847,2197
2,102245,86515,0,0,65,65,1573,294,1331,1625
2,102297,13359,0,0,61,61,1677,1978,219,2197
2,102300,60,0,0,60,60,1705,3750,1,3751
2,102300,540,0,0,60,60,1705,6250,9,6259
2,102300,660,0,0,120,60,1705,2500,11,2511
2,102312,392,0,0,56,56,1827,27848,21,27869
2,102312,53816,0,0,56,56,1827,8,2883,2891
2,102362,62,0,0,62,62,1651,6858,1,6859
2,102370,7830,0,0,58,58,1765,9728,1215,10943
2,102375,65,0,0,65,65,1575,4374,1,4375
2,102375,65,0,0,65,65,1575,10368,7,10375
2,102375,65,0,0,65,65,1575,33614,1,33615
2,102375,455,0,0,65,65,1575,3200,49,3249
2,102449,38637,0,0,53,53,1933,77320,2187,79507
2,102480,840,0,0,120,60,1708,3200,49,3249
2,102486,1798,0,0,58,58,1767,2318,31,2349
2,102486,34162,0,0,116,58,1767,3132,589,3721
2,102486,34162,0,0,124,62,1653,1324,551,1875
2,102541,54351,0,0,61,61,1681,2048,9801,11849
2,102555,1431,0,0,53,53,1935,3698,27,3725
2,102555,2279,0,0,53,53,1935,15496,129,15625
2,102555,4293,0,0,53,53,1935,8192,1053,9245
2,102555,17225,0,0,53,53,1935,3698,325,4023
2,102555,71073,0,0,53,53,1935,1352,4023,5375
2,102555,97997,0,0,53,53,1935,338,1849,2187
2,102592,64,0,0,64,64,1603,4374,1,4375
2,102592,5184,0,0,64,64,1603,5000,243,5243
2,102630,20526,0,0,66,66,1555,6250,311,6561
2,102648,2184,0,0,112,56,1833,3008,117,3125
2,102663,61,0,0,61,61,1683,34374,1,34375
2,102663,14823,0,0,61,61,1683,5000,729,5729
2,102663,24705,0,0,61,61,1683,32,2025,2057
2,102685,102685,0,0,55,55,1867,534,1867,2401
2,102711,67,0,0,67,67,1533,4374,1,4375
2,102711,5427,0,0,67,67,1533,42632,243,42875
2,102711,8375,0,0,67,67,1533,4704,625,5329
2,102718,1334,0,0,58,58,1771,23814,23,23837
2,102762,594,0,0,54,54,1903,3114,11,3125
2,102762,9342,0,0,108,54,1903,2500,173,2673
2,102765,2015,0,0,130,65,1581,19652,31,19683
2,102780,60,0,0,60,60,1713,4374,1,4375
2,102837,59,0,0,59,59,1743,4374,1,4375
2,102837,59,0,0,59,59,1743,10368,7,10375
2,102837,59,0,0,59,59,1743,33614,1,33615
2,102837,14337,0,0,59,59,1743,34202,243,34445
2,102837,60711,0,0,59,59,1743,44672,7203,51875
2,102858,102858,0,0,124,62,1659,9664,4977,14641
2,102879,63,0,0,63,63,1633,5750,1,5751
2,102879,1701,0,0,63,63,1633,5014,27,5041
2,102879,4473,0,0,126,63,1633,2116,71,2187
2,102879,6867,0,0,63,63,1633,3266,109,3375
2,102884,25500,0,0,68,68,1513,9826,375,10201
2,102984,40824,0,0,56,56,1839,2104,2187,4291
2,103020,25500,0,0,68,68,1515,3362,375,3737
2,103025,65,0,0,65,65,1585,7290,1,7291
2,103085,12879,0,0,53,53,1945,77800,729,78529
2,103085,20617,0,0,53,53,1945,6750,389,7139
2,103085,103085,0,0,53,53,1945,242,1945,2187
2,103086,162,0,0,54,54,1909,2392,9,2401
2,103086,13122,0,0,54,54,1909,2158,243,2401
2,103086,63882,0,0,54,54,1909,1058,1183,2241
2,103132,118,0,0,118,59,1748,12160,7,12167
2,103191,52569,0,0,59,59,1749,136,2673,2809
2,103194,11466,0,0,126,63,1638,8192,1183,9375
2,103208,94136,0,0,56,56,1843,194,1681,1875
2,103224,1496,0,0,136,68,1518,11776,99,11875
2,103250,14750,0,0,118,59,1750,4704,625,5329
2,103341,57,0,0,57,57,1813,4374,1,4375
2,103341,627,0,0,57,57,1813,9250,11,9261
2,103341,78033,0,0,57,57,1813,83006,1369,84375
2,103360,64,0,0,64,64,1615,4374,1,4375
2,103360,64,0,0,128,64,1615,1700,1,1701
2,103360,320,0,0,128,64,1615,2052,5,2057
2,103360,448,0,0,64,64,1615,2048,77,2125
2,103360,448,0,0,64,64,1615,3200,49,3249
2,103360,448,0,0,64,64,1615,20570,7,20577
2,103360,704,0,0,64,64,1615,2250,11,2261
2,103360,1088,0,0,64,64,1615,11858,17,11875
2,103360,1088,0,0,64,64,1615,68590,17,68607
2,103360,1088,0,0,128,64,1615,10108,17,10125
2,103360,1216,0,0,64,64,1615,6050,19,6069
2,103360,1216,0,0,64,64,1615,15606,19,15625
2,103360,1216,0,0,64,64,1615,36992,133,37125
2,103360,1216,0,0,128,64,1615,4356,19,4375
2,103360,1216,0,0,128,64,1615,15876,19,15895
2,103360,1344,0,0,64,64,1615,2312,63,2375
2,103360,3136,0,0,64,64,1615,2250,49,2299
2,103360,6336,0,0,64,64,1615,2432,693,3125
2,103360,8512,0,0,64,64,1615,3200,931,4131
2,103360,9408,0,0,64,64,1615,2584,441,3025
2,103360,11200,0,0,64,64,1615,5984,875,6859
2,103360,13376,0,0,64,64,1615,1666,209,1875
2,103360,15552,0,0,64,64,1615,1672,729,2401
2,103360,15680,0,0,64,64,1615,2662,245,2907
2,103360,18496,0,0,64,64,1615,2432,2023,4455
2,103360,20160,0,0,64,64,1615,4598,315,4913
2,103360,21952,0,0,64,64,1615,1782,343,2125
2,103360,21952,0,0,64,64,1615,1152,2401,3553
2,103360,23104,0,0,64,64,1615,6144,3971,10115
2,103360,25920,0,0,64,64,1615,32,2025,2057
2,103360,27200,0,0,64,64,1615,2662,425,3087
2,103360,34496,0,0,64,64,1615,4374,539,4913
2,103360,38720,0,0,64,64,1615,224,3025,3249
2,103360,40000,0,0,64,64,1615,512,5625,6137
2,103360,43200,0,0,64,64,1615,2888,2025,4913
2,103360,44352,0,0,64,64,1615,640,4851,5491
2,103360,46656,0,0,64,64,1615,2450,729,3179
2,103360,85184,0,0,64,64,1615,6250,1331,7581
2,103360,85184,0,0,64,64,1615,11552,6655,18207
2,103360,85184,0,0,64,64,1615,19494,1331,20825
2,103360,88000,0,0,64,64,1615,1026,1375,2401
2,103360,88128,0,0,64,64,1615,2744,4131,6875
2,103360,93632,0,0,64,64,1615,384,10241,10625
2,103414,58,0,0,58,58,1783,4374,1,4375
2,103455,57,0,0,57,57,1815,64000,9,64009
2,103455,57,0,0,57,57,1815,71874,1,71875
2,103455,627,0,0,57,57,1815,3634,11,3645
2,103455,2695,0,0,55,55,1881,2152,147,2299
2,103455,7125,0,0,57,57,1815,1738,125,1863
2,103455,13365,0,0,55,55,1881,1672,729,2401
2,103455,13509,0,0,57,57,1815,512,2133,2645
2,103455,20691,0,0,57,57,1815,14536,1089,15625
2,103455,38475,0,0,57,57,1815,5566,675,6241
2,103455,93555,0,0,55,55,1881,8,5103,5111
2,103500,60,0,0,60,60,1725,64000,9,64009
2,103500,60,0,0,60,60,1725,71874,1,71875
2,103500,1380,0,0,60,60,1725,19602,23,19625
2,103509,53,0,0,53,53,1953,4374,1,4375
2,103509,159,0,0,53,53,1953,4802,3,4805
2,103509,265,0,0,53,53,1953,12152,15,12167
2,103509,371,0,0,53,53,1953,32798,7,32805
2,103509,477,0,0,106,53,1953,2116,9,2125
2,103509,901,0,0,53,53,1953,2170,17,2187
2,103509,901,0,0,53,53,1953,12150,17,12167
2,103509,1643,0,0,106,53,1953,19652,31,19683
2,103509,4293,0,0,53,53,1953,5750,81,5831
2,103509,7155,0,0,53,53,1953,3968,945,4913
2,103509,12879,0,0,53,53,1953,8750,243,8993
2,103509,14787,0,0,53,53,1953,1288,837,2125
2,103509,64925,0,0,53,53,1953,384,8575,8959
2,103509,64925,0,0,53,53,1953,28566,1225,29791
2,103509,70119,0,0,53,53,1953,32,6615,6647
2,103509,90153,0,0,53,53,1953,17000,5103,22103
2,103509,99375,0,0,53,53,1953,3038,1875,4913
2,103515,67,0,0,67,67,1545,1750,1,1751
2,103515,67,0,0,67,67,1545,4374,1,4375
2,103515,67,0,0,67,67,1545,59534,1,59535
2,103515,67,0,0,67,67,1545,65610,1,65611
2,103515,67,0,0,134,67,1545,1700,1,1701
2,103515,67,0,0,134,67,1545,31212,1,31213
2,103515,201,0,0,67,67,1545,2176,21,2197
2,103515,469,0,0,67,67,1545,3750,7,3757
2,103515,871,0,0,67,67,1545,8330,13,8343
2,103515,1675,0,0,67,67,1545,9248,125,9373
2,103515,5695,0,0,67,67,1545,4374,85,4459
2,103515,6097,0,0,67,67,1545,8192,1183,9375
2,103515,7839,0,0,67,67,1545,1400,351,1751
2,103515,11323,0,0,67,67,1545,1854,169,2023
2,103515,14807,0,0,67,67,1545,640,1547,2187
2,103515,22981,0,0,67,67,1545,1854,343,2197
2,103515,29547,0,0,67,67,1545,6656,3969,10625
2,103515,33969,0,0,67,67,1545,3296,2535,5831
2,103515,62109,0,0,67,67,1545,2744,2781,5525
2,103515,89713,0,0,67,67,1545,686,1339,2025
2,103515,92259,0,0,67,67,1545,338,1377,1715
2,103530,58,0,0,58,58,1785,4374,1,4375
2,103545,59,0,0,59,59,1755,4374,1,4375
2,103545,531,0,0,59,59,1755,3200,63,3263
2,103545,2065,0,0,59,59,1755,6526,35,6561
2,103545,3717,0,0,59,59,1755,2008,189,2197
2,103545,5369,0,0,59,59,1755,8192,1183,9375
2,103545,19175,0,0,65,65,1593,7776,1475,9251
2,103545,54665,0,0,65,65,1593,6534,841,7375
2,103545,103545,0,0,59,59,1755,8032,8775,16807
2,103565,55,0,0,110,55,1883,4900,1,4901
2,103626,11514,0,0,114,57,1818,7776,505,8281
2,103635,63,0,0,63,63,1645,4374,1,4375
2,103635,2961,0,0,63,63,1645,1952,235,2187
2,103635,15435,0,0,63,63,1645,1152,1715,2867
2,103635,35721,0,0,63,63,1645,32,2835,2867
2,103635,42525,0,0,63,63,1645,376,2025,2401
2,103635,45927,0,0,63,63,1645,24064,6561,30625
2,103636,52,0,0,52,52,1993,4374,1,4375
2,103636,364,0,0,52,52,1993,3200,49,3249
2,103675,55,0,0,55,55,1885,4896,5,4901
2,103675,165,0,0,55,55,1885,6250,3,6253
2,103675,715,0,0,110,55,1885,3132,13,3145
2,103675,2145,0,0,55,55,1885,6728,117,6845
2,103675,2805,0,0,55,55,1885,2146,51,2197
2,103675,7425,0,0,55,55,1885,2738,135,2873
2,103675,46255,0,0,55,55,1885,8192,10933,19125
2,103675,50875,0,0,55,55,1885,288,4625,4913
2,103675,75295,0,0,55,55,1885,7250,1369,8619
2,103675,75295,0,0,55,55,1885,8704,12321,21025
2,103675,79365,0,0,55,55,1885,1682,1443,3125
2,103675,103125,0,0,55,55,1885,48778,1875,50653
2,103707,69,0,0,69,69,1503,4374,1,4375
2,103707,11523,0,0,138,69,1503,1548,167,1715
2,103740,52,0,0,52,52,1995,4374,1,4375
2,103740,364,0,0,52,52,1995,3200,49,3249
2,103762,103762,0,0,58,58,1789,398,1789,2187
2,103768,20776,0,0,56,56,1853,128,2597,2725
2,103818,66,0,0,66,66,1573,4374,1,4375
2,103818,726,0,0,66,66,1573,1690,11,1701
2,103818,6006,0,0,66,66,1573,8192,1183,9375
2,103818,7986,0,0,66,66,1573,1352,363,1715
2,103818,19602,0,0,66,66,1573,512,2673,3185
2,103818,35574,0,0,66,66,1573,8,1617,1625
2,103818,35574,0,0,66,66,1573,16000,3773,19773
2,103818,48114,0,0,66,66,1573,88,2187,2275
2,103818,55902,0,0,66,66,1573,1350,847,2197
2,103818,87846,0,0,66,66,1573,294,1331,1625
2,103842,54,0,0,54,54,1923,4374,1,4375
2,103842,48114,0,0,54,54,1923,32,4455,4487
2,103850,5022,0,0,62,62,1675,8192,1053,9245
2,103850,34658,0,0,62,62,1675,1250,559,1809
2,103850,37386,0,0,62,62,1675,40,1809,1849
2,103880,56,0,0,56,56,1855,2592,5,2597
2,103880,56,0,0,56,56,1855,4374,1,4375
2,103880,392,0,0,56,56,1855,5618,7,5625
2,103880,20776,0,0,56,56,1855,6190,371,6561
2,103880,57624,0,0,56,56,1855,8,3087,3095
2,103880,80136,0,0,56,56,1855,40,4293,4333
2,103883,16775,0,0,61,61,1703,1922,275,2197
2,103950,66,0,0,66,66,1575,4374,1,4375
2,103950,66,0,0,66,66,1575,10368,7,10375
2,103950,66,0,0,66,66,1575,33614,1,33615
2,103950,462,0,0,66,66,1575,3200,49,3249
2,103950,33750,0,0,54,54,1925,32,3125,3157
2,103950,47250,0,0,54,54,1925,1312,4375,5687
2,103974,13578,0,0,62,62,1677,1978,219,2197
2,104005,61,0,0,61,61,1705,3750,1,3751
2,104005,549,0,0,61,61,1705,6250,9,6259
2,104005,671,0,0,122,61,1705,2500,11,2511
2,104013,63,0,0,63,63,1651,6858,1,6859
2,104025,57,0,0,57,57,1825,4374,1,4375
2,104025,4161,0,0,57,57,1825,2450,73,2523
2,104025,4617,0,0,57,57,1825,42632,243,42875
2,104025,7125,0,0,57,57,1825,4704,625,5329
2,104025,19551,0,0,57,57,1825,1682,343,2025
2,104025,19551,0,0,57,57,1825,9344,2401,11745
2,104039,26871,0,0,53,53,1963,77312,4563,81875
2,104135,7965,0,0,59,59,1765,9728,1215,10943
2,104139,399,0,0,57,57,1827,27848,21,27869
2,104139,34713,0,0,126,63,1653,1324,551,1875
2,104139,54777,0,0,57,57,1827,8,2883,2891
2,104145,53,0,0,53,53,1965,4374,1,4375
2,104145,18179,0,0,53,53,1965,128,2401,2529
2,104185,20837,0,0,67,67,1555,6250,311,6561
2,104188,854,0,0,122,61,1708,3200,49,3249
2,104195,65,0,0,65,65,1603,4374,1,4375
2,104195,5265,0,0,65,65,1603,5000,243,5243
2,104222,55242,0,0,62,62,1681,2048,9801,11849
2,104244,68,0,0,68,68,1533,4374,1,4375
2,104244,5508,0,0,68,68,1533,42632,243,42875
2,104244,8500,0,0,68,68,1533,4704,625,5329
2,104253,1829,0,0,59,59,1767,2318,31,2349
2,104253,34751,0,0,118,59,1767,3132,589,3721
2,104346,62,0,0,62,62,1683,34374,1,34375
2,104346,2046,0,0,132,66,1581,19652,31,19683
2,104346,15066,0,0,62,62,1683,5000,729,5729
2,104346,25110,0,0,62,62,1683,32,2025,2057
2,104382,39366,0,0,54,54,1933,77320,2187,79507
2,104397,25875,0,0,69,69,1513,9826,375,10201
2,104481,2223,0,0,114,57,1833,3008,117,3125
2,104489,1357,0,0,59,59,1771,23814,23,23837
2,104490,1458,0,0,54,54,1935,3698,27,3725
2,104490,2322,0,0,54,54,1935,15496,129,15625
2,104490,4374,0,0,54,54,1935,8192,1053,9245
2,104490,17550,0,0,54,54,1935,3698,325,4023
2,104490,72414,0,0,54,54,1935,1352,4023,5375
2,104490,99846,0,0,54,54,1935,338,1849,2187
2,104493,61,0,0,61,61,1713,4374,1,4375
2,104512,64,0,0,64,64,1633,5750,1,5751
2,104512,1728,0,0,64,64,1633,5014,27,5041
2,104512,4544,0,0,128,64,1633,2116,71,2187
2,104512,6976,0,0,64,64,1633,3266,109,3375
2,104517,104517,0,0,126,63,1659,9664,4977,14641
2,104535,25875,0,0,69,69,1515,3362,375,3737
2,104552,104552,0,0,56,56,1867,534,1867,2401
2,104580,60,0,0,60,60,1743,4374,1,4375
2,104580,60,0,0,60,60,1743,10368,7,10375
2,104580,60,0,0,60,60,1743,33614,1,33615
2,104580,14580,0,0,60,60,1743,34202,243,34445
2,104580,61740,0,0,60,60,1743,44672,7203,51875
2,104610,66,0,0,66,66,1585,7290,1,7291
2,104665,605,0,0,55,55,1903,3114,11,3125
2,104665,9515,0,0,110,55,1903,2500,173,2673
2,104742,1518,0,0,138,69,1518,11776,99,11875
2,104823,41553,0,0,57,57,1839,2104,2187,4291
2,104832,11648,0,0,128,64,1638,8192,1183,9375
2,104880,120,0,0,120,60,1748,12160,7,12167
2,104940,53460,0,0,60,60,1749,136,2673,2809
2,104975,65,0,0,65,65,1615,4374,1,4375
2,104975,65,0,0,130,65,1615,1700,1,1701
2,104975,325,0,0,130,65,1615,2052,5,2057
2,104975,455,0,0,65,65,1615,2048,77,2125
2,104975,455,0,0,65,65,1615,3200,49,3249
2,104975,455,0,0,65,65,1615,20570,7,20577
2,104975,715,0,0,65,65,1615,2250,11,2261
2,104975,1105,0,0,65,65,1615,11858,17,11875
2,104975,1105,0,0,65,65,1615,68590,17,68607
2,104975,1105,0,0,130,65,1615,10108,17,10125
2,104975,1235,0,0,65,65,1615,6050,19,6069
2,104975,1235,0,0,65,65,1615,15606,19,15625
2,104975,1235,0,0,65,65,1615,36992,133,37125
2,104975,1235,0,0,130,65,1615,4356,19,4375
2,104975,1235,0,0,130,65,1615,15876,19,15895
2,104975,1365,0,0,65,65,1615,2312,63,2375
2,104975,3185,0,0,65,65,1615,2250,49,2299
2,104975,6435,0,0,65,65,1615,2432,693,3125
2,104975,8645,0,0,65,65,1615,3200,931,4131
2,104975,9555,0,0,65,65,1615,2584,441,3025
2,104975,11375,0,0,65,65,1615,5984,875,6859
2,104975,13585,0,0,65,65,1615,1666,209,1875
2,104975,15795,0,0,65,65,1615,1672,729,2401
2,104975,15925,0,0,65,65,1615,2662,245,2907
2,104975,18785,0,0,65,65,1615,2432,2023,4455
2,104975,20475,0,0,65,65,1615,4598,315,4913
2,104975,22295,0,0,65,65,1615,1782,343,2125
2,104975,22295,0,0,65,65,1615,1152,2401,3553
2,104975,23465,0,0,65,65,1615,6144,3971,10115
2,104975,26325,0,0,65,65,1615,32,2025,2057
2,104975,27625,0,0,65,65,1615,2662,425,3087
2,104975,35035,0,0,65,65,1615,4374,539,4913
2,104975,39325,0,0,65,65,1615,224,3025,3249
2,104975,40625,0,0,65,65,1615,512,5625,6137
2,104975,43875,0,0,65,65,1615,2888,2025,4913
2,104975,45045,0,0,65,65,1615,640,4851,5491
2,104975,47385,0,0,65,65,1615,2450,729,3179
2,104975,86515,0,0,65,65,1615,6250,1331,7581
2,104975,86515,0,0,65,65,1615,11552,6655,18207
2,104975,86515,0,0,65,65,1615,19494,1331,20825
2,104975,89375,0,0,65,65,1615,1026,1375,2401
2,104975,89505,0,0,65,65,1615,2744,4131,6875
2,104975,95095,0,0,65,65,1615,384,10241,10625
2,104995,165,0,0,55,55,1909,2392,9,2401
2,104995,13365,0,0,55,55,1909,2158,243,2401
2,104995,65065,0,0,55,55,1909,1058,1183,2241
2,105000,15000,0,0,120,60,1750,4704,625,5329
2,105030,13122,0,0,54,54,1945,77800,729,78529
2,105030,21006,0,0,54,54,1945,6750,389,7139
2,105030,105030,0,0,54,54,1945,242,1945,2187
2,105051,95817,0,0,57,57,1843,194,1681,1875
2,105060,68,0,0,68,68,1545,1750,1,1751
2,105060,68,0,0,68,68,1545,4374,1,4375
2,105060,68,0,0,68,68,1545,59534,1,59535
2,105060,68,0,0,68,68,1545,65610,1,65611
2,105060,68,0,0,136,68,1545,1700,1,1701
2,105060,68,0,0,136,68,1545,31212,1,31213
2,105060,204,0,0,68,68,1545,2176,21,2197
2,105060,476,0,0,68,68,1545,3750,7,3757
2,105060,884,0,0,68,68,1545,8330,13,8343
2,105060,1700,0,0,68,68,1545,9248,125,9373
2,105060,5780,0,0,68,68,1545,4374,85,4459
2,105060,6188,0,0,68,68,1545,8192,1183,9375
2,105060,7956,0,0,68,68,1545,1400,351,1751
2,105060,11492,0,0,68,68,1545,1854,169,2023
2,105060,15028,0,0,68,68,1545,640,1547,2187
2,105060,23324,0,0,68,68,1545,1854,343,2197
2,105060,29988,0,0,68,68,1545,6656,3969,10625
2,105060,34476,0,0,68,68,1545,3296,2535,5831
2,105060,63036,0,0,68,68,1545,2744,2781,5525
2,105060,91052,0,0,68,68,1545,686,1339,2025
2,105060,93636,0,0,68,68,1545,338,1377,1715
2,105138,19470,0,0,66,66,1593,7776,1475,9251
2,105138,55506,0,0,66,66,1593,6534,841,7375
2,105154,58,0,0,58,58,1813,4374,1,4375
2,105154,638,0,0,58,58,1813,9250,11,9261
2,105154,79402,0,0,58,58,1813,83006,1369,84375
2,105197,59,0,0,59,59,1783,4374,1,4375
2,105210,70,0,0,70,70,1503,4374,1,4375
2,105225,61,0,0,61,61,1725,64000,9,64009
2,105225,61,0,0,61,61,1725,71874,1,71875
2,105225,1403,0,0,61,61,1725,19602,23,19625
2,105270,58,0,0,58,58,1815,64000,9,64009
2,105270,58,0,0,58,58,1815,71874,1,71875
2,105270,638,0,0,58,58,1815,3634,11,3645
2,105270,7250,0,0,58,58,1815,1738,125,1863
2,105270,13746,0,0,58,58,1815,512,2133,2645
2,105270,21054,0,0,58,58,1815,14536,1089,15625
2,105270,39150,0,0,58,58,1815,5566,675,6241
2,105280,64,0,0,64,64,1645,4374,1,4375
2,105280,3008,0,0,64,64,1645,1952,235,2187
2,105280,15680,0,0,64,64,1645,1152,1715,2867
2,105280,36288,0,0,64,64,1645,32,2835,2867
2,105280,43200,0,0,64,64,1645,376,2025,2401
2,105280,46656,0,0,64,64,1645,24064,6561,30625
2,105300,60,0,0,60,60,1755,4374,1,4375
2,105300,540,0,0,60,60,1755,3200,63,3263
2,105300,2100,0,0,60,60,1755,6526,35,6561
2,105300,3780,0,0,60,60,1755,2008,189,2197
2,105300,5460,0,0,60,60,1755,8192,1183,9375
2,105300,105300,0,0,60,60,1755,8032,8775,16807
2,105315,59,0,0,59,59,1785,4374,1,4375
2,105336,2744,0,0,56,56,1881,2152,147,2299
2,105336,13608,0,0,56,56,1881,1672,729,2401
2,105336,95256,0,0,56,56,1881,8,5103,5111
2,105391,67,0,0,67,67,1573,4374,1,4375
2,105391,737,0,0,67,67,1573,1690,11,1701
2,105391,6097,0,0,67,67,1573,8192,1183,9375
2,105391,8107,0,0,67,67,1573,1352,363,1715
2,105391,19899,0,0,67,67,1573,512,2673,3185
2,105391,36113,0,0,67,67,1573,8,1617,1625
2,105391,36113,0,0,67,67,1573,16000,3773,19773
2,105391,48843,0,0,67,67,1573,88,2187,2275
2,105391,56749,0,0,67,67,1573,1350,847,2197
2,105391,89177,0,0,67,67,1573,294,1331,1625
2,105444,11716,0,0,116,58,1818,7776,505,8281
2,105448,56,0,0,112,56,1883,4900,1,4901
2,105462,54,0,0,54,54,1953,4374,1,4375
2,105462,162,0,0,54,54,1953,4802,3,4805
2,105462,270,0,0,54,54,1953,12152,15,12167
2,105462,378,0,0,54,54,1953,32798,7,32805
2,105462,486,0,0,108,54,1953,2116,9,2125
2,105462,918,0,0,54,54,1953,2170,17,2187
2,105462,918,0,0,54,54,1953,12150,17,12167
2,105462,1674,0,0,108,54,1953,19652,31,19683
2,105462,4374,0,0,54,54,1953,5750,81,5831
2,105462,7290,0,0,54,54,1953,3968,945,4913
2,105462,13122,0,0,54,54,1953,8750,243,8993
2,105462,15066,0,0,54,54,1953,1288,837,2125
2,105462,66150,0,0,54,54,1953,384,8575,8959
2,105462,66150,0,0,54,54,1953,28566,1225,29791
2,105462,71442,0,0,54,54,1953,32,6615,6647
2,105462,91854,0,0,54,54,1953,17000,5103,22103
2,105462,101250,0,0,54,54,1953,3038,1875,4913
2,105525,67,0,0,67,67,1575,4374,1,4375
2,105525,67,0,0,67,67,1575,10368,7,10375
2,105525,67,0,0,67,67,1575,33614,1,33615
2,105525,469,0,0,67,67,1575,3200,49,3249
2,105525,5103,0,0,63,63,1675,8192,1053,9245
2,105525,35217,0,0,63,63,1675,1250,559,1809
2,105525,37989,0,0,63,63,1675,40,1809,1849
2,105551,105551,0,0,59,59,1789,398,1789,2187
2,105560,56,0,0,56,56,1885,4896,5,4901
2,105560,168,0,0,56,56,1885,6250,3,6253
2,105560,728,0,0,112,56,1885,3132,13,3145
2,105560,2184,0,0,56,56,1885,6728,117,6845
2,105560,2856,0,0,56,56,1885,2146,51,2197
2,105560,7560,0,0,56,56,1885,2738,135,2873
2,105560,47096,0,0,56,56,1885,8192,10933,19125
2,105560,51800,0,0,56,56,1885,288,4625,4913
2,105560,76664,0,0,56,56,1885,7250,1369,8619
2,105560,76664,0,0,56,56,1885,8704,12321,21025
2,105560,80808,0,0,56,56,1885,1682,1443,3125
2,105560,105000,0,0,56,56,1885,48778,1875,50653
2,105586,17050,0,0,62,62,1703,1922,275,2197
2,105621,21147,0,0,57,57,1853,128,2597,2725
2,105629,53,0,0,53,53,1993,4374,1,4375
2,105629,371,0,0,53,53,1993,3200,49,3249
2,105651,13797,0,0,63,63,1677,1978,219,2197
2,105664,64,0,0,64,64,1651,6858,1,6859
2,105710,62,0,0,62,62,1705,3750,1,3751
2,105710,558,0,0,62,62,1705,6250,9,6259
2,105710,682,0,0,124,62,1705,2500,11,2511
2,105735,53,0,0,53,53,1995,4374,1,4375
2,105735,57,0,0,57,57,1855,2592,5,2597
2,105735,57,0,0,57,57,1855,4374,1,4375
2,105735,371,0,0,53,53,1995,3200,49,3249
2,105735,399,0,0,57,57,1855,5618,7,5625
2,105735,21147,0,0,57,57,1855,6190,371,6561
2,105735,58653,0,0,57,57,1855,8,3087,3095
2,105735,81567,0,0,57,57,1855,40,4293,4333
2,105740,21148,0,0,68,68,1555,6250,311,6561
2,105765,55,0,0,55,55,1923,4374,1,4375
2,105765,49005,0,0,55,55,1923,32,4455,4487
2,105777,69,0,0,69,69,1533,4374,1,4375
2,105777,5589,0,0,69,69,1533,42632,243,42875
2,105777,8625,0,0,69,69,1533,4704,625,5329
2,105792,35264,0,0,128,64,1653,1324,551,1875
2,105798,66,0,0,66,66,1603,4374,1,4375
2,105798,5346,0,0,66,66,1603,5000,243,5243
2,105850,58,0,0,58,58,1825,4374,1,4375
2,105850,4234,0,0,58,58,1825,2450,73,2523
2,105850,4698,0,0,58,58,1825,42632,243,42875
2,105850,7250,0,0,58,58,1825,4704,625,5329
2,105850,19894,0,0,58,58,1825,1682,343,2025
2,105850,19894,0,0,58,58,1825,9344,2401,11745
2,105875,34375,0,0,55,55,1925,32,3125,3157
2,105875,48125,0,0,55,55,1925,1312,4375,5687
2,105896,868,0,0,124,62,1708,3200,49,3249
2,105900,8100,0,0,60,60,1765,9728,1215,10943
2,105903,56133,0,0,63,63,1681,2048,9801,11849
2,105910,26250,0,0,70,70,1513,9826,375,10201
2,105927,2077,0,0,134,67,1581,19652,31,19683
2,105966,406,0,0,58,58,1827,27848,21,27869
2,105966,55738,0,0,58,58,1827,8,2883,2891
2,106002,27378,0,0,54,54,1963,77312,4563,81875
2,106020,1860,0,0,60,60,1767,2318,31,2349
2,106020,35340,0,0,120,60,1767,3132,589,3721
2,106029,63,0,0,63,63,1683,34374,1,34375
2,106029,15309,0,0,63,63,1683,5000,729,5729
2,106029,25515,0,0,63,63,1683,32,2025,2057
2,106050,26250,0,0,70,70,1515,3362,375,3737
2,106110,54,0,0,54,54,1965,4374,1,4375
2,106110,18522,0,0,54,54,1965,128,2401,2529
2,106145,65,0,0,65,65,1633,5750,1,5751
2,106145,1755,0,0,65,65,1633,5014,27,5041
2,106145,4615,0,0,130,65,1633,2116,71,2187
2,106145,7085,0,0,65,65,1633,3266,109,3375
2,106176,106176,0,0,128,64,1659,9664,4977,14641
2,106195,67,0,0,67,67,1585,7290,1,7291
2,106206,62,0,0,62,62,1713,4374,1,4375
2,106260,1380,0,0,60,60,1771,23814,23,23837
2,106314,2262,0,0,116,58,1833,3008,117,3125
2,106315,40095,0,0,55,55,1933,77320,2187,79507
2,106323,61,0,0,61,61,1743,4374,1,4375
2,106323,61,0,0,61,61,1743,10368,7,10375
2,106323,61,0,0,61,61,1743,33614,1,33615
2,106323,14823,0,0,61,61,1743,34202,243,34445
2,106323,62769,0,0,61,61,1743,44672,7203,51875
2,106419,106419,0,0,57,57,1867,534,1867,2401
2,106425,1485,0,0,55,55,1935,3698,27,3725
2,106425,2365,0,0,55,55,1935,15496,129,15625
2,106425,4455,0,0,55,55,1935,8192,1053,9245
2,106425,17875,0,0,55,55,1935,3698,325,4023
2,106425,73755,0,0,55,55,1935,1352,4023,5375
2,106425,101695,0,0,55,55,1935,338,1849,2187
2,106470,11830,0,0,130,65,1638,8192,1183,9375
2,106568,616,0,0,56,56,1903,3114,11,3125
2,106568,9688,0,0,112,56,1903,2500,173,2673
2,106590,66,0,0,66,66,1615,4374,1,4375
2,106590,66,0,0,132,66,1615,1700,1,1701
2,106590,330,0,0,132,66,1615,2052,5,2057
2,106590,462,0,0,66,66,1615,2048,77,2125
2,106590,462,0,0,66,66,1615,3200,49,3249
2,106590,462,0,0,66,66,1615,20570,7,20577
2,106590,726,0,0,66,66,1615,2250,11,2261
2,106590,1122,0,0,66,66,1615,11858,17,11875
2,106590,1122,0,0,66,66,1615,68590,17,68607
2,106590,1122,0,0,132,66,1615,10108,17,10125
2,106590,1254,0,0,66,66,1615,6050,19,6069
2,106590,1254,0,0,66,66,1615,15606,19,15625
2,106590,1254,0,0,66,66,1615,36992,133,37125
2,106590,1254,0,0,132,66,1615,4356,19,4375
2,106590,1254,0,0,132,66,1615,15876,19,15895
2,106590,1386,0,0,66,66,1615,2312,63,2375
2,106590,3234,0,0,66,66,1615,2250,49,2299
2,106590,6534,0,0,66,66,1615,2432,693,3125
2,106590,8778,0,0,66,66,1615,3200,931,4131
2,106590,9702,0,0,66,66,1615,2584,441,3025
2,106590,11550,0,0,66,66,1615,5984,875,6859
2,106590,13794,0,0,66,66,1615,1666,209,1875
2,106590,16038,0,0,66,66,1615,1672,729,2401
2,106590,16170,0,0,66,66,1615,2662,245,2907
2,106590,19074,0,0,66,66,1615,2432,2023,4455
2,106590,20790,0,0,66,66,1615,4598,315,4913
2,106590,22638,0,0,66,66,1615,1782,343,2125
2,106590,22638,0,0,66,66,1615,1152,2401,3553
2,106590,23826,0,0,66,66,1615,6144,3971,10115
2,106590,26730,0,0,66,66,1615,32,2025,2057
2,106590,28050,0,0,66,66,1615,2662,425,3087
2,106590,35574,0,0,66,66,1615,4374,539,4913
2,106590,39930,0,0,66,66,1615,224,3025,3249
2,106590,41250,0,0,66,66,1615,512,5625,6137
2,106590,44550,0,0,66,66,1615,2888,2025,4913
2,106590,45738,0,0,66,66,1615,640,4851,5491
2,106590,48114,0,0,66,66,1615,2450,729,3179
2,106590,87846,0,0,66,66,1615,6250,1331,7581
2,106590,87846,0,0,66,66,1615,11552,6655,18207
2,106590,87846,0,0,66,66,1615,19494,1331,20825
2,106590,90750,0,0,66,66,1615,1026,1375,2401
2,106590,90882,0,0,66,66,1615,2744,4131,6875
2,106590,96558,0,0,66,66,1615,384,10241,10625
2,106605,69,0,0,69,69,1545,1750,1,1751
2,106605,69,0,0,69,69,1545,4374,1,4375
2,106605,69,0,0,69,69,1545,59534,1,59535
2,106605,69,0,0,69,69,1545,65610,1,65611
2,106605,69,0,0,138,69,1545,1700,1,1701
2,106605,69,0,0,138,69,1545,31212,1,31213
2,106605,207,0,0,69,69,1545,2176,21,2197
2,106605,483,0,0,69,69,1545,3750,7,3757
2,106605,897,0,0,69,69,1545,8330,13,8343
2,106605,1725,0,0,69,69,1545,9248,125,9373
2,106605,5865,0,0,69,69,1545,4374,85,4459
2,106605,6279,0,0,69,69,1545,8192,1183,9375
2,106605,8073,0,0,69,69,1545,1400,351,1751
2,106605,11661,0,0,69,69,1545,1854,169,2023
2,106605,15249,0,0,69,69,1545,640,1547,2187
2,106605,23667,0,0,69,69,1545,1854,343,2197
2,106605,30429,0,0,69,69,1545,6656,3969,10625
2,106605,34983,0,0,69,69,1545,3296,2535,5831
2,106605,63963,0,0,69,69,1545,2744,2781,5525
2,106605,92391,0,0,69,69,1545,686,1339,2025
2,106605,95013,0,0,69,69,1545,338,1377,1715
2,106628,122,0,0,122,61,1748,12160,7,12167
2,106662,42282,0,0,58,58,1839,2104,2187,4291
2,106689,54351,0,0,61,61,1749,136,2673,2809
2,106713,71,0,0,71,71,1503,4374,1,4375
2,106731,19765,0,0,67,67,1593,7776,1475,9251
2,106731,56347,0,0,67,67,1593,6534,841,7375
2,106750,15250,0,0,122,61,1750,4704,625,5329
2,106894,97498,0,0,58,58,1843,194,1681,1875
2,106904,168,0,0,56,56,1909,2392,9,2401
2,106904,13608,0,0,56,56,1909,2158,243,2401
2,106904,66248,0,0,56,56,1909,1058,1183,2241
2,106925,65,0,0,65,65,1645,4374,1,4375
2,106925,3055,0,0,65,65,1645,1952,235,2187
2,106925,15925,0,0,65,65,1645,1152,1715,2867
2,106925,36855,0,0,65,65,1645,32,2835,2867
2,106925,43875,0,0,65,65,1645,376,2025,2401
2,106925,47385,0,0,65,65,1645,24064,6561,30625
2,106950,62,0,0,62,62,1725,64000,9,64009
2,106950,62,0,0,62,62,1725,71874,1,71875
2,106950,1426,0,0,62,62,1725,19602,23,19625
2,106964,68,0,0,68,68,1573,4374,1,4375
2,106964,748,0,0,68,68,1573,1690,11,1701
2,106964,6188,0,0,68,68,1573,8192,1183,9375
2,106964,8228,0,0,68,68,1573,1352,363,1715
2,106964,20196,0,0,68,68,1573,512,2673,3185
2,106964,36652,0,0,68,68,1573,8,1617,1625
2,106964,36652,0,0,68,68,1573,16000,3773,19773
2,106964,49572,0,0,68,68,1573,88,2187,2275
2,106964,57596,0,0,68,68,1573,1350,847,2197
2,106964,90508,0,0,68,68,1573,294,1331,1625
2,106967,59,0,0,59,59,1813,4374,1,4375
2,106967,649,0,0,59,59,1813,9250,11,9261
2,106967,80771,0,0,59,59,1813,83006,1369,84375
2,106975,13365,0,0,55,55,1945,77800,729,78529
2,106975,21395,0,0,55,55,1945,6750,389,7139
2,106975,106975,0,0,55,55,1945,242,1945,2187
2,106980,60,0,0,60,60,1783,4374,1,4375
2,107055,61,0,0,61,61,1755,4374,1,4375
2,107055,549,0,0,61,61,1755,3200,63,3263
2,107055,2135,0,0,61,61,1755,6526,35,6561
2,107055,3843,0,0,61,61,1755,2008,189,2197
2,107055,5551,0,0,61,61,1755,8192,1183,9375
2,107055,107055,0,0,61,61,1755,8032,8775,16807
2,107085,59,0,0,59,59,1815,64000,9,64009
2,107085,59,0,0,59,59,1815,71874,1,71875
2,107085,649,0,0,59,59,1815,3634,11,3645
2,107085,7375,0,0,59,59,1815,1738,125,1863
2,107085,13983,0,0,59,59,1815,512,2133,2645
2,107085,21417,0,0,59,59,1815,14536,1089,15625
2,107085,39825,0,0,59,59,1815,5566,675,6241
2,107100,60,0,0,60,60,1785,4374,1,4375
2,107100,68,0,0,68,68,1575,4374,1,4375
2,107100,68,0,0,68,68,1575,10368,7,10375
2,107100,68,0,0,68,68,1575,33614,1,33615
2,107100,476,0,0,68,68,1575,3200,49,3249
2,107200,5184,0,0,64,64,1675,8192,1053,9245
2,107200,35776,0,0,64,64,1675,1250,559,1809
2,107200,38592,0,0,64,64,1675,40,1809,1849
2,107217,2793,0,0,57,57,1881,2152,147,2299
2,107217,13851,0,0,57,57,1881,1672,729,2401
2,107217,96957,0,0,57,57,1881,8,5103,5111
2,107262,11918,0,0,118,59,1818,7776,505,8281
2,107289,17325,0,0,63,63,1703,1922,275,2197
2,107295,21459,0,0,69,69,1555,6250,311,6561
2,107310,70,0,0,70,70,1533,4374,1,4375
2,107310,5670,0,0,70,70,1533,42632,243,42875
2,107310,8750,0,0,70,70,1533,4704,625,5329
2,107315,65,0,0,65,65,1651,6858,1,6859
2,107328,14016,0,0,64,64,1677,1978,219,2197
2,107331,57,0,0,114,57,1883,4900,1,4901
2,107340,107340,0,0,60,60,1789,398,1789,2187
2,107401,67,0,0,67,67,1603,4374,1,4375
2,107401,5427,0,0,67,67,1603,5000,243,5243
2,107415,55,0,0,55,55,1953,4374,1,4375
2,107415,63,0,0,63,63,1705,3750,1,3751
2,107415,165,0,0,55,55,1953,4802,3,4805
2,107415,275,0,0,55,55,1953,12152,15,12167
2,107415,385,0,0,55,55,1953,32798,7,32805
2,107415,495,0,0,110,55,1953,2116,9,2125
2,107415,567,0,0,63,63,1705,6250,9,6259
2,107415,693,0,0,126,63,1705,2500,11,2511
2,107415,935,0,0,55,55,1953,2170,17,2187
2,107415,935,0,0,55,55,1953,12150,17,12167
2,107415,1705,0,0,110,55,1953,19652,31,19683
2,107415,4455,0,0,55,55,1953,5750,81,5831
2,107415,7425,0,0,55,55,1953,3968,945,4913
2,107415,13365,0,0,55,55,1953,8750,243,8993
2,107415,15345,0,0,55,55,1953,1288,837,2125
2,107415,67375,0,0,55,55,1953,384,8575,8959
2,107415,67375,0,0,55,55,1953,28566,1225,29791
2,107415,72765,0,0,55,55,1953,32,6615,6647
2,107415,93555,0,0,55,55,1953,17000,5103,22103
2,107415,103125,0,0,55,55,1953,3038,1875,4913
2,107423,26625,0,0,71,71,1513,9826,375,10201
2,107445,57,0,0,57,57,1885,4896,5,4901
2,107445,171,0,0,57,57,1885,6250,3,6253
2,107445,741,0,0,114,57,1885,3132,13,3145
2,107445,2223,0,0,57,57,1885,6728,117,6845
2,107445,2907,0,0,57,57,1885,2146,51,2197
2,107445,7695,0,0,57,57,1885,2738,135,2873
2,107445,35815,0,0,130,65,1653,1324,551,1875
2,107445,47937,0,0,57,57,1885,8192,10933,19125
2,107445,52725,0,0,57,57,1885,288,4625,4913
2,107445,78033,0,0,57,57,1885,7250,1369,8619
2,107445,78033,0,0,57,57,1885,8704,12321,21025
2,107445,82251,0,0,57,57,1885,1682,1443,3125
2,107445,106875,0,0,57,57,1885,48778,1875,50653
2,107474,21518,0,0,58,58,1853,128,2597,2725
2,107508,2108,0,0,136,68,1581,19652,31,19683
2,107565,26625,0,0,71,71,1515,3362,375,3737
2,107584,57024,0,0,64,64,1681,2048,9801,11849
2,107590,58,0,0,58,58,1855,2592,5,2597
2,107590,58,0,0,58,58,1855,4374,1,4375
2,107590,406,0,0,58,58,1855,5618,7,5625
2,107590,21518,0,0,58,58,1855,6190,371,6561
2,107590,59682,0,0,58,58,1855,8,3087,3095
2,107590,82998,0,0,58,58,1855,40,4293,4333
2,107604,882,0,0,126,63,1708,3200,49,3249
2,107622,54,0,0,54,54,1993,4374,1,4375
2,107622,378,0,0,54,54,1993,3200,49,3249
2,107665,8235,0,0,61,61,1765,9728,1215,10943
2,107675,59,0,0,59,59,1825,4374,1,4375
2,107675,4307,0,0,59,59,1825,2450,73,2523
2,107675,4779,0,0,59,59,1825,42632,243,42875
2,107675,7375,0,0,59,59,1825,4704,625,5329
2,107675,20237,0,0,59,59,1825,1682,343,2025
2,107675,20237,0,0,59,59,1825,9344,2401,11745
2,107688,56,0,0,56,56,1923,4374,1,4375
2,107688,49896,0,0,56,56,1923,32,4455,4487
2,107712,64,0,0,64,64,1683,34374,1,34375
2,107712,15552,0,0,64,64,1683,5000,729,5729
2,107712,25920,0,0,64,64,1683,32,2025,2057
2,107730,54,0,0,54,54,1995,4374,1,4375
2,107730,378,0,0,54,54,1995,3200,49,3249
2,107778,66,0,0,66,66,1633,5750,1,5751
2,107778,1782,0,0,66,66,1633,5014,27,5041
2,107778,4686,0,0,132,66,1633,2116,71,2187
2,107778,7194,0,0,66,66,1633,3266,109,3375
2,107780,68,0,0,68,68,1585,7290,1,7291
2,107787,1891,0,0,61,61,1767,2318,31,2349
2,107787,35929,0,0,122,61,1767,3132,589,3721
2,107793,413,0,0,59,59,1827,27848,21,27869
2,107793,56699,0,0,59,59,1827,8,2883,2891
2,107800,35000,0,0,56,56,1925,32,3125,3157
2,107800,49000,0,0,56,56,1925,1312,4375,5687
2,107835,107835,0,0,130,65,1659,9664,4977,14641
2,107919,63,0,0,63,63,1713,4374,1,4375
2,107965,27885,0,0,55,55,1963,77312,4563,81875
2,108031,1403,0,0,61,61,1771,23814,23,23837
2,108066,62,0,0,62,62,1743,4374,1,4375
2,108066,62,0,0,62,62,1743,10368,7,10375
2,108066,62,0,0,62,62,1743,33614,1,33615
2,108066,15066,0,0,62,62,1743,34202,243,34445
2,108066,63798,0,0,62,62,1743,44672,7203,51875
2,108075,55,0,0,55,55,1965,4374,1,4375
2,108075,18865,0,0,55,55,1965,128,2401,2529
2,108108,12012,0,0,132,66,1638,8192,1183,9375
2,108147,2301,0,0,118,59,1833,3008,117,3125
2,108150,70,0,0,70,70,1545,1750,1,1751
2,108150,70,0,0,70,70,1545,4374,1,4375
2,108150,70,0,0,70,70,1545,59534,1,59535
2,108150,70,0,0,70,70,1545,65610,1,65611
2,108150,210,0,0,70,70,1545,2176,21,2197
2,108150,490,0,0,70,70,1545,3750,7,3757
2,108150,910,0,0,70,70,1545,8330,13,8343
2,108150,1750,0,0,70,70,1545,9248,125,9373
2,108150,5950,0,0,70,70,1545,4374,85,4459
2,108150,6370,0,0,70,70,1545,8192,1183,9375
2,108150,8190,0,0,70,70,1545,1400,351,1751
2,108150,11830,0,0,70,70,1545,1854,169,2023
2,108150,15470,0,0,70,70,1545,640,1547,2187
2,108150,24010,0,0,70,70,1545,1854,343,2197
2,108150,30870,0,0,70,70,1545,6656,3969,10625
2,108150,35490,0,0,70,70,1545,3296,2535,5831
2,108150,64890,0,0,70,70,1545,2744,2781,5525
2,108150,93730,0,0,70,70,1545,686,1339,2025
2,108150,96390,0,0,70,70,1545,338,1377,1715
2,108205,67,0,0,67,67,1615,4374,1,4375
2,108205,67,0,0,134,67,1615,1700,1,1701
2,108205,335,0,0,134,67,1615,2052,5,2057
2,108205,469,0,0,67,67,1615,2048,77,2125
2,108205,469,0,0,67,67,1615,3200,49,3249
2,108205,469,0,0,67,67,1615,20570,7,20577
2,108205,737,0,0,67,67,1615,2250,11,2261
2,108205,1139,0,0,67,67,1615,11858,17,11875
2,108205,1139,0,0,67,67,1615,68590,17,68607
2,108205,1139,0,0,134,67,1615,10108,17,10125
2,108205,1273,0,0,67,67,1615,6050,19,6069
2,108205,1273,0,0,67,67,1615,15606,19,15625
2,108205,1273,0,0,67,67,1615,36992,133,37125
2,108205,1273,0,0,134,67,1615,4356,19,4375
2,108205,1273,0,0,134,67,1615,15876,19,15895
2,108205,1407,0,0,67,67,1615,2312,63,2375
2,108205,3283,0,0,67,67,1615,2250,49,2299
2,108205,6633,0,0,67,67,1615,2432,693,3125
2,108205,8911,0,0,67,67,1615,3200,931,4131
2,108205,9849,0,0,67,67,1615,2584,441,3025
2,108205,11725,0,0,67,67,1615,5984,875,6859
2,108205,14003,0,0,67,67,1615,1666,209,1875
2,108205,16281,0,0,67,67,1615,1672,729,2401
2,108205,16415,0,0,67,67,1615,2662,245,2907
2,108205,19363,0,0,67,67,1615,2432,2023,4455
2,108205,21105,0,0,67,67,1615,4598,315,4913
2,108205,22981,0,0,67,67,1615,1782,343,2125
2,108205,22981,0,0,67,67,1615,1152,2401,3553
2,108205,24187,0,0,67,67,1615,6144,3971,10115
2,108205,27135,0,0,67,67,1615,32,2025,2057
2,108205,28475,0,0,67,67,1615,2662,425,3087
2,108205,36113,0,0,67,67,1615,4374,539,4913
2,108205,40535,0,0,67,67,1615,224,3025,3249
2,108205,41875,0,0,67,67,1615,512,5625,6137
2,108205,45225,0,0,67,67,1615,2888,2025,4913
2,108205,46431,0,0,67,67,1615,640,4851,5491
2,108205,48843,0,0,67,67,1615,2450,729,3179
2,108205,89177,0,0,67,67,1615,6250,1331,7581
2,108205,89177,0,0,67,67,1615,11552,6655,18207
2,108205,89177,0,0,67,67,1615,19494,1331,20825
2,108205,92125,0,0,67,67,1615,1026,1375,2401
2,108205,92259,0,0,67,67,1615,2744,4131,6875
2,108205,98021,0,0,67,67,1615,384,10241,10625
2,108216,72,0,0,72,72,1503,4374,1,4375
2,108248,40824,0,0,56,56,1933,77320,2187,79507
2,108286,108286,0,0,58,58,1867,534,1867,2401
2,108324,20060,0,0,68,68,1593,7776,1475,9251
2,108324,57188,0,0,68,68,1593,6534,841,7375
2,108360,1512,0,0,56,56,1935,3698,27,3725
2,108360,2408,0,0,56,56,1935,15496,129,15625
2,108360,4536,0,0,56,56,1935,8192,1053,9245
2,108360,18200,0,0,56,56,1935,3698,325,4023
2,108360,75096,0,0,56,56,1935,1352,4023,5375
2,108360,103544,0,0,56,56,1935,338,1849,2187
2,108376,124,0,0,124,62,1748,12160,7,12167
2,108438,55242,0,0,62,62,1749,136,2673,2809
2,108471,627,0,0,57,57,1903,3114,11,3125
2,108471,9861,0,0,114,57,1903,2500,173,2673
2,108500,15500,0,0,124,62,1750,4704,625,5329
2,108501,43011,0,0,59,59,1839,2104,2187,4291
2,108537,69,0,0,69,69,1573,4374,1,4375
2,108537,759,0,0,69,69,1573,1690,11,1701
2,108537,6279,0,0,69,69,1573,8192,1183,9375
2,108537,8349,0,0,69,69,1573,1352,363,1715
2,108537,20493,0,0,69,69,1573,512,2673,3185
2,108537,37191,0,0,69,69,1573,8,1617,1625
2,108537,37191,0,0,69,69,1573,16000,3773,19773
2,108537,50301,0,0,69,69,1573,88,2187,2275
2,108537,58443,0,0,69,69,1573,1350,847,2197
2,108537,91839,0,0,69,69,1573,294,1331,1625
2,108570,66,0,0,66,66,1645,4374,1,4375
2,108570,3102,0,0,66,66,1645,1952,235,2187
2,108570,16170,0,0,66,66,1645,1152,1715,2867
2,108570,37422,0,0,66,66,1645,32,2835,2867
2,108570,44550,0,0,66,66,1645,376,2025,2401
2,108570,48114,0,0,66,66,1645,24064,6561,30625
2,108675,63,0,0,63,63,1725,64000,9,64009
2,108675,63,0,0,63,63,1725,71874,1,71875
2,108675,69,0,0,69,69,1575,4374,1,4375
2,108675,69,0,0,69,69,1575,10368,7,10375
2,108675,69,0,0,69,69,1575,33614,1,33615
2,108675,483,0,0,69,69,1575,3200,49,3249
2,108675,1449,0,0,63,63,1725,19602,23,19625
2,108737,99179,0,0,59,59,1843,194,1681,1875
2,108763,61,0,0,61,61,1783,4374,1,4375
2,108780,60,0,0,60,60,1813,4374,1,4375
2,108780,660,0,0,60,60,1813,9250,11,9261
2,108780,82140,0,0,60,60,1813,83006,1369,84375
2,108810,62,0,0,62,62,1755,4374,1,4375
2,108810,558,0,0,62,62,1755,3200,63,3263
2,108810,2170,0,0,62,62,1755,6526,35,6561
2,108810,3906,0,0,62,62,1755,2008,189,2197
2,108810,5642,0,0,62,62,1755,8192,1183,9375
2,108810,108810,0,0,62,62,1755,8032,8775,16807
2,108813,171,0,0,57,57,1909,2392,9,2401
2,108813,13851,0,0,57,57,1909,2158,243,2401
2,108813,67431,0,0,57,57,1909,1058,1183,2241
2,108843,71,0,0,71,71,1533,4374,1,4375
2,108843,5751,0,0,71,71,1533,42632,243,42875
2,108843,8875,0,0,71,71,1533,4704,625,5329
2,108850,21770,0,0,70,70,1555,6250,311,6561
2,108875,5265,0,0,65,65,1675,8192,1053,9245
2,108875,36335,0,0,65,65,1675,1250,559,1809
2,108875,39195,0,0,65,65,1675,40,1809,1849
2,108885,61,0,0,61,61,1785,4374,1,4375
2,108900,60,0,0,60,60,1815,64000,9,64009
2,108900,60,0,0,60,60,1815,71874,1,71875
2,108900,660,0,0,60,60,1815,3634,11,3645
2,108900,7500,0,0,60,60,1815,1738,125,1863
2,108900,14220,0,0,60,60,1815,512,2133,2645
2,108900,21780,0,0,60,60,1815,14536,1089,15625
2,108900,40500,0,0,60,60,1815,5566,675,6241
2,108920,13608,0,0,56,56,1945,77800,729,78529
2,108920,21784,0,0,56,56,1945,6750,389,7139
2,108920,108920,0,0,56,56,1945,242,1945,2187
2,108936,27000,0,0,72,72,1513,9826,375,10201
2,108966,66,0,0,66,66,1651,6858,1,6859
2,108992,17600,0,0,64,64,1703,1922,275,2197
2,109004,68,0,0,68,68,1603,4374,1,4375
2,109004,5508,0,0,68,68,1603,5000,243,5243
2,109005,14235,0,0,65,65,1677,1978,219,2197
2,109080,12120,0,0,120,60,1818,7776,505,8281
2,109080,27000,0,0,72,72,1515,3362,375,3737
2,109089,2139,0,0,138,69,1581,19652,31,19683
2,109098,2842,0,0,58,58,1881,2152,147,2299
2,109098,14094,0,0,58,58,1881,1672,729,2401
2,109098,36366,0,0,132,66,1653,1324,551,1875
2,109098,98658,0,0,58,58,1881,8,5103,5111
2,109120,64,0,0,64,64,1705,3750,1,3751
2,109120,576,0,0,64,64,1705,6250,9,6259
2,109120,704,0,0,128,64,1705,2500,11,2511
2,109129,109129,0,0,61,61,1789,398,1789,2187
2,109214,58,0,0,116,58,1883,4900,1,4901
2,109265,57915,0,0,65,65,1681,2048,9801,11849
2,109312,896,0,0,128,64,1708,3200,49,3249
2,109327,21889,0,0,59,59,1853,128,2597,2725
2,109330,58,0,0,58,58,1885,4896,5,4901
2,109330,174,0,0,58,58,1885,6250,3,6253
2,109330,754,0,0,116,58,1885,3132,13,3145
2,109330,2262,0,0,58,58,1885,6728,117,6845
2,109330,2958,0,0,58,58,1885,2146,51,2197
2,109330,7830,0,0,58,58,1885,2738,135,2873
2,109330,48778,0,0,58,58,1885,8192,10933,19125
2,109330,53650,0,0,58,58,1885,288,4625,4913
2,109330,79402,0,0,58,58,1885,7250,1369,8619
2,109330,79402,0,0,58,58,1885,8704,12321,21025
2,109330,83694,0,0,58,58,1885,1682,1443,3125
2,109330,108750,0,0,58,58,1885,48778,1875,50653
2,109365,69,0,0,69,69,1585,7290,1,7291
2,109368,56,0,0,56,56,1953,4374,1,4375
2,109368,168,0,0,56,56,1953,4802,3,4805
2,109368,280,0,0,56,56,1953,12152,15,12167
2,109368,392,0,0,56,56,1953,32798,7,32805
2,109368,504,0,0,112,56,1953,2116,9,2125
2,109368,952,0,0,56,56,1953,2170,17,2187
2,109368,952,0,0,56,56,1953,12150,17,12167
2,109368,1736,0,0,112,56,1953,19652,31,19683
2,109368,4536,0,0,56,56,1953,5750,81,5831
2,109368,7560,0,0,56,56,1953,3968,945,4913
2,109368,13608,0,0,56,56,1953,8750,243,8993
2,109368,15624,0,0,56,56,1953,1288,837,2125
2,109368,68600,0,0,56,56,1953,384,8575,8959
2,109368,68600,0,0,56,56,1953,28566,1225,29791
2,109368,74088,0,0,56,56,1953,32,6615,6647
2,109368,95256,0,0,56,56,1953,17000,5103,22103
2,109368,105000,0,0,56,56,1953,3038,1875,4913
2,109395,65,0,0,65,65,1683,34374,1,34375
2,109395,15795,0,0,65,65,1683,5000,729,5729
2,109395,26325,0,0,65,65,1683,32,2025,2057
2,109411,67,0,0,67,67,1633,5750,1,5751
2,109411,1809,0,0,67,67,1633,5014,27,5041
2,109411,4757,0,0,134,67,1633,2116,71,2187
2,109411,7303,0,0,67,67,1633,3266,109,3375
2,109430,8370,0,0,62,62,1765,9728,1215,10943
2,109445,59,0,0,59,59,1855,2592,5,2597
2,109445,59,0,0,59,59,1855,4374,1,4375
2,109445,413,0,0,59,59,1855,5618,7,5625
2,109445,21889,0,0,59,59,1855,6190,371,6561
2,109445,60711,0,0,59,59,1855,8,3087,3095
2,109445,84429,0,0,59,59,1855,40,4293,4333
2,109494,109494,0,0,132,66,1659,9664,4977,14641
2,109500,60,0,0,60,60,1825,4374,1,4375
2,109500,4380,0,0,60,60,1825,2450,73,2523
2,109500,4860,0,0,60,60,1825,42632,243,42875
2,109500,7500,0,0,60,60,1825,4704,625,5329
2,109500,20580,0,0,60,60,1825,1682,343,2025
2,109500,20580,0,0,60,60,1825,9344,2401,11745
2,109554,1922,0,0,62,62,1767,2318,31,2349
2,109554,36518,0,0,124,62,1767,3132,589,3721
2,109611,57,0,0,57,57,1923,4374,1,4375
2,109611,50787,0,0,57,57,1923,32,4455,4487
2,109615,55,0,0,55,55,1993,4374,1,4375
2,109615,385,0,0,55,55,1993,3200,49,3249
2,109620,420,0,0,60,60,1827,27848,21,27869
2,109620,57660,0,0,60,60,1827,8,2883,2891
2,109632,64,0,0,64,64,1713,4374,1,4375
2,109695,71,0,0,71,71,1545,1750,1,1751
2,109695,71,0,0,71,71,1545,4374,1,4375
2,109695,71,0,0,71,71,1545,59534,1,59535
2,109695,71,0,0,71,71,1545,65610,1,65611
2,109695,213,0,0,71,71,1545,2176,21,2197
2,109695,497,0,0,71,71,1545,3750,7,3757
2,109695,923,0,0,71,71,1545,8330,13,8343
2,109695,1775,0,0,71,71,1545,9248,125,9373
2,109695,6035,0,0,71,71,1545,4374,85,4459
2,109695,6461,0,0,71,71,1545,8192,1183,9375
2,109695,8307,0,0,71,71,1545,1400,351,1751
2,109695,11999,0,0,71,71,1545,1854,169,2023
2,109695,15691,0,0,71,71,1545,640,1547,2187
2,109695,24353,0,0,71,71,1545,1854,343,2197
2,109695,31311,0,0,71,71,1545,6656,3969,10625
2,109695,35997,0,0,71,71,1545,3296,2535,5831
2,109695,65817,0,0,71,71,1545,2744,2781,5525
2,109695,95069,0,0,71,71,1545,686,1339,2025
2,109695,97767,0,0,71,71,1545,338,1377,1715
2,109719,73,0,0,73,73,1503,4374,1,4375
2,109725,55,0,0,55,55,1995,4374,1,4375
2,109725,385,0,0,55,55,1995,3200,49,3249
2,109725,35625,0,0,57,57,1925,32,3125,3157
2,109725,49875,0,0,57,57,1925,1312,4375,5687
2,109746,12194,0,0,134,67,1638,8192,1183,9375
2,109802,1426,0,0,62,62,1771,23814,23,23837
2,109809,63,0,0,63,63,1743,4374,1,4375
2,109809,63,0,0,63,63,1743,10368,7,10375
2,109809,63,0,0,63,63,1743,33614,1,33615
2,109809,15309,0,0,63,63,1743,34202,243,34445
2,109809,64827,0,0,63,63,1743,44672,7203,51875
2,109820,68,0,0,68,68,1615,4374,1,4375
2,109820,68,0,0,136,68,1615,1700,1,1701
2,109820,340,0,0,136,68,1615,2052,5,2057
2,109820,476,0,0,68,68,1615,2048,77,2125
2,109820,476,0,0,68,68,1615,3200,49,3249
2,109820,476,0,0,68,68,1615,20570,7,20577
2,109820,748,0,0,68,68,1615,2250,11,2261
2,109820,1156,0,0,68,68,1615,11858,17,11875
2,109820,1156,0,0,68,68,1615,68590,17,68607
2,109820,1156,0,0,136,68,1615,10108,17,10125
2,109820,1292,0,0,68,68,1615,6050,19,6069
2,109820,1292,0,0,68,68,1615,15606,19,15625
2,109820,1292,0,0,68,68,1615,36992,133,37125
2,109820,1292,0,0,136,68,1615,4356,19,4375
2,109820,1292,0,0,136,68,1615,15876,19,15895
2,109820,1428,0,0,68,68,1615,2312,63,2375
2,109820,3332,0,0,68,68,1615,2250,49,2299
2,109820,6732,0,0,68,68,1615,2432,693,3125
2,109820,9044,0,0,68,68,1615,3200,931,4131
2,109820,9996,0,0,68,68,1615,2584,441,3025
2,109820,11900,0,0,68,68,1615,5984,875,6859
2,109820,14212,0,0,68,68,1615,1666,209,1875
2,109820,16524,0,0,68,68,1615,1672,729,2401
2,109820,16660,0,0,68,68,1615,2662,245,2907
2,109820,19652,0,0,68,68,1615,2432,2023,4455
2,109820,21420,0,0,68,68,1615,4598,315,4913
2,109820,23324,0,0,68,68,1615,1782,343,2125
2,109820,23324,0,0,68,68,1615,1152,2401,3553
2,109820,24548,0,0,68,68,1615,6144,3971,10115
2,109820,27540,0,0,68,68,1615,32,2025,2057
2,109820,28900,0,0,68,68,1615,2662,425,3087
2,109820,36652,0,0,68,68,1615,4374,539,4913
2,109820,41140,0,0,68,68,1615,224,3025,3249
2,109820,42500,0,0,68,68,1615,512,5625,6137
2,109820,45900,0,0,68,68,1615,2888,2025,4913
2,109820,47124,0,0,68,68,1615,640,4851,5491
2,109820,49572,0,0,68,68,1615,2450,729,3179
2,109820,90508,0,0,68,68,1615,6250,1331,7581
2,109820,90508,0,0,68,68,1615,11552,6655,18207
2,109820,90508,0,0,68,68,1615,19494,1331,20825
2,109820,93500,0,0,68,68,1615,1026,1375,2401
2,109820,93636,0,0,68,68,1615,2744,4131,6875
2,109820,99484,0,0,68,68,1615,384,10241,10625
2,109917,20355,0,0,69,69,1593,7776,1475,9251
2,109917,58029,0,0,69,69,1593,6534,841,7375
2,109928,28392,0,0,56,56,1963,77312,4563,81875
2,109980,2340,0,0,120,60,1833,3008,117,3125
2,110040,56,0,0,56,56,1965,4374,1,4375
2,110040,19208,0,0,56,56,1965,128,2401,2529
2,110110,70,0,0,70,70,1573,4374,1,4375
2,110110,770,0,0,70,70,1573,1690,11,1701
2,110110,6370,0,0,70,70,1573,8192,1183,9375
2,110110,8470,0,0,70,70,1573,1352,363,1715
2,110110,20790,0,0,70,70,1573,512,2673,3185
2,110110,37730,0,0,70,70,1573,8,1617,1625
2,110110,37730,0,0,70,70,1573,16000,3773,19773
2,110110,51030,0,0,70,70,1573,88,2187,2275
2,110110,59290,0,0,70,70,1573,1350,847,2197
2,110110,93170,0,0,70,70,1573,294,1331,1625
2,110124,126,0,0,126,63,1748,12160,7,12167
2,110153,110153,0,0,59,59,1867,534,1867,2401
2,110181,41553,0,0,57,57,1933,77320,2187,79507
2,110187,56133,0,0,63,63,1749,136,2673,2809
2,110215,67,0,0,67,67,1645,4374,1,4375
2,110215,3149,0,0,67,67,1645,1952,235,2187
2,110215,16415,0,0,67,67,1645,1152,1715,2867
2,110215,37989,0,0,67,67,1645,32,2835,2867
2,110215,45225,0,0,67,67,1645,376,2025,2401
2,110215,48843,0,0,67,67,1645,24064,6561,30625
2,110250,70,0,0,70,70,1575,4374,1,4375
2,110250,70,0,0,70,70,1575,10368,7,10375
2,110250,70,0,0,70,70,1575,33614,1,33615
2,110250,490,0,0,70,70,1575,3200,49,3249
2,110250,15750,0,0,126,63,1750,4704,625,5329
2,110295,1539,0,0,57,57,1935,3698,27,3725
2,110295,2451,0,0,57,57,1935,15496,129,15625
2,110295,4617,0,0,57,57,1935,8192,1053,9245
2,110295,18525,0,0,57,57,1935,3698,325,4023
2,110295,76437,0,0,57,57,1935,1352,4023,5375
2,110295,105393,0,0,57,57,1935,338,1849,2187
2,110340,43740,0,0,60,60,1839,2104,2187,4291
2,110374,638,0,0,58,58,1903,3114,11,3125
2,110374,10034,0,0,116,58,1903,2500,173,2673
2,110376,72,0,0,72,72,1533,4374,1,4375
2,110376,5832,0,0,72,72,1533,42632,243,42875
2,110376,9000,0,0,72,72,1533,4704,625,5329
2,110400,64,0,0,64,64,1725,64000,9,64009
2,110400,64,0,0,64,64,1725,71874,1,71875
2,110400,1472,0,0,64,64,1725,19602,23,19625
2,110405,22081,0,0,71,71,1555,6250,311,6561
2,110449,27375,0,0,73,73,1513,9826,375,10201
2,110546,62,0,0,62,62,1783,4374,1,4375
2,110550,5346,0,0,66,66,1675,8192,1053,9245
2,110550,36894,0,0,66,66,1675,1250,559,1809
2,110550,39798,0,0,66,66,1675,40,1809,1849
2,110565,63,0,0,63,63,1755,4374,1,4375
2,110565,567,0,0,63,63,1755,3200,63,3263
2,110565,2205,0,0,63,63,1755,6526,35,6561
2,110565,3969,0,0,63,63,1755,2008,189,2197
2,110565,5733,0,0,63,63,1755,8192,1183,9375
2,110565,110565,0,0,63,63,1755,8032,8775,16807
2,110580,100860,0,0,60,60,1843,194,1681,1875
2,110593,61,0,0,61,61,1813,4374,1,4375
2,110593,671,0,0,61,61,1813,9250,11,9261
2,110593,83509,0,0,61,61,1813,83006,1369,84375
2,110595,27375,0,0,73,73,1515,3362,375,3737
2,110607,69,0,0,69,69,1603,4374,1,4375
2,110607,5589,0,0,69,69,1603,5000,243,5243
2,110617,67,0,0,67,67,1651,6858,1,6859
2,110670,62,0,0,62,62,1785,4374,1,4375
2,110682,14454,0,0,66,66,1677,1978,219,2197
2,110695,17875,0,0,65,65,1703,1922,275,2197
2,110715,61,0,0,61,61,1815,64000,9,64009
2,110715,61,0,0,61,61,1815,71874,1,71875
2,110715,671,0,0,61,61,1815,3634,11,3645
2,110715,7625,0,0,61,61,1815,1738,125,1863
2,110715,14457,0,0,61,61,1815,512,2133,2645
2,110715,22143,0,0,61,61,1815,14536,1089,15625
2,110715,41175,0,0,61,61,1815,5566,675,6241
2,110722,174,0,0,58,58,1909,2392,9,2401
2,110722,14094,0,0,58,58,1909,2158,243,2401
2,110722,68614,0,0,58,58,1909,1058,1183,2241
2,110751,36917,0,0,134,67,1653,1324,551,1875
2,110825,65,0,0,65,65,1705,3750,1,3751
2,110825,585,0,0,65,65,1705,6250,9,6259
2,110825,715,0,0,130,65,1705,2500,11,2511
2,110865,13851,0,0,57,57,1945,77800,729,78529
2,110865,22173,0,0,57,57,1945,6750,389,7139
2,110865,110865,0,0,57,57,1945,242,1945,2187
2,110898,12322,0,0,122,61,1818,7776,505,8281
2,110918,110918,0,0,62,62,1789,398,1789,2187
2,110946,58806,0,0,66,66,1681,2048,9801,11849
2,110950,70,0,0,70,70,1585,7290,1,7291
2,110979,2891,0,0,59,59,1881,2152,147,2299
2,110979,14337,0,0,59,59,1881,1672,729,2401
2,110979,100359,0,0,59,59,1881,8,5103,5111
2,111020,910,0,0,130,65,1708,3200,49,3249
2,111044,68,0,0,68,68,1633,5750,1,5751
2,111044,1836,0,0,68,68,1633,5014,27,5041
2,111044,4828,0,0,136,68,1633,2116,71,2187
2,111044,7412,0,0,68,68,1633,3266,109,3375
2,111078,66,0,0,66,66,1683,34374,1,34375
2,111078,16038,0,0,66,66,1683,5000,729,5729
2,111078,26730,0,0,66,66,1683,32,2025,2057
2,111097,59,0,0,118,59,1883,4900,1,4901
2,111153,111153,0,0,134,67,1659,9664,4977,14641
2,111180,22260,0,0,60,60,1853,128,2597,2725
2,111195,8505,0,0,63,63,1765,9728,1215,10943
2,111215,59,0,0,59,59,1885,4896,5,4901
2,111215,177,0,0,59,59,1885,6250,3,6253
2,111215,767,0,0,118,59,1885,3132,13,3145
2,111215,2301,0,0,59,59,1885,6728,117,6845
2,111215,3009,0,0,59,59,1885,2146,51,2197
2,111215,7965,0,0,59,59,1885,2738,135,2873
2,111215,49619,0,0,59,59,1885,8192,10933,19125
2,111215,54575,0,0,59,59,1885,288,4625,4913
2,111215,80771,0,0,59,59,1885,7250,1369,8619
2,111215,80771,0,0,59,59,1885,8704,12321,21025
2,111215,85137,0,0,59,59,1885,1682,1443,3125
2,111215,110625,0,0,59,59,1885,48778,1875,50653
2,111222,74,0,0,74,74,1503,4374,1,4375
2,111240,72,0,0,72,72,1545,1750,1,1751
2,111240,72,0,0,72,72,1545,4374,1,4375
2,111240,72,0,0,72,72,1545,59534,1,59535
2,111240,72,0,0,72,72,1545,65610,1,65611
2,111240,216,0,0,72,72,1545,2176,21,2197
2,111240,504,0,0,72,72,1545,3750,7,3757
2,111240,936,0,0,72,72,1545,8330,13,8343
2,111240,1800,0,0,72,72,1545,9248,125,9373
2,111240,6120,0,0,72,72,1545,4374,85,4459
2,111240,6552,0,0,72,72,1545,8192,1183,9375
2,111240,8424,0,0,72,72,1545,1400,351,1751
2,111240,12168,0,0,72,72,1545,1854,169,2023
2,111240,15912,0,0,72,72,1545,640,1547,2187
2,111240,24696,0,0,72,72,1545,1854,343,2197
2,111240,31752,0,0,72,72,1545,6656,3969,10625
2,111240,36504,0,0,72,72,1545,3296,2535,5831
2,111240,66744,0,0,72,72,1545,2744,2781,5525
2,111240,96408,0,0,72,72,1545,686,1339,2025
2,111240,99144,0,0,72,72,1545,338,1377,1715
2,111300,60,0,0,60,60,1855,2592,5,2597
2,111300,60,0,0,60,60,1855,4374,1,4375
2,111300,420,0,0,60,60,1855,5618,7,5625
2,111300,22260,0,0,60,60,1855,6190,371,6561
2,111300,61740,0,0,60,60,1855,8,3087,3095
2,111300,85860,0,0,60,60,1855,40,4293,4333
2,111321,57,0,0,57,57,1953,4374,1,4375
2,111321,171,0,0,57,57,1953,4802,3,4805
2,111321,285,0,0,57,57,1953,12152,15,12167
2,111321,399,0,0,57,57,1953,32798,7,32805
2,111321,513,0,0,114,57,1953,2116,9,2125
2,111321,969,0,0,57,57,1953,2170,17,2187
2,111321,969,0,0,57,57,1953,12150,17,12167
2,111321,1767,0,0,114,57,1953,19652,31,19683
2,111321,1953,0,0,63,63,1767,2318,31,2349
2,111321,4617,0,0,57,57,1953,5750,81,5831
2,111321,7695,0,0,57,57,1953,3968,945,4913
2,111321,13851,0,0,57,57,1953,8750,243,8993
2,111321,15903,0,0,57,57,1953,1288,837,2125
2,111321,37107,0,0,126,63,1767,3132,589,3721
2,111321,69825,0,0,57,57,1953,384,8575,8959
2,111321,69825,0,0,57,57,1953,28566,1225,29791
2,111321,75411,0,0,57,57,1953,32,6615,6647
2,111321,96957,0,0,57,57,1953,17000,5103,22103
2,111321,106875,0,0,57,57,1953,3038,1875,4913
2,111325,61,0,0,61,61,1825,4374,1,4375
2,111325,4453,0,0,61,61,1825,2450,73,2523
2,111325,4941,0,0,61,61,1825,42632,243,42875
2,111325,7625,0,0,61,61,1825,4704,625,5329
2,111325,20923,0,0,61,61,1825,1682,343,2025
2,111325,20923,0,0,61,61,1825,9344,2401,11745
2,111345,65,0,0,65,65,1713,4374,1,4375
2,111384,12376,0,0,136,68,1638,8192,1183,9375
2,111435,69,0,0,69,69,1615,4374,1,4375
2,111435,69,0,0,138,69,1615,1700,1,1701
2,111435,345,0,0,138,69,1615,2052,5,2057
2,111435,483,0,0,69,69,1615,2048,77,2125
2,111435,483,0,0,69,69,1615,3200,49,3249
2,111435,483,0,0,69,69,1615,20570,7,20577
2,111435,759,0,0,69,69,1615,2250,11,2261
2,111435,1173,0,0,69,69,1615,11858,17,11875
2,111435,1173,0,0,69,69,1615,68590,17,68607
2,111435,1173,0,0,138,69,1615,10108,17,10125
2,111435,1311,0,0,69,69,1615,6050,19,6069
2,111435,1311,0,0,69,69,1615,15606,19,15625
2,111435,1311,0,0,69,69,1615,36992,133,37125
2,111435,1311,0,0,138,69,1615,4356,19,4375
2,111435,1311,0,0,138,69,1615,15876,19,15895
2,111435,1449,0,0,69,69,1615,2312,63,2375
2,111435,3381,0,0,69,69,1615,2250,49,2299
2,111435,6831,0,0,69,69,1615,2432,693,3125
2,111435,9177,0,0,69,69,1615,3200,931,4131
2,111435,10143,0,0,69,69,1615,2584,441,3025
2,111435,12075,0,0,69,69,1615,5984,875,6859
2,111435,14421,0,0,69,69,1615,1666,209,1875
2,111435,16767,0,0,69,69,1615,1672,729,2401
2,111435,16905,0,0,69,69,1615,2662,245,2907
2,111435,19941,0,0,69,69,1615,2432,2023,4455
2,111435,21735,0,0,69,69,1615,4598,315,4913
2,111435,23667,0,0,69,69,1615,1782,343,2125
2,111435,23667,0,0,69,69,1615,1152,2401,3553
2,111435,24909,0,0,69,69,1615,6144,3971,10115
2,111435,27945,0,0,69,69,1615,32,2025,2057
2,111435,29325,0,0,69,69,1615,2662,425,3087
2,111435,37191,0,0,69,69,1615,4374,539,4913
2,111435,41745,0,0,69,69,1615,224,3025,3249
2,111435,43125,0,0,69,69,1615,512,5625,6137
2,111435,46575,0,0,69,69,1615,2888,2025,4913
2,111435,47817,0,0,69,69,1615,640,4851,5491
2,111435,50301,0,0,69,69,1615,2450,729,3179
2,111435,91839,0,0,69,69,1615,6250,1331,7581
2,111435,91839,0,0,69,69,1615,11552,6655,18207
2,111435,91839,0,0,69,69,1615,19494,1331,20825
2,111435,94875,0,0,69,69,1615,1026,1375,2401
2,111435,95013,0,0,69,69,1615,2744,4131,6875
2,111435,100947,0,0,69,69,1615,384,10241,10625
2,111447,427,0,0,61,61,1827,27848,21,27869
2,111447,58621,0,0,61,61,1827,8,2883,2891
2,111510,20650,0,0,70,70,1593,7776,1475,9251
2,111510,58870,0,0,70,70,1593,6534,841,7375
2,111534,58,0,0,58,58,1923,4374,1,4375
2,111534,51678,0,0,58,58,1923,32,4455,4487
2,111552,64,0,0,64,64,1743,4374,1,4375
2,111552,64,0,0,64,64,1743,10368,7,10375
2,111552,64,0,0,64,64,1743,33614,1,33615
2,111552,15552,0,0,64,64,1743,34202,243,34445
2,111552,65856,0,0,64,64,1743,44672,7203,51875
2,111573,1449,0,0,63,63,1771,23814,23,23837
2,111608,56,0,0,56,56,1993,4374,1,4375
2,111608,392,0,0,56,56,1993,3200,49,3249
2,111650,36250,0,0,58,58,1925,32,3125,3157
2,111650,50750,0,0,58,58,1925,1312,4375,5687
2,111683,71,0,0,71,71,1573,4374,1,4375
2,111683,781,0,0,71,71,1573,1690,11,1701
2,111683,6461,0,0,71,71,1573,8192,1183,9375
2,111683,8591,0,0,71,71,1573,1352,363,1715
2,111683,21087,0,0,71,71,1573,512,2673,3185
2,111683,38269,0,0,71,71,1573,8,1617,1625
2,111683,38269,0,0,71,71,1573,16000,3773,19773
2,111683,51759,0,0,71,71,1573,88,2187,2275
2,111683,60137,0,0,71,71,1573,1350,847,2197
2,111683,94501,0,0,71,71,1573,294,1331,1625
2,111720,56,0,0,56,56,1995,4374,1,4375
2,111720,392,0,0,56,56,1995,3200,49,3249
2,111813,2379,0,0,122,61,1833,3008,117,3125
2,111825,71,0,0,71,71,1575,4374,1,4375
2,111825,71,0,0,71,71,1575,10368,7,10375
2,111825,71,0,0,71,71,1575,33614,1,33615
2,111825,497,0,0,71,71,1575,3200,49,3249
2,111860,68,0,0,68,68,1645,4374,1,4375
2,111860,3196,0,0,68,68,1645,1952,235,2187
2,111860,16660,0,0,68,68,1645,1152,1715,2867
2,111860,38556,0,0,68,68,1645,32,2835,2867
2,111860,45900,0,0,68,68,1645,376,2025,2401
2,111860,49572,0,0,68,68,1645,24064,6561,30625
2,111872,128,0,0,128,64,1748,12160,7,12167
2,111891,28899,0,0,57,57,1963,77312,4563,81875
2,111909,73,0,0,73,73,1533,4374,1,4375
2,111909,5913,0,0,73,73,1533,42632,243,42875
2,111909,9125,0,0,73,73,1533,4704,625,5329
2,111936,57024,0,0,64,64,1749,136,2673,2809
2,111960,22392,0,0,72,72,1555,6250,311,6561
2,111962,27750,0,0,74,74,1513,9826,375,10201
2,112000,16000,0,0,128,64,1750,4704,625,5329
2,112005,57,0,0,57,57,1965,4374,1,4375
2,112005,19551,0,0,57,57,1965,128,2401,2529
2,112020,112020,0,0,60,60,1867,534,1867,2401
2,112110,27750,0,0,74,74,1515,3362,375,3737
2,112114,42282,0,0,58,58,1933,77320,2187,79507
2,112125,65,0,0,65,65,1725,64000,9,64009
2,112125,65,0,0,65,65,1725,71874,1,71875
2,112125,1495,0,0,65,65,1725,19602,23,19625
2,112179,44469,0,0,61,61,1839,2104,2187,4291
2,112210,70,0,0,70,70,1603,4374,1,4375
2,112210,5670,0,0,70,70,1603,5000,243,5243
2,112225,5427,0,0,67,67,1675,8192,1053,9245
2,112225,37453,0,0,67,67,1675,1250,559,1809
2,112225,40401,0,0,67,67,1675,40,1809,1849
2,112230,1566,0,0,58,58,1935,3698,27,3725
2,112230,2494,0,0,58,58,1935,15496,129,15625
2,112230,4698,0,0,58,58,1935,8192,1053,9245
2,112230,18850,0,0,58,58,1935,3698,325,4023
2,112230,77778,0,0,58,58,1935,1352,4023,5375
2,112230,107242,0,0,58,58,1935,338,1849,2187
2,112268,68,0,0,68,68,1651,6858,1,6859
2,112277,649,0,0,59,59,1903,3114,11,3125
2,112277,10207,0,0,118,59,1903,2500,173,2673
2,112320,64,0,0,64,64,1755,4374,1,4375
2,112320,576,0,0,64,64,1755,3200,63,3263
2,112320,2240,0,0,64,64,1755,6526,35,6561
2,112320,4032,0,0,64,64,1755,2008,189,2197
2,112320,5824,0,0,64,64,1755,8192,1183,9375
2,112320,112320,0,0,64,64,1755,8032,8775,16807
2,112329,63,0,0,63,63,1783,4374,1,4375
2,112359,14673,0,0,67,67,1677,1978,219,2197
2,112398,18150,0,0,66,66,1703,1922,275,2197
2,112404,37468,0,0,136,68,1653,1324,551,1875
2,112406,62,0,0,62,62,1813,4374,1,4375
2,112406,682,0,0,62,62,1813,9250,11,9261
2,112406,84878,0,0,62,62,1813,83006,1369,84375
2,112423,102541,0,0,61,61,1843,194,1681,1875
2,112455,63,0,0,63,63,1785,4374,1,4375
2,112530,62,0,0,62,62,1815,64000,9,64009
2,112530,62,0,0,62,62,1815,71874,1,71875
2,112530,66,0,0,66,66,1705,3750,1,3751
2,112530,594,0,0,66,66,1705,6250,9,6259
2,112530,682,0,0,62,62,1815,3634,11,3645
2,112530,726,0,0,132,66,1705,2500,11,2511
2,112530,7750,0,0,62,62,1815,1738,125,1863
2,112530,14694,0,0,62,62,1815,512,2133,2645
2,112530,22506,0,0,62,62,1815,14536,1089,15625
2,112530,41850,0,0,62,62,1815,5566,675,6241
2,112535,71,0,0,71,71,1585,7290,1,7291
2,112627,59697,0,0,67,67,1681,2048,9801,11849
2,112631,177,0,0,59,59,1909,2392,9,2401
2,112631,14337,0,0,59,59,1909,2158,243,2401
2,112631,69797,0,0,59,59,1909,1058,1183,2241
2,112677,69,0,0,69,69,1633,5750,1,5751
2,112677,1863,0,0,69,69,1633,5014,27,5041
2,112677,4899,0,0,138,69,1633,2116,71,2187
2,112677,7521,0,0,69,69,1633,3266,109,3375
2,112707,112707,0,0,63,63,1789,398,1789,2187
2,112716,12524,0,0,124,62,1818,7776,505,8281
2,112725,75,0,0,75,75,1503,4374,1,4375
2,112728,924,0,0,132,66,1708,3200,49,3249
2,112761,67,0,0,67,67,1683,34374,1,34375
2,112761,16281,0,0,67,67,1683,5000,729,5729
2,112761,27135,0,0,67,67,1683,32,2025,2057
2,112785,73,0,0,73,73,1545,1750,1,1751
2,112785,73,0,0,73,73,1545,4374,1,4375
2,112785,73,0,0,73,73,1545,59534,1,59535
2,112785,73,0,0,73,73,1545,65610,1,65611
2,112785,219,0,0,73,73,1545,2176,21,2197
2,112785,511,0,0,73,73,1545,3750,7,3757
2,112785,949,0,0,73,73,1545,8330,13,8343
2,112785,1825,0,0,73,73,1545,9248,125,9373
2,112785,6205,0,0,73,73,1545,4374,85,4459
2,112785,6643,0,0,73,73,1545,8192,1183,9375
2,112785,8541,0,0,73,73,1545,1400,351,1751
2,112785,12337,0,0,73,73,1545,1854,169,2023
2,112785,16133,0,0,73,73,1545,640,1547,2187
2,112785,25039,0,0,73,73,1545,1854,343,2197
2,112785,32193,0,0,73,73,1545,6656,3969,10625
2,112785,37011,0,0,73,73,1545,3296,2535,5831
2,112785,67671,0,0,73,73,1545,2744,2781,5525
2,112785,97747,0,0,73,73,1545,686,1339,2025
2,112785,100521,0,0,73,73,1545,338,1377,1715
2,112810,14094,0,0,58,58,1945,77800,729,78529
2,112810,22562,0,0,58,58,1945,6750,389,7139
2,112810,112810,0,0,58,58,1945,242,1945,2187
2,112812,112812,0,0,136,68,1659,9664,4977,14641
2,112860,2940,0,0,60,60,1881,2152,147,2299
2,112860,14580,0,0,60,60,1881,1672,729,2401
2,112860,102060,0,0,60,60,1881,8,5103,5111
2,112960,8640,0,0,64,64,1765,9728,1215,10943
2,112980,60,0,0,120,60,1883,4900,1,4901
2,113022,12558,0,0,138,69,1638,8192,1183,9375
2,113033,22631,0,0,61,61,1853,128,2597,2725
2,113050,70,0,0,70,70,1615,4374,1,4375
2,113050,490,0,0,70,70,1615,2048,77,2125
2,113050,490,0,0,70,70,1615,3200,49,3249
2,113050,490,0,0,70,70,1615,20570,7,20577
2,113050,770,0,0,70,70,1615,2250,11,2261
2,113050,1190,0,0,70,70,1615,11858,17,11875
2,113050,1190,0,0,70,70,1615,68590,17,68607
2,113050,1330,0,0,70,70,1615,6050,19,6069
2,113050,1330,0,0,70,70,1615,15606,19,15625
2,113050,1330,0,0,70,70,1615,36992,133,37125
2,113050,1470,0,0,70,70,1615,2312,63,2375
2,113050,3430,0,0,70,70,1615,2250,49,2299
2,113050,6930,0,0,70,70,1615,2432,693,3125
2,113050,9310,0,0,70,70,1615,3200,931,4131
2,113050,10290,0,0,70,70,1615,2584,441,3025
2,113050,12250,0,0,70,70,1615,5984,875,6859
2,113050,14630,0,0,70,70,1615,1666,209,1875
2,113050,17010,0,0,70,70,1615,1672,729,2401
2,113050,17150,0,0,70,70,1615,2662,245,2907
2,113050,20230,0,0,70,70,1615,2432,2023,4455
2,113050,22050,0,0,70,70,1615,4598,315,4913
2,113050,24010,0,0,70,70,1615,1782,343,2125
2,113050,24010,0,0,70,70,1615,1152,2401,3553
2,113050,25270,0,0,70,70,1615,6144,3971,10115
2,113050,28350,0,0,70,70,1615,32,2025,2057
2,113050,29750,0,0,70,70,1615,2662,425,3087
2,113050,37730,0,0,70,70,1615,4374,539,4913
2,113050,42350,0,0,70,70,1615,224,3025,3249
2,113050,43750,0,0,70,70,1615,512,5625,6137
2,113050,47250,0,0,70,70,1615,2888,2025,4913
2,113050,48510,0,0,70,70,1615,640,4851,5491
2,113050,51030,0,0,70,70,1615,2450,729,3179
2,113050,93170,0,0,70,70,1615,6250,1331,7581
2,113050,93170,0,0,70,70,1615,11552,6655,18207
2,113050,93170,0,0,70,70,1615,19494,1331,20825
2,113050,96250,0,0,70,70,1615,1026,1375,2401
2,113050,96390,0,0,70,70,1615,2744,4131,6875
2,113050,102410,0,0,70,70,1615,384,10241,10625
2,113058,66,0,0,66,66,1713,4374,1,4375
2,113088,1984,0,0,64,64,1767,2318,31,2349
2,113088,37696,0,0,128,64,1767,3132,589,3721
2,113100,60,0,0,60,60,1885,4896,5,4901
2,113100,180,0,0,60,60,1885,6250,3,6253
2,113100,780,0,0,120,60,1885,3132,13,3145
2,113100,2340,0,0,60,60,1885,6728,117,6845
2,113100,3060,0,0,60,60,1885,2146,51,2197
2,113100,8100,0,0,60,60,1885,2738,135,2873
2,113100,50460,0,0,60,60,1885,8192,10933,19125
2,113100,55500,0,0,60,60,1885,288,4625,4913
2,113100,82140,0,0,60,60,1885,7250,1369,8619
2,113100,82140,0,0,60,60,1885,8704,12321,21025
2,113100,86580,0,0,60,60,1885,1682,1443,3125
2,113100,112500,0,0,60,60,1885,48778,1875,50653
2,113103,20945,0,0,71,71,1593,7776,1475,9251
2,113103,59711,0,0,71,71,1593,6534,841,7375
2,113150,62,0,0,62,62,1825,4374,1,4375
2,113150,4526,0,0,62,62,1825,2450,73,2523
2,113150,5022,0,0,62,62,1825,42632,243,42875
2,113150,7750,0,0,62,62,1825,4704,625,5329
2,113150,21266,0,0,62,62,1825,1682,343,2025
2,113150,21266,0,0,62,62,1825,9344,2401,11745
2,113155,61,0,0,61,61,1855,2592,5,2597
2,113155,61,0,0,61,61,1855,4374,1,4375
2,113155,427,0,0,61,61,1855,5618,7,5625
2,113155,22631,0,0,61,61,1855,6190,371,6561
2,113155,62769,0,0,61,61,1855,8,3087,3095
2,113155,87291,0,0,61,61,1855,40,4293,4333
2,113256,72,0,0,72,72,1573,4374,1,4375
2,113256,792,0,0,72,72,1573,1690,11,1701
2,113256,6552,0,0,72,72,1573,8192,1183,9375
2,113256,8712,0,0,72,72,1573,1352,363,1715
2,113256,21384,0,0,72,72,1573,512,2673,3185
2,113256,38808,0,0,72,72,1573,8,1617,1625
2,113256,38808,0,0,72,72,1573,16000,3773,19773
2,113256,52488,0,0,72,72,1573,88,2187,2275
2,113256,60984,0,0,72,72,1573,1350,847,2197
2,113256,95832,0,0,72,72,1573,294,1331,1625
2,113274,58,0,0,58,58,1953,4374,1,4375
2,113274,174,0,0,58,58,1953,4802,3,4805
2,113274,290,0,0,58,58,1953,12152,15,12167
2,113274,406,0,0,58,58,1953,32798,7,32805
2,113274,434,0,0,62,62,1827,27848,21,27869
2,113274,522,0,0,116,58,1953,2116,9,2125
2,113274,986,0,0,58,58,1953,2170,17,2187
2,113274,986,0,0,58,58,1953,12150,17,12167
2,113274,1798,0,0,116,58,1953,19652,31,19683
2,113274,4698,0,0,58,58,1953,5750,81,5831
2,113274,7830,0,0,58,58,1953,3968,945,4913
2,113274,14094,0,0,58,58,1953,8750,243,8993
2,113274,16182,0,0,58,58,1953,1288,837,2125
2,113274,59582,0,0,62,62,1827,8,2883,2891
2,113274,71050,0,0,58,58,1953,384,8575,8959
2,113274,71050,0,0,58,58,1953,28566,1225,29791
2,113274,76734,0,0,58,58,1953,32,6615,6647
2,113274,98658,0,0,58,58,1953,17000,5103,22103
2,113274,108750,0,0,58,58,1953,3038,1875,4913
2,113295,65,0,0,65,65,1743,4374,1,4375
2,113295,65,0,0,65,65,1743,10368,7,10375
2,113295,65,0,0,65,65,1743,33614,1,33615
2,113295,15795,0,0,65,65,1743,34202,243,34445
2,113295,66885,0,0,65,65,1743,44672,7203,51875
2,113344,1472,0,0,64,64,1771,23814,23,23837
2,113400,72,0,0,72,72,1575,4374,1,4375
2,113400,72,0,0,72,72,1575,10368,7,10375
2,113400,72,0,0,72,72,1575,33614,1,33615
2,113400,504,0,0,72,72,1575,3200,49,3249
2,113442,74,0,0,74,74,1533,4374,1,4375
2,113442,5994,0,0,74,74,1533,42632,243,42875
2,113442,9250,0,0,74,74,1533,4704,625,5329
2,113457,59,0,0,59,59,1923,4374,1,4375
2,113457,52569,0,0,59,59,1923,32,4455,4487
2,113475,28125,0,0,75,75,1513,9826,375,10201
2,113505,69,0,0,69,69,1645,4374,1,4375
2,113505,3243,0,0,69,69,1645,1952,235,2187
2,113505,16905,0,0,69,69,1645,1152,1715,2867
2,113505,39123,0,0,69,69,1645,32,2835,2867
2,113505,46575,0,0,69,69,1645,376,2025,2401
2,113505,50301,0,0,69,69,1645,24064,6561,30625
2,113515,22703,0,0,73,73,1555,6250,311,6561
2,113575,36875,0,0,59,59,1925,32,3125,3157
2,113575,51625,0,0,59,59,1925,1312,4375,5687
2,113601,57,0,0,57,57,1993,4374,1,4375
2,113601,399,0,0,57,57,1993,3200,49,3249
2,113620,130,0,0,130,65,1748,12160,7,12167
2,113625,28125,0,0,75,75,1515,3362,375,3737
2,113646,2418,0,0,124,62,1833,3008,117,3125
2,113685,57915,0,0,65,65,1749,136,2673,2809
2,113715,57,0,0,57,57,1995,4374,1,4375
2,113715,399,0,0,57,57,1995,3200,49,3249
2,113750,16250,0,0,130,65,1750,4704,625,5329
2,113813,71,0,0,71,71,1603,4374,1,4375
2,113813,5751,0,0,71,71,1603,5000,243,5243
2,113850,66,0,0,66,66,1725,64000,9,64009
2,113850,66,0,0,66,66,1725,71874,1,71875
2,113850,1518,0,0,66,66,1725,19602,23,19625
2,113854,29406,0,0,58,58,1963,77312,4563,81875
2,113887,113887,0,0,61,61,1867,534,1867,2401
2,113900,5508,0,0,68,68,1675,8192,1053,9245
2,113900,38012,0,0,68,68,1675,1250,559,1809
2,113900,41004,0,0,68,68,1675,40,1809,1849
2,113919,69,0,0,69,69,1651,6858,1,6859
2,113970,58,0,0,58,58,1965,4374,1,4375
2,113970,19894,0,0,58,58,1965,128,2401,2529
2,114018,45198,0,0,62,62,1839,2104,2187,4291
2,114036,14892,0,0,68,68,1677,1978,219,2197
2,114047,43011,0,0,59,59,1933,77320,2187,79507
2,114057,38019,0,0,138,69,1653,1324,551,1875
2,114075,65,0,0,65,65,1755,4374,1,4375
2,114075,585,0,0,65,65,1755,3200,63,3263
2,114075,2275,0,0,65,65,1755,6526,35,6561
2,114075,4095,0,0,65,65,1755,2008,189,2197
2,114075,5915,0,0,65,65,1755,8192,1183,9375
2,114075,114075,0,0,65,65,1755,8032,8775,16807
2,114101,18425,0,0,67,67,1703,1922,275,2197
2,114112,64,0,0,64,64,1783,4374,1,4375
2,114120,72,0,0,72,72,1585,7290,1,7291
2,114165,1593,0,0,59,59,1935,3698,27,3725
2,114165,2537,0,0,59,59,1935,15496,129,15625
2,114165,4779,0,0,59,59,1935,8192,1053,9245
2,114165,19175,0,0,59,59,1935,3698,325,4023
2,114165,79119,0,0,59,59,1935,1352,4023,5375
2,114165,109091,0,0,59,59,1935,338,1849,2187
2,114180,660,0,0,60,60,1903,3114,11,3125
2,114180,10380,0,0,120,60,1903,2500,173,2673
2,114219,63,0,0,63,63,1813,4374,1,4375
2,114219,693,0,0,63,63,1813,9250,11,9261
2,114219,86247,0,0,63,63,1813,83006,1369,84375
2,114228,76,0,0,76,76,1503,4374,1,4375
2,114235,67,0,0,67,67,1705,3750,1,3751
2,114235,603,0,0,67,67,1705,6250,9,6259
2,114235,737,0,0,134,67,1705,2500,11,2511
2,114240,64,0,0,64,64,1785,4374,1,4375
2,114266,104222,0,0,62,62,1843,194,1681,1875
2,114308,60588,0,0,68,68,1681,2048,9801,11849
2,114310,70,0,0,70,70,1633,5750,1,5751
2,114310,1890,0,0,70,70,1633,5014,27,5041
2,114310,7630,0,0,70,70,1633,3266,109,3375
2,114330,74,0,0,74,74,1545,1750,1,1751
2,114330,74,0,0,74,74,1545,4374,1,4375
2,114330,74,0,0,74,74,1545,59534,1,59535
2,114330,74,0,0,74,74,1545,65610,1,65611
2,114330,222,0,0,74,74,1545,2176,21,2197
2,114330,518,0,0,74,74,1545,3750,7,3757
2,114330,962,0,0,74,74,1545,8330,13,8343
2,114330,1850,0,0,74,74,1545,9248,125,9373
2,114330,6290,0,0,74,74,1545,4374,85,4459
2,114330,6734,0,0,74,74,1545,8192,1183,9375
2,114330,8658,0,0,74,74,1545,1400,351,1751
2,114330,12506,0,0,74,74,1545,1854,169,2023
2,114330,16354,0,0,74,74,1545,640,1547,2187
2,114330,25382,0,0,74,74,1545,1854,343,2197
2,114330,32634,0,0,74,74,1545,6656,3969,10625
2,114330,37518,0,0,74,74,1545,3296,2535,5831
2,114330,68598,0,0,74,74,1545,2744,2781,5525
2,114330,99086,0,0,74,74,1545,686,1339,2025
2,114330,101898,0,0,74,74,1545,338,1377,1715
2,114345,63,0,0,63,63,1815,64000,9,64009
2,114345,63,0,0,63,63,1815,71874,1,71875
2,114345,693,0,0,63,63,1815,3634,11,3645
2,114345,7875,0,0,63,63,1815,1738,125,1863
2,114345,14931,0,0,63,63,1815,512,2133,2645
2,114345,22869,0,0,63,63,1815,14536,1089,15625
2,114345,42525,0,0,63,63,1815,5566,675,6241
2,114436,938,0,0,134,67,1708,3200,49,3249
2,114444,68,0,0,68,68,1683,34374,1,34375
2,114444,16524,0,0,68,68,1683,5000,729,5729
2,114444,27540,0,0,68,68,1683,32,2025,2057
2,114471,114471,0,0,138,69,1659,9664,4977,14641
2,114496,114496,0,0,64,64,1789,398,1789,2187
2,114534,12726,0,0,126,63,1818,7776,505,8281
2,114540,180,0,0,60,60,1909,2392,9,2401
2,114540,14580,0,0,60,60,1909,2158,243,2401
2,114540,70980,0,0,60,60,1909,1058,1183,2241
2,114665,71,0,0,71,71,1615,4374,1,4375
2,114665,497,0,0,71,71,1615,2048,77,2125
2,114665,497,0,0,71,71,1615,3200,49,3249
2,114665,497,0,0,71,71,1615,20570,7,20577
2,114665,781,0,0,71,71,1615,2250,11,2261
2,114665,1207,0,0,71,71,1615,11858,17,11875
2,114665,1207,0,0,71,71,1615,68590,17,68607
2,114665,1349,0,0,71,71,1615,6050,19,6069
2,114665,1349,0,0,71,71,1615,15606,19,15625
2,114665,1349,0,0,71,71,1615,36992,133,37125
2,114665,1491,0,0,71,71,1615,2312,63,2375
2,114665,3479,0,0,71,71,1615,2250,49,2299
2,114665,7029,0,0,71,71,1615,2432,693,3125
2,114665,9443,0,0,71,71,1615,3200,931,4131
2,114665,10437,0,0,71,71,1615,2584,441,3025
2,114665,12425,0,0,71,71,1615,5984,875,6859
2,114665,14839,0,0,71,71,1615,1666,209,1875
2,114665,17253,0,0,71,71,1615,1672,729,2401
2,114665,17395,0,0,71,71,1615,2662,245,2907
2,114665,20519,0,0,71,71,1615,2432,2023,4455
2,114665,22365,0,0,71,71,1615,4598,315,4913
2,114665,24353,0,0,71,71,1615,1782,343,2125
2,114665,24353,0,0,71,71,1615,1152,2401,3553
2,114665,25631,0,0,71,71,1615,6144,3971,10115
2,114665,28755,0,0,71,71,1615,32,2025,2057
2,114665,30175,0,0,71,71,1615,2662,425,3087
2,114665,38269,0,0,71,71,1615,4374,539,4913
2,114665,42955,0,0,71,71,1615,224,3025,3249
2,114665,44375,0,0,71,71,1615,512,5625,6137
2,114665,47925,0,0,71,71,1615,2888,2025,4913
2,114665,49203,0,0,71,71,1615,640,4851,5491
2,114665,51759,0,0,71,71,1615,2450,729,3179
2,114665,94501,0,0,71,71,1615,6250,1331,7581
2,114665,94501,0,0,71,71,1615,11552,6655,18207
2,114665,94501,0,0,71,71,1615,19494,1331,20825
2,114665,97625,0,0,71,71,1615,1026,1375,2401
2,114665,97767,0,0,71,71,1615,2744,4131,6875
2,114665,103873,0,0,71,71,1615,384,10241,10625
2,114696,21240,0,0,72,72,1593,7776,1475,9251
2,114696,60552,0,0,72,72,1593,6534,841,7375
2,114725,8775,0,0,65,65,1765,9728,1215,10943
2,114741,2989,0,0,61,61,1881,2152,147,2299
2,114741,14823,0,0,61,61,1881,1672,729,2401
2,114741,103761,0,0,61,61,1881,8,5103,5111
2,114755,14337,0,0,59,59,1945,77800,729,78529
2,114755,22951,0,0,59,59,1945,6750,389,7139
2,114755,114755,0,0,59,59,1945,242,1945,2187
2,114771,67,0,0,67,67,1713,4374,1,4375
2,114829,73,0,0,73,73,1573,4374,1,4375
2,114829,803,0,0,73,73,1573,1690,11,1701
2,114829,6643,0,0,73,73,1573,8192,1183,9375
2,114829,8833,0,0,73,73,1573,1352,363,1715
2,114829,21681,0,0,73,73,1573,512,2673,3185
2,114829,39347,0,0,73,73,1573,8,1617,1625
2,114829,39347,0,0,73,73,1573,16000,3773,19773
2,114829,53217,0,0,73,73,1573,88,2187,2275
2,114829,61831,0,0,73,73,1573,1350,847,2197
2,114829,97163,0,0,73,73,1573,294,1331,1625
2,114855,2015,0,0,65,65,1767,2318,31,2349
2,114855,38285,0,0,130,65,1767,3132,589,3721
2,114863,61,0,0,122,61,1883,4900,1,4901
2,114886,23002,0,0,62,62,1853,128,2597,2725
2,114975,63,0,0,63,63,1825,4374,1,4375
2,114975,73,0,0,73,73,1575,4374,1,4375
2,114975,73,0,0,73,73,1575,10368,7,10375
2,114975,73,0,0,73,73,1575,33614,1,33615
2,114975,75,0,0,75,75,1533,4374,1,4375
2,114975,511,0,0,73,73,1575,3200,49,3249
2,114975,4599,0,0,63,63,1825,2450,73,2523
2,114975,5103,0,0,63,63,1825,42632,243,42875
2,114975,6075,0,0,75,75,1533,42632,243,42875
2,114975,7875,0,0,63,63,1825,4704,625,5329
2,114975,9375,0,0,75,75,1533,4704,625,5329
2,114975,21609,0,0,63,63,1825,1682,343,2025
2,114975,21609,0,0,63,63,1825,9344,2401,11745
2,114985,61,0,0,61,61,1885,4896,5,4901
2,114985,183,0,0,61,61,1885,6250,3,6253
2,114985,793,0,0,122,61,1885,3132,13,3145
2,114985,2379,0,0,61,61,1885,6728,117,6845
2,114985,3111,0,0,61,61,1885,2146,51,2197
2,114985,8235,0,0,61,61,1885,2738,135,2873
2,114985,51301,0,0,61,61,1885,8192,10933,19125
2,114985,56425,0,0,61,61,1885,288,4625,4913
2,114985,83509,0,0,61,61,1885,7250,1369,8619
2,114985,83509,0,0,61,61,1885,8704,12321,21025
2,114985,88023,0,0,61,61,1885,1682,1443,3125
2,114985,114375,0,0,61,61,1885,48778,1875,50653
2,114988,28500,0,0,76,76,1513,9826,375,10201
2,115010,62,0,0,62,62,1855,2592,5,2597
2,115010,62,0,0,62,62,1855,4374,1,4375
2,115010,434,0,0,62,62,1855,5618,7,5625
2,115010,23002,0,0,62,62,1855,6190,371,6561
2,115010,63798,0,0,62,62,1855,8,3087,3095
2,115010,88722,0,0,62,62,1855,40,4293,4333
2,115038,66,0,0,66,66,1743,4374,1,4375
2,115038,66,0,0,66,66,1743,10368,7,10375
2,115038,66,0,0,66,66,1743,33614,1,33615
2,115038,16038,0,0,66,66,1743,34202,243,34445
2,115038,67914,0,0,66,66,1743,44672,7203,51875
2,115070,23014,0,0,74,74,1555,6250,311,6561
2,115101,441,0,0,63,63,1827,27848,21,27869
2,115101,60543,0,0,63,63,1827,8,2883,2891
2,115115,1495,0,0,65,65,1771,23814,23,23837
2,115140,28500,0,0,76,76,1515,3362,375,3737
2,115150,70,0,0,70,70,1645,4374,1,4375
2,115150,3290,0,0,70,70,1645,1952,235,2187
2,115150,17150,0,0,70,70,1645,1152,1715,2867
2,115150,39690,0,0,70,70,1645,32,2835,2867
2,115150,47250,0,0,70,70,1645,376,2025,2401
2,115150,51030,0,0,70,70,1645,24064,6561,30625
2,115227,59,0,0,59,59,1953,4374,1,4375
2,115227,177,0,0,59,59,1953,4802,3,4805
2,115227,295,0,0,59,59,1953,12152,15,12167
2,115227,413,0,0,59,59,1953,32798,7,32805
2,115227,531,0,0,118,59,1953,2116,9,2125
2,115227,1003,0,0,59,59,1953,2170,17,2187
2,115227,1003,0,0,59,59,1953,12150,17,12167
2,115227,1829,0,0,118,59,1953,19652,31,19683
2,115227,4779,0,0,59,59,1953,5750,81,5831
2,115227,7965,0,0,59,59,1953,3968,945,4913
2,115227,14337,0,0,59,59,1953,8750,243,8993
2,115227,16461,0,0,59,59,1953,1288,837,2125
2,115227,72275,0,0,59,59,1953,384,8575,8959
2,115227,72275,0,0,59,59,1953,28566,1225,29791
2,115227,78057,0,0,59,59,1953,32,6615,6647
2,115227,100359,0,0,59,59,1953,17000,5103,22103
2,115227,110625,0,0,59,59,1953,3038,1875,4913
2,115368,132,0,0,132,66,1748,12160,7,12167
2,115380,60,0,0,60,60,1923,4374,1,4375
2,115380,53460,0,0,60,60,1923,32,4455,4487
2,115416,72,0,0,72,72,1603,4374,1,4375
2,115416,5832,0,0,72,72,1603,5000,243,5243
2,115434,58806,0,0,66,66,1749,136,2673,2809
2,115479,2457,0,0,126,63,1833,3008,117,3125
2,115500,16500,0,0,132,66,1750,4704,625,5329
2,115500,37500,0,0,60,60,1925,32,3125,3157
2,115500,52500,0,0,60,60,1925,1312,4375,5687
2,115570,70,0,0,70,70,1651,6858,1,6859
2,115575,67,0,0,67,67,1725,64000,9,64009
2,115575,67,0,0,67,67,1725,71874,1,71875
2,115575,1541,0,0,67,67,1725,19602,23,19625
2,115575,5589,0,0,69,69,1675,8192,1053,9245
2,115575,38571,0,0,69,69,1675,1250,559,1809
2,115575,41607,0,0,69,69,1675,40,1809,1849
2,115594,58,0,0,58,58,1993,4374,1,4375
2,115594,406,0,0,58,58,1993,3200,49,3249
2,115705,73,0,0,73,73,1585,7290,1,7291
2,115710,58,0,0,58,58,1995,4374,1,4375
2,115710,406,0,0,58,58,1995,3200,49,3249
2,115713,15111,0,0,69,69,1677,1978,219,2197
2,115731,77,0,0,77,77,1503,4374,1,4375
2,115754,115754,0,0,62,62,1867,534,1867,2401
2,115804,18700,0,0,68,68,1703,1922,275,2197
2,115817,29913,0,0,59,59,1963,77312,4563,81875
2,115830,66,0,0,66,66,1755,4374,1,4375
2,115830,594,0,0,66,66,1755,3200,63,3263
2,115830,2310,0,0,66,66,1755,6526,35,6561
2,115830,4158,0,0,66,66,1755,2008,189,2197
2,115830,6006,0,0,66,66,1755,8192,1183,9375
2,115830,115830,0,0,66,66,1755,8032,8775,16807
2,115857,45927,0,0,63,63,1839,2104,2187,4291
2,115875,75,0,0,75,75,1545,1750,1,1751
2,115875,75,0,0,75,75,1545,4374,1,4375
2,115875,75,0,0,75,75,1545,59534,1,59535
2,115875,75,0,0,75,75,1545,65610,1,65611
2,115875,225,0,0,75,75,1545,2176,21,2197
2,115875,525,0,0,75,75,1545,3750,7,3757
2,115875,975,0,0,75,75,1545,8330,13,8343
2,115875,1875,0,0,75,75,1545,9248,125,9373
2,115875,6375,0,0,75,75,1545,4374,85,4459
2,115875,6825,0,0,75,75,1545,8192,1183,9375
2,115875,8775,0,0,75,75,1545,1400,351,1751
2,115875,12675,0,0,75,75,1545,1854,169,2023
2,115875,16575,0,0,75,75,1545,640,1547,2187
2,115875,25725,0,0,75,75,1545,1854,343,2197
2,115875,33075,0,0,75,75,1545,6656,3969,10625
2,115875,38025,0,0,75,75,1545,3296,2535,5831
2,115875,69525,0,0,75,75,1545,2744,2781,5525
2,115875,100425,0,0,75,75,1545,686,1339,2025
2,115875,103275,0,0,75,75,1545,338,1377,1715
2,115895,65,0,0,65,65,1783,4374,1,4375
2,115935,59,0,0,59,59,1965,4374,1,4375
2,115935,20237,0,0,59,59,1965,128,2401,2529
2,115940,68,0,0,68,68,1705,3750,1,3751
2,115940,612,0,0,68,68,1705,6250,9,6259
2,115940,748,0,0,136,68,1705,2500,11,2511
2,115943,71,0,0,71,71,1633,5750,1,5751
2,115943,1917,0,0,71,71,1633,5014,27,5041
2,115943,7739,0,0,71,71,1633,3266,109,3375
2,115980,43740,0,0,60,60,1933,77320,2187,79507
2,115989,61479,0,0,69,69,1681,2048,9801,11849
2,116025,65,0,0,65,65,1785,4374,1,4375
2,116032,64,0,0,64,64,1813,4374,1,4375
2,116032,704,0,0,64,64,1813,9250,11,9261
2,116032,87616,0,0,64,64,1813,83006,1369,84375
2,116083,671,0,0,61,61,1903,3114,11,3125
2,116083,10553,0,0,122,61,1903,2500,173,2673
2,116100,1620,0,0,60,60,1935,3698,27,3725
2,116100,2580,0,0,60,60,1935,15496,129,15625
2,116100,4860,0,0,60,60,1935,8192,1053,9245
2,116100,19500,0,0,60,60,1935,3698,325,4023
2,116100,80460,0,0,60,60,1935,1352,4023,5375
2,116100,110940,0,0,60,60,1935,338,1849,2187
2,116109,105903,0,0,63,63,1843,194,1681,1875
2,116127,69,0,0,69,69,1683,34374,1,34375
2,116127,16767,0,0,69,69,1683,5000,729,5729
2,116127,27945,0,0,69,69,1683,32,2025,2057
2,116144,952,0,0,136,68,1708,3200,49,3249
2,116160,64,0,0,64,64,1815,64000,9,64009
2,116160,64,0,0,64,64,1815,71874,1,71875
2,116160,704,0,0,64,64,1815,3634,11,3645
2,116160,8000,0,0,64,64,1815,1738,125,1863
2,116160,15168,0,0,64,64,1815,512,2133,2645
2,116160,23232,0,0,64,64,1815,14536,1089,15625
2,116160,43200,0,0,64,64,1815,5566,675,6241
2,116280,72,0,0,72,72,1615,4374,1,4375
2,116280,504,0,0,72,72,1615,2048,77,2125
2,116280,504,0,0,72,72,1615,3200,49,3249
2,116280,504,0,0,72,72,1615,20570,7,20577
2,116280,792,0,0,72,72,1615,2250,11,2261
2,116280,1224,0,0,72,72,1615,11858,17,11875
2,116280,1224,0,0,72,72,1615,68590,17,68607
2,116280,1368,0,0,72,72,1615,6050,19,6069
2,116280,1368,0,0,72,72,1615,15606,19,15625
2,116280,1368,0,0,72,72,1615,36992,133,37125
2,116280,1512,0,0,72,72,1615,2312,63,2375
2,116280,3528,0,0,72,72,1615,2250,49,2299
2,116280,7128,0,0,72,72,1615,2432,693,3125
2,116280,9576,0,0,72,72,1615,3200,931,4131
2,116280,10584,0,0,72,72,1615,2584,441,3025
2,116280,12600,0,0,72,72,1615,5984,875,6859
2,116280,15048,0,0,72,72,1615,1666,209,1875
2,116280,17496,0,0,72,72,1615,1672,729,2401
2,116280,17640,0,0,72,72,1615,2662,245,2907
2,116280,20808,0,0,72,72,1615,2432,2023,4455
2,116280,22680,0,0,72,72,1615,4598,315,4913
2,116280,24696,0,0,72,72,1615,1782,343,2125
2,116280,24696,0,0,72,72,1615,1152,2401,3553
2,116280,25992,0,0,72,72,1615,6144,3971,10115
2,116280,29160,0,0,72,72,1615,32,2025,2057
2,116280,30600,0,0,72,72,1615,2662,425,3087
2,116280,38808,0,0,72,72,1615,4374,539,4913
2,116280,43560,0,0,72,72,1615,224,3025,3249
2,116280,45000,0,0,72,72,1615,512,5625,6137
2,116280,48600,0,0,72,72,1615,2888,2025,4913
2,116280,49896,0,0,72,72,1615,640,4851,5491
2,116280,52488,0,0,72,72,1615,2450,729,3179
2,116280,95832,0,0,72,72,1615,6250,1331,7581
2,116280,95832,0,0,72,72,1615,11552,6655,18207
2,116280,95832,0,0,72,72,1615,19494,1331,20825
2,116280,99000,0,0,72,72,1615,1026,1375,2401
2,116280,99144,0,0,72,72,1615,2744,4131,6875
2,116280,105336,0,0,72,72,1615,384,10241,10625
2,116285,116285,0,0,65,65,1789,398,1789,2187
2,116289,21535,0,0,73,73,1593,7776,1475,9251
2,116289,61393,0,0,73,73,1593,6534,841,7375
2,116352,12928,0,0,128,64,1818,7776,505,8281
2,116402,74,0,0,74,74,1573,4374,1,4375
2,116402,814,0,0,74,74,1573,1690,11,1701
2,116402,6734,0,0,74,74,1573,8192,1183,9375
2,116402,8954,0,0,74,74,1573,1352,363,1715
2,116402,21978,0,0,74,74,1573,512,2673,3185
2,116402,39886,0,0,74,74,1573,8,1617,1625
2,116402,39886,0,0,74,74,1573,16000,3773,19773
2,116402,53946,0,0,74,74,1573,88,2187,2275
2,116402,62678,0,0,74,74,1573,1350,847,2197
2,116402,98494,0,0,74,74,1573,294,1331,1625
2,116449,183,0,0,61,61,1909,2392,9,2401
2,116449,14823,0,0,61,61,1909,2158,243,2401
2,116449,72163,0,0,61,61,1909,1058,1183,2241
2,116484,68,0,0,68,68,1713,4374,1,4375
2,116490,8910,0,0,66,66,1765,9728,1215,10943
2,116501,28875,0,0,77,77,1513,9826,375,10201
2,116508,76,0,0,76,76,1533,4374,1,4375
2,116508,6156,0,0,76,76,1533,42632,243,42875
2,116508,9500,0,0,76,76,1533,4704,625,5329
2,116550,74,0,0,74,74,1575,4374,1,4375
2,116550,74,0,0,74,74,1575,10368,7,10375
2,116550,74,0,0,74,74,1575,33614,1,33615
2,116550,518,0,0,74,74,1575,3200,49,3249
2,116622,2046,0,0,66,66,1767,2318,31,2349
2,116622,3038,0,0,62,62,1881,2152,147,2299
2,116622,15066,0,0,62,62,1881,1672,729,2401
2,116622,38874,0,0,132,66,1767,3132,589,3721
2,116622,105462,0,0,62,62,1881,8,5103,5111
2,116625,23325,0,0,75,75,1555,6250,311,6561
2,116655,28875,0,0,77,77,1515,3362,375,3737
2,116700,14580,0,0,60,60,1945,77800,729,78529
2,116700,23340,0,0,60,60,1945,6750,389,7139
2,116700,116700,0,0,60,60,1945,242,1945,2187
2,116739,23373,0,0,63,63,1853,128,2597,2725
2,116746,62,0,0,124,62,1883,4900,1,4901
2,116781,67,0,0,67,67,1743,4374,1,4375
2,116781,67,0,0,67,67,1743,10368,7,10375
2,116781,67,0,0,67,67,1743,33614,1,33615
2,116781,16281,0,0,67,67,1743,34202,243,34445
2,116781,68943,0,0,67,67,1743,44672,7203,51875
2,116795,71,0,0,71,71,1645,4374,1,4375
2,116795,3337,0,0,71,71,1645,1952,235,2187
2,116795,17395,0,0,71,71,1645,1152,1715,2867
2,116795,40257,0,0,71,71,1645,32,2835,2867
2,116795,47925,0,0,71,71,1645,376,2025,2401
2,116795,51759,0,0,71,71,1645,24064,6561,30625
2,116800,64,0,0,64,64,1825,4374,1,4375
2,116800,4672,0,0,64,64,1825,2450,73,2523
2,116800,5184,0,0,64,64,1825,42632,243,42875
2,116800,8000,0,0,64,64,1825,4704,625,5329
2,116800,21952,0,0,64,64,1825,1682,343,2025
2,116800,21952,0,0,64,64,1825,9344,2401,11745
2,116865,63,0,0,63,63,1855,2592,5,2597
2,116865,63,0,0,63,63,1855,4374,1,4375
2,116865,441,0,0,63,63,1855,5618,7,5625
2,116865,23373,0,0,63,63,1855,6190,371,6561
2,116865,64827,0,0,63,63,1855,8,3087,3095
2,116865,90153,0,0,63,63,1855,40,4293,4333
2,116870,62,0,0,62,62,1885,4896,5,4901
2,116870,186,0,0,62,62,1885,6250,3,6253
2,116870,806,0,0,124,62,1885,3132,13,3145
2,116870,2418,0,0,62,62,1885,6728,117,6845
2,116870,3162,0,0,62,62,1885,2146,51,2197
2,116870,8370,0,0,62,62,1885,2738,135,2873
2,116870,52142,0,0,62,62,1885,8192,10933,19125
2,116870,57350,0,0,62,62,1885,288,4625,4913
2,116870,84878,0,0,62,62,1885,7250,1369,8619
2,116870,84878,0,0,62,62,1885,8704,12321,21025
2,116870,89466,0,0,62,62,1885,1682,1443,3125
2,116870,116250,0,0,62,62,1885,48778,1875,50653
2,116886,1518,0,0,66,66,1771,23814,23,23837
2,116928,448,0,0,64,64,1827,27848,21,27869
2,116928,61504,0,0,64,64,1827,8,2883,2891
2,117019,73,0,0,73,73,1603,4374,1,4375
2,117019,5913,0,0,73,73,1603,5000,243,5243
2,117116,134,0,0,134,67,1748,12160,7,12167
2,117180,60,0,0,60,60,1953,4374,1,4375
2,117180,180,0,0,60,60,1953,4802,3,4805
2,117180,300,0,0,60,60,1953,12152,15,12167
2,117180,420,0,0,60,60,1953,32798,7,32805
2,117180,540,0,0,120,60,1953,2116,9,2125
2,117180,1020,0,0,60,60,1953,2170,17,2187
2,117180,1020,0,0,60,60,1953,12150,17,12167
2,117180,1860,0,0,120,60,1953,19652,31,19683
2,117180,4860,0,0,60,60,1953,5750,81,5831
2,117180,8100,0,0,60,60,1953,3968,945,4913
2,117180,14580,0,0,60,60,1953,8750,243,8993
2,117180,16740,0,0,60,60,1953,1288,837,2125
2,117180,73500,0,0,60,60,1953,384,8575,8959
2,117180,73500,0,0,60,60,1953,28566,1225,29791
2,117180,79380,0,0,60,60,1953,32,6615,6647
2,117180,102060,0,0,60,60,1953,17000,5103,22103
2,117180,112500,0,0,60,60,1953,3038,1875,4913
2,117183,59697,0,0,67,67,1749,136,2673,2809
2,117221,71,0,0,71,71,1651,6858,1,6859
2,117234,78,0,0,78,78,1503,4374,1,4375
2,117250,5670,0,0,70,70,1675,8192,1053,9245
2,117250,16750,0,0,134,67,1750,4704,625,5329
2,117250,39130,0,0,70,70,1675,1250,559,1809
2,117250,42210,0,0,70,70,1675,40,1809,1849
2,117290,74,0,0,74,74,1585,7290,1,7291
2,117300,68,0,0,68,68,1725,64000,9,64009
2,117300,68,0,0,68,68,1725,71874,1,71875
2,117300,1564,0,0,68,68,1725,19602,23,19625
2,117303,61,0,0,61,61,1923,4374,1,4375
2,117303,54351,0,0,61,61,1923,32,4455,4487
2,117312,2496,0,0,128,64,1833,3008,117,3125
2,117390,15330,0,0,70,70,1677,1978,219,2197
2,117420,76,0,0,76,76,1545,1750,1,1751
2,117420,76,0,0,76,76,1545,4374,1,4375
2,117420,76,0,0,76,76,1545,59534,1,59535
2,117420,76,0,0,76,76,1545,65610,1,65611
2,117420,228,0,0,76,76,1545,2176,21,2197
2,117420,532,0,0,76,76,1545,3750,7,3757
2,117420,988,0,0,76,76,1545,8330,13,8343
2,117420,1900,0,0,76,76,1545,9248,125,9373
2,117420,6460,0,0,76,76,1545,4374,85,4459
2,117420,6916,0,0,76,76,1545,8192,1183,9375
2,117420,8892,0,0,76,76,1545,1400,351,1751
2,117420,12844,0,0,76,76,1545,1854,169,2023
2,117420,16796,0,0,76,76,1545,640,1547,2187
2,117420,26068,0,0,76,76,1545,1854,343,2197
2,117420,33516,0,0,76,76,1545,6656,3969,10625
2,117420,38532,0,0,76,76,1545,3296,2535,5831
2,117420,70452,0,0,76,76,1545,2744,2781,5525
2,117420,101764,0,0,76,76,1545,686,1339,2025
2,117420,104652,0,0,76,76,1545,338,1377,1715
2,117425,38125,0,0,61,61,1925,32,3125,3157
2,117425,53375,0,0,61,61,1925,1312,4375,5687
2,117507,18975,0,0,69,69,1703,1922,275,2197
2,117576,72,0,0,72,72,1633,5750,1,5751
2,117576,1944,0,0,72,72,1633,5014,27,5041
2,117576,7848,0,0,72,72,1633,3266,109,3375
2,117585,67,0,0,67,67,1755,4374,1,4375
2,117585,603,0,0,67,67,1755,3200,63,3263
2,117585,2345,0,0,67,67,1755,6526,35,6561
2,117585,4221,0,0,67,67,1755,2008,189,2197
2,117585,6097,0,0,67,67,1755,8192,1183,9375
2,117585,117585,0,0,67,67,1755,8032,8775,16807
2,117587,59,0,0,59,59,1993,4374,1,4375
2,117587,413,0,0,59,59,1993,3200,49,3249
2,117621,117621,0,0,63,63,1867,534,1867,2401
2,117645,69,0,0,69,69,1705,3750,1,3751
2,117645,621,0,0,69,69,1705,6250,9,6259
2,117645,759,0,0,138,69,1705,2500,11,2511
2,117670,62370,0,0,70,70,1681,2048,9801,11849
2,117678,66,0,0,66,66,1783,4374,1,4375
2,117696,46656,0,0,64,64,1839,2104,2187,4291
2,117705,59,0,0,59,59,1995,4374,1,4375
2,117705,413,0,0,59,59,1995,3200,49,3249
2,117780,30420,0,0,60,60,1963,77312,4563,81875
2,117810,66,0,0,66,66,1785,4374,1,4375
2,117810,70,0,0,70,70,1683,34374,1,34375
2,117810,17010,0,0,70,70,1683,5000,729,5729
2,117810,28350,0,0,70,70,1683,32,2025,2057
2,117845,65,0,0,65,65,1813,4374,1,4375
2,117845,715,0,0,65,65,1813,9250,11,9261
2,117845,88985,0,0,65,65,1813,83006,1369,84375
2,117852,966,0,0,138,69,1708,3200,49,3249
2,117882,21830,0,0,74,74,1593,7776,1475,9251
2,117882,62234,0,0,74,74,1593,6534,841,7375
2,117895,73,0,0,73,73,1615,4374,1,4375
2,117895,511,0,0,73,73,1615,2048,77,2125
2,117895,511,0,0,73,73,1615,3200,49,3249
2,117895,511,0,0,73,73,1615,20570,7,20577
2,117895,803,0,0,73,73,1615,2250,11,2261
2,117895,1241,0,0,73,73,1615,11858,17,11875
2,117895,1241,0,0,73,73,1615,68590,17,68607
2,117895,1387,0,0,73,73,1615,6050,19,6069
2,117895,1387,0,0,73,73,1615,15606,19,15625
2,117895,1387,0,0,73,73,1615,36992,133,37125
2,117895,1533,0,0,73,73,1615,2312,63,2375
2,117895,3577,0,0,73,73,1615,2250,49,2299
2,117895,7227,0,0,73,73,1615,2432,693,3125
2,117895,9709,0,0,73,73,1615,3200,931,4131
2,117895,10731,0,0,73,73,1615,2584,441,3025
2,117895,12775,0,0,73,73,1615,5984,875,6859
2,117895,15257,0,0,73,73,1615,1666,209,1875
2,117895,17739,0,0,73,73,1615,1672,729,2401
2,117895,17885,0,0,73,73,1615,2662,245,2907
2,117895,21097,0,0,73,73,1615,2432,2023,4455
2,117895,22995,0,0,73,73,1615,4598,315,4913
2,117895,25039,0,0,73,73,1615,1782,343,2125
2,117895,25039,0,0,73,73,1615,1152,2401,3553
2,117895,26353,0,0,73,73,1615,6144,3971,10115
2,117895,29565,0,0,73,73,1615,32,2025,2057
2,117895,31025,0,0,73,73,1615,2662,425,3087
2,117895,39347,0,0,73,73,1615,4374,539,4913
2,117895,44165,0,0,73,73,1615,224,3025,3249
2,117895,45625,0,0,73,73,1615,512,5625,6137
2,117895,49275,0,0,73,73,1615,2888,2025,4913
2,117895,50589,0,0,73,73,1615,640,4851,5491
2,117895,53217,0,0,73,73,1615,2450,729,3179
2,117895,97163,0,0,73,73,1615,6250,1331,7581
2,117895,97163,0,0,73,73,1615,11552,6655,18207
2,117895,97163,0,0,73,73,1615,19494,1331,20825
2,117895,100375,0,0,73,73,1615,1026,1375,2401
2,117895,100521,0,0,73,73,1615,2744,4131,6875
2,117895,106799,0,0,73,73,1615,384,10241,10625
2,117900,60,0,0,60,60,1965,4374,1,4375
2,117900,20580,0,0,60,60,1965,128,2401,2529
2,117913,44469,0,0,61,61,1933,77320,2187,79507
2,117952,107584,0,0,64,64,1843,194,1681,1875
2,117975,65,0,0,65,65,1815,64000,9,64009
2,117975,65,0,0,65,65,1815,71874,1,71875
2,117975,75,0,0,75,75,1573,4374,1,4375
2,117975,715,0,0,65,65,1815,3634,11,3645
2,117975,825,0,0,75,75,1573,1690,11,1701
2,117975,6825,0,0,75,75,1573,8192,1183,9375
2,117975,8125,0,0,65,65,1815,1738,125,1863
2,117975,9075,0,0,75,75,1573,1352,363,1715
2,117975,15405,0,0,65,65,1815,512,2133,2645
2,117975,22275,0,0,75,75,1573,512,2673,3185
2,117975,23595,0,0,65,65,1815,14536,1089,15625
2,117975,40425,0,0,75,75,1573,8,1617,1625
2,117975,40425,0,0,75,75,1573,16000,3773,19773
2,117975,43875,0,0,65,65,1815,5566,675,6241
2,117975,54675,0,0,75,75,1573,88,2187,2275
2,117975,63525,0,0,75,75,1573,1350,847,2197
2,117975,99825,0,0,75,75,1573,294,1331,1625
2,117986,682,0,0,62,62,1903,3114,11,3125
2,117986,10726,0,0,124,62,1903,2500,173,2673
2,118014,29250,0,0,78,78,1513,9826,375,10201
2,118035,1647,0,0,61,61,1935,3698,27,3725
2,118035,2623,0,0,61,61,1935,15496,129,15625
2,118035,4941,0,0,61,61,1935,8192,1053,9245
2,118035,19825,0,0,61,61,1935,3698,325,4023
2,118035,81801,0,0,61,61,1935,1352,4023,5375
2,118035,112789,0,0,61,61,1935,338,1849,2187
2,118041,77,0,0,77,77,1533,4374,1,4375
2,118041,6237,0,0,77,77,1533,42632,243,42875
2,118041,9625,0,0,77,77,1533,4704,625,5329
2,118074,118074,0,0,66,66,1789,398,1789,2187
2,118125,75,0,0,75,75,1575,4374,1,4375
2,118125,75,0,0,75,75,1575,10368,7,10375
2,118125,75,0,0,75,75,1575,33614,1,33615
2,118125,525,0,0,75,75,1575,3200,49,3249
2,118170,13130,0,0,130,65,1818,7776,505,8281
2,118170,29250,0,0,78,78,1515,3362,375,3737
2,118180,23636,0,0,76,76,1555,6250,311,6561
2,118197,69,0,0,69,69,1713,4374,1,4375
2,118255,9045,0,0,67,67,1765,9728,1215,10943
2,118358,186,0,0,62,62,1909,2392,9,2401
2,118358,15066,0,0,62,62,1909,2158,243,2401
2,118358,73346,0,0,62,62,1909,1058,1183,2241
2,118389,2077,0,0,67,67,1767,2318,31,2349
2,118389,39463,0,0,134,67,1767,3132,589,3721
2,118440,72,0,0,72,72,1645,4374,1,4375
2,118440,3384,0,0,72,72,1645,1952,235,2187
2,118440,17640,0,0,72,72,1645,1152,1715,2867
2,118440,40824,0,0,72,72,1645,32,2835,2867
2,118440,48600,0,0,72,72,1645,376,2025,2401
2,118440,52488,0,0,72,72,1645,24064,6561,30625
2,118503,3087,0,0,63,63,1881,2152,147,2299
2,118503,15309,0,0,63,63,1881,1672,729,2401
2,118503,107163,0,0,63,63,1881,8,5103,5111
2,118524,68,0,0,68,68,1743,4374,1,4375
2,118524,68,0,0,68,68,1743,10368,7,10375
2,118524,68,0,0,68,68,1743,33614,1,33615
2,118524,16524,0,0,68,68,1743,34202,243,34445
2,118524,69972,0,0,68,68,1743,44672,7203,51875
2,118592,23744,0,0,64,64,1853,128,2597,2725
2,118622,74,0,0,74,74,1603,4374,1,4375
2,118622,5994,0,0,74,74,1603,5000,243,5243
2,118625,65,0,0,65,65,1825,4374,1,4375
2,118625,4745,0,0,65,65,1825,2450,73,2523
2,118625,5265,0,0,65,65,1825,42632,243,42875
2,118625,8125,0,0,65,65,1825,4704,625,5329
2,118625,22295,0,0,65,65,1825,1682,343,2025
2,118625,22295,0,0,65,65,1825,9344,2401,11745
2,118629,63,0,0,126,63,1883,4900,1,4901
2,118645,14823,0,0,61,61,1945,77800,729,78529
2,118645,23729,0,0,61,61,1945,6750,389,7139
2,118645,118645,0,0,61,61,1945,242,1945,2187
2,118657,1541,0,0,67,67,1771,23814,23,23837
2,118720,64,0,0,64,64,1855,2592,5,2597
2,118720,64,0,0,64,64,1855,4374,1,4375
2,118720,448,0,0,64,64,1855,5618,7,5625
2,118720,23744,0,0,64,64,1855,6190,371,6561
2,118720,65856,0,0,64,64,1855,8,3087,3095
2,118720,91584,0,0,64,64,1855,40,4293,4333
2,118737,79,0,0,79,79,1503,4374,1,4375
2,118755,63,0,0,63,63,1885,4896,5,4901
2,118755,189,0,0,63,63,1885,6250,3,6253
2,118755,455,0,0,65,65,1827,27848,21,27869
2,118755,819,0,0,126,63,1885,3132,13,3145
2,118755,2457,0,0,63,63,1885,6728,117,6845
2,118755,3213,0,0,63,63,1885,2146,51,2197
2,118755,8505,0,0,63,63,1885,2738,135,2873
2,118755,52983,0,0,63,63,1885,8192,10933,19125
2,118755,58275,0,0,63,63,1885,288,4625,4913
2,118755,62465,0,0,65,65,1827,8,2883,2891
2,118755,86247,0,0,63,63,1885,7250,1369,8619
2,118755,86247,0,0,63,63,1885,8704,12321,21025
2,118755,90909,0,0,63,63,1885,1682,1443,3125
2,118755,118125,0,0,63,63,1885,48778,1875,50653
2,118864,136,0,0,136,68,1748,12160,7,12167
2,118872,72,0,0,72,72,1651,6858,1,6859
2,118875,75,0,0,75,75,1585,7290,1,7291
2,118925,5751,0,0,71,71,1675,8192,1053,9245
2,118925,39689,0,0,71,71,1675,1250,559,1809
2,118925,42813,0,0,71,71,1675,40,1809,1849
2,118932,60588,0,0,68,68,1749,136,2673,2809
2,118965,77,0,0,77,77,1545,1750,1,1751
2,118965,77,0,0,77,77,1545,4374,1,4375
2,118965,77,0,0,77,77,1545,59534,1,59535
2,118965,77,0,0,77,77,1545,65610,1,65611
2,118965,231,0,0,77,77,1545,2176,21,2197
2,118965,539,0,0,77,77,1545,3750,7,3757
2,118965,1001,0,0,77,77,1545,8330,13,8343
2,118965,1925,0,0,77,77,1545,9248,125,9373
2,118965,6545,0,0,77,77,1545,4374,85,4459
2,118965,7007,0,0,77,77,1545,8192,1183,9375
2,118965,9009,0,0,77,77,1545,1400,351,1751
2,118965,13013,0,0,77,77,1545,1854,169,2023
2,118965,17017,0,0,77,77,1545,640,1547,2187
2,118965,26411,0,0,77,77,1545,1854,343,2197
2,118965,33957,0,0,77,77,1545,6656,3969,10625
2,118965,39039,0,0,77,77,1545,3296,2535,5831
2,118965,71379,0,0,77,77,1545,2744,2781,5525
2,118965,103103,0,0,77,77,1545,686,1339,2025
2,118965,106029,0,0,77,77,1545,338,1377,1715
2,119000,17000,0,0,136,68,1750,4704,625,5329
2,119025,69,0,0,69,69,1725,64000,9,64009
2,119025,69,0,0,69,69,1725,71874,1,71875
2,119025,1587,0,0,69,69,1725,19602,23,19625
2,119067,15549,0,0,71,71,1677,1978,219,2197
2,119133,61,0,0,61,61,1953,4374,1,4375
2,119133,183,0,0,61,61,1953,4802,3,4805
2,119133,305,0,0,61,61,1953,12152,15,12167
2,119133,427,0,0,61,61,1953,32798,7,32805
2,119133,549,0,0,122,61,1953,2116,9,2125
2,119133,1037,0,0,61,61,1953,2170,17,2187
2,119133,1037,0,0,61,61,1953,12150,17,12167
2,119133,1891,0,0,122,61,1953,19652,31,19683
2,119133,4941,0,0,61,61,1953,5750,81,5831
2,119133,8235,0,0,61,61,1953,3968,945,4913
2,119133,14823,0,0,61,61,1953,8750,243,8993
2,119133,17019,0,0,61,61,1953,1288,837,2125
2,119133,74725,0,0,61,61,1953,384,8575,8959
2,119133,74725,0,0,61,61,1953,28566,1225,29791
2,119133,80703,0,0,61,61,1953,32,6615,6647
2,119133,103761,0,0,61,61,1953,17000,5103,22103
2,119133,114375,0,0,61,61,1953,3038,1875,4913
2,119145,2535,0,0,130,65,1833,3008,117,3125
2,119209,73,0,0,73,73,1633,5750,1,5751
2,119209,1971,0,0,73,73,1633,5014,27,5041
2,119209,7957,0,0,73,73,1633,3266,109,3375
2,119210,19250,0,0,70,70,1703,1922,275,2197
2,119226,62,0,0,62,62,1923,4374,1,4375
2,119226,55242,0,0,62,62,1923,32,4455,4487
2,119340,68,0,0,68,68,1755,4374,1,4375
2,119340,612,0,0,68,68,1755,3200,63,3263
2,119340,2380,0,0,68,68,1755,6526,35,6561
2,119340,4284,0,0,68,68,1755,2008,189,2197
2,119340,6188,0,0,68,68,1755,8192,1183,9375
2,119340,119340,0,0,68,68,1755,8032,8775,16807
2,119350,70,0,0,70,70,1705,3750,1,3751
2,119350,630,0,0,70,70,1705,6250,9,6259
2,119350,38750,0,0,62,62,1925,32,3125,3157
2,119350,54250,0,0,62,62,1925,1312,4375,5687
2,119351,63261,0,0,71,71,1681,2048,9801,11849
2,119461,67,0,0,67,67,1783,4374,1,4375
2,119475,22125,0,0,75,75,1593,7776,1475,9251
2,119475,63075,0,0,75,75,1593,6534,841,7375
2,119488,119488,0,0,64,64,1867,534,1867,2401
2,119493,71,0,0,71,71,1683,34374,1,34375
2,119493,17253,0,0,71,71,1683,5000,729,5729
2,119493,28755,0,0,71,71,1683,32,2025,2057
2,119510,74,0,0,74,74,1615,4374,1,4375
2,119510,518,0,0,74,74,1615,2048,77,2125
2,119510,518,0,0,74,74,1615,3200,49,3249
2,119510,518,0,0,74,74,1615,20570,7,20577
2,119510,814,0,0,74,74,1615,2250,11,2261
2,119510,1258,0,0,74,74,1615,11858,17,11875
2,119510,1258,0,0,74,74,1615,68590,17,68607
2,119510,1406,0,0,74,74,1615,6050,19,6069
2,119510,1406,0,0,74,74,1615,15606,19,15625
2,119510,1406,0,0,74,74,1615,36992,133,37125
2,119510,1554,0,0,74,74,1615,2312,63,2375
2,119510,3626,0,0,74,74,1615,2250,49,2299
2,119510,7326,0,0,74,74,1615,2432,693,3125
2,119510,9842,0,0,74,74,1615,3200,931,4131
2,119510,10878,0,0,74,74,1615,2584,441,3025
2,119510,12950,0,0,74,74,1615,5984,875,6859
2,119510,15466,0,0,74,74,1615,1666,209,1875
2,119510,17982,0,0,74,74,1615,1672,729,2401
2,119510,18130,0,0,74,74,1615,2662,245,2907
2,119510,21386,0,0,74,74,1615,2432,2023,4455
2,119510,23310,0,0,74,74,1615,4598,315,4913
2,119510,25382,0,0,74,74,1615,1782,343,2125
2,119510,25382,0,0,74,74,1615,1152,2401,3553
2,119510,26714,0,0,74,74,1615,6144,3971,10115
2,119510,29970,0,0,74,74,1615,32,2025,2057
2,119510,31450,0,0,74,74,1615,2662,425,3087
2,119510,39886,0,0,74,74,1615,4374,539,4913
2,119510,44770,0,0,74,74,1615,224,3025,3249
2,119510,46250,0,0,74,74,1615,512,5625,6137
2,119510,49950,0,0,74,74,1615,2888,2025,4913
2,119510,51282,0,0,74,74,1615,640,4851,5491
2,119510,53946,0,0,74,74,1615,2450,729,3179
2,119510,98494,0,0,74,74,1615,6250,1331,7581
2,119510,98494,0,0,74,74,1615,11552,6655,18207
2,119510,98494,0,0,74,74,1615,19494,1331,20825
2,119510,101750,0,0,74,74,1615,1026,1375,2401
2,119510,101898,0,0,74,74,1615,2744,4131,6875
2,119510,108262,0,0,74,74,1615,384,10241,10625
2,119527,29625,0,0,79,79,1513,9826,375,10201
2,119535,47385,0,0,65,65,1839,2104,2187,4291
2,119548,76,0,0,76,76,1573,4374,1,4375
2,119548,836,0,0,76,76,1573,1690,11,1701
2,119548,6916,0,0,76,76,1573,8192,1183,9375
2,119548,9196,0,0,76,76,1573,1352,363,1715
2,119548,22572,0,0,76,76,1573,512,2673,3185
2,119548,40964,0,0,76,76,1573,8,1617,1625
2,119548,40964,0,0,76,76,1573,16000,3773,19773
2,119548,55404,0,0,76,76,1573,88,2187,2275
2,119548,64372,0,0,76,76,1573,1350,847,2197
2,119548,101156,0,0,76,76,1573,294,1331,1625
2,119574,78,0,0,78,78,1533,4374,1,4375
2,119574,6318,0,0,78,78,1533,42632,243,42875
2,119574,9750,0,0,78,78,1533,4704,625,5329
2,119580,60,0,0,60,60,1993,4374,1,4375
2,119580,420,0,0,60,60,1993,3200,49,3249
2,119595,67,0,0,67,67,1785,4374,1,4375
2,119658,66,0,0,66,66,1813,4374,1,4375
2,119658,726,0,0,66,66,1813,9250,11,9261
2,119658,90354,0,0,66,66,1813,83006,1369,84375
2,119685,29625,0,0,79,79,1515,3362,375,3737
2,119700,60,0,0,60,60,1995,4374,1,4375
2,119700,76,0,0,76,76,1575,4374,1,4375
2,119700,76,0,0,76,76,1575,10368,7,10375
2,119700,76,0,0,76,76,1575,33614,1,33615
2,119700,420,0,0,60,60,1995,3200,49,3249
2,119700,532,0,0,76,76,1575,3200,49,3249
2,119735,23947,0,0,77,77,1555,6250,311,6561
2,119743,30927,0,0,61,61,1963,77312,4563,81875
2,119790,66,0,0,66,66,1815,64000,9,64009
2,119790,66,0,0,66,66,1815,71874,1,71875
2,119790,726,0,0,66,66,1815,3634,11,3645
2,119790,8250,0,0,66,66,1815,1738,125,1863
2,119790,15642,0,0,66,66,1815,512,2133,2645
2,119790,23958,0,0,66,66,1815,14536,1089,15625
2,119790,44550,0,0,66,66,1815,5566,675,6241
2,119795,109265,0,0,65,65,1843,194,1681,1875
2,119846,45198,0,0,62,62,1933,77320,2187,79507
2,119863,119863,0,0,67,67,1789,398,1789,2187
2,119865,61,0,0,61,61,1965,4374,1,4375
2,119865,20923,0,0,61,61,1965,128,2401,2529
2,119889,693,0,0,63,63,1903,3114,11,3125
2,119889,10899,0,0,126,63,1903,2500,173,2673
2,119910,70,0,0,70,70,1713,4374,1,4375
2,119970,1674,0,0,62,62,1935,3698,27,3725
2,119970,2666,0,0,62,62,1935,15496,129,15625
2,119970,5022,0,0,62,62,1935,8192,1053,9245
2,119970,20150,0,0,62,62,1935,3698,325,4023
2,119970,83142,0,0,62,62,1935,1352,4023,5375
2,119970,114638,0,0,62,62,1935,338,1849,2187
2,119988,13332,0,0,132,66,1818,7776,505,8281
2,120020,9180,0,0,68,68,1765,9728,1215,10943
2,120085,73,0,0,73,73,1645,4374,1,4375
2,120085,3431,0,0,73,73,1645,1952,235,2187
2,120085,17885,0,0,73,73,1645,1152,1715,2867
2,120085,41391,0,0,73,73,1645,32,2835,2867
2,120085,49275,0,0,73,73,1645,376,2025,2401
2,120085,53217,0,0,73,73,1645,24064,6561,30625
2,120156,2108,0,0,68,68,1767,2318,31,2349
2,120156,40052,0,0,136,68,1767,3132,589,3721
2,120225,75,0,0,75,75,1603,4374,1,4375
2,120225,6075,0,0,75,75,1603,5000,243,5243
2,120240,80,0,0,80,80,1503,4374,1,4375
2,120267,69,0,0,69,69,1743,4374,1,4375
2,120267,69,0,0,69,69,1743,10368,7,10375
2,120267,69,0,0,69,69,1743,33614,1,33615
2,120267,189,0,0,63,63,1909,2392,9,2401
2,120267,15309,0,0,63,63,1909,2158,243,2401
2,120267,16767,0,0,69,69,1743,34202,243,34445
2,120267,71001,0,0,69,69,1743,44672,7203,51875
2,120267,74529,0,0,63,63,1909,1058,1183,2241
2,120384,3136,0,0,64,64,1881,2152,147,2299
2,120384,15552,0,0,64,64,1881,1672,729,2401
2,120384,108864,0,0,64,64,1881,8,5103,5111
2,120428,1564,0,0,68,68,1771,23814,23,23837
2,120445,24115,0,0,65,65,1853,128,2597,2725
2,120450,66,0,0,66,66,1825,4374,1,4375
2,120450,4818,0,0,66,66,1825,2450,73,2523
2,120450,5346,0,0,66,66,1825,42632,243,42875
2,120450,8250,0,0,66,66,1825,4704,625,5329
2,120450,22638,0,0,66,66,1825,1682,343,2025
2,120450,22638,0,0,66,66,1825,9344,2401,11745
2,120460,76,0,0,76,76,1585,7290,1,7291
2,120510,78,0,0,78,78,1545,1750,1,1751
2,120510,78,0,0,78,78,1545,4374,1,4375
2,120510,78,0,0,78,78,1545,59534,1,59535
2,120510,78,0,0,78,78,1545,65610,1,65611
2,120510,234,0,0,78,78,1545,2176,21,2197
2,120510,546,0,0,78,78,1545,3750,7,3757
2,120510,1014,0,0,78,78,1545,8330,13,8343
2,120510,1950,0,0,78,78,1545,9248,125,9373
2,120510,6630,0,0,78,78,1545,4374,85,4459
2,120510,7098,0,0,78,78,1545,8192,1183,9375
2,120510,9126,0,0,78,78,1545,1400,351,1751
2,120510,13182,0,0,78,78,1545,1854,169,2023
2,120510,17238,0,0,78,78,1545,640,1547,2187
2,120510,26754,0,0,78,78,1545,1854,343,2197
2,120510,34398,0,0,78,78,1545,6656,3969,10625
2,120510,39546,0,0,78,78,1545,3296,2535,5831
2,120510,72306,0,0,78,78,1545,2744,2781,5525
2,120510,104442,0,0,78,78,1545,686,1339,2025
2,120510,107406,0,0,78,78,1545,338,1377,1715
2,120512,64,0,0,128,64,1883,4900,1,4901
2,120523,73,0,0,73,73,1651,6858,1,6859
2,120575,65,0,0,65,65,1855,2592,5,2597
2,120575,65,0,0,65,65,1855,4374,1,4375
2,120575,455,0,0,65,65,1855,5618,7,5625
2,120575,24115,0,0,65,65,1855,6190,371,6561
2,120575,66885,0,0,65,65,1855,8,3087,3095
2,120575,93015,0,0,65,65,1855,40,4293,4333
2,120582,462,0,0,66,66,1827,27848,21,27869
2,120582,63426,0,0,66,66,1827,8,2883,2891
2,120590,15066,0,0,62,62,1945,77800,729,78529
2,120590,24118,0,0,62,62,1945,6750,389,7139
2,120590,120590,0,0,62,62,1945,242,1945,2187
2,120600,5832,0,0,72,72,1675,8192,1053,9245
2,120600,40248,0,0,72,72,1675,1250,559,1809
2,120600,43416,0,0,72,72,1675,40,1809,1849
2,120612,138,0,0,138,69,1748,12160,7,12167
2,120640,64,0,0,64,64,1885,4896,5,4901
2,120640,192,0,0,64,64,1885,6250,3,6253
2,120640,832,0,0,128,64,1885,3132,13,3145
2,120640,2496,0,0,64,64,1885,6728,117,6845
2,120640,3264,0,0,64,64,1885,2146,51,2197
2,120640,8640,0,0,64,64,1885,2738,135,2873
2,120640,53824,0,0,64,64,1885,8192,10933,19125
2,120640,59200,0,0,64,64,1885,288,4625,4913
2,120640,87616,0,0,64,64,1885,7250,1369,8619
2,120640,87616,0,0,64,64,1885,8704,12321,21025
2,120640,92352,0,0,64,64,1885,1682,1443,3125
2,120640,120000,0,0,64,64,1885,48778,1875,50653
2,120681,61479,0,0,69,69,1749,136,2673,2809
2,120744,15768,0,0,72,72,1677,1978,219,2197
2,120750,70,0,0,70,70,1725,64000,9,64009
2,120750,70,0,0,70,70,1725,71874,1,71875
2,120750,1610,0,0,70,70,1725,19602,23,19625
2,120750,17250,0,0,138,69,1750,4704,625,5329
2,120842,74,0,0,74,74,1633,5750,1,5751
2,120842,1998,0,0,74,74,1633,5014,27,5041
2,120842,8066,0,0,74,74,1633,3266,109,3375
2,120913,19525,0,0,71,71,1703,1922,275,2197
2,120978,2574,0,0,132,66,1833,3008,117,3125
2,121032,64152,0,0,72,72,1681,2048,9801,11849
2,121040,30000,0,0,80,80,1513,9826,375,10201
2,121055,71,0,0,71,71,1705,3750,1,3751
2,121055,639,0,0,71,71,1705,6250,9,6259
2,121068,22420,0,0,76,76,1593,7776,1475,9251
2,121068,63916,0,0,76,76,1593,6534,841,7375
2,121086,62,0,0,62,62,1953,4374,1,4375
2,121086,186,0,0,62,62,1953,4802,3,4805
2,121086,310,0,0,62,62,1953,12152,15,12167
2,121086,434,0,0,62,62,1953,32798,7,32805
2,121086,558,0,0,124,62,1953,2116,9,2125
2,121086,1054,0,0,62,62,1953,2170,17,2187
2,121086,1054,0,0,62,62,1953,12150,17,12167
2,121086,1922,0,0,124,62,1953,19652,31,19683
2,121086,5022,0,0,62,62,1953,5750,81,5831
2,121086,8370,0,0,62,62,1953,3968,945,4913
2,121086,15066,0,0,62,62,1953,8750,243,8993
2,121086,17298,0,0,62,62,1953,1288,837,2125
2,121086,75950,0,0,62,62,1953,384,8575,8959
2,121086,75950,0,0,62,62,1953,28566,1225,29791
2,121086,82026,0,0,62,62,1953,32,6615,6647
2,121086,105462,0,0,62,62,1953,17000,5103,22103
2,121086,116250,0,0,62,62,1953,3038,1875,4913
2,121095,69,0,0,69,69,1755,4374,1,4375
2,121095,621,0,0,69,69,1755,3200,63,3263
2,121095,2415,0,0,69,69,1755,6526,35,6561
2,121095,4347,0,0,69,69,1755,2008,189,2197
2,121095,6279,0,0,69,69,1755,8192,1183,9375
2,121095,121095,0,0,69,69,1755,8032,8775,16807
2,121107,79,0,0,79,79,1533,4374,1,4375
2,121107,6399,0,0,79,79,1533,42632,243,42875
2,121107,9875,0,0,79,79,1533,4704,625,5329
2,121121,77,0,0,77,77,1573,4374,1,4375
2,121121,847,0,0,77,77,1573,1690,11,1701
2,121121,7007,0,0,77,77,1573,8192,1183,9375
2,121121,9317,0,0,77,77,1573,1352,363,1715
2,121121,22869,0,0,77,77,1573,512,2673,3185
2,121121,41503,0,0,77,77,1573,8,1617,1625
2,121121,41503,0,0,77,77,1573,16000,3773,19773
2,121121,56133,0,0,77,77,1573,88,2187,2275
2,121121,65219,0,0,77,77,1573,1350,847,2197
2,121121,102487,0,0,77,77,1573,294,1331,1625
2,121125,75,0,0,75,75,1615,4374,1,4375
2,121125,525,0,0,75,75,1615,2048,77,2125
2,121125,525,0,0,75,75,1615,3200,49,3249
2,121125,525,0,0,75,75,1615,20570,7,20577
2,121125,825,0,0,75,75,1615,2250,11,2261
2,121125,1275,0,0,75,75,1615,11858,17,11875
2,121125,1275,0,0,75,75,1615,68590,17,68607
2,121125,1425,0,0,75,75,1615,6050,19,6069
2,121125,1425,0,0,75,75,1615,15606,19,15625
2,121125,1425,0,0,75,75,1615,36992,133,37125
2,121125,1575,0,0,75,75,1615,2312,63,2375
2,121125,3675,0,0,75,75,1615,2250,49,2299
2,121125,7425,0,0,75,75,1615,2432,693,3125
2,121125,9975,0,0,75,75,1615,3200,931,4131
2,121125,11025,0,0,75,75,1615,2584,441,3025
2,121125,13125,0,0,75,75,1615,5984,875,6859
2,121125,15675,0,0,75,75,1615,1666,209,1875
2,121125,18225,0,0,75,75,1615,1672,729,2401
2,121125,18375,0,0,75,75,1615,2662,245,2907
2,121125,21675,0,0,75,75,1615,2432,2023,4455
2,121125,23625,0,0,75,75,1615,4598,315,4913
2,121125,25725,0,0,75,75,1615,1782,343,2125
2,121125,25725,0,0,75,75,1615,1152,2401,3553
2,121125,27075,0,0,75,75,1615,6144,3971,10115
2,121125,30375,0,0,75,75,1615,32,2025,2057
2,121125,31875,0,0,75,75,1615,2662,425,3087
2,121125,40425,0,0,75,75,1615,4374,539,4913
2,121125,45375,0,0,75,75,1615,224,3025,3249
2,121125,46875,0,0,75,75,1615,512,5625,6137
2,121125,50625,0,0,75,75,1615,2888,2025,4913
2,121125,51975,0,0,75,75,1615,640,4851,5491
2,121125,54675,0,0,75,75,1615,2450,729,3179
2,121125,99825,0,0,75,75,1615,6250,1331,7581
2,121125,99825,0,0,75,75,1615,11552,6655,18207
2,121125,99825,0,0,75,75,1615,19494,1331,20825
2,121125,103125,0,0,75,75,1615,1026,1375,2401
2,121125,103275,0,0,75,75,1615,2744,4131,6875
2,121125,109725,0,0,75,75,1615,384,10241,10625
2,121149,63,0,0,63,63,1923,4374,1,4375
2,121149,56133,0,0,63,63,1923,32,4455,4487
2,121176,72,0,0,72,72,1683,34374,1,34375
2,121176,17496,0,0,72,72,1683,5000,729,5729
2,121176,29160,0,0,72,72,1683,32,2025,2057
2,121200,30000,0,0,80,80,1515,3362,375,3737
2,121244,68,0,0,68,68,1783,4374,1,4375
2,121275,77,0,0,77,77,1575,4374,1,4375
2,121275,77,0,0,77,77,1575,10368,7,10375
2,121275,77,0,0,77,77,1575,33614,1,33615
2,121275,539,0,0,77,77,1575,3200,49,3249
2,121275,39375,0,0,63,63,1925,32,3125,3157
2,121275,55125,0,0,63,63,1925,1312,4375,5687
2,121290,24258,0,0,78,78,1555,6250,311,6561
2,121355,121355,0,0,65,65,1867,534,1867,2401
2,121374,48114,0,0,66,66,1839,2104,2187,4291
2,121380,68,0,0,68,68,1785,4374,1,4375
2,121471,67,0,0,67,67,1813,4374,1,4375
2,121471,737,0,0,67,67,1813,9250,11,9261
2,121471,91723,0,0,67,67,1813,83006,1369,84375
2,121573,61,0,0,61,61,1993,4374,1,4375
2,121573,427,0,0,61,61,1993,3200,49,3249
2,121605,67,0,0,67,67,1815,64000,9,64009
2,121605,67,0,0,67,67,1815,71874,1,71875
2,121605,737,0,0,67,67,1815,3634,11,3645
2,121605,8375,0,0,67,67,1815,1738,125,1863
2,121605,15879,0,0,67,67,1815,512,2133,2645
2,121605,24321,0,0,67,67,1815,14536,1089,15625
2,121605,45225,0,0,67,67,1815,5566,675,6241
2,121623,71,0,0,71,71,1713,4374,1,4375
2,121638,110946,0,0,66,66,1843,194,1681,1875
2,121652,121652,0,0,68,68,1789,398,1789,2187
2,121695,61,0,0,61,61,1995,4374,1,4375
2,121695,427,0,0,61,61,1995,3200,49,3249
2,121706,31434,0,0,62,62,1963,77312,4563,81875
2,121730,74,0,0,74,74,1645,4374,1,4375
2,121730,3478,0,0,74,74,1645,1952,235,2187
2,121730,18130,0,0,74,74,1645,1152,1715,2867
2,121730,41958,0,0,74,74,1645,32,2835,2867
2,121730,49950,0,0,74,74,1645,376,2025,2401
2,121730,53946,0,0,74,74,1645,24064,6561,30625
2,121743,81,0,0,81,81,1503,4374,1,4375
2,121779,45927,0,0,63,63,1933,77320,2187,79507
2,121785,9315,0,0,69,69,1765,9728,1215,10943
2,121792,704,0,0,64,64,1903,3114,11,3125
2,121792,11072,0,0,128,64,1903,2500,173,2673
2,121806,13534,0,0,134,67,1818,7776,505,8281
2,121828,76,0,0,76,76,1603,4374,1,4375
2,121828,6156,0,0,76,76,1603,5000,243,5243
2,121830,62,0,0,62,62,1965,4374,1,4375
2,121830,21266,0,0,62,62,1965,128,2401,2529
2,121905,1701,0,0,63,63,1935,3698,27,3725
2,121905,2709,0,0,63,63,1935,15496,129,15625
2,121905,5103,0,0,63,63,1935,8192,1053,9245
2,121905,20475,0,0,63,63,1935,3698,325,4023
2,121905,84483,0,0,63,63,1935,1352,4023,5375
2,121905,116487,0,0,63,63,1935,338,1849,2187
2,121923,2139,0,0,69,69,1767,2318,31,2349
2,121923,40641,0,0,138,69,1767,3132,589,3721
2,122010,70,0,0,70,70,1743,4374,1,4375
2,122010,70,0,0,70,70,1743,10368,7,10375
2,122010,70,0,0,70,70,1743,33614,1,33615
2,122010,17010,0,0,70,70,1743,34202,243,34445
2,122010,72030,0,0,70,70,1743,44672,7203,51875
2,122045,77,0,0,77,77,1585,7290,1,7291
2,122055,79,0,0,79,79,1545,1750,1,1751
2,122055,79,0,0,79,79,1545,4374,1,4375
2,122055,79,0,0,79,79,1545,59534,1,59535
2,122055,79,0,0,79,79,1545,65610,1,65611
2,122055,237,0,0,79,79,1545,2176,21,2197
2,122055,553,0,0,79,79,1545,3750,7,3757
2,122055,1027,0,0,79,79,1545,8330,13,8343
2,122055,1975,0,0,79,79,1545,9248,125,9373
2,122055,6715,0,0,79,79,1545,4374,85,4459
2,122055,7189,0,0,79,79,1545,8192,1183,9375
2,122055,9243,0,0,79,79,1545,1400,351,1751
2,122055,13351,0,0,79,79,1545,1854,169,2023
2,122055,17459,0,0,79,79,1545,640,1547,2187
2,122055,27097,0,0,79,79,1545,1854,343,2197
2,122055,34839,0,0,79,79,1545,6656,3969,10625
2,122055,40053,0,0,79,79,1545,3296,2535,5831
2,122055,73233,0,0,79,79,1545,2744,2781,5525
2,122055,105781,0,0,79,79,1545,686,1339,2025
2,122055,108783,0,0,79,79,1545,338,1377,1715
2,122174,74,0,0,74,74,1651,6858,1,6859
2,122176,192,0,0,64,64,1909,2392,9,2401
2,122176,15552,0,0,64,64,1909,2158,243,2401
2,122176,75712,0,0,64,64,1909,1058,1183,2241
2,122199,1587,0,0,69,69,1771,23814,23,23837
2,122265,3185,0,0,65,65,1881,2152,147,2299
2,122265,15795,0,0,65,65,1881,1672,729,2401
2,122265,110565,0,0,65,65,1881,8,5103,5111
2,122275,67,0,0,67,67,1825,4374,1,4375
2,122275,4891,0,0,67,67,1825,2450,73,2523
2,122275,5427,0,0,67,67,1825,42632,243,42875
2,122275,5913,0,0,73,73,1675,8192,1053,9245
2,122275,8375,0,0,67,67,1825,4704,625,5329
2,122275,22981,0,0,67,67,1825,1682,343,2025
2,122275,22981,0,0,67,67,1825,9344,2401,11745
2,122275,40807,0,0,73,73,1675,1250,559,1809
2,122275,44019,0,0,73,73,1675,40,1809,1849
2,122298,24486,0,0,66,66,1853,128,2597,2725
2,122395,65,0,0,130,65,1883,4900,1,4901
2,122409,469,0,0,67,67,1827,27848,21,27869
2,122409,64387,0,0,67,67,1827,8,2883,2891
2,122421,15987,0,0,73,73,1677,1978,219,2197
2,122430,66,0,0,66,66,1855,2592,5,2597
2,122430,66,0,0,66,66,1855,4374,1,4375
2,122430,462,0,0,66,66,1855,5618,7,5625
2,122430,24486,0,0,66,66,1855,6190,371,6561
2,122430,62370,0,0,70,70,1749,136,2673,2809
2,122430,67914,0,0,66,66,1855,8,3087,3095
2,122430,94446,0,0,66,66,1855,40,4293,4333
2,122475,71,0,0,71,71,1725,64000,9,64009
2,122475,71,0,0,71,71,1725,71874,1,71875
2,122475,75,0,0,75,75,1633,5750,1,5751
2,122475,1633,0,0,71,71,1725,19602,23,19625
2,122475,2025,0,0,75,75,1633,5014,27,5041
2,122475,8175,0,0,75,75,1633,3266,109,3375
2,122525,65,0,0,65,65,1885,4896,5,4901
2,122525,195,0,0,65,65,1885,6250,3,6253
2,122525,845,0,0,130,65,1885,3132,13,3145
2,122525,2535,0,0,65,65,1885,6728,117,6845
2,122525,3315,0,0,65,65,1885,2146,51,2197
2,122525,8775,0,0,65,65,1885,2738,135,2873
2,122525,54665,0,0,65,65,1885,8192,10933,19125
2,122525,60125,0,0,65,65,1885,288,4625,4913
2,122525,88985,0,0,65,65,1885,7250,1369,8619
2,122525,88985,0,0,65,65,1885,8704,12321,21025
2,122525,93795,0,0,65,65,1885,1682,1443,3125
2,122525,121875,0,0,65,65,1885,48778,1875,50653
2,122535,15309,0,0,63,63,1945,77800,729,78529
2,122535,24507,0,0,63,63,1945,6750,389,7139
2,122535,122535,0,0,63,63,1945,242,1945,2187
2,122553,30375,0,0,81,81,1513,9826,375,10201
2,122616,19800,0,0,72,72,1703,1922,275,2197
2,122640,80,0,0,80,80,1533,4374,1,4375
2,122640,6480,0,0,80,80,1533,42632,243,42875
2,122640,10000,0,0,80,80,1533,4704,625,5329
2,122661,22715,0,0,77,77,1593,7776,1475,9251
2,122661,64757,0,0,77,77,1593,6534,841,7375
2,122694,78,0,0,78,78,1573,4374,1,4375
2,122694,858,0,0,78,78,1573,1690,11,1701
2,122694,7098,0,0,78,78,1573,8192,1183,9375
2,122694,9438,0,0,78,78,1573,1352,363,1715
2,122694,23166,0,0,78,78,1573,512,2673,3185
2,122694,42042,0,0,78,78,1573,8,1617,1625
2,122694,42042,0,0,78,78,1573,16000,3773,19773
2,122694,56862,0,0,78,78,1573,88,2187,2275
2,122694,66066,0,0,78,78,1573,1350,847,2197
2,122694,103818,0,0,78,78,1573,294,1331,1625
2,122713,65043,0,0,73,73,1681,2048,9801,11849
2,122715,30375,0,0,81,81,1515,3362,375,3737
2,122740,76,0,0,76,76,1615,4374,1,4375
2,122740,532,0,0,76,76,1615,2048,77,2125
2,122740,532,0,0,76,76,1615,3200,49,3249
2,122740,532,0,0,76,76,1615,20570,7,20577
2,122740,836,0,0,76,76,1615,2250,11,2261
2,122740,1292,0,0,76,76,1615,11858,17,11875
2,122740,1292,0,0,76,76,1615,68590,17,68607
2,122740,1444,0,0,76,76,1615,6050,19,6069
2,122740,1444,0,0,76,76,1615,15606,19,15625
2,122740,1444,0,0,76,76,1615,36992,133,37125
2,122740,1596,0,0,76,76,1615,2312,63,2375
2,122740,3724,0,0,76,76,1615,2250,49,2299
2,122740,7524,0,0,76,76,1615,2432,693,3125
2,122740,10108,0,0,76,76,1615,3200,931,4131
2,122740,11172,0,0,76,76,1615,2584,441,3025
2,122740,13300,0,0,76,76,1615,5984,875,6859
2,122740,15884,0,0,76,76,1615,1666,209,1875
2,122740,18468,0,0,76,76,1615,1672,729,2401
2,122740,18620,0,0,76,76,1615,2662,245,2907
2,122740,21964,0,0,76,76,1615,2432,2023,4455
2,122740,23940,0,0,76,76,1615,4598,315,4913
2,122740,26068,0,0,76,76,1615,1782,343,2125
2,122740,26068,0,0,76,76,1615,1152,2401,3553
2,122740,27436,0,0,76,76,1615,6144,3971,10115
2,122740,30780,0,0,76,76,1615,32,2025,2057
2,122740,32300,0,0,76,76,1615,2662,425,3087
2,122740,40964,0,0,76,76,1615,4374,539,4913
2,122740,45980,0,0,76,76,1615,224,3025,3249
2,122740,47500,0,0,76,76,1615,512,5625,6137
2,122740,51300,0,0,76,76,1615,2888,2025,4913
2,122740,52668,0,0,76,76,1615,640,4851,5491
2,122740,55404,0,0,76,76,1615,2450,729,3179
2,122740,101156,0,0,76,76,1615,6250,1331,7581
2,122740,101156,0,0,76,76,1615,11552,6655,18207
2,122740,101156,0,0,76,76,1615,19494,1331,20825
2,122740,104500,0,0,76,76,1615,1026,1375,2401
2,122740,104652,0,0,76,76,1615,2744,4131,6875
2,122740,111188,0,0,76,76,1615,384,10241,10625
2,122760,72,0,0,72,72,1705,3750,1,3751
2,122760,648,0,0,72,72,1705,6250,9,6259
2,122811,2613,0,0,134,67,1833,3008,117,3125
2,122845,24569,0,0,79,79,1555,6250,311,6561
2,122850,70,0,0,70,70,1755,4374,1,4375
2,122850,78,0,0,78,78,1575,4374,1,4375
2,122850,78,0,0,78,78,1575,10368,7,10375
2,122850,78,0,0,78,78,1575,33614,1,33615
2,122850,546,0,0,78,78,1575,3200,49,3249
2,122850,630,0,0,70,70,1755,3200,63,3263
2,122850,2450,0,0,70,70,1755,6526,35,6561
2,122850,4410,0,0,70,70,1755,2008,189,2197
2,122850,6370,0,0,70,70,1755,8192,1183,9375
2,122850,122850,0,0,70,70,1755,8032,8775,16807
2,122859,73,0,0,73,73,1683,34374,1,34375
2,122859,17739,0,0,73,73,1683,5000,729,5729
2,122859,29565,0,0,73,73,1683,32,2025,2057
2,123027,69,0,0,69,69,1783,4374,1,4375
2,123039,63,0,0,63,63,1953,4374,1,4375
2,123039,189,0,0,63,63,1953,4802,3,4805
2,123039,315,0,0,63,63,1953,12152,15,12167
2,123039,441,0,0,63,63,1953,32798,7,32805
2,123039,567,0,0,126,63,1953,2116,9,2125
2,123039,1071,0,0,63,63,1953,2170,17,2187
2,123039,1071,0,0,63,63,1953,12150,17,12167
2,123039,1953,0,0,126,63,1953,19652,31,19683
2,123039,5103,0,0,63,63,1953,5750,81,5831
2,123039,8505,0,0,63,63,1953,3968,945,4913
2,123039,15309,0,0,63,63,1953,8750,243,8993
2,123039,17577,0,0,63,63,1953,1288,837,2125
2,123039,77175,0,0,63,63,1953,384,8575,8959
2,123039,77175,0,0,63,63,1953,28566,1225,29791
2,123039,83349,0,0,63,63,1953,32,6615,6647
2,123039,107163,0,0,63,63,1953,17000,5103,22103
2,123039,118125,0,0,63,63,1953,3038,1875,4913
2,123072,64,0,0,64,64,1923,4374,1,4375
2,123072,57024,0,0,64,64,1923,32,4455,4487
2,123165,69,0,0,69,69,1785,4374,1,4375
2,123200,40000,0,0,64,64,1925,32,3125,3157
2,123200,56000,0,0,64,64,1925,1312,4375,5687
2,123213,48843,0,0,67,67,1839,2104,2187,4291
2,123222,123222,0,0,66,66,1867,534,1867,2401
2,123246,82,0,0,82,82,1503,4374,1,4375
2,123284,68,0,0,68,68,1813,4374,1,4375
2,123284,748,0,0,68,68,1813,9250,11,9261
2,123284,93092,0,0,68,68,1813,83006,1369,84375
2,123336,72,0,0,72,72,1713,4374,1,4375
2,123375,75,0,0,75,75,1645,4374,1,4375
2,123375,3525,0,0,75,75,1645,1952,235,2187
2,123375,18375,0,0,75,75,1645,1152,1715,2867
2,123375,42525,0,0,75,75,1645,32,2835,2867
2,123375,50625,0,0,75,75,1645,376,2025,2401
2,123375,54675,0,0,75,75,1645,24064,6561,30625
2,123420,68,0,0,68,68,1815,64000,9,64009
2,123420,68,0,0,68,68,1815,71874,1,71875
2,123420,748,0,0,68,68,1815,3634,11,3645
2,123420,8500,0,0,68,68,1815,1738,125,1863
2,123420,16116,0,0,68,68,1815,512,2133,2645
2,123420,24684,0,0,68,68,1815,14536,1089,15625
2,123420,45900,0,0,68,68,1815,5566,675,6241
2,123431,77,0,0,77,77,1603,4374,1,4375
2,123431,6237,0,0,77,77,1603,5000,243,5243
2,123441,123441,0,0,69,69,1789,398,1789,2187
2,123481,112627,0,0,67,67,1843,194,1681,1875
2,123550,9450,0,0,70,70,1765,9728,1215,10943
2,123566,62,0,0,62,62,1993,4374,1,4375
2,123566,434,0,0,62,62,1993,3200,49,3249
2,123600,80,0,0,80,80,1545,1750,1,1751
2,123600,80,0,0,80,80,1545,4374,1,4375
2,123600,80,0,0,80,80,1545,59534,1,59535
2,123600,80,0,0,80,80,1545,65610,1,65611
2,123600,240,0,0,80,80,1545,2176,21,2197
2,123600,560,0,0,80,80,1545,3750,7,3757
2,123600,1040,0,0,80,80,1545,8330,13,8343
2,123600,2000,0,0,80,80,1545,9248,125,9373
2,123600,6800,0,0,80,80,1545,4374,85,4459
2,123600,7280,0,0,80,80,1545,8192,1183,9375
2,123600,9360,0,0,80,80,1545,1400,351,1751
2,123600,13520,0,0,80,80,1545,1854,169,2023
2,123600,17680,0,0,80,80,1545,640,1547,2187
2,123600,27440,0,0,80,80,1545,1854,343,2197
2,123600,35280,0,0,80,80,1545,6656,3969,10625
2,123600,40560,0,0,80,80,1545,3296,2535,5831
2,123600,74160,0,0,80,80,1545,2744,2781,5525
2,123600,107120,0,0,80,80,1545,686,1339,2025
2,123600,110160,0,0,80,80,1545,338,1377,1715
2,123624,13736,0,0,136,68,1818,7776,505,8281
2,123630,78,0,0,78,78,1585,7290,1,7291
2,123669,31941,0,0,63,63,1963,77312,4563,81875
2,123690,62,0,0,62,62,1995,4374,1,4375
2,123690,434,0,0,62,62,1995,3200,49,3249
2,123690,2170,0,0,70,70,1767,2318,31,2349
2,123695,715,0,0,65,65,1903,3114,11,3125
2,123695,11245,0,0,130,65,1903,2500,173,2673
2,123712,46656,0,0,64,64,1933,77320,2187,79507
2,123753,71,0,0,71,71,1743,4374,1,4375
2,123753,71,0,0,71,71,1743,10368,7,10375
2,123753,71,0,0,71,71,1743,33614,1,33615
2,123753,17253,0,0,71,71,1743,34202,243,34445
2,123753,73059,0,0,71,71,1743,44672,7203,51875
2,123795,63,0,0,63,63,1965,4374,1,4375
2,123795,21609,0,0,63,63,1965,128,2401,2529
2,123825,75,0,0,75,75,1651,6858,1,6859
2,123840,1728,0,0,64,64,1935,3698,27,3725
2,123840,2752,0,0,64,64,1935,15496,129,15625
2,123840,5184,0,0,64,64,1935,8192,1053,9245
2,123840,20800,0,0,64,64,1935,3698,325,4023
2,123840,85824,0,0,64,64,1935,1352,4023,5375
2,123840,118336,0,0,64,64,1935,338,1849,2187
2,123950,5994,0,0,74,74,1675,8192,1053,9245
2,123950,41366,0,0,74,74,1675,1250,559,1809
2,123950,44622,0,0,74,74,1675,40,1809,1849
2,123970,1610,0,0,70,70,1771,23814,23,23837
2,124066,30750,0,0,82,82,1513,9826,375,10201
2,124085,195,0,0,65,65,1909,2392,9,2401
2,124085,15795,0,0,65,65,1909,2158,243,2401
2,124085,76895,0,0,65,65,1909,1058,1183,2241
2,124098,16206,0,0,74,74,1677,1978,219,2197
2,124100,68,0,0,68,68,1825,4374,1,4375
2,124100,4964,0,0,68,68,1825,2450,73,2523
2,124100,5508,0,0,68,68,1825,42632,243,42875
2,124100,8500,0,0,68,68,1825,4704,625,5329
2,124100,23324,0,0,68,68,1825,1682,343,2025
2,124100,23324,0,0,68,68,1825,9344,2401,11745
2,124108,76,0,0,76,76,1633,5750,1,5751
2,124108,2052,0,0,76,76,1633,5014,27,5041
2,124108,8284,0,0,76,76,1633,3266,109,3375
2,124146,3234,0,0,66,66,1881,2152,147,2299
2,124146,16038,0,0,66,66,1881,1672,729,2401
2,124146,112266,0,0,66,66,1881,8,5103,5111
2,124151,24857,0,0,67,67,1853,128,2597,2725
2,124173,81,0,0,81,81,1533,4374,1,4375
2,124173,6561,0,0,81,81,1533,42632,243,42875
2,124173,10125,0,0,81,81,1533,4704,625,5329
2,124179,63261,0,0,71,71,1749,136,2673,2809
2,124200,72,0,0,72,72,1725,64000,9,64009
2,124200,72,0,0,72,72,1725,71874,1,71875
2,124200,1656,0,0,72,72,1725,19602,23,19625
2,124230,30750,0,0,82,82,1515,3362,375,3737
2,124236,476,0,0,68,68,1827,27848,21,27869
2,124236,65348,0,0,68,68,1827,8,2883,2891
2,124254,23010,0,0,78,78,1593,7776,1475,9251
2,124254,65598,0,0,78,78,1593,6534,841,7375
2,124267,79,0,0,79,79,1573,4374,1,4375
2,124267,869,0,0,79,79,1573,1690,11,1701
2,124267,7189,0,0,79,79,1573,8192,1183,9375
2,124267,9559,0,0,79,79,1573,1352,363,1715
2,124267,23463,0,0,79,79,1573,512,2673,3185
2,124267,42581,0,0,79,79,1573,8,1617,1625
2,124267,42581,0,0,79,79,1573,16000,3773,19773
2,124267,57591,0,0,79,79,1573,88,2187,2275
2,124267,66913,0,0,79,79,1573,1350,847,2197
2,124267,105149,0,0,79,79,1573,294,1331,1625
2,124278,66,0,0,132,66,1883,4900,1,4901
2,124285,67,0,0,67,67,1855,2592,5,2597
2,124285,67,0,0,67,67,1855,4374,1,4375
2,124285,469,0,0,67,67,1855,5618,7,5625
2,124285,24857,0,0,67,67,1855,6190,371,6561
2,124285,68943,0,0,67,67,1855,8,3087,3095
2,124285,95877,0,0,67,67,1855,40,4293,4333
2,124319,20075,0,0,73,73,1703,1922,275,2197
2,124355,77,0,0,77,77,1615,4374,1,4375
2,124355,539,0,0,77,77,1615,2048,77,2125
2,124355,539,0,0,77,77,1615,3200,49,3249
2,124355,539,0,0,77,77,1615,20570,7,20577
2,124355,847,0,0,77,77,1615,2250,11,2261
2,124355,1309,0,0,77,77,1615,11858,17,11875
2,124355,1309,0,0,77,77,1615,68590,17,68607
2,124355,1463,0,0,77,77,1615,6050,19,6069
2,124355,1463,0,0,77,77,1615,15606,19,15625
2,124355,1463,0,0,77,77,1615,36992,133,37125
2,124355,1617,0,0,77,77,1615,2312,63,2375
2,124355,3773,0,0,77,77,1615,2250,49,2299
2,124355,7623,0,0,77,77,1615,2432,693,3125
2,124355,10241,0,0,77,77,1615,3200,931,4131
2,124355,11319,0,0,77,77,1615,2584,441,3025
2,124355,13475,0,0,77,77,1615,5984,875,6859
2,124355,16093,0,0,77,77,1615,1666,209,1875
2,124355,18711,0,0,77,77,1615,1672,729,2401
2,124355,18865,0,0,77,77,1615,2662,245,2907
2,124355,22253,0,0,77,77,1615,2432,2023,4455
2,124355,24255,0,0,77,77,1615,4598,315,4913
2,124355,26411,0,0,77,77,1615,1782,343,2125
2,124355,26411,0,0,77,77,1615,1152,2401,3553
2,124355,27797,0,0,77,77,1615,6144,3971,10115
2,124355,31185,0,0,77,77,1615,32,2025,2057
2,124355,32725,0,0,77,77,1615,2662,425,3087
2,124355,41503,0,0,77,77,1615,4374,539,4913
2,124355,46585,0,0,77,77,1615,224,3025,3249
2,124355,48125,0,0,77,77,1615,512,5625,6137
2,124355,51975,0,0,77,77,1615,2888,2025,4913
2,124355,53361,0,0,77,77,1615,640,4851,5491
2,124355,56133,0,0,77,77,1615,2450,729,3179
2,124355,102487,0,0,77,77,1615,6250,1331,7581
2,124355,102487,0,0,77,77,1615,11552,6655,18207
2,124355,102487,0,0,77,77,1615,19494,1331,20825
2,124355,105875,0,0,77,77,1615,1026,1375,2401
2,124355,106029,0,0,77,77,1615,2744,4131,6875
2,124355,112651,0,0,77,77,1615,384,10241,10625
2,124394,65934,0,0,74,74,1681,2048,9801,11849
2,124400,24880,0,0,80,80,1555,6250,311,6561
2,124410,66,0,0,66,66,1885,4896,5,4901
2,124410,198,0,0,66,66,1885,6250,3,6253
2,124410,858,0,0,132,66,1885,3132,13,3145
2,124410,2574,0,0,66,66,1885,6728,117,6845
2,124410,3366,0,0,66,66,1885,2146,51,2197
2,124410,8910,0,0,66,66,1885,2738,135,2873
2,124410,55506,0,0,66,66,1885,8192,10933,19125
2,124410,61050,0,0,66,66,1885,288,4625,4913
2,124410,90354,0,0,66,66,1885,7250,1369,8619
2,124410,90354,0,0,66,66,1885,8704,12321,21025
2,124410,95238,0,0,66,66,1885,1682,1443,3125
2,124410,123750,0,0,66,66,1885,48778,1875,50653
2,124425,79,0,0,79,79,1575,4374,1,4375
2,124425,79,0,0,79,79,1575,10368,7,10375
2,124425,79,0,0,79,79,1575,33614,1,33615
2,124425,553,0,0,79,79,1575,3200,49,3249
2,124465,73,0,0,73,73,1705,3750,1,3751
2,124465,657,0,0,73,73,1705,6250,9,6259
2,124480,15552,0,0,64,64,1945,77800,729,78529
2,124480,24896,0,0,64,64,1945,6750,389,7139
2,124480,124480,0,0,64,64,1945,242,1945,2187
2,124542,74,0,0,74,74,1683,34374,1,34375
2,124542,17982,0,0,74,74,1683,5000,729,5729
2,124542,29970,0,0,74,74,1683,32,2025,2057
2,124605,71,0,0,71,71,1755,4374,1,4375
2,124605,639,0,0,71,71,1755,3200,63,3263
2,124605,2485,0,0,71,71,1755,6526,35,6561
2,124605,4473,0,0,71,71,1755,2008,189,2197
2,124605,6461,0,0,71,71,1755,8192,1183,9375
2,124605,124605,0,0,71,71,1755,8032,8775,16807
2,124644,2652,0,0,136,68,1833,3008,117,3125
2,124749,83,0,0,83,83,1503,4374,1,4375
2,124810,70,0,0,70,70,1783,4374,1,4375
2,124950,70,0,0,70,70,1785,4374,1,4375
2,124992,64,0,0,64,64,1953,4374,1,4375
2,124992,192,0,0,64,64,1953,4802,3,4805
2,124992,320,0,0,64,64,1953,12152,15,12167
2,124992,448,0,0,64,64,1953,32798,7,32805
2,124992,576,0,0,128,64,1953,2116,9,2125
2,124992,1088,0,0,64,64,1953,2170,17,2187
2,124992,1088,0,0,64,64,1953,12150,17,12167
2,124992,1984,0,0,128,64,1953,19652,31,19683
2,124992,5184,0,0,64,64,1953,5750,81,5831
2,124992,8640,0,0,64,64,1953,3968,945,4913
2,124992,15552,0,0,64,64,1953,8750,243,8993
2,124992,17856,0,0,64,64,1953,1288,837,2125
2,124992,78400,0,0,64,64,1953,384,8575,8959
2,124992,78400,0,0,64,64,1953,28566,1225,29791
2,124992,84672,0,0,64,64,1953,32,6615,6647
2,124992,108864,0,0,64,64,1953,17000,5103,22103
2,124992,120000,0,0,64,64,1953,3038,1875,4913
2,124995,65,0,0,65,65,1923,4374,1,4375
2,124995,57915,0,0,65,65,1923,32,4455,4487
2,125020,76,0,0,76,76,1645,4374,1,4375
2,125020,3572,0,0,76,76,1645,1952,235,2187
2,125020,18620,0,0,76,76,1645,1152,1715,2867
2,125020,43092,0,0,76,76,1645,32,2835,2867
2,125020,51300,0,0,76,76,1645,376,2025,2401
2,125020,55404,0,0,76,76,1645,24064,6561,30625
2,125034,78,0,0,78,78,1603,4374,1,4375
2,125034,6318,0,0,78,78,1603,5000,243,5243
2,125049,73,0,0,73,73,1713,4374,1,4375
2,125052,49572,0,0,68,68,1839,2104,2187,4291
2,125089,125089,0,0,67,67,1867,534,1867,2401
2,125097,69,0,0,69,69,1813,4374,1,4375
2,125097,759,0,0,69,69,1813,9250,11,9261
2,125097,94461,0,0,69,69,1813,83006,1369,84375
2,125125,40625,0,0,65,65,1925,32,3125,3157
2,125125,56875,0,0,65,65,1925,1312,4375,5687
2,125145,81,0,0,81,81,1545,1750,1,1751
2,125145,81,0,0,81,81,1545,4374,1,4375
2,125145,81,0,0,81,81,1545,59534,1,59535
2,125145,81,0,0,81,81,1545,65610,1,65611
2,125145,243,0,0,81,81,1545,2176,21,2197
2,125145,567,0,0,81,81,1545,3750,7,3757
2,125145,1053,0,0,81,81,1545,8330,13,8343
2,125145,2025,0,0,81,81,1545,9248,125,9373
2,125145,6885,0,0,81,81,1545,4374,85,4459
2,125145,7371,0,0,81,81,1545,8192,1183,9375
2,125145,9477,0,0,81,81,1545,1400,351,1751
2,125145,13689,0,0,81,81,1545,1854,169,2023
2,125145,17901,0,0,81,81,1545,640,1547,2187
2,125145,27783,0,0,81,81,1545,1854,343,2197
2,125145,35721,0,0,81,81,1545,6656,3969,10625
2,125145,41067,0,0,81,81,1545,3296,2535,5831
2,125145,75087,0,0,81,81,1545,2744,2781,5525
2,125145,108459,0,0,81,81,1545,686,1339,2025
2,125145,111537,0,0,81,81,1545,338,1377,1715
2,125215,79,0,0,79,79,1585,7290,1,7291
2,125230,125230,0,0,70,70,1789,398,1789,2187
2,125235,69,0,0,69,69,1815,64000,9,64009
2,125235,69,0,0,69,69,1815,71874,1,71875
2,125235,759,0,0,69,69,1815,3634,11,3645
2,125235,8625,0,0,69,69,1815,1738,125,1863
2,125235,16353,0,0,69,69,1815,512,2133,2645
2,125235,25047,0,0,69,69,1815,14536,1089,15625
2,125235,46575,0,0,69,69,1815,5566,675,6241
2,125315,9585,0,0,71,71,1765,9728,1215,10943
2,125324,114308,0,0,68,68,1843,194,1681,1875
2,125442,13938,0,0,138,69,1818,7776,505,8281
2,125457,2201,0,0,71,71,1767,2318,31,2349
2,125476,76,0,0,76,76,1651,6858,1,6859
2,125496,72,0,0,72,72,1743,4374,1,4375
2,125496,72,0,0,72,72,1743,10368,7,10375
2,125496,72,0,0,72,72,1743,33614,1,33615
2,125496,17496,0,0,72,72,1743,34202,243,34445
2,125496,74088,0,0,72,72,1743,44672,7203,51875
2,125559,63,0,0,63,63,1993,4374,1,4375
2,125559,441,0,0,63,63,1993,3200,49,3249
2,125579,31125,0,0,83,83,1513,9826,375,10201
2,125598,726,0,0,66,66,1903,3114,11,3125
2,125598,11418,0,0,132,66,1903,2500,173,2673
2,125625,6075,0,0,75,75,1675,8192,1053,9245
2,125625,41925,0,0,75,75,1675,1250,559,1809
2,125625,45225,0,0,75,75,1675,40,1809,1849
2,125632,32448,0,0,64,64,1963,77312,4563,81875
2,125645,47385,0,0,65,65,1933,77320,2187,79507
2,125685,63,0,0,63,63,1995,4374,1,4375
2,125685,441,0,0,63,63,1995,3200,49,3249
2,125706,82,0,0,82,82,1533,4374,1,4375
2,125706,6642,0,0,82,82,1533,42632,243,42875
2,125706,10250,0,0,82,82,1533,4704,625,5329
2,125741,77,0,0,77,77,1633,5750,1,5751
2,125741,1633,0,0,71,71,1771,23814,23,23837
2,125741,2079,0,0,77,77,1633,5014,27,5041
2,125741,8393,0,0,77,77,1633,3266,109,3375
2,125745,31125,0,0,83,83,1515,3362,375,3737
2,125760,64,0,0,64,64,1965,4374,1,4375
2,125760,21952,0,0,64,64,1965,128,2401,2529
2,125775,1755,0,0,65,65,1935,3698,27,3725
2,125775,2795,0,0,65,65,1935,15496,129,15625
2,125775,5265,0,0,65,65,1935,8192,1053,9245
2,125775,16425,0,0,75,75,1677,1978,219,2197
2,125775,21125,0,0,65,65,1935,3698,325,4023
2,125775,87165,0,0,65,65,1935,1352,4023,5375
2,125775,120185,0,0,65,65,1935,338,1849,2187
2,125840,80,0,0,80,80,1573,4374,1,4375
2,125840,880,0,0,80,80,1573,1690,11,1701
2,125840,7280,0,0,80,80,1573,8192,1183,9375
2,125840,9680,0,0,80,80,1573,1352,363,1715
2,125840,23760,0,0,80,80,1573,512,2673,3185
2,125840,43120,0,0,80,80,1573,8,1617,1625
2,125840,43120,0,0,80,80,1573,16000,3773,19773
2,125840,58320,0,0,80,80,1573,88,2187,2275
2,125840,67760,0,0,80,80,1573,1350,847,2197
2,125840,106480,0,0,80,80,1573,294,1331,1625
2,125847,23305,0,0,79,79,1593,7776,1475,9251
2,125847,66439,0,0,79,79,1593,6534,841,7375
2,125925,69,0,0,69,69,1825,4374,1,4375
2,125925,73,0,0,73,73,1725,64000,9,64009
2,125925,73,0,0,73,73,1725,71874,1,71875
2,125925,1679,0,0,73,73,1725,19602,23,19625
2,125925,5037,0,0,69,69,1825,2450,73,2523
2,125925,5589,0,0,69,69,1825,42632,243,42875
2,125925,8625,0,0,69,69,1825,4704,625,5329
2,125925,23667,0,0,69,69,1825,1682,343,2025
2,125925,23667,0,0,69,69,1825,9344,2401,11745
2,125928,64152,0,0,72,72,1749,136,2673,2809
2,125955,25191,0,0,81,81,1555,6250,311,6561
2,125970,78,0,0,78,78,1615,4374,1,4375
2,125970,546,0,0,78,78,1615,2048,77,2125
2,125970,546,0,0,78,78,1615,3200,49,3249
2,125970,546,0,0,78,78,1615,20570,7,20577
2,125970,858,0,0,78,78,1615,2250,11,2261
2,125970,1326,0,0,78,78,1615,11858,17,11875
2,125970,1326,0,0,78,78,1615,68590,17,68607
2,125970,1482,0,0,78,78,1615,6050,19,6069
2,125970,1482,0,0,78,78,1615,15606,19,15625
2,125970,1482,0,0,78,78,1615,36992,133,37125
2,125970,1638,0,0,78,78,1615,2312,63,2375
2,125970,3822,0,0,78,78,1615,2250,49,2299
2,125970,7722,0,0,78,78,1615,2432,693,3125
2,125970,10374,0,0,78,78,1615,3200,931,4131
2,125970,11466,0,0,78,78,1615,2584,441,3025
2,125970,13650,0,0,78,78,1615,5984,875,6859
2,125970,16302,0,0,78,78,1615,1666,209,1875
2,125970,18954,0,0,78,78,1615,1672,729,2401
2,125970,19110,0,0,78,78,1615,2662,245,2907
2,125970,22542,0,0,78,78,1615,2432,2023,4455
2,125970,24570,0,0,78,78,1615,4598,315,4913
2,125970,26754,0,0,78,78,1615,1782,343,2125
2,125970,26754,0,0,78,78,1615,1152,2401,3553
2,125970,28158,0,0,78,78,1615,6144,3971,10115
2,125970,31590,0,0,78,78,1615,32,2025,2057
2,125970,33150,0,0,78,78,1615,2662,425,3087
2,125970,42042,0,0,78,78,1615,4374,539,4913
2,125970,47190,0,0,78,78,1615,224,3025,3249
2,125970,48750,0,0,78,78,1615,512,5625,6137
2,125970,52650,0,0,78,78,1615,2888,2025,4913
2,125970,54054,0,0,78,78,1615,640,4851,5491
2,125970,56862,0,0,78,78,1615,2450,729,3179
2,125970,103818,0,0,78,78,1615,6250,1331,7581
2,125970,103818,0,0,78,78,1615,11552,6655,18207
2,125970,103818,0,0,78,78,1615,19494,1331,20825
2,125970,107250,0,0,78,78,1615,1026,1375,2401
2,125970,107406,0,0,78,78,1615,2744,4131,6875
2,125970,114114,0,0,78,78,1615,384,10241,10625
2,125994,198,0,0,66,66,1909,2392,9,2401
2,125994,16038,0,0,66,66,1909,2158,243,2401
2,125994,78078,0,0,66,66,1909,1058,1183,2241
2,126000,80,0,0,80,80,1575,4374,1,4375
2,126000,80,0,0,80,80,1575,10368,7,10375
2,126000,80,0,0,80,80,1575,33614,1,33615
2,126000,560,0,0,80,80,1575,3200,49,3249
2,126004,25228,0,0,68,68,1853,128,2597,2725
2,126022,20350,0,0,74,74,1703,1922,275,2197
2,126027,3283,0,0,67,67,1881,2152,147,2299
2,126027,16281,0,0,67,67,1881,1672,729,2401
2,126027,113967,0,0,67,67,1881,8,5103,5111
2,126063,483,0,0,69,69,1827,27848,21,27869
2,126063,66309,0,0,69,69,1827,8,2883,2891
2,126075,66825,0,0,75,75,1681,2048,9801,11849
2,126140,68,0,0,68,68,1855,2592,5,2597
2,126140,68,0,0,68,68,1855,4374,1,4375
2,126140,476,0,0,68,68,1855,5618,7,5625
2,126140,25228,0,0,68,68,1855,6190,371,6561
2,126140,69972,0,0,68,68,1855,8,3087,3095
2,126140,97308,0,0,68,68,1855,40,4293,4333
2,126161,67,0,0,134,67,1883,4900,1,4901
2,126170,74,0,0,74,74,1705,3750,1,3751
2,126170,666,0,0,74,74,1705,6250,9,6259
2,126225,75,0,0,75,75,1683,34374,1,34375
2,126225,18225,0,0,75,75,1683,5000,729,5729
2,126225,30375,0,0,75,75,1683,32,2025,2057
2,126252,84,0,0,84,84,1503,4374,1,4375
2,126295,67,0,0,67,67,1885,4896,5,4901
2,126295,201,0,0,67,67,1885,6250,3,6253
2,126295,871,0,0,134,67,1885,3132,13,3145
2,126295,2613,0,0,67,67,1885,6728,117,6845
2,126295,3417,0,0,67,67,1885,2146,51,2197
2,126295,9045,0,0,67,67,1885,2738,135,2873
2,126295,56347,0,0,67,67,1885,8192,10933,19125
2,126295,61975,0,0,67,67,1885,288,4625,4913
2,126295,91723,0,0,67,67,1885,7250,1369,8619
2,126295,91723,0,0,67,67,1885,8704,12321,21025
2,126295,96681,0,0,67,67,1885,1682,1443,3125
2,126295,125625,0,0,67,67,1885,48778,1875,50653
2,126360,72,0,0,72,72,1755,4374,1,4375
2,126360,648,0,0,72,72,1755,3200,63,3263
2,126360,2520,0,0,72,72,1755,6526,35,6561
2,126360,4536,0,0,72,72,1755,2008,189,2197
2,126360,6552,0,0,72,72,1755,8192,1183,9375
2,126360,126360,0,0,72,72,1755,8032,8775,16807
2,126425,15795,0,0,65,65,1945,77800,729,78529
2,126425,25285,0,0,65,65,1945,6750,389,7139
2,126425,126425,0,0,65,65,1945,242,1945,2187
2,126477,2691,0,0,138,69,1833,3008,117,3125
2,126593,71,0,0,71,71,1783,4374,1,4375
2,126637,79,0,0,79,79,1603,4374,1,4375
2,126637,6399,0,0,79,79,1603,5000,243,5243
2,126665,77,0,0,77,77,1645,4374,1,4375
2,126665,3619,0,0,77,77,1645,1952,235,2187
2,126665,18865,0,0,77,77,1645,1152,1715,2867
2,126665,43659,0,0,77,77,1645,32,2835,2867
2,126665,51975,0,0,77,77,1645,376,2025,2401
2,126665,56133,0,0,77,77,1645,24064,6561,30625
2,126690,82,0,0,82,82,1545,1750,1,1751
2,126690,82,0,0,82,82,1545,4374,1,4375
2,126690,82,0,0,82,82,1545,59534,1,59535
2,126690,82,0,0,82,82,1545,65610,1,65611
2,126690,246,0,0,82,82,1545,2176,21,2197
2,126690,574,0,0,82,82,1545,3750,7,3757
2,126690,1066,0,0,82,82,1545,8330,13,8343
2,126690,2050,0,0,82,82,1545,9248,125,9373
2,126690,6970,0,0,82,82,1545,4374,85,4459
2,126690,7462,0,0,82,82,1545,8192,1183,9375
2,126690,9594,0,0,82,82,1545,1400,351,1751
2,126690,13858,0,0,82,82,1545,1854,169,2023
2,126690,18122,0,0,82,82,1545,640,1547,2187
2,126690,28126,0,0,82,82,1545,1854,343,2197
2,126690,36162,0,0,82,82,1545,6656,3969,10625
2,126690,41574,0,0,82,82,1545,3296,2535,5831
2,126690,76014,0,0,82,82,1545,2744,2781,5525
2,126690,109798,0,0,82,82,1545,686,1339,2025
2,126690,112914,0,0,82,82,1545,338,1377,1715
2,126735,71,0,0,71,71,1785,4374,1,4375
2,126762,74,0,0,74,74,1713,4374,1,4375
2,126800,80,0,0,80,80,1585,7290,1,7291
2,126891,50301,0,0,69,69,1839,2104,2187,4291
2,126910,70,0,0,70,70,1813,4374,1,4375
2,126910,770,0,0,70,70,1813,9250,11,9261
2,126910,95830,0,0,70,70,1813,83006,1369,84375
2,126918,66,0,0,66,66,1923,4374,1,4375
2,126918,58806,0,0,66,66,1923,32,4455,4487
2,126945,65,0,0,65,65,1953,4374,1,4375
2,126945,195,0,0,65,65,1953,4802,3,4805
2,126945,325,0,0,65,65,1953,12152,15,12167
2,126945,455,0,0,65,65,1953,32798,7,32805
2,126945,585,0,0,130,65,1953,2116,9,2125
2,126945,1105,0,0,65,65,1953,2170,17,2187
2,126945,1105,0,0,65,65,1953,12150,17,12167
2,126945,2015,0,0,130,65,1953,19652,31,19683
2,126945,5265,0,0,65,65,1953,5750,81,5831
2,126945,8775,0,0,65,65,1953,3968,945,4913
2,126945,15795,0,0,65,65,1953,8750,243,8993
2,126945,18135,0,0,65,65,1953,1288,837,2125
2,126945,79625,0,0,65,65,1953,384,8575,8959
2,126945,79625,0,0,65,65,1953,28566,1225,29791
2,126945,85995,0,0,65,65,1953,32,6615,6647
2,126945,110565,0,0,65,65,1953,17000,5103,22103
2,126945,121875,0,0,65,65,1953,3038,1875,4913
2,126956,126956,0,0,68,68,1867,534,1867,2401
2,127019,127019,0,0,71,71,1789,398,1789,2187
2,127050,70,0,0,70,70,1815,64000,9,64009
2,127050,70,0,0,70,70,1815,71874,1,71875
2,127050,770,0,0,70,70,1815,3634,11,3645
2,127050,8750,0,0,70,70,1815,1738,125,1863
2,127050,16590,0,0,70,70,1815,512,2133,2645
2,127050,25410,0,0,70,70,1815,14536,1089,15625
2,127050,41250,0,0,66,66,1925,32,3125,3157
2,127050,47250,0,0,70,70,1815,5566,675,6241
2,127050,57750,0,0,66,66,1925,1312,4375,5687
2,127080,9720,0,0,72,72,1765,9728,1215,10943
2,127092,31500,0,0,84,84,1513,9826,375,10201
2,127127,77,0,0,77,77,1651,6858,1,6859
2,127167,115989,0,0,69,69,1843,194,1681,1875
2,127224,2232,0,0,72,72,1767,2318,31,2349
2,127239,73,0,0,73,73,1743,4374,1,4375
2,127239,73,0,0,73,73,1743,10368,7,10375
2,127239,73,0,0,73,73,1743,33614,1,33615
2,127239,83,0,0,83,83,1533,4374,1,4375
2,127239,6723,0,0,83,83,1533,42632,243,42875
2,127239,10375,0,0,83,83,1533,4704,625,5329
2,127239,17739,0,0,73,73,1743,34202,243,34445
2,127239,75117,0,0,73,73,1743,44672,7203,51875
2,127260,31500,0,0,84,84,1515,3362,375,3737
2,127300,6156,0,0,76,76,1675,8192,1053,9245
2,127300,42484,0,0,76,76,1675,1250,559,1809
2,127300,45828,0,0,76,76,1675,40,1809,1849
2,127374,78,0,0,78,78,1633,5750,1,5751
2,127374,2106,0,0,78,78,1633,5014,27,5041
2,127374,8502,0,0,78,78,1633,3266,109,3375
2,127413,81,0,0,81,81,1573,4374,1,4375
2,127413,891,0,0,81,81,1573,1690,11,1701
2,127413,7371,0,0,81,81,1573,8192,1183,9375
2,127413,9801,0,0,81,81,1573,1352,363,1715
2,127413,24057,0,0,81,81,1573,512,2673,3185
2,127413,43659,0,0,81,81,1573,8,1617,1625
2,127413,43659,0,0,81,81,1573,16000,3773,19773
2,127413,59049,0,0,81,81,1573,88,2187,2275
2,127413,68607,0,0,81,81,1573,1350,847,2197
2,127413,107811,0,0,81,81,1573,294,1331,1625
2,127440,23600,0,0,80,80,1593,7776,1475,9251
2,127440,67280,0,0,80,80,1593,6534,841,7375
2,127452,16644,0,0,76,76,1677,1978,219,2197
2,127501,737,0,0,67,67,1903,3114,11,3125
2,127501,11591,0,0,134,67,1903,2500,173,2673
2,127510,25502,0,0,82,82,1555,6250,311,6561
2,127512,1656,0,0,72,72,1771,23814,23,23837
2,127552,64,0,0,64,64,1993,4374,1,4375
2,127552,448,0,0,64,64,1993,3200,49,3249
2,127575,81,0,0,81,81,1575,4374,1,4375
2,127575,81,0,0,81,81,1575,10368,7,10375
2,127575,81,0,0,81,81,1575,33614,1,33615
2,127575,567,0,0,81,81,1575,3200,49,3249
2,127578,48114,0,0,66,66,1933,77320,2187,79507
2,127585,79,0,0,79,79,1615,4374,1,4375
2,127585,553,0,0,79,79,1615,2048,77,2125
2,127585,553,0,0,79,79,1615,3200,49,3249
2,127585,553,0,0,79,79,1615,20570,7,20577
2,127585,869,0,0,79,79,1615,2250,11,2261
2,127585,1343,0,0,79,79,1615,11858,17,11875
2,127585,1343,0,0,79,79,1615,68590,17,68607
2,127585,1501,0,0,79,79,1615,6050,19,6069
2,127585,1501,0,0,79,79,1615,15606,19,15625
2,127585,1501,0,0,79,79,1615,36992,133,37125
2,127585,1659,0,0,79,79,1615,2312,63,2375
2,127585,3871,0,0,79,79,1615,2250,49,2299
2,127585,7821,0,0,79,79,1615,2432,693,3125
2,127585,10507,0,0,79,79,1615,3200,931,4131
2,127585,11613,0,0,79,79,1615,2584,441,3025
2,127585,13825,0,0,79,79,1615,5984,875,6859
2,127585,16511,0,0,79,79,1615,1666,209,1875
2,127585,19197,0,0,79,79,1615,1672,729,2401
2,127585,19355,0,0,79,79,1615,2662,245,2907
2,127585,22831,0,0,79,79,1615,2432,2023,4455
2,127585,24885,0,0,79,79,1615,4598,315,4913
2,127585,27097,0,0,79,79,1615,1782,343,2125
2,127585,27097,0,0,79,79,1615,1152,2401,3553
2,127585,28519,0,0,79,79,1615,6144,3971,10115
2,127585,31995,0,0,79,79,1615,32,2025,2057
2,127585,33575,0,0,79,79,1615,2662,425,3087
2,127585,42581,0,0,79,79,1615,4374,539,4913
2,127585,47795,0,0,79,79,1615,224,3025,3249
2,127585,49375,0,0,79,79,1615,512,5625,6137
2,127585,53325,0,0,79,79,1615,2888,2025,4913
2,127585,54747,0,0,79,79,1615,640,4851,5491
2,127585,57591,0,0,79,79,1615,2450,729,3179
2,127585,105149,0,0,79,79,1615,6250,1331,7581
2,127585,105149,0,0,79,79,1615,11552,6655,18207
2,127585,105149,0,0,79,79,1615,19494,1331,20825
2,127585,108625,0,0,79,79,1615,1026,1375,2401
2,127585,108783,0,0,79,79,1615,2744,4131,6875
2,127585,115577,0,0,79,79,1615,384,10241,10625
2,127595,32955,0,0,65,65,1963,77312,4563,81875
2,127650,74,0,0,74,74,1725,64000,9,64009
2,127650,74,0,0,74,74,1725,71874,1,71875
2,127650,1702,0,0,74,74,1725,19602,23,19625
2,127677,65043,0,0,73,73,1749,136,2673,2809
2,127680,64,0,0,64,64,1995,4374,1,4375
2,127680,448,0,0,64,64,1995,3200,49,3249
2,127710,1782,0,0,66,66,1935,3698,27,3725
2,127710,2838,0,0,66,66,1935,15496,129,15625
2,127710,5346,0,0,66,66,1935,8192,1053,9245
2,127710,21450,0,0,66,66,1935,3698,325,4023
2,127710,88506,0,0,66,66,1935,1352,4023,5375
2,127710,122034,0,0,66,66,1935,338,1849,2187
2,127725,65,0,0,65,65,1965,4374,1,4375
2,127725,20625,0,0,75,75,1703,1922,275,2197
2,127725,22295,0,0,65,65,1965,128,2401,2529
2,127750,70,0,0,70,70,1825,4374,1,4375
2,127750,5110,0,0,70,70,1825,2450,73,2523
2,127750,5670,0,0,70,70,1825,42632,243,42875
2,127750,8750,0,0,70,70,1825,4704,625,5329
2,127750,24010,0,0,70,70,1825,1682,343,2025
2,127750,24010,0,0,70,70,1825,9344,2401,11745
2,127755,85,0,0,85,85,1503,4374,1,4375
2,127756,67716,0,0,76,76,1681,2048,9801,11849
2,127857,25599,0,0,69,69,1853,128,2597,2725
2,127875,75,0,0,75,75,1705,3750,1,3751
2,127875,675,0,0,75,75,1705,6250,9,6259
2,127890,490,0,0,70,70,1827,27848,21,27869
2,127890,67270,0,0,70,70,1827,8,2883,2891
2,127903,201,0,0,67,67,1909,2392,9,2401
2,127903,16281,0,0,67,67,1909,2158,243,2401
2,127903,79261,0,0,67,67,1909,1058,1183,2241
2,127908,76,0,0,76,76,1683,34374,1,34375
2,127908,3332,0,0,68,68,1881,2152,147,2299
2,127908,16524,0,0,68,68,1881,1672,729,2401
2,127908,18468,0,0,76,76,1683,5000,729,5729
2,127908,30780,0,0,76,76,1683,32,2025,2057
2,127908,115668,0,0,68,68,1881,8,5103,5111
2,127995,69,0,0,69,69,1855,2592,5,2597
2,127995,69,0,0,69,69,1855,4374,1,4375
2,127995,483,0,0,69,69,1855,5618,7,5625
2,127995,25599,0,0,69,69,1855,6190,371,6561
2,127995,71001,0,0,69,69,1855,8,3087,3095
2,127995,98739,0,0,69,69,1855,40,4293,4333
2,128044,68,0,0,136,68,1883,4900,1,4901
2,128115,73,0,0,73,73,1755,4374,1,4375
2,128115,657,0,0,73,73,1755,3200,63,3263
2,128115,2555,0,0,73,73,1755,6526,35,6561
2,128115,4599,0,0,73,73,1755,2008,189,2197
2,128115,6643,0,0,73,73,1755,8192,1183,9375
2,128115,128115,0,0,73,73,1755,8032,8775,16807
2,128180,68,0,0,68,68,1885,4896,5,4901
2,128180,204,0,0,68,68,1885,6250,3,6253
2,128180,884,0,0,136,68,1885,3132,13,3145
2,128180,2652,0,0,68,68,1885,6728,117,6845
2,128180,3468,0,0,68,68,1885,2146,51,2197
2,128180,9180,0,0,68,68,1885,2738,135,2873
2,128180,57188,0,0,68,68,1885,8192,10933,19125
2,128180,62900,0,0,68,68,1885,288,4625,4913
2,128180,93092,0,0,68,68,1885,7250,1369,8619
2,128180,93092,0,0,68,68,1885,8704,12321,21025
2,128180,98124,0,0,68,68,1885,1682,1443,3125
2,128180,127500,0,0,68,68,1885,48778,1875,50653
2,128235,83,0,0,83,83,1545,1750,1,1751
2,128235,83,0,0,83,83,1545,4374,1,4375
2,128235,83,0,0,83,83,1545,59534,1,59535
2,128235,83,0,0,83,83,1545,65610,1,65611
2,128235,249,0,0,83,83,1545,2176,21,2197
2,128235,581,0,0,83,83,1545,3750,7,3757
2,128235,1079,0,0,83,83,1545,8330,13,8343
2,128235,2075,0,0,83,83,1545,9248,125,9373
2,128235,7055,0,0,83,83,1545,4374,85,4459
2,128235,7553,0,0,83,83,1545,8192,1183,9375
2,128235,9711,0,0,83,83,1545,1400,351,1751
2,128235,14027,0,0,83,83,1545,1854,169,2023
2,128235,18343,0,0,83,83,1545,640,1547,2187
2,128235,28469,0,0,83,83,1545,1854,343,2197
2,128235,36603,0,0,83,83,1545,6656,3969,10625
2,128235,42081,0,0,83,83,1545,3296,2535,5831
2,128235,76941,0,0,83,83,1545,2744,2781,5525
2,128235,111137,0,0,83,83,1545,686,1339,2025
2,128235,114291,0,0,83,83,1545,338,1377,1715
2,128240,80,0,0,80,80,1603,4374,1,4375
2,128240,6480,0,0,80,80,1603,5000,243,5243
2,128310,78,0,0,78,78,1645,4374,1,4375
2,128310,3666,0,0,78,78,1645,1952,235,2187
2,128310,19110,0,0,78,78,1645,1152,1715,2867
2,128310,44226,0,0,78,78,1645,32,2835,2867
2,128310,52650,0,0,78,78,1645,376,2025,2401
2,128310,56862,0,0,78,78,1645,24064,6561,30625
2,128370,16038,0,0,66,66,1945,77800,729,78529
2,128370,25674,0,0,66,66,1945,6750,389,7139
2,128370,128370,0,0,66,66,1945,242,1945,2187
2,128376,72,0,0,72,72,1783,4374,1,4375
2,128385,81,0,0,81,81,1585,7290,1,7291
2,128475,75,0,0,75,75,1713,4374,1,4375
2,128520,72,0,0,72,72,1785,4374,1,4375
2,128605,31875,0,0,85,85,1513,9826,375,10201
2,128723,71,0,0,71,71,1813,4374,1,4375
2,128723,781,0,0,71,71,1813,9250,11,9261
2,128723,97199,0,0,71,71,1813,83006,1369,84375
2,128730,51030,0,0,70,70,1839,2104,2187,4291
2,128772,84,0,0,84,84,1533,4374,1,4375
2,128772,6804,0,0,84,84,1533,42632,243,42875
2,128772,10500,0,0,84,84,1533,4704,625,5329
2,128775,31875,0,0,85,85,1515,3362,375,3737
2,128778,78,0,0,78,78,1651,6858,1,6859
2,128808,128808,0,0,72,72,1789,398,1789,2187
2,128823,128823,0,0,69,69,1867,534,1867,2401
2,128841,67,0,0,67,67,1923,4374,1,4375
2,128841,59697,0,0,67,67,1923,32,4455,4487
2,128845,9855,0,0,73,73,1765,9728,1215,10943
2,128865,71,0,0,71,71,1815,64000,9,64009
2,128865,71,0,0,71,71,1815,71874,1,71875
2,128865,781,0,0,71,71,1815,3634,11,3645
2,128865,8875,0,0,71,71,1815,1738,125,1863
2,128865,16827,0,0,71,71,1815,512,2133,2645
2,128865,25773,0,0,71,71,1815,14536,1089,15625
2,128865,47925,0,0,71,71,1815,5566,675,6241
2,128898,66,0,0,66,66,1953,4374,1,4375
2,128898,198,0,0,66,66,1953,4802,3,4805
2,128898,330,0,0,66,66,1953,12152,15,12167
2,128898,462,0,0,66,66,1953,32798,7,32805
2,128898,594,0,0,132,66,1953,2116,9,2125
2,128898,1122,0,0,66,66,1953,2170,17,2187
2,128898,1122,0,0,66,66,1953,12150,17,12167
2,128898,2046,0,0,132,66,1953,19652,31,19683
2,128898,5346,0,0,66,66,1953,5750,81,5831
2,128898,8910,0,0,66,66,1953,3968,945,4913
2,128898,16038,0,0,66,66,1953,8750,243,8993
2,128898,18414,0,0,66,66,1953,1288,837,2125
2,128898,80850,0,0,66,66,1953,384,8575,8959
2,128898,80850,0,0,66,66,1953,28566,1225,29791
2,128898,87318,0,0,66,66,1953,32,6615,6647
2,128898,112266,0,0,66,66,1953,17000,5103,22103
2,128898,123750,0,0,66,66,1953,3038,1875,4913
2,128975,6237,0,0,77,77,1675,8192,1053,9245
2,128975,41875,0,0,67,67,1925,32,3125,3157
2,128975,43043,0,0,77,77,1675,1250,559,1809
2,128975,46431,0,0,77,77,1675,40,1809,1849
2,128975,58625,0,0,67,67,1925,1312,4375,5687
2,128982,74,0,0,74,74,1743,4374,1,4375
2,128982,74,0,0,74,74,1743,10368,7,10375
2,128982,74,0,0,74,74,1743,33614,1,33615
2,128982,17982,0,0,74,74,1743,34202,243,34445
2,128982,76146,0,0,74,74,1743,44672,7203,51875
2,128986,82,0,0,82,82,1573,4374,1,4375
2,128986,902,0,0,82,82,1573,1690,11,1701
2,128986,7462,0,0,82,82,1573,8192,1183,9375
2,128986,9922,0,0,82,82,1573,1352,363,1715
2,128986,24354,0,0,82,82,1573,512,2673,3185
2,128986,44198,0,0,82,82,1573,8,1617,1625
2,128986,44198,0,0,82,82,1573,16000,3773,19773
2,128986,59778,0,0,82,82,1573,88,2187,2275
2,128986,69454,0,0,82,82,1573,1350,847,2197
2,128986,109142,0,0,82,82,1573,294,1331,1625
2,128991,2263,0,0,73,73,1767,2318,31,2349
2,129007,79,0,0,79,79,1633,5750,1,5751
2,129007,2133,0,0,79,79,1633,5014,27,5041
2,129007,8611,0,0,79,79,1633,3266,109,3375
2,129010,117670,0,0,70,70,1843,194,1681,1875
2,129033,23895,0,0,81,81,1593,7776,1475,9251
2,129033,68121,0,0,81,81,1593,6534,841,7375
2,129065,25813,0,0,83,83,1555,6250,311,6561
2,129129,16863,0,0,77,77,1677,1978,219,2197
2,129150,82,0,0,82,82,1575,4374,1,4375
2,129150,82,0,0,82,82,1575,10368,7,10375
2,129150,82,0,0,82,82,1575,33614,1,33615
2,129150,574,0,0,82,82,1575,3200,49,3249
2,129200,80,0,0,80,80,1615,4374,1,4375
2,129200,560,0,0,80,80,1615,2048,77,2125
2,129200,560,0,0,80,80,1615,3200,49,3249
2,129200,560,0,0,80,80,1615,20570,7,20577
2,129200,880,0,0,80,80,1615,2250,11,2261
2,129200,1360,0,0,80,80,1615,11858,17,11875
2,129200,1360,0,0,80,80,1615,68590,17,68607
2,129200,1520,0,0,80,80,1615,6050,19,6069
2,129200,1520,0,0,80,80,1615,15606,19,15625
2,129200,1520,0,0,80,80,1615,36992,133,37125
2,129200,1680,0,0,80,80,1615,2312,63,2375
2,129200,3920,0,0,80,80,1615,2250,49,2299
2,129200,7920,0,0,80,80,1615,2432,693,3125
2,129200,10640,0,0,80,80,1615,3200,931,4131
2,129200,11760,0,0,80,80,1615,2584,441,3025
2,129200,14000,0,0,80,80,1615,5984,875,6859
2,129200,16720,0,0,80,80,1615,1666,209,1875
2,129200,19440,0,0,80,80,1615,1672,729,2401
2,129200,19600,0,0,80,80,1615,2662,245,2907
2,129200,23120,0,0,80,80,1615,2432,2023,4455
2,129200,25200,0,0,80,80,1615,4598,315,4913
2,129200,27440,0,0,80,80,1615,1782,343,2125
2,129200,27440,0,0,80,80,1615,1152,2401,3553
2,129200,28880,0,0,80,80,1615,6144,3971,10115
2,129200,32400,0,0,80,80,1615,32,2025,2057
2,129200,34000,0,0,80,80,1615,2662,425,3087
2,129200,43120,0,0,80,80,1615,4374,539,4913
2,129200,48400,0,0,80,80,1615,224,3025,3249
2,129200,50000,0,0,80,80,1615,512,5625,6137
2,129200,54000,0,0,80,80,1615,2888,2025,4913
2,129200,55440,0,0,80,80,1615,640,4851,5491
2,129200,58320,0,0,80,80,1615,2450,729,3179
2,129200,106480,0,0,80,80,1615,6250,1331,7581
2,129200,106480,0,0,80,80,1615,11552,6655,18207
2,129200,106480,0,0,80,80,1615,19494,1331,20825
2,129200,110000,0,0,80,80,1615,1026,1375,2401
2,129200,110160,0,0,80,80,1615,2744,4131,6875
2,129200,117040,0,0,80,80,1615,384,10241,10625
2,129258,86,0,0,86,86,1503,4374,1,4375
2,129283,1679,0,0,73,73,1771,23814,23,23837
2,129375,75,0,0,75,75,1725,64000,9,64009
2,129375,75,0,0,75,75,1725,71874,1,71875
2,129375,1725,0,0,75,75,1725,19602,23,19625
2,129404,748,0,0,68,68,1903,3114,11,3125
2,129404,11764,0,0,136,68,1903,2500,173,2673
2,129426,65934,0,0,74,74,1749,136,2673,2809
2,129428,20900,0,0,76,76,1703,1922,275,2197
2,129437,68607,0,0,77,77,1681,2048,9801,11849
2,129511,48843,0,0,67,67,1933,77320,2187,79507
2,129545,65,0,0,65,65,1993,4374,1,4375
2,129545,455,0,0,65,65,1993,3200,49,3249
2,129558,33462,0,0,66,66,1963,77312,4563,81875
2,129575,71,0,0,71,71,1825,4374,1,4375
2,129575,5183,0,0,71,71,1825,2450,73,2523
2,129575,5751,0,0,71,71,1825,42632,243,42875
2,129575,8875,0,0,71,71,1825,4704,625,5329
2,129575,24353,0,0,71,71,1825,1682,343,2025
2,129575,24353,0,0,71,71,1825,9344,2401,11745
2,129580,76,0,0,76,76,1705,3750,1,3751
2,129580,684,0,0,76,76,1705,6250,9,6259
2,129591,77,0,0,77,77,1683,34374,1,34375
2,129591,18711,0,0,77,77,1683,5000,729,5729
2,129591,31185,0,0,77,77,1683,32,2025,2057
2,129645,1809,0,0,67,67,1935,3698,27,3725
2,129645,2881,0,0,67,67,1935,15496,129,15625
2,129645,5427,0,0,67,67,1935,8192,1053,9245
2,129645,21775,0,0,67,67,1935,3698,325,4023
2,129645,89847,0,0,67,67,1935,1352,4023,5375
2,129645,123883,0,0,67,67,1935,338,1849,2187
2,129675,65,0,0,65,65,1995,4374,1,4375
2,129675,455,0,0,65,65,1995,3200,49,3249
2,129690,66,0,0,66,66,1965,4374,1,4375
2,129690,22638,0,0,66,66,1965,128,2401,2529
2,129710,25970,0,0,70,70,1853,128,2597,2725
2,129717,497,0,0,71,71,1827,27848,21,27869
2,129717,68231,0,0,71,71,1827,8,2883,2891
2,129780,84,0,0,84,84,1545,1750,1,1751
2,129780,84,0,0,84,84,1545,4374,1,4375
2,129780,84,0,0,84,84,1545,59534,1,59535
2,129780,84,0,0,84,84,1545,65610,1,65611
2,129780,252,0,0,84,84,1545,2176,21,2197
2,129780,588,0,0,84,84,1545,3750,7,3757
2,129780,1092,0,0,84,84,1545,8330,13,8343
2,129780,2100,0,0,84,84,1545,9248,125,9373
2,129780,7140,0,0,84,84,1545,4374,85,4459
2,129780,7644,0,0,84,84,1545,8192,1183,9375
2,129780,9828,0,0,84,84,1545,1400,351,1751
2,129780,14196,0,0,84,84,1545,1854,169,2023
2,129780,18564,0,0,84,84,1545,640,1547,2187
2,129780,28812,0,0,84,84,1545,1854,343,2197
2,129780,37044,0,0,84,84,1545,6656,3969,10625
2,129780,42588,0,0,84,84,1545,3296,2535,5831
2,129780,77868,0,0,84,84,1545,2744,2781,5525
2,129780,112476,0,0,84,84,1545,686,1339,2025
2,129780,115668,0,0,84,84,1545,338,1377,1715
2,129789,3381,0,0,69,69,1881,2152,147,2299
2,129789,16767,0,0,69,69,1881,1672,729,2401
2,129789,117369,0,0,69,69,1881,8,5103,5111
2,129812,204,0,0,68,68,1909,2392,9,2401
2,129812,16524,0,0,68,68,1909,2158,243,2401
2,129812,80444,0,0,68,68,1909,1058,1183,2241
2,129843,81,0,0,81,81,1603,4374,1,4375
2,129843,6561,0,0,81,81,1603,5000,243,5243
2,129850,70,0,0,70,70,1855,2592,5,2597
2,129850,70,0,0,70,70,1855,4374,1,4375
2,129850,490,0,0,70,70,1855,5618,7,5625
2,129850,25970,0,0,70,70,1855,6190,371,6561
2,129850,72030,0,0,70,70,1855,8,3087,3095
2,129850,100170,0,0,70,70,1855,40,4293,4333
2,129870,74,0,0,74,74,1755,4374,1,4375
2,129870,666,0,0,74,74,1755,3200,63,3263
2,129870,2590,0,0,74,74,1755,6526,35,6561
2,129870,4662,0,0,74,74,1755,2008,189,2197
2,129870,6734,0,0,74,74,1755,8192,1183,9375
2,129870,129870,0,0,74,74,1755,8032,8775,16807
2,129927,69,0,0,138,69,1883,4900,1,4901
2,129955,79,0,0,79,79,1645,4374,1,4375
2,129955,3713,0,0,79,79,1645,1952,235,2187
2,129955,19355,0,0,79,79,1645,1152,1715,2867
2,129955,44793,0,0,79,79,1645,32,2835,2867
2,129955,53325,0,0,79,79,1645,376,2025,2401
2,129955,57591,0,0,79,79,1645,24064,6561,30625
2,129970,82,0,0,82,82,1585,7290,1,7291
2,130065,69,0,0,69,69,1885,4896,5,4901
2,130065,207,0,0,69,69,1885,6250,3,6253
2,130065,897,0,0,138,69,1885,3132,13,3145
2,130065,2691,0,0,69,69,1885,6728,117,6845
2,130065,3519,0,0,69,69,1885,2146,51,2197
2,130065,9315,0,0,69,69,1885,2738,135,2873
2,130065,58029,0,0,69,69,1885,8192,10933,19125
2,130065,63825,0,0,69,69,1885,288,4625,4913
2,130065,94461,0,0,69,69,1885,7250,1369,8619
2,130065,94461,0,0,69,69,1885,8704,12321,21025
2,130065,99567,0,0,69,69,1885,1682,1443,3125
2,130065,129375,0,0,69,69,1885,48778,1875,50653
2,130118,32250,0,0,86,86,1513,9826,375,10201
2,130159,73,0,0,73,73,1783,4374,1,4375
2,130188,76,0,0,76,76,1713,4374,1,4375
2,130290,32250,0,0,86,86,1515,3362,375,3737
2,130305,73,0,0,73,73,1785,4374,1,4375
2,130305,85,0,0,85,85,1533,4374,1,4375
2,130305,6885,0,0,85,85,1533,42632,243,42875
2,130305,10625,0,0,85,85,1533,4704,625,5329
2,130315,16281,0,0,67,67,1945,77800,729,78529
2,130315,26063,0,0,67,67,1945,6750,389,7139
2,130315,130315,0,0,67,67,1945,242,1945,2187
2,130429,79,0,0,79,79,1651,6858,1,6859
2,130536,72,0,0,72,72,1813,4374,1,4375
2,130536,792,0,0,72,72,1813,9250,11,9261
2,130536,98568,0,0,72,72,1813,83006,1369,84375
2,130559,83,0,0,83,83,1573,4374,1,4375
2,130559,913,0,0,83,83,1573,1690,11,1701
2,130559,7553,0,0,83,83,1573,8192,1183,9375
2,130559,10043,0,0,83,83,1573,1352,363,1715
2,130559,24651,0,0,83,83,1573,512,2673,3185
2,130559,44737,0,0,83,83,1573,8,1617,1625
2,130559,44737,0,0,83,83,1573,16000,3773,19773
2,130559,60507,0,0,83,83,1573,88,2187,2275
2,130559,70301,0,0,83,83,1573,1350,847,2197
2,130559,110473,0,0,83,83,1573,294,1331,1625
2,130569,51759,0,0,71,71,1839,2104,2187,4291
2,130597,130597,0,0,73,73,1789,398,1789,2187
2,130610,9990,0,0,74,74,1765,9728,1215,10943
2,130620,26124,0,0,84,84,1555,6250,311,6561
2,130626,24190,0,0,82,82,1593,7776,1475,9251
2,130626,68962,0,0,82,82,1593,6534,841,7375
2,130640,80,0,0,80,80,1633,5750,1,5751
2,130640,2160,0,0,80,80,1633,5014,27,5041
2,130640,8720,0,0,80,80,1633,3266,109,3375
2,130650,6318,0,0,78,78,1675,8192,1053,9245
2,130650,43602,0,0,78,78,1675,1250,559,1809
2,130650,47034,0,0,78,78,1675,40,1809,1849
2,130680,72,0,0,72,72,1815,64000,9,64009
2,130680,72,0,0,72,72,1815,71874,1,71875
2,130680,792,0,0,72,72,1815,3634,11,3645
2,130680,9000,0,0,72,72,1815,1738,125,1863
2,130680,17064,0,0,72,72,1815,512,2133,2645
2,130680,26136,0,0,72,72,1815,14536,1089,15625
2,130680,48600,0,0,72,72,1815,5566,675,6241
2,130690,130690,0,0,70,70,1867,534,1867,2401
2,130725,75,0,0,75,75,1743,4374,1,4375
2,130725,75,0,0,75,75,1743,10368,7,10375
2,130725,75,0,0,75,75,1743,33614,1,33615
2,130725,83,0,0,83,83,1575,4374,1,4375
2,130725,83,0,0,83,83,1575,10368,7,10375
2,130725,83,0,0,83,83,1575,33614,1,33615
2,130725,581,0,0,83,83,1575,3200,49,3249
2,130725,18225,0,0,75,75,1743,34202,243,34445
2,130725,77175,0,0,75,75,1743,44672,7203,51875
2,130758,2294,0,0,74,74,1767,2318,31,2349
2,130761,87,0,0,87,87,1503,4374,1,4375
2,130764,68,0,0,68,68,1923,4374,1,4375
2,130764,60588,0,0,68,68,1923,32,4455,4487
2,130806,17082,0,0,78,78,1677,1978,219,2197
2,130815,81,0,0,81,81,1615,4374,1,4375
2,130815,567,0,0,81,81,1615,2048,77,2125
2,130815,567,0,0,81,81,1615,3200,49,3249
2,130815,567,0,0,81,81,1615,20570,7,20577
2,130815,891,0,0,81,81,1615,2250,11,2261
2,130815,1377,0,0,81,81,1615,11858,17,11875
2,130815,1377,0,0,81,81,1615,68590,17,68607
2,130815,1539,0,0,81,81,1615,6050,19,6069
2,130815,1539,0,0,81,81,1615,15606,19,15625
2,130815,1539,0,0,81,81,1615,36992,133,37125
2,130815,1701,0,0,81,81,1615,2312,63,2375
2,130815,3969,0,0,81,81,1615,2250,49,2299
2,130815,8019,0,0,81,81,1615,2432,693,3125
2,130815,10773,0,0,81,81,1615,3200,931,4131
2,130815,11907,0,0,81,81,1615,2584,441,3025
2,130815,14175,0,0,81,81,1615,5984,875,6859
2,130815,16929,0,0,81,81,1615,1666,209,1875
2,130815,19683,0,0,81,81,1615,1672,729,2401
2,130815,19845,0,0,81,81,1615,2662,245,2907
2,130815,23409,0,0,81,81,1615,2432,2023,4455
2,130815,25515,0,0,81,81,1615,4598,315,4913
2,130815,27783,0,0,81,81,1615,1782,343,2125
2,130815,27783,0,0,81,81,1615,1152,2401,3553
2,130815,29241,0,0,81,81,1615,6144,3971,10115
2,130815,32805,0,0,81,81,1615,32,2025,2057
2,130815,34425,0,0,81,81,1615,2662,425,3087
2,130815,43659,0,0,81,81,1615,4374,539,4913
2,130815,49005,0,0,81,81,1615,224,3025,3249
2,130815,50625,0,0,81,81,1615,512,5625,6137
2,130815,54675,0,0,81,81,1615,2888,2025,4913
2,130815,56133,0,0,81,81,1615,640,4851,5491
2,130815,59049,0,0,81,81,1615,2450,729,3179
2,130815,107811,0,0,81,81,1615,6250,1331,7581
2,130815,107811,0,0,81,81,1615,11552,6655,18207
2,130815,107811,0,0,81,81,1615,19494,1331,20825
2,130815,111375,0,0,81,81,1615,1026,1375,2401
2,130815,111537,0,0,81,81,1615,2744,4131,6875
2,130815,118503,0,0,81,81,1615,384,10241,10625
2,130851,67,0,0,67,67,1953,4374,1,4375
2,130851,201,0,0,67,67,1953,4802,3,4805
2,130851,335,0,0,67,67,1953,12152,15,12167
2,130851,469,0,0,67,67,1953,32798,7,32805
2,130851,603,0,0,134,67,1953,2116,9,2125
2,130851,1139,0,0,67,67,1953,2170,17,2187
2,130851,1139,0,0,67,67,1953,12150,17,12167
2,130851,2077,0,0,134,67,1953,19652,31,19683
2,130851,5427,0,0,67,67,1953,5750,81,5831
2,130851,9045,0,0,67,67,1953,3968,945,4913
2,130851,16281,0,0,67,67,1953,8750,243,8993
2,130851,18693,0,0,67,67,1953,1288,837,2125
2,130851,82075,0,0,67,67,1953,384,8575,8959
2,130851,82075,0,0,67,67,1953,28566,1225,29791
2,130851,88641,0,0,67,67,1953,32,6615,6647
2,130851,113967,0,0,67,67,1953,17000,5103,22103
2,130851,125625,0,0,67,67,1953,3038,1875,4913
2,130853,119351,0,0,71,71,1843,194,1681,1875
2,130900,42500,0,0,68,68,1925,32,3125,3157
2,130900,59500,0,0,68,68,1925,1312,4375,5687
2,131054,1702,0,0,74,74,1771,23814,23,23837
2,131100,76,0,0,76,76,1725,64000,9,64009
2,131100,76,0,0,76,76,1725,71874,1,71875
2,131100,1748,0,0,76,76,1725,19602,23,19625
2,131118,69498,0,0,78,78,1681,2048,9801,11849
2,131131,21175,0,0,77,77,1703,1922,275,2197
2,131175,66825,0,0,75,75,1749,136,2673,2809
2,131274,78,0,0,78,78,1683,34374,1,34375
2,131274,18954,0,0,78,78,1683,5000,729,5729
2,131274,31590,0,0,78,78,1683,32,2025,2057
2,131285,77,0,0,77,77,1705,3750,1,3751
2,131285,693,0,0,77,77,1705,6250,9,6259
2,131307,759,0,0,69,69,1903,3114,11,3125
2,131307,11937,0,0,138,69,1903,2500,173,2673
2,131325,85,0,0,85,85,1545,1750,1,1751
2,131325,85,0,0,85,85,1545,4374,1,4375
2,131325,85,0,0,85,85,1545,59534,1,59535
2,131325,85,0,0,85,85,1545,65610,1,65611
2,131325,255,0,0,85,85,1545,2176,21,2197
2,131325,595,0,0,85,85,1545,3750,7,3757
2,131325,1105,0,0,85,85,1545,8330,13,8343
2,131325,2125,0,0,85,85,1545,9248,125,9373
2,131325,7225,0,0,85,85,1545,4374,85,4459
2,131325,7735,0,0,85,85,1545,8192,1183,9375
2,131325,9945,0,0,85,85,1545,1400,351,1751
2,131325,14365,0,0,85,85,1545,1854,169,2023
2,131325,18785,0,0,85,85,1545,640,1547,2187
2,131325,29155,0,0,85,85,1545,1854,343,2197
2,131325,37485,0,0,85,85,1545,6656,3969,10625
2,131325,43095,0,0,85,85,1545,3296,2535,5831
2,131325,78795,0,0,85,85,1545,2744,2781,5525
2,131325,113815,0,0,85,85,1545,686,1339,2025
2,131325,117045,0,0,85,85,1545,338,1377,1715
2,131400,72,0,0,72,72,1825,4374,1,4375
2,131400,5256,0,0,72,72,1825,2450,73,2523
2,131400,5832,0,0,72,72,1825,42632,243,42875
2,131400,9000,0,0,72,72,1825,4704,625,5329
2,131400,24696,0,0,72,72,1825,1682,343,2025
2,131400,24696,0,0,72,72,1825,9344,2401,11745
2,131444,49572,0,0,68,68,1933,77320,2187,79507
2,131446,82,0,0,82,82,1603,4374,1,4375
2,131446,6642,0,0,82,82,1603,5000,243,5243
2,131521,33969,0,0,67,67,1963,77312,4563,81875
2,131538,66,0,0,66,66,1993,4374,1,4375
2,131538,462,0,0,66,66,1993,3200,49,3249
2,131544,504,0,0,72,72,1827,27848,21,27869
2,131544,69192,0,0,72,72,1827,8,2883,2891
2,131555,83,0,0,83,83,1585,7290,1,7291
2,131563,26341,0,0,71,71,1853,128,2597,2725
2,131580,1836,0,0,68,68,1935,3698,27,3725
2,131580,2924,0,0,68,68,1935,15496,129,15625
2,131580,5508,0,0,68,68,1935,8192,1053,9245
2,131580,22100,0,0,68,68,1935,3698,325,4023
2,131580,91188,0,0,68,68,1935,1352,4023,5375
2,131580,125732,0,0,68,68,1935,338,1849,2187
2,131600,80,0,0,80,80,1645,4374,1,4375
2,131600,3760,0,0,80,80,1645,1952,235,2187
2,131600,19600,0,0,80,80,1645,1152,1715,2867
2,131600,45360,0,0,80,80,1645,32,2835,2867
2,131600,54000,0,0,80,80,1645,376,2025,2401
2,131600,58320,0,0,80,80,1645,24064,6561,30625
2,131625,75,0,0,75,75,1755,4374,1,4375
2,131625,675,0,0,75,75,1755,3200,63,3263
2,131625,2625,0,0,75,75,1755,6526,35,6561
2,131625,4725,0,0,75,75,1755,2008,189,2197
2,131625,6825,0,0,75,75,1755,8192,1183,9375
2,131625,131625,0,0,75,75,1755,8032,8775,16807
2,131631,32625,0,0,87,87,1513,9826,375,10201
2,131655,67,0,0,67,67,1965,4374,1,4375
2,131655,22981,0,0,67,67,1965,128,2401,2529
2,131670,66,0,0,66,66,1995,4374,1,4375
2,131670,462,0,0,66,66,1995,3200,49,3249
2,131670,3430,0,0,70,70,1881,2152,147,2299
2,131670,17010,0,0,70,70,1881,1672,729,2401
2,131670,119070,0,0,70,70,1881,8,5103,5111
2,131705,71,0,0,71,71,1855,2592,5,2597
2,131705,71,0,0,71,71,1855,4374,1,4375
2,131705,497,0,0,71,71,1855,5618,7,5625
2,131705,26341,0,0,71,71,1855,6190,371,6561
2,131705,73059,0,0,71,71,1855,8,3087,3095
2,131705,101601,0,0,71,71,1855,40,4293,4333
2,131721,207,0,0,69,69,1909,2392,9,2401
2,131721,16767,0,0,69,69,1909,2158,243,2401
2,131721,81627,0,0,69,69,1909,1058,1183,2241
2,131805,32625,0,0,87,87,1515,3362,375,3737
2,131838,86,0,0,86,86,1533,4374,1,4375
2,131838,6966,0,0,86,86,1533,42632,243,42875
2,131838,10750,0,0,86,86,1533,4704,625,5329
2,131901,77,0,0,77,77,1713,4374,1,4375
2,131942,74,0,0,74,74,1783,4374,1,4375
2,131950,70,0,0,70,70,1885,4896,5,4901
2,131950,210,0,0,70,70,1885,6250,3,6253
2,131950,2730,0,0,70,70,1885,6728,117,6845
2,131950,3570,0,0,70,70,1885,2146,51,2197
2,131950,9450,0,0,70,70,1885,2738,135,2873
2,131950,58870,0,0,70,70,1885,8192,10933,19125
2,131950,64750,0,0,70,70,1885,288,4625,4913
2,131950,95830,0,0,70,70,1885,7250,1369,8619
2,131950,95830,0,0,70,70,1885,8704,12321,21025
2,131950,101010,0,0,70,70,1885,1682,1443,3125
2,131950,131250,0,0,70,70,1885,48778,1875,50653
2,132080,80,0,0,80,80,1651,6858,1,6859
2,132090,74,0,0,74,74,1785,4374,1,4375
2,132132,84,0,0,84,84,1573,4374,1,4375
2,132132,924,0,0,84,84,1573,1690,11,1701
2,132132,7644,0,0,84,84,1573,8192,1183,9375
2,132132,10164,0,0,84,84,1573,1352,363,1715
2,132132,24948,0,0,84,84,1573,512,2673,3185
2,132132,45276,0,0,84,84,1573,8,1617,1625
2,132132,45276,0,0,84,84,1573,16000,3773,19773
2,132132,61236,0,0,84,84,1573,88,2187,2275
2,132132,71148,0,0,84,84,1573,1350,847,2197
2,132132,111804,0,0,84,84,1573,294,1331,1625
2,132175,26435,0,0,85,85,1555,6250,311,6561
2,132219,24485,0,0,83,83,1593,7776,1475,9251
2,132219,69803,0,0,83,83,1593,6534,841,7375
2,132260,16524,0,0,68,68,1945,77800,729,78529
2,132260,26452,0,0,68,68,1945,6750,389,7139
2,132260,132260,0,0,68,68,1945,242,1945,2187
2,132264,88,0,0,88,88,1503,4374,1,4375
2,132273,81,0,0,81,81,1633,5750,1,5751
2,132273,2187,0,0,81,81,1633,5014,27,5041
2,132273,8829,0,0,81,81,1633,3266,109,3375
2,132300,84,0,0,84,84,1575,4374,1,4375
2,132300,84,0,0,84,84,1575,10368,7,10375
2,132300,84,0,0,84,84,1575,33614,1,33615
2,132300,588,0,0,84,84,1575,3200,49,3249
2,132325,6399,0,0,79,79,1675,8192,1053,9245
2,132325,44161,0,0,79,79,1675,1250,559,1809
2,132325,47637,0,0,79,79,1675,40,1809,1849
2,132349,73,0,0,73,73,1813,4374,1,4375
2,132349,803,0,0,73,73,1813,9250,11,9261
2,132349,99937,0,0,73,73,1813,83006,1369,84375
2,132375,10125,0,0,75,75,1765,9728,1215,10943
2,132386,132386,0,0,74,74,1789,398,1789,2187
2,132408,52488,0,0,72,72,1839,2104,2187,4291
2,132430,82,0,0,82,82,1615,4374,1,4375
2,132430,574,0,0,82,82,1615,2048,77,2125
2,132430,574,0,0,82,82,1615,3200,49,3249
2,132430,574,0,0,82,82,1615,20570,7,20577
2,132430,902,0,0,82,82,1615,2250,11,2261
2,132430,1394,0,0,82,82,1615,11858,17,11875
2,132430,1394,0,0,82,82,1615,68590,17,68607
2,132430,1558,0,0,82,82,1615,6050,19,6069
2,132430,1558,0,0,82,82,1615,15606,19,15625
2,132430,1558,0,0,82,82,1615,36992,133,37125
2,132430,1722,0,0,82,82,1615,2312,63,2375
2,132430,4018,0,0,82,82,1615,2250,49,2299
2,132430,8118,0,0,82,82,1615,2432,693,3125
2,132430,10906,0,0,82,82,1615,3200,931,4131
2,132430,12054,0,0,82,82,1615,2584,441,3025
2,132430,14350,0,0,82,82,1615,5984,875,6859
2,132430,17138,0,0,82,82,1615,1666,209,1875
2,132430,19926,0,0,82,82,1615,1672,729,2401
2,132430,20090,0,0,82,82,1615,2662,245,2907
2,132430,23698,0,0,82,82,1615,2432,2023,4455
2,132430,25830,0,0,82,82,1615,4598,315,4913
2,132430,28126,0,0,82,82,1615,1782,343,2125
2,132430,28126,0,0,82,82,1615,1152,2401,3553
2,132430,29602,0,0,82,82,1615,6144,3971,10115
2,132430,33210,0,0,82,82,1615,32,2025,2057
2,132430,34850,0,0,82,82,1615,2662,425,3087
2,132430,44198,0,0,82,82,1615,4374,539,4913
2,132430,49610,0,0,82,82,1615,224,3025,3249
2,132430,51250,0,0,82,82,1615,512,5625,6137
2,132430,55350,0,0,82,82,1615,2888,2025,4913
2,132430,56826,0,0,82,82,1615,640,4851,5491
2,132430,59778,0,0,82,82,1615,2450,729,3179
2,132430,109142,0,0,82,82,1615,6250,1331,7581
2,132430,109142,0,0,82,82,1615,11552,6655,18207
2,132430,109142,0,0,82,82,1615,19494,1331,20825
2,132430,112750,0,0,82,82,1615,1026,1375,2401
2,132430,112914,0,0,82,82,1615,2744,4131,6875
2,132430,119966,0,0,82,82,1615,384,10241,10625
2,132468,76,0,0,76,76,1743,4374,1,4375
2,132468,76,0,0,76,76,1743,10368,7,10375
2,132468,76,0,0,76,76,1743,33614,1,33615
2,132468,18468,0,0,76,76,1743,34202,243,34445
2,132468,78204,0,0,76,76,1743,44672,7203,51875
2,132483,17301,0,0,79,79,1677,1978,219,2197
2,132495,73,0,0,73,73,1815,64000,9,64009
2,132495,73,0,0,73,73,1815,71874,1,71875
2,132495,803,0,0,73,73,1815,3634,11,3645
2,132495,9125,0,0,73,73,1815,1738,125,1863
2,132495,17301,0,0,73,73,1815,512,2133,2645
2,132495,26499,0,0,73,73,1815,14536,1089,15625
2,132495,49275,0,0,73,73,1815,5566,675,6241
2,132525,2325,0,0,75,75,1767,2318,31,2349
2,132557,132557,0,0,71,71,1867,534,1867,2401
2,132687,69,0,0,69,69,1923,4374,1,4375
2,132687,61479,0,0,69,69,1923,32,4455,4487
2,132696,121032,0,0,72,72,1843,194,1681,1875
2,132799,70389,0,0,79,79,1681,2048,9801,11849
2,132804,68,0,0,68,68,1953,4374,1,4375
2,132804,204,0,0,68,68,1953,4802,3,4805
2,132804,340,0,0,68,68,1953,12152,15,12167
2,132804,476,0,0,68,68,1953,32798,7,32805
2,132804,612,0,0,136,68,1953,2116,9,2125
2,132804,1156,0,0,68,68,1953,2170,17,2187
2,132804,1156,0,0,68,68,1953,12150,17,12167
2,132804,2108,0,0,136,68,1953,19652,31,19683
2,132804,5508,0,0,68,68,1953,5750,81,5831
2,132804,9180,0,0,68,68,1953,3968,945,4913
2,132804,16524,0,0,68,68,1953,8750,243,8993
2,132804,18972,0,0,68,68,1953,1288,837,2125
2,132804,83300,0,0,68,68,1953,384,8575,8959
2,132804,83300,0,0,68,68,1953,28566,1225,29791
2,132804,89964,0,0,68,68,1953,32,6615,6647
2,132804,115668,0,0,68,68,1953,17000,5103,22103
2,132804,127500,0,0,68,68,1953,3038,1875,4913
2,132825,77,0,0,77,77,1725,64000,9,64009
2,132825,77,0,0,77,77,1725,71874,1,71875
2,132825,1725,0,0,75,75,1771,23814,23,23837
2,132825,1771,0,0,77,77,1725,19602,23,19625
2,132825,43125,0,0,69,69,1925,32,3125,3157
2,132825,60375,0,0,69,69,1925,1312,4375,5687
2,132834,21450,0,0,78,78,1703,1922,275,2197
2,132870,86,0,0,86,86,1545,1750,1,1751
2,132870,86,0,0,86,86,1545,4374,1,4375
2,132870,86,0,0,86,86,1545,59534,1,59535
2,132870,86,0,0,86,86,1545,65610,1,65611
2,132870,258,0,0,86,86,1545,2176,21,2197
2,132870,602,0,0,86,86,1545,3750,7,3757
2,132870,1118,0,0,86,86,1545,8330,13,8343
2,132870,2150,0,0,86,86,1545,9248,125,9373
2,132870,7310,0,0,86,86,1545,4374,85,4459
2,132870,7826,0,0,86,86,1545,8192,1183,9375
2,132870,10062,0,0,86,86,1545,1400,351,1751
2,132870,14534,0,0,86,86,1545,1854,169,2023
2,132870,19006,0,0,86,86,1545,640,1547,2187
2,132870,29498,0,0,86,86,1545,1854,343,2197
2,132870,37926,0,0,86,86,1545,6656,3969,10625
2,132870,43602,0,0,86,86,1545,3296,2535,5831
2,132870,79722,0,0,86,86,1545,2744,2781,5525
2,132870,115154,0,0,86,86,1545,686,1339,2025
2,132870,118422,0,0,86,86,1545,338,1377,1715
2,132924,67716,0,0,76,76,1749,136,2673,2809
2,132957,79,0,0,79,79,1683,34374,1,34375
2,132957,19197,0,0,79,79,1683,5000,729,5729
2,132957,31995,0,0,79,79,1683,32,2025,2057
2,132990,78,0,0,78,78,1705,3750,1,3751
2,132990,702,0,0,78,78,1705,6250,9,6259
2,133049,83,0,0,83,83,1603,4374,1,4375
2,133049,6723,0,0,83,83,1603,5000,243,5243
2,133140,84,0,0,84,84,1585,7290,1,7291
2,133144,33000,0,0,88,88,1513,9826,375,10201
2,133210,770,0,0,70,70,1903,3114,11,3125
2,133225,73,0,0,73,73,1825,4374,1,4375
2,133225,5329,0,0,73,73,1825,2450,73,2523
2,133225,5913,0,0,73,73,1825,42632,243,42875
2,133225,9125,0,0,73,73,1825,4704,625,5329
2,133225,25039,0,0,73,73,1825,1682,343,2025
2,133225,25039,0,0,73,73,1825,9344,2401,11745
2,133245,81,0,0,81,81,1645,4374,1,4375
2,133245,3807,0,0,81,81,1645,1952,235,2187
2,133245,19845,0,0,81,81,1645,1152,1715,2867
2,133245,45927,0,0,81,81,1645,32,2835,2867
2,133245,54675,0,0,81,81,1645,376,2025,2401
2,133245,59049,0,0,81,81,1645,24064,6561,30625
2,133320,33000,0,0,88,88,1515,3362,375,3737
2,133371,87,0,0,87,87,1533,4374,1,4375
2,133371,511,0,0,73,73,1827,27848,21,27869
2,133371,7047,0,0,87,87,1533,42632,243,42875
2,133371,10875,0,0,87,87,1533,4704,625,5329
2,133371,70153,0,0,73,73,1827,8,2883,2891
2,133377,50301,0,0,69,69,1933,77320,2187,79507
2,133380,76,0,0,76,76,1755,4374,1,4375
2,133380,684,0,0,76,76,1755,3200,63,3263
2,133380,2660,0,0,76,76,1755,6526,35,6561
2,133380,4788,0,0,76,76,1755,2008,189,2197
2,133380,6916,0,0,76,76,1755,8192,1183,9375
2,133380,133380,0,0,76,76,1755,8032,8775,16807
2,133416,26712,0,0,72,72,1853,128,2597,2725
2,133484,34476,0,0,68,68,1963,77312,4563,81875
2,133515,1863,0,0,69,69,1935,3698,27,3725
2,133515,2967,0,0,69,69,1935,15496,129,15625
2,133515,5589,0,0,69,69,1935,8192,1053,9245
2,133515,22425,0,0,69,69,1935,3698,325,4023
2,133515,92529,0,0,69,69,1935,1352,4023,5375
2,133515,127581,0,0,69,69,1935,338,1849,2187
2,133531,67,0,0,67,67,1993,4374,1,4375
2,133531,469,0,0,67,67,1993,3200,49,3249
2,133551,3479,0,0,71,71,1881,2152,147,2299
2,133551,17253,0,0,71,71,1881,1672,729,2401
2,133551,120771,0,0,71,71,1881,8,5103,5111
2,133560,72,0,0,72,72,1855,2592,5,2597
2,133560,72,0,0,72,72,1855,4374,1,4375
2,133560,504,0,0,72,72,1855,5618,7,5625
2,133560,26712,0,0,72,72,1855,6190,371,6561
2,133560,74088,0,0,72,72,1855,8,3087,3095
2,133560,103032,0,0,72,72,1855,40,4293,4333
2,133614,78,0,0,78,78,1713,4374,1,4375
2,133620,68,0,0,68,68,1965,4374,1,4375
2,133620,23324,0,0,68,68,1965,128,2401,2529
2,133630,210,0,0,70,70,1909,2392,9,2401
2,133630,17010,0,0,70,70,1909,2158,243,2401
2,133630,82810,0,0,70,70,1909,1058,1183,2241
2,133665,67,0,0,67,67,1995,4374,1,4375
2,133665,469,0,0,67,67,1995,3200,49,3249
2,133705,85,0,0,85,85,1573,4374,1,4375
2,133705,935,0,0,85,85,1573,1690,11,1701
2,133705,7735,0,0,85,85,1573,8192,1183,9375
2,133705,10285,0,0,85,85,1573,1352,363,1715
2,133705,25245,0,0,85,85,1573,512,2673,3185
2,133705,45815,0,0,85,85,1573,8,1617,1625
2,133705,45815,0,0,85,85,1573,16000,3773,19773
2,133705,61965,0,0,85,85,1573,88,2187,2275
2,133705,71995,0,0,85,85,1573,1350,847,2197
2,133705,113135,0,0,85,85,1573,294,1331,1625
2,133725,75,0,0,75,75,1783,4374,1,4375
2,133730,26746,0,0,86,86,1555,6250,311,6561
2,133731,81,0,0,81,81,1651,6858,1,6859
2,133767,89,0,0,89,89,1503,4374,1,4375
2,133812,24780,0,0,84,84,1593,7776,1475,9251
2,133812,70644,0,0,84,84,1593,6534,841,7375
2,133835,71,0,0,71,71,1885,4896,5,4901
2,133835,213,0,0,71,71,1885,6250,3,6253
2,133835,2769,0,0,71,71,1885,6728,117,6845
2,133835,3621,0,0,71,71,1885,2146,51,2197
2,133835,9585,0,0,71,71,1885,2738,135,2873
2,133835,59711,0,0,71,71,1885,8192,10933,19125
2,133835,65675,0,0,71,71,1885,288,4625,4913
2,133835,97199,0,0,71,71,1885,7250,1369,8619
2,133835,97199,0,0,71,71,1885,8704,12321,21025
2,133835,102453,0,0,71,71,1885,1682,1443,3125
2,133835,133125,0,0,71,71,1885,48778,1875,50653
2,133875,75,0,0,75,75,1785,4374,1,4375
2,133875,85,0,0,85,85,1575,4374,1,4375
2,133875,85,0,0,85,85,1575,10368,7,10375
2,133875,85,0,0,85,85,1575,33614,1,33615
2,133875,595,0,0,85,85,1575,3200,49,3249
2,133906,82,0,0,82,82,1633,5750,1,5751
2,133906,2214,0,0,82,82,1633,5014,27,5041
2,133906,8938,0,0,82,82,1633,3266,109,3375
2,134000,6480,0,0,80,80,1675,8192,1053,9245
2,134000,44720,0,0,80,80,1675,1250,559,1809
2,134000,48240,0,0,80,80,1675,40,1809,1849
2,134045,83,0,0,83,83,1615,4374,1,4375
2,134045,581,0,0,83,83,1615,2048,77,2125
2,134045,581,0,0,83,83,1615,3200,49,3249
2,134045,581,0,0,83,83,1615,20570,7,20577
2,134045,913,0,0,83,83,1615,2250,11,2261
2,134045,1411,0,0,83,83,1615,11858,17,11875
2,134045,1411,0,0,83,83,1615,68590,17,68607
2,134045,1577,0,0,83,83,1615,6050,19,6069
2,134045,1577,0,0,83,83,1615,15606,19,15625
2,134045,1577,0,0,83,83,1615,36992,133,37125
2,134045,1743,0,0,83,83,1615,2312,63,2375
2,134045,4067,0,0,83,83,1615,2250,49,2299
2,134045,8217,0,0,83,83,1615,2432,693,3125
2,134045,11039,0,0,83,83,1615,3200,931,4131
2,134045,12201,0,0,83,83,1615,2584,441,3025
2,134045,14525,0,0,83,83,1615,5984,875,6859
2,134045,17347,0,0,83,83,1615,1666,209,1875
2,134045,20169,0,0,83,83,1615,1672,729,2401
2,134045,20335,0,0,83,83,1615,2662,245,2907
2,134045,23987,0,0,83,83,1615,2432,2023,4455
2,134045,26145,0,0,83,83,1615,4598,315,4913
2,134045,28469,0,0,83,83,1615,1782,343,2125
2,134045,28469,0,0,83,83,1615,1152,2401,3553
2,134045,29963,0,0,83,83,1615,6144,3971,10115
2,134045,33615,0,0,83,83,1615,32,2025,2057
2,134045,35275,0,0,83,83,1615,2662,425,3087
2,134045,44737,0,0,83,83,1615,4374,539,4913
2,134045,50215,0,0,83,83,1615,224,3025,3249
2,134045,51875,0,0,83,83,1615,512,5625,6137
2,134045,56025,0,0,83,83,1615,2888,2025,4913
2,134045,57519,0,0,83,83,1615,640,4851,5491
2,134045,60507,0,0,83,83,1615,2450,729,3179
2,134045,110473,0,0,83,83,1615,6250,1331,7581
2,134045,110473,0,0,83,83,1615,11552,6655,18207
2,134045,110473,0,0,83,83,1615,19494,1331,20825
2,134045,114125,0,0,83,83,1615,1026,1375,2401
2,134045,114291,0,0,83,83,1615,2744,4131,6875
2,134045,121429,0,0,83,83,1615,384,10241,10625
2,134140,10260,0,0,76,76,1765,9728,1215,10943
2,134160,17520,0,0,80,80,1677,1978,219,2197
2,134162,74,0,0,74,74,1813,4374,1,4375
2,134162,814,0,0,74,74,1813,9250,11,9261
2,134162,101306,0,0,74,74,1813,83006,1369,84375
2,134175,134175,0,0,75,75,1789,398,1789,2187
2,134205,16767,0,0,69,69,1945,77800,729,78529
2,134205,26841,0,0,69,69,1945,6750,389,7139
2,134205,134205,0,0,69,69,1945,242,1945,2187
2,134211,77,0,0,77,77,1743,4374,1,4375
2,134211,77,0,0,77,77,1743,10368,7,10375
2,134211,77,0,0,77,77,1743,33614,1,33615
2,134211,18711,0,0,77,77,1743,34202,243,34445
2,134211,79233,0,0,77,77,1743,44672,7203,51875
2,134247,53217,0,0,73,73,1839,2104,2187,4291
2,134292,2356,0,0,76,76,1767,2318,31,2349
2,134310,74,0,0,74,74,1815,64000,9,64009
2,134310,74,0,0,74,74,1815,71874,1,71875
2,134310,814,0,0,74,74,1815,3634,11,3645
2,134310,9250,0,0,74,74,1815,1738,125,1863
2,134310,17538,0,0,74,74,1815,512,2133,2645
2,134310,26862,0,0,74,74,1815,14536,1089,15625
2,134310,49950,0,0,74,74,1815,5566,675,6241
2,134415,87,0,0,87,87,1545,1750,1,1751
2,134415,87,0,0,87,87,1545,4374,1,4375
2,134415,87,0,0,87,87,1545,59534,1,59535
2,134415,87,0,0,87,87,1545,65610,1,65611
2,134415,261,0,0,87,87,1545,2176,21,2197
2,134415,609,0,0,87,87,1545,3750,7,3757
2,134415,1131,0,0,87,87,1545,8330,13,8343
2,134415,2175,0,0,87,87,1545,9248,125,9373
2,134415,7395,0,0,87,87,1545,4374,85,4459
2,134415,7917,0,0,87,87,1545,8192,1183,9375
2,134415,10179,0,0,87,87,1545,1400,351,1751
2,134415,14703,0,0,87,87,1545,1854,169,2023
2,134415,19227,0,0,87,87,1545,640,1547,2187
2,134415,29841,0,0,87,87,1545,1854,343,2197
2,134415,38367,0,0,87,87,1545,6656,3969,10625
2,134415,44109,0,0,87,87,1545,3296,2535,5831
2,134415,80649,0,0,87,87,1545,2744,2781,5525
2,134415,116493,0,0,87,87,1545,686,1339,2025
2,134415,119799,0,0,87,87,1545,338,1377,1715
2,134424,134424,0,0,72,72,1867,534,1867,2401
2,134480,71280,0,0,80,80,1681,2048,9801,11849
2,134537,21725,0,0,79,79,1703,1922,275,2197
2,134539,122713,0,0,73,73,1843,194,1681,1875
2,134550,78,0,0,78,78,1725,64000,9,64009
2,134550,78,0,0,78,78,1725,71874,1,71875
2,134550,1794,0,0,78,78,1725,19602,23,19625
2,134596,1748,0,0,76,76,1771,23814,23,23837
2,134610,70,0,0,70,70,1923,4374,1,4375
2,134610,62370,0,0,70,70,1923,32,4455,4487
2,134640,80,0,0,80,80,1683,34374,1,34375
2,134640,19440,0,0,80,80,1683,5000,729,5729
2,134640,32400,0,0,80,80,1683,32,2025,2057
2,134652,84,0,0,84,84,1603,4374,1,4375
2,134652,6804,0,0,84,84,1603,5000,243,5243
2,134657,33375,0,0,89,89,1513,9826,375,10201
2,134673,68607,0,0,77,77,1749,136,2673,2809
2,134695,79,0,0,79,79,1705,3750,1,3751
2,134695,711,0,0,79,79,1705,6250,9,6259
2,134725,85,0,0,85,85,1585,7290,1,7291
2,134750,43750,0,0,70,70,1925,32,3125,3157
2,134750,61250,0,0,70,70,1925,1312,4375,5687
2,134757,69,0,0,69,69,1953,4374,1,4375
2,134757,207,0,0,69,69,1953,4802,3,4805
2,134757,345,0,0,69,69,1953,12152,15,12167
2,134757,483,0,0,69,69,1953,32798,7,32805
2,134757,621,0,0,138,69,1953,2116,9,2125
2,134757,1173,0,0,69,69,1953,2170,17,2187
2,134757,1173,0,0,69,69,1953,12150,17,12167
2,134757,2139,0,0,138,69,1953,19652,31,19683
2,134757,5589,0,0,69,69,1953,5750,81,5831
2,134757,9315,0,0,69,69,1953,3968,945,4913
2,134757,16767,0,0,69,69,1953,8750,243,8993
2,134757,19251,0,0,69,69,1953,1288,837,2125
2,134757,84525,0,0,69,69,1953,384,8575,8959
2,134757,84525,0,0,69,69,1953,28566,1225,29791
2,134757,91287,0,0,69,69,1953,32,6615,6647
2,134757,117369,0,0,69,69,1953,17000,5103,22103
2,134757,129375,0,0,69,69,1953,3038,1875,4913
2,134835,33375,0,0,89,89,1515,3362,375,3737
2,134890,82,0,0,82,82,1645,4374,1,4375
2,134890,3854,0,0,82,82,1645,1952,235,2187
2,134890,20090,0,0,82,82,1645,1152,1715,2867
2,134890,46494,0,0,82,82,1645,32,2835,2867
2,134890,55350,0,0,82,82,1645,376,2025,2401
2,134890,59778,0,0,82,82,1645,24064,6561,30625
2,134904,88,0,0,88,88,1533,4374,1,4375
2,134904,7128,0,0,88,88,1533,42632,243,42875
2,134904,11000,0,0,88,88,1533,4704,625,5329
2,135050,74,0,0,74,74,1825,4374,1,4375
2,135050,5402,0,0,74,74,1825,2450,73,2523
2,135050,5994,0,0,74,74,1825,42632,243,42875
2,135050,9250,0,0,74,74,1825,4704,625,5329
2,135050,25382,0,0,74,74,1825,1682,343,2025
2,135050,25382,0,0,74,74,1825,9344,2401,11745
2,135113,781,0,0,71,71,1903,3114,11,3125
2,135135,77,0,0,77,77,1755,4374,1,4375
2,135135,693,0,0,77,77,1755,3200,63,3263
2,135135,2695,0,0,77,77,1755,6526,35,6561
2,135135,4851,0,0,77,77,1755,2008,189,2197
2,135135,7007,0,0,77,77,1755,8192,1183,9375
2,135135,135135,0,0,77,77,1755,8032,8775,16807
2,135198,518,0,0,74,74,1827,27848,21,27869
2,135198,71114,0,0,74,74,1827,8,2883,2891
2,135269,27083,0,0,73,73,1853,128,2597,2725
2,135270,90,0,0,90,90,1503,4374,1,4375
2,135278,86,0,0,86,86,1573,4374,1,4375
2,135278,946,0,0,86,86,1573,1690,11,1701
2,135278,7826,0,0,86,86,1573,8192,1183,9375
2,135278,10406,0,0,86,86,1573,1352,363,1715
2,135278,25542,0,0,86,86,1573,512,2673,3185
2,135278,46354,0,0,86,86,1573,8,1617,1625
2,135278,46354,0,0,86,86,1573,16000,3773,19773
2,135278,62694,0,0,86,86,1573,88,2187,2275
2,135278,72842,0,0,86,86,1573,1350,847,2197
2,135278,114466,0,0,86,86,1573,294,1331,1625
2,135285,27057,0,0,87,87,1555,6250,311,6561
2,135310,51030,0,0,70,70,1933,77320,2187,79507
2,135327,79,0,0,79,79,1713,4374,1,4375
2,135382,82,0,0,82,82,1651,6858,1,6859
2,135405,25075,0,0,85,85,1593,7776,1475,9251
2,135405,71485,0,0,85,85,1593,6534,841,7375
2,135415,73,0,0,73,73,1855,2592,5,2597
2,135415,73,0,0,73,73,1855,4374,1,4375
2,135415,511,0,0,73,73,1855,5618,7,5625
2,135415,27083,0,0,73,73,1855,6190,371,6561
2,135415,75117,0,0,73,73,1855,8,3087,3095
2,135415,104463,0,0,73,73,1855,40,4293,4333
2,135432,3528,0,0,72,72,1881,2152,147,2299
2,135432,17496,0,0,72,72,1881,1672,729,2401
2,135432,122472,0,0,72,72,1881,8,5103,5111
2,135447,34983,0,0,69,69,1963,77312,4563,81875
2,135450,86,0,0,86,86,1575,4374,1,4375
2,135450,86,0,0,86,86,1575,10368,7,10375
2,135450,86,0,0,86,86,1575,33614,1,33615
2,135450,602,0,0,86,86,1575,3200,49,3249
2,135450,1890,0,0,70,70,1935,3698,27,3725
2,135450,3010,0,0,70,70,1935,15496,129,15625
2,135450,5670,0,0,70,70,1935,8192,1053,9245
2,135450,22750,0,0,70,70,1935,3698,325,4023
2,135450,93870,0,0,70,70,1935,1352,4023,5375
2,135450,129430,0,0,70,70,1935,338,1849,2187
2,135508,76,0,0,76,76,1783,4374,1,4375
2,135524,68,0,0,68,68,1993,4374,1,4375
2,135524,476,0,0,68,68,1993,3200,49,3249
2,135539,83,0,0,83,83,1633,5750,1,5751
2,135539,213,0,0,71,71,1909,2392,9,2401
2,135539,2241,0,0,83,83,1633,5014,27,5041
2,135539,9047,0,0,83,83,1633,3266,109,3375
2,135539,17253,0,0,71,71,1909,2158,243,2401
2,135539,83993,0,0,71,71,1909,1058,1183,2241
2,135585,69,0,0,69,69,1965,4374,1,4375
2,135585,23667,0,0,69,69,1965,128,2401,2529
2,135660,68,0,0,68,68,1995,4374,1,4375
2,135660,76,0,0,76,76,1785,4374,1,4375
2,135660,84,0,0,84,84,1615,4374,1,4375
2,135660,476,0,0,68,68,1995,3200,49,3249
2,135660,588,0,0,84,84,1615,2048,77,2125
2,135660,588,0,0,84,84,1615,3200,49,3249
2,135660,588,0,0,84,84,1615,20570,7,20577
2,135660,924,0,0,84,84,1615,2250,11,2261
2,135660,1428,0,0,84,84,1615,11858,17,11875
2,135660,1428,0,0,84,84,1615,68590,17,68607
2,135660,1596,0,0,84,84,1615,6050,19,6069
2,135660,1596,0,0,84,84,1615,15606,19,15625
2,135660,1596,0,0,84,84,1615,36992,133,37125
2,135660,1764,0,0,84,84,1615,2312,63,2375
2,135660,4116,0,0,84,84,1615,2250,49,2299
2,135660,8316,0,0,84,84,1615,2432,693,3125
2,135660,11172,0,0,84,84,1615,3200,931,4131
2,135660,12348,0,0,84,84,1615,2584,441,3025
2,135660,14700,0,0,84,84,1615,5984,875,6859
2,135660,17556,0,0,84,84,1615,1666,209,1875
2,135660,20412,0,0,84,84,1615,1672,729,2401
2,135660,20580,0,0,84,84,1615,2662,245,2907
2,135660,24276,0,0,84,84,1615,2432,2023,4455
2,135660,26460,0,0,84,84,1615,4598,315,4913
2,135660,28812,0,0,84,84,1615,1782,343,2125
2,135660,28812,0,0,84,84,1615,1152,2401,3553
2,135660,30324,0,0,84,84,1615,6144,3971,10115
2,135660,34020,0,0,84,84,1615,32,2025,2057
2,135660,35700,0,0,84,84,1615,2662,425,3087
2,135660,45276,0,0,84,84,1615,4374,539,4913
2,135660,50820,0,0,84,84,1615,224,3025,3249
2,135660,52500,0,0,84,84,1615,512,5625,6137
2,135660,56700,0,0,84,84,1615,2888,2025,4913
2,135660,58212,0,0,84,84,1615,640,4851,5491
2,135660,61236,0,0,84,84,1615,2450,729,3179
2,135660,111804,0,0,84,84,1615,6250,1331,7581
2,135660,111804,0,0,84,84,1615,11552,6655,18207
2,135660,111804,0,0,84,84,1615,19494,1331,20825
2,135660,115500,0,0,84,84,1615,1026,1375,2401
2,135660,115668,0,0,84,84,1615,2744,4131,6875
2,135660,122892,0,0,84,84,1615,384,10241,10625
2,135675,6561,0,0,81,81,1675,8192,1053,9245
2,135675,45279,0,0,81,81,1675,1250,559,1809
2,135675,48843,0,0,81,81,1675,40,1809,1849
2,135720,72,0,0,72,72,1885,4896,5,4901
2,135720,216,0,0,72,72,1885,6250,3,6253
2,135720,2808,0,0,72,72,1885,6728,117,6845
2,135720,3672,0,0,72,72,1885,2146,51,2197
2,135720,9720,0,0,72,72,1885,2738,135,2873
2,135720,60552,0,0,72,72,1885,8192,10933,19125
2,135720,66600,0,0,72,72,1885,288,4625,4913
2,135720,98568,0,0,72,72,1885,7250,1369,8619
2,135720,98568,0,0,72,72,1885,8704,12321,21025
2,135720,103896,0,0,72,72,1885,1682,1443,3125
2,135720,135000,0,0,72,72,1885,48778,1875,50653
2,135837,17739,0,0,81,81,1677,1978,219,2197
2,135905,10395,0,0,77,77,1765,9728,1215,10943
2,135954,78,0,0,78,78,1743,4374,1,4375
2,135954,78,0,0,78,78,1743,10368,7,10375
2,135954,78,0,0,78,78,1743,33614,1,33615
2,135954,18954,0,0,78,78,1743,34202,243,34445
2,135954,80262,0,0,78,78,1743,44672,7203,51875
2,135960,88,0,0,88,88,1545,1750,1,1751
2,135960,88,0,0,88,88,1545,4374,1,4375
2,135960,88,0,0,88,88,1545,59534,1,59535
2,135960,88,0,0,88,88,1545,65610,1,65611
2,135960,264,0,0,88,88,1545,2176,21,2197
2,135960,616,0,0,88,88,1545,3750,7,3757
2,135960,1144,0,0,88,88,1545,8330,13,8343
2,135960,2200,0,0,88,88,1545,9248,125,9373
2,135960,7480,0,0,88,88,1545,4374,85,4459
2,135960,8008,0,0,88,88,1545,8192,1183,9375
2,135960,10296,0,0,88,88,1545,1400,351,1751
2,135960,14872,0,0,88,88,1545,1854,169,2023
2,135960,19448,0,0,88,88,1545,640,1547,2187
2,135960,30184,0,0,88,88,1545,1854,343,2197
2,135960,38808,0,0,88,88,1545,6656,3969,10625
2,135960,44616,0,0,88,88,1545,3296,2535,5831
2,135960,81576,0,0,88,88,1545,2744,2781,5525
2,135960,117832,0,0,88,88,1545,686,1339,2025
2,135960,121176,0,0,88,88,1545,338,1377,1715
2,135964,135964,0,0,76,76,1789,398,1789,2187
2,135975,75,0,0,75,75,1813,4374,1,4375
2,135975,825,0,0,75,75,1813,9250,11,9261
2,135975,102675,0,0,75,75,1813,83006,1369,84375
2,136059,2387,0,0,77,77,1767,2318,31,2349
2,136086,53946,0,0,74,74,1839,2104,2187,4291
2,136125,75,0,0,75,75,1815,64000,9,64009
2,136125,75,0,0,75,75,1815,71874,1,71875
2,136125,825,0,0,75,75,1815,3634,11,3645
2,136125,9375,0,0,75,75,1815,1738,125,1863
2,136125,17775,0,0,75,75,1815,512,2133,2645
2,136125,27225,0,0,75,75,1815,14536,1089,15625
2,136125,50625,0,0,75,75,1815,5566,675,6241
2,136150,17010,0,0,70,70,1945,77800,729,78529
2,136150,27230,0,0,70,70,1945,6750,389,7139
2,136150,136150,0,0,70,70,1945,242,1945,2187
2,136161,72171,0,0,81,81,1681,2048,9801,11849
2,136170,33750,0,0,90,90,1513,9826,375,10201
2,136240,22000,0,0,80,80,1703,1922,275,2197
2,136255,85,0,0,85,85,1603,4374,1,4375
2,136255,6885,0,0,85,85,1603,5000,243,5243
2,136275,79,0,0,79,79,1725,64000,9,64009
2,136275,79,0,0,79,79,1725,71874,1,71875
2,136275,1817,0,0,79,79,1725,19602,23,19625
2,136291,136291,0,0,73,73,1867,534,1867,2401
2,136310,86,0,0,86,86,1585,7290,1,7291
2,136323,81,0,0,81,81,1683,34374,1,34375
2,136323,19683,0,0,81,81,1683,5000,729,5729
2,136323,32805,0,0,81,81,1683,32,2025,2057
2,136350,33750,0,0,90,90,1515,3362,375,3737
2,136367,1771,0,0,77,77,1771,23814,23,23837
2,136382,124394,0,0,74,74,1843,194,1681,1875
2,136400,80,0,0,80,80,1705,3750,1,3751
2,136400,720,0,0,80,80,1705,6250,9,6259
2,136422,69498,0,0,78,78,1749,136,2673,2809
2,136437,89,0,0,89,89,1533,4374,1,4375
2,136437,7209,0,0,89,89,1533,42632,243,42875
2,136437,11125,0,0,89,89,1533,4704,625,5329
2,136533,71,0,0,71,71,1923,4374,1,4375
2,136533,63261,0,0,71,71,1923,32,4455,4487
2,136535,83,0,0,83,83,1645,4374,1,4375
2,136535,3901,0,0,83,83,1645,1952,235,2187
2,136535,20335,0,0,83,83,1645,1152,1715,2867
2,136535,47061,0,0,83,83,1645,32,2835,2867
2,136535,56025,0,0,83,83,1645,376,2025,2401
2,136535,60507,0,0,83,83,1645,24064,6561,30625
2,136675,44375,0,0,71,71,1925,32,3125,3157
2,136675,62125,0,0,71,71,1925,1312,4375,5687
2,136710,70,0,0,70,70,1953,4374,1,4375
2,136710,210,0,0,70,70,1953,4802,3,4805
2,136710,350,0,0,70,70,1953,12152,15,12167
2,136710,490,0,0,70,70,1953,32798,7,32805
2,136710,1190,0,0,70,70,1953,2170,17,2187
2,136710,1190,0,0,70,70,1953,12150,17,12167
2,136710,5670,0,0,70,70,1953,5750,81,5831
2,136710,9450,0,0,70,70,1953,3968,945,4913
2,136710,17010,0,0,70,70,1953,8750,243,8993
2,136710,19530,0,0,70,70,1953,1288,837,2125
2,136710,85750,0,0,70,70,1953,384,8575,8959
2,136710,85750,0,0,70,70,1953,28566,1225,29791
2,136710,92610,0,0,70,70,1953,32,6615,6647
2,136710,119070,0,0,70,70,1953,17000,5103,22103
2,136710,131250,0,0,70,70,1953,3038,1875,4913
2,136773,91,0,0,91,91,1503,4374,1,4375
2,136840,27368,0,0,88,88,1555,6250,311,6561
2,136851,87,0,0,87,87,1573,4374,1,4375
2,136851,957,0,0,87,87,1573,1690,11,1701
2,136851,7917,0,0,87,87,1573,8192,1183,9375
2,136851,10527,0,0,87,87,1573,1352,363,1715
2,136851,25839,0,0,87,87,1573,512,2673,3185
2,136851,46893,0,0,87,87,1573,8,1617,1625
2,136851,46893,0,0,87,87,1573,16000,3773,19773
2,136851,63423,0,0,87,87,1573,88,2187,2275
2,136851,73689,0,0,87,87,1573,1350,847,2197
2,136851,115797,0,0,87,87,1573,294,1331,1625
2,136875,75,0,0,75,75,1825,4374,1,4375
2,136875,5475,0,0,75,75,1825,2450,73,2523
2,136875,6075,0,0,75,75,1825,42632,243,42875
2,136875,9375,0,0,75,75,1825,4704,625,5329
2,136875,25725,0,0,75,75,1825,1682,343,2025
2,136875,25725,0,0,75,75,1825,9344,2401,11745
2,136890,78,0,0,78,78,1755,4374,1,4375
2,136890,702,0,0,78,78,1755,3200,63,3263
2,136890,2730,0,0,78,78,1755,6526,35,6561
2,136890,4914,0,0,78,78,1755,2008,189,2197
2,136890,7098,0,0,78,78,1755,8192,1183,9375
2,136890,136890,0,0,78,78,1755,8032,8775,16807
2,136998,25370,0,0,86,86,1593,7776,1475,9251
2,136998,72326,0,0,86,86,1593,6534,841,7375
2,137016,792,0,0,72,72,1903,3114,11,3125
2,137025,87,0,0,87,87,1575,4374,1,4375
2,137025,87,0,0,87,87,1575,10368,7,10375
2,137025,87,0,0,87,87,1575,33614,1,33615
2,137025,525,0,0,75,75,1827,27848,21,27869
2,137025,609,0,0,87,87,1575,3200,49,3249
2,137025,72075,0,0,75,75,1827,8,2883,2891
2,137033,83,0,0,83,83,1651,6858,1,6859
2,137040,80,0,0,80,80,1713,4374,1,4375
2,137122,27454,0,0,74,74,1853,128,2597,2725
2,137172,84,0,0,84,84,1633,5750,1,5751
2,137172,2268,0,0,84,84,1633,5014,27,5041
2,137172,9156,0,0,84,84,1633,3266,109,3375
2,137243,51759,0,0,71,71,1933,77320,2187,79507
2,137270,74,0,0,74,74,1855,2592,5,2597
2,137270,74,0,0,74,74,1855,4374,1,4375
2,137270,518,0,0,74,74,1855,5618,7,5625
2,137270,27454,0,0,74,74,1855,6190,371,6561
2,137270,76146,0,0,74,74,1855,8,3087,3095
2,137270,105894,0,0,74,74,1855,40,4293,4333
2,137275,85,0,0,85,85,1615,4374,1,4375
2,137275,595,0,0,85,85,1615,2048,77,2125
2,137275,595,0,0,85,85,1615,3200,49,3249
2,137275,595,0,0,85,85,1615,20570,7,20577
2,137275,935,0,0,85,85,1615,2250,11,2261
2,137275,1445,0,0,85,85,1615,11858,17,11875
2,137275,1445,0,0,85,85,1615,68590,17,68607
2,137275,1615,0,0,85,85,1615,6050,19,6069
2,137275,1615,0,0,85,85,1615,15606,19,15625
2,137275,1615,0,0,85,85,1615,36992,133,37125
2,137275,1785,0,0,85,85,1615,2312,63,2375
2,137275,4165,0,0,85,85,1615,2250,49,2299
2,137275,8415,0,0,85,85,1615,2432,693,3125
2,137275,11305,0,0,85,85,1615,3200,931,4131
2,137275,12495,0,0,85,85,1615,2584,441,3025
2,137275,14875,0,0,85,85,1615,5984,875,6859
2,137275,17765,0,0,85,85,1615,1666,209,1875
2,137275,20655,0,0,85,85,1615,1672,729,2401
2,137275,20825,0,0,85,85,1615,2662,245,2907
2,137275,24565,0,0,85,85,1615,2432,2023,4455
2,137275,26775,0,0,85,85,1615,4598,315,4913
2,137275,29155,0,0,85,85,1615,1782,343,2125
2,137275,29155,0,0,85,85,1615,1152,2401,3553
2,137275,30685,0,0,85,85,1615,6144,3971,10115
2,137275,34425,0,0,85,85,1615,32,2025,2057
2,137275,36125,0,0,85,85,1615,2662,425,3087
2,137275,45815,0,0,85,85,1615,4374,539,4913
2,137275,51425,0,0,85,85,1615,224,3025,3249
2,137275,53125,0,0,85,85,1615,512,5625,6137
2,137275,57375,0,0,85,85,1615,2888,2025,4913
2,137275,58905,0,0,85,85,1615,640,4851,5491
2,137275,61965,0,0,85,85,1615,2450,729,3179
2,137275,113135,0,0,85,85,1615,6250,1331,7581
2,137275,113135,0,0,85,85,1615,11552,6655,18207
2,137275,113135,0,0,85,85,1615,19494,1331,20825
2,137275,116875,0,0,85,85,1615,1026,1375,2401
2,137275,117045,0,0,85,85,1615,2744,4131,6875
2,137275,124355,0,0,85,85,1615,384,10241,10625
2,137291,77,0,0,77,77,1783,4374,1,4375
2,137313,3577,0,0,73,73,1881,2152,147,2299
2,137313,17739,0,0,73,73,1881,1672,729,2401
2,137313,124173,0,0,73,73,1881,8,5103,5111
2,137350,6642,0,0,82,82,1675,8192,1053,9245
2,137350,45838,0,0,82,82,1675,1250,559,1809
2,137350,49446,0,0,82,82,1675,40,1809,1849
2,137385,1917,0,0,71,71,1935,3698,27,3725
2,137385,3053,0,0,71,71,1935,15496,129,15625
2,137385,5751,0,0,71,71,1935,8192,1053,9245
2,137385,23075,0,0,71,71,1935,3698,325,4023
2,137385,95211,0,0,71,71,1935,1352,4023,5375
2,137385,131279,0,0,71,71,1935,338,1849,2187
2,137410,35490,0,0,70,70,1963,77312,4563,81875
2,137445,77,0,0,77,77,1785,4374,1,4375
2,137448,216,0,0,72,72,1909,2392,9,2401
2,137448,17496,0,0,72,72,1909,2158,243,2401
2,137448,85176,0,0,72,72,1909,1058,1183,2241
2,137505,89,0,0,89,89,1545,1750,1,1751
2,137505,89,0,0,89,89,1545,4374,1,4375
2,137505,89,0,0,89,89,1545,59534,1,59535
2,137505,89,0,0,89,89,1545,65610,1,65611
2,137505,267,0,0,89,89,1545,2176,21,2197
2,137505,623,0,0,89,89,1545,3750,7,3757
2,137505,1157,0,0,89,89,1545,8330,13,8343
2,137505,2225,0,0,89,89,1545,9248,125,9373
2,137505,7565,0,0,89,89,1545,4374,85,4459
2,137505,8099,0,0,89,89,1545,8192,1183,9375
2,137505,10413,0,0,89,89,1545,1400,351,1751
2,137505,15041,0,0,89,89,1545,1854,169,2023
2,137505,19669,0,0,89,89,1545,640,1547,2187
2,137505,30527,0,0,89,89,1545,1854,343,2197
2,137505,39249,0,0,89,89,1545,6656,3969,10625
2,137505,45123,0,0,89,89,1545,3296,2535,5831
2,137505,82503,0,0,89,89,1545,2744,2781,5525
2,137505,119171,0,0,89,89,1545,686,1339,2025
2,137505,122553,0,0,89,89,1545,338,1377,1715
2,137514,17958,0,0,82,82,1677,1978,219,2197
2,137517,69,0,0,69,69,1993,4374,1,4375
2,137517,483,0,0,69,69,1993,3200,49,3249
2,137550,70,0,0,70,70,1965,4374,1,4375
2,137550,24010,0,0,70,70,1965,128,2401,2529
2,137605,73,0,0,73,73,1885,4896,5,4901
2,137605,219,0,0,73,73,1885,6250,3,6253
2,137605,2847,0,0,73,73,1885,6728,117,6845
2,137605,3723,0,0,73,73,1885,2146,51,2197
2,137605,9855,0,0,73,73,1885,2738,135,2873
2,137605,61393,0,0,73,73,1885,8192,10933,19125
2,137605,67525,0,0,73,73,1885,288,4625,4913
2,137605,99937,0,0,73,73,1885,7250,1369,8619
2,137605,99937,0,0,73,73,1885,8704,12321,21025
2,137605,105339,0,0,73,73,1885,1682,1443,3125
2,137605,136875,0,0,73,73,1885,48778,1875,50653
2,137655,69,0,0,69,69,1995,4374,1,4375
2,137655,483,0,0,69,69,1995,3200,49,3249
2,137670,10530,0,0,78,78,1765,9728,1215,10943
2,137683,34125,0,0,91,91,1513,9826,375,10201
2,137697,79,0,0,79,79,1743,4374,1,4375
2,137697,79,0,0,79,79,1743,10368,7,10375
2,137697,79,0,0,79,79,1743,33614,1,33615
2,137697,19197,0,0,79,79,1743,34202,243,34445
2,137697,81291,0,0,79,79,1743,44672,7203,51875
2,137753,137753,0,0,77,77,1789,398,1789,2187
2,137788,76,0,0,76,76,1813,4374,1,4375
2,137788,836,0,0,76,76,1813,9250,11,9261
2,137788,104044,0,0,76,76,1813,83006,1369,84375
2,137826,2418,0,0,78,78,1767,2318,31,2349
2,137842,73062,0,0,82,82,1681,2048,9801,11849
2,137858,86,0,0,86,86,1603,4374,1,4375
2,137858,6966,0,0,86,86,1603,5000,243,5243
2,137865,34125,0,0,91,91,1515,3362,375,3737
2,137895,87,0,0,87,87,1585,7290,1,7291
2,137925,54675,0,0,75,75,1839,2104,2187,4291
2,137940,76,0,0,76,76,1815,64000,9,64009
2,137940,76,0,0,76,76,1815,71874,1,71875
2,137940,836,0,0,76,76,1815,3634,11,3645
2,137940,9500,0,0,76,76,1815,1738,125,1863
2,137940,18012,0,0,76,76,1815,512,2133,2645
2,137940,27588,0,0,76,76,1815,14536,1089,15625
2,137940,51300,0,0,76,76,1815,5566,675,6241
2,137943,22275,0,0,81,81,1703,1922,275,2197
2,137970,90,0,0,90,90,1533,4374,1,4375
2,137970,7290,0,0,90,90,1533,42632,243,42875
2,137970,11250,0,0,90,90,1533,4704,625,5329
2,138000,80,0,0,80,80,1725,64000,9,64009
2,138000,80,0,0,80,80,1725,71874,1,71875
2,138000,1840,0,0,80,80,1725,19602,23,19625
2,138006,82,0,0,82,82,1683,34374,1,34375
2,138006,19926,0,0,82,82,1683,5000,729,5729
2,138006,33210,0,0,82,82,1683,32,2025,2057
2,138095,17253,0,0,71,71,1945,77800,729,78529
2,138095,27619,0,0,71,71,1945,6750,389,7139
2,138095,138095,0,0,71,71,1945,242,1945,2187
2,138105,81,0,0,81,81,1705,3750,1,3751
2,138105,729,0,0,81,81,1705,6250,9,6259
2,138138,1794,0,0,78,78,1771,23814,23,23837
2,138158,138158,0,0,74,74,1867,534,1867,2401
2,138171,70389,0,0,79,79,1749,136,2673,2809
2,138180,84,0,0,84,84,1645,4374,1,4375
2,138180,3948,0,0,84,84,1645,1952,235,2187
2,138180,20580,0,0,84,84,1645,1152,1715,2867
2,138180,47628,0,0,84,84,1645,32,2835,2867
2,138180,56700,0,0,84,84,1645,376,2025,2401
2,138180,61236,0,0,84,84,1645,24064,6561,30625
2,138225,126075,0,0,75,75,1843,194,1681,1875
2,138276,92,0,0,92,92,1503,4374,1,4375
2,138395,27679,0,0,89,89,1555,6250,311,6561
2,138424,88,0,0,88,88,1573,4374,1,4375
2,138424,968,0,0,88,88,1573,1690,11,1701
2,138424,8008,0,0,88,88,1573,8192,1183,9375
2,138424,10648,0,0,88,88,1573,1352,363,1715
2,138424,26136,0,0,88,88,1573,512,2673,3185
2,138424,47432,0,0,88,88,1573,8,1617,1625
2,138424,47432,0,0,88,88,1573,16000,3773,19773
2,138424,64152,0,0,88,88,1573,88,2187,2275
2,138424,74536,0,0,88,88,1573,1350,847,2197
2,138424,117128,0,0,88,88,1573,294,1331,1625
2,138456,72,0,0,72,72,1923,4374,1,4375
2,138456,64152,0,0,72,72,1923,32,4455,4487
2,138591,25665,0,0,87,87,1593,7776,1475,9251
2,138591,73167,0,0,87,87,1593,6534,841,7375
2,138600,88,0,0,88,88,1575,4374,1,4375
2,138600,88,0,0,88,88,1575,10368,7,10375
2,138600,88,0,0,88,88,1575,33614,1,33615
2,138600,616,0,0,88,88,1575,3200,49,3249
2,138600,45000,0,0,72,72,1925,32,3125,3157
2,138600,63000,0,0,72,72,1925,1312,4375,5687
2,138645,79,0,0,79,79,1755,4374,1,4375
2,138645,711,0,0,79,79,1755,3200,63,3263
2,138645,2765,0,0,79,79,1755,6526,35,6561
2,138645,4977,0,0,79,79,1755,2008,189,2197
2,138645,7189,0,0,79,79,1755,8192,1183,9375
2,138645,138645,0,0,79,79,1755,8032,8775,16807
2,138663,71,0,0,71,71,1953,4374,1,4375
2,138663,213,0,0,71,71,1953,4802,3,4805
2,138663,355,0,0,71,71,1953,12152,15,12167
2,138663,497,0,0,71,71,1953,32798,7,32805
2,138663,1207,0,0,71,71,1953,2170,17,2187
2,138663,1207,0,0,71,71,1953,12150,17,12167
2,138663,5751,0,0,71,71,1953,5750,81,5831
2,138663,9585,0,0,71,71,1953,3968,945,4913
2,138663,17253,0,0,71,71,1953,8750,243,8993
2,138663,19809,0,0,71,71,1953,1288,837,2125
2,138663,86975,0,0,71,71,1953,384,8575,8959
2,138663,86975,0,0,71,71,1953,28566,1225,29791
2,138663,93933,0,0,71,71,1953,32,6615,6647
2,138663,120771,0,0,71,71,1953,17000,5103,22103
2,138663,133125,0,0,71,71,1953,3038,1875,4913
2,138684,84,0,0,84,84,1651,6858,1,6859
2,138700,76,0,0,76,76,1825,4374,1,4375
2,138700,5548,0,0,76,76,1825,2450,73,2523
2,138700,6156,0,0,76,76,1825,42632,243,42875
2,138700,9500,0,0,76,76,1825,4704,625,5329
2,138700,26068,0,0,76,76,1825,1682,343,2025
2,138700,26068,0,0,76,76,1825,9344,2401,11745
2,138753,81,0,0,81,81,1713,4374,1,4375
2,138805,85,0,0,85,85,1633,5750,1,5751
2,138805,2295,0,0,85,85,1633,5014,27,5041
2,138805,9265,0,0,85,85,1633,3266,109,3375
2,138852,532,0,0,76,76,1827,27848,21,27869
2,138852,73036,0,0,76,76,1827,8,2883,2891
2,138890,86,0,0,86,86,1615,4374,1,4375
2,138890,602,0,0,86,86,1615,2048,77,2125
2,138890,602,0,0,86,86,1615,3200,49,3249
2,138890,602,0,0,86,86,1615,20570,7,20577
2,138890,946,0,0,86,86,1615,2250,11,2261
2,138890,1462,0,0,86,86,1615,11858,17,11875
2,138890,1462,0,0,86,86,1615,68590,17,68607
2,138890,1634,0,0,86,86,1615,6050,19,6069
2,138890,1634,0,0,86,86,1615,15606,19,15625
2,138890,1634,0,0,86,86,1615,36992,133,37125
2,138890,1806,0,0,86,86,1615,2312,63,2375
2,138890,4214,0,0,86,86,1615,2250,49,2299
2,138890,8514,0,0,86,86,1615,2432,693,3125
2,138890,11438,0,0,86,86,1615,3200,931,4131
2,138890,12642,0,0,86,86,1615,2584,441,3025
2,138890,15050,0,0,86,86,1615,5984,875,6859
2,138890,17974,0,0,86,86,1615,1666,209,1875
2,138890,20898,0,0,86,86,1615,1672,729,2401
2,138890,21070,0,0,86,86,1615,2662,245,2907
2,138890,24854,0,0,86,86,1615,2432,2023,4455
2,138890,27090,0,0,86,86,1615,4598,315,4913
2,138890,29498,0,0,86,86,1615,1782,343,2125
2,138890,29498,0,0,86,86,1615,1152,2401,3553
2,138890,31046,0,0,86,86,1615,6144,3971,10115
2,138890,34830,0,0,86,86,1615,32,2025,2057
2,138890,36550,0,0,86,86,1615,2662,425,3087
2,138890,46354,0,0,86,86,1615,4374,539,4913
2,138890,52030,0,0,86,86,1615,224,3025,3249
2,138890,53750,0,0,86,86,1615,512,5625,6137
2,138890,58050,0,0,86,86,1615,2888,2025,4913
2,138890,59598,0,0,86,86,1615,640,4851,5491
2,138890,62694,0,0,86,86,1615,2450,729,3179
2,138890,114466,0,0,86,86,1615,6250,1331,7581
2,138890,114466,0,0,86,86,1615,11552,6655,18207
2,138890,114466,0,0,86,86,1615,19494,1331,20825
2,138890,118250,0,0,86,86,1615,1026,1375,2401
2,138890,118422,0,0,86,86,1615,2744,4131,6875
2,138890,125818,0,0,86,86,1615,384,10241,10625
2,138919,803,0,0,73,73,1903,3114,11,3125
2,138975,27825,0,0,75,75,1853,128,2597,2725
2,139025,6723,0,0,83,83,1675,8192,1053,9245
2,139025,46397,0,0,83,83,1675,1250,559,1809
2,139025,50049,0,0,83,83,1675,40,1809,1849
2,139050,90,0,0,90,90,1545,1750,1,1751
2,139050,90,0,0,90,90,1545,4374,1,4375
2,139050,90,0,0,90,90,1545,59534,1,59535
2,139050,90,0,0,90,90,1545,65610,1,65611
2,139050,270,0,0,90,90,1545,2176,21,2197
2,139050,630,0,0,90,90,1545,3750,7,3757
2,139050,1170,0,0,90,90,1545,8330,13,8343
2,139050,2250,0,0,90,90,1545,9248,125,9373
2,139050,7650,0,0,90,90,1545,4374,85,4459
2,139050,8190,0,0,90,90,1545,8192,1183,9375
2,139050,10530,0,0,90,90,1545,1400,351,1751
2,139050,15210,0,0,90,90,1545,1854,169,2023
2,139050,19890,0,0,90,90,1545,640,1547,2187
2,139050,30870,0,0,90,90,1545,1854,343,2197
2,139050,39690,0,0,90,90,1545,6656,3969,10625
2,139050,45630,0,0,90,90,1545,3296,2535,5831
2,139050,83430,0,0,90,90,1545,2744,2781,5525
2,139050,120510,0,0,90,90,1545,686,1339,2025
2,139050,123930,0,0,90,90,1545,338,1377,1715
2,139074,78,0,0,78,78,1783,4374,1,4375
2,139125,75,0,0,75,75,1855,2592,5,2597
2,139125,75,0,0,75,75,1855,4374,1,4375
2,139125,525,0,0,75,75,1855,5618,7,5625
2,139125,27825,0,0,75,75,1855,6190,371,6561
2,139125,77175,0,0,75,75,1855,8,3087,3095
2,139125,107325,0,0,75,75,1855,40,4293,4333
2,139176,52488,0,0,72,72,1933,77320,2187,79507
2,139191,18177,0,0,83,83,1677,1978,219,2197
2,139194,3626,0,0,74,74,1881,2152,147,2299
2,139194,17982,0,0,74,74,1881,1672,729,2401
2,139194,125874,0,0,74,74,1881,8,5103,5111
2,139196,34500,0,0,92,92,1513,9826,375,10201
2,139230,78,0,0,78,78,1785,4374,1,4375
2,139320,1944,0,0,72,72,1935,3698,27,3725
2,139320,3096,0,0,72,72,1935,15496,129,15625
2,139320,5832,0,0,72,72,1935,8192,1053,9245
2,139320,23400,0,0,72,72,1935,3698,325,4023
2,139320,96552,0,0,72,72,1935,1352,4023,5375
2,139320,133128,0,0,72,72,1935,338,1849,2187
2,139357,219,0,0,73,73,1909,2392,9,2401
2,139357,17739,0,0,73,73,1909,2158,243,2401
2,139357,86359,0,0,73,73,1909,1058,1183,2241
2,139373,35997,0,0,71,71,1963,77312,4563,81875
2,139380,34500,0,0,92,92,1515,3362,375,3737
2,139435,10665,0,0,79,79,1765,9728,1215,10943
2,139440,80,0,0,80,80,1743,4374,1,4375
2,139440,80,0,0,80,80,1743,10368,7,10375
2,139440,80,0,0,80,80,1743,33614,1,33615
2,139440,19440,0,0,80,80,1743,34202,243,34445
2,139440,82320,0,0,80,80,1743,44672,7203,51875
2,139461,87,0,0,87,87,1603,4374,1,4375
2,139461,7047,0,0,87,87,1603,5000,243,5243
2,139480,88,0,0,88,88,1585,7290,1,7291
2,139490,74,0,0,74,74,1885,4896,5,4901
2,139490,222,0,0,74,74,1885,6250,3,6253
2,139490,2886,0,0,74,74,1885,6728,117,6845
2,139490,3774,0,0,74,74,1885,2146,51,2197
2,139490,9990,0,0,74,74,1885,2738,135,2873
2,139490,62234,0,0,74,74,1885,8192,10933,19125
2,139490,68450,0,0,74,74,1885,288,4625,4913
2,139490,101306,0,0,74,74,1885,7250,1369,8619
2,139490,101306,0,0,74,74,1885,8704,12321,21025
2,139490,106782,0,0,74,74,1885,1682,1443,3125
2,139490,138750,0,0,74,74,1885,48778,1875,50653
2,139503,91,0,0,91,91,1533,4374,1,4375
2,139503,7371,0,0,91,91,1533,42632,243,42875
2,139503,11375,0,0,91,91,1533,4704,625,5329
2,139510,70,0,0,70,70,1993,4374,1,4375
2,139510,490,0,0,70,70,1993,3200,49,3249
2,139515,71,0,0,71,71,1965,4374,1,4375
2,139515,24353,0,0,71,71,1965,128,2401,2529
2,139523,73953,0,0,83,83,1681,2048,9801,11849
2,139542,139542,0,0,78,78,1789,398,1789,2187
2,139593,2449,0,0,79,79,1767,2318,31,2349
2,139601,77,0,0,77,77,1813,4374,1,4375
2,139601,847,0,0,77,77,1813,9250,11,9261
2,139601,105413,0,0,77,77,1813,83006,1369,84375
2,139646,22550,0,0,82,82,1703,1922,275,2197
2,139650,70,0,0,70,70,1995,4374,1,4375
2,139650,490,0,0,70,70,1995,3200,49,3249
2,139689,83,0,0,83,83,1683,34374,1,34375
2,139689,20169,0,0,83,83,1683,5000,729,5729
2,139689,33615,0,0,83,83,1683,32,2025,2057
2,139725,81,0,0,81,81,1725,64000,9,64009
2,139725,81,0,0,81,81,1725,71874,1,71875
2,139725,1863,0,0,81,81,1725,19602,23,19625
2,139755,77,0,0,77,77,1815,64000,9,64009
2,139755,77,0,0,77,77,1815,71874,1,71875
2,139755,847,0,0,77,77,1815,3634,11,3645
2,139755,9625,0,0,77,77,1815,1738,125,1863
2,139755,18249,0,0,77,77,1815,512,2133,2645
2,139755,27951,0,0,77,77,1815,14536,1089,15625
2,139755,51975,0,0,77,77,1815,5566,675,6241
2,139764,55404,0,0,76,76,1839,2104,2187,4291
2,139779,93,0,0,93,93,1503,4374,1,4375
2,139810,82,0,0,82,82,1705,3750,1,3751
2,139810,738,0,0,82,82,1705,6250,9,6259
2,139825,85,0,0,85,85,1645,4374,1,4375
2,139825,3995,0,0,85,85,1645,1952,235,2187
2,139825,20825,0,0,85,85,1645,1152,1715,2867
2,139825,48195,0,0,85,85,1645,32,2835,2867
2,139825,57375,0,0,85,85,1645,376,2025,2401
2,139825,61965,0,0,85,85,1645,24064,6561,30625
2,139909,1817,0,0,79,79,1771,23814,23,23837
2,139920,71280,0,0,80,80,1749,136,2673,2809
2,139950,27990,0,0,90,90,1555,6250,311,6561
2,139997,89,0,0,89,89,1573,4374,1,4375
2,139997,979,0,0,89,89,1573,1690,11,1701
2,139997,8099,0,0,89,89,1573,8192,1183,9375
2,139997,10769,0,0,89,89,1573,1352,363,1715
2,139997,26433,0,0,89,89,1573,512,2673,3185
2,139997,47971,0,0,89,89,1573,8,1617,1625
2,139997,47971,0,0,89,89,1573,16000,3773,19773
2,139997,64881,0,0,89,89,1573,88,2187,2275
2,139997,75383,0,0,89,89,1573,1350,847,2197
2,139997,118459,0,0,89,89,1573,294,1331,1625
2,140025,140025,0,0,75,75,1867,534,1867,2401
2,140040,17496,0,0,72,72,1945,77800,729,78529
2,140040,28008,0,0,72,72,1945,6750,389,7139
2,140040,140040,0,0,72,72,1945,242,1945,2187
2,140068,127756,0,0,76,76,1843,194,1681,1875
2,140175,89,0,0,89,89,1575,4374,1,4375
2,140175,89,0,0,89,89,1575,10368,7,10375
2,140175,89,0,0,89,89,1575,33614,1,33615
2,140175,623,0,0,89,89,1575,3200,49,3249
2,140184,25960,0,0,88,88,1593,7776,1475,9251
2,140184,74008,0,0,88,88,1593,6534,841,7375
2,140335,85,0,0,85,85,1651,6858,1,6859
2,140379,73,0,0,73,73,1923,4374,1,4375
2,140379,65043,0,0,73,73,1923,32,4455,4487
2,140400,80,0,0,80,80,1755,4374,1,4375
2,140400,720,0,0,80,80,1755,3200,63,3263
2,140400,2800,0,0,80,80,1755,6526,35,6561
2,140400,5040,0,0,80,80,1755,2008,189,2197
2,140400,7280,0,0,80,80,1755,8192,1183,9375
2,140400,140400,0,0,80,80,1755,8032,8775,16807
2,140438,86,0,0,86,86,1633,5750,1,5751
2,140438,2322,0,0,86,86,1633,5014,27,5041
2,140438,9374,0,0,86,86,1633,3266,109,3375
2,140466,82,0,0,82,82,1713,4374,1,4375
2,140505,87,0,0,87,87,1615,4374,1,4375
2,140505,609,0,0,87,87,1615,2048,77,2125
2,140505,609,0,0,87,87,1615,3200,49,3249
2,140505,609,0,0,87,87,1615,20570,7,20577
2,140505,957,0,0,87,87,1615,2250,11,2261
2,140505,1479,0,0,87,87,1615,11858,17,11875
2,140505,1479,0,0,87,87,1615,68590,17,68607
2,140505,1653,0,0,87,87,1615,6050,19,6069
2,140505,1653,0,0,87,87,1615,15606,19,15625
2,140505,1653,0,0,87,87,1615,36992,133,37125
2,140505,1827,0,0,87,87,1615,2312,63,2375
2,140505,4263,0,0,87,87,1615,2250,49,2299
2,140505,8613,0,0,87,87,1615,2432,693,3125
2,140505,11571,0,0,87,87,1615,3200,931,4131
2,140505,12789,0,0,87,87,1615,2584,441,3025
2,140505,15225,0,0,87,87,1615,5984,875,6859
2,140505,18183,0,0,87,87,1615,1666,209,1875
2,140505,21141,0,0,87,87,1615,1672,729,2401
2,140505,21315,0,0,87,87,1615,2662,245,2907
2,140505,25143,0,0,87,87,1615,2432,2023,4455
2,140505,27405,0,0,87,87,1615,4598,315,4913
2,140505,29841,0,0,87,87,1615,1782,343,2125
2,140505,29841,0,0,87,87,1615,1152,2401,3553
2,140505,31407,0,0,87,87,1615,6144,3971,10115
2,140505,35235,0,0,87,87,1615,32,2025,2057
2,140505,36975,0,0,87,87,1615,2662,425,3087
2,140505,46893,0,0,87,87,1615,4374,539,4913
2,140505,52635,0,0,87,87,1615,224,3025,3249
2,140505,54375,0,0,87,87,1615,512,5625,6137
2,140505,58725,0,0,87,87,1615,2888,2025,4913
2,140505,60291,0,0,87,87,1615,640,4851,5491
2,140505,63423,0,0,87,87,1615,2450,729,3179
2,140505,115797,0,0,87,87,1615,6250,1331,7581
2,140505,115797,0,0,87,87,1615,11552,6655,18207
2,140505,115797,0,0,87,87,1615,19494,1331,20825
2,140505,119625,0,0,87,87,1615,1026,1375,2401
2,140505,119799,0,0,87,87,1615,2744,4131,6875
2,140505,127281,0,0,87,87,1615,384,10241,10625
2,140525,77,0,0,77,77,1825,4374,1,4375
2,140525,5621,0,0,77,77,1825,2450,73,2523
2,140525,6237,0,0,77,77,1825,42632,243,42875
2,140525,9625,0,0,77,77,1825,4704,625,5329
2,140525,26411,0,0,77,77,1825,1682,343,2025
2,140525,26411,0,0,77,77,1825,9344,2401,11745
2,140525,45625,0,0,73,73,1925,32,3125,3157
2,140525,63875,0,0,73,73,1925,1312,4375,5687
2,140595,91,0,0,91,91,1545,1750,1,1751
2,140595,91,0,0,91,91,1545,4374,1,4375
2,140595,91,0,0,91,91,1545,59534,1,59535
2,140595,91,0,0,91,91,1545,65610,1,65611
2,140595,273,0,0,91,91,1545,2176,21,2197
2,140595,637,0,0,91,91,1545,3750,7,3757
2,140595,1183,0,0,91,91,1545,8330,13,8343
2,140595,2275,0,0,91,91,1545,9248,125,9373
2,140595,7735,0,0,91,91,1545,4374,85,4459
2,140595,8281,0,0,91,91,1545,8192,1183,9375
2,140595,10647,0,0,91,91,1545,1400,351,1751
2,140595,15379,0,0,91,91,1545,1854,169,2023
2,140595,20111,0,0,91,91,1545,640,1547,2187
2,140595,31213,0,0,91,91,1545,1854,343,2197
2,140595,40131,0,0,91,91,1545,6656,3969,10625
2,140595,46137,0,0,91,91,1545,3296,2535,5831
2,140595,84357,0,0,91,91,1545,2744,2781,5525
2,140595,121849,0,0,91,91,1545,686,1339,2025
2,140595,125307,0,0,91,91,1545,338,1377,1715
2,140616,72,0,0,72,72,1953,4374,1,4375
2,140616,216,0,0,72,72,1953,4802,3,4805
2,140616,360,0,0,72,72,1953,12152,15,12167
2,140616,504,0,0,72,72,1953,32798,7,32805
2,140616,1224,0,0,72,72,1953,2170,17,2187
2,140616,1224,0,0,72,72,1953,12150,17,12167
2,140616,5832,0,0,72,72,1953,5750,81,5831
2,140616,9720,0,0,72,72,1953,3968,945,4913
2,140616,17496,0,0,72,72,1953,8750,243,8993
2,140616,20088,0,0,72,72,1953,1288,837,2125
2,140616,88200,0,0,72,72,1953,384,8575,8959
2,140616,88200,0,0,72,72,1953,28566,1225,29791
2,140616,95256,0,0,72,72,1953,32,6615,6647
2,140616,122472,0,0,72,72,1953,17000,5103,22103
2,140616,135000,0,0,72,72,1953,3038,1875,4913
2,140679,539,0,0,77,77,1827,27848,21,27869
2,140679,73997,0,0,77,77,1827,8,2883,2891
2,140700,6804,0,0,84,84,1675,8192,1053,9245
2,140700,46956,0,0,84,84,1675,1250,559,1809
2,140700,50652,0,0,84,84,1675,40,1809,1849
2,140709,34875,0,0,93,93,1513,9826,375,10201
2,140822,814,0,0,74,74,1903,3114,11,3125
2,140828,28196,0,0,76,76,1853,128,2597,2725
2,140857,79,0,0,79,79,1783,4374,1,4375
2,140868,18396,0,0,84,84,1677,1978,219,2197
2,140895,34875,0,0,93,93,1515,3362,375,3737
2,140980,76,0,0,76,76,1855,2592,5,2597
2,140980,76,0,0,76,76,1855,4374,1,4375
2,140980,532,0,0,76,76,1855,5618,7,5625
2,140980,28196,0,0,76,76,1855,6190,371,6561
2,140980,78204,0,0,76,76,1855,8,3087,3095
2,140980,108756,0,0,76,76,1855,40,4293,4333
2,141015,79,0,0,79,79,1785,4374,1,4375
2,141036,92,0,0,92,92,1533,4374,1,4375
2,141036,7452,0,0,92,92,1533,42632,243,42875
2,141036,11500,0,0,92,92,1533,4704,625,5329
2,141064,88,0,0,88,88,1603,4374,1,4375
2,141064,7128,0,0,88,88,1603,5000,243,5243
2,141065,89,0,0,89,89,1585,7290,1,7291
2,141075,3675,0,0,75,75,1881,2152,147,2299
2,141075,18225,0,0,75,75,1881,1672,729,2401
2,141075,127575,0,0,75,75,1881,8,5103,5111
2,141109,53217,0,0,73,73,1933,77320,2187,79507
2,141183,81,0,0,81,81,1743,4374,1,4375
2,141183,81,0,0,81,81,1743,10368,7,10375
2,141183,81,0,0,81,81,1743,33614,1,33615
2,141183,19683,0,0,81,81,1743,34202,243,34445
2,141183,83349,0,0,81,81,1743,44672,7203,51875
2,141200,10800,0,0,80,80,1765,9728,1215,10943
2,141204,74844,0,0,84,84,1681,2048,9801,11849
2,141255,1971,0,0,73,73,1935,3698,27,3725
2,141255,3139,0,0,73,73,1935,15496,129,15625
2,141255,5913,0,0,73,73,1935,8192,1053,9245
2,141255,23725,0,0,73,73,1935,3698,325,4023
2,141255,97893,0,0,73,73,1935,1352,4023,5375
2,141255,134977,0,0,73,73,1935,338,1849,2187
2,141266,222,0,0,74,74,1909,2392,9,2401
2,141266,17982,0,0,74,74,1909,2158,243,2401
2,141266,87542,0,0,74,74,1909,1058,1183,2241
2,141282,94,0,0,94,94,1503,4374,1,4375
2,141331,141331,0,0,79,79,1789,398,1789,2187
2,141336,36504,0,0,72,72,1963,77312,4563,81875
2,141349,22825,0,0,83,83,1703,1922,275,2197
2,141360,2480,0,0,80,80,1767,2318,31,2349
2,141372,84,0,0,84,84,1683,34374,1,34375
2,141372,20412,0,0,84,84,1683,5000,729,5729
2,141372,34020,0,0,84,84,1683,32,2025,2057
2,141375,75,0,0,75,75,1885,4896,5,4901
2,141375,225,0,0,75,75,1885,6250,3,6253
2,141375,2925,0,0,75,75,1885,6728,117,6845
2,141375,3825,0,0,75,75,1885,2146,51,2197
2,141375,10125,0,0,75,75,1885,2738,135,2873
2,141375,63075,0,0,75,75,1885,8192,10933,19125
2,141375,69375,0,0,75,75,1885,288,4625,4913
2,141375,102675,0,0,75,75,1885,7250,1369,8619
2,141375,102675,0,0,75,75,1885,8704,12321,21025
2,141375,108225,0,0,75,75,1885,1682,1443,3125
2,141375,140625,0,0,75,75,1885,48778,1875,50653
2,141414,78,0,0,78,78,1813,4374,1,4375
2,141414,858,0,0,78,78,1813,9250,11,9261
2,141414,106782,0,0,78,78,1813,83006,1369,84375
2,141450,82,0,0,82,82,1725,64000,9,64009
2,141450,82,0,0,82,82,1725,71874,1,71875
2,141450,1886,0,0,82,82,1725,19602,23,19625
2,141470,86,0,0,86,86,1645,4374,1,4375
2,141470,4042,0,0,86,86,1645,1952,235,2187
2,141470,21070,0,0,86,86,1645,1152,1715,2867
2,141470,48762,0,0,86,86,1645,32,2835,2867
2,141470,58050,0,0,86,86,1645,376,2025,2401
2,141470,62694,0,0,86,86,1645,24064,6561,30625
2,141480,72,0,0,72,72,1965,4374,1,4375
2,141480,24696,0,0,72,72,1965,128,2401,2529
2,141503,71,0,0,71,71,1993,4374,1,4375
2,141503,497,0,0,71,71,1993,3200,49,3249
2,141505,28301,0,0,91,91,1555,6250,311,6561
2,141515,83,0,0,83,83,1705,3750,1,3751
2,141515,747,0,0,83,83,1705,6250,9,6259
2,141570,78,0,0,78,78,1815,64000,9,64009
2,141570,78,0,0,78,78,1815,71874,1,71875
2,141570,90,0,0,90,90,1573,4374,1,4375
2,141570,858,0,0,78,78,1815,3634,11,3645
2,141570,990,0,0,90,90,1573,1690,11,1701
2,141570,8190,0,0,90,90,1573,8192,1183,9375
2,141570,9750,0,0,78,78,1815,1738,125,1863
2,141570,10890,0,0,90,90,1573,1352,363,1715
2,141570,18486,0,0,78,78,1815,512,2133,2645
2,141570,26730,0,0,90,90,1573,512,2673,3185
2,141570,28314,0,0,78,78,1815,14536,1089,15625
2,141570,48510,0,0,90,90,1573,8,1617,1625
2,141570,48510,0,0,90,90,1573,16000,3773,19773
2,141570,52650,0,0,78,78,1815,5566,675,6241
2,141570,65610,0,0,90,90,1573,88,2187,2275
2,141570,76230,0,0,90,90,1573,1350,847,2197
2,141570,119790,0,0,90,90,1573,294,1331,1625
2,141603,56133,0,0,77,77,1839,2104,2187,4291
2,141645,71,0,0,71,71,1995,4374,1,4375
2,141645,497,0,0,71,71,1995,3200,49,3249
2,141669,72171,0,0,81,81,1749,136,2673,2809
2,141680,1840,0,0,80,80,1771,23814,23,23837
2,141750,90,0,0,90,90,1575,4374,1,4375
2,141750,90,0,0,90,90,1575,10368,7,10375
2,141750,90,0,0,90,90,1575,33614,1,33615
2,141750,630,0,0,90,90,1575,3200,49,3249
2,141777,26255,0,0,89,89,1593,7776,1475,9251
2,141777,74849,0,0,89,89,1593,6534,841,7375
2,141892,141892,0,0,76,76,1867,534,1867,2401
2,141911,129437,0,0,77,77,1843,194,1681,1875
2,141985,17739,0,0,73,73,1945,77800,729,78529
2,141985,28397,0,0,73,73,1945,6750,389,7139
2,141985,141985,0,0,73,73,1945,242,1945,2187
2,141986,86,0,0,86,86,1651,6858,1,6859
2,142071,87,0,0,87,87,1633,5750,1,5751
2,142071,2349,0,0,87,87,1633,5014,27,5041
2,142071,9483,0,0,87,87,1633,3266,109,3375
2,142120,88,0,0,88,88,1615,4374,1,4375
2,142120,616,0,0,88,88,1615,2048,77,2125
2,142120,616,0,0,88,88,1615,3200,49,3249
2,142120,616,0,0,88,88,1615,20570,7,20577
2,142120,968,0,0,88,88,1615,2250,11,2261
2,142120,1496,0,0,88,88,1615,11858,17,11875
2,142120,1496,0,0,88,88,1615,68590,17,68607
2,142120,1672,0,0,88,88,1615,6050,19,6069
2,142120,1672,0,0,88,88,1615,15606,19,15625
2,142120,1672,0,0,88,88,1615,36992,133,37125
2,142120,1848,0,0,88,88,1615,2312,63,2375
2,142120,4312,0,0,88,88,1615,2250,49,2299
2,142120,8712,0,0,88,88,1615,2432,693,3125
2,142120,11704,0,0,88,88,1615,3200,931,4131
2,142120,12936,0,0,88,88,1615,2584,441,3025
2,142120,15400,0,0,88,88,1615,5984,875,6859
2,142120,18392,0,0,88,88,1615,1666,209,1875
2,142120,21384,0,0,88,88,1615,1672,729,2401
2,142120,21560,0,0,88,88,1615,2662,245,2907
2,142120,25432,0,0,88,88,1615,2432,2023,4455
2,142120,27720,0,0,88,88,1615,4598,315,4913
2,142120,30184,0,0,88,88,1615,1782,343,2125
2,142120,30184,0,0,88,88,1615,1152,2401,3553
2,142120,31768,0,0,88,88,1615,6144,3971,10115
2,142120,35640,0,0,88,88,1615,32,2025,2057
2,142120,37400,0,0,88,88,1615,2662,425,3087
2,142120,47432,0,0,88,88,1615,4374,539,4913
2,142120,53240,0,0,88,88,1615,224,3025,3249
2,142120,55000,0,0,88,88,1615,512,5625,6137
2,142120,59400,0,0,88,88,1615,2888,2025,4913
2,142120,60984,0,0,88,88,1615,640,4851,5491
2,142120,64152,0,0,88,88,1615,2450,729,3179
2,142120,117128,0,0,88,88,1615,6250,1331,7581
2,142120,117128,0,0,88,88,1615,11552,6655,18207
2,142120,117128,0,0,88,88,1615,19494,1331,20825
2,142120,121000,0,0,88,88,1615,1026,1375,2401
2,142120,121176,0,0,88,88,1615,2744,4131,6875
2,142120,128744,0,0,88,88,1615,384,10241,10625
2,142140,92,0,0,92,92,1545,1750,1,1751
2,142140,92,0,0,92,92,1545,4374,1,4375
2,142140,92,0,0,92,92,1545,59534,1,59535
2,142140,92,0,0,92,92,1545,65610,1,65611
2,142140,276,0,0,92,92,1545,2176,21,2197
2,142140,644,0,0,92,92,1545,3750,7,3757
2,142140,1196,0,0,92,92,1545,8330,13,8343
2,142140,2300,0,0,92,92,1545,9248,125,9373
2,142140,7820,0,0,92,92,1545,4374,85,4459
2,142140,8372,0,0,92,92,1545,8192,1183,9375
2,142140,10764,0,0,92,92,1545,1400,351,1751
2,142140,15548,0,0,92,92,1545,1854,169,2023
2,142140,20332,0,0,92,92,1545,640,1547,2187
2,142140,31556,0,0,92,92,1545,1854,343,2197
2,142140,40572,0,0,92,92,1545,6656,3969,10625
2,142140,46644,0,0,92,92,1545,3296,2535,5831
2,142140,85284,0,0,92,92,1545,2744,2781,5525
2,142140,123188,0,0,92,92,1545,686,1339,2025
2,142140,126684,0,0,92,92,1545,338,1377,1715
2,142155,81,0,0,81,81,1755,4374,1,4375
2,142155,729,0,0,81,81,1755,3200,63,3263
2,142155,2835,0,0,81,81,1755,6526,35,6561
2,142155,5103,0,0,81,81,1755,2008,189,2197
2,142155,7371,0,0,81,81,1755,8192,1183,9375
2,142155,142155,0,0,81,81,1755,8032,8775,16807
2,142179,83,0,0,83,83,1713,4374,1,4375
2,142222,35250,0,0,94,94,1513,9826,375,10201
2,142302,74,0,0,74,74,1923,4374,1,4375
2,142302,65934,0,0,74,74,1923,32,4455,4487
2,142350,78,0,0,78,78,1825,4374,1,4375
2,142350,5694,0,0,78,78,1825,2450,73,2523
2,142350,6318,0,0,78,78,1825,42632,243,42875
2,142350,9750,0,0,78,78,1825,4704,625,5329
2,142350,26754,0,0,78,78,1825,1682,343,2025
2,142350,26754,0,0,78,78,1825,9344,2401,11745
2,142375,6885,0,0,85,85,1675,8192,1053,9245
2,142375,47515,0,0,85,85,1675,1250,559,1809
2,142375,51255,0,0,85,85,1675,40,1809,1849
2,142410,35250,0,0,94,94,1515,3362,375,3737
2,142450,46250,0,0,74,74,1925,32,3125,3157
2,142450,64750,0,0,74,74,1925,1312,4375,5687
2,142506,546,0,0,78,78,1827,27848,21,27869
2,142506,74958,0,0,78,78,1827,8,2883,2891
2,142545,18615,0,0,85,85,1677,1978,219,2197
2,142569,73,0,0,73,73,1953,4374,1,4375
2,142569,93,0,0,93,93,1533,4374,1,4375
2,142569,219,0,0,73,73,1953,4802,3,4805
2,142569,365,0,0,73,73,1953,12152,15,12167
2,142569,511,0,0,73,73,1953,32798,7,32805
2,142569,1241,0,0,73,73,1953,2170,17,2187
2,142569,1241,0,0,73,73,1953,12150,17,12167
2,142569,5913,0,0,73,73,1953,5750,81,5831
2,142569,7533,0,0,93,93,1533,42632,243,42875
2,142569,9855,0,0,73,73,1953,3968,945,4913
2,142569,11625,0,0,93,93,1533,4704,625,5329
2,142569,17739,0,0,73,73,1953,8750,243,8993
2,142569,20367,0,0,73,73,1953,1288,837,2125
2,142569,89425,0,0,73,73,1953,384,8575,8959
2,142569,89425,0,0,73,73,1953,28566,1225,29791
2,142569,96579,0,0,73,73,1953,32,6615,6647
2,142569,124173,0,0,73,73,1953,17000,5103,22103
2,142569,136875,0,0,73,73,1953,3038,1875,4913
2,142640,80,0,0,80,80,1783,4374,1,4375
2,142650,90,0,0,90,90,1585,7290,1,7291
2,142667,89,0,0,89,89,1603,4374,1,4375
2,142667,7209,0,0,89,89,1603,5000,243,5243
2,142681,28567,0,0,77,77,1853,128,2597,2725
2,142725,825,0,0,75,75,1903,3114,11,3125
2,142785,95,0,0,95,95,1503,4374,1,4375
2,142800,80,0,0,80,80,1785,4374,1,4375
2,142835,77,0,0,77,77,1855,2592,5,2597
2,142835,77,0,0,77,77,1855,4374,1,4375
2,142835,539,0,0,77,77,1855,5618,7,5625
2,142835,28567,0,0,77,77,1855,6190,371,6561
2,142835,79233,0,0,77,77,1855,8,3087,3095
2,142835,110187,0,0,77,77,1855,40,4293,4333
2,142885,75735,0,0,85,85,1681,2048,9801,11849
2,142926,82,0,0,82,82,1743,4374,1,4375
2,142926,82,0,0,82,82,1743,10368,7,10375
2,142926,82,0,0,82,82,1743,33614,1,33615
2,142926,19926,0,0,82,82,1743,34202,243,34445
2,142926,84378,0,0,82,82,1743,44672,7203,51875
2,142956,3724,0,0,76,76,1881,2152,147,2299
2,142956,18468,0,0,76,76,1881,1672,729,2401
2,142956,129276,0,0,76,76,1881,8,5103,5111
2,142965,10935,0,0,81,81,1765,9728,1215,10943
2,143042,53946,0,0,74,74,1933,77320,2187,79507
2,143052,23100,0,0,84,84,1703,1922,275,2197
2,143055,85,0,0,85,85,1683,34374,1,34375
2,143055,20655,0,0,85,85,1683,5000,729,5729
2,143055,34425,0,0,85,85,1683,32,2025,2057
2,143060,28612,0,0,92,92,1555,6250,311,6561
2,143115,87,0,0,87,87,1645,4374,1,4375
2,143115,4089,0,0,87,87,1645,1952,235,2187
2,143115,21315,0,0,87,87,1645,1152,1715,2867
2,143115,49329,0,0,87,87,1645,32,2835,2867
2,143115,58725,0,0,87,87,1645,376,2025,2401
2,143115,63423,0,0,87,87,1645,24064,6561,30625
2,143120,143120,0,0,80,80,1789,398,1789,2187
2,143127,2511,0,0,81,81,1767,2318,31,2349
2,143143,91,0,0,91,91,1573,4374,1,4375
2,143143,1001,0,0,91,91,1573,1690,11,1701
2,143143,8281,0,0,91,91,1573,8192,1183,9375
2,143143,11011,0,0,91,91,1573,1352,363,1715
2,143143,27027,0,0,91,91,1573,512,2673,3185
2,143143,49049,0,0,91,91,1573,8,1617,1625
2,143143,49049,0,0,91,91,1573,16000,3773,19773
2,143143,66339,0,0,91,91,1573,88,2187,2275
2,143143,77077,0,0,91,91,1573,1350,847,2197
2,143143,121121,0,0,91,91,1573,294,1331,1625
2,143175,83,0,0,83,83,1725,64000,9,64009
2,143175,83,0,0,83,83,1725,71874,1,71875
2,143175,225,0,0,75,75,1909,2392,9,2401
2,143175,1909,0,0,83,83,1725,19602,23,19625
2,143175,18225,0,0,75,75,1909,2158,243,2401
2,143175,88725,0,0,75,75,1909,1058,1183,2241
2,143190,1998,0,0,74,74,1935,3698,27,3725
2,143190,3182,0,0,74,74,1935,15496,129,15625
2,143190,5994,0,0,74,74,1935,8192,1053,9245
2,143190,24050,0,0,74,74,1935,3698,325,4023
2,143190,99234,0,0,74,74,1935,1352,4023,5375
2,143190,136826,0,0,74,74,1935,338,1849,2187
2,143220,84,0,0,84,84,1705,3750,1,3751
2,143220,756,0,0,84,84,1705,6250,9,6259
2,143227,79,0,0,79,79,1813,4374,1,4375
2,143227,869,0,0,79,79,1813,9250,11,9261
2,143227,108151,0,0,79,79,1813,83006,1369,84375
2,143260,76,0,0,76,76,1885,4896,5,4901
2,143260,228,0,0,76,76,1885,6250,3,6253
2,143260,2964,0,0,76,76,1885,6728,117,6845
2,143260,3876,0,0,76,76,1885,2146,51,2197
2,143260,10260,0,0,76,76,1885,2738,135,2873
2,143260,63916,0,0,76,76,1885,8192,10933,19125
2,143260,70300,0,0,76,76,1885,288,4625,4913
2,143260,104044,0,0,76,76,1885,7250,1369,8619
2,143260,104044,0,0,76,76,1885,8704,12321,21025
2,143260,109668,0,0,76,76,1885,1682,1443,3125
2,143260,142500,0,0,76,76,1885,48778,1875,50653
2,143299,37011,0,0,73,73,1963,77312,4563,81875
2,143325,91,0,0,91,91,1575,4374,1,4375
2,143325,91,0,0,91,91,1575,10368,7,10375
2,143325,91,0,0,91,91,1575,33614,1,33615
2,143325,637,0,0,91,91,1575,3200,49,3249
2,143370,26550,0,0,90,90,1593,7776,1475,9251
2,143370,75690,0,0,90,90,1593,6534,841,7375
2,143385,79,0,0,79,79,1815,64000,9,64009
2,143385,79,0,0,79,79,1815,71874,1,71875
2,143385,869,0,0,79,79,1815,3634,11,3645
2,143385,9875,0,0,79,79,1815,1738,125,1863
2,143385,18723,0,0,79,79,1815,512,2133,2645
2,143385,28677,0,0,79,79,1815,14536,1089,15625
2,143385,53325,0,0,79,79,1815,5566,675,6241
2,143418,73062,0,0,82,82,1749,136,2673,2809
2,143442,56862,0,0,78,78,1839,2104,2187,4291
2,143445,73,0,0,73,73,1965,4374,1,4375
2,143445,25039,0,0,73,73,1965,128,2401,2529
2,143451,1863,0,0,81,81,1771,23814,23,23837
2,143496,72,0,0,72,72,1993,4374,1,4375
2,143496,504,0,0,72,72,1993,3200,49,3249
2,143637,87,0,0,87,87,1651,6858,1,6859
2,143640,72,0,0,72,72,1995,4374,1,4375
2,143640,504,0,0,72,72,1995,3200,49,3249
2,143685,93,0,0,93,93,1545,1750,1,1751
2,143685,93,0,0,93,93,1545,4374,1,4375
2,143685,93,0,0,93,93,1545,59534,1,59535
2,143685,93,0,0,93,93,1545,65610,1,65611
2,143685,279,0,0,93,93,1545,2176,21,2197
2,143685,651,0,0,93,93,1545,3750,7,3757
2,143685,1209,0,0,93,93,1545,8330,13,8343
2,143685,2325,0,0,93,93,1545,9248,125,9373
2,143685,7905,0,0,93,93,1545,4374,85,4459
2,143685,8463,0,0,93,93,1545,8192,1183,9375
2,143685,10881,0,0,93,93,1545,1400,351,1751
2,143685,15717,0,0,93,93,1545,1854,169,2023
2,143685,20553,0,0,93,93,1545,640,1547,2187
2,143685,31899,0,0,93,93,1545,1854,343,2197
2,143685,41013,0,0,93,93,1545,6656,3969,10625
2,143685,47151,0,0,93,93,1545,3296,2535,5831
2,143685,86211,0,0,93,93,1545,2744,2781,5525
2,143685,124527,0,0,93,93,1545,686,1339,2025
2,143685,128061,0,0,93,93,1545,338,1377,1715
2,143704,88,0,0,88,88,1633,5750,1,5751
2,143704,2376,0,0,88,88,1633,5014,27,5041
2,143704,9592,0,0,88,88,1633,3266,109,3375
2,143735,89,0,0,89,89,1615,4374,1,4375
2,143735,623,0,0,89,89,1615,2048,77,2125
2,143735,623,0,0,89,89,1615,3200,49,3249
2,143735,623,0,0,89,89,1615,20570,7,20577
2,143735,979,0,0,89,89,1615,2250,11,2261
2,143735,1513,0,0,89,89,1615,11858,17,11875
2,143735,1513,0,0,89,89,1615,68590,17,68607
2,143735,1691,0,0,89,89,1615,6050,19,6069
2,143735,1691,0,0,89,89,1615,15606,19,15625
2,143735,1691,0,0,89,89,1615,36992,133,37125
2,143735,1869,0,0,89,89,1615,2312,63,2375
2,143735,4361,0,0,89,89,1615,2250,49,2299
2,143735,8811,0,0,89,89,1615,2432,693,3125
2,143735,11837,0,0,89,89,1615,3200,931,4131
2,143735,13083,0,0,89,89,1615,2584,441,3025
2,143735,15575,0,0,89,89,1615,5984,875,6859
2,143735,18601,0,0,89,89,1615,1666,209,1875
2,143735,21627,0,0,89,89,1615,1672,729,2401
2,143735,21805,0,0,89,89,1615,2662,245,2907
2,143735,25721,0,0,89,89,1615,2432,2023,4455
2,143735,28035,0,0,89,89,1615,4598,315,4913
2,143735,30527,0,0,89,89,1615,1782,343,2125
2,143735,30527,0,0,89,89,1615,1152,2401,3553
2,143735,32129,0,0,89,89,1615,6144,3971,10115
2,143735,35625,0,0,95,95,1513,9826,375,10201
2,143735,36045,0,0,89,89,1615,32,2025,2057
2,143735,37825,0,0,89,89,1615,2662,425,3087
2,143735,47971,0,0,89,89,1615,4374,539,4913
2,143735,53845,0,0,89,89,1615,224,3025,3249
2,143735,55625,0,0,89,89,1615,512,5625,6137
2,143735,60075,0,0,89,89,1615,2888,2025,4913
2,143735,61677,0,0,89,89,1615,640,4851,5491
2,143735,64881,0,0,89,89,1615,2450,729,3179
2,143735,118459,0,0,89,89,1615,6250,1331,7581
2,143735,118459,0,0,89,89,1615,11552,6655,18207
2,143735,118459,0,0,89,89,1615,19494,1331,20825
2,143735,122375,0,0,89,89,1615,1026,1375,2401
2,143735,122553,0,0,89,89,1615,2744,4131,6875
2,143735,130207,0,0,89,89,1615,384,10241,10625
2,143754,131118,0,0,78,78,1843,194,1681,1875
2,143759,143759,0,0,77,77,1867,534,1867,2401
