U,d,sigma1,sigma2,sigma3,r,t,e,a,b,n
2,9513,121,0,0,1,1,9513,12110,121,12231
2,9513,125,0,0,1,1,9513,22176,625,22801
2,9513,151,0,0,4,1,9513,20480,453,20933
2,9513,173,0,0,1,1,9513,43750,173,43923
2,9513,343,0,0,1,1,9513,10240,3773,14013
2,9513,4671,0,0,1,1,9513,59192,14013,73205
2,9523,89,0,0,2,1,9523,13500,89,13589
2,9523,9523,0,0,4,1,9523,10160,9523,19683
2,9525,1,0,0,8,1,9525,16128,1,16129
2,9553,3,0,0,1,1,9553,196882,3,196885
2,9553,117,0,0,1,1,9553,11650,117,11767
2,9553,343,0,0,1,1,9553,28782,343,29125
2,9553,567,0,0,1,1,9553,76424,1701,78125
2,9553,4225,0,0,1,1,9553,12582,4225,16807
2,9553,5825,0,0,1,1,9553,13858,5825,19683
2,9555,625,0,0,1,1,9555,57342,625,57967
2,9555,2375,0,0,1,1,9555,32,11875,11907
2,9555,2401,0,0,1,1,9555,3200,16807,20007
2,9555,6859,0,0,1,1,9555,8450,6859,15309
2,9568,2,0,0,2,1,9568,64000,9,64009
2,9568,4,0,0,4,1,9568,64000,9,64009
2,9579,1,0,0,1,1,9579,12462,1,12463
2,9583,71,0,0,1,1,9583,12250,71,12321
2,9583,243,0,0,1,1,9583,50410,243,50653
2,9591,23,0,0,2,1,9591,11236,23,11259
2,9591,8427,0,0,1,1,9591,24334,8427,32761
2,9593,181,0,0,4,1,9593,44944,181,45125
2,9595,125,0,0,1,1,9595,32768,1875,34643
2,9595,175,0,0,1,1,9595,20402,175,20577
2,9595,457,0,0,1,1,9595,13718,457,14175
2,9595,2375,0,0,1,1,9595,32,11875,11907
2,9603,5,0,0,1,1,9603,140454,5,140459
2,9603,9,0,0,1,1,9603,22600,27,22627
2,9603,97,0,0,1,1,9603,12800,873,13673
2,9603,485,0,0,1,1,9603,32544,2425,34969
2,9603,3375,0,0,1,1,9603,29282,3375,32657
2,9618,3206,0,0,4,1,9618,10816,4809,15625
2,9625,7,0,0,1,1,9625,16038,7,16045
2,9630,1070,0,0,2,1,9630,76832,2675,79507
2,9630,2140,0,0,4,1,9630,76832,2675,79507
2,9633,205,0,0,1,1,9633,19552,1025,20577
2,9633,675,0,0,1,1,9633,8192,8775,16967
2,9633,1927,0,0,1,1,9633,57122,1927,59049
2,9633,3125,0,0,1,1,9633,5408,15625,21033
2,9655,1875,0,0,1,1,9655,48778,1875,50653
2,9658,2,0,0,2,1,9658,64000,9,64009
2,9658,4,0,0,4,1,9658,64000,9,64009
2,9658,878,0,0,4,1,9658,50176,2195,52371
2,9658,1756,0,0,8,1,9658,50176,2195,52371
2,9673,569,0,0,4,1,9673,58480,569,59049
2,9693,1,0,0,1,1,9693,44874,1,44875
2,9699,1,0,0,1,1,9699,23762,1,23763
2,9705,1,0,0,1,1,9705,157216,5,157221
2,9709,19,0,0,1,1,9709,13778,19,13797
2,9709,73,0,0,1,1,9709,13778,73,13851
2,9709,219,0,0,1,1,9709,8192,2847,11039
2,9709,4459,0,0,1,1,9709,13718,4459,18177
2,9709,8379,0,0,1,1,9709,10624,58653,69277
2,9711,1089,0,0,1,1,9711,2048,11979,14027
2,9715,27,0,0,1,1,9715,15544,81,15625
2,9715,29,0,0,2,1,9715,25596,29,25625
2,9723,1,0,0,2,1,9723,12500,1,12501
2,9735,1,0,0,1,1,9735,16874,1,16875
2,9735,1,0,0,1,1,9735,297674,1,297675
2,9735,1,0,0,4,1,9735,26000,1,26001
2,9735,5,0,0,2,1,9735,28556,5,28561
2,9735,11,0,0,4,1,9735,18928,11,18939
2,9735,13,0,0,1,1,9735,151250,13,151263
2,9735,49,0,0,1,1,9735,12626,49,12675
2,9735,59,0,0,1,1,9735,156006,59,156065
2,9735,125,0,0,1,1,9735,25894,125,26019
2,9735,125,0,0,1,1,9735,79768,375,80143
2,9735,135,0,0,1,1,9735,13696,945,14641
2,9735,295,0,0,1,1,9735,11154,295,11449
2,9735,321,0,0,1,1,9735,32768,4815,37583
2,9735,343,0,0,1,1,9735,11232,1715,12947
2,9735,405,0,0,1,1,9735,91592,1215,92807
2,9735,405,0,0,1,1,9735,204974,405,205379
2,9735,539,0,0,1,1,9735,16000,3773,19773
2,9735,649,0,0,4,1,9735,10800,649,11449
2,9735,649,0,0,4,1,9735,104976,649,105625
2,9735,845,0,0,1,1,9735,27104,4225,31329
2,9735,963,0,0,1,1,9735,30250,963,31213
2,9735,2197,0,0,1,1,9735,2048,24167,26215
2,9735,2835,0,0,1,1,9735,6136,8505,14641
2,9735,2889,0,0,1,1,9735,2560,26001,28561
2,9735,3159,0,0,1,1,9735,114490,3159,117649
2,9735,3531,0,0,1,1,9735,392,10593,10985
2,9735,3993,0,0,1,1,9735,161896,11979,173875
2,9735,5445,0,0,1,1,9735,472,16335,16807
2,9735,7139,0,0,1,1,9735,19208,21417,40625
2,9735,7375,0,0,1,1,9735,21186,7375,28561
2,9735,8019,0,0,1,1,9735,3430,8019,11449
2,9763,7,0,0,1,1,9763,78104,21,78125
2,9763,243,0,0,1,1,9763,12250,243,12493
2,9763,343,0,0,1,1,9763,12150,343,12493
2,9763,751,0,0,1,1,9763,10368,5257,15625
2,9763,1519,0,0,1,1,9763,4992,10633,15625
2,9763,6591,0,0,1,1,9763,8192,85683,93875
2,9763,9763,0,0,1,1,9763,31250,9763,41013
2,9775,17,0,0,1,1,9775,12150,17,12167
2,9777,1,0,0,8,1,9777,16128,1,16129
2,9777,49,0,0,1,1,9777,29282,49,29331
2,9777,5103,0,0,1,1,9777,128,35721,35849
2,9777,6223,0,0,1,1,9777,15488,43561,59049
2,9783,6859,0,0,1,1,9783,3750,6859,10609
2,9793,1399,0,0,2,1,9793,18284,1399,19683
2,9795,485,0,0,1,1,9795,7776,2425,10201
2,9805,2809,0,0,1,1,9805,55566,2809,58375
2,9821,2303,0,0,1,1,9821,128018,2303,130321
2,9823,47,0,0,1,1,9823,50578,47,50625
2,9823,3971,0,0,1,1,9823,7074,3971,11045
2,9823,5875,0,0,1,1,9823,11286,5875,17161
2,9835,1,0,0,1,1,9835,175616,9,175625
2,9835,5103,0,0,1,1,9835,139904,35721,175625
2,9841,1,0,0,1,1,9841,19682,1,19683
2,9843,5,0,0,1,1,9843,23328,25,23353
2,9843,4833,0,0,1,1,9843,167042,4833,171875
2,9843,4913,0,0,1,1,9843,48250,4913,53163
2,9858,2,0,0,2,1,9858,22472,3,22475
2,9865,1,0,0,1,1,9865,64000,9,64009
2,9865,1,0,0,1,1,9865,71874,1,71875
2,9865,75,0,0,1,1,9865,16928,375,17303
2,9865,1973,0,0,4,1,9865,35152,1973,37125
2,9865,5919,0,0,1,1,9865,25000,17757,42757
2,9867,1521,0,0,1,1,9867,5632,13689,19321
2,9889,29,0,0,1,1,9889,10368,203,10571
2,9889,31,0,0,1,1,9889,49298,31,49329
2,9889,899,0,0,2,1,9889,21952,2697,24649
2,9889,1089,0,0,1,1,9889,14848,9801,24649
2,9889,1519,0,0,1,1,9889,13122,1519,14641
2,9889,1727,0,0,1,1,9889,19208,5181,24389
2,9889,6561,0,0,1,1,9889,6728,19683,26411
2,9903,343,0,0,1,1,9903,15282,343,15625
2,9909,2809,0,0,1,1,9909,19818,2809,22627
2,9918,38,0,0,4,1,9918,29696,95,29791
2,9918,76,0,0,8,1,9918,29696,95,29791
2,9933,9,0,0,1,1,9933,79480,27,79507
2,9933,473,0,0,1,1,9933,92160,5203,97363
2,9933,3375,0,0,1,1,9933,3784,10125,13909
2,9933,5961,0,0,1,1,9933,3584,53649,57233
2,9933,5961,0,0,1,1,9933,64000,53649,117649
2,9933,6561,0,0,1,1,9933,3974,6561,10535
2,9933,9245,0,0,1,1,9933,2662,9245,11907
2,9943,2119,0,0,1,1,9943,29768,6357,36125
2,9943,4913,0,0,1,1,9943,6250,4913,11163
2,9945,1,0,0,2,1,9945,31212,1,31213
2,9945,1,0,0,4,1,9945,28560,1,28561
2,9945,3,0,0,1,1,9945,14848,27,14875
2,9945,9,0,0,1,1,9945,21866,9,21875
2,9945,45,0,0,1,1,9945,16762,45,16807
2,9945,63,0,0,1,1,9945,48778,63,48841
2,9945,441,0,0,1,1,9945,6656,3969,10625
2,9945,625,0,0,1,1,9945,21866,625,22491
2,9945,663,0,0,2,1,9945,16384,4641,21025
2,9945,783,0,0,1,1,9945,35000,2349,37349
2,9945,833,0,0,1,1,9945,18850,833,19683
2,9945,841,0,0,1,1,9945,8192,10933,19125
2,9945,2187,0,0,1,1,9945,21970,2187,24157
2,9945,3625,0,0,1,1,9945,13182,3625,16807
2,9945,3757,0,0,1,1,9945,13050,3757,16807
2,9945,5525,0,0,1,1,9945,232,16575,16807
2,9945,6075,0,0,1,1,9945,22984,18225,41209
2,9973,7,0,0,1,1,9973,249318,7,249325
2,9973,2375,0,0,1,1,9973,32,11875,11907
2,9975,3,0,0,4,1,9975,109744,3,109747
2,9975,5,0,0,1,1,9975,184832,45,184877
2,9975,2375,0,0,1,1,9975,32,11875,11907
2,9975,6349,0,0,1,1,9975,2432,44443,46875
2,9975,6875,0,0,1,1,9975,11552,34375,45927
2,19026,242,0,0,2,2,9513,12110,121,12231
2,19026,250,0,0,2,2,9513,22176,625,22801
2,19026,302,0,0,8,2,9513,20480,453,20933
2,19026,346,0,0,2,2,9513,43750,173,43923
2,19026,686,0,0,2,2,9513,10240,3773,14013
2,19026,9342,0,0,2,2,9513,59192,14013,73205
2,19046,178,0,0,4,2,9523,13500,89,13589
2,19046,19046,0,0,8,2,9523,10160,9523,19683
2,19050,2,0,0,16,2,9525,16128,1,16129
2,19106,6,0,0,2,2,9553,196882,3,196885
2,19106,234,0,0,2,2,9553,11650,117,11767
2,19106,686,0,0,2,2,9553,28782,343,29125
2,19106,1134,0,0,2,2,9553,76424,1701,78125
2,19106,8450,0,0,2,2,9553,12582,4225,16807
2,19106,11650,0,0,2,2,9553,13858,5825,19683
2,19110,1250,0,0,2,2,9555,57342,625,57967
2,19110,4750,0,0,2,2,9555,32,11875,11907
2,19110,4802,0,0,2,2,9555,3200,16807,20007
2,19110,13718,0,0,2,2,9555,8450,6859,15309
2,19136,4,0,0,4,2,9568,64000,9,64009
2,19136,8,0,0,8,2,9568,64000,9,64009
2,19158,2,0,0,2,2,9579,12462,1,12463
2,19166,142,0,0,2,2,9583,12250,71,12321
2,19166,486,0,0,2,2,9583,50410,243,50653
2,19182,46,0,0,4,2,9591,11236,23,11259
2,19182,16854,0,0,2,2,9591,24334,8427,32761
2,19186,362,0,0,8,2,9593,44944,181,45125
2,19190,250,0,0,2,2,9595,32768,1875,34643
2,19190,350,0,0,2,2,9595,20402,175,20577
2,19190,914,0,0,2,2,9595,13718,457,14175
2,19190,4750,0,0,2,2,9595,32,11875,11907
2,19206,10,0,0,2,2,9603,140454,5,140459
2,19206,18,0,0,2,2,9603,22600,27,22627
2,19206,194,0,0,2,2,9603,12800,873,13673
2,19206,970,0,0,2,2,9603,32544,2425,34969
2,19206,6750,0,0,2,2,9603,29282,3375,32657
2,19236,6412,0,0,8,2,9618,10816,4809,15625
2,19250,14,0,0,2,2,9625,16038,7,16045
2,19260,2140,0,0,4,2,9630,76832,2675,79507
2,19260,4280,0,0,8,2,9630,76832,2675,79507
2,19266,410,0,0,2,2,9633,19552,1025,20577
2,19266,1350,0,0,2,2,9633,8192,8775,16967
2,19266,3854,0,0,2,2,9633,57122,1927,59049
2,19266,6250,0,0,2,2,9633,5408,15625,21033
2,19310,3750,0,0,2,2,9655,48778,1875,50653
2,19316,4,0,0,4,2,9658,64000,9,64009
2,19316,8,0,0,8,2,9658,64000,9,64009
2,19316,1756,0,0,8,2,9658,50176,2195,52371
2,19316,3512,0,0,16,2,9658,50176,2195,52371
2,19346,1138,0,0,8,2,9673,58480,569,59049
2,19386,2,0,0,2,2,9693,44874,1,44875
2,19398,2,0,0,2,2,9699,23762,1,23763
2,19410,2,0,0,2,2,9705,157216,5,157221
2,19418,38,0,0,2,2,9709,13778,19,13797
2,19418,146,0,0,2,2,9709,13778,73,13851
2,19418,438,0,0,2,2,9709,8192,2847,11039
2,19418,8918,0,0,2,2,9709,13718,4459,18177
2,19418,16758,0,0,2,2,9709,10624,58653,69277
2,19422,2178,0,0,2,2,9711,2048,11979,14027
2,19430,54,0,0,2,2,9715,15544,81,15625
2,19430,58,0,0,4,2,9715,25596,29,25625
2,19446,2,0,0,4,2,9723,12500,1,12501
2,19470,2,0,0,2,2,9735,16874,1,16875
2,19470,2,0,0,2,2,9735,297674,1,297675
2,19470,2,0,0,8,2,9735,26000,1,26001
2,19470,10,0,0,4,2,9735,28556,5,28561
2,19470,22,0,0,8,2,9735,18928,11,18939
2,19470,26,0,0,2,2,9735,151250,13,151263
2,19470,98,0,0,2,2,9735,12626,49,12675
2,19470,118,0,0,2,2,9735,156006,59,156065
2,19470,250,0,0,2,2,9735,25894,125,26019
2,19470,250,0,0,2,2,9735,79768,375,80143
2,19470,270,0,0,2,2,9735,13696,945,14641
2,19470,590,0,0,2,2,9735,11154,295,11449
2,19470,642,0,0,2,2,9735,32768,4815,37583
2,19470,686,0,0,2,2,9735,11232,1715,12947
2,19470,810,0,0,2,2,9735,91592,1215,92807
2,19470,810,0,0,2,2,9735,204974,405,205379
2,19470,1078,0,0,2,2,9735,16000,3773,19773
2,19470,1298,0,0,8,2,9735,10800,649,11449
2,19470,1298,0,0,8,2,9735,104976,649,105625
2,19470,1690,0,0,2,2,9735,27104,4225,31329
2,19470,1926,0,0,2,2,9735,30250,963,31213
2,19470,4394,0,0,2,2,9735,2048,24167,26215
2,19470,5670,0,0,2,2,9735,6136,8505,14641
2,19470,5778,0,0,2,2,9735,2560,26001,28561
2,19470,6318,0,0,2,2,9735,114490,3159,117649
2,19470,7062,0,0,2,2,9735,392,10593,10985
2,19470,7986,0,0,2,2,9735,161896,11979,173875
2,19470,10890,0,0,2,2,9735,472,16335,16807
2,19470,14278,0,0,2,2,9735,19208,21417,40625
2,19470,14750,0,0,2,2,9735,21186,7375,28561
2,19470,16038,0,0,2,2,9735,3430,8019,11449
2,19526,14,0,0,2,2,9763,78104,21,78125
2,19526,486,0,0,2,2,9763,12250,243,12493
2,19526,686,0,0,2,2,9763,12150,343,12493
2,19526,1502,0,0,2,2,9763,10368,5257,15625
2,19526,3038,0,0,2,2,9763,4992,10633,15625
2,19526,13182,0,0,2,2,9763,8192,85683,93875
2,19526,19526,0,0,2,2,9763,31250,9763,41013
2,19550,34,0,0,2,2,9775,12150,17,12167
2,19554,2,0,0,16,2,9777,16128,1,16129
2,19554,98,0,0,2,2,9777,29282,49,29331
2,19554,10206,0,0,2,2,9777,128,35721,35849
2,19554,12446,0,0,2,2,9777,15488,43561,59049
2,19566,13718,0,0,2,2,9783,3750,6859,10609
2,19586,2798,0,0,4,2,9793,18284,1399,19683
2,19590,970,0,0,2,2,9795,7776,2425,10201
2,19610,5618,0,0,2,2,9805,55566,2809,58375
2,19642,4606,0,0,2,2,9821,128018,2303,130321
2,19646,94,0,0,2,2,9823,50578,47,50625
2,19646,7942,0,0,2,2,9823,7074,3971,11045
2,19646,11750,0,0,2,2,9823,11286,5875,17161
2,19670,2,0,0,2,2,9835,175616,9,175625
2,19670,10206,0,0,2,2,9835,139904,35721,175625
2,19682,2,0,0,2,2,9841,19682,1,19683
2,19686,10,0,0,2,2,9843,23328,25,23353
2,19686,9666,0,0,2,2,9843,167042,4833,171875
2,19686,9826,0,0,2,2,9843,48250,4913,53163
2,19716,4,0,0,4,2,9858,22472,3,22475
2,19730,2,0,0,2,2,9865,64000,9,64009
2,19730,2,0,0,2,2,9865,71874,1,71875
2,19730,150,0,0,2,2,9865,16928,375,17303
2,19730,3946,0,0,8,2,9865,35152,1973,37125
2,19730,11838,0,0,2,2,9865,25000,17757,42757
2,19734,3042,0,0,2,2,9867,5632,13689,19321
2,19778,58,0,0,2,2,9889,10368,203,10571
2,19778,62,0,0,2,2,9889,49298,31,49329
2,19778,1798,0,0,4,2,9889,21952,2697,24649
2,19778,2178,0,0,2,2,9889,14848,9801,24649
2,19778,3038,0,0,2,2,9889,13122,1519,14641
2,19778,3454,0,0,2,2,9889,19208,5181,24389
2,19778,13122,0,0,2,2,9889,6728,19683,26411
2,19806,686,0,0,2,2,9903,15282,343,15625
2,19818,5618,0,0,2,2,9909,19818,2809,22627
2,19836,76,0,0,8,2,9918,29696,95,29791
2,19836,152,0,0,16,2,9918,29696,95,29791
2,19866,18,0,0,2,2,9933,79480,27,79507
2,19866,946,0,0,2,2,9933,92160,5203,97363
2,19866,6750,0,0,2,2,9933,3784,10125,13909
2,19866,11922,0,0,2,2,9933,3584,53649,57233
2,19866,11922,0,0,2,2,9933,64000,53649,117649
2,19866,13122,0,0,2,2,9933,3974,6561,10535
2,19866,18490,0,0,2,2,9933,2662,9245,11907
2,19886,4238,0,0,2,2,9943,29768,6357,36125
2,19886,9826,0,0,2,2,9943,6250,4913,11163
2,19890,2,0,0,4,2,9945,31212,1,31213
2,19890,2,0,0,8,2,9945,28560,1,28561
2,19890,6,0,0,2,2,9945,14848,27,14875
2,19890,18,0,0,2,2,9945,21866,9,21875
2,19890,90,0,0,2,2,9945,16762,45,16807
2,19890,126,0,0,2,2,9945,48778,63,48841
2,19890,882,0,0,2,2,9945,6656,3969,10625
2,19890,1250,0,0,2,2,9945,21866,625,22491
2,19890,1326,0,0,4,2,9945,16384,4641,21025
2,19890,1566,0,0,2,2,9945,35000,2349,37349
2,19890,1666,0,0,2,2,9945,18850,833,19683
2,19890,1682,0,0,2,2,9945,8192,10933,19125
2,19890,4374,0,0,2,2,9945,21970,2187,24157
2,19890,7250,0,0,2,2,9945,13182,3625,16807
2,19890,7514,0,0,2,2,9945,13050,3757,16807
2,19890,11050,0,0,2,2,9945,232,16575,16807
2,19890,12150,0,0,2,2,9945,22984,18225,41209
2,19946,14,0,0,2,2,9973,249318,7,249325
2,19946,4750,0,0,2,2,9973,32,11875,11907
2,19950,6,0,0,8,2,9975,109744,3,109747
2,19950,10,0,0,2,2,9975,184832,45,184877
2,19950,4750,0,0,2,2,9975,32,11875,11907
2,19950,12698,0,0,2,2,9975,2432,44443,46875
2,19950,13750,0,0,2,2,9975,11552,34375,45927
2,28539,363,0,0,3,3,9513,12110,121,12231
2,28539,375,0,0,3,3,9513,22176,625,22801
2,28539,453,0,0,12,3,9513,20480,453,20933
2,28539,519,0,0,3,3,9513,43750,173,43923
2,28539,1029,0,0,3,3,9513,10240,3773,14013
2,28539,14013,0,0,3,3,9513,59192,14013,73205
2,28569,267,0,0,6,3,9523,13500,89,13589
2,28569,28569,0,0,12,3,9523,10160,9523,19683
2,28575,3,0,0,24,3,9525,16128,1,16129
2,28659,9,0,0,3,3,9553,196882,3,196885
2,28659,351,0,0,3,3,9553,11650,117,11767
2,28659,1029,0,0,3,3,9553,28782,343,29125
2,28659,1701,0,0,3,3,9553,76424,1701,78125
2,28659,12675,0,0,3,3,9553,12582,4225,16807
2,28659,17475,0,0,3,3,9553,13858,5825,19683
2,28665,1875,0,0,3,3,9555,57342,625,57967
2,28665,7125,0,0,3,3,9555,32,11875,11907
2,28665,7203,0,0,3,3,9555,3200,16807,20007
2,28665,20577,0,0,3,3,9555,8450,6859,15309
2,28704,6,0,0,6,3,9568,64000,9,64009
2,28704,12,0,0,12,3,9568,64000,9,64009
2,28737,3,0,0,3,3,9579,12462,1,12463
2,28749,213,0,0,3,3,9583,12250,71,12321
2,28749,729,0,0,3,3,9583,50410,243,50653
2,28773,69,0,0,6,3,9591,11236,23,11259
2,28773,25281,0,0,3,3,9591,24334,8427,32761
2,28779,543,0,0,12,3,9593,44944,181,45125
2,28785,375,0,0,3,3,9595,32768,1875,34643
2,28785,525,0,0,3,3,9595,20402,175,20577
2,28785,1371,0,0,3,3,9595,13718,457,14175
2,28785,7125,0,0,3,3,9595,32,11875,11907
2,28809,15,0,0,3,3,9603,140454,5,140459
2,28809,27,0,0,3,3,9603,22600,27,22627
2,28809,291,0,0,3,3,9603,12800,873,13673
2,28809,1455,0,0,3,3,9603,32544,2425,34969
2,28809,10125,0,0,3,3,9603,29282,3375,32657
2,28854,9618,0,0,12,3,9618,10816,4809,15625
2,28875,21,0,0,3,3,9625,16038,7,16045
2,28890,3210,0,0,6,3,9630,76832,2675,79507
2,28890,6420,0,0,12,3,9630,76832,2675,79507
2,28899,615,0,0,3,3,9633,19552,1025,20577
2,28899,2025,0,0,3,3,9633,8192,8775,16967
2,28899,5781,0,0,3,3,9633,57122,1927,59049
2,28899,9375,0,0,3,3,9633,5408,15625,21033
2,28965,5625,0,0,3,3,9655,48778,1875,50653
2,28974,6,0,0,6,3,9658,64000,9,64009
2,28974,12,0,0,12,3,9658,64000,9,64009
2,28974,2634,0,0,12,3,9658,50176,2195,52371
2,28974,5268,0,0,24,3,9658,50176,2195,52371
2,29019,1707,0,0,12,3,9673,58480,569,59049
2,29079,3,0,0,3,3,9693,44874,1,44875
2,29097,3,0,0,3,3,9699,23762,1,23763
2,29115,3,0,0,3,3,9705,157216,5,157221
2,29127,57,0,0,3,3,9709,13778,19,13797
2,29127,219,0,0,3,3,9709,13778,73,13851
2,29127,657,0,0,3,3,9709,8192,2847,11039
2,29127,13377,0,0,3,3,9709,13718,4459,18177
2,29127,25137,0,0,3,3,9709,10624,58653,69277
2,29133,3267,0,0,3,3,9711,2048,11979,14027
2,29145,81,0,0,3,3,9715,15544,81,15625
2,29145,87,0,0,6,3,9715,25596,29,25625
2,29169,3,0,0,6,3,9723,12500,1,12501
2,29205,3,0,0,3,3,9735,16874,1,16875
2,29205,3,0,0,3,3,9735,297674,1,297675
2,29205,3,0,0,12,3,9735,26000,1,26001
2,29205,15,0,0,6,3,9735,28556,5,28561
2,29205,33,0,0,12,3,9735,18928,11,18939
2,29205,39,0,0,3,3,9735,151250,13,151263
2,29205,147,0,0,3,3,9735,12626,49,12675
2,29205,177,0,0,3,3,9735,156006,59,156065
2,29205,375,0,0,3,3,9735,25894,125,26019
2,29205,375,0,0,3,3,9735,79768,375,80143
2,29205,405,0,0,3,3,9735,13696,945,14641
2,29205,885,0,0,3,3,9735,11154,295,11449
2,29205,963,0,0,3,3,9735,32768,4815,37583
2,29205,1029,0,0,3,3,9735,11232,1715,12947
2,29205,1215,0,0,3,3,9735,91592,1215,92807
2,29205,1215,0,0,3,3,9735,204974,405,205379
2,29205,1617,0,0,3,3,9735,16000,3773,19773
2,29205,1947,0,0,12,3,9735,10800,649,11449
2,29205,1947,0,0,12,3,9735,104976,649,105625
2,29205,2535,0,0,3,3,9735,27104,4225,31329
2,29205,2889,0,0,3,3,9735,30250,963,31213
2,29205,6591,0,0,3,3,9735,2048,24167,26215
2,29205,8505,0,0,3,3,9735,6136,8505,14641
2,29205,8667,0,0,3,3,9735,2560,26001,28561
2,29205,9477,0,0,3,3,9735,114490,3159,117649
2,29205,10593,0,0,3,3,9735,392,10593,10985
2,29205,11979,0,0,3,3,9735,161896,11979,173875
2,29205,16335,0,0,3,3,9735,472,16335,16807
2,29205,21417,0,0,3,3,9735,19208,21417,40625
2,29205,22125,0,0,3,3,9735,21186,7375,28561
2,29205,24057,0,0,3,3,9735,3430,8019,11449
2,29289,21,0,0,3,3,9763,78104,21,78125
2,29289,729,0,0,3,3,9763,12250,243,12493
2,29289,1029,0,0,3,3,9763,12150,343,12493
2,29289,2253,0,0,3,3,9763,10368,5257,15625
2,29289,4557,0,0,3,3,9763,4992,10633,15625
2,29289,19773,0,0,3,3,9763,8192,85683,93875
2,29289,29289,0,0,3,3,9763,31250,9763,41013
2,29325,51,0,0,3,3,9775,12150,17,12167
2,29331,3,0,0,24,3,9777,16128,1,16129
2,29331,147,0,0,3,3,9777,29282,49,29331
2,29331,15309,0,0,3,3,9777,128,35721,35849
2,29331,18669,0,0,3,3,9777,15488,43561,59049
2,29349,20577,0,0,3,3,9783,3750,6859,10609
2,29379,4197,0,0,6,3,9793,18284,1399,19683
2,29385,1455,0,0,3,3,9795,7776,2425,10201
2,29415,8427,0,0,3,3,9805,55566,2809,58375
2,29463,6909,0,0,3,3,9821,128018,2303,130321
2,29469,141,0,0,3,3,9823,50578,47,50625
2,29469,11913,0,0,3,3,9823,7074,3971,11045
2,29469,17625,0,0,3,3,9823,11286,5875,17161
2,29505,3,0,0,3,3,9835,175616,9,175625
2,29505,15309,0,0,3,3,9835,139904,35721,175625
2,29523,3,0,0,3,3,9841,19682,1,19683
2,29529,15,0,0,3,3,9843,23328,25,23353
2,29529,14499,0,0,3,3,9843,167042,4833,171875
2,29529,14739,0,0,3,3,9843,48250,4913,53163
2,29574,6,0,0,6,3,9858,22472,3,22475
2,29595,3,0,0,3,3,9865,64000,9,64009
2,29595,3,0,0,3,3,9865,71874,1,71875
2,29595,225,0,0,3,3,9865,16928,375,17303
2,29595,5919,0,0,12,3,9865,35152,1973,37125
2,29595,17757,0,0,3,3,9865,25000,17757,42757
2,29601,4563,0,0,3,3,9867,5632,13689,19321
2,29667,87,0,0,3,3,9889,10368,203,10571
2,29667,93,0,0,3,3,9889,49298,31,49329
2,29667,2697,0,0,6,3,9889,21952,2697,24649
2,29667,3267,0,0,3,3,9889,14848,9801,24649
2,29667,4557,0,0,3,3,9889,13122,1519,14641
2,29667,5181,0,0,3,3,9889,19208,5181,24389
2,29667,19683,0,0,3,3,9889,6728,19683,26411
2,29709,1029,0,0,3,3,9903,15282,343,15625
2,29727,8427,0,0,3,3,9909,19818,2809,22627
2,29754,114,0,0,12,3,9918,29696,95,29791
2,29754,228,0,0,24,3,9918,29696,95,29791
2,29799,27,0,0,3,3,9933,79480,27,79507
2,29799,1419,0,0,3,3,9933,92160,5203,97363
2,29799,10125,0,0,3,3,9933,3784,10125,13909
2,29799,17883,0,0,3,3,9933,3584,53649,57233
2,29799,17883,0,0,3,3,9933,64000,53649,117649
2,29799,19683,0,0,3,3,9933,3974,6561,10535
2,29799,27735,0,0,3,3,9933,2662,9245,11907
2,29829,6357,0,0,3,3,9943,29768,6357,36125
2,29829,14739,0,0,3,3,9943,6250,4913,11163
2,29835,3,0,0,6,3,9945,31212,1,31213
2,29835,3,0,0,12,3,9945,28560,1,28561
2,29835,9,0,0,3,3,9945,14848,27,14875
2,29835,27,0,0,3,3,9945,21866,9,21875
2,29835,135,0,0,3,3,9945,16762,45,16807
2,29835,189,0,0,3,3,9945,48778,63,48841
2,29835,1323,0,0,3,3,9945,6656,3969,10625
2,29835,1875,0,0,3,3,9945,21866,625,22491
2,29835,1989,0,0,6,3,9945,16384,4641,21025
2,29835,2349,0,0,3,3,9945,35000,2349,37349
2,29835,2499,0,0,3,3,9945,18850,833,19683
2,29835,2523,0,0,3,3,9945,8192,10933,19125
2,29835,6561,0,0,3,3,9945,21970,2187,24157
2,29835,10875,0,0,3,3,9945,13182,3625,16807
2,29835,11271,0,0,3,3,9945,13050,3757,16807
2,29835,16575,0,0,3,3,9945,232,16575,16807
2,29835,18225,0,0,3,3,9945,22984,18225,41209
2,29919,21,0,0,3,3,9973,249318,7,249325
2,29919,7125,0,0,3,3,9973,32,11875,11907
2,29925,9,0,0,12,3,9975,109744,3,109747
2,29925,15,0,0,3,3,9975,184832,45,184877
2,29925,7125,0,0,3,3,9975,32,11875,11907
2,29925,19047,0,0,3,3,9975,2432,44443,46875
2,29925,20625,0,0,3,3,9975,11552,34375,45927
2,38052,484,0,0,4,4,9513,12110,121,12231
2,38052,500,0,0,4,4,9513,22176,625,22801
2,38052,604,0,0,16,4,9513,20480,453,20933
2,38052,692,0,0,4,4,9513,43750,173,43923
2,38052,1372,0,0,4,4,9513,10240,3773,14013
2,38052,18684,0,0,4,4,9513,59192,14013,73205
2,38092,356,0,0,8,4,9523,13500,89,13589
2,38092,38092,0,0,16,4,9523,10160,9523,19683
2,38100,4,0,0,32,4,9525,16128,1,16129
2,38212,12,0,0,4,4,9553,196882,3,196885
2,38212,468,0,0,4,4,9553,11650,117,11767
2,38212,1372,0,0,4,4,9553,28782,343,29125
2,38212,2268,0,0,4,4,9553,76424,1701,78125
2,38212,16900,0,0,4,4,9553,12582,4225,16807
2,38212,23300,0,0,4,4,9553,13858,5825,19683
2,38220,2500,0,0,4,4,9555,57342,625,57967
2,38220,9500,0,0,4,4,9555,32,11875,11907
2,38220,9604,0,0,4,4,9555,3200,16807,20007
2,38220,27436,0,0,4,4,9555,8450,6859,15309
2,38272,8,0,0,8,4,9568,64000,9,64009
2,38272,16,0,0,16,4,9568,64000,9,64009
2,38316,4,0,0,4,4,9579,12462,1,12463
2,38332,284,0,0,4,4,9583,12250,71,12321
2,38332,972,0,0,4,4,9583,50410,243,50653
2,38364,92,0,0,8,4,9591,11236,23,11259
2,38364,33708,0,0,4,4,9591,24334,8427,32761
2,38372,724,0,0,16,4,9593,44944,181,45125
2,38380,500,0,0,4,4,9595,32768,1875,34643
2,38380,700,0,0,4,4,9595,20402,175,20577
2,38380,1828,0,0,4,4,9595,13718,457,14175
2,38380,9500,0,0,4,4,9595,32,11875,11907
2,38412,20,0,0,4,4,9603,140454,5,140459
2,38412,36,0,0,4,4,9603,22600,27,22627
2,38412,388,0,0,4,4,9603,12800,873,13673
2,38412,1940,0,0,4,4,9603,32544,2425,34969
2,38412,13500,0,0,4,4,9603,29282,3375,32657
2,38472,12824,0,0,16,4,9618,10816,4809,15625
2,38500,28,0,0,4,4,9625,16038,7,16045
2,38520,4280,0,0,8,4,9630,76832,2675,79507
2,38520,8560,0,0,16,4,9630,76832,2675,79507
2,38532,820,0,0,4,4,9633,19552,1025,20577
2,38532,2700,0,0,4,4,9633,8192,8775,16967
2,38532,7708,0,0,4,4,9633,57122,1927,59049
2,38532,12500,0,0,4,4,9633,5408,15625,21033
2,38620,7500,0,0,4,4,9655,48778,1875,50653
2,38632,8,0,0,8,4,9658,64000,9,64009
2,38632,16,0,0,16,4,9658,64000,9,64009
2,38632,3512,0,0,16,4,9658,50176,2195,52371
2,38632,7024,0,0,32,4,9658,50176,2195,52371
2,38692,2276,0,0,16,4,9673,58480,569,59049
2,38772,4,0,0,4,4,9693,44874,1,44875
2,38796,4,0,0,4,4,9699,23762,1,23763
2,38820,4,0,0,4,4,9705,157216,5,157221
2,38836,76,0,0,4,4,9709,13778,19,13797
2,38836,292,0,0,4,4,9709,13778,73,13851
2,38836,876,0,0,4,4,9709,8192,2847,11039
2,38836,17836,0,0,4,4,9709,13718,4459,18177
2,38836,33516,0,0,4,4,9709,10624,58653,69277
2,38844,4356,0,0,4,4,9711,2048,11979,14027
2,38860,108,0,0,4,4,9715,15544,81,15625
2,38860,116,0,0,8,4,9715,25596,29,25625
2,38892,4,0,0,8,4,9723,12500,1,12501
2,38940,4,0,0,4,4,9735,16874,1,16875
2,38940,4,0,0,4,4,9735,297674,1,297675
2,38940,4,0,0,16,4,9735,26000,1,26001
2,38940,20,0,0,8,4,9735,28556,5,28561
2,38940,44,0,0,16,4,9735,18928,11,18939
2,38940,52,0,0,4,4,9735,151250,13,151263
2,38940,196,0,0,4,4,9735,12626,49,12675
2,38940,236,0,0,4,4,9735,156006,59,156065
2,38940,500,0,0,4,4,9735,25894,125,26019
2,38940,500,0,0,4,4,9735,79768,375,80143
2,38940,540,0,0,4,4,9735,13696,945,14641
2,38940,1180,0,0,4,4,9735,11154,295,11449
2,38940,1284,0,0,4,4,9735,32768,4815,37583
2,38940,1372,0,0,4,4,9735,11232,1715,12947
2,38940,1620,0,0,4,4,9735,91592,1215,92807
2,38940,1620,0,0,4,4,9735,204974,405,205379
2,38940,2156,0,0,4,4,9735,16000,3773,19773
2,38940,2596,0,0,16,4,9735,10800,649,11449
2,38940,2596,0,0,16,4,9735,104976,649,105625
2,38940,3380,0,0,4,4,9735,27104,4225,31329
2,38940,3852,0,0,4,4,9735,30250,963,31213
2,38940,8788,0,0,4,4,9735,2048,24167,26215
2,38940,11340,0,0,4,4,9735,6136,8505,14641
2,38940,11556,0,0,4,4,9735,2560,26001,28561
2,38940,12636,0,0,4,4,9735,114490,3159,117649
2,38940,14124,0,0,4,4,9735,392,10593,10985
2,38940,15972,0,0,4,4,9735,161896,11979,173875
2,38940,21780,0,0,4,4,9735,472,16335,16807
2,38940,28556,0,0,4,4,9735,19208,21417,40625
2,38940,29500,0,0,4,4,9735,21186,7375,28561
2,38940,32076,0,0,4,4,9735,3430,8019,11449
2,39052,28,0,0,4,4,9763,78104,21,78125
2,39052,972,0,0,4,4,9763,12250,243,12493
2,39052,1372,0,0,4,4,9763,12150,343,12493
2,39052,3004,0,0,4,4,9763,10368,5257,15625
2,39052,6076,0,0,4,4,9763,4992,10633,15625
2,39052,26364,0,0,4,4,9763,8192,85683,93875
2,39052,39052,0,0,4,4,9763,31250,9763,41013
2,39100,68,0,0,4,4,9775,12150,17,12167
2,39108,4,0,0,32,4,9777,16128,1,16129
2,39108,196,0,0,4,4,9777,29282,49,29331
2,39108,20412,0,0,4,4,9777,128,35721,35849
2,39108,24892,0,0,4,4,9777,15488,43561,59049
2,39132,27436,0,0,4,4,9783,3750,6859,10609
2,39172,5596,0,0,8,4,9793,18284,1399,19683
2,39180,1940,0,0,4,4,9795,7776,2425,10201
2,39220,11236,0,0,4,4,9805,55566,2809,58375
2,39284,9212,0,0,4,4,9821,128018,2303,130321
2,39292,188,0,0,4,4,9823,50578,47,50625
2,39292,15884,0,0,4,4,9823,7074,3971,11045
2,39292,23500,0,0,4,4,9823,11286,5875,17161
2,39340,4,0,0,4,4,9835,175616,9,175625
2,39340,20412,0,0,4,4,9835,139904,35721,175625
2,39364,4,0,0,4,4,9841,19682,1,19683
2,39372,20,0,0,4,4,9843,23328,25,23353
2,39372,19332,0,0,4,4,9843,167042,4833,171875
2,39372,19652,0,0,4,4,9843,48250,4913,53163
2,39432,8,0,0,8,4,9858,22472,3,22475
2,39460,4,0,0,4,4,9865,64000,9,64009
2,39460,4,0,0,4,4,9865,71874,1,71875
2,39460,300,0,0,4,4,9865,16928,375,17303
2,39460,7892,0,0,16,4,9865,35152,1973,37125
2,39460,23676,0,0,4,4,9865,25000,17757,42757
2,39468,6084,0,0,4,4,9867,5632,13689,19321
2,39556,116,0,0,4,4,9889,10368,203,10571
2,39556,124,0,0,4,4,9889,49298,31,49329
2,39556,3596,0,0,8,4,9889,21952,2697,24649
2,39556,4356,0,0,4,4,9889,14848,9801,24649
2,39556,6076,0,0,4,4,9889,13122,1519,14641
2,39556,6908,0,0,4,4,9889,19208,5181,24389
2,39556,26244,0,0,4,4,9889,6728,19683,26411
2,39612,1372,0,0,4,4,9903,15282,343,15625
2,39636,11236,0,0,4,4,9909,19818,2809,22627
2,39672,152,0,0,16,4,9918,29696,95,29791
2,39672,304,0,0,32,4,9918,29696,95,29791
2,39732,36,0,0,4,4,9933,79480,27,79507
2,39732,1892,0,0,4,4,9933,92160,5203,97363
2,39732,13500,0,0,4,4,9933,3784,10125,13909
2,39732,23844,0,0,4,4,9933,3584,53649,57233
2,39732,23844,0,0,4,4,9933,64000,53649,117649
2,39732,26244,0,0,4,4,9933,3974,6561,10535
2,39732,36980,0,0,4,4,9933,2662,9245,11907
2,39772,8476,0,0,4,4,9943,29768,6357,36125
2,39772,19652,0,0,4,4,9943,6250,4913,11163
2,39780,4,0,0,8,4,9945,31212,1,31213
2,39780,4,0,0,16,4,9945,28560,1,28561
2,39780,12,0,0,4,4,9945,14848,27,14875
2,39780,36,0,0,4,4,9945,21866,9,21875
2,39780,180,0,0,4,4,9945,16762,45,16807
2,39780,252,0,0,4,4,9945,48778,63,48841
2,39780,1764,0,0,4,4,9945,6656,3969,10625
2,39780,2500,0,0,4,4,9945,21866,625,22491
2,39780,2652,0,0,8,4,9945,16384,4641,21025
2,39780,3132,0,0,4,4,9945,35000,2349,37349
2,39780,3332,0,0,4,4,9945,18850,833,19683
2,39780,3364,0,0,4,4,9945,8192,10933,19125
2,39780,8748,0,0,4,4,9945,21970,2187,24157
2,39780,14500,0,0,4,4,9945,13182,3625,16807
2,39780,15028,0,0,4,4,9945,13050,3757,16807
2,39780,22100,0,0,4,4,9945,232,16575,16807
2,39780,24300,0,0,4,4,9945,22984,18225,41209
2,39892,28,0,0,4,4,9973,249318,7,249325
2,39892,9500,0,0,4,4,9973,32,11875,11907
2,39900,12,0,0,16,4,9975,109744,3,109747
2,39900,20,0,0,4,4,9975,184832,45,184877
2,39900,9500,0,0,4,4,9975,32,11875,11907
2,39900,25396,0,0,4,4,9975,2432,44443,46875
2,39900,27500,0,0,4,4,9975,11552,34375,45927
2,47565,605,0,0,5,5,9513,12110,121,12231
2,47565,625,0,0,5,5,9513,22176,625,22801
2,47565,755,0,0,20,5,9513,20480,453,20933
2,47565,865,0,0,5,5,9513,43750,173,43923
2,47565,1715,0,0,5,5,9513,10240,3773,14013
2,47565,23355,0,0,5,5,9513,59192,14013,73205
2,47615,445,0,0,10,5,9523,13500,89,13589
2,47615,47615,0,0,20,5,9523,10160,9523,19683
2,47625,5,0,0,40,5,9525,16128,1,16129
2,47765,15,0,0,5,5,9553,196882,3,196885
2,47765,585,0,0,5,5,9553,11650,117,11767
2,47765,1715,0,0,5,5,9553,28782,343,29125
2,47765,2835,0,0,5,5,9553,76424,1701,78125
2,47765,21125,0,0,5,5,9553,12582,4225,16807
2,47765,29125,0,0,5,5,9553,13858,5825,19683
2,47775,3125,0,0,5,5,9555,57342,625,57967
2,47775,11875,0,0,5,5,9555,32,11875,11907
2,47775,12005,0,0,5,5,9555,3200,16807,20007
2,47775,34295,0,0,5,5,9555,8450,6859,15309
2,47840,10,0,0,10,5,9568,64000,9,64009
2,47840,20,0,0,20,5,9568,64000,9,64009
2,47895,5,0,0,5,5,9579,12462,1,12463
2,47915,355,0,0,5,5,9583,12250,71,12321
2,47915,1215,0,0,5,5,9583,50410,243,50653
2,47955,115,0,0,10,5,9591,11236,23,11259
2,47955,42135,0,0,5,5,9591,24334,8427,32761
2,47965,905,0,0,20,5,9593,44944,181,45125
2,47975,625,0,0,5,5,9595,32768,1875,34643
2,47975,875,0,0,5,5,9595,20402,175,20577
2,47975,2285,0,0,5,5,9595,13718,457,14175
2,47975,11875,0,0,5,5,9595,32,11875,11907
2,48015,25,0,0,5,5,9603,140454,5,140459
2,48015,45,0,0,5,5,9603,22600,27,22627
2,48015,485,0,0,5,5,9603,12800,873,13673
2,48015,2425,0,0,5,5,9603,32544,2425,34969
2,48015,16875,0,0,5,5,9603,29282,3375,32657
2,48090,16030,0,0,20,5,9618,10816,4809,15625
2,48125,35,0,0,5,5,9625,16038,7,16045
2,48150,5350,0,0,10,5,9630,76832,2675,79507
2,48150,10700,0,0,20,5,9630,76832,2675,79507
2,48165,1025,0,0,5,5,9633,19552,1025,20577
2,48165,3375,0,0,5,5,9633,8192,8775,16967
2,48165,9635,0,0,5,5,9633,57122,1927,59049
2,48165,15625,0,0,5,5,9633,5408,15625,21033
2,48275,9375,0,0,5,5,9655,48778,1875,50653
2,48290,10,0,0,10,5,9658,64000,9,64009
2,48290,20,0,0,20,5,9658,64000,9,64009
2,48290,4390,0,0,20,5,9658,50176,2195,52371
2,48290,8780,0,0,40,5,9658,50176,2195,52371
2,48365,2845,0,0,20,5,9673,58480,569,59049
2,48465,5,0,0,5,5,9693,44874,1,44875
2,48495,5,0,0,5,5,9699,23762,1,23763
2,48525,5,0,0,5,5,9705,157216,5,157221
2,48545,95,0,0,5,5,9709,13778,19,13797
2,48545,365,0,0,5,5,9709,13778,73,13851
2,48545,1095,0,0,5,5,9709,8192,2847,11039
2,48545,22295,0,0,5,5,9709,13718,4459,18177
2,48545,41895,0,0,5,5,9709,10624,58653,69277
2,48555,5445,0,0,5,5,9711,2048,11979,14027
2,48575,135,0,0,5,5,9715,15544,81,15625
2,48575,145,0,0,10,5,9715,25596,29,25625
2,48615,5,0,0,10,5,9723,12500,1,12501
2,48675,5,0,0,5,5,9735,16874,1,16875
2,48675,5,0,0,5,5,9735,297674,1,297675
2,48675,5,0,0,20,5,9735,26000,1,26001
2,48675,25,0,0,10,5,9735,28556,5,28561
2,48675,55,0,0,20,5,9735,18928,11,18939
2,48675,65,0,0,5,5,9735,151250,13,151263
2,48675,245,0,0,5,5,9735,12626,49,12675
2,48675,295,0,0,5,5,9735,156006,59,156065
2,48675,625,0,0,5,5,9735,25894,125,26019
2,48675,625,0,0,5,5,9735,79768,375,80143
2,48675,675,0,0,5,5,9735,13696,945,14641
2,48675,1475,0,0,5,5,9735,11154,295,11449
2,48675,1605,0,0,5,5,9735,32768,4815,37583
2,48675,1715,0,0,5,5,9735,11232,1715,12947
2,48675,2025,0,0,5,5,9735,91592,1215,92807
2,48675,2025,0,0,5,5,9735,204974,405,205379
2,48675,2695,0,0,5,5,9735,16000,3773,19773
2,48675,3245,0,0,20,5,9735,10800,649,11449
2,48675,3245,0,0,20,5,9735,104976,649,105625
2,48675,4225,0,0,5,5,9735,27104,4225,31329
2,48675,4815,0,0,5,5,9735,30250,963,31213
2,48675,10985,0,0,5,5,9735,2048,24167,26215
2,48675,14175,0,0,5,5,9735,6136,8505,14641
2,48675,14445,0,0,5,5,9735,2560,26001,28561
2,48675,15795,0,0,5,5,9735,114490,3159,117649
2,48675,17655,0,0,5,5,9735,392,10593,10985
2,48675,19965,0,0,5,5,9735,161896,11979,173875
2,48675,27225,0,0,5,5,9735,472,16335,16807
2,48675,35695,0,0,5,5,9735,19208,21417,40625
2,48675,36875,0,0,5,5,9735,21186,7375,28561
2,48675,40095,0,0,5,5,9735,3430,8019,11449
2,48815,35,0,0,5,5,9763,78104,21,78125
2,48815,1215,0,0,5,5,9763,12250,243,12493
2,48815,1715,0,0,5,5,9763,12150,343,12493
2,48815,3755,0,0,5,5,9763,10368,5257,15625
2,48815,7595,0,0,5,5,9763,4992,10633,15625
2,48815,32955,0,0,5,5,9763,8192,85683,93875
2,48815,48815,0,0,5,5,9763,31250,9763,41013
2,48875,85,0,0,5,5,9775,12150,17,12167
2,48885,5,0,0,40,5,9777,16128,1,16129
2,48885,245,0,0,5,5,9777,29282,49,29331
2,48885,25515,0,0,5,5,9777,128,35721,35849
2,48885,31115,0,0,5,5,9777,15488,43561,59049
2,48915,34295,0,0,5,5,9783,3750,6859,10609
2,48965,6995,0,0,10,5,9793,18284,1399,19683
2,48975,2425,0,0,5,5,9795,7776,2425,10201
2,49025,14045,0,0,5,5,9805,55566,2809,58375
2,49105,11515,0,0,5,5,9821,128018,2303,130321
2,49115,235,0,0,5,5,9823,50578,47,50625
2,49115,19855,0,0,5,5,9823,7074,3971,11045
2,49115,29375,0,0,5,5,9823,11286,5875,17161
2,49175,5,0,0,5,5,9835,175616,9,175625
2,49175,25515,0,0,5,5,9835,139904,35721,175625
2,49205,5,0,0,5,5,9841,19682,1,19683
2,49215,25,0,0,5,5,9843,23328,25,23353
2,49215,24165,0,0,5,5,9843,167042,4833,171875
2,49215,24565,0,0,5,5,9843,48250,4913,53163
2,49290,10,0,0,10,5,9858,22472,3,22475
2,49325,5,0,0,5,5,9865,64000,9,64009
2,49325,5,0,0,5,5,9865,71874,1,71875
2,49325,375,0,0,5,5,9865,16928,375,17303
2,49325,9865,0,0,20,5,9865,35152,1973,37125
2,49325,29595,0,0,5,5,9865,25000,17757,42757
2,49335,7605,0,0,5,5,9867,5632,13689,19321
2,49445,145,0,0,5,5,9889,10368,203,10571
2,49445,155,0,0,5,5,9889,49298,31,49329
2,49445,4495,0,0,10,5,9889,21952,2697,24649
2,49445,5445,0,0,5,5,9889,14848,9801,24649
2,49445,7595,0,0,5,5,9889,13122,1519,14641
2,49445,8635,0,0,5,5,9889,19208,5181,24389
2,49445,32805,0,0,5,5,9889,6728,19683,26411
2,49515,1715,0,0,5,5,9903,15282,343,15625
2,49545,14045,0,0,5,5,9909,19818,2809,22627
2,49590,190,0,0,20,5,9918,29696,95,29791
2,49590,380,0,0,40,5,9918,29696,95,29791
2,49665,45,0,0,5,5,9933,79480,27,79507
2,49665,2365,0,0,5,5,9933,92160,5203,97363
2,49665,16875,0,0,5,5,9933,3784,10125,13909
2,49665,29805,0,0,5,5,9933,3584,53649,57233
2,49665,29805,0,0,5,5,9933,64000,53649,117649
2,49665,32805,0,0,5,5,9933,3974,6561,10535
2,49665,46225,0,0,5,5,9933,2662,9245,11907
2,49715,10595,0,0,5,5,9943,29768,6357,36125
2,49715,24565,0,0,5,5,9943,6250,4913,11163
2,49725,5,0,0,10,5,9945,31212,1,31213
2,49725,5,0,0,20,5,9945,28560,1,28561
2,49725,15,0,0,5,5,9945,14848,27,14875
2,49725,45,0,0,5,5,9945,21866,9,21875
2,49725,225,0,0,5,5,9945,16762,45,16807
2,49725,315,0,0,5,5,9945,48778,63,48841
2,49725,2205,0,0,5,5,9945,6656,3969,10625
2,49725,3125,0,0,5,5,9945,21866,625,22491
2,49725,3315,0,0,10,5,9945,16384,4641,21025
2,49725,3915,0,0,5,5,9945,35000,2349,37349
2,49725,4165,0,0,5,5,9945,18850,833,19683
2,49725,4205,0,0,5,5,9945,8192,10933,19125
2,49725,10935,0,0,5,5,9945,21970,2187,24157
2,49725,18125,0,0,5,5,9945,13182,3625,16807
2,49725,18785,0,0,5,5,9945,13050,3757,16807
2,49725,27625,0,0,5,5,9945,232,16575,16807
2,49725,30375,0,0,5,5,9945,22984,18225,41209
2,49865,35,0,0,5,5,9973,249318,7,249325
2,49865,11875,0,0,5,5,9973,32,11875,11907
2,49875,15,0,0,20,5,9975,109744,3,109747
2,49875,25,0,0,5,5,9975,184832,45,184877
2,49875,11875,0,0,5,5,9975,32,11875,11907
2,49875,31745,0,0,5,5,9975,2432,44443,46875
2,49875,34375,0,0,5,5,9975,11552,34375,45927
2,57078,726,0,0,6,6,9513,12110,121,12231
2,57078,750,0,0,6,6,9513,22176,625,22801
2,57078,906,0,0,24,6,9513,20480,453,20933
2,57078,1038,0,0,6,6,9513,43750,173,43923
2,57078,2058,0,0,6,6,9513,10240,3773,14013
2,57078,28026,0,0,6,6,9513,59192,14013,73205
2,57138,534,0,0,12,6,9523,13500,89,13589
2,57138,57138,0,0,24,6,9523,10160,9523,19683
2,57150,6,0,0,48,6,9525,16128,1,16129
2,57318,18,0,0,6,6,9553,196882,3,196885
2,57318,702,0,0,6,6,9553,11650,117,11767
2,57318,2058,0,0,6,6,9553,28782,343,29125
2,57318,3402,0,0,6,6,9553,76424,1701,78125
2,57318,25350,0,0,6,6,9553,12582,4225,16807
2,57318,34950,0,0,6,6,9553,13858,5825,19683
2,57330,3750,0,0,6,6,9555,57342,625,57967
2,57330,14250,0,0,6,6,9555,32,11875,11907
2,57330,14406,0,0,6,6,9555,3200,16807,20007
2,57330,41154,0,0,6,6,9555,8450,6859,15309
2,57408,12,0,0,12,6,9568,64000,9,64009
2,57408,24,0,0,24,6,9568,64000,9,64009
2,57474,6,0,0,6,6,9579,12462,1,12463
2,57498,426,0,0,6,6,9583,12250,71,12321
2,57498,1458,0,0,6,6,9583,50410,243,50653
2,57546,138,0,0,12,6,9591,11236,23,11259
2,57546,50562,0,0,6,6,9591,24334,8427,32761
2,57558,1086,0,0,24,6,9593,44944,181,45125
2,57570,750,0,0,6,6,9595,32768,1875,34643
2,57570,1050,0,0,6,6,9595,20402,175,20577
2,57570,2742,0,0,6,6,9595,13718,457,14175
2,57570,14250,0,0,6,6,9595,32,11875,11907
2,57618,30,0,0,6,6,9603,140454,5,140459
2,57618,54,0,0,6,6,9603,22600,27,22627
2,57618,582,0,0,6,6,9603,12800,873,13673
2,57618,2910,0,0,6,6,9603,32544,2425,34969
2,57618,20250,0,0,6,6,9603,29282,3375,32657
2,57708,19236,0,0,24,6,9618,10816,4809,15625
2,57750,42,0,0,6,6,9625,16038,7,16045
2,57780,6420,0,0,12,6,9630,76832,2675,79507
2,57780,12840,0,0,24,6,9630,76832,2675,79507
2,57798,1230,0,0,6,6,9633,19552,1025,20577
2,57798,4050,0,0,6,6,9633,8192,8775,16967
2,57798,11562,0,0,6,6,9633,57122,1927,59049
2,57798,18750,0,0,6,6,9633,5408,15625,21033
2,57930,11250,0,0,6,6,9655,48778,1875,50653
2,57948,12,0,0,12,6,9658,64000,9,64009
2,57948,24,0,0,24,6,9658,64000,9,64009
2,57948,5268,0,0,24,6,9658,50176,2195,52371
2,57948,10536,0,0,48,6,9658,50176,2195,52371
2,58038,3414,0,0,24,6,9673,58480,569,59049
2,58158,6,0,0,6,6,9693,44874,1,44875
2,58194,6,0,0,6,6,9699,23762,1,23763
2,58230,6,0,0,6,6,9705,157216,5,157221
2,58254,114,0,0,6,6,9709,13778,19,13797
2,58254,438,0,0,6,6,9709,13778,73,13851
2,58254,1314,0,0,6,6,9709,8192,2847,11039
2,58254,26754,0,0,6,6,9709,13718,4459,18177
2,58254,50274,0,0,6,6,9709,10624,58653,69277
2,58266,6534,0,0,6,6,9711,2048,11979,14027
2,58290,162,0,0,6,6,9715,15544,81,15625
2,58290,174,0,0,12,6,9715,25596,29,25625
2,58338,6,0,0,12,6,9723,12500,1,12501
2,58410,6,0,0,6,6,9735,16874,1,16875
2,58410,6,0,0,6,6,9735,297674,1,297675
2,58410,6,0,0,24,6,9735,26000,1,26001
2,58410,30,0,0,12,6,9735,28556,5,28561
2,58410,66,0,0,24,6,9735,18928,11,18939
2,58410,78,0,0,6,6,9735,151250,13,151263
2,58410,294,0,0,6,6,9735,12626,49,12675
2,58410,354,0,0,6,6,9735,156006,59,156065
2,58410,750,0,0,6,6,9735,25894,125,26019
2,58410,750,0,0,6,6,9735,79768,375,80143
2,58410,810,0,0,6,6,9735,13696,945,14641
2,58410,1770,0,0,6,6,9735,11154,295,11449
2,58410,1926,0,0,6,6,9735,32768,4815,37583
2,58410,2058,0,0,6,6,9735,11232,1715,12947
2,58410,2430,0,0,6,6,9735,91592,1215,92807
2,58410,2430,0,0,6,6,9735,204974,405,205379
2,58410,3234,0,0,6,6,9735,16000,3773,19773
2,58410,3894,0,0,24,6,9735,10800,649,11449
2,58410,3894,0,0,24,6,9735,104976,649,105625
2,58410,5070,0,0,6,6,9735,27104,4225,31329
2,58410,5778,0,0,6,6,9735,30250,963,31213
2,58410,13182,0,0,6,6,9735,2048,24167,26215
2,58410,17010,0,0,6,6,9735,6136,8505,14641
2,58410,17334,0,0,6,6,9735,2560,26001,28561
2,58410,18954,0,0,6,6,9735,114490,3159,117649
2,58410,21186,0,0,6,6,9735,392,10593,10985
2,58410,23958,0,0,6,6,9735,161896,11979,173875
2,58410,32670,0,0,6,6,9735,472,16335,16807
2,58410,42834,0,0,6,6,9735,19208,21417,40625
2,58410,44250,0,0,6,6,9735,21186,7375,28561
2,58410,48114,0,0,6,6,9735,3430,8019,11449
2,58578,42,0,0,6,6,9763,78104,21,78125
2,58578,1458,0,0,6,6,9763,12250,243,12493
2,58578,2058,0,0,6,6,9763,12150,343,12493
2,58578,4506,0,0,6,6,9763,10368,5257,15625
2,58578,9114,0,0,6,6,9763,4992,10633,15625
2,58578,39546,0,0,6,6,9763,8192,85683,93875
2,58578,58578,0,0,6,6,9763,31250,9763,41013
2,58650,102,0,0,6,6,9775,12150,17,12167
2,58662,6,0,0,48,6,9777,16128,1,16129
2,58662,294,0,0,6,6,9777,29282,49,29331
2,58662,30618,0,0,6,6,9777,128,35721,35849
2,58662,37338,0,0,6,6,9777,15488,43561,59049
2,58698,41154,0,0,6,6,9783,3750,6859,10609
2,58758,8394,0,0,12,6,9793,18284,1399,19683
2,58770,2910,0,0,6,6,9795,7776,2425,10201
2,58830,16854,0,0,6,6,9805,55566,2809,58375
2,58926,13818,0,0,6,6,9821,128018,2303,130321
2,58938,282,0,0,6,6,9823,50578,47,50625
2,58938,23826,0,0,6,6,9823,7074,3971,11045
2,58938,35250,0,0,6,6,9823,11286,5875,17161
2,59010,6,0,0,6,6,9835,175616,9,175625
2,59010,30618,0,0,6,6,9835,139904,35721,175625
2,59046,6,0,0,6,6,9841,19682,1,19683
2,59058,30,0,0,6,6,9843,23328,25,23353
2,59058,28998,0,0,6,6,9843,167042,4833,171875
2,59058,29478,0,0,6,6,9843,48250,4913,53163
2,59148,12,0,0,12,6,9858,22472,3,22475
2,59190,6,0,0,6,6,9865,64000,9,64009
2,59190,6,0,0,6,6,9865,71874,1,71875
2,59190,450,0,0,6,6,9865,16928,375,17303
2,59190,11838,0,0,24,6,9865,35152,1973,37125
2,59190,35514,0,0,6,6,9865,25000,17757,42757
2,59202,9126,0,0,6,6,9867,5632,13689,19321
2,59334,174,0,0,6,6,9889,10368,203,10571
2,59334,186,0,0,6,6,9889,49298,31,49329
2,59334,5394,0,0,12,6,9889,21952,2697,24649
2,59334,6534,0,0,6,6,9889,14848,9801,24649
2,59334,9114,0,0,6,6,9889,13122,1519,14641
2,59334,10362,0,0,6,6,9889,19208,5181,24389
2,59334,39366,0,0,6,6,9889,6728,19683,26411
2,59418,2058,0,0,6,6,9903,15282,343,15625
2,59454,16854,0,0,6,6,9909,19818,2809,22627
2,59508,228,0,0,24,6,9918,29696,95,29791
2,59508,456,0,0,48,6,9918,29696,95,29791
2,59598,54,0,0,6,6,9933,79480,27,79507
2,59598,2838,0,0,6,6,9933,92160,5203,97363
2,59598,20250,0,0,6,6,9933,3784,10125,13909
2,59598,35766,0,0,6,6,9933,3584,53649,57233
2,59598,35766,0,0,6,6,9933,64000,53649,117649
2,59598,39366,0,0,6,6,9933,3974,6561,10535
2,59598,55470,0,0,6,6,9933,2662,9245,11907
2,59658,12714,0,0,6,6,9943,29768,6357,36125
2,59658,29478,0,0,6,6,9943,6250,4913,11163
2,59670,6,0,0,12,6,9945,31212,1,31213
2,59670,6,0,0,24,6,9945,28560,1,28561
2,59670,18,0,0,6,6,9945,14848,27,14875
2,59670,54,0,0,6,6,9945,21866,9,21875
2,59670,270,0,0,6,6,9945,16762,45,16807
2,59670,378,0,0,6,6,9945,48778,63,48841
2,59670,2646,0,0,6,6,9945,6656,3969,10625
2,59670,3750,0,0,6,6,9945,21866,625,22491
2,59670,3978,0,0,12,6,9945,16384,4641,21025
2,59670,4698,0,0,6,6,9945,35000,2349,37349
2,59670,4998,0,0,6,6,9945,18850,833,19683
2,59670,5046,0,0,6,6,9945,8192,10933,19125
2,59670,13122,0,0,6,6,9945,21970,2187,24157
2,59670,21750,0,0,6,6,9945,13182,3625,16807
2,59670,22542,0,0,6,6,9945,13050,3757,16807
2,59670,33150,0,0,6,6,9945,232,16575,16807
2,59670,36450,0,0,6,6,9945,22984,18225,41209
2,59838,42,0,0,6,6,9973,249318,7,249325
2,59838,14250,0,0,6,6,9973,32,11875,11907
2,59850,18,0,0,24,6,9975,109744,3,109747
2,59850,30,0,0,6,6,9975,184832,45,184877
2,59850,14250,0,0,6,6,9975,32,11875,11907
2,59850,38094,0,0,6,6,9975,2432,44443,46875
2,59850,41250,0,0,6,6,9975,11552,34375,45927
2,66591,847,0,0,7,7,9513,12110,121,12231
2,66591,875,0,0,7,7,9513,22176,625,22801
2,66591,1057,0,0,28,7,9513,20480,453,20933
2,66591,1211,0,0,7,7,9513,43750,173,43923
2,66591,2401,0,0,7,7,9513,10240,3773,14013
2,66591,32697,0,0,7,7,9513,59192,14013,73205
2,66661,623,0,0,14,7,9523,13500,89,13589
2,66661,66661,0,0,28,7,9523,10160,9523,19683
2,66675,7,0,0,56,7,9525,16128,1,16129
2,66871,21,0,0,7,7,9553,196882,3,196885
2,66871,819,0,0,7,7,9553,11650,117,11767
2,66871,2401,0,0,7,7,9553,28782,343,29125
2,66871,3969,0,0,7,7,9553,76424,1701,78125
2,66871,29575,0,0,7,7,9553,12582,4225,16807
2,66871,40775,0,0,7,7,9553,13858,5825,19683
2,66885,4375,0,0,7,7,9555,57342,625,57967
2,66885,16625,0,0,7,7,9555,32,11875,11907
2,66885,16807,0,0,7,7,9555,3200,16807,20007
2,66885,48013,0,0,7,7,9555,8450,6859,15309
2,66976,14,0,0,14,7,9568,64000,9,64009
2,66976,28,0,0,28,7,9568,64000,9,64009
2,67053,7,0,0,7,7,9579,12462,1,12463
2,67081,497,0,0,7,7,9583,12250,71,12321
2,67081,1701,0,0,7,7,9583,50410,243,50653
2,67137,161,0,0,14,7,9591,11236,23,11259
2,67137,58989,0,0,7,7,9591,24334,8427,32761
2,67151,1267,0,0,28,7,9593,44944,181,45125
2,67165,875,0,0,7,7,9595,32768,1875,34643
2,67165,1225,0,0,7,7,9595,20402,175,20577
2,67165,3199,0,0,7,7,9595,13718,457,14175
2,67165,16625,0,0,7,7,9595,32,11875,11907
2,67221,35,0,0,7,7,9603,140454,5,140459
2,67221,63,0,0,7,7,9603,22600,27,22627
2,67221,679,0,0,7,7,9603,12800,873,13673
2,67221,3395,0,0,7,7,9603,32544,2425,34969
2,67221,23625,0,0,7,7,9603,29282,3375,32657
2,67326,22442,0,0,28,7,9618,10816,4809,15625
2,67375,49,0,0,7,7,9625,16038,7,16045
2,67410,7490,0,0,14,7,9630,76832,2675,79507
2,67410,14980,0,0,28,7,9630,76832,2675,79507
2,67431,1435,0,0,7,7,9633,19552,1025,20577
2,67431,4725,0,0,7,7,9633,8192,8775,16967
2,67431,13489,0,0,7,7,9633,57122,1927,59049
2,67431,21875,0,0,7,7,9633,5408,15625,21033
2,67585,13125,0,0,7,7,9655,48778,1875,50653
2,67606,14,0,0,14,7,9658,64000,9,64009
2,67606,28,0,0,28,7,9658,64000,9,64009
2,67606,6146,0,0,28,7,9658,50176,2195,52371
2,67606,12292,0,0,56,7,9658,50176,2195,52371
2,67711,3983,0,0,28,7,9673,58480,569,59049
2,67851,7,0,0,7,7,9693,44874,1,44875
2,67893,7,0,0,7,7,9699,23762,1,23763
2,67935,7,0,0,7,7,9705,157216,5,157221
2,67963,133,0,0,7,7,9709,13778,19,13797
2,67963,511,0,0,7,7,9709,13778,73,13851
2,67963,1533,0,0,7,7,9709,8192,2847,11039
2,67963,31213,0,0,7,7,9709,13718,4459,18177
2,67963,58653,0,0,7,7,9709,10624,58653,69277
2,67977,7623,0,0,7,7,9711,2048,11979,14027
2,68005,189,0,0,7,7,9715,15544,81,15625
2,68005,203,0,0,14,7,9715,25596,29,25625
2,68061,7,0,0,14,7,9723,12500,1,12501
2,68145,7,0,0,7,7,9735,16874,1,16875
2,68145,7,0,0,7,7,9735,297674,1,297675
2,68145,7,0,0,28,7,9735,26000,1,26001
2,68145,35,0,0,14,7,9735,28556,5,28561
2,68145,77,0,0,28,7,9735,18928,11,18939
2,68145,91,0,0,7,7,9735,151250,13,151263
2,68145,343,0,0,7,7,9735,12626,49,12675
2,68145,413,0,0,7,7,9735,156006,59,156065
2,68145,875,0,0,7,7,9735,25894,125,26019
2,68145,875,0,0,7,7,9735,79768,375,80143
2,68145,945,0,0,7,7,9735,13696,945,14641
2,68145,2065,0,0,7,7,9735,11154,295,11449
2,68145,2247,0,0,7,7,9735,32768,4815,37583
2,68145,2401,0,0,7,7,9735,11232,1715,12947
2,68145,2835,0,0,7,7,9735,91592,1215,92807
2,68145,2835,0,0,7,7,9735,204974,405,205379
2,68145,3773,0,0,7,7,9735,16000,3773,19773
2,68145,4543,0,0,28,7,9735,10800,649,11449
2,68145,4543,0,0,28,7,9735,104976,649,105625
2,68145,5915,0,0,7,7,9735,27104,4225,31329
2,68145,6741,0,0,7,7,9735,30250,963,31213
2,68145,15379,0,0,7,7,9735,2048,24167,26215
2,68145,19845,0,0,7,7,9735,6136,8505,14641
2,68145,20223,0,0,7,7,9735,2560,26001,28561
2,68145,22113,0,0,7,7,9735,114490,3159,117649
2,68145,24717,0,0,7,7,9735,392,10593,10985
2,68145,27951,0,0,7,7,9735,161896,11979,173875
2,68145,38115,0,0,7,7,9735,472,16335,16807
2,68145,49973,0,0,7,7,9735,19208,21417,40625
2,68145,51625,0,0,7,7,9735,21186,7375,28561
2,68145,56133,0,0,7,7,9735,3430,8019,11449
2,68341,49,0,0,7,7,9763,78104,21,78125
2,68341,1701,0,0,7,7,9763,12250,243,12493
2,68341,2401,0,0,7,7,9763,12150,343,12493
2,68341,5257,0,0,7,7,9763,10368,5257,15625
2,68341,10633,0,0,7,7,9763,4992,10633,15625
2,68341,46137,0,0,7,7,9763,8192,85683,93875
2,68341,68341,0,0,7,7,9763,31250,9763,41013
2,68425,119,0,0,7,7,9775,12150,17,12167
2,68439,7,0,0,56,7,9777,16128,1,16129
2,68439,343,0,0,7,7,9777,29282,49,29331
2,68439,35721,0,0,7,7,9777,128,35721,35849
2,68439,43561,0,0,7,7,9777,15488,43561,59049
2,68481,48013,0,0,7,7,9783,3750,6859,10609
2,68551,9793,0,0,14,7,9793,18284,1399,19683
2,68565,3395,0,0,7,7,9795,7776,2425,10201
2,68635,19663,0,0,7,7,9805,55566,2809,58375
2,68747,16121,0,0,7,7,9821,128018,2303,130321
2,68761,329,0,0,7,7,9823,50578,47,50625
2,68761,27797,0,0,7,7,9823,7074,3971,11045
2,68761,41125,0,0,7,7,9823,11286,5875,17161
2,68845,7,0,0,7,7,9835,175616,9,175625
2,68845,35721,0,0,7,7,9835,139904,35721,175625
2,68887,7,0,0,7,7,9841,19682,1,19683
2,68901,35,0,0,7,7,9843,23328,25,23353
2,68901,33831,0,0,7,7,9843,167042,4833,171875
2,68901,34391,0,0,7,7,9843,48250,4913,53163
2,69006,14,0,0,14,7,9858,22472,3,22475
2,69055,7,0,0,7,7,9865,64000,9,64009
2,69055,7,0,0,7,7,9865,71874,1,71875
2,69055,525,0,0,7,7,9865,16928,375,17303
2,69055,13811,0,0,28,7,9865,35152,1973,37125
2,69055,41433,0,0,7,7,9865,25000,17757,42757
2,69069,10647,0,0,7,7,9867,5632,13689,19321
2,69223,203,0,0,7,7,9889,10368,203,10571
2,69223,217,0,0,7,7,9889,49298,31,49329
2,69223,6293,0,0,14,7,9889,21952,2697,24649
2,69223,7623,0,0,7,7,9889,14848,9801,24649
2,69223,10633,0,0,7,7,9889,13122,1519,14641
2,69223,12089,0,0,7,7,9889,19208,5181,24389
2,69223,45927,0,0,7,7,9889,6728,19683,26411
2,69321,2401,0,0,7,7,9903,15282,343,15625
2,69363,19663,0,0,7,7,9909,19818,2809,22627
2,69426,266,0,0,28,7,9918,29696,95,29791
2,69426,532,0,0,56,7,9918,29696,95,29791
2,69531,63,0,0,7,7,9933,79480,27,79507
2,69531,3311,0,0,7,7,9933,92160,5203,97363
2,69531,23625,0,0,7,7,9933,3784,10125,13909
2,69531,41727,0,0,7,7,9933,3584,53649,57233
2,69531,41727,0,0,7,7,9933,64000,53649,117649
2,69531,45927,0,0,7,7,9933,3974,6561,10535
2,69531,64715,0,0,7,7,9933,2662,9245,11907
2,69601,14833,0,0,7,7,9943,29768,6357,36125
2,69601,34391,0,0,7,7,9943,6250,4913,11163
2,69615,7,0,0,14,7,9945,31212,1,31213
2,69615,7,0,0,28,7,9945,28560,1,28561
2,69615,21,0,0,7,7,9945,14848,27,14875
2,69615,63,0,0,7,7,9945,21866,9,21875
2,69615,315,0,0,7,7,9945,16762,45,16807
2,69615,441,0,0,7,7,9945,48778,63,48841
2,69615,3087,0,0,7,7,9945,6656,3969,10625
2,69615,4375,0,0,7,7,9945,21866,625,22491
2,69615,4641,0,0,14,7,9945,16384,4641,21025
2,69615,5481,0,0,7,7,9945,35000,2349,37349
2,69615,5831,0,0,7,7,9945,18850,833,19683
2,69615,5887,0,0,7,7,9945,8192,10933,19125
2,69615,15309,0,0,7,7,9945,21970,2187,24157
2,69615,25375,0,0,7,7,9945,13182,3625,16807
2,69615,26299,0,0,7,7,9945,13050,3757,16807
2,69615,38675,0,0,7,7,9945,232,16575,16807
2,69615,42525,0,0,7,7,9945,22984,18225,41209
2,69811,49,0,0,7,7,9973,249318,7,249325
2,69811,16625,0,0,7,7,9973,32,11875,11907
2,69825,21,0,0,28,7,9975,109744,3,109747
2,69825,35,0,0,7,7,9975,184832,45,184877
2,69825,16625,0,0,7,7,9975,32,11875,11907
2,69825,44443,0,0,7,7,9975,2432,44443,46875
2,69825,48125,0,0,7,7,9975,11552,34375,45927
2,76104,968,0,0,8,8,9513,12110,121,12231
2,76104,1000,0,0,8,8,9513,22176,625,22801
2,76104,1208,0,0,32,8,9513,20480,453,20933
2,76104,1384,0,0,8,8,9513,43750,173,43923
2,76104,2744,0,0,8,8,9513,10240,3773,14013
2,76104,37368,0,0,8,8,9513,59192,14013,73205
2,76184,712,0,0,16,8,9523,13500,89,13589
2,76184,76184,0,0,32,8,9523,10160,9523,19683
2,76200,8,0,0,64,8,9525,16128,1,16129
2,76424,24,0,0,8,8,9553,196882,3,196885
2,76424,936,0,0,8,8,9553,11650,117,11767
2,76424,2744,0,0,8,8,9553,28782,343,29125
2,76424,4536,0,0,8,8,9553,76424,1701,78125
2,76424,33800,0,0,8,8,9553,12582,4225,16807
2,76424,46600,0,0,8,8,9553,13858,5825,19683
2,76440,5000,0,0,8,8,9555,57342,625,57967
2,76440,19000,0,0,8,8,9555,32,11875,11907
2,76440,19208,0,0,8,8,9555,3200,16807,20007
2,76440,54872,0,0,8,8,9555,8450,6859,15309
2,76544,16,0,0,16,8,9568,64000,9,64009
2,76544,32,0,0,32,8,9568,64000,9,64009
2,76632,8,0,0,8,8,9579,12462,1,12463
2,76664,568,0,0,8,8,9583,12250,71,12321
2,76664,1944,0,0,8,8,9583,50410,243,50653
2,76728,184,0,0,16,8,9591,11236,23,11259
2,76728,67416,0,0,8,8,9591,24334,8427,32761
2,76744,1448,0,0,32,8,9593,44944,181,45125
2,76760,1000,0,0,8,8,9595,32768,1875,34643
2,76760,1400,0,0,8,8,9595,20402,175,20577
2,76760,3656,0,0,8,8,9595,13718,457,14175
2,76760,19000,0,0,8,8,9595,32,11875,11907
2,76824,40,0,0,8,8,9603,140454,5,140459
2,76824,72,0,0,8,8,9603,22600,27,22627
2,76824,776,0,0,8,8,9603,12800,873,13673
2,76824,3880,0,0,8,8,9603,32544,2425,34969
2,76824,27000,0,0,8,8,9603,29282,3375,32657
2,76944,25648,0,0,32,8,9618,10816,4809,15625
2,77000,56,0,0,8,8,9625,16038,7,16045
2,77040,8560,0,0,16,8,9630,76832,2675,79507
2,77040,17120,0,0,32,8,9630,76832,2675,79507
2,77064,1640,0,0,8,8,9633,19552,1025,20577
2,77064,5400,0,0,8,8,9633,8192,8775,16967
2,77064,15416,0,0,8,8,9633,57122,1927,59049
2,77064,25000,0,0,8,8,9633,5408,15625,21033
2,77240,15000,0,0,8,8,9655,48778,1875,50653
2,77264,16,0,0,16,8,9658,64000,9,64009
2,77264,32,0,0,32,8,9658,64000,9,64009
2,77264,7024,0,0,32,8,9658,50176,2195,52371
2,77264,14048,0,0,64,8,9658,50176,2195,52371
2,77384,4552,0,0,32,8,9673,58480,569,59049
2,77544,8,0,0,8,8,9693,44874,1,44875
2,77592,8,0,0,8,8,9699,23762,1,23763
2,77640,8,0,0,8,8,9705,157216,5,157221
2,77672,152,0,0,8,8,9709,13778,19,13797
2,77672,584,0,0,8,8,9709,13778,73,13851
2,77672,1752,0,0,8,8,9709,8192,2847,11039
2,77672,35672,0,0,8,8,9709,13718,4459,18177
2,77672,67032,0,0,8,8,9709,10624,58653,69277
2,77688,8712,0,0,8,8,9711,2048,11979,14027
2,77720,216,0,0,8,8,9715,15544,81,15625
2,77720,232,0,0,16,8,9715,25596,29,25625
2,77784,8,0,0,16,8,9723,12500,1,12501
2,77880,8,0,0,8,8,9735,16874,1,16875
2,77880,8,0,0,8,8,9735,297674,1,297675
2,77880,8,0,0,32,8,9735,26000,1,26001
2,77880,40,0,0,16,8,9735,28556,5,28561
2,77880,88,0,0,32,8,9735,18928,11,18939
2,77880,104,0,0,8,8,9735,151250,13,151263
2,77880,392,0,0,8,8,9735,12626,49,12675
2,77880,472,0,0,8,8,9735,156006,59,156065
2,77880,1000,0,0,8,8,9735,25894,125,26019
2,77880,1000,0,0,8,8,9735,79768,375,80143
2,77880,1080,0,0,8,8,9735,13696,945,14641
2,77880,2360,0,0,8,8,9735,11154,295,11449
2,77880,2568,0,0,8,8,9735,32768,4815,37583
2,77880,2744,0,0,8,8,9735,11232,1715,12947
2,77880,3240,0,0,8,8,9735,91592,1215,92807
2,77880,3240,0,0,8,8,9735,204974,405,205379
2,77880,4312,0,0,8,8,9735,16000,3773,19773
2,77880,5192,0,0,32,8,9735,10800,649,11449
2,77880,5192,0,0,32,8,9735,104976,649,105625
2,77880,6760,0,0,8,8,9735,27104,4225,31329
2,77880,7704,0,0,8,8,9735,30250,963,31213
2,77880,17576,0,0,8,8,9735,2048,24167,26215
2,77880,22680,0,0,8,8,9735,6136,8505,14641
2,77880,23112,0,0,8,8,9735,2560,26001,28561
2,77880,25272,0,0,8,8,9735,114490,3159,117649
2,77880,28248,0,0,8,8,9735,392,10593,10985
2,77880,31944,0,0,8,8,9735,161896,11979,173875
2,77880,43560,0,0,8,8,9735,472,16335,16807
2,77880,57112,0,0,8,8,9735,19208,21417,40625
2,77880,59000,0,0,8,8,9735,21186,7375,28561
2,77880,64152,0,0,8,8,9735,3430,8019,11449
2,78104,56,0,0,8,8,9763,78104,21,78125
2,78104,1944,0,0,8,8,9763,12250,243,12493
2,78104,2744,0,0,8,8,9763,12150,343,12493
2,78104,6008,0,0,8,8,9763,10368,5257,15625
2,78104,12152,0,0,8,8,9763,4992,10633,15625
2,78104,52728,0,0,8,8,9763,8192,85683,93875
2,78104,78104,0,0,8,8,9763,31250,9763,41013
2,78200,136,0,0,8,8,9775,12150,17,12167
2,78216,8,0,0,64,8,9777,16128,1,16129
2,78216,392,0,0,8,8,9777,29282,49,29331
2,78216,40824,0,0,8,8,9777,128,35721,35849
2,78216,49784,0,0,8,8,9777,15488,43561,59049
2,78264,54872,0,0,8,8,9783,3750,6859,10609
2,78344,11192,0,0,16,8,9793,18284,1399,19683
2,78360,3880,0,0,8,8,9795,7776,2425,10201
2,78440,22472,0,0,8,8,9805,55566,2809,58375
2,78568,18424,0,0,8,8,9821,128018,2303,130321
2,78584,376,0,0,8,8,9823,50578,47,50625
2,78584,31768,0,0,8,8,9823,7074,3971,11045
2,78584,47000,0,0,8,8,9823,11286,5875,17161
2,78680,8,0,0,8,8,9835,175616,9,175625
2,78680,40824,0,0,8,8,9835,139904,35721,175625
2,78728,8,0,0,8,8,9841,19682,1,19683
2,78744,40,0,0,8,8,9843,23328,25,23353
2,78744,38664,0,0,8,8,9843,167042,4833,171875
2,78744,39304,0,0,8,8,9843,48250,4913,53163
2,78864,16,0,0,16,8,9858,22472,3,22475
2,78920,8,0,0,8,8,9865,64000,9,64009
2,78920,8,0,0,8,8,9865,71874,1,71875
2,78920,600,0,0,8,8,9865,16928,375,17303
2,78920,15784,0,0,32,8,9865,35152,1973,37125
2,78920,47352,0,0,8,8,9865,25000,17757,42757
2,78936,12168,0,0,8,8,9867,5632,13689,19321
2,79112,232,0,0,8,8,9889,10368,203,10571
2,79112,248,0,0,8,8,9889,49298,31,49329
2,79112,7192,0,0,16,8,9889,21952,2697,24649
2,79112,8712,0,0,8,8,9889,14848,9801,24649
2,79112,12152,0,0,8,8,9889,13122,1519,14641
2,79112,13816,0,0,8,8,9889,19208,5181,24389
2,79112,52488,0,0,8,8,9889,6728,19683,26411
2,79224,2744,0,0,8,8,9903,15282,343,15625
2,79272,22472,0,0,8,8,9909,19818,2809,22627
2,79344,304,0,0,32,8,9918,29696,95,29791
2,79344,608,0,0,64,8,9918,29696,95,29791
2,79464,72,0,0,8,8,9933,79480,27,79507
2,79464,3784,0,0,8,8,9933,92160,5203,97363
2,79464,27000,0,0,8,8,9933,3784,10125,13909
2,79464,47688,0,0,8,8,9933,3584,53649,57233
2,79464,47688,0,0,8,8,9933,64000,53649,117649
2,79464,52488,0,0,8,8,9933,3974,6561,10535
2,79464,73960,0,0,8,8,9933,2662,9245,11907
2,79544,16952,0,0,8,8,9943,29768,6357,36125
2,79544,39304,0,0,8,8,9943,6250,4913,11163
2,79560,8,0,0,16,8,9945,31212,1,31213
2,79560,8,0,0,32,8,9945,28560,1,28561
2,79560,24,0,0,8,8,9945,14848,27,14875
2,79560,72,0,0,8,8,9945,21866,9,21875
2,79560,360,0,0,8,8,9945,16762,45,16807
2,79560,504,0,0,8,8,9945,48778,63,48841
2,79560,3528,0,0,8,8,9945,6656,3969,10625
2,79560,5000,0,0,8,8,9945,21866,625,22491
2,79560,5304,0,0,16,8,9945,16384,4641,21025
2,79560,6264,0,0,8,8,9945,35000,2349,37349
2,79560,6664,0,0,8,8,9945,18850,833,19683
2,79560,6728,0,0,8,8,9945,8192,10933,19125
2,79560,17496,0,0,8,8,9945,21970,2187,24157
2,79560,29000,0,0,8,8,9945,13182,3625,16807
2,79560,30056,0,0,8,8,9945,13050,3757,16807
2,79560,44200,0,0,8,8,9945,232,16575,16807
2,79560,48600,0,0,8,8,9945,22984,18225,41209
2,79784,56,0,0,8,8,9973,249318,7,249325
2,79784,19000,0,0,8,8,9973,32,11875,11907
2,79800,24,0,0,32,8,9975,109744,3,109747
2,79800,40,0,0,8,8,9975,184832,45,184877
2,79800,19000,0,0,8,8,9975,32,11875,11907
2,79800,50792,0,0,8,8,9975,2432,44443,46875
2,79800,55000,0,0,8,8,9975,11552,34375,45927
2,85617,1089,0,0,9,9,9513,12110,121,12231
2,85617,1125,0,0,9,9,9513,22176,625,22801
2,85617,1359,0,0,36,9,9513,20480,453,20933
2,85617,1557,0,0,9,9,9513,43750,173,43923
2,85617,3087,0,0,9,9,9513,10240,3773,14013
2,85617,42039,0,0,9,9,9513,59192,14013,73205
2,85707,801,0,0,18,9,9523,13500,89,13589
2,85707,85707,0,0,36,9,9523,10160,9523,19683
2,85725,9,0,0,72,9,9525,16128,1,16129
2,85977,27,0,0,9,9,9553,196882,3,196885
2,85977,1053,0,0,9,9,9553,11650,117,11767
2,85977,3087,0,0,9,9,9553,28782,343,29125
2,85977,5103,0,0,9,9,9553,76424,1701,78125
2,85977,38025,0,0,9,9,9553,12582,4225,16807
2,85977,52425,0,0,9,9,9553,13858,5825,19683
2,85995,5625,0,0,9,9,9555,57342,625,57967
2,85995,21375,0,0,9,9,9555,32,11875,11907
2,85995,21609,0,0,9,9,9555,3200,16807,20007
2,85995,61731,0,0,9,9,9555,8450,6859,15309
2,86112,18,0,0,18,9,9568,64000,9,64009
2,86112,36,0,0,36,9,9568,64000,9,64009
2,86211,9,0,0,9,9,9579,12462,1,12463
2,86247,639,0,0,9,9,9583,12250,71,12321
2,86247,2187,0,0,9,9,9583,50410,243,50653
2,86319,207,0,0,18,9,9591,11236,23,11259
2,86319,75843,0,0,9,9,9591,24334,8427,32761
2,86337,1629,0,0,36,9,9593,44944,181,45125
2,86355,1125,0,0,9,9,9595,32768,1875,34643
2,86355,1575,0,0,9,9,9595,20402,175,20577
2,86355,4113,0,0,9,9,9595,13718,457,14175
2,86355,21375,0,0,9,9,9595,32,11875,11907
2,86427,45,0,0,9,9,9603,140454,5,140459
2,86427,81,0,0,9,9,9603,22600,27,22627
2,86427,873,0,0,9,9,9603,12800,873,13673
2,86427,4365,0,0,9,9,9603,32544,2425,34969
2,86427,30375,0,0,9,9,9603,29282,3375,32657
2,86562,28854,0,0,36,9,9618,10816,4809,15625
2,86625,63,0,0,9,9,9625,16038,7,16045
2,86670,9630,0,0,18,9,9630,76832,2675,79507
2,86670,19260,0,0,36,9,9630,76832,2675,79507
2,86697,1845,0,0,9,9,9633,19552,1025,20577
2,86697,6075,0,0,9,9,9633,8192,8775,16967
2,86697,17343,0,0,9,9,9633,57122,1927,59049
2,86697,28125,0,0,9,9,9633,5408,15625,21033
2,86895,16875,0,0,9,9,9655,48778,1875,50653
2,86922,18,0,0,18,9,9658,64000,9,64009
2,86922,36,0,0,36,9,9658,64000,9,64009
2,86922,7902,0,0,36,9,9658,50176,2195,52371
2,86922,15804,0,0,72,9,9658,50176,2195,52371
2,87057,5121,0,0,36,9,9673,58480,569,59049
2,87237,9,0,0,9,9,9693,44874,1,44875
2,87291,9,0,0,9,9,9699,23762,1,23763
2,87345,9,0,0,9,9,9705,157216,5,157221
2,87381,171,0,0,9,9,9709,13778,19,13797
2,87381,657,0,0,9,9,9709,13778,73,13851
2,87381,1971,0,0,9,9,9709,8192,2847,11039
2,87381,40131,0,0,9,9,9709,13718,4459,18177
2,87381,75411,0,0,9,9,9709,10624,58653,69277
2,87399,9801,0,0,9,9,9711,2048,11979,14027
2,87435,243,0,0,9,9,9715,15544,81,15625
2,87435,261,0,0,18,9,9715,25596,29,25625
2,87507,9,0,0,18,9,9723,12500,1,12501
2,87615,9,0,0,9,9,9735,16874,1,16875
2,87615,9,0,0,9,9,9735,297674,1,297675
2,87615,9,0,0,36,9,9735,26000,1,26001
2,87615,45,0,0,18,9,9735,28556,5,28561
2,87615,99,0,0,36,9,9735,18928,11,18939
2,87615,117,0,0,9,9,9735,151250,13,151263
2,87615,441,0,0,9,9,9735,12626,49,12675
2,87615,531,0,0,9,9,9735,156006,59,156065
2,87615,1125,0,0,9,9,9735,25894,125,26019
2,87615,1125,0,0,9,9,9735,79768,375,80143
2,87615,1215,0,0,9,9,9735,13696,945,14641
2,87615,2655,0,0,9,9,9735,11154,295,11449
2,87615,2889,0,0,9,9,9735,32768,4815,37583
2,87615,3087,0,0,9,9,9735,11232,1715,12947
2,87615,3645,0,0,9,9,9735,91592,1215,92807
2,87615,3645,0,0,9,9,9735,204974,405,205379
2,87615,4851,0,0,9,9,9735,16000,3773,19773
2,87615,5841,0,0,36,9,9735,10800,649,11449
2,87615,5841,0,0,36,9,9735,104976,649,105625
2,87615,7605,0,0,9,9,9735,27104,4225,31329
2,87615,8667,0,0,9,9,9735,30250,963,31213
2,87615,19773,0,0,9,9,9735,2048,24167,26215
2,87615,25515,0,0,9,9,9735,6136,8505,14641
2,87615,26001,0,0,9,9,9735,2560,26001,28561
2,87615,28431,0,0,9,9,9735,114490,3159,117649
2,87615,31779,0,0,9,9,9735,392,10593,10985
2,87615,35937,0,0,9,9,9735,161896,11979,173875
2,87615,49005,0,0,9,9,9735,472,16335,16807
2,87615,64251,0,0,9,9,9735,19208,21417,40625
2,87615,66375,0,0,9,9,9735,21186,7375,28561
2,87615,72171,0,0,9,9,9735,3430,8019,11449
2,87867,63,0,0,9,9,9763,78104,21,78125
2,87867,2187,0,0,9,9,9763,12250,243,12493
2,87867,3087,0,0,9,9,9763,12150,343,12493
2,87867,6759,0,0,9,9,9763,10368,5257,15625
2,87867,13671,0,0,9,9,9763,4992,10633,15625
2,87867,59319,0,0,9,9,9763,8192,85683,93875
2,87867,87867,0,0,9,9,9763,31250,9763,41013
2,87975,153,0,0,9,9,9775,12150,17,12167
2,87993,9,0,0,72,9,9777,16128,1,16129
2,87993,441,0,0,9,9,9777,29282,49,29331
2,87993,45927,0,0,9,9,9777,128,35721,35849
2,87993,56007,0,0,9,9,9777,15488,43561,59049
2,88047,61731,0,0,9,9,9783,3750,6859,10609
2,88137,12591,0,0,18,9,9793,18284,1399,19683
2,88155,4365,0,0,9,9,9795,7776,2425,10201
2,88245,25281,0,0,9,9,9805,55566,2809,58375
2,88389,20727,0,0,9,9,9821,128018,2303,130321
2,88407,423,0,0,9,9,9823,50578,47,50625
2,88407,35739,0,0,9,9,9823,7074,3971,11045
2,88407,52875,0,0,9,9,9823,11286,5875,17161
2,88515,9,0,0,9,9,9835,175616,9,175625
2,88515,45927,0,0,9,9,9835,139904,35721,175625
2,88569,9,0,0,9,9,9841,19682,1,19683
2,88587,45,0,0,9,9,9843,23328,25,23353
2,88587,43497,0,0,9,9,9843,167042,4833,171875
2,88587,44217,0,0,9,9,9843,48250,4913,53163
2,88722,18,0,0,18,9,9858,22472,3,22475
2,88785,9,0,0,9,9,9865,64000,9,64009
2,88785,9,0,0,9,9,9865,71874,1,71875
2,88785,675,0,0,9,9,9865,16928,375,17303
2,88785,17757,0,0,36,9,9865,35152,1973,37125
2,88785,53271,0,0,9,9,9865,25000,17757,42757
2,88803,13689,0,0,9,9,9867,5632,13689,19321
2,89001,261,0,0,9,9,9889,10368,203,10571
2,89001,279,0,0,9,9,9889,49298,31,49329
2,89001,8091,0,0,18,9,9889,21952,2697,24649
2,89001,9801,0,0,9,9,9889,14848,9801,24649
2,89001,13671,0,0,9,9,9889,13122,1519,14641
2,89001,15543,0,0,9,9,9889,19208,5181,24389
2,89001,59049,0,0,9,9,9889,6728,19683,26411
2,89127,3087,0,0,9,9,9903,15282,343,15625
2,89181,25281,0,0,9,9,9909,19818,2809,22627
2,89262,342,0,0,36,9,9918,29696,95,29791
2,89262,684,0,0,72,9,9918,29696,95,29791
2,89397,81,0,0,9,9,9933,79480,27,79507
2,89397,4257,0,0,9,9,9933,92160,5203,97363
2,89397,30375,0,0,9,9,9933,3784,10125,13909
2,89397,53649,0,0,9,9,9933,3584,53649,57233
2,89397,53649,0,0,9,9,9933,64000,53649,117649
2,89397,59049,0,0,9,9,9933,3974,6561,10535
2,89397,83205,0,0,9,9,9933,2662,9245,11907
2,89487,19071,0,0,9,9,9943,29768,6357,36125
2,89487,44217,0,0,9,9,9943,6250,4913,11163
2,89505,9,0,0,18,9,9945,31212,1,31213
2,89505,9,0,0,36,9,9945,28560,1,28561
2,89505,27,0,0,9,9,9945,14848,27,14875
2,89505,81,0,0,9,9,9945,21866,9,21875
2,89505,405,0,0,9,9,9945,16762,45,16807
2,89505,567,0,0,9,9,9945,48778,63,48841
2,89505,3969,0,0,9,9,9945,6656,3969,10625
2,89505,5625,0,0,9,9,9945,21866,625,22491
2,89505,5967,0,0,18,9,9945,16384,4641,21025
2,89505,7047,0,0,9,9,9945,35000,2349,37349
2,89505,7497,0,0,9,9,9945,18850,833,19683
2,89505,7569,0,0,9,9,9945,8192,10933,19125
2,89505,19683,0,0,9,9,9945,21970,2187,24157
2,89505,32625,0,0,9,9,9945,13182,3625,16807
2,89505,33813,0,0,9,9,9945,13050,3757,16807
2,89505,49725,0,0,9,9,9945,232,16575,16807
2,89505,54675,0,0,9,9,9945,22984,18225,41209
2,89757,63,0,0,9,9,9973,249318,7,249325
2,89757,21375,0,0,9,9,9973,32,11875,11907
2,89775,27,0,0,36,9,9975,109744,3,109747
2,89775,45,0,0,9,9,9975,184832,45,184877
2,89775,21375,0,0,9,9,9975,32,11875,11907
2,89775,57141,0,0,9,9,9975,2432,44443,46875
2,89775,61875,0,0,9,9,9975,11552,34375,45927
2,95130,1210,0,0,10,10,9513,12110,121,12231
2,95130,1250,0,0,10,10,9513,22176,625,22801
2,95130,1510,0,0,40,10,9513,20480,453,20933
2,95130,1730,0,0,10,10,9513,43750,173,43923
2,95130,3430,0,0,10,10,9513,10240,3773,14013
2,95130,46710,0,0,10,10,9513,59192,14013,73205
2,95230,890,0,0,20,10,9523,13500,89,13589
2,95230,95230,0,0,40,10,9523,10160,9523,19683
2,95250,10,0,0,80,10,9525,16128,1,16129
2,95530,30,0,0,10,10,9553,196882,3,196885
2,95530,1170,0,0,10,10,9553,11650,117,11767
2,95530,3430,0,0,10,10,9553,28782,343,29125
2,95530,5670,0,0,10,10,9553,76424,1701,78125
2,95530,42250,0,0,10,10,9553,12582,4225,16807
2,95530,58250,0,0,10,10,9553,13858,5825,19683
2,95550,6250,0,0,10,10,9555,57342,625,57967
2,95550,23750,0,0,10,10,9555,32,11875,11907
2,95550,24010,0,0,10,10,9555,3200,16807,20007
2,95550,68590,0,0,10,10,9555,8450,6859,15309
2,95680,20,0,0,20,10,9568,64000,9,64009
2,95680,40,0,0,40,10,9568,64000,9,64009
2,95790,10,0,0,10,10,9579,12462,1,12463
2,95830,710,0,0,10,10,9583,12250,71,12321
2,95830,2430,0,0,10,10,9583,50410,243,50653
2,95910,230,0,0,20,10,9591,11236,23,11259
2,95910,84270,0,0,10,10,9591,24334,8427,32761
2,95930,1810,0,0,40,10,9593,44944,181,45125
2,95950,1250,0,0,10,10,9595,32768,1875,34643
2,95950,1750,0,0,10,10,9595,20402,175,20577
2,95950,4570,0,0,10,10,9595,13718,457,14175
2,95950,23750,0,0,10,10,9595,32,11875,11907
2,96030,50,0,0,10,10,9603,140454,5,140459
2,96030,90,0,0,10,10,9603,22600,27,22627
2,96030,970,0,0,10,10,9603,12800,873,13673
2,96030,4850,0,0,10,10,9603,32544,2425,34969
2,96030,33750,0,0,10,10,9603,29282,3375,32657
2,96180,32060,0,0,40,10,9618,10816,4809,15625
2,96250,70,0,0,10,10,9625,16038,7,16045
2,96300,10700,0,0,20,10,9630,76832,2675,79507
2,96300,21400,0,0,40,10,9630,76832,2675,79507
2,96330,2050,0,0,10,10,9633,19552,1025,20577
2,96330,6750,0,0,10,10,9633,8192,8775,16967
2,96330,19270,0,0,10,10,9633,57122,1927,59049
2,96330,31250,0,0,10,10,9633,5408,15625,21033
2,96550,18750,0,0,10,10,9655,48778,1875,50653
2,96580,20,0,0,20,10,9658,64000,9,64009
2,96580,40,0,0,40,10,9658,64000,9,64009
2,96580,8780,0,0,40,10,9658,50176,2195,52371
2,96580,17560,0,0,80,10,9658,50176,2195,52371
2,96730,5690,0,0,40,10,9673,58480,569,59049
2,96930,10,0,0,10,10,9693,44874,1,44875
2,96990,10,0,0,10,10,9699,23762,1,23763
2,97050,10,0,0,10,10,9705,157216,5,157221
2,97090,190,0,0,10,10,9709,13778,19,13797
2,97090,730,0,0,10,10,9709,13778,73,13851
2,97090,2190,0,0,10,10,9709,8192,2847,11039
2,97090,44590,0,0,10,10,9709,13718,4459,18177
2,97090,83790,0,0,10,10,9709,10624,58653,69277
2,97110,10890,0,0,10,10,9711,2048,11979,14027
2,97150,270,0,0,10,10,9715,15544,81,15625
2,97150,290,0,0,20,10,9715,25596,29,25625
2,97230,10,0,0,20,10,9723,12500,1,12501
2,97350,10,0,0,10,10,9735,16874,1,16875
2,97350,10,0,0,10,10,9735,297674,1,297675
2,97350,10,0,0,40,10,9735,26000,1,26001
2,97350,50,0,0,20,10,9735,28556,5,28561
2,97350,110,0,0,40,10,9735,18928,11,18939
2,97350,130,0,0,10,10,9735,151250,13,151263
2,97350,490,0,0,10,10,9735,12626,49,12675
2,97350,590,0,0,10,10,9735,156006,59,156065
2,97350,1250,0,0,10,10,9735,25894,125,26019
2,97350,1250,0,0,10,10,9735,79768,375,80143
2,97350,1350,0,0,10,10,9735,13696,945,14641
2,97350,2950,0,0,10,10,9735,11154,295,11449
2,97350,3210,0,0,10,10,9735,32768,4815,37583
2,97350,3430,0,0,10,10,9735,11232,1715,12947
2,97350,4050,0,0,10,10,9735,91592,1215,92807
2,97350,4050,0,0,10,10,9735,204974,405,205379
2,97350,5390,0,0,10,10,9735,16000,3773,19773
2,97350,6490,0,0,40,10,9735,10800,649,11449
2,97350,6490,0,0,40,10,9735,104976,649,105625
2,97350,8450,0,0,10,10,9735,27104,4225,31329
2,97350,9630,0,0,10,10,9735,30250,963,31213
2,97350,21970,0,0,10,10,9735,2048,24167,26215
2,97350,28350,0,0,10,10,9735,6136,8505,14641
2,97350,28890,0,0,10,10,9735,2560,26001,28561
2,97350,31590,0,0,10,10,9735,114490,3159,117649
2,97350,35310,0,0,10,10,9735,392,10593,10985
2,97350,39930,0,0,10,10,9735,161896,11979,173875
2,97350,54450,0,0,10,10,9735,472,16335,16807
2,97350,71390,0,0,10,10,9735,19208,21417,40625
2,97350,73750,0,0,10,10,9735,21186,7375,28561
2,97350,80190,0,0,10,10,9735,3430,8019,11449
2,97630,70,0,0,10,10,9763,78104,21,78125
2,97630,2430,0,0,10,10,9763,12250,243,12493
2,97630,3430,0,0,10,10,9763,12150,343,12493
2,97630,7510,0,0,10,10,9763,10368,5257,15625
2,97630,15190,0,0,10,10,9763,4992,10633,15625
2,97630,65910,0,0,10,10,9763,8192,85683,93875
2,97630,97630,0,0,10,10,9763,31250,9763,41013
2,97750,170,0,0,10,10,9775,12150,17,12167
2,97770,10,0,0,80,10,9777,16128,1,16129
2,97770,490,0,0,10,10,9777,29282,49,29331
2,97770,51030,0,0,10,10,9777,128,35721,35849
2,97770,62230,0,0,10,10,9777,15488,43561,59049
2,97830,68590,0,0,10,10,9783,3750,6859,10609
2,97930,13990,0,0,20,10,9793,18284,1399,19683
2,97950,4850,0,0,10,10,9795,7776,2425,10201
2,98050,28090,0,0,10,10,9805,55566,2809,58375
2,98210,23030,0,0,10,10,9821,128018,2303,130321
2,98230,470,0,0,10,10,9823,50578,47,50625
2,98230,39710,0,0,10,10,9823,7074,3971,11045
2,98230,58750,0,0,10,10,9823,11286,5875,17161
2,98350,10,0,0,10,10,9835,175616,9,175625
2,98350,51030,0,0,10,10,9835,139904,35721,175625
2,98410,10,0,0,10,10,9841,19682,1,19683
2,98430,50,0,0,10,10,9843,23328,25,23353
2,98430,48330,0,0,10,10,9843,167042,4833,171875
2,98430,49130,0,0,10,10,9843,48250,4913,53163
2,98580,20,0,0,20,10,9858,22472,3,22475
2,98650,10,0,0,10,10,9865,64000,9,64009
2,98650,10,0,0,10,10,9865,71874,1,71875
2,98650,750,0,0,10,10,9865,16928,375,17303
2,98650,19730,0,0,40,10,9865,35152,1973,37125
2,98650,59190,0,0,10,10,9865,25000,17757,42757
2,98670,15210,0,0,10,10,9867,5632,13689,19321
2,98890,290,0,0,10,10,9889,10368,203,10571
2,98890,310,0,0,10,10,9889,49298,31,49329
2,98890,8990,0,0,20,10,9889,21952,2697,24649
2,98890,10890,0,0,10,10,9889,14848,9801,24649
2,98890,15190,0,0,10,10,9889,13122,1519,14641
2,98890,17270,0,0,10,10,9889,19208,5181,24389
2,98890,65610,0,0,10,10,9889,6728,19683,26411
2,99030,3430,0,0,10,10,9903,15282,343,15625
2,99090,28090,0,0,10,10,9909,19818,2809,22627
2,99180,380,0,0,40,10,9918,29696,95,29791
2,99180,760,0,0,80,10,9918,29696,95,29791
2,99330,90,0,0,10,10,9933,79480,27,79507
2,99330,4730,0,0,10,10,9933,92160,5203,97363
2,99330,33750,0,0,10,10,9933,3784,10125,13909
2,99330,59610,0,0,10,10,9933,3584,53649,57233
2,99330,59610,0,0,10,10,9933,64000,53649,117649
2,99330,65610,0,0,10,10,9933,3974,6561,10535
2,99330,92450,0,0,10,10,9933,2662,9245,11907
2,99430,21190,0,0,10,10,9943,29768,6357,36125
2,99430,49130,0,0,10,10,9943,6250,4913,11163
2,99450,10,0,0,20,10,9945,31212,1,31213
2,99450,10,0,0,40,10,9945,28560,1,28561
2,99450,30,0,0,10,10,9945,14848,27,14875
2,99450,90,0,0,10,10,9945,21866,9,21875
2,99450,450,0,0,10,10,9945,16762,45,16807
2,99450,630,0,0,10,10,9945,48778,63,48841
2,99450,4410,0,0,10,10,9945,6656,3969,10625
2,99450,6250,0,0,10,10,9945,21866,625,22491
2,99450,6630,0,0,20,10,9945,16384,4641,21025
2,99450,7830,0,0,10,10,9945,35000,2349,37349
2,99450,8330,0,0,10,10,9945,18850,833,19683
2,99450,8410,0,0,10,10,9945,8192,10933,19125
2,99450,21870,0,0,10,10,9945,21970,2187,24157
2,99450,36250,0,0,10,10,9945,13182,3625,16807
2,99450,37570,0,0,10,10,9945,13050,3757,16807
2,99450,55250,0,0,10,10,9945,232,16575,16807
2,99450,60750,0,0,10,10,9945,22984,18225,41209
2,99730,70,0,0,10,10,9973,249318,7,249325
2,99730,23750,0,0,10,10,9973,32,11875,11907
2,99750,30,0,0,40,10,9975,109744,3,109747
2,99750,50,0,0,10,10,9975,184832,45,184877
2,99750,23750,0,0,10,10,9975,32,11875,11907
2,99750,63490,0,0,10,10,9975,2432,44443,46875
2,99750,68750,0,0,10,10,9975,11552,34375,45927
2,104643,1331,0,0,11,11,9513,12110,121,12231
2,104643,1375,0,0,11,11,9513,22176,625,22801
2,104643,1661,0,0,44,11,9513,20480,453,20933
2,104643,1903,0,0,11,11,9513,43750,173,43923
2,104643,3773,0,0,11,11,9513,10240,3773,14013
2,104643,51381,0,0,11,11,9513,59192,14013,73205
2,104753,979,0,0,22,11,9523,13500,89,13589
2,104753,104753,0,0,44,11,9523,10160,9523,19683
2,104775,11,0,0,88,11,9525,16128,1,16129
2,105083,33,0,0,11,11,9553,196882,3,196885
2,105083,1287,0,0,11,11,9553,11650,117,11767
2,105083,3773,0,0,11,11,9553,28782,343,29125
2,105083,6237,0,0,11,11,9553,76424,1701,78125
2,105083,46475,0,0,11,11,9553,12582,4225,16807
2,105083,64075,0,0,11,11,9553,13858,5825,19683
2,105105,6875,0,0,11,11,9555,57342,625,57967
2,105105,26125,0,0,11,11,9555,32,11875,11907
2,105105,26411,0,0,11,11,9555,3200,16807,20007
2,105105,75449,0,0,11,11,9555,8450,6859,15309
2,105248,22,0,0,22,11,9568,64000,9,64009
2,105248,44,0,0,44,11,9568,64000,9,64009
2,105369,11,0,0,11,11,9579,12462,1,12463
2,105413,781,0,0,11,11,9583,12250,71,12321
2,105413,2673,0,0,11,11,9583,50410,243,50653
2,105501,253,0,0,22,11,9591,11236,23,11259
2,105501,92697,0,0,11,11,9591,24334,8427,32761
2,105523,1991,0,0,44,11,9593,44944,181,45125
2,105545,1375,0,0,11,11,9595,32768,1875,34643
2,105545,1925,0,0,11,11,9595,20402,175,20577
2,105545,5027,0,0,11,11,9595,13718,457,14175
2,105545,26125,0,0,11,11,9595,32,11875,11907
2,105633,55,0,0,11,11,9603,140454,5,140459
2,105633,99,0,0,11,11,9603,22600,27,22627
2,105633,1067,0,0,11,11,9603,12800,873,13673
2,105633,5335,0,0,11,11,9603,32544,2425,34969
2,105633,37125,0,0,11,11,9603,29282,3375,32657
2,105798,35266,0,0,44,11,9618,10816,4809,15625
2,105875,77,0,0,11,11,9625,16038,7,16045
2,105930,11770,0,0,22,11,9630,76832,2675,79507
2,105930,23540,0,0,44,11,9630,76832,2675,79507
2,105963,2255,0,0,11,11,9633,19552,1025,20577
2,105963,7425,0,0,11,11,9633,8192,8775,16967
2,105963,21197,0,0,11,11,9633,57122,1927,59049
2,105963,34375,0,0,11,11,9633,5408,15625,21033
2,106205,20625,0,0,11,11,9655,48778,1875,50653
2,106238,22,0,0,22,11,9658,64000,9,64009
2,106238,44,0,0,44,11,9658,64000,9,64009
2,106238,9658,0,0,44,11,9658,50176,2195,52371
2,106238,19316,0,0,88,11,9658,50176,2195,52371
2,106403,6259,0,0,44,11,9673,58480,569,59049
2,106623,11,0,0,11,11,9693,44874,1,44875
2,106689,11,0,0,11,11,9699,23762,1,23763
2,106755,11,0,0,11,11,9705,157216,5,157221
2,106799,209,0,0,11,11,9709,13778,19,13797
2,106799,803,0,0,11,11,9709,13778,73,13851
2,106799,2409,0,0,11,11,9709,8192,2847,11039
2,106799,49049,0,0,11,11,9709,13718,4459,18177
2,106799,92169,0,0,11,11,9709,10624,58653,69277
2,106821,11979,0,0,11,11,9711,2048,11979,14027
2,106865,297,0,0,11,11,9715,15544,81,15625
2,106865,319,0,0,22,11,9715,25596,29,25625
2,106953,11,0,0,22,11,9723,12500,1,12501
2,107085,11,0,0,11,11,9735,16874,1,16875
2,107085,11,0,0,11,11,9735,297674,1,297675
2,107085,11,0,0,44,11,9735,26000,1,26001
2,107085,55,0,0,22,11,9735,28556,5,28561
2,107085,121,0,0,44,11,9735,18928,11,18939
2,107085,143,0,0,11,11,9735,151250,13,151263
2,107085,539,0,0,11,11,9735,12626,49,12675
2,107085,649,0,0,11,11,9735,156006,59,156065
2,107085,1375,0,0,11,11,9735,25894,125,26019
2,107085,1375,0,0,11,11,9735,79768,375,80143
2,107085,1485,0,0,11,11,9735,13696,945,14641
2,107085,3245,0,0,11,11,9735,11154,295,11449
2,107085,3531,0,0,11,11,9735,32768,4815,37583
2,107085,3773,0,0,11,11,9735,11232,1715,12947
2,107085,4455,0,0,11,11,9735,91592,1215,92807
2,107085,4455,0,0,11,11,9735,204974,405,205379
2,107085,5929,0,0,11,11,9735,16000,3773,19773
2,107085,7139,0,0,44,11,9735,10800,649,11449
2,107085,7139,0,0,44,11,9735,104976,649,105625
2,107085,9295,0,0,11,11,9735,27104,4225,31329
2,107085,10593,0,0,11,11,9735,30250,963,31213
2,107085,24167,0,0,11,11,9735,2048,24167,26215
2,107085,31185,0,0,11,11,9735,6136,8505,14641
2,107085,31779,0,0,11,11,9735,2560,26001,28561
2,107085,34749,0,0,11,11,9735,114490,3159,117649
2,107085,38841,0,0,11,11,9735,392,10593,10985
2,107085,43923,0,0,11,11,9735,161896,11979,173875
2,107085,59895,0,0,11,11,9735,472,16335,16807
2,107085,78529,0,0,11,11,9735,19208,21417,40625
2,107085,81125,0,0,11,11,9735,21186,7375,28561
2,107085,88209,0,0,11,11,9735,3430,8019,11449
2,107393,77,0,0,11,11,9763,78104,21,78125
2,107393,2673,0,0,11,11,9763,12250,243,12493
2,107393,3773,0,0,11,11,9763,12150,343,12493
2,107393,8261,0,0,11,11,9763,10368,5257,15625
2,107393,16709,0,0,11,11,9763,4992,10633,15625
2,107393,72501,0,0,11,11,9763,8192,85683,93875
2,107393,107393,0,0,11,11,9763,31250,9763,41013
2,107525,187,0,0,11,11,9775,12150,17,12167
2,107547,11,0,0,88,11,9777,16128,1,16129
2,107547,539,0,0,11,11,9777,29282,49,29331
2,107547,56133,0,0,11,11,9777,128,35721,35849
2,107547,68453,0,0,11,11,9777,15488,43561,59049
2,107613,75449,0,0,11,11,9783,3750,6859,10609
2,107723,15389,0,0,22,11,9793,18284,1399,19683
2,107745,5335,0,0,11,11,9795,7776,2425,10201
2,107855,30899,0,0,11,11,9805,55566,2809,58375
2,108031,25333,0,0,11,11,9821,128018,2303,130321
2,108053,517,0,0,11,11,9823,50578,47,50625
2,108053,43681,0,0,11,11,9823,7074,3971,11045
2,108053,64625,0,0,11,11,9823,11286,5875,17161
2,108185,11,0,0,11,11,9835,175616,9,175625
2,108185,56133,0,0,11,11,9835,139904,35721,175625
2,108251,11,0,0,11,11,9841,19682,1,19683
2,108273,55,0,0,11,11,9843,23328,25,23353
2,108273,53163,0,0,11,11,9843,167042,4833,171875
2,108273,54043,0,0,11,11,9843,48250,4913,53163
2,108438,22,0,0,22,11,9858,22472,3,22475
2,108515,11,0,0,11,11,9865,64000,9,64009
2,108515,11,0,0,11,11,9865,71874,1,71875
2,108515,825,0,0,11,11,9865,16928,375,17303
2,108515,21703,0,0,44,11,9865,35152,1973,37125
2,108515,65109,0,0,11,11,9865,25000,17757,42757
2,108537,16731,0,0,11,11,9867,5632,13689,19321
2,108779,319,0,0,11,11,9889,10368,203,10571
2,108779,341,0,0,11,11,9889,49298,31,49329
2,108779,9889,0,0,22,11,9889,21952,2697,24649
2,108779,11979,0,0,11,11,9889,14848,9801,24649
2,108779,16709,0,0,11,11,9889,13122,1519,14641
2,108779,18997,0,0,11,11,9889,19208,5181,24389
2,108779,72171,0,0,11,11,9889,6728,19683,26411
2,108933,3773,0,0,11,11,9903,15282,343,15625
2,108999,30899,0,0,11,11,9909,19818,2809,22627
2,109098,418,0,0,44,11,9918,29696,95,29791
2,109098,836,0,0,88,11,9918,29696,95,29791
2,109263,99,0,0,11,11,9933,79480,27,79507
2,109263,5203,0,0,11,11,9933,92160,5203,97363
2,109263,37125,0,0,11,11,9933,3784,10125,13909
2,109263,65571,0,0,11,11,9933,3584,53649,57233
2,109263,65571,0,0,11,11,9933,64000,53649,117649
2,109263,72171,0,0,11,11,9933,3974,6561,10535
2,109263,101695,0,0,11,11,9933,2662,9245,11907
2,109373,23309,0,0,11,11,9943,29768,6357,36125
2,109373,54043,0,0,11,11,9943,6250,4913,11163
2,109395,11,0,0,22,11,9945,31212,1,31213
2,109395,11,0,0,44,11,9945,28560,1,28561
2,109395,33,0,0,11,11,9945,14848,27,14875
2,109395,99,0,0,11,11,9945,21866,9,21875
2,109395,495,0,0,11,11,9945,16762,45,16807
2,109395,693,0,0,11,11,9945,48778,63,48841
2,109395,4851,0,0,11,11,9945,6656,3969,10625
2,109395,6875,0,0,11,11,9945,21866,625,22491
2,109395,7293,0,0,22,11,9945,16384,4641,21025
2,109395,8613,0,0,11,11,9945,35000,2349,37349
2,109395,9163,0,0,11,11,9945,18850,833,19683
2,109395,9251,0,0,11,11,9945,8192,10933,19125
2,109395,24057,0,0,11,11,9945,21970,2187,24157
2,109395,39875,0,0,11,11,9945,13182,3625,16807
2,109395,41327,0,0,11,11,9945,13050,3757,16807
2,109395,60775,0,0,11,11,9945,232,16575,16807
2,109395,66825,0,0,11,11,9945,22984,18225,41209
2,109703,77,0,0,11,11,9973,249318,7,249325
2,109703,26125,0,0,11,11,9973,32,11875,11907
2,109725,33,0,0,44,11,9975,109744,3,109747
2,109725,55,0,0,11,11,9975,184832,45,184877
2,109725,26125,0,0,11,11,9975,32,11875,11907
2,109725,69839,0,0,11,11,9975,2432,44443,46875
2,109725,75625,0,0,11,11,9975,11552,34375,45927
2,114156,1452,0,0,12,12,9513,12110,121,12231
2,114156,1500,0,0,12,12,9513,22176,625,22801
2,114156,1812,0,0,48,12,9513,20480,453,20933
2,114156,2076,0,0,12,12,9513,43750,173,43923
2,114156,4116,0,0,12,12,9513,10240,3773,14013
2,114156,56052,0,0,12,12,9513,59192,14013,73205
2,114276,1068,0,0,24,12,9523,13500,89,13589
2,114276,114276,0,0,48,12,9523,10160,9523,19683
2,114300,12,0,0,96,12,9525,16128,1,16129
2,114636,36,0,0,12,12,9553,196882,3,196885
2,114636,1404,0,0,12,12,9553,11650,117,11767
2,114636,4116,0,0,12,12,9553,28782,343,29125
2,114636,6804,0,0,12,12,9553,76424,1701,78125
2,114636,50700,0,0,12,12,9553,12582,4225,16807
2,114636,69900,0,0,12,12,9553,13858,5825,19683
2,114660,7500,0,0,12,12,9555,57342,625,57967
2,114660,28500,0,0,12,12,9555,32,11875,11907
2,114660,28812,0,0,12,12,9555,3200,16807,20007
2,114660,82308,0,0,12,12,9555,8450,6859,15309
2,114816,24,0,0,24,12,9568,64000,9,64009
2,114816,48,0,0,48,12,9568,64000,9,64009
2,114948,12,0,0,12,12,9579,12462,1,12463
2,114996,852,0,0,12,12,9583,12250,71,12321
2,114996,2916,0,0,12,12,9583,50410,243,50653
2,115092,276,0,0,24,12,9591,11236,23,11259
2,115092,101124,0,0,12,12,9591,24334,8427,32761
2,115116,2172,0,0,48,12,9593,44944,181,45125
2,115140,1500,0,0,12,12,9595,32768,1875,34643
2,115140,2100,0,0,12,12,9595,20402,175,20577
2,115140,5484,0,0,12,12,9595,13718,457,14175
2,115140,28500,0,0,12,12,9595,32,11875,11907
2,115236,60,0,0,12,12,9603,140454,5,140459
2,115236,108,0,0,12,12,9603,22600,27,22627
2,115236,1164,0,0,12,12,9603,12800,873,13673
2,115236,5820,0,0,12,12,9603,32544,2425,34969
2,115236,40500,0,0,12,12,9603,29282,3375,32657
2,115416,38472,0,0,48,12,9618,10816,4809,15625
2,115500,84,0,0,12,12,9625,16038,7,16045
2,115560,12840,0,0,24,12,9630,76832,2675,79507
2,115560,25680,0,0,48,12,9630,76832,2675,79507
2,115596,2460,0,0,12,12,9633,19552,1025,20577
2,115596,8100,0,0,12,12,9633,8192,8775,16967
2,115596,23124,0,0,12,12,9633,57122,1927,59049
2,115596,37500,0,0,12,12,9633,5408,15625,21033
2,115860,22500,0,0,12,12,9655,48778,1875,50653
2,115896,24,0,0,24,12,9658,64000,9,64009
2,115896,48,0,0,48,12,9658,64000,9,64009
2,115896,10536,0,0,48,12,9658,50176,2195,52371
2,115896,21072,0,0,96,12,9658,50176,2195,52371
2,116076,6828,0,0,48,12,9673,58480,569,59049
2,116316,12,0,0,12,12,9693,44874,1,44875
2,116388,12,0,0,12,12,9699,23762,1,23763
2,116460,12,0,0,12,12,9705,157216,5,157221
2,116508,228,0,0,12,12,9709,13778,19,13797
2,116508,876,0,0,12,12,9709,13778,73,13851
2,116508,2628,0,0,12,12,9709,8192,2847,11039
2,116508,53508,0,0,12,12,9709,13718,4459,18177
2,116508,100548,0,0,12,12,9709,10624,58653,69277
2,116532,13068,0,0,12,12,9711,2048,11979,14027
2,116580,324,0,0,12,12,9715,15544,81,15625
2,116580,348,0,0,24,12,9715,25596,29,25625
2,116676,12,0,0,24,12,9723,12500,1,12501
2,116820,12,0,0,12,12,9735,16874,1,16875
2,116820,12,0,0,12,12,9735,297674,1,297675
2,116820,12,0,0,48,12,9735,26000,1,26001
2,116820,60,0,0,24,12,9735,28556,5,28561
2,116820,132,0,0,48,12,9735,18928,11,18939
2,116820,156,0,0,12,12,9735,151250,13,151263
2,116820,588,0,0,12,12,9735,12626,49,12675
2,116820,708,0,0,12,12,9735,156006,59,156065
2,116820,1500,0,0,12,12,9735,25894,125,26019
2,116820,1500,0,0,12,12,9735,79768,375,80143
2,116820,1620,0,0,12,12,9735,13696,945,14641
2,116820,3540,0,0,12,12,9735,11154,295,11449
2,116820,3852,0,0,12,12,9735,32768,4815,37583
2,116820,4116,0,0,12,12,9735,11232,1715,12947
2,116820,4860,0,0,12,12,9735,91592,1215,92807
2,116820,4860,0,0,12,12,9735,204974,405,205379
2,116820,6468,0,0,12,12,9735,16000,3773,19773
2,116820,7788,0,0,48,12,9735,10800,649,11449
2,116820,7788,0,0,48,12,9735,104976,649,105625
2,116820,10140,0,0,12,12,9735,27104,4225,31329
2,116820,11556,0,0,12,12,9735,30250,963,31213
2,116820,26364,0,0,12,12,9735,2048,24167,26215
2,116820,34020,0,0,12,12,9735,6136,8505,14641
2,116820,34668,0,0,12,12,9735,2560,26001,28561
2,116820,37908,0,0,12,12,9735,114490,3159,117649
2,116820,42372,0,0,12,12,9735,392,10593,10985
2,116820,47916,0,0,12,12,9735,161896,11979,173875
2,116820,65340,0,0,12,12,9735,472,16335,16807
2,116820,85668,0,0,12,12,9735,19208,21417,40625
2,116820,88500,0,0,12,12,9735,21186,7375,28561
2,116820,96228,0,0,12,12,9735,3430,8019,11449
2,117156,84,0,0,12,12,9763,78104,21,78125
2,117156,2916,0,0,12,12,9763,12250,243,12493
2,117156,4116,0,0,12,12,9763,12150,343,12493
2,117156,9012,0,0,12,12,9763,10368,5257,15625
2,117156,18228,0,0,12,12,9763,4992,10633,15625
2,117156,79092,0,0,12,12,9763,8192,85683,93875
2,117156,117156,0,0,12,12,9763,31250,9763,41013
2,117300,204,0,0,12,12,9775,12150,17,12167
2,117324,12,0,0,96,12,9777,16128,1,16129
2,117324,588,0,0,12,12,9777,29282,49,29331
2,117324,61236,0,0,12,12,9777,128,35721,35849
2,117324,74676,0,0,12,12,9777,15488,43561,59049
2,117396,82308,0,0,12,12,9783,3750,6859,10609
2,117516,16788,0,0,24,12,9793,18284,1399,19683
2,117540,5820,0,0,12,12,9795,7776,2425,10201
2,117660,33708,0,0,12,12,9805,55566,2809,58375
2,117852,27636,0,0,12,12,9821,128018,2303,130321
2,117876,564,0,0,12,12,9823,50578,47,50625
2,117876,47652,0,0,12,12,9823,7074,3971,11045
2,117876,70500,0,0,12,12,9823,11286,5875,17161
2,118020,12,0,0,12,12,9835,175616,9,175625
2,118020,61236,0,0,12,12,9835,139904,35721,175625
2,118092,12,0,0,12,12,9841,19682,1,19683
2,118116,60,0,0,12,12,9843,23328,25,23353
2,118116,57996,0,0,12,12,9843,167042,4833,171875
2,118116,58956,0,0,12,12,9843,48250,4913,53163
2,118296,24,0,0,24,12,9858,22472,3,22475
2,118380,12,0,0,12,12,9865,64000,9,64009
2,118380,12,0,0,12,12,9865,71874,1,71875
2,118380,900,0,0,12,12,9865,16928,375,17303
2,118380,23676,0,0,48,12,9865,35152,1973,37125
2,118380,71028,0,0,12,12,9865,25000,17757,42757
2,118404,18252,0,0,12,12,9867,5632,13689,19321
2,118668,348,0,0,12,12,9889,10368,203,10571
2,118668,372,0,0,12,12,9889,49298,31,49329
2,118668,10788,0,0,24,12,9889,21952,2697,24649
2,118668,13068,0,0,12,12,9889,14848,9801,24649
2,118668,18228,0,0,12,12,9889,13122,1519,14641
2,118668,20724,0,0,12,12,9889,19208,5181,24389
2,118668,78732,0,0,12,12,9889,6728,19683,26411
2,118836,4116,0,0,12,12,9903,15282,343,15625
2,118908,33708,0,0,12,12,9909,19818,2809,22627
2,119016,456,0,0,48,12,9918,29696,95,29791
2,119016,912,0,0,96,12,9918,29696,95,29791
2,119196,108,0,0,12,12,9933,79480,27,79507
2,119196,5676,0,0,12,12,9933,92160,5203,97363
2,119196,40500,0,0,12,12,9933,3784,10125,13909
2,119196,71532,0,0,12,12,9933,3584,53649,57233
2,119196,71532,0,0,12,12,9933,64000,53649,117649
2,119196,78732,0,0,12,12,9933,3974,6561,10535
2,119196,110940,0,0,12,12,9933,2662,9245,11907
2,119316,25428,0,0,12,12,9943,29768,6357,36125
2,119316,58956,0,0,12,12,9943,6250,4913,11163
2,119340,12,0,0,24,12,9945,31212,1,31213
2,119340,12,0,0,48,12,9945,28560,1,28561
2,119340,36,0,0,12,12,9945,14848,27,14875
2,119340,108,0,0,12,12,9945,21866,9,21875
2,119340,540,0,0,12,12,9945,16762,45,16807
2,119340,756,0,0,12,12,9945,48778,63,48841
2,119340,5292,0,0,12,12,9945,6656,3969,10625
2,119340,7500,0,0,12,12,9945,21866,625,22491
2,119340,7956,0,0,24,12,9945,16384,4641,21025
2,119340,9396,0,0,12,12,9945,35000,2349,37349
2,119340,9996,0,0,12,12,9945,18850,833,19683
2,119340,10092,0,0,12,12,9945,8192,10933,19125
2,119340,26244,0,0,12,12,9945,21970,2187,24157
2,119340,43500,0,0,12,12,9945,13182,3625,16807
2,119340,45084,0,0,12,12,9945,13050,3757,16807
2,119340,66300,0,0,12,12,9945,232,16575,16807
2,119340,72900,0,0,12,12,9945,22984,18225,41209
2,119676,84,0,0,12,12,9973,249318,7,249325
2,119676,28500,0,0,12,12,9973,32,11875,11907
2,119700,36,0,0,48,12,9975,109744,3,109747
2,119700,60,0,0,12,12,9975,184832,45,184877
2,119700,28500,0,0,12,12,9975,32,11875,11907
2,119700,76188,0,0,12,12,9975,2432,44443,46875
2,119700,82500,0,0,12,12,9975,11552,34375,45927
2,123669,1573,0,0,13,13,9513,12110,121,12231
2,123669,1625,0,0,13,13,9513,22176,625,22801
2,123669,1963,0,0,52,13,9513,20480,453,20933
2,123669,2249,0,0,13,13,9513,43750,173,43923
2,123669,4459,0,0,13,13,9513,10240,3773,14013
2,123669,60723,0,0,13,13,9513,59192,14013,73205
2,123799,1157,0,0,26,13,9523,13500,89,13589
2,123799,123799,0,0,52,13,9523,10160,9523,19683
2,123825,13,0,0,104,13,9525,16128,1,16129
2,124189,39,0,0,13,13,9553,196882,3,196885
2,124189,1521,0,0,13,13,9553,11650,117,11767
2,124189,4459,0,0,13,13,9553,28782,343,29125
2,124189,7371,0,0,13,13,9553,76424,1701,78125
2,124189,54925,0,0,13,13,9553,12582,4225,16807
2,124189,75725,0,0,13,13,9553,13858,5825,19683
2,124215,8125,0,0,13,13,9555,57342,625,57967
2,124215,30875,0,0,13,13,9555,32,11875,11907
2,124215,31213,0,0,13,13,9555,3200,16807,20007
2,124215,89167,0,0,13,13,9555,8450,6859,15309
2,124384,26,0,0,26,13,9568,64000,9,64009
2,124384,52,0,0,52,13,9568,64000,9,64009
2,124527,13,0,0,13,13,9579,12462,1,12463
2,124579,923,0,0,13,13,9583,12250,71,12321
2,124579,3159,0,0,13,13,9583,50410,243,50653
2,124683,299,0,0,26,13,9591,11236,23,11259
2,124683,109551,0,0,13,13,9591,24334,8427,32761
2,124709,2353,0,0,52,13,9593,44944,181,45125
2,124735,1625,0,0,13,13,9595,32768,1875,34643
2,124735,2275,0,0,13,13,9595,20402,175,20577
2,124735,5941,0,0,13,13,9595,13718,457,14175
2,124735,30875,0,0,13,13,9595,32,11875,11907
2,124839,65,0,0,13,13,9603,140454,5,140459
2,124839,117,0,0,13,13,9603,22600,27,22627
2,124839,1261,0,0,13,13,9603,12800,873,13673
2,124839,6305,0,0,13,13,9603,32544,2425,34969
2,124839,43875,0,0,13,13,9603,29282,3375,32657
2,125034,41678,0,0,52,13,9618,10816,4809,15625
2,125125,91,0,0,13,13,9625,16038,7,16045
2,125190,13910,0,0,26,13,9630,76832,2675,79507
2,125190,27820,0,0,52,13,9630,76832,2675,79507
2,125229,2665,0,0,13,13,9633,19552,1025,20577
2,125229,8775,0,0,13,13,9633,8192,8775,16967
2,125229,25051,0,0,13,13,9633,57122,1927,59049
2,125229,40625,0,0,13,13,9633,5408,15625,21033
2,125515,24375,0,0,13,13,9655,48778,1875,50653
2,125554,26,0,0,26,13,9658,64000,9,64009
2,125554,52,0,0,52,13,9658,64000,9,64009
2,125554,11414,0,0,52,13,9658,50176,2195,52371
2,125554,22828,0,0,104,13,9658,50176,2195,52371
2,125749,7397,0,0,52,13,9673,58480,569,59049
2,126009,13,0,0,13,13,9693,44874,1,44875
2,126087,13,0,0,13,13,9699,23762,1,23763
2,126165,13,0,0,13,13,9705,157216,5,157221
2,126217,247,0,0,13,13,9709,13778,19,13797
2,126217,949,0,0,13,13,9709,13778,73,13851
2,126217,2847,0,0,13,13,9709,8192,2847,11039
2,126217,57967,0,0,13,13,9709,13718,4459,18177
2,126217,108927,0,0,13,13,9709,10624,58653,69277
2,126243,14157,0,0,13,13,9711,2048,11979,14027
2,126295,351,0,0,13,13,9715,15544,81,15625
2,126295,377,0,0,26,13,9715,25596,29,25625
2,126399,13,0,0,26,13,9723,12500,1,12501
2,126555,13,0,0,13,13,9735,16874,1,16875
2,126555,13,0,0,13,13,9735,297674,1,297675
2,126555,13,0,0,52,13,9735,26000,1,26001
2,126555,65,0,0,26,13,9735,28556,5,28561
2,126555,143,0,0,52,13,9735,18928,11,18939
2,126555,169,0,0,13,13,9735,151250,13,151263
2,126555,637,0,0,13,13,9735,12626,49,12675
2,126555,767,0,0,13,13,9735,156006,59,156065
2,126555,1625,0,0,13,13,9735,25894,125,26019
2,126555,1625,0,0,13,13,9735,79768,375,80143
2,126555,1755,0,0,13,13,9735,13696,945,14641
2,126555,3835,0,0,13,13,9735,11154,295,11449
2,126555,4173,0,0,13,13,9735,32768,4815,37583
2,126555,4459,0,0,13,13,9735,11232,1715,12947
2,126555,5265,0,0,13,13,9735,91592,1215,92807
2,126555,5265,0,0,13,13,9735,204974,405,205379
2,126555,7007,0,0,13,13,9735,16000,3773,19773
2,126555,8437,0,0,52,13,9735,10800,649,11449
2,126555,8437,0,0,52,13,9735,104976,649,105625
2,126555,10985,0,0,13,13,9735,27104,4225,31329
2,126555,12519,0,0,13,13,9735,30250,963,31213
2,126555,28561,0,0,13,13,9735,2048,24167,26215
2,126555,36855,0,0,13,13,9735,6136,8505,14641
2,126555,37557,0,0,13,13,9735,2560,26001,28561
2,126555,41067,0,0,13,13,9735,114490,3159,117649
2,126555,45903,0,0,13,13,9735,392,10593,10985
2,126555,51909,0,0,13,13,9735,161896,11979,173875
2,126555,70785,0,0,13,13,9735,472,16335,16807
2,126555,92807,0,0,13,13,9735,19208,21417,40625
2,126555,95875,0,0,13,13,9735,21186,7375,28561
2,126555,104247,0,0,13,13,9735,3430,8019,11449
2,126919,91,0,0,13,13,9763,78104,21,78125
2,126919,3159,0,0,13,13,9763,12250,243,12493
2,126919,4459,0,0,13,13,9763,12150,343,12493
2,126919,9763,0,0,13,13,9763,10368,5257,15625
2,126919,19747,0,0,13,13,9763,4992,10633,15625
2,126919,85683,0,0,13,13,9763,8192,85683,93875
2,126919,126919,0,0,13,13,9763,31250,9763,41013
2,127075,221,0,0,13,13,9775,12150,17,12167
2,127101,13,0,0,104,13,9777,16128,1,16129
2,127101,637,0,0,13,13,9777,29282,49,29331
2,127101,66339,0,0,13,13,9777,128,35721,35849
2,127101,80899,0,0,13,13,9777,15488,43561,59049
2,127179,89167,0,0,13,13,9783,3750,6859,10609
2,127309,18187,0,0,26,13,9793,18284,1399,19683
2,127335,6305,0,0,13,13,9795,7776,2425,10201
2,127465,36517,0,0,13,13,9805,55566,2809,58375
2,127673,29939,0,0,13,13,9821,128018,2303,130321
2,127699,611,0,0,13,13,9823,50578,47,50625
2,127699,51623,0,0,13,13,9823,7074,3971,11045
2,127699,76375,0,0,13,13,9823,11286,5875,17161
2,127855,13,0,0,13,13,9835,175616,9,175625
2,127855,66339,0,0,13,13,9835,139904,35721,175625
2,127933,13,0,0,13,13,9841,19682,1,19683
2,127959,65,0,0,13,13,9843,23328,25,23353
2,127959,62829,0,0,13,13,9843,167042,4833,171875
2,127959,63869,0,0,13,13,9843,48250,4913,53163
2,128154,26,0,0,26,13,9858,22472,3,22475
2,128245,13,0,0,13,13,9865,64000,9,64009
2,128245,13,0,0,13,13,9865,71874,1,71875
2,128245,975,0,0,13,13,9865,16928,375,17303
2,128245,25649,0,0,52,13,9865,35152,1973,37125
2,128245,76947,0,0,13,13,9865,25000,17757,42757
2,128271,19773,0,0,13,13,9867,5632,13689,19321
2,128557,377,0,0,13,13,9889,10368,203,10571
2,128557,403,0,0,13,13,9889,49298,31,49329
2,128557,11687,0,0,26,13,9889,21952,2697,24649
2,128557,14157,0,0,13,13,9889,14848,9801,24649
2,128557,19747,0,0,13,13,9889,13122,1519,14641
2,128557,22451,0,0,13,13,9889,19208,5181,24389
2,128557,85293,0,0,13,13,9889,6728,19683,26411
2,128739,4459,0,0,13,13,9903,15282,343,15625
2,128817,36517,0,0,13,13,9909,19818,2809,22627
2,128934,494,0,0,52,13,9918,29696,95,29791
2,128934,988,0,0,104,13,9918,29696,95,29791
2,129129,117,0,0,13,13,9933,79480,27,79507
2,129129,6149,0,0,13,13,9933,92160,5203,97363
2,129129,43875,0,0,13,13,9933,3784,10125,13909
2,129129,77493,0,0,13,13,9933,3584,53649,57233
2,129129,77493,0,0,13,13,9933,64000,53649,117649
2,129129,85293,0,0,13,13,9933,3974,6561,10535
2,129129,120185,0,0,13,13,9933,2662,9245,11907
2,129259,27547,0,0,13,13,9943,29768,6357,36125
2,129259,63869,0,0,13,13,9943,6250,4913,11163
2,129285,13,0,0,26,13,9945,31212,1,31213
2,129285,13,0,0,52,13,9945,28560,1,28561
2,129285,39,0,0,13,13,9945,14848,27,14875
2,129285,117,0,0,13,13,9945,21866,9,21875
2,129285,585,0,0,13,13,9945,16762,45,16807
2,129285,819,0,0,13,13,9945,48778,63,48841
2,129285,5733,0,0,13,13,9945,6656,3969,10625
2,129285,8125,0,0,13,13,9945,21866,625,22491
2,129285,8619,0,0,26,13,9945,16384,4641,21025
2,129285,10179,0,0,13,13,9945,35000,2349,37349
2,129285,10829,0,0,13,13,9945,18850,833,19683
2,129285,10933,0,0,13,13,9945,8192,10933,19125
2,129285,28431,0,0,13,13,9945,21970,2187,24157
2,129285,47125,0,0,13,13,9945,13182,3625,16807
2,129285,48841,0,0,13,13,9945,13050,3757,16807
2,129285,71825,0,0,13,13,9945,232,16575,16807
2,129285,78975,0,0,13,13,9945,22984,18225,41209
2,129649,91,0,0,13,13,9973,249318,7,249325
2,129649,30875,0,0,13,13,9973,32,11875,11907
2,129675,39,0,0,52,13,9975,109744,3,109747
2,129675,65,0,0,13,13,9975,184832,45,184877
2,129675,30875,0,0,13,13,9975,32,11875,11907
2,129675,82537,0,0,13,13,9975,2432,44443,46875
2,129675,89375,0,0,13,13,9975,11552,34375,45927
2,133182,1694,0,0,14,14,9513,12110,121,12231
2,133182,1750,0,0,14,14,9513,22176,625,22801
2,133182,2114,0,0,56,14,9513,20480,453,20933
2,133182,2422,0,0,14,14,9513,43750,173,43923
2,133182,4802,0,0,14,14,9513,10240,3773,14013
2,133182,65394,0,0,14,14,9513,59192,14013,73205
2,133322,1246,0,0,28,14,9523,13500,89,13589
2,133322,133322,0,0,56,14,9523,10160,9523,19683
2,133350,14,0,0,112,14,9525,16128,1,16129
2,133742,42,0,0,14,14,9553,196882,3,196885
2,133742,1638,0,0,14,14,9553,11650,117,11767
2,133742,4802,0,0,14,14,9553,28782,343,29125
2,133742,7938,0,0,14,14,9553,76424,1701,78125
2,133742,59150,0,0,14,14,9553,12582,4225,16807
2,133742,81550,0,0,14,14,9553,13858,5825,19683
2,133770,8750,0,0,14,14,9555,57342,625,57967
2,133770,33250,0,0,14,14,9555,32,11875,11907
2,133770,33614,0,0,14,14,9555,3200,16807,20007
2,133770,96026,0,0,14,14,9555,8450,6859,15309
2,133952,28,0,0,28,14,9568,64000,9,64009
2,133952,56,0,0,56,14,9568,64000,9,64009
2,134106,14,0,0,14,14,9579,12462,1,12463
2,134162,994,0,0,14,14,9583,12250,71,12321
2,134162,3402,0,0,14,14,9583,50410,243,50653
2,134274,322,0,0,28,14,9591,11236,23,11259
2,134274,117978,0,0,14,14,9591,24334,8427,32761
2,134302,2534,0,0,56,14,9593,44944,181,45125
2,134330,1750,0,0,14,14,9595,32768,1875,34643
2,134330,2450,0,0,14,14,9595,20402,175,20577
2,134330,6398,0,0,14,14,9595,13718,457,14175
2,134330,33250,0,0,14,14,9595,32,11875,11907
2,134442,70,0,0,14,14,9603,140454,5,140459
2,134442,126,0,0,14,14,9603,22600,27,22627
2,134442,1358,0,0,14,14,9603,12800,873,13673
2,134442,6790,0,0,14,14,9603,32544,2425,34969
2,134442,47250,0,0,14,14,9603,29282,3375,32657
2,134652,44884,0,0,56,14,9618,10816,4809,15625
2,134750,98,0,0,14,14,9625,16038,7,16045
2,134820,14980,0,0,28,14,9630,76832,2675,79507
2,134820,29960,0,0,56,14,9630,76832,2675,79507
2,134862,2870,0,0,14,14,9633,19552,1025,20577
2,134862,9450,0,0,14,14,9633,8192,8775,16967
2,134862,26978,0,0,14,14,9633,57122,1927,59049
2,134862,43750,0,0,14,14,9633,5408,15625,21033
2,135170,26250,0,0,14,14,9655,48778,1875,50653
2,135212,28,0,0,28,14,9658,64000,9,64009
2,135212,56,0,0,56,14,9658,64000,9,64009
2,135212,12292,0,0,56,14,9658,50176,2195,52371
2,135212,24584,0,0,112,14,9658,50176,2195,52371
2,135422,7966,0,0,56,14,9673,58480,569,59049
2,135702,14,0,0,14,14,9693,44874,1,44875
2,135786,14,0,0,14,14,9699,23762,1,23763
2,135870,14,0,0,14,14,9705,157216,5,157221
2,135926,266,0,0,14,14,9709,13778,19,13797
2,135926,1022,0,0,14,14,9709,13778,73,13851
2,135926,3066,0,0,14,14,9709,8192,2847,11039
2,135926,62426,0,0,14,14,9709,13718,4459,18177
2,135926,117306,0,0,14,14,9709,10624,58653,69277
2,135954,15246,0,0,14,14,9711,2048,11979,14027
2,136010,378,0,0,14,14,9715,15544,81,15625
2,136010,406,0,0,28,14,9715,25596,29,25625
2,136122,14,0,0,28,14,9723,12500,1,12501
2,136290,14,0,0,14,14,9735,16874,1,16875
2,136290,14,0,0,14,14,9735,297674,1,297675
2,136290,14,0,0,56,14,9735,26000,1,26001
2,136290,70,0,0,28,14,9735,28556,5,28561
2,136290,154,0,0,56,14,9735,18928,11,18939
2,136290,182,0,0,14,14,9735,151250,13,151263
2,136290,686,0,0,14,14,9735,12626,49,12675
2,136290,826,0,0,14,14,9735,156006,59,156065
2,136290,1750,0,0,14,14,9735,25894,125,26019
2,136290,1750,0,0,14,14,9735,79768,375,80143
2,136290,1890,0,0,14,14,9735,13696,945,14641
2,136290,4130,0,0,14,14,9735,11154,295,11449
2,136290,4494,0,0,14,14,9735,32768,4815,37583
2,136290,4802,0,0,14,14,9735,11232,1715,12947
2,136290,5670,0,0,14,14,9735,91592,1215,92807
2,136290,5670,0,0,14,14,9735,204974,405,205379
2,136290,7546,0,0,14,14,9735,16000,3773,19773
2,136290,9086,0,0,56,14,9735,10800,649,11449
2,136290,9086,0,0,56,14,9735,104976,649,105625
2,136290,11830,0,0,14,14,9735,27104,4225,31329
2,136290,13482,0,0,14,14,9735,30250,963,31213
2,136290,30758,0,0,14,14,9735,2048,24167,26215
2,136290,39690,0,0,14,14,9735,6136,8505,14641
2,136290,40446,0,0,14,14,9735,2560,26001,28561
2,136290,44226,0,0,14,14,9735,114490,3159,117649
2,136290,49434,0,0,14,14,9735,392,10593,10985
2,136290,55902,0,0,14,14,9735,161896,11979,173875
2,136290,76230,0,0,14,14,9735,472,16335,16807
2,136290,99946,0,0,14,14,9735,19208,21417,40625
2,136290,103250,0,0,14,14,9735,21186,7375,28561
2,136290,112266,0,0,14,14,9735,3430,8019,11449
2,136682,98,0,0,14,14,9763,78104,21,78125
2,136682,3402,0,0,14,14,9763,12250,243,12493
2,136682,4802,0,0,14,14,9763,12150,343,12493
2,136682,10514,0,0,14,14,9763,10368,5257,15625
2,136682,21266,0,0,14,14,9763,4992,10633,15625
2,136682,92274,0,0,14,14,9763,8192,85683,93875
2,136682,136682,0,0,14,14,9763,31250,9763,41013
2,136850,238,0,0,14,14,9775,12150,17,12167
2,136878,14,0,0,112,14,9777,16128,1,16129
2,136878,686,0,0,14,14,9777,29282,49,29331
2,136878,71442,0,0,14,14,9777,128,35721,35849
2,136878,87122,0,0,14,14,9777,15488,43561,59049
2,136962,96026,0,0,14,14,9783,3750,6859,10609
2,137102,19586,0,0,28,14,9793,18284,1399,19683
2,137130,6790,0,0,14,14,9795,7776,2425,10201
2,137270,39326,0,0,14,14,9805,55566,2809,58375
2,137494,32242,0,0,14,14,9821,128018,2303,130321
2,137522,658,0,0,14,14,9823,50578,47,50625
2,137522,55594,0,0,14,14,9823,7074,3971,11045
2,137522,82250,0,0,14,14,9823,11286,5875,17161
2,137690,14,0,0,14,14,9835,175616,9,175625
2,137690,71442,0,0,14,14,9835,139904,35721,175625
2,137774,14,0,0,14,14,9841,19682,1,19683
2,137802,70,0,0,14,14,9843,23328,25,23353
2,137802,67662,0,0,14,14,9843,167042,4833,171875
2,137802,68782,0,0,14,14,9843,48250,4913,53163
2,138012,28,0,0,28,14,9858,22472,3,22475
2,138110,14,0,0,14,14,9865,64000,9,64009
2,138110,14,0,0,14,14,9865,71874,1,71875
2,138110,1050,0,0,14,14,9865,16928,375,17303
2,138110,27622,0,0,56,14,9865,35152,1973,37125
2,138110,82866,0,0,14,14,9865,25000,17757,42757
2,138138,21294,0,0,14,14,9867,5632,13689,19321
2,138446,406,0,0,14,14,9889,10368,203,10571
2,138446,434,0,0,14,14,9889,49298,31,49329
2,138446,12586,0,0,28,14,9889,21952,2697,24649
2,138446,15246,0,0,14,14,9889,14848,9801,24649
2,138446,21266,0,0,14,14,9889,13122,1519,14641
2,138446,24178,0,0,14,14,9889,19208,5181,24389
2,138446,91854,0,0,14,14,9889,6728,19683,26411
2,138642,4802,0,0,14,14,9903,15282,343,15625
2,138726,39326,0,0,14,14,9909,19818,2809,22627
2,138852,532,0,0,56,14,9918,29696,95,29791
2,138852,1064,0,0,112,14,9918,29696,95,29791
2,139062,126,0,0,14,14,9933,79480,27,79507
2,139062,6622,0,0,14,14,9933,92160,5203,97363
2,139062,47250,0,0,14,14,9933,3784,10125,13909
2,139062,83454,0,0,14,14,9933,3584,53649,57233
2,139062,83454,0,0,14,14,9933,64000,53649,117649
2,139062,91854,0,0,14,14,9933,3974,6561,10535
2,139062,129430,0,0,14,14,9933,2662,9245,11907
2,139202,29666,0,0,14,14,9943,29768,6357,36125
2,139202,68782,0,0,14,14,9943,6250,4913,11163
2,139230,14,0,0,28,14,9945,31212,1,31213
2,139230,14,0,0,56,14,9945,28560,1,28561
2,139230,42,0,0,14,14,9945,14848,27,14875
2,139230,126,0,0,14,14,9945,21866,9,21875
2,139230,630,0,0,14,14,9945,16762,45,16807
2,139230,882,0,0,14,14,9945,48778,63,48841
2,139230,6174,0,0,14,14,9945,6656,3969,10625
2,139230,8750,0,0,14,14,9945,21866,625,22491
2,139230,9282,0,0,28,14,9945,16384,4641,21025
2,139230,10962,0,0,14,14,9945,35000,2349,37349
2,139230,11662,0,0,14,14,9945,18850,833,19683
2,139230,11774,0,0,14,14,9945,8192,10933,19125
2,139230,30618,0,0,14,14,9945,21970,2187,24157
2,139230,50750,0,0,14,14,9945,13182,3625,16807
2,139230,52598,0,0,14,14,9945,13050,3757,16807
2,139230,77350,0,0,14,14,9945,232,16575,16807
2,139230,85050,0,0,14,14,9945,22984,18225,41209
2,139622,98,0,0,14,14,9973,249318,7,249325
2,139622,33250,0,0,14,14,9973,32,11875,11907
2,139650,42,0,0,56,14,9975,109744,3,109747
2,139650,70,0,0,14,14,9975,184832,45,184877
2,139650,33250,0,0,14,14,9975,32,11875,11907
2,139650,88886,0,0,14,14,9975,2432,44443,46875
2,139650,96250,0,0,14,14,9975,11552,34375,45927
2,142695,1815,0,0,15,15,9513,12110,121,12231
2,142695,1875,0,0,15,15,9513,22176,625,22801
2,142695,2265,0,0,60,15,9513,20480,453,20933
2,142695,2595,0,0,15,15,9513,43750,173,43923
2,142695,5145,0,0,15,15,9513,10240,3773,14013
2,142695,70065,0,0,15,15,9513,59192,14013,73205
2,142845,1335,0,0,30,15,9523,13500,89,13589
2,142845,142845,0,0,60,15,9523,10160,9523,19683
2,142875,15,0,0,120,15,9525,16128,1,16129
2,143295,45,0,0,15,15,9553,196882,3,196885
2,143295,1755,0,0,15,15,9553,11650,117,11767
2,143295,5145,0,0,15,15,9553,28782,343,29125
2,143295,8505,0,0,15,15,9553,76424,1701,78125
2,143295,63375,0,0,15,15,9553,12582,4225,16807
2,143295,87375,0,0,15,15,9553,13858,5825,19683
2,143325,9375,0,0,15,15,9555,57342,625,57967
2,143325,35625,0,0,15,15,9555,32,11875,11907
2,143325,36015,0,0,15,15,9555,3200,16807,20007
2,143325,102885,0,0,15,15,9555,8450,6859,15309
2,143520,30,0,0,30,15,9568,64000,9,64009
2,143520,60,0,0,60,15,9568,64000,9,64009
2,143685,15,0,0,15,15,9579,12462,1,12463
2,143745,1065,0,0,15,15,9583,12250,71,12321
2,143745,3645,0,0,15,15,9583,50410,243,50653
