U,d,sigma1,sigma2,sigma3,r,t,e,a,b,n
3,3008,25,0,0,1,1,3008,11907,125,12032
3,3008,392,0,0,1,1,3008,3807,1568,5375
3,3008,2303,0,0,1,1,3008,3072,2303,5375
3,3008,2744,0,0,1,1,3008,387,5488,5875
3,3008,3008,0,0,1,1,3008,6561,24064,30625
3,3014,137,0,0,1,1,3014,6591,137,6728
3,3014,1573,0,0,1,1,3014,2523,1573,4096
3,3030,758,0,0,1,1,3030,6561,6064,12625
3,3036,1331,0,0,1,1,3036,4557,1331,5888
3,3038,19,0,0,1,1,3038,3087,38,3125
3,3038,49,0,0,1,1,3038,9375,49,9424
3,3038,343,0,0,1,1,3038,11532,343,11875
3,3038,2048,0,0,1,1,3038,279,4096,4375
3,3050,100,0,0,1,1,3050,4941,400,5341
3,3050,512,0,0,1,1,3050,5625,1024,6649
3,3050,2401,0,0,1,1,3050,4575,2401,6976
3,3058,121,0,0,1,1,3058,19200,121,19321
3,3060,320,0,0,1,1,3060,4593,320,4913
3,3068,2560,0,0,1,1,3068,921,2560,3481
3,3078,11,0,0,1,1,3078,6804,55,6859
3,3078,125,0,0,1,1,3078,3648,125,3773
3,3078,152,0,0,1,1,3078,5625,304,5929
3,3078,308,0,0,1,1,3078,6561,2464,9025
3,3080,7,0,0,1,1,3080,3993,7,4000
3,3080,8,0,0,1,1,3080,13467,8,13475
3,3080,20,0,0,3,1,3080,16767,40,16807
3,3080,23,0,0,1,1,3080,3750,23,3773
3,3080,32,0,0,1,1,3080,3993,32,4025
3,3080,98,0,0,1,1,3080,5427,392,5819
3,3080,125,0,0,1,1,3080,22356,625,22981
3,3080,134,0,0,1,1,3080,2187,938,3125
3,3080,176,0,0,1,1,3080,10935,1232,12167
3,3080,253,0,0,1,1,3080,13467,253,13720
3,3080,268,0,0,1,1,3080,25875,536,26411
3,3080,400,0,0,1,1,3080,13041,1600,14641
3,3080,448,0,0,1,1,3080,13467,448,13915
3,3080,512,0,0,1,1,3080,3465,1024,4489
3,3080,529,0,0,1,1,3080,9075,529,9604
3,3080,616,0,0,1,1,3080,2025,2464,4489
3,3080,625,0,0,1,1,3080,3864,625,4489
3,3080,640,0,0,1,1,3080,16281,3200,19481
3,3080,1127,0,0,1,1,3080,3993,1127,5120
3,3080,1375,0,0,1,1,3080,1701,6875,8576
3,3080,1408,0,0,1,1,3080,1875,1408,3283
3,3080,1600,0,0,1,1,3080,24321,1600,25921
3,3080,2024,0,0,1,1,3080,441,4048,4489
3,3080,2048,0,0,1,1,3080,1725,2048,3773
3,3080,2144,0,0,1,1,3080,3675,2144,5819
3,3080,2240,0,0,1,1,3080,9,4480,4489
3,3080,2401,0,0,1,1,3080,9375,2401,11776
3,3080,2420,0,0,1,1,3080,6561,19360,25921
3,3094,64,0,0,1,1,3094,7203,64,7267
3,3094,2236,0,0,1,1,3094,441,4472,4913
3,3098,3098,0,0,3,1,3098,27,3098,3125
3,3100,1,0,0,1,1,3100,3750,1,3751
3,3100,31,0,0,1,1,3100,5625,62,5687
3,3108,32,0,0,1,1,3108,2997,128,3125
3,3108,777,0,0,3,1,3108,2187,1813,4000
3,3120,104,0,0,3,1,3120,6021,104,6125
3,3122,2048,0,0,1,1,3122,15123,2048,17171
3,3126,2048,0,0,1,1,3126,4761,4096,8857
3,3160,289,0,0,1,1,3160,5952,289,6241
3,3160,640,0,0,1,1,3160,6399,2560,8959
3,3160,1054,0,0,1,1,3160,2025,4216,6241
3,3160,1975,0,0,1,1,3160,7533,9875,17408
3,3170,317,0,0,3,1,3170,4563,317,4880
3,3180,8,0,0,1,1,3180,6561,64,6625
3,3180,8,0,0,1,1,3180,6837,8,6845
3,3188,3125,0,0,1,1,3188,384,3125,3509
3,3190,1,0,0,1,1,3190,5775,1,5776
3,3190,1,0,0,1,1,3190,30624,1,30625
3,3190,7,0,0,1,1,3190,3993,7,4000
3,3190,7,0,0,1,1,3190,15972,7,15979
3,3190,7,0,0,1,1,3190,17496,49,17545
3,3190,49,0,0,1,1,3190,14592,49,14641
3,3190,55,0,0,1,1,3190,41154,55,41209
3,3190,58,0,0,3,1,3190,3267,58,3325
3,3190,160,0,0,1,1,3190,6699,160,6859
3,3190,361,0,0,1,1,3190,5568,361,5929
3,3190,361,0,0,1,1,3190,75264,361,75625
3,3190,448,0,0,1,1,3190,20577,448,21025
3,3190,841,0,0,1,1,3190,11319,841,12160
3,3190,841,0,0,1,1,3190,14784,841,15625
3,3190,1024,0,0,1,1,3190,16929,4096,21025
3,3190,1375,0,0,1,1,3190,20577,1375,21952
3,3190,1750,0,0,1,1,3190,9,3500,3509
3,3190,2401,0,0,1,1,3190,13224,2401,15625
3,3190,2695,0,0,1,1,3190,243,13475,13718
3,3204,89,0,0,3,1,3204,6183,89,6272
3,3218,2401,0,0,1,1,3218,9375,2401,11776
3,3220,1,0,0,1,1,3220,4116,1,4117
3,3220,2401,0,0,1,1,3220,9375,2401,11776
3,3228,722,0,0,1,1,3228,2025,2888,4913
3,3230,1,0,0,1,1,3230,10200,1,10201
3,3230,1,0,0,1,1,3230,24543,5,24548
3,3230,5,0,0,1,1,3230,29184,5,29189
3,3230,19,0,0,1,1,3230,10125,76,10201
3,3230,19,0,0,3,1,3230,15606,19,15625
3,3230,256,0,0,1,1,3230,5625,512,6137
3,3230,625,0,0,1,1,3230,5151,625,5776
3,3230,722,0,0,1,1,3230,2025,2888,4913
3,3234,809,0,0,1,1,3234,3993,809,4802
3,3248,14,0,0,1,1,3248,24375,14,24389
3,3248,64,0,0,1,1,3248,3969,256,4225
3,3248,640,0,0,1,1,3248,1701,3200,4901
3,3266,43,0,0,1,1,3266,6816,43,6859
3,3268,1849,0,0,1,1,3268,37500,1849,39349
3,3278,242,0,0,1,1,3278,5625,484,6109
3,3288,3008,0,0,1,1,3288,6561,24064,30625
3,3290,25,0,0,1,1,3290,11907,125,12032
3,3290,3008,0,0,1,1,3290,6561,24064,30625
3,3298,34,0,0,1,1,3298,9375,34,9409
3,3300,8,0,0,1,1,3300,14625,16,14641
3,3300,2750,0,0,1,1,3300,6561,22000,28561
3,3304,1,0,0,1,1,3304,3363,1,3364
3,3318,632,0,0,1,1,3318,5625,1264,6889
3,3330,245,0,0,1,1,3330,4107,245,4352
3,3344,49,0,0,1,1,3344,14592,49,14641
3,3352,43,0,0,1,1,3352,16341,43,16384
3,3358,184,0,0,1,1,3358,5145,184,5329
3,3358,529,0,0,1,1,3358,4800,529,5329
3,3358,625,0,0,1,1,3358,4704,625,5329
3,3358,2401,0,0,1,1,3358,9375,2401,11776
3,3380,1,0,0,1,1,3380,21627,5,21632
3,3380,2,0,0,1,1,3380,45123,2,45125
3,3380,625,0,0,1,1,3380,3471,625,4096
3,3380,625,0,0,1,1,3380,7296,625,7921
3,3380,890,0,0,1,1,3380,243,4450,4693
3,3380,2888,0,0,1,1,3380,9,5776,5785
3,3380,3200,0,0,1,1,3380,1521,6400,7921
3,3388,7,0,0,1,1,3388,3993,7,4000
3,3388,64,0,0,1,1,3388,12705,64,12769
3,3388,1372,0,0,1,1,3388,9153,5488,14641
3,3388,2200,0,0,1,1,3388,3969,8800,12769
3,3388,2401,0,0,1,1,3388,1695,2401,4096
3,3390,8,0,0,1,1,3390,6561,64,6625
3,3408,2,0,0,1,1,3408,15123,2,15125
3,3408,71,0,0,1,1,3408,77841,284,78125
3,3410,1,0,0,1,1,3410,3750,1,3751
3,3410,8,0,0,1,1,3410,9375,8,9383
3,3410,961,0,0,1,1,3410,2559,961,3520
3,3420,116,0,0,1,1,3420,3249,232,3481
3,3430,1,0,0,1,1,3430,4224,1,4225
3,3430,1,0,0,1,1,3430,4455,4,4459
3,3430,7,0,0,1,1,3430,3993,7,4000
3,3430,13,0,0,1,1,3430,11979,26,12005
3,3430,49,0,0,3,1,3430,16335,49,16384
3,3430,64,0,0,1,1,3430,3969,256,4225
3,3430,64,0,0,1,1,3430,6591,64,6655
3,3430,343,0,0,3,1,3430,3375,343,3718
3,3430,484,0,0,1,1,3430,13689,1936,15625
3,3430,1456,0,0,1,1,3430,9801,5824,15625
3,3438,3125,0,0,1,1,3438,573,3125,3698
3,3458,2,0,0,1,1,3458,29925,4,29929
3,3458,8,0,0,1,1,3458,21609,16,21625
3,3458,13,0,0,1,1,3458,48000,13,48013
3,3458,19,0,0,1,1,3458,15360,19,15379
3,3458,32,0,0,1,1,3458,15561,64,15625
3,3458,49,0,0,1,1,3458,62208,245,62453
3,3458,64,0,0,1,1,3458,3969,256,4225
3,3458,112,0,0,1,1,3458,6747,112,6859
3,3458,169,0,0,1,1,3458,25431,169,25600
3,3458,173,0,0,1,1,3458,9555,173,9728
3,3458,196,0,0,1,1,3458,59049,1960,61009
3,3458,245,0,0,1,1,3458,42039,1225,43264
3,3458,346,0,0,1,1,3458,29241,1384,30625
3,3458,1000,0,0,1,1,3458,13689,4000,17689
3,3458,1352,0,0,1,1,3458,7125,1352,8477
3,3458,1384,0,0,1,1,3458,2187,9688,11875
3,3458,1568,0,0,1,1,3458,1557,3136,4693
3,3458,1729,0,0,3,1,3458,4671,1729,6400
3,3458,2401,0,0,1,1,3458,1824,2401,4225
3,3458,3200,0,0,1,1,3458,117,6400,6517
3,3470,5,0,0,1,1,3470,10752,5,10757
3,3470,2048,0,0,1,1,3470,279,4096,4375
3,3476,37,0,0,1,1,3476,6204,37,6241
3,3476,1024,0,0,1,1,3476,5217,1024,6241
3,3478,1369,0,0,1,1,3478,2256,1369,3625
3,3484,871,0,0,1,1,3484,15936,871,16807
3,3496,4,0,0,1,1,3496,25281,8,25289
3,3498,8,0,0,1,1,3498,6561,64,6625
3,3498,1694,0,0,1,1,3498,2187,11858,14045
3,3500,1,0,0,1,1,3500,8748,7,8755
3,3500,25,0,0,3,1,3500,10584,25,10609
3,3500,103,0,0,1,1,3500,5625,206,5831
3,3536,1,0,0,3,1,3536,13311,1,13312
3,3536,1856,0,0,1,1,3536,9,3712,3721
3,3536,2176,0,0,1,1,3536,549,4352,4901
3,3538,1,0,0,1,1,3538,90624,1,90625
3,3538,3481,0,0,1,1,3538,240,3481,3721
3,3540,20,0,0,3,1,3540,16767,40,16807
3,3540,23,0,0,1,1,3540,3750,23,3773
3,3540,32,0,0,1,1,3540,3993,32,4025
3,3540,161,0,0,1,1,3540,29403,805,30208
3,3540,176,0,0,1,1,3540,10935,1232,12167
3,3540,704,0,0,1,1,3540,3969,2816,6785
3,3540,885,0,0,3,1,3540,10692,1475,12167
3,3540,1127,0,0,1,1,3540,3993,1127,5120
3,3540,2048,0,0,1,1,3540,1725,2048,3773
3,3540,2420,0,0,1,1,3540,6561,19360,25921
3,3542,56,0,0,1,1,3542,4761,112,4873
3,3542,443,0,0,1,1,3542,5376,443,5819
3,3560,1,0,0,1,1,3560,21627,5,21632
3,3560,32,0,0,1,1,3560,93717,128,93845
3,3560,625,0,0,1,1,3560,3471,625,4096
3,3560,3200,0,0,1,1,3560,1521,6400,7921
3,3570,17,0,0,1,1,3570,7203,17,7220
3,3570,17,0,0,1,1,3570,87723,85,87808
3,3570,17,0,0,3,1,3570,8208,17,8225
3,3570,68,0,0,1,1,3570,10773,272,11045
3,3570,95,0,0,1,1,3570,4131,475,4606
3,3570,329,0,0,1,1,3570,4131,1645,5776
3,3570,722,0,0,1,1,3570,2025,2888,4913
3,3570,752,0,0,1,1,3570,5355,1504,6859
3,3570,893,0,0,1,1,3570,4374,6251,10625
3,3570,893,0,0,1,1,3570,31875,893,32768
3,3570,950,0,0,1,1,3570,6561,7600,14161
3,3570,3008,0,0,1,1,3570,6561,24064,30625
3,3584,1,0,0,1,1,3584,7986,1,7987
3,3588,23,0,0,1,1,3588,5385,23,5408
3,3588,2645,0,0,1,1,3588,3159,13225,16384
3,3598,700,0,0,1,1,3598,59049,7000,66049
3,3608,1250,0,0,1,1,3608,9801,5000,14801
3,3608,1640,0,0,1,1,3608,59049,16400,75449
3,3610,43,0,0,1,1,3610,4332,43,4375
3,3610,43,0,0,1,1,3610,7125,43,7168
3,3610,1024,0,0,1,1,3610,75411,4096,79507
3,3610,1849,0,0,1,1,3610,1875,1849,3724
3,3628,1375,0,0,1,1,3628,2721,1375,4096
3,3638,1,0,0,1,1,3638,28560,1,28561
3,3638,1,0,0,3,1,3638,31212,1,31213
3,3638,7,0,0,1,1,3638,3750,7,3757
3,3638,25,0,0,1,1,3638,11424,25,11449
3,3638,49,0,0,1,1,3638,4815,98,4913
3,3638,64,0,0,1,1,3638,3969,256,4225
3,3638,256,0,0,1,1,3638,8025,256,8281
3,3638,512,0,0,1,1,3638,26001,2560,28561
3,3638,640,0,0,1,1,3638,14739,640,15379
3,3638,800,0,0,1,1,3638,60669,3200,63869
3,3638,1000,0,0,1,1,3638,243,5000,5243
3,3638,1625,0,0,1,1,3638,1701,8125,9826
3,3638,1664,0,0,1,1,3638,3969,6656,10625
3,3638,2125,0,0,1,1,3638,85683,2125,87808
3,3638,2401,0,0,1,1,3638,4875,2401,7276
3,3638,2401,0,0,1,1,3638,81120,2401,83521
3,3638,2704,0,0,1,1,3638,50421,2704,53125
3,3638,2873,0,0,1,1,3638,2247,2873,5120
3,3638,2912,0,0,1,1,3638,5625,5824,11449
3,3640,64,0,0,1,1,3640,3969,256,4225
3,3640,2275,0,0,1,1,3640,1821,2275,4096
3,3650,625,0,0,1,1,3650,14016,625,14641
3,3650,3025,0,0,1,1,3650,9,6050,6059
3,3658,1,0,0,1,1,3658,3720,1,3721
3,3658,3481,0,0,1,1,3658,240,3481,3721
3,3680,1,0,0,3,1,3680,6048,1,6049
3,3680,20,0,0,3,1,3680,16767,40,16807
3,3680,49,0,0,1,1,3680,6000,49,6049
3,3680,736,0,0,3,1,3680,5103,1472,6575
3,3680,2401,0,0,1,1,3680,9375,2401,11776
3,3684,2048,0,0,1,1,3684,2763,4096,6859
3,3690,2624,0,0,1,1,3690,9375,2624,11999
3,3708,8,0,0,1,1,3708,6561,64,6625
3,3708,3584,0,0,1,1,3708,1875,3584,5459
3,3710,8,0,0,1,1,3710,6561,64,6625
3,3710,896,0,0,1,1,3710,13833,1792,15625
3,3710,2597,0,0,1,1,3710,2523,2597,5120
3,3710,2809,0,0,1,1,3710,38400,2809,41209
3,3718,1,0,0,1,1,3718,3750,1,3751
3,3718,1,0,0,1,1,3718,4224,1,4225
3,3718,64,0,0,1,1,3718,6591,64,6655
3,3718,484,0,0,1,1,3718,13689,1936,15625
3,3738,17,0,0,1,1,3738,10752,17,10769
3,3738,77,0,0,1,1,3738,4374,539,4913
3,3738,89,0,0,3,1,3738,9261,89,9350
3,3738,170,0,0,1,1,3738,6561,1360,7921
3,3738,200,0,0,1,1,3738,21627,1000,22627
3,3738,512,0,0,1,1,3738,13617,1024,14641
3,3738,1700,0,0,1,1,3738,3969,6800,10769
3,3738,2048,0,0,1,1,3738,3825,4096,7921
3,3738,2225,0,0,1,1,3738,2688,2225,4913
3,3750,2240,0,0,1,1,3750,9,4480,4489
3,3760,1,0,0,1,1,3760,9024,1,9025
3,3760,2209,0,0,1,1,3760,2673,11045,13718
3,3768,32,0,0,1,1,3768,63585,128,63713
3,3768,1352,0,0,1,1,3768,12717,5408,18125
3,3770,1,0,0,1,1,3770,32799,1,32800
3,3770,25,0,0,1,1,3770,28536,25,28561
3,3770,29,0,0,1,1,3770,6900,29,6929
3,3770,46,0,0,1,1,3770,6561,368,6929
3,3770,200,0,0,1,1,3770,68121,800,68921
3,3770,320,0,0,1,1,3770,3567,320,3887
3,3770,529,0,0,1,1,3770,3567,529,4096
3,3770,845,0,0,1,1,3770,5043,845,5888
3,3770,1024,0,0,1,1,3770,7047,5120,12167
3,3770,1681,0,0,1,1,3770,14703,1681,16384
3,3770,1682,0,0,1,1,3770,4761,3364,8125
3,3770,2000,0,0,1,1,3770,13689,8000,21689
3,3770,2378,0,0,1,1,3770,23805,4756,28561
3,3770,2645,0,0,1,1,3770,3159,13225,16384
3,3780,2048,0,0,1,1,3780,279,4096,4375
3,3794,49,0,0,1,1,3794,12288,49,12337
3,3798,2000,0,0,1,1,3798,9,4000,4009
3,3806,1,0,0,1,1,3806,25431,1,25432
3,3806,77,0,0,1,1,3806,4374,539,4913
3,3808,508,0,0,1,1,3808,6561,4064,10625
3,3818,830,0,0,1,1,3818,243,4150,4393
3,3820,64,0,0,1,1,3820,3969,256,4225
3,3836,19,0,0,1,1,3836,6561,152,6713
3,3838,19,0,0,1,1,3838,10125,76,10201
3,3840,113,0,0,1,1,3840,4800,113,4913
3,3848,1,0,0,1,1,3848,4224,1,4225
3,3848,1,0,0,1,1,3848,4455,4,4459
3,3848,4,0,0,1,1,3848,6237,16,6253
3,3848,7,0,0,1,1,3848,3993,7,4000
3,3848,7,0,0,1,1,3848,50625,28,50653
3,3848,8,0,0,1,1,3848,14625,16,14641
3,3848,10,0,0,1,1,3848,17787,10,17797
3,3848,11,0,0,1,1,3848,12636,55,12691
3,3848,13,0,0,1,1,3848,11979,26,12005
3,3848,16,0,0,1,1,3848,12675,16,12691
3,3848,64,0,0,1,1,3848,3969,256,4225
3,3848,64,0,0,1,1,3848,6591,64,6655
3,3848,74,0,0,3,1,3848,9477,148,9625
3,3848,128,0,0,1,1,3848,4107,128,4235
3,3848,143,0,0,1,1,3848,80919,1001,81920
3,3848,185,0,0,1,1,3848,6591,185,6776
3,3848,208,0,0,1,1,3848,9375,208,9583
3,3848,259,0,0,1,1,3848,2187,1813,4000
3,3848,296,0,0,1,1,3848,9801,1184,10985
3,3848,343,0,0,1,1,3848,5577,343,5920
3,3848,352,0,0,1,1,3848,4107,352,4459
3,3848,481,0,0,1,1,3848,9375,481,9856
3,3848,484,0,0,1,1,3848,13689,1936,15625
3,3848,605,0,0,1,1,3848,47628,3025,50653
3,3848,625,0,0,1,1,3848,4107,625,4732
3,3848,637,0,0,1,1,3848,3840,637,4477
3,3848,800,0,0,1,1,3848,4329,1600,5929
3,3848,875,0,0,1,1,3848,16428,875,17303
3,3848,1024,0,0,1,1,3848,19425,1024,20449
3,3848,1036,0,0,1,1,3848,81,4144,4225
3,3848,1369,0,0,1,1,3848,15015,1369,16384
3,3848,1456,0,0,1,1,3848,9801,5824,15625
3,3848,1568,0,0,1,1,3848,1089,3136,4225
3,3848,2548,0,0,1,1,3848,4107,2548,6655
3,3848,2662,0,0,1,1,3848,1521,5324,6845
3,3848,2738,0,0,1,1,3848,1053,10952,12005
3,3848,2750,0,0,1,1,3848,6561,22000,28561
3,3848,2960,0,0,1,1,3848,9,5920,5929
3,3848,3584,0,0,1,1,3848,6591,3584,10175
3,3848,3640,0,0,1,1,3848,81,14560,14641
3,3848,3773,0,0,1,1,3848,3072,3773,6845
3,3850,7,0,0,1,1,3850,3993,7,4000
3,3850,28,0,0,1,1,3850,34347,28,34375
3,3850,1000,0,0,1,1,3850,243,5000,5243
3,3874,832,0,0,1,1,3874,3249,1664,4913
3,3876,1088,0,0,1,1,3876,3087,2176,5263
3,3878,1,0,0,1,1,3878,9408,1,9409
3,3878,554,0,0,3,1,3878,3645,1108,4753
3,3878,1385,0,0,1,1,3878,243,6925,7168
3,3880,97,0,0,1,1,3880,15528,97,15625
3,3908,100,0,0,1,1,3908,8793,200,8993
3,3908,977,0,0,3,1,3908,3375,977,4352
3,3914,103,0,0,1,1,3914,3993,103,4096
3,3914,1024,0,0,1,1,3914,6897,1024,7921
3,3920,7,0,0,1,1,3920,50625,28,50653
3,3920,8,0,0,1,1,3920,6561,64,6625
3,3920,148,0,0,1,1,3920,8427,148,8575
3,3920,259,0,0,1,1,3920,2187,1813,4000
3,3920,1813,0,0,1,1,3920,8427,1813,10240
3,3940,10,0,0,3,1,3940,5319,10,5329
3,3948,3008,0,0,1,1,3948,225,6016,6241
3,3948,3008,0,0,1,1,3948,6561,24064,30625
3,3950,1,0,0,1,1,3950,6240,1,6241
3,3950,3125,0,0,1,1,3950,3888,15625,19513
3,3968,16,0,0,1,1,3968,29775,16,29791
3,3976,1,0,0,3,1,3976,31212,1,31213
3,3976,49,0,0,1,1,3976,4992,49,5041
3,3976,256,0,0,1,1,3976,15123,256,15379
3,3982,2896,0,0,1,1,3982,3993,2896,6889
3,3990,2048,0,0,1,1,3990,8379,4096,12475
3,4000,1024,0,0,1,1,4000,7047,5120,12167
3,6016,50,0,0,2,2,3008,11907,125,12032
3,6016,784,0,0,2,2,3008,3807,1568,5375
3,6016,4606,0,0,2,2,3008,3072,2303,5375
3,6016,5488,0,0,2,2,3008,387,5488,5875
3,6016,6016,0,0,2,2,3008,6561,24064,30625
3,6028,274,0,0,2,2,3014,6591,137,6728
3,6028,3146,0,0,2,2,3014,2523,1573,4096
3,6060,1516,0,0,2,2,3030,6561,6064,12625
3,6072,2662,0,0,2,2,3036,4557,1331,5888
3,6076,38,0,0,2,2,3038,3087,38,3125
3,6076,98,0,0,2,2,3038,9375,49,9424
3,6076,686,0,0,2,2,3038,11532,343,11875
3,6076,4096,0,0,2,2,3038,279,4096,4375
3,6100,200,0,0,2,2,3050,4941,400,5341
3,6100,1024,0,0,2,2,3050,5625,1024,6649
3,6100,4802,0,0,2,2,3050,4575,2401,6976
3,6116,242,0,0,2,2,3058,19200,121,19321
3,6120,640,0,0,2,2,3060,4593,320,4913
3,6136,5120,0,0,2,2,3068,921,2560,3481
3,6156,22,0,0,2,2,3078,6804,55,6859
3,6156,250,0,0,2,2,3078,3648,125,3773
3,6156,304,0,0,2,2,3078,5625,304,5929
3,6156,616,0,0,2,2,3078,6561,2464,9025
3,6160,14,0,0,2,2,3080,3993,7,4000
3,6160,16,0,0,2,2,3080,13467,8,13475
3,6160,40,0,0,6,2,3080,16767,40,16807
3,6160,46,0,0,2,2,3080,3750,23,3773
3,6160,64,0,0,2,2,3080,3993,32,4025
3,6160,196,0,0,2,2,3080,5427,392,5819
3,6160,250,0,0,2,2,3080,22356,625,22981
3,6160,268,0,0,2,2,3080,2187,938,3125
3,6160,352,0,0,2,2,3080,10935,1232,12167
3,6160,506,0,0,2,2,3080,13467,253,13720
3,6160,536,0,0,2,2,3080,25875,536,26411
3,6160,800,0,0,2,2,3080,13041,1600,14641
3,6160,896,0,0,2,2,3080,13467,448,13915
3,6160,1024,0,0,2,2,3080,3465,1024,4489
3,6160,1058,0,0,2,2,3080,9075,529,9604
3,6160,1232,0,0,2,2,3080,2025,2464,4489
3,6160,1250,0,0,2,2,3080,3864,625,4489
3,6160,1280,0,0,2,2,3080,16281,3200,19481
3,6160,2254,0,0,2,2,3080,3993,1127,5120
3,6160,2750,0,0,2,2,3080,1701,6875,8576
3,6160,2816,0,0,2,2,3080,1875,1408,3283
3,6160,3200,0,0,2,2,3080,24321,1600,25921
3,6160,4048,0,0,2,2,3080,441,4048,4489
3,6160,4096,0,0,2,2,3080,1725,2048,3773
3,6160,4288,0,0,2,2,3080,3675,2144,5819
3,6160,4480,0,0,2,2,3080,9,4480,4489
3,6160,4802,0,0,2,2,3080,9375,2401,11776
3,6160,4840,0,0,2,2,3080,6561,19360,25921
3,6188,128,0,0,2,2,3094,7203,64,7267
3,6188,4472,0,0,2,2,3094,441,4472,4913
3,6196,6196,0,0,6,2,3098,27,3098,3125
3,6200,2,0,0,2,2,3100,3750,1,3751
3,6200,62,0,0,2,2,3100,5625,62,5687
3,6216,64,0,0,2,2,3108,2997,128,3125
3,6216,1554,0,0,6,2,3108,2187,1813,4000
3,6240,208,0,0,6,2,3120,6021,104,6125
3,6244,4096,0,0,2,2,3122,15123,2048,17171
3,6252,4096,0,0,2,2,3126,4761,4096,8857
3,6320,578,0,0,2,2,3160,5952,289,6241
3,6320,1280,0,0,2,2,3160,6399,2560,8959
3,6320,2108,0,0,2,2,3160,2025,4216,6241
3,6320,3950,0,0,2,2,3160,7533,9875,17408
3,6340,634,0,0,6,2,3170,4563,317,4880
3,6360,16,0,0,2,2,3180,6561,64,6625
3,6360,16,0,0,2,2,3180,6837,8,6845
3,6376,6250,0,0,2,2,3188,384,3125,3509
3,6380,2,0,0,2,2,3190,5775,1,5776
3,6380,2,0,0,2,2,3190,30624,1,30625
3,6380,14,0,0,2,2,3190,3993,7,4000
3,6380,14,0,0,2,2,3190,15972,7,15979
3,6380,14,0,0,2,2,3190,17496,49,17545
3,6380,98,0,0,2,2,3190,14592,49,14641
3,6380,110,0,0,2,2,3190,41154,55,41209
3,6380,116,0,0,6,2,3190,3267,58,3325
3,6380,320,0,0,2,2,3190,6699,160,6859
3,6380,722,0,0,2,2,3190,5568,361,5929
3,6380,722,0,0,2,2,3190,75264,361,75625
3,6380,896,0,0,2,2,3190,20577,448,21025
3,6380,1682,0,0,2,2,3190,11319,841,12160
3,6380,1682,0,0,2,2,3190,14784,841,15625
3,6380,2048,0,0,2,2,3190,16929,4096,21025
3,6380,2750,0,0,2,2,3190,20577,1375,21952
3,6380,3500,0,0,2,2,3190,9,3500,3509
3,6380,4802,0,0,2,2,3190,13224,2401,15625
3,6380,5390,0,0,2,2,3190,243,13475,13718
3,6408,178,0,0,6,2,3204,6183,89,6272
3,6436,4802,0,0,2,2,3218,9375,2401,11776
3,6440,2,0,0,2,2,3220,4116,1,4117
3,6440,4802,0,0,2,2,3220,9375,2401,11776
3,6456,1444,0,0,2,2,3228,2025,2888,4913
3,6460,2,0,0,2,2,3230,10200,1,10201
3,6460,2,0,0,2,2,3230,24543,5,24548
3,6460,10,0,0,2,2,3230,29184,5,29189
3,6460,38,0,0,2,2,3230,10125,76,10201
3,6460,38,0,0,6,2,3230,15606,19,15625
3,6460,512,0,0,2,2,3230,5625,512,6137
3,6460,1250,0,0,2,2,3230,5151,625,5776
3,6460,1444,0,0,2,2,3230,2025,2888,4913
3,6468,1618,0,0,2,2,3234,3993,809,4802
3,6496,28,0,0,2,2,3248,24375,14,24389
3,6496,128,0,0,2,2,3248,3969,256,4225
3,6496,1280,0,0,2,2,3248,1701,3200,4901
3,6532,86,0,0,2,2,3266,6816,43,6859
3,6536,3698,0,0,2,2,3268,37500,1849,39349
3,6556,484,0,0,2,2,3278,5625,484,6109
3,6576,6016,0,0,2,2,3288,6561,24064,30625
3,6580,50,0,0,2,2,3290,11907,125,12032
3,6580,6016,0,0,2,2,3290,6561,24064,30625
3,6596,68,0,0,2,2,3298,9375,34,9409
3,6600,16,0,0,2,2,3300,14625,16,14641
3,6600,5500,0,0,2,2,3300,6561,22000,28561
3,6608,2,0,0,2,2,3304,3363,1,3364
3,6636,1264,0,0,2,2,3318,5625,1264,6889
3,6660,490,0,0,2,2,3330,4107,245,4352
3,6688,98,0,0,2,2,3344,14592,49,14641
3,6704,86,0,0,2,2,3352,16341,43,16384
3,6716,368,0,0,2,2,3358,5145,184,5329
3,6716,1058,0,0,2,2,3358,4800,529,5329
3,6716,1250,0,0,2,2,3358,4704,625,5329
3,6716,4802,0,0,2,2,3358,9375,2401,11776
3,6760,2,0,0,2,2,3380,21627,5,21632
3,6760,4,0,0,2,2,3380,45123,2,45125
3,6760,1250,0,0,2,2,3380,3471,625,4096
3,6760,1250,0,0,2,2,3380,7296,625,7921
3,6760,1780,0,0,2,2,3380,243,4450,4693
3,6760,5776,0,0,2,2,3380,9,5776,5785
3,6760,6400,0,0,2,2,3380,1521,6400,7921
3,6776,14,0,0,2,2,3388,3993,7,4000
3,6776,128,0,0,2,2,3388,12705,64,12769
3,6776,2744,0,0,2,2,3388,9153,5488,14641
3,6776,4400,0,0,2,2,3388,3969,8800,12769
3,6776,4802,0,0,2,2,3388,1695,2401,4096
3,6780,16,0,0,2,2,3390,6561,64,6625
3,6816,4,0,0,2,2,3408,15123,2,15125
3,6816,142,0,0,2,2,3408,77841,284,78125
3,6820,2,0,0,2,2,3410,3750,1,3751
3,6820,16,0,0,2,2,3410,9375,8,9383
3,6820,1922,0,0,2,2,3410,2559,961,3520
3,6840,232,0,0,2,2,3420,3249,232,3481
3,6860,2,0,0,2,2,3430,4224,1,4225
3,6860,2,0,0,2,2,3430,4455,4,4459
3,6860,14,0,0,2,2,3430,3993,7,4000
3,6860,26,0,0,2,2,3430,11979,26,12005
3,6860,98,0,0,6,2,3430,16335,49,16384
3,6860,128,0,0,2,2,3430,3969,256,4225
3,6860,128,0,0,2,2,3430,6591,64,6655
3,6860,686,0,0,6,2,3430,3375,343,3718
3,6860,968,0,0,2,2,3430,13689,1936,15625
3,6860,2912,0,0,2,2,3430,9801,5824,15625
3,6876,6250,0,0,2,2,3438,573,3125,3698
3,6916,4,0,0,2,2,3458,29925,4,29929
3,6916,16,0,0,2,2,3458,21609,16,21625
3,6916,26,0,0,2,2,3458,48000,13,48013
3,6916,38,0,0,2,2,3458,15360,19,15379
3,6916,64,0,0,2,2,3458,15561,64,15625
3,6916,98,0,0,2,2,3458,62208,245,62453
3,6916,128,0,0,2,2,3458,3969,256,4225
3,6916,224,0,0,2,2,3458,6747,112,6859
3,6916,338,0,0,2,2,3458,25431,169,25600
3,6916,346,0,0,2,2,3458,9555,173,9728
3,6916,392,0,0,2,2,3458,59049,1960,61009
3,6916,490,0,0,2,2,3458,42039,1225,43264
3,6916,692,0,0,2,2,3458,29241,1384,30625
3,6916,2000,0,0,2,2,3458,13689,4000,17689
3,6916,2704,0,0,2,2,3458,7125,1352,8477
3,6916,2768,0,0,2,2,3458,2187,9688,11875
3,6916,3136,0,0,2,2,3458,1557,3136,4693
3,6916,3458,0,0,6,2,3458,4671,1729,6400
3,6916,4802,0,0,2,2,3458,1824,2401,4225
3,6916,6400,0,0,2,2,3458,117,6400,6517
3,6940,10,0,0,2,2,3470,10752,5,10757
3,6940,4096,0,0,2,2,3470,279,4096,4375
3,6952,74,0,0,2,2,3476,6204,37,6241
3,6952,2048,0,0,2,2,3476,5217,1024,6241
3,6956,2738,0,0,2,2,3478,2256,1369,3625
3,6968,1742,0,0,2,2,3484,15936,871,16807
3,6992,8,0,0,2,2,3496,25281,8,25289
3,6996,16,0,0,2,2,3498,6561,64,6625
3,6996,3388,0,0,2,2,3498,2187,11858,14045
3,7000,2,0,0,2,2,3500,8748,7,8755
3,7000,50,0,0,6,2,3500,10584,25,10609
3,7000,206,0,0,2,2,3500,5625,206,5831
3,7072,2,0,0,6,2,3536,13311,1,13312
3,7072,3712,0,0,2,2,3536,9,3712,3721
3,7072,4352,0,0,2,2,3536,549,4352,4901
3,7076,2,0,0,2,2,3538,90624,1,90625
3,7076,6962,0,0,2,2,3538,240,3481,3721
3,7080,40,0,0,6,2,3540,16767,40,16807
3,7080,46,0,0,2,2,3540,3750,23,3773
3,7080,64,0,0,2,2,3540,3993,32,4025
3,7080,322,0,0,2,2,3540,29403,805,30208
3,7080,352,0,0,2,2,3540,10935,1232,12167
3,7080,1408,0,0,2,2,3540,3969,2816,6785
3,7080,1770,0,0,6,2,3540,10692,1475,12167
3,7080,2254,0,0,2,2,3540,3993,1127,5120
3,7080,4096,0,0,2,2,3540,1725,2048,3773
3,7080,4840,0,0,2,2,3540,6561,19360,25921
3,7084,112,0,0,2,2,3542,4761,112,4873
3,7084,886,0,0,2,2,3542,5376,443,5819
3,7120,2,0,0,2,2,3560,21627,5,21632
3,7120,64,0,0,2,2,3560,93717,128,93845
3,7120,1250,0,0,2,2,3560,3471,625,4096
3,7120,6400,0,0,2,2,3560,1521,6400,7921
3,7140,34,0,0,2,2,3570,7203,17,7220
3,7140,34,0,0,2,2,3570,87723,85,87808
3,7140,34,0,0,6,2,3570,8208,17,8225
3,7140,136,0,0,2,2,3570,10773,272,11045
3,7140,190,0,0,2,2,3570,4131,475,4606
3,7140,658,0,0,2,2,3570,4131,1645,5776
3,7140,1444,0,0,2,2,3570,2025,2888,4913
3,7140,1504,0,0,2,2,3570,5355,1504,6859
3,7140,1786,0,0,2,2,3570,4374,6251,10625
3,7140,1786,0,0,2,2,3570,31875,893,32768
3,7140,1900,0,0,2,2,3570,6561,7600,14161
3,7140,6016,0,0,2,2,3570,6561,24064,30625
3,7168,2,0,0,2,2,3584,7986,1,7987
3,7176,46,0,0,2,2,3588,5385,23,5408
3,7176,5290,0,0,2,2,3588,3159,13225,16384
3,7196,1400,0,0,2,2,3598,59049,7000,66049
3,7216,2500,0,0,2,2,3608,9801,5000,14801
3,7216,3280,0,0,2,2,3608,59049,16400,75449
3,7220,86,0,0,2,2,3610,4332,43,4375
3,7220,86,0,0,2,2,3610,7125,43,7168
3,7220,2048,0,0,2,2,3610,75411,4096,79507
3,7220,3698,0,0,2,2,3610,1875,1849,3724
3,7256,2750,0,0,2,2,3628,2721,1375,4096
3,7276,2,0,0,2,2,3638,28560,1,28561
3,7276,2,0,0,6,2,3638,31212,1,31213
3,7276,14,0,0,2,2,3638,3750,7,3757
3,7276,50,0,0,2,2,3638,11424,25,11449
3,7276,98,0,0,2,2,3638,4815,98,4913
3,7276,128,0,0,2,2,3638,3969,256,4225
3,7276,512,0,0,2,2,3638,8025,256,8281
3,7276,1024,0,0,2,2,3638,26001,2560,28561
3,7276,1280,0,0,2,2,3638,14739,640,15379
3,7276,1600,0,0,2,2,3638,60669,3200,63869
3,7276,2000,0,0,2,2,3638,243,5000,5243
3,7276,3250,0,0,2,2,3638,1701,8125,9826
3,7276,3328,0,0,2,2,3638,3969,6656,10625
3,7276,4250,0,0,2,2,3638,85683,2125,87808
3,7276,4802,0,0,2,2,3638,4875,2401,7276
3,7276,4802,0,0,2,2,3638,81120,2401,83521
3,7276,5408,0,0,2,2,3638,50421,2704,53125
3,7276,5746,0,0,2,2,3638,2247,2873,5120
3,7276,5824,0,0,2,2,3638,5625,5824,11449
3,7280,128,0,0,2,2,3640,3969,256,4225
3,7280,4550,0,0,2,2,3640,1821,2275,4096
3,7300,1250,0,0,2,2,3650,14016,625,14641
3,7300,6050,0,0,2,2,3650,9,6050,6059
3,7316,2,0,0,2,2,3658,3720,1,3721
3,7316,6962,0,0,2,2,3658,240,3481,3721
3,7360,2,0,0,6,2,3680,6048,1,6049
3,7360,40,0,0,6,2,3680,16767,40,16807
3,7360,98,0,0,2,2,3680,6000,49,6049
3,7360,1472,0,0,6,2,3680,5103,1472,6575
3,7360,4802,0,0,2,2,3680,9375,2401,11776
3,7368,4096,0,0,2,2,3684,2763,4096,6859
3,7380,5248,0,0,2,2,3690,9375,2624,11999
3,7416,16,0,0,2,2,3708,6561,64,6625
3,7416,7168,0,0,2,2,3708,1875,3584,5459
3,7420,16,0,0,2,2,3710,6561,64,6625
3,7420,1792,0,0,2,2,3710,13833,1792,15625
3,7420,5194,0,0,2,2,3710,2523,2597,5120
3,7420,5618,0,0,2,2,3710,38400,2809,41209
3,7436,2,0,0,2,2,3718,3750,1,3751
3,7436,2,0,0,2,2,3718,4224,1,4225
3,7436,128,0,0,2,2,3718,6591,64,6655
3,7436,968,0,0,2,2,3718,13689,1936,15625
3,7476,34,0,0,2,2,3738,10752,17,10769
3,7476,154,0,0,2,2,3738,4374,539,4913
3,7476,178,0,0,6,2,3738,9261,89,9350
3,7476,340,0,0,2,2,3738,6561,1360,7921
3,7476,400,0,0,2,2,3738,21627,1000,22627
3,7476,1024,0,0,2,2,3738,13617,1024,14641
3,7476,3400,0,0,2,2,3738,3969,6800,10769
3,7476,4096,0,0,2,2,3738,3825,4096,7921
3,7476,4450,0,0,2,2,3738,2688,2225,4913
3,7500,4480,0,0,2,2,3750,9,4480,4489
3,7520,2,0,0,2,2,3760,9024,1,9025
3,7520,4418,0,0,2,2,3760,2673,11045,13718
3,7536,64,0,0,2,2,3768,63585,128,63713
3,7536,2704,0,0,2,2,3768,12717,5408,18125
3,7540,2,0,0,2,2,3770,32799,1,32800
3,7540,50,0,0,2,2,3770,28536,25,28561
3,7540,58,0,0,2,2,3770,6900,29,6929
3,7540,92,0,0,2,2,3770,6561,368,6929
3,7540,400,0,0,2,2,3770,68121,800,68921
3,7540,640,0,0,2,2,3770,3567,320,3887
3,7540,1058,0,0,2,2,3770,3567,529,4096
3,7540,1690,0,0,2,2,3770,5043,845,5888
3,7540,2048,0,0,2,2,3770,7047,5120,12167
3,7540,3362,0,0,2,2,3770,14703,1681,16384
3,7540,3364,0,0,2,2,3770,4761,3364,8125
3,7540,4000,0,0,2,2,3770,13689,8000,21689
3,7540,4756,0,0,2,2,3770,23805,4756,28561
3,7540,5290,0,0,2,2,3770,3159,13225,16384
3,7560,4096,0,0,2,2,3780,279,4096,4375
3,7588,98,0,0,2,2,3794,12288,49,12337
3,7596,4000,0,0,2,2,3798,9,4000,4009
3,7612,2,0,0,2,2,3806,25431,1,25432
3,7612,154,0,0,2,2,3806,4374,539,4913
3,7616,1016,0,0,2,2,3808,6561,4064,10625
3,7636,1660,0,0,2,2,3818,243,4150,4393
3,7640,128,0,0,2,2,3820,3969,256,4225
3,7672,38,0,0,2,2,3836,6561,152,6713
3,7676,38,0,0,2,2,3838,10125,76,10201
3,7680,226,0,0,2,2,3840,4800,113,4913
3,7696,2,0,0,2,2,3848,4224,1,4225
3,7696,2,0,0,2,2,3848,4455,4,4459
3,7696,8,0,0,2,2,3848,6237,16,6253
3,7696,14,0,0,2,2,3848,3993,7,4000
3,7696,14,0,0,2,2,3848,50625,28,50653
3,7696,16,0,0,2,2,3848,14625,16,14641
3,7696,20,0,0,2,2,3848,17787,10,17797
3,7696,22,0,0,2,2,3848,12636,55,12691
3,7696,26,0,0,2,2,3848,11979,26,12005
3,7696,32,0,0,2,2,3848,12675,16,12691
3,7696,128,0,0,2,2,3848,3969,256,4225
3,7696,128,0,0,2,2,3848,6591,64,6655
3,7696,148,0,0,6,2,3848,9477,148,9625
3,7696,256,0,0,2,2,3848,4107,128,4235
3,7696,286,0,0,2,2,3848,80919,1001,81920
3,7696,370,0,0,2,2,3848,6591,185,6776
3,7696,416,0,0,2,2,3848,9375,208,9583
3,7696,518,0,0,2,2,3848,2187,1813,4000
3,7696,592,0,0,2,2,3848,9801,1184,10985
3,7696,686,0,0,2,2,3848,5577,343,5920
3,7696,704,0,0,2,2,3848,4107,352,4459
3,7696,962,0,0,2,2,3848,9375,481,9856
3,7696,968,0,0,2,2,3848,13689,1936,15625
3,7696,1210,0,0,2,2,3848,47628,3025,50653
3,7696,1250,0,0,2,2,3848,4107,625,4732
3,7696,1274,0,0,2,2,3848,3840,637,4477
3,7696,1600,0,0,2,2,3848,4329,1600,5929
3,7696,1750,0,0,2,2,3848,16428,875,17303
3,7696,2048,0,0,2,2,3848,19425,1024,20449
3,7696,2072,0,0,2,2,3848,81,4144,4225
3,7696,2738,0,0,2,2,3848,15015,1369,16384
3,7696,2912,0,0,2,2,3848,9801,5824,15625
3,7696,3136,0,0,2,2,3848,1089,3136,4225
3,7696,5096,0,0,2,2,3848,4107,2548,6655
3,7696,5324,0,0,2,2,3848,1521,5324,6845
3,7696,5476,0,0,2,2,3848,1053,10952,12005
3,7696,5500,0,0,2,2,3848,6561,22000,28561
3,7696,5920,0,0,2,2,3848,9,5920,5929
3,7696,7168,0,0,2,2,3848,6591,3584,10175
3,7696,7280,0,0,2,2,3848,81,14560,14641
3,7696,7546,0,0,2,2,3848,3072,3773,6845
3,7700,14,0,0,2,2,3850,3993,7,4000
3,7700,56,0,0,2,2,3850,34347,28,34375
3,7700,2000,0,0,2,2,3850,243,5000,5243
3,7748,1664,0,0,2,2,3874,3249,1664,4913
3,7752,2176,0,0,2,2,3876,3087,2176,5263
3,7756,2,0,0,2,2,3878,9408,1,9409
3,7756,1108,0,0,6,2,3878,3645,1108,4753
3,7756,2770,0,0,2,2,3878,243,6925,7168
3,7760,194,0,0,2,2,3880,15528,97,15625
3,7816,200,0,0,2,2,3908,8793,200,8993
3,7816,1954,0,0,6,2,3908,3375,977,4352
3,7828,206,0,0,2,2,3914,3993,103,4096
3,7828,2048,0,0,2,2,3914,6897,1024,7921
3,7840,14,0,0,2,2,3920,50625,28,50653
3,7840,16,0,0,2,2,3920,6561,64,6625
3,7840,296,0,0,2,2,3920,8427,148,8575
3,7840,518,0,0,2,2,3920,2187,1813,4000
3,7840,3626,0,0,2,2,3920,8427,1813,10240
3,7880,20,0,0,6,2,3940,5319,10,5329
3,7896,6016,0,0,2,2,3948,225,6016,6241
3,7896,6016,0,0,2,2,3948,6561,24064,30625
3,7900,2,0,0,2,2,3950,6240,1,6241
3,7900,6250,0,0,2,2,3950,3888,15625,19513
3,7936,32,0,0,2,2,3968,29775,16,29791
3,7952,2,0,0,6,2,3976,31212,1,31213
3,7952,98,0,0,2,2,3976,4992,49,5041
3,7952,512,0,0,2,2,3976,15123,256,15379
3,7964,5792,0,0,2,2,3982,3993,2896,6889
3,7980,4096,0,0,2,2,3990,8379,4096,12475
3,8000,2048,0,0,2,2,4000,7047,5120,12167
3,9024,75,0,0,3,3,3008,11907,125,12032
3,9024,1176,0,0,3,3,3008,3807,1568,5375
3,9024,6909,0,0,3,3,3008,3072,2303,5375
3,9024,8232,0,0,3,3,3008,387,5488,5875
3,9024,9024,0,0,3,3,3008,6561,24064,30625
3,9042,411,0,0,3,3,3014,6591,137,6728
3,9042,4719,0,0,3,3,3014,2523,1573,4096
3,9090,2274,0,0,3,3,3030,6561,6064,12625
3,9108,3993,0,0,3,3,3036,4557,1331,5888
3,9114,57,0,0,3,3,3038,3087,38,3125
3,9114,147,0,0,3,3,3038,9375,49,9424
3,9114,1029,0,0,3,3,3038,11532,343,11875
3,9114,6144,0,0,3,3,3038,279,4096,4375
3,9150,300,0,0,3,3,3050,4941,400,5341
3,9150,1536,0,0,3,3,3050,5625,1024,6649
3,9150,7203,0,0,3,3,3050,4575,2401,6976
3,9174,363,0,0,3,3,3058,19200,121,19321
3,9180,960,0,0,3,3,3060,4593,320,4913
3,9204,7680,0,0,3,3,3068,921,2560,3481
3,9234,33,0,0,3,3,3078,6804,55,6859
3,9234,375,0,0,3,3,3078,3648,125,3773
3,9234,456,0,0,3,3,3078,5625,304,5929
3,9234,924,0,0,3,3,3078,6561,2464,9025
3,9240,21,0,0,3,3,3080,3993,7,4000
3,9240,24,0,0,3,3,3080,13467,8,13475
3,9240,60,0,0,9,3,3080,16767,40,16807
3,9240,69,0,0,3,3,3080,3750,23,3773
3,9240,96,0,0,3,3,3080,3993,32,4025
3,9240,294,0,0,3,3,3080,5427,392,5819
3,9240,375,0,0,3,3,3080,22356,625,22981
3,9240,402,0,0,3,3,3080,2187,938,3125
3,9240,528,0,0,3,3,3080,10935,1232,12167
3,9240,759,0,0,3,3,3080,13467,253,13720
3,9240,804,0,0,3,3,3080,25875,536,26411
3,9240,1200,0,0,3,3,3080,13041,1600,14641
3,9240,1344,0,0,3,3,3080,13467,448,13915
3,9240,1536,0,0,3,3,3080,3465,1024,4489
3,9240,1587,0,0,3,3,3080,9075,529,9604
3,9240,1848,0,0,3,3,3080,2025,2464,4489
3,9240,1875,0,0,3,3,3080,3864,625,4489
3,9240,1920,0,0,3,3,3080,16281,3200,19481
3,9240,3381,0,0,3,3,3080,3993,1127,5120
3,9240,4125,0,0,3,3,3080,1701,6875,8576
3,9240,4224,0,0,3,3,3080,1875,1408,3283
3,9240,4800,0,0,3,3,3080,24321,1600,25921
3,9240,6072,0,0,3,3,3080,441,4048,4489
3,9240,6144,0,0,3,3,3080,1725,2048,3773
3,9240,6432,0,0,3,3,3080,3675,2144,5819
3,9240,6720,0,0,3,3,3080,9,4480,4489
3,9240,7203,0,0,3,3,3080,9375,2401,11776
3,9240,7260,0,0,3,3,3080,6561,19360,25921
3,9282,192,0,0,3,3,3094,7203,64,7267
3,9282,6708,0,0,3,3,3094,441,4472,4913
3,9294,9294,0,0,9,3,3098,27,3098,3125
3,9300,3,0,0,3,3,3100,3750,1,3751
3,9300,93,0,0,3,3,3100,5625,62,5687
3,9324,96,0,0,3,3,3108,2997,128,3125
3,9324,2331,0,0,9,3,3108,2187,1813,4000
3,9360,312,0,0,9,3,3120,6021,104,6125
3,9366,6144,0,0,3,3,3122,15123,2048,17171
3,9378,6144,0,0,3,3,3126,4761,4096,8857
3,9480,867,0,0,3,3,3160,5952,289,6241
3,9480,1920,0,0,3,3,3160,6399,2560,8959
3,9480,3162,0,0,3,3,3160,2025,4216,6241
3,9480,5925,0,0,3,3,3160,7533,9875,17408
3,9510,951,0,0,9,3,3170,4563,317,4880
3,9540,24,0,0,3,3,3180,6561,64,6625
3,9540,24,0,0,3,3,3180,6837,8,6845
3,9564,9375,0,0,3,3,3188,384,3125,3509
3,9570,3,0,0,3,3,3190,5775,1,5776
3,9570,3,0,0,3,3,3190,30624,1,30625
3,9570,21,0,0,3,3,3190,3993,7,4000
3,9570,21,0,0,3,3,3190,15972,7,15979
3,9570,21,0,0,3,3,3190,17496,49,17545
3,9570,147,0,0,3,3,3190,14592,49,14641
3,9570,165,0,0,3,3,3190,41154,55,41209
3,9570,174,0,0,9,3,3190,3267,58,3325
3,9570,480,0,0,3,3,3190,6699,160,6859
3,9570,1083,0,0,3,3,3190,5568,361,5929
3,9570,1083,0,0,3,3,3190,75264,361,75625
3,9570,1344,0,0,3,3,3190,20577,448,21025
3,9570,2523,0,0,3,3,3190,11319,841,12160
3,9570,2523,0,0,3,3,3190,14784,841,15625
3,9570,3072,0,0,3,3,3190,16929,4096,21025
3,9570,4125,0,0,3,3,3190,20577,1375,21952
3,9570,5250,0,0,3,3,3190,9,3500,3509
3,9570,7203,0,0,3,3,3190,13224,2401,15625
3,9570,8085,0,0,3,3,3190,243,13475,13718
3,9612,267,0,0,9,3,3204,6183,89,6272
3,9654,7203,0,0,3,3,3218,9375,2401,11776
3,9660,3,0,0,3,3,3220,4116,1,4117
3,9660,7203,0,0,3,3,3220,9375,2401,11776
3,9684,2166,0,0,3,3,3228,2025,2888,4913
3,9690,3,0,0,3,3,3230,10200,1,10201
3,9690,3,0,0,3,3,3230,24543,5,24548
3,9690,15,0,0,3,3,3230,29184,5,29189
3,9690,57,0,0,3,3,3230,10125,76,10201
3,9690,57,0,0,9,3,3230,15606,19,15625
3,9690,768,0,0,3,3,3230,5625,512,6137
3,9690,1875,0,0,3,3,3230,5151,625,5776
3,9690,2166,0,0,3,3,3230,2025,2888,4913
3,9702,2427,0,0,3,3,3234,3993,809,4802
3,9744,42,0,0,3,3,3248,24375,14,24389
3,9744,192,0,0,3,3,3248,3969,256,4225
3,9744,1920,0,0,3,3,3248,1701,3200,4901
3,9798,129,0,0,3,3,3266,6816,43,6859
3,9804,5547,0,0,3,3,3268,37500,1849,39349
3,9834,726,0,0,3,3,3278,5625,484,6109
3,9864,9024,0,0,3,3,3288,6561,24064,30625
3,9870,75,0,0,3,3,3290,11907,125,12032
3,9870,9024,0,0,3,3,3290,6561,24064,30625
3,9894,102,0,0,3,3,3298,9375,34,9409
3,9900,24,0,0,3,3,3300,14625,16,14641
3,9900,8250,0,0,3,3,3300,6561,22000,28561
3,9912,3,0,0,3,3,3304,3363,1,3364
3,9954,1896,0,0,3,3,3318,5625,1264,6889
3,9990,735,0,0,3,3,3330,4107,245,4352
3,10032,147,0,0,3,3,3344,14592,49,14641
3,10056,129,0,0,3,3,3352,16341,43,16384
3,10074,552,0,0,3,3,3358,5145,184,5329
3,10074,1587,0,0,3,3,3358,4800,529,5329
3,10074,1875,0,0,3,3,3358,4704,625,5329
3,10074,7203,0,0,3,3,3358,9375,2401,11776
3,10140,3,0,0,3,3,3380,21627,5,21632
3,10140,6,0,0,3,3,3380,45123,2,45125
3,10140,1875,0,0,3,3,3380,3471,625,4096
3,10140,1875,0,0,3,3,3380,7296,625,7921
3,10140,2670,0,0,3,3,3380,243,4450,4693
3,10140,8664,0,0,3,3,3380,9,5776,5785
3,10140,9600,0,0,3,3,3380,1521,6400,7921
3,10164,21,0,0,3,3,3388,3993,7,4000
3,10164,192,0,0,3,3,3388,12705,64,12769
3,10164,4116,0,0,3,3,3388,9153,5488,14641
3,10164,6600,0,0,3,3,3388,3969,8800,12769
3,10164,7203,0,0,3,3,3388,1695,2401,4096
3,10170,24,0,0,3,3,3390,6561,64,6625
3,10224,6,0,0,3,3,3408,15123,2,15125
3,10224,213,0,0,3,3,3408,77841,284,78125
3,10230,3,0,0,3,3,3410,3750,1,3751
3,10230,24,0,0,3,3,3410,9375,8,9383
3,10230,2883,0,0,3,3,3410,2559,961,3520
3,10260,348,0,0,3,3,3420,3249,232,3481
3,10290,3,0,0,3,3,3430,4224,1,4225
3,10290,3,0,0,3,3,3430,4455,4,4459
3,10290,21,0,0,3,3,3430,3993,7,4000
3,10290,39,0,0,3,3,3430,11979,26,12005
3,10290,147,0,0,9,3,3430,16335,49,16384
3,10290,192,0,0,3,3,3430,3969,256,4225
3,10290,192,0,0,3,3,3430,6591,64,6655
3,10290,1029,0,0,9,3,3430,3375,343,3718
3,10290,1452,0,0,3,3,3430,13689,1936,15625
3,10290,4368,0,0,3,3,3430,9801,5824,15625
3,10314,9375,0,0,3,3,3438,573,3125,3698
3,10374,6,0,0,3,3,3458,29925,4,29929
3,10374,24,0,0,3,3,3458,21609,16,21625
3,10374,39,0,0,3,3,3458,48000,13,48013
3,10374,57,0,0,3,3,3458,15360,19,15379
3,10374,96,0,0,3,3,3458,15561,64,15625
3,10374,147,0,0,3,3,3458,62208,245,62453
3,10374,192,0,0,3,3,3458,3969,256,4225
3,10374,336,0,0,3,3,3458,6747,112,6859
3,10374,507,0,0,3,3,3458,25431,169,25600
3,10374,519,0,0,3,3,3458,9555,173,9728
3,10374,588,0,0,3,3,3458,59049,1960,61009
3,10374,735,0,0,3,3,3458,42039,1225,43264
3,10374,1038,0,0,3,3,3458,29241,1384,30625
3,10374,3000,0,0,3,3,3458,13689,4000,17689
3,10374,4056,0,0,3,3,3458,7125,1352,8477
3,10374,4152,0,0,3,3,3458,2187,9688,11875
3,10374,4704,0,0,3,3,3458,1557,3136,4693
3,10374,5187,0,0,9,3,3458,4671,1729,6400
3,10374,7203,0,0,3,3,3458,1824,2401,4225
3,10374,9600,0,0,3,3,3458,117,6400,6517
3,10410,15,0,0,3,3,3470,10752,5,10757
3,10410,6144,0,0,3,3,3470,279,4096,4375
3,10428,111,0,0,3,3,3476,6204,37,6241
3,10428,3072,0,0,3,3,3476,5217,1024,6241
3,10434,4107,0,0,3,3,3478,2256,1369,3625
3,10452,2613,0,0,3,3,3484,15936,871,16807
3,10488,12,0,0,3,3,3496,25281,8,25289
3,10494,24,0,0,3,3,3498,6561,64,6625
3,10494,5082,0,0,3,3,3498,2187,11858,14045
3,10500,3,0,0,3,3,3500,8748,7,8755
3,10500,75,0,0,9,3,3500,10584,25,10609
3,10500,309,0,0,3,3,3500,5625,206,5831
3,10608,3,0,0,9,3,3536,13311,1,13312
3,10608,5568,0,0,3,3,3536,9,3712,3721
3,10608,6528,0,0,3,3,3536,549,4352,4901
3,10614,3,0,0,3,3,3538,90624,1,90625
3,10614,10443,0,0,3,3,3538,240,3481,3721
3,10620,60,0,0,9,3,3540,16767,40,16807
3,10620,69,0,0,3,3,3540,3750,23,3773
3,10620,96,0,0,3,3,3540,3993,32,4025
3,10620,483,0,0,3,3,3540,29403,805,30208
3,10620,528,0,0,3,3,3540,10935,1232,12167
3,10620,2112,0,0,3,3,3540,3969,2816,6785
3,10620,2655,0,0,9,3,3540,10692,1475,12167
3,10620,3381,0,0,3,3,3540,3993,1127,5120
3,10620,6144,0,0,3,3,3540,1725,2048,3773
3,10620,7260,0,0,3,3,3540,6561,19360,25921
3,10626,168,0,0,3,3,3542,4761,112,4873
3,10626,1329,0,0,3,3,3542,5376,443,5819
3,10680,3,0,0,3,3,3560,21627,5,21632
3,10680,96,0,0,3,3,3560,93717,128,93845
3,10680,1875,0,0,3,3,3560,3471,625,4096
3,10680,9600,0,0,3,3,3560,1521,6400,7921
3,10710,51,0,0,3,3,3570,7203,17,7220
3,10710,51,0,0,3,3,3570,87723,85,87808
3,10710,51,0,0,9,3,3570,8208,17,8225
3,10710,204,0,0,3,3,3570,10773,272,11045
3,10710,285,0,0,3,3,3570,4131,475,4606
3,10710,987,0,0,3,3,3570,4131,1645,5776
3,10710,2166,0,0,3,3,3570,2025,2888,4913
3,10710,2256,0,0,3,3,3570,5355,1504,6859
3,10710,2679,0,0,3,3,3570,4374,6251,10625
3,10710,2679,0,0,3,3,3570,31875,893,32768
3,10710,2850,0,0,3,3,3570,6561,7600,14161
3,10710,9024,0,0,3,3,3570,6561,24064,30625
3,10752,3,0,0,3,3,3584,7986,1,7987
3,10764,69,0,0,3,3,3588,5385,23,5408
3,10764,7935,0,0,3,3,3588,3159,13225,16384
3,10794,2100,0,0,3,3,3598,59049,7000,66049
3,10824,3750,0,0,3,3,3608,9801,5000,14801
3,10824,4920,0,0,3,3,3608,59049,16400,75449
3,10830,129,0,0,3,3,3610,4332,43,4375
3,10830,129,0,0,3,3,3610,7125,43,7168
3,10830,3072,0,0,3,3,3610,75411,4096,79507
3,10830,5547,0,0,3,3,3610,1875,1849,3724
3,10884,4125,0,0,3,3,3628,2721,1375,4096
3,10914,3,0,0,3,3,3638,28560,1,28561
3,10914,3,0,0,9,3,3638,31212,1,31213
3,10914,21,0,0,3,3,3638,3750,7,3757
3,10914,75,0,0,3,3,3638,11424,25,11449
3,10914,147,0,0,3,3,3638,4815,98,4913
3,10914,192,0,0,3,3,3638,3969,256,4225
3,10914,768,0,0,3,3,3638,8025,256,8281
3,10914,1536,0,0,3,3,3638,26001,2560,28561
3,10914,1920,0,0,3,3,3638,14739,640,15379
3,10914,2400,0,0,3,3,3638,60669,3200,63869
3,10914,3000,0,0,3,3,3638,243,5000,5243
3,10914,4875,0,0,3,3,3638,1701,8125,9826
3,10914,4992,0,0,3,3,3638,3969,6656,10625
3,10914,6375,0,0,3,3,3638,85683,2125,87808
3,10914,7203,0,0,3,3,3638,4875,2401,7276
3,10914,7203,0,0,3,3,3638,81120,2401,83521
3,10914,8112,0,0,3,3,3638,50421,2704,53125
3,10914,8619,0,0,3,3,3638,2247,2873,5120
3,10914,8736,0,0,3,3,3638,5625,5824,11449
3,10920,192,0,0,3,3,3640,3969,256,4225
3,10920,6825,0,0,3,3,3640,1821,2275,4096
3,10950,1875,0,0,3,3,3650,14016,625,14641
3,10950,9075,0,0,3,3,3650,9,6050,6059
3,10974,3,0,0,3,3,3658,3720,1,3721
3,10974,10443,0,0,3,3,3658,240,3481,3721
3,11040,3,0,0,9,3,3680,6048,1,6049
3,11040,60,0,0,9,3,3680,16767,40,16807
3,11040,147,0,0,3,3,3680,6000,49,6049
3,11040,2208,0,0,9,3,3680,5103,1472,6575
3,11040,7203,0,0,3,3,3680,9375,2401,11776
3,11052,6144,0,0,3,3,3684,2763,4096,6859
3,11070,7872,0,0,3,3,3690,9375,2624,11999
3,11124,24,0,0,3,3,3708,6561,64,6625
3,11124,10752,0,0,3,3,3708,1875,3584,5459
3,11130,24,0,0,3,3,3710,6561,64,6625
3,11130,2688,0,0,3,3,3710,13833,1792,15625
3,11130,7791,0,0,3,3,3710,2523,2597,5120
3,11130,8427,0,0,3,3,3710,38400,2809,41209
3,11154,3,0,0,3,3,3718,3750,1,3751
3,11154,3,0,0,3,3,3718,4224,1,4225
3,11154,192,0,0,3,3,3718,6591,64,6655
3,11154,1452,0,0,3,3,3718,13689,1936,15625
3,11214,51,0,0,3,3,3738,10752,17,10769
3,11214,231,0,0,3,3,3738,4374,539,4913
3,11214,267,0,0,9,3,3738,9261,89,9350
3,11214,510,0,0,3,3,3738,6561,1360,7921
3,11214,600,0,0,3,3,3738,21627,1000,22627
3,11214,1536,0,0,3,3,3738,13617,1024,14641
3,11214,5100,0,0,3,3,3738,3969,6800,10769
3,11214,6144,0,0,3,3,3738,3825,4096,7921
3,11214,6675,0,0,3,3,3738,2688,2225,4913
3,11250,6720,0,0,3,3,3750,9,4480,4489
3,11280,3,0,0,3,3,3760,9024,1,9025
3,11280,6627,0,0,3,3,3760,2673,11045,13718
3,11304,96,0,0,3,3,3768,63585,128,63713
3,11304,4056,0,0,3,3,3768,12717,5408,18125
3,11310,3,0,0,3,3,3770,32799,1,32800
3,11310,75,0,0,3,3,3770,28536,25,28561
3,11310,87,0,0,3,3,3770,6900,29,6929
3,11310,138,0,0,3,3,3770,6561,368,6929
3,11310,600,0,0,3,3,3770,68121,800,68921
3,11310,960,0,0,3,3,3770,3567,320,3887
3,11310,1587,0,0,3,3,3770,3567,529,4096
3,11310,2535,0,0,3,3,3770,5043,845,5888
3,11310,3072,0,0,3,3,3770,7047,5120,12167
3,11310,5043,0,0,3,3,3770,14703,1681,16384
3,11310,5046,0,0,3,3,3770,4761,3364,8125
3,11310,6000,0,0,3,3,3770,13689,8000,21689
3,11310,7134,0,0,3,3,3770,23805,4756,28561
3,11310,7935,0,0,3,3,3770,3159,13225,16384
3,11340,6144,0,0,3,3,3780,279,4096,4375
3,11382,147,0,0,3,3,3794,12288,49,12337
3,11394,6000,0,0,3,3,3798,9,4000,4009
3,11418,3,0,0,3,3,3806,25431,1,25432
3,11418,231,0,0,3,3,3806,4374,539,4913
3,11424,1524,0,0,3,3,3808,6561,4064,10625
3,11454,2490,0,0,3,3,3818,243,4150,4393
3,11460,192,0,0,3,3,3820,3969,256,4225
3,11508,57,0,0,3,3,3836,6561,152,6713
3,11514,57,0,0,3,3,3838,10125,76,10201
3,11520,339,0,0,3,3,3840,4800,113,4913
3,11544,3,0,0,3,3,3848,4224,1,4225
3,11544,3,0,0,3,3,3848,4455,4,4459
3,11544,12,0,0,3,3,3848,6237,16,6253
3,11544,21,0,0,3,3,3848,3993,7,4000
3,11544,21,0,0,3,3,3848,50625,28,50653
3,11544,24,0,0,3,3,3848,14625,16,14641
3,11544,30,0,0,3,3,3848,17787,10,17797
3,11544,33,0,0,3,3,3848,12636,55,12691
3,11544,39,0,0,3,3,3848,11979,26,12005
3,11544,48,0,0,3,3,3848,12675,16,12691
3,11544,192,0,0,3,3,3848,3969,256,4225
3,11544,192,0,0,3,3,3848,6591,64,6655
3,11544,222,0,0,9,3,3848,9477,148,9625
3,11544,384,0,0,3,3,3848,4107,128,4235
3,11544,429,0,0,3,3,3848,80919,1001,81920
3,11544,555,0,0,3,3,3848,6591,185,6776
3,11544,624,0,0,3,3,3848,9375,208,9583
3,11544,777,0,0,3,3,3848,2187,1813,4000
3,11544,888,0,0,3,3,3848,9801,1184,10985
3,11544,1029,0,0,3,3,3848,5577,343,5920
3,11544,1056,0,0,3,3,3848,4107,352,4459
3,11544,1443,0,0,3,3,3848,9375,481,9856
3,11544,1452,0,0,3,3,3848,13689,1936,15625
3,11544,1815,0,0,3,3,3848,47628,3025,50653
3,11544,1875,0,0,3,3,3848,4107,625,4732
3,11544,1911,0,0,3,3,3848,3840,637,4477
3,11544,2400,0,0,3,3,3848,4329,1600,5929
3,11544,2625,0,0,3,3,3848,16428,875,17303
3,11544,3072,0,0,3,3,3848,19425,1024,20449
3,11544,3108,0,0,3,3,3848,81,4144,4225
3,11544,4107,0,0,3,3,3848,15015,1369,16384
3,11544,4368,0,0,3,3,3848,9801,5824,15625
3,11544,4704,0,0,3,3,3848,1089,3136,4225
3,11544,7644,0,0,3,3,3848,4107,2548,6655
3,11544,7986,0,0,3,3,3848,1521,5324,6845
3,11544,8214,0,0,3,3,3848,1053,10952,12005
3,11544,8250,0,0,3,3,3848,6561,22000,28561
3,11544,8880,0,0,3,3,3848,9,5920,5929
3,11544,10752,0,0,3,3,3848,6591,3584,10175
3,11544,10920,0,0,3,3,3848,81,14560,14641
3,11544,11319,0,0,3,3,3848,3072,3773,6845
3,11550,21,0,0,3,3,3850,3993,7,4000
3,11550,84,0,0,3,3,3850,34347,28,34375
3,11550,3000,0,0,3,3,3850,243,5000,5243
3,11622,2496,0,0,3,3,3874,3249,1664,4913
3,11628,3264,0,0,3,3,3876,3087,2176,5263
3,11634,3,0,0,3,3,3878,9408,1,9409
3,11634,1662,0,0,9,3,3878,3645,1108,4753
3,11634,4155,0,0,3,3,3878,243,6925,7168
3,11640,291,0,0,3,3,3880,15528,97,15625
3,11724,300,0,0,3,3,3908,8793,200,8993
3,11724,2931,0,0,9,3,3908,3375,977,4352
3,11742,309,0,0,3,3,3914,3993,103,4096
3,11742,3072,0,0,3,3,3914,6897,1024,7921
3,11760,21,0,0,3,3,3920,50625,28,50653
3,11760,24,0,0,3,3,3920,6561,64,6625
3,11760,444,0,0,3,3,3920,8427,148,8575
3,11760,777,0,0,3,3,3920,2187,1813,4000
3,11760,5439,0,0,3,3,3920,8427,1813,10240
3,11820,30,0,0,9,3,3940,5319,10,5329
3,11844,9024,0,0,3,3,3948,225,6016,6241
3,11844,9024,0,0,3,3,3948,6561,24064,30625
3,11850,3,0,0,3,3,3950,6240,1,6241
3,11850,9375,0,0,3,3,3950,3888,15625,19513
3,11904,48,0,0,3,3,3968,29775,16,29791
3,11928,3,0,0,9,3,3976,31212,1,31213
3,11928,147,0,0,3,3,3976,4992,49,5041
3,11928,768,0,0,3,3,3976,15123,256,15379
3,11946,8688,0,0,3,3,3982,3993,2896,6889
3,11970,6144,0,0,3,3,3990,8379,4096,12475
3,12000,3072,0,0,3,3,4000,7047,5120,12167
3,12032,100,0,0,4,4,3008,11907,125,12032
3,12032,1568,0,0,4,4,3008,3807,1568,5375
3,12032,9212,0,0,4,4,3008,3072,2303,5375
3,12032,10976,0,0,4,4,3008,387,5488,5875
3,12032,12032,0,0,4,4,3008,6561,24064,30625
3,12056,548,0,0,4,4,3014,6591,137,6728
3,12056,6292,0,0,4,4,3014,2523,1573,4096
3,12120,3032,0,0,4,4,3030,6561,6064,12625
3,12144,5324,0,0,4,4,3036,4557,1331,5888
3,12152,76,0,0,4,4,3038,3087,38,3125
3,12152,196,0,0,4,4,3038,9375,49,9424
3,12152,1372,0,0,4,4,3038,11532,343,11875
3,12152,8192,0,0,4,4,3038,279,4096,4375
3,12200,400,0,0,4,4,3050,4941,400,5341
3,12200,2048,0,0,4,4,3050,5625,1024,6649
3,12200,9604,0,0,4,4,3050,4575,2401,6976
3,12232,484,0,0,4,4,3058,19200,121,19321
3,12240,1280,0,0,4,4,3060,4593,320,4913
3,12272,10240,0,0,4,4,3068,921,2560,3481
3,12312,44,0,0,4,4,3078,6804,55,6859
3,12312,500,0,0,4,4,3078,3648,125,3773
3,12312,608,0,0,4,4,3078,5625,304,5929
3,12312,1232,0,0,4,4,3078,6561,2464,9025
3,12320,28,0,0,4,4,3080,3993,7,4000
3,12320,32,0,0,4,4,3080,13467,8,13475
3,12320,80,0,0,12,4,3080,16767,40,16807
3,12320,92,0,0,4,4,3080,3750,23,3773
3,12320,128,0,0,4,4,3080,3993,32,4025
3,12320,392,0,0,4,4,3080,5427,392,5819
3,12320,500,0,0,4,4,3080,22356,625,22981
3,12320,536,0,0,4,4,3080,2187,938,3125
3,12320,704,0,0,4,4,3080,10935,1232,12167
3,12320,1012,0,0,4,4,3080,13467,253,13720
3,12320,1072,0,0,4,4,3080,25875,536,26411
3,12320,1600,0,0,4,4,3080,13041,1600,14641
3,12320,1792,0,0,4,4,3080,13467,448,13915
3,12320,2048,0,0,4,4,3080,3465,1024,4489
3,12320,2116,0,0,4,4,3080,9075,529,9604
3,12320,2464,0,0,4,4,3080,2025,2464,4489
3,12320,2500,0,0,4,4,3080,3864,625,4489
3,12320,2560,0,0,4,4,3080,16281,3200,19481
3,12320,4508,0,0,4,4,3080,3993,1127,5120
3,12320,5500,0,0,4,4,3080,1701,6875,8576
3,12320,5632,0,0,4,4,3080,1875,1408,3283
3,12320,6400,0,0,4,4,3080,24321,1600,25921
3,12320,8096,0,0,4,4,3080,441,4048,4489
3,12320,8192,0,0,4,4,3080,1725,2048,3773
3,12320,8576,0,0,4,4,3080,3675,2144,5819
3,12320,8960,0,0,4,4,3080,9,4480,4489
3,12320,9604,0,0,4,4,3080,9375,2401,11776
3,12320,9680,0,0,4,4,3080,6561,19360,25921
3,12376,256,0,0,4,4,3094,7203,64,7267
3,12376,8944,0,0,4,4,3094,441,4472,4913
3,12392,12392,0,0,12,4,3098,27,3098,3125
3,12400,4,0,0,4,4,3100,3750,1,3751
3,12400,124,0,0,4,4,3100,5625,62,5687
3,12432,128,0,0,4,4,3108,2997,128,3125
3,12432,3108,0,0,12,4,3108,2187,1813,4000
3,12480,416,0,0,12,4,3120,6021,104,6125
3,12488,8192,0,0,4,4,3122,15123,2048,17171
3,12504,8192,0,0,4,4,3126,4761,4096,8857
3,12640,1156,0,0,4,4,3160,5952,289,6241
3,12640,2560,0,0,4,4,3160,6399,2560,8959
3,12640,4216,0,0,4,4,3160,2025,4216,6241
3,12640,7900,0,0,4,4,3160,7533,9875,17408
3,12680,1268,0,0,12,4,3170,4563,317,4880
3,12720,32,0,0,4,4,3180,6561,64,6625
3,12720,32,0,0,4,4,3180,6837,8,6845
3,12752,12500,0,0,4,4,3188,384,3125,3509
3,12760,4,0,0,4,4,3190,5775,1,5776
3,12760,4,0,0,4,4,3190,30624,1,30625
3,12760,28,0,0,4,4,3190,3993,7,4000
3,12760,28,0,0,4,4,3190,15972,7,15979
3,12760,28,0,0,4,4,3190,17496,49,17545
3,12760,196,0,0,4,4,3190,14592,49,14641
3,12760,220,0,0,4,4,3190,41154,55,41209
3,12760,232,0,0,12,4,3190,3267,58,3325
3,12760,640,0,0,4,4,3190,6699,160,6859
3,12760,1444,0,0,4,4,3190,5568,361,5929
3,12760,1444,0,0,4,4,3190,75264,361,75625
3,12760,1792,0,0,4,4,3190,20577,448,21025
3,12760,3364,0,0,4,4,3190,11319,841,12160
3,12760,3364,0,0,4,4,3190,14784,841,15625
3,12760,4096,0,0,4,4,3190,16929,4096,21025
3,12760,5500,0,0,4,4,3190,20577,1375,21952
3,12760,7000,0,0,4,4,3190,9,3500,3509
3,12760,9604,0,0,4,4,3190,13224,2401,15625
3,12760,10780,0,0,4,4,3190,243,13475,13718
3,12816,356,0,0,12,4,3204,6183,89,6272
3,12872,9604,0,0,4,4,3218,9375,2401,11776
3,12880,4,0,0,4,4,3220,4116,1,4117
3,12880,9604,0,0,4,4,3220,9375,2401,11776
3,12912,2888,0,0,4,4,3228,2025,2888,4913
3,12920,4,0,0,4,4,3230,10200,1,10201
3,12920,4,0,0,4,4,3230,24543,5,24548
3,12920,20,0,0,4,4,3230,29184,5,29189
3,12920,76,0,0,4,4,3230,10125,76,10201
3,12920,76,0,0,12,4,3230,15606,19,15625
3,12920,1024,0,0,4,4,3230,5625,512,6137
3,12920,2500,0,0,4,4,3230,5151,625,5776
3,12920,2888,0,0,4,4,3230,2025,2888,4913
3,12936,3236,0,0,4,4,3234,3993,809,4802
3,12992,56,0,0,4,4,3248,24375,14,24389
3,12992,256,0,0,4,4,3248,3969,256,4225
3,12992,2560,0,0,4,4,3248,1701,3200,4901
3,13064,172,0,0,4,4,3266,6816,43,6859
3,13072,7396,0,0,4,4,3268,37500,1849,39349
3,13112,968,0,0,4,4,3278,5625,484,6109
3,13152,12032,0,0,4,4,3288,6561,24064,30625
3,13160,100,0,0,4,4,3290,11907,125,12032
3,13160,12032,0,0,4,4,3290,6561,24064,30625
3,13192,136,0,0,4,4,3298,9375,34,9409
3,13200,32,0,0,4,4,3300,14625,16,14641
3,13200,11000,0,0,4,4,3300,6561,22000,28561
3,13216,4,0,0,4,4,3304,3363,1,3364
3,13272,2528,0,0,4,4,3318,5625,1264,6889
3,13320,980,0,0,4,4,3330,4107,245,4352
3,13376,196,0,0,4,4,3344,14592,49,14641
3,13408,172,0,0,4,4,3352,16341,43,16384
3,13432,736,0,0,4,4,3358,5145,184,5329
3,13432,2116,0,0,4,4,3358,4800,529,5329
3,13432,2500,0,0,4,4,3358,4704,625,5329
3,13432,9604,0,0,4,4,3358,9375,2401,11776
3,13520,4,0,0,4,4,3380,21627,5,21632
3,13520,8,0,0,4,4,3380,45123,2,45125
3,13520,2500,0,0,4,4,3380,3471,625,4096
3,13520,2500,0,0,4,4,3380,7296,625,7921
3,13520,3560,0,0,4,4,3380,243,4450,4693
3,13520,11552,0,0,4,4,3380,9,5776,5785
3,13520,12800,0,0,4,4,3380,1521,6400,7921
3,13552,28,0,0,4,4,3388,3993,7,4000
3,13552,256,0,0,4,4,3388,12705,64,12769
3,13552,5488,0,0,4,4,3388,9153,5488,14641
3,13552,8800,0,0,4,4,3388,3969,8800,12769
3,13552,9604,0,0,4,4,3388,1695,2401,4096
3,13560,32,0,0,4,4,3390,6561,64,6625
3,13632,8,0,0,4,4,3408,15123,2,15125
3,13632,284,0,0,4,4,3408,77841,284,78125
3,13640,4,0,0,4,4,3410,3750,1,3751
3,13640,32,0,0,4,4,3410,9375,8,9383
3,13640,3844,0,0,4,4,3410,2559,961,3520
3,13680,464,0,0,4,4,3420,3249,232,3481
3,13720,4,0,0,4,4,3430,4224,1,4225
3,13720,4,0,0,4,4,3430,4455,4,4459
3,13720,28,0,0,4,4,3430,3993,7,4000
3,13720,52,0,0,4,4,3430,11979,26,12005
3,13720,196,0,0,12,4,3430,16335,49,16384
3,13720,256,0,0,4,4,3430,3969,256,4225
3,13720,256,0,0,4,4,3430,6591,64,6655
3,13720,1372,0,0,12,4,3430,3375,343,3718
3,13720,1936,0,0,4,4,3430,13689,1936,15625
3,13720,5824,0,0,4,4,3430,9801,5824,15625
3,13752,12500,0,0,4,4,3438,573,3125,3698
3,13832,8,0,0,4,4,3458,29925,4,29929
3,13832,32,0,0,4,4,3458,21609,16,21625
3,13832,52,0,0,4,4,3458,48000,13,48013
3,13832,76,0,0,4,4,3458,15360,19,15379
3,13832,128,0,0,4,4,3458,15561,64,15625
3,13832,196,0,0,4,4,3458,62208,245,62453
3,13832,256,0,0,4,4,3458,3969,256,4225
3,13832,448,0,0,4,4,3458,6747,112,6859
3,13832,676,0,0,4,4,3458,25431,169,25600
3,13832,692,0,0,4,4,3458,9555,173,9728
3,13832,784,0,0,4,4,3458,59049,1960,61009
3,13832,980,0,0,4,4,3458,42039,1225,43264
3,13832,1384,0,0,4,4,3458,29241,1384,30625
3,13832,4000,0,0,4,4,3458,13689,4000,17689
3,13832,5408,0,0,4,4,3458,7125,1352,8477
3,13832,5536,0,0,4,4,3458,2187,9688,11875
3,13832,6272,0,0,4,4,3458,1557,3136,4693
3,13832,6916,0,0,12,4,3458,4671,1729,6400
3,13832,9604,0,0,4,4,3458,1824,2401,4225
3,13832,12800,0,0,4,4,3458,117,6400,6517
3,13880,20,0,0,4,4,3470,10752,5,10757
3,13880,8192,0,0,4,4,3470,279,4096,4375
3,13904,148,0,0,4,4,3476,6204,37,6241
3,13904,4096,0,0,4,4,3476,5217,1024,6241
3,13912,5476,0,0,4,4,3478,2256,1369,3625
3,13936,3484,0,0,4,4,3484,15936,871,16807
3,13984,16,0,0,4,4,3496,25281,8,25289
3,13992,32,0,0,4,4,3498,6561,64,6625
3,13992,6776,0,0,4,4,3498,2187,11858,14045
3,14000,4,0,0,4,4,3500,8748,7,8755
3,14000,100,0,0,12,4,3500,10584,25,10609
3,14000,412,0,0,4,4,3500,5625,206,5831
3,14144,4,0,0,12,4,3536,13311,1,13312
3,14144,7424,0,0,4,4,3536,9,3712,3721
3,14144,8704,0,0,4,4,3536,549,4352,4901
3,14152,4,0,0,4,4,3538,90624,1,90625
3,14152,13924,0,0,4,4,3538,240,3481,3721
3,14160,80,0,0,12,4,3540,16767,40,16807
3,14160,92,0,0,4,4,3540,3750,23,3773
3,14160,128,0,0,4,4,3540,3993,32,4025
3,14160,644,0,0,4,4,3540,29403,805,30208
3,14160,704,0,0,4,4,3540,10935,1232,12167
3,14160,2816,0,0,4,4,3540,3969,2816,6785
3,14160,3540,0,0,12,4,3540,10692,1475,12167
3,14160,4508,0,0,4,4,3540,3993,1127,5120
3,14160,8192,0,0,4,4,3540,1725,2048,3773
3,14160,9680,0,0,4,4,3540,6561,19360,25921
3,14168,224,0,0,4,4,3542,4761,112,4873
3,14168,1772,0,0,4,4,3542,5376,443,5819
3,14240,4,0,0,4,4,3560,21627,5,21632
3,14240,128,0,0,4,4,3560,93717,128,93845
3,14240,2500,0,0,4,4,3560,3471,625,4096
3,14240,12800,0,0,4,4,3560,1521,6400,7921
3,14280,68,0,0,4,4,3570,7203,17,7220
3,14280,68,0,0,4,4,3570,87723,85,87808
3,14280,68,0,0,12,4,3570,8208,17,8225
3,14280,272,0,0,4,4,3570,10773,272,11045
3,14280,380,0,0,4,4,3570,4131,475,4606
3,14280,1316,0,0,4,4,3570,4131,1645,5776
3,14280,2888,0,0,4,4,3570,2025,2888,4913
3,14280,3008,0,0,4,4,3570,5355,1504,6859
3,14280,3572,0,0,4,4,3570,4374,6251,10625
3,14280,3572,0,0,4,4,3570,31875,893,32768
3,14280,3800,0,0,4,4,3570,6561,7600,14161
3,14280,12032,0,0,4,4,3570,6561,24064,30625
3,14336,4,0,0,4,4,3584,7986,1,7987
3,14352,92,0,0,4,4,3588,5385,23,5408
3,14352,10580,0,0,4,4,3588,3159,13225,16384
3,14392,2800,0,0,4,4,3598,59049,7000,66049
3,14432,5000,0,0,4,4,3608,9801,5000,14801
3,14432,6560,0,0,4,4,3608,59049,16400,75449
3,14440,172,0,0,4,4,3610,4332,43,4375
3,14440,172,0,0,4,4,3610,7125,43,7168
3,14440,4096,0,0,4,4,3610,75411,4096,79507
3,14440,7396,0,0,4,4,3610,1875,1849,3724
3,14512,5500,0,0,4,4,3628,2721,1375,4096
3,14552,4,0,0,4,4,3638,28560,1,28561
3,14552,4,0,0,12,4,3638,31212,1,31213
3,14552,28,0,0,4,4,3638,3750,7,3757
3,14552,100,0,0,4,4,3638,11424,25,11449
3,14552,196,0,0,4,4,3638,4815,98,4913
3,14552,256,0,0,4,4,3638,3969,256,4225
3,14552,1024,0,0,4,4,3638,8025,256,8281
3,14552,2048,0,0,4,4,3638,26001,2560,28561
3,14552,2560,0,0,4,4,3638,14739,640,15379
3,14552,3200,0,0,4,4,3638,60669,3200,63869
3,14552,4000,0,0,4,4,3638,243,5000,5243
3,14552,6500,0,0,4,4,3638,1701,8125,9826
3,14552,6656,0,0,4,4,3638,3969,6656,10625
3,14552,8500,0,0,4,4,3638,85683,2125,87808
3,14552,9604,0,0,4,4,3638,4875,2401,7276
3,14552,9604,0,0,4,4,3638,81120,2401,83521
3,14552,10816,0,0,4,4,3638,50421,2704,53125
3,14552,11492,0,0,4,4,3638,2247,2873,5120
3,14552,11648,0,0,4,4,3638,5625,5824,11449
3,14560,256,0,0,4,4,3640,3969,256,4225
3,14560,9100,0,0,4,4,3640,1821,2275,4096
3,14600,2500,0,0,4,4,3650,14016,625,14641
3,14600,12100,0,0,4,4,3650,9,6050,6059
3,14632,4,0,0,4,4,3658,3720,1,3721
3,14632,13924,0,0,4,4,3658,240,3481,3721
3,14720,4,0,0,12,4,3680,6048,1,6049
3,14720,80,0,0,12,4,3680,16767,40,16807
3,14720,196,0,0,4,4,3680,6000,49,6049
3,14720,2944,0,0,12,4,3680,5103,1472,6575
3,14720,9604,0,0,4,4,3680,9375,2401,11776
3,14736,8192,0,0,4,4,3684,2763,4096,6859
3,14760,10496,0,0,4,4,3690,9375,2624,11999
3,14832,32,0,0,4,4,3708,6561,64,6625
3,14832,14336,0,0,4,4,3708,1875,3584,5459
3,14840,32,0,0,4,4,3710,6561,64,6625
3,14840,3584,0,0,4,4,3710,13833,1792,15625
3,14840,10388,0,0,4,4,3710,2523,2597,5120
3,14840,11236,0,0,4,4,3710,38400,2809,41209
3,14872,4,0,0,4,4,3718,3750,1,3751
3,14872,4,0,0,4,4,3718,4224,1,4225
3,14872,256,0,0,4,4,3718,6591,64,6655
3,14872,1936,0,0,4,4,3718,13689,1936,15625
3,14952,68,0,0,4,4,3738,10752,17,10769
3,14952,308,0,0,4,4,3738,4374,539,4913
3,14952,356,0,0,12,4,3738,9261,89,9350
3,14952,680,0,0,4,4,3738,6561,1360,7921
3,14952,800,0,0,4,4,3738,21627,1000,22627
3,14952,2048,0,0,4,4,3738,13617,1024,14641
3,14952,6800,0,0,4,4,3738,3969,6800,10769
3,14952,8192,0,0,4,4,3738,3825,4096,7921
3,14952,8900,0,0,4,4,3738,2688,2225,4913
3,15000,8960,0,0,4,4,3750,9,4480,4489
3,15040,4,0,0,4,4,3760,9024,1,9025
3,15040,125,0,0,5,5,3008,11907,125,12032
3,15040,1960,0,0,5,5,3008,3807,1568,5375
3,15040,8836,0,0,4,4,3760,2673,11045,13718
3,15040,11515,0,0,5,5,3008,3072,2303,5375
3,15040,13720,0,0,5,5,3008,387,5488,5875
3,15040,15040,0,0,5,5,3008,6561,24064,30625
3,15070,685,0,0,5,5,3014,6591,137,6728
3,15070,7865,0,0,5,5,3014,2523,1573,4096
3,15072,128,0,0,4,4,3768,63585,128,63713
3,15072,5408,0,0,4,4,3768,12717,5408,18125
3,15080,4,0,0,4,4,3770,32799,1,32800
3,15080,100,0,0,4,4,3770,28536,25,28561
3,15080,116,0,0,4,4,3770,6900,29,6929
3,15080,184,0,0,4,4,3770,6561,368,6929
3,15080,800,0,0,4,4,3770,68121,800,68921
3,15080,1280,0,0,4,4,3770,3567,320,3887
3,15080,2116,0,0,4,4,3770,3567,529,4096
3,15080,3380,0,0,4,4,3770,5043,845,5888
3,15080,4096,0,0,4,4,3770,7047,5120,12167
3,15080,6724,0,0,4,4,3770,14703,1681,16384
3,15080,6728,0,0,4,4,3770,4761,3364,8125
3,15080,8000,0,0,4,4,3770,13689,8000,21689
3,15080,9512,0,0,4,4,3770,23805,4756,28561
3,15080,10580,0,0,4,4,3770,3159,13225,16384
3,15120,8192,0,0,4,4,3780,279,4096,4375
3,15150,3790,0,0,5,5,3030,6561,6064,12625
3,15176,196,0,0,4,4,3794,12288,49,12337
3,15180,6655,0,0,5,5,3036,4557,1331,5888
3,15190,95,0,0,5,5,3038,3087,38,3125
3,15190,245,0,0,5,5,3038,9375,49,9424
3,15190,1715,0,0,5,5,3038,11532,343,11875
3,15190,10240,0,0,5,5,3038,279,4096,4375
3,15192,8000,0,0,4,4,3798,9,4000,4009
3,15224,4,0,0,4,4,3806,25431,1,25432
3,15224,308,0,0,4,4,3806,4374,539,4913
3,15232,2032,0,0,4,4,3808,6561,4064,10625
3,15250,500,0,0,5,5,3050,4941,400,5341
3,15250,2560,0,0,5,5,3050,5625,1024,6649
3,15250,12005,0,0,5,5,3050,4575,2401,6976
3,15272,3320,0,0,4,4,3818,243,4150,4393
3,15280,256,0,0,4,4,3820,3969,256,4225
3,15290,605,0,0,5,5,3058,19200,121,19321
3,15300,1600,0,0,5,5,3060,4593,320,4913
3,15340,12800,0,0,5,5,3068,921,2560,3481
3,15344,76,0,0,4,4,3836,6561,152,6713
3,15352,76,0,0,4,4,3838,10125,76,10201
3,15360,452,0,0,4,4,3840,4800,113,4913
3,15390,55,0,0,5,5,3078,6804,55,6859
3,15390,625,0,0,5,5,3078,3648,125,3773
3,15390,760,0,0,5,5,3078,5625,304,5929
3,15390,1540,0,0,5,5,3078,6561,2464,9025
3,15392,4,0,0,4,4,3848,4224,1,4225
3,15392,4,0,0,4,4,3848,4455,4,4459
3,15392,16,0,0,4,4,3848,6237,16,6253
3,15392,28,0,0,4,4,3848,3993,7,4000
3,15392,28,0,0,4,4,3848,50625,28,50653
3,15392,32,0,0,4,4,3848,14625,16,14641
3,15392,40,0,0,4,4,3848,17787,10,17797
3,15392,44,0,0,4,4,3848,12636,55,12691
3,15392,52,0,0,4,4,3848,11979,26,12005
3,15392,64,0,0,4,4,3848,12675,16,12691
3,15392,256,0,0,4,4,3848,3969,256,4225
3,15392,256,0,0,4,4,3848,6591,64,6655
3,15392,296,0,0,12,4,3848,9477,148,9625
3,15392,512,0,0,4,4,3848,4107,128,4235
3,15392,572,0,0,4,4,3848,80919,1001,81920
3,15392,740,0,0,4,4,3848,6591,185,6776
3,15392,832,0,0,4,4,3848,9375,208,9583
3,15392,1036,0,0,4,4,3848,2187,1813,4000
3,15392,1184,0,0,4,4,3848,9801,1184,10985
3,15392,1372,0,0,4,4,3848,5577,343,5920
3,15392,1408,0,0,4,4,3848,4107,352,4459
3,15392,1924,0,0,4,4,3848,9375,481,9856
3,15392,1936,0,0,4,4,3848,13689,1936,15625
3,15392,2420,0,0,4,4,3848,47628,3025,50653
3,15392,2500,0,0,4,4,3848,4107,625,4732
3,15392,2548,0,0,4,4,3848,3840,637,4477
3,15392,3200,0,0,4,4,3848,4329,1600,5929
3,15392,3500,0,0,4,4,3848,16428,875,17303
3,15392,4096,0,0,4,4,3848,19425,1024,20449
3,15392,4144,0,0,4,4,3848,81,4144,4225
3,15392,5476,0,0,4,4,3848,15015,1369,16384
3,15392,5824,0,0,4,4,3848,9801,5824,15625
3,15392,6272,0,0,4,4,3848,1089,3136,4225
3,15392,10192,0,0,4,4,3848,4107,2548,6655
3,15392,10648,0,0,4,4,3848,1521,5324,6845
3,15392,10952,0,0,4,4,3848,1053,10952,12005
3,15392,11000,0,0,4,4,3848,6561,22000,28561
3,15392,11840,0,0,4,4,3848,9,5920,5929
3,15392,14336,0,0,4,4,3848,6591,3584,10175
3,15392,14560,0,0,4,4,3848,81,14560,14641
3,15392,15092,0,0,4,4,3848,3072,3773,6845
3,15400,28,0,0,4,4,3850,3993,7,4000
3,15400,35,0,0,5,5,3080,3993,7,4000
3,15400,40,0,0,5,5,3080,13467,8,13475
3,15400,100,0,0,15,5,3080,16767,40,16807
3,15400,112,0,0,4,4,3850,34347,28,34375
3,15400,115,0,0,5,5,3080,3750,23,3773
3,15400,160,0,0,5,5,3080,3993,32,4025
3,15400,490,0,0,5,5,3080,5427,392,5819
3,15400,625,0,0,5,5,3080,22356,625,22981
3,15400,670,0,0,5,5,3080,2187,938,3125
3,15400,880,0,0,5,5,3080,10935,1232,12167
3,15400,1265,0,0,5,5,3080,13467,253,13720
3,15400,1340,0,0,5,5,3080,25875,536,26411
3,15400,2000,0,0,5,5,3080,13041,1600,14641
3,15400,2240,0,0,5,5,3080,13467,448,13915
3,15400,2560,0,0,5,5,3080,3465,1024,4489
3,15400,2645,0,0,5,5,3080,9075,529,9604
3,15400,3080,0,0,5,5,3080,2025,2464,4489
3,15400,3125,0,0,5,5,3080,3864,625,4489
3,15400,3200,0,0,5,5,3080,16281,3200,19481
3,15400,4000,0,0,4,4,3850,243,5000,5243
3,15400,5635,0,0,5,5,3080,3993,1127,5120
3,15400,6875,0,0,5,5,3080,1701,6875,8576
3,15400,7040,0,0,5,5,3080,1875,1408,3283
3,15400,8000,0,0,5,5,3080,24321,1600,25921
3,15400,10120,0,0,5,5,3080,441,4048,4489
3,15400,10240,0,0,5,5,3080,1725,2048,3773
3,15400,10720,0,0,5,5,3080,3675,2144,5819
3,15400,11200,0,0,5,5,3080,9,4480,4489
3,15400,12005,0,0,5,5,3080,9375,2401,11776
3,15400,12100,0,0,5,5,3080,6561,19360,25921
3,15470,320,0,0,5,5,3094,7203,64,7267
3,15470,11180,0,0,5,5,3094,441,4472,4913
3,15490,15490,0,0,15,5,3098,27,3098,3125
3,15496,3328,0,0,4,4,3874,3249,1664,4913
3,15500,5,0,0,5,5,3100,3750,1,3751
3,15500,155,0,0,5,5,3100,5625,62,5687
3,15504,4352,0,0,4,4,3876,3087,2176,5263
3,15512,4,0,0,4,4,3878,9408,1,9409
3,15512,2216,0,0,12,4,3878,3645,1108,4753
3,15512,5540,0,0,4,4,3878,243,6925,7168
3,15520,388,0,0,4,4,3880,15528,97,15625
3,15540,160,0,0,5,5,3108,2997,128,3125
3,15540,3885,0,0,15,5,3108,2187,1813,4000
3,15600,520,0,0,15,5,3120,6021,104,6125
3,15610,10240,0,0,5,5,3122,15123,2048,17171
3,15630,10240,0,0,5,5,3126,4761,4096,8857
3,15632,400,0,0,4,4,3908,8793,200,8993
3,15632,3908,0,0,12,4,3908,3375,977,4352
3,15656,412,0,0,4,4,3914,3993,103,4096
3,15656,4096,0,0,4,4,3914,6897,1024,7921
3,15680,28,0,0,4,4,3920,50625,28,50653
3,15680,32,0,0,4,4,3920,6561,64,6625
3,15680,592,0,0,4,4,3920,8427,148,8575
3,15680,1036,0,0,4,4,3920,2187,1813,4000
3,15680,7252,0,0,4,4,3920,8427,1813,10240
3,15760,40,0,0,12,4,3940,5319,10,5329
3,15792,12032,0,0,4,4,3948,225,6016,6241
3,15792,12032,0,0,4,4,3948,6561,24064,30625
3,15800,4,0,0,4,4,3950,6240,1,6241
3,15800,1445,0,0,5,5,3160,5952,289,6241
3,15800,3200,0,0,5,5,3160,6399,2560,8959
3,15800,5270,0,0,5,5,3160,2025,4216,6241
3,15800,9875,0,0,5,5,3160,7533,9875,17408
3,15800,12500,0,0,4,4,3950,3888,15625,19513
3,15850,1585,0,0,15,5,3170,4563,317,4880
3,15872,64,0,0,4,4,3968,29775,16,29791
3,15900,40,0,0,5,5,3180,6561,64,6625
3,15900,40,0,0,5,5,3180,6837,8,6845
3,15904,4,0,0,12,4,3976,31212,1,31213
3,15904,196,0,0,4,4,3976,4992,49,5041
3,15904,1024,0,0,4,4,3976,15123,256,15379
3,15928,11584,0,0,4,4,3982,3993,2896,6889
3,15940,15625,0,0,5,5,3188,384,3125,3509
3,15950,5,0,0,5,5,3190,5775,1,5776
3,15950,5,0,0,5,5,3190,30624,1,30625
3,15950,35,0,0,5,5,3190,3993,7,4000
3,15950,35,0,0,5,5,3190,15972,7,15979
3,15950,35,0,0,5,5,3190,17496,49,17545
3,15950,245,0,0,5,5,3190,14592,49,14641
3,15950,275,0,0,5,5,3190,41154,55,41209
3,15950,290,0,0,15,5,3190,3267,58,3325
3,15950,800,0,0,5,5,3190,6699,160,6859
3,15950,1805,0,0,5,5,3190,5568,361,5929
3,15950,1805,0,0,5,5,3190,75264,361,75625
3,15950,2240,0,0,5,5,3190,20577,448,21025
3,15950,4205,0,0,5,5,3190,11319,841,12160
3,15950,4205,0,0,5,5,3190,14784,841,15625
3,15950,5120,0,0,5,5,3190,16929,4096,21025
3,15950,6875,0,0,5,5,3190,20577,1375,21952
3,15950,8750,0,0,5,5,3190,9,3500,3509
3,15950,12005,0,0,5,5,3190,13224,2401,15625
3,15950,13475,0,0,5,5,3190,243,13475,13718
3,15960,8192,0,0,4,4,3990,8379,4096,12475
3,16000,4096,0,0,4,4,4000,7047,5120,12167
3,16020,445,0,0,15,5,3204,6183,89,6272
3,16090,12005,0,0,5,5,3218,9375,2401,11776
3,16100,5,0,0,5,5,3220,4116,1,4117
3,16100,12005,0,0,5,5,3220,9375,2401,11776
3,16140,3610,0,0,5,5,3228,2025,2888,4913
3,16150,5,0,0,5,5,3230,10200,1,10201
3,16150,5,0,0,5,5,3230,24543,5,24548
3,16150,25,0,0,5,5,3230,29184,5,29189
3,16150,95,0,0,5,5,3230,10125,76,10201
3,16150,95,0,0,15,5,3230,15606,19,15625
3,16150,1280,0,0,5,5,3230,5625,512,6137
3,16150,3125,0,0,5,5,3230,5151,625,5776
3,16150,3610,0,0,5,5,3230,2025,2888,4913
3,16170,4045,0,0,5,5,3234,3993,809,4802
3,16240,70,0,0,5,5,3248,24375,14,24389
3,16240,320,0,0,5,5,3248,3969,256,4225
3,16240,3200,0,0,5,5,3248,1701,3200,4901
3,16330,215,0,0,5,5,3266,6816,43,6859
3,16340,9245,0,0,5,5,3268,37500,1849,39349
3,16390,1210,0,0,5,5,3278,5625,484,6109
3,16440,15040,0,0,5,5,3288,6561,24064,30625
3,16450,125,0,0,5,5,3290,11907,125,12032
3,16450,15040,0,0,5,5,3290,6561,24064,30625
3,16490,170,0,0,5,5,3298,9375,34,9409
3,16500,40,0,0,5,5,3300,14625,16,14641
3,16500,13750,0,0,5,5,3300,6561,22000,28561
3,16520,5,0,0,5,5,3304,3363,1,3364
3,16590,3160,0,0,5,5,3318,5625,1264,6889
3,16650,1225,0,0,5,5,3330,4107,245,4352
3,16720,245,0,0,5,5,3344,14592,49,14641
3,16760,215,0,0,5,5,3352,16341,43,16384
3,16790,920,0,0,5,5,3358,5145,184,5329
3,16790,2645,0,0,5,5,3358,4800,529,5329
3,16790,3125,0,0,5,5,3358,4704,625,5329
3,16790,12005,0,0,5,5,3358,9375,2401,11776
3,16900,5,0,0,5,5,3380,21627,5,21632
3,16900,10,0,0,5,5,3380,45123,2,45125
3,16900,3125,0,0,5,5,3380,3471,625,4096
3,16900,3125,0,0,5,5,3380,7296,625,7921
3,16900,4450,0,0,5,5,3380,243,4450,4693
3,16900,14440,0,0,5,5,3380,9,5776,5785
3,16900,16000,0,0,5,5,3380,1521,6400,7921
3,16940,35,0,0,5,5,3388,3993,7,4000
3,16940,320,0,0,5,5,3388,12705,64,12769
3,16940,6860,0,0,5,5,3388,9153,5488,14641
3,16940,11000,0,0,5,5,3388,3969,8800,12769
3,16940,12005,0,0,5,5,3388,1695,2401,4096
3,16950,40,0,0,5,5,3390,6561,64,6625
3,17040,10,0,0,5,5,3408,15123,2,15125
3,17040,355,0,0,5,5,3408,77841,284,78125
3,17050,5,0,0,5,5,3410,3750,1,3751
3,17050,40,0,0,5,5,3410,9375,8,9383
3,17050,4805,0,0,5,5,3410,2559,961,3520
3,17100,580,0,0,5,5,3420,3249,232,3481
3,17150,5,0,0,5,5,3430,4224,1,4225
3,17150,5,0,0,5,5,3430,4455,4,4459
3,17150,35,0,0,5,5,3430,3993,7,4000
3,17150,65,0,0,5,5,3430,11979,26,12005
3,17150,245,0,0,15,5,3430,16335,49,16384
3,17150,320,0,0,5,5,3430,3969,256,4225
3,17150,320,0,0,5,5,3430,6591,64,6655
3,17150,1715,0,0,15,5,3430,3375,343,3718
3,17150,2420,0,0,5,5,3430,13689,1936,15625
3,17150,7280,0,0,5,5,3430,9801,5824,15625
3,17190,15625,0,0,5,5,3438,573,3125,3698
3,17290,10,0,0,5,5,3458,29925,4,29929
3,17290,40,0,0,5,5,3458,21609,16,21625
3,17290,65,0,0,5,5,3458,48000,13,48013
3,17290,95,0,0,5,5,3458,15360,19,15379
3,17290,160,0,0,5,5,3458,15561,64,15625
3,17290,245,0,0,5,5,3458,62208,245,62453
3,17290,320,0,0,5,5,3458,3969,256,4225
3,17290,560,0,0,5,5,3458,6747,112,6859
3,17290,845,0,0,5,5,3458,25431,169,25600
3,17290,865,0,0,5,5,3458,9555,173,9728
3,17290,980,0,0,5,5,3458,59049,1960,61009
3,17290,1225,0,0,5,5,3458,42039,1225,43264
3,17290,1730,0,0,5,5,3458,29241,1384,30625
3,17290,5000,0,0,5,5,3458,13689,4000,17689
3,17290,6760,0,0,5,5,3458,7125,1352,8477
3,17290,6920,0,0,5,5,3458,2187,9688,11875
3,17290,7840,0,0,5,5,3458,1557,3136,4693
3,17290,8645,0,0,15,5,3458,4671,1729,6400
3,17290,12005,0,0,5,5,3458,1824,2401,4225
3,17290,16000,0,0,5,5,3458,117,6400,6517
3,17350,25,0,0,5,5,3470,10752,5,10757
3,17350,10240,0,0,5,5,3470,279,4096,4375
3,17380,185,0,0,5,5,3476,6204,37,6241
3,17380,5120,0,0,5,5,3476,5217,1024,6241
3,17390,6845,0,0,5,5,3478,2256,1369,3625
3,17420,4355,0,0,5,5,3484,15936,871,16807
3,17480,20,0,0,5,5,3496,25281,8,25289
3,17490,40,0,0,5,5,3498,6561,64,6625
3,17490,8470,0,0,5,5,3498,2187,11858,14045
3,17500,5,0,0,5,5,3500,8748,7,8755
3,17500,125,0,0,15,5,3500,10584,25,10609
3,17500,515,0,0,5,5,3500,5625,206,5831
3,17680,5,0,0,15,5,3536,13311,1,13312
3,17680,9280,0,0,5,5,3536,9,3712,3721
3,17680,10880,0,0,5,5,3536,549,4352,4901
3,17690,5,0,0,5,5,3538,90624,1,90625
3,17690,17405,0,0,5,5,3538,240,3481,3721
3,17700,100,0,0,15,5,3540,16767,40,16807
3,17700,115,0,0,5,5,3540,3750,23,3773
3,17700,160,0,0,5,5,3540,3993,32,4025
3,17700,805,0,0,5,5,3540,29403,805,30208
3,17700,880,0,0,5,5,3540,10935,1232,12167
3,17700,3520,0,0,5,5,3540,3969,2816,6785
3,17700,4425,0,0,15,5,3540,10692,1475,12167
3,17700,5635,0,0,5,5,3540,3993,1127,5120
3,17700,10240,0,0,5,5,3540,1725,2048,3773
3,17700,12100,0,0,5,5,3540,6561,19360,25921
3,17710,280,0,0,5,5,3542,4761,112,4873
3,17710,2215,0,0,5,5,3542,5376,443,5819
3,17800,5,0,0,5,5,3560,21627,5,21632
3,17800,160,0,0,5,5,3560,93717,128,93845
3,17800,3125,0,0,5,5,3560,3471,625,4096
3,17800,16000,0,0,5,5,3560,1521,6400,7921
3,17850,85,0,0,5,5,3570,7203,17,7220
3,17850,85,0,0,5,5,3570,87723,85,87808
3,17850,85,0,0,15,5,3570,8208,17,8225
3,17850,340,0,0,5,5,3570,10773,272,11045
3,17850,475,0,0,5,5,3570,4131,475,4606
3,17850,1645,0,0,5,5,3570,4131,1645,5776
3,17850,3610,0,0,5,5,3570,2025,2888,4913
3,17850,3760,0,0,5,5,3570,5355,1504,6859
3,17850,4465,0,0,5,5,3570,4374,6251,10625
3,17850,4465,0,0,5,5,3570,31875,893,32768
3,17850,4750,0,0,5,5,3570,6561,7600,14161
3,17850,15040,0,0,5,5,3570,6561,24064,30625
3,17920,5,0,0,5,5,3584,7986,1,7987
3,17940,115,0,0,5,5,3588,5385,23,5408
3,17940,13225,0,0,5,5,3588,3159,13225,16384
3,17990,3500,0,0,5,5,3598,59049,7000,66049
3,18040,6250,0,0,5,5,3608,9801,5000,14801
3,18040,8200,0,0,5,5,3608,59049,16400,75449
3,18048,150,0,0,6,6,3008,11907,125,12032
3,18048,2352,0,0,6,6,3008,3807,1568,5375
3,18048,13818,0,0,6,6,3008,3072,2303,5375
3,18048,16464,0,0,6,6,3008,387,5488,5875
3,18048,18048,0,0,6,6,3008,6561,24064,30625
3,18050,215,0,0,5,5,3610,4332,43,4375
3,18050,215,0,0,5,5,3610,7125,43,7168
3,18050,5120,0,0,5,5,3610,75411,4096,79507
3,18050,9245,0,0,5,5,3610,1875,1849,3724
3,18084,822,0,0,6,6,3014,6591,137,6728
3,18084,9438,0,0,6,6,3014,2523,1573,4096
3,18140,6875,0,0,5,5,3628,2721,1375,4096
3,18180,4548,0,0,6,6,3030,6561,6064,12625
3,18190,5,0,0,5,5,3638,28560,1,28561
3,18190,5,0,0,15,5,3638,31212,1,31213
3,18190,35,0,0,5,5,3638,3750,7,3757
3,18190,125,0,0,5,5,3638,11424,25,11449
3,18190,245,0,0,5,5,3638,4815,98,4913
3,18190,320,0,0,5,5,3638,3969,256,4225
3,18190,1280,0,0,5,5,3638,8025,256,8281
3,18190,2560,0,0,5,5,3638,26001,2560,28561
3,18190,3200,0,0,5,5,3638,14739,640,15379
3,18190,4000,0,0,5,5,3638,60669,3200,63869
3,18190,5000,0,0,5,5,3638,243,5000,5243
3,18190,8125,0,0,5,5,3638,1701,8125,9826
3,18190,8320,0,0,5,5,3638,3969,6656,10625
3,18190,10625,0,0,5,5,3638,85683,2125,87808
3,18190,12005,0,0,5,5,3638,4875,2401,7276
3,18190,12005,0,0,5,5,3638,81120,2401,83521
3,18190,13520,0,0,5,5,3638,50421,2704,53125
3,18190,14365,0,0,5,5,3638,2247,2873,5120
3,18190,14560,0,0,5,5,3638,5625,5824,11449
3,18200,320,0,0,5,5,3640,3969,256,4225
3,18200,11375,0,0,5,5,3640,1821,2275,4096
3,18216,7986,0,0,6,6,3036,4557,1331,5888
3,18228,114,0,0,6,6,3038,3087,38,3125
3,18228,294,0,0,6,6,3038,9375,49,9424
3,18228,2058,0,0,6,6,3038,11532,343,11875
3,18228,12288,0,0,6,6,3038,279,4096,4375
3,18250,3125,0,0,5,5,3650,14016,625,14641
3,18250,15125,0,0,5,5,3650,9,6050,6059
3,18290,5,0,0,5,5,3658,3720,1,3721
3,18290,17405,0,0,5,5,3658,240,3481,3721
3,18300,600,0,0,6,6,3050,4941,400,5341
3,18300,3072,0,0,6,6,3050,5625,1024,6649
3,18300,14406,0,0,6,6,3050,4575,2401,6976
3,18348,726,0,0,6,6,3058,19200,121,19321
3,18360,1920,0,0,6,6,3060,4593,320,4913
3,18400,5,0,0,15,5,3680,6048,1,6049
3,18400,100,0,0,15,5,3680,16767,40,16807
3,18400,245,0,0,5,5,3680,6000,49,6049
3,18400,3680,0,0,15,5,3680,5103,1472,6575
3,18400,12005,0,0,5,5,3680,9375,2401,11776
3,18408,15360,0,0,6,6,3068,921,2560,3481
3,18420,10240,0,0,5,5,3684,2763,4096,6859
3,18450,13120,0,0,5,5,3690,9375,2624,11999
3,18468,66,0,0,6,6,3078,6804,55,6859
3,18468,750,0,0,6,6,3078,3648,125,3773
3,18468,912,0,0,6,6,3078,5625,304,5929
3,18468,1848,0,0,6,6,3078,6561,2464,9025
3,18480,42,0,0,6,6,3080,3993,7,4000
3,18480,48,0,0,6,6,3080,13467,8,13475
3,18480,120,0,0,18,6,3080,16767,40,16807
3,18480,138,0,0,6,6,3080,3750,23,3773
3,18480,192,0,0,6,6,3080,3993,32,4025
3,18480,588,0,0,6,6,3080,5427,392,5819
3,18480,750,0,0,6,6,3080,22356,625,22981
3,18480,804,0,0,6,6,3080,2187,938,3125
3,18480,1056,0,0,6,6,3080,10935,1232,12167
3,18480,1518,0,0,6,6,3080,13467,253,13720
3,18480,1608,0,0,6,6,3080,25875,536,26411
3,18480,2400,0,0,6,6,3080,13041,1600,14641
3,18480,2688,0,0,6,6,3080,13467,448,13915
3,18480,3072,0,0,6,6,3080,3465,1024,4489
3,18480,3174,0,0,6,6,3080,9075,529,9604
3,18480,3696,0,0,6,6,3080,2025,2464,4489
3,18480,3750,0,0,6,6,3080,3864,625,4489
3,18480,3840,0,0,6,6,3080,16281,3200,19481
3,18480,6762,0,0,6,6,3080,3993,1127,5120
3,18480,8250,0,0,6,6,3080,1701,6875,8576
3,18480,8448,0,0,6,6,3080,1875,1408,3283
3,18480,9600,0,0,6,6,3080,24321,1600,25921
3,18480,12144,0,0,6,6,3080,441,4048,4489
3,18480,12288,0,0,6,6,3080,1725,2048,3773
3,18480,12864,0,0,6,6,3080,3675,2144,5819
3,18480,13440,0,0,6,6,3080,9,4480,4489
3,18480,14406,0,0,6,6,3080,9375,2401,11776
3,18480,14520,0,0,6,6,3080,6561,19360,25921
3,18540,40,0,0,5,5,3708,6561,64,6625
3,18540,17920,0,0,5,5,3708,1875,3584,5459
3,18550,40,0,0,5,5,3710,6561,64,6625
3,18550,4480,0,0,5,5,3710,13833,1792,15625
3,18550,12985,0,0,5,5,3710,2523,2597,5120
3,18550,14045,0,0,5,5,3710,38400,2809,41209
3,18564,384,0,0,6,6,3094,7203,64,7267
3,18564,13416,0,0,6,6,3094,441,4472,4913
3,18588,18588,0,0,18,6,3098,27,3098,3125
3,18590,5,0,0,5,5,3718,3750,1,3751
3,18590,5,0,0,5,5,3718,4224,1,4225
3,18590,320,0,0,5,5,3718,6591,64,6655
3,18590,2420,0,0,5,5,3718,13689,1936,15625
3,18600,6,0,0,6,6,3100,3750,1,3751
3,18600,186,0,0,6,6,3100,5625,62,5687
3,18648,192,0,0,6,6,3108,2997,128,3125
3,18648,4662,0,0,18,6,3108,2187,1813,4000
3,18690,85,0,0,5,5,3738,10752,17,10769
3,18690,385,0,0,5,5,3738,4374,539,4913
3,18690,445,0,0,15,5,3738,9261,89,9350
3,18690,850,0,0,5,5,3738,6561,1360,7921
3,18690,1000,0,0,5,5,3738,21627,1000,22627
3,18690,2560,0,0,5,5,3738,13617,1024,14641
3,18690,8500,0,0,5,5,3738,3969,6800,10769
3,18690,10240,0,0,5,5,3738,3825,4096,7921
3,18690,11125,0,0,5,5,3738,2688,2225,4913
3,18720,624,0,0,18,6,3120,6021,104,6125
3,18732,12288,0,0,6,6,3122,15123,2048,17171
3,18750,11200,0,0,5,5,3750,9,4480,4489
3,18756,12288,0,0,6,6,3126,4761,4096,8857
3,18800,5,0,0,5,5,3760,9024,1,9025
3,18800,11045,0,0,5,5,3760,2673,11045,13718
3,18840,160,0,0,5,5,3768,63585,128,63713
3,18840,6760,0,0,5,5,3768,12717,5408,18125
3,18850,5,0,0,5,5,3770,32799,1,32800
3,18850,125,0,0,5,5,3770,28536,25,28561
3,18850,145,0,0,5,5,3770,6900,29,6929
3,18850,230,0,0,5,5,3770,6561,368,6929
3,18850,1000,0,0,5,5,3770,68121,800,68921
3,18850,1600,0,0,5,5,3770,3567,320,3887
3,18850,2645,0,0,5,5,3770,3567,529,4096
3,18850,4225,0,0,5,5,3770,5043,845,5888
3,18850,5120,0,0,5,5,3770,7047,5120,12167
3,18850,8405,0,0,5,5,3770,14703,1681,16384
3,18850,8410,0,0,5,5,3770,4761,3364,8125
3,18850,10000,0,0,5,5,3770,13689,8000,21689
3,18850,11890,0,0,5,5,3770,23805,4756,28561
3,18850,13225,0,0,5,5,3770,3159,13225,16384
3,18900,10240,0,0,5,5,3780,279,4096,4375
3,18960,1734,0,0,6,6,3160,5952,289,6241
3,18960,3840,0,0,6,6,3160,6399,2560,8959
3,18960,6324,0,0,6,6,3160,2025,4216,6241
3,18960,11850,0,0,6,6,3160,7533,9875,17408
3,18970,245,0,0,5,5,3794,12288,49,12337
3,18990,10000,0,0,5,5,3798,9,4000,4009
3,19020,1902,0,0,18,6,3170,4563,317,4880
3,19030,5,0,0,5,5,3806,25431,1,25432
3,19030,385,0,0,5,5,3806,4374,539,4913
3,19040,2540,0,0,5,5,3808,6561,4064,10625
3,19080,48,0,0,6,6,3180,6561,64,6625
3,19080,48,0,0,6,6,3180,6837,8,6845
3,19090,4150,0,0,5,5,3818,243,4150,4393
3,19100,320,0,0,5,5,3820,3969,256,4225
3,19128,18750,0,0,6,6,3188,384,3125,3509
3,19140,6,0,0,6,6,3190,5775,1,5776
3,19140,6,0,0,6,6,3190,30624,1,30625
3,19140,42,0,0,6,6,3190,3993,7,4000
3,19140,42,0,0,6,6,3190,15972,7,15979
3,19140,42,0,0,6,6,3190,17496,49,17545
3,19140,294,0,0,6,6,3190,14592,49,14641
3,19140,330,0,0,6,6,3190,41154,55,41209
3,19140,348,0,0,18,6,3190,3267,58,3325
3,19140,960,0,0,6,6,3190,6699,160,6859
3,19140,2166,0,0,6,6,3190,5568,361,5929
3,19140,2166,0,0,6,6,3190,75264,361,75625
3,19140,2688,0,0,6,6,3190,20577,448,21025
3,19140,5046,0,0,6,6,3190,11319,841,12160
3,19140,5046,0,0,6,6,3190,14784,841,15625
3,19140,6144,0,0,6,6,3190,16929,4096,21025
3,19140,8250,0,0,6,6,3190,20577,1375,21952
3,19140,10500,0,0,6,6,3190,9,3500,3509
3,19140,14406,0,0,6,6,3190,13224,2401,15625
3,19140,16170,0,0,6,6,3190,243,13475,13718
3,19180,95,0,0,5,5,3836,6561,152,6713
3,19190,95,0,0,5,5,3838,10125,76,10201
3,19200,565,0,0,5,5,3840,4800,113,4913
3,19224,534,0,0,18,6,3204,6183,89,6272
3,19240,5,0,0,5,5,3848,4224,1,4225
3,19240,5,0,0,5,5,3848,4455,4,4459
3,19240,20,0,0,5,5,3848,6237,16,6253
3,19240,35,0,0,5,5,3848,3993,7,4000
3,19240,35,0,0,5,5,3848,50625,28,50653
3,19240,40,0,0,5,5,3848,14625,16,14641
3,19240,50,0,0,5,5,3848,17787,10,17797
3,19240,55,0,0,5,5,3848,12636,55,12691
3,19240,65,0,0,5,5,3848,11979,26,12005
3,19240,80,0,0,5,5,3848,12675,16,12691
3,19240,320,0,0,5,5,3848,3969,256,4225
3,19240,320,0,0,5,5,3848,6591,64,6655
3,19240,370,0,0,15,5,3848,9477,148,9625
3,19240,640,0,0,5,5,3848,4107,128,4235
3,19240,715,0,0,5,5,3848,80919,1001,81920
3,19240,925,0,0,5,5,3848,6591,185,6776
3,19240,1040,0,0,5,5,3848,9375,208,9583
3,19240,1295,0,0,5,5,3848,2187,1813,4000
3,19240,1480,0,0,5,5,3848,9801,1184,10985
3,19240,1715,0,0,5,5,3848,5577,343,5920
3,19240,1760,0,0,5,5,3848,4107,352,4459
3,19240,2405,0,0,5,5,3848,9375,481,9856
3,19240,2420,0,0,5,5,3848,13689,1936,15625
3,19240,3025,0,0,5,5,3848,47628,3025,50653
3,19240,3125,0,0,5,5,3848,4107,625,4732
3,19240,3185,0,0,5,5,3848,3840,637,4477
3,19240,4000,0,0,5,5,3848,4329,1600,5929
3,19240,4375,0,0,5,5,3848,16428,875,17303
3,19240,5120,0,0,5,5,3848,19425,1024,20449
3,19240,5180,0,0,5,5,3848,81,4144,4225
3,19240,6845,0,0,5,5,3848,15015,1369,16384
3,19240,7280,0,0,5,5,3848,9801,5824,15625
3,19240,7840,0,0,5,5,3848,1089,3136,4225
3,19240,12740,0,0,5,5,3848,4107,2548,6655
3,19240,13310,0,0,5,5,3848,1521,5324,6845
3,19240,13690,0,0,5,5,3848,1053,10952,12005
3,19240,13750,0,0,5,5,3848,6561,22000,28561
3,19240,14800,0,0,5,5,3848,9,5920,5929
3,19240,17920,0,0,5,5,3848,6591,3584,10175
3,19240,18200,0,0,5,5,3848,81,14560,14641
3,19240,18865,0,0,5,5,3848,3072,3773,6845
3,19250,35,0,0,5,5,3850,3993,7,4000
3,19250,140,0,0,5,5,3850,34347,28,34375
3,19250,5000,0,0,5,5,3850,243,5000,5243
3,19308,14406,0,0,6,6,3218,9375,2401,11776
3,19320,6,0,0,6,6,3220,4116,1,4117
3,19320,14406,0,0,6,6,3220,9375,2401,11776
3,19368,4332,0,0,6,6,3228,2025,2888,4913
3,19370,4160,0,0,5,5,3874,3249,1664,4913
3,19380,6,0,0,6,6,3230,10200,1,10201
3,19380,6,0,0,6,6,3230,24543,5,24548
3,19380,30,0,0,6,6,3230,29184,5,29189
3,19380,114,0,0,6,6,3230,10125,76,10201
3,19380,114,0,0,18,6,3230,15606,19,15625
3,19380,1536,0,0,6,6,3230,5625,512,6137
3,19380,3750,0,0,6,6,3230,5151,625,5776
3,19380,4332,0,0,6,6,3230,2025,2888,4913
3,19380,5440,0,0,5,5,3876,3087,2176,5263
3,19390,5,0,0,5,5,3878,9408,1,9409
3,19390,2770,0,0,15,5,3878,3645,1108,4753
3,19390,6925,0,0,5,5,3878,243,6925,7168
3,19400,485,0,0,5,5,3880,15528,97,15625
3,19404,4854,0,0,6,6,3234,3993,809,4802
3,19488,84,0,0,6,6,3248,24375,14,24389
3,19488,384,0,0,6,6,3248,3969,256,4225
3,19488,3840,0,0,6,6,3248,1701,3200,4901
3,19540,500,0,0,5,5,3908,8793,200,8993
3,19540,4885,0,0,15,5,3908,3375,977,4352
3,19570,515,0,0,5,5,3914,3993,103,4096
3,19570,5120,0,0,5,5,3914,6897,1024,7921
3,19596,258,0,0,6,6,3266,6816,43,6859
3,19600,35,0,0,5,5,3920,50625,28,50653
3,19600,40,0,0,5,5,3920,6561,64,6625
3,19600,740,0,0,5,5,3920,8427,148,8575
3,19600,1295,0,0,5,5,3920,2187,1813,4000
3,19600,9065,0,0,5,5,3920,8427,1813,10240
3,19608,11094,0,0,6,6,3268,37500,1849,39349
3,19668,1452,0,0,6,6,3278,5625,484,6109
3,19700,50,0,0,15,5,3940,5319,10,5329
3,19728,18048,0,0,6,6,3288,6561,24064,30625
3,19740,150,0,0,6,6,3290,11907,125,12032
3,19740,15040,0,0,5,5,3948,225,6016,6241
3,19740,15040,0,0,5,5,3948,6561,24064,30625
3,19740,18048,0,0,6,6,3290,6561,24064,30625
3,19750,5,0,0,5,5,3950,6240,1,6241
3,19750,15625,0,0,5,5,3950,3888,15625,19513
3,19788,204,0,0,6,6,3298,9375,34,9409
3,19800,48,0,0,6,6,3300,14625,16,14641
3,19800,16500,0,0,6,6,3300,6561,22000,28561
3,19824,6,0,0,6,6,3304,3363,1,3364
3,19840,80,0,0,5,5,3968,29775,16,29791
3,19880,5,0,0,15,5,3976,31212,1,31213
3,19880,245,0,0,5,5,3976,4992,49,5041
3,19880,1280,0,0,5,5,3976,15123,256,15379
3,19908,3792,0,0,6,6,3318,5625,1264,6889
3,19910,14480,0,0,5,5,3982,3993,2896,6889
3,19950,10240,0,0,5,5,3990,8379,4096,12475
3,19980,1470,0,0,6,6,3330,4107,245,4352
3,20000,5120,0,0,5,5,4000,7047,5120,12167
3,20064,294,0,0,6,6,3344,14592,49,14641
3,20112,258,0,0,6,6,3352,16341,43,16384
3,20148,1104,0,0,6,6,3358,5145,184,5329
3,20148,3174,0,0,6,6,3358,4800,529,5329
3,20148,3750,0,0,6,6,3358,4704,625,5329
3,20148,14406,0,0,6,6,3358,9375,2401,11776
3,20280,6,0,0,6,6,3380,21627,5,21632
3,20280,12,0,0,6,6,3380,45123,2,45125
3,20280,3750,0,0,6,6,3380,3471,625,4096
3,20280,3750,0,0,6,6,3380,7296,625,7921
3,20280,5340,0,0,6,6,3380,243,4450,4693
3,20280,17328,0,0,6,6,3380,9,5776,5785
3,20280,19200,0,0,6,6,3380,1521,6400,7921
3,20328,42,0,0,6,6,3388,3993,7,4000
3,20328,384,0,0,6,6,3388,12705,64,12769
3,20328,8232,0,0,6,6,3388,9153,5488,14641
3,20328,13200,0,0,6,6,3388,3969,8800,12769
3,20328,14406,0,0,6,6,3388,1695,2401,4096
3,20340,48,0,0,6,6,3390,6561,64,6625
3,20448,12,0,0,6,6,3408,15123,2,15125
3,20448,426,0,0,6,6,3408,77841,284,78125
3,20460,6,0,0,6,6,3410,3750,1,3751
3,20460,48,0,0,6,6,3410,9375,8,9383
3,20460,5766,0,0,6,6,3410,2559,961,3520
3,20520,696,0,0,6,6,3420,3249,232,3481
3,20580,6,0,0,6,6,3430,4224,1,4225
3,20580,6,0,0,6,6,3430,4455,4,4459
3,20580,42,0,0,6,6,3430,3993,7,4000
3,20580,78,0,0,6,6,3430,11979,26,12005
3,20580,294,0,0,18,6,3430,16335,49,16384
3,20580,384,0,0,6,6,3430,3969,256,4225
3,20580,384,0,0,6,6,3430,6591,64,6655
3,20580,2058,0,0,18,6,3430,3375,343,3718
3,20580,2904,0,0,6,6,3430,13689,1936,15625
3,20580,8736,0,0,6,6,3430,9801,5824,15625
3,20628,18750,0,0,6,6,3438,573,3125,3698
3,20748,12,0,0,6,6,3458,29925,4,29929
3,20748,48,0,0,6,6,3458,21609,16,21625
3,20748,78,0,0,6,6,3458,48000,13,48013
3,20748,114,0,0,6,6,3458,15360,19,15379
3,20748,192,0,0,6,6,3458,15561,64,15625
3,20748,294,0,0,6,6,3458,62208,245,62453
3,20748,384,0,0,6,6,3458,3969,256,4225
3,20748,672,0,0,6,6,3458,6747,112,6859
3,20748,1014,0,0,6,6,3458,25431,169,25600
3,20748,1038,0,0,6,6,3458,9555,173,9728
3,20748,1176,0,0,6,6,3458,59049,1960,61009
3,20748,1470,0,0,6,6,3458,42039,1225,43264
3,20748,2076,0,0,6,6,3458,29241,1384,30625
3,20748,6000,0,0,6,6,3458,13689,4000,17689
3,20748,8112,0,0,6,6,3458,7125,1352,8477
3,20748,8304,0,0,6,6,3458,2187,9688,11875
3,20748,9408,0,0,6,6,3458,1557,3136,4693
3,20748,10374,0,0,18,6,3458,4671,1729,6400
3,20748,14406,0,0,6,6,3458,1824,2401,4225
3,20748,19200,0,0,6,6,3458,117,6400,6517
3,20820,30,0,0,6,6,3470,10752,5,10757
3,20820,12288,0,0,6,6,3470,279,4096,4375
3,20856,222,0,0,6,6,3476,6204,37,6241
3,20856,6144,0,0,6,6,3476,5217,1024,6241
3,20868,8214,0,0,6,6,3478,2256,1369,3625
3,20904,5226,0,0,6,6,3484,15936,871,16807
3,20976,24,0,0,6,6,3496,25281,8,25289
3,20988,48,0,0,6,6,3498,6561,64,6625
3,20988,10164,0,0,6,6,3498,2187,11858,14045
3,21000,6,0,0,6,6,3500,8748,7,8755
3,21000,150,0,0,18,6,3500,10584,25,10609
3,21000,618,0,0,6,6,3500,5625,206,5831
3,21056,175,0,0,7,7,3008,11907,125,12032
3,21056,2744,0,0,7,7,3008,3807,1568,5375
3,21056,16121,0,0,7,7,3008,3072,2303,5375
3,21056,19208,0,0,7,7,3008,387,5488,5875
3,21056,21056,0,0,7,7,3008,6561,24064,30625
3,21098,959,0,0,7,7,3014,6591,137,6728
3,21098,11011,0,0,7,7,3014,2523,1573,4096
3,21210,5306,0,0,7,7,3030,6561,6064,12625
3,21216,6,0,0,18,6,3536,13311,1,13312
3,21216,11136,0,0,6,6,3536,9,3712,3721
3,21216,13056,0,0,6,6,3536,549,4352,4901
3,21228,6,0,0,6,6,3538,90624,1,90625
3,21228,20886,0,0,6,6,3538,240,3481,3721
3,21240,120,0,0,18,6,3540,16767,40,16807
3,21240,138,0,0,6,6,3540,3750,23,3773
3,21240,192,0,0,6,6,3540,3993,32,4025
3,21240,966,0,0,6,6,3540,29403,805,30208
3,21240,1056,0,0,6,6,3540,10935,1232,12167
3,21240,4224,0,0,6,6,3540,3969,2816,6785
3,21240,5310,0,0,18,6,3540,10692,1475,12167
3,21240,6762,0,0,6,6,3540,3993,1127,5120
3,21240,12288,0,0,6,6,3540,1725,2048,3773
3,21240,14520,0,0,6,6,3540,6561,19360,25921
3,21252,336,0,0,6,6,3542,4761,112,4873
3,21252,2658,0,0,6,6,3542,5376,443,5819
3,21252,9317,0,0,7,7,3036,4557,1331,5888
3,21266,133,0,0,7,7,3038,3087,38,3125
3,21266,343,0,0,7,7,3038,9375,49,9424
3,21266,2401,0,0,7,7,3038,11532,343,11875
3,21266,14336,0,0,7,7,3038,279,4096,4375
3,21350,700,0,0,7,7,3050,4941,400,5341
3,21350,3584,0,0,7,7,3050,5625,1024,6649
3,21350,16807,0,0,7,7,3050,4575,2401,6976
3,21360,6,0,0,6,6,3560,21627,5,21632
3,21360,192,0,0,6,6,3560,93717,128,93845
3,21360,3750,0,0,6,6,3560,3471,625,4096
3,21360,19200,0,0,6,6,3560,1521,6400,7921
3,21406,847,0,0,7,7,3058,19200,121,19321
3,21420,102,0,0,6,6,3570,7203,17,7220
3,21420,102,0,0,6,6,3570,87723,85,87808
3,21420,102,0,0,18,6,3570,8208,17,8225
3,21420,408,0,0,6,6,3570,10773,272,11045
3,21420,570,0,0,6,6,3570,4131,475,4606
3,21420,1974,0,0,6,6,3570,4131,1645,5776
3,21420,2240,0,0,7,7,3060,4593,320,4913
3,21420,4332,0,0,6,6,3570,2025,2888,4913
3,21420,4512,0,0,6,6,3570,5355,1504,6859
3,21420,5358,0,0,6,6,3570,4374,6251,10625
3,21420,5358,0,0,6,6,3570,31875,893,32768
3,21420,5700,0,0,6,6,3570,6561,7600,14161
3,21420,18048,0,0,6,6,3570,6561,24064,30625
3,21476,17920,0,0,7,7,3068,921,2560,3481
3,21504,6,0,0,6,6,3584,7986,1,7987
3,21528,138,0,0,6,6,3588,5385,23,5408
3,21528,15870,0,0,6,6,3588,3159,13225,16384
3,21546,77,0,0,7,7,3078,6804,55,6859
3,21546,875,0,0,7,7,3078,3648,125,3773
3,21546,1064,0,0,7,7,3078,5625,304,5929
3,21546,2156,0,0,7,7,3078,6561,2464,9025
3,21560,49,0,0,7,7,3080,3993,7,4000
3,21560,56,0,0,7,7,3080,13467,8,13475
3,21560,140,0,0,21,7,3080,16767,40,16807
3,21560,161,0,0,7,7,3080,3750,23,3773
3,21560,224,0,0,7,7,3080,3993,32,4025
3,21560,686,0,0,7,7,3080,5427,392,5819
3,21560,875,0,0,7,7,3080,22356,625,22981
3,21560,938,0,0,7,7,3080,2187,938,3125
3,21560,1232,0,0,7,7,3080,10935,1232,12167
3,21560,1771,0,0,7,7,3080,13467,253,13720
3,21560,1876,0,0,7,7,3080,25875,536,26411
3,21560,2800,0,0,7,7,3080,13041,1600,14641
3,21560,3136,0,0,7,7,3080,13467,448,13915
3,21560,3584,0,0,7,7,3080,3465,1024,4489
3,21560,3703,0,0,7,7,3080,9075,529,9604
3,21560,4312,0,0,7,7,3080,2025,2464,4489
3,21560,4375,0,0,7,7,3080,3864,625,4489
3,21560,4480,0,0,7,7,3080,16281,3200,19481
3,21560,7889,0,0,7,7,3080,3993,1127,5120
3,21560,9625,0,0,7,7,3080,1701,6875,8576
3,21560,9856,0,0,7,7,3080,1875,1408,3283
3,21560,11200,0,0,7,7,3080,24321,1600,25921
3,21560,14168,0,0,7,7,3080,441,4048,4489
3,21560,14336,0,0,7,7,3080,1725,2048,3773
3,21560,15008,0,0,7,7,3080,3675,2144,5819
3,21560,15680,0,0,7,7,3080,9,4480,4489
3,21560,16807,0,0,7,7,3080,9375,2401,11776
3,21560,16940,0,0,7,7,3080,6561,19360,25921
3,21588,4200,0,0,6,6,3598,59049,7000,66049
3,21648,7500,0,0,6,6,3608,9801,5000,14801
3,21648,9840,0,0,6,6,3608,59049,16400,75449
3,21658,448,0,0,7,7,3094,7203,64,7267
3,21658,15652,0,0,7,7,3094,441,4472,4913
3,21660,258,0,0,6,6,3610,4332,43,4375
3,21660,258,0,0,6,6,3610,7125,43,7168
3,21660,6144,0,0,6,6,3610,75411,4096,79507
3,21660,11094,0,0,6,6,3610,1875,1849,3724
3,21686,21686,0,0,21,7,3098,27,3098,3125
3,21700,7,0,0,7,7,3100,3750,1,3751
3,21700,217,0,0,7,7,3100,5625,62,5687
3,21756,224,0,0,7,7,3108,2997,128,3125
3,21756,5439,0,0,21,7,3108,2187,1813,4000
3,21768,8250,0,0,6,6,3628,2721,1375,4096
3,21828,6,0,0,6,6,3638,28560,1,28561
3,21828,6,0,0,18,6,3638,31212,1,31213
3,21828,42,0,0,6,6,3638,3750,7,3757
3,21828,150,0,0,6,6,3638,11424,25,11449
3,21828,294,0,0,6,6,3638,4815,98,4913
3,21828,384,0,0,6,6,3638,3969,256,4225
3,21828,1536,0,0,6,6,3638,8025,256,8281
3,21828,3072,0,0,6,6,3638,26001,2560,28561
3,21828,3840,0,0,6,6,3638,14739,640,15379
3,21828,4800,0,0,6,6,3638,60669,3200,63869
3,21828,6000,0,0,6,6,3638,243,5000,5243
3,21828,9750,0,0,6,6,3638,1701,8125,9826
3,21828,9984,0,0,6,6,3638,3969,6656,10625
3,21828,12750,0,0,6,6,3638,85683,2125,87808
3,21828,14406,0,0,6,6,3638,4875,2401,7276
3,21828,14406,0,0,6,6,3638,81120,2401,83521
3,21828,16224,0,0,6,6,3638,50421,2704,53125
3,21828,17238,0,0,6,6,3638,2247,2873,5120
3,21828,17472,0,0,6,6,3638,5625,5824,11449
3,21840,384,0,0,6,6,3640,3969,256,4225
3,21840,728,0,0,21,7,3120,6021,104,6125
3,21840,13650,0,0,6,6,3640,1821,2275,4096
3,21854,14336,0,0,7,7,3122,15123,2048,17171
3,21882,14336,0,0,7,7,3126,4761,4096,8857
3,21900,3750,0,0,6,6,3650,14016,625,14641
3,21900,18150,0,0,6,6,3650,9,6050,6059
3,21948,6,0,0,6,6,3658,3720,1,3721
3,21948,20886,0,0,6,6,3658,240,3481,3721
3,22080,6,0,0,18,6,3680,6048,1,6049
3,22080,120,0,0,18,6,3680,16767,40,16807
3,22080,294,0,0,6,6,3680,6000,49,6049
3,22080,4416,0,0,18,6,3680,5103,1472,6575
3,22080,14406,0,0,6,6,3680,9375,2401,11776
3,22104,12288,0,0,6,6,3684,2763,4096,6859
3,22120,2023,0,0,7,7,3160,5952,289,6241
3,22120,4480,0,0,7,7,3160,6399,2560,8959
3,22120,7378,0,0,7,7,3160,2025,4216,6241
3,22120,13825,0,0,7,7,3160,7533,9875,17408
3,22140,15744,0,0,6,6,3690,9375,2624,11999
3,22190,2219,0,0,21,7,3170,4563,317,4880
3,22248,48,0,0,6,6,3708,6561,64,6625
3,22248,21504,0,0,6,6,3708,1875,3584,5459
3,22260,48,0,0,6,6,3710,6561,64,6625
3,22260,56,0,0,7,7,3180,6561,64,6625
3,22260,56,0,0,7,7,3180,6837,8,6845
3,22260,5376,0,0,6,6,3710,13833,1792,15625
3,22260,15582,0,0,6,6,3710,2523,2597,5120
3,22260,16854,0,0,6,6,3710,38400,2809,41209
3,22308,6,0,0,6,6,3718,3750,1,3751
3,22308,6,0,0,6,6,3718,4224,1,4225
3,22308,384,0,0,6,6,3718,6591,64,6655
3,22308,2904,0,0,6,6,3718,13689,1936,15625
3,22316,21875,0,0,7,7,3188,384,3125,3509
3,22330,7,0,0,7,7,3190,5775,1,5776
3,22330,7,0,0,7,7,3190,30624,1,30625
3,22330,49,0,0,7,7,3190,3993,7,4000
3,22330,49,0,0,7,7,3190,15972,7,15979
3,22330,49,0,0,7,7,3190,17496,49,17545
3,22330,343,0,0,7,7,3190,14592,49,14641
3,22330,385,0,0,7,7,3190,41154,55,41209
3,22330,406,0,0,21,7,3190,3267,58,3325
3,22330,1120,0,0,7,7,3190,6699,160,6859
3,22330,2527,0,0,7,7,3190,5568,361,5929
3,22330,2527,0,0,7,7,3190,75264,361,75625
3,22330,3136,0,0,7,7,3190,20577,448,21025
3,22330,5887,0,0,7,7,3190,11319,841,12160
3,22330,5887,0,0,7,7,3190,14784,841,15625
3,22330,7168,0,0,7,7,3190,16929,4096,21025
3,22330,9625,0,0,7,7,3190,20577,1375,21952
3,22330,12250,0,0,7,7,3190,9,3500,3509
3,22330,16807,0,0,7,7,3190,13224,2401,15625
3,22330,18865,0,0,7,7,3190,243,13475,13718
3,22428,102,0,0,6,6,3738,10752,17,10769
3,22428,462,0,0,6,6,3738,4374,539,4913
3,22428,534,0,0,18,6,3738,9261,89,9350
3,22428,623,0,0,21,7,3204,6183,89,6272
3,22428,1020,0,0,6,6,3738,6561,1360,7921
3,22428,1200,0,0,6,6,3738,21627,1000,22627
3,22428,3072,0,0,6,6,3738,13617,1024,14641
3,22428,10200,0,0,6,6,3738,3969,6800,10769
3,22428,12288,0,0,6,6,3738,3825,4096,7921
3,22428,13350,0,0,6,6,3738,2688,2225,4913
3,22500,13440,0,0,6,6,3750,9,4480,4489
3,22526,16807,0,0,7,7,3218,9375,2401,11776
3,22540,7,0,0,7,7,3220,4116,1,4117
3,22540,16807,0,0,7,7,3220,9375,2401,11776
3,22560,6,0,0,6,6,3760,9024,1,9025
3,22560,13254,0,0,6,6,3760,2673,11045,13718
3,22596,5054,0,0,7,7,3228,2025,2888,4913
3,22608,192,0,0,6,6,3768,63585,128,63713
3,22608,8112,0,0,6,6,3768,12717,5408,18125
3,22610,7,0,0,7,7,3230,10200,1,10201
3,22610,7,0,0,7,7,3230,24543,5,24548
3,22610,35,0,0,7,7,3230,29184,5,29189
3,22610,133,0,0,7,7,3230,10125,76,10201
3,22610,133,0,0,21,7,3230,15606,19,15625
3,22610,1792,0,0,7,7,3230,5625,512,6137
3,22610,4375,0,0,7,7,3230,5151,625,5776
3,22610,5054,0,0,7,7,3230,2025,2888,4913
3,22620,6,0,0,6,6,3770,32799,1,32800
3,22620,150,0,0,6,6,3770,28536,25,28561
3,22620,174,0,0,6,6,3770,6900,29,6929
3,22620,276,0,0,6,6,3770,6561,368,6929
3,22620,1200,0,0,6,6,3770,68121,800,68921
3,22620,1920,0,0,6,6,3770,3567,320,3887
3,22620,3174,0,0,6,6,3770,3567,529,4096
3,22620,5070,0,0,6,6,3770,5043,845,5888
3,22620,6144,0,0,6,6,3770,7047,5120,12167
3,22620,10086,0,0,6,6,3770,14703,1681,16384
3,22620,10092,0,0,6,6,3770,4761,3364,8125
3,22620,12000,0,0,6,6,3770,13689,8000,21689
3,22620,14268,0,0,6,6,3770,23805,4756,28561
3,22620,15870,0,0,6,6,3770,3159,13225,16384
3,22638,5663,0,0,7,7,3234,3993,809,4802
3,22680,12288,0,0,6,6,3780,279,4096,4375
3,22736,98,0,0,7,7,3248,24375,14,24389
3,22736,448,0,0,7,7,3248,3969,256,4225
3,22736,4480,0,0,7,7,3248,1701,3200,4901
3,22764,294,0,0,6,6,3794,12288,49,12337
3,22788,12000,0,0,6,6,3798,9,4000,4009
3,22836,6,0,0,6,6,3806,25431,1,25432
3,22836,462,0,0,6,6,3806,4374,539,4913
3,22848,3048,0,0,6,6,3808,6561,4064,10625
3,22862,301,0,0,7,7,3266,6816,43,6859
3,22876,12943,0,0,7,7,3268,37500,1849,39349
3,22908,4980,0,0,6,6,3818,243,4150,4393
3,22920,384,0,0,6,6,3820,3969,256,4225
3,22946,1694,0,0,7,7,3278,5625,484,6109
3,23016,114,0,0,6,6,3836,6561,152,6713
3,23016,21056,0,0,7,7,3288,6561,24064,30625
3,23028,114,0,0,6,6,3838,10125,76,10201
3,23030,175,0,0,7,7,3290,11907,125,12032
3,23030,21056,0,0,7,7,3290,6561,24064,30625
3,23040,678,0,0,6,6,3840,4800,113,4913
3,23086,238,0,0,7,7,3298,9375,34,9409
3,23088,6,0,0,6,6,3848,4224,1,4225
3,23088,6,0,0,6,6,3848,4455,4,4459
3,23088,24,0,0,6,6,3848,6237,16,6253
3,23088,42,0,0,6,6,3848,3993,7,4000
3,23088,42,0,0,6,6,3848,50625,28,50653
3,23088,48,0,0,6,6,3848,14625,16,14641
3,23088,60,0,0,6,6,3848,17787,10,17797
3,23088,66,0,0,6,6,3848,12636,55,12691
3,23088,78,0,0,6,6,3848,11979,26,12005
3,23088,96,0,0,6,6,3848,12675,16,12691
3,23088,384,0,0,6,6,3848,3969,256,4225
3,23088,384,0,0,6,6,3848,6591,64,6655
3,23088,444,0,0,18,6,3848,9477,148,9625
3,23088,768,0,0,6,6,3848,4107,128,4235
3,23088,858,0,0,6,6,3848,80919,1001,81920
3,23088,1110,0,0,6,6,3848,6591,185,6776
3,23088,1248,0,0,6,6,3848,9375,208,9583
3,23088,1554,0,0,6,6,3848,2187,1813,4000
3,23088,1776,0,0,6,6,3848,9801,1184,10985
3,23088,2058,0,0,6,6,3848,5577,343,5920
3,23088,2112,0,0,6,6,3848,4107,352,4459
3,23088,2886,0,0,6,6,3848,9375,481,9856
3,23088,2904,0,0,6,6,3848,13689,1936,15625
3,23088,3630,0,0,6,6,3848,47628,3025,50653
3,23088,3750,0,0,6,6,3848,4107,625,4732
3,23088,3822,0,0,6,6,3848,3840,637,4477
3,23088,4800,0,0,6,6,3848,4329,1600,5929
3,23088,5250,0,0,6,6,3848,16428,875,17303
3,23088,6144,0,0,6,6,3848,19425,1024,20449
3,23088,6216,0,0,6,6,3848,81,4144,4225
3,23088,8214,0,0,6,6,3848,15015,1369,16384
3,23088,8736,0,0,6,6,3848,9801,5824,15625
3,23088,9408,0,0,6,6,3848,1089,3136,4225
3,23088,15288,0,0,6,6,3848,4107,2548,6655
3,23088,15972,0,0,6,6,3848,1521,5324,6845
3,23088,16428,0,0,6,6,3848,1053,10952,12005
3,23088,16500,0,0,6,6,3848,6561,22000,28561
3,23088,17760,0,0,6,6,3848,9,5920,5929
3,23088,21504,0,0,6,6,3848,6591,3584,10175
3,23088,21840,0,0,6,6,3848,81,14560,14641
3,23088,22638,0,0,6,6,3848,3072,3773,6845
3,23100,42,0,0,6,6,3850,3993,7,4000
3,23100,56,0,0,7,7,3300,14625,16,14641
3,23100,168,0,0,6,6,3850,34347,28,34375
3,23100,6000,0,0,6,6,3850,243,5000,5243
3,23100,19250,0,0,7,7,3300,6561,22000,28561
3,23128,7,0,0,7,7,3304,3363,1,3364
3,23226,4424,0,0,7,7,3318,5625,1264,6889
3,23244,4992,0,0,6,6,3874,3249,1664,4913
3,23256,6528,0,0,6,6,3876,3087,2176,5263
3,23268,6,0,0,6,6,3878,9408,1,9409
3,23268,3324,0,0,18,6,3878,3645,1108,4753
3,23268,8310,0,0,6,6,3878,243,6925,7168
3,23280,582,0,0,6,6,3880,15528,97,15625
3,23310,1715,0,0,7,7,3330,4107,245,4352
3,23408,343,0,0,7,7,3344,14592,49,14641
3,23448,600,0,0,6,6,3908,8793,200,8993
3,23448,5862,0,0,18,6,3908,3375,977,4352
3,23464,301,0,0,7,7,3352,16341,43,16384
3,23484,618,0,0,6,6,3914,3993,103,4096
3,23484,6144,0,0,6,6,3914,6897,1024,7921
3,23506,1288,0,0,7,7,3358,5145,184,5329
3,23506,3703,0,0,7,7,3358,4800,529,5329
3,23506,4375,0,0,7,7,3358,4704,625,5329
3,23506,16807,0,0,7,7,3358,9375,2401,11776
3,23520,42,0,0,6,6,3920,50625,28,50653
3,23520,48,0,0,6,6,3920,6561,64,6625
3,23520,888,0,0,6,6,3920,8427,148,8575
3,23520,1554,0,0,6,6,3920,2187,1813,4000
3,23520,10878,0,0,6,6,3920,8427,1813,10240
3,23640,60,0,0,18,6,3940,5319,10,5329
3,23660,7,0,0,7,7,3380,21627,5,21632
3,23660,14,0,0,7,7,3380,45123,2,45125
3,23660,4375,0,0,7,7,3380,3471,625,4096
3,23660,4375,0,0,7,7,3380,7296,625,7921
3,23660,6230,0,0,7,7,3380,243,4450,4693
3,23660,20216,0,0,7,7,3380,9,5776,5785
3,23660,22400,0,0,7,7,3380,1521,6400,7921
3,23688,18048,0,0,6,6,3948,225,6016,6241
3,23688,18048,0,0,6,6,3948,6561,24064,30625
3,23700,6,0,0,6,6,3950,6240,1,6241
3,23700,18750,0,0,6,6,3950,3888,15625,19513
3,23716,49,0,0,7,7,3388,3993,7,4000
3,23716,448,0,0,7,7,3388,12705,64,12769
3,23716,9604,0,0,7,7,3388,9153,5488,14641
3,23716,15400,0,0,7,7,3388,3969,8800,12769
3,23716,16807,0,0,7,7,3388,1695,2401,4096
3,23730,56,0,0,7,7,3390,6561,64,6625
3,23808,96,0,0,6,6,3968,29775,16,29791
3,23856,6,0,0,18,6,3976,31212,1,31213
3,23856,14,0,0,7,7,3408,15123,2,15125
3,23856,294,0,0,6,6,3976,4992,49,5041
3,23856,497,0,0,7,7,3408,77841,284,78125
3,23856,1536,0,0,6,6,3976,15123,256,15379
3,23870,7,0,0,7,7,3410,3750,1,3751
3,23870,56,0,0,7,7,3410,9375,8,9383
3,23870,6727,0,0,7,7,3410,2559,961,3520
3,23892,17376,0,0,6,6,3982,3993,2896,6889
3,23940,812,0,0,7,7,3420,3249,232,3481
3,23940,12288,0,0,6,6,3990,8379,4096,12475
3,24000,6144,0,0,6,6,4000,7047,5120,12167
3,24010,7,0,0,7,7,3430,4224,1,4225
3,24010,7,0,0,7,7,3430,4455,4,4459
3,24010,49,0,0,7,7,3430,3993,7,4000
3,24010,91,0,0,7,7,3430,11979,26,12005
3,24010,343,0,0,21,7,3430,16335,49,16384
3,24010,448,0,0,7,7,3430,3969,256,4225
3,24010,448,0,0,7,7,3430,6591,64,6655
3,24010,2401,0,0,21,7,3430,3375,343,3718
3,24010,3388,0,0,7,7,3430,13689,1936,15625
3,24010,10192,0,0,7,7,3430,9801,5824,15625
3,24064,200,0,0,8,8,3008,11907,125,12032
3,24064,3136,0,0,8,8,3008,3807,1568,5375
3,24064,18424,0,0,8,8,3008,3072,2303,5375
3,24064,21952,0,0,8,8,3008,387,5488,5875
3,24064,24064,0,0,8,8,3008,6561,24064,30625
3,24066,21875,0,0,7,7,3438,573,3125,3698
3,24112,1096,0,0,8,8,3014,6591,137,6728
3,24112,12584,0,0,8,8,3014,2523,1573,4096
3,24206,14,0,0,7,7,3458,29925,4,29929
3,24206,56,0,0,7,7,3458,21609,16,21625
3,24206,91,0,0,7,7,3458,48000,13,48013
3,24206,133,0,0,7,7,3458,15360,19,15379
3,24206,224,0,0,7,7,3458,15561,64,15625
3,24206,343,0,0,7,7,3458,62208,245,62453
3,24206,448,0,0,7,7,3458,3969,256,4225
3,24206,784,0,0,7,7,3458,6747,112,6859
3,24206,1183,0,0,7,7,3458,25431,169,25600
3,24206,1211,0,0,7,7,3458,9555,173,9728
3,24206,1372,0,0,7,7,3458,59049,1960,61009
3,24206,1715,0,0,7,7,3458,42039,1225,43264
3,24206,2422,0,0,7,7,3458,29241,1384,30625
3,24206,7000,0,0,7,7,3458,13689,4000,17689
3,24206,9464,0,0,7,7,3458,7125,1352,8477
3,24206,9688,0,0,7,7,3458,2187,9688,11875
3,24206,10976,0,0,7,7,3458,1557,3136,4693
3,24206,12103,0,0,21,7,3458,4671,1729,6400
3,24206,16807,0,0,7,7,3458,1824,2401,4225
3,24206,22400,0,0,7,7,3458,117,6400,6517
3,24240,6064,0,0,8,8,3030,6561,6064,12625
3,24288,10648,0,0,8,8,3036,4557,1331,5888
3,24290,35,0,0,7,7,3470,10752,5,10757
3,24290,14336,0,0,7,7,3470,279,4096,4375
3,24304,152,0,0,8,8,3038,3087,38,3125
3,24304,392,0,0,8,8,3038,9375,49,9424
3,24304,2744,0,0,8,8,3038,11532,343,11875
3,24304,16384,0,0,8,8,3038,279,4096,4375
3,24332,259,0,0,7,7,3476,6204,37,6241
3,24332,7168,0,0,7,7,3476,5217,1024,6241
3,24346,9583,0,0,7,7,3478,2256,1369,3625
3,24388,6097,0,0,7,7,3484,15936,871,16807
3,24400,800,0,0,8,8,3050,4941,400,5341
3,24400,4096,0,0,8,8,3050,5625,1024,6649
3,24400,19208,0,0,8,8,3050,4575,2401,6976
3,24464,968,0,0,8,8,3058,19200,121,19321
3,24472,28,0,0,7,7,3496,25281,8,25289
3,24480,2560,0,0,8,8,3060,4593,320,4913
3,24486,56,0,0,7,7,3498,6561,64,6625
3,24486,11858,0,0,7,7,3498,2187,11858,14045
3,24500,7,0,0,7,7,3500,8748,7,8755
3,24500,175,0,0,21,7,3500,10584,25,10609
3,24500,721,0,0,7,7,3500,5625,206,5831
3,24544,20480,0,0,8,8,3068,921,2560,3481
3,24624,88,0,0,8,8,3078,6804,55,6859
3,24624,1000,0,0,8,8,3078,3648,125,3773
3,24624,1216,0,0,8,8,3078,5625,304,5929
3,24624,2464,0,0,8,8,3078,6561,2464,9025
3,24640,56,0,0,8,8,3080,3993,7,4000
3,24640,64,0,0,8,8,3080,13467,8,13475
3,24640,160,0,0,24,8,3080,16767,40,16807
3,24640,184,0,0,8,8,3080,3750,23,3773
3,24640,256,0,0,8,8,3080,3993,32,4025
3,24640,784,0,0,8,8,3080,5427,392,5819
3,24640,1000,0,0,8,8,3080,22356,625,22981
3,24640,1072,0,0,8,8,3080,2187,938,3125
3,24640,1408,0,0,8,8,3080,10935,1232,12167
3,24640,2024,0,0,8,8,3080,13467,253,13720
3,24640,2144,0,0,8,8,3080,25875,536,26411
3,24640,3200,0,0,8,8,3080,13041,1600,14641
3,24640,3584,0,0,8,8,3080,13467,448,13915
3,24640,4096,0,0,8,8,3080,3465,1024,4489
3,24640,4232,0,0,8,8,3080,9075,529,9604
3,24640,4928,0,0,8,8,3080,2025,2464,4489
3,24640,5000,0,0,8,8,3080,3864,625,4489
3,24640,5120,0,0,8,8,3080,16281,3200,19481
3,24640,9016,0,0,8,8,3080,3993,1127,5120
3,24640,11000,0,0,8,8,3080,1701,6875,8576
3,24640,11264,0,0,8,8,3080,1875,1408,3283
3,24640,12800,0,0,8,8,3080,24321,1600,25921
3,24640,16192,0,0,8,8,3080,441,4048,4489
3,24640,16384,0,0,8,8,3080,1725,2048,3773
3,24640,17152,0,0,8,8,3080,3675,2144,5819
3,24640,17920,0,0,8,8,3080,9,4480,4489
3,24640,19208,0,0,8,8,3080,9375,2401,11776
3,24640,19360,0,0,8,8,3080,6561,19360,25921
3,24752,7,0,0,21,7,3536,13311,1,13312
3,24752,512,0,0,8,8,3094,7203,64,7267
3,24752,12992,0,0,7,7,3536,9,3712,3721
3,24752,15232,0,0,7,7,3536,549,4352,4901
3,24752,17888,0,0,8,8,3094,441,4472,4913
3,24766,7,0,0,7,7,3538,90624,1,90625
3,24766,24367,0,0,7,7,3538,240,3481,3721
3,24780,140,0,0,21,7,3540,16767,40,16807
3,24780,161,0,0,7,7,3540,3750,23,3773
3,24780,224,0,0,7,7,3540,3993,32,4025
3,24780,1127,0,0,7,7,3540,29403,805,30208
3,24780,1232,0,0,7,7,3540,10935,1232,12167
3,24780,4928,0,0,7,7,3540,3969,2816,6785
3,24780,6195,0,0,21,7,3540,10692,1475,12167
3,24780,7889,0,0,7,7,3540,3993,1127,5120
3,24780,14336,0,0,7,7,3540,1725,2048,3773
3,24780,16940,0,0,7,7,3540,6561,19360,25921
3,24784,24784,0,0,24,8,3098,27,3098,3125
3,24794,392,0,0,7,7,3542,4761,112,4873
3,24794,3101,0,0,7,7,3542,5376,443,5819
3,24800,8,0,0,8,8,3100,3750,1,3751
3,24800,248,0,0,8,8,3100,5625,62,5687
3,24864,256,0,0,8,8,3108,2997,128,3125
3,24864,6216,0,0,24,8,3108,2187,1813,4000
3,24920,7,0,0,7,7,3560,21627,5,21632
3,24920,224,0,0,7,7,3560,93717,128,93845
3,24920,4375,0,0,7,7,3560,3471,625,4096
3,24920,22400,0,0,7,7,3560,1521,6400,7921
3,24960,832,0,0,24,8,3120,6021,104,6125
3,24976,16384,0,0,8,8,3122,15123,2048,17171
3,24990,119,0,0,7,7,3570,7203,17,7220
3,24990,119,0,0,7,7,3570,87723,85,87808
3,24990,119,0,0,21,7,3570,8208,17,8225
3,24990,476,0,0,7,7,3570,10773,272,11045
3,24990,665,0,0,7,7,3570,4131,475,4606
3,24990,2303,0,0,7,7,3570,4131,1645,5776
3,24990,5054,0,0,7,7,3570,2025,2888,4913
3,24990,5264,0,0,7,7,3570,5355,1504,6859
3,24990,6251,0,0,7,7,3570,4374,6251,10625
3,24990,6251,0,0,7,7,3570,31875,893,32768
3,24990,6650,0,0,7,7,3570,6561,7600,14161
3,24990,21056,0,0,7,7,3570,6561,24064,30625
3,25008,16384,0,0,8,8,3126,4761,4096,8857
3,25088,7,0,0,7,7,3584,7986,1,7987
3,25116,161,0,0,7,7,3588,5385,23,5408
3,25116,18515,0,0,7,7,3588,3159,13225,16384
3,25186,4900,0,0,7,7,3598,59049,7000,66049
3,25256,8750,0,0,7,7,3608,9801,5000,14801
3,25256,11480,0,0,7,7,3608,59049,16400,75449
3,25270,301,0,0,7,7,3610,4332,43,4375
3,25270,301,0,0,7,7,3610,7125,43,7168
3,25270,7168,0,0,7,7,3610,75411,4096,79507
3,25270,12943,0,0,7,7,3610,1875,1849,3724
3,25280,2312,0,0,8,8,3160,5952,289,6241
3,25280,5120,0,0,8,8,3160,6399,2560,8959
3,25280,8432,0,0,8,8,3160,2025,4216,6241
3,25280,15800,0,0,8,8,3160,7533,9875,17408
3,25360,2536,0,0,24,8,3170,4563,317,4880
3,25396,9625,0,0,7,7,3628,2721,1375,4096
3,25440,64,0,0,8,8,3180,6561,64,6625
3,25440,64,0,0,8,8,3180,6837,8,6845
3,25466,7,0,0,7,7,3638,28560,1,28561
3,25466,7,0,0,21,7,3638,31212,1,31213
3,25466,49,0,0,7,7,3638,3750,7,3757
3,25466,175,0,0,7,7,3638,11424,25,11449
3,25466,343,0,0,7,7,3638,4815,98,4913
3,25466,448,0,0,7,7,3638,3969,256,4225
3,25466,1792,0,0,7,7,3638,8025,256,8281
3,25466,3584,0,0,7,7,3638,26001,2560,28561
3,25466,4480,0,0,7,7,3638,14739,640,15379
3,25466,5600,0,0,7,7,3638,60669,3200,63869
3,25466,7000,0,0,7,7,3638,243,5000,5243
3,25466,11375,0,0,7,7,3638,1701,8125,9826
3,25466,11648,0,0,7,7,3638,3969,6656,10625
3,25466,14875,0,0,7,7,3638,85683,2125,87808
3,25466,16807,0,0,7,7,3638,4875,2401,7276
3,25466,16807,0,0,7,7,3638,81120,2401,83521
3,25466,18928,0,0,7,7,3638,50421,2704,53125
3,25466,20111,0,0,7,7,3638,2247,2873,5120
3,25466,20384,0,0,7,7,3638,5625,5824,11449
3,25480,448,0,0,7,7,3640,3969,256,4225
3,25480,15925,0,0,7,7,3640,1821,2275,4096
3,25504,25000,0,0,8,8,3188,384,3125,3509
3,25520,8,0,0,8,8,3190,5775,1,5776
3,25520,8,0,0,8,8,3190,30624,1,30625
3,25520,56,0,0,8,8,3190,3993,7,4000
3,25520,56,0,0,8,8,3190,15972,7,15979
3,25520,56,0,0,8,8,3190,17496,49,17545
3,25520,392,0,0,8,8,3190,14592,49,14641
3,25520,440,0,0,8,8,3190,41154,55,41209
3,25520,464,0,0,24,8,3190,3267,58,3325
3,25520,1280,0,0,8,8,3190,6699,160,6859
3,25520,2888,0,0,8,8,3190,5568,361,5929
3,25520,2888,0,0,8,8,3190,75264,361,75625
3,25520,3584,0,0,8,8,3190,20577,448,21025
3,25520,6728,0,0,8,8,3190,11319,841,12160
3,25520,6728,0,0,8,8,3190,14784,841,15625
3,25520,8192,0,0,8,8,3190,16929,4096,21025
3,25520,11000,0,0,8,8,3190,20577,1375,21952
3,25520,14000,0,0,8,8,3190,9,3500,3509
3,25520,19208,0,0,8,8,3190,13224,2401,15625
3,25520,21560,0,0,8,8,3190,243,13475,13718
3,25550,4375,0,0,7,7,3650,14016,625,14641
3,25550,21175,0,0,7,7,3650,9,6050,6059
3,25606,7,0,0,7,7,3658,3720,1,3721
3,25606,24367,0,0,7,7,3658,240,3481,3721
3,25632,712,0,0,24,8,3204,6183,89,6272
3,25744,19208,0,0,8,8,3218,9375,2401,11776
3,25760,7,0,0,21,7,3680,6048,1,6049
3,25760,8,0,0,8,8,3220,4116,1,4117
3,25760,140,0,0,21,7,3680,16767,40,16807
3,25760,343,0,0,7,7,3680,6000,49,6049
3,25760,5152,0,0,21,7,3680,5103,1472,6575
3,25760,16807,0,0,7,7,3680,9375,2401,11776
3,25760,19208,0,0,8,8,3220,9375,2401,11776
3,25788,14336,0,0,7,7,3684,2763,4096,6859
3,25824,5776,0,0,8,8,3228,2025,2888,4913
3,25830,18368,0,0,7,7,3690,9375,2624,11999
3,25840,8,0,0,8,8,3230,10200,1,10201
3,25840,8,0,0,8,8,3230,24543,5,24548
3,25840,40,0,0,8,8,3230,29184,5,29189
3,25840,152,0,0,8,8,3230,10125,76,10201
3,25840,152,0,0,24,8,3230,15606,19,15625
3,25840,2048,0,0,8,8,3230,5625,512,6137
3,25840,5000,0,0,8,8,3230,5151,625,5776
3,25840,5776,0,0,8,8,3230,2025,2888,4913
3,25872,6472,0,0,8,8,3234,3993,809,4802
3,25956,56,0,0,7,7,3708,6561,64,6625
3,25956,25088,0,0,7,7,3708,1875,3584,5459
3,25970,56,0,0,7,7,3710,6561,64,6625
3,25970,6272,0,0,7,7,3710,13833,1792,15625
3,25970,18179,0,0,7,7,3710,2523,2597,5120
3,25970,19663,0,0,7,7,3710,38400,2809,41209
3,25984,112,0,0,8,8,3248,24375,14,24389
3,25984,512,0,0,8,8,3248,3969,256,4225
3,25984,5120,0,0,8,8,3248,1701,3200,4901
3,26026,7,0,0,7,7,3718,3750,1,3751
3,26026,7,0,0,7,7,3718,4224,1,4225
3,26026,448,0,0,7,7,3718,6591,64,6655
3,26026,3388,0,0,7,7,3718,13689,1936,15625
3,26128,344,0,0,8,8,3266,6816,43,6859
3,26144,14792,0,0,8,8,3268,37500,1849,39349
3,26166,119,0,0,7,7,3738,10752,17,10769
3,26166,539,0,0,7,7,3738,4374,539,4913
3,26166,623,0,0,21,7,3738,9261,89,9350
3,26166,1190,0,0,7,7,3738,6561,1360,7921
3,26166,1400,0,0,7,7,3738,21627,1000,22627
3,26166,3584,0,0,7,7,3738,13617,1024,14641
3,26166,11900,0,0,7,7,3738,3969,6800,10769
3,26166,14336,0,0,7,7,3738,3825,4096,7921
3,26166,15575,0,0,7,7,3738,2688,2225,4913
3,26224,1936,0,0,8,8,3278,5625,484,6109
3,26250,15680,0,0,7,7,3750,9,4480,4489
3,26304,24064,0,0,8,8,3288,6561,24064,30625
3,26320,7,0,0,7,7,3760,9024,1,9025
3,26320,200,0,0,8,8,3290,11907,125,12032
3,26320,15463,0,0,7,7,3760,2673,11045,13718
3,26320,24064,0,0,8,8,3290,6561,24064,30625
3,26376,224,0,0,7,7,3768,63585,128,63713
3,26376,9464,0,0,7,7,3768,12717,5408,18125
3,26384,272,0,0,8,8,3298,9375,34,9409
3,26390,7,0,0,7,7,3770,32799,1,32800
3,26390,175,0,0,7,7,3770,28536,25,28561
3,26390,203,0,0,7,7,3770,6900,29,6929
3,26390,322,0,0,7,7,3770,6561,368,6929
3,26390,1400,0,0,7,7,3770,68121,800,68921
3,26390,2240,0,0,7,7,3770,3567,320,3887
3,26390,3703,0,0,7,7,3770,3567,529,4096
3,26390,5915,0,0,7,7,3770,5043,845,5888
3,26390,7168,0,0,7,7,3770,7047,5120,12167
3,26390,11767,0,0,7,7,3770,14703,1681,16384
3,26390,11774,0,0,7,7,3770,4761,3364,8125
3,26390,14000,0,0,7,7,3770,13689,8000,21689
3,26390,16646,0,0,7,7,3770,23805,4756,28561
3,26390,18515,0,0,7,7,3770,3159,13225,16384
3,26400,64,0,0,8,8,3300,14625,16,14641
3,26400,22000,0,0,8,8,3300,6561,22000,28561
3,26432,8,0,0,8,8,3304,3363,1,3364
3,26460,14336,0,0,7,7,3780,279,4096,4375
3,26544,5056,0,0,8,8,3318,5625,1264,6889
3,26558,343,0,0,7,7,3794,12288,49,12337
3,26586,14000,0,0,7,7,3798,9,4000,4009
3,26640,1960,0,0,8,8,3330,4107,245,4352
3,26642,7,0,0,7,7,3806,25431,1,25432
3,26642,539,0,0,7,7,3806,4374,539,4913
3,26656,3556,0,0,7,7,3808,6561,4064,10625
3,26726,5810,0,0,7,7,3818,243,4150,4393
3,26740,448,0,0,7,7,3820,3969,256,4225
3,26752,392,0,0,8,8,3344,14592,49,14641
3,26816,344,0,0,8,8,3352,16341,43,16384
3,26852,133,0,0,7,7,3836,6561,152,6713
3,26864,1472,0,0,8,8,3358,5145,184,5329
3,26864,4232,0,0,8,8,3358,4800,529,5329
3,26864,5000,0,0,8,8,3358,4704,625,5329
3,26864,19208,0,0,8,8,3358,9375,2401,11776
3,26866,133,0,0,7,7,3838,10125,76,10201
3,26880,791,0,0,7,7,3840,4800,113,4913
3,26936,7,0,0,7,7,3848,4224,1,4225
3,26936,7,0,0,7,7,3848,4455,4,4459
3,26936,28,0,0,7,7,3848,6237,16,6253
3,26936,49,0,0,7,7,3848,3993,7,4000
3,26936,49,0,0,7,7,3848,50625,28,50653
3,26936,56,0,0,7,7,3848,14625,16,14641
3,26936,70,0,0,7,7,3848,17787,10,17797
3,26936,77,0,0,7,7,3848,12636,55,12691
3,26936,91,0,0,7,7,3848,11979,26,12005
3,26936,112,0,0,7,7,3848,12675,16,12691
3,26936,448,0,0,7,7,3848,3969,256,4225
3,26936,448,0,0,7,7,3848,6591,64,6655
3,26936,518,0,0,21,7,3848,9477,148,9625
3,26936,896,0,0,7,7,3848,4107,128,4235
3,26936,1001,0,0,7,7,3848,80919,1001,81920
3,26936,1295,0,0,7,7,3848,6591,185,6776
3,26936,1456,0,0,7,7,3848,9375,208,9583
3,26936,1813,0,0,7,7,3848,2187,1813,4000
3,26936,2072,0,0,7,7,3848,9801,1184,10985
3,26936,2401,0,0,7,7,3848,5577,343,5920
3,26936,2464,0,0,7,7,3848,4107,352,4459
3,26936,3367,0,0,7,7,3848,9375,481,9856
3,26936,3388,0,0,7,7,3848,13689,1936,15625
3,26936,4235,0,0,7,7,3848,47628,3025,50653
3,26936,4375,0,0,7,7,3848,4107,625,4732
3,26936,4459,0,0,7,7,3848,3840,637,4477
3,26936,5600,0,0,7,7,3848,4329,1600,5929
3,26936,6125,0,0,7,7,3848,16428,875,17303
3,26936,7168,0,0,7,7,3848,19425,1024,20449
3,26936,7252,0,0,7,7,3848,81,4144,4225
3,26936,9583,0,0,7,7,3848,15015,1369,16384
3,26936,10192,0,0,7,7,3848,9801,5824,15625
3,26936,10976,0,0,7,7,3848,1089,3136,4225
3,26936,17836,0,0,7,7,3848,4107,2548,6655
3,26936,18634,0,0,7,7,3848,1521,5324,6845
3,26936,19166,0,0,7,7,3848,1053,10952,12005
3,26936,19250,0,0,7,7,3848,6561,22000,28561
3,26936,20720,0,0,7,7,3848,9,5920,5929
3,26936,25088,0,0,7,7,3848,6591,3584,10175
3,26936,25480,0,0,7,7,3848,81,14560,14641
3,26936,26411,0,0,7,7,3848,3072,3773,6845
3,26950,49,0,0,7,7,3850,3993,7,4000
3,26950,196,0,0,7,7,3850,34347,28,34375
3,26950,7000,0,0,7,7,3850,243,5000,5243
3,27040,8,0,0,8,8,3380,21627,5,21632
3,27040,16,0,0,8,8,3380,45123,2,45125
3,27040,5000,0,0,8,8,3380,3471,625,4096
3,27040,5000,0,0,8,8,3380,7296,625,7921
3,27040,7120,0,0,8,8,3380,243,4450,4693
3,27040,23104,0,0,8,8,3380,9,5776,5785
3,27040,25600,0,0,8,8,3380,1521,6400,7921
3,27072,225,0,0,9,9,3008,11907,125,12032
3,27072,3528,0,0,9,9,3008,3807,1568,5375
3,27072,20727,0,0,9,9,3008,3072,2303,5375
3,27072,24696,0,0,9,9,3008,387,5488,5875
3,27072,27072,0,0,9,9,3008,6561,24064,30625
3,27104,56,0,0,8,8,3388,3993,7,4000
3,27104,512,0,0,8,8,3388,12705,64,12769
3,27104,10976,0,0,8,8,3388,9153,5488,14641
3,27104,17600,0,0,8,8,3388,3969,8800,12769
3,27104,19208,0,0,8,8,3388,1695,2401,4096
3,27118,5824,0,0,7,7,3874,3249,1664,4913
3,27120,64,0,0,8,8,3390,6561,64,6625
3,27126,1233,0,0,9,9,3014,6591,137,6728
3,27126,14157,0,0,9,9,3014,2523,1573,4096
3,27132,7616,0,0,7,7,3876,3087,2176,5263
3,27146,7,0,0,7,7,3878,9408,1,9409
3,27146,3878,0,0,21,7,3878,3645,1108,4753
3,27146,9695,0,0,7,7,3878,243,6925,7168
3,27160,679,0,0,7,7,3880,15528,97,15625
3,27264,16,0,0,8,8,3408,15123,2,15125
3,27264,568,0,0,8,8,3408,77841,284,78125
3,27270,6822,0,0,9,9,3030,6561,6064,12625
3,27280,8,0,0,8,8,3410,3750,1,3751
3,27280,64,0,0,8,8,3410,9375,8,9383
3,27280,7688,0,0,8,8,3410,2559,961,3520
3,27324,11979,0,0,9,9,3036,4557,1331,5888
3,27342,171,0,0,9,9,3038,3087,38,3125
3,27342,441,0,0,9,9,3038,9375,49,9424
3,27342,3087,0,0,9,9,3038,11532,343,11875
3,27342,18432,0,0,9,9,3038,279,4096,4375
3,27356,700,0,0,7,7,3908,8793,200,8993
3,27356,6839,0,0,21,7,3908,3375,977,4352
3,27360,928,0,0,8,8,3420,3249,232,3481
3,27398,721,0,0,7,7,3914,3993,103,4096
3,27398,7168,0,0,7,7,3914,6897,1024,7921
3,27440,8,0,0,8,8,3430,4224,1,4225
3,27440,8,0,0,8,8,3430,4455,4,4459
3,27440,49,0,0,7,7,3920,50625,28,50653
3,27440,56,0,0,7,7,3920,6561,64,6625
3,27440,56,0,0,8,8,3430,3993,7,4000
3,27440,104,0,0,8,8,3430,11979,26,12005
3,27440,392,0,0,24,8,3430,16335,49,16384
3,27440,512,0,0,8,8,3430,3969,256,4225
3,27440,512,0,0,8,8,3430,6591,64,6655
3,27440,1036,0,0,7,7,3920,8427,148,8575
3,27440,1813,0,0,7,7,3920,2187,1813,4000
3,27440,2744,0,0,24,8,3430,3375,343,3718
3,27440,3872,0,0,8,8,3430,13689,1936,15625
3,27440,11648,0,0,8,8,3430,9801,5824,15625
3,27440,12691,0,0,7,7,3920,8427,1813,10240
3,27450,900,0,0,9,9,3050,4941,400,5341
3,27450,4608,0,0,9,9,3050,5625,1024,6649
3,27450,21609,0,0,9,9,3050,4575,2401,6976
3,27504,25000,0,0,8,8,3438,573,3125,3698
3,27522,1089,0,0,9,9,3058,19200,121,19321
3,27540,2880,0,0,9,9,3060,4593,320,4913
3,27580,70,0,0,21,7,3940,5319,10,5329
3,27612,23040,0,0,9,9,3068,921,2560,3481
3,27636,21056,0,0,7,7,3948,225,6016,6241
3,27636,21056,0,0,7,7,3948,6561,24064,30625
3,27650,7,0,0,7,7,3950,6240,1,6241
3,27650,21875,0,0,7,7,3950,3888,15625,19513
3,27664,16,0,0,8,8,3458,29925,4,29929
3,27664,64,0,0,8,8,3458,21609,16,21625
3,27664,104,0,0,8,8,3458,48000,13,48013
3,27664,152,0,0,8,8,3458,15360,19,15379
3,27664,256,0,0,8,8,3458,15561,64,15625
3,27664,392,0,0,8,8,3458,62208,245,62453
3,27664,512,0,0,8,8,3458,3969,256,4225
3,27664,896,0,0,8,8,3458,6747,112,6859
3,27664,1352,0,0,8,8,3458,25431,169,25600
3,27664,1384,0,0,8,8,3458,9555,173,9728
3,27664,1568,0,0,8,8,3458,59049,1960,61009
3,27664,1960,0,0,8,8,3458,42039,1225,43264
3,27664,2768,0,0,8,8,3458,29241,1384,30625
3,27664,8000,0,0,8,8,3458,13689,4000,17689
3,27664,10816,0,0,8,8,3458,7125,1352,8477
3,27664,11072,0,0,8,8,3458,2187,9688,11875
3,27664,12544,0,0,8,8,3458,1557,3136,4693
3,27664,13832,0,0,24,8,3458,4671,1729,6400
3,27664,19208,0,0,8,8,3458,1824,2401,4225
3,27664,25600,0,0,8,8,3458,117,6400,6517
3,27702,99,0,0,9,9,3078,6804,55,6859
3,27702,1125,0,0,9,9,3078,3648,125,3773
3,27702,1368,0,0,9,9,3078,5625,304,5929
3,27702,2772,0,0,9,9,3078,6561,2464,9025
3,27720,63,0,0,9,9,3080,3993,7,4000
3,27720,72,0,0,9,9,3080,13467,8,13475
3,27720,180,0,0,27,9,3080,16767,40,16807
3,27720,207,0,0,9,9,3080,3750,23,3773
3,27720,288,0,0,9,9,3080,3993,32,4025
3,27720,882,0,0,9,9,3080,5427,392,5819
3,27720,1125,0,0,9,9,3080,22356,625,22981
3,27720,1206,0,0,9,9,3080,2187,938,3125
3,27720,1584,0,0,9,9,3080,10935,1232,12167
3,27720,2277,0,0,9,9,3080,13467,253,13720
3,27720,2412,0,0,9,9,3080,25875,536,26411
3,27720,3600,0,0,9,9,3080,13041,1600,14641
3,27720,4032,0,0,9,9,3080,13467,448,13915
3,27720,4608,0,0,9,9,3080,3465,1024,4489
3,27720,4761,0,0,9,9,3080,9075,529,9604
3,27720,5544,0,0,9,9,3080,2025,2464,4489
3,27720,5625,0,0,9,9,3080,3864,625,4489
3,27720,5760,0,0,9,9,3080,16281,3200,19481
3,27720,10143,0,0,9,9,3080,3993,1127,5120
3,27720,12375,0,0,9,9,3080,1701,6875,8576
3,27720,12672,0,0,9,9,3080,1875,1408,3283
3,27720,14400,0,0,9,9,3080,24321,1600,25921
3,27720,18216,0,0,9,9,3080,441,4048,4489
3,27720,18432,0,0,9,9,3080,1725,2048,3773
3,27720,19296,0,0,9,9,3080,3675,2144,5819
3,27720,20160,0,0,9,9,3080,9,4480,4489
3,27720,21609,0,0,9,9,3080,9375,2401,11776
3,27720,21780,0,0,9,9,3080,6561,19360,25921
3,27760,40,0,0,8,8,3470,10752,5,10757
3,27760,16384,0,0,8,8,3470,279,4096,4375
3,27776,112,0,0,7,7,3968,29775,16,29791
3,27808,296,0,0,8,8,3476,6204,37,6241
3,27808,8192,0,0,8,8,3476,5217,1024,6241
3,27824,10952,0,0,8,8,3478,2256,1369,3625
3,27832,7,0,0,21,7,3976,31212,1,31213
3,27832,343,0,0,7,7,3976,4992,49,5041
3,27832,1792,0,0,7,7,3976,15123,256,15379
3,27846,576,0,0,9,9,3094,7203,64,7267
3,27846,20124,0,0,9,9,3094,441,4472,4913
3,27872,6968,0,0,8,8,3484,15936,871,16807
3,27874,20272,0,0,7,7,3982,3993,2896,6889
3,27882,27882,0,0,27,9,3098,27,3098,3125
3,27900,9,0,0,9,9,3100,3750,1,3751
3,27900,279,0,0,9,9,3100,5625,62,5687
3,27930,14336,0,0,7,7,3990,8379,4096,12475
3,27968,32,0,0,8,8,3496,25281,8,25289
3,27972,288,0,0,9,9,3108,2997,128,3125
3,27972,6993,0,0,27,9,3108,2187,1813,4000
3,27984,64,0,0,8,8,3498,6561,64,6625
3,27984,13552,0,0,8,8,3498,2187,11858,14045
3,28000,8,0,0,8,8,3500,8748,7,8755
3,28000,200,0,0,24,8,3500,10584,25,10609
3,28000,824,0,0,8,8,3500,5625,206,5831
3,28000,7168,0,0,7,7,4000,7047,5120,12167
3,28080,936,0,0,27,9,3120,6021,104,6125
3,28098,18432,0,0,9,9,3122,15123,2048,17171
3,28134,18432,0,0,9,9,3126,4761,4096,8857
3,28288,8,0,0,24,8,3536,13311,1,13312
3,28288,14848,0,0,8,8,3536,9,3712,3721
3,28288,17408,0,0,8,8,3536,549,4352,4901
3,28304,8,0,0,8,8,3538,90624,1,90625
3,28304,27848,0,0,8,8,3538,240,3481,3721
3,28320,160,0,0,24,8,3540,16767,40,16807
3,28320,184,0,0,8,8,3540,3750,23,3773
3,28320,256,0,0,8,8,3540,3993,32,4025
3,28320,1288,0,0,8,8,3540,29403,805,30208
3,28320,1408,0,0,8,8,3540,10935,1232,12167
3,28320,5632,0,0,8,8,3540,3969,2816,6785
3,28320,7080,0,0,24,8,3540,10692,1475,12167
3,28320,9016,0,0,8,8,3540,3993,1127,5120
3,28320,16384,0,0,8,8,3540,1725,2048,3773
3,28320,19360,0,0,8,8,3540,6561,19360,25921
3,28336,448,0,0,8,8,3542,4761,112,4873
3,28336,3544,0,0,8,8,3542,5376,443,5819
3,28440,2601,0,0,9,9,3160,5952,289,6241
3,28440,5760,0,0,9,9,3160,6399,2560,8959
3,28440,9486,0,0,9,9,3160,2025,4216,6241
3,28440,17775,0,0,9,9,3160,7533,9875,17408
3,28480,8,0,0,8,8,3560,21627,5,21632
3,28480,256,0,0,8,8,3560,93717,128,93845
3,28480,5000,0,0,8,8,3560,3471,625,4096
3,28480,25600,0,0,8,8,3560,1521,6400,7921
3,28530,2853,0,0,27,9,3170,4563,317,4880
3,28560,136,0,0,8,8,3570,7203,17,7220
3,28560,136,0,0,8,8,3570,87723,85,87808
3,28560,136,0,0,24,8,3570,8208,17,8225
3,28560,544,0,0,8,8,3570,10773,272,11045
3,28560,760,0,0,8,8,3570,4131,475,4606
3,28560,2632,0,0,8,8,3570,4131,1645,5776
3,28560,5776,0,0,8,8,3570,2025,2888,4913
3,28560,6016,0,0,8,8,3570,5355,1504,6859
3,28560,7144,0,0,8,8,3570,4374,6251,10625
3,28560,7144,0,0,8,8,3570,31875,893,32768
3,28560,7600,0,0,8,8,3570,6561,7600,14161
3,28560,24064,0,0,8,8,3570,6561,24064,30625
3,28620,72,0,0,9,9,3180,6561,64,6625
3,28620,72,0,0,9,9,3180,6837,8,6845
3,28672,8,0,0,8,8,3584,7986,1,7987
3,28692,28125,0,0,9,9,3188,384,3125,3509
3,28704,184,0,0,8,8,3588,5385,23,5408
3,28704,21160,0,0,8,8,3588,3159,13225,16384
3,28710,9,0,0,9,9,3190,5775,1,5776
3,28710,9,0,0,9,9,3190,30624,1,30625
3,28710,63,0,0,9,9,3190,3993,7,4000
3,28710,63,0,0,9,9,3190,15972,7,15979
3,28710,63,0,0,9,9,3190,17496,49,17545
3,28710,441,0,0,9,9,3190,14592,49,14641
3,28710,495,0,0,9,9,3190,41154,55,41209
3,28710,522,0,0,27,9,3190,3267,58,3325
3,28710,1440,0,0,9,9,3190,6699,160,6859
3,28710,3249,0,0,9,9,3190,5568,361,5929
3,28710,3249,0,0,9,9,3190,75264,361,75625
3,28710,4032,0,0,9,9,3190,20577,448,21025
3,28710,7569,0,0,9,9,3190,11319,841,12160
3,28710,7569,0,0,9,9,3190,14784,841,15625
3,28710,9216,0,0,9,9,3190,16929,4096,21025
3,28710,12375,0,0,9,9,3190,20577,1375,21952
3,28710,15750,0,0,9,9,3190,9,3500,3509
3,28710,21609,0,0,9,9,3190,13224,2401,15625
3,28710,24255,0,0,9,9,3190,243,13475,13718
3,28784,5600,0,0,8,8,3598,59049,7000,66049
3,28836,801,0,0,27,9,3204,6183,89,6272
3,28864,10000,0,0,8,8,3608,9801,5000,14801
3,28864,13120,0,0,8,8,3608,59049,16400,75449
3,28880,344,0,0,8,8,3610,4332,43,4375
3,28880,344,0,0,8,8,3610,7125,43,7168
3,28880,8192,0,0,8,8,3610,75411,4096,79507
3,28880,14792,0,0,8,8,3610,1875,1849,3724
3,28962,21609,0,0,9,9,3218,9375,2401,11776
3,28980,9,0,0,9,9,3220,4116,1,4117
3,28980,21609,0,0,9,9,3220,9375,2401,11776
3,29024,11000,0,0,8,8,3628,2721,1375,4096
3,29052,6498,0,0,9,9,3228,2025,2888,4913
3,29070,9,0,0,9,9,3230,10200,1,10201
3,29070,9,0,0,9,9,3230,24543,5,24548
3,29070,45,0,0,9,9,3230,29184,5,29189
3,29070,171,0,0,9,9,3230,10125,76,10201
3,29070,171,0,0,27,9,3230,15606,19,15625
3,29070,2304,0,0,9,9,3230,5625,512,6137
3,29070,5625,0,0,9,9,3230,5151,625,5776
3,29070,6498,0,0,9,9,3230,2025,2888,4913
3,29104,8,0,0,8,8,3638,28560,1,28561
3,29104,8,0,0,24,8,3638,31212,1,31213
3,29104,56,0,0,8,8,3638,3750,7,3757
3,29104,200,0,0,8,8,3638,11424,25,11449
3,29104,392,0,0,8,8,3638,4815,98,4913
3,29104,512,0,0,8,8,3638,3969,256,4225
3,29104,2048,0,0,8,8,3638,8025,256,8281
3,29104,4096,0,0,8,8,3638,26001,2560,28561
3,29104,5120,0,0,8,8,3638,14739,640,15379
3,29104,6400,0,0,8,8,3638,60669,3200,63869
3,29104,8000,0,0,8,8,3638,243,5000,5243
3,29104,13000,0,0,8,8,3638,1701,8125,9826
3,29104,13312,0,0,8,8,3638,3969,6656,10625
3,29104,17000,0,0,8,8,3638,85683,2125,87808
3,29104,19208,0,0,8,8,3638,4875,2401,7276
3,29104,19208,0,0,8,8,3638,81120,2401,83521
3,29104,21632,0,0,8,8,3638,50421,2704,53125
3,29104,22984,0,0,8,8,3638,2247,2873,5120
3,29104,23296,0,0,8,8,3638,5625,5824,11449
3,29106,7281,0,0,9,9,3234,3993,809,4802
3,29120,512,0,0,8,8,3640,3969,256,4225
3,29120,18200,0,0,8,8,3640,1821,2275,4096
3,29200,5000,0,0,8,8,3650,14016,625,14641
3,29200,24200,0,0,8,8,3650,9,6050,6059
3,29232,126,0,0,9,9,3248,24375,14,24389
3,29232,576,0,0,9,9,3248,3969,256,4225
3,29232,5760,0,0,9,9,3248,1701,3200,4901
3,29264,8,0,0,8,8,3658,3720,1,3721
3,29264,27848,0,0,8,8,3658,240,3481,3721
3,29394,387,0,0,9,9,3266,6816,43,6859
3,29412,16641,0,0,9,9,3268,37500,1849,39349
3,29440,8,0,0,24,8,3680,6048,1,6049
3,29440,160,0,0,24,8,3680,16767,40,16807
3,29440,392,0,0,8,8,3680,6000,49,6049
3,29440,5888,0,0,24,8,3680,5103,1472,6575
3,29440,19208,0,0,8,8,3680,9375,2401,11776
3,29472,16384,0,0,8,8,3684,2763,4096,6859
3,29502,2178,0,0,9,9,3278,5625,484,6109
3,29520,20992,0,0,8,8,3690,9375,2624,11999
3,29592,27072,0,0,9,9,3288,6561,24064,30625
3,29610,225,0,0,9,9,3290,11907,125,12032
3,29610,27072,0,0,9,9,3290,6561,24064,30625
3,29664,64,0,0,8,8,3708,6561,64,6625
3,29664,28672,0,0,8,8,3708,1875,3584,5459
3,29680,64,0,0,8,8,3710,6561,64,6625
3,29680,7168,0,0,8,8,3710,13833,1792,15625
3,29680,20776,0,0,8,8,3710,2523,2597,5120
3,29680,22472,0,0,8,8,3710,38400,2809,41209
3,29682,306,0,0,9,9,3298,9375,34,9409
3,29700,72,0,0,9,9,3300,14625,16,14641
3,29700,24750,0,0,9,9,3300,6561,22000,28561
3,29736,9,0,0,9,9,3304,3363,1,3364
3,29744,8,0,0,8,8,3718,3750,1,3751
3,29744,8,0,0,8,8,3718,4224,1,4225
3,29744,512,0,0,8,8,3718,6591,64,6655
3,29744,3872,0,0,8,8,3718,13689,1936,15625
3,29862,5688,0,0,9,9,3318,5625,1264,6889
3,29904,136,0,0,8,8,3738,10752,17,10769
3,29904,616,0,0,8,8,3738,4374,539,4913
3,29904,712,0,0,24,8,3738,9261,89,9350
3,29904,1360,0,0,8,8,3738,6561,1360,7921
3,29904,1600,0,0,8,8,3738,21627,1000,22627
3,29904,4096,0,0,8,8,3738,13617,1024,14641
3,29904,13600,0,0,8,8,3738,3969,6800,10769
3,29904,16384,0,0,8,8,3738,3825,4096,7921
3,29904,17800,0,0,8,8,3738,2688,2225,4913
3,29970,2205,0,0,9,9,3330,4107,245,4352
3,30000,17920,0,0,8,8,3750,9,4480,4489
3,30080,8,0,0,8,8,3760,9024,1,9025
3,30080,250,0,0,10,10,3008,11907,125,12032
3,30080,3920,0,0,10,10,3008,3807,1568,5375
3,30080,17672,0,0,8,8,3760,2673,11045,13718
3,30080,23030,0,0,10,10,3008,3072,2303,5375
3,30080,27440,0,0,10,10,3008,387,5488,5875
3,30080,30080,0,0,10,10,3008,6561,24064,30625
3,30096,441,0,0,9,9,3344,14592,49,14641
3,30140,1370,0,0,10,10,3014,6591,137,6728
3,30140,15730,0,0,10,10,3014,2523,1573,4096
3,30144,256,0,0,8,8,3768,63585,128,63713
3,30144,10816,0,0,8,8,3768,12717,5408,18125
3,30160,8,0,0,8,8,3770,32799,1,32800
3,30160,200,0,0,8,8,3770,28536,25,28561
3,30160,232,0,0,8,8,3770,6900,29,6929
3,30160,368,0,0,8,8,3770,6561,368,6929
3,30160,1600,0,0,8,8,3770,68121,800,68921
3,30160,2560,0,0,8,8,3770,3567,320,3887
3,30160,4232,0,0,8,8,3770,3567,529,4096
3,30160,6760,0,0,8,8,3770,5043,845,5888
3,30160,8192,0,0,8,8,3770,7047,5120,12167
3,30160,13448,0,0,8,8,3770,14703,1681,16384
3,30160,13456,0,0,8,8,3770,4761,3364,8125
3,30160,16000,0,0,8,8,3770,13689,8000,21689
3,30160,19024,0,0,8,8,3770,23805,4756,28561
3,30160,21160,0,0,8,8,3770,3159,13225,16384
3,30168,387,0,0,9,9,3352,16341,43,16384
3,30222,1656,0,0,9,9,3358,5145,184,5329
3,30222,4761,0,0,9,9,3358,4800,529,5329
3,30222,5625,0,0,9,9,3358,4704,625,5329
3,30222,21609,0,0,9,9,3358,9375,2401,11776
3,30240,16384,0,0,8,8,3780,279,4096,4375
3,30300,7580,0,0,10,10,3030,6561,6064,12625
3,30352,392,0,0,8,8,3794,12288,49,12337
3,30360,13310,0,0,10,10,3036,4557,1331,5888
3,30380,190,0,0,10,10,3038,3087,38,3125
3,30380,490,0,0,10,10,3038,9375,49,9424
3,30380,3430,0,0,10,10,3038,11532,343,11875
3,30380,20480,0,0,10,10,3038,279,4096,4375
3,30384,16000,0,0,8,8,3798,9,4000,4009
3,30420,9,0,0,9,9,3380,21627,5,21632
3,30420,18,0,0,9,9,3380,45123,2,45125
3,30420,5625,0,0,9,9,3380,3471,625,4096
3,30420,5625,0,0,9,9,3380,7296,625,7921
3,30420,8010,0,0,9,9,3380,243,4450,4693
3,30420,25992,0,0,9,9,3380,9,5776,5785
3,30420,28800,0,0,9,9,3380,1521,6400,7921
3,30448,8,0,0,8,8,3806,25431,1,25432
3,30448,616,0,0,8,8,3806,4374,539,4913
3,30464,4064,0,0,8,8,3808,6561,4064,10625
3,30492,63,0,0,9,9,3388,3993,7,4000
3,30492,576,0,0,9,9,3388,12705,64,12769
3,30492,12348,0,0,9,9,3388,9153,5488,14641
3,30492,19800,0,0,9,9,3388,3969,8800,12769
3,30492,21609,0,0,9,9,3388,1695,2401,4096
3,30500,1000,0,0,10,10,3050,4941,400,5341
3,30500,5120,0,0,10,10,3050,5625,1024,6649
3,30500,24010,0,0,10,10,3050,4575,2401,6976
3,30510,72,0,0,9,9,3390,6561,64,6625
3,30544,6640,0,0,8,8,3818,243,4150,4393
3,30560,512,0,0,8,8,3820,3969,256,4225
3,30580,1210,0,0,10,10,3058,19200,121,19321
3,30600,3200,0,0,10,10,3060,4593,320,4913
3,30672,18,0,0,9,9,3408,15123,2,15125
3,30672,639,0,0,9,9,3408,77841,284,78125
3,30680,25600,0,0,10,10,3068,921,2560,3481
3,30688,152,0,0,8,8,3836,6561,152,6713
3,30690,9,0,0,9,9,3410,3750,1,3751
3,30690,72,0,0,9,9,3410,9375,8,9383
3,30690,8649,0,0,9,9,3410,2559,961,3520
3,30704,152,0,0,8,8,3838,10125,76,10201
3,30720,904,0,0,8,8,3840,4800,113,4913
3,30780,110,0,0,10,10,3078,6804,55,6859
3,30780,1044,0,0,9,9,3420,3249,232,3481
3,30780,1250,0,0,10,10,3078,3648,125,3773
3,30780,1520,0,0,10,10,3078,5625,304,5929
3,30780,3080,0,0,10,10,3078,6561,2464,9025
3,30784,8,0,0,8,8,3848,4224,1,4225
3,30784,8,0,0,8,8,3848,4455,4,4459
3,30784,32,0,0,8,8,3848,6237,16,6253
3,30784,56,0,0,8,8,3848,3993,7,4000
3,30784,56,0,0,8,8,3848,50625,28,50653
3,30784,64,0,0,8,8,3848,14625,16,14641
3,30784,80,0,0,8,8,3848,17787,10,17797
3,30784,88,0,0,8,8,3848,12636,55,12691
3,30784,104,0,0,8,8,3848,11979,26,12005
3,30784,128,0,0,8,8,3848,12675,16,12691
3,30784,512,0,0,8,8,3848,3969,256,4225
3,30784,512,0,0,8,8,3848,6591,64,6655
3,30784,592,0,0,24,8,3848,9477,148,9625
3,30784,1024,0,0,8,8,3848,4107,128,4235
3,30784,1144,0,0,8,8,3848,80919,1001,81920
3,30784,1480,0,0,8,8,3848,6591,185,6776
3,30784,1664,0,0,8,8,3848,9375,208,9583
3,30784,2072,0,0,8,8,3848,2187,1813,4000
3,30784,2368,0,0,8,8,3848,9801,1184,10985
3,30784,2744,0,0,8,8,3848,5577,343,5920
3,30784,2816,0,0,8,8,3848,4107,352,4459
3,30784,3848,0,0,8,8,3848,9375,481,9856
3,30784,3872,0,0,8,8,3848,13689,1936,15625
3,30784,4840,0,0,8,8,3848,47628,3025,50653
3,30784,5000,0,0,8,8,3848,4107,625,4732
3,30784,5096,0,0,8,8,3848,3840,637,4477
3,30784,6400,0,0,8,8,3848,4329,1600,5929
3,30784,7000,0,0,8,8,3848,16428,875,17303
3,30784,8192,0,0,8,8,3848,19425,1024,20449
3,30784,8288,0,0,8,8,3848,81,4144,4225
3,30784,10952,0,0,8,8,3848,15015,1369,16384
3,30784,11648,0,0,8,8,3848,9801,5824,15625
3,30784,12544,0,0,8,8,3848,1089,3136,4225
3,30784,20384,0,0,8,8,3848,4107,2548,6655
3,30784,21296,0,0,8,8,3848,1521,5324,6845
3,30784,21904,0,0,8,8,3848,1053,10952,12005
3,30784,22000,0,0,8,8,3848,6561,22000,28561
3,30784,23680,0,0,8,8,3848,9,5920,5929
3,30784,28672,0,0,8,8,3848,6591,3584,10175
3,30784,29120,0,0,8,8,3848,81,14560,14641
3,30784,30184,0,0,8,8,3848,3072,3773,6845
3,30800,56,0,0,8,8,3850,3993,7,4000
3,30800,70,0,0,10,10,3080,3993,7,4000
3,30800,80,0,0,10,10,3080,13467,8,13475
3,30800,200,0,0,30,10,3080,16767,40,16807
3,30800,224,0,0,8,8,3850,34347,28,34375
3,30800,230,0,0,10,10,3080,3750,23,3773
3,30800,320,0,0,10,10,3080,3993,32,4025
3,30800,980,0,0,10,10,3080,5427,392,5819
3,30800,1250,0,0,10,10,3080,22356,625,22981
3,30800,1340,0,0,10,10,3080,2187,938,3125
3,30800,1760,0,0,10,10,3080,10935,1232,12167
3,30800,2530,0,0,10,10,3080,13467,253,13720
3,30800,2680,0,0,10,10,3080,25875,536,26411
3,30800,4000,0,0,10,10,3080,13041,1600,14641
3,30800,4480,0,0,10,10,3080,13467,448,13915
3,30800,5120,0,0,10,10,3080,3465,1024,4489
3,30800,5290,0,0,10,10,3080,9075,529,9604
3,30800,6160,0,0,10,10,3080,2025,2464,4489
3,30800,6250,0,0,10,10,3080,3864,625,4489
3,30800,6400,0,0,10,10,3080,16281,3200,19481
3,30800,8000,0,0,8,8,3850,243,5000,5243
3,30800,11270,0,0,10,10,3080,3993,1127,5120
3,30800,13750,0,0,10,10,3080,1701,6875,8576
3,30800,14080,0,0,10,10,3080,1875,1408,3283
3,30800,16000,0,0,10,10,3080,24321,1600,25921
3,30800,20240,0,0,10,10,3080,441,4048,4489
3,30800,20480,0,0,10,10,3080,1725,2048,3773
3,30800,21440,0,0,10,10,3080,3675,2144,5819
3,30800,22400,0,0,10,10,3080,9,4480,4489
3,30800,24010,0,0,10,10,3080,9375,2401,11776
3,30800,24200,0,0,10,10,3080,6561,19360,25921
3,30870,9,0,0,9,9,3430,4224,1,4225
3,30870,9,0,0,9,9,3430,4455,4,4459
3,30870,63,0,0,9,9,3430,3993,7,4000
3,30870,117,0,0,9,9,3430,11979,26,12005
3,30870,441,0,0,27,9,3430,16335,49,16384
3,30870,576,0,0,9,9,3430,3969,256,4225
3,30870,576,0,0,9,9,3430,6591,64,6655
3,30870,3087,0,0,27,9,3430,3375,343,3718
3,30870,4356,0,0,9,9,3430,13689,1936,15625
3,30870,13104,0,0,9,9,3430,9801,5824,15625
3,30940,640,0,0,10,10,3094,7203,64,7267
3,30940,22360,0,0,10,10,3094,441,4472,4913
3,30942,28125,0,0,9,9,3438,573,3125,3698
3,30980,30980,0,0,30,10,3098,27,3098,3125
3,30992,6656,0,0,8,8,3874,3249,1664,4913
3,31000,10,0,0,10,10,3100,3750,1,3751
3,31000,310,0,0,10,10,3100,5625,62,5687
3,31008,8704,0,0,8,8,3876,3087,2176,5263
3,31024,8,0,0,8,8,3878,9408,1,9409
3,31024,4432,0,0,24,8,3878,3645,1108,4753
3,31024,11080,0,0,8,8,3878,243,6925,7168
3,31040,776,0,0,8,8,3880,15528,97,15625
3,31080,320,0,0,10,10,3108,2997,128,3125
3,31080,7770,0,0,30,10,3108,2187,1813,4000
3,31122,18,0,0,9,9,3458,29925,4,29929
3,31122,72,0,0,9,9,3458,21609,16,21625
3,31122,117,0,0,9,9,3458,48000,13,48013
3,31122,171,0,0,9,9,3458,15360,19,15379
3,31122,288,0,0,9,9,3458,15561,64,15625
3,31122,441,0,0,9,9,3458,62208,245,62453
3,31122,576,0,0,9,9,3458,3969,256,4225
3,31122,1008,0,0,9,9,3458,6747,112,6859
3,31122,1521,0,0,9,9,3458,25431,169,25600
3,31122,1557,0,0,9,9,3458,9555,173,9728
3,31122,1764,0,0,9,9,3458,59049,1960,61009
3,31122,2205,0,0,9,9,3458,42039,1225,43264
3,31122,3114,0,0,9,9,3458,29241,1384,30625
3,31122,9000,0,0,9,9,3458,13689,4000,17689
3,31122,12168,0,0,9,9,3458,7125,1352,8477
3,31122,12456,0,0,9,9,3458,2187,9688,11875
3,31122,14112,0,0,9,9,3458,1557,3136,4693
3,31122,15561,0,0,27,9,3458,4671,1729,6400
3,31122,21609,0,0,9,9,3458,1824,2401,4225
3,31122,28800,0,0,9,9,3458,117,6400,6517
3,31200,1040,0,0,30,10,3120,6021,104,6125
3,31220,20480,0,0,10,10,3122,15123,2048,17171
3,31230,45,0,0,9,9,3470,10752,5,10757
3,31230,18432,0,0,9,9,3470,279,4096,4375
3,31260,20480,0,0,10,10,3126,4761,4096,8857
3,31264,800,0,0,8,8,3908,8793,200,8993
3,31264,7816,0,0,24,8,3908,3375,977,4352
3,31284,333,0,0,9,9,3476,6204,37,6241
3,31284,9216,0,0,9,9,3476,5217,1024,6241
3,31302,12321,0,0,9,9,3478,2256,1369,3625
3,31312,824,0,0,8,8,3914,3993,103,4096
3,31312,8192,0,0,8,8,3914,6897,1024,7921
3,31356,7839,0,0,9,9,3484,15936,871,16807
3,31360,56,0,0,8,8,3920,50625,28,50653
3,31360,64,0,0,8,8,3920,6561,64,6625
3,31360,1184,0,0,8,8,3920,8427,148,8575
3,31360,2072,0,0,8,8,3920,2187,1813,4000
3,31360,14504,0,0,8,8,3920,8427,1813,10240
3,31464,36,0,0,9,9,3496,25281,8,25289
3,31482,72,0,0,9,9,3498,6561,64,6625
3,31482,15246,0,0,9,9,3498,2187,11858,14045
3,31500,9,0,0,9,9,3500,8748,7,8755
3,31500,225,0,0,27,9,3500,10584,25,10609
3,31500,927,0,0,9,9,3500,5625,206,5831
3,31520,80,0,0,24,8,3940,5319,10,5329
3,31584,24064,0,0,8,8,3948,225,6016,6241
3,31584,24064,0,0,8,8,3948,6561,24064,30625
3,31600,8,0,0,8,8,3950,6240,1,6241
3,31600,2890,0,0,10,10,3160,5952,289,6241
3,31600,6400,0,0,10,10,3160,6399,2560,8959
3,31600,10540,0,0,10,10,3160,2025,4216,6241
3,31600,19750,0,0,10,10,3160,7533,9875,17408
3,31600,25000,0,0,8,8,3950,3888,15625,19513
3,31700,3170,0,0,30,10,3170,4563,317,4880
3,31744,128,0,0,8,8,3968,29775,16,29791
3,31800,80,0,0,10,10,3180,6561,64,6625
3,31800,80,0,0,10,10,3180,6837,8,6845
3,31808,8,0,0,24,8,3976,31212,1,31213
3,31808,392,0,0,8,8,3976,4992,49,5041
3,31808,2048,0,0,8,8,3976,15123,256,15379
3,31824,9,0,0,27,9,3536,13311,1,13312
3,31824,16704,0,0,9,9,3536,9,3712,3721
3,31824,19584,0,0,9,9,3536,549,4352,4901
3,31842,9,0,0,9,9,3538,90624,1,90625
3,31842,31329,0,0,9,9,3538,240,3481,3721
3,31856,23168,0,0,8,8,3982,3993,2896,6889
3,31860,180,0,0,27,9,3540,16767,40,16807
3,31860,207,0,0,9,9,3540,3750,23,3773
3,31860,288,0,0,9,9,3540,3993,32,4025
3,31860,1449,0,0,9,9,3540,29403,805,30208
3,31860,1584,0,0,9,9,3540,10935,1232,12167
3,31860,6336,0,0,9,9,3540,3969,2816,6785
3,31860,7965,0,0,27,9,3540,10692,1475,12167
3,31860,10143,0,0,9,9,3540,3993,1127,5120
3,31860,18432,0,0,9,9,3540,1725,2048,3773
3,31860,21780,0,0,9,9,3540,6561,19360,25921
3,31878,504,0,0,9,9,3542,4761,112,4873
3,31878,3987,0,0,9,9,3542,5376,443,5819
3,31880,31250,0,0,10,10,3188,384,3125,3509
3,31900,10,0,0,10,10,3190,5775,1,5776
3,31900,10,0,0,10,10,3190,30624,1,30625
3,31900,70,0,0,10,10,3190,3993,7,4000
3,31900,70,0,0,10,10,3190,15972,7,15979
3,31900,70,0,0,10,10,3190,17496,49,17545
3,31900,490,0,0,10,10,3190,14592,49,14641
3,31900,550,0,0,10,10,3190,41154,55,41209
3,31900,580,0,0,30,10,3190,3267,58,3325
3,31900,1600,0,0,10,10,3190,6699,160,6859
3,31900,3610,0,0,10,10,3190,5568,361,5929
3,31900,3610,0,0,10,10,3190,75264,361,75625
3,31900,4480,0,0,10,10,3190,20577,448,21025
3,31900,8410,0,0,10,10,3190,11319,841,12160
3,31900,8410,0,0,10,10,3190,14784,841,15625
3,31900,10240,0,0,10,10,3190,16929,4096,21025
3,31900,13750,0,0,10,10,3190,20577,1375,21952
3,31900,17500,0,0,10,10,3190,9,3500,3509
3,31900,24010,0,0,10,10,3190,13224,2401,15625
3,31900,26950,0,0,10,10,3190,243,13475,13718
3,31920,16384,0,0,8,8,3990,8379,4096,12475
3,32000,8192,0,0,8,8,4000,7047,5120,12167
3,32040,9,0,0,9,9,3560,21627,5,21632
3,32040,288,0,0,9,9,3560,93717,128,93845
3,32040,890,0,0,30,10,3204,6183,89,6272
3,32040,5625,0,0,9,9,3560,3471,625,4096
3,32040,28800,0,0,9,9,3560,1521,6400,7921
3,32130,153,0,0,9,9,3570,7203,17,7220
3,32130,153,0,0,9,9,3570,87723,85,87808
3,32130,153,0,0,27,9,3570,8208,17,8225
3,32130,612,0,0,9,9,3570,10773,272,11045
3,32130,855,0,0,9,9,3570,4131,475,4606
3,32130,2961,0,0,9,9,3570,4131,1645,5776
3,32130,6498,0,0,9,9,3570,2025,2888,4913
3,32130,6768,0,0,9,9,3570,5355,1504,6859
3,32130,8037,0,0,9,9,3570,4374,6251,10625
3,32130,8037,0,0,9,9,3570,31875,893,32768
3,32130,8550,0,0,9,9,3570,6561,7600,14161
3,32130,27072,0,0,9,9,3570,6561,24064,30625
3,32180,24010,0,0,10,10,3218,9375,2401,11776
3,32200,10,0,0,10,10,3220,4116,1,4117
3,32200,24010,0,0,10,10,3220,9375,2401,11776
3,32256,9,0,0,9,9,3584,7986,1,7987
3,32280,7220,0,0,10,10,3228,2025,2888,4913
3,32292,207,0,0,9,9,3588,5385,23,5408
3,32292,23805,0,0,9,9,3588,3159,13225,16384
3,32300,10,0,0,10,10,3230,10200,1,10201
3,32300,10,0,0,10,10,3230,24543,5,24548
3,32300,50,0,0,10,10,3230,29184,5,29189
3,32300,190,0,0,10,10,3230,10125,76,10201
3,32300,190,0,0,30,10,3230,15606,19,15625
3,32300,2560,0,0,10,10,3230,5625,512,6137
3,32300,6250,0,0,10,10,3230,5151,625,5776
3,32300,7220,0,0,10,10,3230,2025,2888,4913
3,32340,8090,0,0,10,10,3234,3993,809,4802
3,32382,6300,0,0,9,9,3598,59049,7000,66049
3,32472,11250,0,0,9,9,3608,9801,5000,14801
3,32472,14760,0,0,9,9,3608,59049,16400,75449
3,32480,140,0,0,10,10,3248,24375,14,24389
3,32480,640,0,0,10,10,3248,3969,256,4225
3,32480,6400,0,0,10,10,3248,1701,3200,4901
3,32490,387,0,0,9,9,3610,4332,43,4375
3,32490,387,0,0,9,9,3610,7125,43,7168
3,32490,9216,0,0,9,9,3610,75411,4096,79507
3,32490,16641,0,0,9,9,3610,1875,1849,3724
3,32652,12375,0,0,9,9,3628,2721,1375,4096
3,32660,430,0,0,10,10,3266,6816,43,6859
3,32680,18490,0,0,10,10,3268,37500,1849,39349
3,32742,9,0,0,9,9,3638,28560,1,28561
3,32742,9,0,0,27,9,3638,31212,1,31213
3,32742,63,0,0,9,9,3638,3750,7,3757
3,32742,225,0,0,9,9,3638,11424,25,11449
3,32742,441,0,0,9,9,3638,4815,98,4913
3,32742,576,0,0,9,9,3638,3969,256,4225
3,32742,2304,0,0,9,9,3638,8025,256,8281
3,32742,4608,0,0,9,9,3638,26001,2560,28561
3,32742,5760,0,0,9,9,3638,14739,640,15379
3,32742,7200,0,0,9,9,3638,60669,3200,63869
3,32742,9000,0,0,9,9,3638,243,5000,5243
3,32742,14625,0,0,9,9,3638,1701,8125,9826
3,32742,14976,0,0,9,9,3638,3969,6656,10625
3,32742,19125,0,0,9,9,3638,85683,2125,87808
3,32742,21609,0,0,9,9,3638,4875,2401,7276
3,32742,21609,0,0,9,9,3638,81120,2401,83521
3,32742,24336,0,0,9,9,3638,50421,2704,53125
3,32742,25857,0,0,9,9,3638,2247,2873,5120
3,32742,26208,0,0,9,9,3638,5625,5824,11449
3,32760,576,0,0,9,9,3640,3969,256,4225
3,32760,20475,0,0,9,9,3640,1821,2275,4096
3,32780,2420,0,0,10,10,3278,5625,484,6109
3,32850,5625,0,0,9,9,3650,14016,625,14641
3,32850,27225,0,0,9,9,3650,9,6050,6059
3,32880,30080,0,0,10,10,3288,6561,24064,30625
3,32900,250,0,0,10,10,3290,11907,125,12032
3,32900,30080,0,0,10,10,3290,6561,24064,30625
3,32922,9,0,0,9,9,3658,3720,1,3721
3,32922,31329,0,0,9,9,3658,240,3481,3721
3,32980,340,0,0,10,10,3298,9375,34,9409
3,33000,80,0,0,10,10,3300,14625,16,14641
3,33000,27500,0,0,10,10,3300,6561,22000,28561
3,33040,10,0,0,10,10,3304,3363,1,3364
3,33088,275,0,0,11,11,3008,11907,125,12032
3,33088,4312,0,0,11,11,3008,3807,1568,5375
3,33088,25333,0,0,11,11,3008,3072,2303,5375
3,33088,30184,0,0,11,11,3008,387,5488,5875
3,33088,33088,0,0,11,11,3008,6561,24064,30625
3,33120,9,0,0,27,9,3680,6048,1,6049
3,33120,180,0,0,27,9,3680,16767,40,16807
3,33120,441,0,0,9,9,3680,6000,49,6049
3,33120,6624,0,0,27,9,3680,5103,1472,6575
3,33120,21609,0,0,9,9,3680,9375,2401,11776
3,33154,1507,0,0,11,11,3014,6591,137,6728
3,33154,17303,0,0,11,11,3014,2523,1573,4096
3,33156,18432,0,0,9,9,3684,2763,4096,6859
3,33180,6320,0,0,10,10,3318,5625,1264,6889
3,33210,23616,0,0,9,9,3690,9375,2624,11999
3,33300,2450,0,0,10,10,3330,4107,245,4352
3,33330,8338,0,0,11,11,3030,6561,6064,12625
3,33372,72,0,0,9,9,3708,6561,64,6625
3,33372,32256,0,0,9,9,3708,1875,3584,5459
3,33390,72,0,0,9,9,3710,6561,64,6625
3,33390,8064,0,0,9,9,3710,13833,1792,15625
3,33390,23373,0,0,9,9,3710,2523,2597,5120
3,33390,25281,0,0,9,9,3710,38400,2809,41209
3,33396,14641,0,0,11,11,3036,4557,1331,5888
3,33418,209,0,0,11,11,3038,3087,38,3125
3,33418,539,0,0,11,11,3038,9375,49,9424
3,33418,3773,0,0,11,11,3038,11532,343,11875
3,33418,22528,0,0,11,11,3038,279,4096,4375
3,33440,490,0,0,10,10,3344,14592,49,14641
3,33462,9,0,0,9,9,3718,3750,1,3751
3,33462,9,0,0,9,9,3718,4224,1,4225
3,33462,576,0,0,9,9,3718,6591,64,6655
3,33462,4356,0,0,9,9,3718,13689,1936,15625
3,33520,430,0,0,10,10,3352,16341,43,16384
3,33550,1100,0,0,11,11,3050,4941,400,5341
3,33550,5632,0,0,11,11,3050,5625,1024,6649
3,33550,26411,0,0,11,11,3050,4575,2401,6976
3,33580,1840,0,0,10,10,3358,5145,184,5329
3,33580,5290,0,0,10,10,3358,4800,529,5329
3,33580,6250,0,0,10,10,3358,4704,625,5329
3,33580,24010,0,0,10,10,3358,9375,2401,11776
3,33638,1331,0,0,11,11,3058,19200,121,19321
3,33642,153,0,0,9,9,3738,10752,17,10769
3,33642,693,0,0,9,9,3738,4374,539,4913
3,33642,801,0,0,27,9,3738,9261,89,9350
3,33642,1530,0,0,9,9,3738,6561,1360,7921
3,33642,1800,0,0,9,9,3738,21627,1000,22627
3,33642,4608,0,0,9,9,3738,13617,1024,14641
3,33642,15300,0,0,9,9,3738,3969,6800,10769
3,33642,18432,0,0,9,9,3738,3825,4096,7921
3,33642,20025,0,0,9,9,3738,2688,2225,4913
3,33660,3520,0,0,11,11,3060,4593,320,4913
3,33748,28160,0,0,11,11,3068,921,2560,3481
3,33750,20160,0,0,9,9,3750,9,4480,4489
3,33800,10,0,0,10,10,3380,21627,5,21632
3,33800,20,0,0,10,10,3380,45123,2,45125
3,33800,6250,0,0,10,10,3380,3471,625,4096
3,33800,6250,0,0,10,10,3380,7296,625,7921
3,33800,8900,0,0,10,10,3380,243,4450,4693
3,33800,28880,0,0,10,10,3380,9,5776,5785
3,33800,32000,0,0,10,10,3380,1521,6400,7921
3,33840,9,0,0,9,9,3760,9024,1,9025
3,33840,19881,0,0,9,9,3760,2673,11045,13718
3,33858,121,0,0,11,11,3078,6804,55,6859
3,33858,1375,0,0,11,11,3078,3648,125,3773
3,33858,1672,0,0,11,11,3078,5625,304,5929
3,33858,3388,0,0,11,11,3078,6561,2464,9025
3,33880,70,0,0,10,10,3388,3993,7,4000
3,33880,77,0,0,11,11,3080,3993,7,4000
3,33880,88,0,0,11,11,3080,13467,8,13475
3,33880,220,0,0,33,11,3080,16767,40,16807
3,33880,253,0,0,11,11,3080,3750,23,3773
3,33880,352,0,0,11,11,3080,3993,32,4025
3,33880,640,0,0,10,10,3388,12705,64,12769
3,33880,1078,0,0,11,11,3080,5427,392,5819
3,33880,1375,0,0,11,11,3080,22356,625,22981
3,33880,1474,0,0,11,11,3080,2187,938,3125
3,33880,1936,0,0,11,11,3080,10935,1232,12167
3,33880,2783,0,0,11,11,3080,13467,253,13720
3,33880,2948,0,0,11,11,3080,25875,536,26411
3,33880,4400,0,0,11,11,3080,13041,1600,14641
3,33880,4928,0,0,11,11,3080,13467,448,13915
3,33880,5632,0,0,11,11,3080,3465,1024,4489
3,33880,5819,0,0,11,11,3080,9075,529,9604
3,33880,6776,0,0,11,11,3080,2025,2464,4489
3,33880,6875,0,0,11,11,3080,3864,625,4489
3,33880,7040,0,0,11,11,3080,16281,3200,19481
3,33880,12397,0,0,11,11,3080,3993,1127,5120
3,33880,13720,0,0,10,10,3388,9153,5488,14641
3,33880,15125,0,0,11,11,3080,1701,6875,8576
3,33880,15488,0,0,11,11,3080,1875,1408,3283
3,33880,17600,0,0,11,11,3080,24321,1600,25921
3,33880,22000,0,0,10,10,3388,3969,8800,12769
3,33880,22264,0,0,11,11,3080,441,4048,4489
3,33880,22528,0,0,11,11,3080,1725,2048,3773
3,33880,23584,0,0,11,11,3080,3675,2144,5819
3,33880,24010,0,0,10,10,3388,1695,2401,4096
3,33880,24640,0,0,11,11,3080,9,4480,4489
3,33880,26411,0,0,11,11,3080,9375,2401,11776
3,33880,26620,0,0,11,11,3080,6561,19360,25921
3,33900,80,0,0,10,10,3390,6561,64,6625
3,33912,288,0,0,9,9,3768,63585,128,63713
3,33912,12168,0,0,9,9,3768,12717,5408,18125
3,33930,9,0,0,9,9,3770,32799,1,32800
3,33930,225,0,0,9,9,3770,28536,25,28561
3,33930,261,0,0,9,9,3770,6900,29,6929
3,33930,414,0,0,9,9,3770,6561,368,6929
3,33930,1800,0,0,9,9,3770,68121,800,68921
3,33930,2880,0,0,9,9,3770,3567,320,3887
3,33930,4761,0,0,9,9,3770,3567,529,4096
3,33930,7605,0,0,9,9,3770,5043,845,5888
3,33930,9216,0,0,9,9,3770,7047,5120,12167
3,33930,15129,0,0,9,9,3770,14703,1681,16384
3,33930,15138,0,0,9,9,3770,4761,3364,8125
3,33930,18000,0,0,9,9,3770,13689,8000,21689
3,33930,21402,0,0,9,9,3770,23805,4756,28561
3,33930,23805,0,0,9,9,3770,3159,13225,16384
3,34020,18432,0,0,9,9,3780,279,4096,4375
3,34034,704,0,0,11,11,3094,7203,64,7267
3,34034,24596,0,0,11,11,3094,441,4472,4913
3,34078,34078,0,0,33,11,3098,27,3098,3125
3,34080,20,0,0,10,10,3408,15123,2,15125
3,34080,710,0,0,10,10,3408,77841,284,78125
3,34100,10,0,0,10,10,3410,3750,1,3751
3,34100,11,0,0,11,11,3100,3750,1,3751
3,34100,80,0,0,10,10,3410,9375,8,9383
3,34100,341,0,0,11,11,3100,5625,62,5687
3,34100,9610,0,0,10,10,3410,2559,961,3520
3,34146,441,0,0,9,9,3794,12288,49,12337
3,34182,18000,0,0,9,9,3798,9,4000,4009
3,34188,352,0,0,11,11,3108,2997,128,3125
3,34188,8547,0,0,33,11,3108,2187,1813,4000
3,34200,1160,0,0,10,10,3420,3249,232,3481
3,34254,9,0,0,9,9,3806,25431,1,25432
3,34254,693,0,0,9,9,3806,4374,539,4913
3,34272,4572,0,0,9,9,3808,6561,4064,10625
3,34300,10,0,0,10,10,3430,4224,1,4225
3,34300,10,0,0,10,10,3430,4455,4,4459
3,34300,70,0,0,10,10,3430,3993,7,4000
3,34300,130,0,0,10,10,3430,11979,26,12005
3,34300,490,0,0,30,10,3430,16335,49,16384
3,34300,640,0,0,10,10,3430,3969,256,4225
3,34300,640,0,0,10,10,3430,6591,64,6655
3,34300,3430,0,0,30,10,3430,3375,343,3718
3,34300,4840,0,0,10,10,3430,13689,1936,15625
3,34300,14560,0,0,10,10,3430,9801,5824,15625
3,34320,1144,0,0,33,11,3120,6021,104,6125
3,34342,22528,0,0,11,11,3122,15123,2048,17171
3,34362,7470,0,0,9,9,3818,243,4150,4393
3,34380,576,0,0,9,9,3820,3969,256,4225
3,34380,31250,0,0,10,10,3438,573,3125,3698
3,34386,22528,0,0,11,11,3126,4761,4096,8857
3,34524,171,0,0,9,9,3836,6561,152,6713
3,34542,171,0,0,9,9,3838,10125,76,10201
3,34560,1017,0,0,9,9,3840,4800,113,4913
3,34580,20,0,0,10,10,3458,29925,4,29929
3,34580,80,0,0,10,10,3458,21609,16,21625
3,34580,130,0,0,10,10,3458,48000,13,48013
3,34580,190,0,0,10,10,3458,15360,19,15379
3,34580,320,0,0,10,10,3458,15561,64,15625
3,34580,490,0,0,10,10,3458,62208,245,62453
3,34580,640,0,0,10,10,3458,3969,256,4225
3,34580,1120,0,0,10,10,3458,6747,112,6859
3,34580,1690,0,0,10,10,3458,25431,169,25600
3,34580,1730,0,0,10,10,3458,9555,173,9728
3,34580,1960,0,0,10,10,3458,59049,1960,61009
3,34580,2450,0,0,10,10,3458,42039,1225,43264
3,34580,3460,0,0,10,10,3458,29241,1384,30625
3,34580,10000,0,0,10,10,3458,13689,4000,17689
3,34580,13520,0,0,10,10,3458,7125,1352,8477
3,34580,13840,0,0,10,10,3458,2187,9688,11875
3,34580,15680,0,0,10,10,3458,1557,3136,4693
3,34580,17290,0,0,30,10,3458,4671,1729,6400
3,34580,24010,0,0,10,10,3458,1824,2401,4225
3,34580,32000,0,0,10,10,3458,117,6400,6517
3,34632,9,0,0,9,9,3848,4224,1,4225
3,34632,9,0,0,9,9,3848,4455,4,4459
3,34632,36,0,0,9,9,3848,6237,16,6253
3,34632,63,0,0,9,9,3848,3993,7,4000
3,34632,63,0,0,9,9,3848,50625,28,50653
3,34632,72,0,0,9,9,3848,14625,16,14641
3,34632,90,0,0,9,9,3848,17787,10,17797
3,34632,99,0,0,9,9,3848,12636,55,12691
3,34632,117,0,0,9,9,3848,11979,26,12005
3,34632,144,0,0,9,9,3848,12675,16,12691
3,34632,576,0,0,9,9,3848,3969,256,4225
3,34632,576,0,0,9,9,3848,6591,64,6655
3,34632,666,0,0,27,9,3848,9477,148,9625
3,34632,1152,0,0,9,9,3848,4107,128,4235
3,34632,1287,0,0,9,9,3848,80919,1001,81920
3,34632,1665,0,0,9,9,3848,6591,185,6776
3,34632,1872,0,0,9,9,3848,9375,208,9583
3,34632,2331,0,0,9,9,3848,2187,1813,4000
3,34632,2664,0,0,9,9,3848,9801,1184,10985
3,34632,3087,0,0,9,9,3848,5577,343,5920
3,34632,3168,0,0,9,9,3848,4107,352,4459
3,34632,4329,0,0,9,9,3848,9375,481,9856
3,34632,4356,0,0,9,9,3848,13689,1936,15625
3,34632,5445,0,0,9,9,3848,47628,3025,50653
3,34632,5625,0,0,9,9,3848,4107,625,4732
3,34632,5733,0,0,9,9,3848,3840,637,4477
3,34632,7200,0,0,9,9,3848,4329,1600,5929
3,34632,7875,0,0,9,9,3848,16428,875,17303
3,34632,9216,0,0,9,9,3848,19425,1024,20449
3,34632,9324,0,0,9,9,3848,81,4144,4225
3,34632,12321,0,0,9,9,3848,15015,1369,16384
3,34632,13104,0,0,9,9,3848,9801,5824,15625
3,34632,14112,0,0,9,9,3848,1089,3136,4225
3,34632,22932,0,0,9,9,3848,4107,2548,6655
3,34632,23958,0,0,9,9,3848,1521,5324,6845
3,34632,24642,0,0,9,9,3848,1053,10952,12005
3,34632,24750,0,0,9,9,3848,6561,22000,28561
3,34632,26640,0,0,9,9,3848,9,5920,5929
3,34632,32256,0,0,9,9,3848,6591,3584,10175
3,34632,32760,0,0,9,9,3848,81,14560,14641
3,34632,33957,0,0,9,9,3848,3072,3773,6845
3,34650,63,0,0,9,9,3850,3993,7,4000
3,34650,252,0,0,9,9,3850,34347,28,34375
3,34650,9000,0,0,9,9,3850,243,5000,5243
3,34700,50,0,0,10,10,3470,10752,5,10757
3,34700,20480,0,0,10,10,3470,279,4096,4375
3,34760,370,0,0,10,10,3476,6204,37,6241
3,34760,3179,0,0,11,11,3160,5952,289,6241
3,34760,7040,0,0,11,11,3160,6399,2560,8959
3,34760,10240,0,0,10,10,3476,5217,1024,6241
3,34760,11594,0,0,11,11,3160,2025,4216,6241
3,34760,21725,0,0,11,11,3160,7533,9875,17408
3,34780,13690,0,0,10,10,3478,2256,1369,3625
3,34840,8710,0,0,10,10,3484,15936,871,16807
3,34866,7488,0,0,9,9,3874,3249,1664,4913
3,34870,3487,0,0,33,11,3170,4563,317,4880
3,34884,9792,0,0,9,9,3876,3087,2176,5263
3,34902,9,0,0,9,9,3878,9408,1,9409
3,34902,4986,0,0,27,9,3878,3645,1108,4753
3,34902,12465,0,0,9,9,3878,243,6925,7168
3,34920,873,0,0,9,9,3880,15528,97,15625
3,34960,40,0,0,10,10,3496,25281,8,25289
3,34980,80,0,0,10,10,3498,6561,64,6625
3,34980,88,0,0,11,11,3180,6561,64,6625
3,34980,88,0,0,11,11,3180,6837,8,6845
3,34980,16940,0,0,10,10,3498,2187,11858,14045
3,35000,10,0,0,10,10,3500,8748,7,8755
3,35000,250,0,0,30,10,3500,10584,25,10609
3,35000,1030,0,0,10,10,3500,5625,206,5831
3,35068,34375,0,0,11,11,3188,384,3125,3509
3,35090,11,0,0,11,11,3190,5775,1,5776
3,35090,11,0,0,11,11,3190,30624,1,30625
3,35090,77,0,0,11,11,3190,3993,7,4000
3,35090,77,0,0,11,11,3190,15972,7,15979
3,35090,77,0,0,11,11,3190,17496,49,17545
3,35090,539,0,0,11,11,3190,14592,49,14641
3,35090,605,0,0,11,11,3190,41154,55,41209
3,35090,638,0,0,33,11,3190,3267,58,3325
3,35090,1760,0,0,11,11,3190,6699,160,6859
3,35090,3971,0,0,11,11,3190,5568,361,5929
3,35090,3971,0,0,11,11,3190,75264,361,75625
3,35090,4928,0,0,11,11,3190,20577,448,21025
3,35090,9251,0,0,11,11,3190,11319,841,12160
3,35090,9251,0,0,11,11,3190,14784,841,15625
3,35090,11264,0,0,11,11,3190,16929,4096,21025
3,35090,15125,0,0,11,11,3190,20577,1375,21952
3,35090,19250,0,0,11,11,3190,9,3500,3509
3,35090,26411,0,0,11,11,3190,13224,2401,15625
3,35090,29645,0,0,11,11,3190,243,13475,13718
3,35172,900,0,0,9,9,3908,8793,200,8993
3,35172,8793,0,0,27,9,3908,3375,977,4352
3,35226,927,0,0,9,9,3914,3993,103,4096
3,35226,9216,0,0,9,9,3914,6897,1024,7921
3,35244,979,0,0,33,11,3204,6183,89,6272
3,35280,63,0,0,9,9,3920,50625,28,50653
3,35280,72,0,0,9,9,3920,6561,64,6625
3,35280,1332,0,0,9,9,3920,8427,148,8575
3,35280,2331,0,0,9,9,3920,2187,1813,4000
3,35280,16317,0,0,9,9,3920,8427,1813,10240
3,35360,10,0,0,30,10,3536,13311,1,13312
3,35360,18560,0,0,10,10,3536,9,3712,3721
3,35360,21760,0,0,10,10,3536,549,4352,4901
3,35380,10,0,0,10,10,3538,90624,1,90625
3,35380,34810,0,0,10,10,3538,240,3481,3721
3,35398,26411,0,0,11,11,3218,9375,2401,11776
3,35400,200,0,0,30,10,3540,16767,40,16807
3,35400,230,0,0,10,10,3540,3750,23,3773
3,35400,320,0,0,10,10,3540,3993,32,4025
3,35400,1610,0,0,10,10,3540,29403,805,30208
3,35400,1760,0,0,10,10,3540,10935,1232,12167
3,35400,7040,0,0,10,10,3540,3969,2816,6785
3,35400,8850,0,0,30,10,3540,10692,1475,12167
3,35400,11270,0,0,10,10,3540,3993,1127,5120
3,35400,20480,0,0,10,10,3540,1725,2048,3773
3,35400,24200,0,0,10,10,3540,6561,19360,25921
3,35420,11,0,0,11,11,3220,4116,1,4117
3,35420,560,0,0,10,10,3542,4761,112,4873
3,35420,4430,0,0,10,10,3542,5376,443,5819
3,35420,26411,0,0,11,11,3220,9375,2401,11776
3,35460,90,0,0,27,9,3940,5319,10,5329
3,35508,7942,0,0,11,11,3228,2025,2888,4913
3,35530,11,0,0,11,11,3230,10200,1,10201
3,35530,11,0,0,11,11,3230,24543,5,24548
3,35530,55,0,0,11,11,3230,29184,5,29189
3,35530,209,0,0,11,11,3230,10125,76,10201
3,35530,209,0,0,33,11,3230,15606,19,15625
3,35530,2816,0,0,11,11,3230,5625,512,6137
3,35530,6875,0,0,11,11,3230,5151,625,5776
3,35530,7942,0,0,11,11,3230,2025,2888,4913
3,35532,27072,0,0,9,9,3948,225,6016,6241
3,35532,27072,0,0,9,9,3948,6561,24064,30625
3,35550,9,0,0,9,9,3950,6240,1,6241
3,35550,28125,0,0,9,9,3950,3888,15625,19513
3,35574,8899,0,0,11,11,3234,3993,809,4802
3,35600,10,0,0,10,10,3560,21627,5,21632
3,35600,320,0,0,10,10,3560,93717,128,93845
3,35600,6250,0,0,10,10,3560,3471,625,4096
3,35600,32000,0,0,10,10,3560,1521,6400,7921
3,35700,170,0,0,10,10,3570,7203,17,7220
3,35700,170,0,0,10,10,3570,87723,85,87808
3,35700,170,0,0,30,10,3570,8208,17,8225
3,35700,680,0,0,10,10,3570,10773,272,11045
3,35700,950,0,0,10,10,3570,4131,475,4606
3,35700,3290,0,0,10,10,3570,4131,1645,5776
3,35700,7220,0,0,10,10,3570,2025,2888,4913
3,35700,7520,0,0,10,10,3570,5355,1504,6859
3,35700,8930,0,0,10,10,3570,4374,6251,10625
3,35700,8930,0,0,10,10,3570,31875,893,32768
3,35700,9500,0,0,10,10,3570,6561,7600,14161
3,35700,30080,0,0,10,10,3570,6561,24064,30625
3,35712,144,0,0,9,9,3968,29775,16,29791
3,35728,154,0,0,11,11,3248,24375,14,24389
3,35728,704,0,0,11,11,3248,3969,256,4225
3,35728,7040,0,0,11,11,3248,1701,3200,4901
3,35784,9,0,0,27,9,3976,31212,1,31213
3,35784,441,0,0,9,9,3976,4992,49,5041
3,35784,2304,0,0,9,9,3976,15123,256,15379
3,35838,26064,0,0,9,9,3982,3993,2896,6889
3,35840,10,0,0,10,10,3584,7986,1,7987
3,35880,230,0,0,10,10,3588,5385,23,5408
3,35880,26450,0,0,10,10,3588,3159,13225,16384
3,35910,18432,0,0,9,9,3990,8379,4096,12475
3,35926,473,0,0,11,11,3266,6816,43,6859
3,35948,20339,0,0,11,11,3268,37500,1849,39349
3,35980,7000,0,0,10,10,3598,59049,7000,66049
3,36000,9216,0,0,9,9,4000,7047,5120,12167
3,36058,2662,0,0,11,11,3278,5625,484,6109
3,36080,12500,0,0,10,10,3608,9801,5000,14801
3,36080,16400,0,0,10,10,3608,59049,16400,75449
3,36096,300,0,0,12,12,3008,11907,125,12032
3,36096,4704,0,0,12,12,3008,3807,1568,5375
3,36096,27636,0,0,12,12,3008,3072,2303,5375
3,36096,32928,0,0,12,12,3008,387,5488,5875
3,36096,36096,0,0,12,12,3008,6561,24064,30625
3,36100,430,0,0,10,10,3610,4332,43,4375
3,36100,430,0,0,10,10,3610,7125,43,7168
3,36100,10240,0,0,10,10,3610,75411,4096,79507
3,36100,18490,0,0,10,10,3610,1875,1849,3724
3,36168,1644,0,0,12,12,3014,6591,137,6728
3,36168,18876,0,0,12,12,3014,2523,1573,4096
3,36168,33088,0,0,11,11,3288,6561,24064,30625
3,36190,275,0,0,11,11,3290,11907,125,12032
3,36190,33088,0,0,11,11,3290,6561,24064,30625
3,36278,374,0,0,11,11,3298,9375,34,9409
3,36280,13750,0,0,10,10,3628,2721,1375,4096
3,36300,88,0,0,11,11,3300,14625,16,14641
3,36300,30250,0,0,11,11,3300,6561,22000,28561
3,36344,11,0,0,11,11,3304,3363,1,3364
3,36360,9096,0,0,12,12,3030,6561,6064,12625
3,36380,10,0,0,10,10,3638,28560,1,28561
3,36380,10,0,0,30,10,3638,31212,1,31213
3,36380,70,0,0,10,10,3638,3750,7,3757
3,36380,250,0,0,10,10,3638,11424,25,11449
3,36380,490,0,0,10,10,3638,4815,98,4913
3,36380,640,0,0,10,10,3638,3969,256,4225
3,36380,2560,0,0,10,10,3638,8025,256,8281
3,36380,5120,0,0,10,10,3638,26001,2560,28561
3,36380,6400,0,0,10,10,3638,14739,640,15379
3,36380,8000,0,0,10,10,3638,60669,3200,63869
3,36380,10000,0,0,10,10,3638,243,5000,5243
3,36380,16250,0,0,10,10,3638,1701,8125,9826
3,36380,16640,0,0,10,10,3638,3969,6656,10625
3,36380,21250,0,0,10,10,3638,85683,2125,87808
3,36380,24010,0,0,10,10,3638,4875,2401,7276
3,36380,24010,0,0,10,10,3638,81120,2401,83521
3,36380,27040,0,0,10,10,3638,50421,2704,53125
3,36380,28730,0,0,10,10,3638,2247,2873,5120
3,36380,29120,0,0,10,10,3638,5625,5824,11449
3,36400,640,0,0,10,10,3640,3969,256,4225
3,36400,22750,0,0,10,10,3640,1821,2275,4096
3,36432,15972,0,0,12,12,3036,4557,1331,5888
3,36456,228,0,0,12,12,3038,3087,38,3125
3,36456,588,0,0,12,12,3038,9375,49,9424
3,36456,4116,0,0,12,12,3038,11532,343,11875
3,36456,24576,0,0,12,12,3038,279,4096,4375
3,36498,6952,0,0,11,11,3318,5625,1264,6889
3,36500,6250,0,0,10,10,3650,14016,625,14641
3,36500,30250,0,0,10,10,3650,9,6050,6059
3,36580,10,0,0,10,10,3658,3720,1,3721
3,36580,34810,0,0,10,10,3658,240,3481,3721
3,36600,1200,0,0,12,12,3050,4941,400,5341
3,36600,6144,0,0,12,12,3050,5625,1024,6649
3,36600,28812,0,0,12,12,3050,4575,2401,6976
3,36630,2695,0,0,11,11,3330,4107,245,4352
3,36696,1452,0,0,12,12,3058,19200,121,19321
3,36720,3840,0,0,12,12,3060,4593,320,4913
3,36784,539,0,0,11,11,3344,14592,49,14641
3,36800,10,0,0,30,10,3680,6048,1,6049
3,36800,200,0,0,30,10,3680,16767,40,16807
3,36800,490,0,0,10,10,3680,6000,49,6049
3,36800,7360,0,0,30,10,3680,5103,1472,6575
3,36800,24010,0,0,10,10,3680,9375,2401,11776
3,36816,30720,0,0,12,12,3068,921,2560,3481
3,36840,20480,0,0,10,10,3684,2763,4096,6859
3,36872,473,0,0,11,11,3352,16341,43,16384
3,36900,26240,0,0,10,10,3690,9375,2624,11999
3,36936,132,0,0,12,12,3078,6804,55,6859
3,36936,1500,0,0,12,12,3078,3648,125,3773
3,36936,1824,0,0,12,12,3078,5625,304,5929
3,36936,3696,0,0,12,12,3078,6561,2464,9025
3,36938,2024,0,0,11,11,3358,5145,184,5329
3,36938,5819,0,0,11,11,3358,4800,529,5329
3,36938,6875,0,0,11,11,3358,4704,625,5329
3,36938,26411,0,0,11,11,3358,9375,2401,11776
3,36960,84,0,0,12,12,3080,3993,7,4000
3,36960,96,0,0,12,12,3080,13467,8,13475
3,36960,240,0,0,36,12,3080,16767,40,16807
3,36960,276,0,0,12,12,3080,3750,23,3773
3,36960,384,0,0,12,12,3080,3993,32,4025
3,36960,1176,0,0,12,12,3080,5427,392,5819
3,36960,1500,0,0,12,12,3080,22356,625,22981
3,36960,1608,0,0,12,12,3080,2187,938,3125
3,36960,2112,0,0,12,12,3080,10935,1232,12167
3,36960,3036,0,0,12,12,3080,13467,253,13720
3,36960,3216,0,0,12,12,3080,25875,536,26411
3,36960,4800,0,0,12,12,3080,13041,1600,14641
3,36960,5376,0,0,12,12,3080,13467,448,13915
3,36960,6144,0,0,12,12,3080,3465,1024,4489
3,36960,6348,0,0,12,12,3080,9075,529,9604
3,36960,7392,0,0,12,12,3080,2025,2464,4489
3,36960,7500,0,0,12,12,3080,3864,625,4489
3,36960,7680,0,0,12,12,3080,16281,3200,19481
3,36960,13524,0,0,12,12,3080,3993,1127,5120
3,36960,16500,0,0,12,12,3080,1701,6875,8576
3,36960,16896,0,0,12,12,3080,1875,1408,3283
3,36960,19200,0,0,12,12,3080,24321,1600,25921
3,36960,24288,0,0,12,12,3080,441,4048,4489
3,36960,24576,0,0,12,12,3080,1725,2048,3773
3,36960,25728,0,0,12,12,3080,3675,2144,5819
3,36960,26880,0,0,12,12,3080,9,4480,4489
3,36960,28812,0,0,12,12,3080,9375,2401,11776
3,36960,29040,0,0,12,12,3080,6561,19360,25921
3,37080,80,0,0,10,10,3708,6561,64,6625
3,37080,35840,0,0,10,10,3708,1875,3584,5459
3,37100,80,0,0,10,10,3710,6561,64,6625
3,37100,8960,0,0,10,10,3710,13833,1792,15625
3,37100,25970,0,0,10,10,3710,2523,2597,5120
3,37100,28090,0,0,10,10,3710,38400,2809,41209
3,37128,768,0,0,12,12,3094,7203,64,7267
3,37128,26832,0,0,12,12,3094,441,4472,4913
3,37176,37176,0,0,36,12,3098,27,3098,3125
3,37180,10,0,0,10,10,3718,3750,1,3751
3,37180,10,0,0,10,10,3718,4224,1,4225
3,37180,11,0,0,11,11,3380,21627,5,21632
3,37180,22,0,0,11,11,3380,45123,2,45125
3,37180,640,0,0,10,10,3718,6591,64,6655
3,37180,4840,0,0,10,10,3718,13689,1936,15625
3,37180,6875,0,0,11,11,3380,3471,625,4096
3,37180,6875,0,0,11,11,3380,7296,625,7921
3,37180,9790,0,0,11,11,3380,243,4450,4693
3,37180,31768,0,0,11,11,3380,9,5776,5785
3,37180,35200,0,0,11,11,3380,1521,6400,7921
3,37200,12,0,0,12,12,3100,3750,1,3751
3,37200,372,0,0,12,12,3100,5625,62,5687
3,37268,77,0,0,11,11,3388,3993,7,4000
3,37268,704,0,0,11,11,3388,12705,64,12769
3,37268,15092,0,0,11,11,3388,9153,5488,14641
3,37268,24200,0,0,11,11,3388,3969,8800,12769
3,37268,26411,0,0,11,11,3388,1695,2401,4096
3,37290,88,0,0,11,11,3390,6561,64,6625
3,37296,384,0,0,12,12,3108,2997,128,3125
3,37296,9324,0,0,36,12,3108,2187,1813,4000
3,37380,170,0,0,10,10,3738,10752,17,10769
3,37380,770,0,0,10,10,3738,4374,539,4913
3,37380,890,0,0,30,10,3738,9261,89,9350
3,37380,1700,0,0,10,10,3738,6561,1360,7921
3,37380,2000,0,0,10,10,3738,21627,1000,22627
3,37380,5120,0,0,10,10,3738,13617,1024,14641
3,37380,17000,0,0,10,10,3738,3969,6800,10769
3,37380,20480,0,0,10,10,3738,3825,4096,7921
3,37380,22250,0,0,10,10,3738,2688,2225,4913
3,37440,1248,0,0,36,12,3120,6021,104,6125
3,37464,24576,0,0,12,12,3122,15123,2048,17171
3,37488,22,0,0,11,11,3408,15123,2,15125
3,37488,781,0,0,11,11,3408,77841,284,78125
3,37500,22400,0,0,10,10,3750,9,4480,4489
3,37510,11,0,0,11,11,3410,3750,1,3751
3,37510,88,0,0,11,11,3410,9375,8,9383
3,37510,10571,0,0,11,11,3410,2559,961,3520
3,37512,24576,0,0,12,12,3126,4761,4096,8857
3,37600,10,0,0,10,10,3760,9024,1,9025
3,37600,22090,0,0,10,10,3760,2673,11045,13718
3,37620,1276,0,0,11,11,3420,3249,232,3481
3,37680,320,0,0,10,10,3768,63585,128,63713
3,37680,13520,0,0,10,10,3768,12717,5408,18125
3,37700,10,0,0,10,10,3770,32799,1,32800
3,37700,250,0,0,10,10,3770,28536,25,28561
3,37700,290,0,0,10,10,3770,6900,29,6929
3,37700,460,0,0,10,10,3770,6561,368,6929
3,37700,2000,0,0,10,10,3770,68121,800,68921
3,37700,3200,0,0,10,10,3770,3567,320,3887
3,37700,5290,0,0,10,10,3770,3567,529,4096
3,37700,8450,0,0,10,10,3770,5043,845,5888
3,37700,10240,0,0,10,10,3770,7047,5120,12167
3,37700,16810,0,0,10,10,3770,14703,1681,16384
3,37700,16820,0,0,10,10,3770,4761,3364,8125
3,37700,20000,0,0,10,10,3770,13689,8000,21689
3,37700,23780,0,0,10,10,3770,23805,4756,28561
3,37700,26450,0,0,10,10,3770,3159,13225,16384
3,37730,11,0,0,11,11,3430,4224,1,4225
3,37730,11,0,0,11,11,3430,4455,4,4459
3,37730,77,0,0,11,11,3430,3993,7,4000
3,37730,143,0,0,11,11,3430,11979,26,12005
3,37730,539,0,0,33,11,3430,16335,49,16384
3,37730,704,0,0,11,11,3430,3969,256,4225
3,37730,704,0,0,11,11,3430,6591,64,6655
3,37730,3773,0,0,33,11,3430,3375,343,3718
3,37730,5324,0,0,11,11,3430,13689,1936,15625
3,37730,16016,0,0,11,11,3430,9801,5824,15625
3,37800,20480,0,0,10,10,3780,279,4096,4375
3,37818,34375,0,0,11,11,3438,573,3125,3698
3,37920,3468,0,0,12,12,3160,5952,289,6241
3,37920,7680,0,0,12,12,3160,6399,2560,8959
3,37920,12648,0,0,12,12,3160,2025,4216,6241
3,37920,23700,0,0,12,12,3160,7533,9875,17408
3,37940,490,0,0,10,10,3794,12288,49,12337
3,37980,20000,0,0,10,10,3798,9,4000,4009
3,38038,22,0,0,11,11,3458,29925,4,29929
3,38038,88,0,0,11,11,3458,21609,16,21625
3,38038,143,0,0,11,11,3458,48000,13,48013
3,38038,209,0,0,11,11,3458,15360,19,15379
3,38038,352,0,0,11,11,3458,15561,64,15625
3,38038,539,0,0,11,11,3458,62208,245,62453
3,38038,704,0,0,11,11,3458,3969,256,4225
3,38038,1232,0,0,11,11,3458,6747,112,6859
3,38038,1859,0,0,11,11,3458,25431,169,25600
3,38038,1903,0,0,11,11,3458,9555,173,9728
3,38038,2156,0,0,11,11,3458,59049,1960,61009
3,38038,2695,0,0,11,11,3458,42039,1225,43264
3,38038,3806,0,0,11,11,3458,29241,1384,30625
3,38038,11000,0,0,11,11,3458,13689,4000,17689
3,38038,14872,0,0,11,11,3458,7125,1352,8477
3,38038,15224,0,0,11,11,3458,2187,9688,11875
3,38038,17248,0,0,11,11,3458,1557,3136,4693
3,38038,19019,0,0,33,11,3458,4671,1729,6400
3,38038,26411,0,0,11,11,3458,1824,2401,4225
3,38038,35200,0,0,11,11,3458,117,6400,6517
3,38040,3804,0,0,36,12,3170,4563,317,4880
3,38060,10,0,0,10,10,3806,25431,1,25432
3,38060,770,0,0,10,10,3806,4374,539,4913
3,38080,5080,0,0,10,10,3808,6561,4064,10625
3,38160,96,0,0,12,12,3180,6561,64,6625
3,38160,96,0,0,12,12,3180,6837,8,6845
3,38170,55,0,0,11,11,3470,10752,5,10757
3,38170,22528,0,0,11,11,3470,279,4096,4375
3,38180,8300,0,0,10,10,3818,243,4150,4393
3,38200,640,0,0,10,10,3820,3969,256,4225
3,38236,407,0,0,11,11,3476,6204,37,6241
3,38236,11264,0,0,11,11,3476,5217,1024,6241
3,38256,37500,0,0,12,12,3188,384,3125,3509
3,38258,15059,0,0,11,11,3478,2256,1369,3625
3,38280,12,0,0,12,12,3190,5775,1,5776
3,38280,12,0,0,12,12,3190,30624,1,30625
3,38280,84,0,0,12,12,3190,3993,7,4000
3,38280,84,0,0,12,12,3190,15972,7,15979
3,38280,84,0,0,12,12,3190,17496,49,17545
3,38280,588,0,0,12,12,3190,14592,49,14641
3,38280,660,0,0,12,12,3190,41154,55,41209
3,38280,696,0,0,36,12,3190,3267,58,3325
3,38280,1920,0,0,12,12,3190,6699,160,6859
3,38280,4332,0,0,12,12,3190,5568,361,5929
3,38280,4332,0,0,12,12,3190,75264,361,75625
3,38280,5376,0,0,12,12,3190,20577,448,21025
3,38280,10092,0,0,12,12,3190,11319,841,12160
3,38280,10092,0,0,12,12,3190,14784,841,15625
3,38280,12288,0,0,12,12,3190,16929,4096,21025
3,38280,16500,0,0,12,12,3190,20577,1375,21952
3,38280,21000,0,0,12,12,3190,9,3500,3509
3,38280,28812,0,0,12,12,3190,13224,2401,15625
3,38280,32340,0,0,12,12,3190,243,13475,13718
3,38324,9581,0,0,11,11,3484,15936,871,16807
3,38360,190,0,0,10,10,3836,6561,152,6713
3,38380,190,0,0,10,10,3838,10125,76,10201
3,38400,1130,0,0,10,10,3840,4800,113,4913
3,38448,1068,0,0,36,12,3204,6183,89,6272
3,38456,44,0,0,11,11,3496,25281,8,25289
3,38478,88,0,0,11,11,3498,6561,64,6625
3,38478,18634,0,0,11,11,3498,2187,11858,14045
3,38480,10,0,0,10,10,3848,4224,1,4225
3,38480,10,0,0,10,10,3848,4455,4,4459
3,38480,40,0,0,10,10,3848,6237,16,6253
3,38480,70,0,0,10,10,3848,3993,7,4000
3,38480,70,0,0,10,10,3848,50625,28,50653
3,38480,80,0,0,10,10,3848,14625,16,14641
3,38480,100,0,0,10,10,3848,17787,10,17797
3,38480,110,0,0,10,10,3848,12636,55,12691
3,38480,130,0,0,10,10,3848,11979,26,12005
3,38480,160,0,0,10,10,3848,12675,16,12691
3,38480,640,0,0,10,10,3848,3969,256,4225
3,38480,640,0,0,10,10,3848,6591,64,6655
3,38480,740,0,0,30,10,3848,9477,148,9625
3,38480,1280,0,0,10,10,3848,4107,128,4235
3,38480,1430,0,0,10,10,3848,80919,1001,81920
3,38480,1850,0,0,10,10,3848,6591,185,6776
3,38480,2080,0,0,10,10,3848,9375,208,9583
3,38480,2590,0,0,10,10,3848,2187,1813,4000
3,38480,2960,0,0,10,10,3848,9801,1184,10985
3,38480,3430,0,0,10,10,3848,5577,343,5920
3,38480,3520,0,0,10,10,3848,4107,352,4459
3,38480,4810,0,0,10,10,3848,9375,481,9856
3,38480,4840,0,0,10,10,3848,13689,1936,15625
3,38480,6050,0,0,10,10,3848,47628,3025,50653
3,38480,6250,0,0,10,10,3848,4107,625,4732
3,38480,6370,0,0,10,10,3848,3840,637,4477
3,38480,8000,0,0,10,10,3848,4329,1600,5929
3,38480,8750,0,0,10,10,3848,16428,875,17303
3,38480,10240,0,0,10,10,3848,19425,1024,20449
3,38480,10360,0,0,10,10,3848,81,4144,4225
3,38480,13690,0,0,10,10,3848,15015,1369,16384
3,38480,14560,0,0,10,10,3848,9801,5824,15625
3,38480,15680,0,0,10,10,3848,1089,3136,4225
3,38480,25480,0,0,10,10,3848,4107,2548,6655
3,38480,26620,0,0,10,10,3848,1521,5324,6845
3,38480,27380,0,0,10,10,3848,1053,10952,12005
3,38480,27500,0,0,10,10,3848,6561,22000,28561
3,38480,29600,0,0,10,10,3848,9,5920,5929
3,38480,35840,0,0,10,10,3848,6591,3584,10175
3,38480,36400,0,0,10,10,3848,81,14560,14641
3,38480,37730,0,0,10,10,3848,3072,3773,6845
3,38500,11,0,0,11,11,3500,8748,7,8755
3,38500,70,0,0,10,10,3850,3993,7,4000
3,38500,275,0,0,33,11,3500,10584,25,10609
3,38500,280,0,0,10,10,3850,34347,28,34375
3,38500,1133,0,0,11,11,3500,5625,206,5831
3,38500,10000,0,0,10,10,3850,243,5000,5243
3,38616,28812,0,0,12,12,3218,9375,2401,11776
3,38640,12,0,0,12,12,3220,4116,1,4117
3,38640,28812,0,0,12,12,3220,9375,2401,11776
3,38736,8664,0,0,12,12,3228,2025,2888,4913
3,38740,8320,0,0,10,10,3874,3249,1664,4913
3,38760,12,0,0,12,12,3230,10200,1,10201
3,38760,12,0,0,12,12,3230,24543,5,24548
3,38760,60,0,0,12,12,3230,29184,5,29189
3,38760,228,0,0,12,12,3230,10125,76,10201
3,38760,228,0,0,36,12,3230,15606,19,15625
3,38760,3072,0,0,12,12,3230,5625,512,6137
3,38760,7500,0,0,12,12,3230,5151,625,5776
3,38760,8664,0,0,12,12,3230,2025,2888,4913
3,38760,10880,0,0,10,10,3876,3087,2176,5263
3,38780,10,0,0,10,10,3878,9408,1,9409
3,38780,5540,0,0,30,10,3878,3645,1108,4753
3,38780,13850,0,0,10,10,3878,243,6925,7168
3,38800,970,0,0,10,10,3880,15528,97,15625
3,38808,9708,0,0,12,12,3234,3993,809,4802
3,38896,11,0,0,33,11,3536,13311,1,13312
3,38896,20416,0,0,11,11,3536,9,3712,3721
3,38896,23936,0,0,11,11,3536,549,4352,4901
3,38918,11,0,0,11,11,3538,90624,1,90625
3,38918,38291,0,0,11,11,3538,240,3481,3721
3,38940,220,0,0,33,11,3540,16767,40,16807
3,38940,253,0,0,11,11,3540,3750,23,3773
3,38940,352,0,0,11,11,3540,3993,32,4025
3,38940,1771,0,0,11,11,3540,29403,805,30208
3,38940,1936,0,0,11,11,3540,10935,1232,12167
3,38940,7744,0,0,11,11,3540,3969,2816,6785
3,38940,9735,0,0,33,11,3540,10692,1475,12167
3,38940,12397,0,0,11,11,3540,3993,1127,5120
3,38940,22528,0,0,11,11,3540,1725,2048,3773
3,38940,26620,0,0,11,11,3540,6561,19360,25921
3,38962,616,0,0,11,11,3542,4761,112,4873
3,38962,4873,0,0,11,11,3542,5376,443,5819
3,38976,168,0,0,12,12,3248,24375,14,24389
3,38976,768,0,0,12,12,3248,3969,256,4225
3,38976,7680,0,0,12,12,3248,1701,3200,4901
3,39080,1000,0,0,10,10,3908,8793,200,8993
3,39080,9770,0,0,30,10,3908,3375,977,4352
3,39104,325,0,0,13,13,3008,11907,125,12032
3,39104,5096,0,0,13,13,3008,3807,1568,5375
3,39104,29939,0,0,13,13,3008,3072,2303,5375
3,39104,35672,0,0,13,13,3008,387,5488,5875
3,39104,39104,0,0,13,13,3008,6561,24064,30625
3,39140,1030,0,0,10,10,3914,3993,103,4096
3,39140,10240,0,0,10,10,3914,6897,1024,7921
3,39160,11,0,0,11,11,3560,21627,5,21632
3,39160,352,0,0,11,11,3560,93717,128,93845
3,39160,6875,0,0,11,11,3560,3471,625,4096
3,39160,35200,0,0,11,11,3560,1521,6400,7921
3,39182,1781,0,0,13,13,3014,6591,137,6728
3,39182,20449,0,0,13,13,3014,2523,1573,4096
3,39192,516,0,0,12,12,3266,6816,43,6859
3,39200,70,0,0,10,10,3920,50625,28,50653
3,39200,80,0,0,10,10,3920,6561,64,6625
3,39200,1480,0,0,10,10,3920,8427,148,8575
3,39200,2590,0,0,10,10,3920,2187,1813,4000
3,39200,18130,0,0,10,10,3920,8427,1813,10240
3,39216,22188,0,0,12,12,3268,37500,1849,39349
3,39270,187,0,0,11,11,3570,7203,17,7220
3,39270,187,0,0,11,11,3570,87723,85,87808
3,39270,187,0,0,33,11,3570,8208,17,8225
3,39270,748,0,0,11,11,3570,10773,272,11045
3,39270,1045,0,0,11,11,3570,4131,475,4606
3,39270,3619,0,0,11,11,3570,4131,1645,5776
3,39270,7942,0,0,11,11,3570,2025,2888,4913
3,39270,8272,0,0,11,11,3570,5355,1504,6859
3,39270,9823,0,0,11,11,3570,4374,6251,10625
3,39270,9823,0,0,11,11,3570,31875,893,32768
3,39270,10450,0,0,11,11,3570,6561,7600,14161
3,39270,33088,0,0,11,11,3570,6561,24064,30625
3,39336,2904,0,0,12,12,3278,5625,484,6109
3,39390,9854,0,0,13,13,3030,6561,6064,12625
3,39400,100,0,0,30,10,3940,5319,10,5329
3,39424,11,0,0,11,11,3584,7986,1,7987
3,39456,36096,0,0,12,12,3288,6561,24064,30625
3,39468,253,0,0,11,11,3588,5385,23,5408
3,39468,17303,0,0,13,13,3036,4557,1331,5888
3,39468,29095,0,0,11,11,3588,3159,13225,16384
3,39480,300,0,0,12,12,3290,11907,125,12032
3,39480,30080,0,0,10,10,3948,225,6016,6241
3,39480,30080,0,0,10,10,3948,6561,24064,30625
3,39480,36096,0,0,12,12,3290,6561,24064,30625
3,39494,247,0,0,13,13,3038,3087,38,3125
3,39494,637,0,0,13,13,3038,9375,49,9424
3,39494,4459,0,0,13,13,3038,11532,343,11875
3,39494,26624,0,0,13,13,3038,279,4096,4375
3,39500,10,0,0,10,10,3950,6240,1,6241
3,39500,31250,0,0,10,10,3950,3888,15625,19513
3,39576,408,0,0,12,12,3298,9375,34,9409
3,39578,7700,0,0,11,11,3598,59049,7000,66049
3,39600,96,0,0,12,12,3300,14625,16,14641
3,39600,33000,0,0,12,12,3300,6561,22000,28561
3,39648,12,0,0,12,12,3304,3363,1,3364
3,39650,1300,0,0,13,13,3050,4941,400,5341
3,39650,6656,0,0,13,13,3050,5625,1024,6649
3,39650,31213,0,0,13,13,3050,4575,2401,6976
3,39680,160,0,0,10,10,3968,29775,16,29791
3,39688,13750,0,0,11,11,3608,9801,5000,14801
3,39688,18040,0,0,11,11,3608,59049,16400,75449
3,39710,473,0,0,11,11,3610,4332,43,4375
3,39710,473,0,0,11,11,3610,7125,43,7168
3,39710,11264,0,0,11,11,3610,75411,4096,79507
3,39710,20339,0,0,11,11,3610,1875,1849,3724
3,39754,1573,0,0,13,13,3058,19200,121,19321
3,39760,10,0,0,30,10,3976,31212,1,31213
3,39760,490,0,0,10,10,3976,4992,49,5041
3,39760,2560,0,0,10,10,3976,15123,256,15379
3,39780,4160,0,0,13,13,3060,4593,320,4913
3,39816,7584,0,0,12,12,3318,5625,1264,6889
3,39820,28960,0,0,10,10,3982,3993,2896,6889
3,39884,33280,0,0,13,13,3068,921,2560,3481
3,39900,20480,0,0,10,10,3990,8379,4096,12475
3,39908,15125,0,0,11,11,3628,2721,1375,4096
3,39960,2940,0,0,12,12,3330,4107,245,4352
3,40000,10240,0,0,10,10,4000,7047,5120,12167
3,40014,143,0,0,13,13,3078,6804,55,6859
3,40014,1625,0,0,13,13,3078,3648,125,3773
3,40014,1976,0,0,13,13,3078,5625,304,5929
3,40014,4004,0,0,13,13,3078,6561,2464,9025
3,40018,11,0,0,11,11,3638,28560,1,28561
3,40018,11,0,0,33,11,3638,31212,1,31213
3,40018,77,0,0,11,11,3638,3750,7,3757
3,40018,275,0,0,11,11,3638,11424,25,11449
3,40018,539,0,0,11,11,3638,4815,98,4913
3,40018,704,0,0,11,11,3638,3969,256,4225
3,40018,2816,0,0,11,11,3638,8025,256,8281
3,40018,5632,0,0,11,11,3638,26001,2560,28561
3,40018,7040,0,0,11,11,3638,14739,640,15379
3,40018,8800,0,0,11,11,3638,60669,3200,63869
3,40018,11000,0,0,11,11,3638,243,5000,5243
3,40018,17875,0,0,11,11,3638,1701,8125,9826
3,40018,18304,0,0,11,11,3638,3969,6656,10625
3,40018,23375,0,0,11,11,3638,85683,2125,87808
3,40018,26411,0,0,11,11,3638,4875,2401,7276
3,40018,26411,0,0,11,11,3638,81120,2401,83521
3,40018,29744,0,0,11,11,3638,50421,2704,53125
3,40018,31603,0,0,11,11,3638,2247,2873,5120
3,40018,32032,0,0,11,11,3638,5625,5824,11449
3,40040,91,0,0,13,13,3080,3993,7,4000
3,40040,104,0,0,13,13,3080,13467,8,13475
3,40040,260,0,0,39,13,3080,16767,40,16807
3,40040,299,0,0,13,13,3080,3750,23,3773
3,40040,416,0,0,13,13,3080,3993,32,4025
3,40040,704,0,0,11,11,3640,3969,256,4225
3,40040,1274,0,0,13,13,3080,5427,392,5819
3,40040,1625,0,0,13,13,3080,22356,625,22981
3,40040,1742,0,0,13,13,3080,2187,938,3125
3,40040,2288,0,0,13,13,3080,10935,1232,12167
3,40040,3289,0,0,13,13,3080,13467,253,13720
3,40040,3484,0,0,13,13,3080,25875,536,26411
3,40040,5200,0,0,13,13,3080,13041,1600,14641
3,40040,5824,0,0,13,13,3080,13467,448,13915
3,40040,6656,0,0,13,13,3080,3465,1024,4489
3,40040,6877,0,0,13,13,3080,9075,529,9604
3,40040,8008,0,0,13,13,3080,2025,2464,4489
3,40040,8125,0,0,13,13,3080,3864,625,4489
3,40040,8320,0,0,13,13,3080,16281,3200,19481
3,40040,14651,0,0,13,13,3080,3993,1127,5120
3,40040,17875,0,0,13,13,3080,1701,6875,8576
3,40040,18304,0,0,13,13,3080,1875,1408,3283
3,40040,20800,0,0,13,13,3080,24321,1600,25921
3,40040,25025,0,0,11,11,3640,1821,2275,4096
3,40040,26312,0,0,13,13,3080,441,4048,4489
3,40040,26624,0,0,13,13,3080,1725,2048,3773
3,40040,27872,0,0,13,13,3080,3675,2144,5819
3,40040,29120,0,0,13,13,3080,9,4480,4489
3,40040,31213,0,0,13,13,3080,9375,2401,11776
3,40040,31460,0,0,13,13,3080,6561,19360,25921
3,40128,588,0,0,12,12,3344,14592,49,14641
3,40150,6875,0,0,11,11,3650,14016,625,14641
3,40150,33275,0,0,11,11,3650,9,6050,6059
3,40222,832,0,0,13,13,3094,7203,64,7267
3,40222,29068,0,0,13,13,3094,441,4472,4913
3,40224,516,0,0,12,12,3352,16341,43,16384
3,40238,11,0,0,11,11,3658,3720,1,3721
3,40238,38291,0,0,11,11,3658,240,3481,3721
3,40274,40274,0,0,39,13,3098,27,3098,3125
3,40296,2208,0,0,12,12,3358,5145,184,5329
3,40296,6348,0,0,12,12,3358,4800,529,5329
3,40296,7500,0,0,12,12,3358,4704,625,5329
3,40296,28812,0,0,12,12,3358,9375,2401,11776
3,40300,13,0,0,13,13,3100,3750,1,3751
3,40300,403,0,0,13,13,3100,5625,62,5687
3,40404,416,0,0,13,13,3108,2997,128,3125
3,40404,10101,0,0,39,13,3108,2187,1813,4000
3,40480,11,0,0,33,11,3680,6048,1,6049
3,40480,220,0,0,33,11,3680,16767,40,16807
3,40480,539,0,0,11,11,3680,6000,49,6049
3,40480,8096,0,0,33,11,3680,5103,1472,6575
3,40480,26411,0,0,11,11,3680,9375,2401,11776
3,40524,22528,0,0,11,11,3684,2763,4096,6859
3,40560,12,0,0,12,12,3380,21627,5,21632
3,40560,24,0,0,12,12,3380,45123,2,45125
3,40560,1352,0,0,39,13,3120,6021,104,6125
3,40560,7500,0,0,12,12,3380,3471,625,4096
3,40560,7500,0,0,12,12,3380,7296,625,7921
3,40560,10680,0,0,12,12,3380,243,4450,4693
3,40560,34656,0,0,12,12,3380,9,5776,5785
3,40560,38400,0,0,12,12,3380,1521,6400,7921
3,40586,26624,0,0,13,13,3122,15123,2048,17171
3,40590,28864,0,0,11,11,3690,9375,2624,11999
3,40638,26624,0,0,13,13,3126,4761,4096,8857
3,40656,84,0,0,12,12,3388,3993,7,4000
3,40656,768,0,0,12,12,3388,12705,64,12769
3,40656,16464,0,0,12,12,3388,9153,5488,14641
3,40656,26400,0,0,12,12,3388,3969,8800,12769
3,40656,28812,0,0,12,12,3388,1695,2401,4096
3,40680,96,0,0,12,12,3390,6561,64,6625
3,40788,88,0,0,11,11,3708,6561,64,6625
3,40788,39424,0,0,11,11,3708,1875,3584,5459
3,40810,88,0,0,11,11,3710,6561,64,6625
3,40810,9856,0,0,11,11,3710,13833,1792,15625
3,40810,28567,0,0,11,11,3710,2523,2597,5120
3,40810,30899,0,0,11,11,3710,38400,2809,41209
3,40896,24,0,0,12,12,3408,15123,2,15125
3,40896,852,0,0,12,12,3408,77841,284,78125
3,40898,11,0,0,11,11,3718,3750,1,3751
3,40898,11,0,0,11,11,3718,4224,1,4225
3,40898,704,0,0,11,11,3718,6591,64,6655
3,40898,5324,0,0,11,11,3718,13689,1936,15625
3,40920,12,0,0,12,12,3410,3750,1,3751
3,40920,96,0,0,12,12,3410,9375,8,9383
3,40920,11532,0,0,12,12,3410,2559,961,3520
3,41040,1392,0,0,12,12,3420,3249,232,3481
3,41080,3757,0,0,13,13,3160,5952,289,6241
3,41080,8320,0,0,13,13,3160,6399,2560,8959
3,41080,13702,0,0,13,13,3160,2025,4216,6241
3,41080,25675,0,0,13,13,3160,7533,9875,17408
3,41118,187,0,0,11,11,3738,10752,17,10769
3,41118,847,0,0,11,11,3738,4374,539,4913
3,41118,979,0,0,33,11,3738,9261,89,9350
3,41118,1870,0,0,11,11,3738,6561,1360,7921
3,41118,2200,0,0,11,11,3738,21627,1000,22627
3,41118,5632,0,0,11,11,3738,13617,1024,14641
3,41118,18700,0,0,11,11,3738,3969,6800,10769
3,41118,22528,0,0,11,11,3738,3825,4096,7921
3,41118,24475,0,0,11,11,3738,2688,2225,4913
3,41160,12,0,0,12,12,3430,4224,1,4225
3,41160,12,0,0,12,12,3430,4455,4,4459
3,41160,84,0,0,12,12,3430,3993,7,4000
3,41160,156,0,0,12,12,3430,11979,26,12005
3,41160,588,0,0,36,12,3430,16335,49,16384
3,41160,768,0,0,12,12,3430,3969,256,4225
3,41160,768,0,0,12,12,3430,6591,64,6655
3,41160,4116,0,0,36,12,3430,3375,343,3718
3,41160,5808,0,0,12,12,3430,13689,1936,15625
3,41160,17472,0,0,12,12,3430,9801,5824,15625
3,41210,4121,0,0,39,13,3170,4563,317,4880
3,41250,24640,0,0,11,11,3750,9,4480,4489
3,41256,37500,0,0,12,12,3438,573,3125,3698
3,41340,104,0,0,13,13,3180,6561,64,6625
3,41340,104,0,0,13,13,3180,6837,8,6845
3,41360,11,0,0,11,11,3760,9024,1,9025
3,41360,24299,0,0,11,11,3760,2673,11045,13718
3,41444,40625,0,0,13,13,3188,384,3125,3509
3,41448,352,0,0,11,11,3768,63585,128,63713
3,41448,14872,0,0,11,11,3768,12717,5408,18125
3,41470,11,0,0,11,11,3770,32799,1,32800
3,41470,13,0,0,13,13,3190,5775,1,5776
3,41470,13,0,0,13,13,3190,30624,1,30625
3,41470,91,0,0,13,13,3190,3993,7,4000
3,41470,91,0,0,13,13,3190,15972,7,15979
3,41470,91,0,0,13,13,3190,17496,49,17545
3,41470,275,0,0,11,11,3770,28536,25,28561
3,41470,319,0,0,11,11,3770,6900,29,6929
3,41470,506,0,0,11,11,3770,6561,368,6929
3,41470,637,0,0,13,13,3190,14592,49,14641
3,41470,715,0,0,13,13,3190,41154,55,41209
3,41470,754,0,0,39,13,3190,3267,58,3325
3,41470,2080,0,0,13,13,3190,6699,160,6859
3,41470,2200,0,0,11,11,3770,68121,800,68921
3,41470,3520,0,0,11,11,3770,3567,320,3887
3,41470,4693,0,0,13,13,3190,5568,361,5929
3,41470,4693,0,0,13,13,3190,75264,361,75625
3,41470,5819,0,0,11,11,3770,3567,529,4096
3,41470,5824,0,0,13,13,3190,20577,448,21025
3,41470,9295,0,0,11,11,3770,5043,845,5888
3,41470,10933,0,0,13,13,3190,11319,841,12160
3,41470,10933,0,0,13,13,3190,14784,841,15625
3,41470,11264,0,0,11,11,3770,7047,5120,12167
3,41470,13312,0,0,13,13,3190,16929,4096,21025
3,41470,17875,0,0,13,13,3190,20577,1375,21952
3,41470,18491,0,0,11,11,3770,14703,1681,16384
3,41470,18502,0,0,11,11,3770,4761,3364,8125
3,41470,22000,0,0,11,11,3770,13689,8000,21689
3,41470,22750,0,0,13,13,3190,9,3500,3509
3,41470,26158,0,0,11,11,3770,23805,4756,28561
3,41470,29095,0,0,11,11,3770,3159,13225,16384
3,41470,31213,0,0,13,13,3190,13224,2401,15625
3,41470,35035,0,0,13,13,3190,243,13475,13718
3,41496,24,0,0,12,12,3458,29925,4,29929
3,41496,96,0,0,12,12,3458,21609,16,21625
3,41496,156,0,0,12,12,3458,48000,13,48013
3,41496,228,0,0,12,12,3458,15360,19,15379
3,41496,384,0,0,12,12,3458,15561,64,15625
3,41496,588,0,0,12,12,3458,62208,245,62453
3,41496,768,0,0,12,12,3458,3969,256,4225
3,41496,1344,0,0,12,12,3458,6747,112,6859
3,41496,2028,0,0,12,12,3458,25431,169,25600
3,41496,2076,0,0,12,12,3458,9555,173,9728
3,41496,2352,0,0,12,12,3458,59049,1960,61009
3,41496,2940,0,0,12,12,3458,42039,1225,43264
3,41496,4152,0,0,12,12,3458,29241,1384,30625
3,41496,12000,0,0,12,12,3458,13689,4000,17689
3,41496,16224,0,0,12,12,3458,7125,1352,8477
3,41496,16608,0,0,12,12,3458,2187,9688,11875
3,41496,18816,0,0,12,12,3458,1557,3136,4693
3,41496,20748,0,0,36,12,3458,4671,1729,6400
3,41496,28812,0,0,12,12,3458,1824,2401,4225
3,41496,38400,0,0,12,12,3458,117,6400,6517
3,41580,22528,0,0,11,11,3780,279,4096,4375
3,41640,60,0,0,12,12,3470,10752,5,10757
3,41640,24576,0,0,12,12,3470,279,4096,4375
3,41652,1157,0,0,39,13,3204,6183,89,6272
3,41712,444,0,0,12,12,3476,6204,37,6241
3,41712,12288,0,0,12,12,3476,5217,1024,6241
3,41734,539,0,0,11,11,3794,12288,49,12337
3,41736,16428,0,0,12,12,3478,2256,1369,3625
3,41778,22000,0,0,11,11,3798,9,4000,4009
3,41808,10452,0,0,12,12,3484,15936,871,16807
3,41834,31213,0,0,13,13,3218,9375,2401,11776
3,41860,13,0,0,13,13,3220,4116,1,4117
3,41860,31213,0,0,13,13,3220,9375,2401,11776
3,41866,11,0,0,11,11,3806,25431,1,25432
3,41866,847,0,0,11,11,3806,4374,539,4913
3,41888,5588,0,0,11,11,3808,6561,4064,10625
3,41952,48,0,0,12,12,3496,25281,8,25289
3,41964,9386,0,0,13,13,3228,2025,2888,4913
3,41976,96,0,0,12,12,3498,6561,64,6625
3,41976,20328,0,0,12,12,3498,2187,11858,14045
3,41990,13,0,0,13,13,3230,10200,1,10201
3,41990,13,0,0,13,13,3230,24543,5,24548
3,41990,65,0,0,13,13,3230,29184,5,29189
3,41990,247,0,0,13,13,3230,10125,76,10201
3,41990,247,0,0,39,13,3230,15606,19,15625
3,41990,3328,0,0,13,13,3230,5625,512,6137
3,41990,8125,0,0,13,13,3230,5151,625,5776
3,41990,9386,0,0,13,13,3230,2025,2888,4913
3,41998,9130,0,0,11,11,3818,243,4150,4393
3,42000,12,0,0,12,12,3500,8748,7,8755
3,42000,300,0,0,36,12,3500,10584,25,10609
3,42000,1236,0,0,12,12,3500,5625,206,5831
3,42020,704,0,0,11,11,3820,3969,256,4225
3,42042,10517,0,0,13,13,3234,3993,809,4802
3,42112,350,0,0,14,14,3008,11907,125,12032
3,42112,5488,0,0,14,14,3008,3807,1568,5375
3,42112,32242,0,0,14,14,3008,3072,2303,5375
3,42112,38416,0,0,14,14,3008,387,5488,5875
3,42112,42112,0,0,14,14,3008,6561,24064,30625
3,42196,209,0,0,11,11,3836,6561,152,6713
3,42196,1918,0,0,14,14,3014,6591,137,6728
3,42196,22022,0,0,14,14,3014,2523,1573,4096
3,42218,209,0,0,11,11,3838,10125,76,10201
3,42224,182,0,0,13,13,3248,24375,14,24389
3,42224,832,0,0,13,13,3248,3969,256,4225
3,42224,8320,0,0,13,13,3248,1701,3200,4901
3,42240,1243,0,0,11,11,3840,4800,113,4913
3,42328,11,0,0,11,11,3848,4224,1,4225
3,42328,11,0,0,11,11,3848,4455,4,4459
3,42328,44,0,0,11,11,3848,6237,16,6253
3,42328,77,0,0,11,11,3848,3993,7,4000
3,42328,77,0,0,11,11,3848,50625,28,50653
3,42328,88,0,0,11,11,3848,14625,16,14641
3,42328,110,0,0,11,11,3848,17787,10,17797
3,42328,121,0,0,11,11,3848,12636,55,12691
3,42328,143,0,0,11,11,3848,11979,26,12005
3,42328,176,0,0,11,11,3848,12675,16,12691
3,42328,704,0,0,11,11,3848,3969,256,4225
3,42328,704,0,0,11,11,3848,6591,64,6655
3,42328,814,0,0,33,11,3848,9477,148,9625
3,42328,1408,0,0,11,11,3848,4107,128,4235
3,42328,1573,0,0,11,11,3848,80919,1001,81920
3,42328,2035,0,0,11,11,3848,6591,185,6776
3,42328,2288,0,0,11,11,3848,9375,208,9583
3,42328,2849,0,0,11,11,3848,2187,1813,4000
3,42328,3256,0,0,11,11,3848,9801,1184,10985
3,42328,3773,0,0,11,11,3848,5577,343,5920
3,42328,3872,0,0,11,11,3848,4107,352,4459
3,42328,5291,0,0,11,11,3848,9375,481,9856
3,42328,5324,0,0,11,11,3848,13689,1936,15625
3,42328,6655,0,0,11,11,3848,47628,3025,50653
3,42328,6875,0,0,11,11,3848,4107,625,4732
3,42328,7007,0,0,11,11,3848,3840,637,4477
3,42328,8800,0,0,11,11,3848,4329,1600,5929
3,42328,9625,0,0,11,11,3848,16428,875,17303
3,42328,11264,0,0,11,11,3848,19425,1024,20449
3,42328,11396,0,0,11,11,3848,81,4144,4225
3,42328,15059,0,0,11,11,3848,15015,1369,16384
3,42328,16016,0,0,11,11,3848,9801,5824,15625
3,42328,17248,0,0,11,11,3848,1089,3136,4225
3,42328,28028,0,0,11,11,3848,4107,2548,6655
3,42328,29282,0,0,11,11,3848,1521,5324,6845
3,42328,30118,0,0,11,11,3848,1053,10952,12005
3,42328,30250,0,0,11,11,3848,6561,22000,28561
3,42328,32560,0,0,11,11,3848,9,5920,5929
3,42328,39424,0,0,11,11,3848,6591,3584,10175
3,42328,40040,0,0,11,11,3848,81,14560,14641
3,42328,41503,0,0,11,11,3848,3072,3773,6845
3,42350,77,0,0,11,11,3850,3993,7,4000
3,42350,308,0,0,11,11,3850,34347,28,34375
3,42350,11000,0,0,11,11,3850,243,5000,5243
3,42420,10612,0,0,14,14,3030,6561,6064,12625
3,42432,12,0,0,36,12,3536,13311,1,13312
3,42432,22272,0,0,12,12,3536,9,3712,3721
3,42432,26112,0,0,12,12,3536,549,4352,4901
3,42456,12,0,0,12,12,3538,90624,1,90625
3,42456,41772,0,0,12,12,3538,240,3481,3721
3,42458,559,0,0,13,13,3266,6816,43,6859
3,42480,240,0,0,36,12,3540,16767,40,16807
3,42480,276,0,0,12,12,3540,3750,23,3773
3,42480,384,0,0,12,12,3540,3993,32,4025
3,42480,1932,0,0,12,12,3540,29403,805,30208
3,42480,2112,0,0,12,12,3540,10935,1232,12167
3,42480,8448,0,0,12,12,3540,3969,2816,6785
3,42480,10620,0,0,36,12,3540,10692,1475,12167
3,42480,13524,0,0,12,12,3540,3993,1127,5120
3,42480,24576,0,0,12,12,3540,1725,2048,3773
3,42480,29040,0,0,12,12,3540,6561,19360,25921
3,42484,24037,0,0,13,13,3268,37500,1849,39349
3,42504,672,0,0,12,12,3542,4761,112,4873
3,42504,5316,0,0,12,12,3542,5376,443,5819
3,42504,18634,0,0,14,14,3036,4557,1331,5888
3,42532,266,0,0,14,14,3038,3087,38,3125
3,42532,686,0,0,14,14,3038,9375,49,9424
3,42532,4802,0,0,14,14,3038,11532,343,11875
3,42532,28672,0,0,14,14,3038,279,4096,4375
3,42614,3146,0,0,13,13,3278,5625,484,6109
3,42614,9152,0,0,11,11,3874,3249,1664,4913
3,42636,11968,0,0,11,11,3876,3087,2176,5263
3,42658,11,0,0,11,11,3878,9408,1,9409
3,42658,6094,0,0,33,11,3878,3645,1108,4753
3,42658,15235,0,0,11,11,3878,243,6925,7168
3,42680,1067,0,0,11,11,3880,15528,97,15625
3,42700,1400,0,0,14,14,3050,4941,400,5341
3,42700,7168,0,0,14,14,3050,5625,1024,6649
3,42700,33614,0,0,14,14,3050,4575,2401,6976
3,42720,12,0,0,12,12,3560,21627,5,21632
3,42720,384,0,0,12,12,3560,93717,128,93845
3,42720,7500,0,0,12,12,3560,3471,625,4096
3,42720,38400,0,0,12,12,3560,1521,6400,7921
3,42744,39104,0,0,13,13,3288,6561,24064,30625
3,42770,325,0,0,13,13,3290,11907,125,12032
3,42770,39104,0,0,13,13,3290,6561,24064,30625
3,42812,1694,0,0,14,14,3058,19200,121,19321
3,42840,204,0,0,12,12,3570,7203,17,7220
3,42840,204,0,0,12,12,3570,87723,85,87808
3,42840,204,0,0,36,12,3570,8208,17,8225
3,42840,816,0,0,12,12,3570,10773,272,11045
3,42840,1140,0,0,12,12,3570,4131,475,4606
3,42840,3948,0,0,12,12,3570,4131,1645,5776
3,42840,4480,0,0,14,14,3060,4593,320,4913
3,42840,8664,0,0,12,12,3570,2025,2888,4913
3,42840,9024,0,0,12,12,3570,5355,1504,6859
3,42840,10716,0,0,12,12,3570,4374,6251,10625
3,42840,10716,0,0,12,12,3570,31875,893,32768
3,42840,11400,0,0,12,12,3570,6561,7600,14161
3,42840,36096,0,0,12,12,3570,6561,24064,30625
3,42874,442,0,0,13,13,3298,9375,34,9409
3,42900,104,0,0,13,13,3300,14625,16,14641
3,42900,35750,0,0,13,13,3300,6561,22000,28561
3,42952,13,0,0,13,13,3304,3363,1,3364
3,42952,35840,0,0,14,14,3068,921,2560,3481
3,42988,1100,0,0,11,11,3908,8793,200,8993
3,42988,10747,0,0,33,11,3908,3375,977,4352
3,43008,12,0,0,12,12,3584,7986,1,7987
3,43054,1133,0,0,11,11,3914,3993,103,4096
3,43054,11264,0,0,11,11,3914,6897,1024,7921
3,43056,276,0,0,12,12,3588,5385,23,5408
3,43056,31740,0,0,12,12,3588,3159,13225,16384
3,43092,154,0,0,14,14,3078,6804,55,6859
3,43092,1750,0,0,14,14,3078,3648,125,3773
3,43092,2128,0,0,14,14,3078,5625,304,5929
3,43092,4312,0,0,14,14,3078,6561,2464,9025
3,43120,77,0,0,11,11,3920,50625,28,50653
3,43120,88,0,0,11,11,3920,6561,64,6625
3,43120,98,0,0,14,14,3080,3993,7,4000
3,43120,112,0,0,14,14,3080,13467,8,13475
3,43120,280,0,0,42,14,3080,16767,40,16807
3,43120,322,0,0,14,14,3080,3750,23,3773
3,43120,448,0,0,14,14,3080,3993,32,4025
3,43120,1372,0,0,14,14,3080,5427,392,5819
3,43120,1628,0,0,11,11,3920,8427,148,8575
3,43120,1750,0,0,14,14,3080,22356,625,22981
3,43120,1876,0,0,14,14,3080,2187,938,3125
3,43120,2464,0,0,14,14,3080,10935,1232,12167
3,43120,2849,0,0,11,11,3920,2187,1813,4000
3,43120,3542,0,0,14,14,3080,13467,253,13720
3,43120,3752,0,0,14,14,3080,25875,536,26411
3,43120,5600,0,0,14,14,3080,13041,1600,14641
3,43120,6272,0,0,14,14,3080,13467,448,13915
3,43120,7168,0,0,14,14,3080,3465,1024,4489
3,43120,7406,0,0,14,14,3080,9075,529,9604
3,43120,8624,0,0,14,14,3080,2025,2464,4489
3,43120,8750,0,0,14,14,3080,3864,625,4489
3,43120,8960,0,0,14,14,3080,16281,3200,19481
3,43120,15778,0,0,14,14,3080,3993,1127,5120
3,43120,19250,0,0,14,14,3080,1701,6875,8576
3,43120,19712,0,0,14,14,3080,1875,1408,3283
3,43120,19943,0,0,11,11,3920,8427,1813,10240
3,43120,22400,0,0,14,14,3080,24321,1600,25921
3,43120,28336,0,0,14,14,3080,441,4048,4489
3,43120,28672,0,0,14,14,3080,1725,2048,3773
3,43120,30016,0,0,14,14,3080,3675,2144,5819
3,43120,31360,0,0,14,14,3080,9,4480,4489
3,43120,33614,0,0,14,14,3080,9375,2401,11776
3,43120,33880,0,0,14,14,3080,6561,19360,25921
3,43134,8216,0,0,13,13,3318,5625,1264,6889
3,43176,8400,0,0,12,12,3598,59049,7000,66049
3,43290,3185,0,0,13,13,3330,4107,245,4352
3,43296,15000,0,0,12,12,3608,9801,5000,14801
3,43296,19680,0,0,12,12,3608,59049,16400,75449
3,43316,896,0,0,14,14,3094,7203,64,7267
3,43316,31304,0,0,14,14,3094,441,4472,4913
3,43320,516,0,0,12,12,3610,4332,43,4375
3,43320,516,0,0,12,12,3610,7125,43,7168
3,43320,12288,0,0,12,12,3610,75411,4096,79507
3,43320,22188,0,0,12,12,3610,1875,1849,3724
3,43340,110,0,0,33,11,3940,5319,10,5329
3,43372,43372,0,0,42,14,3098,27,3098,3125
3,43400,14,0,0,14,14,3100,3750,1,3751
3,43400,434,0,0,14,14,3100,5625,62,5687
3,43428,33088,0,0,11,11,3948,225,6016,6241
3,43428,33088,0,0,11,11,3948,6561,24064,30625
3,43450,11,0,0,11,11,3950,6240,1,6241
3,43450,34375,0,0,11,11,3950,3888,15625,19513
3,43472,637,0,0,13,13,3344,14592,49,14641
3,43512,448,0,0,14,14,3108,2997,128,3125
3,43512,10878,0,0,42,14,3108,2187,1813,4000
3,43536,16500,0,0,12,12,3628,2721,1375,4096
3,43576,559,0,0,13,13,3352,16341,43,16384
3,43648,176,0,0,11,11,3968,29775,16,29791
3,43654,2392,0,0,13,13,3358,5145,184,5329
3,43654,6877,0,0,13,13,3358,4800,529,5329
3,43654,8125,0,0,13,13,3358,4704,625,5329
3,43654,31213,0,0,13,13,3358,9375,2401,11776
3,43656,12,0,0,12,12,3638,28560,1,28561
3,43656,12,0,0,36,12,3638,31212,1,31213
3,43656,84,0,0,12,12,3638,3750,7,3757
3,43656,300,0,0,12,12,3638,11424,25,11449
3,43656,588,0,0,12,12,3638,4815,98,4913
3,43656,768,0,0,12,12,3638,3969,256,4225
3,43656,3072,0,0,12,12,3638,8025,256,8281
3,43656,6144,0,0,12,12,3638,26001,2560,28561
3,43656,7680,0,0,12,12,3638,14739,640,15379
3,43656,9600,0,0,12,12,3638,60669,3200,63869
3,43656,12000,0,0,12,12,3638,243,5000,5243
3,43656,19500,0,0,12,12,3638,1701,8125,9826
3,43656,19968,0,0,12,12,3638,3969,6656,10625
3,43656,25500,0,0,12,12,3638,85683,2125,87808
3,43656,28812,0,0,12,12,3638,4875,2401,7276
3,43656,28812,0,0,12,12,3638,81120,2401,83521
3,43656,32448,0,0,12,12,3638,50421,2704,53125
3,43656,34476,0,0,12,12,3638,2247,2873,5120
3,43656,34944,0,0,12,12,3638,5625,5824,11449
3,43680,768,0,0,12,12,3640,3969,256,4225
3,43680,1456,0,0,42,14,3120,6021,104,6125
3,43680,27300,0,0,12,12,3640,1821,2275,4096
3,43708,28672,0,0,14,14,3122,15123,2048,17171
3,43736,11,0,0,33,11,3976,31212,1,31213
3,43736,539,0,0,11,11,3976,4992,49,5041
3,43736,2816,0,0,11,11,3976,15123,256,15379
3,43764,28672,0,0,14,14,3126,4761,4096,8857
3,43800,7500,0,0,12,12,3650,14016,625,14641
3,43800,36300,0,0,12,12,3650,9,6050,6059
3,43802,31856,0,0,11,11,3982,3993,2896,6889
3,43890,22528,0,0,11,11,3990,8379,4096,12475
3,43896,12,0,0,12,12,3658,3720,1,3721
3,43896,41772,0,0,12,12,3658,240,3481,3721
3,43940,13,0,0,13,13,3380,21627,5,21632
3,43940,26,0,0,13,13,3380,45123,2,45125
3,43940,8125,0,0,13,13,3380,3471,625,4096
3,43940,8125,0,0,13,13,3380,7296,625,7921
3,43940,11570,0,0,13,13,3380,243,4450,4693
3,43940,37544,0,0,13,13,3380,9,5776,5785
3,43940,41600,0,0,13,13,3380,1521,6400,7921
3,44000,11264,0,0,11,11,4000,7047,5120,12167
3,44044,91,0,0,13,13,3388,3993,7,4000
3,44044,832,0,0,13,13,3388,12705,64,12769
3,44044,17836,0,0,13,13,3388,9153,5488,14641
3,44044,28600,0,0,13,13,3388,3969,8800,12769
3,44044,31213,0,0,13,13,3388,1695,2401,4096
3,44070,104,0,0,13,13,3390,6561,64,6625
3,44160,12,0,0,36,12,3680,6048,1,6049
3,44160,240,0,0,36,12,3680,16767,40,16807
3,44160,588,0,0,12,12,3680,6000,49,6049
3,44160,8832,0,0,36,12,3680,5103,1472,6575
3,44160,28812,0,0,12,12,3680,9375,2401,11776
3,44208,24576,0,0,12,12,3684,2763,4096,6859
3,44240,4046,0,0,14,14,3160,5952,289,6241
3,44240,8960,0,0,14,14,3160,6399,2560,8959
3,44240,14756,0,0,14,14,3160,2025,4216,6241
3,44240,27650,0,0,14,14,3160,7533,9875,17408
3,44280,31488,0,0,12,12,3690,9375,2624,11999
3,44304,26,0,0,13,13,3408,15123,2,15125
3,44304,923,0,0,13,13,3408,77841,284,78125
3,44330,13,0,0,13,13,3410,3750,1,3751
3,44330,104,0,0,13,13,3410,9375,8,9383
3,44330,12493,0,0,13,13,3410,2559,961,3520
3,44380,4438,0,0,42,14,3170,4563,317,4880
3,44460,1508,0,0,13,13,3420,3249,232,3481
3,44496,96,0,0,12,12,3708,6561,64,6625
3,44496,43008,0,0,12,12,3708,1875,3584,5459
3,44520,96,0,0,12,12,3710,6561,64,6625
3,44520,112,0,0,14,14,3180,6561,64,6625
3,44520,112,0,0,14,14,3180,6837,8,6845
3,44520,10752,0,0,12,12,3710,13833,1792,15625
3,44520,31164,0,0,12,12,3710,2523,2597,5120
3,44520,33708,0,0,12,12,3710,38400,2809,41209
3,44590,13,0,0,13,13,3430,4224,1,4225
3,44590,13,0,0,13,13,3430,4455,4,4459
3,44590,91,0,0,13,13,3430,3993,7,4000
3,44590,169,0,0,13,13,3430,11979,26,12005
3,44590,637,0,0,39,13,3430,16335,49,16384
3,44590,832,0,0,13,13,3430,3969,256,4225
3,44590,832,0,0,13,13,3430,6591,64,6655
3,44590,4459,0,0,39,13,3430,3375,343,3718
3,44590,6292,0,0,13,13,3430,13689,1936,15625
3,44590,18928,0,0,13,13,3430,9801,5824,15625
3,44616,12,0,0,12,12,3718,3750,1,3751
3,44616,12,0,0,12,12,3718,4224,1,4225
3,44616,768,0,0,12,12,3718,6591,64,6655
3,44616,5808,0,0,12,12,3718,13689,1936,15625
3,44632,43750,0,0,14,14,3188,384,3125,3509
3,44660,14,0,0,14,14,3190,5775,1,5776
3,44660,14,0,0,14,14,3190,30624,1,30625
3,44660,98,0,0,14,14,3190,3993,7,4000
3,44660,98,0,0,14,14,3190,15972,7,15979
3,44660,98,0,0,14,14,3190,17496,49,17545
3,44660,686,0,0,14,14,3190,14592,49,14641
3,44660,770,0,0,14,14,3190,41154,55,41209
3,44660,812,0,0,42,14,3190,3267,58,3325
3,44660,2240,0,0,14,14,3190,6699,160,6859
3,44660,5054,0,0,14,14,3190,5568,361,5929
3,44660,5054,0,0,14,14,3190,75264,361,75625
3,44660,6272,0,0,14,14,3190,20577,448,21025
3,44660,11774,0,0,14,14,3190,11319,841,12160
3,44660,11774,0,0,14,14,3190,14784,841,15625
3,44660,14336,0,0,14,14,3190,16929,4096,21025
3,44660,19250,0,0,14,14,3190,20577,1375,21952
3,44660,24500,0,0,14,14,3190,9,3500,3509
3,44660,33614,0,0,14,14,3190,13224,2401,15625
3,44660,37730,0,0,14,14,3190,243,13475,13718
3,44694,40625,0,0,13,13,3438,573,3125,3698
3,44856,204,0,0,12,12,3738,10752,17,10769
3,44856,924,0,0,12,12,3738,4374,539,4913
3,44856,1068,0,0,36,12,3738,9261,89,9350
3,44856,1246,0,0,42,14,3204,6183,89,6272
3,44856,2040,0,0,12,12,3738,6561,1360,7921
3,44856,2400,0,0,12,12,3738,21627,1000,22627
3,44856,6144,0,0,12,12,3738,13617,1024,14641
3,44856,20400,0,0,12,12,3738,3969,6800,10769
3,44856,24576,0,0,12,12,3738,3825,4096,7921
3,44856,26700,0,0,12,12,3738,2688,2225,4913
3,44954,26,0,0,13,13,3458,29925,4,29929
3,44954,104,0,0,13,13,3458,21609,16,21625
3,44954,169,0,0,13,13,3458,48000,13,48013
3,44954,247,0,0,13,13,3458,15360,19,15379
3,44954,416,0,0,13,13,3458,15561,64,15625
3,44954,637,0,0,13,13,3458,62208,245,62453
3,44954,832,0,0,13,13,3458,3969,256,4225
3,44954,1456,0,0,13,13,3458,6747,112,6859
3,44954,2197,0,0,13,13,3458,25431,169,25600
3,44954,2249,0,0,13,13,3458,9555,173,9728
3,44954,2548,0,0,13,13,3458,59049,1960,61009
3,44954,3185,0,0,13,13,3458,42039,1225,43264
3,44954,4498,0,0,13,13,3458,29241,1384,30625
3,44954,13000,0,0,13,13,3458,13689,4000,17689
3,44954,17576,0,0,13,13,3458,7125,1352,8477
3,44954,17992,0,0,13,13,3458,2187,9688,11875
3,44954,20384,0,0,13,13,3458,1557,3136,4693
3,44954,22477,0,0,39,13,3458,4671,1729,6400
3,44954,31213,0,0,13,13,3458,1824,2401,4225
3,44954,41600,0,0,13,13,3458,117,6400,6517
3,45000,26880,0,0,12,12,3750,9,4480,4489
3,45052,33614,0,0,14,14,3218,9375,2401,11776
3,45080,14,0,0,14,14,3220,4116,1,4117
3,45080,33614,0,0,14,14,3220,9375,2401,11776
3,45110,65,0,0,13,13,3470,10752,5,10757
3,45110,26624,0,0,13,13,3470,279,4096,4375
3,45120,12,0,0,12,12,3760,9024,1,9025
3,45120,375,0,0,15,15,3008,11907,125,12032
3,45120,5880,0,0,15,15,3008,3807,1568,5375
3,45120,26508,0,0,12,12,3760,2673,11045,13718
3,45120,34545,0,0,15,15,3008,3072,2303,5375
3,45120,41160,0,0,15,15,3008,387,5488,5875
3,45120,45120,0,0,15,15,3008,6561,24064,30625
3,45188,481,0,0,13,13,3476,6204,37,6241
3,45188,13312,0,0,13,13,3476,5217,1024,6241
3,45192,10108,0,0,14,14,3228,2025,2888,4913
3,45210,2055,0,0,15,15,3014,6591,137,6728
3,45210,23595,0,0,15,15,3014,2523,1573,4096
3,45214,17797,0,0,13,13,3478,2256,1369,3625
3,45216,384,0,0,12,12,3768,63585,128,63713
3,45216,16224,0,0,12,12,3768,12717,5408,18125
3,45220,14,0,0,14,14,3230,10200,1,10201
3,45220,14,0,0,14,14,3230,24543,5,24548
3,45220,70,0,0,14,14,3230,29184,5,29189
3,45220,266,0,0,14,14,3230,10125,76,10201
3,45220,266,0,0,42,14,3230,15606,19,15625
3,45220,3584,0,0,14,14,3230,5625,512,6137
3,45220,8750,0,0,14,14,3230,5151,625,5776
3,45220,10108,0,0,14,14,3230,2025,2888,4913
3,45240,12,0,0,12,12,3770,32799,1,32800
3,45240,300,0,0,12,12,3770,28536,25,28561
3,45240,348,0,0,12,12,3770,6900,29,6929
3,45240,552,0,0,12,12,3770,6561,368,6929
3,45240,2400,0,0,12,12,3770,68121,800,68921
3,45240,3840,0,0,12,12,3770,3567,320,3887
3,45240,6348,0,0,12,12,3770,3567,529,4096
3,45240,10140,0,0,12,12,3770,5043,845,5888
3,45240,12288,0,0,12,12,3770,7047,5120,12167
3,45240,20172,0,0,12,12,3770,14703,1681,16384
3,45240,20184,0,0,12,12,3770,4761,3364,8125
3,45240,24000,0,0,12,12,3770,13689,8000,21689
3,45240,28536,0,0,12,12,3770,23805,4756,28561
3,45240,31740,0,0,12,12,3770,3159,13225,16384
3,45276,11326,0,0,14,14,3234,3993,809,4802
3,45292,11323,0,0,13,13,3484,15936,871,16807
3,45360,24576,0,0,12,12,3780,279,4096,4375
3,45448,52,0,0,13,13,3496,25281,8,25289
3,45450,11370,0,0,15,15,3030,6561,6064,12625
3,45472,196,0,0,14,14,3248,24375,14,24389
3,45472,896,0,0,14,14,3248,3969,256,4225
3,45472,8960,0,0,14,14,3248,1701,3200,4901
3,45474,104,0,0,13,13,3498,6561,64,6625
3,45474,22022,0,0,13,13,3498,2187,11858,14045
3,45500,13,0,0,13,13,3500,8748,7,8755
3,45500,325,0,0,39,13,3500,10584,25,10609
3,45500,1339,0,0,13,13,3500,5625,206,5831
3,45528,588,0,0,12,12,3794,12288,49,12337
3,45540,19965,0,0,15,15,3036,4557,1331,5888
3,45570,285,0,0,15,15,3038,3087,38,3125
3,45570,735,0,0,15,15,3038,9375,49,9424
3,45570,5145,0,0,15,15,3038,11532,343,11875
3,45570,30720,0,0,15,15,3038,279,4096,4375
3,45576,24000,0,0,12,12,3798,9,4000,4009
3,45672,12,0,0,12,12,3806,25431,1,25432
3,45672,924,0,0,12,12,3806,4374,539,4913
3,45696,6096,0,0,12,12,3808,6561,4064,10625
3,45724,602,0,0,14,14,3266,6816,43,6859
3,45750,1500,0,0,15,15,3050,4941,400,5341
3,45750,7680,0,0,15,15,3050,5625,1024,6649
3,45750,36015,0,0,15,15,3050,4575,2401,6976
3,45752,25886,0,0,14,14,3268,37500,1849,39349
3,45816,9960,0,0,12,12,3818,243,4150,4393
3,45840,768,0,0,12,12,3820,3969,256,4225
3,45870,1815,0,0,15,15,3058,19200,121,19321
3,45892,3388,0,0,14,14,3278,5625,484,6109
3,45900,4800,0,0,15,15,3060,4593,320,4913
