U,d,sigma1,sigma2,sigma3,r,t,e,a,b,n
3,5020,1,0,0,1,1,5020,7776,5,7781
3,5038,229,0,0,1,1,5038,9375,229,9604
3,5038,4096,0,0,1,1,5038,1125,8192,9317
3,5068,2197,0,0,1,1,5068,81,8788,8869
3,5080,7,0,0,1,1,5080,15360,7,15367
3,5080,127,0,0,1,1,5080,8448,127,8575
3,5080,3175,0,0,1,1,5080,3993,3175,7168
3,5080,4096,0,0,1,1,5080,1125,8192,9317
3,5088,8,0,0,1,1,5088,6561,64,6625
3,5088,24,0,0,3,1,5088,6561,64,6625
3,5092,67,0,0,1,1,5092,6792,67,6859
3,5108,73,0,0,1,1,5108,62208,365,62573
3,5108,256,0,0,1,1,5108,11493,512,12005
3,5108,625,0,0,1,1,5108,4704,625,5329
3,5110,4,0,0,1,1,5110,5325,4,5329
3,5110,625,0,0,1,1,5110,4704,625,5329
3,5110,2560,0,0,1,1,5110,63,5120,5183
3,5138,700,0,0,1,1,5138,59049,7000,66049
3,5146,1024,0,0,1,1,5146,11979,2048,14027
3,5148,8,0,0,1,1,5148,14625,16,14641
3,5148,1133,0,0,1,1,5148,6561,9064,15625
3,5148,2750,0,0,1,1,5148,6561,22000,28561
3,5150,1,0,0,1,1,5150,35328,1,35329
3,5150,25,0,0,3,1,5150,10584,25,10609
3,5150,392,0,0,1,1,5150,50301,2744,53045
3,5150,2116,0,0,1,1,5150,8343,8464,16807
3,5150,2401,0,0,1,1,5150,9375,2401,11776
3,5160,29,0,0,1,1,5160,7776,145,7921
3,5168,1,0,0,1,1,5168,9024,1,9025
3,5168,5,0,0,1,1,5168,43923,5,43928
3,5168,11,0,0,1,1,5168,111537,88,111625
3,5168,16,0,0,3,1,5168,34263,32,34295
3,5168,19,0,0,3,1,5168,15606,19,15625
3,5168,47,0,0,1,1,5168,20625,47,20672
3,5168,121,0,0,1,1,5168,15504,121,15625
3,5168,125,0,0,1,1,5168,8664,125,8789
3,5168,256,0,0,1,1,5168,5625,512,6137
3,5168,272,0,0,1,1,5168,5415,272,5687
3,5168,470,0,0,1,1,5168,23409,1880,25289
3,5168,484,0,0,1,1,5168,6375,484,6859
3,5168,893,0,0,1,1,5168,31875,893,32768
3,5168,1786,0,0,1,1,5168,81,7144,7225
3,5168,1805,0,0,1,1,5168,14739,1805,16544
3,5168,2209,0,0,1,1,5168,5016,2209,7225
3,5168,2209,0,0,1,1,5168,2673,11045,13718
3,5168,2888,0,0,1,1,5168,99,5776,5875
3,5168,4096,0,0,1,1,5168,51183,8192,59375
3,5168,4913,0,0,1,1,5168,9375,4913,14288
3,5172,431,0,0,1,1,5172,7761,431,8192
3,5180,7,0,0,1,1,5180,50625,28,50653
3,5190,59,0,0,1,1,5190,33216,59,33275
3,5198,2,0,0,1,1,5198,13221,4,13225
3,5198,2645,0,0,1,1,5198,3159,13225,16384
3,5206,19,0,0,1,1,5206,6561,152,6713
3,5236,1,0,0,1,1,5236,9408,1,9409
3,5250,75,0,0,3,1,5250,8181,100,8281
3,5250,101,0,0,1,1,5250,7776,505,8281
3,5250,455,0,0,1,1,5250,6561,3640,10201
3,5250,5096,0,0,1,1,5250,9,10192,10201
3,5252,5041,0,0,1,1,5252,1212,5041,6253
3,5270,68,0,0,1,1,5270,29655,136,29791
3,5270,2636,0,0,1,1,5270,81,10544,10625
3,5276,832,0,0,1,1,5276,7569,1664,9233
3,5278,1,0,0,1,1,5278,30624,1,30625
3,5278,4,0,0,1,1,5278,21021,4,21025
3,5278,7,0,0,1,1,5278,17496,49,17545
3,5278,13,0,0,1,1,5278,11979,26,12005
3,5278,22,0,0,1,1,5278,30537,88,30625
3,5278,25,0,0,1,1,5278,117624,25,117649
3,5278,49,0,0,1,1,5278,73167,49,73216
3,5278,64,0,0,1,1,5278,6591,64,6655
3,5278,64,0,0,1,1,5278,24057,448,24505
3,5278,484,0,0,1,1,5278,13689,1936,15625
3,5278,625,0,0,1,1,5278,7656,625,8281
3,5278,841,0,0,1,1,5278,14784,841,15625
3,5278,1456,0,0,1,1,5278,9801,5824,15625
3,5278,2197,0,0,1,1,5278,18711,10985,29696
3,5278,2401,0,0,1,1,5278,32799,2401,35200
3,5278,2704,0,0,1,1,5278,27783,10816,38599
3,5278,3625,0,0,1,1,5278,13182,3625,16807
3,5278,3640,0,0,1,1,5278,81,14560,14641
3,5278,3712,0,0,1,1,5278,441,7424,7865
3,5278,4096,0,0,1,1,5278,1125,8192,9317
3,5290,2401,0,0,1,1,5290,9375,2401,11776
3,5298,8,0,0,1,1,5298,6561,64,6625
3,5300,1,0,0,1,1,5300,58080,1,58081
3,5300,8,0,0,1,1,5300,6561,64,6625
3,5318,100,0,0,1,1,5318,50421,100,50521
3,5318,2659,0,0,1,1,5318,4200,2659,6859
3,5318,2659,0,0,1,1,5318,7581,2659,10240
3,5318,2659,0,0,3,1,5318,3591,2659,6250
3,5328,128,0,0,1,1,5328,6561,1024,7585
3,5328,1352,0,0,1,1,5328,2997,5408,8405
3,5330,1,0,0,1,1,5330,15375,1,15376
3,5330,13,0,0,1,1,5330,6561,104,6665
3,5330,205,0,0,1,1,5330,12288,205,12493
3,5330,208,0,0,1,1,5330,72075,208,72283
3,5330,248,0,0,1,1,5330,15129,496,15625
3,5330,688,0,0,1,1,5330,38025,1376,39401
3,5330,961,0,0,1,1,5330,5289,961,6250
3,5330,1849,0,0,1,1,5330,4875,1849,6724
3,5330,2015,0,0,1,1,5330,62208,10075,72283
3,5330,2048,0,0,1,1,5330,1053,8192,9245
3,5330,3328,0,0,1,1,5330,9,6656,6665
3,5332,1,0,0,1,1,5332,16383,1,16384
3,5332,1,0,0,3,1,5332,8127,1,8128
3,5336,184,0,0,1,1,5336,24021,368,24389
3,5338,4,0,0,1,1,5338,7209,16,7225
3,5348,125,0,0,1,1,5348,109443,125,109568
3,5354,1,0,0,1,1,5354,6591,1,6592
3,5356,1,0,0,1,1,5356,6591,1,6592
3,5360,1,0,0,1,1,5360,22980,1,22981
3,5360,100,0,0,1,1,5360,31023,400,31423
3,5368,1,0,0,1,1,5368,14640,1,14641
3,5378,125,0,0,1,1,5378,8067,125,8192
3,5380,1345,0,0,3,1,5380,9477,2690,12167
3,5390,49,0,0,3,1,5390,16335,49,16384
3,5390,4096,0,0,1,1,5390,1125,8192,9317
3,5402,5329,0,0,1,1,5402,147,5329,5476
3,5418,3125,0,0,1,1,5418,5547,3125,8672
3,5432,1,0,0,1,1,5432,5928,1,5929
3,5432,1,0,0,1,1,5432,9408,1,9409
3,5432,1,0,0,3,1,5432,34047,1,34048
3,5432,38,0,0,1,1,5432,16731,76,16807
3,5432,49,0,0,1,1,5432,14592,49,14641
3,5432,97,0,0,1,1,5432,6591,97,6688
3,5432,169,0,0,1,1,5432,7203,169,7372
3,5432,1573,0,0,1,1,5432,567,6292,6859
3,5432,2888,0,0,1,1,5432,9603,5776,15379
3,5434,19,0,0,3,1,5434,18252,19,18271
3,5440,625,0,0,1,1,5440,4131,3125,7256
3,5450,1,0,0,1,1,5450,68121,4,68125
3,5450,256,0,0,1,1,5450,15369,256,15625
3,5472,912,0,0,3,1,5472,6561,2432,8993
3,5498,5498,0,0,3,1,5498,3645,10996,14641
3,5500,4096,0,0,1,1,5500,1125,8192,9317
3,5510,8,0,0,1,1,5510,6561,64,6625
3,5510,13,0,0,1,1,5510,6612,13,6625
3,5510,361,0,0,1,1,5510,8427,361,8788
3,5510,361,0,0,1,1,5510,10875,361,11236
3,5510,464,0,0,1,1,5510,32805,3712,36517
3,5510,725,0,0,1,1,5510,3159,3625,6784
3,5510,1216,0,0,1,1,5510,6525,2432,8957
3,5510,1444,0,0,1,1,5510,2349,5776,8125
3,5510,3125,0,0,1,1,5510,8427,3125,11552
3,5510,4028,0,0,1,1,5510,7569,8056,15625
3,5510,4205,0,0,1,1,5510,85683,4205,89888
3,5518,1,0,0,1,1,5518,7935,1,7936
3,5528,1,0,0,3,1,5528,13824,1,13825
3,5528,625,0,0,1,1,5528,18723,625,19348
3,5528,2401,0,0,1,1,5528,3840,2401,6241
3,5528,5056,0,0,1,1,5528,45927,40448,86375
3,5530,1,0,0,1,1,5530,57624,1,57625
3,5530,1,0,0,3,1,5530,13824,1,13825
3,5530,2401,0,0,1,1,5530,3840,2401,6241
3,5542,1,0,0,1,1,5542,7986,1,7987
3,5544,3,0,0,3,1,5544,24057,7,24064
3,5544,512,0,0,1,1,5544,6627,512,7139
3,5548,4096,0,0,1,1,5548,29241,16384,45625
3,5564,107,0,0,1,1,5564,36501,107,36608
3,5570,1225,0,0,1,1,5570,243,6125,6368
3,5574,929,0,0,3,1,5574,27648,929,28577
3,5588,1,0,0,1,1,5588,16383,1,16384
3,5588,4,0,0,1,1,5588,16125,4,16129
3,5588,5,0,0,1,1,5588,6144,5,6149
3,5588,8,0,0,1,1,5588,14625,16,14641
3,5588,13,0,0,1,1,5588,48387,13,48400
3,5588,16,0,0,1,1,5588,15609,16,15625
3,5588,64,0,0,1,1,5588,6591,64,6655
3,5588,484,0,0,1,1,5588,13689,1936,15625
3,5588,520,0,0,1,1,5588,15609,520,16129
3,5588,559,0,0,1,1,5588,6096,559,6655
3,5588,2000,0,0,1,1,5588,10449,10000,20449
3,5588,2048,0,0,1,1,5588,1053,8192,9245
3,5588,2197,0,0,1,1,5588,5547,2197,7744
3,5588,2750,0,0,1,1,5588,6561,22000,28561
3,5590,625,0,0,1,1,5590,53664,625,54289
3,5590,2197,0,0,1,1,5590,5625,4394,10019
3,5600,1,0,0,1,1,5600,16806,1,16807
3,5608,5608,0,0,1,1,5608,6561,44864,51425
3,5610,5,0,0,3,1,5610,7803,5,7808
3,5610,17,0,0,3,1,5610,7425,17,7442
3,5610,23,0,0,1,1,5610,14739,23,14762
3,5610,32,0,0,1,1,5610,122793,32,122825
3,5610,3128,0,0,1,1,5610,1125,6256,7381
3,5610,5000,0,0,1,1,5610,3993,5000,8993
3,5610,5000,0,0,1,1,5610,12627,10000,22627
3,5612,256,0,0,1,1,5612,8967,256,9223
3,5612,1952,0,0,1,1,5612,81,7808,7889
3,5618,8,0,0,1,1,5618,6561,64,6625
3,5618,2048,0,0,1,1,5618,2529,4096,6625
3,5626,1,0,0,1,1,5626,9408,1,9409
3,5640,125,0,0,1,1,5640,18816,125,18941
3,5640,2000,0,0,1,1,5640,95823,8000,103823
3,5640,2450,0,0,1,1,5640,243,12250,12493
3,5640,3008,0,0,1,1,5640,6561,24064,30625
3,5640,3584,0,0,1,1,5640,117,7168,7285
3,5640,4340,0,0,1,1,5640,19881,8680,28561
3,5642,1,0,0,1,1,5642,6723,4,6727
3,5642,1,0,0,3,1,5642,31212,1,31213
3,5642,13,0,0,1,1,5642,42483,13,42496
3,5642,32,0,0,1,1,5642,6723,128,6851
3,5642,83,0,0,1,1,5642,17493,83,17576
3,5642,124,0,0,1,1,5642,6561,992,7553
3,5642,136,0,0,1,1,5642,6591,136,6727
3,5642,289,0,0,1,1,5642,20667,289,20956
3,5642,578,0,0,1,1,5642,5733,1156,6889
3,5642,637,0,0,1,1,5642,14739,637,15376
3,5642,2821,0,0,3,1,5642,7803,2821,10624
3,5642,3224,0,0,1,1,5642,441,6448,6889
3,5642,4913,0,0,1,1,5642,1743,4913,6656
3,5642,4913,0,0,1,1,5642,9114,4913,14027
3,5642,5312,0,0,1,1,5642,9,10624,10633
3,5654,257,0,0,1,1,5654,24057,1799,25856
3,5668,2401,0,0,1,1,5668,26160,2401,28561
3,5668,5488,0,0,1,1,5668,9,10976,10985
3,5678,625,0,0,1,1,5678,27264,625,27889
3,5696,356,0,0,1,1,5696,11979,712,12691
3,5698,1,0,0,1,1,5698,5775,1,5776
3,5698,7,0,0,1,1,5698,50625,28,50653
3,5698,19,0,0,1,1,5698,130977,95,131072
3,5698,49,0,0,1,1,5698,14592,49,14641
3,5698,250,0,0,1,1,5698,8991,1250,10241
3,5698,259,0,0,1,1,5698,6600,259,6859
3,5698,259,0,0,1,1,5698,11616,259,11875
3,5698,361,0,0,1,1,5698,8214,361,8575
3,5698,361,0,0,1,1,5698,75264,361,75625
3,5698,592,0,0,1,1,5698,20691,1184,21875
3,5698,814,0,0,3,1,5698,16875,814,17689
3,5698,880,0,0,1,1,5698,2997,3520,6517
3,5698,1216,0,0,1,1,5698,5439,1216,6655
3,5698,1369,0,0,1,1,5698,4560,1369,5929
3,5698,1375,0,0,1,1,5698,20577,1375,21952
3,5698,1813,0,0,1,1,5698,3249,3626,6875
3,5698,2401,0,0,1,1,5698,23199,2401,25600
3,5698,2695,0,0,1,1,5698,243,13475,13718
3,5698,4096,0,0,1,1,5698,1125,8192,9317
3,5698,4096,0,0,1,1,5698,10545,4096,14641
3,5718,8,0,0,1,1,5718,14625,16,14641
3,5718,953,0,0,3,1,5718,6912,953,7865
3,5718,2048,0,0,1,1,5718,243,10240,10483
3,5718,2750,0,0,1,1,5718,6561,22000,28561
3,5720,8,0,0,1,1,5720,14625,16,14641
3,5720,64,0,0,1,1,5720,6591,64,6655
3,5720,484,0,0,1,1,5720,13689,1936,15625
3,5720,968,0,0,1,1,5720,6561,7744,14305
3,5720,2750,0,0,1,1,5720,6561,22000,28561
3,5738,1,0,0,1,1,5738,22800,1,22801
3,5738,25,0,0,1,1,5738,16359,25,16384
3,5738,32,0,0,1,1,5738,6795,64,6859
3,5738,95,0,0,1,1,5738,11907,475,12382
3,5738,133,0,0,1,1,5738,21870,931,22801
3,5738,779,0,0,1,1,5738,50421,779,51200
3,5738,1280,0,0,1,1,5738,15129,2560,17689
3,5738,1681,0,0,1,1,5738,45927,13448,59375
3,5738,1681,0,0,1,1,5738,115968,1681,117649
3,5738,4655,0,0,1,1,5738,1536,4655,6191
3,5738,5248,0,0,1,1,5738,8379,10496,18875
3,5740,1,0,0,1,1,5740,30624,1,30625
3,5740,7,0,0,1,1,5740,17496,49,17545
3,5740,22,0,0,1,1,5740,18081,44,18125
3,5740,25,0,0,1,1,5740,6699,25,6724
3,5740,49,0,0,1,1,5740,9963,245,10208
3,5740,196,0,0,1,1,5740,54375,196,54571
3,5740,256,0,0,1,1,5740,15375,256,15631
3,5740,841,0,0,1,1,5740,14784,841,15625
3,5740,841,0,0,1,1,5740,30135,841,30976
3,5740,3025,0,0,1,1,5740,9963,15125,25088
3,5740,3625,0,0,1,1,5740,243,18125,18368
3,5740,4096,0,0,1,1,5740,1125,8192,9317
3,5770,1,0,0,1,1,5770,7500,1,7501
3,5770,1369,0,0,1,1,5770,2025,5476,7501
3,5780,1,0,0,1,1,5780,14160,1,14161
3,5808,4067,0,0,1,1,5808,4125,4067,8192
3,5822,71,0,0,1,1,5822,13377,71,13448
3,5822,256,0,0,1,1,5822,15123,256,15379
3,5828,8,0,0,1,1,5828,6561,64,6625
3,5828,25,0,0,1,1,5828,18048,25,18073
3,5828,248,0,0,1,1,5828,6627,248,6875
3,5840,2048,0,0,1,1,5840,5175,4096,9271
3,5848,289,0,0,1,1,5848,6591,289,6880
3,5850,8,0,0,1,1,5850,9009,16,9025
3,5850,8,0,0,1,1,5850,14625,16,14641
3,5850,11,0,0,1,1,5850,6804,55,6859
3,5850,11,0,0,1,1,5850,9375,11,9386
3,5850,32,0,0,1,1,5850,15561,64,15625
3,5850,38,0,0,1,1,5850,16731,76,16807
3,5850,152,0,0,1,1,5850,5625,304,5929
3,5850,308,0,0,1,1,5850,6561,2464,9025
3,5850,605,0,0,1,1,5850,2187,4235,6422
3,5850,722,0,0,1,1,5850,10125,2888,13013
3,5850,1859,0,0,1,1,5850,2187,13013,15200
3,5850,2375,0,0,1,1,5850,28431,16625,45056
3,5850,2750,0,0,1,1,5850,6561,22000,28561
3,5850,3146,0,0,1,1,5850,225,6292,6517
3,5850,3200,0,0,1,1,5850,117,6400,6517
3,5850,3200,0,0,1,1,5850,1881,6400,8281
3,5850,3380,0,0,1,1,5850,99,6760,6859
3,5850,3872,0,0,1,1,5850,567,15488,16055
3,5850,4394,0,0,1,1,5850,3087,8788,11875
3,5852,49,0,0,1,1,5852,14592,49,14641
3,5858,1,0,0,1,1,5858,9375,1,9376
3,5860,1,0,0,1,1,5860,9375,1,9376
3,5874,89,0,0,3,1,5874,19008,89,19097
3,5880,8,0,0,1,1,5880,21609,16,21625
3,5888,1,0,0,1,1,5888,7935,1,7936
3,5894,1,0,0,3,1,5894,9261,1,9262
3,5894,256,0,0,1,1,5894,27951,256,28207
3,5900,3328,0,0,1,1,5900,81,13312,13393
3,5908,49,0,0,1,1,5908,24576,49,24625
3,5908,5275,0,0,1,1,5908,1029,5275,6304
3,5920,1,0,0,3,1,5920,12690,1,12691
3,5920,7,0,0,1,1,5920,50625,28,50653
3,5920,25,0,0,1,1,5920,11907,125,12032
3,5920,625,0,0,1,1,5920,6627,625,7252
3,5920,2209,0,0,1,1,5920,28416,2209,30625
3,5934,989,0,0,1,1,5934,7203,989,8192
3,5950,343,0,0,1,1,5950,7533,1715,9248
3,5978,7,0,0,3,1,5978,18225,14,18239
3,5978,46,0,0,1,1,5978,10125,184,10309
3,5978,49,0,0,3,1,5978,13176,49,13225
3,5978,52,0,0,1,1,5978,11907,260,12167
3,5978,169,0,0,1,1,5978,15456,169,15625
3,5978,448,0,0,1,1,5978,33489,896,34385
3,5978,455,0,0,1,1,5978,11712,455,12167
3,5978,488,0,0,1,1,5978,6561,3904,10465
3,5978,529,0,0,1,1,5978,117120,529,117649
3,5978,575,0,0,1,1,5978,19773,1150,20923
3,5978,1952,0,0,1,1,5978,81,7808,7889
3,5978,2401,0,0,1,1,5978,9375,2401,11776
3,5978,2645,0,0,1,1,5978,3159,13225,16384
3,5978,3200,0,0,1,1,5978,8967,3200,12167
3,5978,3416,0,0,1,1,5978,45,6832,6877
3,5978,3721,0,0,1,1,5978,6279,3721,10000
3,5978,4459,0,0,1,1,5978,36501,4459,40960
3,5978,5408,0,0,1,1,5978,8967,5408,14375
3,5978,5488,0,0,1,1,5978,9,10976,10985
3,5984,512,0,0,1,1,5984,9801,2048,11849
3,10040,2,0,0,2,2,5020,7776,5,7781
3,10076,458,0,0,2,2,5038,9375,229,9604
3,10076,8192,0,0,2,2,5038,1125,8192,9317
3,10136,4394,0,0,2,2,5068,81,8788,8869
3,10160,14,0,0,2,2,5080,15360,7,15367
3,10160,254,0,0,2,2,5080,8448,127,8575
3,10160,6350,0,0,2,2,5080,3993,3175,7168
3,10160,8192,0,0,2,2,5080,1125,8192,9317
3,10176,16,0,0,2,2,5088,6561,64,6625
3,10176,48,0,0,6,2,5088,6561,64,6625
3,10184,134,0,0,2,2,5092,6792,67,6859
3,10216,146,0,0,2,2,5108,62208,365,62573
3,10216,512,0,0,2,2,5108,11493,512,12005
3,10216,1250,0,0,2,2,5108,4704,625,5329
3,10220,8,0,0,2,2,5110,5325,4,5329
3,10220,1250,0,0,2,2,5110,4704,625,5329
3,10220,5120,0,0,2,2,5110,63,5120,5183
3,10276,1400,0,0,2,2,5138,59049,7000,66049
3,10292,2048,0,0,2,2,5146,11979,2048,14027
3,10296,16,0,0,2,2,5148,14625,16,14641
3,10296,2266,0,0,2,2,5148,6561,9064,15625
3,10296,5500,0,0,2,2,5148,6561,22000,28561
3,10300,2,0,0,2,2,5150,35328,1,35329
3,10300,50,0,0,6,2,5150,10584,25,10609
3,10300,784,0,0,2,2,5150,50301,2744,53045
3,10300,4232,0,0,2,2,5150,8343,8464,16807
3,10300,4802,0,0,2,2,5150,9375,2401,11776
3,10320,58,0,0,2,2,5160,7776,145,7921
3,10336,2,0,0,2,2,5168,9024,1,9025
3,10336,10,0,0,2,2,5168,43923,5,43928
3,10336,22,0,0,2,2,5168,111537,88,111625
3,10336,32,0,0,6,2,5168,34263,32,34295
3,10336,38,0,0,6,2,5168,15606,19,15625
3,10336,94,0,0,2,2,5168,20625,47,20672
3,10336,242,0,0,2,2,5168,15504,121,15625
3,10336,250,0,0,2,2,5168,8664,125,8789
3,10336,512,0,0,2,2,5168,5625,512,6137
3,10336,544,0,0,2,2,5168,5415,272,5687
3,10336,940,0,0,2,2,5168,23409,1880,25289
3,10336,968,0,0,2,2,5168,6375,484,6859
3,10336,1786,0,0,2,2,5168,31875,893,32768
3,10336,3572,0,0,2,2,5168,81,7144,7225
3,10336,3610,0,0,2,2,5168,14739,1805,16544
3,10336,4418,0,0,2,2,5168,5016,2209,7225
3,10336,4418,0,0,2,2,5168,2673,11045,13718
3,10336,5776,0,0,2,2,5168,99,5776,5875
3,10336,8192,0,0,2,2,5168,51183,8192,59375
3,10336,9826,0,0,2,2,5168,9375,4913,14288
3,10344,862,0,0,2,2,5172,7761,431,8192
3,10360,14,0,0,2,2,5180,50625,28,50653
3,10380,118,0,0,2,2,5190,33216,59,33275
3,10396,4,0,0,2,2,5198,13221,4,13225
3,10396,5290,0,0,2,2,5198,3159,13225,16384
3,10412,38,0,0,2,2,5206,6561,152,6713
3,10472,2,0,0,2,2,5236,9408,1,9409
3,10500,150,0,0,6,2,5250,8181,100,8281
3,10500,202,0,0,2,2,5250,7776,505,8281
3,10500,910,0,0,2,2,5250,6561,3640,10201
3,10500,10192,0,0,2,2,5250,9,10192,10201
3,10504,10082,0,0,2,2,5252,1212,5041,6253
3,10540,136,0,0,2,2,5270,29655,136,29791
3,10540,5272,0,0,2,2,5270,81,10544,10625
3,10552,1664,0,0,2,2,5276,7569,1664,9233
3,10556,2,0,0,2,2,5278,30624,1,30625
3,10556,8,0,0,2,2,5278,21021,4,21025
3,10556,14,0,0,2,2,5278,17496,49,17545
3,10556,26,0,0,2,2,5278,11979,26,12005
3,10556,44,0,0,2,2,5278,30537,88,30625
3,10556,50,0,0,2,2,5278,117624,25,117649
3,10556,98,0,0,2,2,5278,73167,49,73216
3,10556,128,0,0,2,2,5278,6591,64,6655
3,10556,128,0,0,2,2,5278,24057,448,24505
3,10556,968,0,0,2,2,5278,13689,1936,15625
3,10556,1250,0,0,2,2,5278,7656,625,8281
3,10556,1682,0,0,2,2,5278,14784,841,15625
3,10556,2912,0,0,2,2,5278,9801,5824,15625
3,10556,4394,0,0,2,2,5278,18711,10985,29696
3,10556,4802,0,0,2,2,5278,32799,2401,35200
3,10556,5408,0,0,2,2,5278,27783,10816,38599
3,10556,7250,0,0,2,2,5278,13182,3625,16807
3,10556,7280,0,0,2,2,5278,81,14560,14641
3,10556,7424,0,0,2,2,5278,441,7424,7865
3,10556,8192,0,0,2,2,5278,1125,8192,9317
3,10580,4802,0,0,2,2,5290,9375,2401,11776
3,10596,16,0,0,2,2,5298,6561,64,6625
3,10600,2,0,0,2,2,5300,58080,1,58081
3,10600,16,0,0,2,2,5300,6561,64,6625
3,10636,200,0,0,2,2,5318,50421,100,50521
3,10636,5318,0,0,2,2,5318,4200,2659,6859
3,10636,5318,0,0,2,2,5318,7581,2659,10240
3,10636,5318,0,0,6,2,5318,3591,2659,6250
3,10656,256,0,0,2,2,5328,6561,1024,7585
3,10656,2704,0,0,2,2,5328,2997,5408,8405
3,10660,2,0,0,2,2,5330,15375,1,15376
3,10660,26,0,0,2,2,5330,6561,104,6665
3,10660,410,0,0,2,2,5330,12288,205,12493
3,10660,416,0,0,2,2,5330,72075,208,72283
3,10660,496,0,0,2,2,5330,15129,496,15625
3,10660,1376,0,0,2,2,5330,38025,1376,39401
3,10660,1922,0,0,2,2,5330,5289,961,6250
3,10660,3698,0,0,2,2,5330,4875,1849,6724
3,10660,4030,0,0,2,2,5330,62208,10075,72283
3,10660,4096,0,0,2,2,5330,1053,8192,9245
3,10660,6656,0,0,2,2,5330,9,6656,6665
3,10664,2,0,0,2,2,5332,16383,1,16384
3,10664,2,0,0,6,2,5332,8127,1,8128
3,10672,368,0,0,2,2,5336,24021,368,24389
3,10676,8,0,0,2,2,5338,7209,16,7225
3,10696,250,0,0,2,2,5348,109443,125,109568
3,10708,2,0,0,2,2,5354,6591,1,6592
3,10712,2,0,0,2,2,5356,6591,1,6592
3,10720,2,0,0,2,2,5360,22980,1,22981
3,10720,200,0,0,2,2,5360,31023,400,31423
3,10736,2,0,0,2,2,5368,14640,1,14641
3,10756,250,0,0,2,2,5378,8067,125,8192
3,10760,2690,0,0,6,2,5380,9477,2690,12167
3,10780,98,0,0,6,2,5390,16335,49,16384
3,10780,8192,0,0,2,2,5390,1125,8192,9317
3,10804,10658,0,0,2,2,5402,147,5329,5476
3,10836,6250,0,0,2,2,5418,5547,3125,8672
3,10864,2,0,0,2,2,5432,5928,1,5929
3,10864,2,0,0,2,2,5432,9408,1,9409
3,10864,2,0,0,6,2,5432,34047,1,34048
3,10864,76,0,0,2,2,5432,16731,76,16807
3,10864,98,0,0,2,2,5432,14592,49,14641
3,10864,194,0,0,2,2,5432,6591,97,6688
3,10864,338,0,0,2,2,5432,7203,169,7372
3,10864,3146,0,0,2,2,5432,567,6292,6859
3,10864,5776,0,0,2,2,5432,9603,5776,15379
3,10868,38,0,0,6,2,5434,18252,19,18271
3,10880,1250,0,0,2,2,5440,4131,3125,7256
3,10900,2,0,0,2,2,5450,68121,4,68125
3,10900,512,0,0,2,2,5450,15369,256,15625
3,10944,1824,0,0,6,2,5472,6561,2432,8993
3,10996,10996,0,0,6,2,5498,3645,10996,14641
3,11000,8192,0,0,2,2,5500,1125,8192,9317
3,11020,16,0,0,2,2,5510,6561,64,6625
3,11020,26,0,0,2,2,5510,6612,13,6625
3,11020,722,0,0,2,2,5510,8427,361,8788
3,11020,722,0,0,2,2,5510,10875,361,11236
3,11020,928,0,0,2,2,5510,32805,3712,36517
3,11020,1450,0,0,2,2,5510,3159,3625,6784
3,11020,2432,0,0,2,2,5510,6525,2432,8957
3,11020,2888,0,0,2,2,5510,2349,5776,8125
3,11020,6250,0,0,2,2,5510,8427,3125,11552
3,11020,8056,0,0,2,2,5510,7569,8056,15625
3,11020,8410,0,0,2,2,5510,85683,4205,89888
3,11036,2,0,0,2,2,5518,7935,1,7936
3,11056,2,0,0,6,2,5528,13824,1,13825
3,11056,1250,0,0,2,2,5528,18723,625,19348
3,11056,4802,0,0,2,2,5528,3840,2401,6241
3,11056,10112,0,0,2,2,5528,45927,40448,86375
3,11060,2,0,0,2,2,5530,57624,1,57625
3,11060,2,0,0,6,2,5530,13824,1,13825
3,11060,4802,0,0,2,2,5530,3840,2401,6241
3,11084,2,0,0,2,2,5542,7986,1,7987
3,11088,6,0,0,6,2,5544,24057,7,24064
3,11088,1024,0,0,2,2,5544,6627,512,7139
3,11096,8192,0,0,2,2,5548,29241,16384,45625
3,11128,214,0,0,2,2,5564,36501,107,36608
3,11140,2450,0,0,2,2,5570,243,6125,6368
3,11148,1858,0,0,6,2,5574,27648,929,28577
3,11176,2,0,0,2,2,5588,16383,1,16384
3,11176,8,0,0,2,2,5588,16125,4,16129
3,11176,10,0,0,2,2,5588,6144,5,6149
3,11176,16,0,0,2,2,5588,14625,16,14641
3,11176,26,0,0,2,2,5588,48387,13,48400
3,11176,32,0,0,2,2,5588,15609,16,15625
3,11176,128,0,0,2,2,5588,6591,64,6655
3,11176,968,0,0,2,2,5588,13689,1936,15625
3,11176,1040,0,0,2,2,5588,15609,520,16129
3,11176,1118,0,0,2,2,5588,6096,559,6655
3,11176,4000,0,0,2,2,5588,10449,10000,20449
3,11176,4096,0,0,2,2,5588,1053,8192,9245
3,11176,4394,0,0,2,2,5588,5547,2197,7744
3,11176,5500,0,0,2,2,5588,6561,22000,28561
3,11180,1250,0,0,2,2,5590,53664,625,54289
3,11180,4394,0,0,2,2,5590,5625,4394,10019
3,11200,2,0,0,2,2,5600,16806,1,16807
3,11216,11216,0,0,2,2,5608,6561,44864,51425
3,11220,10,0,0,6,2,5610,7803,5,7808
3,11220,34,0,0,6,2,5610,7425,17,7442
3,11220,46,0,0,2,2,5610,14739,23,14762
3,11220,64,0,0,2,2,5610,122793,32,122825
3,11220,6256,0,0,2,2,5610,1125,6256,7381
3,11220,10000,0,0,2,2,5610,3993,5000,8993
3,11220,10000,0,0,2,2,5610,12627,10000,22627
3,11224,512,0,0,2,2,5612,8967,256,9223
3,11224,3904,0,0,2,2,5612,81,7808,7889
3,11236,16,0,0,2,2,5618,6561,64,6625
3,11236,4096,0,0,2,2,5618,2529,4096,6625
3,11252,2,0,0,2,2,5626,9408,1,9409
3,11280,250,0,0,2,2,5640,18816,125,18941
3,11280,4000,0,0,2,2,5640,95823,8000,103823
3,11280,4900,0,0,2,2,5640,243,12250,12493
3,11280,6016,0,0,2,2,5640,6561,24064,30625
3,11280,7168,0,0,2,2,5640,117,7168,7285
3,11280,8680,0,0,2,2,5640,19881,8680,28561
3,11284,2,0,0,2,2,5642,6723,4,6727
3,11284,2,0,0,6,2,5642,31212,1,31213
3,11284,26,0,0,2,2,5642,42483,13,42496
3,11284,64,0,0,2,2,5642,6723,128,6851
3,11284,166,0,0,2,2,5642,17493,83,17576
3,11284,248,0,0,2,2,5642,6561,992,7553
3,11284,272,0,0,2,2,5642,6591,136,6727
3,11284,578,0,0,2,2,5642,20667,289,20956
3,11284,1156,0,0,2,2,5642,5733,1156,6889
3,11284,1274,0,0,2,2,5642,14739,637,15376
3,11284,5642,0,0,6,2,5642,7803,2821,10624
3,11284,6448,0,0,2,2,5642,441,6448,6889
3,11284,9826,0,0,2,2,5642,1743,4913,6656
3,11284,9826,0,0,2,2,5642,9114,4913,14027
3,11284,10624,0,0,2,2,5642,9,10624,10633
3,11308,514,0,0,2,2,5654,24057,1799,25856
3,11336,4802,0,0,2,2,5668,26160,2401,28561
3,11336,10976,0,0,2,2,5668,9,10976,10985
3,11356,1250,0,0,2,2,5678,27264,625,27889
3,11392,712,0,0,2,2,5696,11979,712,12691
3,11396,2,0,0,2,2,5698,5775,1,5776
3,11396,14,0,0,2,2,5698,50625,28,50653
3,11396,38,0,0,2,2,5698,130977,95,131072
3,11396,98,0,0,2,2,5698,14592,49,14641
3,11396,500,0,0,2,2,5698,8991,1250,10241
3,11396,518,0,0,2,2,5698,6600,259,6859
3,11396,518,0,0,2,2,5698,11616,259,11875
3,11396,722,0,0,2,2,5698,8214,361,8575
3,11396,722,0,0,2,2,5698,75264,361,75625
3,11396,1184,0,0,2,2,5698,20691,1184,21875
3,11396,1628,0,0,6,2,5698,16875,814,17689
3,11396,1760,0,0,2,2,5698,2997,3520,6517
3,11396,2432,0,0,2,2,5698,5439,1216,6655
3,11396,2738,0,0,2,2,5698,4560,1369,5929
3,11396,2750,0,0,2,2,5698,20577,1375,21952
3,11396,3626,0,0,2,2,5698,3249,3626,6875
3,11396,4802,0,0,2,2,5698,23199,2401,25600
3,11396,5390,0,0,2,2,5698,243,13475,13718
3,11396,8192,0,0,2,2,5698,1125,8192,9317
3,11396,8192,0,0,2,2,5698,10545,4096,14641
3,11436,16,0,0,2,2,5718,14625,16,14641
3,11436,1906,0,0,6,2,5718,6912,953,7865
3,11436,4096,0,0,2,2,5718,243,10240,10483
3,11436,5500,0,0,2,2,5718,6561,22000,28561
3,11440,16,0,0,2,2,5720,14625,16,14641
3,11440,128,0,0,2,2,5720,6591,64,6655
3,11440,968,0,0,2,2,5720,13689,1936,15625
3,11440,1936,0,0,2,2,5720,6561,7744,14305
3,11440,5500,0,0,2,2,5720,6561,22000,28561
3,11476,2,0,0,2,2,5738,22800,1,22801
3,11476,50,0,0,2,2,5738,16359,25,16384
3,11476,64,0,0,2,2,5738,6795,64,6859
3,11476,190,0,0,2,2,5738,11907,475,12382
3,11476,266,0,0,2,2,5738,21870,931,22801
3,11476,1558,0,0,2,2,5738,50421,779,51200
3,11476,2560,0,0,2,2,5738,15129,2560,17689
3,11476,3362,0,0,2,2,5738,45927,13448,59375
3,11476,3362,0,0,2,2,5738,115968,1681,117649
3,11476,9310,0,0,2,2,5738,1536,4655,6191
3,11476,10496,0,0,2,2,5738,8379,10496,18875
3,11480,2,0,0,2,2,5740,30624,1,30625
3,11480,14,0,0,2,2,5740,17496,49,17545
3,11480,44,0,0,2,2,5740,18081,44,18125
3,11480,50,0,0,2,2,5740,6699,25,6724
3,11480,98,0,0,2,2,5740,9963,245,10208
3,11480,392,0,0,2,2,5740,54375,196,54571
3,11480,512,0,0,2,2,5740,15375,256,15631
3,11480,1682,0,0,2,2,5740,14784,841,15625
3,11480,1682,0,0,2,2,5740,30135,841,30976
3,11480,6050,0,0,2,2,5740,9963,15125,25088
3,11480,7250,0,0,2,2,5740,243,18125,18368
3,11480,8192,0,0,2,2,5740,1125,8192,9317
3,11540,2,0,0,2,2,5770,7500,1,7501
3,11540,2738,0,0,2,2,5770,2025,5476,7501
3,11560,2,0,0,2,2,5780,14160,1,14161
3,11616,8134,0,0,2,2,5808,4125,4067,8192
3,11644,142,0,0,2,2,5822,13377,71,13448
3,11644,512,0,0,2,2,5822,15123,256,15379
3,11656,16,0,0,2,2,5828,6561,64,6625
3,11656,50,0,0,2,2,5828,18048,25,18073
3,11656,496,0,0,2,2,5828,6627,248,6875
3,11680,4096,0,0,2,2,5840,5175,4096,9271
3,11696,578,0,0,2,2,5848,6591,289,6880
3,11700,16,0,0,2,2,5850,9009,16,9025
3,11700,16,0,0,2,2,5850,14625,16,14641
3,11700,22,0,0,2,2,5850,6804,55,6859
3,11700,22,0,0,2,2,5850,9375,11,9386
3,11700,64,0,0,2,2,5850,15561,64,15625
3,11700,76,0,0,2,2,5850,16731,76,16807
3,11700,304,0,0,2,2,5850,5625,304,5929
3,11700,616,0,0,2,2,5850,6561,2464,9025
3,11700,1210,0,0,2,2,5850,2187,4235,6422
3,11700,1444,0,0,2,2,5850,10125,2888,13013
3,11700,3718,0,0,2,2,5850,2187,13013,15200
3,11700,4750,0,0,2,2,5850,28431,16625,45056
3,11700,5500,0,0,2,2,5850,6561,22000,28561
3,11700,6292,0,0,2,2,5850,225,6292,6517
3,11700,6400,0,0,2,2,5850,117,6400,6517
3,11700,6400,0,0,2,2,5850,1881,6400,8281
3,11700,6760,0,0,2,2,5850,99,6760,6859
3,11700,7744,0,0,2,2,5850,567,15488,16055
3,11700,8788,0,0,2,2,5850,3087,8788,11875
3,11704,98,0,0,2,2,5852,14592,49,14641
3,11716,2,0,0,2,2,5858,9375,1,9376
3,11720,2,0,0,2,2,5860,9375,1,9376
3,11748,178,0,0,6,2,5874,19008,89,19097
3,11760,16,0,0,2,2,5880,21609,16,21625
3,11776,2,0,0,2,2,5888,7935,1,7936
3,11788,2,0,0,6,2,5894,9261,1,9262
3,11788,512,0,0,2,2,5894,27951,256,28207
3,11800,6656,0,0,2,2,5900,81,13312,13393
3,11816,98,0,0,2,2,5908,24576,49,24625
3,11816,10550,0,0,2,2,5908,1029,5275,6304
3,11840,2,0,0,6,2,5920,12690,1,12691
3,11840,14,0,0,2,2,5920,50625,28,50653
3,11840,50,0,0,2,2,5920,11907,125,12032
3,11840,1250,0,0,2,2,5920,6627,625,7252
3,11840,4418,0,0,2,2,5920,28416,2209,30625
3,11868,1978,0,0,2,2,5934,7203,989,8192
3,11900,686,0,0,2,2,5950,7533,1715,9248
3,11956,14,0,0,6,2,5978,18225,14,18239
3,11956,92,0,0,2,2,5978,10125,184,10309
3,11956,98,0,0,6,2,5978,13176,49,13225
3,11956,104,0,0,2,2,5978,11907,260,12167
3,11956,338,0,0,2,2,5978,15456,169,15625
3,11956,896,0,0,2,2,5978,33489,896,34385
3,11956,910,0,0,2,2,5978,11712,455,12167
3,11956,976,0,0,2,2,5978,6561,3904,10465
3,11956,1058,0,0,2,2,5978,117120,529,117649
3,11956,1150,0,0,2,2,5978,19773,1150,20923
3,11956,3904,0,0,2,2,5978,81,7808,7889
3,11956,4802,0,0,2,2,5978,9375,2401,11776
3,11956,5290,0,0,2,2,5978,3159,13225,16384
3,11956,6400,0,0,2,2,5978,8967,3200,12167
3,11956,6832,0,0,2,2,5978,45,6832,6877
3,11956,7442,0,0,2,2,5978,6279,3721,10000
3,11956,8918,0,0,2,2,5978,36501,4459,40960
3,11956,10816,0,0,2,2,5978,8967,5408,14375
3,11956,10976,0,0,2,2,5978,9,10976,10985
3,11968,1024,0,0,2,2,5984,9801,2048,11849
3,15060,3,0,0,3,3,5020,7776,5,7781
3,15114,687,0,0,3,3,5038,9375,229,9604
3,15114,12288,0,0,3,3,5038,1125,8192,9317
3,15204,6591,0,0,3,3,5068,81,8788,8869
3,15240,21,0,0,3,3,5080,15360,7,15367
3,15240,381,0,0,3,3,5080,8448,127,8575
3,15240,9525,0,0,3,3,5080,3993,3175,7168
3,15240,12288,0,0,3,3,5080,1125,8192,9317
3,15264,24,0,0,3,3,5088,6561,64,6625
3,15264,72,0,0,9,3,5088,6561,64,6625
3,15276,201,0,0,3,3,5092,6792,67,6859
3,15324,219,0,0,3,3,5108,62208,365,62573
3,15324,768,0,0,3,3,5108,11493,512,12005
3,15324,1875,0,0,3,3,5108,4704,625,5329
3,15330,12,0,0,3,3,5110,5325,4,5329
3,15330,1875,0,0,3,3,5110,4704,625,5329
3,15330,7680,0,0,3,3,5110,63,5120,5183
3,15414,2100,0,0,3,3,5138,59049,7000,66049
3,15438,3072,0,0,3,3,5146,11979,2048,14027
3,15444,24,0,0,3,3,5148,14625,16,14641
3,15444,3399,0,0,3,3,5148,6561,9064,15625
3,15444,8250,0,0,3,3,5148,6561,22000,28561
3,15450,3,0,0,3,3,5150,35328,1,35329
3,15450,75,0,0,9,3,5150,10584,25,10609
3,15450,1176,0,0,3,3,5150,50301,2744,53045
3,15450,6348,0,0,3,3,5150,8343,8464,16807
3,15450,7203,0,0,3,3,5150,9375,2401,11776
3,15480,87,0,0,3,3,5160,7776,145,7921
3,15504,3,0,0,3,3,5168,9024,1,9025
3,15504,15,0,0,3,3,5168,43923,5,43928
3,15504,33,0,0,3,3,5168,111537,88,111625
3,15504,48,0,0,9,3,5168,34263,32,34295
3,15504,57,0,0,9,3,5168,15606,19,15625
3,15504,141,0,0,3,3,5168,20625,47,20672
3,15504,363,0,0,3,3,5168,15504,121,15625
3,15504,375,0,0,3,3,5168,8664,125,8789
3,15504,768,0,0,3,3,5168,5625,512,6137
3,15504,816,0,0,3,3,5168,5415,272,5687
3,15504,1410,0,0,3,3,5168,23409,1880,25289
3,15504,1452,0,0,3,3,5168,6375,484,6859
3,15504,2679,0,0,3,3,5168,31875,893,32768
3,15504,5358,0,0,3,3,5168,81,7144,7225
3,15504,5415,0,0,3,3,5168,14739,1805,16544
3,15504,6627,0,0,3,3,5168,5016,2209,7225
3,15504,6627,0,0,3,3,5168,2673,11045,13718
3,15504,8664,0,0,3,3,5168,99,5776,5875
3,15504,12288,0,0,3,3,5168,51183,8192,59375
3,15504,14739,0,0,3,3,5168,9375,4913,14288
3,15516,1293,0,0,3,3,5172,7761,431,8192
3,15540,21,0,0,3,3,5180,50625,28,50653
3,15570,177,0,0,3,3,5190,33216,59,33275
3,15594,6,0,0,3,3,5198,13221,4,13225
3,15594,7935,0,0,3,3,5198,3159,13225,16384
3,15618,57,0,0,3,3,5206,6561,152,6713
3,15708,3,0,0,3,3,5236,9408,1,9409
3,15750,225,0,0,9,3,5250,8181,100,8281
3,15750,303,0,0,3,3,5250,7776,505,8281
3,15750,1365,0,0,3,3,5250,6561,3640,10201
3,15750,15288,0,0,3,3,5250,9,10192,10201
3,15756,15123,0,0,3,3,5252,1212,5041,6253
3,15810,204,0,0,3,3,5270,29655,136,29791
3,15810,7908,0,0,3,3,5270,81,10544,10625
3,15828,2496,0,0,3,3,5276,7569,1664,9233
3,15834,3,0,0,3,3,5278,30624,1,30625
3,15834,12,0,0,3,3,5278,21021,4,21025
3,15834,21,0,0,3,3,5278,17496,49,17545
3,15834,39,0,0,3,3,5278,11979,26,12005
3,15834,66,0,0,3,3,5278,30537,88,30625
3,15834,75,0,0,3,3,5278,117624,25,117649
3,15834,147,0,0,3,3,5278,73167,49,73216
3,15834,192,0,0,3,3,5278,6591,64,6655
3,15834,192,0,0,3,3,5278,24057,448,24505
3,15834,1452,0,0,3,3,5278,13689,1936,15625
3,15834,1875,0,0,3,3,5278,7656,625,8281
3,15834,2523,0,0,3,3,5278,14784,841,15625
3,15834,4368,0,0,3,3,5278,9801,5824,15625
3,15834,6591,0,0,3,3,5278,18711,10985,29696
3,15834,7203,0,0,3,3,5278,32799,2401,35200
3,15834,8112,0,0,3,3,5278,27783,10816,38599
3,15834,10875,0,0,3,3,5278,13182,3625,16807
3,15834,10920,0,0,3,3,5278,81,14560,14641
3,15834,11136,0,0,3,3,5278,441,7424,7865
3,15834,12288,0,0,3,3,5278,1125,8192,9317
3,15870,7203,0,0,3,3,5290,9375,2401,11776
3,15894,24,0,0,3,3,5298,6561,64,6625
3,15900,3,0,0,3,3,5300,58080,1,58081
3,15900,24,0,0,3,3,5300,6561,64,6625
3,15954,300,0,0,3,3,5318,50421,100,50521
3,15954,7977,0,0,3,3,5318,4200,2659,6859
3,15954,7977,0,0,3,3,5318,7581,2659,10240
3,15954,7977,0,0,9,3,5318,3591,2659,6250
3,15984,384,0,0,3,3,5328,6561,1024,7585
3,15984,4056,0,0,3,3,5328,2997,5408,8405
3,15990,3,0,0,3,3,5330,15375,1,15376
3,15990,39,0,0,3,3,5330,6561,104,6665
3,15990,615,0,0,3,3,5330,12288,205,12493
3,15990,624,0,0,3,3,5330,72075,208,72283
3,15990,744,0,0,3,3,5330,15129,496,15625
3,15990,2064,0,0,3,3,5330,38025,1376,39401
3,15990,2883,0,0,3,3,5330,5289,961,6250
3,15990,5547,0,0,3,3,5330,4875,1849,6724
3,15990,6045,0,0,3,3,5330,62208,10075,72283
3,15990,6144,0,0,3,3,5330,1053,8192,9245
3,15990,9984,0,0,3,3,5330,9,6656,6665
3,15996,3,0,0,3,3,5332,16383,1,16384
3,15996,3,0,0,9,3,5332,8127,1,8128
3,16008,552,0,0,3,3,5336,24021,368,24389
3,16014,12,0,0,3,3,5338,7209,16,7225
3,16044,375,0,0,3,3,5348,109443,125,109568
3,16062,3,0,0,3,3,5354,6591,1,6592
3,16068,3,0,0,3,3,5356,6591,1,6592
3,16080,3,0,0,3,3,5360,22980,1,22981
3,16080,300,0,0,3,3,5360,31023,400,31423
3,16104,3,0,0,3,3,5368,14640,1,14641
3,16134,375,0,0,3,3,5378,8067,125,8192
3,16140,4035,0,0,9,3,5380,9477,2690,12167
3,16170,147,0,0,9,3,5390,16335,49,16384
3,16170,12288,0,0,3,3,5390,1125,8192,9317
3,16206,15987,0,0,3,3,5402,147,5329,5476
3,16254,9375,0,0,3,3,5418,5547,3125,8672
3,16296,3,0,0,3,3,5432,5928,1,5929
3,16296,3,0,0,3,3,5432,9408,1,9409
3,16296,3,0,0,9,3,5432,34047,1,34048
3,16296,114,0,0,3,3,5432,16731,76,16807
3,16296,147,0,0,3,3,5432,14592,49,14641
3,16296,291,0,0,3,3,5432,6591,97,6688
3,16296,507,0,0,3,3,5432,7203,169,7372
3,16296,4719,0,0,3,3,5432,567,6292,6859
3,16296,8664,0,0,3,3,5432,9603,5776,15379
3,16302,57,0,0,9,3,5434,18252,19,18271
3,16320,1875,0,0,3,3,5440,4131,3125,7256
3,16350,3,0,0,3,3,5450,68121,4,68125
3,16350,768,0,0,3,3,5450,15369,256,15625
3,16416,2736,0,0,9,3,5472,6561,2432,8993
3,16494,16494,0,0,9,3,5498,3645,10996,14641
3,16500,12288,0,0,3,3,5500,1125,8192,9317
3,16530,24,0,0,3,3,5510,6561,64,6625
3,16530,39,0,0,3,3,5510,6612,13,6625
3,16530,1083,0,0,3,3,5510,8427,361,8788
3,16530,1083,0,0,3,3,5510,10875,361,11236
3,16530,1392,0,0,3,3,5510,32805,3712,36517
3,16530,2175,0,0,3,3,5510,3159,3625,6784
3,16530,3648,0,0,3,3,5510,6525,2432,8957
3,16530,4332,0,0,3,3,5510,2349,5776,8125
3,16530,9375,0,0,3,3,5510,8427,3125,11552
3,16530,12084,0,0,3,3,5510,7569,8056,15625
3,16530,12615,0,0,3,3,5510,85683,4205,89888
3,16554,3,0,0,3,3,5518,7935,1,7936
3,16584,3,0,0,9,3,5528,13824,1,13825
3,16584,1875,0,0,3,3,5528,18723,625,19348
3,16584,7203,0,0,3,3,5528,3840,2401,6241
3,16584,15168,0,0,3,3,5528,45927,40448,86375
3,16590,3,0,0,3,3,5530,57624,1,57625
3,16590,3,0,0,9,3,5530,13824,1,13825
3,16590,7203,0,0,3,3,5530,3840,2401,6241
3,16626,3,0,0,3,3,5542,7986,1,7987
3,16632,9,0,0,9,3,5544,24057,7,24064
3,16632,1536,0,0,3,3,5544,6627,512,7139
3,16644,12288,0,0,3,3,5548,29241,16384,45625
3,16692,321,0,0,3,3,5564,36501,107,36608
3,16710,3675,0,0,3,3,5570,243,6125,6368
3,16722,2787,0,0,9,3,5574,27648,929,28577
3,16764,3,0,0,3,3,5588,16383,1,16384
3,16764,12,0,0,3,3,5588,16125,4,16129
3,16764,15,0,0,3,3,5588,6144,5,6149
3,16764,24,0,0,3,3,5588,14625,16,14641
3,16764,39,0,0,3,3,5588,48387,13,48400
3,16764,48,0,0,3,3,5588,15609,16,15625
3,16764,192,0,0,3,3,5588,6591,64,6655
3,16764,1452,0,0,3,3,5588,13689,1936,15625
3,16764,1560,0,0,3,3,5588,15609,520,16129
3,16764,1677,0,0,3,3,5588,6096,559,6655
3,16764,6000,0,0,3,3,5588,10449,10000,20449
3,16764,6144,0,0,3,3,5588,1053,8192,9245
3,16764,6591,0,0,3,3,5588,5547,2197,7744
3,16764,8250,0,0,3,3,5588,6561,22000,28561
3,16770,1875,0,0,3,3,5590,53664,625,54289
3,16770,6591,0,0,3,3,5590,5625,4394,10019
3,16800,3,0,0,3,3,5600,16806,1,16807
3,16824,16824,0,0,3,3,5608,6561,44864,51425
3,16830,15,0,0,9,3,5610,7803,5,7808
3,16830,51,0,0,9,3,5610,7425,17,7442
3,16830,69,0,0,3,3,5610,14739,23,14762
3,16830,96,0,0,3,3,5610,122793,32,122825
3,16830,9384,0,0,3,3,5610,1125,6256,7381
3,16830,15000,0,0,3,3,5610,3993,5000,8993
3,16830,15000,0,0,3,3,5610,12627,10000,22627
3,16836,768,0,0,3,3,5612,8967,256,9223
3,16836,5856,0,0,3,3,5612,81,7808,7889
3,16854,24,0,0,3,3,5618,6561,64,6625
3,16854,6144,0,0,3,3,5618,2529,4096,6625
3,16878,3,0,0,3,3,5626,9408,1,9409
3,16920,375,0,0,3,3,5640,18816,125,18941
3,16920,6000,0,0,3,3,5640,95823,8000,103823
3,16920,7350,0,0,3,3,5640,243,12250,12493
3,16920,9024,0,0,3,3,5640,6561,24064,30625
3,16920,10752,0,0,3,3,5640,117,7168,7285
3,16920,13020,0,0,3,3,5640,19881,8680,28561
3,16926,3,0,0,3,3,5642,6723,4,6727
3,16926,3,0,0,9,3,5642,31212,1,31213
3,16926,39,0,0,3,3,5642,42483,13,42496
3,16926,96,0,0,3,3,5642,6723,128,6851
3,16926,249,0,0,3,3,5642,17493,83,17576
3,16926,372,0,0,3,3,5642,6561,992,7553
3,16926,408,0,0,3,3,5642,6591,136,6727
3,16926,867,0,0,3,3,5642,20667,289,20956
3,16926,1734,0,0,3,3,5642,5733,1156,6889
3,16926,1911,0,0,3,3,5642,14739,637,15376
3,16926,8463,0,0,9,3,5642,7803,2821,10624
3,16926,9672,0,0,3,3,5642,441,6448,6889
3,16926,14739,0,0,3,3,5642,1743,4913,6656
3,16926,14739,0,0,3,3,5642,9114,4913,14027
3,16926,15936,0,0,3,3,5642,9,10624,10633
3,16962,771,0,0,3,3,5654,24057,1799,25856
3,17004,7203,0,0,3,3,5668,26160,2401,28561
3,17004,16464,0,0,3,3,5668,9,10976,10985
3,17034,1875,0,0,3,3,5678,27264,625,27889
3,17088,1068,0,0,3,3,5696,11979,712,12691
3,17094,3,0,0,3,3,5698,5775,1,5776
3,17094,21,0,0,3,3,5698,50625,28,50653
3,17094,57,0,0,3,3,5698,130977,95,131072
3,17094,147,0,0,3,3,5698,14592,49,14641
3,17094,750,0,0,3,3,5698,8991,1250,10241
3,17094,777,0,0,3,3,5698,6600,259,6859
3,17094,777,0,0,3,3,5698,11616,259,11875
3,17094,1083,0,0,3,3,5698,8214,361,8575
3,17094,1083,0,0,3,3,5698,75264,361,75625
3,17094,1776,0,0,3,3,5698,20691,1184,21875
3,17094,2442,0,0,9,3,5698,16875,814,17689
3,17094,2640,0,0,3,3,5698,2997,3520,6517
3,17094,3648,0,0,3,3,5698,5439,1216,6655
3,17094,4107,0,0,3,3,5698,4560,1369,5929
3,17094,4125,0,0,3,3,5698,20577,1375,21952
3,17094,5439,0,0,3,3,5698,3249,3626,6875
3,17094,7203,0,0,3,3,5698,23199,2401,25600
3,17094,8085,0,0,3,3,5698,243,13475,13718
3,17094,12288,0,0,3,3,5698,1125,8192,9317
3,17094,12288,0,0,3,3,5698,10545,4096,14641
3,17154,24,0,0,3,3,5718,14625,16,14641
3,17154,2859,0,0,9,3,5718,6912,953,7865
3,17154,6144,0,0,3,3,5718,243,10240,10483
3,17154,8250,0,0,3,3,5718,6561,22000,28561
3,17160,24,0,0,3,3,5720,14625,16,14641
3,17160,192,0,0,3,3,5720,6591,64,6655
3,17160,1452,0,0,3,3,5720,13689,1936,15625
3,17160,2904,0,0,3,3,5720,6561,7744,14305
3,17160,8250,0,0,3,3,5720,6561,22000,28561
3,17214,3,0,0,3,3,5738,22800,1,22801
3,17214,75,0,0,3,3,5738,16359,25,16384
3,17214,96,0,0,3,3,5738,6795,64,6859
3,17214,285,0,0,3,3,5738,11907,475,12382
3,17214,399,0,0,3,3,5738,21870,931,22801
3,17214,2337,0,0,3,3,5738,50421,779,51200
3,17214,3840,0,0,3,3,5738,15129,2560,17689
3,17214,5043,0,0,3,3,5738,45927,13448,59375
3,17214,5043,0,0,3,3,5738,115968,1681,117649
3,17214,13965,0,0,3,3,5738,1536,4655,6191
3,17214,15744,0,0,3,3,5738,8379,10496,18875
3,17220,3,0,0,3,3,5740,30624,1,30625
3,17220,21,0,0,3,3,5740,17496,49,17545
3,17220,66,0,0,3,3,5740,18081,44,18125
3,17220,75,0,0,3,3,5740,6699,25,6724
3,17220,147,0,0,3,3,5740,9963,245,10208
3,17220,588,0,0,3,3,5740,54375,196,54571
3,17220,768,0,0,3,3,5740,15375,256,15631
3,17220,2523,0,0,3,3,5740,14784,841,15625
3,17220,2523,0,0,3,3,5740,30135,841,30976
3,17220,9075,0,0,3,3,5740,9963,15125,25088
3,17220,10875,0,0,3,3,5740,243,18125,18368
3,17220,12288,0,0,3,3,5740,1125,8192,9317
3,17310,3,0,0,3,3,5770,7500,1,7501
3,17310,4107,0,0,3,3,5770,2025,5476,7501
3,17340,3,0,0,3,3,5780,14160,1,14161
3,17424,12201,0,0,3,3,5808,4125,4067,8192
3,17466,213,0,0,3,3,5822,13377,71,13448
3,17466,768,0,0,3,3,5822,15123,256,15379
3,17484,24,0,0,3,3,5828,6561,64,6625
3,17484,75,0,0,3,3,5828,18048,25,18073
3,17484,744,0,0,3,3,5828,6627,248,6875
3,17520,6144,0,0,3,3,5840,5175,4096,9271
3,17544,867,0,0,3,3,5848,6591,289,6880
3,17550,24,0,0,3,3,5850,9009,16,9025
3,17550,24,0,0,3,3,5850,14625,16,14641
3,17550,33,0,0,3,3,5850,6804,55,6859
3,17550,33,0,0,3,3,5850,9375,11,9386
3,17550,96,0,0,3,3,5850,15561,64,15625
3,17550,114,0,0,3,3,5850,16731,76,16807
3,17550,456,0,0,3,3,5850,5625,304,5929
3,17550,924,0,0,3,3,5850,6561,2464,9025
3,17550,1815,0,0,3,3,5850,2187,4235,6422
3,17550,2166,0,0,3,3,5850,10125,2888,13013
3,17550,5577,0,0,3,3,5850,2187,13013,15200
3,17550,7125,0,0,3,3,5850,28431,16625,45056
3,17550,8250,0,0,3,3,5850,6561,22000,28561
3,17550,9438,0,0,3,3,5850,225,6292,6517
3,17550,9600,0,0,3,3,5850,117,6400,6517
3,17550,9600,0,0,3,3,5850,1881,6400,8281
3,17550,10140,0,0,3,3,5850,99,6760,6859
3,17550,11616,0,0,3,3,5850,567,15488,16055
3,17550,13182,0,0,3,3,5850,3087,8788,11875
3,17556,147,0,0,3,3,5852,14592,49,14641
3,17574,3,0,0,3,3,5858,9375,1,9376
3,17580,3,0,0,3,3,5860,9375,1,9376
3,17622,267,0,0,9,3,5874,19008,89,19097
3,17640,24,0,0,3,3,5880,21609,16,21625
3,17664,3,0,0,3,3,5888,7935,1,7936
3,17682,3,0,0,9,3,5894,9261,1,9262
3,17682,768,0,0,3,3,5894,27951,256,28207
3,17700,9984,0,0,3,3,5900,81,13312,13393
3,17724,147,0,0,3,3,5908,24576,49,24625
3,17724,15825,0,0,3,3,5908,1029,5275,6304
3,17760,3,0,0,9,3,5920,12690,1,12691
3,17760,21,0,0,3,3,5920,50625,28,50653
3,17760,75,0,0,3,3,5920,11907,125,12032
3,17760,1875,0,0,3,3,5920,6627,625,7252
3,17760,6627,0,0,3,3,5920,28416,2209,30625
3,17802,2967,0,0,3,3,5934,7203,989,8192
3,17850,1029,0,0,3,3,5950,7533,1715,9248
3,17934,21,0,0,9,3,5978,18225,14,18239
3,17934,138,0,0,3,3,5978,10125,184,10309
3,17934,147,0,0,9,3,5978,13176,49,13225
3,17934,156,0,0,3,3,5978,11907,260,12167
3,17934,507,0,0,3,3,5978,15456,169,15625
3,17934,1344,0,0,3,3,5978,33489,896,34385
3,17934,1365,0,0,3,3,5978,11712,455,12167
3,17934,1464,0,0,3,3,5978,6561,3904,10465
3,17934,1587,0,0,3,3,5978,117120,529,117649
3,17934,1725,0,0,3,3,5978,19773,1150,20923
3,17934,5856,0,0,3,3,5978,81,7808,7889
3,17934,7203,0,0,3,3,5978,9375,2401,11776
3,17934,7935,0,0,3,3,5978,3159,13225,16384
3,17934,9600,0,0,3,3,5978,8967,3200,12167
3,17934,10248,0,0,3,3,5978,45,6832,6877
3,17934,11163,0,0,3,3,5978,6279,3721,10000
3,17934,13377,0,0,3,3,5978,36501,4459,40960
3,17934,16224,0,0,3,3,5978,8967,5408,14375
3,17934,16464,0,0,3,3,5978,9,10976,10985
3,17952,1536,0,0,3,3,5984,9801,2048,11849
3,20080,4,0,0,4,4,5020,7776,5,7781
3,20152,916,0,0,4,4,5038,9375,229,9604
3,20152,16384,0,0,4,4,5038,1125,8192,9317
3,20272,8788,0,0,4,4,5068,81,8788,8869
3,20320,28,0,0,4,4,5080,15360,7,15367
3,20320,508,0,0,4,4,5080,8448,127,8575
3,20320,12700,0,0,4,4,5080,3993,3175,7168
3,20320,16384,0,0,4,4,5080,1125,8192,9317
3,20352,32,0,0,4,4,5088,6561,64,6625
3,20352,96,0,0,12,4,5088,6561,64,6625
3,20368,268,0,0,4,4,5092,6792,67,6859
3,20432,292,0,0,4,4,5108,62208,365,62573
3,20432,1024,0,0,4,4,5108,11493,512,12005
3,20432,2500,0,0,4,4,5108,4704,625,5329
3,20440,16,0,0,4,4,5110,5325,4,5329
3,20440,2500,0,0,4,4,5110,4704,625,5329
3,20440,10240,0,0,4,4,5110,63,5120,5183
3,20552,2800,0,0,4,4,5138,59049,7000,66049
3,20584,4096,0,0,4,4,5146,11979,2048,14027
3,20592,32,0,0,4,4,5148,14625,16,14641
3,20592,4532,0,0,4,4,5148,6561,9064,15625
3,20592,11000,0,0,4,4,5148,6561,22000,28561
3,20600,4,0,0,4,4,5150,35328,1,35329
3,20600,100,0,0,12,4,5150,10584,25,10609
3,20600,1568,0,0,4,4,5150,50301,2744,53045
3,20600,8464,0,0,4,4,5150,8343,8464,16807
3,20600,9604,0,0,4,4,5150,9375,2401,11776
3,20640,116,0,0,4,4,5160,7776,145,7921
3,20672,4,0,0,4,4,5168,9024,1,9025
3,20672,20,0,0,4,4,5168,43923,5,43928
3,20672,44,0,0,4,4,5168,111537,88,111625
3,20672,64,0,0,12,4,5168,34263,32,34295
3,20672,76,0,0,12,4,5168,15606,19,15625
3,20672,188,0,0,4,4,5168,20625,47,20672
3,20672,484,0,0,4,4,5168,15504,121,15625
3,20672,500,0,0,4,4,5168,8664,125,8789
3,20672,1024,0,0,4,4,5168,5625,512,6137
3,20672,1088,0,0,4,4,5168,5415,272,5687
3,20672,1880,0,0,4,4,5168,23409,1880,25289
3,20672,1936,0,0,4,4,5168,6375,484,6859
3,20672,3572,0,0,4,4,5168,31875,893,32768
3,20672,7144,0,0,4,4,5168,81,7144,7225
3,20672,7220,0,0,4,4,5168,14739,1805,16544
3,20672,8836,0,0,4,4,5168,5016,2209,7225
3,20672,8836,0,0,4,4,5168,2673,11045,13718
3,20672,11552,0,0,4,4,5168,99,5776,5875
3,20672,16384,0,0,4,4,5168,51183,8192,59375
3,20672,19652,0,0,4,4,5168,9375,4913,14288
3,20688,1724,0,0,4,4,5172,7761,431,8192
3,20720,28,0,0,4,4,5180,50625,28,50653
3,20760,236,0,0,4,4,5190,33216,59,33275
3,20792,8,0,0,4,4,5198,13221,4,13225
3,20792,10580,0,0,4,4,5198,3159,13225,16384
3,20824,76,0,0,4,4,5206,6561,152,6713
3,20944,4,0,0,4,4,5236,9408,1,9409
3,21000,300,0,0,12,4,5250,8181,100,8281
3,21000,404,0,0,4,4,5250,7776,505,8281
3,21000,1820,0,0,4,4,5250,6561,3640,10201
3,21000,20384,0,0,4,4,5250,9,10192,10201
3,21008,20164,0,0,4,4,5252,1212,5041,6253
3,21080,272,0,0,4,4,5270,29655,136,29791
3,21080,10544,0,0,4,4,5270,81,10544,10625
3,21104,3328,0,0,4,4,5276,7569,1664,9233
3,21112,4,0,0,4,4,5278,30624,1,30625
3,21112,16,0,0,4,4,5278,21021,4,21025
3,21112,28,0,0,4,4,5278,17496,49,17545
3,21112,52,0,0,4,4,5278,11979,26,12005
3,21112,88,0,0,4,4,5278,30537,88,30625
3,21112,100,0,0,4,4,5278,117624,25,117649
3,21112,196,0,0,4,4,5278,73167,49,73216
3,21112,256,0,0,4,4,5278,6591,64,6655
3,21112,256,0,0,4,4,5278,24057,448,24505
3,21112,1936,0,0,4,4,5278,13689,1936,15625
3,21112,2500,0,0,4,4,5278,7656,625,8281
3,21112,3364,0,0,4,4,5278,14784,841,15625
3,21112,5824,0,0,4,4,5278,9801,5824,15625
3,21112,8788,0,0,4,4,5278,18711,10985,29696
3,21112,9604,0,0,4,4,5278,32799,2401,35200
3,21112,10816,0,0,4,4,5278,27783,10816,38599
3,21112,14500,0,0,4,4,5278,13182,3625,16807
3,21112,14560,0,0,4,4,5278,81,14560,14641
3,21112,14848,0,0,4,4,5278,441,7424,7865
3,21112,16384,0,0,4,4,5278,1125,8192,9317
3,21160,9604,0,0,4,4,5290,9375,2401,11776
3,21192,32,0,0,4,4,5298,6561,64,6625
3,21200,4,0,0,4,4,5300,58080,1,58081
3,21200,32,0,0,4,4,5300,6561,64,6625
3,21272,400,0,0,4,4,5318,50421,100,50521
3,21272,10636,0,0,4,4,5318,4200,2659,6859
3,21272,10636,0,0,4,4,5318,7581,2659,10240
3,21272,10636,0,0,12,4,5318,3591,2659,6250
3,21312,512,0,0,4,4,5328,6561,1024,7585
3,21312,5408,0,0,4,4,5328,2997,5408,8405
3,21320,4,0,0,4,4,5330,15375,1,15376
3,21320,52,0,0,4,4,5330,6561,104,6665
3,21320,820,0,0,4,4,5330,12288,205,12493
3,21320,832,0,0,4,4,5330,72075,208,72283
3,21320,992,0,0,4,4,5330,15129,496,15625
3,21320,2752,0,0,4,4,5330,38025,1376,39401
3,21320,3844,0,0,4,4,5330,5289,961,6250
3,21320,7396,0,0,4,4,5330,4875,1849,6724
3,21320,8060,0,0,4,4,5330,62208,10075,72283
3,21320,8192,0,0,4,4,5330,1053,8192,9245
3,21320,13312,0,0,4,4,5330,9,6656,6665
3,21328,4,0,0,4,4,5332,16383,1,16384
3,21328,4,0,0,12,4,5332,8127,1,8128
3,21344,736,0,0,4,4,5336,24021,368,24389
3,21352,16,0,0,4,4,5338,7209,16,7225
3,21392,500,0,0,4,4,5348,109443,125,109568
3,21416,4,0,0,4,4,5354,6591,1,6592
3,21424,4,0,0,4,4,5356,6591,1,6592
3,21440,4,0,0,4,4,5360,22980,1,22981
3,21440,400,0,0,4,4,5360,31023,400,31423
3,21472,4,0,0,4,4,5368,14640,1,14641
3,21512,500,0,0,4,4,5378,8067,125,8192
3,21520,5380,0,0,12,4,5380,9477,2690,12167
3,21560,196,0,0,12,4,5390,16335,49,16384
3,21560,16384,0,0,4,4,5390,1125,8192,9317
3,21608,21316,0,0,4,4,5402,147,5329,5476
3,21672,12500,0,0,4,4,5418,5547,3125,8672
3,21728,4,0,0,4,4,5432,5928,1,5929
3,21728,4,0,0,4,4,5432,9408,1,9409
3,21728,4,0,0,12,4,5432,34047,1,34048
3,21728,152,0,0,4,4,5432,16731,76,16807
3,21728,196,0,0,4,4,5432,14592,49,14641
3,21728,388,0,0,4,4,5432,6591,97,6688
3,21728,676,0,0,4,4,5432,7203,169,7372
3,21728,6292,0,0,4,4,5432,567,6292,6859
3,21728,11552,0,0,4,4,5432,9603,5776,15379
3,21736,76,0,0,12,4,5434,18252,19,18271
3,21760,2500,0,0,4,4,5440,4131,3125,7256
3,21800,4,0,0,4,4,5450,68121,4,68125
3,21800,1024,0,0,4,4,5450,15369,256,15625
3,21888,3648,0,0,12,4,5472,6561,2432,8993
3,21992,21992,0,0,12,4,5498,3645,10996,14641
3,22000,16384,0,0,4,4,5500,1125,8192,9317
3,22040,32,0,0,4,4,5510,6561,64,6625
3,22040,52,0,0,4,4,5510,6612,13,6625
3,22040,1444,0,0,4,4,5510,8427,361,8788
3,22040,1444,0,0,4,4,5510,10875,361,11236
3,22040,1856,0,0,4,4,5510,32805,3712,36517
3,22040,2900,0,0,4,4,5510,3159,3625,6784
3,22040,4864,0,0,4,4,5510,6525,2432,8957
3,22040,5776,0,0,4,4,5510,2349,5776,8125
3,22040,12500,0,0,4,4,5510,8427,3125,11552
3,22040,16112,0,0,4,4,5510,7569,8056,15625
3,22040,16820,0,0,4,4,5510,85683,4205,89888
3,22072,4,0,0,4,4,5518,7935,1,7936
3,22112,4,0,0,12,4,5528,13824,1,13825
3,22112,2500,0,0,4,4,5528,18723,625,19348
3,22112,9604,0,0,4,4,5528,3840,2401,6241
3,22112,20224,0,0,4,4,5528,45927,40448,86375
3,22120,4,0,0,4,4,5530,57624,1,57625
3,22120,4,0,0,12,4,5530,13824,1,13825
3,22120,9604,0,0,4,4,5530,3840,2401,6241
3,22168,4,0,0,4,4,5542,7986,1,7987
3,22176,12,0,0,12,4,5544,24057,7,24064
3,22176,2048,0,0,4,4,5544,6627,512,7139
3,22192,16384,0,0,4,4,5548,29241,16384,45625
3,22256,428,0,0,4,4,5564,36501,107,36608
3,22280,4900,0,0,4,4,5570,243,6125,6368
3,22296,3716,0,0,12,4,5574,27648,929,28577
3,22352,4,0,0,4,4,5588,16383,1,16384
3,22352,16,0,0,4,4,5588,16125,4,16129
3,22352,20,0,0,4,4,5588,6144,5,6149
3,22352,32,0,0,4,4,5588,14625,16,14641
3,22352,52,0,0,4,4,5588,48387,13,48400
3,22352,64,0,0,4,4,5588,15609,16,15625
3,22352,256,0,0,4,4,5588,6591,64,6655
3,22352,1936,0,0,4,4,5588,13689,1936,15625
3,22352,2080,0,0,4,4,5588,15609,520,16129
3,22352,2236,0,0,4,4,5588,6096,559,6655
3,22352,8000,0,0,4,4,5588,10449,10000,20449
3,22352,8192,0,0,4,4,5588,1053,8192,9245
3,22352,8788,0,0,4,4,5588,5547,2197,7744
3,22352,11000,0,0,4,4,5588,6561,22000,28561
3,22360,2500,0,0,4,4,5590,53664,625,54289
3,22360,8788,0,0,4,4,5590,5625,4394,10019
3,22400,4,0,0,4,4,5600,16806,1,16807
3,22432,22432,0,0,4,4,5608,6561,44864,51425
3,22440,20,0,0,12,4,5610,7803,5,7808
3,22440,68,0,0,12,4,5610,7425,17,7442
3,22440,92,0,0,4,4,5610,14739,23,14762
3,22440,128,0,0,4,4,5610,122793,32,122825
3,22440,12512,0,0,4,4,5610,1125,6256,7381
3,22440,20000,0,0,4,4,5610,3993,5000,8993
3,22440,20000,0,0,4,4,5610,12627,10000,22627
3,22448,1024,0,0,4,4,5612,8967,256,9223
3,22448,7808,0,0,4,4,5612,81,7808,7889
3,22472,32,0,0,4,4,5618,6561,64,6625
3,22472,8192,0,0,4,4,5618,2529,4096,6625
3,22504,4,0,0,4,4,5626,9408,1,9409
3,22560,500,0,0,4,4,5640,18816,125,18941
3,22560,8000,0,0,4,4,5640,95823,8000,103823
3,22560,9800,0,0,4,4,5640,243,12250,12493
3,22560,12032,0,0,4,4,5640,6561,24064,30625
3,22560,14336,0,0,4,4,5640,117,7168,7285
3,22560,17360,0,0,4,4,5640,19881,8680,28561
3,22568,4,0,0,4,4,5642,6723,4,6727
3,22568,4,0,0,12,4,5642,31212,1,31213
3,22568,52,0,0,4,4,5642,42483,13,42496
3,22568,128,0,0,4,4,5642,6723,128,6851
3,22568,332,0,0,4,4,5642,17493,83,17576
3,22568,496,0,0,4,4,5642,6561,992,7553
3,22568,544,0,0,4,4,5642,6591,136,6727
3,22568,1156,0,0,4,4,5642,20667,289,20956
3,22568,2312,0,0,4,4,5642,5733,1156,6889
3,22568,2548,0,0,4,4,5642,14739,637,15376
3,22568,11284,0,0,12,4,5642,7803,2821,10624
3,22568,12896,0,0,4,4,5642,441,6448,6889
3,22568,19652,0,0,4,4,5642,1743,4913,6656
3,22568,19652,0,0,4,4,5642,9114,4913,14027
3,22568,21248,0,0,4,4,5642,9,10624,10633
3,22616,1028,0,0,4,4,5654,24057,1799,25856
3,22672,9604,0,0,4,4,5668,26160,2401,28561
3,22672,21952,0,0,4,4,5668,9,10976,10985
3,22712,2500,0,0,4,4,5678,27264,625,27889
3,22784,1424,0,0,4,4,5696,11979,712,12691
3,22792,4,0,0,4,4,5698,5775,1,5776
3,22792,28,0,0,4,4,5698,50625,28,50653
3,22792,76,0,0,4,4,5698,130977,95,131072
3,22792,196,0,0,4,4,5698,14592,49,14641
3,22792,1000,0,0,4,4,5698,8991,1250,10241
3,22792,1036,0,0,4,4,5698,6600,259,6859
3,22792,1036,0,0,4,4,5698,11616,259,11875
3,22792,1444,0,0,4,4,5698,8214,361,8575
3,22792,1444,0,0,4,4,5698,75264,361,75625
3,22792,2368,0,0,4,4,5698,20691,1184,21875
3,22792,3256,0,0,12,4,5698,16875,814,17689
3,22792,3520,0,0,4,4,5698,2997,3520,6517
3,22792,4864,0,0,4,4,5698,5439,1216,6655
3,22792,5476,0,0,4,4,5698,4560,1369,5929
3,22792,5500,0,0,4,4,5698,20577,1375,21952
3,22792,7252,0,0,4,4,5698,3249,3626,6875
3,22792,9604,0,0,4,4,5698,23199,2401,25600
3,22792,10780,0,0,4,4,5698,243,13475,13718
3,22792,16384,0,0,4,4,5698,1125,8192,9317
3,22792,16384,0,0,4,4,5698,10545,4096,14641
3,22872,32,0,0,4,4,5718,14625,16,14641
3,22872,3812,0,0,12,4,5718,6912,953,7865
3,22872,8192,0,0,4,4,5718,243,10240,10483
3,22872,11000,0,0,4,4,5718,6561,22000,28561
3,22880,32,0,0,4,4,5720,14625,16,14641
3,22880,256,0,0,4,4,5720,6591,64,6655
3,22880,1936,0,0,4,4,5720,13689,1936,15625
3,22880,3872,0,0,4,4,5720,6561,7744,14305
3,22880,11000,0,0,4,4,5720,6561,22000,28561
3,22952,4,0,0,4,4,5738,22800,1,22801
3,22952,100,0,0,4,4,5738,16359,25,16384
3,22952,128,0,0,4,4,5738,6795,64,6859
3,22952,380,0,0,4,4,5738,11907,475,12382
3,22952,532,0,0,4,4,5738,21870,931,22801
3,22952,3116,0,0,4,4,5738,50421,779,51200
3,22952,5120,0,0,4,4,5738,15129,2560,17689
3,22952,6724,0,0,4,4,5738,45927,13448,59375
3,22952,6724,0,0,4,4,5738,115968,1681,117649
3,22952,18620,0,0,4,4,5738,1536,4655,6191
3,22952,20992,0,0,4,4,5738,8379,10496,18875
3,22960,4,0,0,4,4,5740,30624,1,30625
3,22960,28,0,0,4,4,5740,17496,49,17545
3,22960,88,0,0,4,4,5740,18081,44,18125
3,22960,100,0,0,4,4,5740,6699,25,6724
3,22960,196,0,0,4,4,5740,9963,245,10208
3,22960,784,0,0,4,4,5740,54375,196,54571
3,22960,1024,0,0,4,4,5740,15375,256,15631
3,22960,3364,0,0,4,4,5740,14784,841,15625
3,22960,3364,0,0,4,4,5740,30135,841,30976
3,22960,12100,0,0,4,4,5740,9963,15125,25088
3,22960,14500,0,0,4,4,5740,243,18125,18368
3,22960,16384,0,0,4,4,5740,1125,8192,9317
3,23080,4,0,0,4,4,5770,7500,1,7501
3,23080,5476,0,0,4,4,5770,2025,5476,7501
3,23120,4,0,0,4,4,5780,14160,1,14161
3,23232,16268,0,0,4,4,5808,4125,4067,8192
3,23288,284,0,0,4,4,5822,13377,71,13448
3,23288,1024,0,0,4,4,5822,15123,256,15379
3,23312,32,0,0,4,4,5828,6561,64,6625
3,23312,100,0,0,4,4,5828,18048,25,18073
3,23312,992,0,0,4,4,5828,6627,248,6875
3,23360,8192,0,0,4,4,5840,5175,4096,9271
3,23392,1156,0,0,4,4,5848,6591,289,6880
3,23400,32,0,0,4,4,5850,9009,16,9025
3,23400,32,0,0,4,4,5850,14625,16,14641
3,23400,44,0,0,4,4,5850,6804,55,6859
3,23400,44,0,0,4,4,5850,9375,11,9386
3,23400,128,0,0,4,4,5850,15561,64,15625
3,23400,152,0,0,4,4,5850,16731,76,16807
3,23400,608,0,0,4,4,5850,5625,304,5929
3,23400,1232,0,0,4,4,5850,6561,2464,9025
3,23400,2420,0,0,4,4,5850,2187,4235,6422
3,23400,2888,0,0,4,4,5850,10125,2888,13013
3,23400,7436,0,0,4,4,5850,2187,13013,15200
3,23400,9500,0,0,4,4,5850,28431,16625,45056
3,23400,11000,0,0,4,4,5850,6561,22000,28561
3,23400,12584,0,0,4,4,5850,225,6292,6517
3,23400,12800,0,0,4,4,5850,117,6400,6517
3,23400,12800,0,0,4,4,5850,1881,6400,8281
3,23400,13520,0,0,4,4,5850,99,6760,6859
3,23400,15488,0,0,4,4,5850,567,15488,16055
3,23400,17576,0,0,4,4,5850,3087,8788,11875
3,23408,196,0,0,4,4,5852,14592,49,14641
3,23432,4,0,0,4,4,5858,9375,1,9376
3,23440,4,0,0,4,4,5860,9375,1,9376
3,23496,356,0,0,12,4,5874,19008,89,19097
3,23520,32,0,0,4,4,5880,21609,16,21625
3,23552,4,0,0,4,4,5888,7935,1,7936
3,23576,4,0,0,12,4,5894,9261,1,9262
3,23576,1024,0,0,4,4,5894,27951,256,28207
3,23600,13312,0,0,4,4,5900,81,13312,13393
3,23632,196,0,0,4,4,5908,24576,49,24625
3,23632,21100,0,0,4,4,5908,1029,5275,6304
3,23680,4,0,0,12,4,5920,12690,1,12691
3,23680,28,0,0,4,4,5920,50625,28,50653
3,23680,100,0,0,4,4,5920,11907,125,12032
3,23680,2500,0,0,4,4,5920,6627,625,7252
3,23680,8836,0,0,4,4,5920,28416,2209,30625
3,23736,3956,0,0,4,4,5934,7203,989,8192
3,23800,1372,0,0,4,4,5950,7533,1715,9248
3,23912,28,0,0,12,4,5978,18225,14,18239
3,23912,184,0,0,4,4,5978,10125,184,10309
3,23912,196,0,0,12,4,5978,13176,49,13225
3,23912,208,0,0,4,4,5978,11907,260,12167
3,23912,676,0,0,4,4,5978,15456,169,15625
3,23912,1792,0,0,4,4,5978,33489,896,34385
3,23912,1820,0,0,4,4,5978,11712,455,12167
3,23912,1952,0,0,4,4,5978,6561,3904,10465
3,23912,2116,0,0,4,4,5978,117120,529,117649
3,23912,2300,0,0,4,4,5978,19773,1150,20923
3,23912,7808,0,0,4,4,5978,81,7808,7889
3,23912,9604,0,0,4,4,5978,9375,2401,11776
3,23912,10580,0,0,4,4,5978,3159,13225,16384
3,23912,12800,0,0,4,4,5978,8967,3200,12167
3,23912,13664,0,0,4,4,5978,45,6832,6877
3,23912,14884,0,0,4,4,5978,6279,3721,10000
3,23912,17836,0,0,4,4,5978,36501,4459,40960
3,23912,21632,0,0,4,4,5978,8967,5408,14375
3,23912,21952,0,0,4,4,5978,9,10976,10985
3,23936,2048,0,0,4,4,5984,9801,2048,11849
3,25100,5,0,0,5,5,5020,7776,5,7781
3,25190,1145,0,0,5,5,5038,9375,229,9604
3,25190,20480,0,0,5,5,5038,1125,8192,9317
3,25340,10985,0,0,5,5,5068,81,8788,8869
3,25400,35,0,0,5,5,5080,15360,7,15367
3,25400,635,0,0,5,5,5080,8448,127,8575
3,25400,15875,0,0,5,5,5080,3993,3175,7168
3,25400,20480,0,0,5,5,5080,1125,8192,9317
3,25440,40,0,0,5,5,5088,6561,64,6625
3,25440,120,0,0,15,5,5088,6561,64,6625
3,25460,335,0,0,5,5,5092,6792,67,6859
3,25540,365,0,0,5,5,5108,62208,365,62573
3,25540,1280,0,0,5,5,5108,11493,512,12005
3,25540,3125,0,0,5,5,5108,4704,625,5329
3,25550,20,0,0,5,5,5110,5325,4,5329
3,25550,3125,0,0,5,5,5110,4704,625,5329
3,25550,12800,0,0,5,5,5110,63,5120,5183
3,25690,3500,0,0,5,5,5138,59049,7000,66049
3,25730,5120,0,0,5,5,5146,11979,2048,14027
3,25740,40,0,0,5,5,5148,14625,16,14641
3,25740,5665,0,0,5,5,5148,6561,9064,15625
3,25740,13750,0,0,5,5,5148,6561,22000,28561
3,25750,5,0,0,5,5,5150,35328,1,35329
3,25750,125,0,0,15,5,5150,10584,25,10609
3,25750,1960,0,0,5,5,5150,50301,2744,53045
3,25750,10580,0,0,5,5,5150,8343,8464,16807
3,25750,12005,0,0,5,5,5150,9375,2401,11776
3,25800,145,0,0,5,5,5160,7776,145,7921
3,25840,5,0,0,5,5,5168,9024,1,9025
3,25840,25,0,0,5,5,5168,43923,5,43928
3,25840,55,0,0,5,5,5168,111537,88,111625
3,25840,80,0,0,15,5,5168,34263,32,34295
3,25840,95,0,0,15,5,5168,15606,19,15625
3,25840,235,0,0,5,5,5168,20625,47,20672
3,25840,605,0,0,5,5,5168,15504,121,15625
3,25840,625,0,0,5,5,5168,8664,125,8789
3,25840,1280,0,0,5,5,5168,5625,512,6137
3,25840,1360,0,0,5,5,5168,5415,272,5687
3,25840,2350,0,0,5,5,5168,23409,1880,25289
3,25840,2420,0,0,5,5,5168,6375,484,6859
3,25840,4465,0,0,5,5,5168,31875,893,32768
3,25840,8930,0,0,5,5,5168,81,7144,7225
3,25840,9025,0,0,5,5,5168,14739,1805,16544
3,25840,11045,0,0,5,5,5168,5016,2209,7225
3,25840,11045,0,0,5,5,5168,2673,11045,13718
3,25840,14440,0,0,5,5,5168,99,5776,5875
3,25840,20480,0,0,5,5,5168,51183,8192,59375
3,25840,24565,0,0,5,5,5168,9375,4913,14288
3,25860,2155,0,0,5,5,5172,7761,431,8192
3,25900,35,0,0,5,5,5180,50625,28,50653
3,25950,295,0,0,5,5,5190,33216,59,33275
3,25990,10,0,0,5,5,5198,13221,4,13225
3,25990,13225,0,0,5,5,5198,3159,13225,16384
3,26030,95,0,0,5,5,5206,6561,152,6713
3,26180,5,0,0,5,5,5236,9408,1,9409
3,26250,375,0,0,15,5,5250,8181,100,8281
3,26250,505,0,0,5,5,5250,7776,505,8281
3,26250,2275,0,0,5,5,5250,6561,3640,10201
3,26250,25480,0,0,5,5,5250,9,10192,10201
3,26260,25205,0,0,5,5,5252,1212,5041,6253
3,26350,340,0,0,5,5,5270,29655,136,29791
3,26350,13180,0,0,5,5,5270,81,10544,10625
3,26380,4160,0,0,5,5,5276,7569,1664,9233
3,26390,5,0,0,5,5,5278,30624,1,30625
3,26390,20,0,0,5,5,5278,21021,4,21025
3,26390,35,0,0,5,5,5278,17496,49,17545
3,26390,65,0,0,5,5,5278,11979,26,12005
3,26390,110,0,0,5,5,5278,30537,88,30625
3,26390,125,0,0,5,5,5278,117624,25,117649
3,26390,245,0,0,5,5,5278,73167,49,73216
3,26390,320,0,0,5,5,5278,6591,64,6655
3,26390,320,0,0,5,5,5278,24057,448,24505
3,26390,2420,0,0,5,5,5278,13689,1936,15625
3,26390,3125,0,0,5,5,5278,7656,625,8281
3,26390,4205,0,0,5,5,5278,14784,841,15625
3,26390,7280,0,0,5,5,5278,9801,5824,15625
3,26390,10985,0,0,5,5,5278,18711,10985,29696
3,26390,12005,0,0,5,5,5278,32799,2401,35200
3,26390,13520,0,0,5,5,5278,27783,10816,38599
3,26390,18125,0,0,5,5,5278,13182,3625,16807
3,26390,18200,0,0,5,5,5278,81,14560,14641
3,26390,18560,0,0,5,5,5278,441,7424,7865
3,26390,20480,0,0,5,5,5278,1125,8192,9317
3,26450,12005,0,0,5,5,5290,9375,2401,11776
3,26490,40,0,0,5,5,5298,6561,64,6625
3,26500,5,0,0,5,5,5300,58080,1,58081
3,26500,40,0,0,5,5,5300,6561,64,6625
3,26590,500,0,0,5,5,5318,50421,100,50521
3,26590,13295,0,0,5,5,5318,4200,2659,6859
3,26590,13295,0,0,5,5,5318,7581,2659,10240
3,26590,13295,0,0,15,5,5318,3591,2659,6250
3,26640,640,0,0,5,5,5328,6561,1024,7585
3,26640,6760,0,0,5,5,5328,2997,5408,8405
3,26650,5,0,0,5,5,5330,15375,1,15376
3,26650,65,0,0,5,5,5330,6561,104,6665
3,26650,1025,0,0,5,5,5330,12288,205,12493
3,26650,1040,0,0,5,5,5330,72075,208,72283
3,26650,1240,0,0,5,5,5330,15129,496,15625
3,26650,3440,0,0,5,5,5330,38025,1376,39401
3,26650,4805,0,0,5,5,5330,5289,961,6250
3,26650,9245,0,0,5,5,5330,4875,1849,6724
3,26650,10075,0,0,5,5,5330,62208,10075,72283
3,26650,10240,0,0,5,5,5330,1053,8192,9245
3,26650,16640,0,0,5,5,5330,9,6656,6665
3,26660,5,0,0,5,5,5332,16383,1,16384
3,26660,5,0,0,15,5,5332,8127,1,8128
3,26680,920,0,0,5,5,5336,24021,368,24389
3,26690,20,0,0,5,5,5338,7209,16,7225
3,26740,625,0,0,5,5,5348,109443,125,109568
3,26770,5,0,0,5,5,5354,6591,1,6592
3,26780,5,0,0,5,5,5356,6591,1,6592
3,26800,5,0,0,5,5,5360,22980,1,22981
3,26800,500,0,0,5,5,5360,31023,400,31423
3,26840,5,0,0,5,5,5368,14640,1,14641
3,26890,625,0,0,5,5,5378,8067,125,8192
3,26900,6725,0,0,15,5,5380,9477,2690,12167
3,26950,245,0,0,15,5,5390,16335,49,16384
3,26950,20480,0,0,5,5,5390,1125,8192,9317
3,27010,26645,0,0,5,5,5402,147,5329,5476
3,27090,15625,0,0,5,5,5418,5547,3125,8672
3,27160,5,0,0,5,5,5432,5928,1,5929
3,27160,5,0,0,5,5,5432,9408,1,9409
3,27160,5,0,0,15,5,5432,34047,1,34048
3,27160,190,0,0,5,5,5432,16731,76,16807
3,27160,245,0,0,5,5,5432,14592,49,14641
3,27160,485,0,0,5,5,5432,6591,97,6688
3,27160,845,0,0,5,5,5432,7203,169,7372
3,27160,7865,0,0,5,5,5432,567,6292,6859
3,27160,14440,0,0,5,5,5432,9603,5776,15379
3,27170,95,0,0,15,5,5434,18252,19,18271
3,27200,3125,0,0,5,5,5440,4131,3125,7256
3,27250,5,0,0,5,5,5450,68121,4,68125
3,27250,1280,0,0,5,5,5450,15369,256,15625
3,27360,4560,0,0,15,5,5472,6561,2432,8993
3,27490,27490,0,0,15,5,5498,3645,10996,14641
3,27500,20480,0,0,5,5,5500,1125,8192,9317
3,27550,40,0,0,5,5,5510,6561,64,6625
3,27550,65,0,0,5,5,5510,6612,13,6625
3,27550,1805,0,0,5,5,5510,8427,361,8788
3,27550,1805,0,0,5,5,5510,10875,361,11236
3,27550,2320,0,0,5,5,5510,32805,3712,36517
3,27550,3625,0,0,5,5,5510,3159,3625,6784
3,27550,6080,0,0,5,5,5510,6525,2432,8957
3,27550,7220,0,0,5,5,5510,2349,5776,8125
3,27550,15625,0,0,5,5,5510,8427,3125,11552
3,27550,20140,0,0,5,5,5510,7569,8056,15625
3,27550,21025,0,0,5,5,5510,85683,4205,89888
3,27590,5,0,0,5,5,5518,7935,1,7936
3,27640,5,0,0,15,5,5528,13824,1,13825
3,27640,3125,0,0,5,5,5528,18723,625,19348
3,27640,12005,0,0,5,5,5528,3840,2401,6241
3,27640,25280,0,0,5,5,5528,45927,40448,86375
3,27650,5,0,0,5,5,5530,57624,1,57625
3,27650,5,0,0,15,5,5530,13824,1,13825
3,27650,12005,0,0,5,5,5530,3840,2401,6241
3,27710,5,0,0,5,5,5542,7986,1,7987
3,27720,15,0,0,15,5,5544,24057,7,24064
3,27720,2560,0,0,5,5,5544,6627,512,7139
3,27740,20480,0,0,5,5,5548,29241,16384,45625
3,27820,535,0,0,5,5,5564,36501,107,36608
3,27850,6125,0,0,5,5,5570,243,6125,6368
3,27870,4645,0,0,15,5,5574,27648,929,28577
3,27940,5,0,0,5,5,5588,16383,1,16384
3,27940,20,0,0,5,5,5588,16125,4,16129
3,27940,25,0,0,5,5,5588,6144,5,6149
3,27940,40,0,0,5,5,5588,14625,16,14641
3,27940,65,0,0,5,5,5588,48387,13,48400
3,27940,80,0,0,5,5,5588,15609,16,15625
3,27940,320,0,0,5,5,5588,6591,64,6655
3,27940,2420,0,0,5,5,5588,13689,1936,15625
3,27940,2600,0,0,5,5,5588,15609,520,16129
3,27940,2795,0,0,5,5,5588,6096,559,6655
3,27940,10000,0,0,5,5,5588,10449,10000,20449
3,27940,10240,0,0,5,5,5588,1053,8192,9245
3,27940,10985,0,0,5,5,5588,5547,2197,7744
3,27940,13750,0,0,5,5,5588,6561,22000,28561
3,27950,3125,0,0,5,5,5590,53664,625,54289
3,27950,10985,0,0,5,5,5590,5625,4394,10019
3,28000,5,0,0,5,5,5600,16806,1,16807
3,28040,28040,0,0,5,5,5608,6561,44864,51425
3,28050,25,0,0,15,5,5610,7803,5,7808
3,28050,85,0,0,15,5,5610,7425,17,7442
3,28050,115,0,0,5,5,5610,14739,23,14762
3,28050,160,0,0,5,5,5610,122793,32,122825
3,28050,15640,0,0,5,5,5610,1125,6256,7381
3,28050,25000,0,0,5,5,5610,3993,5000,8993
3,28050,25000,0,0,5,5,5610,12627,10000,22627
3,28060,1280,0,0,5,5,5612,8967,256,9223
3,28060,9760,0,0,5,5,5612,81,7808,7889
3,28090,40,0,0,5,5,5618,6561,64,6625
3,28090,10240,0,0,5,5,5618,2529,4096,6625
3,28130,5,0,0,5,5,5626,9408,1,9409
3,28200,625,0,0,5,5,5640,18816,125,18941
3,28200,10000,0,0,5,5,5640,95823,8000,103823
3,28200,12250,0,0,5,5,5640,243,12250,12493
3,28200,15040,0,0,5,5,5640,6561,24064,30625
3,28200,17920,0,0,5,5,5640,117,7168,7285
3,28200,21700,0,0,5,5,5640,19881,8680,28561
3,28210,5,0,0,5,5,5642,6723,4,6727
3,28210,5,0,0,15,5,5642,31212,1,31213
3,28210,65,0,0,5,5,5642,42483,13,42496
3,28210,160,0,0,5,5,5642,6723,128,6851
3,28210,415,0,0,5,5,5642,17493,83,17576
3,28210,620,0,0,5,5,5642,6561,992,7553
3,28210,680,0,0,5,5,5642,6591,136,6727
3,28210,1445,0,0,5,5,5642,20667,289,20956
3,28210,2890,0,0,5,5,5642,5733,1156,6889
3,28210,3185,0,0,5,5,5642,14739,637,15376
3,28210,14105,0,0,15,5,5642,7803,2821,10624
3,28210,16120,0,0,5,5,5642,441,6448,6889
3,28210,24565,0,0,5,5,5642,1743,4913,6656
3,28210,24565,0,0,5,5,5642,9114,4913,14027
3,28210,26560,0,0,5,5,5642,9,10624,10633
3,28270,1285,0,0,5,5,5654,24057,1799,25856
3,28340,12005,0,0,5,5,5668,26160,2401,28561
3,28340,27440,0,0,5,5,5668,9,10976,10985
3,28390,3125,0,0,5,5,5678,27264,625,27889
3,28480,1780,0,0,5,5,5696,11979,712,12691
3,28490,5,0,0,5,5,5698,5775,1,5776
3,28490,35,0,0,5,5,5698,50625,28,50653
3,28490,95,0,0,5,5,5698,130977,95,131072
3,28490,245,0,0,5,5,5698,14592,49,14641
3,28490,1250,0,0,5,5,5698,8991,1250,10241
3,28490,1295,0,0,5,5,5698,6600,259,6859
3,28490,1295,0,0,5,5,5698,11616,259,11875
3,28490,1805,0,0,5,5,5698,8214,361,8575
3,28490,1805,0,0,5,5,5698,75264,361,75625
3,28490,2960,0,0,5,5,5698,20691,1184,21875
3,28490,4070,0,0,15,5,5698,16875,814,17689
3,28490,4400,0,0,5,5,5698,2997,3520,6517
3,28490,6080,0,0,5,5,5698,5439,1216,6655
3,28490,6845,0,0,5,5,5698,4560,1369,5929
3,28490,6875,0,0,5,5,5698,20577,1375,21952
3,28490,9065,0,0,5,5,5698,3249,3626,6875
3,28490,12005,0,0,5,5,5698,23199,2401,25600
3,28490,13475,0,0,5,5,5698,243,13475,13718
3,28490,20480,0,0,5,5,5698,1125,8192,9317
3,28490,20480,0,0,5,5,5698,10545,4096,14641
3,28590,40,0,0,5,5,5718,14625,16,14641
3,28590,4765,0,0,15,5,5718,6912,953,7865
3,28590,10240,0,0,5,5,5718,243,10240,10483
3,28590,13750,0,0,5,5,5718,6561,22000,28561
3,28600,40,0,0,5,5,5720,14625,16,14641
3,28600,320,0,0,5,5,5720,6591,64,6655
3,28600,2420,0,0,5,5,5720,13689,1936,15625
3,28600,4840,0,0,5,5,5720,6561,7744,14305
3,28600,13750,0,0,5,5,5720,6561,22000,28561
3,28690,5,0,0,5,5,5738,22800,1,22801
3,28690,125,0,0,5,5,5738,16359,25,16384
3,28690,160,0,0,5,5,5738,6795,64,6859
3,28690,475,0,0,5,5,5738,11907,475,12382
3,28690,665,0,0,5,5,5738,21870,931,22801
3,28690,3895,0,0,5,5,5738,50421,779,51200
3,28690,6400,0,0,5,5,5738,15129,2560,17689
3,28690,8405,0,0,5,5,5738,45927,13448,59375
3,28690,8405,0,0,5,5,5738,115968,1681,117649
3,28690,23275,0,0,5,5,5738,1536,4655,6191
3,28690,26240,0,0,5,5,5738,8379,10496,18875
3,28700,5,0,0,5,5,5740,30624,1,30625
3,28700,35,0,0,5,5,5740,17496,49,17545
3,28700,110,0,0,5,5,5740,18081,44,18125
3,28700,125,0,0,5,5,5740,6699,25,6724
3,28700,245,0,0,5,5,5740,9963,245,10208
3,28700,980,0,0,5,5,5740,54375,196,54571
3,28700,1280,0,0,5,5,5740,15375,256,15631
3,28700,4205,0,0,5,5,5740,14784,841,15625
3,28700,4205,0,0,5,5,5740,30135,841,30976
3,28700,15125,0,0,5,5,5740,9963,15125,25088
3,28700,18125,0,0,5,5,5740,243,18125,18368
3,28700,20480,0,0,5,5,5740,1125,8192,9317
3,28850,5,0,0,5,5,5770,7500,1,7501
3,28850,6845,0,0,5,5,5770,2025,5476,7501
3,28900,5,0,0,5,5,5780,14160,1,14161
3,29040,20335,0,0,5,5,5808,4125,4067,8192
3,29110,355,0,0,5,5,5822,13377,71,13448
3,29110,1280,0,0,5,5,5822,15123,256,15379
3,29140,40,0,0,5,5,5828,6561,64,6625
3,29140,125,0,0,5,5,5828,18048,25,18073
3,29140,1240,0,0,5,5,5828,6627,248,6875
3,29200,10240,0,0,5,5,5840,5175,4096,9271
3,29240,1445,0,0,5,5,5848,6591,289,6880
3,29250,40,0,0,5,5,5850,9009,16,9025
3,29250,40,0,0,5,5,5850,14625,16,14641
3,29250,55,0,0,5,5,5850,6804,55,6859
3,29250,55,0,0,5,5,5850,9375,11,9386
3,29250,160,0,0,5,5,5850,15561,64,15625
3,29250,190,0,0,5,5,5850,16731,76,16807
3,29250,760,0,0,5,5,5850,5625,304,5929
3,29250,1540,0,0,5,5,5850,6561,2464,9025
3,29250,3025,0,0,5,5,5850,2187,4235,6422
3,29250,3610,0,0,5,5,5850,10125,2888,13013
3,29250,9295,0,0,5,5,5850,2187,13013,15200
3,29250,11875,0,0,5,5,5850,28431,16625,45056
3,29250,13750,0,0,5,5,5850,6561,22000,28561
3,29250,15730,0,0,5,5,5850,225,6292,6517
3,29250,16000,0,0,5,5,5850,117,6400,6517
3,29250,16000,0,0,5,5,5850,1881,6400,8281
3,29250,16900,0,0,5,5,5850,99,6760,6859
3,29250,19360,0,0,5,5,5850,567,15488,16055
3,29250,21970,0,0,5,5,5850,3087,8788,11875
3,29260,245,0,0,5,5,5852,14592,49,14641
3,29290,5,0,0,5,5,5858,9375,1,9376
3,29300,5,0,0,5,5,5860,9375,1,9376
3,29370,445,0,0,15,5,5874,19008,89,19097
3,29400,40,0,0,5,5,5880,21609,16,21625
3,29440,5,0,0,5,5,5888,7935,1,7936
3,29470,5,0,0,15,5,5894,9261,1,9262
3,29470,1280,0,0,5,5,5894,27951,256,28207
3,29500,16640,0,0,5,5,5900,81,13312,13393
3,29540,245,0,0,5,5,5908,24576,49,24625
3,29540,26375,0,0,5,5,5908,1029,5275,6304
3,29600,5,0,0,15,5,5920,12690,1,12691
3,29600,35,0,0,5,5,5920,50625,28,50653
3,29600,125,0,0,5,5,5920,11907,125,12032
3,29600,3125,0,0,5,5,5920,6627,625,7252
3,29600,11045,0,0,5,5,5920,28416,2209,30625
3,29670,4945,0,0,5,5,5934,7203,989,8192
3,29750,1715,0,0,5,5,5950,7533,1715,9248
3,29890,35,0,0,15,5,5978,18225,14,18239
3,29890,230,0,0,5,5,5978,10125,184,10309
3,29890,245,0,0,15,5,5978,13176,49,13225
3,29890,260,0,0,5,5,5978,11907,260,12167
3,29890,845,0,0,5,5,5978,15456,169,15625
3,29890,2240,0,0,5,5,5978,33489,896,34385
3,29890,2275,0,0,5,5,5978,11712,455,12167
3,29890,2440,0,0,5,5,5978,6561,3904,10465
3,29890,2645,0,0,5,5,5978,117120,529,117649
3,29890,2875,0,0,5,5,5978,19773,1150,20923
3,29890,9760,0,0,5,5,5978,81,7808,7889
3,29890,12005,0,0,5,5,5978,9375,2401,11776
3,29890,13225,0,0,5,5,5978,3159,13225,16384
3,29890,16000,0,0,5,5,5978,8967,3200,12167
3,29890,17080,0,0,5,5,5978,45,6832,6877
3,29890,18605,0,0,5,5,5978,6279,3721,10000
3,29890,22295,0,0,5,5,5978,36501,4459,40960
3,29890,27040,0,0,5,5,5978,8967,5408,14375
3,29890,27440,0,0,5,5,5978,9,10976,10985
3,29920,2560,0,0,5,5,5984,9801,2048,11849
3,30120,6,0,0,6,6,5020,7776,5,7781
3,30228,1374,0,0,6,6,5038,9375,229,9604
3,30228,24576,0,0,6,6,5038,1125,8192,9317
3,30408,13182,0,0,6,6,5068,81,8788,8869
3,30480,42,0,0,6,6,5080,15360,7,15367
3,30480,762,0,0,6,6,5080,8448,127,8575
3,30480,19050,0,0,6,6,5080,3993,3175,7168
3,30480,24576,0,0,6,6,5080,1125,8192,9317
3,30528,48,0,0,6,6,5088,6561,64,6625
3,30528,144,0,0,18,6,5088,6561,64,6625
3,30552,402,0,0,6,6,5092,6792,67,6859
3,30648,438,0,0,6,6,5108,62208,365,62573
3,30648,1536,0,0,6,6,5108,11493,512,12005
3,30648,3750,0,0,6,6,5108,4704,625,5329
3,30660,24,0,0,6,6,5110,5325,4,5329
3,30660,3750,0,0,6,6,5110,4704,625,5329
3,30660,15360,0,0,6,6,5110,63,5120,5183
3,30828,4200,0,0,6,6,5138,59049,7000,66049
3,30876,6144,0,0,6,6,5146,11979,2048,14027
3,30888,48,0,0,6,6,5148,14625,16,14641
3,30888,6798,0,0,6,6,5148,6561,9064,15625
3,30888,16500,0,0,6,6,5148,6561,22000,28561
3,30900,6,0,0,6,6,5150,35328,1,35329
3,30900,150,0,0,18,6,5150,10584,25,10609
3,30900,2352,0,0,6,6,5150,50301,2744,53045
3,30900,12696,0,0,6,6,5150,8343,8464,16807
3,30900,14406,0,0,6,6,5150,9375,2401,11776
3,30960,174,0,0,6,6,5160,7776,145,7921
3,31008,6,0,0,6,6,5168,9024,1,9025
3,31008,30,0,0,6,6,5168,43923,5,43928
3,31008,66,0,0,6,6,5168,111537,88,111625
3,31008,96,0,0,18,6,5168,34263,32,34295
3,31008,114,0,0,18,6,5168,15606,19,15625
3,31008,282,0,0,6,6,5168,20625,47,20672
3,31008,726,0,0,6,6,5168,15504,121,15625
3,31008,750,0,0,6,6,5168,8664,125,8789
3,31008,1536,0,0,6,6,5168,5625,512,6137
3,31008,1632,0,0,6,6,5168,5415,272,5687
3,31008,2820,0,0,6,6,5168,23409,1880,25289
3,31008,2904,0,0,6,6,5168,6375,484,6859
3,31008,5358,0,0,6,6,5168,31875,893,32768
3,31008,10716,0,0,6,6,5168,81,7144,7225
3,31008,10830,0,0,6,6,5168,14739,1805,16544
3,31008,13254,0,0,6,6,5168,5016,2209,7225
3,31008,13254,0,0,6,6,5168,2673,11045,13718
3,31008,17328,0,0,6,6,5168,99,5776,5875
3,31008,24576,0,0,6,6,5168,51183,8192,59375
3,31008,29478,0,0,6,6,5168,9375,4913,14288
3,31032,2586,0,0,6,6,5172,7761,431,8192
3,31080,42,0,0,6,6,5180,50625,28,50653
3,31140,354,0,0,6,6,5190,33216,59,33275
3,31188,12,0,0,6,6,5198,13221,4,13225
3,31188,15870,0,0,6,6,5198,3159,13225,16384
3,31236,114,0,0,6,6,5206,6561,152,6713
3,31416,6,0,0,6,6,5236,9408,1,9409
3,31500,450,0,0,18,6,5250,8181,100,8281
3,31500,606,0,0,6,6,5250,7776,505,8281
3,31500,2730,0,0,6,6,5250,6561,3640,10201
3,31500,30576,0,0,6,6,5250,9,10192,10201
3,31512,30246,0,0,6,6,5252,1212,5041,6253
3,31620,408,0,0,6,6,5270,29655,136,29791
3,31620,15816,0,0,6,6,5270,81,10544,10625
3,31656,4992,0,0,6,6,5276,7569,1664,9233
3,31668,6,0,0,6,6,5278,30624,1,30625
3,31668,24,0,0,6,6,5278,21021,4,21025
3,31668,42,0,0,6,6,5278,17496,49,17545
3,31668,78,0,0,6,6,5278,11979,26,12005
3,31668,132,0,0,6,6,5278,30537,88,30625
3,31668,150,0,0,6,6,5278,117624,25,117649
3,31668,294,0,0,6,6,5278,73167,49,73216
3,31668,384,0,0,6,6,5278,6591,64,6655
3,31668,384,0,0,6,6,5278,24057,448,24505
3,31668,2904,0,0,6,6,5278,13689,1936,15625
3,31668,3750,0,0,6,6,5278,7656,625,8281
3,31668,5046,0,0,6,6,5278,14784,841,15625
3,31668,8736,0,0,6,6,5278,9801,5824,15625
3,31668,13182,0,0,6,6,5278,18711,10985,29696
3,31668,14406,0,0,6,6,5278,32799,2401,35200
3,31668,16224,0,0,6,6,5278,27783,10816,38599
3,31668,21750,0,0,6,6,5278,13182,3625,16807
3,31668,21840,0,0,6,6,5278,81,14560,14641
3,31668,22272,0,0,6,6,5278,441,7424,7865
3,31668,24576,0,0,6,6,5278,1125,8192,9317
3,31740,14406,0,0,6,6,5290,9375,2401,11776
3,31788,48,0,0,6,6,5298,6561,64,6625
3,31800,6,0,0,6,6,5300,58080,1,58081
3,31800,48,0,0,6,6,5300,6561,64,6625
3,31908,600,0,0,6,6,5318,50421,100,50521
3,31908,15954,0,0,6,6,5318,4200,2659,6859
3,31908,15954,0,0,6,6,5318,7581,2659,10240
3,31908,15954,0,0,18,6,5318,3591,2659,6250
3,31968,768,0,0,6,6,5328,6561,1024,7585
3,31968,8112,0,0,6,6,5328,2997,5408,8405
3,31980,6,0,0,6,6,5330,15375,1,15376
3,31980,78,0,0,6,6,5330,6561,104,6665
3,31980,1230,0,0,6,6,5330,12288,205,12493
3,31980,1248,0,0,6,6,5330,72075,208,72283
3,31980,1488,0,0,6,6,5330,15129,496,15625
3,31980,4128,0,0,6,6,5330,38025,1376,39401
3,31980,5766,0,0,6,6,5330,5289,961,6250
3,31980,11094,0,0,6,6,5330,4875,1849,6724
3,31980,12090,0,0,6,6,5330,62208,10075,72283
3,31980,12288,0,0,6,6,5330,1053,8192,9245
3,31980,19968,0,0,6,6,5330,9,6656,6665
3,31992,6,0,0,6,6,5332,16383,1,16384
3,31992,6,0,0,18,6,5332,8127,1,8128
3,32016,1104,0,0,6,6,5336,24021,368,24389
3,32028,24,0,0,6,6,5338,7209,16,7225
3,32088,750,0,0,6,6,5348,109443,125,109568
3,32124,6,0,0,6,6,5354,6591,1,6592
3,32136,6,0,0,6,6,5356,6591,1,6592
3,32160,6,0,0,6,6,5360,22980,1,22981
3,32160,600,0,0,6,6,5360,31023,400,31423
3,32208,6,0,0,6,6,5368,14640,1,14641
3,32268,750,0,0,6,6,5378,8067,125,8192
3,32280,8070,0,0,18,6,5380,9477,2690,12167
3,32340,294,0,0,18,6,5390,16335,49,16384
3,32340,24576,0,0,6,6,5390,1125,8192,9317
3,32412,31974,0,0,6,6,5402,147,5329,5476
3,32508,18750,0,0,6,6,5418,5547,3125,8672
3,32592,6,0,0,6,6,5432,5928,1,5929
3,32592,6,0,0,6,6,5432,9408,1,9409
3,32592,6,0,0,18,6,5432,34047,1,34048
3,32592,228,0,0,6,6,5432,16731,76,16807
3,32592,294,0,0,6,6,5432,14592,49,14641
3,32592,582,0,0,6,6,5432,6591,97,6688
3,32592,1014,0,0,6,6,5432,7203,169,7372
3,32592,9438,0,0,6,6,5432,567,6292,6859
3,32592,17328,0,0,6,6,5432,9603,5776,15379
3,32604,114,0,0,18,6,5434,18252,19,18271
3,32640,3750,0,0,6,6,5440,4131,3125,7256
3,32700,6,0,0,6,6,5450,68121,4,68125
3,32700,1536,0,0,6,6,5450,15369,256,15625
3,32832,5472,0,0,18,6,5472,6561,2432,8993
3,32988,32988,0,0,18,6,5498,3645,10996,14641
3,33000,24576,0,0,6,6,5500,1125,8192,9317
3,33060,48,0,0,6,6,5510,6561,64,6625
3,33060,78,0,0,6,6,5510,6612,13,6625
3,33060,2166,0,0,6,6,5510,8427,361,8788
3,33060,2166,0,0,6,6,5510,10875,361,11236
3,33060,2784,0,0,6,6,5510,32805,3712,36517
3,33060,4350,0,0,6,6,5510,3159,3625,6784
3,33060,7296,0,0,6,6,5510,6525,2432,8957
3,33060,8664,0,0,6,6,5510,2349,5776,8125
3,33060,18750,0,0,6,6,5510,8427,3125,11552
3,33060,24168,0,0,6,6,5510,7569,8056,15625
3,33060,25230,0,0,6,6,5510,85683,4205,89888
3,33108,6,0,0,6,6,5518,7935,1,7936
3,33168,6,0,0,18,6,5528,13824,1,13825
3,33168,3750,0,0,6,6,5528,18723,625,19348
3,33168,14406,0,0,6,6,5528,3840,2401,6241
3,33168,30336,0,0,6,6,5528,45927,40448,86375
3,33180,6,0,0,6,6,5530,57624,1,57625
3,33180,6,0,0,18,6,5530,13824,1,13825
3,33180,14406,0,0,6,6,5530,3840,2401,6241
3,33252,6,0,0,6,6,5542,7986,1,7987
3,33264,18,0,0,18,6,5544,24057,7,24064
3,33264,3072,0,0,6,6,5544,6627,512,7139
3,33288,24576,0,0,6,6,5548,29241,16384,45625
3,33384,642,0,0,6,6,5564,36501,107,36608
3,33420,7350,0,0,6,6,5570,243,6125,6368
3,33444,5574,0,0,18,6,5574,27648,929,28577
3,33528,6,0,0,6,6,5588,16383,1,16384
3,33528,24,0,0,6,6,5588,16125,4,16129
3,33528,30,0,0,6,6,5588,6144,5,6149
3,33528,48,0,0,6,6,5588,14625,16,14641
3,33528,78,0,0,6,6,5588,48387,13,48400
3,33528,96,0,0,6,6,5588,15609,16,15625
3,33528,384,0,0,6,6,5588,6591,64,6655
3,33528,2904,0,0,6,6,5588,13689,1936,15625
3,33528,3120,0,0,6,6,5588,15609,520,16129
3,33528,3354,0,0,6,6,5588,6096,559,6655
3,33528,12000,0,0,6,6,5588,10449,10000,20449
3,33528,12288,0,0,6,6,5588,1053,8192,9245
3,33528,13182,0,0,6,6,5588,5547,2197,7744
3,33528,16500,0,0,6,6,5588,6561,22000,28561
3,33540,3750,0,0,6,6,5590,53664,625,54289
3,33540,13182,0,0,6,6,5590,5625,4394,10019
3,33600,6,0,0,6,6,5600,16806,1,16807
3,33648,33648,0,0,6,6,5608,6561,44864,51425
3,33660,30,0,0,18,6,5610,7803,5,7808
3,33660,102,0,0,18,6,5610,7425,17,7442
3,33660,138,0,0,6,6,5610,14739,23,14762
3,33660,192,0,0,6,6,5610,122793,32,122825
3,33660,18768,0,0,6,6,5610,1125,6256,7381
3,33660,30000,0,0,6,6,5610,3993,5000,8993
3,33660,30000,0,0,6,6,5610,12627,10000,22627
3,33672,1536,0,0,6,6,5612,8967,256,9223
3,33672,11712,0,0,6,6,5612,81,7808,7889
3,33708,48,0,0,6,6,5618,6561,64,6625
3,33708,12288,0,0,6,6,5618,2529,4096,6625
3,33756,6,0,0,6,6,5626,9408,1,9409
3,33840,750,0,0,6,6,5640,18816,125,18941
3,33840,12000,0,0,6,6,5640,95823,8000,103823
3,33840,14700,0,0,6,6,5640,243,12250,12493
3,33840,18048,0,0,6,6,5640,6561,24064,30625
3,33840,21504,0,0,6,6,5640,117,7168,7285
3,33840,26040,0,0,6,6,5640,19881,8680,28561
3,33852,6,0,0,6,6,5642,6723,4,6727
3,33852,6,0,0,18,6,5642,31212,1,31213
3,33852,78,0,0,6,6,5642,42483,13,42496
3,33852,192,0,0,6,6,5642,6723,128,6851
3,33852,498,0,0,6,6,5642,17493,83,17576
3,33852,744,0,0,6,6,5642,6561,992,7553
3,33852,816,0,0,6,6,5642,6591,136,6727
3,33852,1734,0,0,6,6,5642,20667,289,20956
3,33852,3468,0,0,6,6,5642,5733,1156,6889
3,33852,3822,0,0,6,6,5642,14739,637,15376
3,33852,16926,0,0,18,6,5642,7803,2821,10624
3,33852,19344,0,0,6,6,5642,441,6448,6889
3,33852,29478,0,0,6,6,5642,1743,4913,6656
3,33852,29478,0,0,6,6,5642,9114,4913,14027
3,33852,31872,0,0,6,6,5642,9,10624,10633
3,33924,1542,0,0,6,6,5654,24057,1799,25856
3,34008,14406,0,0,6,6,5668,26160,2401,28561
3,34008,32928,0,0,6,6,5668,9,10976,10985
3,34068,3750,0,0,6,6,5678,27264,625,27889
3,34176,2136,0,0,6,6,5696,11979,712,12691
3,34188,6,0,0,6,6,5698,5775,1,5776
3,34188,42,0,0,6,6,5698,50625,28,50653
3,34188,114,0,0,6,6,5698,130977,95,131072
3,34188,294,0,0,6,6,5698,14592,49,14641
3,34188,1500,0,0,6,6,5698,8991,1250,10241
3,34188,1554,0,0,6,6,5698,6600,259,6859
3,34188,1554,0,0,6,6,5698,11616,259,11875
3,34188,2166,0,0,6,6,5698,8214,361,8575
3,34188,2166,0,0,6,6,5698,75264,361,75625
3,34188,3552,0,0,6,6,5698,20691,1184,21875
3,34188,4884,0,0,18,6,5698,16875,814,17689
3,34188,5280,0,0,6,6,5698,2997,3520,6517
3,34188,7296,0,0,6,6,5698,5439,1216,6655
3,34188,8214,0,0,6,6,5698,4560,1369,5929
3,34188,8250,0,0,6,6,5698,20577,1375,21952
3,34188,10878,0,0,6,6,5698,3249,3626,6875
3,34188,14406,0,0,6,6,5698,23199,2401,25600
3,34188,16170,0,0,6,6,5698,243,13475,13718
3,34188,24576,0,0,6,6,5698,1125,8192,9317
3,34188,24576,0,0,6,6,5698,10545,4096,14641
3,34308,48,0,0,6,6,5718,14625,16,14641
3,34308,5718,0,0,18,6,5718,6912,953,7865
3,34308,12288,0,0,6,6,5718,243,10240,10483
3,34308,16500,0,0,6,6,5718,6561,22000,28561
3,34320,48,0,0,6,6,5720,14625,16,14641
3,34320,384,0,0,6,6,5720,6591,64,6655
3,34320,2904,0,0,6,6,5720,13689,1936,15625
3,34320,5808,0,0,6,6,5720,6561,7744,14305
3,34320,16500,0,0,6,6,5720,6561,22000,28561
3,34428,6,0,0,6,6,5738,22800,1,22801
3,34428,150,0,0,6,6,5738,16359,25,16384
3,34428,192,0,0,6,6,5738,6795,64,6859
3,34428,570,0,0,6,6,5738,11907,475,12382
3,34428,798,0,0,6,6,5738,21870,931,22801
3,34428,4674,0,0,6,6,5738,50421,779,51200
3,34428,7680,0,0,6,6,5738,15129,2560,17689
3,34428,10086,0,0,6,6,5738,45927,13448,59375
3,34428,10086,0,0,6,6,5738,115968,1681,117649
3,34428,27930,0,0,6,6,5738,1536,4655,6191
3,34428,31488,0,0,6,6,5738,8379,10496,18875
3,34440,6,0,0,6,6,5740,30624,1,30625
3,34440,42,0,0,6,6,5740,17496,49,17545
3,34440,132,0,0,6,6,5740,18081,44,18125
3,34440,150,0,0,6,6,5740,6699,25,6724
3,34440,294,0,0,6,6,5740,9963,245,10208
3,34440,1176,0,0,6,6,5740,54375,196,54571
3,34440,1536,0,0,6,6,5740,15375,256,15631
3,34440,5046,0,0,6,6,5740,14784,841,15625
3,34440,5046,0,0,6,6,5740,30135,841,30976
3,34440,18150,0,0,6,6,5740,9963,15125,25088
3,34440,21750,0,0,6,6,5740,243,18125,18368
3,34440,24576,0,0,6,6,5740,1125,8192,9317
3,34620,6,0,0,6,6,5770,7500,1,7501
3,34620,8214,0,0,6,6,5770,2025,5476,7501
3,34680,6,0,0,6,6,5780,14160,1,14161
3,34848,24402,0,0,6,6,5808,4125,4067,8192
3,34932,426,0,0,6,6,5822,13377,71,13448
3,34932,1536,0,0,6,6,5822,15123,256,15379
3,34968,48,0,0,6,6,5828,6561,64,6625
3,34968,150,0,0,6,6,5828,18048,25,18073
3,34968,1488,0,0,6,6,5828,6627,248,6875
3,35040,12288,0,0,6,6,5840,5175,4096,9271
3,35088,1734,0,0,6,6,5848,6591,289,6880
3,35100,48,0,0,6,6,5850,9009,16,9025
3,35100,48,0,0,6,6,5850,14625,16,14641
3,35100,66,0,0,6,6,5850,6804,55,6859
3,35100,66,0,0,6,6,5850,9375,11,9386
3,35100,192,0,0,6,6,5850,15561,64,15625
3,35100,228,0,0,6,6,5850,16731,76,16807
3,35100,912,0,0,6,6,5850,5625,304,5929
3,35100,1848,0,0,6,6,5850,6561,2464,9025
3,35100,3630,0,0,6,6,5850,2187,4235,6422
3,35100,4332,0,0,6,6,5850,10125,2888,13013
3,35100,11154,0,0,6,6,5850,2187,13013,15200
3,35100,14250,0,0,6,6,5850,28431,16625,45056
3,35100,16500,0,0,6,6,5850,6561,22000,28561
3,35100,18876,0,0,6,6,5850,225,6292,6517
3,35100,19200,0,0,6,6,5850,117,6400,6517
3,35100,19200,0,0,6,6,5850,1881,6400,8281
3,35100,20280,0,0,6,6,5850,99,6760,6859
3,35100,23232,0,0,6,6,5850,567,15488,16055
3,35100,26364,0,0,6,6,5850,3087,8788,11875
3,35112,294,0,0,6,6,5852,14592,49,14641
3,35140,7,0,0,7,7,5020,7776,5,7781
3,35148,6,0,0,6,6,5858,9375,1,9376
3,35160,6,0,0,6,6,5860,9375,1,9376
3,35244,534,0,0,18,6,5874,19008,89,19097
3,35266,1603,0,0,7,7,5038,9375,229,9604
3,35266,28672,0,0,7,7,5038,1125,8192,9317
3,35280,48,0,0,6,6,5880,21609,16,21625
3,35328,6,0,0,6,6,5888,7935,1,7936
3,35364,6,0,0,18,6,5894,9261,1,9262
3,35364,1536,0,0,6,6,5894,27951,256,28207
3,35400,19968,0,0,6,6,5900,81,13312,13393
3,35448,294,0,0,6,6,5908,24576,49,24625
3,35448,31650,0,0,6,6,5908,1029,5275,6304
3,35476,15379,0,0,7,7,5068,81,8788,8869
3,35520,6,0,0,18,6,5920,12690,1,12691
3,35520,42,0,0,6,6,5920,50625,28,50653
3,35520,150,0,0,6,6,5920,11907,125,12032
3,35520,3750,0,0,6,6,5920,6627,625,7252
3,35520,13254,0,0,6,6,5920,28416,2209,30625
3,35560,49,0,0,7,7,5080,15360,7,15367
3,35560,889,0,0,7,7,5080,8448,127,8575
3,35560,22225,0,0,7,7,5080,3993,3175,7168
3,35560,28672,0,0,7,7,5080,1125,8192,9317
3,35604,5934,0,0,6,6,5934,7203,989,8192
3,35616,56,0,0,7,7,5088,6561,64,6625
3,35616,168,0,0,21,7,5088,6561,64,6625
3,35644,469,0,0,7,7,5092,6792,67,6859
3,35700,2058,0,0,6,6,5950,7533,1715,9248
3,35756,511,0,0,7,7,5108,62208,365,62573
3,35756,1792,0,0,7,7,5108,11493,512,12005
3,35756,4375,0,0,7,7,5108,4704,625,5329
3,35770,28,0,0,7,7,5110,5325,4,5329
3,35770,4375,0,0,7,7,5110,4704,625,5329
3,35770,17920,0,0,7,7,5110,63,5120,5183
3,35868,42,0,0,18,6,5978,18225,14,18239
3,35868,276,0,0,6,6,5978,10125,184,10309
3,35868,294,0,0,18,6,5978,13176,49,13225
3,35868,312,0,0,6,6,5978,11907,260,12167
3,35868,1014,0,0,6,6,5978,15456,169,15625
3,35868,2688,0,0,6,6,5978,33489,896,34385
3,35868,2730,0,0,6,6,5978,11712,455,12167
3,35868,2928,0,0,6,6,5978,6561,3904,10465
3,35868,3174,0,0,6,6,5978,117120,529,117649
3,35868,3450,0,0,6,6,5978,19773,1150,20923
3,35868,11712,0,0,6,6,5978,81,7808,7889
3,35868,14406,0,0,6,6,5978,9375,2401,11776
3,35868,15870,0,0,6,6,5978,3159,13225,16384
3,35868,19200,0,0,6,6,5978,8967,3200,12167
3,35868,20496,0,0,6,6,5978,45,6832,6877
3,35868,22326,0,0,6,6,5978,6279,3721,10000
3,35868,26754,0,0,6,6,5978,36501,4459,40960
3,35868,32448,0,0,6,6,5978,8967,5408,14375
3,35868,32928,0,0,6,6,5978,9,10976,10985
3,35904,3072,0,0,6,6,5984,9801,2048,11849
3,35966,4900,0,0,7,7,5138,59049,7000,66049
3,36022,7168,0,0,7,7,5146,11979,2048,14027
3,36036,56,0,0,7,7,5148,14625,16,14641
3,36036,7931,0,0,7,7,5148,6561,9064,15625
3,36036,19250,0,0,7,7,5148,6561,22000,28561
3,36050,7,0,0,7,7,5150,35328,1,35329
3,36050,175,0,0,21,7,5150,10584,25,10609
3,36050,2744,0,0,7,7,5150,50301,2744,53045
3,36050,14812,0,0,7,7,5150,8343,8464,16807
3,36050,16807,0,0,7,7,5150,9375,2401,11776
3,36120,203,0,0,7,7,5160,7776,145,7921
3,36176,7,0,0,7,7,5168,9024,1,9025
3,36176,35,0,0,7,7,5168,43923,5,43928
3,36176,77,0,0,7,7,5168,111537,88,111625
3,36176,112,0,0,21,7,5168,34263,32,34295
3,36176,133,0,0,21,7,5168,15606,19,15625
3,36176,329,0,0,7,7,5168,20625,47,20672
3,36176,847,0,0,7,7,5168,15504,121,15625
3,36176,875,0,0,7,7,5168,8664,125,8789
3,36176,1792,0,0,7,7,5168,5625,512,6137
3,36176,1904,0,0,7,7,5168,5415,272,5687
3,36176,3290,0,0,7,7,5168,23409,1880,25289
3,36176,3388,0,0,7,7,5168,6375,484,6859
3,36176,6251,0,0,7,7,5168,31875,893,32768
3,36176,12502,0,0,7,7,5168,81,7144,7225
3,36176,12635,0,0,7,7,5168,14739,1805,16544
3,36176,15463,0,0,7,7,5168,5016,2209,7225
3,36176,15463,0,0,7,7,5168,2673,11045,13718
3,36176,20216,0,0,7,7,5168,99,5776,5875
3,36176,28672,0,0,7,7,5168,51183,8192,59375
3,36176,34391,0,0,7,7,5168,9375,4913,14288
3,36204,3017,0,0,7,7,5172,7761,431,8192
3,36260,49,0,0,7,7,5180,50625,28,50653
3,36330,413,0,0,7,7,5190,33216,59,33275
3,36386,14,0,0,7,7,5198,13221,4,13225
3,36386,18515,0,0,7,7,5198,3159,13225,16384
3,36442,133,0,0,7,7,5206,6561,152,6713
3,36652,7,0,0,7,7,5236,9408,1,9409
3,36750,525,0,0,21,7,5250,8181,100,8281
3,36750,707,0,0,7,7,5250,7776,505,8281
3,36750,3185,0,0,7,7,5250,6561,3640,10201
3,36750,35672,0,0,7,7,5250,9,10192,10201
3,36764,35287,0,0,7,7,5252,1212,5041,6253
3,36890,476,0,0,7,7,5270,29655,136,29791
3,36890,18452,0,0,7,7,5270,81,10544,10625
3,36932,5824,0,0,7,7,5276,7569,1664,9233
3,36946,7,0,0,7,7,5278,30624,1,30625
3,36946,28,0,0,7,7,5278,21021,4,21025
3,36946,49,0,0,7,7,5278,17496,49,17545
3,36946,91,0,0,7,7,5278,11979,26,12005
3,36946,154,0,0,7,7,5278,30537,88,30625
3,36946,175,0,0,7,7,5278,117624,25,117649
3,36946,343,0,0,7,7,5278,73167,49,73216
3,36946,448,0,0,7,7,5278,6591,64,6655
3,36946,448,0,0,7,7,5278,24057,448,24505
3,36946,3388,0,0,7,7,5278,13689,1936,15625
3,36946,4375,0,0,7,7,5278,7656,625,8281
3,36946,5887,0,0,7,7,5278,14784,841,15625
3,36946,10192,0,0,7,7,5278,9801,5824,15625
3,36946,15379,0,0,7,7,5278,18711,10985,29696
3,36946,16807,0,0,7,7,5278,32799,2401,35200
3,36946,18928,0,0,7,7,5278,27783,10816,38599
3,36946,25375,0,0,7,7,5278,13182,3625,16807
3,36946,25480,0,0,7,7,5278,81,14560,14641
3,36946,25984,0,0,7,7,5278,441,7424,7865
3,36946,28672,0,0,7,7,5278,1125,8192,9317
3,37030,16807,0,0,7,7,5290,9375,2401,11776
3,37086,56,0,0,7,7,5298,6561,64,6625
3,37100,7,0,0,7,7,5300,58080,1,58081
3,37100,56,0,0,7,7,5300,6561,64,6625
3,37226,700,0,0,7,7,5318,50421,100,50521
3,37226,18613,0,0,7,7,5318,4200,2659,6859
3,37226,18613,0,0,7,7,5318,7581,2659,10240
3,37226,18613,0,0,21,7,5318,3591,2659,6250
3,37296,896,0,0,7,7,5328,6561,1024,7585
3,37296,9464,0,0,7,7,5328,2997,5408,8405
3,37310,7,0,0,7,7,5330,15375,1,15376
3,37310,91,0,0,7,7,5330,6561,104,6665
3,37310,1435,0,0,7,7,5330,12288,205,12493
3,37310,1456,0,0,7,7,5330,72075,208,72283
3,37310,1736,0,0,7,7,5330,15129,496,15625
3,37310,4816,0,0,7,7,5330,38025,1376,39401
3,37310,6727,0,0,7,7,5330,5289,961,6250
3,37310,12943,0,0,7,7,5330,4875,1849,6724
3,37310,14105,0,0,7,7,5330,62208,10075,72283
3,37310,14336,0,0,7,7,5330,1053,8192,9245
3,37310,23296,0,0,7,7,5330,9,6656,6665
3,37324,7,0,0,7,7,5332,16383,1,16384
3,37324,7,0,0,21,7,5332,8127,1,8128
3,37352,1288,0,0,7,7,5336,24021,368,24389
3,37366,28,0,0,7,7,5338,7209,16,7225
3,37436,875,0,0,7,7,5348,109443,125,109568
3,37478,7,0,0,7,7,5354,6591,1,6592
3,37492,7,0,0,7,7,5356,6591,1,6592
3,37520,7,0,0,7,7,5360,22980,1,22981
3,37520,700,0,0,7,7,5360,31023,400,31423
3,37576,7,0,0,7,7,5368,14640,1,14641
3,37646,875,0,0,7,7,5378,8067,125,8192
3,37660,9415,0,0,21,7,5380,9477,2690,12167
3,37730,343,0,0,21,7,5390,16335,49,16384
3,37730,28672,0,0,7,7,5390,1125,8192,9317
3,37814,37303,0,0,7,7,5402,147,5329,5476
3,37926,21875,0,0,7,7,5418,5547,3125,8672
3,38024,7,0,0,7,7,5432,5928,1,5929
3,38024,7,0,0,7,7,5432,9408,1,9409
3,38024,7,0,0,21,7,5432,34047,1,34048
3,38024,266,0,0,7,7,5432,16731,76,16807
3,38024,343,0,0,7,7,5432,14592,49,14641
3,38024,679,0,0,7,7,5432,6591,97,6688
3,38024,1183,0,0,7,7,5432,7203,169,7372
3,38024,11011,0,0,7,7,5432,567,6292,6859
3,38024,20216,0,0,7,7,5432,9603,5776,15379
3,38038,133,0,0,21,7,5434,18252,19,18271
3,38080,4375,0,0,7,7,5440,4131,3125,7256
3,38150,7,0,0,7,7,5450,68121,4,68125
3,38150,1792,0,0,7,7,5450,15369,256,15625
3,38304,6384,0,0,21,7,5472,6561,2432,8993
3,38486,38486,0,0,21,7,5498,3645,10996,14641
3,38500,28672,0,0,7,7,5500,1125,8192,9317
3,38570,56,0,0,7,7,5510,6561,64,6625
3,38570,91,0,0,7,7,5510,6612,13,6625
3,38570,2527,0,0,7,7,5510,8427,361,8788
3,38570,2527,0,0,7,7,5510,10875,361,11236
3,38570,3248,0,0,7,7,5510,32805,3712,36517
3,38570,5075,0,0,7,7,5510,3159,3625,6784
3,38570,8512,0,0,7,7,5510,6525,2432,8957
3,38570,10108,0,0,7,7,5510,2349,5776,8125
3,38570,21875,0,0,7,7,5510,8427,3125,11552
3,38570,28196,0,0,7,7,5510,7569,8056,15625
3,38570,29435,0,0,7,7,5510,85683,4205,89888
3,38626,7,0,0,7,7,5518,7935,1,7936
3,38696,7,0,0,21,7,5528,13824,1,13825
3,38696,4375,0,0,7,7,5528,18723,625,19348
3,38696,16807,0,0,7,7,5528,3840,2401,6241
3,38696,35392,0,0,7,7,5528,45927,40448,86375
3,38710,7,0,0,7,7,5530,57624,1,57625
3,38710,7,0,0,21,7,5530,13824,1,13825
3,38710,16807,0,0,7,7,5530,3840,2401,6241
3,38794,7,0,0,7,7,5542,7986,1,7987
3,38808,21,0,0,21,7,5544,24057,7,24064
3,38808,3584,0,0,7,7,5544,6627,512,7139
3,38836,28672,0,0,7,7,5548,29241,16384,45625
3,38948,749,0,0,7,7,5564,36501,107,36608
3,38990,8575,0,0,7,7,5570,243,6125,6368
3,39018,6503,0,0,21,7,5574,27648,929,28577
3,39116,7,0,0,7,7,5588,16383,1,16384
3,39116,28,0,0,7,7,5588,16125,4,16129
3,39116,35,0,0,7,7,5588,6144,5,6149
3,39116,56,0,0,7,7,5588,14625,16,14641
3,39116,91,0,0,7,7,5588,48387,13,48400
3,39116,112,0,0,7,7,5588,15609,16,15625
3,39116,448,0,0,7,7,5588,6591,64,6655
3,39116,3388,0,0,7,7,5588,13689,1936,15625
3,39116,3640,0,0,7,7,5588,15609,520,16129
3,39116,3913,0,0,7,7,5588,6096,559,6655
3,39116,14000,0,0,7,7,5588,10449,10000,20449
3,39116,14336,0,0,7,7,5588,1053,8192,9245
3,39116,15379,0,0,7,7,5588,5547,2197,7744
3,39116,19250,0,0,7,7,5588,6561,22000,28561
3,39130,4375,0,0,7,7,5590,53664,625,54289
3,39130,15379,0,0,7,7,5590,5625,4394,10019
3,39200,7,0,0,7,7,5600,16806,1,16807
3,39256,39256,0,0,7,7,5608,6561,44864,51425
3,39270,35,0,0,21,7,5610,7803,5,7808
3,39270,119,0,0,21,7,5610,7425,17,7442
3,39270,161,0,0,7,7,5610,14739,23,14762
3,39270,224,0,0,7,7,5610,122793,32,122825
3,39270,21896,0,0,7,7,5610,1125,6256,7381
3,39270,35000,0,0,7,7,5610,3993,5000,8993
3,39270,35000,0,0,7,7,5610,12627,10000,22627
3,39284,1792,0,0,7,7,5612,8967,256,9223
3,39284,13664,0,0,7,7,5612,81,7808,7889
3,39326,56,0,0,7,7,5618,6561,64,6625
3,39326,14336,0,0,7,7,5618,2529,4096,6625
3,39382,7,0,0,7,7,5626,9408,1,9409
3,39480,875,0,0,7,7,5640,18816,125,18941
3,39480,14000,0,0,7,7,5640,95823,8000,103823
3,39480,17150,0,0,7,7,5640,243,12250,12493
3,39480,21056,0,0,7,7,5640,6561,24064,30625
3,39480,25088,0,0,7,7,5640,117,7168,7285
3,39480,30380,0,0,7,7,5640,19881,8680,28561
3,39494,7,0,0,7,7,5642,6723,4,6727
3,39494,7,0,0,21,7,5642,31212,1,31213
3,39494,91,0,0,7,7,5642,42483,13,42496
3,39494,224,0,0,7,7,5642,6723,128,6851
3,39494,581,0,0,7,7,5642,17493,83,17576
3,39494,868,0,0,7,7,5642,6561,992,7553
3,39494,952,0,0,7,7,5642,6591,136,6727
3,39494,2023,0,0,7,7,5642,20667,289,20956
3,39494,4046,0,0,7,7,5642,5733,1156,6889
3,39494,4459,0,0,7,7,5642,14739,637,15376
3,39494,19747,0,0,21,7,5642,7803,2821,10624
3,39494,22568,0,0,7,7,5642,441,6448,6889
3,39494,34391,0,0,7,7,5642,1743,4913,6656
3,39494,34391,0,0,7,7,5642,9114,4913,14027
3,39494,37184,0,0,7,7,5642,9,10624,10633
3,39578,1799,0,0,7,7,5654,24057,1799,25856
3,39676,16807,0,0,7,7,5668,26160,2401,28561
3,39676,38416,0,0,7,7,5668,9,10976,10985
3,39746,4375,0,0,7,7,5678,27264,625,27889
3,39872,2492,0,0,7,7,5696,11979,712,12691
3,39886,7,0,0,7,7,5698,5775,1,5776
3,39886,49,0,0,7,7,5698,50625,28,50653
3,39886,133,0,0,7,7,5698,130977,95,131072
3,39886,343,0,0,7,7,5698,14592,49,14641
3,39886,1750,0,0,7,7,5698,8991,1250,10241
3,39886,1813,0,0,7,7,5698,6600,259,6859
3,39886,1813,0,0,7,7,5698,11616,259,11875
3,39886,2527,0,0,7,7,5698,8214,361,8575
3,39886,2527,0,0,7,7,5698,75264,361,75625
3,39886,4144,0,0,7,7,5698,20691,1184,21875
3,39886,5698,0,0,21,7,5698,16875,814,17689
3,39886,6160,0,0,7,7,5698,2997,3520,6517
3,39886,8512,0,0,7,7,5698,5439,1216,6655
3,39886,9583,0,0,7,7,5698,4560,1369,5929
3,39886,9625,0,0,7,7,5698,20577,1375,21952
3,39886,12691,0,0,7,7,5698,3249,3626,6875
3,39886,16807,0,0,7,7,5698,23199,2401,25600
3,39886,18865,0,0,7,7,5698,243,13475,13718
3,39886,28672,0,0,7,7,5698,1125,8192,9317
3,39886,28672,0,0,7,7,5698,10545,4096,14641
3,40026,56,0,0,7,7,5718,14625,16,14641
3,40026,6671,0,0,21,7,5718,6912,953,7865
3,40026,14336,0,0,7,7,5718,243,10240,10483
3,40026,19250,0,0,7,7,5718,6561,22000,28561
3,40040,56,0,0,7,7,5720,14625,16,14641
3,40040,448,0,0,7,7,5720,6591,64,6655
3,40040,3388,0,0,7,7,5720,13689,1936,15625
3,40040,6776,0,0,7,7,5720,6561,7744,14305
3,40040,19250,0,0,7,7,5720,6561,22000,28561
3,40160,8,0,0,8,8,5020,7776,5,7781
3,40166,7,0,0,7,7,5738,22800,1,22801
3,40166,175,0,0,7,7,5738,16359,25,16384
3,40166,224,0,0,7,7,5738,6795,64,6859
3,40166,665,0,0,7,7,5738,11907,475,12382
3,40166,931,0,0,7,7,5738,21870,931,22801
3,40166,5453,0,0,7,7,5738,50421,779,51200
3,40166,8960,0,0,7,7,5738,15129,2560,17689
3,40166,11767,0,0,7,7,5738,45927,13448,59375
3,40166,11767,0,0,7,7,5738,115968,1681,117649
3,40166,32585,0,0,7,7,5738,1536,4655,6191
3,40166,36736,0,0,7,7,5738,8379,10496,18875
3,40180,7,0,0,7,7,5740,30624,1,30625
3,40180,49,0,0,7,7,5740,17496,49,17545
3,40180,154,0,0,7,7,5740,18081,44,18125
3,40180,175,0,0,7,7,5740,6699,25,6724
3,40180,343,0,0,7,7,5740,9963,245,10208
3,40180,1372,0,0,7,7,5740,54375,196,54571
3,40180,1792,0,0,7,7,5740,15375,256,15631
3,40180,5887,0,0,7,7,5740,14784,841,15625
3,40180,5887,0,0,7,7,5740,30135,841,30976
3,40180,21175,0,0,7,7,5740,9963,15125,25088
3,40180,25375,0,0,7,7,5740,243,18125,18368
3,40180,28672,0,0,7,7,5740,1125,8192,9317
3,40304,1832,0,0,8,8,5038,9375,229,9604
3,40304,32768,0,0,8,8,5038,1125,8192,9317
3,40390,7,0,0,7,7,5770,7500,1,7501
3,40390,9583,0,0,7,7,5770,2025,5476,7501
3,40460,7,0,0,7,7,5780,14160,1,14161
3,40544,17576,0,0,8,8,5068,81,8788,8869
3,40640,56,0,0,8,8,5080,15360,7,15367
3,40640,1016,0,0,8,8,5080,8448,127,8575
3,40640,25400,0,0,8,8,5080,3993,3175,7168
3,40640,32768,0,0,8,8,5080,1125,8192,9317
3,40656,28469,0,0,7,7,5808,4125,4067,8192
3,40704,64,0,0,8,8,5088,6561,64,6625
3,40704,192,0,0,24,8,5088,6561,64,6625
3,40736,536,0,0,8,8,5092,6792,67,6859
3,40754,497,0,0,7,7,5822,13377,71,13448
3,40754,1792,0,0,7,7,5822,15123,256,15379
3,40796,56,0,0,7,7,5828,6561,64,6625
3,40796,175,0,0,7,7,5828,18048,25,18073
3,40796,1736,0,0,7,7,5828,6627,248,6875
3,40864,584,0,0,8,8,5108,62208,365,62573
3,40864,2048,0,0,8,8,5108,11493,512,12005
3,40864,5000,0,0,8,8,5108,4704,625,5329
3,40880,32,0,0,8,8,5110,5325,4,5329
3,40880,5000,0,0,8,8,5110,4704,625,5329
3,40880,14336,0,0,7,7,5840,5175,4096,9271
3,40880,20480,0,0,8,8,5110,63,5120,5183
3,40936,2023,0,0,7,7,5848,6591,289,6880
3,40950,56,0,0,7,7,5850,9009,16,9025
3,40950,56,0,0,7,7,5850,14625,16,14641
3,40950,77,0,0,7,7,5850,6804,55,6859
3,40950,77,0,0,7,7,5850,9375,11,9386
3,40950,224,0,0,7,7,5850,15561,64,15625
3,40950,266,0,0,7,7,5850,16731,76,16807
3,40950,1064,0,0,7,7,5850,5625,304,5929
3,40950,2156,0,0,7,7,5850,6561,2464,9025
3,40950,4235,0,0,7,7,5850,2187,4235,6422
3,40950,5054,0,0,7,7,5850,10125,2888,13013
3,40950,13013,0,0,7,7,5850,2187,13013,15200
3,40950,16625,0,0,7,7,5850,28431,16625,45056
3,40950,19250,0,0,7,7,5850,6561,22000,28561
3,40950,22022,0,0,7,7,5850,225,6292,6517
3,40950,22400,0,0,7,7,5850,117,6400,6517
3,40950,22400,0,0,7,7,5850,1881,6400,8281
3,40950,23660,0,0,7,7,5850,99,6760,6859
3,40950,27104,0,0,7,7,5850,567,15488,16055
3,40950,30758,0,0,7,7,5850,3087,8788,11875
3,40964,343,0,0,7,7,5852,14592,49,14641
3,41006,7,0,0,7,7,5858,9375,1,9376
3,41020,7,0,0,7,7,5860,9375,1,9376
3,41104,5600,0,0,8,8,5138,59049,7000,66049
3,41118,623,0,0,21,7,5874,19008,89,19097
3,41160,56,0,0,7,7,5880,21609,16,21625
3,41168,8192,0,0,8,8,5146,11979,2048,14027
3,41184,64,0,0,8,8,5148,14625,16,14641
3,41184,9064,0,0,8,8,5148,6561,9064,15625
3,41184,22000,0,0,8,8,5148,6561,22000,28561
3,41200,8,0,0,8,8,5150,35328,1,35329
3,41200,200,0,0,24,8,5150,10584,25,10609
3,41200,3136,0,0,8,8,5150,50301,2744,53045
3,41200,16928,0,0,8,8,5150,8343,8464,16807
3,41200,19208,0,0,8,8,5150,9375,2401,11776
3,41216,7,0,0,7,7,5888,7935,1,7936
3,41258,7,0,0,21,7,5894,9261,1,9262
3,41258,1792,0,0,7,7,5894,27951,256,28207
3,41280,232,0,0,8,8,5160,7776,145,7921
3,41300,23296,0,0,7,7,5900,81,13312,13393
3,41344,8,0,0,8,8,5168,9024,1,9025
3,41344,40,0,0,8,8,5168,43923,5,43928
3,41344,88,0,0,8,8,5168,111537,88,111625
3,41344,128,0,0,24,8,5168,34263,32,34295
3,41344,152,0,0,24,8,5168,15606,19,15625
3,41344,376,0,0,8,8,5168,20625,47,20672
3,41344,968,0,0,8,8,5168,15504,121,15625
3,41344,1000,0,0,8,8,5168,8664,125,8789
3,41344,2048,0,0,8,8,5168,5625,512,6137
3,41344,2176,0,0,8,8,5168,5415,272,5687
3,41344,3760,0,0,8,8,5168,23409,1880,25289
3,41344,3872,0,0,8,8,5168,6375,484,6859
3,41344,7144,0,0,8,8,5168,31875,893,32768
3,41344,14288,0,0,8,8,5168,81,7144,7225
3,41344,14440,0,0,8,8,5168,14739,1805,16544
3,41344,17672,0,0,8,8,5168,5016,2209,7225
3,41344,17672,0,0,8,8,5168,2673,11045,13718
3,41344,23104,0,0,8,8,5168,99,5776,5875
3,41344,32768,0,0,8,8,5168,51183,8192,59375
3,41344,39304,0,0,8,8,5168,9375,4913,14288
3,41356,343,0,0,7,7,5908,24576,49,24625
3,41356,36925,0,0,7,7,5908,1029,5275,6304
3,41376,3448,0,0,8,8,5172,7761,431,8192
3,41440,7,0,0,21,7,5920,12690,1,12691
3,41440,49,0,0,7,7,5920,50625,28,50653
3,41440,56,0,0,8,8,5180,50625,28,50653
3,41440,175,0,0,7,7,5920,11907,125,12032
3,41440,4375,0,0,7,7,5920,6627,625,7252
3,41440,15463,0,0,7,7,5920,28416,2209,30625
3,41520,472,0,0,8,8,5190,33216,59,33275
3,41538,6923,0,0,7,7,5934,7203,989,8192
3,41584,16,0,0,8,8,5198,13221,4,13225
3,41584,21160,0,0,8,8,5198,3159,13225,16384
3,41648,152,0,0,8,8,5206,6561,152,6713
3,41650,2401,0,0,7,7,5950,7533,1715,9248
3,41846,49,0,0,21,7,5978,18225,14,18239
3,41846,322,0,0,7,7,5978,10125,184,10309
3,41846,343,0,0,21,7,5978,13176,49,13225
3,41846,364,0,0,7,7,5978,11907,260,12167
3,41846,1183,0,0,7,7,5978,15456,169,15625
3,41846,3136,0,0,7,7,5978,33489,896,34385
3,41846,3185,0,0,7,7,5978,11712,455,12167
3,41846,3416,0,0,7,7,5978,6561,3904,10465
3,41846,3703,0,0,7,7,5978,117120,529,117649
3,41846,4025,0,0,7,7,5978,19773,1150,20923
3,41846,13664,0,0,7,7,5978,81,7808,7889
3,41846,16807,0,0,7,7,5978,9375,2401,11776
3,41846,18515,0,0,7,7,5978,3159,13225,16384
3,41846,22400,0,0,7,7,5978,8967,3200,12167
3,41846,23912,0,0,7,7,5978,45,6832,6877
3,41846,26047,0,0,7,7,5978,6279,3721,10000
3,41846,31213,0,0,7,7,5978,36501,4459,40960
3,41846,37856,0,0,7,7,5978,8967,5408,14375
3,41846,38416,0,0,7,7,5978,9,10976,10985
3,41888,8,0,0,8,8,5236,9408,1,9409
3,41888,3584,0,0,7,7,5984,9801,2048,11849
3,42000,600,0,0,24,8,5250,8181,100,8281
3,42000,808,0,0,8,8,5250,7776,505,8281
3,42000,3640,0,0,8,8,5250,6561,3640,10201
3,42000,40768,0,0,8,8,5250,9,10192,10201
3,42016,40328,0,0,8,8,5252,1212,5041,6253
3,42160,544,0,0,8,8,5270,29655,136,29791
3,42160,21088,0,0,8,8,5270,81,10544,10625
3,42208,6656,0,0,8,8,5276,7569,1664,9233
3,42224,8,0,0,8,8,5278,30624,1,30625
3,42224,32,0,0,8,8,5278,21021,4,21025
3,42224,56,0,0,8,8,5278,17496,49,17545
3,42224,104,0,0,8,8,5278,11979,26,12005
3,42224,176,0,0,8,8,5278,30537,88,30625
3,42224,200,0,0,8,8,5278,117624,25,117649
3,42224,392,0,0,8,8,5278,73167,49,73216
3,42224,512,0,0,8,8,5278,6591,64,6655
3,42224,512,0,0,8,8,5278,24057,448,24505
3,42224,3872,0,0,8,8,5278,13689,1936,15625
3,42224,5000,0,0,8,8,5278,7656,625,8281
3,42224,6728,0,0,8,8,5278,14784,841,15625
3,42224,11648,0,0,8,8,5278,9801,5824,15625
3,42224,17576,0,0,8,8,5278,18711,10985,29696
3,42224,19208,0,0,8,8,5278,32799,2401,35200
3,42224,21632,0,0,8,8,5278,27783,10816,38599
3,42224,29000,0,0,8,8,5278,13182,3625,16807
3,42224,29120,0,0,8,8,5278,81,14560,14641
3,42224,29696,0,0,8,8,5278,441,7424,7865
3,42224,32768,0,0,8,8,5278,1125,8192,9317
3,42320,19208,0,0,8,8,5290,9375,2401,11776
3,42384,64,0,0,8,8,5298,6561,64,6625
3,42400,8,0,0,8,8,5300,58080,1,58081
3,42400,64,0,0,8,8,5300,6561,64,6625
3,42544,800,0,0,8,8,5318,50421,100,50521
3,42544,21272,0,0,8,8,5318,4200,2659,6859
3,42544,21272,0,0,8,8,5318,7581,2659,10240
3,42544,21272,0,0,24,8,5318,3591,2659,6250
3,42624,1024,0,0,8,8,5328,6561,1024,7585
3,42624,10816,0,0,8,8,5328,2997,5408,8405
3,42640,8,0,0,8,8,5330,15375,1,15376
3,42640,104,0,0,8,8,5330,6561,104,6665
3,42640,1640,0,0,8,8,5330,12288,205,12493
3,42640,1664,0,0,8,8,5330,72075,208,72283
3,42640,1984,0,0,8,8,5330,15129,496,15625
3,42640,5504,0,0,8,8,5330,38025,1376,39401
3,42640,7688,0,0,8,8,5330,5289,961,6250
3,42640,14792,0,0,8,8,5330,4875,1849,6724
3,42640,16120,0,0,8,8,5330,62208,10075,72283
3,42640,16384,0,0,8,8,5330,1053,8192,9245
3,42640,26624,0,0,8,8,5330,9,6656,6665
3,42656,8,0,0,8,8,5332,16383,1,16384
3,42656,8,0,0,24,8,5332,8127,1,8128
3,42688,1472,0,0,8,8,5336,24021,368,24389
3,42704,32,0,0,8,8,5338,7209,16,7225
3,42784,1000,0,0,8,8,5348,109443,125,109568
3,42832,8,0,0,8,8,5354,6591,1,6592
3,42848,8,0,0,8,8,5356,6591,1,6592
3,42880,8,0,0,8,8,5360,22980,1,22981
3,42880,800,0,0,8,8,5360,31023,400,31423
3,42944,8,0,0,8,8,5368,14640,1,14641
3,43024,1000,0,0,8,8,5378,8067,125,8192
3,43040,10760,0,0,24,8,5380,9477,2690,12167
3,43120,392,0,0,24,8,5390,16335,49,16384
3,43120,32768,0,0,8,8,5390,1125,8192,9317
3,43216,42632,0,0,8,8,5402,147,5329,5476
3,43344,25000,0,0,8,8,5418,5547,3125,8672
3,43456,8,0,0,8,8,5432,5928,1,5929
3,43456,8,0,0,8,8,5432,9408,1,9409
3,43456,8,0,0,24,8,5432,34047,1,34048
3,43456,304,0,0,8,8,5432,16731,76,16807
3,43456,392,0,0,8,8,5432,14592,49,14641
3,43456,776,0,0,8,8,5432,6591,97,6688
3,43456,1352,0,0,8,8,5432,7203,169,7372
3,43456,12584,0,0,8,8,5432,567,6292,6859
3,43456,23104,0,0,8,8,5432,9603,5776,15379
3,43472,152,0,0,24,8,5434,18252,19,18271
3,43520,5000,0,0,8,8,5440,4131,3125,7256
3,43600,8,0,0,8,8,5450,68121,4,68125
3,43600,2048,0,0,8,8,5450,15369,256,15625
3,43776,7296,0,0,24,8,5472,6561,2432,8993
3,43984,43984,0,0,24,8,5498,3645,10996,14641
3,44000,32768,0,0,8,8,5500,1125,8192,9317
3,44080,64,0,0,8,8,5510,6561,64,6625
3,44080,104,0,0,8,8,5510,6612,13,6625
3,44080,2888,0,0,8,8,5510,8427,361,8788
3,44080,2888,0,0,8,8,5510,10875,361,11236
3,44080,3712,0,0,8,8,5510,32805,3712,36517
3,44080,5800,0,0,8,8,5510,3159,3625,6784
3,44080,9728,0,0,8,8,5510,6525,2432,8957
3,44080,11552,0,0,8,8,5510,2349,5776,8125
3,44080,25000,0,0,8,8,5510,8427,3125,11552
3,44080,32224,0,0,8,8,5510,7569,8056,15625
3,44080,33640,0,0,8,8,5510,85683,4205,89888
3,44144,8,0,0,8,8,5518,7935,1,7936
3,44224,8,0,0,24,8,5528,13824,1,13825
3,44224,5000,0,0,8,8,5528,18723,625,19348
3,44224,19208,0,0,8,8,5528,3840,2401,6241
3,44224,40448,0,0,8,8,5528,45927,40448,86375
3,44240,8,0,0,8,8,5530,57624,1,57625
3,44240,8,0,0,24,8,5530,13824,1,13825
3,44240,19208,0,0,8,8,5530,3840,2401,6241
3,44336,8,0,0,8,8,5542,7986,1,7987
3,44352,24,0,0,24,8,5544,24057,7,24064
3,44352,4096,0,0,8,8,5544,6627,512,7139
3,44384,32768,0,0,8,8,5548,29241,16384,45625
3,44512,856,0,0,8,8,5564,36501,107,36608
3,44560,9800,0,0,8,8,5570,243,6125,6368
3,44592,7432,0,0,24,8,5574,27648,929,28577
3,44704,8,0,0,8,8,5588,16383,1,16384
3,44704,32,0,0,8,8,5588,16125,4,16129
3,44704,40,0,0,8,8,5588,6144,5,6149
3,44704,64,0,0,8,8,5588,14625,16,14641
3,44704,104,0,0,8,8,5588,48387,13,48400
3,44704,128,0,0,8,8,5588,15609,16,15625
3,44704,512,0,0,8,8,5588,6591,64,6655
3,44704,3872,0,0,8,8,5588,13689,1936,15625
3,44704,4160,0,0,8,8,5588,15609,520,16129
3,44704,4472,0,0,8,8,5588,6096,559,6655
3,44704,16000,0,0,8,8,5588,10449,10000,20449
3,44704,16384,0,0,8,8,5588,1053,8192,9245
3,44704,17576,0,0,8,8,5588,5547,2197,7744
3,44704,22000,0,0,8,8,5588,6561,22000,28561
3,44720,5000,0,0,8,8,5590,53664,625,54289
3,44720,17576,0,0,8,8,5590,5625,4394,10019
3,44800,8,0,0,8,8,5600,16806,1,16807
3,44864,44864,0,0,8,8,5608,6561,44864,51425
3,44880,40,0,0,24,8,5610,7803,5,7808
3,44880,136,0,0,24,8,5610,7425,17,7442
3,44880,184,0,0,8,8,5610,14739,23,14762
3,44880,256,0,0,8,8,5610,122793,32,122825
3,44880,25024,0,0,8,8,5610,1125,6256,7381
3,44880,40000,0,0,8,8,5610,3993,5000,8993
3,44880,40000,0,0,8,8,5610,12627,10000,22627
3,44896,2048,0,0,8,8,5612,8967,256,9223
3,44896,15616,0,0,8,8,5612,81,7808,7889
3,44944,64,0,0,8,8,5618,6561,64,6625
3,44944,16384,0,0,8,8,5618,2529,4096,6625
3,45008,8,0,0,8,8,5626,9408,1,9409
3,45120,1000,0,0,8,8,5640,18816,125,18941
3,45120,16000,0,0,8,8,5640,95823,8000,103823
3,45120,19600,0,0,8,8,5640,243,12250,12493
3,45120,24064,0,0,8,8,5640,6561,24064,30625
3,45120,28672,0,0,8,8,5640,117,7168,7285
3,45120,34720,0,0,8,8,5640,19881,8680,28561
3,45136,8,0,0,8,8,5642,6723,4,6727
3,45136,8,0,0,24,8,5642,31212,1,31213
3,45136,104,0,0,8,8,5642,42483,13,42496
3,45136,256,0,0,8,8,5642,6723,128,6851
3,45136,664,0,0,8,8,5642,17493,83,17576
3,45136,992,0,0,8,8,5642,6561,992,7553
3,45136,1088,0,0,8,8,5642,6591,136,6727
3,45136,2312,0,0,8,8,5642,20667,289,20956
3,45136,4624,0,0,8,8,5642,5733,1156,6889
3,45136,5096,0,0,8,8,5642,14739,637,15376
3,45136,22568,0,0,24,8,5642,7803,2821,10624
3,45136,25792,0,0,8,8,5642,441,6448,6889
3,45136,39304,0,0,8,8,5642,1743,4913,6656
3,45136,39304,0,0,8,8,5642,9114,4913,14027
3,45136,42496,0,0,8,8,5642,9,10624,10633
3,45180,9,0,0,9,9,5020,7776,5,7781
3,45232,2056,0,0,8,8,5654,24057,1799,25856
3,45342,2061,0,0,9,9,5038,9375,229,9604
3,45342,36864,0,0,9,9,5038,1125,8192,9317
3,45344,19208,0,0,8,8,5668,26160,2401,28561
3,45344,43904,0,0,8,8,5668,9,10976,10985
3,45424,5000,0,0,8,8,5678,27264,625,27889
3,45568,2848,0,0,8,8,5696,11979,712,12691
3,45584,8,0,0,8,8,5698,5775,1,5776
3,45584,56,0,0,8,8,5698,50625,28,50653
3,45584,152,0,0,8,8,5698,130977,95,131072
3,45584,392,0,0,8,8,5698,14592,49,14641
3,45584,2000,0,0,8,8,5698,8991,1250,10241
3,45584,2072,0,0,8,8,5698,6600,259,6859
3,45584,2072,0,0,8,8,5698,11616,259,11875
3,45584,2888,0,0,8,8,5698,8214,361,8575
3,45584,2888,0,0,8,8,5698,75264,361,75625
3,45584,4736,0,0,8,8,5698,20691,1184,21875
3,45584,6512,0,0,24,8,5698,16875,814,17689
3,45584,7040,0,0,8,8,5698,2997,3520,6517
3,45584,9728,0,0,8,8,5698,5439,1216,6655
3,45584,10952,0,0,8,8,5698,4560,1369,5929
3,45584,11000,0,0,8,8,5698,20577,1375,21952
3,45584,14504,0,0,8,8,5698,3249,3626,6875
3,45584,19208,0,0,8,8,5698,23199,2401,25600
3,45584,21560,0,0,8,8,5698,243,13475,13718
3,45584,32768,0,0,8,8,5698,1125,8192,9317
3,45584,32768,0,0,8,8,5698,10545,4096,14641
3,45612,19773,0,0,9,9,5068,81,8788,8869
3,45720,63,0,0,9,9,5080,15360,7,15367
3,45720,1143,0,0,9,9,5080,8448,127,8575
3,45720,28575,0,0,9,9,5080,3993,3175,7168
3,45720,36864,0,0,9,9,5080,1125,8192,9317
3,45744,64,0,0,8,8,5718,14625,16,14641
3,45744,7624,0,0,24,8,5718,6912,953,7865
3,45744,16384,0,0,8,8,5718,243,10240,10483
3,45744,22000,0,0,8,8,5718,6561,22000,28561
3,45760,64,0,0,8,8,5720,14625,16,14641
3,45760,512,0,0,8,8,5720,6591,64,6655
3,45760,3872,0,0,8,8,5720,13689,1936,15625
3,45760,7744,0,0,8,8,5720,6561,7744,14305
3,45760,22000,0,0,8,8,5720,6561,22000,28561
3,45792,72,0,0,9,9,5088,6561,64,6625
3,45792,216,0,0,27,9,5088,6561,64,6625
3,45828,603,0,0,9,9,5092,6792,67,6859
3,45904,8,0,0,8,8,5738,22800,1,22801
3,45904,200,0,0,8,8,5738,16359,25,16384
3,45904,256,0,0,8,8,5738,6795,64,6859
3,45904,760,0,0,8,8,5738,11907,475,12382
3,45904,1064,0,0,8,8,5738,21870,931,22801
3,45904,6232,0,0,8,8,5738,50421,779,51200
3,45904,10240,0,0,8,8,5738,15129,2560,17689
3,45904,13448,0,0,8,8,5738,45927,13448,59375
3,45904,13448,0,0,8,8,5738,115968,1681,117649
3,45904,37240,0,0,8,8,5738,1536,4655,6191
3,45904,41984,0,0,8,8,5738,8379,10496,18875
3,45920,8,0,0,8,8,5740,30624,1,30625
3,45920,56,0,0,8,8,5740,17496,49,17545
3,45920,176,0,0,8,8,5740,18081,44,18125
3,45920,200,0,0,8,8,5740,6699,25,6724
3,45920,392,0,0,8,8,5740,9963,245,10208
3,45920,1568,0,0,8,8,5740,54375,196,54571
3,45920,2048,0,0,8,8,5740,15375,256,15631
3,45920,6728,0,0,8,8,5740,14784,841,15625
3,45920,6728,0,0,8,8,5740,30135,841,30976
3,45920,24200,0,0,8,8,5740,9963,15125,25088
3,45920,29000,0,0,8,8,5740,243,18125,18368
3,45920,32768,0,0,8,8,5740,1125,8192,9317
