U,d,sigma1,sigma2,sigma3,r,t,e,a,b,n
7,1276,58,0,0,58,58,22,63,1,64
7,1276,352,0,0,22,22,58,49,32,81
7,1276,352,0,0,22,22,58,609,16,625
7,1276,550,0,0,22,22,58,56,25,81
7,1276,1276,0,0,22,22,58,567,58,625
7,1278,3,0,0,3,3,426,567,1,568
7,1278,284,0,0,71,71,18,21,4,25
7,1278,1278,0,0,71,71,18,7,18,25
7,1280,8,0,0,8,8,160,224,1,225
7,1280,60,0,0,20,20,64,343,9,352
7,1280,64,0,0,64,64,20,175,1,176
7,1280,720,0,0,20,20,64,49,72,121
7,1280,1280,0,0,80,80,16,49,32,81
7,1288,63,0,0,7,7,184,686,27,713
7,1288,567,0,0,7,7,184,448,81,529
7,1288,736,0,0,46,46,28,49,32,81
7,1290,5,0,0,5,5,258,350,1,351
7,1290,5,0,0,5,5,258,728,1,729
7,1290,120,0,0,3,3,430,2107,80,2187
7,1290,215,0,0,5,5,258,2457,43,2500
7,1290,250,0,0,5,5,258,301,50,351
7,1290,520,0,0,5,5,258,301,104,405
7,1290,688,0,0,43,43,30,49,32,81
7,1290,845,0,0,5,5,258,175,169,344
7,1290,845,0,0,5,5,258,49,338,387
7,1290,845,0,0,5,5,258,560,169,729
7,1290,845,0,0,5,5,258,1680,169,1849
7,1290,1075,0,0,43,43,30,56,25,81
7,1292,17,0,0,17,17,76,168,1,169
7,1292,17,0,0,17,17,76,728,1,729
7,1292,38,0,0,38,38,34,49,2,51
7,1292,38,0,0,38,38,34,63,1,64
7,1292,102,0,0,17,17,76,343,18,361
7,1292,612,0,0,17,17,76,133,36,169
7,1292,969,0,0,17,17,76,112,57,169
7,1292,1292,0,0,34,34,38,49,76,125
7,1296,8,0,0,8,8,162,287,1,288
7,1296,27,0,0,27,27,48,63,1,64
7,1296,27,0,0,27,27,48,224,1,225
7,1296,36,0,0,12,12,108,343,9,352
7,1296,36,0,0,36,36,36,56,1,57
7,1296,36,0,0,36,36,36,63,1,64
7,1296,64,0,0,2,2,648,1183,32,1215
7,1296,288,0,0,18,18,72,49,32,81
7,1296,288,0,0,72,72,18,21,4,25
7,1296,810,0,0,2,2,648,1792,405,2197
7,1296,1296,0,0,72,72,18,7,18,25
7,1296,1296,0,0,81,81,16,49,32,81
7,1298,11,0,0,11,11,118,224,1,225
7,1298,59,0,0,59,59,22,63,1,64
7,1298,704,0,0,11,11,118,49,128,177
7,1298,1298,0,0,11,11,118,7,118,125
7,1300,40,0,0,10,10,130,1323,8,1331
7,1300,40,0,0,10,10,130,1617,8,1625
7,1300,65,0,0,65,65,20,175,1,176
7,1300,110,0,0,10,10,130,147,22,169
7,1300,110,0,0,10,10,130,189,11,200
7,1300,110,0,0,10,10,130,364,11,375
7,1300,117,0,0,13,13,100,119,9,128
7,1300,117,0,0,13,13,100,280,9,289
7,1300,130,0,0,10,10,130,350,13,363
7,1300,208,0,0,13,13,100,119,16,135
7,1300,208,0,0,26,26,50,49,16,65
7,1300,250,0,0,10,10,130,231,25,256
7,1300,270,0,0,10,10,130,1183,27,1210
7,1300,320,0,0,10,10,130,1183,32,1215
7,1300,325,0,0,13,13,100,119,25,144
7,1300,600,0,0,10,10,130,49,120,169
7,1300,810,0,0,10,10,130,175,81,256
7,1300,880,0,0,10,10,130,49,176,225
7,1300,1053,0,0,13,13,100,119,81,200
7,1300,1053,0,0,13,13,100,175,81,256
7,1300,1250,0,0,10,10,130,91,125,216
7,1300,1250,0,0,10,10,130,847,125,972
7,1300,1250,0,0,10,10,130,1323,250,1573
7,1300,1300,0,0,13,13,100,189,100,289
7,1302,279,0,0,31,31,42,112,9,121
7,1302,496,0,0,31,31,42,49,32,81
7,1310,15,0,0,5,5,262,343,9,352
7,1312,4,0,0,4,4,328,1372,3,1375
7,1312,4,0,0,4,4,328,1680,1,1681
7,1312,4,0,0,4,4,328,3024,1,3025
7,1312,32,0,0,4,4,328,2009,16,2025
7,1312,108,0,0,4,4,328,875,27,902
7,1312,144,0,0,4,4,328,343,108,451
7,1312,256,0,0,4,4,328,1225,128,1353
7,1312,396,0,0,4,4,328,343,297,640
7,1312,500,0,0,4,4,328,847,125,972
7,1312,640,0,0,4,4,328,49,320,369
7,1312,900,0,0,4,4,328,287,225,512
7,1312,1152,0,0,4,4,328,49,576,625
7,1312,1312,0,0,4,4,328,35,328,363
7,1312,1312,0,0,4,4,328,77,328,405
7,1312,1312,0,0,82,82,16,49,32,81
7,1314,9,0,0,9,9,146,511,1,512
7,1314,12,0,0,3,3,438,1323,8,1331
7,1314,12,0,0,3,3,438,5621,4,5625
7,1314,292,0,0,73,73,18,21,4,25
7,1314,375,0,0,3,3,438,847,125,972
7,1314,726,0,0,3,3,438,245,484,729
7,1314,1314,0,0,73,73,18,7,18,25
7,1316,4,0,0,2,2,658,2205,4,2209
7,1316,32,0,0,2,2,658,875,16,891
7,1316,752,0,0,47,47,28,49,32,81
7,1320,4,0,0,4,4,330,1372,3,1375
7,1320,4,0,0,4,4,330,2240,1,2241
7,1320,4,0,0,4,4,330,3024,1,3025
7,1320,8,0,0,2,2,660,1323,8,1331
7,1320,10,0,0,10,10,132,1407,1,1408
7,1320,11,0,0,11,11,120,224,1,225
7,1320,12,0,0,4,4,330,343,9,352
7,1320,18,0,0,6,6,220,343,9,352
7,1320,30,0,0,6,6,220,259,5,264
7,1320,32,0,0,2,2,660,875,16,891
7,1320,60,0,0,20,20,66,343,9,352
7,1320,60,0,0,60,60,22,63,1,64
7,1320,66,0,0,66,66,20,175,1,176
7,1320,88,0,0,11,11,120,175,8,183
7,1320,88,0,0,22,22,60,147,8,155
7,1320,96,0,0,4,4,330,343,72,415
7,1320,96,0,0,4,4,330,581,24,605
7,1320,165,0,0,15,15,88,189,11,200
7,1320,375,0,0,15,15,88,49,50,99
7,1320,375,0,0,15,15,88,231,25,256
7,1320,396,0,0,4,4,330,343,297,640
7,1320,484,0,0,2,2,660,245,484,729
7,1320,550,0,0,2,2,660,2317,275,2592
7,1320,550,0,0,22,22,60,56,25,81
7,1320,662,0,0,2,2,660,560,331,891
7,1320,662,0,0,2,2,660,693,331,1024
7,1320,662,0,0,2,2,660,1694,331,2025
7,1320,704,0,0,44,44,30,49,32,81
7,1320,720,0,0,15,15,88,77,48,125
7,1320,816,0,0,3,3,440,1925,272,2197
7,1320,1100,0,0,44,44,30,56,25,81
7,1320,1110,0,0,6,6,220,112,185,297
7,1320,1152,0,0,4,4,330,49,576,625
7,1320,1215,0,0,15,15,88,175,81,256
7,1320,1320,0,0,15,15,88,49,176,225
7,1326,3,0,0,3,3,442,728,1,729
7,1326,3,0,0,3,3,442,1183,1,1184
7,1326,17,0,0,17,17,78,168,1,169
7,1326,17,0,0,17,17,78,224,1,225
7,1326,17,0,0,17,17,78,350,1,351
7,1326,17,0,0,17,17,78,728,1,729
7,1326,39,0,0,39,39,34,49,2,51
7,1326,39,0,0,39,39,34,63,1,64
7,1326,51,0,0,3,3,442,1036,17,1053
7,1326,416,0,0,13,13,102,189,32,221
7,1326,442,0,0,13,13,102,49,68,117
7,1326,576,0,0,3,3,442,1813,384,2197
7,1326,1088,0,0,17,17,78,105,64,169
7,1328,296,0,0,2,2,664,581,148,729
7,1328,1328,0,0,83,83,16,49,32,81
7,1330,7,0,0,7,7,190,224,1,225
7,1330,7,0,0,7,7,190,399,1,400
7,1330,304,0,0,19,19,70,49,32,81
7,1330,448,0,0,7,7,190,665,64,729
7,1330,1330,0,0,35,35,38,49,76,125
7,1332,9,0,0,9,9,148,224,1,225
7,1332,9,0,0,9,9,148,1295,1,1296
7,1332,37,0,0,37,37,36,56,1,57
7,1332,37,0,0,37,37,36,63,1,64
7,1332,296,0,0,74,74,18,21,4,25
7,1332,1332,0,0,74,74,18,7,18,25
7,1334,368,0,0,23,23,58,49,32,81
7,1334,368,0,0,23,23,58,609,16,625
7,1334,575,0,0,23,23,58,56,25,81
7,1334,1334,0,0,23,23,58,567,58,625
7,1340,67,0,0,67,67,20,175,1,176
7,1340,486,0,0,2,2,670,343,729,1072
7,1342,61,0,0,61,61,22,63,1,64
7,1344,16,0,0,8,8,168,2023,2,2025
7,1344,28,0,0,28,28,48,63,1,64
7,1344,28,0,0,28,28,48,224,1,225
7,1344,63,0,0,21,21,64,343,9,352
7,1344,72,0,0,8,8,168,280,9,289
7,1344,288,0,0,32,32,42,112,9,121
7,1344,512,0,0,32,32,42,49,32,81
7,1344,756,0,0,21,21,64,49,72,121
7,1344,768,0,0,48,48,28,49,32,81
7,1344,800,0,0,8,8,168,189,100,289
7,1344,1344,0,0,84,84,16,49,32,81
7,1350,15,0,0,15,15,90,161,1,162
7,1350,15,0,0,15,15,90,224,1,225
7,1350,27,0,0,3,3,450,791,9,800
7,1350,120,0,0,15,15,90,567,8,575
7,1350,125,0,0,5,5,270,2023,25,2048
7,1350,171,0,0,9,9,150,224,19,243
7,1350,171,0,0,9,9,150,343,57,400
7,1350,216,0,0,27,27,50,49,16,65
7,1350,300,0,0,75,75,18,21,4,25
7,1350,720,0,0,45,45,30,49,32,81
7,1350,960,0,0,15,15,90,161,64,225
7,1350,1035,0,0,15,15,90,56,69,125
7,1350,1125,0,0,45,45,30,56,25,81
7,1350,1280,0,0,5,5,270,119,256,375
7,1350,1350,0,0,75,75,18,7,18,25
7,1352,100,0,0,4,4,338,2023,25,2048
7,1356,54,0,0,2,2,678,2744,81,2825
7,1356,100,0,0,2,2,678,2401,200,2601
7,1356,1024,0,0,2,2,678,5537,1024,6561
7,1360,16,0,0,4,4,340,357,4,361
7,1360,24,0,0,4,4,340,343,18,361
7,1360,40,0,0,40,40,34,49,2,51
7,1360,40,0,0,40,40,34,63,1,64
7,1360,68,0,0,68,68,20,175,1,176
7,1360,100,0,0,4,4,340,336,25,361
7,1360,100,0,0,4,4,340,2023,25,2048
7,1360,108,0,0,4,4,340,448,27,475
7,1360,128,0,0,2,2,680,833,128,961
7,1360,200,0,0,8,8,170,2023,25,2048
7,1360,304,0,0,4,4,340,1225,152,1377
7,1360,324,0,0,4,4,340,280,81,361
7,1360,324,0,0,4,4,340,1372,243,1615
7,1360,500,0,0,4,4,340,833,250,1083
7,1360,1024,0,0,4,4,340,105,256,361
7,1360,1024,0,0,4,4,340,119,256,375
7,1360,1088,0,0,4,4,340,133,272,405
7,1360,1360,0,0,4,4,340,21,340,361
7,1360,1360,0,0,4,4,340,49,680,729
7,1360,1360,0,0,85,85,16,49,32,81
7,1364,62,0,0,2,2,682,2268,31,2299
7,1364,62,0,0,62,62,22,63,1,64
7,1368,18,0,0,18,18,76,168,1,169
7,1368,18,0,0,18,18,76,728,1,729
7,1368,24,0,0,4,4,342,343,18,361
7,1368,24,0,0,6,6,228,525,4,529
7,1368,36,0,0,6,6,228,343,18,361
7,1368,38,0,0,38,38,36,56,1,57
7,1368,38,0,0,38,38,36,63,1,64
7,1368,108,0,0,18,18,76,343,18,361
7,1368,150,0,0,6,6,228,336,25,361
7,1368,150,0,0,6,6,228,504,25,529
7,1368,162,0,0,6,6,228,448,27,475
7,1368,228,0,0,4,4,342,1792,57,1849
7,1368,276,0,0,6,6,228,315,46,361
7,1368,304,0,0,19,19,72,49,32,81
7,1368,304,0,0,76,76,18,21,4,25
7,1368,486,0,0,6,6,228,175,81,256
7,1368,486,0,0,6,6,228,280,81,361
7,1368,486,0,0,6,6,228,448,81,529
7,1368,570,0,0,6,6,228,161,95,256
7,1368,648,0,0,18,18,76,133,36,169
7,1368,750,0,0,6,6,228,483,125,608
7,1368,1026,0,0,18,18,76,112,57,169
7,1368,1200,0,0,6,6,228,161,200,361
7,1368,1368,0,0,36,36,38,49,76,125
7,1368,1368,0,0,76,76,18,7,18,25
7,1372,784,0,0,49,49,28,49,32,81
7,1376,1376,0,0,86,86,16,49,32,81
7,1380,8,0,0,2,2,690,1211,4,1215
7,1380,15,0,0,3,3,460,616,5,621
7,1380,69,0,0,69,69,20,175,1,176
7,1380,92,0,0,23,23,60,147,8,155
7,1380,138,0,0,2,2,690,1211,69,1280
7,1380,575,0,0,23,23,60,56,25,81
7,1380,736,0,0,46,46,30,49,32,81
7,1380,1058,0,0,2,2,690,336,529,865
7,1380,1150,0,0,46,46,30,56,25,81
7,1386,28,0,0,7,7,198,1323,8,1331
7,1386,63,0,0,7,7,198,616,9,625
7,1386,63,0,0,21,21,66,343,9,352
7,1386,63,0,0,63,63,22,63,1,64
7,1386,112,0,0,7,7,198,875,16,891
7,1386,175,0,0,7,7,198,231,25,256
7,1386,297,0,0,33,33,42,112,9,121
7,1386,308,0,0,77,77,18,21,4,25
7,1386,528,0,0,33,33,42,49,32,81
7,1386,567,0,0,7,7,198,175,81,256
7,1386,616,0,0,7,7,198,49,176,225
7,1386,847,0,0,7,7,198,504,121,625
7,1386,1386,0,0,77,77,18,7,18,25
7,1392,6,0,0,6,6,232,728,1,729
7,1392,8,0,0,8,8,174,231,1,232
7,1392,29,0,0,29,29,48,63,1,64
7,1392,29,0,0,29,29,48,224,1,225
7,1392,384,0,0,24,24,58,49,32,81
7,1392,384,0,0,24,24,58,609,16,625
7,1392,600,0,0,24,24,58,56,25,81
7,1392,1014,0,0,6,6,232,672,169,841
7,1392,1392,0,0,24,24,58,567,58,625
7,1392,1392,0,0,87,87,16,49,32,81
7,1394,41,0,0,41,41,34,49,2,51
7,1394,41,0,0,41,41,34,63,1,64
7,1400,10,0,0,5,5,280,2205,4,2209
7,1400,70,0,0,70,70,20,175,1,176
7,1400,126,0,0,14,14,100,119,9,128
7,1400,126,0,0,14,14,100,280,9,289
7,1400,224,0,0,14,14,100,119,16,135
7,1400,224,0,0,28,28,50,49,16,65
7,1400,256,0,0,2,2,700,3969,256,4225
7,1400,320,0,0,20,20,70,49,32,81
7,1400,350,0,0,14,14,100,119,25,144
7,1400,800,0,0,50,50,28,49,32,81
7,1400,1134,0,0,14,14,100,119,81,200
7,1400,1134,0,0,14,14,100,175,81,256
7,1400,1250,0,0,2,2,700,896,625,1521
7,1400,1280,0,0,10,10,140,497,128,625
7,1400,1400,0,0,14,14,100,189,100,289
7,1404,3,0,0,3,3,468,728,1,729
7,1404,3,0,0,3,3,468,4095,1,4096
7,1404,3,0,0,3,3,468,5264,1,5265
7,1404,8,0,0,2,2,702,1323,8,1331
7,1404,18,0,0,6,6,234,413,3,416
7,1404,18,0,0,18,18,78,168,1,169
7,1404,18,0,0,18,18,78,224,1,225
7,1404,18,0,0,18,18,78,350,1,351
7,1404,18,0,0,18,18,78,728,1,729
7,1404,39,0,0,3,3,468,987,13,1000
7,1404,39,0,0,13,13,108,343,9,352
7,1404,39,0,0,39,39,36,56,1,57
7,1404,39,0,0,39,39,36,63,1,64
7,1404,312,0,0,78,78,18,21,4,25
7,1404,354,0,0,6,6,234,448,59,507
7,1404,507,0,0,3,3,468,560,169,729
7,1404,564,0,0,3,3,468,4375,188,4563
7,1404,729,0,0,9,9,156,1183,81,1264
7,1404,864,0,0,3,3,468,49,576,625
7,1404,1152,0,0,18,18,78,105,64,169
7,1404,1200,0,0,3,3,468,329,400,729
7,1404,1215,0,0,3,3,468,1792,405,2197
7,1404,1404,0,0,78,78,18,7,18,25
7,1406,1406,0,0,37,37,38,49,76,125
7,1408,16,0,0,4,4,352,1323,8,1331
7,1408,64,0,0,64,64,22,63,1,64
7,1408,66,0,0,22,22,64,343,9,352
7,1408,176,0,0,16,16,88,189,11,200
7,1408,400,0,0,16,16,88,49,50,99
7,1408,400,0,0,16,16,88,231,25,256
7,1408,708,0,0,4,4,352,847,177,1024
7,1408,768,0,0,16,16,88,77,48,125
7,1408,792,0,0,22,22,64,49,72,121
7,1408,1296,0,0,16,16,88,175,81,256
7,1408,1408,0,0,16,16,88,49,176,225
7,1408,1408,0,0,88,88,16,49,32,81
7,1410,752,0,0,47,47,30,49,32,81
7,1410,1175,0,0,47,47,30,56,25,81
7,1416,2,0,0,2,2,708,3479,2,3481
7,1416,2,0,0,2,2,708,5040,1,5041
7,1416,12,0,0,12,12,118,224,1,225
7,1416,142,0,0,2,2,708,3304,71,3375
7,1416,768,0,0,12,12,118,49,128,177
7,1416,1416,0,0,12,12,118,7,118,125
7,1420,71,0,0,71,71,20,175,1,176
7,1422,316,0,0,79,79,18,21,4,25
7,1422,1422,0,0,79,79,18,7,18,25
7,1424,1424,0,0,8,8,178,49,356,405
7,1424,1424,0,0,89,89,16,49,32,81
7,1428,12,0,0,6,6,238,2023,2,2025
7,1428,42,0,0,42,42,34,49,2,51
7,1428,42,0,0,42,42,34,63,1,64
7,1428,54,0,0,6,6,238,280,9,289
7,1428,56,0,0,7,7,204,721,8,729
7,1428,306,0,0,34,34,42,112,9,121
7,1428,448,0,0,14,14,102,189,32,221
7,1428,476,0,0,14,14,102,49,68,117
7,1428,544,0,0,34,34,42,49,32,81
7,1428,600,0,0,6,6,238,189,100,289
7,1428,816,0,0,51,51,28,49,32,81
7,1430,5,0,0,5,5,286,728,1,729
7,1430,44,0,0,11,11,130,1323,8,1331
7,1430,44,0,0,11,11,130,1617,8,1625
7,1430,65,0,0,65,65,22,63,1,64
7,1430,121,0,0,11,11,130,147,22,169
7,1430,121,0,0,11,11,130,189,11,200
7,1430,121,0,0,11,11,130,364,11,375
7,1430,143,0,0,11,11,130,350,13,363
7,1430,275,0,0,11,11,130,231,25,256
7,1430,297,0,0,11,11,130,1183,27,1210
7,1430,352,0,0,11,11,130,1183,32,1215
7,1430,660,0,0,11,11,130,49,120,169
7,1430,891,0,0,11,11,130,175,81,256
7,1430,968,0,0,11,11,130,49,176,225
7,1430,1375,0,0,11,11,130,91,125,216
7,1430,1375,0,0,11,11,130,847,125,972
7,1430,1375,0,0,11,11,130,1323,250,1573
7,1432,1152,0,0,4,4,358,49,576,625
7,1434,243,0,0,3,3,478,875,81,956
7,1434,1125,0,0,3,3,478,1673,375,2048
7,1440,5,0,0,5,5,288,840,1,841
7,1440,9,0,0,9,9,160,224,1,225
7,1440,12,0,0,12,12,120,224,1,225
7,1440,16,0,0,16,16,90,161,1,162
7,1440,16,0,0,16,16,90,224,1,225
7,1440,24,0,0,6,6,240,1323,8,1331
7,1440,30,0,0,30,30,48,63,1,64
7,1440,30,0,0,30,30,48,224,1,225
7,1440,40,0,0,40,40,36,56,1,57
7,1440,40,0,0,40,40,36,63,1,64
7,1440,54,0,0,6,6,240,616,9,625
7,1440,72,0,0,72,72,20,175,1,176
7,1440,96,0,0,6,6,240,875,16,891
7,1440,96,0,0,12,12,120,175,8,183
7,1440,96,0,0,24,24,60,147,8,155
7,1440,128,0,0,2,2,720,665,64,729
7,1440,128,0,0,16,16,90,567,8,575
7,1440,145,0,0,5,5,288,700,29,729
7,1440,150,0,0,6,6,240,231,25,256
7,1440,320,0,0,20,20,72,49,32,81
7,1440,320,0,0,80,80,18,21,4,25
7,1440,486,0,0,6,6,240,175,81,256
7,1440,600,0,0,24,24,60,56,25,81
7,1440,726,0,0,6,6,240,504,121,625
7,1440,768,0,0,48,48,30,49,32,81
7,1440,1024,0,0,16,16,90,161,64,225
7,1440,1104,0,0,16,16,90,56,69,125
7,1440,1200,0,0,48,48,30,56,25,81
7,1440,1440,0,0,5,5,288,49,576,625
7,1440,1440,0,0,80,80,18,7,18,25
7,1440,1440,0,0,90,90,16,49,32,81
7,1444,19,0,0,19,19,76,168,1,169
7,1444,19,0,0,19,19,76,728,1,729
7,1444,114,0,0,19,19,76,343,18,361
7,1444,684,0,0,19,19,76,133,36,169
7,1444,1083,0,0,19,19,76,112,57,169
7,1444,1444,0,0,38,38,38,49,76,125
7,1450,232,0,0,29,29,50,49,16,65
7,1450,400,0,0,25,25,58,49,32,81
7,1450,400,0,0,25,25,58,609,16,625
7,1450,625,0,0,25,25,58,56,25,81
7,1450,1450,0,0,25,25,58,567,58,625
7,1452,11,0,0,11,11,132,1407,1,1408
7,1452,66,0,0,22,22,66,343,9,352
7,1452,66,0,0,66,66,22,63,1,64
7,1456,832,0,0,52,52,28,49,32,81
7,1456,1456,0,0,7,7,208,35,208,243
7,1456,1456,0,0,91,91,16,49,32,81
7,1458,9,0,0,9,9,162,287,1,288
7,1458,324,0,0,81,81,18,21,4,25
7,1458,1458,0,0,81,81,18,7,18,25
7,1460,10,0,0,10,10,146,511,1,512
7,1460,73,0,0,73,73,20,175,1,176
7,1460,144,0,0,2,2,730,3577,144,3721
7,1460,438,0,0,2,2,730,343,657,1000
7,1460,1250,0,0,2,2,730,1022,625,1647
7,1462,43,0,0,43,43,34,49,2,51
7,1462,43,0,0,43,43,34,63,1,64
7,1464,6,0,0,6,6,244,287,1,288
7,1464,72,0,0,4,4,366,3703,18,3721
7,1464,324,0,0,4,4,366,448,81,529
7,1470,315,0,0,35,35,42,112,9,121
7,1470,336,0,0,21,21,70,49,32,81
7,1470,560,0,0,35,35,42,49,32,81
7,1470,784,0,0,49,49,30,49,32,81
7,1470,1225,0,0,49,49,30,56,25,81
7,1472,69,0,0,23,23,64,343,9,352
7,1472,72,0,0,8,8,184,686,27,713
7,1472,648,0,0,8,8,184,448,81,529
7,1472,828,0,0,23,23,64,49,72,121
7,1472,1472,0,0,92,92,16,49,32,81
7,1474,67,0,0,67,67,22,63,1,64
7,1476,6,0,0,6,6,246,287,1,288
7,1476,10,0,0,2,2,738,1512,5,1517
7,1476,41,0,0,41,41,36,56,1,57
7,1476,41,0,0,41,41,36,63,1,64
7,1476,328,0,0,82,82,18,21,4,25
7,1476,1083,0,0,3,3,492,287,361,648
7,1476,1312,0,0,2,2,738,1813,1312,3125
7,1476,1350,0,0,2,2,738,343,2025,2368
7,1476,1476,0,0,82,82,18,7,18,25
7,1480,4,0,0,4,4,370,1295,1,1296
7,1480,10,0,0,10,10,148,224,1,225
7,1480,10,0,0,10,10,148,1295,1,1296
7,1480,74,0,0,74,74,20,175,1,176
7,1480,108,0,0,4,4,370,1120,27,1147
7,1480,444,0,0,4,4,370,1715,333,2048
7,1480,500,0,0,4,4,370,259,125,384
7,1480,1152,0,0,4,4,370,49,576,625
7,1482,19,0,0,19,19,78,168,1,169
7,1482,19,0,0,19,19,78,224,1,225
7,1482,19,0,0,19,19,78,350,1,351
7,1482,19,0,0,19,19,78,728,1,729
7,1482,1216,0,0,19,19,78,105,64,169
7,1482,1482,0,0,39,39,38,49,76,125
7,1484,848,0,0,53,53,28,49,32,81
7,1488,31,0,0,31,31,48,63,1,64
7,1488,31,0,0,31,31,48,224,1,225
7,1488,68,0,0,4,4,372,847,17,864
7,1488,256,0,0,4,4,372,833,128,961
7,1488,746,0,0,2,2,744,651,373,1024
7,1488,1488,0,0,93,93,16,49,32,81
7,1494,3,0,0,3,3,498,2240,1,2241
7,1494,332,0,0,83,83,18,21,4,25
7,1494,864,0,0,3,3,498,49,576,625
7,1494,1494,0,0,83,83,18,7,18,25
7,1496,2,0,0,2,2,748,1155,1,1156
7,1496,2,0,0,2,2,748,1372,3,1375
7,1496,2,0,0,2,2,748,3024,1,3025
7,1496,40,0,0,2,2,748,847,20,867
7,1496,44,0,0,44,44,34,49,2,51
7,1496,44,0,0,44,44,34,63,1,64
7,1496,68,0,0,68,68,22,63,1,64
7,1496,100,0,0,2,2,748,2401,200,2601
7,1496,187,0,0,17,17,88,189,11,200
7,1496,250,0,0,2,2,748,847,125,972
7,1496,306,0,0,2,2,748,847,153,1000
7,1496,425,0,0,17,17,88,49,50,99
7,1496,425,0,0,17,17,88,231,25,256
7,1496,816,0,0,17,17,88,77,48,125
7,1496,1188,0,0,2,2,748,343,1782,2125
7,1496,1377,0,0,17,17,88,175,81,256
7,1496,1496,0,0,17,17,88,49,176,225
7,1500,75,0,0,75,75,20,175,1,176
7,1500,100,0,0,25,25,60,147,8,155
7,1500,135,0,0,15,15,100,119,9,128
7,1500,135,0,0,15,15,100,280,9,289
7,1500,190,0,0,10,10,150,224,19,243
7,1500,190,0,0,10,10,150,343,57,400
7,1500,240,0,0,15,15,100,119,16,135
7,1500,240,0,0,30,30,50,49,16,65
7,1500,375,0,0,15,15,100,119,25,144
7,1500,625,0,0,25,25,60,56,25,81
7,1500,800,0,0,50,50,30,49,32,81
7,1500,1024,0,0,2,2,750,245,1024,1269
7,1500,1215,0,0,15,15,100,119,81,200
7,1500,1215,0,0,15,15,100,175,81,256
7,1500,1250,0,0,50,50,30,56,25,81
7,1500,1440,0,0,5,5,300,49,576,625
7,1500,1500,0,0,15,15,100,189,100,289
7,1504,1504,0,0,94,94,16,49,32,81
7,1508,416,0,0,26,26,58,49,32,81
7,1508,416,0,0,26,26,58,609,16,625
7,1508,650,0,0,26,26,58,56,25,81
7,1508,1508,0,0,26,26,58,567,58,625
7,1512,18,0,0,9,9,168,2023,2,2025
7,1512,42,0,0,14,14,108,343,9,352
7,1512,42,0,0,42,42,36,56,1,57
7,1512,42,0,0,42,42,36,63,1,64
7,1512,81,0,0,9,9,168,280,9,289
7,1512,132,0,0,3,3,504,441,88,529
7,1512,324,0,0,36,36,42,112,9,121
7,1512,336,0,0,21,21,72,49,32,81
7,1512,336,0,0,84,84,18,21,4,25
7,1512,576,0,0,36,36,42,49,32,81
7,1512,864,0,0,54,54,28,49,32,81
7,1512,900,0,0,9,9,168,189,100,289
7,1512,1512,0,0,84,84,18,7,18,25
7,1518,69,0,0,23,23,66,343,9,352
7,1518,69,0,0,69,69,22,63,1,64
7,1520,8,0,0,8,8,190,224,1,225
7,1520,8,0,0,8,8,190,399,1,400
7,1520,20,0,0,20,20,76,168,1,169
7,1520,20,0,0,20,20,76,728,1,729
7,1520,54,0,0,2,2,760,1778,27,1805
7,1520,76,0,0,76,76,20,175,1,176
7,1520,120,0,0,20,20,76,343,18,361
7,1520,512,0,0,8,8,190,665,64,729
7,1520,720,0,0,20,20,76,133,36,169
7,1520,722,0,0,2,2,760,889,361,1250
7,1520,1140,0,0,20,20,76,112,57,169
7,1520,1296,0,0,2,2,760,2527,648,3175
7,1520,1520,0,0,40,40,38,49,76,125
7,1520,1520,0,0,95,95,16,49,32,81
7,1524,75,0,0,3,3,508,2023,25,2048
7,1524,1020,0,0,3,3,508,49,680,729
7,1530,17,0,0,17,17,90,161,1,162
7,1530,17,0,0,17,17,90,224,1,225
7,1530,45,0,0,45,45,34,49,2,51
7,1530,45,0,0,45,45,34,63,1,64
7,1530,136,0,0,17,17,90,567,8,575
7,1530,150,0,0,3,3,510,2401,200,2601
7,1530,225,0,0,9,9,170,2023,25,2048
7,1530,340,0,0,5,5,306,2401,272,2673
7,1530,340,0,0,85,85,18,21,4,25
7,1530,480,0,0,15,15,102,189,32,221
7,1530,510,0,0,15,15,102,49,68,117
7,1530,816,0,0,51,51,30,49,32,81
7,1530,864,0,0,3,3,510,49,576,625
7,1530,1088,0,0,17,17,90,161,64,225
7,1530,1173,0,0,17,17,90,56,69,125
7,1530,1275,0,0,51,51,30,56,25,81
7,1530,1530,0,0,85,85,18,7,18,25
7,1534,13,0,0,13,13,118,224,1,225
7,1534,832,0,0,13,13,118,49,128,177
7,1534,1534,0,0,13,13,118,7,118,125
7,1536,32,0,0,32,32,48,63,1,64
7,1536,32,0,0,32,32,48,224,1,225
7,1536,72,0,0,24,24,64,343,9,352
7,1536,864,0,0,24,24,64,49,72,121
7,1536,1536,0,0,96,96,16,49,32,81
7,1540,21,0,0,7,7,220,343,9,352
7,1540,35,0,0,7,7,220,259,5,264
7,1540,70,0,0,70,70,22,63,1,64
7,1540,77,0,0,77,77,20,175,1,176
7,1540,352,0,0,22,22,70,49,32,81
7,1540,880,0,0,55,55,28,49,32,81
7,1540,1295,0,0,7,7,220,112,185,297
7,1540,1408,0,0,11,11,140,497,128,625
7,1548,6,0,0,6,6,258,350,1,351
7,1548,6,0,0,6,6,258,728,1,729
7,1548,43,0,0,43,43,36,56,1,57
7,1548,43,0,0,43,43,36,63,1,64
7,1548,258,0,0,6,6,258,2457,43,2500
7,1548,300,0,0,6,6,258,301,50,351
7,1548,344,0,0,86,86,18,21,4,25
7,1548,512,0,0,2,2,774,2107,512,2619
7,1548,624,0,0,6,6,258,301,104,405
7,1548,1014,0,0,6,6,258,175,169,344
7,1548,1014,0,0,6,6,258,49,338,387
7,1548,1014,0,0,6,6,258,560,169,729
7,1548,1014,0,0,6,6,258,1680,169,1849
7,1548,1548,0,0,86,86,18,7,18,25
7,1550,80,0,0,5,5,310,945,16,961
7,1550,125,0,0,5,5,310,378,25,403
7,1550,125,0,0,5,5,310,651,25,676
7,1550,160,0,0,5,5,310,1183,32,1215
7,1550,248,0,0,31,31,50,49,16,65
7,1550,325,0,0,5,5,310,896,65,961
7,1550,500,0,0,5,5,310,637,200,837
7,1550,640,0,0,5,5,310,147,256,403
7,1550,720,0,0,5,5,310,343,432,775
7,1552,1552,0,0,97,97,16,49,32,81
7,1554,333,0,0,37,37,42,112,9,121
7,1554,592,0,0,37,37,42,49,32,81
7,1556,2,0,0,2,2,778,3500,1,3501
7,1556,2,0,0,2,2,778,4095,1,4096
7,1556,972,0,0,2,2,778,1225,972,2197
7,1556,1458,0,0,2,2,778,896,729,1625
7,1558,1558,0,0,41,41,38,49,76,125
7,1560,10,0,0,2,2,780,2023,5,2028
7,1560,10,0,0,2,2,780,4347,5,4352
7,1560,13,0,0,13,13,120,224,1,225
7,1560,20,0,0,20,20,78,168,1,169
7,1560,20,0,0,20,20,78,224,1,225
7,1560,20,0,0,20,20,78,350,1,351
7,1560,20,0,0,20,20,78,728,1,729
7,1560,27,0,0,3,3,520,1015,9,1024
7,1560,34,0,0,2,2,780,1183,17,1200
7,1560,34,0,0,2,2,780,5103,17,5120
7,1560,48,0,0,3,3,520,609,16,625
7,1560,48,0,0,12,12,130,1323,8,1331
7,1560,48,0,0,12,12,130,1617,8,1625
7,1560,78,0,0,78,78,20,175,1,176
7,1560,80,0,0,2,2,780,1547,40,1587
7,1560,96,0,0,3,3,520,1183,32,1215
7,1560,104,0,0,13,13,120,175,8,183
7,1560,104,0,0,26,26,60,147,8,155
7,1560,108,0,0,2,2,780,3703,54,3757
7,1560,132,0,0,12,12,130,147,22,169
7,1560,132,0,0,12,12,130,189,11,200
7,1560,132,0,0,12,12,130,364,11,375
7,1560,136,0,0,2,2,780,7203,272,7475
7,1560,156,0,0,12,12,130,350,13,363
7,1560,174,0,0,3,3,520,567,58,625
7,1560,195,0,0,3,3,520,6496,65,6561
7,1560,230,0,0,2,2,780,637,230,867
7,1560,230,0,0,2,2,780,3213,115,3328
7,1560,300,0,0,12,12,130,231,25,256
7,1560,324,0,0,12,12,130,1183,27,1210
7,1560,384,0,0,3,3,520,3969,256,4225
7,1560,384,0,0,12,12,130,1183,32,1215
7,1560,486,0,0,2,2,780,8750,243,8993
7,1560,598,0,0,2,2,780,1701,299,2000
7,1560,600,0,0,3,3,520,441,400,841
7,1560,650,0,0,26,26,60,56,25,81
7,1560,720,0,0,12,12,130,49,120,169
7,1560,768,0,0,3,3,520,875,256,1131
7,1560,783,0,0,3,3,520,364,261,625
7,1560,810,0,0,10,10,156,1183,81,1264
7,1560,832,0,0,52,52,30,49,32,81
7,1560,972,0,0,2,2,780,1225,972,2197
7,1560,972,0,0,12,12,130,175,81,256
7,1560,1014,0,0,3,3,520,49,676,725
7,1560,1056,0,0,12,12,130,49,176,225
7,1560,1088,0,0,2,2,780,637,1088,1725
7,1560,1242,0,0,2,2,780,224,621,845
7,1560,1280,0,0,2,2,780,1547,640,2187
7,1560,1280,0,0,20,20,78,105,64,169
7,1560,1300,0,0,52,52,30,56,25,81
7,1560,1500,0,0,12,12,130,91,125,216
7,1560,1500,0,0,12,12,130,847,125,972
7,1560,1500,0,0,12,12,130,1323,250,1573
7,1562,71,0,0,71,71,22,63,1,64
7,1564,46,0,0,46,46,34,49,2,51
7,1564,46,0,0,46,46,34,63,1,64
7,1566,9,0,0,9,9,174,231,1,232
7,1566,348,0,0,87,87,18,21,4,25
7,1566,432,0,0,27,27,58,49,32,81
7,1566,432,0,0,27,27,58,609,16,625
7,1566,675,0,0,27,27,58,56,25,81
7,1566,1566,0,0,27,27,58,567,58,625
7,1566,1566,0,0,87,87,18,7,18,25
7,1568,896,0,0,56,56,28,49,32,81
7,1568,1568,0,0,98,98,16,49,32,81
7,1572,18,0,0,6,6,262,343,9,352
7,1576,16,0,0,4,4,394,1323,8,1331
7,1580,2,0,0,2,2,790,1372,3,1375
7,1580,2,0,0,2,2,790,3024,1,3025
7,1580,79,0,0,79,79,20,175,1,176
7,1580,250,0,0,2,2,790,847,125,972
7,1580,450,0,0,2,2,790,1106,225,1331
7,1580,632,0,0,2,2,790,5929,632,6561
7,1580,1458,0,0,2,2,790,140,729,869
7,1584,12,0,0,12,12,132,1407,1,1408
7,1584,16,0,0,4,4,396,1323,8,1331
7,1584,32,0,0,8,8,198,1323,8,1331
7,1584,33,0,0,33,33,48,63,1,64
7,1584,33,0,0,33,33,48,224,1,225
7,1584,44,0,0,44,44,36,56,1,57
7,1584,44,0,0,44,44,36,63,1,64
7,1584,72,0,0,8,8,198,616,9,625
7,1584,72,0,0,24,24,66,343,9,352
7,1584,72,0,0,72,72,22,63,1,64
7,1584,128,0,0,8,8,198,875,16,891
7,1584,198,0,0,18,18,88,189,11,200
7,1584,200,0,0,8,8,198,231,25,256
7,1584,240,0,0,3,3,528,343,240,583
7,1584,352,0,0,22,22,72,49,32,81
7,1584,352,0,0,88,88,18,21,4,25
7,1584,450,0,0,18,18,88,49,50,99
7,1584,450,0,0,18,18,88,231,25,256
7,1584,648,0,0,8,8,198,175,81,256
7,1584,704,0,0,8,8,198,49,176,225
7,1584,792,0,0,3,3,528,2597,528,3125
7,1584,864,0,0,18,18,88,77,48,125
7,1584,968,0,0,8,8,198,504,121,625
7,1584,1458,0,0,18,18,88,175,81,256
7,1584,1584,0,0,18,18,88,49,176,225
7,1584,1584,0,0,88,88,18,7,18,25
7,1584,1584,0,0,99,99,16,49,32,81
7,1590,848,0,0,53,53,30,49,32,81
7,1590,1325,0,0,53,53,30,56,25,81
7,1596,21,0,0,21,21,76,168,1,169
7,1596,21,0,0,21,21,76,728,1,729
7,1596,28,0,0,7,7,228,525,4,529
7,1596,42,0,0,7,7,228,343,18,361
7,1596,126,0,0,21,21,76,343,18,361
7,1596,175,0,0,7,7,228,336,25,361
7,1596,175,0,0,7,7,228,504,25,529
7,1596,189,0,0,7,7,228,448,27,475
7,1596,322,0,0,7,7,228,315,46,361
7,1596,342,0,0,38,38,42,112,9,121
7,1596,384,0,0,3,3,532,4361,256,4617
7,1596,567,0,0,7,7,228,175,81,256
7,1596,567,0,0,7,7,228,280,81,361
7,1596,567,0,0,7,7,228,448,81,529
7,1596,608,0,0,38,38,42,49,32,81
7,1596,665,0,0,7,7,228,161,95,256
7,1596,756,0,0,21,21,76,133,36,169
7,1596,875,0,0,7,7,228,483,125,608
7,1596,912,0,0,57,57,28,49,32,81
7,1596,1197,0,0,21,21,76,112,57,169
7,1596,1250,0,0,2,2,798,399,625,1024
7,1596,1400,0,0,7,7,228,161,200,361
7,1596,1596,0,0,42,42,38,49,76,125
7,1598,47,0,0,47,47,34,49,2,51
7,1598,47,0,0,47,47,34,63,1,64
7,1600,10,0,0,10,10,160,224,1,225
7,1600,75,0,0,25,25,64,343,9,352
7,1600,80,0,0,80,80,20,175,1,176
7,1600,144,0,0,16,16,100,119,9,128
7,1600,144,0,0,16,16,100,280,9,289
7,1600,256,0,0,16,16,100,119,16,135
7,1600,256,0,0,32,32,50,49,16,65
7,1600,400,0,0,16,16,100,119,25,144
7,1600,900,0,0,25,25,64,49,72,121
7,1600,1152,0,0,4,4,400,49,576,625
7,1600,1296,0,0,16,16,100,119,81,200
7,1600,1296,0,0,16,16,100,175,81,256
7,1600,1600,0,0,16,16,100,189,100,289
7,1600,1600,0,0,100,100,16,49,32,81
7,1602,356,0,0,89,89,18,21,4,25
7,1602,1602,0,0,9,9,178,49,356,405
7,1602,1602,0,0,89,89,18,7,18,25
7,1606,11,0,0,11,11,146,511,1,512
7,1606,73,0,0,73,73,22,63,1,64
7,1608,2,0,0,2,2,804,1519,2,1521
7,1608,324,0,0,2,2,804,637,324,961
7,1608,972,0,0,4,4,402,343,729,1072
7,1608,992,0,0,2,2,804,1701,496,2197
7,1610,368,0,0,23,23,70,49,32,81
7,1614,3,0,0,3,3,538,1344,1,1345
7,1614,864,0,0,3,3,538,49,576,625
7,1614,1614,0,0,3,3,538,49,1076,1125
7,1616,202,0,0,2,2,808,3024,101,3125
7,1616,1616,0,0,101,101,16,49,32,81
7,1620,10,0,0,10,10,162,287,1,288
7,1620,18,0,0,18,18,90,161,1,162
7,1620,18,0,0,18,18,90,224,1,225
7,1620,45,0,0,15,15,108,343,9,352
7,1620,45,0,0,45,45,36,56,1,57
7,1620,45,0,0,45,45,36,63,1,64
7,1620,81,0,0,81,81,20,175,1,176
7,1620,108,0,0,27,27,60,147,8,155
7,1620,144,0,0,18,18,90,567,8,575
7,1620,150,0,0,6,6,270,2023,25,2048
7,1620,360,0,0,90,90,18,21,4,25
7,1620,675,0,0,27,27,60,56,25,81
7,1620,864,0,0,3,3,540,49,576,625
7,1620,864,0,0,54,54,30,49,32,81
7,1620,1152,0,0,18,18,90,161,64,225
7,1620,1242,0,0,18,18,90,56,69,125
7,1620,1350,0,0,54,54,30,56,25,81
7,1620,1536,0,0,6,6,270,119,256,375
7,1620,1620,0,0,90,90,18,7,18,25
7,1624,7,0,0,7,7,232,728,1,729
7,1624,448,0,0,28,28,58,49,32,81
7,1624,448,0,0,28,28,58,609,16,625
7,1624,700,0,0,28,28,58,56,25,81
7,1624,928,0,0,58,58,28,49,32,81
7,1624,1183,0,0,7,7,232,672,169,841
7,1624,1624,0,0,28,28,58,567,58,625
7,1628,8,0,0,2,2,814,1323,8,1331
7,1628,11,0,0,11,11,148,224,1,225
7,1628,11,0,0,11,11,148,1295,1,1296
7,1628,74,0,0,74,74,22,63,1,64
7,1628,256,0,0,2,2,814,833,256,1089
7,1628,578,0,0,2,2,814,2079,289,2368
7,1628,1184,0,0,2,2,814,147,1184,1331
7,1632,8,0,0,4,4,408,2023,2,2025
7,1632,34,0,0,34,34,48,63,1,64
7,1632,34,0,0,34,34,48,224,1,225
7,1632,48,0,0,48,48,34,49,2,51
7,1632,48,0,0,48,48,34,63,1,64
7,1632,64,0,0,8,8,204,721,8,729
7,1632,100,0,0,4,4,408,672,25,697
7,1632,100,0,0,4,4,408,2023,25,2048
7,1632,204,0,0,4,4,408,574,51,625
7,1632,512,0,0,4,4,408,441,256,697
7,1632,512,0,0,16,16,102,189,32,221
7,1632,544,0,0,16,16,102,49,68,117
7,1632,820,0,0,4,4,408,49,410,459
7,1632,1156,0,0,4,4,408,287,289,576
7,1632,1156,0,0,4,4,408,336,289,625
7,1632,1296,0,0,4,4,408,49,648,697
7,1632,1360,0,0,4,4,408,49,680,729
7,1632,1632,0,0,102,102,16,49,32,81
7,1634,1634,0,0,43,43,38,49,76,125
7,1638,21,0,0,7,7,234,413,3,416
7,1638,21,0,0,21,21,78,168,1,169
7,1638,21,0,0,21,21,78,224,1,225
7,1638,21,0,0,21,21,78,350,1,351
7,1638,21,0,0,21,21,78,728,1,729
7,1638,351,0,0,39,39,42,112,9,121
7,1638,364,0,0,91,91,18,21,4,25
7,1638,413,0,0,7,7,234,448,59,507
7,1638,624,0,0,39,39,42,49,32,81
7,1638,1344,0,0,21,21,78,105,64,169
7,1638,1638,0,0,91,91,18,7,18,25
7,1640,2,0,0,2,2,820,959,1,960
7,1640,2,0,0,2,2,820,1680,1,1681
7,1640,5,0,0,5,5,328,1372,3,1375
7,1640,5,0,0,5,5,328,1680,1,1681
7,1640,5,0,0,5,5,328,3024,1,3025
7,1640,16,0,0,2,2,820,2009,16,2025
7,1640,40,0,0,5,5,328,2009,16,2025
7,1640,82,0,0,82,82,20,175,1,176
7,1640,135,0,0,5,5,328,875,27,902
7,1640,180,0,0,5,5,328,343,108,451
7,1640,320,0,0,5,5,328,1225,128,1353
7,1640,495,0,0,5,5,328,343,297,640
7,1640,625,0,0,5,5,328,847,125,972
7,1640,800,0,0,5,5,328,49,320,369
7,1640,1125,0,0,5,5,328,287,225,512
7,1640,1440,0,0,5,5,328,49,576,625
7,1640,1458,0,0,2,2,820,3430,2187,5617
7,1640,1640,0,0,5,5,328,35,328,363
7,1640,1640,0,0,5,5,328,77,328,405
7,1644,768,0,0,3,3,548,2401,1024,3425
7,1644,1644,0,0,3,3,548,77,548,625
7,1648,32,0,0,4,4,412,721,8,729
7,1648,1648,0,0,103,103,16,49,32,81
7,1650,5,0,0,5,5,330,1372,3,1375
7,1650,5,0,0,5,5,330,2240,1,2241
7,1650,5,0,0,5,5,330,3024,1,3025
7,1650,12,0,0,3,3,550,1323,8,1331
7,1650,15,0,0,5,5,330,343,9,352
7,1650,54,0,0,3,3,550,539,36,575
7,1650,75,0,0,25,25,66,343,9,352
7,1650,75,0,0,75,75,22,63,1,64
7,1650,120,0,0,5,5,330,343,72,415
7,1650,120,0,0,5,5,330,581,24,605
7,1650,209,0,0,11,11,150,224,19,243
7,1650,209,0,0,11,11,150,343,57,400
7,1650,264,0,0,33,33,50,49,16,65
7,1650,375,0,0,3,3,550,847,125,972
7,1650,495,0,0,5,5,330,343,297,640
7,1650,726,0,0,3,3,550,245,484,729
7,1650,880,0,0,55,55,30,49,32,81
7,1650,1104,0,0,3,3,550,847,368,1215
7,1650,1375,0,0,55,55,30,56,25,81
7,1650,1440,0,0,5,5,330,49,576,625
7,1650,1587,0,0,3,3,550,175,529,704
7,1650,1587,0,0,3,3,550,560,529,1089
7,1650,1587,0,0,3,3,550,5103,529,5632
7,1652,14,0,0,14,14,118,224,1,225
7,1652,896,0,0,14,14,118,49,128,177
7,1652,944,0,0,59,59,28,49,32,81
7,1652,1652,0,0,14,14,118,7,118,125
7,1656,4,0,0,4,4,414,728,1,729
7,1656,4,0,0,4,4,414,896,1,897
7,1656,46,0,0,46,46,36,56,1,57
7,1656,46,0,0,46,46,36,63,1,64
7,1656,64,0,0,2,2,828,3703,32,3735
7,1656,81,0,0,9,9,184,686,27,713
7,1656,368,0,0,23,23,72,49,32,81
7,1656,368,0,0,92,92,18,21,4,25
7,1656,676,0,0,4,4,414,567,169,736
7,1656,729,0,0,9,9,184,448,81,529
7,1656,830,0,0,2,2,828,1701,415,2116
7,1656,1404,0,0,4,4,414,161,351,512
7,1656,1656,0,0,92,92,18,7,18,25
7,1660,83,0,0,83,83,20,175,1,176
7,1664,78,0,0,26,26,64,343,9,352
7,1664,338,0,0,2,2,832,3584,169,3753
7,1664,936,0,0,26,26,64,49,72,121
7,1664,1664,0,0,8,8,208,35,208,243
7,1664,1664,0,0,104,104,16,49,32,81
7,1666,14,0,0,7,7,238,2023,2,2025
7,1666,49,0,0,49,49,34,49,2,51
7,1666,49,0,0,49,49,34,63,1,64
7,1666,63,0,0,7,7,238,280,9,289
7,1666,700,0,0,7,7,238,189,100,289
7,1668,2,0,0,2,2,834,3969,2,3971
7,1668,48,0,0,2,2,834,6811,48,6859
7,1668,1024,0,0,2,2,834,1617,1024,2641
7,1672,22,0,0,22,22,76,168,1,169
7,1672,22,0,0,22,22,76,728,1,729
7,1672,76,0,0,4,4,418,1925,19,1944
7,1672,76,0,0,4,4,418,2541,19,2560
7,1672,76,0,0,76,76,22,63,1,64
7,1672,132,0,0,4,4,418,2527,33,2560
7,1672,132,0,0,22,22,76,343,18,361
7,1672,209,0,0,19,19,88,189,11,200
7,1672,475,0,0,19,19,88,49,50,99
7,1672,475,0,0,19,19,88,231,25,256
7,1672,792,0,0,22,22,76,133,36,169
7,1672,912,0,0,19,19,88,77,48,125
7,1672,1254,0,0,22,22,76,112,57,169
7,1672,1539,0,0,19,19,88,175,81,256
7,1672,1672,0,0,19,19,88,49,176,225
7,1672,1672,0,0,44,44,38,49,76,125
7,1674,372,0,0,93,93,18,21,4,25
7,1674,1674,0,0,93,93,18,7,18,25
7,1680,12,0,0,6,6,280,2205,4,2209
7,1680,14,0,0,14,14,120,224,1,225
7,1680,20,0,0,10,10,168,2023,2,2025
7,1680,28,0,0,7,7,240,1323,8,1331
7,1680,35,0,0,35,35,48,63,1,64
7,1680,35,0,0,35,35,48,224,1,225
7,1680,63,0,0,7,7,240,616,9,625
7,1680,84,0,0,84,84,20,175,1,176
7,1680,90,0,0,10,10,168,280,9,289
7,1680,112,0,0,7,7,240,875,16,891
7,1680,112,0,0,14,14,120,175,8,183
7,1680,112,0,0,28,28,60,147,8,155
7,1680,175,0,0,7,7,240,231,25,256
7,1680,360,0,0,40,40,42,112,9,121
7,1680,384,0,0,24,24,70,49,32,81
7,1680,567,0,0,7,7,240,175,81,256
7,1680,640,0,0,40,40,42,49,32,81
7,1680,700,0,0,28,28,60,56,25,81
7,1680,847,0,0,7,7,240,504,121,625
7,1680,896,0,0,56,56,30,49,32,81
7,1680,960,0,0,60,60,28,49,32,81
7,1680,1000,0,0,10,10,168,189,100,289
7,1680,1400,0,0,56,56,30,56,25,81
7,1680,1536,0,0,12,12,140,497,128,625
7,1680,1680,0,0,105,105,16,49,32,81
7,1682,464,0,0,29,29,58,49,32,81
7,1682,464,0,0,29,29,58,609,16,625
7,1682,725,0,0,29,29,58,56,25,81
7,1682,1682,0,0,29,29,58,567,58,625
7,1686,96,0,0,3,3,562,2401,128,2529
7,1686,243,0,0,3,3,562,1967,81,2048
7,1688,54,0,0,2,2,844,1477,27,1504
7,1690,52,0,0,13,13,130,1323,8,1331
7,1690,52,0,0,13,13,130,1617,8,1625
7,1690,125,0,0,5,5,338,2023,25,2048
7,1690,143,0,0,13,13,130,147,22,169
7,1690,143,0,0,13,13,130,189,11,200
7,1690,143,0,0,13,13,130,364,11,375
7,1690,169,0,0,13,13,130,350,13,363
7,1690,325,0,0,13,13,130,231,25,256
7,1690,351,0,0,13,13,130,1183,27,1210
7,1690,416,0,0,13,13,130,1183,32,1215
7,1690,780,0,0,13,13,130,49,120,169
7,1690,1053,0,0,13,13,130,175,81,256
7,1690,1144,0,0,13,13,130,49,176,225
7,1690,1625,0,0,13,13,130,91,125,216
7,1690,1625,0,0,13,13,130,847,125,972
7,1690,1625,0,0,13,13,130,1323,250,1573
7,1692,47,0,0,47,47,36,56,1,57
7,1692,47,0,0,47,47,36,63,1,64
7,1692,376,0,0,94,94,18,21,4,25
7,1692,1692,0,0,94,94,18,7,18,25
7,1694,77,0,0,77,77,22,63,1,64
7,1696,1696,0,0,106,106,16,49,32,81
7,1700,20,0,0,5,5,340,357,4,361
7,1700,30,0,0,5,5,340,343,18,361
7,1700,34,0,0,2,2,850,5103,17,5120
7,1700,50,0,0,50,50,34,49,2,51
7,1700,50,0,0,50,50,34,63,1,64
7,1700,85,0,0,85,85,20,175,1,176
7,1700,125,0,0,5,5,340,336,25,361
7,1700,125,0,0,5,5,340,2023,25,2048
7,1700,135,0,0,5,5,340,448,27,475
7,1700,153,0,0,17,17,100,119,9,128
7,1700,153,0,0,17,17,100,280,9,289
7,1700,250,0,0,10,10,170,2023,25,2048
7,1700,272,0,0,17,17,100,119,16,135
7,1700,272,0,0,34,34,50,49,16,65
7,1700,380,0,0,5,5,340,1225,152,1377
7,1700,405,0,0,5,5,340,280,81,361
7,1700,405,0,0,5,5,340,1372,243,1615
7,1700,425,0,0,17,17,100,119,25,144
7,1700,426,0,0,2,2,850,875,213,1088
7,1700,625,0,0,5,5,340,833,250,1083
7,1700,1280,0,0,2,2,850,567,640,1207
7,1700,1280,0,0,5,5,340,105,256,361
7,1700,1280,0,0,5,5,340,119,256,375
7,1700,1360,0,0,5,5,340,133,272,405
7,1700,1377,0,0,17,17,100,119,81,200
7,1700,1377,0,0,17,17,100,175,81,256
7,1700,1700,0,0,5,5,340,21,340,361
7,1700,1700,0,0,5,5,340,49,680,729
7,1700,1700,0,0,17,17,100,189,100,289
7,1704,3,0,0,3,3,568,1064,1,1065
7,1704,3,0,0,3,3,568,5040,1,5041
7,1704,4,0,0,4,4,426,567,1,568
7,1704,192,0,0,3,3,568,665,64,729
7,1704,675,0,0,3,3,568,497,225,722
7,1704,864,0,0,3,3,568,49,576,625
7,1708,7,0,0,7,7,244,287,1,288
7,1708,976,0,0,61,61,28,49,32,81
7,1710,9,0,0,3,3,570,1232,3,1235
7,1710,9,0,0,3,3,570,3325,3,3328
7,1710,9,0,0,9,9,190,224,1,225
7,1710,9,0,0,9,9,190,399,1,400
7,1710,15,0,0,3,3,570,1183,5,1188
7,1710,15,0,0,3,3,570,4389,5,4394
7,1710,19,0,0,19,19,90,161,1,162
7,1710,19,0,0,19,19,90,224,1,225
7,1710,30,0,0,5,5,342,343,18,361
7,1710,57,0,0,3,3,570,637,38,675
7,1710,57,0,0,3,3,570,1925,19,1944
7,1710,57,0,0,3,3,570,2541,19,2560
7,1710,57,0,0,3,3,570,4375,19,4394
7,1710,72,0,0,3,3,570,2275,24,2299
7,1710,78,0,0,3,3,570,1323,52,1375
7,1710,99,0,0,3,3,570,1183,33,1216
7,1710,99,0,0,3,3,570,2527,33,2560
7,1710,114,0,0,3,3,570,567,38,605
7,1710,152,0,0,19,19,90,567,8,575
7,1710,285,0,0,5,5,342,1792,57,1849
7,1710,380,0,0,95,95,18,21,4,25
7,1710,429,0,0,3,3,570,532,143,675
7,1710,456,0,0,3,3,570,693,152,845
7,1710,576,0,0,3,3,570,1183,192,1375
7,1710,576,0,0,9,9,190,665,64,729
7,1710,624,0,0,3,3,570,875,208,1083
7,1710,702,0,0,3,3,570,343,702,1045
7,1710,729,0,0,3,3,570,1330,243,1573
7,1710,912,0,0,57,57,30,49,32,81
7,1710,1216,0,0,19,19,90,161,64,225
7,1710,1248,0,0,3,3,570,189,416,605
7,1710,1311,0,0,19,19,90,56,69,125
7,1710,1425,0,0,57,57,30,56,25,81
7,1710,1458,0,0,3,3,570,1225,972,2197
7,1710,1500,0,0,3,3,570,539,1000,1539
7,1710,1521,0,0,3,3,570,133,507,640
7,1710,1521,0,0,3,3,570,1792,507,2299
7,1710,1521,0,0,3,3,570,1925,507,2432
7,1710,1710,0,0,45,45,38,49,76,125
7,1710,1710,0,0,95,95,18,7,18,25
7,1712,8,0,0,2,2,856,1323,8,1331
7,1712,22,0,0,2,2,856,1701,11,1712
7,1712,1712,0,0,2,2,856,147,1712,1859
7,1712,1712,0,0,107,107,16,49,32,81
7,1716,6,0,0,6,6,286,728,1,729
7,1716,8,0,0,2,2,858,1323,8,1331
7,1716,8,0,0,2,2,858,1617,8,1625
7,1716,13,0,0,13,13,132,1407,1,1408
7,1716,22,0,0,2,2,858,1204,11,1215
7,1716,22,0,0,2,2,858,1365,11,1376
7,1716,22,0,0,22,22,78,168,1,169
7,1716,22,0,0,22,22,78,224,1,225
7,1716,22,0,0,22,22,78,350,1,351
7,1716,22,0,0,22,22,78,728,1,729
7,1716,26,0,0,2,2,858,6237,13,6250
7,1716,50,0,0,2,2,858,7371,25,7396
7,1716,54,0,0,2,2,858,1183,27,1210
7,1716,64,0,0,2,2,858,1183,32,1215
7,1716,78,0,0,26,26,66,343,9,352
7,1716,78,0,0,78,78,22,63,1,64
7,1716,96,0,0,2,2,858,1715,144,1859
7,1716,250,0,0,2,2,858,847,125,972
7,1716,250,0,0,2,2,858,1323,250,1573
7,1716,320,0,0,2,2,858,1001,160,1161
7,1716,320,0,0,2,2,858,9317,160,9477
7,1716,512,0,0,2,2,858,819,256,1075
7,1716,572,0,0,2,2,858,875,286,1161
7,1716,624,0,0,2,2,858,1225,624,1849
7,1716,750,0,0,2,2,858,1001,375,1376
7,1716,810,0,0,2,2,858,1792,405,2197
7,1716,891,0,0,11,11,156,1183,81,1264
7,1716,946,0,0,2,2,858,567,473,1040
7,1716,946,0,0,2,2,858,1575,473,2048
7,1716,1408,0,0,2,2,858,441,1408,1849
7,1716,1408,0,0,22,22,78,105,64,169
7,1720,86,0,0,86,86,20,175,1,176
7,1720,160,0,0,4,4,430,2107,80,2187
7,1722,7,0,0,7,7,246,287,1,288
7,1722,369,0,0,41,41,42,112,9,121
7,1722,656,0,0,41,41,42,49,32,81
7,1728,6,0,0,6,6,288,840,1,841
7,1728,36,0,0,36,36,48,63,1,64
7,1728,36,0,0,36,36,48,224,1,225
7,1728,48,0,0,16,16,108,343,9,352
7,1728,48,0,0,48,48,36,56,1,57
7,1728,48,0,0,48,48,36,63,1,64
7,1728,81,0,0,27,27,64,343,9,352
7,1728,174,0,0,6,6,288,700,29,729
7,1728,384,0,0,24,24,72,49,32,81
7,1728,384,0,0,96,96,18,21,4,25
7,1728,972,0,0,27,27,64,49,72,121
7,1728,1728,0,0,6,6,288,49,576,625
7,1728,1728,0,0,96,96,18,7,18,25
7,1728,1728,0,0,108,108,16,49,32,81
7,1734,12,0,0,3,3,578,833,8,841
7,1734,51,0,0,51,51,34,49,2,51
7,1734,51,0,0,51,51,34,63,1,64
7,1734,75,0,0,3,3,578,2023,25,2048
7,1734,544,0,0,17,17,102,189,32,221
7,1734,578,0,0,17,17,102,49,68,117
7,1736,18,0,0,2,2,868,1015,9,1024
7,1736,32,0,0,2,2,868,945,16,961
7,1736,522,0,0,2,2,868,700,261,961
7,1736,992,0,0,62,62,28,49,32,81
7,1736,1250,0,0,2,2,868,336,625,961
7,1736,1250,0,0,2,2,868,6944,625,7569
7,1738,79,0,0,79,79,22,63,1,64
7,1740,3,0,0,3,3,580,840,1,841
7,1740,10,0,0,10,10,174,231,1,232
7,1740,18,0,0,2,2,870,1015,9,1024
7,1740,18,0,0,3,3,580,2401,24,2425
7,1740,87,0,0,3,3,580,700,29,729
7,1740,87,0,0,87,87,20,175,1,176
7,1740,116,0,0,29,29,60,147,8,155
7,1740,150,0,0,3,3,580,679,50,729
7,1740,162,0,0,2,2,870,2401,324,2725
7,1740,218,0,0,2,2,870,2240,109,2349
7,1740,218,0,0,2,2,870,5075,109,5184
7,1740,291,0,0,3,3,580,875,97,972
7,1740,375,0,0,3,3,580,2688,125,2813
7,1740,480,0,0,30,30,58,49,32,81
7,1740,480,0,0,30,30,58,609,16,625
7,1740,486,0,0,3,3,580,679,162,841
7,1740,522,0,0,2,2,870,763,261,1024
7,1740,725,0,0,29,29,60,56,25,81
7,1740,750,0,0,30,30,58,56,25,81
7,1740,864,0,0,3,3,580,49,576,625
7,1740,928,0,0,58,58,30,49,32,81
7,1740,1450,0,0,58,58,30,56,25,81
7,1740,1740,0,0,30,30,58,567,58,625
7,1744,1744,0,0,109,109,16,49,32,81
7,1746,388,0,0,97,97,18,21,4,25
7,1746,864,0,0,3,3,582,4753,576,5329
7,1746,1746,0,0,97,97,18,7,18,25
7,1748,23,0,0,23,23,76,168,1,169
7,1748,23,0,0,23,23,76,728,1,729
7,1748,138,0,0,23,23,76,343,18,361
7,1748,828,0,0,23,23,76,133,36,169
7,1748,1311,0,0,23,23,76,112,57,169
7,1748,1748,0,0,46,46,38,49,76,125
7,1750,280,0,0,35,35,50,49,16,65
7,1750,400,0,0,25,25,70,49,32,81
7,1752,12,0,0,12,12,146,511,1,512
7,1752,16,0,0,4,4,438,1323,8,1331
7,1752,16,0,0,4,4,438,5621,4,5625
7,1752,500,0,0,4,4,438,847,125,972
7,1752,968,0,0,4,4,438,245,484,729
7,1760,11,0,0,11,11,160,224,1,225
7,1760,20,0,0,5,5,352,1323,8,1331
7,1760,24,0,0,8,8,220,343,9,352
7,1760,40,0,0,8,8,220,259,5,264
7,1760,80,0,0,80,80,22,63,1,64
7,1760,88,0,0,88,88,20,175,1,176
7,1760,220,0,0,20,20,88,189,11,200
7,1760,500,0,0,20,20,88,49,50,99
7,1760,500,0,0,20,20,88,231,25,256
7,1760,885,0,0,5,5,352,847,177,1024
7,1760,960,0,0,20,20,88,77,48,125
7,1760,1088,0,0,4,4,440,1925,272,2197
7,1760,1480,0,0,8,8,220,112,185,297
7,1760,1620,0,0,20,20,88,175,81,256
7,1760,1760,0,0,20,20,88,49,176,225
7,1760,1760,0,0,110,110,16,49,32,81
7,1764,49,0,0,49,49,36,56,1,57
7,1764,49,0,0,49,49,36,63,1,64
7,1764,378,0,0,42,42,42,112,9,121
7,1764,392,0,0,98,98,18,21,4,25
7,1764,531,0,0,3,3,588,448,177,625
7,1764,672,0,0,42,42,42,49,32,81
7,1764,1008,0,0,63,63,28,49,32,81
7,1764,1764,0,0,98,98,18,7,18,25
7,1768,4,0,0,4,4,442,728,1,729
7,1768,4,0,0,4,4,442,1183,1,1184
7,1768,52,0,0,52,52,34,49,2,51
7,1768,52,0,0,52,52,34,63,1,64
7,1768,68,0,0,4,4,442,1036,17,1053
7,1768,768,0,0,4,4,442,1813,384,2197
7,1770,15,0,0,15,15,118,224,1,225
7,1770,944,0,0,59,59,30,49,32,81
7,1770,960,0,0,15,15,118,49,128,177
7,1770,1475,0,0,59,59,30,56,25,81
7,1770,1770,0,0,15,15,118,7,118,125
7,1776,2,0,0,2,2,888,1295,1,1296
7,1776,12,0,0,3,3,592,1323,8,1331
7,1776,12,0,0,12,12,148,224,1,225
7,1776,12,0,0,12,12,148,1295,1,1296
7,1776,37,0,0,37,37,48,63,1,64
7,1776,37,0,0,37,37,48,224,1,225
7,1776,222,0,0,2,2,888,1715,333,2048
7,1776,1776,0,0,3,3,592,147,1184,1331
7,1776,1776,0,0,111,111,16,49,32,81
7,1780,89,0,0,89,89,20,175,1,176
7,1780,1780,0,0,10,10,178,49,356,405
7,1782,11,0,0,11,11,162,287,1,288
7,1782,36,0,0,9,9,198,1323,8,1331
7,1782,81,0,0,9,9,198,616,9,625
7,1782,81,0,0,27,27,66,343,9,352
7,1782,81,0,0,81,81,22,63,1,64
7,1782,144,0,0,9,9,198,875,16,891
7,1782,225,0,0,9,9,198,231,25,256
7,1782,396,0,0,99,99,18,21,4,25
7,1782,729,0,0,9,9,198,175,81,256
7,1782,792,0,0,9,9,198,49,176,225
7,1782,864,0,0,3,3,594,1043,288,1331
7,1782,1089,0,0,9,9,198,504,121,625
7,1782,1782,0,0,99,99,18,7,18,25
7,1786,1786,0,0,47,47,38,49,76,125
7,1790,1440,0,0,5,5,358,49,576,625
7,1792,84,0,0,28,28,64,343,9,352
7,1792,1008,0,0,28,28,64,49,72,121
7,1792,1024,0,0,64,64,28,49,32,81
7,1792,1792,0,0,112,112,16,49,32,81
7,1794,23,0,0,23,23,78,168,1,169
7,1794,23,0,0,23,23,78,224,1,225
7,1794,23,0,0,23,23,78,350,1,351
7,1794,23,0,0,23,23,78,728,1,729
7,1794,897,0,0,3,3,598,1701,299,2000
7,1794,1458,0,0,3,3,598,1225,972,2197
7,1794,1472,0,0,23,23,78,105,64,169
7,1798,496,0,0,31,31,58,49,32,81
7,1798,496,0,0,31,31,58,609,16,625
7,1798,775,0,0,31,31,58,56,25,81
7,1798,1798,0,0,31,31,58,567,58,625
7,1800,8,0,0,2,2,900,1323,8,1331
7,1800,15,0,0,15,15,120,224,1,225
7,1800,20,0,0,20,20,90,161,1,162
7,1800,20,0,0,20,20,90,224,1,225
7,1800,36,0,0,4,4,450,791,9,800
7,1800,50,0,0,50,50,36,56,1,57
7,1800,50,0,0,50,50,36,63,1,64
7,1800,64,0,0,2,2,900,1617,64,1681
7,1800,90,0,0,90,90,20,175,1,176
7,1800,120,0,0,3,3,600,2107,80,2187
7,1800,120,0,0,15,15,120,175,8,183
7,1800,120,0,0,30,30,60,147,8,155
7,1800,160,0,0,20,20,90,567,8,575
7,1800,162,0,0,18,18,100,119,9,128
7,1800,162,0,0,18,18,100,280,9,289
7,1800,228,0,0,12,12,150,224,19,243
7,1800,228,0,0,12,12,150,343,57,400
7,1800,246,0,0,2,2,900,1925,123,2048
7,1800,250,0,0,2,2,900,847,125,972
7,1800,288,0,0,18,18,100,119,16,135
7,1800,288,0,0,36,36,50,49,16,65
7,1800,400,0,0,25,25,72,49,32,81
7,1800,400,0,0,100,100,18,21,4,25
7,1800,450,0,0,18,18,100,119,25,144
7,1800,750,0,0,30,30,60,56,25,81
7,1800,960,0,0,60,60,30,49,32,81
7,1800,1280,0,0,20,20,90,161,64,225
7,1800,1380,0,0,20,20,90,56,69,125
7,1800,1458,0,0,18,18,100,119,81,200
7,1800,1458,0,0,18,18,100,175,81,256
7,1800,1500,0,0,60,60,30,56,25,81
7,1800,1728,0,0,6,6,300,49,576,625
7,1800,1800,0,0,18,18,100,189,100,289
7,1800,1800,0,0,100,100,18,7,18,25
7,1802,53,0,0,53,53,34,49,2,51
7,1802,53,0,0,53,53,34,63,1,64
7,1804,82,0,0,82,82,22,63,1,64
7,1806,7,0,0,7,7,258,350,1,351
7,1806,7,0,0,7,7,258,728,1,729
7,1806,301,0,0,7,7,258,2457,43,2500
7,1806,350,0,0,7,7,258,301,50,351
7,1806,387,0,0,43,43,42,112,9,121
7,1806,688,0,0,43,43,42,49,32,81
7,1806,728,0,0,7,7,258,301,104,405
7,1806,1183,0,0,7,7,258,175,169,344
7,1806,1183,0,0,7,7,258,49,338,387
7,1806,1183,0,0,7,7,258,560,169,729
7,1806,1183,0,0,7,7,258,1680,169,1849
7,1808,1024,0,0,2,2,904,5537,1024,6561
7,1808,1808,0,0,113,113,16,49,32,81
7,1812,454,0,0,2,2,906,343,681,1024
7,1818,404,0,0,101,101,18,21,4,25
7,1818,1818,0,0,101,101,18,7,18,25
7,1820,18,0,0,2,2,910,2366,9,2375
7,1820,56,0,0,14,14,130,1323,8,1331
7,1820,56,0,0,14,14,130,1617,8,1625
7,1820,91,0,0,91,91,20,175,1,176
7,1820,130,0,0,2,2,910,2527,65,2592
7,1820,154,0,0,14,14,130,147,22,169
7,1820,154,0,0,14,14,130,189,11,200
7,1820,154,0,0,14,14,130,364,11,375
7,1820,182,0,0,14,14,130,350,13,363
7,1820,256,0,0,2,2,910,3969,256,4225
7,1820,270,0,0,2,2,910,4459,405,4864
7,1820,350,0,0,14,14,130,231,25,256
7,1820,378,0,0,14,14,130,1183,27,1210
7,1820,416,0,0,26,26,70,49,32,81
7,1820,448,0,0,14,14,130,1183,32,1215
7,1820,840,0,0,14,14,130,49,120,169
7,1820,1040,0,0,65,65,28,49,32,81
7,1820,1134,0,0,14,14,130,175,81,256
7,1820,1232,0,0,14,14,130,49,176,225
7,1820,1250,0,0,2,2,910,399,625,1024
7,1820,1250,0,0,2,2,910,819,625,1444
7,1820,1250,0,0,2,2,910,896,625,1521
7,1820,1600,0,0,2,2,910,4459,2400,6859
7,1820,1664,0,0,13,13,140,497,128,625
7,1820,1750,0,0,14,14,130,91,125,216
7,1820,1750,0,0,14,14,130,847,125,972
7,1820,1750,0,0,14,14,130,1323,250,1573
7,1824,24,0,0,24,24,76,168,1,169
7,1824,24,0,0,24,24,76,728,1,729
7,1824,32,0,0,8,8,228,525,4,529
7,1824,38,0,0,38,38,48,63,1,64
7,1824,38,0,0,38,38,48,224,1,225
7,1824,48,0,0,8,8,228,343,18,361
7,1824,144,0,0,24,24,76,343,18,361
7,1824,200,0,0,8,8,228,336,25,361
7,1824,200,0,0,8,8,228,504,25,529
7,1824,216,0,0,8,8,228,448,27,475
7,1824,368,0,0,8,8,228,315,46,361
7,1824,648,0,0,8,8,228,175,81,256
7,1824,648,0,0,8,8,228,280,81,361
7,1824,648,0,0,8,8,228,448,81,529
7,1824,760,0,0,8,8,228,161,95,256
7,1824,864,0,0,24,24,76,133,36,169
7,1824,914,0,0,2,2,912,567,457,1024
7,1824,914,0,0,2,2,912,5488,1371,6859
7,1824,1000,0,0,8,8,228,483,125,608
7,1824,1368,0,0,24,24,76,112,57,169
7,1824,1600,0,0,8,8,228,161,200,361
7,1824,1824,0,0,48,48,38,49,76,125
7,1824,1824,0,0,114,114,16,49,32,81
7,1826,83,0,0,83,83,22,63,1,64
7,1830,51,0,0,3,3,610,4375,17,4392
7,1830,51,0,0,3,3,610,5103,17,5120
7,1830,90,0,0,5,5,366,3703,18,3721
7,1830,150,0,0,3,3,610,2401,200,2601
7,1830,192,0,0,3,3,610,7497,128,7625
7,1830,405,0,0,5,5,366,448,81,529
7,1830,486,0,0,3,3,610,875,162,1037
7,1830,864,0,0,3,3,610,49,576,625
7,1830,976,0,0,61,61,30,49,32,81
7,1830,1525,0,0,61,61,30,56,25,81
7,1830,1536,0,0,3,3,610,525,512,1037
7,1830,1647,0,0,3,3,610,896,549,1445
7,1830,1830,0,0,3,3,610,119,610,729
7,1834,21,0,0,7,7,262,343,9,352
7,1836,2,0,0,2,2,918,4760,1,4761
7,1836,34,0,0,2,2,918,5103,17,5120
7,1836,51,0,0,17,17,108,343,9,352
7,1836,51,0,0,51,51,36,56,1,57
7,1836,51,0,0,51,51,36,63,1,64
7,1836,54,0,0,54,54,34,49,2,51
7,1836,54,0,0,54,54,34,63,1,64
7,1836,72,0,0,9,9,204,721,8,729
7,1836,100,0,0,2,2,918,2401,200,2601
7,1836,408,0,0,6,6,306,2401,272,2673
7,1836,408,0,0,102,102,18,21,4,25
7,1836,576,0,0,18,18,102,189,32,221
7,1836,612,0,0,18,18,102,49,68,117
7,1836,1836,0,0,102,102,18,7,18,25
7,1840,20,0,0,4,4,460,616,5,621
7,1840,90,0,0,10,10,184,686,27,713
7,1840,92,0,0,92,92,20,175,1,176
7,1840,810,0,0,10,10,184,448,81,529
7,1840,1840,0,0,115,115,16,49,32,81
7,1848,14,0,0,14,14,132,1407,1,1408
7,1848,22,0,0,11,11,168,2023,2,2025
7,1848,84,0,0,28,28,66,343,9,352
7,1848,84,0,0,84,84,22,63,1,64
7,1848,99,0,0,11,11,168,280,9,289
7,1848,231,0,0,21,21,88,189,11,200
7,1848,396,0,0,44,44,42,112,9,121
7,1848,525,0,0,21,21,88,49,50,99
7,1848,525,0,0,21,21,88,231,25,256
7,1848,704,0,0,44,44,42,49,32,81
7,1848,1008,0,0,21,21,88,77,48,125
7,1848,1056,0,0,66,66,28,49,32,81
7,1848,1100,0,0,11,11,168,189,100,289
7,1848,1701,0,0,21,21,88,175,81,256
7,1848,1848,0,0,21,21,88,49,176,225
7,1850,5,0,0,5,5,370,1295,1,1296
7,1850,135,0,0,5,5,370,1120,27,1147
7,1850,296,0,0,37,37,50,49,16,65
7,1850,555,0,0,5,5,370,1715,333,2048
7,1850,625,0,0,5,5,370,259,125,384
7,1850,1440,0,0,5,5,370,49,576,625
7,1854,48,0,0,3,3,618,945,16,961
7,1854,412,0,0,103,103,18,21,4,25
7,1854,432,0,0,3,3,618,343,432,775
7,1854,720,0,0,3,3,618,721,240,961
7,1854,1854,0,0,3,3,618,7,618,625
7,1854,1854,0,0,103,103,18,7,18,25
7,1856,8,0,0,8,8,232,728,1,729
7,1856,87,0,0,29,29,64,343,9,352
7,1856,512,0,0,32,32,58,49,32,81
7,1856,512,0,0,32,32,58,609,16,625
7,1856,800,0,0,32,32,58,56,25,81
7,1856,1044,0,0,29,29,64,49,72,121
7,1856,1352,0,0,8,8,232,672,169,841
7,1856,1566,0,0,2,2,928,217,783,1000
7,1856,1856,0,0,2,2,928,1519,1856,3375
7,1856,1856,0,0,32,32,58,567,58,625
7,1856,1856,0,0,116,116,16,49,32,81
7,1860,85,0,0,5,5,372,847,17,864
7,1860,93,0,0,93,93,20,175,1,176
7,1860,96,0,0,6,6,310,945,16,961
7,1860,124,0,0,31,31,60,147,8,155
7,1860,150,0,0,6,6,310,378,25,403
7,1860,150,0,0,6,6,310,651,25,676
7,1860,192,0,0,6,6,310,1183,32,1215
7,1860,320,0,0,5,5,372,833,128,961
7,1860,390,0,0,6,6,310,896,65,961
7,1860,600,0,0,6,6,310,637,200,837
7,1860,768,0,0,6,6,310,147,256,403
7,1860,775,0,0,31,31,60,56,25,81
7,1860,864,0,0,6,6,310,343,432,775
7,1860,992,0,0,62,62,30,49,32,81
7,1860,1458,0,0,2,2,930,6727,729,7456
7,1860,1550,0,0,62,62,30,56,25,81
7,1862,1862,0,0,49,49,38,49,76,125
7,1866,3,0,0,3,3,622,728,1,729
7,1870,55,0,0,55,55,34,49,2,51
7,1870,55,0,0,55,55,34,63,1,64
7,1870,85,0,0,85,85,22,63,1,64
7,1870,275,0,0,11,11,170,2023,25,2048
7,1872,3,0,0,3,3,624,728,1,729
7,1872,4,0,0,4,4,468,728,1,729
7,1872,4,0,0,4,4,468,4095,1,4096
7,1872,4,0,0,4,4,468,5264,1,5265
7,1872,24,0,0,8,8,234,413,3,416
7,1872,24,0,0,24,24,78,168,1,169
7,1872,24,0,0,24,24,78,224,1,225
7,1872,24,0,0,24,24,78,350,1,351
7,1872,24,0,0,24,24,78,728,1,729
7,1872,39,0,0,39,39,48,63,1,64
7,1872,39,0,0,39,39,48,224,1,225
7,1872,52,0,0,4,4,468,987,13,1000
7,1872,52,0,0,52,52,36,56,1,57
7,1872,52,0,0,52,52,36,63,1,64
7,1872,416,0,0,26,26,72,49,32,81
7,1872,416,0,0,104,104,18,21,4,25
7,1872,472,0,0,8,8,234,448,59,507
7,1872,486,0,0,2,2,936,343,729,1072
7,1872,676,0,0,4,4,468,560,169,729
7,1872,752,0,0,4,4,468,4375,188,4563
7,1872,972,0,0,12,12,156,1183,81,1264
7,1872,1152,0,0,4,4,468,49,576,625
7,1872,1536,0,0,24,24,78,105,64,169
7,1872,1600,0,0,4,4,468,329,400,729
7,1872,1620,0,0,4,4,468,1792,405,2197
7,1872,1872,0,0,9,9,208,35,208,243
7,1872,1872,0,0,104,104,18,7,18,25
7,1872,1872,0,0,117,117,16,49,32,81
7,1876,1072,0,0,67,67,28,49,32,81
7,1880,4,0,0,2,2,940,2205,4,2209
7,1880,94,0,0,94,94,20,175,1,176
7,1888,16,0,0,16,16,118,224,1,225
7,1888,1024,0,0,16,16,118,49,128,177
7,1888,1888,0,0,16,16,118,7,118,125
7,1888,1888,0,0,118,118,16,49,32,81
7,1890,21,0,0,21,21,90,161,1,162
7,1890,21,0,0,21,21,90,224,1,225
7,1890,168,0,0,21,21,90,567,8,575
7,1890,175,0,0,7,7,270,2023,25,2048
7,1890,237,0,0,3,3,630,945,79,1024
7,1890,405,0,0,45,45,42,112,9,121
7,1890,420,0,0,105,105,18,21,4,25
7,1890,432,0,0,27,27,70,49,32,81
7,1890,720,0,0,45,45,42,49,32,81
7,1890,1008,0,0,63,63,30,49,32,81
7,1890,1344,0,0,21,21,90,161,64,225
7,1890,1449,0,0,21,21,90,56,69,125
7,1890,1575,0,0,63,63,30,56,25,81
7,1890,1792,0,0,7,7,270,119,256,375
7,1890,1890,0,0,105,105,18,7,18,25
7,1892,2,0,0,2,2,946,1848,1,1849
7,1892,86,0,0,86,86,22,63,1,64
7,1892,632,0,0,2,2,946,5929,632,6561
7,1892,1458,0,0,2,2,946,602,729,1331
7,1896,10,0,0,2,2,948,2128,5,2133
7,1896,38,0,0,2,2,948,1106,19,1125
7,1896,790,0,0,2,2,948,1792,395,2187
7,1898,13,0,0,13,13,146,511,1,512
7,1900,10,0,0,10,10,190,224,1,225
7,1900,10,0,0,10,10,190,399,1,400
7,1900,25,0,0,25,25,76,168,1,169
7,1900,25,0,0,25,25,76,728,1,729
7,1900,95,0,0,95,95,20,175,1,176
7,1900,150,0,0,25,25,76,343,18,361
7,1900,171,0,0,19,19,100,119,9,128
7,1900,171,0,0,19,19,100,280,9,289
7,1900,304,0,0,19,19,100,119,16,135
7,1900,304,0,0,38,38,50,49,16,65
7,1900,475,0,0,19,19,100,119,25,144
7,1900,640,0,0,10,10,190,665,64,729
7,1900,900,0,0,25,25,76,133,36,169
7,1900,1425,0,0,25,25,76,112,57,169
7,1900,1539,0,0,19,19,100,119,81,200
7,1900,1539,0,0,19,19,100,175,81,256
7,1900,1900,0,0,19,19,100,189,100,289
7,1900,1900,0,0,50,50,38,49,76,125
7,1904,4,0,0,2,2,952,2597,4,2601
7,1904,16,0,0,8,8,238,2023,2,2025
7,1904,56,0,0,56,56,34,49,2,51
7,1904,56,0,0,56,56,34,63,1,64
7,1904,72,0,0,8,8,238,280,9,289
7,1904,800,0,0,8,8,238,189,100,289
7,1904,1088,0,0,68,68,28,49,32,81
7,1904,1904,0,0,119,119,16,49,32,81
7,1908,3,0,0,3,3,636,847,1,848
7,1908,3,0,0,3,3,636,5103,1,5104
7,1908,53,0,0,53,53,36,56,1,57
7,1908,53,0,0,53,53,36,63,1,64
7,1908,297,0,0,3,3,636,742,99,841
7,1908,424,0,0,106,106,18,21,4,25
7,1908,1908,0,0,106,106,18,7,18,25
7,1912,324,0,0,4,4,478,875,81,956
7,1912,1500,0,0,4,4,478,1673,375,2048
7,1914,11,0,0,11,11,174,231,1,232
7,1914,87,0,0,29,29,66,343,9,352
7,1914,87,0,0,87,87,22,63,1,64
7,1914,528,0,0,33,33,58,49,32,81
7,1914,528,0,0,33,33,58,609,16,625
7,1914,825,0,0,33,33,58,56,25,81
7,1914,1914,0,0,33,33,58,567,58,625
7,1920,2,0,0,2,2,960,1183,1,1184
7,1920,2,0,0,2,2,960,1295,1,1296
7,1920,2,0,0,2,2,960,2401,4,2405
7,1920,2,0,0,2,2,960,4095,1,4096
7,1920,6,0,0,2,2,960,10976,9,10985
7,1920,12,0,0,12,12,160,224,1,225
7,1920,16,0,0,2,2,960,3367,8,3375
7,1920,16,0,0,16,16,120,224,1,225
7,1920,32,0,0,8,8,240,1323,8,1331
7,1920,40,0,0,40,40,48,63,1,64
7,1920,40,0,0,40,40,48,224,1,225
7,1920,72,0,0,8,8,240,616,9,625
7,1920,90,0,0,30,30,64,343,9,352
7,1920,96,0,0,96,96,20,175,1,176
7,1920,128,0,0,2,2,960,6125,128,6253
7,1920,128,0,0,8,8,240,875,16,891
7,1920,128,0,0,16,16,120,175,8,183
7,1920,128,0,0,32,32,60,147,8,155
7,1920,200,0,0,8,8,240,231,25,256
7,1920,296,0,0,2,2,960,1225,296,1521
7,1920,338,0,0,2,2,960,2331,169,2500
7,1920,384,0,0,2,2,960,1813,384,2197
7,1920,648,0,0,8,8,240,175,81,256
7,1920,800,0,0,32,32,60,56,25,81
7,1920,968,0,0,8,8,240,504,121,625
7,1920,972,0,0,2,2,960,1225,972,2197
7,1920,1024,0,0,64,64,30,49,32,81
7,1920,1080,0,0,30,30,64,49,72,121
7,1920,1350,0,0,2,2,960,343,2025,2368
7,1920,1458,0,0,2,2,960,455,729,1184
7,1920,1458,0,0,2,2,960,896,729,1625
7,1920,1458,0,0,2,2,960,3367,729,4096
7,1920,1600,0,0,64,64,30,56,25,81
7,1920,1920,0,0,120,120,16,49,32,81
7,1924,13,0,0,13,13,148,224,1,225
7,1924,13,0,0,13,13,148,1295,1,1296
7,1926,428,0,0,107,107,18,21,4,25
7,1926,1926,0,0,107,107,18,7,18,25
7,1932,414,0,0,46,46,42,112,9,121
7,1932,736,0,0,46,46,42,49,32,81
7,1932,1104,0,0,69,69,28,49,32,81
7,1936,88,0,0,88,88,22,63,1,64
7,1936,242,0,0,22,22,88,189,11,200
7,1936,550,0,0,22,22,88,49,50,99
7,1936,550,0,0,22,22,88,231,25,256
7,1936,1056,0,0,22,22,88,77,48,125
7,1936,1782,0,0,22,22,88,175,81,256
7,1936,1936,0,0,22,22,88,49,176,225
7,1936,1936,0,0,121,121,16,49,32,81
7,1938,57,0,0,57,57,34,49,2,51
7,1938,57,0,0,57,57,34,63,1,64
7,1938,608,0,0,19,19,102,189,32,221
7,1938,646,0,0,19,19,102,49,68,117
7,1938,1938,0,0,51,51,38,49,76,125
7,1940,12,0,0,2,2,970,2401,24,2425
7,1940,97,0,0,97,97,20,175,1,176
7,1944,12,0,0,12,12,162,287,1,288
7,1944,54,0,0,18,18,108,343,9,352
7,1944,54,0,0,54,54,36,56,1,57
7,1944,54,0,0,54,54,36,63,1,64
7,1944,96,0,0,3,3,648,1183,32,1215
7,1944,432,0,0,27,27,72,49,32,81
7,1944,432,0,0,108,108,18,21,4,25
7,1944,1215,0,0,3,3,648,1792,405,2197
7,1944,1944,0,0,108,108,18,7,18,25
7,1950,25,0,0,25,25,78,168,1,169
7,1950,25,0,0,25,25,78,224,1,225
7,1950,25,0,0,25,25,78,350,1,351
7,1950,25,0,0,25,25,78,728,1,729
7,1950,60,0,0,15,15,130,1323,8,1331
7,1950,60,0,0,15,15,130,1617,8,1625
7,1950,165,0,0,15,15,130,147,22,169
7,1950,165,0,0,15,15,130,189,11,200
7,1950,165,0,0,15,15,130,364,11,375
7,1950,195,0,0,15,15,130,350,13,363
7,1950,247,0,0,13,13,150,224,19,243
7,1950,247,0,0,13,13,150,343,57,400
7,1950,312,0,0,39,39,50,49,16,65
7,1950,375,0,0,15,15,130,231,25,256
7,1950,405,0,0,15,15,130,1183,27,1210
7,1950,480,0,0,15,15,130,1183,32,1215
7,1950,900,0,0,15,15,130,49,120,169
7,1950,1040,0,0,65,65,30,49,32,81
7,1950,1215,0,0,15,15,130,175,81,256
7,1950,1320,0,0,15,15,130,49,176,225
7,1950,1600,0,0,25,25,78,105,64,169
7,1950,1625,0,0,65,65,30,56,25,81
7,1950,1875,0,0,15,15,130,91,125,216
7,1950,1875,0,0,15,15,130,847,125,972
7,1950,1875,0,0,15,15,130,1323,250,1573
7,1952,8,0,0,8,8,244,287,1,288
7,1952,1952,0,0,122,122,16,49,32,81
7,1958,89,0,0,89,89,22,63,1,64
7,1958,1958,0,0,11,11,178,49,356,405
7,1960,14,0,0,7,7,280,2205,4,2209
7,1960,98,0,0,98,98,20,175,1,176
7,1960,448,0,0,28,28,70,49,32,81
7,1960,1120,0,0,70,70,28,49,32,81
7,1960,1792,0,0,14,14,140,497,128,625
7,1962,436,0,0,109,109,18,21,4,25
7,1962,1962,0,0,109,109,18,7,18,25
7,1968,6,0,0,6,6,328,1372,3,1375
7,1968,6,0,0,6,6,328,1680,1,1681
7,1968,6,0,0,6,6,328,3024,1,3025
7,1968,8,0,0,8,8,246,287,1,288
7,1968,41,0,0,41,41,48,63,1,64
7,1968,41,0,0,41,41,48,224,1,225
7,1968,48,0,0,6,6,328,2009,16,2025
7,1968,82,0,0,2,2,984,4872,41,4913
7,1968,162,0,0,6,6,328,875,27,902
7,1968,216,0,0,6,6,328,343,108,451
7,1968,384,0,0,6,6,328,1225,128,1353
7,1968,594,0,0,6,6,328,343,297,640
7,1968,750,0,0,6,6,328,847,125,972
7,1968,960,0,0,6,6,328,49,320,369
7,1968,1350,0,0,6,6,328,287,225,512
7,1968,1444,0,0,4,4,492,287,361,648
7,1968,1632,0,0,2,2,984,49,1632,1681
7,1968,1728,0,0,6,6,328,49,576,625
7,1968,1968,0,0,6,6,328,35,328,363
7,1968,1968,0,0,6,6,328,77,328,405
7,1968,1968,0,0,123,123,16,49,32,81
7,1970,20,0,0,5,5,394,1323,8,1331
7,1972,58,0,0,58,58,34,49,2,51
7,1972,58,0,0,58,58,34,63,1,64
7,1972,544,0,0,34,34,58,49,32,81
7,1972,544,0,0,34,34,58,609,16,625
7,1972,850,0,0,34,34,58,56,25,81
7,1972,1972,0,0,34,34,58,567,58,625
7,1974,6,0,0,3,3,658,2205,4,2209
7,1974,48,0,0,3,3,658,875,16,891
7,1974,423,0,0,47,47,42,112,9,121
7,1974,752,0,0,47,47,42,49,32,81
7,1976,2,0,0,2,2,988,1330,1,1331
7,1976,2,0,0,2,2,988,1372,3,1375
7,1976,2,0,0,2,2,988,2079,1,2080
7,1976,2,0,0,2,2,988,3024,1,3025
7,1976,2,0,0,2,2,988,3969,2,3971
7,1976,2,0,0,2,2,988,4095,1,4096
7,1976,2,0,0,2,2,988,5775,1,5776
7,1976,2,0,0,2,2,988,10647,1,10648
7,1976,2,0,0,2,2,988,12635,1,12636
7,1976,6,0,0,2,2,988,1232,3,1235
7,1976,6,0,0,2,2,988,3325,3,3328
7,1976,6,0,0,2,2,988,10976,9,10985
7,1976,16,0,0,2,2,988,2527,8,2535
7,1976,16,0,0,2,2,988,9625,8,9633
7,1976,26,0,0,26,26,76,168,1,169
7,1976,26,0,0,26,26,76,728,1,729
7,1976,48,0,0,2,2,988,2275,24,2299
7,1976,156,0,0,26,26,76,343,18,361
7,1976,324,0,0,2,2,988,1463,162,1625
7,1976,338,0,0,2,2,988,3080,169,3249
7,1976,384,0,0,2,2,988,1183,192,1375
7,1976,450,0,0,2,2,988,1183,225,1408
7,1976,468,0,0,2,2,988,343,702,1045
7,1976,912,0,0,2,2,988,875,456,1331
7,1976,912,0,0,2,2,988,2401,1824,4225
7,1976,936,0,0,26,26,76,133,36,169
7,1976,972,0,0,2,2,988,1225,972,2197
7,1976,1000,0,0,2,2,988,539,1000,1539
7,1976,1014,0,0,2,2,988,1792,507,2299
7,1976,1014,0,0,2,2,988,1925,507,2432
7,1976,1024,0,0,2,2,988,819,512,1331
7,1976,1210,0,0,2,2,988,448,605,1053
7,1976,1458,0,0,2,2,988,896,729,1625
7,1976,1482,0,0,26,26,76,112,57,169
7,1976,1728,0,0,2,2,988,11011,864,11875
7,1976,1976,0,0,2,2,988,49,1976,2025
7,1976,1976,0,0,52,52,38,49,76,125
7,1980,6,0,0,6,6,330,1372,3,1375
7,1980,6,0,0,6,6,330,2240,1,2241
7,1980,6,0,0,6,6,330,3024,1,3025
7,1980,10,0,0,2,2,990,10633,15,10648
7,1980,12,0,0,3,3,660,1323,8,1331
7,1980,15,0,0,15,15,132,1407,1,1408
7,1980,18,0,0,6,6,330,343,9,352
7,1980,20,0,0,5,5,396,1323,8,1331
7,1980,22,0,0,22,22,90,161,1,162
7,1980,22,0,0,22,22,90,224,1,225
7,1980,27,0,0,9,9,220,343,9,352
7,1980,40,0,0,10,10,198,1323,8,1331
7,1980,45,0,0,9,9,220,259,5,264
7,1980,48,0,0,3,3,660,875,16,891
7,1980,55,0,0,55,55,36,56,1,57
7,1980,55,0,0,55,55,36,63,1,64
7,1980,62,0,0,2,2,990,1344,31,1375
7,1980,90,0,0,10,10,198,616,9,625
7,1980,90,0,0,30,30,66,343,9,352
7,1980,90,0,0,90,90,22,63,1,64
7,1980,99,0,0,99,99,20,175,1,176
7,1980,132,0,0,33,33,60,147,8,155
7,1980,144,0,0,6,6,330,343,72,415
7,1980,144,0,0,6,6,330,581,24,605
7,1980,160,0,0,10,10,198,875,16,891
7,1980,176,0,0,22,22,90,567,8,575
7,1980,250,0,0,10,10,198,231,25,256
7,1980,440,0,0,110,110,18,21,4,25
7,1980,594,0,0,6,6,330,343,297,640
7,1980,726,0,0,3,3,660,245,484,729
7,1980,810,0,0,10,10,198,175,81,256
7,1980,825,0,0,3,3,660,2317,275,2592
7,1980,825,0,0,33,33,60,56,25,81
7,1980,880,0,0,10,10,198,49,176,225
7,1980,993,0,0,3,3,660,560,331,891
7,1980,993,0,0,3,3,660,693,331,1024
7,1980,993,0,0,3,3,660,1694,331,2025
7,1980,1056,0,0,66,66,30,49,32,81
7,1980,1210,0,0,10,10,198,504,121,625
7,1980,1408,0,0,22,22,90,161,64,225
7,1980,1518,0,0,22,22,90,56,69,125
7,1980,1650,0,0,66,66,30,56,25,81
7,1980,1665,0,0,9,9,220,112,185,297
7,1980,1728,0,0,6,6,330,49,576,625
7,1980,1980,0,0,110,110,18,7,18,25
7,1984,93,0,0,31,31,64,343,9,352
7,1984,1116,0,0,31,31,64,49,72,121
7,1984,1984,0,0,124,124,16,49,32,81
7,1988,1136,0,0,71,71,28,49,32,81
7,1992,4,0,0,4,4,498,2240,1,2241
7,1992,444,0,0,3,3,664,581,148,729
7,1992,1152,0,0,4,4,498,49,576,625
7,1998,444,0,0,111,111,18,21,4,25
7,1998,1998,0,0,111,111,18,7,18,25
7,2000,100,0,0,100,100,20,175,1,176
7,2000,180,0,0,20,20,100,119,9,128
7,2000,180,0,0,20,20,100,280,9,289
7,2000,320,0,0,20,20,100,119,16,135
7,2000,320,0,0,40,40,50,49,16,65
7,2000,500,0,0,20,20,100,119,25,144
7,2000,1440,0,0,5,5,400,49,576,625
7,2000,1620,0,0,20,20,100,119,81,200
7,2000,1620,0,0,20,20,100,175,81,256
7,2000,2000,0,0,20,20,100,189,100,289
7,2000,2000,0,0,125,125,16,49,32,81
7,2002,7,0,0,7,7,286,728,1,729
7,2002,91,0,0,91,91,22,63,1,64
7,2006,17,0,0,17,17,118,224,1,225
7,2006,59,0,0,59,59,34,49,2,51
7,2006,59,0,0,59,59,34,63,1,64
7,2006,1088,0,0,17,17,118,49,128,177
7,2006,2006,0,0,17,17,118,7,118,125
7,2010,729,0,0,3,3,670,343,729,1072
7,2010,1072,0,0,67,67,30,49,32,81
7,2010,1215,0,0,5,5,402,343,729,1072
7,2010,1675,0,0,67,67,30,56,25,81
7,2014,2014,0,0,53,53,38,49,76,125
7,2016,7,0,0,7,7,288,840,1,841
7,2016,24,0,0,12,12,168,2023,2,2025
7,2016,42,0,0,42,42,48,63,1,64
7,2016,42,0,0,42,42,48,224,1,225
7,2016,56,0,0,56,56,36,56,1,57
7,2016,56,0,0,56,56,36,63,1,64
7,2016,108,0,0,12,12,168,280,9,289
7,2016,176,0,0,4,4,504,441,88,529
7,2016,203,0,0,7,7,288,700,29,729
7,2016,432,0,0,48,48,42,112,9,121
7,2016,448,0,0,28,28,72,49,32,81
7,2016,448,0,0,112,112,18,21,4,25
7,2016,768,0,0,48,48,42,49,32,81
7,2016,1152,0,0,72,72,28,49,32,81
7,2016,1200,0,0,12,12,168,189,100,289
7,2016,2016,0,0,7,7,288,49,576,625
7,2016,2016,0,0,112,112,18,7,18,25
7,2016,2016,0,0,126,126,16,49,32,81
7,2020,101,0,0,101,101,20,175,1,176
7,2024,92,0,0,92,92,22,63,1,64
7,2024,99,0,0,11,11,184,686,27,713
7,2024,253,0,0,23,23,88,189,11,200
7,2024,575,0,0,23,23,88,49,50,99
7,2024,575,0,0,23,23,88,231,25,256
7,2024,891,0,0,11,11,184,448,81,529
7,2024,1104,0,0,23,23,88,77,48,125
7,2024,1863,0,0,23,23,88,175,81,256
7,2024,2024,0,0,23,23,88,49,176,225
7,2028,26,0,0,26,26,78,168,1,169
7,2028,26,0,0,26,26,78,224,1,225
7,2028,26,0,0,26,26,78,350,1,351
7,2028,26,0,0,26,26,78,728,1,729
7,2028,150,0,0,6,6,338,2023,25,2048
7,2028,1053,0,0,13,13,156,1183,81,1264
7,2028,1664,0,0,26,26,78,105,64,169
7,2030,464,0,0,29,29,70,49,32,81
7,2030,560,0,0,35,35,58,49,32,81
7,2030,560,0,0,35,35,58,609,16,625
7,2030,875,0,0,35,35,58,56,25,81
7,2030,2030,0,0,35,35,58,567,58,625
7,2032,100,0,0,4,4,508,2023,25,2048
7,2032,1360,0,0,4,4,508,49,680,729
7,2032,2032,0,0,127,127,16,49,32,81
7,2034,81,0,0,3,3,678,2744,81,2825
7,2034,150,0,0,3,3,678,2401,200,2601
7,2034,452,0,0,113,113,18,21,4,25
7,2034,1536,0,0,3,3,678,5537,1024,6561
7,2034,2034,0,0,113,113,18,7,18,25
7,2040,10,0,0,5,5,408,2023,2,2025
7,2040,17,0,0,17,17,120,224,1,225
7,2040,24,0,0,6,6,340,357,4,361
7,2040,36,0,0,6,6,340,343,18,361
7,2040,60,0,0,60,60,34,49,2,51
7,2040,60,0,0,60,60,34,63,1,64
7,2040,80,0,0,10,10,204,721,8,729
7,2040,102,0,0,102,102,20,175,1,176
7,2040,125,0,0,5,5,408,672,25,697
7,2040,125,0,0,5,5,408,2023,25,2048
7,2040,136,0,0,17,17,120,175,8,183
7,2040,136,0,0,34,34,60,147,8,155
7,2040,150,0,0,6,6,340,336,25,361
7,2040,150,0,0,6,6,340,2023,25,2048
7,2040,162,0,0,6,6,340,448,27,475
7,2040,192,0,0,3,3,680,833,128,961
7,2040,200,0,0,4,4,510,2401,200,2601
7,2040,255,0,0,5,5,408,574,51,625
7,2040,300,0,0,12,12,170,2023,25,2048
7,2040,456,0,0,6,6,340,1225,152,1377
7,2040,486,0,0,6,6,340,280,81,361
7,2040,486,0,0,6,6,340,1372,243,1615
7,2040,640,0,0,5,5,408,441,256,697
7,2040,640,0,0,20,20,102,189,32,221
7,2040,680,0,0,20,20,102,49,68,117
7,2040,750,0,0,6,6,340,833,250,1083
7,2040,850,0,0,34,34,60,56,25,81
7,2040,1025,0,0,5,5,408,49,410,459
7,2040,1088,0,0,68,68,30,49,32,81
7,2040,1152,0,0,4,4,510,49,576,625
7,2040,1445,0,0,5,5,408,287,289,576
7,2040,1445,0,0,5,5,408,336,289,625
7,2040,1536,0,0,6,6,340,105,256,361
7,2040,1536,0,0,6,6,340,119,256,375
7,2040,1620,0,0,5,5,408,49,648,697
7,2040,1632,0,0,6,6,340,133,272,405
7,2040,1700,0,0,5,5,408,49,680,729
7,2040,1700,0,0,68,68,30,56,25,81
7,2040,2040,0,0,6,6,340,21,340,361
7,2040,2040,0,0,6,6,340,49,680,729
7,2044,14,0,0,14,14,146,511,1,512
7,2044,1168,0,0,73,73,28,49,32,81
7,2046,93,0,0,3,3,682,2268,31,2299
7,2046,93,0,0,31,31,66,343,9,352
7,2046,93,0,0,93,93,22,63,1,64
7,2048,96,0,0,32,32,64,343,9,352
7,2048,1152,0,0,32,32,64,49,72,121
7,2048,2048,0,0,128,128,16,49,32,81
7,2050,328,0,0,41,41,50,49,16,65
7,2052,27,0,0,27,27,76,168,1,169
7,2052,27,0,0,27,27,76,728,1,729
7,2052,36,0,0,6,6,342,343,18,361
7,2052,36,0,0,9,9,228,525,4,529
7,2052,54,0,0,9,9,228,343,18,361
7,2052,57,0,0,19,19,108,343,9,352
7,2052,57,0,0,57,57,36,56,1,57
7,2052,57,0,0,57,57,36,63,1,64
7,2052,162,0,0,27,27,76,343,18,361
7,2052,225,0,0,9,9,228,336,25,361
7,2052,225,0,0,9,9,228,504,25,529
7,2052,243,0,0,9,9,228,448,27,475
7,2052,342,0,0,6,6,342,1792,57,1849
7,2052,414,0,0,9,9,228,315,46,361
7,2052,456,0,0,114,114,18,21,4,25
7,2052,729,0,0,9,9,228,175,81,256
7,2052,729,0,0,9,9,228,280,81,361
7,2052,729,0,0,9,9,228,448,81,529
7,2052,855,0,0,9,9,228,161,95,256
7,2052,972,0,0,27,27,76,133,36,169
7,2052,1125,0,0,9,9,228,483,125,608
7,2052,1539,0,0,27,27,76,112,57,169
7,2052,1800,0,0,9,9,228,161,200,361
7,2052,2052,0,0,54,54,38,49,76,125
7,2052,2052,0,0,114,114,18,7,18,25
7,2058,441,0,0,49,49,42,112,9,121
7,2058,784,0,0,49,49,42,49,32,81
7,2060,40,0,0,5,5,412,721,8,729
7,2060,103,0,0,103,103,20,175,1,176
7,2064,8,0,0,8,8,258,350,1,351
7,2064,8,0,0,8,8,258,728,1,729
7,2064,43,0,0,43,43,48,63,1,64
7,2064,43,0,0,43,43,48,224,1,225
7,2064,344,0,0,8,8,258,2457,43,2500
7,2064,400,0,0,8,8,258,301,50,351
7,2064,832,0,0,8,8,258,301,104,405
7,2064,1352,0,0,8,8,258,175,169,344
7,2064,1352,0,0,8,8,258,49,338,387
7,2064,1352,0,0,8,8,258,560,169,729
7,2064,1352,0,0,8,8,258,1680,169,1849
7,2064,2064,0,0,129,129,16,49,32,81
7,2068,94,0,0,94,94,22,63,1,64
7,2070,5,0,0,5,5,414,728,1,729
7,2070,5,0,0,5,5,414,896,1,897
7,2070,12,0,0,3,3,690,1211,4,1215
7,2070,23,0,0,23,23,90,161,1,162
7,2070,23,0,0,23,23,90,224,1,225
7,2070,184,0,0,23,23,90,567,8,575
7,2070,207,0,0,3,3,690,1211,69,1280
7,2070,460,0,0,115,115,18,21,4,25
7,2070,845,0,0,5,5,414,567,169,736
7,2070,1104,0,0,69,69,30,49,32,81
7,2070,1472,0,0,23,23,90,161,64,225
7,2070,1587,0,0,3,3,690,336,529,865
7,2070,1587,0,0,23,23,90,56,69,125
7,2070,1725,0,0,69,69,30,56,25,81
7,2070,1755,0,0,5,5,414,161,351,512
7,2070,2070,0,0,115,115,18,7,18,25
7,2072,14,0,0,14,14,148,224,1,225
7,2072,14,0,0,14,14,148,1295,1,1296
7,2072,1184,0,0,74,74,28,49,32,81
7,2074,61,0,0,61,61,34,49,2,51
7,2074,61,0,0,61,61,34,63,1,64
7,2080,13,0,0,13,13,160,224,1,225
7,2080,36,0,0,4,4,520,1015,9,1024
7,2080,64,0,0,4,4,520,609,16,625
7,2080,64,0,0,16,16,130,1323,8,1331
7,2080,64,0,0,16,16,130,1617,8,1625
7,2080,104,0,0,104,104,20,175,1,176
7,2080,128,0,0,4,4,520,1183,32,1215
7,2080,176,0,0,16,16,130,147,22,169
7,2080,176,0,0,16,16,130,189,11,200
7,2080,176,0,0,16,16,130,364,11,375
7,2080,208,0,0,16,16,130,350,13,363
7,2080,232,0,0,4,4,520,567,58,625
7,2080,260,0,0,4,4,520,6496,65,6561
7,2080,400,0,0,16,16,130,231,25,256
7,2080,432,0,0,16,16,130,1183,27,1210
7,2080,512,0,0,4,4,520,3969,256,4225
7,2080,512,0,0,16,16,130,1183,32,1215
7,2080,800,0,0,4,4,520,441,400,841
7,2080,960,0,0,16,16,130,49,120,169
7,2080,1024,0,0,4,4,520,875,256,1131
7,2080,1044,0,0,4,4,520,364,261,625
7,2080,1296,0,0,16,16,130,175,81,256
7,2080,1352,0,0,4,4,520,49,676,725
7,2080,1408,0,0,16,16,130,49,176,225
7,2080,2000,0,0,16,16,130,91,125,216
7,2080,2000,0,0,16,16,130,847,125,972
7,2080,2000,0,0,16,16,130,1323,250,1573
7,2080,2080,0,0,10,10,208,35,208,243
7,2080,2080,0,0,130,130,16,49,32,81
7,2088,9,0,0,9,9,232,728,1,729
7,2088,12,0,0,12,12,174,231,1,232
7,2088,58,0,0,58,58,36,56,1,57
7,2088,58,0,0,58,58,36,63,1,64
7,2088,464,0,0,29,29,72,49,32,81
7,2088,464,0,0,116,116,18,21,4,25
7,2088,576,0,0,36,36,58,49,32,81
7,2088,576,0,0,36,36,58,609,16,625
7,2088,900,0,0,36,36,58,56,25,81
7,2088,1521,0,0,9,9,232,672,169,841
7,2088,2088,0,0,36,36,58,567,58,625
7,2088,2088,0,0,116,116,18,7,18,25
7,2090,11,0,0,11,11,190,224,1,225
7,2090,11,0,0,11,11,190,399,1,400
7,2090,95,0,0,5,5,418,1925,19,1944
7,2090,95,0,0,5,5,418,2541,19,2560
7,2090,95,0,0,95,95,22,63,1,64
7,2090,165,0,0,5,5,418,2527,33,2560
7,2090,704,0,0,11,11,190,665,64,729
7,2090,2090,0,0,55,55,38,49,76,125
7,2096,24,0,0,8,8,262,343,9,352
7,2096,2096,0,0,131,131,16,49,32,81
7,2100,105,0,0,105,105,20,175,1,176
7,2100,140,0,0,35,35,60,147,8,155
7,2100,189,0,0,21,21,100,119,9,128
7,2100,189,0,0,21,21,100,280,9,289
7,2100,266,0,0,14,14,150,224,19,243
7,2100,266,0,0,14,14,150,343,57,400
7,2100,336,0,0,21,21,100,119,16,135
7,2100,336,0,0,42,42,50,49,16,65
7,2100,384,0,0,3,3,700,3969,256,4225
7,2100,450,0,0,50,50,42,112,9,121
7,2100,480,0,0,30,30,70,49,32,81
7,2100,525,0,0,21,21,100,119,25,144
7,2100,800,0,0,50,50,42,49,32,81
7,2100,875,0,0,35,35,60,56,25,81
7,2100,1120,0,0,70,70,30,49,32,81
7,2100,1200,0,0,75,75,28,49,32,81
7,2100,1701,0,0,21,21,100,119,81,200
7,2100,1701,0,0,21,21,100,175,81,256
7,2100,1750,0,0,70,70,30,56,25,81
7,2100,1875,0,0,3,3,700,896,625,1521
7,2100,1920,0,0,15,15,140,497,128,625
7,2100,2016,0,0,7,7,300,49,576,625
7,2100,2100,0,0,21,21,100,189,100,289
7,2106,12,0,0,3,3,702,1323,8,1331
7,2106,13,0,0,13,13,162,287,1,288
7,2106,27,0,0,9,9,234,413,3,416
7,2106,27,0,0,27,27,78,168,1,169
7,2106,27,0,0,27,27,78,224,1,225
7,2106,27,0,0,27,27,78,350,1,351
7,2106,27,0,0,27,27,78,728,1,729
7,2106,468,0,0,117,117,18,21,4,25
7,2106,531,0,0,9,9,234,448,59,507
7,2106,1728,0,0,27,27,78,105,64,169
7,2106,2106,0,0,117,117,18,7,18,25
7,2108,62,0,0,62,62,34,49,2,51
7,2108,62,0,0,62,62,34,63,1,64
7,2112,16,0,0,16,16,132,1407,1,1408
7,2112,24,0,0,6,6,352,1323,8,1331
7,2112,44,0,0,44,44,48,63,1,64
7,2112,44,0,0,44,44,48,224,1,225
7,2112,96,0,0,32,32,66,343,9,352
7,2112,96,0,0,96,96,22,63,1,64
7,2112,99,0,0,33,33,64,343,9,352
7,2112,264,0,0,24,24,88,189,11,200
7,2112,320,0,0,4,4,528,343,240,583
7,2112,600,0,0,24,24,88,49,50,99
7,2112,600,0,0,24,24,88,231,25,256
7,2112,1056,0,0,4,4,528,2597,528,3125
7,2112,1062,0,0,6,6,352,847,177,1024
7,2112,1152,0,0,24,24,88,77,48,125
7,2112,1188,0,0,33,33,64,49,72,121
7,2112,1944,0,0,24,24,88,175,81,256
7,2112,2112,0,0,24,24,88,49,176,225
7,2112,2112,0,0,132,132,16,49,32,81
7,2120,106,0,0,106,106,20,175,1,176
7,2124,3,0,0,3,3,708,3479,2,3481
7,2124,3,0,0,3,3,708,5040,1,5041
7,2124,18,0,0,18,18,118,224,1,225
7,2124,59,0,0,59,59,36,56,1,57
7,2124,59,0,0,59,59,36,63,1,64
7,2124,213,0,0,3,3,708,3304,71,3375
7,2124,472,0,0,118,118,18,21,4,25
7,2124,1152,0,0,18,18,118,49,128,177
7,2124,2124,0,0,18,18,118,7,118,125
7,2124,2124,0,0,118,118,18,7,18,25
7,2128,28,0,0,28,28,76,168,1,169
7,2128,28,0,0,28,28,76,728,1,729
7,2128,168,0,0,28,28,76,343,18,361
7,2128,512,0,0,4,4,532,4361,256,4617
7,2128,1008,0,0,28,28,76,133,36,169
7,2128,1216,0,0,76,76,28,49,32,81
7,2128,1596,0,0,28,28,76,112,57,169
7,2128,2128,0,0,56,56,38,49,76,125
7,2128,2128,0,0,133,133,16,49,32,81
7,2130,5,0,0,5,5,426,567,1,568
7,2130,1136,0,0,71,71,30,49,32,81
7,2130,1775,0,0,71,71,30,56,25,81
7,2134,97,0,0,97,97,22,63,1,64
7,2136,2136,0,0,12,12,178,49,356,405
7,2140,107,0,0,107,107,20,175,1,176
7,2142,18,0,0,9,9,238,2023,2,2025
7,2142,63,0,0,63,63,34,49,2,51
7,2142,63,0,0,63,63,34,63,1,64
7,2142,81,0,0,9,9,238,280,9,289
7,2142,459,0,0,51,51,42,112,9,121
7,2142,476,0,0,7,7,306,2401,272,2673
7,2142,476,0,0,119,119,18,21,4,25
7,2142,672,0,0,21,21,102,189,32,221
7,2142,714,0,0,21,21,102,49,68,117
7,2142,816,0,0,51,51,42,49,32,81
7,2142,900,0,0,9,9,238,189,100,289
7,2142,2142,0,0,119,119,18,7,18,25
7,2144,2144,0,0,134,134,16,49,32,81
7,2146,592,0,0,37,37,58,49,32,81
7,2146,592,0,0,37,37,58,609,16,625
7,2146,925,0,0,37,37,58,56,25,81
7,2146,2146,0,0,37,37,58,567,58,625
7,2148,1728,0,0,6,6,358,49,576,625
7,2150,200,0,0,5,5,430,2107,80,2187
7,2150,344,0,0,43,43,50,49,16,65
7,2152,4,0,0,4,4,538,1344,1,1345
7,2152,1152,0,0,4,4,538,49,576,625
7,2152,2152,0,0,4,4,538,49,1076,1125
7,2156,98,0,0,98,98,22,63,1,64
7,2156,1232,0,0,77,77,28,49,32,81
7,2160,18,0,0,18,18,120,224,1,225
7,2160,24,0,0,24,24,90,161,1,162
7,2160,24,0,0,24,24,90,224,1,225
7,2160,36,0,0,9,9,240,1323,8,1331
7,2160,45,0,0,45,45,48,63,1,64
7,2160,45,0,0,45,45,48,224,1,225
7,2160,60,0,0,20,20,108,343,9,352
7,2160,60,0,0,60,60,36,56,1,57
7,2160,60,0,0,60,60,36,63,1,64
7,2160,81,0,0,9,9,240,616,9,625
7,2160,108,0,0,108,108,20,175,1,176
7,2160,144,0,0,9,9,240,875,16,891
7,2160,144,0,0,18,18,120,175,8,183
7,2160,144,0,0,36,36,60,147,8,155
7,2160,192,0,0,3,3,720,665,64,729
7,2160,192,0,0,24,24,90,567,8,575
7,2160,200,0,0,8,8,270,2023,25,2048
7,2160,225,0,0,9,9,240,231,25,256
7,2160,480,0,0,30,30,72,49,32,81
7,2160,480,0,0,120,120,18,21,4,25
7,2160,729,0,0,9,9,240,175,81,256
7,2160,900,0,0,36,36,60,56,25,81
7,2160,1089,0,0,9,9,240,504,121,625
7,2160,1152,0,0,4,4,540,49,576,625
7,2160,1152,0,0,72,72,30,49,32,81
7,2160,1536,0,0,24,24,90,161,64,225
7,2160,1656,0,0,24,24,90,56,69,125
7,2160,1800,0,0,72,72,30,56,25,81
7,2160,2048,0,0,8,8,270,119,256,375
7,2160,2160,0,0,120,120,18,7,18,25
7,2160,2160,0,0,135,135,16,49,32,81
7,2166,2166,0,0,57,57,38,49,76,125
7,2170,112,0,0,7,7,310,945,16,961
7,2170,175,0,0,7,7,310,378,25,403
7,2170,175,0,0,7,7,310,651,25,676
7,2170,224,0,0,7,7,310,1183,32,1215
7,2170,455,0,0,7,7,310,896,65,961
7,2170,496,0,0,31,31,70,49,32,81
7,2170,700,0,0,7,7,310,637,200,837
7,2170,896,0,0,7,7,310,147,256,403
7,2170,1008,0,0,7,7,310,343,432,775
7,2176,64,0,0,64,64,34,49,2,51
7,2176,64,0,0,64,64,34,63,1,64
7,2176,102,0,0,34,34,64,343,9,352
7,2176,1224,0,0,34,34,64,49,72,121
7,2176,2176,0,0,136,136,16,49,32,81
7,2178,44,0,0,11,11,198,1323,8,1331
7,2178,99,0,0,11,11,198,616,9,625
7,2178,99,0,0,33,33,66,343,9,352
7,2178,99,0,0,99,99,22,63,1,64
7,2178,176,0,0,11,11,198,875,16,891
7,2178,275,0,0,11,11,198,231,25,256
7,2178,484,0,0,121,121,18,21,4,25
7,2178,891,0,0,11,11,198,175,81,256
7,2178,968,0,0,11,11,198,49,176,225
7,2178,1331,0,0,11,11,198,504,121,625
7,2178,2178,0,0,121,121,18,7,18,25
7,2180,109,0,0,109,109,20,175,1,176
7,2184,26,0,0,13,13,168,2023,2,2025
7,2184,28,0,0,28,28,78,168,1,169
7,2184,28,0,0,28,28,78,224,1,225
7,2184,28,0,0,28,28,78,350,1,351
7,2184,28,0,0,28,28,78,728,1,729
7,2184,117,0,0,13,13,168,280,9,289
7,2184,468,0,0,52,52,42,112,9,121
7,2184,832,0,0,52,52,42,49,32,81
7,2184,1134,0,0,14,14,156,1183,81,1264
7,2184,1248,0,0,78,78,28,49,32,81
7,2184,1300,0,0,13,13,168,189,100,289
7,2184,1792,0,0,28,28,78,105,64,169
7,2190,15,0,0,15,15,146,511,1,512
7,2190,20,0,0,5,5,438,1323,8,1331
7,2190,20,0,0,5,5,438,5621,4,5625
7,2190,216,0,0,3,3,730,3577,144,3721
7,2190,625,0,0,5,5,438,847,125,972
7,2190,657,0,0,3,3,730,343,657,1000
7,2190,1168,0,0,73,73,30,49,32,81
7,2190,1210,0,0,5,5,438,245,484,729
7,2190,1825,0,0,73,73,30,56,25,81
7,2190,1875,0,0,3,3,730,1022,625,1647
7,2192,1024,0,0,4,4,548,2401,1024,3425
7,2192,2192,0,0,4,4,548,77,548,625
7,2192,2192,0,0,137,137,16,49,32,81
7,2196,9,0,0,9,9,244,287,1,288
7,2196,61,0,0,61,61,36,56,1,57
7,2196,61,0,0,61,61,36,63,1,64
7,2196,108,0,0,6,6,366,3703,18,3721
7,2196,486,0,0,6,6,366,448,81,529
7,2196,488,0,0,122,122,18,21,4,25
7,2196,2196,0,0,122,122,18,7,18,25
7,2200,16,0,0,4,4,550,1323,8,1331
7,2200,30,0,0,10,10,220,343,9,352
7,2200,50,0,0,10,10,220,259,5,264
7,2200,72,0,0,4,4,550,539,36,575
7,2200,100,0,0,100,100,22,63,1,64
7,2200,110,0,0,110,110,20,175,1,176
7,2200,198,0,0,22,22,100,119,9,128
7,2200,198,0,0,22,22,100,280,9,289
7,2200,275,0,0,25,25,88,189,11,200
7,2200,352,0,0,22,22,100,119,16,135
7,2200,352,0,0,44,44,50,49,16,65
7,2200,500,0,0,4,4,550,847,125,972
7,2200,550,0,0,22,22,100,119,25,144
7,2200,625,0,0,25,25,88,49,50,99
7,2200,625,0,0,25,25,88,231,25,256
7,2200,968,0,0,4,4,550,245,484,729
7,2200,1200,0,0,25,25,88,77,48,125
7,2200,1360,0,0,5,5,440,1925,272,2197
7,2200,1472,0,0,4,4,550,847,368,1215
7,2200,1782,0,0,22,22,100,119,81,200
7,2200,1782,0,0,22,22,100,175,81,256
7,2200,1850,0,0,10,10,220,112,185,297
7,2200,2025,0,0,25,25,88,175,81,256
7,2200,2116,0,0,4,4,550,175,529,704
7,2200,2116,0,0,4,4,550,560,529,1089
7,2200,2116,0,0,4,4,550,5103,529,5632
7,2200,2200,0,0,22,22,100,189,100,289
7,2200,2200,0,0,25,25,88,49,176,225
7,2204,29,0,0,29,29,76,168,1,169
7,2204,29,0,0,29,29,76,728,1,729
7,2204,174,0,0,29,29,76,343,18,361
7,2204,608,0,0,38,38,58,49,32,81
7,2204,608,0,0,38,38,58,609,16,625
7,2204,950,0,0,38,38,58,56,25,81
7,2204,1044,0,0,29,29,76,133,36,169
7,2204,1653,0,0,29,29,76,112,57,169
7,2204,2204,0,0,38,38,58,567,58,625
7,2204,2204,0,0,58,58,38,49,76,125
7,2208,46,0,0,46,46,48,63,1,64
7,2208,46,0,0,46,46,48,224,1,225
7,2208,108,0,0,12,12,184,686,27,713
7,2208,972,0,0,12,12,184,448,81,529
7,2208,2208,0,0,138,138,16,49,32,81
7,2210,5,0,0,5,5,442,728,1,729
7,2210,5,0,0,5,5,442,1183,1,1184
7,2210,65,0,0,65,65,34,49,2,51
7,2210,65,0,0,65,65,34,63,1,64
7,2210,68,0,0,17,17,130,1323,8,1331
7,2210,68,0,0,17,17,130,1617,8,1625
7,2210,85,0,0,5,5,442,1036,17,1053
7,2210,187,0,0,17,17,130,147,22,169
7,2210,187,0,0,17,17,130,189,11,200
7,2210,187,0,0,17,17,130,364,11,375
7,2210,221,0,0,17,17,130,350,13,363
7,2210,325,0,0,13,13,170,2023,25,2048
7,2210,425,0,0,17,17,130,231,25,256
7,2210,459,0,0,17,17,130,1183,27,1210
7,2210,544,0,0,17,17,130,1183,32,1215
7,2210,960,0,0,5,5,442,1813,384,2197
7,2210,1020,0,0,17,17,130,49,120,169
7,2210,1377,0,0,17,17,130,175,81,256
7,2210,1496,0,0,17,17,130,49,176,225
7,2210,2125,0,0,17,17,130,91,125,216
7,2210,2125,0,0,17,17,130,847,125,972
7,2210,2125,0,0,17,17,130,1323,250,1573
7,2212,1264,0,0,79,79,28,49,32,81
7,2214,9,0,0,9,9,246,287,1,288
7,2214,15,0,0,3,3,738,1512,5,1517
7,2214,492,0,0,123,123,18,21,4,25
7,2214,1968,0,0,3,3,738,1813,1312,3125
7,2214,2025,0,0,3,3,738,343,2025,2368
7,2214,2214,0,0,123,123,18,7,18,25
7,2220,6,0,0,6,6,370,1295,1,1296
7,2220,15,0,0,15,15,148,224,1,225
7,2220,15,0,0,15,15,148,1295,1,1296
7,2220,111,0,0,111,111,20,175,1,176
7,2220,148,0,0,37,37,60,147,8,155
7,2220,162,0,0,6,6,370,1120,27,1147
7,2220,666,0,0,6,6,370,1715,333,2048
7,2220,750,0,0,6,6,370,259,125,384
7,2220,925,0,0,37,37,60,56,25,81
7,2220,1184,0,0,74,74,30,49,32,81
7,2220,1728,0,0,6,6,370,49,576,625
7,2220,1850,0,0,74,74,30,56,25,81
7,2222,101,0,0,101,101,22,63,1,64
7,2224,2224,0,0,139,139,16,49,32,81
7,2226,477,0,0,53,53,42,112,9,121
7,2226,848,0,0,53,53,42,49,32,81
7,2232,62,0,0,62,62,36,56,1,57
7,2232,62,0,0,62,62,36,63,1,64
7,2232,102,0,0,6,6,372,847,17,864
7,2232,384,0,0,6,6,372,833,128,961
7,2232,496,0,0,31,31,72,49,32,81
7,2232,496,0,0,124,124,18,21,4,25
7,2232,1119,0,0,3,3,744,651,373,1024
7,2232,2232,0,0,124,124,18,7,18,25
7,2240,14,0,0,14,14,160,224,1,225
7,2240,16,0,0,8,8,280,2205,4,2209
7,2240,105,0,0,35,35,64,343,9,352
7,2240,112,0,0,112,112,20,175,1,176
7,2240,512,0,0,32,32,70,49,32,81
7,2240,1260,0,0,35,35,64,49,72,121
7,2240,1280,0,0,80,80,28,49,32,81
7,2240,2048,0,0,16,16,140,497,128,625
7,2242,19,0,0,19,19,118,224,1,225
7,2242,1216,0,0,19,19,118,49,128,177
7,2242,2242,0,0,19,19,118,7,118,125
7,2242,2242,0,0,59,59,38,49,76,125
7,2244,3,0,0,3,3,748,1155,1,1156
7,2244,3,0,0,3,3,748,1372,3,1375
7,2244,3,0,0,3,3,748,3024,1,3025
7,2244,17,0,0,17,17,132,1407,1,1408
7,2244,60,0,0,3,3,748,847,20,867
7,2244,66,0,0,66,66,34,49,2,51
7,2244,66,0,0,66,66,34,63,1,64
7,2244,88,0,0,11,11,204,721,8,729
7,2244,102,0,0,34,34,66,343,9,352
7,2244,102,0,0,102,102,22,63,1,64
7,2244,150,0,0,3,3,748,2401,200,2601
7,2244,375,0,0,3,3,748,847,125,972
7,2244,459,0,0,3,3,748,847,153,1000
7,2244,704,0,0,22,22,102,189,32,221
7,2244,748,0,0,22,22,102,49,68,117
7,2244,1782,0,0,3,3,748,343,1782,2125
7,2248,128,0,0,4,4,562,2401,128,2529
7,2248,324,0,0,4,4,562,1967,81,2048
7,2250,25,0,0,25,25,90,161,1,162
7,2250,25,0,0,25,25,90,224,1,225
7,2250,45,0,0,5,5,450,791,9,800
7,2250,200,0,0,25,25,90,567,8,575
7,2250,285,0,0,15,15,150,224,19,243
7,2250,285,0,0,15,15,150,343,57,400
7,2250,360,0,0,45,45,50,49,16,65
7,2250,500,0,0,125,125,18,21,4,25
7,2250,1200,0,0,75,75,30,49,32,81
7,2250,1536,0,0,3,3,750,245,1024,1269
7,2250,1600,0,0,25,25,90,161,64,225
7,2250,1725,0,0,25,25,90,56,69,125
7,2250,1875,0,0,75,75,30,56,25,81
7,2250,2250,0,0,125,125,18,7,18,25
7,2256,47,0,0,47,47,48,63,1,64
7,2256,47,0,0,47,47,48,224,1,225
7,2260,113,0,0,113,113,20,175,1,176
7,2262,13,0,0,13,13,174,231,1,232
7,2262,29,0,0,29,29,78,168,1,169
7,2262,29,0,0,29,29,78,224,1,225
7,2262,29,0,0,29,29,78,350,1,351
7,2262,29,0,0,29,29,78,728,1,729
7,2262,624,0,0,39,39,58,49,32,81
7,2262,624,0,0,39,39,58,609,16,625
7,2262,975,0,0,39,39,58,56,25,81
7,2262,1856,0,0,29,29,78,105,64,169
7,2262,2262,0,0,39,39,58,567,58,625
7,2266,103,0,0,103,103,22,63,1,64
7,2268,14,0,0,14,14,162,287,1,288
7,2268,63,0,0,21,21,108,343,9,352
7,2268,63,0,0,63,63,36,56,1,57
7,2268,63,0,0,63,63,36,63,1,64
7,2268,486,0,0,54,54,42,112,9,121
7,2268,504,0,0,126,126,18,21,4,25
7,2268,864,0,0,54,54,42,49,32,81
7,2268,1296,0,0,81,81,28,49,32,81
7,2268,2268,0,0,126,126,18,7,18,25
7,2272,4,0,0,4,4,568,1064,1,1065
7,2272,4,0,0,4,4,568,5040,1,5041
7,2272,256,0,0,4,4,568,665,64,729
7,2272,900,0,0,4,4,568,497,225,722
7,2272,1152,0,0,4,4,568,49,576,625
7,2278,67,0,0,67,67,34,49,2,51
7,2278,67,0,0,67,67,34,63,1,64
7,2280,12,0,0,4,4,570,1232,3,1235
7,2280,12,0,0,4,4,570,3325,3,3328
7,2280,12,0,0,12,12,190,224,1,225
7,2280,12,0,0,12,12,190,399,1,400
7,2280,19,0,0,19,19,120,224,1,225
7,2280,20,0,0,4,4,570,1183,5,1188
7,2280,20,0,0,4,4,570,4389,5,4394
7,2280,30,0,0,30,30,76,168,1,169
7,2280,30,0,0,30,30,76,728,1,729
7,2280,40,0,0,10,10,228,525,4,529
7,2280,60,0,0,10,10,228,343,18,361
7,2280,76,0,0,4,4,570,637,38,675
7,2280,76,0,0,4,4,570,1925,19,1944
7,2280,76,0,0,4,4,570,2541,19,2560
7,2280,76,0,0,4,4,570,4375,19,4394
7,2280,81,0,0,3,3,760,1778,27,1805
7,2280,96,0,0,4,4,570,2275,24,2299
7,2280,104,0,0,4,4,570,1323,52,1375
7,2280,114,0,0,114,114,20,175,1,176
7,2280,132,0,0,4,4,570,1183,33,1216
7,2280,132,0,0,4,4,570,2527,33,2560
7,2280,152,0,0,4,4,570,567,38,605
7,2280,152,0,0,19,19,120,175,8,183
7,2280,152,0,0,38,38,60,147,8,155
7,2280,180,0,0,30,30,76,343,18,361
7,2280,250,0,0,10,10,228,336,25,361
7,2280,250,0,0,10,10,228,504,25,529
7,2280,270,0,0,10,10,228,448,27,475
7,2280,460,0,0,10,10,228,315,46,361
7,2280,572,0,0,4,4,570,532,143,675
7,2280,608,0,0,4,4,570,693,152,845
7,2280,768,0,0,4,4,570,1183,192,1375
7,2280,768,0,0,12,12,190,665,64,729
7,2280,810,0,0,10,10,228,175,81,256
7,2280,810,0,0,10,10,228,280,81,361
7,2280,810,0,0,10,10,228,448,81,529
7,2280,832,0,0,4,4,570,875,208,1083
7,2280,936,0,0,4,4,570,343,702,1045
7,2280,950,0,0,10,10,228,161,95,256
7,2280,950,0,0,38,38,60,56,25,81
7,2280,972,0,0,4,4,570,1330,243,1573
7,2280,1080,0,0,30,30,76,133,36,169
7,2280,1083,0,0,3,3,760,889,361,1250
7,2280,1216,0,0,76,76,30,49,32,81
7,2280,1250,0,0,10,10,228,483,125,608
7,2280,1664,0,0,4,4,570,189,416,605
7,2280,1710,0,0,30,30,76,112,57,169
7,2280,1900,0,0,76,76,30,56,25,81
7,2280,1944,0,0,3,3,760,2527,648,3175
7,2280,1944,0,0,4,4,570,1225,972,2197
7,2280,2000,0,0,4,4,570,539,1000,1539
7,2280,2000,0,0,10,10,228,161,200,361
7,2280,2028,0,0,4,4,570,133,507,640
7,2280,2028,0,0,4,4,570,1792,507,2299
7,2280,2028,0,0,4,4,570,1925,507,2432
7,2280,2280,0,0,60,60,38,49,76,125
7,2286,508,0,0,127,127,18,21,4,25
7,2286,2286,0,0,127,127,18,7,18,25
7,2288,8,0,0,8,8,286,728,1,729
7,2288,104,0,0,104,104,22,63,1,64
7,2288,286,0,0,26,26,88,189,11,200
7,2288,650,0,0,26,26,88,49,50,99
7,2288,650,0,0,26,26,88,231,25,256
7,2288,1248,0,0,26,26,88,77,48,125
7,2288,2106,0,0,26,26,88,175,81,256
7,2288,2288,0,0,11,11,208,35,208,243
7,2288,2288,0,0,26,26,88,49,176,225
7,2296,7,0,0,7,7,328,1372,3,1375
7,2296,7,0,0,7,7,328,1680,1,1681
7,2296,7,0,0,7,7,328,3024,1,3025
7,2296,56,0,0,7,7,328,2009,16,2025
7,2296,189,0,0,7,7,328,875,27,902
7,2296,252,0,0,7,7,328,343,108,451
7,2296,448,0,0,7,7,328,1225,128,1353
7,2296,693,0,0,7,7,328,343,297,640
7,2296,875,0,0,7,7,328,847,125,972
7,2296,1120,0,0,7,7,328,49,320,369
7,2296,1312,0,0,82,82,28,49,32,81
7,2296,1575,0,0,7,7,328,287,225,512
7,2296,2016,0,0,7,7,328,49,576,625
7,2296,2296,0,0,7,7,328,35,328,363
7,2296,2296,0,0,7,7,328,77,328,405
7,2300,25,0,0,5,5,460,616,5,621
7,2300,115,0,0,115,115,20,175,1,176
7,2300,207,0,0,23,23,100,119,9,128
7,2300,207,0,0,23,23,100,280,9,289
7,2300,368,0,0,23,23,100,119,16,135
7,2300,368,0,0,46,46,50,49,16,65
7,2300,575,0,0,23,23,100,119,25,144
7,2300,1863,0,0,23,23,100,119,81,200
7,2300,1863,0,0,23,23,100,175,81,256
7,2300,2300,0,0,23,23,100,189,100,289
7,2304,8,0,0,8,8,288,840,1,841
7,2304,48,0,0,48,48,48,63,1,64
7,2304,48,0,0,48,48,48,224,1,225
7,2304,64,0,0,64,64,36,56,1,57
7,2304,64,0,0,64,64,36,63,1,64
7,2304,108,0,0,36,36,64,343,9,352
7,2304,232,0,0,8,8,288,700,29,729
7,2304,512,0,0,32,32,72,49,32,81
7,2304,512,0,0,128,128,18,21,4,25
7,2304,1296,0,0,36,36,64,49,72,121
7,2304,2304,0,0,8,8,288,49,576,625
7,2304,2304,0,0,128,128,18,7,18,25
7,2310,7,0,0,7,7,330,1372,3,1375
7,2310,7,0,0,7,7,330,2240,1,2241
7,2310,7,0,0,7,7,330,3024,1,3025
7,2310,21,0,0,7,7,330,343,9,352
7,2310,105,0,0,35,35,66,343,9,352
7,2310,105,0,0,105,105,22,63,1,64
7,2310,168,0,0,7,7,330,343,72,415
7,2310,168,0,0,7,7,330,581,24,605
7,2310,495,0,0,55,55,42,112,9,121
7,2310,528,0,0,33,33,70,49,32,81
7,2310,693,0,0,7,7,330,343,297,640
7,2310,880,0,0,55,55,42,49,32,81
7,2310,1232,0,0,77,77,30,49,32,81
7,2310,1925,0,0,77,77,30,56,25,81
7,2310,2016,0,0,7,7,330,49,576,625
7,2312,16,0,0,4,4,578,833,8,841
7,2312,68,0,0,68,68,34,49,2,51
7,2312,68,0,0,68,68,34,63,1,64
7,2312,100,0,0,4,4,578,2023,25,2048
7,2314,2314,0,0,13,13,178,49,356,405
7,2318,2318,0,0,61,61,38,49,76,125
7,2320,4,0,0,4,4,580,840,1,841
7,2320,10,0,0,10,10,232,728,1,729
7,2320,24,0,0,4,4,580,2401,24,2425
7,2320,116,0,0,4,4,580,700,29,729
7,2320,116,0,0,116,116,20,175,1,176
7,2320,200,0,0,4,4,580,679,50,729
7,2320,388,0,0,4,4,580,875,97,972
7,2320,500,0,0,4,4,580,2688,125,2813
7,2320,640,0,0,40,40,58,49,32,81
7,2320,640,0,0,40,40,58,609,16,625
7,2320,648,0,0,4,4,580,679,162,841
7,2320,1000,0,0,40,40,58,56,25,81
7,2320,1152,0,0,4,4,580,49,576,625
7,2320,1690,0,0,10,10,232,672,169,841
7,2320,2320,0,0,40,40,58,567,58,625
7,2322,9,0,0,9,9,258,350,1,351
7,2322,9,0,0,9,9,258,728,1,729
7,2322,387,0,0,9,9,258,2457,43,2500
7,2322,450,0,0,9,9,258,301,50,351
7,2322,516,0,0,129,129,18,21,4,25
7,2322,768,0,0,3,3,774,2107,512,2619
7,2322,936,0,0,9,9,258,301,104,405
7,2322,1521,0,0,9,9,258,175,169,344
7,2322,1521,0,0,9,9,258,49,338,387
7,2322,1521,0,0,9,9,258,560,169,729
7,2322,1521,0,0,9,9,258,1680,169,1849
7,2322,2322,0,0,129,129,18,7,18,25
7,2324,1328,0,0,83,83,28,49,32,81
7,2328,1152,0,0,4,4,582,4753,576,5329
7,2332,106,0,0,106,106,22,63,1,64
7,2334,3,0,0,3,3,778,3500,1,3501
7,2334,3,0,0,3,3,778,4095,1,4096
7,2334,1458,0,0,3,3,778,1225,972,2197
7,2334,2187,0,0,3,3,778,896,729,1625
7,2336,16,0,0,16,16,146,511,1,512
7,2340,5,0,0,5,5,468,728,1,729
7,2340,5,0,0,5,5,468,4095,1,4096
7,2340,5,0,0,5,5,468,5264,1,5265
7,2340,15,0,0,3,3,780,2023,5,2028
7,2340,15,0,0,3,3,780,4347,5,4352
7,2340,26,0,0,26,26,90,161,1,162
7,2340,26,0,0,26,26,90,224,1,225
7,2340,30,0,0,10,10,234,413,3,416
7,2340,30,0,0,30,30,78,168,1,169
7,2340,30,0,0,30,30,78,224,1,225
7,2340,30,0,0,30,30,78,350,1,351
7,2340,30,0,0,30,30,78,728,1,729
7,2340,51,0,0,3,3,780,1183,17,1200
7,2340,51,0,0,3,3,780,5103,17,5120
7,2340,65,0,0,5,5,468,987,13,1000
7,2340,65,0,0,65,65,36,56,1,57
7,2340,65,0,0,65,65,36,63,1,64
7,2340,72,0,0,18,18,130,1323,8,1331
7,2340,72,0,0,18,18,130,1617,8,1625
7,2340,117,0,0,117,117,20,175,1,176
7,2340,120,0,0,3,3,780,1547,40,1587
7,2340,156,0,0,39,39,60,147,8,155
7,2340,162,0,0,3,3,780,3703,54,3757
7,2340,198,0,0,18,18,130,147,22,169
7,2340,198,0,0,18,18,130,189,11,200
7,2340,198,0,0,18,18,130,364,11,375
7,2340,204,0,0,3,3,780,7203,272,7475
7,2340,208,0,0,26,26,90,567,8,575
7,2340,234,0,0,18,18,130,350,13,363
7,2340,345,0,0,3,3,780,637,230,867
7,2340,345,0,0,3,3,780,3213,115,3328
7,2340,450,0,0,18,18,130,231,25,256
7,2340,486,0,0,18,18,130,1183,27,1210
7,2340,520,0,0,130,130,18,21,4,25
7,2340,576,0,0,18,18,130,1183,32,1215
7,2340,590,0,0,10,10,234,448,59,507
7,2340,729,0,0,3,3,780,8750,243,8993
7,2340,845,0,0,5,5,468,560,169,729
7,2340,897,0,0,3,3,780,1701,299,2000
7,2340,940,0,0,5,5,468,4375,188,4563
7,2340,975,0,0,39,39,60,56,25,81
7,2340,1080,0,0,18,18,130,49,120,169
7,2340,1215,0,0,15,15,156,1183,81,1264
7,2340,1248,0,0,78,78,30,49,32,81
7,2340,1440,0,0,5,5,468,49,576,625
7,2340,1458,0,0,3,3,780,1225,972,2197
7,2340,1458,0,0,18,18,130,175,81,256
7,2340,1584,0,0,18,18,130,49,176,225
7,2340,1632,0,0,3,3,780,637,1088,1725
7,2340,1664,0,0,26,26,90,161,64,225
7,2340,1794,0,0,26,26,90,56,69,125
7,2340,1863,0,0,3,3,780,224,621,845
7,2340,1920,0,0,3,3,780,1547,640,2187
7,2340,1920,0,0,30,30,78,105,64,169
7,2340,1950,0,0,78,78,30,56,25,81
7,2340,2000,0,0,5,5,468,329,400,729
7,2340,2025,0,0,5,5,468,1792,405,2197
7,2340,2250,0,0,18,18,130,91,125,216
7,2340,2250,0,0,18,18,130,847,125,972
7,2340,2250,0,0,18,18,130,1323,250,1573
7,2340,2340,0,0,130,130,18,7,18,25
7,2346,69,0,0,69,69,34,49,2,51
7,2346,69,0,0,69,69,34,63,1,64
7,2346,736,0,0,23,23,102,189,32,221
7,2346,782,0,0,23,23,102,49,68,117
7,2350,376,0,0,47,47,50,49,16,65
7,2352,28,0,0,14,14,168,2023,2,2025
7,2352,49,0,0,49,49,48,63,1,64
7,2352,49,0,0,49,49,48,224,1,225
7,2352,126,0,0,14,14,168,280,9,289
7,2352,504,0,0,56,56,42,112,9,121
7,2352,708,0,0,4,4,588,448,177,625
7,2352,896,0,0,56,56,42,49,32,81
7,2352,1344,0,0,84,84,28,49,32,81
7,2352,1400,0,0,14,14,168,189,100,289
7,2354,107,0,0,107,107,22,63,1,64
7,2356,31,0,0,31,31,76,168,1,169
7,2356,31,0,0,31,31,76,728,1,729
7,2356,186,0,0,31,31,76,343,18,361
7,2356,1116,0,0,31,31,76,133,36,169
7,2356,1767,0,0,31,31,76,112,57,169
7,2356,2356,0,0,62,62,38,49,76,125
7,2358,27,0,0,9,9,262,343,9,352
7,2358,524,0,0,131,131,18,21,4,25
7,2358,2358,0,0,131,131,18,7,18,25
7,2360,20,0,0,20,20,118,224,1,225
7,2360,118,0,0,118,118,20,175,1,176
7,2360,1280,0,0,20,20,118,49,128,177
7,2360,2360,0,0,20,20,118,7,118,125
7,2364,24,0,0,6,6,394,1323,8,1331
7,2366,175,0,0,7,7,338,2023,25,2048
7,2368,16,0,0,4,4,592,1323,8,1331
7,2368,16,0,0,16,16,148,224,1,225
7,2368,16,0,0,16,16,148,1295,1,1296
7,2368,111,0,0,37,37,64,343,9,352
7,2368,1332,0,0,37,37,64,49,72,121
7,2368,2368,0,0,4,4,592,147,1184,1331
7,2370,3,0,0,3,3,790,1372,3,1375
7,2370,3,0,0,3,3,790,3024,1,3025
7,2370,375,0,0,3,3,790,847,125,972
7,2370,675,0,0,3,3,790,1106,225,1331
7,2370,948,0,0,3,3,790,5929,632,6561
7,2370,1264,0,0,79,79,30,49,32,81
7,2370,1975,0,0,79,79,30,56,25,81
7,2370,2187,0,0,3,3,790,140,729,869
7,2376,18,0,0,18,18,132,1407,1,1408
7,2376,24,0,0,6,6,396,1323,8,1331
7,2376,48,0,0,12,12,198,1323,8,1331
7,2376,66,0,0,22,22,108,343,9,352
7,2376,66,0,0,66,66,36,56,1,57
7,2376,66,0,0,66,66,36,63,1,64
7,2376,108,0,0,12,12,198,616,9,625
7,2376,108,0,0,36,36,66,343,9,352
7,2376,108,0,0,108,108,22,63,1,64
7,2376,192,0,0,12,12,198,875,16,891
7,2376,297,0,0,27,27,88,189,11,200
7,2376,300,0,0,12,12,198,231,25,256
7,2376,528,0,0,33,33,72,49,32,81
7,2376,528,0,0,132,132,18,21,4,25
7,2376,675,0,0,27,27,88,49,50,99
7,2376,675,0,0,27,27,88,231,25,256
7,2376,972,0,0,12,12,198,175,81,256
7,2376,1056,0,0,12,12,198,49,176,225
7,2376,1152,0,0,4,4,594,1043,288,1331
7,2376,1296,0,0,27,27,88,77,48,125
7,2376,1452,0,0,12,12,198,504,121,625
7,2376,2187,0,0,27,27,88,175,81,256
7,2376,2376,0,0,27,27,88,49,176,225
7,2376,2376,0,0,132,132,18,7,18,25
7,2378,656,0,0,41,41,58,49,32,81
7,2378,656,0,0,41,41,58,609,16,625
7,2378,1025,0,0,41,41,58,56,25,81
7,2378,2378,0,0,41,41,58,567,58,625
7,2380,20,0,0,10,10,238,2023,2,2025
7,2380,28,0,0,7,7,340,357,4,361
7,2380,42,0,0,7,7,340,343,18,361
7,2380,70,0,0,70,70,34,49,2,51
7,2380,70,0,0,70,70,34,63,1,64
7,2380,90,0,0,10,10,238,280,9,289
7,2380,119,0,0,119,119,20,175,1,176
7,2380,175,0,0,7,7,340,336,25,361
7,2380,175,0,0,7,7,340,2023,25,2048
7,2380,189,0,0,7,7,340,448,27,475
7,2380,350,0,0,14,14,170,2023,25,2048
7,2380,532,0,0,7,7,340,1225,152,1377
7,2380,544,0,0,34,34,70,49,32,81
7,2380,567,0,0,7,7,340,280,81,361
7,2380,567,0,0,7,7,340,1372,243,1615
7,2380,875,0,0,7,7,340,833,250,1083
7,2380,1000,0,0,10,10,238,189,100,289
7,2380,1360,0,0,85,85,28,49,32,81
7,2380,1792,0,0,7,7,340,105,256,361
7,2380,1792,0,0,7,7,340,119,256,375
7,2380,1904,0,0,7,7,340,133,272,405
7,2380,2176,0,0,17,17,140,497,128,625
7,2380,2380,0,0,7,7,340,21,340,361
7,2380,2380,0,0,7,7,340,49,680,729
7,2390,405,0,0,5,5,478,875,81,956
7,2390,1875,0,0,5,5,478,1673,375,2048
7,2392,117,0,0,13,13,184,686,27,713
7,2392,1053,0,0,13,13,184,448,81,529
7,2392,1196,0,0,4,4,598,1701,299,2000
7,2392,1944,0,0,4,4,598,1225,972,2197
7,2394,42,0,0,7,7,342,343,18,361
7,2394,399,0,0,7,7,342,1792,57,1849
7,2394,513,0,0,57,57,42,112,9,121
7,2394,532,0,0,133,133,18,21,4,25
7,2394,912,0,0,57,57,42,49,32,81
7,2394,1875,0,0,3,3,798,399,625,1024
7,2394,2394,0,0,63,63,38,49,76,125
7,2394,2394,0,0,133,133,18,7,18,25
7,2398,109,0,0,109,109,22,63,1,64
7,2400,15,0,0,15,15,160,224,1,225
7,2400,20,0,0,20,20,120,224,1,225
7,2400,40,0,0,10,10,240,1323,8,1331
7,2400,50,0,0,50,50,48,63,1,64
7,2400,50,0,0,50,50,48,224,1,225
7,2400,90,0,0,10,10,240,616,9,625
7,2400,120,0,0,120,120,20,175,1,176
7,2400,160,0,0,4,4,600,2107,80,2187
7,2400,160,0,0,10,10,240,875,16,891
7,2400,160,0,0,20,20,120,175,8,183
7,2400,160,0,0,40,40,60,147,8,155
7,2400,216,0,0,24,24,100,119,9,128
7,2400,216,0,0,24,24,100,280,9,289
7,2400,250,0,0,10,10,240,231,25,256
7,2400,304,0,0,16,16,150,224,19,243
7,2400,304,0,0,16,16,150,343,57,400
7,2400,384,0,0,24,24,100,119,16,135
7,2400,384,0,0,48,48,50,49,16,65
7,2400,600,0,0,24,24,100,119,25,144
7,2400,810,0,0,10,10,240,175,81,256
7,2400,1000,0,0,40,40,60,56,25,81
7,2400,1210,0,0,10,10,240,504,121,625
7,2400,1280,0,0,80,80,30,49,32,81
7,2400,1728,0,0,6,6,400,49,576,625
7,2400,1944,0,0,24,24,100,119,81,200
7,2400,1944,0,0,24,24,100,175,81,256
7,2400,2000,0,0,80,80,30,56,25,81
7,2400,2304,0,0,8,8,300,49,576,625
7,2400,2400,0,0,24,24,100,189,100,289
7,2408,1376,0,0,86,86,28,49,32,81
7,2412,3,0,0,3,3,804,1519,2,1521
7,2412,67,0,0,67,67,36,56,1,57
7,2412,67,0,0,67,67,36,63,1,64
7,2412,486,0,0,3,3,804,637,324,961
7,2412,536,0,0,134,134,18,21,4,25
7,2412,1458,0,0,6,6,402,343,729,1072
7,2412,1488,0,0,3,3,804,1701,496,2197
7,2412,2412,0,0,134,134,18,7,18,25
7,2414,71,0,0,71,71,34,49,2,51
7,2414,71,0,0,71,71,34,63,1,64
7,2418,31,0,0,31,31,78,168,1,169
7,2418,31,0,0,31,31,78,224,1,225
7,2418,31,0,0,31,31,78,350,1,351
7,2418,31,0,0,31,31,78,728,1,729
7,2418,1984,0,0,31,31,78,105,64,169
7,2420,33,0,0,11,11,220,343,9,352
7,2420,55,0,0,11,11,220,259,5,264
7,2420,110,0,0,110,110,22,63,1,64
7,2420,121,0,0,121,121,20,175,1,176
7,2420,2035,0,0,11,11,220,112,185,297
7,2424,303,0,0,3,3,808,3024,101,3125
7,2430,15,0,0,15,15,162,287,1,288
7,2430,27,0,0,27,27,90,161,1,162
7,2430,27,0,0,27,27,90,224,1,225
7,2430,216,0,0,27,27,90,567,8,575
7,2430,225,0,0,9,9,270,2023,25,2048
7,2430,540,0,0,135,135,18,21,4,25
7,2430,1296,0,0,81,81,30,49,32,81
7,2430,1728,0,0,27,27,90,161,64,225
7,2430,1863,0,0,27,27,90,56,69,125
7,2430,2025,0,0,81,81,30,56,25,81
7,2430,2304,0,0,9,9,270,119,256,375
7,2430,2430,0,0,135,135,18,7,18,25
7,2432,32,0,0,32,32,76,168,1,169
7,2432,32,0,0,32,32,76,728,1,729
7,2432,114,0,0,38,38,64,343,9,352
7,2432,192,0,0,32,32,76,343,18,361
7,2432,1152,0,0,32,32,76,133,36,169
7,2432,1368,0,0,38,38,64,49,72,121
7,2432,1824,0,0,32,32,76,112,57,169
7,2432,2432,0,0,64,64,38,49,76,125
7,2436,14,0,0,14,14,174,231,1,232
7,2436,522,0,0,58,58,42,112,9,121
7,2436,672,0,0,42,42,58,49,32,81
7,2436,672,0,0,42,42,58,609,16,625
7,2436,928,0,0,58,58,42,49,32,81
7,2436,1050,0,0,42,42,58,56,25,81
7,2436,1392,0,0,87,87,28,49,32,81
7,2436,2436,0,0,42,42,58,567,58,625
7,2440,10,0,0,10,10,244,287,1,288
7,2440,68,0,0,4,4,610,4375,17,4392
7,2440,68,0,0,4,4,610,5103,17,5120
7,2440,122,0,0,122,122,20,175,1,176
7,2440,200,0,0,4,4,610,2401,200,2601
7,2440,256,0,0,4,4,610,7497,128,7625
7,2440,648,0,0,4,4,610,875,162,1037
7,2440,1152,0,0,4,4,610,49,576,625
7,2440,2048,0,0,4,4,610,525,512,1037
7,2440,2196,0,0,4,4,610,896,549,1445
7,2440,2440,0,0,4,4,610,119,610,729
7,2442,12,0,0,3,3,814,1323,8,1331
7,2442,111,0,0,37,37,66,343,9,352
7,2442,111,0,0,111,111,22,63,1,64
7,2442,384,0,0,3,3,814,833,256,1089
7,2442,867,0,0,3,3,814,2079,289,2368
7,2442,1776,0,0,3,3,814,147,1184,1331
7,2448,12,0,0,6,6,408,2023,2,2025
7,2448,51,0,0,51,51,48,63,1,64
7,2448,51,0,0,51,51,48,224,1,225
7,2448,68,0,0,68,68,36,56,1,57
7,2448,68,0,0,68,68,36,63,1,64
7,2448,72,0,0,72,72,34,49,2,51
7,2448,72,0,0,72,72,34,63,1,64
7,2448,96,0,0,12,12,204,721,8,729
7,2448,150,0,0,6,6,408,672,25,697
7,2448,150,0,0,6,6,408,2023,25,2048
7,2448,306,0,0,6,6,408,574,51,625
7,2448,544,0,0,8,8,306,2401,272,2673
7,2448,544,0,0,34,34,72,49,32,81
7,2448,544,0,0,136,136,18,21,4,25
7,2448,768,0,0,6,6,408,441,256,697
7,2448,768,0,0,24,24,102,189,32,221
7,2448,816,0,0,24,24,102,49,68,117
7,2448,1230,0,0,6,6,408,49,410,459
7,2448,1734,0,0,6,6,408,287,289,576
7,2448,1734,0,0,6,6,408,336,289,625
7,2448,1944,0,0,6,6,408,49,648,697
7,2448,2040,0,0,6,6,408,49,680,729
7,2448,2448,0,0,136,136,18,7,18,25
7,2450,392,0,0,49,49,50,49,16,65
7,2450,560,0,0,35,35,70,49,32,81
7,2460,3,0,0,3,3,820,959,1,960
7,2460,3,0,0,3,3,820,1680,1,1681
7,2460,10,0,0,10,10,246,287,1,288
7,2460,24,0,0,3,3,820,2009,16,2025
7,2460,123,0,0,123,123,20,175,1,176
7,2460,164,0,0,41,41,60,147,8,155
7,2460,1025,0,0,41,41,60,56,25,81
7,2460,1312,0,0,82,82,30,49,32,81
7,2460,1805,0,0,5,5,492,287,361,648
7,2460,2050,0,0,82,82,30,56,25,81
7,2460,2187,0,0,3,3,820,3430,2187,5617
7,2464,28,0,0,7,7,352,1323,8,1331
7,2464,112,0,0,112,112,22,63,1,64
7,2464,308,0,0,28,28,88,189,11,200
7,2464,700,0,0,28,28,88,49,50,99
7,2464,700,0,0,28,28,88,231,25,256
7,2464,1239,0,0,7,7,352,847,177,1024
7,2464,1344,0,0,28,28,88,77,48,125
7,2464,1408,0,0,88,88,28,49,32,81
7,2464,2268,0,0,28,28,88,175,81,256
7,2464,2464,0,0,28,28,88,49,176,225
7,2466,548,0,0,137,137,18,21,4,25
7,2466,2466,0,0,137,137,18,7,18,25
7,2470,13,0,0,13,13,190,224,1,225
7,2470,13,0,0,13,13,190,399,1,400
7,2470,76,0,0,19,19,130,1323,8,1331
7,2470,76,0,0,19,19,130,1617,8,1625
7,2470,209,0,0,19,19,130,147,22,169
7,2470,209,0,0,19,19,130,189,11,200
7,2470,209,0,0,19,19,130,364,11,375
7,2470,247,0,0,19,19,130,350,13,363
7,2470,475,0,0,19,19,130,231,25,256
7,2470,513,0,0,19,19,130,1183,27,1210
7,2470,608,0,0,19,19,130,1183,32,1215
7,2470,832,0,0,13,13,190,665,64,729
7,2470,1140,0,0,19,19,130,49,120,169
7,2470,1539,0,0,19,19,130,175,81,256
7,2470,1672,0,0,19,19,130,49,176,225
7,2470,2375,0,0,19,19,130,91,125,216
7,2470,2375,0,0,19,19,130,847,125,972
7,2470,2375,0,0,19,19,130,1323,250,1573
7,2470,2470,0,0,65,65,38,49,76,125
7,2472,48,0,0,6,6,412,721,8,729
7,2472,64,0,0,4,4,618,945,16,961
7,2472,576,0,0,4,4,618,343,432,775
7,2472,960,0,0,4,4,618,721,240,961
7,2472,2472,0,0,4,4,618,7,618,625
7,2478,21,0,0,21,21,118,224,1,225
7,2478,531,0,0,59,59,42,112,9,121
7,2478,944,0,0,59,59,42,49,32,81
7,2478,1344,0,0,21,21,118,49,128,177
7,2478,2478,0,0,21,21,118,7,118,125
7,2480,124,0,0,124,124,20,175,1,176
7,2480,128,0,0,8,8,310,945,16,961
7,2480,200,0,0,8,8,310,378,25,403
7,2480,200,0,0,8,8,310,651,25,676
7,2480,256,0,0,8,8,310,1183,32,1215
7,2480,520,0,0,8,8,310,896,65,961
7,2480,800,0,0,8,8,310,637,200,837
7,2480,1024,0,0,8,8,310,147,256,403
7,2480,1152,0,0,8,8,310,343,432,775
7,2482,17,0,0,17,17,146,511,1,512
7,2482,73,0,0,73,73,34,49,2,51
7,2482,73,0,0,73,73,34,63,1,64
7,2484,6,0,0,6,6,414,728,1,729
7,2484,6,0,0,6,6,414,896,1,897
7,2484,69,0,0,23,23,108,343,9,352
7,2484,69,0,0,69,69,36,56,1,57
7,2484,69,0,0,69,69,36,63,1,64
7,2484,96,0,0,3,3,828,3703,32,3735
7,2484,552,0,0,138,138,18,21,4,25
7,2484,1014,0,0,6,6,414,567,169,736
7,2484,1245,0,0,3,3,828,1701,415,2116
7,2484,2106,0,0,6,6,414,161,351,512
7,2484,2484,0,0,138,138,18,7,18,25
7,2486,113,0,0,113,113,22,63,1,64
7,2488,4,0,0,4,4,622,728,1,729
7,2490,5,0,0,5,5,498,2240,1,2241
7,2490,1328,0,0,83,83,30,49,32,81
7,2490,1440,0,0,5,5,498,49,576,625
7,2490,2075,0,0,83,83,30,56,25,81
7,2492,1424,0,0,89,89,28,49,32,81
7,2492,2492,0,0,14,14,178,49,356,405
7,2494,688,0,0,43,43,58,49,32,81
7,2494,688,0,0,43,43,58,609,16,625
7,2494,1075,0,0,43,43,58,56,25,81
7,2494,2494,0,0,43,43,58,567,58,625
7,2496,4,0,0,4,4,624,728,1,729
7,2496,32,0,0,32,32,78,168,1,169
7,2496,32,0,0,32,32,78,224,1,225
7,2496,32,0,0,32,32,78,350,1,351
7,2496,32,0,0,32,32,78,728,1,729
7,2496,52,0,0,52,52,48,63,1,64
7,2496,52,0,0,52,52,48,224,1,225
7,2496,117,0,0,39,39,64,343,9,352
7,2496,507,0,0,3,3,832,3584,169,3753
7,2496,1296,0,0,16,16,156,1183,81,1264
7,2496,1404,0,0,39,39,64,49,72,121
7,2496,2048,0,0,32,32,78,105,64,169
7,2496,2496,0,0,12,12,208,35,208,243
7,2500,125,0,0,125,125,20,175,1,176
7,2500,225,0,0,25,25,100,119,9,128
7,2500,225,0,0,25,25,100,280,9,289
7,2500,400,0,0,25,25,100,119,16,135
7,2500,400,0,0,50,50,50,49,16,65
7,2500,625,0,0,25,25,100,119,25,144
7,2500,2025,0,0,25,25,100,119,81,200
7,2500,2025,0,0,25,25,100,175,81,256
7,2500,2500,0,0,25,25,100,189,100,289
7,2502,3,0,0,3,3,834,3969,2,3971
7,2502,72,0,0,3,3,834,6811,48,6859
7,2502,556,0,0,139,139,18,21,4,25
7,2502,1536,0,0,3,3,834,1617,1024,2641
7,2502,2502,0,0,139,139,18,7,18,25
7,2506,2016,0,0,7,7,358,49,576,625
7,2508,19,0,0,19,19,132,1407,1,1408
7,2508,33,0,0,33,33,76,168,1,169
7,2508,33,0,0,33,33,76,728,1,729
7,2508,44,0,0,11,11,228,525,4,529
7,2508,66,0,0,11,11,228,343,18,361
7,2508,114,0,0,6,6,418,1925,19,1944
7,2508,114,0,0,6,6,418,2541,19,2560
7,2508,114,0,0,38,38,66,343,9,352
7,2508,114,0,0,114,114,22,63,1,64
7,2508,198,0,0,6,6,418,2527,33,2560
7,2508,198,0,0,33,33,76,343,18,361
7,2508,275,0,0,11,11,228,336,25,361
7,2508,275,0,0,11,11,228,504,25,529
7,2508,297,0,0,11,11,228,448,27,475
7,2508,506,0,0,11,11,228,315,46,361
7,2508,891,0,0,11,11,228,175,81,256
7,2508,891,0,0,11,11,228,280,81,361
7,2508,891,0,0,11,11,228,448,81,529
7,2508,1045,0,0,11,11,228,161,95,256
7,2508,1188,0,0,33,33,76,133,36,169
7,2508,1375,0,0,11,11,228,483,125,608
7,2508,1881,0,0,33,33,76,112,57,169
7,2508,2200,0,0,11,11,228,161,200,361
7,2508,2508,0,0,66,66,38,49,76,125
7,2516,17,0,0,17,17,148,224,1,225
7,2516,17,0,0,17,17,148,1295,1,1296
7,2516,74,0,0,74,74,34,49,2,51
7,2516,74,0,0,74,74,34,63,1,64
7,2520,18,0,0,9,9,280,2205,4,2209
7,2520,21,0,0,21,21,120,224,1,225
7,2520,28,0,0,28,28,90,161,1,162
7,2520,28,0,0,28,28,90,224,1,225
7,2520,30,0,0,15,15,168,2023,2,2025
7,2520,70,0,0,70,70,36,56,1,57
7,2520,70,0,0,70,70,36,63,1,64
7,2520,126,0,0,126,126,20,175,1,176
7,2520,135,0,0,15,15,168,280,9,289
7,2520,168,0,0,21,21,120,175,8,183
7,2520,168,0,0,42,42,60,147,8,155
7,2520,220,0,0,5,5,504,441,88,529
7,2520,224,0,0,28,28,90,567,8,575
7,2520,316,0,0,4,4,630,945,79,1024
7,2520,540,0,0,60,60,42,112,9,121
7,2520,560,0,0,35,35,72,49,32,81
7,2520,576,0,0,36,36,70,49,32,81
7,2520,960,0,0,60,60,42,49,32,81
7,2520,1050,0,0,42,42,60,56,25,81
7,2520,1344,0,0,84,84,30,49,32,81
7,2520,1440,0,0,90,90,28,49,32,81
7,2520,1500,0,0,15,15,168,189,100,289
7,2520,1792,0,0,28,28,90,161,64,225
7,2520,1932,0,0,28,28,90,56,69,125
7,2520,2100,0,0,84,84,30,56,25,81
7,2520,2304,0,0,18,18,140,497,128,625
7,2530,115,0,0,115,115,22,63,1,64
7,2532,81,0,0,3,3,844,1477,27,1504
7,2540,125,0,0,5,5,508,2023,25,2048
7,2540,127,0,0,127,127,20,175,1,176
7,2540,1700,0,0,5,5,508,49,680,729
7,2544,4,0,0,4,4,636,847,1,848
7,2544,4,0,0,4,4,636,5103,1,5104
7,2544,53,0,0,53,53,48,63,1,64
7,2544,53,0,0,53,53,48,224,1,225
7,2544,396,0,0,4,4,636,742,99,841
7,2546,2546,0,0,67,67,38,49,76,125
7,2548,1456,0,0,91,91,28,49,32,81
7,2550,51,0,0,3,3,850,5103,17,5120
7,2550,75,0,0,75,75,34,49,2,51
7,2550,75,0,0,75,75,34,63,1,64
7,2550,250,0,0,5,5,510,2401,200,2601
7,2550,323,0,0,17,17,150,224,19,243
7,2550,323,0,0,17,17,150,343,57,400
7,2550,375,0,0,15,15,170,2023,25,2048
7,2550,408,0,0,51,51,50,49,16,65
7,2550,639,0,0,3,3,850,875,213,1088
7,2550,800,0,0,25,25,102,189,32,221
7,2550,850,0,0,25,25,102,49,68,117
7,2550,1360,0,0,85,85,30,49,32,81
7,2550,1440,0,0,5,5,510,49,576,625
7,2550,1920,0,0,3,3,850,567,640,1207
7,2550,2125,0,0,85,85,30,56,25,81
7,2552,11,0,0,11,11,232,728,1,729
7,2552,116,0,0,116,116,22,63,1,64
7,2552,319,0,0,29,29,88,189,11,200
7,2552,704,0,0,44,44,58,49,32,81
7,2552,704,0,0,44,44,58,609,16,625
7,2552,725,0,0,29,29,88,49,50,99
7,2552,725,0,0,29,29,88,231,25,256
7,2552,1100,0,0,44,44,58,56,25,81
7,2552,1392,0,0,29,29,88,77,48,125
7,2552,1859,0,0,11,11,232,672,169,841
7,2552,2349,0,0,29,29,88,175,81,256
7,2552,2552,0,0,29,29,88,49,176,225
7,2552,2552,0,0,44,44,58,567,58,625
7,2556,6,0,0,6,6,426,567,1,568
7,2556,71,0,0,71,71,36,56,1,57
7,2556,71,0,0,71,71,36,63,1,64
7,2560,16,0,0,16,16,160,224,1,225
7,2560,120,0,0,40,40,64,343,9,352
7,2560,128,0,0,128,128,20,175,1,176
7,2560,1440,0,0,40,40,64,49,72,121
7,2562,126,0,0,7,7,366,3703,18,3721
7,2562,549,0,0,61,61,42,112,9,121
7,2562,567,0,0,7,7,366,448,81,529
7,2562,976,0,0,61,61,42,49,32,81
7,2568,12,0,0,3,3,856,1323,8,1331
7,2568,33,0,0,3,3,856,1701,11,1712
7,2568,2568,0,0,3,3,856,147,1712,1859
7,2574,9,0,0,9,9,286,728,1,729
7,2574,12,0,0,3,3,858,1323,8,1331
7,2574,12,0,0,3,3,858,1617,8,1625
7,2574,33,0,0,3,3,858,1204,11,1215
7,2574,33,0,0,3,3,858,1365,11,1376
7,2574,33,0,0,11,11,234,413,3,416
7,2574,33,0,0,33,33,78,168,1,169
7,2574,33,0,0,33,33,78,224,1,225
7,2574,33,0,0,33,33,78,350,1,351
7,2574,33,0,0,33,33,78,728,1,729
7,2574,39,0,0,3,3,858,6237,13,6250
7,2574,52,0,0,13,13,198,1323,8,1331
7,2574,75,0,0,3,3,858,7371,25,7396
7,2574,81,0,0,3,3,858,1183,27,1210
7,2574,96,0,0,3,3,858,1183,32,1215
7,2574,117,0,0,13,13,198,616,9,625
7,2574,117,0,0,39,39,66,343,9,352
7,2574,117,0,0,117,117,22,63,1,64
7,2574,144,0,0,3,3,858,1715,144,1859
7,2574,208,0,0,13,13,198,875,16,891
7,2574,325,0,0,13,13,198,231,25,256
7,2574,375,0,0,3,3,858,847,125,972
7,2574,375,0,0,3,3,858,1323,250,1573
7,2574,480,0,0,3,3,858,1001,160,1161
7,2574,480,0,0,3,3,858,9317,160,9477
7,2574,649,0,0,11,11,234,448,59,507
7,2574,768,0,0,3,3,858,819,256,1075
7,2574,858,0,0,3,3,858,875,286,1161
7,2574,936,0,0,3,3,858,1225,624,1849
7,2574,1053,0,0,13,13,198,175,81,256
7,2574,1125,0,0,3,3,858,1001,375,1376
7,2574,1144,0,0,13,13,198,49,176,225
7,2574,1215,0,0,3,3,858,1792,405,2197
7,2574,1419,0,0,3,3,858,567,473,1040
7,2574,1419,0,0,3,3,858,1575,473,2048
7,2574,1573,0,0,13,13,198,504,121,625
7,2574,2112,0,0,3,3,858,441,1408,1849
7,2574,2112,0,0,33,33,78,105,64,169
7,2576,126,0,0,14,14,184,686,27,713
7,2576,1134,0,0,14,14,184,448,81,529
7,2576,1472,0,0,92,92,28,49,32,81
7,2580,10,0,0,10,10,258,350,1,351
7,2580,10,0,0,10,10,258,728,1,729
7,2580,129,0,0,129,129,20,175,1,176
7,2580,172,0,0,43,43,60,147,8,155
7,2580,240,0,0,6,6,430,2107,80,2187
7,2580,430,0,0,10,10,258,2457,43,2500
7,2580,500,0,0,10,10,258,301,50,351
7,2580,1040,0,0,10,10,258,301,104,405
7,2580,1075,0,0,43,43,60,56,25,81
7,2580,1376,0,0,86,86,30,49,32,81
7,2580,1690,0,0,10,10,258,175,169,344
7,2580,1690,0,0,10,10,258,49,338,387
7,2580,1690,0,0,10,10,258,560,169,729
7,2580,1690,0,0,10,10,258,1680,169,1849
7,2580,2150,0,0,86,86,30,56,25,81
7,2584,34,0,0,34,34,76,168,1,169
7,2584,34,0,0,34,34,76,728,1,729
7,2584,76,0,0,76,76,34,49,2,51
7,2584,76,0,0,76,76,34,63,1,64
7,2584,204,0,0,34,34,76,343,18,361
7,2584,1224,0,0,34,34,76,133,36,169
7,2584,1938,0,0,34,34,76,112,57,169
7,2584,2584,0,0,68,68,38,49,76,125
7,2590,7,0,0,7,7,370,1295,1,1296
7,2590,189,0,0,7,7,370,1120,27,1147
7,2590,592,0,0,37,37,70,49,32,81
7,2590,777,0,0,7,7,370,1715,333,2048
7,2590,875,0,0,7,7,370,259,125,384
7,2590,2016,0,0,7,7,370,49,576,625
7,2592,9,0,0,9,9,288,840,1,841
7,2592,16,0,0,16,16,162,287,1,288
7,2592,54,0,0,54,54,48,63,1,64
7,2592,54,0,0,54,54,48,224,1,225
7,2592,72,0,0,24,24,108,343,9,352
7,2592,72,0,0,72,72,36,56,1,57
7,2592,72,0,0,72,72,36,63,1,64
7,2592,128,0,0,4,4,648,1183,32,1215
7,2592,261,0,0,9,9,288,700,29,729
7,2592,576,0,0,36,36,72,49,32,81
7,2592,1620,0,0,4,4,648,1792,405,2197
7,2592,2592,0,0,9,9,288,49,576,625
7,2596,22,0,0,22,22,118,224,1,225
7,2596,118,0,0,118,118,22,63,1,64
7,2596,1408,0,0,22,22,118,49,128,177
7,2596,2596,0,0,22,22,118,7,118,125
7,2600,45,0,0,5,5,520,1015,9,1024
7,2600,80,0,0,5,5,520,609,16,625
7,2600,80,0,0,20,20,130,1323,8,1331
7,2600,80,0,0,20,20,130,1617,8,1625
7,2600,130,0,0,130,130,20,175,1,176
7,2600,160,0,0,5,5,520,1183,32,1215
7,2600,220,0,0,20,20,130,147,22,169
7,2600,220,0,0,20,20,130,189,11,200
7,2600,220,0,0,20,20,130,364,11,375
7,2600,234,0,0,26,26,100,119,9,128
7,2600,234,0,0,26,26,100,280,9,289
7,2600,260,0,0,20,20,130,350,13,363
7,2600,290,0,0,5,5,520,567,58,625
7,2600,325,0,0,5,5,520,6496,65,6561
7,2600,416,0,0,26,26,100,119,16,135
7,2600,416,0,0,52,52,50,49,16,65
7,2600,500,0,0,20,20,130,231,25,256
7,2600,540,0,0,20,20,130,1183,27,1210
7,2600,640,0,0,5,5,520,3969,256,4225
7,2600,640,0,0,20,20,130,1183,32,1215
7,2600,650,0,0,26,26,100,119,25,144
7,2600,1000,0,0,5,5,520,441,400,841
7,2600,1200,0,0,20,20,130,49,120,169
7,2600,1280,0,0,5,5,520,875,256,1131
7,2600,1305,0,0,5,5,520,364,261,625
7,2600,1620,0,0,20,20,130,175,81,256
7,2600,1690,0,0,5,5,520,49,676,725
7,2600,1760,0,0,20,20,130,49,176,225
7,2600,2106,0,0,26,26,100,119,81,200
7,2600,2106,0,0,26,26,100,175,81,256
7,2600,2500,0,0,20,20,130,91,125,216
7,2600,2500,0,0,20,20,130,847,125,972
7,2600,2500,0,0,20,20,130,1323,250,1573
7,2600,2600,0,0,26,26,100,189,100,289
7,2604,27,0,0,3,3,868,1015,9,1024
7,2604,48,0,0,3,3,868,945,16,961
7,2604,119,0,0,7,7,372,847,17,864
7,2604,448,0,0,7,7,372,833,128,961
7,2604,558,0,0,62,62,42,112,9,121
7,2604,783,0,0,3,3,868,700,261,961
7,2604,992,0,0,62,62,42,49,32,81
7,2604,1488,0,0,93,93,28,49,32,81
7,2604,1875,0,0,3,3,868,336,625,961
7,2604,1875,0,0,3,3,868,6944,625,7569
7,2610,15,0,0,15,15,174,231,1,232
7,2610,27,0,0,3,3,870,1015,9,1024
7,2610,29,0,0,29,29,90,161,1,162
7,2610,29,0,0,29,29,90,224,1,225
7,2610,232,0,0,29,29,90,567,8,575
7,2610,243,0,0,3,3,870,2401,324,2725
7,2610,327,0,0,3,3,870,2240,109,2349
7,2610,327,0,0,3,3,870,5075,109,5184
7,2610,720,0,0,45,45,58,49,32,81
7,2610,720,0,0,45,45,58,609,16,625
7,2610,783,0,0,3,3,870,763,261,1024
7,2610,1125,0,0,45,45,58,56,25,81
7,2610,1392,0,0,87,87,30,49,32,81
7,2610,1856,0,0,29,29,90,161,64,225
7,2610,2001,0,0,29,29,90,56,69,125
7,2610,2175,0,0,87,87,30,56,25,81
7,2610,2610,0,0,45,45,58,567,58,625
7,2618,22,0,0,11,11,238,2023,2,2025
7,2618,77,0,0,77,77,34,49,2,51
7,2618,77,0,0,77,77,34,63,1,64
7,2618,99,0,0,11,11,238,280,9,289
7,2618,119,0,0,119,119,22,63,1,64
7,2618,1100,0,0,11,11,238,189,100,289
7,2620,30,0,0,10,10,262,343,9,352
7,2620,131,0,0,131,131,20,175,1,176
7,2622,2622,0,0,69,69,38,49,76,125
7,2624,8,0,0,8,8,328,1372,3,1375
7,2624,8,0,0,8,8,328,1680,1,1681
7,2624,8,0,0,8,8,328,3024,1,3025
7,2624,64,0,0,8,8,328,2009,16,2025
7,2624,123,0,0,41,41,64,343,9,352
7,2624,216,0,0,8,8,328,875,27,902
7,2624,288,0,0,8,8,328,343,108,451
7,2624,512,0,0,8,8,328,1225,128,1353
7,2624,792,0,0,8,8,328,343,297,640
7,2624,1000,0,0,8,8,328,847,125,972
7,2624,1280,0,0,8,8,328,49,320,369
7,2624,1476,0,0,41,41,64,49,72,121
7,2624,1800,0,0,8,8,328,287,225,512
7,2624,2304,0,0,8,8,328,49,576,625
7,2624,2624,0,0,8,8,328,35,328,363
7,2624,2624,0,0,8,8,328,77,328,405
7,2628,18,0,0,18,18,146,511,1,512
7,2628,24,0,0,6,6,438,1323,8,1331
7,2628,24,0,0,6,6,438,5621,4,5625
7,2628,73,0,0,73,73,36,56,1,57
7,2628,73,0,0,73,73,36,63,1,64
7,2628,750,0,0,6,6,438,847,125,972
7,2628,1452,0,0,6,6,438,245,484,729
7,2632,8,0,0,4,4,658,2205,4,2209
7,2632,64,0,0,4,4,658,875,16,891
7,2632,1504,0,0,94,94,28,49,32,81
7,2640,8,0,0,8,8,330,1372,3,1375
7,2640,8,0,0,8,8,330,2240,1,2241
7,2640,8,0,0,8,8,330,3024,1,3025
7,2640,16,0,0,4,4,660,1323,8,1331
7,2640,20,0,0,20,20,132,1407,1,1408
7,2640,22,0,0,22,22,120,224,1,225
7,2640,24,0,0,8,8,330,343,9,352
7,2640,36,0,0,12,12,220,343,9,352
7,2640,44,0,0,11,11,240,1323,8,1331
7,2640,55,0,0,55,55,48,63,1,64
7,2640,55,0,0,55,55,48,224,1,225
7,2640,60,0,0,12,12,220,259,5,264
7,2640,64,0,0,4,4,660,875,16,891
7,2640,99,0,0,11,11,240,616,9,625
7,2640,120,0,0,40,40,66,343,9,352
7,2640,120,0,0,120,120,22,63,1,64
7,2640,132,0,0,132,132,20,175,1,176
7,2640,176,0,0,11,11,240,875,16,891
7,2640,176,0,0,22,22,120,175,8,183
7,2640,176,0,0,44,44,60,147,8,155
7,2640,192,0,0,8,8,330,343,72,415
7,2640,192,0,0,8,8,330,581,24,605
7,2640,275,0,0,11,11,240,231,25,256
7,2640,330,0,0,30,30,88,189,11,200
7,2640,400,0,0,5,5,528,343,240,583
7,2640,750,0,0,30,30,88,49,50,99
7,2640,750,0,0,30,30,88,231,25,256
7,2640,792,0,0,8,8,330,343,297,640
7,2640,891,0,0,11,11,240,175,81,256
7,2640,968,0,0,4,4,660,245,484,729
7,2640,1100,0,0,4,4,660,2317,275,2592
7,2640,1100,0,0,44,44,60,56,25,81
7,2640,1320,0,0,5,5,528,2597,528,3125
7,2640,1324,0,0,4,4,660,560,331,891
7,2640,1324,0,0,4,4,660,693,331,1024
7,2640,1324,0,0,4,4,660,1694,331,2025
7,2640,1331,0,0,11,11,240,504,121,625
7,2640,1408,0,0,88,88,30,49,32,81
7,2640,1440,0,0,30,30,88,77,48,125
7,2640,1632,0,0,6,6,440,1925,272,2197
7,2640,2200,0,0,88,88,30,56,25,81
7,2640,2220,0,0,12,12,220,112,185,297
7,2640,2304,0,0,8,8,330,49,576,625
7,2640,2430,0,0,30,30,88,175,81,256
7,2640,2640,0,0,30,30,88,49,176,225
7,2646,567,0,0,63,63,42,112,9,121
7,2646,1008,0,0,63,63,42,49,32,81
7,2650,424,0,0,53,53,50,49,16,65
7,2652,6,0,0,6,6,442,728,1,729
7,2652,6,0,0,6,6,442,1183,1,1184
7,2652,34,0,0,34,34,78,168,1,169
7,2652,34,0,0,34,34,78,224,1,225
7,2652,34,0,0,34,34,78,350,1,351
7,2652,34,0,0,34,34,78,728,1,729
7,2652,78,0,0,78,78,34,49,2,51
7,2652,78,0,0,78,78,34,63,1,64
7,2652,102,0,0,6,6,442,1036,17,1053
7,2652,104,0,0,13,13,204,721,8,729
7,2652,832,0,0,26,26,102,189,32,221
7,2652,884,0,0,26,26,102,49,68,117
7,2652,1152,0,0,6,6,442,1813,384,2197
7,2652,1377,0,0,17,17,156,1183,81,1264
7,2652,2176,0,0,34,34,78,105,64,169
7,2656,592,0,0,4,4,664,581,148,729
7,2660,14,0,0,14,14,190,224,1,225
7,2660,14,0,0,14,14,190,399,1,400
7,2660,35,0,0,35,35,76,168,1,169
7,2660,35,0,0,35,35,76,728,1,729
7,2660,133,0,0,133,133,20,175,1,176
7,2660,210,0,0,35,35,76,343,18,361
7,2660,608,0,0,38,38,70,49,32,81
7,2660,640,0,0,5,5,532,4361,256,4617
7,2660,896,0,0,14,14,190,665,64,729
7,2660,1260,0,0,35,35,76,133,36,169
7,2660,1520,0,0,95,95,28,49,32,81
7,2660,1995,0,0,35,35,76,112,57,169
7,2660,2432,0,0,19,19,140,497,128,625
7,2660,2660,0,0,70,70,38,49,76,125
7,2662,121,0,0,121,121,22,63,1,64
7,2664,3,0,0,3,3,888,1295,1,1296
7,2664,18,0,0,18,18,148,224,1,225
7,2664,18,0,0,18,18,148,1295,1,1296
7,2664,74,0,0,74,74,36,56,1,57
7,2664,74,0,0,74,74,36,63,1,64
7,2664,333,0,0,3,3,888,1715,333,2048
7,2664,592,0,0,37,37,72,49,32,81
7,2668,736,0,0,46,46,58,49,32,81
7,2668,736,0,0,46,46,58,609,16,625
7,2668,1150,0,0,46,46,58,56,25,81
7,2668,2668,0,0,46,46,58,567,58,625
7,2670,1424,0,0,89,89,30,49,32,81
7,2670,2225,0,0,89,89,30,56,25,81
7,2670,2670,0,0,15,15,178,49,356,405
7,2680,134,0,0,134,134,20,175,1,176
7,2680,972,0,0,4,4,670,343,729,1072
7,2684,11,0,0,11,11,244,287,1,288
7,2684,122,0,0,122,122,22,63,1,64
7,2686,79,0,0,79,79,34,49,2,51
7,2686,79,0,0,79,79,34,63,1,64
7,2688,32,0,0,16,16,168,2023,2,2025
7,2688,56,0,0,56,56,48,63,1,64
7,2688,56,0,0,56,56,48,224,1,225
7,2688,126,0,0,42,42,64,343,9,352
7,2688,144,0,0,16,16,168,280,9,289
7,2688,576,0,0,64,64,42,112,9,121
7,2688,1024,0,0,64,64,42,49,32,81
7,2688,1512,0,0,42,42,64,49,72,121
7,2688,1536,0,0,96,96,28,49,32,81
7,2688,1600,0,0,16,16,168,189,100,289
7,2690,5,0,0,5,5,538,1344,1,1345
7,2690,1440,0,0,5,5,538,49,576,625
7,2690,2690,0,0,5,5,538,49,1076,1125
7,2698,2698,0,0,71,71,38,49,76,125
7,2700,12,0,0,3,3,900,1323,8,1331
7,2700,30,0,0,30,30,90,161,1,162
7,2700,30,0,0,30,30,90,224,1,225
7,2700,54,0,0,6,6,450,791,9,800
7,2700,75,0,0,25,25,108,343,9,352
7,2700,75,0,0,75,75,36,56,1,57
7,2700,75,0,0,75,75,36,63,1,64
7,2700,96,0,0,3,3,900,1617,64,1681
7,2700,135,0,0,135,135,20,175,1,176
7,2700,180,0,0,45,45,60,147,8,155
7,2700,240,0,0,30,30,90,567,8,575
7,2700,243,0,0,27,27,100,119,9,128
7,2700,243,0,0,27,27,100,280,9,289
7,2700,250,0,0,10,10,270,2023,25,2048
7,2700,342,0,0,18,18,150,224,19,243
7,2700,342,0,0,18,18,150,343,57,400
7,2700,369,0,0,3,3,900,1925,123,2048
7,2700,375,0,0,3,3,900,847,125,972
7,2700,432,0,0,27,27,100,119,16,135
7,2700,432,0,0,54,54,50,49,16,65
7,2700,675,0,0,27,27,100,119,25,144
7,2700,1125,0,0,45,45,60,56,25,81
7,2700,1440,0,0,5,5,540,49,576,625
7,2700,1440,0,0,90,90,30,49,32,81
7,2700,1920,0,0,30,30,90,161,64,225
7,2700,2070,0,0,30,30,90,56,69,125
7,2700,2187,0,0,27,27,100,119,81,200
7,2700,2187,0,0,27,27,100,175,81,256
7,2700,2250,0,0,90,90,30,56,25,81
7,2700,2560,0,0,10,10,270,119,256,375
7,2700,2592,0,0,9,9,300,49,576,625
7,2700,2700,0,0,27,27,100,189,100,289
7,2704,200,0,0,8,8,338,2023,25,2048
7,2704,2704,0,0,13,13,208,35,208,243
7,2706,11,0,0,11,11,246,287,1,288
7,2706,123,0,0,41,41,66,343,9,352
7,2706,123,0,0,123,123,22,63,1,64
7,2712,108,0,0,4,4,678,2744,81,2825
7,2712,200,0,0,4,4,678,2401,200,2601
7,2712,1536,0,0,3,3,904,5537,1024,6561
7,2712,2048,0,0,4,4,678,5537,1024,6561
7,2714,23,0,0,23,23,118,224,1,225
7,2714,1472,0,0,23,23,118,49,128,177
7,2714,2714,0,0,23,23,118,7,118,125
7,2716,1552,0,0,97,97,28,49,32,81
7,2718,681,0,0,3,3,906,343,681,1024
7,2720,17,0,0,17,17,160,224,1,225
7,2720,32,0,0,8,8,340,357,4,361
7,2720,48,0,0,8,8,340,343,18,361
7,2720,80,0,0,80,80,34,49,2,51
7,2720,80,0,0,80,80,34,63,1,64
7,2720,136,0,0,136,136,20,175,1,176
7,2720,200,0,0,8,8,340,336,25,361
7,2720,200,0,0,8,8,340,2023,25,2048
7,2720,216,0,0,8,8,340,448,27,475
7,2720,256,0,0,4,4,680,833,128,961
7,2720,400,0,0,16,16,170,2023,25,2048
7,2720,608,0,0,8,8,340,1225,152,1377
7,2720,648,0,0,8,8,340,280,81,361
7,2720,648,0,0,8,8,340,1372,243,1615
7,2720,1000,0,0,8,8,340,833,250,1083
7,2720,2048,0,0,8,8,340,105,256,361
7,2720,2048,0,0,8,8,340,119,256,375
7,2720,2176,0,0,8,8,340,133,272,405
7,2720,2720,0,0,8,8,340,21,340,361
7,2720,2720,0,0,8,8,340,49,680,729
7,2726,752,0,0,47,47,58,49,32,81
7,2726,752,0,0,47,47,58,609,16,625
7,2726,1175,0,0,47,47,58,56,25,81
7,2726,2726,0,0,47,47,58,567,58,625
7,2728,124,0,0,4,4,682,2268,31,2299
7,2728,124,0,0,124,124,22,63,1,64
7,2728,341,0,0,31,31,88,189,11,200
7,2728,775,0,0,31,31,88,49,50,99
7,2728,775,0,0,31,31,88,231,25,256
7,2728,1488,0,0,31,31,88,77,48,125
7,2728,2511,0,0,31,31,88,175,81,256
7,2728,2728,0,0,31,31,88,49,176,225
7,2730,27,0,0,3,3,910,2366,9,2375
7,2730,35,0,0,35,35,78,168,1,169
7,2730,35,0,0,35,35,78,224,1,225
7,2730,35,0,0,35,35,78,350,1,351
7,2730,35,0,0,35,35,78,728,1,729
7,2730,84,0,0,21,21,130,1323,8,1331
7,2730,84,0,0,21,21,130,1617,8,1625
7,2730,195,0,0,3,3,910,2527,65,2592
7,2730,231,0,0,21,21,130,147,22,169
7,2730,231,0,0,21,21,130,189,11,200
7,2730,231,0,0,21,21,130,364,11,375
7,2730,273,0,0,21,21,130,350,13,363
7,2730,384,0,0,3,3,910,3969,256,4225
7,2730,405,0,0,3,3,910,4459,405,4864
7,2730,525,0,0,21,21,130,231,25,256
7,2730,567,0,0,21,21,130,1183,27,1210
7,2730,585,0,0,65,65,42,112,9,121
7,2730,624,0,0,39,39,70,49,32,81
7,2730,672,0,0,21,21,130,1183,32,1215
7,2730,1040,0,0,65,65,42,49,32,81
7,2730,1260,0,0,21,21,130,49,120,169
7,2730,1456,0,0,91,91,30,49,32,81
7,2730,1701,0,0,21,21,130,175,81,256
7,2730,1848,0,0,21,21,130,49,176,225
7,2730,1875,0,0,3,3,910,399,625,1024
7,2730,1875,0,0,3,3,910,819,625,1444
7,2730,1875,0,0,3,3,910,896,625,1521
7,2730,2240,0,0,35,35,78,105,64,169
7,2730,2275,0,0,91,91,30,56,25,81
7,2730,2400,0,0,3,3,910,4459,2400,6859
7,2730,2625,0,0,21,21,130,91,125,216
7,2730,2625,0,0,21,21,130,847,125,972
7,2730,2625,0,0,21,21,130,1323,250,1573
7,2736,36,0,0,36,36,76,168,1,169
7,2736,36,0,0,36,36,76,728,1,729
7,2736,48,0,0,8,8,342,343,18,361
7,2736,48,0,0,12,12,228,525,4,529
7,2736,57,0,0,57,57,48,63,1,64
7,2736,57,0,0,57,57,48,224,1,225
7,2736,72,0,0,12,12,228,343,18,361
7,2736,76,0,0,76,76,36,56,1,57
7,2736,76,0,0,76,76,36,63,1,64
7,2736,216,0,0,36,36,76,343,18,361
7,2736,300,0,0,12,12,228,336,25,361
7,2736,300,0,0,12,12,228,504,25,529
7,2736,324,0,0,12,12,228,448,27,475
7,2736,456,0,0,8,8,342,1792,57,1849
7,2736,552,0,0,12,12,228,315,46,361
7,2736,608,0,0,38,38,72,49,32,81
7,2736,972,0,0,12,12,228,175,81,256
7,2736,972,0,0,12,12,228,280,81,361
7,2736,972,0,0,12,12,228,448,81,529
7,2736,1140,0,0,12,12,228,161,95,256
7,2736,1296,0,0,36,36,76,133,36,169
7,2736,1371,0,0,3,3,912,567,457,1024
7,2736,1371,0,0,3,3,912,5488,1371,6859
7,2736,1500,0,0,12,12,228,483,125,608
7,2736,2052,0,0,36,36,76,112,57,169
7,2736,2400,0,0,12,12,228,161,200,361
7,2736,2736,0,0,72,72,38,49,76,125
7,2740,137,0,0,137,137,20,175,1,176
7,2740,1280,0,0,5,5,548,2401,1024,3425
7,2740,2740,0,0,5,5,548,77,548,625
7,2744,1568,0,0,98,98,28,49,32,81
7,2750,20,0,0,5,5,550,1323,8,1331
7,2750,90,0,0,5,5,550,539,36,575
7,2750,125,0,0,125,125,22,63,1,64
7,2750,440,0,0,55,55,50,49,16,65
7,2750,625,0,0,5,5,550,847,125,972
7,2750,1210,0,0,5,5,550,245,484,729
7,2750,1840,0,0,5,5,550,847,368,1215
7,2750,2645,0,0,5,5,550,175,529,704
7,2750,2645,0,0,5,5,550,560,529,1089
7,2750,2645,0,0,5,5,550,5103,529,5632
7,2752,129,0,0,43,43,64,343,9,352
7,2752,1548,0,0,43,43,64,49,72,121
7,2754,3,0,0,3,3,918,4760,1,4761
7,2754,17,0,0,17,17,162,287,1,288
7,2754,51,0,0,3,3,918,5103,17,5120
7,2754,81,0,0,81,81,34,49,2,51
7,2754,81,0,0,81,81,34,63,1,64
7,2754,150,0,0,3,3,918,2401,200,2601
7,2754,612,0,0,9,9,306,2401,272,2673
7,2754,864,0,0,27,27,102,189,32,221
7,2754,918,0,0,27,27,102,49,68,117
7,2758,28,0,0,7,7,394,1323,8,1331
7,2760,16,0,0,4,4,690,1211,4,1215
7,2760,23,0,0,23,23,120,224,1,225
7,2760,30,0,0,6,6,460,616,5,621
7,2760,135,0,0,15,15,184,686,27,713
7,2760,138,0,0,138,138,20,175,1,176
7,2760,184,0,0,23,23,120,175,8,183
7,2760,184,0,0,46,46,60,147,8,155
7,2760,276,0,0,4,4,690,1211,69,1280
7,2760,1150,0,0,46,46,60,56,25,81
7,2760,1215,0,0,15,15,184,448,81,529
7,2760,1472,0,0,92,92,30,49,32,81
7,2760,2116,0,0,4,4,690,336,529,865
7,2760,2300,0,0,92,92,30,56,25,81
7,2772,21,0,0,21,21,132,1407,1,1408
7,2772,28,0,0,7,7,396,1323,8,1331
7,2772,56,0,0,14,14,198,1323,8,1331
7,2772,77,0,0,77,77,36,56,1,57
7,2772,77,0,0,77,77,36,63,1,64
7,2772,126,0,0,14,14,198,616,9,625
7,2772,126,0,0,42,42,66,343,9,352
7,2772,126,0,0,126,126,22,63,1,64
7,2772,224,0,0,14,14,198,875,16,891
7,2772,350,0,0,14,14,198,231,25,256
7,2772,594,0,0,66,66,42,112,9,121
7,2772,1056,0,0,66,66,42,49,32,81
7,2772,1134,0,0,14,14,198,175,81,256
7,2772,1232,0,0,14,14,198,49,176,225
7,2772,1584,0,0,99,99,28,49,32,81
7,2772,1694,0,0,14,14,198,504,121,625
7,2774,19,0,0,19,19,146,511,1,512
7,2774,2774,0,0,73,73,38,49,76,125
7,2780,139,0,0,139,139,20,175,1,176
7,2784,12,0,0,12,12,232,728,1,729
7,2784,16,0,0,16,16,174,231,1,232
7,2784,58,0,0,58,58,48,63,1,64
7,2784,58,0,0,58,58,48,224,1,225
7,2784,768,0,0,48,48,58,49,32,81
7,2784,768,0,0,48,48,58,609,16,625
7,2784,1200,0,0,48,48,58,56,25,81
7,2784,2028,0,0,12,12,232,672,169,841
7,2784,2349,0,0,3,3,928,217,783,1000
7,2784,2784,0,0,3,3,928,1519,1856,3375
7,2784,2784,0,0,48,48,58,567,58,625
7,2788,82,0,0,82,82,34,49,2,51
7,2788,82,0,0,82,82,34,63,1,64
7,2790,31,0,0,31,31,90,161,1,162
7,2790,31,0,0,31,31,90,224,1,225
7,2790,144,0,0,9,9,310,945,16,961
7,2790,225,0,0,9,9,310,378,25,403
7,2790,225,0,0,9,9,310,651,25,676
7,2790,248,0,0,31,31,90,567,8,575
7,2790,288,0,0,9,9,310,1183,32,1215
7,2790,585,0,0,9,9,310,896,65,961
7,2790,900,0,0,9,9,310,637,200,837
7,2790,1152,0,0,9,9,310,147,256,403
7,2790,1296,0,0,9,9,310,343,432,775
7,2790,1488,0,0,93,93,30,49,32,81
7,2790,1984,0,0,31,31,90,161,64,225
7,2790,2139,0,0,31,31,90,56,69,125
7,2790,2187,0,0,3,3,930,6727,729,7456
7,2790,2325,0,0,93,93,30,56,25,81
7,2794,127,0,0,127,127,22,63,1,64
7,2800,20,0,0,10,10,280,2205,4,2209
7,2800,252,0,0,28,28,100,119,9,128
7,2800,252,0,0,28,28,100,280,9,289
7,2800,448,0,0,28,28,100,119,16,135
7,2800,448,0,0,56,56,50,49,16,65
7,2800,512,0,0,4,4,700,3969,256,4225
7,2800,640,0,0,40,40,70,49,32,81
7,2800,700,0,0,28,28,100,119,25,144
7,2800,1600,0,0,100,100,28,49,32,81
7,2800,2016,0,0,7,7,400,49,576,625
7,2800,2268,0,0,28,28,100,119,81,200
7,2800,2268,0,0,28,28,100,175,81,256
7,2800,2500,0,0,4,4,700,896,625,1521
7,2800,2560,0,0,20,20,140,497,128,625
7,2800,2800,0,0,28,28,100,189,100,289
7,2808,6,0,0,6,6,468,728,1,729
7,2808,6,0,0,6,6,468,4095,1,4096
7,2808,6,0,0,6,6,468,5264,1,5265
7,2808,16,0,0,4,4,702,1323,8,1331
7,2808,36,0,0,12,12,234,413,3,416
7,2808,36,0,0,36,36,78,168,1,169
7,2808,36,0,0,36,36,78,224,1,225
7,2808,36,0,0,36,36,78,350,1,351
7,2808,36,0,0,36,36,78,728,1,729
7,2808,78,0,0,6,6,468,987,13,1000
7,2808,78,0,0,26,26,108,343,9,352
7,2808,78,0,0,78,78,36,56,1,57
7,2808,78,0,0,78,78,36,63,1,64
7,2808,624,0,0,39,39,72,49,32,81
7,2808,708,0,0,12,12,234,448,59,507
7,2808,729,0,0,3,3,936,343,729,1072
7,2808,1014,0,0,6,6,468,560,169,729
7,2808,1128,0,0,6,6,468,4375,188,4563
7,2808,1458,0,0,18,18,156,1183,81,1264
7,2808,1728,0,0,6,6,468,49,576,625
7,2808,2304,0,0,36,36,78,105,64,169
7,2808,2400,0,0,6,6,468,329,400,729
7,2808,2430,0,0,6,6,468,1792,405,2197
7,2810,160,0,0,5,5,562,2401,128,2529
7,2810,405,0,0,5,5,562,1967,81,2048
7,2812,19,0,0,19,19,148,224,1,225
7,2812,19,0,0,19,19,148,1295,1,1296
7,2812,37,0,0,37,37,76,168,1,169
7,2812,37,0,0,37,37,76,728,1,729
7,2812,222,0,0,37,37,76,343,18,361
7,2812,1332,0,0,37,37,76,133,36,169
7,2812,2109,0,0,37,37,76,112,57,169
7,2812,2812,0,0,74,74,38,49,76,125
7,2814,603,0,0,67,67,42,112,9,121
7,2814,1072,0,0,67,67,42,49,32,81
7,2814,1701,0,0,7,7,402,343,729,1072
7,2816,32,0,0,8,8,352,1323,8,1331
7,2816,128,0,0,128,128,22,63,1,64
7,2816,132,0,0,44,44,64,343,9,352
7,2816,352,0,0,32,32,88,189,11,200
7,2816,800,0,0,32,32,88,49,50,99
7,2816,800,0,0,32,32,88,231,25,256
7,2816,1416,0,0,8,8,352,847,177,1024
7,2816,1536,0,0,32,32,88,77,48,125
7,2816,1584,0,0,44,44,64,49,72,121
7,2816,2592,0,0,32,32,88,175,81,256
7,2816,2816,0,0,32,32,88,49,176,225
7,2820,6,0,0,3,3,940,2205,4,2209
7,2820,188,0,0,47,47,60,147,8,155
7,2820,1175,0,0,47,47,60,56,25,81
7,2820,1504,0,0,94,94,30,49,32,81
7,2820,2350,0,0,94,94,30,56,25,81
7,2822,83,0,0,83,83,34,49,2,51
7,2822,83,0,0,83,83,34,63,1,64
7,2828,1616,0,0,101,101,28,49,32,81
7,2832,4,0,0,4,4,708,3479,2,3481
7,2832,4,0,0,4,4,708,5040,1,5041
7,2832,24,0,0,24,24,118,224,1,225
7,2832,59,0,0,59,59,48,63,1,64
7,2832,59,0,0,59,59,48,224,1,225
7,2832,284,0,0,4,4,708,3304,71,3375
7,2832,1536,0,0,24,24,118,49,128,177
7,2832,2832,0,0,24,24,118,7,118,125
7,2838,3,0,0,3,3,946,1848,1,1849
7,2838,11,0,0,11,11,258,350,1,351
7,2838,11,0,0,11,11,258,728,1,729
7,2838,129,0,0,43,43,66,343,9,352
7,2838,129,0,0,129,129,22,63,1,64
7,2838,473,0,0,11,11,258,2457,43,2500
7,2838,550,0,0,11,11,258,301,50,351
7,2838,948,0,0,3,3,946,5929,632,6561
7,2838,1144,0,0,11,11,258,301,104,405
7,2838,1859,0,0,11,11,258,175,169,344
7,2838,1859,0,0,11,11,258,49,338,387
7,2838,1859,0,0,11,11,258,560,169,729
7,2838,1859,0,0,11,11,258,1680,169,1849
7,2838,2187,0,0,3,3,946,602,729,1331
7,2840,5,0,0,5,5,568,1064,1,1065
7,2840,5,0,0,5,5,568,5040,1,5041
7,2840,320,0,0,5,5,568,665,64,729
7,2840,1125,0,0,5,5,568,497,225,722
7,2840,1440,0,0,5,5,568,49,576,625
7,2842,784,0,0,49,49,58,49,32,81
7,2842,784,0,0,49,49,58,609,16,625
7,2842,1225,0,0,49,49,58,56,25,81
7,2842,2842,0,0,49,49,58,567,58,625
7,2844,15,0,0,3,3,948,2128,5,2133
7,2844,57,0,0,3,3,948,1106,19,1125
7,2844,79,0,0,79,79,36,56,1,57
7,2844,79,0,0,79,79,36,63,1,64
7,2844,1185,0,0,3,3,948,1792,395,2187
7,2848,2848,0,0,16,16,178,49,356,405
7,2850,15,0,0,5,5,570,1232,3,1235
7,2850,15,0,0,5,5,570,3325,3,3328
7,2850,15,0,0,15,15,190,224,1,225
7,2850,15,0,0,15,15,190,399,1,400
7,2850,25,0,0,5,5,570,1183,5,1188
7,2850,25,0,0,5,5,570,4389,5,4394
7,2850,95,0,0,5,5,570,637,38,675
7,2850,95,0,0,5,5,570,1925,19,1944
7,2850,95,0,0,5,5,570,2541,19,2560
7,2850,95,0,0,5,5,570,4375,19,4394
7,2850,120,0,0,5,5,570,2275,24,2299
7,2850,130,0,0,5,5,570,1323,52,1375
7,2850,165,0,0,5,5,570,1183,33,1216
7,2850,165,0,0,5,5,570,2527,33,2560
7,2850,190,0,0,5,5,570,567,38,605
7,2850,361,0,0,19,19,150,224,19,243
7,2850,361,0,0,19,19,150,343,57,400
7,2850,456,0,0,57,57,50,49,16,65
7,2850,715,0,0,5,5,570,532,143,675
7,2850,760,0,0,5,5,570,693,152,845
7,2850,960,0,0,5,5,570,1183,192,1375
7,2850,960,0,0,15,15,190,665,64,729
7,2850,1040,0,0,5,5,570,875,208,1083
7,2850,1170,0,0,5,5,570,343,702,1045
7,2850,1215,0,0,5,5,570,1330,243,1573
7,2850,1520,0,0,95,95,30,49,32,81
7,2850,2080,0,0,5,5,570,189,416,605
7,2850,2375,0,0,95,95,30,56,25,81
7,2850,2430,0,0,5,5,570,1225,972,2197
7,2850,2500,0,0,5,5,570,539,1000,1539
7,2850,2535,0,0,5,5,570,133,507,640
7,2850,2535,0,0,5,5,570,1792,507,2299
7,2850,2535,0,0,5,5,570,1925,507,2432
7,2850,2850,0,0,75,75,38,49,76,125
7,2856,6,0,0,3,3,952,2597,4,2601
7,2856,14,0,0,7,7,408,2023,2,2025
7,2856,24,0,0,12,12,238,2023,2,2025
7,2856,34,0,0,17,17,168,2023,2,2025
7,2856,84,0,0,84,84,34,49,2,51
7,2856,84,0,0,84,84,34,63,1,64
7,2856,108,0,0,12,12,238,280,9,289
7,2856,112,0,0,14,14,204,721,8,729
7,2856,153,0,0,17,17,168,280,9,289
7,2856,175,0,0,7,7,408,672,25,697
7,2856,175,0,0,7,7,408,2023,25,2048
7,2856,357,0,0,7,7,408,574,51,625
7,2856,612,0,0,68,68,42,112,9,121
7,2856,896,0,0,7,7,408,441,256,697
7,2856,896,0,0,28,28,102,189,32,221
7,2856,952,0,0,28,28,102,49,68,117
7,2856,1088,0,0,68,68,42,49,32,81
7,2856,1200,0,0,12,12,238,189,100,289
7,2856,1435,0,0,7,7,408,49,410,459
7,2856,1632,0,0,102,102,28,49,32,81
7,2856,1700,0,0,17,17,168,189,100,289
7,2856,2023,0,0,7,7,408,287,289,576
7,2856,2023,0,0,7,7,408,336,289,625
7,2856,2268,0,0,7,7,408,49,648,697
7,2856,2380,0,0,7,7,408,49,680,729
7,2860,10,0,0,10,10,286,728,1,729
7,2860,39,0,0,13,13,220,343,9,352
7,2860,65,0,0,13,13,220,259,5,264
7,2860,88,0,0,22,22,130,1323,8,1331
7,2860,88,0,0,22,22,130,1617,8,1625
7,2860,130,0,0,130,130,22,63,1,64
7,2860,242,0,0,22,22,130,147,22,169
7,2860,242,0,0,22,22,130,189,11,200
7,2860,242,0,0,22,22,130,364,11,375
7,2860,286,0,0,22,22,130,350,13,363
7,2860,550,0,0,22,22,130,231,25,256
7,2860,594,0,0,22,22,130,1183,27,1210
7,2860,704,0,0,22,22,130,1183,32,1215
7,2860,1320,0,0,22,22,130,49,120,169
7,2860,1782,0,0,22,22,130,175,81,256
7,2860,1936,0,0,22,22,130,49,176,225
7,2860,2405,0,0,13,13,220,112,185,297
7,2860,2750,0,0,22,22,130,91,125,216
7,2860,2750,0,0,22,22,130,847,125,972
7,2860,2750,0,0,22,22,130,1323,250,1573
7,2864,2304,0,0,8,8,358,49,576,625
7,2868,486,0,0,6,6,478,875,81,956
7,2868,2250,0,0,6,6,478,1673,375,2048
7,2870,656,0,0,41,41,70,49,32,81
7,2880,3,0,0,3,3,960,1183,1,1184
7,2880,3,0,0,3,3,960,1295,1,1296
7,2880,3,0,0,3,3,960,2401,4,2405
7,2880,3,0,0,3,3,960,4095,1,4096
7,2880,9,0,0,3,3,960,10976,9,10985
7,2880,10,0,0,10,10,288,840,1,841
7,2880,18,0,0,18,18,160,224,1,225
7,2880,24,0,0,3,3,960,3367,8,3375
7,2880,24,0,0,24,24,120,224,1,225
7,2880,32,0,0,32,32,90,161,1,162
7,2880,32,0,0,32,32,90,224,1,225
7,2880,48,0,0,12,12,240,1323,8,1331
7,2880,60,0,0,60,60,48,63,1,64
7,2880,60,0,0,60,60,48,224,1,225
7,2880,80,0,0,80,80,36,56,1,57
7,2880,80,0,0,80,80,36,63,1,64
7,2880,108,0,0,12,12,240,616,9,625
7,2880,135,0,0,45,45,64,343,9,352
7,2880,192,0,0,3,3,960,6125,128,6253
7,2880,192,0,0,12,12,240,875,16,891
7,2880,192,0,0,24,24,120,175,8,183
7,2880,192,0,0,48,48,60,147,8,155
7,2880,256,0,0,4,4,720,665,64,729
7,2880,256,0,0,32,32,90,567,8,575
7,2880,290,0,0,10,10,288,700,29,729
7,2880,300,0,0,12,12,240,231,25,256
7,2880,444,0,0,3,3,960,1225,296,1521
7,2880,507,0,0,3,3,960,2331,169,2500
7,2880,576,0,0,3,3,960,1813,384,2197
7,2880,640,0,0,40,40,72,49,32,81
7,2880,972,0,0,12,12,240,175,81,256
7,2880,1200,0,0,48,48,60,56,25,81
7,2880,1452,0,0,12,12,240,504,121,625
7,2880,1458,0,0,3,3,960,1225,972,2197
7,2880,1536,0,0,96,96,30,49,32,81
7,2880,1620,0,0,45,45,64,49,72,121
7,2880,2025,0,0,3,3,960,343,2025,2368
7,2880,2048,0,0,32,32,90,161,64,225
7,2880,2187,0,0,3,3,960,455,729,1184
7,2880,2187,0,0,3,3,960,896,729,1625
7,2880,2187,0,0,3,3,960,3367,729,4096
7,2880,2208,0,0,32,32,90,56,69,125
7,2880,2400,0,0,96,96,30,56,25,81
7,2880,2880,0,0,10,10,288,49,576,625
7,2882,33,0,0,11,11,262,343,9,352
7,2882,131,0,0,131,131,22,63,1,64
7,2884,56,0,0,7,7,412,721,8,729
7,2884,1648,0,0,103,103,28,49,32,81
7,2886,37,0,0,37,37,78,168,1,169
7,2886,37,0,0,37,37,78,224,1,225
7,2886,37,0,0,37,37,78,350,1,351
7,2886,37,0,0,37,37,78,728,1,729
7,2886,2368,0,0,37,37,78,105,64,169
7,2888,38,0,0,38,38,76,168,1,169
7,2888,38,0,0,38,38,76,728,1,729
7,2888,228,0,0,38,38,76,343,18,361
7,2888,1368,0,0,38,38,76,133,36,169
7,2888,2166,0,0,38,38,76,112,57,169
7,2888,2888,0,0,76,76,38,49,76,125
7,2890,20,0,0,5,5,578,833,8,841
7,2890,85,0,0,85,85,34,49,2,51
7,2890,85,0,0,85,85,34,63,1,64
7,2890,125,0,0,5,5,578,2023,25,2048
7,2890,425,0,0,17,17,170,2023,25,2048
7,2898,7,0,0,7,7,414,728,1,729
7,2898,7,0,0,7,7,414,896,1,897
7,2898,621,0,0,69,69,42,112,9,121
7,2898,1104,0,0,69,69,42,49,32,81
7,2898,1183,0,0,7,7,414,567,169,736
7,2898,2457,0,0,7,7,414,161,351,512
7,2900,5,0,0,5,5,580,840,1,841
7,2900,30,0,0,5,5,580,2401,24,2425
7,2900,145,0,0,5,5,580,700,29,729
7,2900,250,0,0,5,5,580,679,50,729
7,2900,261,0,0,29,29,100,119,9,128
7,2900,261,0,0,29,29,100,280,9,289
7,2900,464,0,0,29,29,100,119,16,135
7,2900,464,0,0,58,58,50,49,16,65
7,2900,485,0,0,5,5,580,875,97,972
7,2900,625,0,0,5,5,580,2688,125,2813
7,2900,725,0,0,29,29,100,119,25,144
7,2900,800,0,0,50,50,58,49,32,81
7,2900,800,0,0,50,50,58,609,16,625
7,2900,810,0,0,5,5,580,679,162,841
7,2900,1250,0,0,50,50,58,56,25,81
7,2900,1440,0,0,5,5,580,49,576,625
7,2900,2349,0,0,29,29,100,119,81,200
7,2900,2349,0,0,29,29,100,175,81,256
7,2900,2900,0,0,29,29,100,189,100,289
7,2900,2900,0,0,50,50,58,567,58,625
7,2904,22,0,0,22,22,132,1407,1,1408
7,2904,132,0,0,44,44,66,343,9,352
7,2904,132,0,0,132,132,22,63,1,64
7,2904,363,0,0,33,33,88,189,11,200
7,2904,825,0,0,33,33,88,49,50,99
7,2904,825,0,0,33,33,88,231,25,256
7,2904,1584,0,0,33,33,88,77,48,125
7,2904,2673,0,0,33,33,88,175,81,256
7,2904,2904,0,0,33,33,88,49,176,225
7,2910,18,0,0,3,3,970,2401,24,2425
7,2910,1440,0,0,5,5,582,4753,576,5329
7,2910,1552,0,0,97,97,30,49,32,81
7,2910,2425,0,0,97,97,30,56,25,81
7,2912,1664,0,0,104,104,28,49,32,81
7,2912,2912,0,0,14,14,208,35,208,243
7,2916,18,0,0,18,18,162,287,1,288
7,2916,81,0,0,27,27,108,343,9,352
7,2916,81,0,0,81,81,36,56,1,57
7,2916,81,0,0,81,81,36,63,1,64
7,2920,20,0,0,20,20,146,511,1,512
7,2920,288,0,0,4,4,730,3577,144,3721
7,2920,876,0,0,4,4,730,343,657,1000
7,2920,2500,0,0,4,4,730,1022,625,1647
7,2924,86,0,0,86,86,34,49,2,51
7,2924,86,0,0,86,86,34,63,1,64
7,2926,133,0,0,7,7,418,1925,19,1944
7,2926,133,0,0,7,7,418,2541,19,2560
7,2926,133,0,0,133,133,22,63,1,64
7,2926,231,0,0,7,7,418,2527,33,2560
7,2926,2926,0,0,77,77,38,49,76,125
7,2928,12,0,0,12,12,244,287,1,288
7,2928,61,0,0,61,61,48,63,1,64
7,2928,61,0,0,61,61,48,224,1,225
7,2928,144,0,0,8,8,366,3703,18,3721
7,2928,648,0,0,8,8,366,448,81,529
7,2940,196,0,0,49,49,60,147,8,155
7,2940,630,0,0,70,70,42,112,9,121
7,2940,672,0,0,42,42,70,49,32,81
7,2940,885,0,0,5,5,588,448,177,625
7,2940,1120,0,0,70,70,42,49,32,81
7,2940,1225,0,0,49,49,60,56,25,81
7,2940,1568,0,0,98,98,30,49,32,81
7,2940,1680,0,0,105,105,28,49,32,81
7,2940,2450,0,0,98,98,30,56,25,81
7,2940,2688,0,0,21,21,140,497,128,625
7,2944,138,0,0,46,46,64,343,9,352
7,2944,144,0,0,16,16,184,686,27,713
7,2944,1296,0,0,16,16,184,448,81,529
7,2944,1656,0,0,46,46,64,49,72,121
7,2948,134,0,0,134,134,22,63,1,64
7,2950,25,0,0,25,25,118,224,1,225
7,2950,472,0,0,59,59,50,49,16,65
7,2950,1600,0,0,25,25,118,49,128,177
7,2950,2950,0,0,25,25,118,7,118,125
7,2952,9,0,0,9,9,328,1372,3,1375
7,2952,9,0,0,9,9,328,1680,1,1681
7,2952,9,0,0,9,9,328,3024,1,3025
7,2952,12,0,0,12,12,246,287,1,288
7,2952,20,0,0,4,4,738,1512,5,1517
7,2952,72,0,0,9,9,328,2009,16,2025
7,2952,82,0,0,82,82,36,56,1,57
7,2952,82,0,0,82,82,36,63,1,64
7,2952,123,0,0,3,3,984,4872,41,4913
7,2952,243,0,0,9,9,328,875,27,902
7,2952,324,0,0,9,9,328,343,108,451
7,2952,576,0,0,9,9,328,1225,128,1353
7,2952,656,0,0,41,41,72,49,32,81
7,2952,891,0,0,9,9,328,343,297,640
7,2952,1125,0,0,9,9,328,847,125,972
7,2952,1440,0,0,9,9,328,49,320,369
7,2952,2025,0,0,9,9,328,287,225,512
7,2952,2166,0,0,6,6,492,287,361,648
7,2952,2448,0,0,3,3,984,49,1632,1681
7,2952,2592,0,0,9,9,328,49,576,625
7,2952,2624,0,0,4,4,738,1813,1312,3125
7,2952,2700,0,0,4,4,738,343,2025,2368
7,2952,2952,0,0,9,9,328,35,328,363
7,2952,2952,0,0,9,9,328,77,328,405
7,2958,17,0,0,17,17,174,231,1,232
7,2958,87,0,0,87,87,34,49,2,51
7,2958,87,0,0,87,87,34,63,1,64
7,2958,816,0,0,51,51,58,49,32,81
7,2958,816,0,0,51,51,58,609,16,625
7,2958,928,0,0,29,29,102,189,32,221
7,2958,986,0,0,29,29,102,49,68,117
7,2958,1275,0,0,51,51,58,56,25,81
7,2958,2958,0,0,51,51,58,567,58,625
7,2960,8,0,0,8,8,370,1295,1,1296
7,2960,20,0,0,5,5,592,1323,8,1331
7,2960,20,0,0,20,20,148,224,1,225
7,2960,20,0,0,20,20,148,1295,1,1296
7,2960,216,0,0,8,8,370,1120,27,1147
7,2960,888,0,0,8,8,370,1715,333,2048
7,2960,1000,0,0,8,8,370,259,125,384
7,2960,2304,0,0,8,8,370,49,576,625
7,2960,2960,0,0,5,5,592,147,1184,1331
7,2964,3,0,0,3,3,988,1330,1,1331
7,2964,3,0,0,3,3,988,1372,3,1375
7,2964,3,0,0,3,3,988,2079,1,2080
7,2964,3,0,0,3,3,988,3024,1,3025
7,2964,3,0,0,3,3,988,3969,2,3971
7,2964,3,0,0,3,3,988,4095,1,4096
7,2964,3,0,0,3,3,988,5775,1,5776
7,2964,3,0,0,3,3,988,10647,1,10648
7,2964,3,0,0,3,3,988,12635,1,12636
7,2964,9,0,0,3,3,988,1232,3,1235
7,2964,9,0,0,3,3,988,3325,3,3328
7,2964,9,0,0,3,3,988,10976,9,10985
7,2964,24,0,0,3,3,988,2527,8,2535
7,2964,24,0,0,3,3,988,9625,8,9633
7,2964,38,0,0,38,38,78,168,1,169
7,2964,38,0,0,38,38,78,224,1,225
7,2964,38,0,0,38,38,78,350,1,351
7,2964,38,0,0,38,38,78,728,1,729
7,2964,39,0,0,39,39,76,168,1,169
7,2964,39,0,0,39,39,76,728,1,729
7,2964,52,0,0,13,13,228,525,4,529
7,2964,72,0,0,3,3,988,2275,24,2299
7,2964,78,0,0,13,13,228,343,18,361
7,2964,234,0,0,39,39,76,343,18,361
7,2964,325,0,0,13,13,228,336,25,361
7,2964,325,0,0,13,13,228,504,25,529
7,2964,351,0,0,13,13,228,448,27,475
7,2964,486,0,0,3,3,988,1463,162,1625
7,2964,507,0,0,3,3,988,3080,169,3249
7,2964,576,0,0,3,3,988,1183,192,1375
7,2964,598,0,0,13,13,228,315,46,361
7,2964,675,0,0,3,3,988,1183,225,1408
7,2964,702,0,0,3,3,988,343,702,1045
7,2964,1053,0,0,13,13,228,175,81,256
7,2964,1053,0,0,13,13,228,280,81,361
7,2964,1053,0,0,13,13,228,448,81,529
7,2964,1235,0,0,13,13,228,161,95,256
7,2964,1368,0,0,3,3,988,875,456,1331
7,2964,1368,0,0,3,3,988,2401,1824,4225
7,2964,1404,0,0,39,39,76,133,36,169
7,2964,1458,0,0,3,3,988,1225,972,2197
7,2964,1500,0,0,3,3,988,539,1000,1539
7,2964,1521,0,0,3,3,988,1792,507,2299
7,2964,1521,0,0,3,3,988,1925,507,2432
7,2964,1536,0,0,3,3,988,819,512,1331
7,2964,1539,0,0,19,19,156,1183,81,1264
7,2964,1625,0,0,13,13,228,483,125,608
7,2964,1815,0,0,3,3,988,448,605,1053
7,2964,2187,0,0,3,3,988,896,729,1625
7,2964,2223,0,0,39,39,76,112,57,169
7,2964,2432,0,0,38,38,78,105,64,169
7,2964,2592,0,0,3,3,988,11011,864,11875
7,2964,2600,0,0,13,13,228,161,200,361
7,2964,2964,0,0,3,3,988,49,1976,2025
7,2964,2964,0,0,78,78,38,49,76,125
7,2968,1696,0,0,106,106,28,49,32,81
7,2970,9,0,0,9,9,330,1372,3,1375
7,2970,9,0,0,9,9,330,2240,1,2241
7,2970,9,0,0,9,9,330,3024,1,3025
7,2970,15,0,0,3,3,990,10633,15,10648
7,2970,27,0,0,9,9,330,343,9,352
7,2970,33,0,0,33,33,90,161,1,162
7,2970,33,0,0,33,33,90,224,1,225
7,2970,60,0,0,15,15,198,1323,8,1331
7,2970,93,0,0,3,3,990,1344,31,1375
7,2970,135,0,0,15,15,198,616,9,625
7,2970,135,0,0,45,45,66,343,9,352
7,2970,135,0,0,135,135,22,63,1,64
7,2970,216,0,0,9,9,330,343,72,415
7,2970,216,0,0,9,9,330,581,24,605
7,2970,240,0,0,15,15,198,875,16,891
7,2970,264,0,0,33,33,90,567,8,575
7,2970,275,0,0,11,11,270,2023,25,2048
7,2970,375,0,0,15,15,198,231,25,256
7,2970,891,0,0,9,9,330,343,297,640
7,2970,1215,0,0,15,15,198,175,81,256
7,2970,1320,0,0,15,15,198,49,176,225
7,2970,1440,0,0,5,5,594,1043,288,1331
7,2970,1584,0,0,99,99,30,49,32,81
7,2970,1815,0,0,15,15,198,504,121,625
7,2970,2112,0,0,33,33,90,161,64,225
7,2970,2277,0,0,33,33,90,56,69,125
7,2970,2475,0,0,99,99,30,56,25,81
7,2970,2592,0,0,9,9,330,49,576,625
7,2970,2816,0,0,11,11,270,119,256,375
7,2976,62,0,0,62,62,48,63,1,64
7,2976,62,0,0,62,62,48,224,1,225
7,2976,136,0,0,8,8,372,847,17,864
7,2976,512,0,0,8,8,372,833,128,961
7,2976,1492,0,0,4,4,744,651,373,1024
7,2982,7,0,0,7,7,426,567,1,568
7,2982,639,0,0,71,71,42,112,9,121
7,2982,1136,0,0,71,71,42,49,32,81
7,2988,6,0,0,6,6,498,2240,1,2241
7,2988,83,0,0,83,83,36,56,1,57
7,2988,83,0,0,83,83,36,63,1,64
7,2988,1728,0,0,6,6,498,49,576,625
7,2990,92,0,0,23,23,130,1323,8,1331
7,2990,92,0,0,23,23,130,1617,8,1625
7,2990,253,0,0,23,23,130,147,22,169
7,2990,253,0,0,23,23,130,189,11,200
7,2990,253,0,0,23,23,130,364,11,375
7,2990,299,0,0,23,23,130,350,13,363
7,2990,575,0,0,23,23,130,231,25,256
7,2990,621,0,0,23,23,130,1183,27,1210
7,2990,736,0,0,23,23,130,1183,32,1215
7,2990,1380,0,0,23,23,130,49,120,169
7,2990,1495,0,0,5,5,598,1701,299,2000
7,2990,1863,0,0,23,23,130,175,81,256
7,2990,2024,0,0,23,23,130,49,176,225
7,2990,2430,0,0,5,5,598,1225,972,2197
7,2990,2875,0,0,23,23,130,91,125,216
7,2990,2875,0,0,23,23,130,847,125,972
7,2990,2875,0,0,23,23,130,1323,250,1573
7,2992,4,0,0,4,4,748,1155,1,1156
7,2992,4,0,0,4,4,748,1372,3,1375
7,2992,4,0,0,4,4,748,3024,1,3025
7,2992,80,0,0,4,4,748,847,20,867
7,2992,88,0,0,88,88,34,49,2,51
7,2992,88,0,0,88,88,34,63,1,64
7,2992,136,0,0,136,136,22,63,1,64
7,2992,200,0,0,4,4,748,2401,200,2601
7,2992,374,0,0,34,34,88,189,11,200
7,2992,500,0,0,4,4,748,847,125,972
7,2992,612,0,0,4,4,748,847,153,1000
7,2992,850,0,0,34,34,88,49,50,99
7,2992,850,0,0,34,34,88,231,25,256
7,2992,1632,0,0,34,34,88,77,48,125
7,2992,2376,0,0,4,4,748,343,1782,2125
7,2992,2754,0,0,34,34,88,175,81,256
7,2992,2992,0,0,34,34,88,49,176,225
7,2996,1712,0,0,107,107,28,49,32,81
7,3000,25,0,0,25,25,120,224,1,225
7,3000,200,0,0,5,5,600,2107,80,2187
7,3000,200,0,0,25,25,120,175,8,183
7,3000,200,0,0,50,50,60,147,8,155
7,3000,270,0,0,30,30,100,119,9,128
7,3000,270,0,0,30,30,100,280,9,289
7,3000,380,0,0,20,20,150,224,19,243
7,3000,380,0,0,20,20,150,343,57,400
7,3000,480,0,0,30,30,100,119,16,135
7,3000,480,0,0,60,60,50,49,16,65
7,3000,750,0,0,30,30,100,119,25,144
7,3000,1250,0,0,50,50,60,56,25,81
7,3000,1600,0,0,100,100,30,49,32,81
7,3000,2048,0,0,4,4,750,245,1024,1269
7,3000,2430,0,0,30,30,100,119,81,200
7,3000,2430,0,0,30,30,100,175,81,256
7,3000,2500,0,0,100,100,30,56,25,81
7,3000,2880,0,0,10,10,300,49,576,625
7,3000,3000,0,0,30,30,100,189,100,289
7,3002,3002,0,0,79,79,38,49,76,125
7,3008,141,0,0,47,47,64,343,9,352
7,3008,1692,0,0,47,47,64,49,72,121
7,3010,280,0,0,7,7,430,2107,80,2187
7,3010,688,0,0,43,43,70,49,32,81
7,3014,137,0,0,137,137,22,63,1,64
7,3016,13,0,0,13,13,232,728,1,729
7,3016,832,0,0,52,52,58,49,32,81
7,3016,832,0,0,52,52,58,609,16,625
7,3016,1300,0,0,52,52,58,56,25,81
7,3016,2197,0,0,13,13,232,672,169,841
7,3016,3016,0,0,52,52,58,567,58,625
7,3024,36,0,0,18,18,168,2023,2,2025
7,3024,63,0,0,63,63,48,63,1,64
7,3024,63,0,0,63,63,48,224,1,225
7,3024,84,0,0,28,28,108,343,9,352
7,3024,84,0,0,84,84,36,56,1,57
7,3024,84,0,0,84,84,36,63,1,64
7,3024,162,0,0,18,18,168,280,9,289
7,3024,264,0,0,6,6,504,441,88,529
7,3024,648,0,0,72,72,42,112,9,121
7,3024,672,0,0,42,42,72,49,32,81
7,3024,1152,0,0,72,72,42,49,32,81
7,3024,1728,0,0,108,108,28,49,32,81
7,3024,1800,0,0,18,18,168,189,100,289
7,3026,89,0,0,89,89,34,49,2,51
7,3026,89,0,0,89,89,34,63,1,64
7,3026,3026,0,0,17,17,178,49,356,405
7,3030,1616,0,0,101,101,30,49,32,81
7,3030,2525,0,0,101,101,30,56,25,81
7,3036,23,0,0,23,23,132,1407,1,1408
7,3036,138,0,0,46,46,66,343,9,352
7,3036,138,0,0,138,138,22,63,1,64
7,3040,16,0,0,16,16,190,224,1,225
7,3040,16,0,0,16,16,190,399,1,400
7,3040,19,0,0,19,19,160,224,1,225
7,3040,40,0,0,40,40,76,168,1,169
7,3040,40,0,0,40,40,76,728,1,729
7,3040,108,0,0,4,4,760,1778,27,1805
7,3040,240,0,0,40,40,76,343,18,361
7,3040,1024,0,0,16,16,190,665,64,729
7,3040,1440,0,0,40,40,76,133,36,169
7,3040,1444,0,0,4,4,760,889,361,1250
7,3040,2280,0,0,40,40,76,112,57,169
7,3040,2592,0,0,4,4,760,2527,648,3175
7,3040,3040,0,0,80,80,38,49,76,125
7,3042,39,0,0,13,13,234,413,3,416
7,3042,39,0,0,39,39,78,168,1,169
7,3042,39,0,0,39,39,78,224,1,225
7,3042,39,0,0,39,39,78,350,1,351
7,3042,39,0,0,39,39,78,728,1,729
7,3042,225,0,0,9,9,338,2023,25,2048
7,3042,767,0,0,13,13,234,448,59,507
7,3042,2496,0,0,39,39,78,105,64,169
7,3048,150,0,0,6,6,508,2023,25,2048
7,3048,2040,0,0,6,6,508,49,680,729
7,3050,85,0,0,5,5,610,4375,17,4392
7,3050,85,0,0,5,5,610,5103,17,5120
7,3050,250,0,0,5,5,610,2401,200,2601
7,3050,320,0,0,5,5,610,7497,128,7625
7,3050,488,0,0,61,61,50,49,16,65
7,3050,810,0,0,5,5,610,875,162,1037
7,3050,1440,0,0,5,5,610,49,576,625
7,3050,2560,0,0,5,5,610,525,512,1037
7,3050,2745,0,0,5,5,610,896,549,1445
7,3050,3050,0,0,5,5,610,119,610,729
7,3052,1744,0,0,109,109,28,49,32,81
7,3058,139,0,0,139,139,22,63,1,64
7,3060,34,0,0,34,34,90,161,1,162
7,3060,34,0,0,34,34,90,224,1,225
7,3060,36,0,0,9,9,340,357,4,361
7,3060,54,0,0,9,9,340,343,18,361
7,3060,85,0,0,85,85,36,56,1,57
7,3060,85,0,0,85,85,36,63,1,64
7,3060,90,0,0,90,90,34,49,2,51
7,3060,90,0,0,90,90,34,63,1,64
7,3060,120,0,0,15,15,204,721,8,729
7,3060,204,0,0,51,51,60,147,8,155
7,3060,225,0,0,9,9,340,336,25,361
7,3060,225,0,0,9,9,340,2023,25,2048
7,3060,243,0,0,9,9,340,448,27,475
7,3060,272,0,0,34,34,90,567,8,575
7,3060,300,0,0,6,6,510,2401,200,2601
7,3060,450,0,0,18,18,170,2023,25,2048
7,3060,680,0,0,10,10,306,2401,272,2673
7,3060,684,0,0,9,9,340,1225,152,1377
7,3060,729,0,0,9,9,340,280,81,361
7,3060,729,0,0,9,9,340,1372,243,1615
7,3060,960,0,0,30,30,102,189,32,221
7,3060,1020,0,0,30,30,102,49,68,117
7,3060,1125,0,0,9,9,340,833,250,1083
7,3060,1275,0,0,51,51,60,56,25,81
7,3060,1632,0,0,102,102,30,49,32,81
7,3060,1728,0,0,6,6,510,49,576,625
7,3060,2176,0,0,34,34,90,161,64,225
7,3060,2304,0,0,9,9,340,105,256,361
7,3060,2304,0,0,9,9,340,119,256,375
7,3060,2346,0,0,34,34,90,56,69,125
7,3060,2448,0,0,9,9,340,133,272,405
7,3060,2550,0,0,102,102,30,56,25,81
7,3060,3060,0,0,9,9,340,21,340,361
7,3060,3060,0,0,9,9,340,49,680,729
7,3066,21,0,0,21,21,146,511,1,512
7,3066,28,0,0,7,7,438,1323,8,1331
7,3066,28,0,0,7,7,438,5621,4,5625
7,3066,657,0,0,73,73,42,112,9,121
7,3066,875,0,0,7,7,438,847,125,972
7,3066,1168,0,0,73,73,42,49,32,81
7,3066,1694,0,0,7,7,438,245,484,729
7,3068,26,0,0,26,26,118,224,1,225
7,3068,1664,0,0,26,26,118,49,128,177
7,3068,3068,0,0,26,26,118,7,118,125
7,3072,64,0,0,64,64,48,63,1,64
7,3072,64,0,0,64,64,48,224,1,225
7,3072,144,0,0,48,48,64,343,9,352
7,3072,1728,0,0,48,48,64,49,72,121
7,3074,848,0,0,53,53,58,49,32,81
7,3074,848,0,0,53,53,58,609,16,625
7,3074,1325,0,0,53,53,58,56,25,81
7,3074,3074,0,0,53,53,58,567,58,625
7,3078,19,0,0,19,19,162,287,1,288
7,3078,54,0,0,9,9,342,343,18,361
7,3078,513,0,0,9,9,342,1792,57,1849
7,3078,3078,0,0,81,81,38,49,76,125
7,3080,22,0,0,11,11,280,2205,4,2209
7,3080,42,0,0,14,14,220,343,9,352
7,3080,70,0,0,14,14,220,259,5,264
7,3080,385,0,0,35,35,88,189,11,200
7,3080,704,0,0,44,44,70,49,32,81
7,3080,875,0,0,35,35,88,49,50,99
7,3080,875,0,0,35,35,88,231,25,256
7,3080,1680,0,0,35,35,88,77,48,125
7,3080,1760,0,0,110,110,28,49,32,81
7,3080,1904,0,0,7,7,440,1925,272,2197
7,3080,2590,0,0,14,14,220,112,185,297
7,3080,2816,0,0,22,22,140,497,128,625
7,3080,2835,0,0,35,35,88,175,81,256
7,3080,3080,0,0,35,35,88,49,176,225
7,3090,80,0,0,5,5,618,945,16,961
7,3090,720,0,0,5,5,618,343,432,775
7,3090,1200,0,0,5,5,618,721,240,961
7,3090,1648,0,0,103,103,30,49,32,81
7,3090,2575,0,0,103,103,30,56,25,81
7,3090,3090,0,0,5,5,618,7,618,625
7,3094,7,0,0,7,7,442,728,1,729
7,3094,7,0,0,7,7,442,1183,1,1184
7,3094,26,0,0,13,13,238,2023,2,2025
7,3094,91,0,0,91,91,34,49,2,51
7,3094,91,0,0,91,91,34,63,1,64
7,3094,117,0,0,13,13,238,280,9,289
7,3094,119,0,0,7,7,442,1036,17,1053
7,3094,1300,0,0,13,13,238,189,100,289
7,3094,1344,0,0,7,7,442,1813,384,2197
7,3096,12,0,0,12,12,258,350,1,351
7,3096,12,0,0,12,12,258,728,1,729
7,3096,86,0,0,86,86,36,56,1,57
7,3096,86,0,0,86,86,36,63,1,64
7,3096,516,0,0,12,12,258,2457,43,2500
7,3096,600,0,0,12,12,258,301,50,351
7,3096,688,0,0,43,43,72,49,32,81
7,3096,1024,0,0,4,4,774,2107,512,2619
7,3096,1248,0,0,12,12,258,301,104,405
7,3096,2028,0,0,12,12,258,175,169,344
7,3096,2028,0,0,12,12,258,49,338,387
7,3096,2028,0,0,12,12,258,560,169,729
7,3096,2028,0,0,12,12,258,1680,169,1849
7,3100,160,0,0,10,10,310,945,16,961
7,3100,250,0,0,10,10,310,378,25,403
7,3100,250,0,0,10,10,310,651,25,676
7,3100,279,0,0,31,31,100,119,9,128
7,3100,279,0,0,31,31,100,280,9,289
7,3100,320,0,0,10,10,310,1183,32,1215
7,3100,496,0,0,31,31,100,119,16,135
7,3100,496,0,0,62,62,50,49,16,65
7,3100,650,0,0,10,10,310,896,65,961
7,3100,775,0,0,31,31,100,119,25,144
7,3100,1000,0,0,10,10,310,637,200,837
7,3100,1280,0,0,10,10,310,147,256,403
7,3100,1440,0,0,10,10,310,343,432,775
7,3100,2511,0,0,31,31,100,119,81,200
7,3100,2511,0,0,31,31,100,175,81,256
7,3100,3100,0,0,31,31,100,189,100,289
7,3102,141,0,0,47,47,66,343,9,352
7,3108,21,0,0,21,21,148,224,1,225
7,3108,21,0,0,21,21,148,1295,1,1296
7,3108,666,0,0,74,74,42,112,9,121
7,3108,1184,0,0,74,74,42,49,32,81
7,3108,1776,0,0,111,111,28,49,32,81
7,3110,5,0,0,5,5,622,728,1,729
7,3112,4,0,0,4,4,778,3500,1,3501
7,3112,4,0,0,4,4,778,4095,1,4096
7,3112,1944,0,0,4,4,778,1225,972,2197
7,3112,2916,0,0,4,4,778,896,729,1625
7,3116,41,0,0,41,41,76,168,1,169
7,3116,41,0,0,41,41,76,728,1,729
7,3116,246,0,0,41,41,76,343,18,361
7,3116,1476,0,0,41,41,76,133,36,169
7,3116,2337,0,0,41,41,76,112,57,169
7,3116,3116,0,0,82,82,38,49,76,125
7,3120,5,0,0,5,5,624,728,1,729
7,3120,20,0,0,4,4,780,2023,5,2028
7,3120,20,0,0,4,4,780,4347,5,4352
7,3120,26,0,0,26,26,120,224,1,225
7,3120,40,0,0,40,40,78,168,1,169
7,3120,40,0,0,40,40,78,224,1,225
7,3120,40,0,0,40,40,78,350,1,351
7,3120,40,0,0,40,40,78,728,1,729
7,3120,52,0,0,13,13,240,1323,8,1331
7,3120,54,0,0,6,6,520,1015,9,1024
7,3120,65,0,0,65,65,48,63,1,64
7,3120,65,0,0,65,65,48,224,1,225
7,3120,68,0,0,4,4,780,1183,17,1200
7,3120,68,0,0,4,4,780,5103,17,5120
7,3120,96,0,0,6,6,520,609,16,625
7,3120,96,0,0,24,24,130,1323,8,1331
7,3120,96,0,0,24,24,130,1617,8,1625
7,3120,117,0,0,13,13,240,616,9,625
7,3120,160,0,0,4,4,780,1547,40,1587
7,3120,192,0,0,6,6,520,1183,32,1215
7,3120,208,0,0,13,13,240,875,16,891
7,3120,208,0,0,26,26,120,175,8,183
7,3120,208,0,0,52,52,60,147,8,155
7,3120,216,0,0,4,4,780,3703,54,3757
7,3120,264,0,0,24,24,130,147,22,169
7,3120,264,0,0,24,24,130,189,11,200
7,3120,264,0,0,24,24,130,364,11,375
7,3120,272,0,0,4,4,780,7203,272,7475
7,3120,312,0,0,24,24,130,350,13,363
7,3120,325,0,0,13,13,240,231,25,256
7,3120,348,0,0,6,6,520,567,58,625
7,3120,390,0,0,6,6,520,6496,65,6561
7,3120,460,0,0,4,4,780,637,230,867
7,3120,460,0,0,4,4,780,3213,115,3328
7,3120,600,0,0,24,24,130,231,25,256
7,3120,648,0,0,24,24,130,1183,27,1210
7,3120,768,0,0,6,6,520,3969,256,4225
7,3120,768,0,0,24,24,130,1183,32,1215
7,3120,972,0,0,4,4,780,8750,243,8993
7,3120,1053,0,0,13,13,240,175,81,256
7,3120,1196,0,0,4,4,780,1701,299,2000
7,3120,1200,0,0,6,6,520,441,400,841
7,3120,1300,0,0,52,52,60,56,25,81
7,3120,1440,0,0,24,24,130,49,120,169
7,3120,1536,0,0,6,6,520,875,256,1131
7,3120,1566,0,0,6,6,520,364,261,625
7,3120,1573,0,0,13,13,240,504,121,625
7,3120,1620,0,0,20,20,156,1183,81,1264
7,3120,1664,0,0,104,104,30,49,32,81
7,3120,1944,0,0,4,4,780,1225,972,2197
7,3120,1944,0,0,24,24,130,175,81,256
7,3120,2028,0,0,6,6,520,49,676,725
7,3120,2112,0,0,24,24,130,49,176,225
7,3120,2176,0,0,4,4,780,637,1088,1725
7,3120,2484,0,0,4,4,780,224,621,845
7,3120,2560,0,0,4,4,780,1547,640,2187
7,3120,2560,0,0,40,40,78,105,64,169
7,3120,2600,0,0,104,104,30,56,25,81
7,3120,3000,0,0,24,24,130,91,125,216
7,3120,3000,0,0,24,24,130,847,125,972
7,3120,3000,0,0,24,24,130,1323,250,1573
7,3120,3120,0,0,15,15,208,35,208,243
7,3128,92,0,0,92,92,34,49,2,51
7,3128,92,0,0,92,92,34,63,1,64
7,3128,153,0,0,17,17,184,686,27,713
7,3128,1377,0,0,17,17,184,448,81,529
7,3132,18,0,0,18,18,174,231,1,232
7,3132,87,0,0,29,29,108,343,9,352
7,3132,87,0,0,87,87,36,56,1,57
7,3132,87,0,0,87,87,36,63,1,64
7,3132,864,0,0,54,54,58,49,32,81
7,3132,864,0,0,54,54,58,609,16,625
7,3132,1350,0,0,54,54,58,56,25,81
7,3132,3132,0,0,54,54,58,567,58,625
7,3136,147,0,0,49,49,64,343,9,352
7,3136,1764,0,0,49,49,64,49,72,121
7,3136,1792,0,0,112,112,28,49,32,81
7,3144,36,0,0,12,12,262,343,9,352
7,3146,11,0,0,11,11,286,728,1,729
7,3150,35,0,0,35,35,90,161,1,162
7,3150,35,0,0,35,35,90,224,1,225
7,3150,63,0,0,7,7,450,791,9,800
7,3150,280,0,0,35,35,90,567,8,575
7,3150,395,0,0,5,5,630,945,79,1024
7,3150,399,0,0,21,21,150,224,19,243
7,3150,399,0,0,21,21,150,343,57,400
7,3150,504,0,0,63,63,50,49,16,65
7,3150,675,0,0,75,75,42,112,9,121
7,3150,720,0,0,45,45,70,49,32,81
7,3150,1200,0,0,75,75,42,49,32,81
7,3150,1680,0,0,105,105,30,49,32,81
7,3150,2240,0,0,35,35,90,161,64,225
7,3150,2415,0,0,35,35,90,56,69,125
7,3150,2625,0,0,105,105,30,56,25,81
7,3152,32,0,0,8,8,394,1323,8,1331
7,3154,3154,0,0,83,83,38,49,76,125
7,3160,4,0,0,4,4,790,1372,3,1375
7,3160,4,0,0,4,4,790,3024,1,3025
7,3160,500,0,0,4,4,790,847,125,972
7,3160,900,0,0,4,4,790,1106,225,1331
7,3160,1264,0,0,4,4,790,5929,632,6561
7,3160,2916,0,0,4,4,790,140,729,869
7,3162,93,0,0,93,93,34,49,2,51
7,3162,93,0,0,93,93,34,63,1,64
7,3162,992,0,0,31,31,102,189,32,221
7,3162,1054,0,0,31,31,102,49,68,117
7,3164,1808,0,0,113,113,28,49,32,81
7,3168,11,0,0,11,11,288,840,1,841
7,3168,24,0,0,24,24,132,1407,1,1408
7,3168,32,0,0,8,8,396,1323,8,1331
7,3168,36,0,0,9,9,352,1323,8,1331
7,3168,64,0,0,16,16,198,1323,8,1331
7,3168,66,0,0,66,66,48,63,1,64
7,3168,66,0,0,66,66,48,224,1,225
7,3168,88,0,0,88,88,36,56,1,57
7,3168,88,0,0,88,88,36,63,1,64
7,3168,144,0,0,16,16,198,616,9,625
7,3168,144,0,0,48,48,66,343,9,352
7,3168,256,0,0,16,16,198,875,16,891
7,3168,319,0,0,11,11,288,700,29,729
7,3168,396,0,0,36,36,88,189,11,200
7,3168,400,0,0,16,16,198,231,25,256
7,3168,480,0,0,6,6,528,343,240,583
7,3168,704,0,0,44,44,72,49,32,81
7,3168,900,0,0,36,36,88,49,50,99
7,3168,900,0,0,36,36,88,231,25,256
7,3168,1296,0,0,16,16,198,175,81,256
7,3168,1408,0,0,16,16,198,49,176,225
7,3168,1584,0,0,6,6,528,2597,528,3125
7,3168,1593,0,0,9,9,352,847,177,1024
7,3168,1728,0,0,36,36,88,77,48,125
7,3168,1936,0,0,16,16,198,504,121,625
7,3168,2916,0,0,36,36,88,175,81,256
7,3168,3168,0,0,11,11,288,49,576,625
7,3168,3168,0,0,36,36,88,49,176,225
7,3172,13,0,0,13,13,244,287,1,288
7,3180,5,0,0,5,5,636,847,1,848
7,3180,5,0,0,5,5,636,5103,1,5104
7,3180,212,0,0,53,53,60,147,8,155
7,3180,495,0,0,5,5,636,742,99,841
7,3180,1325,0,0,53,53,60,56,25,81
7,3180,1696,0,0,106,106,30,49,32,81
7,3180,2650,0,0,106,106,30,56,25,81
7,3186,27,0,0,27,27,118,224,1,225
7,3186,1728,0,0,27,27,118,49,128,177
7,3186,3186,0,0,27,27,118,7,118,125
7,3190,880,0,0,55,55,58,49,32,81
7,3190,880,0,0,55,55,58,609,16,625
7,3190,1375,0,0,55,55,58,56,25,81
7,3190,3190,0,0,55,55,58,567,58,625
7,3192,38,0,0,19,19,168,2023,2,2025
7,3192,42,0,0,42,42,76,168,1,169
7,3192,42,0,0,42,42,76,728,1,729
7,3192,56,0,0,14,14,228,525,4,529
7,3192,84,0,0,14,14,228,343,18,361
7,3192,171,0,0,19,19,168,280,9,289
7,3192,252,0,0,42,42,76,343,18,361
7,3192,350,0,0,14,14,228,336,25,361
7,3192,350,0,0,14,14,228,504,25,529
7,3192,378,0,0,14,14,228,448,27,475
7,3192,644,0,0,14,14,228,315,46,361
7,3192,684,0,0,76,76,42,112,9,121
7,3192,768,0,0,6,6,532,4361,256,4617
7,3192,1134,0,0,14,14,228,175,81,256
7,3192,1134,0,0,14,14,228,280,81,361
7,3192,1134,0,0,14,14,228,448,81,529
7,3192,1216,0,0,76,76,42,49,32,81
7,3192,1330,0,0,14,14,228,161,95,256
7,3192,1512,0,0,42,42,76,133,36,169
7,3192,1750,0,0,14,14,228,483,125,608
7,3192,1824,0,0,114,114,28,49,32,81
7,3192,1900,0,0,19,19,168,189,100,289
7,3192,2394,0,0,42,42,76,112,57,169
7,3192,2500,0,0,4,4,798,399,625,1024
7,3192,2800,0,0,14,14,228,161,200,361
7,3192,3192,0,0,84,84,38,49,76,125
7,3196,94,0,0,94,94,34,49,2,51
7,3196,94,0,0,94,94,34,63,1,64
7,3198,13,0,0,13,13,246,287,1,288
7,3198,41,0,0,41,41,78,168,1,169
7,3198,41,0,0,41,41,78,224,1,225
7,3198,41,0,0,41,41,78,350,1,351
7,3198,41,0,0,41,41,78,728,1,729
7,3198,2624,0,0,41,41,78,105,64,169
7,3200,20,0,0,20,20,160,224,1,225
7,3200,150,0,0,50,50,64,343,9,352
7,3200,288,0,0,32,32,100,119,9,128
7,3200,288,0,0,32,32,100,280,9,289
7,3200,512,0,0,32,32,100,119,16,135
7,3200,512,0,0,64,64,50,49,16,65
7,3200,800,0,0,32,32,100,119,25,144
7,3200,1800,0,0,50,50,64,49,72,121
7,3200,2304,0,0,8,8,400,49,576,625
7,3200,2592,0,0,32,32,100,119,81,200
7,3200,2592,0,0,32,32,100,175,81,256
7,3200,3200,0,0,32,32,100,189,100,289
7,3204,89,0,0,89,89,36,56,1,57
7,3204,89,0,0,89,89,36,63,1,64
7,3204,3204,0,0,18,18,178,49,356,405
7,3210,1712,0,0,107,107,30,49,32,81
7,3210,2675,0,0,107,107,30,56,25,81
7,3212,22,0,0,22,22,146,511,1,512
7,3216,4,0,0,4,4,804,1519,2,1521
7,3216,67,0,0,67,67,48,63,1,64
7,3216,67,0,0,67,67,48,224,1,225
7,3216,648,0,0,4,4,804,637,324,961
7,3216,1944,0,0,8,8,402,343,729,1072
7,3216,1984,0,0,4,4,804,1701,496,2197
7,3220,35,0,0,7,7,460,616,5,621
7,3220,736,0,0,46,46,70,49,32,81
7,3220,1840,0,0,115,115,28,49,32,81
7,3220,2944,0,0,23,23,140,497,128,625
7,3222,2592,0,0,9,9,358,49,576,625
7,3228,6,0,0,6,6,538,1344,1,1345
7,3228,1728,0,0,6,6,538,49,576,625
7,3228,3228,0,0,6,6,538,49,1076,1125
7,3230,17,0,0,17,17,190,224,1,225
7,3230,17,0,0,17,17,190,399,1,400
7,3230,95,0,0,95,95,34,49,2,51
7,3230,95,0,0,95,95,34,63,1,64
7,3230,475,0,0,19,19,170,2023,25,2048
7,3230,1088,0,0,17,17,190,665,64,729
7,3230,3230,0,0,85,85,38,49,76,125
7,3232,404,0,0,4,4,808,3024,101,3125
7,3234,147,0,0,49,49,66,343,9,352
7,3234,693,0,0,77,77,42,112,9,121
7,3234,1232,0,0,77,77,42,49,32,81
7,3240,20,0,0,20,20,162,287,1,288
7,3240,27,0,0,27,27,120,224,1,225
7,3240,36,0,0,36,36,90,161,1,162
7,3240,36,0,0,36,36,90,224,1,225
7,3240,90,0,0,30,30,108,343,9,352
7,3240,90,0,0,90,90,36,56,1,57
7,3240,90,0,0,90,90,36,63,1,64
7,3240,160,0,0,5,5,648,1183,32,1215
7,3240,216,0,0,27,27,120,175,8,183
7,3240,216,0,0,54,54,60,147,8,155
7,3240,288,0,0,36,36,90,567,8,575
7,3240,300,0,0,12,12,270,2023,25,2048
7,3240,720,0,0,45,45,72,49,32,81
7,3240,1350,0,0,54,54,60,56,25,81
7,3240,1728,0,0,6,6,540,49,576,625
7,3240,1728,0,0,108,108,30,49,32,81
7,3240,2025,0,0,5,5,648,1792,405,2197
7,3240,2304,0,0,36,36,90,161,64,225
7,3240,2484,0,0,36,36,90,56,69,125
7,3240,2700,0,0,108,108,30,56,25,81
7,3240,3072,0,0,12,12,270,119,256,375
7,3248,14,0,0,14,14,232,728,1,729
7,3248,896,0,0,56,56,58,49,32,81
7,3248,896,0,0,56,56,58,609,16,625
7,3248,1400,0,0,56,56,58,56,25,81
7,3248,1856,0,0,116,116,28,49,32,81
7,3248,2366,0,0,14,14,232,672,169,841
7,3248,3248,0,0,56,56,58,567,58,625
7,3250,100,0,0,25,25,130,1323,8,1331
7,3250,100,0,0,25,25,130,1617,8,1625
7,3250,275,0,0,25,25,130,147,22,169
7,3250,275,0,0,25,25,130,189,11,200
7,3250,275,0,0,25,25,130,364,11,375
7,3250,325,0,0,25,25,130,350,13,363
7,3250,520,0,0,65,65,50,49,16,65
7,3250,625,0,0,25,25,130,231,25,256
7,3250,675,0,0,25,25,130,1183,27,1210
7,3250,800,0,0,25,25,130,1183,32,1215
7,3250,1500,0,0,25,25,130,49,120,169
7,3250,2025,0,0,25,25,130,175,81,256
7,3250,2200,0,0,25,25,130,49,176,225
7,3250,3125,0,0,25,25,130,91,125,216
7,3250,3125,0,0,25,25,130,847,125,972
7,3250,3125,0,0,25,25,130,1323,250,1573
7,3256,16,0,0,4,4,814,1323,8,1331
7,3256,22,0,0,22,22,148,224,1,225
7,3256,22,0,0,22,22,148,1295,1,1296
7,3256,407,0,0,37,37,88,189,11,200
7,3256,512,0,0,4,4,814,833,256,1089
7,3256,925,0,0,37,37,88,49,50,99
7,3256,925,0,0,37,37,88,231,25,256
7,3256,1156,0,0,4,4,814,2079,289,2368
7,3256,1776,0,0,37,37,88,77,48,125
7,3256,2368,0,0,4,4,814,147,1184,1331
7,3256,2997,0,0,37,37,88,175,81,256
7,3256,3256,0,0,37,37,88,49,176,225
7,3264,16,0,0,8,8,408,2023,2,2025
7,3264,68,0,0,68,68,48,63,1,64
7,3264,68,0,0,68,68,48,224,1,225
7,3264,96,0,0,96,96,34,49,2,51
7,3264,96,0,0,96,96,34,63,1,64
7,3264,128,0,0,16,16,204,721,8,729
7,3264,153,0,0,51,51,64,343,9,352
7,3264,200,0,0,8,8,408,672,25,697
7,3264,200,0,0,8,8,408,2023,25,2048
7,3264,408,0,0,8,8,408,574,51,625
7,3264,1024,0,0,8,8,408,441,256,697
7,3264,1024,0,0,32,32,102,189,32,221
7,3264,1088,0,0,32,32,102,49,68,117
7,3264,1640,0,0,8,8,408,49,410,459
7,3264,1836,0,0,51,51,64,49,72,121
7,3264,2312,0,0,8,8,408,287,289,576
7,3264,2312,0,0,8,8,408,336,289,625
7,3264,2592,0,0,8,8,408,49,648,697
7,3264,2720,0,0,8,8,408,49,680,729
7,3268,43,0,0,43,43,76,168,1,169
7,3268,43,0,0,43,43,76,728,1,729
7,3268,258,0,0,43,43,76,343,18,361
7,3268,1548,0,0,43,43,76,133,36,169
7,3268,2451,0,0,43,43,76,112,57,169
7,3268,3268,0,0,86,86,38,49,76,125
7,3270,1744,0,0,109,109,30,49,32,81
7,3270,2725,0,0,109,109,30,56,25,81
7,3276,7,0,0,7,7,468,728,1,729
7,3276,7,0,0,7,7,468,4095,1,4096
7,3276,7,0,0,7,7,468,5264,1,5265
7,3276,42,0,0,14,14,234,413,3,416
7,3276,42,0,0,42,42,78,168,1,169
7,3276,42,0,0,42,42,78,224,1,225
7,3276,42,0,0,42,42,78,350,1,351
7,3276,42,0,0,42,42,78,728,1,729
7,3276,91,0,0,7,7,468,987,13,1000
7,3276,91,0,0,91,91,36,56,1,57
7,3276,91,0,0,91,91,36,63,1,64
7,3276,702,0,0,78,78,42,112,9,121
7,3276,826,0,0,14,14,234,448,59,507
7,3276,1183,0,0,7,7,468,560,169,729
7,3276,1248,0,0,78,78,42,49,32,81
7,3276,1316,0,0,7,7,468,4375,188,4563
7,3276,1701,0,0,21,21,156,1183,81,1264
7,3276,1872,0,0,117,117,28,49,32,81
7,3276,2016,0,0,7,7,468,49,576,625
7,3276,2688,0,0,42,42,78,105,64,169
7,3276,2800,0,0,7,7,468,329,400,729
7,3276,2835,0,0,7,7,468,1792,405,2197
7,3280,4,0,0,4,4,820,959,1,960
7,3280,4,0,0,4,4,820,1680,1,1681
7,3280,10,0,0,10,10,328,1372,3,1375
7,3280,10,0,0,10,10,328,1680,1,1681
7,3280,10,0,0,10,10,328,3024,1,3025
7,3280,32,0,0,4,4,820,2009,16,2025
7,3280,80,0,0,10,10,328,2009,16,2025
7,3280,270,0,0,10,10,328,875,27,902
7,3280,360,0,0,10,10,328,343,108,451
7,3280,640,0,0,10,10,328,1225,128,1353
7,3280,990,0,0,10,10,328,343,297,640
7,3280,1250,0,0,10,10,328,847,125,972
7,3280,1600,0,0,10,10,328,49,320,369
7,3280,2250,0,0,10,10,328,287,225,512
7,3280,2880,0,0,10,10,328,49,576,625
7,3280,2916,0,0,4,4,820,3430,2187,5617
7,3280,3280,0,0,10,10,328,35,328,363
7,3280,3280,0,0,10,10,328,77,328,405
7,3288,1536,0,0,6,6,548,2401,1024,3425
7,3288,3288,0,0,6,6,548,77,548,625
7,3290,10,0,0,5,5,658,2205,4,2209
7,3290,80,0,0,5,5,658,875,16,891
7,3290,752,0,0,47,47,70,49,32,81
7,3294,162,0,0,9,9,366,3703,18,3721
7,3294,729,0,0,9,9,366,448,81,529
7,3296,64,0,0,8,8,412,721,8,729
7,3298,97,0,0,97,97,34,49,2,51
7,3298,97,0,0,97,97,34,63,1,64
7,3300,10,0,0,10,10,330,1372,3,1375
7,3300,10,0,0,10,10,330,2240,1,2241
7,3300,10,0,0,10,10,330,3024,1,3025
7,3300,20,0,0,5,5,660,1323,8,1331
7,3300,24,0,0,6,6,550,1323,8,1331
7,3300,25,0,0,25,25,132,1407,1,1408
7,3300,30,0,0,10,10,330,343,9,352
7,3300,45,0,0,15,15,220,343,9,352
7,3300,75,0,0,15,15,220,259,5,264
7,3300,80,0,0,5,5,660,875,16,891
7,3300,108,0,0,6,6,550,539,36,575
7,3300,150,0,0,50,50,66,343,9,352
7,3300,220,0,0,55,55,60,147,8,155
7,3300,240,0,0,10,10,330,343,72,415
7,3300,240,0,0,10,10,330,581,24,605
7,3300,297,0,0,33,33,100,119,9,128
7,3300,297,0,0,33,33,100,280,9,289
7,3300,418,0,0,22,22,150,224,19,243
7,3300,418,0,0,22,22,150,343,57,400
7,3300,528,0,0,33,33,100,119,16,135
7,3300,528,0,0,66,66,50,49,16,65
7,3300,750,0,0,6,6,550,847,125,972
7,3300,825,0,0,33,33,100,119,25,144
7,3300,990,0,0,10,10,330,343,297,640
7,3300,1210,0,0,5,5,660,245,484,729
7,3300,1375,0,0,5,5,660,2317,275,2592
7,3300,1375,0,0,55,55,60,56,25,81
7,3300,1452,0,0,6,6,550,245,484,729
7,3300,1655,0,0,5,5,660,560,331,891
7,3300,1655,0,0,5,5,660,693,331,1024
7,3300,1655,0,0,5,5,660,1694,331,2025
7,3300,1760,0,0,110,110,30,49,32,81
7,3300,2208,0,0,6,6,550,847,368,1215
7,3300,2673,0,0,33,33,100,119,81,200
7,3300,2673,0,0,33,33,100,175,81,256
7,3300,2750,0,0,110,110,30,56,25,81
7,3300,2775,0,0,15,15,220,112,185,297
7,3300,2880,0,0,10,10,330,49,576,625
7,3300,3168,0,0,11,11,300,49,576,625
7,3300,3174,0,0,6,6,550,175,529,704
7,3300,3174,0,0,6,6,550,560,529,1089
7,3300,3174,0,0,6,6,550,5103,529,5632
7,3300,3300,0,0,33,33,100,189,100,289
7,3304,28,0,0,28,28,118,224,1,225
7,3304,1792,0,0,28,28,118,49,128,177
7,3304,1888,0,0,118,118,28,49,32,81
7,3304,3304,0,0,28,28,118,7,118,125
7,3306,19,0,0,19,19,174,231,1,232
7,3306,912,0,0,57,57,58,49,32,81
7,3306,912,0,0,57,57,58,609,16,625
7,3306,1425,0,0,57,57,58,56,25,81
7,3306,3306,0,0,57,57,58,567,58,625
7,3306,3306,0,0,87,87,38,49,76,125
7,3312,8,0,0,8,8,414,728,1,729
7,3312,8,0,0,8,8,414,896,1,897
7,3312,69,0,0,69,69,48,63,1,64
7,3312,69,0,0,69,69,48,224,1,225
7,3312,92,0,0,92,92,36,56,1,57
7,3312,92,0,0,92,92,36,63,1,64
7,3312,128,0,0,4,4,828,3703,32,3735
7,3312,162,0,0,18,18,184,686,27,713
7,3312,736,0,0,46,46,72,49,32,81
7,3312,1352,0,0,8,8,414,567,169,736
7,3312,1458,0,0,18,18,184,448,81,529
7,3312,1660,0,0,4,4,828,1701,415,2116
7,3312,2808,0,0,8,8,414,161,351,512
7,3318,711,0,0,79,79,42,112,9,121
7,3318,1264,0,0,79,79,42,49,32,81
7,3320,740,0,0,5,5,664,581,148,729
7,3328,156,0,0,52,52,64,343,9,352
7,3328,676,0,0,4,4,832,3584,169,3753
7,3328,1872,0,0,52,52,64,49,72,121
7,3328,3328,0,0,16,16,208,35,208,243
7,3330,9,0,0,9,9,370,1295,1,1296
7,3330,37,0,0,37,37,90,161,1,162
7,3330,37,0,0,37,37,90,224,1,225
7,3330,243,0,0,9,9,370,1120,27,1147
7,3330,296,0,0,37,37,90,567,8,575
7,3330,999,0,0,9,9,370,1715,333,2048
7,3330,1125,0,0,9,9,370,259,125,384
7,3330,1776,0,0,111,111,30,49,32,81
7,3330,2368,0,0,37,37,90,161,64,225
7,3330,2553,0,0,37,37,90,56,69,125
7,3330,2592,0,0,9,9,370,49,576,625
7,3330,2775,0,0,111,111,30,56,25,81
7,3332,28,0,0,14,14,238,2023,2,2025
7,3332,98,0,0,98,98,34,49,2,51
7,3332,98,0,0,98,98,34,63,1,64
7,3332,126,0,0,14,14,238,280,9,289
7,3332,1400,0,0,14,14,238,189,100,289
7,3332,1904,0,0,119,119,28,49,32,81
7,3336,4,0,0,4,4,834,3969,2,3971
7,3336,96,0,0,4,4,834,6811,48,6859
7,3336,2048,0,0,4,4,834,1617,1024,2641
7,3344,44,0,0,44,44,76,168,1,169
7,3344,44,0,0,44,44,76,728,1,729
7,3344,152,0,0,8,8,418,1925,19,1944
7,3344,152,0,0,8,8,418,2541,19,2560
7,3344,264,0,0,8,8,418,2527,33,2560
7,3344,264,0,0,44,44,76,343,18,361
7,3344,418,0,0,38,38,88,189,11,200
7,3344,950,0,0,38,38,88,49,50,99
7,3344,950,0,0,38,38,88,231,25,256
7,3344,1584,0,0,44,44,76,133,36,169
7,3344,1824,0,0,38,38,88,77,48,125
7,3344,2508,0,0,44,44,76,112,57,169
7,3344,3078,0,0,38,38,88,175,81,256
7,3344,3344,0,0,38,38,88,49,176,225
7,3344,3344,0,0,88,88,38,49,76,125
7,3346,567,0,0,7,7,478,875,81,956
7,3346,2625,0,0,7,7,478,1673,375,2048
7,3348,93,0,0,31,31,108,343,9,352
7,3348,93,0,0,93,93,36,56,1,57
7,3348,93,0,0,93,93,36,63,1,64
7,3348,153,0,0,9,9,372,847,17,864
7,3348,576,0,0,9,9,372,833,128,961
7,3350,536,0,0,67,67,50,49,16,65
7,3350,1215,0,0,5,5,670,343,729,1072
7,3354,13,0,0,13,13,258,350,1,351
7,3354,13,0,0,13,13,258,728,1,729
7,3354,43,0,0,43,43,78,168,1,169
7,3354,43,0,0,43,43,78,224,1,225
7,3354,43,0,0,43,43,78,350,1,351
7,3354,43,0,0,43,43,78,728,1,729
7,3354,559,0,0,13,13,258,2457,43,2500
7,3354,650,0,0,13,13,258,301,50,351
7,3354,1352,0,0,13,13,258,301,104,405
7,3354,2197,0,0,13,13,258,175,169,344
7,3354,2197,0,0,13,13,258,49,338,387
7,3354,2197,0,0,13,13,258,560,169,729
7,3354,2197,0,0,13,13,258,1680,169,1849
7,3354,2752,0,0,43,43,78,105,64,169
7,3358,23,0,0,23,23,146,511,1,512
7,3360,21,0,0,21,21,160,224,1,225
7,3360,24,0,0,12,12,280,2205,4,2209
7,3360,28,0,0,28,28,120,224,1,225
7,3360,40,0,0,20,20,168,2023,2,2025
7,3360,56,0,0,14,14,240,1323,8,1331
7,3360,70,0,0,70,70,48,63,1,64
7,3360,70,0,0,70,70,48,224,1,225
7,3360,126,0,0,14,14,240,616,9,625
7,3360,180,0,0,20,20,168,280,9,289
7,3360,224,0,0,14,14,240,875,16,891
7,3360,224,0,0,28,28,120,175,8,183
7,3360,224,0,0,56,56,60,147,8,155
7,3360,350,0,0,14,14,240,231,25,256
7,3360,720,0,0,80,80,42,112,9,121
7,3360,768,0,0,48,48,70,49,32,81
7,3360,1134,0,0,14,14,240,175,81,256
7,3360,1280,0,0,80,80,42,49,32,81
7,3360,1400,0,0,56,56,60,56,25,81
7,3360,1694,0,0,14,14,240,504,121,625
7,3360,1792,0,0,112,112,30,49,32,81
7,3360,1920,0,0,120,120,28,49,32,81
7,3360,2000,0,0,20,20,168,189,100,289
7,3360,2800,0,0,112,112,30,56,25,81
7,3360,3072,0,0,24,24,140,497,128,625
7,3364,928,0,0,58,58,58,49,32,81
7,3364,928,0,0,58,58,58,609,16,625
7,3364,1450,0,0,58,58,58,56,25,81
7,3364,3364,0,0,58,58,58,567,58,625
7,3366,68,0,0,17,17,198,1323,8,1331
7,3366,99,0,0,99,99,34,49,2,51
7,3366,99,0,0,99,99,34,63,1,64
7,3366,153,0,0,17,17,198,616,9,625
7,3366,153,0,0,51,51,66,343,9,352
7,3366,272,0,0,17,17,198,875,16,891
7,3366,425,0,0,17,17,198,231,25,256
7,3366,748,0,0,11,11,306,2401,272,2673
7,3366,1056,0,0,33,33,102,189,32,221
7,3366,1122,0,0,33,33,102,49,68,117
7,3366,1377,0,0,17,17,198,175,81,256
7,3366,1496,0,0,17,17,198,49,176,225
7,3366,2057,0,0,17,17,198,504,121,625
7,3372,192,0,0,6,6,562,2401,128,2529
7,3372,486,0,0,6,6,562,1967,81,2048
7,3376,108,0,0,4,4,844,1477,27,1504
7,3380,104,0,0,26,26,130,1323,8,1331
7,3380,104,0,0,26,26,130,1617,8,1625
7,3380,250,0,0,10,10,338,2023,25,2048
7,3380,286,0,0,26,26,130,147,22,169
7,3380,286,0,0,26,26,130,189,11,200
7,3380,286,0,0,26,26,130,364,11,375
7,3380,338,0,0,26,26,130,350,13,363
7,3380,650,0,0,26,26,130,231,25,256
7,3380,702,0,0,26,26,130,1183,27,1210
7,3380,832,0,0,26,26,130,1183,32,1215
7,3380,1560,0,0,26,26,130,49,120,169
7,3380,2106,0,0,26,26,130,175,81,256
7,3380,2288,0,0,26,26,130,49,176,225
7,3380,3250,0,0,26,26,130,91,125,216
7,3380,3250,0,0,26,26,130,847,125,972
7,3380,3250,0,0,26,26,130,1323,250,1573
7,3382,3382,0,0,19,19,178,49,356,405
7,3382,3382,0,0,89,89,38,49,76,125
7,3384,94,0,0,94,94,36,56,1,57
7,3384,94,0,0,94,94,36,63,1,64
7,3384,752,0,0,47,47,72,49,32,81
7,3388,1936,0,0,121,121,28,49,32,81
7,3390,135,0,0,5,5,678,2744,81,2825
7,3390,250,0,0,5,5,678,2401,200,2601
7,3390,1808,0,0,113,113,30,49,32,81
7,3390,2560,0,0,5,5,678,5537,1024,6561
7,3390,2825,0,0,113,113,30,56,25,81
7,3392,159,0,0,53,53,64,343,9,352
7,3392,1908,0,0,53,53,64,49,72,121
7,3400,40,0,0,10,10,340,357,4,361
7,3400,60,0,0,10,10,340,343,18,361
7,3400,68,0,0,4,4,850,5103,17,5120
7,3400,100,0,0,100,100,34,49,2,51
7,3400,100,0,0,100,100,34,63,1,64
7,3400,250,0,0,10,10,340,336,25,361
7,3400,250,0,0,10,10,340,2023,25,2048
7,3400,270,0,0,10,10,340,448,27,475
7,3400,306,0,0,34,34,100,119,9,128
7,3400,306,0,0,34,34,100,280,9,289
7,3400,320,0,0,5,5,680,833,128,961
7,3400,500,0,0,20,20,170,2023,25,2048
7,3400,544,0,0,34,34,100,119,16,135
7,3400,544,0,0,68,68,50,49,16,65
7,3400,760,0,0,10,10,340,1225,152,1377
7,3400,810,0,0,10,10,340,280,81,361
7,3400,810,0,0,10,10,340,1372,243,1615
7,3400,850,0,0,34,34,100,119,25,144
7,3400,852,0,0,4,4,850,875,213,1088
7,3400,1250,0,0,10,10,340,833,250,1083
7,3400,2560,0,0,4,4,850,567,640,1207
7,3400,2560,0,0,10,10,340,105,256,361
7,3400,2560,0,0,10,10,340,119,256,375
7,3400,2720,0,0,10,10,340,133,272,405
7,3400,2754,0,0,34,34,100,119,81,200
7,3400,2754,0,0,34,34,100,175,81,256
7,3400,3400,0,0,10,10,340,21,340,361
7,3400,3400,0,0,10,10,340,49,680,729
7,3400,3400,0,0,34,34,100,189,100,289
7,3402,21,0,0,21,21,162,287,1,288
7,3402,729,0,0,81,81,42,112,9,121
7,3402,1296,0,0,81,81,42,49,32,81
7,3404,23,0,0,23,23,148,224,1,225
7,3404,23,0,0,23,23,148,1295,1,1296
7,3406,39,0,0,13,13,262,343,9,352
7,3408,6,0,0,6,6,568,1064,1,1065
7,3408,6,0,0,6,6,568,5040,1,5041
7,3408,8,0,0,8,8,426,567,1,568
7,3408,71,0,0,71,71,48,63,1,64
7,3408,71,0,0,71,71,48,224,1,225
7,3408,384,0,0,6,6,568,665,64,729
7,3408,1350,0,0,6,6,568,497,225,722
7,3408,1728,0,0,6,6,568,49,576,625
7,3410,155,0,0,5,5,682,2268,31,2299
7,3410,176,0,0,11,11,310,945,16,961
7,3410,275,0,0,11,11,310,378,25,403
7,3410,275,0,0,11,11,310,651,25,676
7,3410,352,0,0,11,11,310,1183,32,1215
7,3410,715,0,0,11,11,310,896,65,961
7,3410,1100,0,0,11,11,310,637,200,837
7,3410,1408,0,0,11,11,310,147,256,403
7,3410,1584,0,0,11,11,310,343,432,775
7,3416,14,0,0,14,14,244,287,1,288
7,3416,1952,0,0,122,122,28,49,32,81
7,3420,18,0,0,6,6,570,1232,3,1235
7,3420,18,0,0,6,6,570,3325,3,3328
7,3420,18,0,0,18,18,190,224,1,225
7,3420,18,0,0,18,18,190,399,1,400
7,3420,30,0,0,6,6,570,1183,5,1188
7,3420,30,0,0,6,6,570,4389,5,4394
7,3420,38,0,0,38,38,90,161,1,162
7,3420,38,0,0,38,38,90,224,1,225
7,3420,45,0,0,45,45,76,168,1,169
7,3420,45,0,0,45,45,76,728,1,729
7,3420,60,0,0,10,10,342,343,18,361
7,3420,60,0,0,15,15,228,525,4,529
7,3420,90,0,0,15,15,228,343,18,361
7,3420,95,0,0,95,95,36,56,1,57
7,3420,95,0,0,95,95,36,63,1,64
7,3420,114,0,0,6,6,570,637,38,675
7,3420,114,0,0,6,6,570,1925,19,1944
7,3420,114,0,0,6,6,570,2541,19,2560
7,3420,114,0,0,6,6,570,4375,19,4394
7,3420,144,0,0,6,6,570,2275,24,2299
7,3420,156,0,0,6,6,570,1323,52,1375
7,3420,198,0,0,6,6,570,1183,33,1216
7,3420,198,0,0,6,6,570,2527,33,2560
7,3420,228,0,0,6,6,570,567,38,605
7,3420,228,0,0,57,57,60,147,8,155
7,3420,270,0,0,45,45,76,343,18,361
7,3420,304,0,0,38,38,90,567,8,575
7,3420,375,0,0,15,15,228,336,25,361
7,3420,375,0,0,15,15,228,504,25,529
7,3420,405,0,0,15,15,228,448,27,475
7,3420,570,0,0,10,10,342,1792,57,1849
7,3420,690,0,0,15,15,228,315,46,361
7,3420,858,0,0,6,6,570,532,143,675
7,3420,912,0,0,6,6,570,693,152,845
7,3420,1152,0,0,6,6,570,1183,192,1375
7,3420,1152,0,0,18,18,190,665,64,729
7,3420,1215,0,0,15,15,228,175,81,256
7,3420,1215,0,0,15,15,228,280,81,361
7,3420,1215,0,0,15,15,228,448,81,529
7,3420,1248,0,0,6,6,570,875,208,1083
7,3420,1404,0,0,6,6,570,343,702,1045
7,3420,1425,0,0,15,15,228,161,95,256
7,3420,1425,0,0,57,57,60,56,25,81
7,3420,1458,0,0,6,6,570,1330,243,1573
7,3420,1620,0,0,45,45,76,133,36,169
7,3420,1824,0,0,114,114,30,49,32,81
7,3420,1875,0,0,15,15,228,483,125,608
7,3420,2432,0,0,38,38,90,161,64,225
7,3420,2496,0,0,6,6,570,189,416,605
7,3420,2565,0,0,45,45,76,112,57,169
7,3420,2622,0,0,38,38,90,56,69,125
7,3420,2850,0,0,114,114,30,56,25,81
7,3420,2916,0,0,6,6,570,1225,972,2197
7,3420,3000,0,0,6,6,570,539,1000,1539
7,3420,3000,0,0,15,15,228,161,200,361
7,3420,3042,0,0,6,6,570,133,507,640
7,3420,3042,0,0,6,6,570,1792,507,2299
7,3420,3042,0,0,6,6,570,1925,507,2432
7,3420,3420,0,0,90,90,38,49,76,125
7,3422,29,0,0,29,29,118,224,1,225
7,3422,944,0,0,59,59,58,49,32,81
7,3422,944,0,0,59,59,58,609,16,625
7,3422,1475,0,0,59,59,58,56,25,81
7,3422,1856,0,0,29,29,118,49,128,177
7,3422,3422,0,0,29,29,118,7,118,125
7,3422,3422,0,0,59,59,58,567,58,625
7,3424,16,0,0,4,4,856,1323,8,1331
7,3424,44,0,0,4,4,856,1701,11,1712
7,3424,3424,0,0,4,4,856,147,1712,1859
7,3430,784,0,0,49,49,70,49,32,81
7,3432,12,0,0,12,12,286,728,1,729
7,3432,16,0,0,4,4,858,1323,8,1331
7,3432,16,0,0,4,4,858,1617,8,1625
7,3432,26,0,0,26,26,132,1407,1,1408
7,3432,44,0,0,4,4,858,1204,11,1215
7,3432,44,0,0,4,4,858,1365,11,1376
7,3432,44,0,0,44,44,78,168,1,169
7,3432,44,0,0,44,44,78,224,1,225
7,3432,44,0,0,44,44,78,350,1,351
7,3432,44,0,0,44,44,78,728,1,729
7,3432,52,0,0,4,4,858,6237,13,6250
7,3432,100,0,0,4,4,858,7371,25,7396
7,3432,108,0,0,4,4,858,1183,27,1210
7,3432,128,0,0,4,4,858,1183,32,1215
7,3432,156,0,0,52,52,66,343,9,352
7,3432,192,0,0,4,4,858,1715,144,1859
7,3432,429,0,0,39,39,88,189,11,200
7,3432,500,0,0,4,4,858,847,125,972
7,3432,500,0,0,4,4,858,1323,250,1573
7,3432,640,0,0,4,4,858,1001,160,1161
7,3432,640,0,0,4,4,858,9317,160,9477
7,3432,975,0,0,39,39,88,49,50,99
7,3432,975,0,0,39,39,88,231,25,256
7,3432,1024,0,0,4,4,858,819,256,1075
7,3432,1144,0,0,4,4,858,875,286,1161
7,3432,1248,0,0,4,4,858,1225,624,1849
7,3432,1500,0,0,4,4,858,1001,375,1376
7,3432,1620,0,0,4,4,858,1792,405,2197
7,3432,1782,0,0,22,22,156,1183,81,1264
7,3432,1872,0,0,39,39,88,77,48,125
7,3432,1892,0,0,4,4,858,567,473,1040
7,3432,1892,0,0,4,4,858,1575,473,2048
7,3432,2816,0,0,4,4,858,441,1408,1849
7,3432,2816,0,0,44,44,78,105,64,169
7,3432,3159,0,0,39,39,88,175,81,256
7,3432,3432,0,0,39,39,88,49,176,225
7,3434,101,0,0,101,101,34,49,2,51
7,3434,101,0,0,101,101,34,63,1,64
7,3440,320,0,0,8,8,430,2107,80,2187
7,3444,14,0,0,14,14,246,287,1,288
7,3444,738,0,0,82,82,42,112,9,121
7,3444,1312,0,0,82,82,42,49,32,81
7,3444,1968,0,0,123,123,28,49,32,81
7,3444,2527,0,0,7,7,492,287,361,648
7,3450,20,0,0,5,5,690,1211,4,1215
7,3450,345,0,0,5,5,690,1211,69,1280
7,3450,437,0,0,23,23,150,224,19,243
7,3450,437,0,0,23,23,150,343,57,400
7,3450,552,0,0,69,69,50,49,16,65
7,3450,1840,0,0,115,115,30,49,32,81
7,3450,2645,0,0,5,5,690,336,529,865
7,3450,2875,0,0,115,115,30,56,25,81
7,3456,12,0,0,12,12,288,840,1,841
7,3456,72,0,0,72,72,48,63,1,64
7,3456,72,0,0,72,72,48,224,1,225
7,3456,96,0,0,32,32,108,343,9,352
7,3456,96,0,0,96,96,36,56,1,57
7,3456,96,0,0,96,96,36,63,1,64
7,3456,162,0,0,54,54,64,343,9,352
7,3456,348,0,0,12,12,288,700,29,729
7,3456,768,0,0,48,48,72,49,32,81
7,3456,1944,0,0,54,54,64,49,72,121
7,3456,3456,0,0,12,12,288,49,576,625
7,3458,3458,0,0,91,91,38,49,76,125
7,3468,24,0,0,6,6,578,833,8,841
7,3468,102,0,0,102,102,34,49,2,51
7,3468,102,0,0,102,102,34,63,1,64
7,3468,136,0,0,17,17,204,721,8,729
7,3468,150,0,0,6,6,578,2023,25,2048
7,3468,1088,0,0,34,34,102,189,32,221
7,3468,1156,0,0,34,34,102,49,68,117
7,3472,36,0,0,4,4,868,1015,9,1024
7,3472,64,0,0,4,4,868,945,16,961
7,3472,1044,0,0,4,4,868,700,261,961
7,3472,1984,0,0,124,124,28,49,32,81
7,3472,2500,0,0,4,4,868,336,625,961
7,3472,2500,0,0,4,4,868,6944,625,7569
7,3480,6,0,0,6,6,580,840,1,841
7,3480,15,0,0,15,15,232,728,1,729
7,3480,20,0,0,20,20,174,231,1,232
7,3480,29,0,0,29,29,120,224,1,225
7,3480,36,0,0,4,4,870,1015,9,1024
7,3480,36,0,0,6,6,580,2401,24,2425
7,3480,174,0,0,6,6,580,700,29,729
7,3480,232,0,0,29,29,120,175,8,183
7,3480,232,0,0,58,58,60,147,8,155
7,3480,300,0,0,6,6,580,679,50,729
7,3480,324,0,0,4,4,870,2401,324,2725
7,3480,436,0,0,4,4,870,2240,109,2349
7,3480,436,0,0,4,4,870,5075,109,5184
7,3480,582,0,0,6,6,580,875,97,972
7,3480,750,0,0,6,6,580,2688,125,2813
7,3480,960,0,0,60,60,58,49,32,81
7,3480,960,0,0,60,60,58,609,16,625
7,3480,972,0,0,6,6,580,679,162,841
7,3480,1044,0,0,4,4,870,763,261,1024
7,3480,1450,0,0,58,58,60,56,25,81
7,3480,1500,0,0,60,60,58,56,25,81
7,3480,1728,0,0,6,6,580,49,576,625
7,3480,1856,0,0,116,116,30,49,32,81
7,3480,2535,0,0,15,15,232,672,169,841
7,3480,2900,0,0,116,116,30,56,25,81
7,3480,3480,0,0,60,60,58,567,58,625
7,3486,7,0,0,7,7,498,2240,1,2241
7,3486,747,0,0,83,83,42,112,9,121
7,3486,1328,0,0,83,83,42,49,32,81
7,3486,2016,0,0,7,7,498,49,576,625
7,3492,97,0,0,97,97,36,56,1,57
7,3492,97,0,0,97,97,36,63,1,64
7,3492,1728,0,0,6,6,582,4753,576,5329
7,3496,46,0,0,46,46,76,168,1,169
7,3496,46,0,0,46,46,76,728,1,729
7,3496,171,0,0,19,19,184,686,27,713
7,3496,276,0,0,46,46,76,343,18,361
7,3496,1539,0,0,19,19,184,448,81,529
7,3496,1656,0,0,46,46,76,133,36,169
7,3496,2622,0,0,46,46,76,112,57,169
7,3496,3496,0,0,92,92,38,49,76,125
7,3498,159,0,0,53,53,66,343,9,352
7,3500,315,0,0,35,35,100,119,9,128
7,3500,315,0,0,35,35,100,280,9,289
7,3500,560,0,0,35,35,100,119,16,135
7,3500,560,0,0,70,70,50,49,16,65
7,3500,640,0,0,5,5,700,3969,256,4225
7,3500,800,0,0,50,50,70,49,32,81
7,3500,875,0,0,35,35,100,119,25,144
7,3500,2000,0,0,125,125,28,49,32,81
7,3500,2835,0,0,35,35,100,119,81,200
7,3500,2835,0,0,35,35,100,175,81,256
7,3500,3125,0,0,5,5,700,896,625,1521
7,3500,3200,0,0,25,25,140,497,128,625
7,3500,3500,0,0,35,35,100,189,100,289
7,3502,103,0,0,103,103,34,49,2,51
7,3502,103,0,0,103,103,34,63,1,64
7,3504,24,0,0,24,24,146,511,1,512
7,3504,32,0,0,8,8,438,1323,8,1331
7,3504,32,0,0,8,8,438,5621,4,5625
7,3504,73,0,0,73,73,48,63,1,64
7,3504,73,0,0,73,73,48,224,1,225
7,3504,1000,0,0,8,8,438,847,125,972
7,3504,1936,0,0,8,8,438,245,484,729
7,3510,20,0,0,5,5,702,1323,8,1331
7,3510,39,0,0,39,39,90,161,1,162
7,3510,39,0,0,39,39,90,224,1,225
7,3510,45,0,0,15,15,234,413,3,416
7,3510,45,0,0,45,45,78,168,1,169
7,3510,45,0,0,45,45,78,224,1,225
7,3510,45,0,0,45,45,78,350,1,351
7,3510,45,0,0,45,45,78,728,1,729
7,3510,108,0,0,27,27,130,1323,8,1331
7,3510,108,0,0,27,27,130,1617,8,1625
7,3510,297,0,0,27,27,130,147,22,169
7,3510,297,0,0,27,27,130,189,11,200
7,3510,297,0,0,27,27,130,364,11,375
7,3510,312,0,0,39,39,90,567,8,575
7,3510,325,0,0,13,13,270,2023,25,2048
7,3510,351,0,0,27,27,130,350,13,363
7,3510,675,0,0,27,27,130,231,25,256
7,3510,729,0,0,27,27,130,1183,27,1210
7,3510,864,0,0,27,27,130,1183,32,1215
7,3510,885,0,0,15,15,234,448,59,507
7,3510,1620,0,0,27,27,130,49,120,169
7,3510,1872,0,0,117,117,30,49,32,81
7,3510,2187,0,0,27,27,130,175,81,256
7,3510,2376,0,0,27,27,130,49,176,225
7,3510,2496,0,0,39,39,90,161,64,225
7,3510,2691,0,0,39,39,90,56,69,125
7,3510,2880,0,0,45,45,78,105,64,169
7,3510,2925,0,0,117,117,30,56,25,81
7,3510,3328,0,0,13,13,270,119,256,375
7,3510,3375,0,0,27,27,130,91,125,216
7,3510,3375,0,0,27,27,130,847,125,972
7,3510,3375,0,0,27,27,130,1323,250,1573
7,3520,22,0,0,22,22,160,224,1,225
7,3520,40,0,0,10,10,352,1323,8,1331
7,3520,48,0,0,16,16,220,343,9,352
7,3520,80,0,0,16,16,220,259,5,264
7,3520,165,0,0,55,55,64,343,9,352
7,3520,440,0,0,40,40,88,189,11,200
7,3520,1000,0,0,40,40,88,49,50,99
7,3520,1000,0,0,40,40,88,231,25,256
7,3520,1770,0,0,10,10,352,847,177,1024
7,3520,1920,0,0,40,40,88,77,48,125
7,3520,1980,0,0,55,55,64,49,72,121
7,3520,2176,0,0,8,8,440,1925,272,2197
7,3520,2960,0,0,16,16,220,112,185,297
7,3520,3240,0,0,40,40,88,175,81,256
7,3520,3520,0,0,40,40,88,49,176,225
7,3528,42,0,0,21,21,168,2023,2,2025
7,3528,98,0,0,98,98,36,56,1,57
7,3528,98,0,0,98,98,36,63,1,64
7,3528,189,0,0,21,21,168,280,9,289
7,3528,308,0,0,7,7,504,441,88,529
7,3528,756,0,0,84,84,42,112,9,121
7,3528,784,0,0,49,49,72,49,32,81
7,3528,1062,0,0,6,6,588,448,177,625
7,3528,1344,0,0,84,84,42,49,32,81
7,3528,2016,0,0,126,126,28,49,32,81
7,3528,2100,0,0,21,21,168,189,100,289
7,3534,3534,0,0,93,93,38,49,76,125
7,3536,8,0,0,8,8,442,728,1,729
7,3536,8,0,0,8,8,442,1183,1,1184
7,3536,104,0,0,104,104,34,49,2,51
7,3536,104,0,0,104,104,34,63,1,64
7,3536,136,0,0,8,8,442,1036,17,1053
7,3536,1536,0,0,8,8,442,1813,384,2197
7,3536,3536,0,0,17,17,208,35,208,243
7,3538,976,0,0,61,61,58,49,32,81
7,3538,976,0,0,61,61,58,609,16,625
7,3538,1525,0,0,61,61,58,56,25,81
7,3538,3538,0,0,61,61,58,567,58,625
7,3540,5,0,0,5,5,708,3479,2,3481
7,3540,5,0,0,5,5,708,5040,1,5041
7,3540,30,0,0,30,30,118,224,1,225
7,3540,236,0,0,59,59,60,147,8,155
7,3540,355,0,0,5,5,708,3304,71,3375
7,3540,1475,0,0,59,59,60,56,25,81
7,3540,1888,0,0,118,118,30,49,32,81
7,3540,1920,0,0,30,30,118,49,128,177
7,3540,2950,0,0,118,118,30,56,25,81
7,3540,3540,0,0,30,30,118,7,118,125
7,3546,36,0,0,9,9,394,1323,8,1331
7,3550,568,0,0,71,71,50,49,16,65
7,3552,4,0,0,4,4,888,1295,1,1296
7,3552,24,0,0,6,6,592,1323,8,1331
7,3552,24,0,0,24,24,148,224,1,225
7,3552,24,0,0,24,24,148,1295,1,1296
7,3552,74,0,0,74,74,48,63,1,64
7,3552,74,0,0,74,74,48,224,1,225
7,3552,444,0,0,4,4,888,1715,333,2048
7,3552,3552,0,0,6,6,592,147,1184,1331
7,3556,175,0,0,7,7,508,2023,25,2048
7,3556,2032,0,0,127,127,28,49,32,81
7,3556,2380,0,0,7,7,508,49,680,729
7,3560,3560,0,0,20,20,178,49,356,405
7,3564,22,0,0,22,22,162,287,1,288
7,3564,27,0,0,27,27,132,1407,1,1408
7,3564,36,0,0,9,9,396,1323,8,1331
7,3564,72,0,0,18,18,198,1323,8,1331
7,3564,99,0,0,33,33,108,343,9,352
7,3564,99,0,0,99,99,36,56,1,57
7,3564,99,0,0,99,99,36,63,1,64
7,3564,162,0,0,18,18,198,616,9,625
7,3564,162,0,0,54,54,66,343,9,352
7,3564,288,0,0,18,18,198,875,16,891
7,3564,450,0,0,18,18,198,231,25,256
7,3564,1458,0,0,18,18,198,175,81,256
7,3564,1584,0,0,18,18,198,49,176,225
7,3564,1728,0,0,6,6,594,1043,288,1331
7,3564,2178,0,0,18,18,198,504,121,625
7,3570,30,0,0,15,15,238,2023,2,2025
7,3570,105,0,0,105,105,34,49,2,51
7,3570,105,0,0,105,105,34,63,1,64
7,3570,135,0,0,15,15,238,280,9,289
7,3570,350,0,0,7,7,510,2401,200,2601
7,3570,525,0,0,21,21,170,2023,25,2048
7,3570,765,0,0,85,85,42,112,9,121
7,3570,816,0,0,51,51,70,49,32,81
7,3570,1120,0,0,35,35,102,189,32,221
7,3570,1190,0,0,35,35,102,49,68,117
7,3570,1360,0,0,85,85,42,49,32,81
7,3570,1500,0,0,15,15,238,189,100,289
7,3570,1904,0,0,119,119,30,49,32,81
7,3570,2016,0,0,7,7,510,49,576,625
7,3570,2975,0,0,119,119,30,56,25,81
7,3572,47,0,0,47,47,76,168,1,169
7,3572,47,0,0,47,47,76,728,1,729
7,3572,282,0,0,47,47,76,343,18,361
7,3572,1692,0,0,47,47,76,133,36,169
7,3572,2679,0,0,47,47,76,112,57,169
7,3572,3572,0,0,94,94,38,49,76,125
7,3580,2880,0,0,10,10,358,49,576,625
7,3584,168,0,0,56,56,64,343,9,352
7,3584,2016,0,0,56,56,64,49,72,121
7,3584,2048,0,0,128,128,28,49,32,81
7,3588,46,0,0,46,46,78,168,1,169
7,3588,46,0,0,46,46,78,224,1,225
7,3588,46,0,0,46,46,78,350,1,351
7,3588,46,0,0,46,46,78,728,1,729
7,3588,1794,0,0,6,6,598,1701,299,2000
7,3588,1863,0,0,23,23,156,1183,81,1264
7,3588,2916,0,0,6,6,598,1225,972,2197
7,3588,2944,0,0,46,46,78,105,64,169
7,3596,992,0,0,62,62,58,49,32,81
7,3596,992,0,0,62,62,58,609,16,625
7,3596,1550,0,0,62,62,58,56,25,81
7,3596,3596,0,0,62,62,58,567,58,625
7,3600,16,0,0,4,4,900,1323,8,1331
7,3600,30,0,0,30,30,120,224,1,225
7,3600,40,0,0,40,40,90,161,1,162
7,3600,40,0,0,40,40,90,224,1,225
7,3600,60,0,0,15,15,240,1323,8,1331
7,3600,72,0,0,8,8,450,791,9,800
7,3600,75,0,0,75,75,48,63,1,64
7,3600,75,0,0,75,75,48,224,1,225
7,3600,100,0,0,100,100,36,56,1,57
7,3600,100,0,0,100,100,36,63,1,64
7,3600,128,0,0,4,4,900,1617,64,1681
7,3600,135,0,0,15,15,240,616,9,625
7,3600,240,0,0,6,6,600,2107,80,2187
7,3600,240,0,0,15,15,240,875,16,891
7,3600,240,0,0,30,30,120,175,8,183
7,3600,240,0,0,60,60,60,147,8,155
7,3600,320,0,0,5,5,720,665,64,729
7,3600,320,0,0,40,40,90,567,8,575
7,3600,324,0,0,36,36,100,119,9,128
7,3600,324,0,0,36,36,100,280,9,289
7,3600,375,0,0,15,15,240,231,25,256
7,3600,456,0,0,24,24,150,224,19,243
7,3600,456,0,0,24,24,150,343,57,400
7,3600,492,0,0,4,4,900,1925,123,2048
7,3600,500,0,0,4,4,900,847,125,972
7,3600,576,0,0,36,36,100,119,16,135
7,3600,576,0,0,72,72,50,49,16,65
7,3600,800,0,0,50,50,72,49,32,81
7,3600,900,0,0,36,36,100,119,25,144
7,3600,1215,0,0,15,15,240,175,81,256
7,3600,1500,0,0,60,60,60,56,25,81
7,3600,1815,0,0,15,15,240,504,121,625
7,3600,1920,0,0,120,120,30,49,32,81
7,3600,2560,0,0,40,40,90,161,64,225
7,3600,2592,0,0,9,9,400,49,576,625
7,3600,2760,0,0,40,40,90,56,69,125
7,3600,2916,0,0,36,36,100,119,81,200
7,3600,2916,0,0,36,36,100,175,81,256
7,3600,3000,0,0,120,120,30,56,25,81
7,3600,3456,0,0,12,12,300,49,576,625
7,3600,3600,0,0,36,36,100,189,100,289
7,3604,106,0,0,106,106,34,49,2,51
7,3604,106,0,0,106,106,34,63,1,64
7,3608,11,0,0,11,11,328,1372,3,1375
7,3608,11,0,0,11,11,328,1680,1,1681
7,3608,11,0,0,11,11,328,3024,1,3025
7,3608,88,0,0,11,11,328,2009,16,2025
7,3608,297,0,0,11,11,328,875,27,902
7,3608,396,0,0,11,11,328,343,108,451
7,3608,451,0,0,41,41,88,189,11,200
7,3608,704,0,0,11,11,328,1225,128,1353
7,3608,1025,0,0,41,41,88,49,50,99
7,3608,1025,0,0,41,41,88,231,25,256
7,3608,1089,0,0,11,11,328,343,297,640
7,3608,1375,0,0,11,11,328,847,125,972
7,3608,1760,0,0,11,11,328,49,320,369
7,3608,1968,0,0,41,41,88,77,48,125
7,3608,2475,0,0,11,11,328,287,225,512
7,3608,3168,0,0,11,11,328,49,576,625
7,3608,3321,0,0,41,41,88,175,81,256
7,3608,3608,0,0,11,11,328,35,328,363
7,3608,3608,0,0,11,11,328,77,328,405
7,3608,3608,0,0,41,41,88,49,176,225
7,3610,19,0,0,19,19,190,224,1,225
7,3610,19,0,0,19,19,190,399,1,400
7,3610,1216,0,0,19,19,190,665,64,729
7,3610,3610,0,0,95,95,38,49,76,125
7,3612,14,0,0,14,14,258,350,1,351
7,3612,14,0,0,14,14,258,728,1,729
7,3612,602,0,0,14,14,258,2457,43,2500
7,3612,700,0,0,14,14,258,301,50,351
7,3612,774,0,0,86,86,42,112,9,121
7,3612,1376,0,0,86,86,42,49,32,81
7,3612,1456,0,0,14,14,258,301,104,405
7,3612,2064,0,0,129,129,28,49,32,81
7,3612,2366,0,0,14,14,258,175,169,344
7,3612,2366,0,0,14,14,258,49,338,387
7,3612,2366,0,0,14,14,258,560,169,729
7,3612,2366,0,0,14,14,258,1680,169,1849
7,3616,2048,0,0,4,4,904,5537,1024,6561
7,3618,2187,0,0,9,9,402,343,729,1072
7,3624,908,0,0,4,4,906,343,681,1024
7,3630,11,0,0,11,11,330,1372,3,1375
7,3630,11,0,0,11,11,330,2240,1,2241
7,3630,11,0,0,11,11,330,3024,1,3025
7,3630,33,0,0,11,11,330,343,9,352
7,3630,165,0,0,55,55,66,343,9,352
7,3630,264,0,0,11,11,330,343,72,415
7,3630,264,0,0,11,11,330,581,24,605
7,3630,1089,0,0,11,11,330,343,297,640
7,3630,1936,0,0,121,121,30,49,32,81
7,3630,3025,0,0,121,121,30,56,25,81
7,3630,3168,0,0,11,11,330,49,576,625
7,3636,101,0,0,101,101,36,56,1,57
7,3636,101,0,0,101,101,36,63,1,64
7,3638,107,0,0,107,107,34,49,2,51
7,3638,107,0,0,107,107,34,63,1,64
7,3640,26,0,0,13,13,280,2205,4,2209
7,3640,36,0,0,4,4,910,2366,9,2375
7,3640,63,0,0,7,7,520,1015,9,1024
7,3640,112,0,0,7,7,520,609,16,625
7,3640,112,0,0,28,28,130,1323,8,1331
7,3640,112,0,0,28,28,130,1617,8,1625
7,3640,224,0,0,7,7,520,1183,32,1215
7,3640,260,0,0,4,4,910,2527,65,2592
7,3640,308,0,0,28,28,130,147,22,169
7,3640,308,0,0,28,28,130,189,11,200
7,3640,308,0,0,28,28,130,364,11,375
7,3640,364,0,0,28,28,130,350,13,363
7,3640,406,0,0,7,7,520,567,58,625
7,3640,455,0,0,7,7,520,6496,65,6561
7,3640,512,0,0,4,4,910,3969,256,4225
7,3640,540,0,0,4,4,910,4459,405,4864
7,3640,700,0,0,28,28,130,231,25,256
7,3640,756,0,0,28,28,130,1183,27,1210
7,3640,832,0,0,52,52,70,49,32,81
7,3640,896,0,0,7,7,520,3969,256,4225
7,3640,896,0,0,28,28,130,1183,32,1215
7,3640,1400,0,0,7,7,520,441,400,841
7,3640,1680,0,0,28,28,130,49,120,169
7,3640,1792,0,0,7,7,520,875,256,1131
7,3640,1827,0,0,7,7,520,364,261,625
7,3640,2080,0,0,130,130,28,49,32,81
7,3640,2268,0,0,28,28,130,175,81,256
7,3640,2366,0,0,7,7,520,49,676,725
7,3640,2464,0,0,28,28,130,49,176,225
7,3640,2500,0,0,4,4,910,399,625,1024
7,3640,2500,0,0,4,4,910,819,625,1444
7,3640,2500,0,0,4,4,910,896,625,1521
7,3640,3200,0,0,4,4,910,4459,2400,6859
7,3640,3328,0,0,26,26,140,497,128,625
7,3640,3500,0,0,28,28,130,91,125,216
7,3640,3500,0,0,28,28,130,847,125,972
7,3640,3500,0,0,28,28,130,1323,250,1573
7,3648,48,0,0,48,48,76,168,1,169
7,3648,48,0,0,48,48,76,728,1,729
7,3648,64,0,0,16,16,228,525,4,529
7,3648,76,0,0,76,76,48,63,1,64
7,3648,76,0,0,76,76,48,224,1,225
7,3648,96,0,0,16,16,228,343,18,361
7,3648,171,0,0,57,57,64,343,9,352
7,3648,288,0,0,48,48,76,343,18,361
7,3648,400,0,0,16,16,228,336,25,361
7,3648,400,0,0,16,16,228,504,25,529
7,3648,432,0,0,16,16,228,448,27,475
7,3648,736,0,0,16,16,228,315,46,361
7,3648,1296,0,0,16,16,228,175,81,256
7,3648,1296,0,0,16,16,228,280,81,361
7,3648,1296,0,0,16,16,228,448,81,529
7,3648,1520,0,0,16,16,228,161,95,256
7,3648,1728,0,0,48,48,76,133,36,169
7,3648,1828,0,0,4,4,912,567,457,1024
7,3648,1828,0,0,4,4,912,5488,1371,6859
7,3648,2000,0,0,16,16,228,483,125,608
7,3648,2052,0,0,57,57,64,49,72,121
7,3648,2736,0,0,48,48,76,112,57,169
7,3648,3200,0,0,16,16,228,161,200,361
7,3648,3648,0,0,96,96,38,49,76,125
7,3650,25,0,0,25,25,146,511,1,512
7,3650,360,0,0,5,5,730,3577,144,3721
7,3650,584,0,0,73,73,50,49,16,65
7,3650,1095,0,0,5,5,730,343,657,1000
7,3650,3125,0,0,5,5,730,1022,625,1647
7,3654,21,0,0,21,21,174,231,1,232
7,3654,783,0,0,87,87,42,112,9,121
7,3654,1008,0,0,63,63,58,49,32,81
7,3654,1008,0,0,63,63,58,609,16,625
7,3654,1392,0,0,87,87,42,49,32,81
7,3654,1575,0,0,63,63,58,56,25,81
7,3654,3654,0,0,63,63,58,567,58,625
7,3658,31,0,0,31,31,118,224,1,225
7,3658,1984,0,0,31,31,118,49,128,177
7,3658,3658,0,0,31,31,118,7,118,125
7,3660,15,0,0,15,15,244,287,1,288
7,3660,102,0,0,6,6,610,4375,17,4392
7,3660,102,0,0,6,6,610,5103,17,5120
7,3660,180,0,0,10,10,366,3703,18,3721
7,3660,244,0,0,61,61,60,147,8,155
7,3660,300,0,0,6,6,610,2401,200,2601
7,3660,384,0,0,6,6,610,7497,128,7625
7,3660,810,0,0,10,10,366,448,81,529
7,3660,972,0,0,6,6,610,875,162,1037
7,3660,1525,0,0,61,61,60,56,25,81
7,3660,1728,0,0,6,6,610,49,576,625
7,3660,1952,0,0,122,122,30,49,32,81
7,3660,3050,0,0,122,122,30,56,25,81
7,3660,3072,0,0,6,6,610,525,512,1037
7,3660,3294,0,0,6,6,610,896,549,1445
7,3660,3660,0,0,6,6,610,119,610,729
7,3666,47,0,0,47,47,78,168,1,169
7,3666,47,0,0,47,47,78,224,1,225
7,3666,47,0,0,47,47,78,350,1,351
7,3666,47,0,0,47,47,78,728,1,729
7,3666,3008,0,0,47,47,78,105,64,169
7,3668,42,0,0,14,14,262,343,9,352
7,3668,2096,0,0,131,131,28,49,32,81
7,3672,4,0,0,4,4,918,4760,1,4761
7,3672,18,0,0,9,9,408,2023,2,2025
7,3672,68,0,0,4,4,918,5103,17,5120
7,3672,102,0,0,34,34,108,343,9,352
7,3672,102,0,0,102,102,36,56,1,57
7,3672,102,0,0,102,102,36,63,1,64
7,3672,108,0,0,108,108,34,49,2,51
7,3672,108,0,0,108,108,34,63,1,64
7,3672,144,0,0,18,18,204,721,8,729
7,3672,200,0,0,4,4,918,2401,200,2601
7,3672,225,0,0,9,9,408,672,25,697
7,3672,225,0,0,9,9,408,2023,25,2048
7,3672,459,0,0,9,9,408,574,51,625
7,3672,816,0,0,12,12,306,2401,272,2673
7,3672,816,0,0,51,51,72,49,32,81
7,3672,1152,0,0,9,9,408,441,256,697
7,3672,1152,0,0,36,36,102,189,32,221
7,3672,1224,0,0,36,36,102,49,68,117
7,3672,1845,0,0,9,9,408,49,410,459
7,3672,2601,0,0,9,9,408,287,289,576
7,3672,2601,0,0,9,9,408,336,289,625
7,3672,2916,0,0,9,9,408,49,648,697
7,3672,3060,0,0,9,9,408,49,680,729
7,3680,23,0,0,23,23,160,224,1,225
7,3680,40,0,0,8,8,460,616,5,621
7,3680,180,0,0,20,20,184,686,27,713
7,3680,1620,0,0,20,20,184,448,81,529
7,3686,3686,0,0,97,97,38,49,76,125
7,3690,15,0,0,15,15,246,287,1,288
7,3690,25,0,0,5,5,738,1512,5,1517
7,3690,41,0,0,41,41,90,161,1,162
7,3690,41,0,0,41,41,90,224,1,225
7,3690,328,0,0,41,41,90,567,8,575
7,3690,1968,0,0,123,123,30,49,32,81
7,3690,2624,0,0,41,41,90,161,64,225
7,3690,2829,0,0,41,41,90,56,69,125
7,3690,3075,0,0,123,123,30,56,25,81
7,3690,3280,0,0,5,5,738,1813,1312,3125
7,3690,3375,0,0,5,5,738,343,2025,2368
7,3696,28,0,0,28,28,132,1407,1,1408
7,3696,44,0,0,22,22,168,2023,2,2025
7,3696,77,0,0,77,77,48,63,1,64
7,3696,77,0,0,77,77,48,224,1,225
7,3696,168,0,0,56,56,66,343,9,352
7,3696,198,0,0,22,22,168,280,9,289
7,3696,462,0,0,42,42,88,189,11,200
7,3696,560,0,0,7,7,528,343,240,583
7,3696,792,0,0,88,88,42,112,9,121
7,3696,1050,0,0,42,42,88,49,50,99
7,3696,1050,0,0,42,42,88,231,25,256
7,3696,1408,0,0,88,88,42,49,32,81
7,3696,1848,0,0,7,7,528,2597,528,3125
7,3696,2016,0,0,42,42,88,77,48,125
7,3696,2112,0,0,132,132,28,49,32,81
7,3696,2200,0,0,22,22,168,189,100,289
7,3696,3402,0,0,42,42,88,175,81,256
7,3696,3696,0,0,42,42,88,49,176,225
7,3700,10,0,0,10,10,370,1295,1,1296
7,3700,25,0,0,25,25,148,224,1,225
7,3700,25,0,0,25,25,148,1295,1,1296
7,3700,270,0,0,10,10,370,1120,27,1147
7,3700,333,0,0,37,37,100,119,9,128
7,3700,333,0,0,37,37,100,280,9,289
7,3700,592,0,0,37,37,100,119,16,135
7,3700,592,0,0,74,74,50,49,16,65
7,3700,925,0,0,37,37,100,119,25,144
7,3700,1110,0,0,10,10,370,1715,333,2048
7,3700,1250,0,0,10,10,370,259,125,384
7,3700,2880,0,0,10,10,370,49,576,625
7,3700,2997,0,0,37,37,100,119,81,200
7,3700,2997,0,0,37,37,100,175,81,256
7,3700,3700,0,0,37,37,100,189,100,289
7,3706,109,0,0,109,109,34,49,2,51
7,3706,109,0,0,109,109,34,63,1,64
7,3708,72,0,0,9,9,412,721,8,729
7,3708,96,0,0,6,6,618,945,16,961
7,3708,103,0,0,103,103,36,56,1,57
7,3708,103,0,0,103,103,36,63,1,64
7,3708,864,0,0,6,6,618,343,432,775
7,3708,1440,0,0,6,6,618,721,240,961
7,3708,3708,0,0,6,6,618,7,618,625
7,3710,848,0,0,53,53,70,49,32,81
7,3712,16,0,0,16,16,232,728,1,729
7,3712,174,0,0,58,58,64,343,9,352
7,3712,1024,0,0,64,64,58,49,32,81
7,3712,1024,0,0,64,64,58,609,16,625
7,3712,1600,0,0,64,64,58,56,25,81
7,3712,2088,0,0,58,58,64,49,72,121
7,3712,2704,0,0,16,16,232,672,169,841
7,3712,3132,0,0,4,4,928,217,783,1000
7,3712,3712,0,0,4,4,928,1519,1856,3375
7,3712,3712,0,0,64,64,58,567,58,625
7,3718,13,0,0,13,13,286,728,1,729
7,3718,275,0,0,11,11,338,2023,25,2048
7,3720,31,0,0,31,31,120,224,1,225
7,3720,170,0,0,10,10,372,847,17,864
7,3720,192,0,0,12,12,310,945,16,961
7,3720,248,0,0,31,31,120,175,8,183
7,3720,248,0,0,62,62,60,147,8,155
7,3720,300,0,0,12,12,310,378,25,403
7,3720,300,0,0,12,12,310,651,25,676
7,3720,384,0,0,12,12,310,1183,32,1215
7,3720,640,0,0,10,10,372,833,128,961
7,3720,780,0,0,12,12,310,896,65,961
7,3720,1200,0,0,12,12,310,637,200,837
7,3720,1536,0,0,12,12,310,147,256,403
7,3720,1550,0,0,62,62,60,56,25,81
7,3720,1728,0,0,12,12,310,343,432,775
7,3720,1865,0,0,5,5,744,651,373,1024
7,3720,1984,0,0,124,124,30,49,32,81
7,3720,2916,0,0,4,4,930,6727,729,7456
7,3720,3100,0,0,124,124,30,56,25,81
7,3724,49,0,0,49,49,76,168,1,169
7,3724,49,0,0,49,49,76,728,1,729
7,3724,294,0,0,49,49,76,343,18,361
7,3724,896,0,0,7,7,532,4361,256,4617
7,3724,1764,0,0,49,49,76,133,36,169
7,3724,2128,0,0,133,133,28,49,32,81
7,3724,2793,0,0,49,49,76,112,57,169
7,3724,3724,0,0,98,98,38,49,76,125
7,3726,9,0,0,9,9,414,728,1,729
7,3726,9,0,0,9,9,414,896,1,897
7,3726,23,0,0,23,23,162,287,1,288
7,3726,1521,0,0,9,9,414,567,169,736
7,3726,3159,0,0,9,9,414,161,351,512
7,3732,6,0,0,6,6,622,728,1,729
7,3738,801,0,0,89,89,42,112,9,121
7,3738,1424,0,0,89,89,42,49,32,81
7,3738,3738,0,0,21,21,178,49,356,405
7,3740,5,0,0,5,5,748,1155,1,1156
7,3740,5,0,0,5,5,748,1372,3,1375
7,3740,5,0,0,5,5,748,3024,1,3025
7,3740,44,0,0,11,11,340,357,4,361
7,3740,51,0,0,17,17,220,343,9,352
7,3740,66,0,0,11,11,340,343,18,361
7,3740,85,0,0,17,17,220,259,5,264
7,3740,100,0,0,5,5,748,847,20,867
7,3740,110,0,0,110,110,34,49,2,51
7,3740,110,0,0,110,110,34,63,1,64
7,3740,250,0,0,5,5,748,2401,200,2601
7,3740,275,0,0,11,11,340,336,25,361
7,3740,275,0,0,11,11,340,2023,25,2048
7,3740,297,0,0,11,11,340,448,27,475
7,3740,550,0,0,22,22,170,2023,25,2048
7,3740,625,0,0,5,5,748,847,125,972
7,3740,765,0,0,5,5,748,847,153,1000
7,3740,836,0,0,11,11,340,1225,152,1377
7,3740,891,0,0,11,11,340,280,81,361
7,3740,891,0,0,11,11,340,1372,243,1615
7,3740,1375,0,0,11,11,340,833,250,1083
7,3740,2816,0,0,11,11,340,105,256,361
7,3740,2816,0,0,11,11,340,119,256,375
7,3740,2970,0,0,5,5,748,343,1782,2125
7,3740,2992,0,0,11,11,340,133,272,405
7,3740,3145,0,0,17,17,220,112,185,297
7,3740,3740,0,0,11,11,340,21,340,361
7,3740,3740,0,0,11,11,340,49,680,729
7,3744,6,0,0,6,6,624,728,1,729
7,3744,8,0,0,8,8,468,728,1,729
7,3744,8,0,0,8,8,468,4095,1,4096
7,3744,8,0,0,8,8,468,5264,1,5265
7,3744,13,0,0,13,13,288,840,1,841
7,3744,48,0,0,16,16,234,413,3,416
7,3744,48,0,0,48,48,78,168,1,169
7,3744,48,0,0,48,48,78,224,1,225
7,3744,48,0,0,48,48,78,350,1,351
7,3744,48,0,0,48,48,78,728,1,729
7,3744,78,0,0,78,78,48,63,1,64
7,3744,78,0,0,78,78,48,224,1,225
7,3744,104,0,0,8,8,468,987,13,1000
7,3744,104,0,0,104,104,36,56,1,57
7,3744,104,0,0,104,104,36,63,1,64
7,3744,377,0,0,13,13,288,700,29,729
7,3744,832,0,0,52,52,72,49,32,81
7,3744,944,0,0,16,16,234,448,59,507
7,3744,972,0,0,4,4,936,343,729,1072
7,3744,1352,0,0,8,8,468,560,169,729
7,3744,1504,0,0,8,8,468,4375,188,4563
7,3744,1944,0,0,24,24,156,1183,81,1264
7,3744,2304,0,0,8,8,468,49,576,625
7,3744,3072,0,0,48,48,78,105,64,169
7,3744,3200,0,0,8,8,468,329,400,729
7,3744,3240,0,0,8,8,468,1792,405,2197
7,3744,3744,0,0,13,13,288,49,576,625
7,3744,3744,0,0,18,18,208,35,208,243
7,3750,475,0,0,25,25,150,224,19,243
7,3750,475,0,0,25,25,150,343,57,400
7,3750,600,0,0,75,75,50,49,16,65
7,3750,2000,0,0,125,125,30,49,32,81
7,3750,2560,0,0,5,5,750,245,1024,1269
7,3750,3125,0,0,125,125,30,56,25,81
7,3752,2144,0,0,134,134,28,49,32,81
7,3760,8,0,0,4,4,940,2205,4,2209
7,3762,66,0,0,11,11,342,343,18,361
7,3762,76,0,0,19,19,198,1323,8,1331
7,3762,171,0,0,9,9,418,1925,19,1944
7,3762,171,0,0,9,9,418,2541,19,2560
7,3762,171,0,0,19,19,198,616,9,625
7,3762,171,0,0,57,57,66,343,9,352
7,3762,297,0,0,9,9,418,2527,33,2560
7,3762,304,0,0,19,19,198,875,16,891
7,3762,475,0,0,19,19,198,231,25,256
7,3762,627,0,0,11,11,342,1792,57,1849
7,3762,1539,0,0,19,19,198,175,81,256
7,3762,1672,0,0,19,19,198,49,176,225
7,3762,2299,0,0,19,19,198,504,121,625
7,3762,3762,0,0,99,99,38,49,76,125
7,3766,7,0,0,7,7,538,1344,1,1345
7,3766,2016,0,0,7,7,538,49,576,625
7,3766,3766,0,0,7,7,538,49,1076,1125
7,3770,116,0,0,29,29,130,1323,8,1331
7,3770,116,0,0,29,29,130,1617,8,1625
7,3770,319,0,0,29,29,130,147,22,169
7,3770,319,0,0,29,29,130,189,11,200
7,3770,319,0,0,29,29,130,364,11,375
7,3770,377,0,0,29,29,130,350,13,363
7,3770,725,0,0,29,29,130,231,25,256
7,3770,783,0,0,29,29,130,1183,27,1210
7,3770,928,0,0,29,29,130,1183,32,1215
7,3770,1040,0,0,65,65,58,49,32,81
7,3770,1040,0,0,65,65,58,609,16,625
7,3770,1625,0,0,65,65,58,56,25,81
7,3770,1740,0,0,29,29,130,49,120,169
7,3770,2349,0,0,29,29,130,175,81,256
7,3770,2552,0,0,29,29,130,49,176,225
7,3770,3625,0,0,29,29,130,91,125,216
7,3770,3625,0,0,29,29,130,847,125,972
7,3770,3625,0,0,29,29,130,1323,250,1573
7,3770,3770,0,0,65,65,58,567,58,625
7,3774,111,0,0,111,111,34,49,2,51
7,3774,111,0,0,111,111,34,63,1,64
7,3774,1184,0,0,37,37,102,189,32,221
7,3774,1258,0,0,37,37,102,49,68,117
7,3776,32,0,0,32,32,118,224,1,225
7,3776,177,0,0,59,59,64,343,9,352
7,3776,2048,0,0,32,32,118,49,128,177
7,3776,2124,0,0,59,59,64,49,72,121
7,3776,3776,0,0,32,32,118,7,118,125
7,3780,42,0,0,42,42,90,161,1,162
7,3780,42,0,0,42,42,90,224,1,225
7,3780,105,0,0,35,35,108,343,9,352
7,3780,105,0,0,105,105,36,56,1,57
7,3780,105,0,0,105,105,36,63,1,64
7,3780,252,0,0,63,63,60,147,8,155
7,3780,336,0,0,42,42,90,567,8,575
7,3780,350,0,0,14,14,270,2023,25,2048
7,3780,474,0,0,6,6,630,945,79,1024
7,3780,810,0,0,90,90,42,112,9,121
7,3780,864,0,0,54,54,70,49,32,81
7,3780,1440,0,0,90,90,42,49,32,81
7,3780,1575,0,0,63,63,60,56,25,81
7,3780,2016,0,0,7,7,540,49,576,625
7,3780,2016,0,0,126,126,30,49,32,81
7,3780,2160,0,0,135,135,28,49,32,81
7,3780,2688,0,0,42,42,90,161,64,225
7,3780,2898,0,0,42,42,90,56,69,125
7,3780,3150,0,0,126,126,30,56,25,81
7,3780,3456,0,0,27,27,140,497,128,625
7,3780,3584,0,0,14,14,270,119,256,375
7,3784,4,0,0,4,4,946,1848,1,1849
7,3784,473,0,0,43,43,88,189,11,200
7,3784,1075,0,0,43,43,88,49,50,99
7,3784,1075,0,0,43,43,88,231,25,256
7,3784,1264,0,0,4,4,946,5929,632,6561
7,3784,2064,0,0,43,43,88,77,48,125
7,3784,2916,0,0,4,4,946,602,729,1331
7,3784,3483,0,0,43,43,88,175,81,256
7,3784,3784,0,0,43,43,88,49,176,225
7,3792,20,0,0,4,4,948,2128,5,2133
7,3792,76,0,0,4,4,948,1106,19,1125
7,3792,79,0,0,79,79,48,63,1,64
7,3792,79,0,0,79,79,48,224,1,225
7,3792,1580,0,0,4,4,948,1792,395,2187
7,3796,26,0,0,26,26,146,511,1,512
7,3800,20,0,0,20,20,190,224,1,225
7,3800,20,0,0,20,20,190,399,1,400
7,3800,50,0,0,50,50,76,168,1,169
7,3800,50,0,0,50,50,76,728,1,729
7,3800,135,0,0,5,5,760,1778,27,1805
7,3800,300,0,0,50,50,76,343,18,361
7,3800,342,0,0,38,38,100,119,9,128
7,3800,342,0,0,38,38,100,280,9,289
7,3800,608,0,0,38,38,100,119,16,135
7,3800,608,0,0,76,76,50,49,16,65
7,3800,950,0,0,38,38,100,119,25,144
7,3800,1280,0,0,20,20,190,665,64,729
7,3800,1800,0,0,50,50,76,133,36,169
7,3800,1805,0,0,5,5,760,889,361,1250
7,3800,2850,0,0,50,50,76,112,57,169
7,3800,3078,0,0,38,38,100,119,81,200
7,3800,3078,0,0,38,38,100,175,81,256
7,3800,3240,0,0,5,5,760,2527,648,3175
7,3800,3800,0,0,38,38,100,189,100,289
7,3800,3800,0,0,100,100,38,49,76,125
7,3808,8,0,0,4,4,952,2597,4,2601
7,3808,32,0,0,16,16,238,2023,2,2025
7,3808,112,0,0,112,112,34,49,2,51
7,3808,112,0,0,112,112,34,63,1,64
7,3808,144,0,0,16,16,238,280,9,289
7,3808,1600,0,0,16,16,238,189,100,289
7,3808,2176,0,0,136,136,28,49,32,81
7,3810,2032,0,0,127,127,30,49,32,81
7,3810,3175,0,0,127,127,30,56,25,81
7,3816,6,0,0,6,6,636,847,1,848
7,3816,6,0,0,6,6,636,5103,1,5104
7,3816,106,0,0,106,106,36,56,1,57
7,3816,106,0,0,106,106,36,63,1,64
7,3816,594,0,0,6,6,636,742,99,841
7,3816,848,0,0,53,53,72,49,32,81
7,3822,49,0,0,49,49,78,168,1,169
7,3822,49,0,0,49,49,78,224,1,225
7,3822,49,0,0,49,49,78,350,1,351
7,3822,49,0,0,49,49,78,728,1,729
7,3822,819,0,0,91,91,42,112,9,121
7,3822,1456,0,0,91,91,42,49,32,81
7,3822,3136,0,0,49,49,78,105,64,169
7,3824,648,0,0,8,8,478,875,81,956
7,3824,3000,0,0,8,8,478,1673,375,2048
7,3828,22,0,0,22,22,174,231,1,232
7,3828,29,0,0,29,29,132,1407,1,1408
7,3828,174,0,0,58,58,66,343,9,352
7,3828,1056,0,0,66,66,58,49,32,81
7,3828,1056,0,0,66,66,58,609,16,625
7,3828,1650,0,0,66,66,58,56,25,81
7,3828,3828,0,0,66,66,58,567,58,625
7,3834,9,0,0,9,9,426,567,1,568
7,3836,1792,0,0,7,7,548,2401,1024,3425
7,3836,2192,0,0,137,137,28,49,32,81
7,3836,3836,0,0,7,7,548,77,548,625
7,3838,3838,0,0,101,101,38,49,76,125
7,3840,4,0,0,4,4,960,1183,1,1184
7,3840,4,0,0,4,4,960,1295,1,1296
7,3840,4,0,0,4,4,960,2401,4,2405
7,3840,4,0,0,4,4,960,4095,1,4096
7,3840,12,0,0,4,4,960,10976,9,10985
7,3840,24,0,0,24,24,160,224,1,225
7,3840,32,0,0,4,4,960,3367,8,3375
7,3840,32,0,0,32,32,120,224,1,225
7,3840,64,0,0,16,16,240,1323,8,1331
7,3840,80,0,0,80,80,48,63,1,64
7,3840,80,0,0,80,80,48,224,1,225
7,3840,144,0,0,16,16,240,616,9,625
7,3840,180,0,0,60,60,64,343,9,352
7,3840,256,0,0,4,4,960,6125,128,6253
7,3840,256,0,0,16,16,240,875,16,891
7,3840,256,0,0,32,32,120,175,8,183
7,3840,256,0,0,64,64,60,147,8,155
7,3840,400,0,0,16,16,240,231,25,256
7,3840,592,0,0,4,4,960,1225,296,1521
7,3840,676,0,0,4,4,960,2331,169,2500
7,3840,768,0,0,4,4,960,1813,384,2197
7,3840,1296,0,0,16,16,240,175,81,256
7,3840,1600,0,0,64,64,60,56,25,81
7,3840,1936,0,0,16,16,240,504,121,625
7,3840,1944,0,0,4,4,960,1225,972,2197
7,3840,2048,0,0,128,128,30,49,32,81
7,3840,2160,0,0,60,60,64,49,72,121
7,3840,2700,0,0,4,4,960,343,2025,2368
7,3840,2916,0,0,4,4,960,455,729,1184
7,3840,2916,0,0,4,4,960,896,729,1625
7,3840,2916,0,0,4,4,960,3367,729,4096
7,3840,3200,0,0,128,128,30,56,25,81
7,3842,113,0,0,113,113,34,49,2,51
7,3842,113,0,0,113,113,34,63,1,64
7,3848,26,0,0,26,26,148,224,1,225
7,3848,26,0,0,26,26,148,1295,1,1296
7,3850,28,0,0,7,7,550,1323,8,1331
7,3850,126,0,0,7,7,550,539,36,575
7,3850,616,0,0,77,77,50,49,16,65
7,3850,875,0,0,7,7,550,847,125,972
7,3850,880,0,0,55,55,70,49,32,81
7,3850,1694,0,0,7,7,550,245,484,729
7,3850,2576,0,0,7,7,550,847,368,1215
7,3850,3703,0,0,7,7,550,175,529,704
7,3850,3703,0,0,7,7,550,560,529,1089
7,3850,3703,0,0,7,7,550,5103,529,5632
7,3852,107,0,0,107,107,36,56,1,57
7,3852,107,0,0,107,107,36,63,1,64
7,3864,46,0,0,23,23,168,2023,2,2025
7,3864,189,0,0,21,21,184,686,27,713
7,3864,207,0,0,23,23,168,280,9,289
7,3864,828,0,0,92,92,42,112,9,121
7,3864,1472,0,0,92,92,42,49,32,81
7,3864,1701,0,0,21,21,184,448,81,529
7,3864,2208,0,0,138,138,28,49,32,81
7,3864,2300,0,0,23,23,168,189,100,289
7,3870,15,0,0,15,15,258,350,1,351
7,3870,15,0,0,15,15,258,728,1,729
7,3870,43,0,0,43,43,90,161,1,162
7,3870,43,0,0,43,43,90,224,1,225
7,3870,344,0,0,43,43,90,567,8,575
7,3870,360,0,0,9,9,430,2107,80,2187
7,3870,645,0,0,15,15,258,2457,43,2500
7,3870,750,0,0,15,15,258,301,50,351
7,3870,1280,0,0,5,5,774,2107,512,2619
7,3870,1560,0,0,15,15,258,301,104,405
7,3870,2064,0,0,129,129,30,49,32,81
7,3870,2535,0,0,15,15,258,175,169,344
7,3870,2535,0,0,15,15,258,49,338,387
7,3870,2535,0,0,15,15,258,560,169,729
7,3870,2535,0,0,15,15,258,1680,169,1849
7,3870,2752,0,0,43,43,90,161,64,225
7,3870,2967,0,0,43,43,90,56,69,125
7,3870,3225,0,0,129,129,30,56,25,81
7,3872,44,0,0,11,11,352,1323,8,1331
7,3872,484,0,0,44,44,88,189,11,200
7,3872,1100,0,0,44,44,88,49,50,99
7,3872,1100,0,0,44,44,88,231,25,256
7,3872,1947,0,0,11,11,352,847,177,1024
7,3872,2112,0,0,44,44,88,77,48,125
7,3872,3564,0,0,44,44,88,175,81,256
7,3872,3872,0,0,44,44,88,49,176,225
7,3876,51,0,0,51,51,76,168,1,169
7,3876,51,0,0,51,51,76,728,1,729
7,3876,68,0,0,17,17,228,525,4,529
7,3876,102,0,0,17,17,228,343,18,361
7,3876,114,0,0,114,114,34,49,2,51
7,3876,114,0,0,114,114,34,63,1,64
7,3876,152,0,0,19,19,204,721,8,729
7,3876,306,0,0,51,51,76,343,18,361
7,3876,425,0,0,17,17,228,336,25,361
7,3876,425,0,0,17,17,228,504,25,529
7,3876,459,0,0,17,17,228,448,27,475
7,3876,782,0,0,17,17,228,315,46,361
7,3876,1216,0,0,38,38,102,189,32,221
7,3876,1292,0,0,38,38,102,49,68,117
7,3876,1377,0,0,17,17,228,175,81,256
7,3876,1377,0,0,17,17,228,280,81,361
7,3876,1377,0,0,17,17,228,448,81,529
7,3876,1615,0,0,17,17,228,161,95,256
7,3876,1836,0,0,51,51,76,133,36,169
7,3876,2125,0,0,17,17,228,483,125,608
7,3876,2907,0,0,51,51,76,112,57,169
7,3876,3400,0,0,17,17,228,161,200,361
7,3876,3876,0,0,102,102,38,49,76,125
7,3880,24,0,0,4,4,970,2401,24,2425
7,3886,1072,0,0,67,67,58,49,32,81
7,3886,1072,0,0,67,67,58,609,16,625
7,3886,1675,0,0,67,67,58,56,25,81
7,3886,3886,0,0,67,67,58,567,58,625
7,3888,24,0,0,24,24,162,287,1,288
7,3888,81,0,0,81,81,48,63,1,64
7,3888,81,0,0,81,81,48,224,1,225
7,3888,108,0,0,36,36,108,343,9,352
7,3888,108,0,0,108,108,36,56,1,57
7,3888,108,0,0,108,108,36,63,1,64
7,3888,192,0,0,6,6,648,1183,32,1215
7,3888,864,0,0,54,54,72,49,32,81
7,3888,2430,0,0,6,6,648,1792,405,2197
7,3890,5,0,0,5,5,778,3500,1,3501
7,3890,5,0,0,5,5,778,4095,1,4096
7,3890,2430,0,0,5,5,778,1225,972,2197
7,3890,3645,0,0,5,5,778,896,729,1625
7,3892,2224,0,0,139,139,28,49,32,81
7,3894,33,0,0,33,33,118,224,1,225
7,3894,177,0,0,59,59,66,343,9,352
7,3894,2112,0,0,33,33,118,49,128,177
7,3894,3894,0,0,33,33,118,7,118,125
7,3900,25,0,0,5,5,780,2023,5,2028
7,3900,25,0,0,5,5,780,4347,5,4352
7,3900,50,0,0,50,50,78,168,1,169
7,3900,50,0,0,50,50,78,224,1,225
7,3900,50,0,0,50,50,78,350,1,351
7,3900,50,0,0,50,50,78,728,1,729
7,3900,85,0,0,5,5,780,1183,17,1200
7,3900,85,0,0,5,5,780,5103,17,5120
7,3900,120,0,0,30,30,130,1323,8,1331
7,3900,120,0,0,30,30,130,1617,8,1625
7,3900,200,0,0,5,5,780,1547,40,1587
7,3900,260,0,0,65,65,60,147,8,155
7,3900,270,0,0,5,5,780,3703,54,3757
7,3900,330,0,0,30,30,130,147,22,169
7,3900,330,0,0,30,30,130,189,11,200
7,3900,330,0,0,30,30,130,364,11,375
7,3900,340,0,0,5,5,780,7203,272,7475
7,3900,351,0,0,39,39,100,119,9,128
7,3900,351,0,0,39,39,100,280,9,289
7,3900,390,0,0,30,30,130,350,13,363
7,3900,494,0,0,26,26,150,224,19,243
7,3900,494,0,0,26,26,150,343,57,400
7,3900,575,0,0,5,5,780,637,230,867
7,3900,575,0,0,5,5,780,3213,115,3328
7,3900,624,0,0,39,39,100,119,16,135
7,3900,624,0,0,78,78,50,49,16,65
7,3900,750,0,0,30,30,130,231,25,256
7,3900,810,0,0,30,30,130,1183,27,1210
7,3900,960,0,0,30,30,130,1183,32,1215
7,3900,975,0,0,39,39,100,119,25,144
7,3900,1215,0,0,5,5,780,8750,243,8993
7,3900,1495,0,0,5,5,780,1701,299,2000
7,3900,1625,0,0,65,65,60,56,25,81
7,3900,1800,0,0,30,30,130,49,120,169
7,3900,2025,0,0,25,25,156,1183,81,1264
7,3900,2080,0,0,130,130,30,49,32,81
7,3900,2430,0,0,5,5,780,1225,972,2197
7,3900,2430,0,0,30,30,130,175,81,256
7,3900,2640,0,0,30,30,130,49,176,225
7,3900,2720,0,0,5,5,780,637,1088,1725
7,3900,3105,0,0,5,5,780,224,621,845
7,3900,3159,0,0,39,39,100,119,81,200
7,3900,3159,0,0,39,39,100,175,81,256
7,3900,3200,0,0,5,5,780,1547,640,2187
7,3900,3200,0,0,50,50,78,105,64,169
7,3900,3250,0,0,130,130,30,56,25,81
7,3900,3744,0,0,13,13,300,49,576,625
7,3900,3750,0,0,30,30,130,91,125,216
7,3900,3750,0,0,30,30,130,847,125,972
7,3900,3750,0,0,30,30,130,1323,250,1573
7,3900,3900,0,0,39,39,100,189,100,289
7,3904,16,0,0,16,16,244,287,1,288
7,3904,183,0,0,61,61,64,343,9,352
7,3904,2196,0,0,61,61,64,49,72,121
7,3906,837,0,0,93,93,42,112,9,121
7,3906,1488,0,0,93,93,42,49,32,81
7,3910,115,0,0,115,115,34,49,2,51
7,3910,115,0,0,115,115,34,63,1,64
7,3910,575,0,0,23,23,170,2023,25,2048
7,3914,3914,0,0,103,103,38,49,76,125
7,3916,3916,0,0,22,22,178,49,356,405
7,3920,28,0,0,14,14,280,2205,4,2209
7,3920,896,0,0,56,56,70,49,32,81
7,3920,3584,0,0,28,28,140,497,128,625
7,3924,109,0,0,109,109,36,56,1,57
7,3924,109,0,0,109,109,36,63,1,64
7,3930,45,0,0,15,15,262,343,9,352
7,3930,2096,0,0,131,131,30,49,32,81
7,3930,3275,0,0,131,131,30,56,25,81
7,3934,224,0,0,7,7,562,2401,128,2529
7,3934,567,0,0,7,7,562,1967,81,2048
7,3936,12,0,0,12,12,328,1372,3,1375
7,3936,12,0,0,12,12,328,1680,1,1681
7,3936,12,0,0,12,12,328,3024,1,3025
7,3936,16,0,0,16,16,246,287,1,288
7,3936,82,0,0,82,82,48,63,1,64
7,3936,82,0,0,82,82,48,224,1,225
7,3936,96,0,0,12,12,328,2009,16,2025
7,3936,164,0,0,4,4,984,4872,41,4913
7,3936,324,0,0,12,12,328,875,27,902
7,3936,432,0,0,12,12,328,343,108,451
7,3936,768,0,0,12,12,328,1225,128,1353
7,3936,1188,0,0,12,12,328,343,297,640
7,3936,1500,0,0,12,12,328,847,125,972
7,3936,1920,0,0,12,12,328,49,320,369
7,3936,2700,0,0,12,12,328,287,225,512
7,3936,2888,0,0,8,8,492,287,361,648
7,3936,3264,0,0,4,4,984,49,1632,1681
7,3936,3456,0,0,12,12,328,49,576,625
7,3936,3936,0,0,12,12,328,35,328,363
7,3936,3936,0,0,12,12,328,77,328,405
7,3938,3168,0,0,11,11,358,49,576,625
7,3940,40,0,0,10,10,394,1323,8,1331
7,3942,27,0,0,27,27,146,511,1,512
7,3942,36,0,0,9,9,438,1323,8,1331
7,3942,36,0,0,9,9,438,5621,4,5625
7,3942,1125,0,0,9,9,438,847,125,972
7,3942,2178,0,0,9,9,438,245,484,729
7,3944,17,0,0,17,17,232,728,1,729
7,3944,116,0,0,116,116,34,49,2,51
7,3944,116,0,0,116,116,34,63,1,64
7,3944,1088,0,0,68,68,58,49,32,81
7,3944,1088,0,0,68,68,58,609,16,625
7,3944,1700,0,0,68,68,58,56,25,81
7,3944,2873,0,0,17,17,232,672,169,841
7,3944,3944,0,0,68,68,58,567,58,625
7,3948,12,0,0,6,6,658,2205,4,2209
7,3948,96,0,0,6,6,658,875,16,891
7,3948,846,0,0,94,94,42,112,9,121
7,3948,1504,0,0,94,94,42,49,32,81
7,3950,5,0,0,5,5,790,1372,3,1375
7,3950,5,0,0,5,5,790,3024,1,3025
7,3950,625,0,0,5,5,790,847,125,972
7,3950,632,0,0,79,79,50,49,16,65
7,3950,1125,0,0,5,5,790,1106,225,1331
7,3950,1580,0,0,5,5,790,5929,632,6561
7,3950,3645,0,0,5,5,790,140,729,869
7,3952,4,0,0,4,4,988,1330,1,1331
7,3952,4,0,0,4,4,988,1372,3,1375
7,3952,4,0,0,4,4,988,2079,1,2080
7,3952,4,0,0,4,4,988,3024,1,3025
7,3952,4,0,0,4,4,988,3969,2,3971
7,3952,4,0,0,4,4,988,4095,1,4096
7,3952,4,0,0,4,4,988,5775,1,5776
7,3952,4,0,0,4,4,988,10647,1,10648
7,3952,4,0,0,4,4,988,12635,1,12636
7,3952,12,0,0,4,4,988,1232,3,1235
7,3952,12,0,0,4,4,988,3325,3,3328
7,3952,12,0,0,4,4,988,10976,9,10985
7,3952,32,0,0,4,4,988,2527,8,2535
7,3952,32,0,0,4,4,988,9625,8,9633
7,3952,52,0,0,52,52,76,168,1,169
7,3952,52,0,0,52,52,76,728,1,729
7,3952,96,0,0,4,4,988,2275,24,2299
7,3952,312,0,0,52,52,76,343,18,361
7,3952,648,0,0,4,4,988,1463,162,1625
7,3952,676,0,0,4,4,988,3080,169,3249
7,3952,768,0,0,4,4,988,1183,192,1375
7,3952,900,0,0,4,4,988,1183,225,1408
7,3952,936,0,0,4,4,988,343,702,1045
7,3952,1824,0,0,4,4,988,875,456,1331
7,3952,1824,0,0,4,4,988,2401,1824,4225
7,3952,1872,0,0,52,52,76,133,36,169
7,3952,1944,0,0,4,4,988,1225,972,2197
7,3952,2000,0,0,4,4,988,539,1000,1539
7,3952,2028,0,0,4,4,988,1792,507,2299
7,3952,2028,0,0,4,4,988,1925,507,2432
7,3952,2048,0,0,4,4,988,819,512,1331
7,3952,2420,0,0,4,4,988,448,605,1053
7,3952,2916,0,0,4,4,988,896,729,1625
7,3952,2964,0,0,52,52,76,112,57,169
7,3952,3456,0,0,4,4,988,11011,864,11875
7,3952,3952,0,0,4,4,988,49,1976,2025
7,3952,3952,0,0,19,19,208,35,208,243
7,3952,3952,0,0,104,104,38,49,76,125
7,3960,12,0,0,12,12,330,1372,3,1375
7,3960,12,0,0,12,12,330,2240,1,2241
7,3960,12,0,0,12,12,330,3024,1,3025
7,3960,20,0,0,4,4,990,10633,15,10648
7,3960,24,0,0,6,6,660,1323,8,1331
7,3960,30,0,0,30,30,132,1407,1,1408
7,3960,33,0,0,33,33,120,224,1,225
7,3960,36,0,0,12,12,330,343,9,352
7,3960,40,0,0,10,10,396,1323,8,1331
7,3960,44,0,0,44,44,90,161,1,162
7,3960,44,0,0,44,44,90,224,1,225
7,3960,54,0,0,18,18,220,343,9,352
7,3960,80,0,0,20,20,198,1323,8,1331
7,3960,90,0,0,18,18,220,259,5,264
7,3960,96,0,0,6,6,660,875,16,891
7,3960,110,0,0,110,110,36,56,1,57
7,3960,110,0,0,110,110,36,63,1,64
7,3960,124,0,0,4,4,990,1344,31,1375
7,3960,180,0,0,20,20,198,616,9,625
7,3960,180,0,0,60,60,66,343,9,352
7,3960,264,0,0,33,33,120,175,8,183
7,3960,264,0,0,66,66,60,147,8,155
7,3960,288,0,0,12,12,330,343,72,415
7,3960,288,0,0,12,12,330,581,24,605
7,3960,320,0,0,20,20,198,875,16,891
7,3960,352,0,0,44,44,90,567,8,575
7,3960,495,0,0,45,45,88,189,11,200
7,3960,500,0,0,20,20,198,231,25,256
7,3960,880,0,0,55,55,72,49,32,81
7,3960,1125,0,0,45,45,88,49,50,99
7,3960,1125,0,0,45,45,88,231,25,256
7,3960,1188,0,0,12,12,330,343,297,640
7,3960,1452,0,0,6,6,660,245,484,729
7,3960,1620,0,0,20,20,198,175,81,256
7,3960,1650,0,0,6,6,660,2317,275,2592
7,3960,1650,0,0,66,66,60,56,25,81
7,3960,1760,0,0,20,20,198,49,176,225
7,3960,1986,0,0,6,6,660,560,331,891
7,3960,1986,0,0,6,6,660,693,331,1024
7,3960,1986,0,0,6,6,660,1694,331,2025
7,3960,2112,0,0,132,132,30,49,32,81
7,3960,2160,0,0,45,45,88,77,48,125
7,3960,2420,0,0,20,20,198,504,121,625
7,3960,2448,0,0,9,9,440,1925,272,2197
7,3960,2816,0,0,44,44,90,161,64,225
7,3960,3036,0,0,44,44,90,56,69,125
7,3960,3300,0,0,132,132,30,56,25,81
7,3960,3330,0,0,18,18,220,112,185,297
7,3960,3456,0,0,12,12,330,49,576,625
7,3960,3645,0,0,45,45,88,175,81,256
7,3960,3960,0,0,45,45,88,49,176,225
7,3968,186,0,0,62,62,64,343,9,352
7,3968,2232,0,0,62,62,64,49,72,121
7,3976,7,0,0,7,7,568,1064,1,1065
7,3976,7,0,0,7,7,568,5040,1,5041
7,3976,448,0,0,7,7,568,665,64,729
7,3976,1575,0,0,7,7,568,497,225,722
7,3976,2016,0,0,7,7,568,49,576,625
7,3978,9,0,0,9,9,442,728,1,729
7,3978,9,0,0,9,9,442,1183,1,1184
7,3978,51,0,0,17,17,234,413,3,416
7,3978,51,0,0,51,51,78,168,1,169
7,3978,51,0,0,51,51,78,224,1,225
7,3978,51,0,0,51,51,78,350,1,351
7,3978,51,0,0,51,51,78,728,1,729
7,3978,117,0,0,117,117,34,49,2,51
7,3978,117,0,0,117,117,34,63,1,64
7,3978,153,0,0,9,9,442,1036,17,1053
7,3978,884,0,0,13,13,306,2401,272,2673
7,3978,1003,0,0,17,17,234,448,59,507
7,3978,1248,0,0,39,39,102,189,32,221
7,3978,1326,0,0,39,39,102,49,68,117
7,3978,1728,0,0,9,9,442,1813,384,2197
7,3978,3264,0,0,51,51,78,105,64,169
7,3984,8,0,0,8,8,498,2240,1,2241
7,3984,83,0,0,83,83,48,63,1,64
7,3984,83,0,0,83,83,48,224,1,225
7,3984,888,0,0,6,6,664,581,148,729
7,3984,2304,0,0,8,8,498,49,576,625
7,3990,21,0,0,7,7,570,1232,3,1235
7,3990,21,0,0,7,7,570,3325,3,3328
7,3990,21,0,0,21,21,190,224,1,225
7,3990,21,0,0,21,21,190,399,1,400
7,3990,35,0,0,7,7,570,1183,5,1188
7,3990,35,0,0,7,7,570,4389,5,4394
7,3990,133,0,0,7,7,570,637,38,675
7,3990,133,0,0,7,7,570,1925,19,1944
7,3990,133,0,0,7,7,570,2541,19,2560
7,3990,133,0,0,7,7,570,4375,19,4394
7,3990,168,0,0,7,7,570,2275,24,2299
7,3990,182,0,0,7,7,570,1323,52,1375
7,3990,231,0,0,7,7,570,1183,33,1216
7,3990,231,0,0,7,7,570,2527,33,2560
7,3990,266,0,0,7,7,570,567,38,605
7,3990,855,0,0,95,95,42,112,9,121
7,3990,912,0,0,57,57,70,49,32,81
7,3990,1001,0,0,7,7,570,532,143,675
7,3990,1064,0,0,7,7,570,693,152,845
7,3990,1344,0,0,7,7,570,1183,192,1375
7,3990,1344,0,0,21,21,190,665,64,729
7,3990,1456,0,0,7,7,570,875,208,1083
7,3990,1520,0,0,95,95,42,49,32,81
7,3990,1638,0,0,7,7,570,343,702,1045
7,3990,1701,0,0,7,7,570,1330,243,1573
7,3990,2128,0,0,133,133,30,49,32,81
7,3990,2912,0,0,7,7,570,189,416,605
7,3990,3125,0,0,5,5,798,399,625,1024
7,3990,3325,0,0,133,133,30,56,25,81
7,3990,3402,0,0,7,7,570,1225,972,2197
7,3990,3500,0,0,7,7,570,539,1000,1539
7,3990,3549,0,0,7,7,570,133,507,640
7,3990,3549,0,0,7,7,570,1792,507,2299
7,3990,3549,0,0,7,7,570,1925,507,2432
7,3990,3990,0,0,105,105,38,49,76,125
7,3996,27,0,0,27,27,148,224,1,225
7,3996,27,0,0,27,27,148,1295,1,1296
7,3996,111,0,0,37,37,108,343,9,352
7,3996,111,0,0,111,111,36,56,1,57
7,3996,111,0,0,111,111,36,63,1,64
7,4000,25,0,0,25,25,160,224,1,225
7,4000,360,0,0,40,40,100,119,9,128
7,4000,360,0,0,40,40,100,280,9,289
7,4000,640,0,0,40,40,100,119,16,135
7,4000,640,0,0,80,80,50,49,16,65
7,4000,1000,0,0,40,40,100,119,25,144
7,4000,2880,0,0,10,10,400,49,576,625
7,4000,3240,0,0,40,40,100,119,81,200
7,4000,3240,0,0,40,40,100,175,81,256
7,4000,4000,0,0,40,40,100,189,100,289
7,4002,23,0,0,23,23,174,231,1,232
7,4002,1104,0,0,69,69,58,49,32,81
7,4002,1104,0,0,69,69,58,609,16,625
7,4002,1725,0,0,69,69,58,56,25,81
7,4002,4002,0,0,69,69,58,567,58,625
7,4004,14,0,0,14,14,286,728,1,729
7,4012,34,0,0,34,34,118,224,1,225
7,4012,118,0,0,118,118,34,49,2,51
7,4012,118,0,0,118,118,34,63,1,64
7,4012,2176,0,0,34,34,118,49,128,177
7,4012,4012,0,0,34,34,118,7,118,125
7,4020,5,0,0,5,5,804,1519,2,1521
7,4020,268,0,0,67,67,60,147,8,155
7,4020,810,0,0,5,5,804,637,324,961
7,4020,1458,0,0,6,6,670,343,729,1072
7,4020,1675,0,0,67,67,60,56,25,81
7,4020,2144,0,0,134,134,30,49,32,81
7,4020,2430,0,0,10,10,402,343,729,1072
7,4020,2480,0,0,5,5,804,1701,496,2197
7,4020,3350,0,0,134,134,30,56,25,81
7,4026,183,0,0,61,61,66,343,9,352
7,4026,198,0,0,11,11,366,3703,18,3721
7,4026,891,0,0,11,11,366,448,81,529
7,4028,53,0,0,53,53,76,168,1,169
7,4028,53,0,0,53,53,76,728,1,729
7,4028,318,0,0,53,53,76,343,18,361
7,4028,1908,0,0,53,53,76,133,36,169
7,4028,3021,0,0,53,53,76,112,57,169
7,4028,4028,0,0,106,106,38,49,76,125
7,4030,124,0,0,31,31,130,1323,8,1331
7,4030,124,0,0,31,31,130,1617,8,1625
7,4030,208,0,0,13,13,310,945,16,961
7,4030,325,0,0,13,13,310,378,25,403
7,4030,325,0,0,13,13,310,651,25,676
7,4030,341,0,0,31,31,130,147,22,169
7,4030,341,0,0,31,31,130,189,11,200
7,4030,341,0,0,31,31,130,364,11,375
7,4030,403,0,0,31,31,130,350,13,363
7,4030,416,0,0,13,13,310,1183,32,1215
7,4030,775,0,0,31,31,130,231,25,256
7,4030,837,0,0,31,31,130,1183,27,1210
7,4030,845,0,0,13,13,310,896,65,961
7,4030,992,0,0,31,31,130,1183,32,1215
7,4030,1300,0,0,13,13,310,637,200,837
7,4030,1664,0,0,13,13,310,147,256,403
7,4030,1860,0,0,31,31,130,49,120,169
7,4030,1872,0,0,13,13,310,343,432,775
7,4030,2511,0,0,31,31,130,175,81,256
7,4030,2728,0,0,31,31,130,49,176,225
7,4030,3875,0,0,31,31,130,91,125,216
7,4030,3875,0,0,31,31,130,847,125,972
7,4030,3875,0,0,31,31,130,1323,250,1573
7,4032,14,0,0,14,14,288,840,1,841
7,4032,48,0,0,24,24,168,2023,2,2025
7,4032,84,0,0,84,84,48,63,1,64
7,4032,84,0,0,84,84,48,224,1,225
7,4032,112,0,0,112,112,36,56,1,57
7,4032,112,0,0,112,112,36,63,1,64
7,4032,189,0,0,63,63,64,343,9,352
7,4032,216,0,0,24,24,168,280,9,289
7,4032,352,0,0,8,8,504,441,88,529
7,4032,406,0,0,14,14,288,700,29,729
7,4032,864,0,0,96,96,42,112,9,121
7,4032,896,0,0,56,56,72,49,32,81
7,4032,1536,0,0,96,96,42,49,32,81
7,4032,2268,0,0,63,63,64,49,72,121
7,4032,2400,0,0,24,24,168,189,100,289
7,4032,4032,0,0,14,14,288,49,576,625
7,4040,505,0,0,5,5,808,3024,101,3125
7,4046,28,0,0,7,7,578,833,8,841
7,4046,34,0,0,17,17,238,2023,2,2025
7,4046,119,0,0,119,119,34,49,2,51
7,4046,119,0,0,119,119,34,63,1,64
7,4046,153,0,0,17,17,238,280,9,289
7,4046,175,0,0,7,7,578,2023,25,2048
7,4046,1700,0,0,17,17,238,189,100,289
7,4048,198,0,0,22,22,184,686,27,713
7,4048,506,0,0,46,46,88,189,11,200
7,4048,1150,0,0,46,46,88,49,50,99
7,4048,1150,0,0,46,46,88,231,25,256
7,4048,1782,0,0,22,22,184,448,81,529
7,4048,2208,0,0,46,46,88,77,48,125
7,4048,3726,0,0,46,46,88,175,81,256
7,4048,4048,0,0,46,46,88,49,176,225
7,4050,25,0,0,25,25,162,287,1,288
7,4050,45,0,0,45,45,90,161,1,162
7,4050,45,0,0,45,45,90,224,1,225
7,4050,81,0,0,9,9,450,791,9,800
7,4050,360,0,0,45,45,90,567,8,575
7,4050,375,0,0,15,15,270,2023,25,2048
7,4050,513,0,0,27,27,150,224,19,243
7,4050,513,0,0,27,27,150,343,57,400
7,4050,648,0,0,81,81,50,49,16,65
7,4050,2160,0,0,135,135,30,49,32,81
7,4050,2880,0,0,45,45,90,161,64,225
7,4050,3105,0,0,45,45,90,56,69,125
7,4050,3375,0,0,135,135,30,56,25,81
7,4050,3840,0,0,15,15,270,119,256,375
7,4056,52,0,0,52,52,78,168,1,169
7,4056,52,0,0,52,52,78,224,1,225
7,4056,52,0,0,52,52,78,350,1,351
7,4056,52,0,0,52,52,78,728,1,729
7,4056,300,0,0,12,12,338,2023,25,2048
7,4056,2106,0,0,26,26,156,1183,81,1264
7,4056,3328,0,0,52,52,78,105,64,169
7,4060,7,0,0,7,7,580,840,1,841
7,4060,42,0,0,7,7,580,2401,24,2425
7,4060,203,0,0,7,7,580,700,29,729
7,4060,350,0,0,7,7,580,679,50,729
7,4060,679,0,0,7,7,580,875,97,972
7,4060,875,0,0,7,7,580,2688,125,2813
7,4060,928,0,0,58,58,70,49,32,81
7,4060,1120,0,0,70,70,58,49,32,81
7,4060,1120,0,0,70,70,58,609,16,625
7,4060,1134,0,0,7,7,580,679,162,841
7,4060,1750,0,0,70,70,58,56,25,81
7,4060,2016,0,0,7,7,580,49,576,625
7,4060,3712,0,0,29,29,140,497,128,625
7,4060,4060,0,0,70,70,58,567,58,625
7,4064,200,0,0,8,8,508,2023,25,2048
7,4064,2720,0,0,8,8,508,49,680,729
7,4066,4066,0,0,107,107,38,49,76,125
7,4068,113,0,0,113,113,36,56,1,57
7,4068,113,0,0,113,113,36,63,1,64
7,4068,162,0,0,6,6,678,2744,81,2825
7,4068,300,0,0,6,6,678,2401,200,2601
7,4068,3072,0,0,6,6,678,5537,1024,6561
7,4070,11,0,0,11,11,370,1295,1,1296
7,4070,20,0,0,5,5,814,1323,8,1331
7,4070,297,0,0,11,11,370,1120,27,1147
7,4070,640,0,0,5,5,814,833,256,1089
7,4070,1221,0,0,11,11,370,1715,333,2048
7,4070,1375,0,0,11,11,370,259,125,384
7,4070,1445,0,0,5,5,814,2079,289,2368
7,4070,2960,0,0,5,5,814,147,1184,1331
7,4070,3168,0,0,11,11,370,49,576,625
7,4074,873,0,0,97,97,42,112,9,121
7,4074,1552,0,0,97,97,42,49,32,81
7,4074,2016,0,0,7,7,582,4753,576,5329
7,4080,20,0,0,10,10,408,2023,2,2025
7,4080,34,0,0,34,34,120,224,1,225
7,4080,48,0,0,12,12,340,357,4,361
7,4080,68,0,0,17,17,240,1323,8,1331
7,4080,72,0,0,12,12,340,343,18,361
7,4080,85,0,0,85,85,48,63,1,64
7,4080,85,0,0,85,85,48,224,1,225
7,4080,120,0,0,120,120,34,49,2,51
7,4080,120,0,0,120,120,34,63,1,64
7,4080,153,0,0,17,17,240,616,9,625
7,4080,160,0,0,20,20,204,721,8,729
7,4080,250,0,0,10,10,408,672,25,697
7,4080,250,0,0,10,10,408,2023,25,2048
7,4080,272,0,0,17,17,240,875,16,891
7,4080,272,0,0,34,34,120,175,8,183
7,4080,272,0,0,68,68,60,147,8,155
7,4080,300,0,0,12,12,340,336,25,361
7,4080,300,0,0,12,12,340,2023,25,2048
7,4080,324,0,0,12,12,340,448,27,475
7,4080,384,0,0,6,6,680,833,128,961
7,4080,400,0,0,8,8,510,2401,200,2601
7,4080,425,0,0,17,17,240,231,25,256
7,4080,510,0,0,10,10,408,574,51,625
7,4080,600,0,0,24,24,170,2023,25,2048
7,4080,912,0,0,12,12,340,1225,152,1377
7,4080,972,0,0,12,12,340,280,81,361
7,4080,972,0,0,12,12,340,1372,243,1615
7,4080,1280,0,0,10,10,408,441,256,697
7,4080,1280,0,0,40,40,102,189,32,221
7,4080,1360,0,0,40,40,102,49,68,117
7,4080,1377,0,0,17,17,240,175,81,256
7,4080,1500,0,0,12,12,340,833,250,1083
7,4080,1700,0,0,68,68,60,56,25,81
7,4080,2050,0,0,10,10,408,49,410,459
7,4080,2057,0,0,17,17,240,504,121,625
7,4080,2176,0,0,136,136,30,49,32,81
7,4080,2304,0,0,8,8,510,49,576,625
7,4080,2890,0,0,10,10,408,287,289,576
7,4080,2890,0,0,10,10,408,336,289,625
7,4080,3072,0,0,12,12,340,105,256,361
7,4080,3072,0,0,12,12,340,119,256,375
7,4080,3240,0,0,10,10,408,49,648,697
7,4080,3264,0,0,12,12,340,133,272,405
7,4080,3400,0,0,10,10,408,49,680,729
7,4080,3400,0,0,136,136,30,56,25,81
7,4080,4080,0,0,12,12,340,21,340,361
7,4080,4080,0,0,12,12,340,49,680,729
7,4088,28,0,0,28,28,146,511,1,512
7,4092,31,0,0,31,31,132,1407,1,1408
7,4092,186,0,0,6,6,682,2268,31,2299
7,4092,186,0,0,62,62,66,343,9,352
7,4092,187,0,0,11,11,372,847,17,864
7,4092,704,0,0,11,11,372,833,128,961
7,4094,4094,0,0,23,23,178,49,356,405
7,4096,192,0,0,64,64,64,343,9,352
7,4096,2304,0,0,64,64,64,49,72,121
7,4100,5,0,0,5,5,820,959,1,960
7,4100,5,0,0,5,5,820,1680,1,1681
7,4100,40,0,0,5,5,820,2009,16,2025
7,4100,369,0,0,41,41,100,119,9,128
7,4100,369,0,0,41,41,100,280,9,289
7,4100,656,0,0,41,41,100,119,16,135
7,4100,656,0,0,82,82,50,49,16,65
7,4100,1025,0,0,41,41,100,119,25,144
7,4100,3321,0,0,41,41,100,119,81,200
7,4100,3321,0,0,41,41,100,175,81,256
7,4100,3645,0,0,5,5,820,3430,2187,5617
7,4100,4100,0,0,41,41,100,189,100,289
7,4104,54,0,0,54,54,76,168,1,169
7,4104,54,0,0,54,54,76,728,1,729
7,4104,72,0,0,12,12,342,343,18,361
7,4104,72,0,0,18,18,228,525,4,529
7,4104,108,0,0,18,18,228,343,18,361
7,4104,114,0,0,38,38,108,343,9,352
7,4104,114,0,0,114,114,36,56,1,57
7,4104,114,0,0,114,114,36,63,1,64
7,4104,324,0,0,54,54,76,343,18,361
7,4104,450,0,0,18,18,228,336,25,361
7,4104,450,0,0,18,18,228,504,25,529
7,4104,486,0,0,18,18,228,448,27,475
7,4104,684,0,0,12,12,342,1792,57,1849
7,4104,828,0,0,18,18,228,315,46,361
7,4104,912,0,0,57,57,72,49,32,81
7,4104,1458,0,0,18,18,228,175,81,256
7,4104,1458,0,0,18,18,228,280,81,361
7,4104,1458,0,0,18,18,228,448,81,529
7,4104,1710,0,0,18,18,228,161,95,256
7,4104,1944,0,0,54,54,76,133,36,169
7,4104,2250,0,0,18,18,228,483,125,608
7,4104,3078,0,0,54,54,76,112,57,169
7,4104,3600,0,0,18,18,228,161,200,361
7,4104,4104,0,0,108,108,38,49,76,125
7,4110,2192,0,0,137,137,30,49,32,81
7,4110,3425,0,0,137,137,30,56,25,81
7,4114,121,0,0,121,121,34,49,2,51
7,4114,121,0,0,121,121,34,63,1,64
7,4116,882,0,0,98,98,42,112,9,121
7,4116,1239,0,0,7,7,588,448,177,625
7,4116,1568,0,0,98,98,42,49,32,81
7,4118,1136,0,0,71,71,58,49,32,81
7,4118,1136,0,0,71,71,58,609,16,625
7,4118,1775,0,0,71,71,58,56,25,81
7,4118,4118,0,0,71,71,58,567,58,625
7,4120,80,0,0,10,10,412,721,8,729
7,4128,16,0,0,16,16,258,350,1,351
7,4128,16,0,0,16,16,258,728,1,729
7,4128,86,0,0,86,86,48,63,1,64
7,4128,86,0,0,86,86,48,224,1,225
7,4128,688,0,0,16,16,258,2457,43,2500
7,4128,800,0,0,16,16,258,301,50,351
7,4128,1664,0,0,16,16,258,301,104,405
7,4128,2704,0,0,16,16,258,175,169,344
7,4128,2704,0,0,16,16,258,49,338,387
7,4128,2704,0,0,16,16,258,560,169,729
7,4128,2704,0,0,16,16,258,1680,169,1849
7,4130,35,0,0,35,35,118,224,1,225
7,4130,944,0,0,59,59,70,49,32,81
7,4130,2240,0,0,35,35,118,49,128,177
7,4130,4130,0,0,35,35,118,7,118,125
7,4134,53,0,0,53,53,78,168,1,169
7,4134,53,0,0,53,53,78,224,1,225
7,4134,53,0,0,53,53,78,350,1,351
7,4134,53,0,0,53,53,78,728,1,729
7,4134,3392,0,0,53,53,78,105,64,169
7,4136,517,0,0,47,47,88,189,11,200
7,4136,1175,0,0,47,47,88,49,50,99
7,4136,1175,0,0,47,47,88,231,25,256
7,4136,2256,0,0,47,47,88,77,48,125
7,4136,3807,0,0,47,47,88,175,81,256
7,4136,4136,0,0,47,47,88,49,176,225
7,4140,10,0,0,10,10,414,728,1,729
7,4140,10,0,0,10,10,414,896,1,897
7,4140,24,0,0,6,6,690,1211,4,1215
7,4140,45,0,0,9,9,460,616,5,621
7,4140,46,0,0,46,46,90,161,1,162
7,4140,46,0,0,46,46,90,224,1,225
7,4140,115,0,0,115,115,36,56,1,57
7,4140,115,0,0,115,115,36,63,1,64
7,4140,160,0,0,5,5,828,3703,32,3735
7,4140,276,0,0,69,69,60,147,8,155
7,4140,368,0,0,46,46,90,567,8,575
7,4140,414,0,0,6,6,690,1211,69,1280
7,4140,1690,0,0,10,10,414,567,169,736
7,4140,1725,0,0,69,69,60,56,25,81
7,4140,2075,0,0,5,5,828,1701,415,2116
7,4140,2208,0,0,138,138,30,49,32,81
7,4140,2944,0,0,46,46,90,161,64,225
7,4140,3174,0,0,6,6,690,336,529,865
7,4140,3174,0,0,46,46,90,56,69,125
7,4140,3450,0,0,138,138,30,56,25,81
7,4140,3510,0,0,10,10,414,161,351,512
7,4142,4142,0,0,109,109,38,49,76,125
7,4144,28,0,0,7,7,592,1323,8,1331
7,4144,28,0,0,28,28,148,224,1,225
7,4144,28,0,0,28,28,148,1295,1,1296
7,4144,4144,0,0,7,7,592,147,1184,1331
7,4148,17,0,0,17,17,244,287,1,288
7,4148,122,0,0,122,122,34,49,2,51
7,4148,122,0,0,122,122,34,63,1,64
7,4150,664,0,0,83,83,50,49,16,65
7,4158,84,0,0,21,21,198,1323,8,1331
7,4158,189,0,0,21,21,198,616,9,625
7,4158,189,0,0,63,63,66,343,9,352
7,4158,336,0,0,21,21,198,875,16,891
7,4158,525,0,0,21,21,198,231,25,256
7,4158,891,0,0,99,99,42,112,9,121
7,4158,1584,0,0,99,99,42,49,32,81
7,4158,1701,0,0,21,21,198,175,81,256
7,4158,1848,0,0,21,21,198,49,176,225
7,4158,2016,0,0,7,7,594,1043,288,1331
7,4158,2541,0,0,21,21,198,504,121,625
7,4160,26,0,0,26,26,160,224,1,225
7,4160,72,0,0,8,8,520,1015,9,1024
7,4160,128,0,0,8,8,520,609,16,625
7,4160,128,0,0,32,32,130,1323,8,1331
7,4160,128,0,0,32,32,130,1617,8,1625
7,4160,195,0,0,65,65,64,343,9,352
7,4160,256,0,0,8,8,520,1183,32,1215
7,4160,352,0,0,32,32,130,147,22,169
7,4160,352,0,0,32,32,130,189,11,200
7,4160,352,0,0,32,32,130,364,11,375
7,4160,416,0,0,32,32,130,350,13,363
7,4160,464,0,0,8,8,520,567,58,625
7,4160,520,0,0,8,8,520,6496,65,6561
7,4160,800,0,0,32,32,130,231,25,256
7,4160,845,0,0,5,5,832,3584,169,3753
7,4160,864,0,0,32,32,130,1183,27,1210
7,4160,1024,0,0,8,8,520,3969,256,4225
7,4160,1024,0,0,32,32,130,1183,32,1215
7,4160,1600,0,0,8,8,520,441,400,841
7,4160,1920,0,0,32,32,130,49,120,169
7,4160,2048,0,0,8,8,520,875,256,1131
7,4160,2088,0,0,8,8,520,364,261,625
7,4160,2340,0,0,65,65,64,49,72,121
7,4160,2592,0,0,32,32,130,175,81,256
7,4160,2704,0,0,8,8,520,49,676,725
7,4160,2816,0,0,32,32,130,49,176,225
7,4160,4000,0,0,32,32,130,91,125,216
7,4160,4000,0,0,32,32,130,847,125,972
7,4160,4000,0,0,32,32,130,1323,250,1573
7,4160,4160,0,0,20,20,208,35,208,243
7,4170,5,0,0,5,5,834,3969,2,3971
7,4170,120,0,0,5,5,834,6811,48,6859
7,4170,2224,0,0,139,139,30,49,32,81
7,4170,2560,0,0,5,5,834,1617,1024,2641
7,4170,3475,0,0,139,139,30,56,25,81
7,4176,18,0,0,18,18,232,728,1,729
7,4176,24,0,0,24,24,174,231,1,232
7,4176,87,0,0,87,87,48,63,1,64
7,4176,87,0,0,87,87,48,224,1,225
7,4176,116,0,0,116,116,36,56,1,57
7,4176,116,0,0,116,116,36,63,1,64
7,4176,928,0,0,58,58,72,49,32,81
7,4176,1152,0,0,72,72,58,49,32,81
7,4176,1152,0,0,72,72,58,609,16,625
7,4176,1800,0,0,72,72,58,56,25,81
7,4176,3042,0,0,18,18,232,672,169,841
7,4176,4176,0,0,72,72,58,567,58,625
7,4180,22,0,0,22,22,190,224,1,225
7,4180,22,0,0,22,22,190,399,1,400
7,4180,55,0,0,55,55,76,168,1,169
7,4180,55,0,0,55,55,76,728,1,729
7,4180,57,0,0,19,19,220,343,9,352
7,4180,95,0,0,19,19,220,259,5,264
7,4180,190,0,0,10,10,418,1925,19,1944
7,4180,190,0,0,10,10,418,2541,19,2560
7,4180,330,0,0,10,10,418,2527,33,2560
7,4180,330,0,0,55,55,76,343,18,361
7,4180,1408,0,0,22,22,190,665,64,729
7,4180,1980,0,0,55,55,76,133,36,169
7,4180,3135,0,0,55,55,76,112,57,169
7,4180,3515,0,0,19,19,220,112,185,297
7,4180,4180,0,0,110,110,38,49,76,125
7,4182,17,0,0,17,17,246,287,1,288
7,4182,123,0,0,123,123,34,49,2,51
7,4182,123,0,0,123,123,34,63,1,64
7,4182,1312,0,0,41,41,102,189,32,221
7,4182,1394,0,0,41,41,102,49,68,117
7,4186,2093,0,0,7,7,598,1701,299,2000
7,4186,3402,0,0,7,7,598,1225,972,2197
7,4192,48,0,0,16,16,262,343,9,352
7,4200,30,0,0,15,15,280,2205,4,2209
7,4200,35,0,0,35,35,120,224,1,225
7,4200,50,0,0,25,25,168,2023,2,2025
7,4200,225,0,0,25,25,168,280,9,289
7,4200,280,0,0,7,7,600,2107,80,2187
7,4200,280,0,0,35,35,120,175,8,183
7,4200,280,0,0,70,70,60,147,8,155
7,4200,378,0,0,42,42,100,119,9,128
7,4200,378,0,0,42,42,100,280,9,289
7,4200,532,0,0,28,28,150,224,19,243
7,4200,532,0,0,28,28,150,343,57,400
7,4200,672,0,0,42,42,100,119,16,135
7,4200,672,0,0,84,84,50,49,16,65
7,4200,768,0,0,6,6,700,3969,256,4225
7,4200,900,0,0,100,100,42,112,9,121
7,4200,960,0,0,60,60,70,49,32,81
7,4200,1050,0,0,42,42,100,119,25,144
7,4200,1600,0,0,100,100,42,49,32,81
7,4200,1750,0,0,70,70,60,56,25,81
7,4200,2500,0,0,25,25,168,189,100,289
7,4200,3402,0,0,42,42,100,119,81,200
7,4200,3402,0,0,42,42,100,175,81,256
7,4200,3750,0,0,6,6,700,896,625,1521
7,4200,3840,0,0,30,30,140,497,128,625
7,4200,4032,0,0,14,14,300,49,576,625
7,4200,4200,0,0,42,42,100,189,100,289
7,4212,9,0,0,9,9,468,728,1,729
7,4212,9,0,0,9,9,468,4095,1,4096
7,4212,9,0,0,9,9,468,5264,1,5265
7,4212,24,0,0,6,6,702,1323,8,1331
7,4212,26,0,0,26,26,162,287,1,288
7,4212,54,0,0,18,18,234,413,3,416
7,4212,54,0,0,54,54,78,168,1,169
7,4212,54,0,0,54,54,78,224,1,225
7,4212,54,0,0,54,54,78,350,1,351
7,4212,54,0,0,54,54,78,728,1,729
7,4212,117,0,0,9,9,468,987,13,1000
7,4212,117,0,0,39,39,108,343,9,352
7,4212,117,0,0,117,117,36,56,1,57
7,4212,117,0,0,117,117,36,63,1,64
7,4212,1062,0,0,18,18,234,448,59,507
7,4212,1521,0,0,9,9,468,560,169,729
7,4212,1692,0,0,9,9,468,4375,188,4563
7,4212,2187,0,0,27,27,156,1183,81,1264
7,4212,2592,0,0,9,9,468,49,576,625
7,4212,3456,0,0,54,54,78,105,64,169
7,4212,3600,0,0,9,9,468,329,400,729
7,4212,3645,0,0,9,9,468,1792,405,2197
7,4216,124,0,0,124,124,34,49,2,51
7,4216,124,0,0,124,124,34,63,1,64
7,4218,4218,0,0,111,111,38,49,76,125
7,4220,135,0,0,5,5,844,1477,27,1504
7,4224,32,0,0,32,32,132,1407,1,1408
7,4224,48,0,0,12,12,352,1323,8,1331
7,4224,88,0,0,88,88,48,63,1,64
7,4224,88,0,0,88,88,48,224,1,225
7,4224,192,0,0,64,64,66,343,9,352
7,4224,198,0,0,66,66,64,343,9,352
7,4224,528,0,0,48,48,88,189,11,200
7,4224,640,0,0,8,8,528,343,240,583
7,4224,1200,0,0,48,48,88,49,50,99
7,4224,1200,0,0,48,48,88,231,25,256
7,4224,2112,0,0,8,8,528,2597,528,3125
7,4224,2124,0,0,12,12,352,847,177,1024
7,4224,2304,0,0,48,48,88,77,48,125
7,4224,2376,0,0,66,66,64,49,72,121
7,4224,3888,0,0,48,48,88,175,81,256
7,4224,4224,0,0,48,48,88,49,176,225
7,4230,47,0,0,47,47,90,161,1,162
7,4230,47,0,0,47,47,90,224,1,225
7,4230,376,0,0,47,47,90,567,8,575
7,4230,3008,0,0,47,47,90,161,64,225
7,4230,3243,0,0,47,47,90,56,69,125
7,4232,207,0,0,23,23,184,686,27,713
7,4232,1863,0,0,23,23,184,448,81,529
7,4234,29,0,0,29,29,146,511,1,512
7,4234,1168,0,0,73,73,58,49,32,81
7,4234,1168,0,0,73,73,58,609,16,625
7,4234,1825,0,0,73,73,58,56,25,81
7,4234,4234,0,0,73,73,58,567,58,625
7,4242,909,0,0,101,101,42,112,9,121
7,4242,1616,0,0,101,101,42,49,32,81
7,4248,6,0,0,6,6,708,3479,2,3481
7,4248,6,0,0,6,6,708,5040,1,5041
7,4248,36,0,0,36,36,118,224,1,225
7,4248,118,0,0,118,118,36,56,1,57
7,4248,118,0,0,118,118,36,63,1,64
7,4248,426,0,0,6,6,708,3304,71,3375
7,4248,944,0,0,59,59,72,49,32,81
7,4248,2304,0,0,36,36,118,49,128,177
7,4248,4248,0,0,36,36,118,7,118,125
7,4250,85,0,0,5,5,850,5103,17,5120
7,4250,125,0,0,125,125,34,49,2,51
7,4250,125,0,0,125,125,34,63,1,64
7,4250,625,0,0,25,25,170,2023,25,2048
7,4250,680,0,0,85,85,50,49,16,65
7,4250,1065,0,0,5,5,850,875,213,1088
7,4250,3200,0,0,5,5,850,567,640,1207
7,4256,56,0,0,56,56,76,168,1,169
7,4256,56,0,0,56,56,76,728,1,729
7,4256,336,0,0,56,56,76,343,18,361
7,4256,1024,0,0,8,8,532,4361,256,4617
7,4256,2016,0,0,56,56,76,133,36,169
7,4256,3192,0,0,56,56,76,112,57,169
7,4256,4256,0,0,112,112,38,49,76,125
7,4260,10,0,0,10,10,426,567,1,568
7,4260,284,0,0,71,71,60,147,8,155
7,4260,1775,0,0,71,71,60,56,25,81
7,4264,13,0,0,13,13,328,1372,3,1375
7,4264,13,0,0,13,13,328,1680,1,1681
7,4264,13,0,0,13,13,328,3024,1,3025
7,4264,104,0,0,13,13,328,2009,16,2025
7,4264,351,0,0,13,13,328,875,27,902
7,4264,468,0,0,13,13,328,343,108,451
7,4264,832,0,0,13,13,328,1225,128,1353
7,4264,1287,0,0,13,13,328,343,297,640
7,4264,1625,0,0,13,13,328,847,125,972
7,4264,2080,0,0,13,13,328,49,320,369
7,4264,2925,0,0,13,13,328,287,225,512
7,4264,3744,0,0,13,13,328,49,576,625
7,4264,4264,0,0,13,13,328,35,328,363
7,4264,4264,0,0,13,13,328,77,328,405
7,4270,119,0,0,7,7,610,4375,17,4392
7,4270,119,0,0,7,7,610,5103,17,5120
7,4270,350,0,0,7,7,610,2401,200,2601
7,4270,448,0,0,7,7,610,7497,128,7625
7,4270,976,0,0,61,61,70,49,32,81
7,4270,1134,0,0,7,7,610,875,162,1037
7,4270,2016,0,0,7,7,610,49,576,625
7,4270,3584,0,0,7,7,610,525,512,1037
7,4270,3843,0,0,7,7,610,896,549,1445
7,4270,4270,0,0,7,7,610,119,610,729
7,4272,89,0,0,89,89,48,63,1,64
7,4272,89,0,0,89,89,48,224,1,225
7,4272,4272,0,0,24,24,178,49,356,405
7,4280,20,0,0,5,5,856,1323,8,1331
7,4280,55,0,0,5,5,856,1701,11,1712
7,4280,4280,0,0,5,5,856,147,1712,1859
7,4284,36,0,0,18,18,238,2023,2,2025
7,4284,119,0,0,119,119,36,56,1,57
7,4284,119,0,0,119,119,36,63,1,64
7,4284,126,0,0,126,126,34,49,2,51
7,4284,126,0,0,126,126,34,63,1,64
7,4284,162,0,0,18,18,238,280,9,289
7,4284,168,0,0,21,21,204,721,8,729
7,4284,918,0,0,102,102,42,112,9,121
7,4284,952,0,0,14,14,306,2401,272,2673
7,4284,1344,0,0,42,42,102,189,32,221
7,4284,1428,0,0,42,42,102,49,68,117
7,4284,1632,0,0,102,102,42,49,32,81
7,4284,1800,0,0,18,18,238,189,100,289
7,4288,201,0,0,67,67,64,343,9,352
7,4288,2412,0,0,67,67,64,49,72,121
7,4290,13,0,0,13,13,330,1372,3,1375
7,4290,13,0,0,13,13,330,2240,1,2241
7,4290,13,0,0,13,13,330,3024,1,3025
7,4290,15,0,0,15,15,286,728,1,729
7,4290,20,0,0,5,5,858,1323,8,1331
7,4290,20,0,0,5,5,858,1617,8,1625
7,4290,39,0,0,13,13,330,343,9,352
7,4290,55,0,0,5,5,858,1204,11,1215
7,4290,55,0,0,5,5,858,1365,11,1376
7,4290,55,0,0,55,55,78,168,1,169
7,4290,55,0,0,55,55,78,224,1,225
7,4290,55,0,0,55,55,78,350,1,351
7,4290,55,0,0,55,55,78,728,1,729
7,4290,65,0,0,5,5,858,6237,13,6250
7,4290,125,0,0,5,5,858,7371,25,7396
7,4290,132,0,0,33,33,130,1323,8,1331
7,4290,132,0,0,33,33,130,1617,8,1625
7,4290,135,0,0,5,5,858,1183,27,1210
7,4290,160,0,0,5,5,858,1183,32,1215
7,4290,195,0,0,65,65,66,343,9,352
7,4290,240,0,0,5,5,858,1715,144,1859
7,4290,312,0,0,13,13,330,343,72,415
7,4290,312,0,0,13,13,330,581,24,605
7,4290,363,0,0,33,33,130,147,22,169
7,4290,363,0,0,33,33,130,189,11,200
7,4290,363,0,0,33,33,130,364,11,375
7,4290,429,0,0,33,33,130,350,13,363
7,4290,625,0,0,5,5,858,847,125,972
7,4290,625,0,0,5,5,858,1323,250,1573
7,4290,800,0,0,5,5,858,1001,160,1161
7,4290,800,0,0,5,5,858,9317,160,9477
7,4290,825,0,0,33,33,130,231,25,256
7,4290,891,0,0,33,33,130,1183,27,1210
7,4290,1056,0,0,33,33,130,1183,32,1215
7,4290,1280,0,0,5,5,858,819,256,1075
7,4290,1287,0,0,13,13,330,343,297,640
7,4290,1430,0,0,5,5,858,875,286,1161
7,4290,1560,0,0,5,5,858,1225,624,1849
7,4290,1875,0,0,5,5,858,1001,375,1376
7,4290,1980,0,0,33,33,130,49,120,169
7,4290,2025,0,0,5,5,858,1792,405,2197
7,4290,2365,0,0,5,5,858,567,473,1040
7,4290,2365,0,0,5,5,858,1575,473,2048
7,4290,2673,0,0,33,33,130,175,81,256
7,4290,2904,0,0,33,33,130,49,176,225
7,4290,3520,0,0,5,5,858,441,1408,1849
7,4290,3520,0,0,55,55,78,105,64,169
7,4290,3744,0,0,13,13,330,49,576,625
7,4290,4125,0,0,33,33,130,91,125,216
7,4290,4125,0,0,33,33,130,847,125,972
7,4290,4125,0,0,33,33,130,1323,250,1573
7,4292,29,0,0,29,29,148,224,1,225
7,4292,29,0,0,29,29,148,1295,1,1296
7,4292,1184,0,0,74,74,58,49,32,81
7,4292,1184,0,0,74,74,58,609,16,625
7,4292,1850,0,0,74,74,58,56,25,81
7,4292,4292,0,0,74,74,58,567,58,625
7,4294,4294,0,0,113,113,38,49,76,125
7,4296,3456,0,0,12,12,358,49,576,625
7,4300,387,0,0,43,43,100,119,9,128
7,4300,387,0,0,43,43,100,280,9,289
7,4300,400,0,0,10,10,430,2107,80,2187
7,4300,688,0,0,43,43,100,119,16,135
7,4300,688,0,0,86,86,50,49,16,65
7,4300,1075,0,0,43,43,100,119,25,144
7,4300,3483,0,0,43,43,100,119,81,200
7,4300,3483,0,0,43,43,100,175,81,256
7,4300,4300,0,0,43,43,100,189,100,289
7,4302,729,0,0,9,9,478,875,81,956
7,4302,3375,0,0,9,9,478,1673,375,2048
7,4304,8,0,0,8,8,538,1344,1,1345
7,4304,2304,0,0,8,8,538,49,576,625
7,4304,4304,0,0,8,8,538,49,1076,1125
7,4312,539,0,0,49,49,88,189,11,200
7,4312,1225,0,0,49,49,88,49,50,99
7,4312,1225,0,0,49,49,88,231,25,256
7,4312,2352,0,0,49,49,88,77,48,125
7,4312,3969,0,0,49,49,88,175,81,256
7,4312,4312,0,0,49,49,88,49,176,225
7,4318,127,0,0,127,127,34,49,2,51
7,4318,127,0,0,127,127,34,63,1,64
7,4320,15,0,0,15,15,288,840,1,841
7,4320,27,0,0,27,27,160,224,1,225
7,4320,36,0,0,36,36,120,224,1,225
7,4320,48,0,0,48,48,90,161,1,162
7,4320,48,0,0,48,48,90,224,1,225
7,4320,72,0,0,18,18,240,1323,8,1331
7,4320,90,0,0,90,90,48,63,1,64
7,4320,90,0,0,90,90,48,224,1,225
7,4320,120,0,0,40,40,108,343,9,352
7,4320,120,0,0,120,120,36,56,1,57
7,4320,120,0,0,120,120,36,63,1,64
7,4320,162,0,0,18,18,240,616,9,625
7,4320,288,0,0,18,18,240,875,16,891
7,4320,288,0,0,36,36,120,175,8,183
7,4320,288,0,0,72,72,60,147,8,155
7,4320,384,0,0,6,6,720,665,64,729
7,4320,384,0,0,48,48,90,567,8,575
7,4320,400,0,0,16,16,270,2023,25,2048
7,4320,435,0,0,15,15,288,700,29,729
7,4320,450,0,0,18,18,240,231,25,256
7,4320,960,0,0,60,60,72,49,32,81
7,4320,1458,0,0,18,18,240,175,81,256
7,4320,1800,0,0,72,72,60,56,25,81
7,4320,2178,0,0,18,18,240,504,121,625
7,4320,2304,0,0,8,8,540,49,576,625
7,4320,3072,0,0,48,48,90,161,64,225
7,4320,3312,0,0,48,48,90,56,69,125
7,4320,4096,0,0,16,16,270,119,256,375
7,4320,4320,0,0,15,15,288,49,576,625
7,4326,112,0,0,7,7,618,945,16,961
7,4326,927,0,0,103,103,42,112,9,121
7,4326,1008,0,0,7,7,618,343,432,775
7,4326,1648,0,0,103,103,42,49,32,81
7,4326,1680,0,0,7,7,618,721,240,961
7,4326,4326,0,0,7,7,618,7,618,625
7,4332,57,0,0,57,57,76,168,1,169
7,4332,57,0,0,57,57,76,728,1,729
7,4332,76,0,0,19,19,228,525,4,529
7,4332,114,0,0,19,19,228,343,18,361
7,4332,342,0,0,57,57,76,343,18,361
7,4332,475,0,0,19,19,228,336,25,361
7,4332,475,0,0,19,19,228,504,25,529
7,4332,513,0,0,19,19,228,448,27,475
7,4332,874,0,0,19,19,228,315,46,361
7,4332,1539,0,0,19,19,228,175,81,256
7,4332,1539,0,0,19,19,228,280,81,361
7,4332,1539,0,0,19,19,228,448,81,529
7,4332,1805,0,0,19,19,228,161,95,256
7,4332,2052,0,0,57,57,76,133,36,169
7,4332,2375,0,0,19,19,228,483,125,608
7,4332,3249,0,0,57,57,76,112,57,169
7,4332,3800,0,0,19,19,228,161,200,361
7,4332,4332,0,0,114,114,38,49,76,125
7,4334,44,0,0,11,11,394,1323,8,1331
7,4340,45,0,0,5,5,868,1015,9,1024
7,4340,80,0,0,5,5,868,945,16,961
7,4340,224,0,0,14,14,310,945,16,961
7,4340,350,0,0,14,14,310,378,25,403
7,4340,350,0,0,14,14,310,651,25,676
7,4340,448,0,0,14,14,310,1183,32,1215
7,4340,910,0,0,14,14,310,896,65,961
7,4340,992,0,0,62,62,70,49,32,81
7,4340,1305,0,0,5,5,868,700,261,961
7,4340,1400,0,0,14,14,310,637,200,837
7,4340,1792,0,0,14,14,310,147,256,403
7,4340,2016,0,0,14,14,310,343,432,775
7,4340,3125,0,0,5,5,868,336,625,961
7,4340,3125,0,0,5,5,868,6944,625,7569
7,4340,3968,0,0,31,31,140,497,128,625
7,4350,25,0,0,25,25,174,231,1,232
7,4350,45,0,0,5,5,870,1015,9,1024
7,4350,405,0,0,5,5,870,2401,324,2725
7,4350,545,0,0,5,5,870,2240,109,2349
7,4350,545,0,0,5,5,870,5075,109,5184
7,4350,551,0,0,29,29,150,224,19,243
7,4350,551,0,0,29,29,150,343,57,400
7,4350,696,0,0,87,87,50,49,16,65
7,4350,1200,0,0,75,75,58,49,32,81
7,4350,1200,0,0,75,75,58,609,16,625
7,4350,1305,0,0,5,5,870,763,261,1024
7,4350,1875,0,0,75,75,58,56,25,81
7,4350,4350,0,0,75,75,58,567,58,625
7,4352,128,0,0,128,128,34,49,2,51
7,4352,128,0,0,128,128,34,63,1,64
7,4352,204,0,0,68,68,64,343,9,352
7,4352,2448,0,0,68,68,64,49,72,121
7,4354,7,0,0,7,7,622,728,1,729
7,4356,33,0,0,33,33,132,1407,1,1408
7,4356,44,0,0,11,11,396,1323,8,1331
7,4356,88,0,0,22,22,198,1323,8,1331
7,4356,121,0,0,121,121,36,56,1,57
7,4356,121,0,0,121,121,36,63,1,64
7,4356,198,0,0,22,22,198,616,9,625
7,4356,198,0,0,66,66,66,343,9,352
7,4356,352,0,0,22,22,198,875,16,891
7,4356,550,0,0,22,22,198,231,25,256
7,4356,1782,0,0,22,22,198,175,81,256
7,4356,1936,0,0,22,22,198,49,176,225
7,4356,2662,0,0,22,22,198,504,121,625
7,4366,37,0,0,37,37,118,224,1,225
7,4366,2368,0,0,37,37,118,49,128,177
7,4366,4366,0,0,37,37,118,7,118,125
7,4368,7,0,0,7,7,624,728,1,729
7,4368,52,0,0,26,26,168,2023,2,2025
7,4368,56,0,0,56,56,78,168,1,169
7,4368,56,0,0,56,56,78,224,1,225
7,4368,56,0,0,56,56,78,350,1,351
7,4368,56,0,0,56,56,78,728,1,729
7,4368,91,0,0,91,91,48,63,1,64
7,4368,91,0,0,91,91,48,224,1,225
7,4368,234,0,0,26,26,168,280,9,289
7,4368,936,0,0,104,104,42,112,9,121
7,4368,1664,0,0,104,104,42,49,32,81
7,4368,2268,0,0,28,28,156,1183,81,1264
7,4368,2600,0,0,26,26,168,189,100,289
7,4368,3584,0,0,56,56,78,105,64,169
7,4368,4368,0,0,21,21,208,35,208,243
7,4370,23,0,0,23,23,190,224,1,225
7,4370,23,0,0,23,23,190,399,1,400
7,4370,1472,0,0,23,23,190,665,64,729
7,4370,4370,0,0,115,115,38,49,76,125
7,4374,27,0,0,27,27,162,287,1,288
7,4380,30,0,0,30,30,146,511,1,512
7,4380,40,0,0,10,10,438,1323,8,1331
7,4380,40,0,0,10,10,438,5621,4,5625
7,4380,292,0,0,73,73,60,147,8,155
7,4380,432,0,0,6,6,730,3577,144,3721
7,4380,1250,0,0,10,10,438,847,125,972
7,4380,1314,0,0,6,6,730,343,657,1000
7,4380,1825,0,0,73,73,60,56,25,81
7,4380,2420,0,0,10,10,438,245,484,729
7,4380,3750,0,0,6,6,730,1022,625,1647
7,4384,2048,0,0,8,8,548,2401,1024,3425
7,4384,4384,0,0,8,8,548,77,548,625
7,4386,17,0,0,17,17,258,350,1,351
7,4386,17,0,0,17,17,258,728,1,729
7,4386,129,0,0,129,129,34,49,2,51
7,4386,129,0,0,129,129,34,63,1,64
7,4386,731,0,0,17,17,258,2457,43,2500
7,4386,850,0,0,17,17,258,301,50,351
7,4386,1376,0,0,43,43,102,189,32,221
7,4386,1462,0,0,43,43,102,49,68,117
7,4386,1768,0,0,17,17,258,301,104,405
7,4386,2873,0,0,17,17,258,175,169,344
7,4386,2873,0,0,17,17,258,49,338,387
7,4386,2873,0,0,17,17,258,560,169,729
7,4386,2873,0,0,17,17,258,1680,169,1849
7,4392,18,0,0,18,18,244,287,1,288
7,4392,122,0,0,122,122,36,56,1,57
7,4392,122,0,0,122,122,36,63,1,64
7,4392,216,0,0,12,12,366,3703,18,3721
7,4392,972,0,0,12,12,366,448,81,529
7,4392,976,0,0,61,61,72,49,32,81
7,4394,325,0,0,13,13,338,2023,25,2048
7,4400,32,0,0,8,8,550,1323,8,1331
7,4400,60,0,0,20,20,220,343,9,352
7,4400,100,0,0,20,20,220,259,5,264
7,4400,144,0,0,8,8,550,539,36,575
7,4400,396,0,0,44,44,100,119,9,128
7,4400,396,0,0,44,44,100,280,9,289
7,4400,550,0,0,50,50,88,189,11,200
7,4400,704,0,0,44,44,100,119,16,135
7,4400,704,0,0,88,88,50,49,16,65
7,4400,1000,0,0,8,8,550,847,125,972
7,4400,1100,0,0,44,44,100,119,25,144
7,4400,1250,0,0,50,50,88,49,50,99
7,4400,1250,0,0,50,50,88,231,25,256
7,4400,1936,0,0,8,8,550,245,484,729
7,4400,2400,0,0,50,50,88,77,48,125
7,4400,2720,0,0,10,10,440,1925,272,2197
7,4400,2944,0,0,8,8,550,847,368,1215
7,4400,3168,0,0,11,11,400,49,576,625
7,4400,3564,0,0,44,44,100,119,81,200
7,4400,3564,0,0,44,44,100,175,81,256
7,4400,3700,0,0,20,20,220,112,185,297
7,4400,4050,0,0,50,50,88,175,81,256
7,4400,4232,0,0,8,8,550,175,529,704
7,4400,4232,0,0,8,8,550,560,529,1089
7,4400,4232,0,0,8,8,550,5103,529,5632
7,4400,4400,0,0,44,44,100,189,100,289
7,4400,4400,0,0,50,50,88,49,176,225
7,4408,19,0,0,19,19,232,728,1,729
7,4408,58,0,0,58,58,76,168,1,169
7,4408,58,0,0,58,58,76,728,1,729
7,4408,348,0,0,58,58,76,343,18,361
7,4408,1216,0,0,76,76,58,49,32,81
7,4408,1216,0,0,76,76,58,609,16,625
7,4408,1900,0,0,76,76,58,56,25,81
7,4408,2088,0,0,58,58,76,133,36,169
7,4408,3211,0,0,19,19,232,672,169,841
7,4408,3306,0,0,58,58,76,112,57,169
7,4408,4408,0,0,76,76,58,567,58,625
7,4408,4408,0,0,116,116,38,49,76,125
7,4410,49,0,0,49,49,90,161,1,162
7,4410,49,0,0,49,49,90,224,1,225
7,4410,392,0,0,49,49,90,567,8,575
7,4410,553,0,0,7,7,630,945,79,1024
7,4410,945,0,0,105,105,42,112,9,121
7,4410,1008,0,0,63,63,70,49,32,81
7,4410,1680,0,0,105,105,42,49,32,81
7,4410,3136,0,0,49,49,90,161,64,225
7,4410,3381,0,0,49,49,90,56,69,125
7,4416,92,0,0,92,92,48,63,1,64
7,4416,92,0,0,92,92,48,224,1,225
7,4416,207,0,0,69,69,64,343,9,352
7,4416,216,0,0,24,24,184,686,27,713
7,4416,1944,0,0,24,24,184,448,81,529
7,4416,2484,0,0,69,69,64,49,72,121
7,4420,10,0,0,10,10,442,728,1,729
7,4420,10,0,0,10,10,442,1183,1,1184
7,4420,52,0,0,13,13,340,357,4,361
7,4420,78,0,0,13,13,340,343,18,361
7,4420,130,0,0,130,130,34,49,2,51
7,4420,130,0,0,130,130,34,63,1,64
7,4420,136,0,0,34,34,130,1323,8,1331
7,4420,136,0,0,34,34,130,1617,8,1625
7,4420,170,0,0,10,10,442,1036,17,1053
7,4420,325,0,0,13,13,340,336,25,361
7,4420,325,0,0,13,13,340,2023,25,2048
7,4420,351,0,0,13,13,340,448,27,475
7,4420,374,0,0,34,34,130,147,22,169
7,4420,374,0,0,34,34,130,189,11,200
7,4420,374,0,0,34,34,130,364,11,375
7,4420,442,0,0,34,34,130,350,13,363
7,4420,650,0,0,26,26,170,2023,25,2048
7,4420,850,0,0,34,34,130,231,25,256
7,4420,918,0,0,34,34,130,1183,27,1210
7,4420,988,0,0,13,13,340,1225,152,1377
7,4420,1053,0,0,13,13,340,280,81,361
7,4420,1053,0,0,13,13,340,1372,243,1615
7,4420,1088,0,0,34,34,130,1183,32,1215
7,4420,1625,0,0,13,13,340,833,250,1083
7,4420,1920,0,0,10,10,442,1813,384,2197
7,4420,2040,0,0,34,34,130,49,120,169
7,4420,2754,0,0,34,34,130,175,81,256
7,4420,2992,0,0,34,34,130,49,176,225
7,4420,3328,0,0,13,13,340,105,256,361
7,4420,3328,0,0,13,13,340,119,256,375
7,4420,3536,0,0,13,13,340,133,272,405
7,4420,4250,0,0,34,34,130,91,125,216
7,4420,4250,0,0,34,34,130,847,125,972
7,4420,4250,0,0,34,34,130,1323,250,1573
7,4420,4420,0,0,13,13,340,21,340,361
7,4420,4420,0,0,13,13,340,49,680,729
7,4422,201,0,0,67,67,66,343,9,352
7,4422,2673,0,0,11,11,402,343,729,1072
7,4428,18,0,0,18,18,246,287,1,288
7,4428,30,0,0,6,6,738,1512,5,1517
7,4428,123,0,0,41,41,108,343,9,352
7,4428,123,0,0,123,123,36,56,1,57
7,4428,123,0,0,123,123,36,63,1,64
7,4428,3249,0,0,9,9,492,287,361,648
7,4428,3936,0,0,6,6,738,1813,1312,3125
7,4428,4050,0,0,6,6,738,343,2025,2368
7,4440,5,0,0,5,5,888,1295,1,1296
7,4440,12,0,0,12,12,370,1295,1,1296
7,4440,30,0,0,30,30,148,224,1,225
7,4440,30,0,0,30,30,148,1295,1,1296
7,4440,37,0,0,37,37,120,224,1,225
7,4440,296,0,0,37,37,120,175,8,183
7,4440,296,0,0,74,74,60,147,8,155
7,4440,324,0,0,12,12,370,1120,27,1147
7,4440,555,0,0,5,5,888,1715,333,2048
7,4440,1332,0,0,12,12,370,1715,333,2048
7,4440,1500,0,0,12,12,370,259,125,384
7,4440,1850,0,0,74,74,60,56,25,81
7,4440,3456,0,0,12,12,370,49,576,625
7,4446,57,0,0,19,19,234,413,3,416
7,4446,57,0,0,57,57,78,168,1,169
7,4446,57,0,0,57,57,78,224,1,225
7,4446,57,0,0,57,57,78,350,1,351
7,4446,57,0,0,57,57,78,728,1,729
7,4446,78,0,0,13,13,342,343,18,361
7,4446,741,0,0,13,13,342,1792,57,1849
7,4446,1121,0,0,19,19,234,448,59,507
7,4446,3648,0,0,57,57,78,105,64,169
7,4446,4446,0,0,117,117,38,49,76,125
7,4450,712,0,0,89,89,50,49,16,65
7,4450,4450,0,0,25,25,178,49,356,405
7,4452,7,0,0,7,7,636,847,1,848
7,4452,7,0,0,7,7,636,5103,1,5104
7,4452,693,0,0,7,7,636,742,99,841
7,4452,954,0,0,106,106,42,112,9,121
7,4452,1696,0,0,106,106,42,49,32,81
7,4454,51,0,0,17,17,262,343,9,352
7,4454,131,0,0,131,131,34,49,2,51
7,4454,131,0,0,131,131,34,63,1,64
7,4464,93,0,0,93,93,48,63,1,64
7,4464,93,0,0,93,93,48,224,1,225
7,4464,124,0,0,124,124,36,56,1,57
7,4464,124,0,0,124,124,36,63,1,64
7,4464,204,0,0,12,12,372,847,17,864
7,4464,768,0,0,12,12,372,833,128,961
7,4464,992,0,0,62,62,72,49,32,81
7,4464,2238,0,0,6,6,744,651,373,1024
7,4466,1232,0,0,77,77,58,49,32,81
7,4466,1232,0,0,77,77,58,609,16,625
7,4466,1925,0,0,77,77,58,56,25,81
7,4466,4466,0,0,77,77,58,567,58,625
7,4480,28,0,0,28,28,160,224,1,225
7,4480,32,0,0,16,16,280,2205,4,2209
7,4480,210,0,0,70,70,64,343,9,352
7,4480,1024,0,0,64,64,70,49,32,81
7,4480,2520,0,0,70,70,64,49,72,121
7,4480,4096,0,0,32,32,140,497,128,625
7,4482,9,0,0,9,9,498,2240,1,2241
7,4482,2592,0,0,9,9,498,49,576,625
7,4484,38,0,0,38,38,118,224,1,225
7,4484,59,0,0,59,59,76,168,1,169
7,4484,59,0,0,59,59,76,728,1,729
7,4484,354,0,0,59,59,76,343,18,361
7,4484,2124,0,0,59,59,76,133,36,169
7,4484,2432,0,0,38,38,118,49,128,177
7,4484,3363,0,0,59,59,76,112,57,169
7,4484,4484,0,0,38,38,118,7,118,125
7,4484,4484,0,0,118,118,38,49,76,125
7,4488,6,0,0,6,6,748,1155,1,1156
7,4488,6,0,0,6,6,748,1372,3,1375
7,4488,6,0,0,6,6,748,3024,1,3025
7,4488,22,0,0,11,11,408,2023,2,2025
7,4488,34,0,0,34,34,132,1407,1,1408
7,4488,120,0,0,6,6,748,847,20,867
7,4488,132,0,0,132,132,34,49,2,51
7,4488,132,0,0,132,132,34,63,1,64
7,4488,176,0,0,22,22,204,721,8,729
7,4488,204,0,0,68,68,66,343,9,352
7,4488,275,0,0,11,11,408,672,25,697
7,4488,275,0,0,11,11,408,2023,25,2048
7,4488,300,0,0,6,6,748,2401,200,2601
7,4488,561,0,0,11,11,408,574,51,625
7,4488,561,0,0,51,51,88,189,11,200
7,4488,750,0,0,6,6,748,847,125,972
7,4488,918,0,0,6,6,748,847,153,1000
7,4488,1275,0,0,51,51,88,49,50,99
7,4488,1275,0,0,51,51,88,231,25,256
7,4488,1408,0,0,11,11,408,441,256,697
7,4488,1408,0,0,44,44,102,189,32,221
7,4488,1496,0,0,44,44,102,49,68,117
7,4488,2255,0,0,11,11,408,49,410,459
7,4488,2448,0,0,51,51,88,77,48,125
7,4488,3179,0,0,11,11,408,287,289,576
7,4488,3179,0,0,11,11,408,336,289,625
7,4488,3564,0,0,6,6,748,343,1782,2125
7,4488,3564,0,0,11,11,408,49,648,697
7,4488,3740,0,0,11,11,408,49,680,729
7,4488,4131,0,0,51,51,88,175,81,256
7,4488,4488,0,0,51,51,88,49,176,225
7,4494,963,0,0,107,107,42,112,9,121
7,4494,1712,0,0,107,107,42,49,32,81
7,4496,256,0,0,8,8,562,2401,128,2529
7,4496,648,0,0,8,8,562,1967,81,2048
7,4500,20,0,0,5,5,900,1323,8,1331
7,4500,50,0,0,50,50,90,161,1,162
7,4500,50,0,0,50,50,90,224,1,225
7,4500,90,0,0,10,10,450,791,9,800
7,4500,125,0,0,125,125,36,56,1,57
7,4500,125,0,0,125,125,36,63,1,64
7,4500,160,0,0,5,5,900,1617,64,1681
7,4500,300,0,0,75,75,60,147,8,155
7,4500,400,0,0,50,50,90,567,8,575
7,4500,405,0,0,45,45,100,119,9,128
7,4500,405,0,0,45,45,100,280,9,289
7,4500,570,0,0,30,30,150,224,19,243
7,4500,570,0,0,30,30,150,343,57,400
7,4500,615,0,0,5,5,900,1925,123,2048
7,4500,625,0,0,5,5,900,847,125,972
7,4500,720,0,0,45,45,100,119,16,135
7,4500,720,0,0,90,90,50,49,16,65
7,4500,1125,0,0,45,45,100,119,25,144
7,4500,1875,0,0,75,75,60,56,25,81
7,4500,3072,0,0,6,6,750,245,1024,1269
7,4500,3200,0,0,50,50,90,161,64,225
7,4500,3450,0,0,50,50,90,56,69,125
7,4500,3645,0,0,45,45,100,119,81,200
7,4500,3645,0,0,45,45,100,175,81,256
7,4500,4320,0,0,15,15,300,49,576,625
7,4500,4500,0,0,45,45,100,189,100,289
7,4512,94,0,0,94,94,48,63,1,64
7,4512,94,0,0,94,94,48,224,1,225
7,4520,2560,0,0,5,5,904,5537,1024,6561
7,4522,38,0,0,19,19,238,2023,2,2025
7,4522,133,0,0,133,133,34,49,2,51
7,4522,133,0,0,133,133,34,63,1,64
7,4522,171,0,0,19,19,238,280,9,289
7,4522,1900,0,0,19,19,238,189,100,289
7,4522,4522,0,0,119,119,38,49,76,125
7,4524,26,0,0,26,26,174,231,1,232
7,4524,58,0,0,58,58,78,168,1,169
7,4524,58,0,0,58,58,78,224,1,225
7,4524,58,0,0,58,58,78,350,1,351
7,4524,58,0,0,58,58,78,728,1,729
7,4524,1248,0,0,78,78,58,49,32,81
7,4524,1248,0,0,78,78,58,609,16,625
7,4524,1950,0,0,78,78,58,56,25,81
7,4524,2349,0,0,29,29,156,1183,81,1264
7,4524,3712,0,0,58,58,78,105,64,169
7,4524,4524,0,0,78,78,58,567,58,625
7,4526,31,0,0,31,31,146,511,1,512
7,4530,1135,0,0,5,5,906,343,681,1024
7,4532,88,0,0,11,11,412,721,8,729
7,4536,28,0,0,28,28,162,287,1,288
7,4536,54,0,0,27,27,168,2023,2,2025
7,4536,126,0,0,42,42,108,343,9,352
7,4536,126,0,0,126,126,36,56,1,57
7,4536,126,0,0,126,126,36,63,1,64
7,4536,224,0,0,7,7,648,1183,32,1215
7,4536,243,0,0,27,27,168,280,9,289
7,4536,396,0,0,9,9,504,441,88,529
7,4536,972,0,0,108,108,42,112,9,121
7,4536,1008,0,0,63,63,72,49,32,81
7,4536,1728,0,0,108,108,42,49,32,81
7,4536,2700,0,0,27,27,168,189,100,289
7,4536,2835,0,0,7,7,648,1792,405,2197
7,4544,8,0,0,8,8,568,1064,1,1065
7,4544,8,0,0,8,8,568,5040,1,5041
7,4544,213,0,0,71,71,64,343,9,352
7,4544,512,0,0,8,8,568,665,64,729
7,4544,1800,0,0,8,8,568,497,225,722
7,4544,2304,0,0,8,8,568,49,576,625
7,4544,2556,0,0,71,71,64,49,72,121
7,4550,45,0,0,5,5,910,2366,9,2375
7,4550,140,0,0,35,35,130,1323,8,1331
7,4550,140,0,0,35,35,130,1617,8,1625
7,4550,325,0,0,5,5,910,2527,65,2592
7,4550,385,0,0,35,35,130,147,22,169
7,4550,385,0,0,35,35,130,189,11,200
7,4550,385,0,0,35,35,130,364,11,375
7,4550,455,0,0,35,35,130,350,13,363
7,4550,640,0,0,5,5,910,3969,256,4225
7,4550,675,0,0,5,5,910,4459,405,4864
7,4550,728,0,0,91,91,50,49,16,65
7,4550,875,0,0,35,35,130,231,25,256
7,4550,945,0,0,35,35,130,1183,27,1210
7,4550,1040,0,0,65,65,70,49,32,81
7,4550,1120,0,0,35,35,130,1183,32,1215
7,4550,2100,0,0,35,35,130,49,120,169
7,4550,2835,0,0,35,35,130,175,81,256
7,4550,3080,0,0,35,35,130,49,176,225
7,4550,3125,0,0,5,5,910,399,625,1024
7,4550,3125,0,0,5,5,910,819,625,1444
7,4550,3125,0,0,5,5,910,896,625,1521
7,4550,4000,0,0,5,5,910,4459,2400,6859
7,4550,4375,0,0,35,35,130,91,125,216
7,4550,4375,0,0,35,35,130,847,125,972
7,4550,4375,0,0,35,35,130,1323,250,1573
7,4554,11,0,0,11,11,414,728,1,729
7,4554,11,0,0,11,11,414,896,1,897
7,4554,92,0,0,23,23,198,1323,8,1331
7,4554,207,0,0,23,23,198,616,9,625
7,4554,207,0,0,69,69,66,343,9,352
7,4554,368,0,0,23,23,198,875,16,891
7,4554,575,0,0,23,23,198,231,25,256
7,4554,1859,0,0,11,11,414,567,169,736
7,4554,1863,0,0,23,23,198,175,81,256
7,4554,2024,0,0,23,23,198,49,176,225
7,4554,2783,0,0,23,23,198,504,121,625
7,4554,3861,0,0,11,11,414,161,351,512
7,4556,134,0,0,134,134,34,49,2,51
7,4556,134,0,0,134,134,34,63,1,64
7,4560,24,0,0,8,8,570,1232,3,1235
7,4560,24,0,0,8,8,570,3325,3,3328
7,4560,24,0,0,24,24,190,224,1,225
7,4560,24,0,0,24,24,190,399,1,400
7,4560,38,0,0,38,38,120,224,1,225
7,4560,40,0,0,8,8,570,1183,5,1188
7,4560,40,0,0,8,8,570,4389,5,4394
7,4560,60,0,0,60,60,76,168,1,169
7,4560,60,0,0,60,60,76,728,1,729
7,4560,76,0,0,19,19,240,1323,8,1331
7,4560,80,0,0,20,20,228,525,4,529
7,4560,95,0,0,95,95,48,63,1,64
7,4560,95,0,0,95,95,48,224,1,225
7,4560,120,0,0,20,20,228,343,18,361
7,4560,152,0,0,8,8,570,637,38,675
7,4560,152,0,0,8,8,570,1925,19,1944
7,4560,152,0,0,8,8,570,2541,19,2560
7,4560,152,0,0,8,8,570,4375,19,4394
7,4560,162,0,0,6,6,760,1778,27,1805
7,4560,171,0,0,19,19,240,616,9,625
7,4560,192,0,0,8,8,570,2275,24,2299
7,4560,208,0,0,8,8,570,1323,52,1375
7,4560,264,0,0,8,8,570,1183,33,1216
7,4560,264,0,0,8,8,570,2527,33,2560
7,4560,304,0,0,8,8,570,567,38,605
7,4560,304,0,0,19,19,240,875,16,891
7,4560,304,0,0,38,38,120,175,8,183
7,4560,304,0,0,76,76,60,147,8,155
7,4560,360,0,0,60,60,76,343,18,361
7,4560,475,0,0,19,19,240,231,25,256
7,4560,500,0,0,20,20,228,336,25,361
7,4560,500,0,0,20,20,228,504,25,529
7,4560,540,0,0,20,20,228,448,27,475
7,4560,920,0,0,20,20,228,315,46,361
7,4560,1144,0,0,8,8,570,532,143,675
7,4560,1216,0,0,8,8,570,693,152,845
7,4560,1536,0,0,8,8,570,1183,192,1375
7,4560,1536,0,0,24,24,190,665,64,729
7,4560,1539,0,0,19,19,240,175,81,256
7,4560,1620,0,0,20,20,228,175,81,256
7,4560,1620,0,0,20,20,228,280,81,361
7,4560,1620,0,0,20,20,228,448,81,529
7,4560,1664,0,0,8,8,570,875,208,1083
7,4560,1872,0,0,8,8,570,343,702,1045
7,4560,1900,0,0,20,20,228,161,95,256
7,4560,1900,0,0,76,76,60,56,25,81
7,4560,1944,0,0,8,8,570,1330,243,1573
7,4560,2160,0,0,60,60,76,133,36,169
7,4560,2166,0,0,6,6,760,889,361,1250
7,4560,2285,0,0,5,5,912,567,457,1024
7,4560,2285,0,0,5,5,912,5488,1371,6859
7,4560,2299,0,0,19,19,240,504,121,625
7,4560,2500,0,0,20,20,228,483,125,608
7,4560,3328,0,0,8,8,570,189,416,605
7,4560,3420,0,0,60,60,76,112,57,169
7,4560,3888,0,0,6,6,760,2527,648,3175
7,4560,3888,0,0,8,8,570,1225,972,2197
7,4560,4000,0,0,8,8,570,539,1000,1539
7,4560,4000,0,0,20,20,228,161,200,361
7,4560,4056,0,0,8,8,570,133,507,640
7,4560,4056,0,0,8,8,570,1792,507,2299
7,4560,4056,0,0,8,8,570,1925,507,2432
7,4560,4560,0,0,120,120,38,49,76,125
7,4572,127,0,0,127,127,36,56,1,57
7,4572,127,0,0,127,127,36,63,1,64
7,4572,225,0,0,9,9,508,2023,25,2048
7,4572,3060,0,0,9,9,508,49,680,729
7,4576,16,0,0,16,16,286,728,1,729
7,4576,52,0,0,13,13,352,1323,8,1331
7,4576,572,0,0,52,52,88,189,11,200
7,4576,1300,0,0,52,52,88,49,50,99
7,4576,1300,0,0,52,52,88,231,25,256
7,4576,2301,0,0,13,13,352,847,177,1024
7,4576,2496,0,0,52,52,88,77,48,125
7,4576,4212,0,0,52,52,88,175,81,256
7,4576,4576,0,0,22,22,208,35,208,243
7,4576,4576,0,0,52,52,88,49,176,225
7,4578,981,0,0,109,109,42,112,9,121
7,4578,1744,0,0,109,109,42,49,32,81
7,4582,1264,0,0,79,79,58,49,32,81
7,4582,1264,0,0,79,79,58,609,16,625
7,4582,1975,0,0,79,79,58,56,25,81
7,4582,4582,0,0,79,79,58,567,58,625
7,4588,31,0,0,31,31,148,224,1,225
7,4588,31,0,0,31,31,148,1295,1,1296
7,4590,5,0,0,5,5,918,4760,1,4761
7,4590,51,0,0,51,51,90,161,1,162
7,4590,51,0,0,51,51,90,224,1,225
7,4590,85,0,0,5,5,918,5103,17,5120
7,4590,135,0,0,135,135,34,49,2,51
7,4590,135,0,0,135,135,34,63,1,64
7,4590,250,0,0,5,5,918,2401,200,2601
7,4590,408,0,0,51,51,90,567,8,575
7,4590,425,0,0,17,17,270,2023,25,2048
7,4590,450,0,0,9,9,510,2401,200,2601
7,4590,675,0,0,27,27,170,2023,25,2048
7,4590,1020,0,0,15,15,306,2401,272,2673
7,4590,1440,0,0,45,45,102,189,32,221
7,4590,1530,0,0,45,45,102,49,68,117
7,4590,2592,0,0,9,9,510,49,576,625
7,4590,3264,0,0,51,51,90,161,64,225
7,4590,3519,0,0,51,51,90,56,69,125
7,4590,4352,0,0,17,17,270,119,256,375
7,4592,14,0,0,14,14,328,1372,3,1375
7,4592,14,0,0,14,14,328,1680,1,1681
7,4592,14,0,0,14,14,328,3024,1,3025
7,4592,112,0,0,14,14,328,2009,16,2025
7,4592,378,0,0,14,14,328,875,27,902
7,4592,504,0,0,14,14,328,343,108,451
7,4592,896,0,0,14,14,328,1225,128,1353
7,4592,1386,0,0,14,14,328,343,297,640
7,4592,1750,0,0,14,14,328,847,125,972
7,4592,2240,0,0,14,14,328,49,320,369
7,4592,3150,0,0,14,14,328,287,225,512
7,4592,4032,0,0,14,14,328,49,576,625
7,4592,4592,0,0,14,14,328,35,328,363
7,4592,4592,0,0,14,14,328,77,328,405
7,4598,209,0,0,11,11,418,1925,19,1944
7,4598,209,0,0,11,11,418,2541,19,2560
7,4598,363,0,0,11,11,418,2527,33,2560
7,4598,4598,0,0,121,121,38,49,76,125
7,4600,50,0,0,10,10,460,616,5,621
7,4600,225,0,0,25,25,184,686,27,713
7,4600,414,0,0,46,46,100,119,9,128
7,4600,414,0,0,46,46,100,280,9,289
7,4600,736,0,0,46,46,100,119,16,135
7,4600,736,0,0,92,92,50,49,16,65
7,4600,1150,0,0,46,46,100,119,25,144
7,4600,2025,0,0,25,25,184,448,81,529
7,4600,3726,0,0,46,46,100,119,81,200
7,4600,3726,0,0,46,46,100,175,81,256
7,4600,4600,0,0,46,46,100,189,100,289
7,4602,39,0,0,39,39,118,224,1,225
7,4602,59,0,0,59,59,78,168,1,169
7,4602,59,0,0,59,59,78,224,1,225
7,4602,59,0,0,59,59,78,350,1,351
7,4602,59,0,0,59,59,78,728,1,729
7,4602,2496,0,0,39,39,118,49,128,177
7,4602,3776,0,0,59,59,78,105,64,169
7,4602,4602,0,0,39,39,118,7,118,125
7,4606,14,0,0,7,7,658,2205,4,2209
7,4606,112,0,0,7,7,658,875,16,891
7,4608,16,0,0,16,16,288,840,1,841
7,4608,96,0,0,96,96,48,63,1,64
7,4608,96,0,0,96,96,48,224,1,225
7,4608,128,0,0,128,128,36,56,1,57
7,4608,128,0,0,128,128,36,63,1,64
7,4608,216,0,0,72,72,64,343,9,352
7,4608,464,0,0,16,16,288,700,29,729
7,4608,1024,0,0,64,64,72,49,32,81
7,4608,2592,0,0,72,72,64,49,72,121
7,4608,4608,0,0,16,16,288,49,576,625
7,4620,14,0,0,14,14,330,1372,3,1375
7,4620,14,0,0,14,14,330,2240,1,2241
7,4620,14,0,0,14,14,330,3024,1,3025
7,4620,28,0,0,7,7,660,1323,8,1331
7,4620,35,0,0,35,35,132,1407,1,1408
7,4620,42,0,0,14,14,330,343,9,352
7,4620,63,0,0,21,21,220,343,9,352
7,4620,105,0,0,21,21,220,259,5,264
7,4620,112,0,0,7,7,660,875,16,891
7,4620,210,0,0,70,70,66,343,9,352
7,4620,308,0,0,77,77,60,147,8,155
7,4620,336,0,0,14,14,330,343,72,415
7,4620,336,0,0,14,14,330,581,24,605
7,4620,990,0,0,110,110,42,112,9,121
7,4620,1056,0,0,66,66,70,49,32,81
7,4620,1386,0,0,14,14,330,343,297,640
7,4620,1694,0,0,7,7,660,245,484,729
7,4620,1760,0,0,110,110,42,49,32,81
7,4620,1925,0,0,7,7,660,2317,275,2592
7,4620,1925,0,0,77,77,60,56,25,81
7,4620,2317,0,0,7,7,660,560,331,891
7,4620,2317,0,0,7,7,660,693,331,1024
7,4620,2317,0,0,7,7,660,1694,331,2025
7,4620,3885,0,0,21,21,220,112,185,297
7,4620,4032,0,0,14,14,330,49,576,625
7,4620,4224,0,0,33,33,140,497,128,625
7,4624,32,0,0,8,8,578,833,8,841
7,4624,136,0,0,136,136,34,49,2,51
7,4624,136,0,0,136,136,34,63,1,64
7,4624,200,0,0,8,8,578,2023,25,2048
7,4628,4628,0,0,26,26,178,49,356,405
7,4636,19,0,0,19,19,244,287,1,288
7,4636,61,0,0,61,61,76,168,1,169
7,4636,61,0,0,61,61,76,728,1,729
7,4636,366,0,0,61,61,76,343,18,361
7,4636,2196,0,0,61,61,76,133,36,169
7,4636,3477,0,0,61,61,76,112,57,169
7,4636,4636,0,0,122,122,38,49,76,125
7,4640,8,0,0,8,8,580,840,1,841
7,4640,20,0,0,20,20,232,728,1,729
7,4640,29,0,0,29,29,160,224,1,225
7,4640,48,0,0,8,8,580,2401,24,2425
7,4640,232,0,0,8,8,580,700,29,729
7,4640,400,0,0,8,8,580,679,50,729
7,4640,776,0,0,8,8,580,875,97,972
7,4640,1000,0,0,8,8,580,2688,125,2813
7,4640,1280,0,0,80,80,58,49,32,81
7,4640,1280,0,0,80,80,58,609,16,625
7,4640,1296,0,0,8,8,580,679,162,841
7,4640,2000,0,0,80,80,58,56,25,81
7,4640,2304,0,0,8,8,580,49,576,625
7,4640,3380,0,0,20,20,232,672,169,841
7,4640,3915,0,0,5,5,928,217,783,1000
7,4640,4640,0,0,5,5,928,1519,1856,3375
7,4640,4640,0,0,80,80,58,567,58,625
7,4644,18,0,0,18,18,258,350,1,351
7,4644,18,0,0,18,18,258,728,1,729
7,4644,129,0,0,43,43,108,343,9,352
7,4644,129,0,0,129,129,36,56,1,57
7,4644,129,0,0,129,129,36,63,1,64
7,4644,774,0,0,18,18,258,2457,43,2500
7,4644,900,0,0,18,18,258,301,50,351
7,4644,1536,0,0,6,6,774,2107,512,2619
7,4644,1872,0,0,18,18,258,301,104,405
7,4644,3042,0,0,18,18,258,175,169,344
7,4644,3042,0,0,18,18,258,49,338,387
7,4644,3042,0,0,18,18,258,560,169,729
7,4644,3042,0,0,18,18,258,1680,169,1849
7,4648,1036,0,0,7,7,664,581,148,729
7,4650,240,0,0,15,15,310,945,16,961
7,4650,375,0,0,15,15,310,378,25,403
7,4650,375,0,0,15,15,310,651,25,676
7,4650,480,0,0,15,15,310,1183,32,1215
7,4650,589,0,0,31,31,150,224,19,243
7,4650,589,0,0,31,31,150,343,57,400
7,4650,744,0,0,93,93,50,49,16,65
7,4650,975,0,0,15,15,310,896,65,961
7,4650,1500,0,0,15,15,310,637,200,837
7,4650,1920,0,0,15,15,310,147,256,403
7,4650,2160,0,0,15,15,310,343,432,775
7,4650,3645,0,0,5,5,930,6727,729,7456
7,4654,3744,0,0,13,13,358,49,576,625
7,4656,97,0,0,97,97,48,63,1,64
7,4656,97,0,0,97,97,48,224,1,225
7,4656,2304,0,0,8,8,582,4753,576,5329
7,4658,137,0,0,137,137,34,49,2,51
7,4658,137,0,0,137,137,34,63,1,64
7,4662,999,0,0,111,111,42,112,9,121
7,4662,1776,0,0,111,111,42,49,32,81
7,4664,583,0,0,53,53,88,189,11,200
7,4664,1325,0,0,53,53,88,49,50,99
7,4664,1325,0,0,53,53,88,231,25,256
7,4664,2544,0,0,53,53,88,77,48,125
7,4664,4293,0,0,53,53,88,175,81,256
7,4664,4664,0,0,53,53,88,49,176,225
7,4668,6,0,0,6,6,778,3500,1,3501
7,4668,6,0,0,6,6,778,4095,1,4096
7,4668,2916,0,0,6,6,778,1225,972,2197
7,4668,4374,0,0,6,6,778,896,729,1625
7,4672,32,0,0,32,32,146,511,1,512
7,4672,219,0,0,73,73,64,343,9,352
7,4672,2628,0,0,73,73,64,49,72,121
7,4674,19,0,0,19,19,246,287,1,288
7,4674,4674,0,0,123,123,38,49,76,125
7,4680,10,0,0,10,10,468,728,1,729
7,4680,10,0,0,10,10,468,4095,1,4096
7,4680,10,0,0,10,10,468,5264,1,5265
7,4680,30,0,0,6,6,780,2023,5,2028
7,4680,30,0,0,6,6,780,4347,5,4352
7,4680,39,0,0,39,39,120,224,1,225
7,4680,52,0,0,52,52,90,161,1,162
7,4680,52,0,0,52,52,90,224,1,225
7,4680,60,0,0,20,20,234,413,3,416
7,4680,60,0,0,60,60,78,168,1,169
7,4680,60,0,0,60,60,78,224,1,225
7,4680,60,0,0,60,60,78,350,1,351
7,4680,60,0,0,60,60,78,728,1,729
7,4680,81,0,0,9,9,520,1015,9,1024
7,4680,102,0,0,6,6,780,1183,17,1200
7,4680,102,0,0,6,6,780,5103,17,5120
7,4680,130,0,0,10,10,468,987,13,1000
7,4680,130,0,0,130,130,36,56,1,57
7,4680,130,0,0,130,130,36,63,1,64
7,4680,144,0,0,9,9,520,609,16,625
7,4680,144,0,0,36,36,130,1323,8,1331
7,4680,144,0,0,36,36,130,1617,8,1625
7,4680,240,0,0,6,6,780,1547,40,1587
7,4680,288,0,0,9,9,520,1183,32,1215
7,4680,312,0,0,39,39,120,175,8,183
7,4680,312,0,0,78,78,60,147,8,155
7,4680,324,0,0,6,6,780,3703,54,3757
7,4680,396,0,0,36,36,130,147,22,169
7,4680,396,0,0,36,36,130,189,11,200
7,4680,396,0,0,36,36,130,364,11,375
7,4680,408,0,0,6,6,780,7203,272,7475
7,4680,416,0,0,52,52,90,567,8,575
7,4680,468,0,0,36,36,130,350,13,363
7,4680,522,0,0,9,9,520,567,58,625
7,4680,585,0,0,9,9,520,6496,65,6561
7,4680,690,0,0,6,6,780,637,230,867
7,4680,690,0,0,6,6,780,3213,115,3328
7,4680,900,0,0,36,36,130,231,25,256
7,4680,972,0,0,36,36,130,1183,27,1210
7,4680,1040,0,0,65,65,72,49,32,81
7,4680,1152,0,0,9,9,520,3969,256,4225
7,4680,1152,0,0,36,36,130,1183,32,1215
7,4680,1180,0,0,20,20,234,448,59,507
7,4680,1215,0,0,5,5,936,343,729,1072
7,4680,1458,0,0,6,6,780,8750,243,8993
7,4680,1690,0,0,10,10,468,560,169,729
7,4680,1794,0,0,6,6,780,1701,299,2000
7,4680,1800,0,0,9,9,520,441,400,841
7,4680,1880,0,0,10,10,468,4375,188,4563
7,4680,1950,0,0,78,78,60,56,25,81
7,4680,2160,0,0,36,36,130,49,120,169
7,4680,2304,0,0,9,9,520,875,256,1131
7,4680,2349,0,0,9,9,520,364,261,625
7,4680,2430,0,0,30,30,156,1183,81,1264
7,4680,2880,0,0,10,10,468,49,576,625
7,4680,2916,0,0,6,6,780,1225,972,2197
7,4680,2916,0,0,36,36,130,175,81,256
7,4680,3042,0,0,9,9,520,49,676,725
7,4680,3168,0,0,36,36,130,49,176,225
7,4680,3264,0,0,6,6,780,637,1088,1725
7,4680,3328,0,0,52,52,90,161,64,225
7,4680,3588,0,0,52,52,90,56,69,125
7,4680,3726,0,0,6,6,780,224,621,845
7,4680,3840,0,0,6,6,780,1547,640,2187
7,4680,3840,0,0,60,60,78,105,64,169
7,4680,4000,0,0,10,10,468,329,400,729
7,4680,4050,0,0,10,10,468,1792,405,2197
7,4680,4500,0,0,36,36,130,91,125,216
7,4680,4500,0,0,36,36,130,847,125,972
7,4680,4500,0,0,36,36,130,1323,250,1573
7,4686,11,0,0,11,11,426,567,1,568
7,4686,213,0,0,71,71,66,343,9,352
7,4690,1072,0,0,67,67,70,49,32,81
7,4690,1701,0,0,7,7,670,343,729,1072
7,4692,138,0,0,138,138,34,49,2,51
7,4692,138,0,0,138,138,34,63,1,64
7,4692,184,0,0,23,23,204,721,8,729
7,4692,1472,0,0,46,46,102,189,32,221
7,4692,1564,0,0,46,46,102,49,68,117
7,4698,27,0,0,27,27,174,231,1,232
7,4698,29,0,0,29,29,162,287,1,288
7,4698,1296,0,0,81,81,58,49,32,81
7,4698,1296,0,0,81,81,58,609,16,625
7,4698,2025,0,0,81,81,58,56,25,81
7,4698,4698,0,0,81,81,58,567,58,625
7,4700,10,0,0,5,5,940,2205,4,2209
7,4700,423,0,0,47,47,100,119,9,128
7,4700,423,0,0,47,47,100,280,9,289
7,4700,752,0,0,47,47,100,119,16,135
7,4700,752,0,0,94,94,50,49,16,65
7,4700,1175,0,0,47,47,100,119,25,144
7,4700,3807,0,0,47,47,100,119,81,200
7,4700,3807,0,0,47,47,100,175,81,256
7,4700,4700,0,0,47,47,100,189,100,289
7,4704,56,0,0,28,28,168,2023,2,2025
7,4704,98,0,0,98,98,48,63,1,64
7,4704,98,0,0,98,98,48,224,1,225
7,4704,252,0,0,28,28,168,280,9,289
7,4704,1008,0,0,112,112,42,112,9,121
7,4704,1416,0,0,8,8,588,448,177,625
7,4704,1792,0,0,112,112,42,49,32,81
7,4704,2800,0,0,28,28,168,189,100,289
7,4712,62,0,0,62,62,76,168,1,169
7,4712,62,0,0,62,62,76,728,1,729
7,4712,372,0,0,62,62,76,343,18,361
7,4712,2232,0,0,62,62,76,133,36,169
7,4712,3534,0,0,62,62,76,112,57,169
7,4712,4712,0,0,124,124,38,49,76,125
7,4716,54,0,0,18,18,262,343,9,352
7,4716,131,0,0,131,131,36,56,1,57
7,4716,131,0,0,131,131,36,63,1,64
7,4720,40,0,0,40,40,118,224,1,225
7,4720,2560,0,0,40,40,118,49,128,177
7,4720,4720,0,0,40,40,118,7,118,125
7,4726,139,0,0,139,139,34,49,2,51
7,4726,139,0,0,139,139,34,63,1,64
7,4728,48,0,0,12,12,394,1323,8,1331
7,4730,5,0,0,5,5,946,1848,1,1849
7,4730,440,0,0,11,11,430,2107,80,2187
7,4730,1580,0,0,5,5,946,5929,632,6561
7,4730,3645,0,0,5,5,946,602,729,1331
7,4732,350,0,0,14,14,338,2023,25,2048
7,4736,32,0,0,8,8,592,1323,8,1331
7,4736,32,0,0,32,32,148,224,1,225
7,4736,32,0,0,32,32,148,1295,1,1296
7,4736,222,0,0,74,74,64,343,9,352
7,4736,2664,0,0,74,74,64,49,72,121
7,4736,4736,0,0,8,8,592,147,1184,1331
7,4740,6,0,0,6,6,790,1372,3,1375
7,4740,6,0,0,6,6,790,3024,1,3025
7,4740,25,0,0,5,5,948,2128,5,2133
7,4740,95,0,0,5,5,948,1106,19,1125
7,4740,316,0,0,79,79,60,147,8,155
7,4740,750,0,0,6,6,790,847,125,972
7,4740,1350,0,0,6,6,790,1106,225,1331
7,4740,1896,0,0,6,6,790,5929,632,6561
7,4740,1975,0,0,5,5,948,1792,395,2187
7,4740,1975,0,0,79,79,60,56,25,81
7,4740,4374,0,0,6,6,790,140,729,869
7,4746,189,0,0,7,7,678,2744,81,2825
7,4746,350,0,0,7,7,678,2401,200,2601
7,4746,1017,0,0,113,113,42,112,9,121
7,4746,1808,0,0,113,113,42,49,32,81
7,4746,3584,0,0,7,7,678,5537,1024,6561
7,4750,25,0,0,25,25,190,224,1,225
7,4750,25,0,0,25,25,190,399,1,400
7,4750,760,0,0,95,95,50,49,16,65
7,4750,1600,0,0,25,25,190,665,64,729
7,4750,4750,0,0,125,125,38,49,76,125
7,4752,36,0,0,36,36,132,1407,1,1408
7,4752,48,0,0,12,12,396,1323,8,1331
7,4752,96,0,0,24,24,198,1323,8,1331
7,4752,99,0,0,99,99,48,63,1,64
7,4752,99,0,0,99,99,48,224,1,225
7,4752,132,0,0,44,44,108,343,9,352
7,4752,132,0,0,132,132,36,56,1,57
7,4752,132,0,0,132,132,36,63,1,64
7,4752,216,0,0,24,24,198,616,9,625
7,4752,216,0,0,72,72,66,343,9,352
7,4752,384,0,0,24,24,198,875,16,891
7,4752,594,0,0,54,54,88,189,11,200
7,4752,600,0,0,24,24,198,231,25,256
7,4752,720,0,0,9,9,528,343,240,583
7,4752,1056,0,0,66,66,72,49,32,81
7,4752,1350,0,0,54,54,88,49,50,99
7,4752,1350,0,0,54,54,88,231,25,256
7,4752,1944,0,0,24,24,198,175,81,256
7,4752,2112,0,0,24,24,198,49,176,225
7,4752,2304,0,0,8,8,594,1043,288,1331
7,4752,2376,0,0,9,9,528,2597,528,3125
7,4752,2592,0,0,54,54,88,77,48,125
7,4752,2904,0,0,24,24,198,504,121,625
7,4752,4374,0,0,54,54,88,175,81,256
7,4752,4752,0,0,54,54,88,49,176,225
7,4756,1312,0,0,82,82,58,49,32,81
7,4756,1312,0,0,82,82,58,609,16,625
7,4756,2050,0,0,82,82,58,56,25,81
7,4756,4756,0,0,82,82,58,567,58,625
7,4758,61,0,0,61,61,78,168,1,169
7,4758,61,0,0,61,61,78,224,1,225
7,4758,61,0,0,61,61,78,350,1,351
7,4758,61,0,0,61,61,78,728,1,729
7,4758,234,0,0,13,13,366,3703,18,3721
7,4758,1053,0,0,13,13,366,448,81,529
7,4758,3904,0,0,61,61,78,105,64,169
7,4760,10,0,0,5,5,952,2597,4,2601
7,4760,34,0,0,17,17,280,2205,4,2209
7,4760,40,0,0,20,20,238,2023,2,2025
7,4760,56,0,0,14,14,340,357,4,361
7,4760,84,0,0,14,14,340,343,18,361
7,4760,180,0,0,20,20,238,280,9,289
7,4760,350,0,0,14,14,340,336,25,361
7,4760,350,0,0,14,14,340,2023,25,2048
7,4760,378,0,0,14,14,340,448,27,475
7,4760,448,0,0,7,7,680,833,128,961
7,4760,700,0,0,28,28,170,2023,25,2048
7,4760,1064,0,0,14,14,340,1225,152,1377
7,4760,1088,0,0,68,68,70,49,32,81
7,4760,1134,0,0,14,14,340,280,81,361
7,4760,1134,0,0,14,14,340,1372,243,1615
7,4760,1750,0,0,14,14,340,833,250,1083
7,4760,2000,0,0,20,20,238,189,100,289
7,4760,3584,0,0,14,14,340,105,256,361
7,4760,3584,0,0,14,14,340,119,256,375
7,4760,3808,0,0,14,14,340,133,272,405
7,4760,4352,0,0,34,34,140,497,128,625
7,4760,4760,0,0,14,14,340,21,340,361
7,4760,4760,0,0,14,14,340,49,680,729
7,4770,53,0,0,53,53,90,161,1,162
7,4770,53,0,0,53,53,90,224,1,225
7,4770,424,0,0,53,53,90,567,8,575
7,4770,3392,0,0,53,53,90,161,64,225
7,4770,3657,0,0,53,53,90,56,69,125
7,4774,217,0,0,7,7,682,2268,31,2299
7,4780,810,0,0,10,10,478,875,81,956
7,4780,3750,0,0,10,10,478,1673,375,2048
7,4784,234,0,0,26,26,184,686,27,713
7,4784,2106,0,0,26,26,184,448,81,529
7,4784,2392,0,0,8,8,598,1701,299,2000
7,4784,3888,0,0,8,8,598,1225,972,2197
7,4784,4784,0,0,23,23,208,35,208,243
7,4788,63,0,0,63,63,76,168,1,169
7,4788,63,0,0,63,63,76,728,1,729
7,4788,84,0,0,14,14,342,343,18,361
7,4788,84,0,0,21,21,228,525,4,529
7,4788,126,0,0,21,21,228,343,18,361
7,4788,133,0,0,133,133,36,56,1,57
7,4788,133,0,0,133,133,36,63,1,64
7,4788,378,0,0,63,63,76,343,18,361
7,4788,525,0,0,21,21,228,336,25,361
7,4788,525,0,0,21,21,228,504,25,529
7,4788,567,0,0,21,21,228,448,27,475
7,4788,798,0,0,14,14,342,1792,57,1849
7,4788,966,0,0,21,21,228,315,46,361
7,4788,1026,0,0,114,114,42,112,9,121
7,4788,1152,0,0,9,9,532,4361,256,4617
7,4788,1701,0,0,21,21,228,175,81,256
7,4788,1701,0,0,21,21,228,280,81,361
7,4788,1701,0,0,21,21,228,448,81,529
7,4788,1824,0,0,114,114,42,49,32,81
7,4788,1995,0,0,21,21,228,161,95,256
7,4788,2268,0,0,63,63,76,133,36,169
7,4788,2625,0,0,21,21,228,483,125,608
7,4788,3591,0,0,63,63,76,112,57,169
7,4788,3750,0,0,6,6,798,399,625,1024
7,4788,4200,0,0,21,21,228,161,200,361
7,4788,4788,0,0,126,126,38,49,76,125
7,4794,1504,0,0,47,47,102,189,32,221
7,4794,1598,0,0,47,47,102,49,68,117
7,4800,5,0,0,5,5,960,1183,1,1184
7,4800,5,0,0,5,5,960,1295,1,1296
7,4800,5,0,0,5,5,960,2401,4,2405
7,4800,5,0,0,5,5,960,4095,1,4096
7,4800,15,0,0,5,5,960,10976,9,10985
7,4800,30,0,0,30,30,160,224,1,225
7,4800,40,0,0,5,5,960,3367,8,3375
7,4800,40,0,0,40,40,120,224,1,225
7,4800,80,0,0,20,20,240,1323,8,1331
7,4800,100,0,0,100,100,48,63,1,64
7,4800,100,0,0,100,100,48,224,1,225
7,4800,180,0,0,20,20,240,616,9,625
7,4800,225,0,0,75,75,64,343,9,352
7,4800,320,0,0,5,5,960,6125,128,6253
7,4800,320,0,0,8,8,600,2107,80,2187
7,4800,320,0,0,20,20,240,875,16,891
7,4800,320,0,0,40,40,120,175,8,183
7,4800,320,0,0,80,80,60,147,8,155
7,4800,432,0,0,48,48,100,119,9,128
7,4800,432,0,0,48,48,100,280,9,289
7,4800,500,0,0,20,20,240,231,25,256
7,4800,608,0,0,32,32,150,224,19,243
7,4800,608,0,0,32,32,150,343,57,400
7,4800,740,0,0,5,5,960,1225,296,1521
7,4800,768,0,0,48,48,100,119,16,135
7,4800,768,0,0,96,96,50,49,16,65
7,4800,845,0,0,5,5,960,2331,169,2500
7,4800,960,0,0,5,5,960,1813,384,2197
7,4800,1200,0,0,48,48,100,119,25,144
7,4800,1620,0,0,20,20,240,175,81,256
7,4800,2000,0,0,80,80,60,56,25,81
7,4800,2420,0,0,20,20,240,504,121,625
7,4800,2430,0,0,5,5,960,1225,972,2197
7,4800,2700,0,0,75,75,64,49,72,121
7,4800,3375,0,0,5,5,960,343,2025,2368
7,4800,3456,0,0,12,12,400,49,576,625
7,4800,3645,0,0,5,5,960,455,729,1184
7,4800,3645,0,0,5,5,960,896,729,1625
7,4800,3645,0,0,5,5,960,3367,729,4096
7,4800,3888,0,0,48,48,100,119,81,200
7,4800,3888,0,0,48,48,100,175,81,256
7,4800,4608,0,0,16,16,300,49,576,625
7,4800,4800,0,0,48,48,100,189,100,289
7,4806,4806,0,0,27,27,178,49,356,405
7,4810,13,0,0,13,13,370,1295,1,1296
7,4810,148,0,0,37,37,130,1323,8,1331
7,4810,148,0,0,37,37,130,1617,8,1625
7,4810,351,0,0,13,13,370,1120,27,1147
7,4810,407,0,0,37,37,130,147,22,169
7,4810,407,0,0,37,37,130,189,11,200
7,4810,407,0,0,37,37,130,364,11,375
7,4810,481,0,0,37,37,130,350,13,363
7,4810,925,0,0,37,37,130,231,25,256
7,4810,999,0,0,37,37,130,1183,27,1210
7,4810,1184,0,0,37,37,130,1183,32,1215
7,4810,1443,0,0,13,13,370,1715,333,2048
7,4810,1625,0,0,13,13,370,259,125,384
7,4810,2220,0,0,37,37,130,49,120,169
7,4810,2997,0,0,37,37,130,175,81,256
7,4810,3256,0,0,37,37,130,49,176,225
7,4810,3744,0,0,13,13,370,49,576,625
7,4810,4625,0,0,37,37,130,91,125,216
7,4810,4625,0,0,37,37,130,847,125,972
7,4810,4625,0,0,37,37,130,1323,250,1573
7,4814,1328,0,0,83,83,58,49,32,81
7,4814,1328,0,0,83,83,58,609,16,625
7,4814,2075,0,0,83,83,58,56,25,81
7,4814,4814,0,0,83,83,58,567,58,625
7,4818,33,0,0,33,33,146,511,1,512
7,4818,44,0,0,11,11,438,1323,8,1331
7,4818,44,0,0,11,11,438,5621,4,5625
7,4818,219,0,0,73,73,66,343,9,352
7,4818,1375,0,0,11,11,438,847,125,972
7,4818,2662,0,0,11,11,438,245,484,729
7,4824,6,0,0,6,6,804,1519,2,1521
7,4824,134,0,0,134,134,36,56,1,57
7,4824,134,0,0,134,134,36,63,1,64
7,4824,972,0,0,6,6,804,637,324,961
7,4824,1072,0,0,67,67,72,49,32,81
7,4824,2916,0,0,12,12,402,343,729,1072
7,4824,2976,0,0,6,6,804,1701,496,2197
7,4826,4826,0,0,127,127,38,49,76,125
7,4830,28,0,0,7,7,690,1211,4,1215
7,4830,483,0,0,7,7,690,1211,69,1280
7,4830,1035,0,0,115,115,42,112,9,121
7,4830,1104,0,0,69,69,70,49,32,81
7,4830,1840,0,0,115,115,42,49,32,81
7,4830,3703,0,0,7,7,690,336,529,865
7,4836,62,0,0,62,62,78,168,1,169
7,4836,62,0,0,62,62,78,224,1,225
7,4836,62,0,0,62,62,78,350,1,351
7,4836,62,0,0,62,62,78,728,1,729
7,4836,221,0,0,13,13,372,847,17,864
7,4836,832,0,0,13,13,372,833,128,961
7,4836,2511,0,0,31,31,156,1183,81,1264
7,4836,3968,0,0,62,62,78,105,64,169
7,4838,41,0,0,41,41,118,224,1,225
7,4838,2624,0,0,41,41,118,49,128,177
7,4838,4838,0,0,41,41,118,7,118,125
7,4840,66,0,0,22,22,220,343,9,352
7,4840,110,0,0,22,22,220,259,5,264
7,4840,605,0,0,55,55,88,189,11,200
7,4840,1375,0,0,55,55,88,49,50,99
7,4840,1375,0,0,55,55,88,231,25,256
7,4840,2640,0,0,55,55,88,77,48,125
7,4840,2992,0,0,11,11,440,1925,272,2197
7,4840,4070,0,0,22,22,220,112,185,297
7,4840,4455,0,0,55,55,88,175,81,256
7,4840,4840,0,0,55,55,88,49,176,225
7,4842,9,0,0,9,9,538,1344,1,1345
7,4842,2592,0,0,9,9,538,49,576,625
7,4842,4842,0,0,9,9,538,49,1076,1125
7,4848,101,0,0,101,101,48,63,1,64
7,4848,101,0,0,101,101,48,224,1,225
7,4848,606,0,0,6,6,808,3024,101,3125
7,4850,30,0,0,5,5,970,2401,24,2425
7,4850,776,0,0,97,97,50,49,16,65
7,4860,30,0,0,30,30,162,287,1,288
7,4860,54,0,0,54,54,90,161,1,162
7,4860,54,0,0,54,54,90,224,1,225
7,4860,135,0,0,45,45,108,343,9,352
7,4860,135,0,0,135,135,36,56,1,57
7,4860,135,0,0,135,135,36,63,1,64
7,4860,324,0,0,81,81,60,147,8,155
7,4860,432,0,0,54,54,90,567,8,575
7,4860,450,0,0,18,18,270,2023,25,2048
7,4860,2025,0,0,81,81,60,56,25,81
7,4860,2592,0,0,9,9,540,49,576,625
7,4860,3456,0,0,54,54,90,161,64,225
7,4860,3726,0,0,54,54,90,56,69,125
7,4860,4608,0,0,18,18,270,119,256,375
7,4862,11,0,0,11,11,442,728,1,729
7,4862,11,0,0,11,11,442,1183,1,1184
7,4862,17,0,0,17,17,286,728,1,729
7,4862,187,0,0,11,11,442,1036,17,1053
7,4862,2112,0,0,11,11,442,1813,384,2197
7,4864,64,0,0,64,64,76,168,1,169
7,4864,64,0,0,64,64,76,728,1,729
7,4864,228,0,0,76,76,64,343,9,352
7,4864,384,0,0,64,64,76,343,18,361
7,4864,2304,0,0,64,64,76,133,36,169
7,4864,2736,0,0,76,76,64,49,72,121
7,4864,3648,0,0,64,64,76,112,57,169
7,4864,4864,0,0,128,128,38,49,76,125
7,4872,21,0,0,21,21,232,728,1,729
7,4872,28,0,0,28,28,174,231,1,232
7,4872,58,0,0,29,29,168,2023,2,2025
7,4872,261,0,0,29,29,168,280,9,289
7,4872,1044,0,0,116,116,42,112,9,121
7,4872,1344,0,0,84,84,58,49,32,81
7,4872,1344,0,0,84,84,58,609,16,625
7,4872,1856,0,0,116,116,42,49,32,81
7,4872,2100,0,0,84,84,58,56,25,81
7,4872,2900,0,0,29,29,168,189,100,289
7,4872,3549,0,0,21,21,232,672,169,841
7,4872,4872,0,0,84,84,58,567,58,625
7,4880,20,0,0,20,20,244,287,1,288
7,4880,136,0,0,8,8,610,4375,17,4392
7,4880,136,0,0,8,8,610,5103,17,5120
7,4880,400,0,0,8,8,610,2401,200,2601
7,4880,512,0,0,8,8,610,7497,128,7625
7,4880,1296,0,0,8,8,610,875,162,1037
7,4880,2304,0,0,8,8,610,49,576,625
7,4880,4096,0,0,8,8,610,525,512,1037
7,4880,4392,0,0,8,8,610,896,549,1445
7,4880,4880,0,0,8,8,610,119,610,729
7,4884,24,0,0,6,6,814,1323,8,1331
7,4884,33,0,0,33,33,148,224,1,225
7,4884,33,0,0,33,33,148,1295,1,1296
7,4884,37,0,0,37,37,132,1407,1,1408
7,4884,222,0,0,74,74,66,343,9,352
7,4884,768,0,0,6,6,814,833,256,1089
7,4884,1734,0,0,6,6,814,2079,289,2368
7,4884,3552,0,0,6,6,814,147,1184,1331
7,4896,17,0,0,17,17,288,840,1,841
7,4896,24,0,0,12,12,408,2023,2,2025
7,4896,102,0,0,102,102,48,63,1,64
7,4896,102,0,0,102,102,48,224,1,225
7,4896,136,0,0,136,136,36,56,1,57
7,4896,136,0,0,136,136,36,63,1,64
7,4896,192,0,0,24,24,204,721,8,729
7,4896,300,0,0,12,12,408,672,25,697
7,4896,300,0,0,12,12,408,2023,25,2048
7,4896,493,0,0,17,17,288,700,29,729
7,4896,612,0,0,12,12,408,574,51,625
7,4896,1088,0,0,16,16,306,2401,272,2673
7,4896,1088,0,0,68,68,72,49,32,81
7,4896,1536,0,0,12,12,408,441,256,697
7,4896,1536,0,0,48,48,102,189,32,221
7,4896,1632,0,0,48,48,102,49,68,117
7,4896,2460,0,0,12,12,408,49,410,459
7,4896,3468,0,0,12,12,408,287,289,576
7,4896,3468,0,0,12,12,408,336,289,625
7,4896,3888,0,0,12,12,408,49,648,697
7,4896,4080,0,0,12,12,408,49,680,729
7,4896,4896,0,0,17,17,288,49,576,625
7,4900,441,0,0,49,49,100,119,9,128
7,4900,441,0,0,49,49,100,280,9,289
7,4900,784,0,0,49,49,100,119,16,135
7,4900,784,0,0,98,98,50,49,16,65
7,4900,896,0,0,7,7,700,3969,256,4225
7,4900,1120,0,0,70,70,70,49,32,81
7,4900,1225,0,0,49,49,100,119,25,144
7,4900,3969,0,0,49,49,100,119,81,200
7,4900,3969,0,0,49,49,100,175,81,256
7,4900,4375,0,0,7,7,700,896,625,1521
7,4900,4480,0,0,35,35,140,497,128,625
7,4900,4900,0,0,49,49,100,189,100,289
7,4902,19,0,0,19,19,258,350,1,351
7,4902,19,0,0,19,19,258,728,1,729
7,4902,817,0,0,19,19,258,2457,43,2500
7,4902,950,0,0,19,19,258,301,50,351
7,4902,1976,0,0,19,19,258,301,104,405
7,4902,3211,0,0,19,19,258,175,169,344
7,4902,3211,0,0,19,19,258,49,338,387
7,4902,3211,0,0,19,19,258,560,169,729
7,4902,3211,0,0,19,19,258,1680,169,1849
7,4902,4902,0,0,129,129,38,49,76,125
7,4914,28,0,0,7,7,702,1323,8,1331
7,4914,63,0,0,21,21,234,413,3,416
7,4914,63,0,0,63,63,78,168,1,169
7,4914,63,0,0,63,63,78,224,1,225
7,4914,63,0,0,63,63,78,350,1,351
7,4914,63,0,0,63,63,78,728,1,729
7,4914,1053,0,0,117,117,42,112,9,121
7,4914,1239,0,0,21,21,234,448,59,507
7,4914,1872,0,0,117,117,42,49,32,81
7,4914,4032,0,0,63,63,78,105,64,169
7,4920,6,0,0,6,6,820,959,1,960
7,4920,6,0,0,6,6,820,1680,1,1681
7,4920,15,0,0,15,15,328,1372,3,1375
7,4920,15,0,0,15,15,328,1680,1,1681
7,4920,15,0,0,15,15,328,3024,1,3025
7,4920,20,0,0,20,20,246,287,1,288
7,4920,41,0,0,41,41,120,224,1,225
7,4920,48,0,0,6,6,820,2009,16,2025
7,4920,120,0,0,15,15,328,2009,16,2025
7,4920,205,0,0,5,5,984,4872,41,4913
7,4920,328,0,0,41,41,120,175,8,183
7,4920,328,0,0,82,82,60,147,8,155
7,4920,405,0,0,15,15,328,875,27,902
7,4920,540,0,0,15,15,328,343,108,451
7,4920,960,0,0,15,15,328,1225,128,1353
7,4920,1485,0,0,15,15,328,343,297,640
7,4920,1875,0,0,15,15,328,847,125,972
7,4920,2050,0,0,82,82,60,56,25,81
7,4920,2400,0,0,15,15,328,49,320,369
7,4920,3375,0,0,15,15,328,287,225,512
7,4920,3610,0,0,10,10,492,287,361,648
7,4920,4080,0,0,5,5,984,49,1632,1681
7,4920,4320,0,0,15,15,328,49,576,625
7,4920,4374,0,0,6,6,820,3430,2187,5617
7,4920,4920,0,0,15,15,328,35,328,363
7,4920,4920,0,0,15,15,328,77,328,405
7,4928,56,0,0,14,14,352,1323,8,1331
7,4928,231,0,0,77,77,64,343,9,352
7,4928,616,0,0,56,56,88,189,11,200
7,4928,1400,0,0,56,56,88,49,50,99
7,4928,1400,0,0,56,56,88,231,25,256
7,4928,2478,0,0,14,14,352,847,177,1024
7,4928,2688,0,0,56,56,88,77,48,125
7,4928,2772,0,0,77,77,64,49,72,121
7,4928,4536,0,0,56,56,88,175,81,256
7,4928,4928,0,0,56,56,88,49,176,225
7,4930,725,0,0,29,29,170,2023,25,2048
7,4930,1360,0,0,85,85,58,49,32,81
7,4930,1360,0,0,85,85,58,609,16,625
7,4930,2125,0,0,85,85,58,56,25,81
7,4930,4930,0,0,85,85,58,567,58,625
7,4932,137,0,0,137,137,36,56,1,57
7,4932,137,0,0,137,137,36,63,1,64
7,4932,2304,0,0,9,9,548,2401,1024,3425
7,4932,4932,0,0,9,9,548,77,548,625
7,4940,5,0,0,5,5,988,1330,1,1331
7,4940,5,0,0,5,5,988,1372,3,1375
7,4940,5,0,0,5,5,988,2079,1,2080
7,4940,5,0,0,5,5,988,3024,1,3025
7,4940,5,0,0,5,5,988,3969,2,3971
7,4940,5,0,0,5,5,988,4095,1,4096
7,4940,5,0,0,5,5,988,5775,1,5776
7,4940,5,0,0,5,5,988,10647,1,10648
7,4940,5,0,0,5,5,988,12635,1,12636
7,4940,15,0,0,5,5,988,1232,3,1235
7,4940,15,0,0,5,5,988,3325,3,3328
7,4940,15,0,0,5,5,988,10976,9,10985
7,4940,26,0,0,26,26,190,224,1,225
7,4940,26,0,0,26,26,190,399,1,400
7,4940,40,0,0,5,5,988,2527,8,2535
7,4940,40,0,0,5,5,988,9625,8,9633
7,4940,65,0,0,65,65,76,168,1,169
7,4940,65,0,0,65,65,76,728,1,729
7,4940,120,0,0,5,5,988,2275,24,2299
7,4940,152,0,0,38,38,130,1323,8,1331
7,4940,152,0,0,38,38,130,1617,8,1625
7,4940,390,0,0,65,65,76,343,18,361
7,4940,418,0,0,38,38,130,147,22,169
7,4940,418,0,0,38,38,130,189,11,200
7,4940,418,0,0,38,38,130,364,11,375
7,4940,494,0,0,38,38,130,350,13,363
7,4940,810,0,0,5,5,988,1463,162,1625
7,4940,845,0,0,5,5,988,3080,169,3249
7,4940,950,0,0,38,38,130,231,25,256
7,4940,960,0,0,5,5,988,1183,192,1375
7,4940,1026,0,0,38,38,130,1183,27,1210
7,4940,1125,0,0,5,5,988,1183,225,1408
7,4940,1170,0,0,5,5,988,343,702,1045
7,4940,1216,0,0,38,38,130,1183,32,1215
7,4940,1664,0,0,26,26,190,665,64,729
7,4940,2280,0,0,5,5,988,875,456,1331
7,4940,2280,0,0,5,5,988,2401,1824,4225
7,4940,2280,0,0,38,38,130,49,120,169
7,4940,2340,0,0,65,65,76,133,36,169
7,4940,2430,0,0,5,5,988,1225,972,2197
7,4940,2500,0,0,5,5,988,539,1000,1539
7,4940,2535,0,0,5,5,988,1792,507,2299
7,4940,2535,0,0,5,5,988,1925,507,2432
7,4940,2560,0,0,5,5,988,819,512,1331
7,4940,3025,0,0,5,5,988,448,605,1053
7,4940,3078,0,0,38,38,130,175,81,256
7,4940,3344,0,0,38,38,130,49,176,225
7,4940,3645,0,0,5,5,988,896,729,1625
7,4940,3705,0,0,65,65,76,112,57,169
7,4940,4320,0,0,5,5,988,11011,864,11875
7,4940,4750,0,0,38,38,130,91,125,216
7,4940,4750,0,0,38,38,130,847,125,972
7,4940,4750,0,0,38,38,130,1323,250,1573
7,4940,4940,0,0,5,5,988,49,1976,2025
7,4940,4940,0,0,130,130,38,49,76,125
7,4944,96,0,0,12,12,412,721,8,729
7,4944,103,0,0,103,103,48,63,1,64
7,4944,103,0,0,103,103,48,224,1,225
7,4944,128,0,0,8,8,618,945,16,961
7,4944,1152,0,0,8,8,618,343,432,775
7,4944,1920,0,0,8,8,618,721,240,961
7,4944,4944,0,0,8,8,618,7,618,625
7,4950,15,0,0,15,15,330,1372,3,1375
7,4950,15,0,0,15,15,330,2240,1,2241
7,4950,15,0,0,15,15,330,3024,1,3025
7,4950,25,0,0,5,5,990,10633,15,10648
7,4950,36,0,0,9,9,550,1323,8,1331
7,4950,45,0,0,15,15,330,343,9,352
7,4950,55,0,0,55,55,90,161,1,162
7,4950,55,0,0,55,55,90,224,1,225
7,4950,99,0,0,11,11,450,791,9,800
7,4950,100,0,0,25,25,198,1323,8,1331
7,4950,155,0,0,5,5,990,1344,31,1375
7,4950,162,0,0,9,9,550,539,36,575
7,4950,225,0,0,25,25,198,616,9,625
7,4950,225,0,0,75,75,66,343,9,352
7,4950,360,0,0,15,15,330,343,72,415
7,4950,360,0,0,15,15,330,581,24,605
7,4950,400,0,0,25,25,198,875,16,891
7,4950,440,0,0,55,55,90,567,8,575
7,4950,625,0,0,25,25,198,231,25,256
7,4950,627,0,0,33,33,150,224,19,243
7,4950,627,0,0,33,33,150,343,57,400
7,4950,792,0,0,99,99,50,49,16,65
7,4950,1125,0,0,9,9,550,847,125,972
7,4950,1485,0,0,15,15,330,343,297,640
7,4950,2025,0,0,25,25,198,175,81,256
7,4950,2178,0,0,9,9,550,245,484,729
7,4950,2200,0,0,25,25,198,49,176,225
7,4950,3025,0,0,25,25,198,504,121,625
7,4950,3312,0,0,9,9,550,847,368,1215
7,4950,3520,0,0,55,55,90,161,64,225
7,4950,3795,0,0,55,55,90,56,69,125
7,4950,4320,0,0,15,15,330,49,576,625
7,4950,4761,0,0,9,9,550,175,529,704
7,4950,4761,0,0,9,9,550,560,529,1089
7,4950,4761,0,0,9,9,550,5103,529,5632
7,4956,7,0,0,7,7,708,3479,2,3481
7,4956,7,0,0,7,7,708,5040,1,5041
7,4956,42,0,0,42,42,118,224,1,225
7,4956,497,0,0,7,7,708,3304,71,3375
7,4956,1062,0,0,118,118,42,112,9,121
7,4956,1888,0,0,118,118,42,49,32,81
7,4956,2688,0,0,42,42,118,49,128,177
7,4956,4956,0,0,42,42,118,7,118,125
7,4960,31,0,0,31,31,160,224,1,225
7,4960,256,0,0,16,16,310,945,16,961
7,4960,400,0,0,16,16,310,378,25,403
7,4960,400,0,0,16,16,310,651,25,676
7,4960,512,0,0,16,16,310,1183,32,1215
7,4960,1040,0,0,16,16,310,896,65,961
7,4960,1600,0,0,16,16,310,637,200,837
7,4960,2048,0,0,16,16,310,147,256,403
7,4960,2304,0,0,16,16,310,343,432,775
7,4964,34,0,0,34,34,146,511,1,512
7,4968,12,0,0,12,12,414,728,1,729
7,4968,12,0,0,12,12,414,896,1,897
7,4968,138,0,0,46,46,108,343,9,352
7,4968,138,0,0,138,138,36,56,1,57
7,4968,138,0,0,138,138,36,63,1,64
7,4968,192,0,0,6,6,828,3703,32,3735
7,4968,243,0,0,27,27,184,686,27,713
7,4968,1104,0,0,69,69,72,49,32,81
7,4968,2028,0,0,12,12,414,567,169,736
7,4968,2187,0,0,27,27,184,448,81,529
7,4968,2490,0,0,6,6,828,1701,415,2116
7,4968,4212,0,0,12,12,414,161,351,512
7,4970,1136,0,0,71,71,70,49,32,81
7,4976,8,0,0,8,8,622,728,1,729
7,4978,57,0,0,19,19,262,343,9,352
7,4978,4978,0,0,131,131,38,49,76,125
7,4980,10,0,0,10,10,498,2240,1,2241
7,4980,332,0,0,83,83,60,147,8,155
7,4980,2075,0,0,83,83,60,56,25,81
7,4980,2880,0,0,10,10,498,49,576,625
7,4984,4984,0,0,28,28,178,49,356,405
7,4988,1376,0,0,86,86,58,49,32,81
7,4988,1376,0,0,86,86,58,609,16,625
7,4988,2150,0,0,86,86,58,56,25,81
7,4988,4988,0,0,86,86,58,567,58,625
7,4992,8,0,0,8,8,624,728,1,729
7,4992,64,0,0,64,64,78,168,1,169
7,4992,64,0,0,64,64,78,224,1,225
7,4992,64,0,0,64,64,78,350,1,351
7,4992,64,0,0,64,64,78,728,1,729
7,4992,104,0,0,104,104,48,63,1,64
7,4992,104,0,0,104,104,48,224,1,225
7,4992,234,0,0,78,78,64,343,9,352
7,4992,1014,0,0,6,6,832,3584,169,3753
7,4992,2592,0,0,32,32,156,1183,81,1264
7,4992,2808,0,0,78,78,64,49,72,121
7,4992,4096,0,0,64,64,78,105,64,169
7,4992,4992,0,0,24,24,208,35,208,243
7,4998,42,0,0,21,21,238,2023,2,2025
7,4998,189,0,0,21,21,238,280,9,289
7,4998,1071,0,0,119,119,42,112,9,121
7,4998,1568,0,0,49,49,102,189,32,221
7,4998,1666,0,0,49,49,102,49,68,117
7,4998,1904,0,0,119,119,42,49,32,81
7,4998,2100,0,0,21,21,238,189,100,289
7,5000,450,0,0,50,50,100,119,9,128
7,5000,450,0,0,50,50,100,280,9,289
7,5000,800,0,0,50,50,100,119,16,135
7,5000,800,0,0,100,100,50,49,16,65
7,5000,1250,0,0,50,50,100,119,25,144
7,5000,4050,0,0,50,50,100,119,81,200
7,5000,4050,0,0,50,50,100,175,81,256
7,5000,5000,0,0,50,50,100,189,100,289
7,5004,6,0,0,6,6,834,3969,2,3971
7,5004,139,0,0,139,139,36,56,1,57
7,5004,139,0,0,139,139,36,63,1,64
7,5004,144,0,0,6,6,834,6811,48,6859
7,5004,3072,0,0,6,6,834,1617,1024,2641
7,5012,4032,0,0,14,14,358,49,576,625
7,5016,38,0,0,38,38,132,1407,1,1408
7,5016,66,0,0,66,66,76,168,1,169
7,5016,66,0,0,66,66,76,728,1,729
7,5016,88,0,0,22,22,228,525,4,529
7,5016,132,0,0,22,22,228,343,18,361
7,5016,228,0,0,12,12,418,1925,19,1944
7,5016,228,0,0,12,12,418,2541,19,2560
7,5016,228,0,0,76,76,66,343,9,352
7,5016,396,0,0,12,12,418,2527,33,2560
7,5016,396,0,0,66,66,76,343,18,361
7,5016,550,0,0,22,22,228,336,25,361
7,5016,550,0,0,22,22,228,504,25,529
7,5016,594,0,0,22,22,228,448,27,475
7,5016,627,0,0,57,57,88,189,11,200
7,5016,1012,0,0,22,22,228,315,46,361
7,5016,1425,0,0,57,57,88,49,50,99
7,5016,1425,0,0,57,57,88,231,25,256
7,5016,1782,0,0,22,22,228,175,81,256
7,5016,1782,0,0,22,22,228,280,81,361
7,5016,1782,0,0,22,22,228,448,81,529
7,5016,2090,0,0,22,22,228,161,95,256
7,5016,2376,0,0,66,66,76,133,36,169
7,5016,2736,0,0,57,57,88,77,48,125
7,5016,2750,0,0,22,22,228,483,125,608
7,5016,3762,0,0,66,66,76,112,57,169
7,5016,4400,0,0,22,22,228,161,200,361
7,5016,4617,0,0,57,57,88,175,81,256
7,5016,5016,0,0,57,57,88,49,176,225
7,5016,5016,0,0,132,132,38,49,76,125
7,5022,31,0,0,31,31,162,287,1,288
7,5032,34,0,0,34,34,148,224,1,225
7,5032,34,0,0,34,34,148,1295,1,1296
7,5040,36,0,0,18,18,280,2205,4,2209
7,5040,42,0,0,42,42,120,224,1,225
7,5040,56,0,0,56,56,90,161,1,162
7,5040,56,0,0,56,56,90,224,1,225
7,5040,60,0,0,30,30,168,2023,2,2025
7,5040,84,0,0,21,21,240,1323,8,1331
7,5040,105,0,0,105,105,48,63,1,64
7,5040,105,0,0,105,105,48,224,1,225
7,5040,189,0,0,21,21,240,616,9,625
7,5040,270,0,0,30,30,168,280,9,289
7,5040,336,0,0,21,21,240,875,16,891
7,5040,336,0,0,42,42,120,175,8,183
7,5040,336,0,0,84,84,60,147,8,155
7,5040,440,0,0,10,10,504,441,88,529
7,5040,448,0,0,7,7,720,665,64,729
7,5040,448,0,0,56,56,90,567,8,575
7,5040,525,0,0,21,21,240,231,25,256
7,5040,632,0,0,8,8,630,945,79,1024
7,5040,1080,0,0,120,120,42,112,9,121
7,5040,1120,0,0,70,70,72,49,32,81
7,5040,1152,0,0,72,72,70,49,32,81
7,5040,1701,0,0,21,21,240,175,81,256
7,5040,1920,0,0,120,120,42,49,32,81
7,5040,2100,0,0,84,84,60,56,25,81
7,5040,2541,0,0,21,21,240,504,121,625
7,5040,3000,0,0,30,30,168,189,100,289
7,5040,3584,0,0,56,56,90,161,64,225
7,5040,3864,0,0,56,56,90,56,69,125
7,5040,4608,0,0,36,36,140,497,128,625
7,5046,29,0,0,29,29,174,231,1,232
7,5046,1392,0,0,87,87,58,49,32,81
7,5046,1392,0,0,87,87,58,609,16,625
7,5046,2175,0,0,87,87,58,56,25,81
7,5046,5046,0,0,87,87,58,567,58,625
7,5050,808,0,0,101,101,50,49,16,65
7,5054,5054,0,0,133,133,38,49,76,125
7,5056,237,0,0,79,79,64,343,9,352
7,5056,2844,0,0,79,79,64,49,72,121
7,5058,288,0,0,9,9,562,2401,128,2529
7,5058,729,0,0,9,9,562,1967,81,2048
7,5060,55,0,0,11,11,460,616,5,621
7,5060,69,0,0,23,23,220,343,9,352
7,5060,115,0,0,23,23,220,259,5,264
7,5060,4255,0,0,23,23,220,112,185,297
7,5064,162,0,0,6,6,844,1477,27,1504
7,5070,65,0,0,65,65,78,168,1,169
7,5070,65,0,0,65,65,78,224,1,225
7,5070,65,0,0,65,65,78,350,1,351
7,5070,65,0,0,65,65,78,728,1,729
7,5070,156,0,0,39,39,130,1323,8,1331
7,5070,156,0,0,39,39,130,1617,8,1625
7,5070,375,0,0,15,15,338,2023,25,2048
7,5070,429,0,0,39,39,130,147,22,169
7,5070,429,0,0,39,39,130,189,11,200
7,5070,429,0,0,39,39,130,364,11,375
7,5070,507,0,0,39,39,130,350,13,363
7,5070,975,0,0,39,39,130,231,25,256
7,5070,1053,0,0,39,39,130,1183,27,1210
7,5070,1248,0,0,39,39,130,1183,32,1215
7,5070,2340,0,0,39,39,130,49,120,169
7,5070,3159,0,0,39,39,130,175,81,256
7,5070,3432,0,0,39,39,130,49,176,225
7,5070,4160,0,0,65,65,78,105,64,169
7,5070,4875,0,0,39,39,130,91,125,216
7,5070,4875,0,0,39,39,130,847,125,972
7,5070,4875,0,0,39,39,130,1323,250,1573
7,5074,43,0,0,43,43,118,224,1,225
7,5074,2752,0,0,43,43,118,49,128,177
7,5074,5074,0,0,43,43,118,7,118,125
7,5076,141,0,0,47,47,108,343,9,352
7,5080,250,0,0,10,10,508,2023,25,2048
7,5080,3400,0,0,10,10,508,49,680,729
7,5082,231,0,0,77,77,66,343,9,352
7,5082,1089,0,0,121,121,42,112,9,121
7,5082,1936,0,0,121,121,42,49,32,81
7,5088,8,0,0,8,8,636,847,1,848
7,5088,8,0,0,8,8,636,5103,1,5104
7,5088,106,0,0,106,106,48,63,1,64
7,5088,106,0,0,106,106,48,224,1,225
7,5088,792,0,0,8,8,636,742,99,841
7,5092,67,0,0,67,67,76,168,1,169
7,5092,67,0,0,67,67,76,728,1,729
7,5092,402,0,0,67,67,76,343,18,361
7,5092,2412,0,0,67,67,76,133,36,169
7,5092,3819,0,0,67,67,76,112,57,169
7,5092,5092,0,0,134,134,38,49,76,125
7,5100,60,0,0,15,15,340,357,4,361
7,5100,90,0,0,15,15,340,343,18,361
7,5100,102,0,0,6,6,850,5103,17,5120
7,5100,200,0,0,25,25,204,721,8,729
7,5100,340,0,0,85,85,60,147,8,155
7,5100,375,0,0,15,15,340,336,25,361
7,5100,375,0,0,15,15,340,2023,25,2048
7,5100,405,0,0,15,15,340,448,27,475
7,5100,459,0,0,51,51,100,119,9,128
7,5100,459,0,0,51,51,100,280,9,289
7,5100,500,0,0,10,10,510,2401,200,2601
7,5100,646,0,0,34,34,150,224,19,243
7,5100,646,0,0,34,34,150,343,57,400
7,5100,750,0,0,30,30,170,2023,25,2048
7,5100,816,0,0,51,51,100,119,16,135
7,5100,816,0,0,102,102,50,49,16,65
7,5100,1140,0,0,15,15,340,1225,152,1377
7,5100,1215,0,0,15,15,340,280,81,361
7,5100,1215,0,0,15,15,340,1372,243,1615
7,5100,1275,0,0,51,51,100,119,25,144
7,5100,1278,0,0,6,6,850,875,213,1088
7,5100,1600,0,0,50,50,102,189,32,221
7,5100,1700,0,0,50,50,102,49,68,117
7,5100,1875,0,0,15,15,340,833,250,1083
7,5100,2125,0,0,85,85,60,56,25,81
7,5100,2880,0,0,10,10,510,49,576,625
7,5100,3840,0,0,6,6,850,567,640,1207
7,5100,3840,0,0,15,15,340,105,256,361
7,5100,3840,0,0,15,15,340,119,256,375
7,5100,4080,0,0,15,15,340,133,272,405
7,5100,4131,0,0,51,51,100,119,81,200
7,5100,4131,0,0,51,51,100,175,81,256
7,5100,4896,0,0,17,17,300,49,576,625
7,5100,5100,0,0,15,15,340,21,340,361
7,5100,5100,0,0,15,15,340,49,680,729
7,5100,5100,0,0,51,51,100,189,100,289
7,5104,22,0,0,22,22,232,728,1,729
7,5104,638,0,0,58,58,88,189,11,200
7,5104,1408,0,0,88,88,58,49,32,81
7,5104,1408,0,0,88,88,58,609,16,625
7,5104,1450,0,0,58,58,88,49,50,99
7,5104,1450,0,0,58,58,88,231,25,256
7,5104,2200,0,0,88,88,58,56,25,81
7,5104,2784,0,0,58,58,88,77,48,125
7,5104,3718,0,0,22,22,232,672,169,841
7,5104,4698,0,0,58,58,88,175,81,256
7,5104,5104,0,0,58,58,88,49,176,225
7,5104,5104,0,0,88,88,58,567,58,625
7,5110,35,0,0,35,35,146,511,1,512
7,5110,504,0,0,7,7,730,3577,144,3721
7,5110,1168,0,0,73,73,70,49,32,81
7,5110,1533,0,0,7,7,730,343,657,1000
7,5110,4375,0,0,7,7,730,1022,625,1647
7,5112,9,0,0,9,9,568,1064,1,1065
7,5112,9,0,0,9,9,568,5040,1,5041
7,5112,12,0,0,12,12,426,567,1,568
7,5112,576,0,0,9,9,568,665,64,729
7,5112,1136,0,0,71,71,72,49,32,81
7,5112,2025,0,0,9,9,568,497,225,722
7,5112,2592,0,0,9,9,568,49,576,625
7,5120,32,0,0,32,32,160,224,1,225
7,5120,240,0,0,80,80,64,343,9,352
7,5120,2880,0,0,80,80,64,49,72,121
7,5122,52,0,0,13,13,394,1323,8,1331
7,5124,21,0,0,21,21,244,287,1,288
7,5124,252,0,0,14,14,366,3703,18,3721
7,5124,1098,0,0,122,122,42,112,9,121
7,5124,1134,0,0,14,14,366,448,81,529
7,5124,1952,0,0,122,122,42,49,32,81
7,5130,27,0,0,9,9,570,1232,3,1235
7,5130,27,0,0,9,9,570,3325,3,3328
7,5130,27,0,0,27,27,190,224,1,225
7,5130,27,0,0,27,27,190,399,1,400
7,5130,45,0,0,9,9,570,1183,5,1188
7,5130,45,0,0,9,9,570,4389,5,4394
7,5130,57,0,0,57,57,90,161,1,162
7,5130,57,0,0,57,57,90,224,1,225
7,5130,90,0,0,15,15,342,343,18,361
7,5130,171,0,0,9,9,570,637,38,675
7,5130,171,0,0,9,9,570,1925,19,1944
7,5130,171,0,0,9,9,570,2541,19,2560
7,5130,171,0,0,9,9,570,4375,19,4394
7,5130,216,0,0,9,9,570,2275,24,2299
7,5130,234,0,0,9,9,570,1323,52,1375
7,5130,297,0,0,9,9,570,1183,33,1216
7,5130,297,0,0,9,9,570,2527,33,2560
7,5130,342,0,0,9,9,570,567,38,605
7,5130,456,0,0,57,57,90,567,8,575
7,5130,475,0,0,19,19,270,2023,25,2048
7,5130,855,0,0,15,15,342,1792,57,1849
7,5130,1287,0,0,9,9,570,532,143,675
7,5130,1368,0,0,9,9,570,693,152,845
7,5130,1728,0,0,9,9,570,1183,192,1375
7,5130,1728,0,0,27,27,190,665,64,729
7,5130,1872,0,0,9,9,570,875,208,1083
7,5130,2106,0,0,9,9,570,343,702,1045
7,5130,2187,0,0,9,9,570,1330,243,1573
7,5130,3648,0,0,57,57,90,161,64,225
7,5130,3744,0,0,9,9,570,189,416,605
7,5130,3933,0,0,57,57,90,56,69,125
7,5130,4374,0,0,9,9,570,1225,972,2197
7,5130,4500,0,0,9,9,570,539,1000,1539
7,5130,4563,0,0,9,9,570,133,507,640
7,5130,4563,0,0,9,9,570,1792,507,2299
7,5130,4563,0,0,9,9,570,1925,507,2432
7,5130,4864,0,0,19,19,270,119,256,375
7,5130,5130,0,0,135,135,38,49,76,125
7,5136,24,0,0,6,6,856,1323,8,1331
7,5136,66,0,0,6,6,856,1701,11,1712
7,5136,107,0,0,107,107,48,63,1,64
7,5136,107,0,0,107,107,48,224,1,225
7,5136,5136,0,0,6,6,856,147,1712,1859
7,5148,11,0,0,11,11,468,728,1,729
7,5148,11,0,0,11,11,468,4095,1,4096
7,5148,11,0,0,11,11,468,5264,1,5265
7,5148,18,0,0,18,18,286,728,1,729
7,5148,24,0,0,6,6,858,1323,8,1331
7,5148,24,0,0,6,6,858,1617,8,1625
7,5148,39,0,0,39,39,132,1407,1,1408
7,5148,52,0,0,13,13,396,1323,8,1331
7,5148,66,0,0,6,6,858,1204,11,1215
7,5148,66,0,0,6,6,858,1365,11,1376
7,5148,66,0,0,22,22,234,413,3,416
7,5148,66,0,0,66,66,78,168,1,169
7,5148,66,0,0,66,66,78,224,1,225
7,5148,66,0,0,66,66,78,350,1,351
7,5148,66,0,0,66,66,78,728,1,729
7,5148,78,0,0,6,6,858,6237,13,6250
7,5148,104,0,0,26,26,198,1323,8,1331
7,5148,143,0,0,11,11,468,987,13,1000
7,5148,150,0,0,6,6,858,7371,25,7396
7,5148,162,0,0,6,6,858,1183,27,1210
7,5148,192,0,0,6,6,858,1183,32,1215
7,5148,234,0,0,26,26,198,616,9,625
7,5148,234,0,0,78,78,66,343,9,352
7,5148,288,0,0,6,6,858,1715,144,1859
7,5148,416,0,0,26,26,198,875,16,891
7,5148,650,0,0,26,26,198,231,25,256
7,5148,750,0,0,6,6,858,847,125,972
7,5148,750,0,0,6,6,858,1323,250,1573
7,5148,960,0,0,6,6,858,1001,160,1161
7,5148,960,0,0,6,6,858,9317,160,9477
7,5148,1298,0,0,22,22,234,448,59,507
7,5148,1536,0,0,6,6,858,819,256,1075
7,5148,1716,0,0,6,6,858,875,286,1161
7,5148,1859,0,0,11,11,468,560,169,729
7,5148,1872,0,0,6,6,858,1225,624,1849
7,5148,2068,0,0,11,11,468,4375,188,4563
7,5148,2106,0,0,26,26,198,175,81,256
7,5148,2250,0,0,6,6,858,1001,375,1376
7,5148,2288,0,0,26,26,198,49,176,225
7,5148,2430,0,0,6,6,858,1792,405,2197
7,5148,2673,0,0,33,33,156,1183,81,1264
7,5148,2838,0,0,6,6,858,567,473,1040
7,5148,2838,0,0,6,6,858,1575,473,2048
7,5148,3146,0,0,26,26,198,504,121,625
7,5148,3168,0,0,11,11,468,49,576,625
7,5148,4224,0,0,6,6,858,441,1408,1849
7,5148,4224,0,0,66,66,78,105,64,169
7,5148,4400,0,0,11,11,468,329,400,729
7,5148,4455,0,0,11,11,468,1792,405,2197
7,5150,824,0,0,103,103,50,49,16,65
7,5152,252,0,0,28,28,184,686,27,713
7,5152,2268,0,0,28,28,184,448,81,529
7,5160,20,0,0,20,20,258,350,1,351
7,5160,20,0,0,20,20,258,728,1,729
7,5160,43,0,0,43,43,120,224,1,225
7,5160,344,0,0,43,43,120,175,8,183
7,5160,344,0,0,86,86,60,147,8,155
7,5160,480,0,0,12,12,430,2107,80,2187
7,5160,860,0,0,20,20,258,2457,43,2500
7,5160,1000,0,0,20,20,258,301,50,351
7,5160,2080,0,0,20,20,258,301,104,405
7,5160,2150,0,0,86,86,60,56,25,81
7,5160,3380,0,0,20,20,258,175,169,344
7,5160,3380,0,0,20,20,258,49,338,387
7,5160,3380,0,0,20,20,258,560,169,729
7,5160,3380,0,0,20,20,258,1680,169,1849
7,5162,1424,0,0,89,89,58,49,32,81
7,5162,1424,0,0,89,89,58,609,16,625
7,5162,2225,0,0,89,89,58,56,25,81
7,5162,5162,0,0,29,29,178,49,356,405
7,5162,5162,0,0,89,89,58,567,58,625
7,5166,21,0,0,21,21,246,287,1,288
7,5166,35,0,0,7,7,738,1512,5,1517
7,5166,1107,0,0,123,123,42,112,9,121
7,5166,1968,0,0,123,123,42,49,32,81
7,5166,4592,0,0,7,7,738,1813,1312,3125
7,5166,4725,0,0,7,7,738,343,2025,2368
7,5168,68,0,0,68,68,76,168,1,169
7,5168,68,0,0,68,68,76,728,1,729
7,5168,408,0,0,68,68,76,343,18,361
7,5168,2448,0,0,68,68,76,133,36,169
7,5168,3876,0,0,68,68,76,112,57,169
7,5168,5168,0,0,136,136,38,49,76,125
7,5180,14,0,0,14,14,370,1295,1,1296
7,5180,35,0,0,35,35,148,224,1,225
7,5180,35,0,0,35,35,148,1295,1,1296
7,5180,378,0,0,14,14,370,1120,27,1147
7,5180,1184,0,0,74,74,70,49,32,81
7,5180,1554,0,0,14,14,370,1715,333,2048
7,5180,1750,0,0,14,14,370,259,125,384
7,5180,4032,0,0,14,14,370,49,576,625
7,5180,4736,0,0,37,37,140,497,128,625
7,5184,18,0,0,18,18,288,840,1,841
7,5184,32,0,0,32,32,162,287,1,288
7,5184,108,0,0,108,108,48,63,1,64
7,5184,108,0,0,108,108,48,224,1,225
7,5184,144,0,0,48,48,108,343,9,352
7,5184,243,0,0,81,81,64,343,9,352
7,5184,256,0,0,8,8,648,1183,32,1215
7,5184,522,0,0,18,18,288,700,29,729
7,5184,1152,0,0,72,72,72,49,32,81
7,5184,2916,0,0,81,81,64,49,72,121
7,5184,3240,0,0,8,8,648,1792,405,2197
7,5184,5184,0,0,18,18,288,49,576,625
7,5192,44,0,0,44,44,118,224,1,225
7,5192,649,0,0,59,59,88,189,11,200
7,5192,1475,0,0,59,59,88,49,50,99
7,5192,1475,0,0,59,59,88,231,25,256
7,5192,2816,0,0,44,44,118,49,128,177
7,5192,2832,0,0,59,59,88,77,48,125
7,5192,4779,0,0,59,59,88,175,81,256
7,5192,5192,0,0,44,44,118,7,118,125
7,5192,5192,0,0,59,59,88,49,176,225
7,5200,90,0,0,10,10,520,1015,9,1024
7,5200,160,0,0,10,10,520,609,16,625
7,5200,160,0,0,40,40,130,1323,8,1331
7,5200,160,0,0,40,40,130,1617,8,1625
7,5200,320,0,0,10,10,520,1183,32,1215
7,5200,440,0,0,40,40,130,147,22,169
7,5200,440,0,0,40,40,130,189,11,200
7,5200,440,0,0,40,40,130,364,11,375
7,5200,468,0,0,52,52,100,119,9,128
7,5200,468,0,0,52,52,100,280,9,289
7,5200,520,0,0,40,40,130,350,13,363
7,5200,580,0,0,10,10,520,567,58,625
7,5200,650,0,0,10,10,520,6496,65,6561
7,5200,832,0,0,52,52,100,119,16,135
7,5200,832,0,0,104,104,50,49,16,65
7,5200,1000,0,0,40,40,130,231,25,256
7,5200,1080,0,0,40,40,130,1183,27,1210
7,5200,1280,0,0,10,10,520,3969,256,4225
7,5200,1280,0,0,40,40,130,1183,32,1215
7,5200,1300,0,0,52,52,100,119,25,144
7,5200,2000,0,0,10,10,520,441,400,841
7,5200,2400,0,0,40,40,130,49,120,169
7,5200,2560,0,0,10,10,520,875,256,1131
7,5200,2610,0,0,10,10,520,364,261,625
7,5200,3240,0,0,40,40,130,175,81,256
7,5200,3380,0,0,10,10,520,49,676,725
7,5200,3520,0,0,40,40,130,49,176,225
7,5200,3744,0,0,13,13,400,49,576,625
7,5200,4212,0,0,52,52,100,119,81,200
7,5200,4212,0,0,52,52,100,175,81,256
7,5200,5000,0,0,40,40,130,91,125,216
7,5200,5000,0,0,40,40,130,847,125,972
7,5200,5000,0,0,40,40,130,1323,250,1573
7,5200,5200,0,0,25,25,208,35,208,243
7,5200,5200,0,0,52,52,100,189,100,289
7,5202,36,0,0,9,9,578,833,8,841
7,5202,225,0,0,9,9,578,2023,25,2048
7,5202,1156,0,0,17,17,306,2401,272,2673
7,5202,1632,0,0,51,51,102,189,32,221
7,5202,1734,0,0,51,51,102,49,68,117
7,5206,5206,0,0,137,137,38,49,76,125
7,5208,54,0,0,6,6,868,1015,9,1024
7,5208,62,0,0,31,31,168,2023,2,2025
7,5208,96,0,0,6,6,868,945,16,961
7,5208,238,0,0,14,14,372,847,17,864
7,5208,279,0,0,31,31,168,280,9,289
7,5208,896,0,0,14,14,372,833,128,961
7,5208,1116,0,0,124,124,42,112,9,121
7,5208,1566,0,0,6,6,868,700,261,961
7,5208,1984,0,0,124,124,42,49,32,81
7,5208,2611,0,0,7,7,744,651,373,1024
7,5208,3100,0,0,31,31,168,189,100,289
7,5208,3750,0,0,6,6,868,336,625,961
7,5208,3750,0,0,6,6,868,6944,625,7569
7,5214,237,0,0,79,79,66,343,9,352
7,5220,9,0,0,9,9,580,840,1,841
7,5220,30,0,0,30,30,174,231,1,232
7,5220,54,0,0,6,6,870,1015,9,1024
7,5220,54,0,0,9,9,580,2401,24,2425
7,5220,58,0,0,58,58,90,161,1,162
7,5220,58,0,0,58,58,90,224,1,225
7,5220,261,0,0,9,9,580,700,29,729
7,5220,348,0,0,87,87,60,147,8,155
7,5220,450,0,0,9,9,580,679,50,729
7,5220,464,0,0,58,58,90,567,8,575
7,5220,486,0,0,6,6,870,2401,324,2725
7,5220,654,0,0,6,6,870,2240,109,2349
7,5220,654,0,0,6,6,870,5075,109,5184
7,5220,873,0,0,9,9,580,875,97,972
7,5220,1125,0,0,9,9,580,2688,125,2813
7,5220,1440,0,0,90,90,58,49,32,81
7,5220,1440,0,0,90,90,58,609,16,625
7,5220,1458,0,0,9,9,580,679,162,841
7,5220,1566,0,0,6,6,870,763,261,1024
7,5220,2175,0,0,87,87,60,56,25,81
7,5220,2250,0,0,90,90,58,56,25,81
7,5220,2592,0,0,9,9,580,49,576,625
7,5220,3712,0,0,58,58,90,161,64,225
7,5220,4002,0,0,58,58,90,56,69,125
7,5220,5220,0,0,90,90,58,567,58,625
7,5226,67,0,0,67,67,78,168,1,169
7,5226,67,0,0,67,67,78,224,1,225
7,5226,67,0,0,67,67,78,350,1,351
7,5226,67,0,0,67,67,78,728,1,729
7,5226,3159,0,0,13,13,402,343,729,1072
7,5226,4288,0,0,67,67,78,105,64,169
7,5232,109,0,0,109,109,48,63,1,64
7,5232,109,0,0,109,109,48,224,1,225
7,5236,7,0,0,7,7,748,1155,1,1156
7,5236,7,0,0,7,7,748,1372,3,1375
7,5236,7,0,0,7,7,748,3024,1,3025
7,5236,44,0,0,22,22,238,2023,2,2025
7,5236,140,0,0,7,7,748,847,20,867
7,5236,198,0,0,22,22,238,280,9,289
7,5236,350,0,0,7,7,748,2401,200,2601
7,5236,875,0,0,7,7,748,847,125,972
7,5236,1071,0,0,7,7,748,847,153,1000
7,5236,2200,0,0,22,22,238,189,100,289
7,5236,4158,0,0,7,7,748,343,1782,2125
7,5238,2592,0,0,9,9,582,4753,576,5329
7,5240,60,0,0,20,20,262,343,9,352
7,5244,69,0,0,69,69,76,168,1,169
7,5244,69,0,0,69,69,76,728,1,729
7,5244,92,0,0,23,23,228,525,4,529
7,5244,138,0,0,23,23,228,343,18,361
7,5244,414,0,0,69,69,76,343,18,361
7,5244,575,0,0,23,23,228,336,25,361
7,5244,575,0,0,23,23,228,504,25,529
7,5244,621,0,0,23,23,228,448,27,475
7,5244,1058,0,0,23,23,228,315,46,361
7,5244,1863,0,0,23,23,228,175,81,256
7,5244,1863,0,0,23,23,228,280,81,361
7,5244,1863,0,0,23,23,228,448,81,529
7,5244,2185,0,0,23,23,228,161,95,256
7,5244,2484,0,0,69,69,76,133,36,169
7,5244,2875,0,0,23,23,228,483,125,608
7,5244,3933,0,0,69,69,76,112,57,169
7,5244,4600,0,0,23,23,228,161,200,361
7,5244,5244,0,0,138,138,38,49,76,125
7,5248,16,0,0,16,16,328,1372,3,1375
7,5248,16,0,0,16,16,328,1680,1,1681
7,5248,16,0,0,16,16,328,3024,1,3025
7,5248,128,0,0,16,16,328,2009,16,2025
7,5248,246,0,0,82,82,64,343,9,352
7,5248,432,0,0,16,16,328,875,27,902
7,5248,576,0,0,16,16,328,343,108,451
7,5248,1024,0,0,16,16,328,1225,128,1353
7,5248,1584,0,0,16,16,328,343,297,640
7,5248,2000,0,0,16,16,328,847,125,972
7,5248,2560,0,0,16,16,328,49,320,369
7,5248,2952,0,0,82,82,64,49,72,121
7,5248,3600,0,0,16,16,328,287,225,512
7,5248,4608,0,0,16,16,328,49,576,625
7,5248,5248,0,0,16,16,328,35,328,363
7,5248,5248,0,0,16,16,328,77,328,405
7,5250,665,0,0,35,35,150,224,19,243
7,5250,665,0,0,35,35,150,343,57,400
7,5250,840,0,0,105,105,50,49,16,65
7,5250,1125,0,0,125,125,42,112,9,121
7,5250,1200,0,0,75,75,70,49,32,81
7,5250,2000,0,0,125,125,42,49,32,81
7,5250,3584,0,0,7,7,750,245,1024,1269
7,5256,36,0,0,36,36,146,511,1,512
7,5256,48,0,0,12,12,438,1323,8,1331
7,5256,48,0,0,12,12,438,5621,4,5625
7,5256,1168,0,0,73,73,72,49,32,81
7,5256,1500,0,0,12,12,438,847,125,972
7,5256,2904,0,0,12,12,438,245,484,729
7,5258,891,0,0,11,11,478,875,81,956
7,5258,4125,0,0,11,11,478,1673,375,2048
7,5264,16,0,0,8,8,658,2205,4,2209
7,5264,128,0,0,8,8,658,875,16,891
7,5270,272,0,0,17,17,310,945,16,961
7,5270,425,0,0,17,17,310,378,25,403
7,5270,425,0,0,17,17,310,651,25,676
7,5270,544,0,0,17,17,310,1183,32,1215
7,5270,775,0,0,31,31,170,2023,25,2048
7,5270,1105,0,0,17,17,310,896,65,961
7,5270,1700,0,0,17,17,310,637,200,837
7,5270,2176,0,0,17,17,310,147,256,403
7,5270,2448,0,0,17,17,310,343,432,775
7,5278,1456,0,0,91,91,58,49,32,81
7,5278,1456,0,0,91,91,58,609,16,625
7,5278,2275,0,0,91,91,58,56,25,81
7,5278,5278,0,0,91,91,58,567,58,625
7,5280,16,0,0,16,16,330,1372,3,1375
7,5280,16,0,0,16,16,330,2240,1,2241
7,5280,16,0,0,16,16,330,3024,1,3025
7,5280,32,0,0,8,8,660,1323,8,1331
7,5280,33,0,0,33,33,160,224,1,225
7,5280,40,0,0,40,40,132,1407,1,1408
7,5280,44,0,0,44,44,120,224,1,225
7,5280,48,0,0,16,16,330,343,9,352
7,5280,60,0,0,15,15,352,1323,8,1331
7,5280,72,0,0,24,24,220,343,9,352
7,5280,88,0,0,22,22,240,1323,8,1331
7,5280,110,0,0,110,110,48,63,1,64
7,5280,110,0,0,110,110,48,224,1,225
7,5280,120,0,0,24,24,220,259,5,264
7,5280,128,0,0,8,8,660,875,16,891
7,5280,198,0,0,22,22,240,616,9,625
7,5280,240,0,0,80,80,66,343,9,352
7,5280,352,0,0,22,22,240,875,16,891
7,5280,352,0,0,44,44,120,175,8,183
7,5280,352,0,0,88,88,60,147,8,155
7,5280,384,0,0,16,16,330,343,72,415
7,5280,384,0,0,16,16,330,581,24,605
7,5280,550,0,0,22,22,240,231,25,256
7,5280,660,0,0,60,60,88,189,11,200
7,5280,800,0,0,10,10,528,343,240,583
7,5280,1500,0,0,60,60,88,49,50,99
7,5280,1500,0,0,60,60,88,231,25,256
7,5280,1584,0,0,16,16,330,343,297,640
7,5280,1782,0,0,22,22,240,175,81,256
7,5280,1936,0,0,8,8,660,245,484,729
7,5280,2200,0,0,8,8,660,2317,275,2592
7,5280,2200,0,0,88,88,60,56,25,81
7,5280,2640,0,0,10,10,528,2597,528,3125
7,5280,2648,0,0,8,8,660,560,331,891
7,5280,2648,0,0,8,8,660,693,331,1024
7,5280,2648,0,0,8,8,660,1694,331,2025
7,5280,2655,0,0,15,15,352,847,177,1024
7,5280,2662,0,0,22,22,240,504,121,625
7,5280,2880,0,0,60,60,88,77,48,125
7,5280,3264,0,0,12,12,440,1925,272,2197
7,5280,4440,0,0,24,24,220,112,185,297
7,5280,4608,0,0,16,16,330,49,576,625
7,5280,4860,0,0,60,60,88,175,81,256
7,5280,5280,0,0,60,60,88,49,176,225
7,5282,5282,0,0,139,139,38,49,76,125
7,5292,147,0,0,49,49,108,343,9,352
7,5292,1134,0,0,126,126,42,112,9,121
7,5292,1593,0,0,9,9,588,448,177,625
7,5292,2016,0,0,126,126,42,49,32,81
7,5300,477,0,0,53,53,100,119,9,128
7,5300,477,0,0,53,53,100,280,9,289
7,5300,848,0,0,53,53,100,119,16,135
7,5300,848,0,0,106,106,50,49,16,65
7,5300,1325,0,0,53,53,100,119,25,144
7,5300,4293,0,0,53,53,100,119,81,200
7,5300,4293,0,0,53,53,100,175,81,256
7,5300,5300,0,0,53,53,100,189,100,289
7,5304,12,0,0,12,12,442,728,1,729
7,5304,12,0,0,12,12,442,1183,1,1184
7,5304,26,0,0,13,13,408,2023,2,2025
7,5304,68,0,0,68,68,78,168,1,169
7,5304,68,0,0,68,68,78,224,1,225
7,5304,68,0,0,68,68,78,350,1,351
7,5304,68,0,0,68,68,78,728,1,729
7,5304,204,0,0,12,12,442,1036,17,1053
7,5304,208,0,0,26,26,204,721,8,729
7,5304,325,0,0,13,13,408,672,25,697
7,5304,325,0,0,13,13,408,2023,25,2048
7,5304,663,0,0,13,13,408,574,51,625
7,5304,1664,0,0,13,13,408,441,256,697
7,5304,1664,0,0,52,52,102,189,32,221
7,5304,1768,0,0,52,52,102,49,68,117
7,5304,2304,0,0,12,12,442,1813,384,2197
7,5304,2665,0,0,13,13,408,49,410,459
7,5304,2754,0,0,34,34,156,1183,81,1264
7,5304,3757,0,0,13,13,408,287,289,576
7,5304,3757,0,0,13,13,408,336,289,625
7,5304,4212,0,0,13,13,408,49,648,697
7,5304,4352,0,0,68,68,78,105,64,169
7,5304,4420,0,0,13,13,408,49,680,729
7,5310,45,0,0,45,45,118,224,1,225
7,5310,59,0,0,59,59,90,161,1,162
7,5310,59,0,0,59,59,90,224,1,225
7,5310,472,0,0,59,59,90,567,8,575
7,5310,2880,0,0,45,45,118,49,128,177
7,5310,3776,0,0,59,59,90,161,64,225
7,5310,4071,0,0,59,59,90,56,69,125
7,5310,5310,0,0,45,45,118,7,118,125
7,5312,249,0,0,83,83,64,343,9,352
7,5312,1184,0,0,8,8,664,581,148,729
7,5312,2988,0,0,83,83,64,49,72,121
7,5320,28,0,0,28,28,190,224,1,225
7,5320,28,0,0,28,28,190,399,1,400
7,5320,38,0,0,19,19,280,2205,4,2209
7,5320,70,0,0,70,70,76,168,1,169
7,5320,70,0,0,70,70,76,728,1,729
7,5320,189,0,0,7,7,760,1778,27,1805
7,5320,420,0,0,70,70,76,343,18,361
7,5320,1216,0,0,76,76,70,49,32,81
7,5320,1280,0,0,10,10,532,4361,256,4617
7,5320,1792,0,0,28,28,190,665,64,729
7,5320,2520,0,0,70,70,76,133,36,169
7,5320,2527,0,0,7,7,760,889,361,1250
7,5320,3990,0,0,70,70,76,112,57,169
7,5320,4536,0,0,7,7,760,2527,648,3175
7,5320,4864,0,0,38,38,140,497,128,625
7,5328,6,0,0,6,6,888,1295,1,1296
7,5328,36,0,0,9,9,592,1323,8,1331
7,5328,36,0,0,36,36,148,224,1,225
7,5328,36,0,0,36,36,148,1295,1,1296
7,5328,111,0,0,111,111,48,63,1,64
7,5328,111,0,0,111,111,48,224,1,225
7,5328,666,0,0,6,6,888,1715,333,2048
7,5328,1184,0,0,74,74,72,49,32,81
7,5328,5328,0,0,9,9,592,147,1184,1331
7,5330,164,0,0,41,41,130,1323,8,1331
7,5330,164,0,0,41,41,130,1617,8,1625
7,5330,451,0,0,41,41,130,147,22,169
7,5330,451,0,0,41,41,130,189,11,200
7,5330,451,0,0,41,41,130,364,11,375
7,5330,533,0,0,41,41,130,350,13,363
7,5330,1025,0,0,41,41,130,231,25,256
7,5330,1107,0,0,41,41,130,1183,27,1210
7,5330,1312,0,0,41,41,130,1183,32,1215
7,5330,2460,0,0,41,41,130,49,120,169
7,5330,3321,0,0,41,41,130,175,81,256
7,5330,3608,0,0,41,41,130,49,176,225
7,5330,5125,0,0,41,41,130,91,125,216
7,5330,5125,0,0,41,41,130,847,125,972
7,5330,5125,0,0,41,41,130,1323,250,1573
7,5334,1143,0,0,127,127,42,112,9,121
7,5334,2032,0,0,127,127,42,49,32,81
7,5336,23,0,0,23,23,232,728,1,729
7,5336,261,0,0,29,29,184,686,27,713
7,5336,1472,0,0,92,92,58,49,32,81
7,5336,1472,0,0,92,92,58,609,16,625
7,5336,2300,0,0,92,92,58,56,25,81
7,5336,2349,0,0,29,29,184,448,81,529
7,5336,3887,0,0,23,23,232,672,169,841
7,5336,5336,0,0,92,92,58,567,58,625
7,5340,356,0,0,89,89,60,147,8,155
7,5340,2225,0,0,89,89,60,56,25,81
7,5340,5340,0,0,30,30,178,49,356,405
7,5346,33,0,0,33,33,162,287,1,288
7,5346,108,0,0,27,27,198,1323,8,1331
7,5346,243,0,0,27,27,198,616,9,625
7,5346,243,0,0,81,81,66,343,9,352
7,5346,432,0,0,27,27,198,875,16,891
7,5346,675,0,0,27,27,198,231,25,256
7,5346,2187,0,0,27,27,198,175,81,256
7,5346,2376,0,0,27,27,198,49,176,225
7,5346,2592,0,0,9,9,594,1043,288,1331
7,5346,3267,0,0,27,27,198,504,121,625
7,5350,856,0,0,107,107,50,49,16,65
7,5356,104,0,0,13,13,412,721,8,729
7,5360,1944,0,0,8,8,670,343,729,1072
7,5368,22,0,0,22,22,244,287,1,288
7,5368,671,0,0,61,61,88,189,11,200
7,5368,1525,0,0,61,61,88,49,50,99
7,5368,1525,0,0,61,61,88,231,25,256
7,5368,2928,0,0,61,61,88,77,48,125
7,5368,4941,0,0,61,61,88,175,81,256
7,5368,5368,0,0,61,61,88,49,176,225
7,5370,4320,0,0,15,15,358,49,576,625
7,5376,64,0,0,32,32,168,2023,2,2025
7,5376,112,0,0,112,112,48,63,1,64
7,5376,112,0,0,112,112,48,224,1,225
7,5376,252,0,0,84,84,64,343,9,352
7,5376,288,0,0,32,32,168,280,9,289
7,5376,1152,0,0,128,128,42,112,9,121
7,5376,2048,0,0,128,128,42,49,32,81
7,5376,3024,0,0,84,84,64,49,72,121
7,5376,3200,0,0,32,32,168,189,100,289
7,5380,10,0,0,10,10,538,1344,1,1345
7,5380,2880,0,0,10,10,538,49,576,625
7,5380,5380,0,0,10,10,538,49,1076,1125
7,5382,13,0,0,13,13,414,728,1,729
7,5382,13,0,0,13,13,414,896,1,897
7,5382,69,0,0,23,23,234,413,3,416
7,5382,69,0,0,69,69,78,168,1,169
7,5382,69,0,0,69,69,78,224,1,225
7,5382,69,0,0,69,69,78,350,1,351
7,5382,69,0,0,69,69,78,728,1,729
7,5382,1357,0,0,23,23,234,448,59,507
7,5382,2197,0,0,13,13,414,567,169,736
7,5382,2691,0,0,9,9,598,1701,299,2000
7,5382,4374,0,0,9,9,598,1225,972,2197
7,5382,4416,0,0,69,69,78,105,64,169
7,5382,4563,0,0,13,13,414,161,351,512
7,5390,1232,0,0,77,77,70,49,32,81
7,5394,31,0,0,31,31,174,231,1,232
7,5394,1488,0,0,93,93,58,49,32,81
7,5394,1488,0,0,93,93,58,609,16,625
7,5394,2325,0,0,93,93,58,56,25,81
7,5394,5394,0,0,93,93,58,567,58,625
7,5396,71,0,0,71,71,76,168,1,169
7,5396,71,0,0,71,71,76,728,1,729
7,5396,426,0,0,71,71,76,343,18,361
7,5396,2556,0,0,71,71,76,133,36,169
7,5396,4047,0,0,71,71,76,112,57,169
7,5400,24,0,0,6,6,900,1323,8,1331
7,5400,45,0,0,45,45,120,224,1,225
7,5400,60,0,0,60,60,90,161,1,162
7,5400,60,0,0,60,60,90,224,1,225
7,5400,108,0,0,12,12,450,791,9,800
7,5400,150,0,0,50,50,108,343,9,352
7,5400,192,0,0,6,6,900,1617,64,1681
7,5400,360,0,0,9,9,600,2107,80,2187
7,5400,360,0,0,45,45,120,175,8,183
7,5400,360,0,0,90,90,60,147,8,155
7,5400,480,0,0,60,60,90,567,8,575
7,5400,486,0,0,54,54,100,119,9,128
7,5400,486,0,0,54,54,100,280,9,289
7,5400,500,0,0,20,20,270,2023,25,2048
7,5400,684,0,0,36,36,150,224,19,243
7,5400,684,0,0,36,36,150,343,57,400
7,5400,738,0,0,6,6,900,1925,123,2048
7,5400,750,0,0,6,6,900,847,125,972
7,5400,864,0,0,54,54,100,119,16,135
7,5400,864,0,0,108,108,50,49,16,65
7,5400,1200,0,0,75,75,72,49,32,81
7,5400,1350,0,0,54,54,100,119,25,144
7,5400,2250,0,0,90,90,60,56,25,81
7,5400,2880,0,0,10,10,540,49,576,625
7,5400,3840,0,0,60,60,90,161,64,225
7,5400,4140,0,0,60,60,90,56,69,125
7,5400,4374,0,0,54,54,100,119,81,200
7,5400,4374,0,0,54,54,100,175,81,256
7,5400,5120,0,0,20,20,270,119,256,375
7,5400,5184,0,0,18,18,300,49,576,625
7,5400,5400,0,0,54,54,100,189,100,289
7,5402,37,0,0,37,37,146,511,1,512
7,5406,1696,0,0,53,53,102,189,32,221
7,5406,1802,0,0,53,53,102,49,68,117
7,5408,400,0,0,16,16,338,2023,25,2048
7,5408,5408,0,0,26,26,208,35,208,243
7,5412,22,0,0,22,22,246,287,1,288
7,5412,41,0,0,41,41,132,1407,1,1408
7,5412,246,0,0,82,82,66,343,9,352
7,5412,3971,0,0,11,11,492,287,361,648
7,5418,21,0,0,21,21,258,350,1,351
7,5418,21,0,0,21,21,258,728,1,729
7,5418,903,0,0,21,21,258,2457,43,2500
7,5418,1050,0,0,21,21,258,301,50,351
7,5418,1161,0,0,129,129,42,112,9,121
7,5418,1792,0,0,7,7,774,2107,512,2619
7,5418,2064,0,0,129,129,42,49,32,81
7,5418,2184,0,0,21,21,258,301,104,405
7,5418,3549,0,0,21,21,258,175,169,344
7,5418,3549,0,0,21,21,258,49,338,387
7,5418,3549,0,0,21,21,258,560,169,729
7,5418,3549,0,0,21,21,258,1680,169,1849
7,5424,113,0,0,113,113,48,63,1,64
7,5424,113,0,0,113,113,48,224,1,225
7,5424,216,0,0,8,8,678,2744,81,2825
7,5424,400,0,0,8,8,678,2401,200,2601
7,5424,3072,0,0,6,6,904,5537,1024,6561
7,5424,4096,0,0,8,8,678,5537,1024,6561
7,5428,46,0,0,46,46,118,224,1,225
7,5428,2944,0,0,46,46,118,49,128,177
7,5428,5428,0,0,46,46,118,7,118,125
7,5434,19,0,0,19,19,286,728,1,729
7,5434,247,0,0,13,13,418,1925,19,1944
7,5434,247,0,0,13,13,418,2541,19,2560
7,5434,429,0,0,13,13,418,2527,33,2560
7,5436,1362,0,0,6,6,906,343,681,1024
7,5440,34,0,0,34,34,160,224,1,225
7,5440,64,0,0,16,16,340,357,4,361
7,5440,96,0,0,16,16,340,343,18,361
7,5440,255,0,0,85,85,64,343,9,352
7,5440,400,0,0,16,16,340,336,25,361
7,5440,400,0,0,16,16,340,2023,25,2048
7,5440,432,0,0,16,16,340,448,27,475
7,5440,512,0,0,8,8,680,833,128,961
7,5440,800,0,0,32,32,170,2023,25,2048
7,5440,1216,0,0,16,16,340,1225,152,1377
7,5440,1296,0,0,16,16,340,280,81,361
7,5440,1296,0,0,16,16,340,1372,243,1615
7,5440,2000,0,0,16,16,340,833,250,1083
7,5440,3060,0,0,85,85,64,49,72,121
7,5440,4096,0,0,16,16,340,105,256,361
7,5440,4096,0,0,16,16,340,119,256,375
7,5440,4352,0,0,16,16,340,133,272,405
7,5440,5440,0,0,16,16,340,21,340,361
7,5440,5440,0,0,16,16,340,49,680,729
7,5446,7,0,0,7,7,778,3500,1,3501
7,5446,7,0,0,7,7,778,4095,1,4096
7,5446,3402,0,0,7,7,778,1225,972,2197
7,5446,5103,0,0,7,7,778,896,729,1625
7,5450,872,0,0,109,109,50,49,16,65
7,5452,1504,0,0,94,94,58,49,32,81
7,5452,1504,0,0,94,94,58,609,16,625
7,5452,2350,0,0,94,94,58,56,25,81
7,5452,5452,0,0,94,94,58,567,58,625
7,5456,248,0,0,8,8,682,2268,31,2299
7,5456,682,0,0,62,62,88,189,11,200
7,5456,1550,0,0,62,62,88,49,50,99
7,5456,1550,0,0,62,62,88,231,25,256
7,5456,2976,0,0,62,62,88,77,48,125
7,5456,5022,0,0,62,62,88,175,81,256
7,5456,5456,0,0,62,62,88,49,176,225
7,5460,35,0,0,7,7,780,2023,5,2028
7,5460,35,0,0,7,7,780,4347,5,4352
7,5460,54,0,0,6,6,910,2366,9,2375
7,5460,70,0,0,70,70,78,168,1,169
7,5460,70,0,0,70,70,78,224,1,225
7,5460,70,0,0,70,70,78,350,1,351
7,5460,70,0,0,70,70,78,728,1,729
7,5460,119,0,0,7,7,780,1183,17,1200
7,5460,119,0,0,7,7,780,5103,17,5120
7,5460,168,0,0,42,42,130,1323,8,1331
7,5460,168,0,0,42,42,130,1617,8,1625
7,5460,280,0,0,7,7,780,1547,40,1587
7,5460,364,0,0,91,91,60,147,8,155
7,5460,378,0,0,7,7,780,3703,54,3757
7,5460,390,0,0,6,6,910,2527,65,2592
7,5460,462,0,0,42,42,130,147,22,169
7,5460,462,0,0,42,42,130,189,11,200
7,5460,462,0,0,42,42,130,364,11,375
7,5460,476,0,0,7,7,780,7203,272,7475
7,5460,546,0,0,42,42,130,350,13,363
7,5460,768,0,0,6,6,910,3969,256,4225
7,5460,805,0,0,7,7,780,637,230,867
7,5460,805,0,0,7,7,780,3213,115,3328
7,5460,810,0,0,6,6,910,4459,405,4864
7,5460,1050,0,0,42,42,130,231,25,256
7,5460,1134,0,0,42,42,130,1183,27,1210
7,5460,1170,0,0,130,130,42,112,9,121
7,5460,1248,0,0,78,78,70,49,32,81
7,5460,1344,0,0,42,42,130,1183,32,1215
7,5460,1701,0,0,7,7,780,8750,243,8993
7,5460,2080,0,0,130,130,42,49,32,81
7,5460,2093,0,0,7,7,780,1701,299,2000
7,5460,2275,0,0,91,91,60,56,25,81
7,5460,2520,0,0,42,42,130,49,120,169
7,5460,2835,0,0,35,35,156,1183,81,1264
7,5460,3402,0,0,7,7,780,1225,972,2197
7,5460,3402,0,0,42,42,130,175,81,256
7,5460,3696,0,0,42,42,130,49,176,225
7,5460,3750,0,0,6,6,910,399,625,1024
7,5460,3750,0,0,6,6,910,819,625,1444
7,5460,3750,0,0,6,6,910,896,625,1521
7,5460,3808,0,0,7,7,780,637,1088,1725
7,5460,4347,0,0,7,7,780,224,621,845
7,5460,4480,0,0,7,7,780,1547,640,2187
7,5460,4480,0,0,70,70,78,105,64,169
7,5460,4800,0,0,6,6,910,4459,2400,6859
7,5460,4992,0,0,39,39,140,497,128,625
7,5460,5250,0,0,42,42,130,91,125,216
7,5460,5250,0,0,42,42,130,847,125,972
7,5460,5250,0,0,42,42,130,1323,250,1573
7,5472,19,0,0,19,19,288,840,1,841
7,5472,72,0,0,72,72,76,168,1,169
7,5472,72,0,0,72,72,76,728,1,729
7,5472,96,0,0,16,16,342,343,18,361
7,5472,96,0,0,24,24,228,525,4,529
7,5472,114,0,0,114,114,48,63,1,64
7,5472,114,0,0,114,114,48,224,1,225
7,5472,144,0,0,24,24,228,343,18,361
7,5472,432,0,0,72,72,76,343,18,361
7,5472,551,0,0,19,19,288,700,29,729
7,5472,600,0,0,24,24,228,336,25,361
7,5472,600,0,0,24,24,228,504,25,529
7,5472,648,0,0,24,24,228,448,27,475
7,5472,912,0,0,16,16,342,1792,57,1849
7,5472,1104,0,0,24,24,228,315,46,361
7,5472,1216,0,0,76,76,72,49,32,81
7,5472,1944,0,0,24,24,228,175,81,256
7,5472,1944,0,0,24,24,228,280,81,361
7,5472,1944,0,0,24,24,228,448,81,529
7,5472,2280,0,0,24,24,228,161,95,256
7,5472,2592,0,0,72,72,76,133,36,169
7,5472,2742,0,0,6,6,912,567,457,1024
7,5472,2742,0,0,6,6,912,5488,1371,6859
7,5472,3000,0,0,24,24,228,483,125,608
7,5472,4104,0,0,72,72,76,112,57,169
7,5472,4800,0,0,24,24,228,161,200,361
7,5472,5472,0,0,19,19,288,49,576,625
7,5474,46,0,0,23,23,238,2023,2,2025
7,5474,207,0,0,23,23,238,280,9,289
7,5474,2300,0,0,23,23,238,189,100,289
7,5476,37,0,0,37,37,148,224,1,225
7,5476,37,0,0,37,37,148,1295,1,1296
7,5478,11,0,0,11,11,498,2240,1,2241
7,5478,249,0,0,83,83,66,343,9,352
7,5478,3168,0,0,11,11,498,49,576,625
7,5480,2560,0,0,10,10,548,2401,1024,3425
7,5480,5480,0,0,10,10,548,77,548,625
7,5490,61,0,0,61,61,90,161,1,162
7,5490,61,0,0,61,61,90,224,1,225
7,5490,153,0,0,9,9,610,4375,17,4392
7,5490,153,0,0,9,9,610,5103,17,5120
7,5490,270,0,0,15,15,366,3703,18,3721
7,5490,450,0,0,9,9,610,2401,200,2601
7,5490,488,0,0,61,61,90,567,8,575
7,5490,576,0,0,9,9,610,7497,128,7625
7,5490,1215,0,0,15,15,366,448,81,529
7,5490,1458,0,0,9,9,610,875,162,1037
7,5490,2592,0,0,9,9,610,49,576,625
7,5490,3904,0,0,61,61,90,161,64,225
7,5490,4209,0,0,61,61,90,56,69,125
7,5490,4608,0,0,9,9,610,525,512,1037
7,5490,4941,0,0,9,9,610,896,549,1445
7,5490,5490,0,0,9,9,610,119,610,729
7,5500,40,0,0,10,10,550,1323,8,1331
7,5500,75,0,0,25,25,220,343,9,352
7,5500,125,0,0,25,25,220,259,5,264
7,5500,180,0,0,10,10,550,539,36,575
7,5500,495,0,0,55,55,100,119,9,128
7,5500,495,0,0,55,55,100,280,9,289
7,5500,880,0,0,55,55,100,119,16,135
7,5500,880,0,0,110,110,50,49,16,65
7,5500,1250,0,0,10,10,550,847,125,972
7,5500,1375,0,0,55,55,100,119,25,144
7,5500,2420,0,0,10,10,550,245,484,729
7,5500,3680,0,0,10,10,550,847,368,1215
7,5500,4455,0,0,55,55,100,119,81,200
7,5500,4455,0,0,55,55,100,175,81,256
7,5500,4625,0,0,25,25,220,112,185,297
7,5500,5290,0,0,10,10,550,175,529,704
7,5500,5290,0,0,10,10,550,560,529,1089
7,5500,5290,0,0,10,10,550,5103,529,5632
7,5500,5500,0,0,55,55,100,189,100,289
7,5502,63,0,0,21,21,262,343,9,352
7,5502,1179,0,0,131,131,42,112,9,121
7,5502,2096,0,0,131,131,42,49,32,81
7,5504,258,0,0,86,86,64,343,9,352
7,5504,3096,0,0,86,86,64,49,72,121
7,5508,6,0,0,6,6,918,4760,1,4761
7,5508,34,0,0,34,34,162,287,1,288
7,5508,102,0,0,6,6,918,5103,17,5120
7,5508,153,0,0,51,51,108,343,9,352
7,5508,216,0,0,27,27,204,721,8,729
7,5508,300,0,0,6,6,918,2401,200,2601
7,5508,1224,0,0,18,18,306,2401,272,2673
7,5508,1728,0,0,54,54,102,189,32,221
7,5508,1836,0,0,54,54,102,49,68,117
7,5510,29,0,0,29,29,190,224,1,225
7,5510,29,0,0,29,29,190,399,1,400
7,5510,1520,0,0,95,95,58,49,32,81
7,5510,1520,0,0,95,95,58,609,16,625
7,5510,1856,0,0,29,29,190,665,64,729
7,5510,2375,0,0,95,95,58,56,25,81
7,5510,5510,0,0,95,95,58,567,58,625
7,5516,56,0,0,14,14,394,1323,8,1331
7,5518,5518,0,0,31,31,178,49,356,405
7,5520,32,0,0,8,8,690,1211,4,1215
7,5520,46,0,0,46,46,120,224,1,225
7,5520,60,0,0,12,12,460,616,5,621
7,5520,92,0,0,23,23,240,1323,8,1331
7,5520,115,0,0,115,115,48,63,1,64
7,5520,115,0,0,115,115,48,224,1,225
7,5520,207,0,0,23,23,240,616,9,625
7,5520,270,0,0,30,30,184,686,27,713
7,5520,368,0,0,23,23,240,875,16,891
7,5520,368,0,0,46,46,120,175,8,183
7,5520,368,0,0,92,92,60,147,8,155
7,5520,552,0,0,8,8,690,1211,69,1280
7,5520,575,0,0,23,23,240,231,25,256
7,5520,1863,0,0,23,23,240,175,81,256
7,5520,2300,0,0,92,92,60,56,25,81
7,5520,2430,0,0,30,30,184,448,81,529
7,5520,2783,0,0,23,23,240,504,121,625
7,5520,4232,0,0,8,8,690,336,529,865
7,5530,7,0,0,7,7,790,1372,3,1375
7,5530,7,0,0,7,7,790,3024,1,3025
7,5530,875,0,0,7,7,790,847,125,972
7,5530,1264,0,0,79,79,70,49,32,81
7,5530,1575,0,0,7,7,790,1106,225,1331
7,5530,2212,0,0,7,7,790,5929,632,6561
7,5530,5103,0,0,7,7,790,140,729,869
7,5538,13,0,0,13,13,426,567,1,568
7,5538,71,0,0,71,71,78,168,1,169
7,5538,71,0,0,71,71,78,224,1,225
7,5538,71,0,0,71,71,78,350,1,351
7,5538,71,0,0,71,71,78,728,1,729
7,5538,4544,0,0,71,71,78,105,64,169
7,5544,42,0,0,42,42,132,1407,1,1408
7,5544,56,0,0,14,14,396,1323,8,1331
7,5544,66,0,0,33,33,168,2023,2,2025
7,5544,112,0,0,28,28,198,1323,8,1331
7,5544,252,0,0,28,28,198,616,9,625
7,5544,252,0,0,84,84,66,343,9,352
7,5544,297,0,0,33,33,168,280,9,289
7,5544,448,0,0,28,28,198,875,16,891
7,5544,484,0,0,11,11,504,441,88,529
7,5544,693,0,0,63,63,88,189,11,200
7,5544,700,0,0,28,28,198,231,25,256
7,5544,1188,0,0,132,132,42,112,9,121
7,5544,1232,0,0,77,77,72,49,32,81
7,5544,1575,0,0,63,63,88,49,50,99
7,5544,1575,0,0,63,63,88,231,25,256
7,5544,2112,0,0,132,132,42,49,32,81
7,5544,2268,0,0,28,28,198,175,81,256
7,5544,2464,0,0,28,28,198,49,176,225
7,5544,3024,0,0,63,63,88,77,48,125
7,5544,3300,0,0,33,33,168,189,100,289
7,5544,3388,0,0,28,28,198,504,121,625
7,5544,5103,0,0,63,63,88,175,81,256
7,5544,5544,0,0,63,63,88,49,176,225
7,5546,47,0,0,47,47,118,224,1,225
7,5546,3008,0,0,47,47,118,49,128,177
7,5546,5546,0,0,47,47,118,7,118,125
7,5548,38,0,0,38,38,146,511,1,512
7,5548,73,0,0,73,73,76,168,1,169
7,5548,73,0,0,73,73,76,728,1,729
7,5548,438,0,0,73,73,76,343,18,361
7,5548,2628,0,0,73,73,76,133,36,169
7,5548,4161,0,0,73,73,76,112,57,169
7,5550,15,0,0,15,15,370,1295,1,1296
7,5550,405,0,0,15,15,370,1120,27,1147
7,5550,703,0,0,37,37,150,224,19,243
7,5550,703,0,0,37,37,150,343,57,400
7,5550,888,0,0,111,111,50,49,16,65
7,5550,1665,0,0,15,15,370,1715,333,2048
7,5550,1875,0,0,15,15,370,259,125,384
7,5550,4320,0,0,15,15,370,49,576,625
7,5562,144,0,0,9,9,618,945,16,961
7,5562,1296,0,0,9,9,618,343,432,775
7,5562,2160,0,0,9,9,618,721,240,961
7,5562,5562,0,0,9,9,618,7,618,625
7,5568,24,0,0,24,24,232,728,1,729
7,5568,32,0,0,32,32,174,231,1,232
7,5568,116,0,0,116,116,48,63,1,64
7,5568,116,0,0,116,116,48,224,1,225
7,5568,261,0,0,87,87,64,343,9,352
7,5568,1536,0,0,96,96,58,49,32,81
7,5568,1536,0,0,96,96,58,609,16,625
7,5568,2400,0,0,96,96,58,56,25,81
7,5568,3132,0,0,87,87,64,49,72,121
7,5568,4056,0,0,24,24,232,672,169,841
7,5568,4698,0,0,6,6,928,217,783,1000
7,5568,5568,0,0,6,6,928,1519,1856,3375
7,5568,5568,0,0,96,96,58,567,58,625
7,5576,17,0,0,17,17,328,1372,3,1375
7,5576,17,0,0,17,17,328,1680,1,1681
7,5576,17,0,0,17,17,328,3024,1,3025
7,5576,136,0,0,17,17,328,2009,16,2025
7,5576,459,0,0,17,17,328,875,27,902
7,5576,612,0,0,17,17,328,343,108,451
7,5576,1088,0,0,17,17,328,1225,128,1353
7,5576,1683,0,0,17,17,328,343,297,640
7,5576,2125,0,0,17,17,328,847,125,972
7,5576,2720,0,0,17,17,328,49,320,369
7,5576,3825,0,0,17,17,328,287,225,512
7,5576,4896,0,0,17,17,328,49,576,625
7,5576,5576,0,0,17,17,328,35,328,363
7,5576,5576,0,0,17,17,328,77,328,405
7,5580,62,0,0,62,62,90,161,1,162
7,5580,62,0,0,62,62,90,224,1,225
7,5580,255,0,0,15,15,372,847,17,864
7,5580,288,0,0,18,18,310,945,16,961
7,5580,372,0,0,93,93,60,147,8,155
7,5580,450,0,0,18,18,310,378,25,403
7,5580,450,0,0,18,18,310,651,25,676
7,5580,496,0,0,62,62,90,567,8,575
7,5580,576,0,0,18,18,310,1183,32,1215
7,5580,960,0,0,15,15,372,833,128,961
7,5580,1170,0,0,18,18,310,896,65,961
7,5580,1800,0,0,18,18,310,637,200,837
7,5580,2304,0,0,18,18,310,147,256,403
7,5580,2325,0,0,93,93,60,56,25,81
7,5580,2592,0,0,18,18,310,343,432,775
7,5580,3968,0,0,62,62,90,161,64,225
7,5580,4278,0,0,62,62,90,56,69,125
7,5580,4374,0,0,6,6,930,6727,729,7456
7,5586,1197,0,0,133,133,42,112,9,121
7,5586,2128,0,0,133,133,42,49,32,81
7,5586,4375,0,0,7,7,798,399,625,1024
7,5588,275,0,0,11,11,508,2023,25,2048
7,5588,3740,0,0,11,11,508,49,680,729
7,5590,172,0,0,43,43,130,1323,8,1331
7,5590,172,0,0,43,43,130,1617,8,1625
7,5590,473,0,0,43,43,130,147,22,169
7,5590,473,0,0,43,43,130,189,11,200
7,5590,473,0,0,43,43,130,364,11,375
7,5590,520,0,0,13,13,430,2107,80,2187
7,5590,559,0,0,43,43,130,350,13,363
7,5590,1075,0,0,43,43,130,231,25,256
7,5590,1161,0,0,43,43,130,1183,27,1210
7,5590,1376,0,0,43,43,130,1183,32,1215
7,5590,2580,0,0,43,43,130,49,120,169
7,5590,3483,0,0,43,43,130,175,81,256
7,5590,3784,0,0,43,43,130,49,176,225
7,5590,5375,0,0,43,43,130,91,125,216
7,5590,5375,0,0,43,43,130,847,125,972
7,5590,5375,0,0,43,43,130,1323,250,1573
7,5598,9,0,0,9,9,622,728,1,729
7,5600,35,0,0,35,35,160,224,1,225
7,5600,40,0,0,20,20,280,2205,4,2209
7,5600,504,0,0,56,56,100,119,9,128
7,5600,504,0,0,56,56,100,280,9,289
7,5600,896,0,0,56,56,100,119,16,135
7,5600,896,0,0,112,112,50,49,16,65
7,5600,1024,0,0,8,8,700,3969,256,4225
7,5600,1280,0,0,80,80,70,49,32,81
7,5600,1400,0,0,56,56,100,119,25,144
7,5600,4032,0,0,14,14,400,49,576,625
7,5600,4536,0,0,56,56,100,119,81,200
7,5600,4536,0,0,56,56,100,175,81,256
7,5600,5000,0,0,8,8,700,896,625,1521
7,5600,5120,0,0,40,40,140,497,128,625
7,5600,5600,0,0,56,56,100,189,100,289
7,5610,17,0,0,17,17,330,1372,3,1375
7,5610,17,0,0,17,17,330,2240,1,2241
7,5610,17,0,0,17,17,330,3024,1,3025
7,5610,51,0,0,17,17,330,343,9,352
7,5610,255,0,0,85,85,66,343,9,352
7,5610,408,0,0,17,17,330,343,72,415
7,5610,408,0,0,17,17,330,581,24,605
7,5610,550,0,0,11,11,510,2401,200,2601
7,5610,825,0,0,33,33,170,2023,25,2048
7,5610,1683,0,0,17,17,330,343,297,640
7,5610,1760,0,0,55,55,102,189,32,221
7,5610,1870,0,0,55,55,102,49,68,117
7,5610,3168,0,0,11,11,510,49,576,625
7,5610,4896,0,0,17,17,330,49,576,625
7,5612,23,0,0,23,23,244,287,1,288
7,5616,9,0,0,9,9,624,728,1,729
7,5616,12,0,0,12,12,468,728,1,729
7,5616,12,0,0,12,12,468,4095,1,4096
7,5616,12,0,0,12,12,468,5264,1,5265
7,5616,32,0,0,8,8,702,1323,8,1331
7,5616,72,0,0,24,24,234,413,3,416
7,5616,72,0,0,72,72,78,168,1,169
7,5616,72,0,0,72,72,78,224,1,225
7,5616,72,0,0,72,72,78,350,1,351
7,5616,72,0,0,72,72,78,728,1,729
7,5616,117,0,0,117,117,48,63,1,64
7,5616,117,0,0,117,117,48,224,1,225
7,5616,156,0,0,12,12,468,987,13,1000
7,5616,156,0,0,52,52,108,343,9,352
7,5616,1248,0,0,78,78,72,49,32,81
7,5616,1416,0,0,24,24,234,448,59,507
7,5616,1458,0,0,6,6,936,343,729,1072
7,5616,2028,0,0,12,12,468,560,169,729
7,5616,2256,0,0,12,12,468,4375,188,4563
7,5616,2916,0,0,36,36,156,1183,81,1264
7,5616,3456,0,0,12,12,468,49,576,625
7,5616,4608,0,0,72,72,78,105,64,169
7,5616,4800,0,0,12,12,468,329,400,729
7,5616,4860,0,0,12,12,468,1792,405,2197
7,5616,5616,0,0,27,27,208,35,208,243
7,5620,320,0,0,10,10,562,2401,128,2529
7,5620,810,0,0,10,10,562,1967,81,2048
7,5624,38,0,0,38,38,148,224,1,225
7,5624,38,0,0,38,38,148,1295,1,1296
7,5624,74,0,0,74,74,76,168,1,169
7,5624,74,0,0,74,74,76,728,1,729
7,5624,444,0,0,74,74,76,343,18,361
7,5624,2664,0,0,74,74,76,133,36,169
7,5624,4218,0,0,74,74,76,112,57,169
7,5626,1552,0,0,97,97,58,49,32,81
7,5626,1552,0,0,97,97,58,609,16,625
7,5626,2425,0,0,97,97,58,56,25,81
7,5626,5626,0,0,97,97,58,567,58,625
7,5628,7,0,0,7,7,804,1519,2,1521
7,5628,1134,0,0,7,7,804,637,324,961
7,5628,1206,0,0,134,134,42,112,9,121
7,5628,2144,0,0,134,134,42,49,32,81
7,5628,3402,0,0,14,14,402,343,729,1072
7,5628,3472,0,0,7,7,804,1701,496,2197
7,5632,64,0,0,16,16,352,1323,8,1331
7,5632,264,0,0,88,88,64,343,9,352
7,5632,704,0,0,64,64,88,189,11,200
7,5632,1600,0,0,64,64,88,49,50,99
7,5632,1600,0,0,64,64,88,231,25,256
7,5632,2832,0,0,16,16,352,847,177,1024
7,5632,3072,0,0,64,64,88,77,48,125
7,5632,3168,0,0,88,88,64,49,72,121
7,5632,5184,0,0,64,64,88,175,81,256
7,5632,5632,0,0,64,64,88,49,176,225
7,5640,12,0,0,6,6,940,2205,4,2209
7,5640,47,0,0,47,47,120,224,1,225
7,5640,376,0,0,47,47,120,175,8,183
7,5640,376,0,0,94,94,60,147,8,155
7,5640,2350,0,0,94,94,60,56,25,81
7,5650,904,0,0,113,113,50,49,16,65
7,5656,707,0,0,7,7,808,3024,101,3125
7,5658,23,0,0,23,23,246,287,1,288
7,5664,8,0,0,8,8,708,3479,2,3481
7,5664,8,0,0,8,8,708,5040,1,5041
7,5664,48,0,0,48,48,118,224,1,225
7,5664,118,0,0,118,118,48,63,1,64
7,5664,118,0,0,118,118,48,224,1,225
7,5664,568,0,0,8,8,708,3304,71,3375
7,5664,3072,0,0,48,48,118,49,128,177
7,5664,5664,0,0,48,48,118,7,118,125
7,5670,35,0,0,35,35,162,287,1,288
7,5670,63,0,0,63,63,90,161,1,162
7,5670,63,0,0,63,63,90,224,1,225
7,5670,504,0,0,63,63,90,567,8,575
7,5670,525,0,0,21,21,270,2023,25,2048
7,5670,711,0,0,9,9,630,945,79,1024
7,5670,1215,0,0,135,135,42,112,9,121
7,5670,1296,0,0,81,81,70,49,32,81
7,5670,2160,0,0,135,135,42,49,32,81
7,5670,4032,0,0,63,63,90,161,64,225
7,5670,4347,0,0,63,63,90,56,69,125
7,5670,5376,0,0,21,21,270,119,256,375
7,5676,6,0,0,6,6,946,1848,1,1849
7,5676,22,0,0,22,22,258,350,1,351
7,5676,22,0,0,22,22,258,728,1,729
7,5676,43,0,0,43,43,132,1407,1,1408
7,5676,258,0,0,86,86,66,343,9,352
7,5676,946,0,0,22,22,258,2457,43,2500
7,5676,1100,0,0,22,22,258,301,50,351
7,5676,1896,0,0,6,6,946,5929,632,6561
7,5676,2288,0,0,22,22,258,301,104,405
7,5676,3718,0,0,22,22,258,175,169,344
7,5676,3718,0,0,22,22,258,49,338,387
7,5676,3718,0,0,22,22,258,560,169,729
7,5676,3718,0,0,22,22,258,1680,169,1849
7,5676,4374,0,0,6,6,946,602,729,1331
7,5680,10,0,0,10,10,568,1064,1,1065
7,5680,10,0,0,10,10,568,5040,1,5041
7,5680,640,0,0,10,10,568,665,64,729
7,5680,2250,0,0,10,10,568,497,225,722
7,5680,2880,0,0,10,10,568,49,576,625
7,5684,1568,0,0,98,98,58,49,32,81
7,5684,1568,0,0,98,98,58,609,16,625
7,5684,2450,0,0,98,98,58,56,25,81
7,5684,5684,0,0,98,98,58,567,58,625
7,5688,30,0,0,6,6,948,2128,5,2133
7,5688,114,0,0,6,6,948,1106,19,1125
7,5688,1264,0,0,79,79,72,49,32,81
7,5688,2370,0,0,6,6,948,1792,395,2187
7,5694,39,0,0,39,39,146,511,1,512
7,5694,52,0,0,13,13,438,1323,8,1331
7,5694,52,0,0,13,13,438,5621,4,5625
7,5694,73,0,0,73,73,78,168,1,169
7,5694,73,0,0,73,73,78,224,1,225
7,5694,73,0,0,73,73,78,350,1,351
7,5694,73,0,0,73,73,78,728,1,729
7,5694,1625,0,0,13,13,438,847,125,972
7,5694,3146,0,0,13,13,438,245,484,729
7,5694,4672,0,0,73,73,78,105,64,169
7,5696,267,0,0,89,89,64,343,9,352
7,5696,3204,0,0,89,89,64,49,72,121
7,5696,5696,0,0,32,32,178,49,356,405
7,5698,28,0,0,7,7,814,1323,8,1331
7,5698,896,0,0,7,7,814,833,256,1089
7,5698,2023,0,0,7,7,814,2079,289,2368
7,5698,4144,0,0,7,7,814,147,1184,1331
7,5700,30,0,0,10,10,570,1232,3,1235
7,5700,30,0,0,10,10,570,3325,3,3328
7,5700,30,0,0,30,30,190,224,1,225
7,5700,30,0,0,30,30,190,399,1,400
7,5700,50,0,0,10,10,570,1183,5,1188
7,5700,50,0,0,10,10,570,4389,5,4394
7,5700,75,0,0,75,75,76,168,1,169
7,5700,75,0,0,75,75,76,728,1,729
7,5700,100,0,0,25,25,228,525,4,529
7,5700,150,0,0,25,25,228,343,18,361
7,5700,190,0,0,10,10,570,637,38,675
7,5700,190,0,0,10,10,570,1925,19,1944
7,5700,190,0,0,10,10,570,2541,19,2560
7,5700,190,0,0,10,10,570,4375,19,4394
7,5700,240,0,0,10,10,570,2275,24,2299
7,5700,260,0,0,10,10,570,1323,52,1375
7,5700,330,0,0,10,10,570,1183,33,1216
7,5700,330,0,0,10,10,570,2527,33,2560
7,5700,380,0,0,10,10,570,567,38,605
7,5700,380,0,0,95,95,60,147,8,155
7,5700,450,0,0,75,75,76,343,18,361
7,5700,513,0,0,57,57,100,119,9,128
7,5700,513,0,0,57,57,100,280,9,289
7,5700,625,0,0,25,25,228,336,25,361
7,5700,625,0,0,25,25,228,504,25,529
7,5700,675,0,0,25,25,228,448,27,475
7,5700,722,0,0,38,38,150,224,19,243
7,5700,722,0,0,38,38,150,343,57,400
7,5700,912,0,0,57,57,100,119,16,135
7,5700,912,0,0,114,114,50,49,16,65
7,5700,1150,0,0,25,25,228,315,46,361
7,5700,1425,0,0,57,57,100,119,25,144
7,5700,1430,0,0,10,10,570,532,143,675
7,5700,1520,0,0,10,10,570,693,152,845
7,5700,1920,0,0,10,10,570,1183,192,1375
7,5700,1920,0,0,30,30,190,665,64,729
7,5700,2025,0,0,25,25,228,175,81,256
7,5700,2025,0,0,25,25,228,280,81,361
7,5700,2025,0,0,25,25,228,448,81,529
7,5700,2080,0,0,10,10,570,875,208,1083
7,5700,2340,0,0,10,10,570,343,702,1045
7,5700,2375,0,0,25,25,228,161,95,256
7,5700,2375,0,0,95,95,60,56,25,81
7,5700,2430,0,0,10,10,570,1330,243,1573
7,5700,2700,0,0,75,75,76,133,36,169
7,5700,3125,0,0,25,25,228,483,125,608
7,5700,4160,0,0,10,10,570,189,416,605
7,5700,4275,0,0,75,75,76,112,57,169
7,5700,4617,0,0,57,57,100,119,81,200
7,5700,4617,0,0,57,57,100,175,81,256
7,5700,4860,0,0,10,10,570,1225,972,2197
7,5700,5000,0,0,10,10,570,539,1000,1539
7,5700,5000,0,0,25,25,228,161,200,361
7,5700,5070,0,0,10,10,570,133,507,640
7,5700,5070,0,0,10,10,570,1792,507,2299
7,5700,5070,0,0,10,10,570,1925,507,2432
7,5700,5472,0,0,19,19,300,49,576,625
7,5700,5700,0,0,57,57,100,189,100,289
7,5704,279,0,0,31,31,184,686,27,713
7,5704,2511,0,0,31,31,184,448,81,529
7,5712,12,0,0,6,6,952,2597,4,2601
7,5712,28,0,0,14,14,408,2023,2,2025
7,5712,48,0,0,24,24,238,2023,2,2025
7,5712,68,0,0,34,34,168,2023,2,2025
7,5712,119,0,0,119,119,48,63,1,64
7,5712,119,0,0,119,119,48,224,1,225
7,5712,216,0,0,24,24,238,280,9,289
7,5712,224,0,0,28,28,204,721,8,729
7,5712,306,0,0,34,34,168,280,9,289
7,5712,350,0,0,14,14,408,672,25,697
7,5712,350,0,0,14,14,408,2023,25,2048
7,5712,714,0,0,14,14,408,574,51,625
7,5712,1224,0,0,136,136,42,112,9,121
7,5712,1792,0,0,14,14,408,441,256,697
7,5712,1792,0,0,56,56,102,189,32,221
7,5712,1904,0,0,56,56,102,49,68,117
7,5712,2176,0,0,136,136,42,49,32,81
7,5712,2400,0,0,24,24,238,189,100,289
7,5712,2870,0,0,14,14,408,49,410,459
7,5712,3400,0,0,34,34,168,189,100,289
7,5712,4046,0,0,14,14,408,287,289,576
7,5712,4046,0,0,14,14,408,336,289,625
7,5712,4536,0,0,14,14,408,49,648,697
7,5712,4760,0,0,14,14,408,49,680,729
7,5720,20,0,0,20,20,286,728,1,729
7,5720,78,0,0,26,26,220,343,9,352
7,5720,99,0,0,11,11,520,1015,9,1024
7,5720,130,0,0,26,26,220,259,5,264
7,5720,176,0,0,11,11,520,609,16,625
7,5720,176,0,0,44,44,130,1323,8,1331
7,5720,176,0,0,44,44,130,1617,8,1625
7,5720,352,0,0,11,11,520,1183,32,1215
7,5720,484,0,0,44,44,130,147,22,169
7,5720,484,0,0,44,44,130,189,11,200
7,5720,484,0,0,44,44,130,364,11,375
7,5720,572,0,0,44,44,130,350,13,363
7,5720,638,0,0,11,11,520,567,58,625
7,5720,715,0,0,11,11,520,6496,65,6561
7,5720,715,0,0,65,65,88,189,11,200
7,5720,1100,0,0,44,44,130,231,25,256
7,5720,1188,0,0,44,44,130,1183,27,1210
7,5720,1408,0,0,11,11,520,3969,256,4225
7,5720,1408,0,0,44,44,130,1183,32,1215
7,5720,1625,0,0,65,65,88,49,50,99
7,5720,1625,0,0,65,65,88,231,25,256
7,5720,2200,0,0,11,11,520,441,400,841
7,5720,2640,0,0,44,44,130,49,120,169
7,5720,2816,0,0,11,11,520,875,256,1131
7,5720,2871,0,0,11,11,520,364,261,625
7,5720,3120,0,0,65,65,88,77,48,125
7,5720,3536,0,0,13,13,440,1925,272,2197
7,5720,3564,0,0,44,44,130,175,81,256
7,5720,3718,0,0,11,11,520,49,676,725
7,5720,3872,0,0,44,44,130,49,176,225
7,5720,4810,0,0,26,26,220,112,185,297
7,5720,5265,0,0,65,65,88,175,81,256
7,5720,5500,0,0,44,44,130,91,125,216
7,5720,5500,0,0,44,44,130,847,125,972
7,5720,5500,0,0,44,44,130,1323,250,1573
7,5720,5720,0,0,65,65,88,49,176,225
7,5724,9,0,0,9,9,636,847,1,848
7,5724,9,0,0,9,9,636,5103,1,5104
7,5724,159,0,0,53,53,108,343,9,352
7,5724,891,0,0,9,9,636,742,99,841
7,5728,4608,0,0,16,16,358,49,576,625
7,5736,972,0,0,12,12,478,875,81,956
7,5736,4500,0,0,12,12,478,1673,375,2048
7,5740,7,0,0,7,7,820,959,1,960
7,5740,7,0,0,7,7,820,1680,1,1681
7,5740,56,0,0,7,7,820,2009,16,2025
7,5740,1312,0,0,82,82,70,49,32,81
7,5740,5103,0,0,7,7,820,3430,2187,5617
7,5740,5248,0,0,41,41,140,497,128,625
7,5742,33,0,0,33,33,174,231,1,232
7,5742,116,0,0,29,29,198,1323,8,1331
7,5742,261,0,0,29,29,198,616,9,625
7,5742,261,0,0,87,87,66,343,9,352
7,5742,464,0,0,29,29,198,875,16,891
7,5742,725,0,0,29,29,198,231,25,256
7,5742,1584,0,0,99,99,58,49,32,81
7,5742,1584,0,0,99,99,58,609,16,625
7,5742,2349,0,0,29,29,198,175,81,256
7,5742,2475,0,0,99,99,58,56,25,81
7,5742,2552,0,0,29,29,198,49,176,225
7,5742,3509,0,0,29,29,198,504,121,625
7,5742,5742,0,0,99,99,58,567,58,625
7,5746,13,0,0,13,13,442,728,1,729
7,5746,13,0,0,13,13,442,1183,1,1184
7,5746,221,0,0,13,13,442,1036,17,1053
7,5746,425,0,0,17,17,338,2023,25,2048
7,5746,2496,0,0,13,13,442,1813,384,2197
7,5750,920,0,0,115,115,50,49,16,65
7,5754,1233,0,0,137,137,42,112,9,121
7,5754,2192,0,0,137,137,42,49,32,81
7,5760,6,0,0,6,6,960,1183,1,1184
7,5760,6,0,0,6,6,960,1295,1,1296
7,5760,6,0,0,6,6,960,2401,4,2405
7,5760,6,0,0,6,6,960,4095,1,4096
7,5760,18,0,0,6,6,960,10976,9,10985
7,5760,20,0,0,20,20,288,840,1,841
7,5760,36,0,0,36,36,160,224,1,225
7,5760,48,0,0,6,6,960,3367,8,3375
7,5760,48,0,0,48,48,120,224,1,225
7,5760,64,0,0,64,64,90,161,1,162
7,5760,64,0,0,64,64,90,224,1,225
7,5760,96,0,0,24,24,240,1323,8,1331
7,5760,120,0,0,120,120,48,63,1,64
7,5760,120,0,0,120,120,48,224,1,225
7,5760,216,0,0,24,24,240,616,9,625
7,5760,270,0,0,90,90,64,343,9,352
7,5760,384,0,0,6,6,960,6125,128,6253
7,5760,384,0,0,24,24,240,875,16,891
7,5760,384,0,0,48,48,120,175,8,183
7,5760,384,0,0,96,96,60,147,8,155
7,5760,512,0,0,8,8,720,665,64,729
7,5760,512,0,0,64,64,90,567,8,575
7,5760,580,0,0,20,20,288,700,29,729
7,5760,600,0,0,24,24,240,231,25,256
7,5760,888,0,0,6,6,960,1225,296,1521
7,5760,1014,0,0,6,6,960,2331,169,2500
7,5760,1152,0,0,6,6,960,1813,384,2197
7,5760,1280,0,0,80,80,72,49,32,81
7,5760,1944,0,0,24,24,240,175,81,256
7,5760,2400,0,0,96,96,60,56,25,81
7,5760,2904,0,0,24,24,240,504,121,625
7,5760,2916,0,0,6,6,960,1225,972,2197
7,5760,3240,0,0,90,90,64,49,72,121
7,5760,4050,0,0,6,6,960,343,2025,2368
7,5760,4096,0,0,64,64,90,161,64,225
7,5760,4374,0,0,6,6,960,455,729,1184
7,5760,4374,0,0,6,6,960,896,729,1625
7,5760,4374,0,0,6,6,960,3367,729,4096
7,5760,4416,0,0,64,64,90,56,69,125
7,5760,5760,0,0,20,20,288,49,576,625
7,5764,66,0,0,22,22,262,343,9,352
7,5768,112,0,0,14,14,412,721,8,729
7,5772,39,0,0,39,39,148,224,1,225
7,5772,39,0,0,39,39,148,1295,1,1296
7,5772,74,0,0,74,74,78,168,1,169
7,5772,74,0,0,74,74,78,224,1,225
7,5772,74,0,0,74,74,78,350,1,351
7,5772,74,0,0,74,74,78,728,1,729
7,5772,2997,0,0,37,37,156,1183,81,1264
7,5772,4736,0,0,74,74,78,105,64,169
7,5776,76,0,0,76,76,76,168,1,169
7,5776,76,0,0,76,76,76,728,1,729
7,5776,456,0,0,76,76,76,343,18,361
7,5776,2736,0,0,76,76,76,133,36,169
7,5776,4332,0,0,76,76,76,112,57,169
7,5780,40,0,0,10,10,578,833,8,841
7,5780,68,0,0,17,17,340,357,4,361
7,5780,102,0,0,17,17,340,343,18,361
7,5780,250,0,0,10,10,578,2023,25,2048
7,5780,425,0,0,17,17,340,336,25,361
7,5780,425,0,0,17,17,340,2023,25,2048
7,5780,459,0,0,17,17,340,448,27,475
7,5780,850,0,0,34,34,170,2023,25,2048
7,5780,1292,0,0,17,17,340,1225,152,1377
7,5780,1377,0,0,17,17,340,280,81,361
7,5780,1377,0,0,17,17,340,1372,243,1615
7,5780,2125,0,0,17,17,340,833,250,1083
7,5780,4352,0,0,17,17,340,105,256,361
7,5780,4352,0,0,17,17,340,119,256,375
7,5780,4624,0,0,17,17,340,133,272,405
7,5780,5780,0,0,17,17,340,21,340,361
7,5780,5780,0,0,17,17,340,49,680,729
7,5782,49,0,0,49,49,118,224,1,225
7,5782,3136,0,0,49,49,118,49,128,177
7,5782,5782,0,0,49,49,118,7,118,125
7,5796,14,0,0,14,14,414,728,1,729
7,5796,14,0,0,14,14,414,896,1,897
7,5796,224,0,0,7,7,828,3703,32,3735
7,5796,1242,0,0,138,138,42,112,9,121
7,5796,2208,0,0,138,138,42,49,32,81
7,5796,2366,0,0,14,14,414,567,169,736
7,5796,2905,0,0,7,7,828,1701,415,2116
7,5796,4914,0,0,14,14,414,161,351,512
7,5800,10,0,0,10,10,580,840,1,841
7,5800,25,0,0,25,25,232,728,1,729
7,5800,60,0,0,10,10,580,2401,24,2425
7,5800,290,0,0,10,10,580,700,29,729
7,5800,500,0,0,10,10,580,679,50,729
7,5800,522,0,0,58,58,100,119,9,128
7,5800,522,0,0,58,58,100,280,9,289
7,5800,928,0,0,58,58,100,119,16,135
7,5800,928,0,0,116,116,50,49,16,65
7,5800,970,0,0,10,10,580,875,97,972
7,5800,1250,0,0,10,10,580,2688,125,2813
7,5800,1450,0,0,58,58,100,119,25,144
7,5800,1600,0,0,100,100,58,49,32,81
7,5800,1600,0,0,100,100,58,609,16,625
7,5800,1620,0,0,10,10,580,679,162,841
7,5800,2500,0,0,100,100,58,56,25,81
7,5800,2880,0,0,10,10,580,49,576,625
7,5800,4225,0,0,25,25,232,672,169,841
7,5800,4698,0,0,58,58,100,119,81,200
7,5800,4698,0,0,58,58,100,175,81,256
7,5800,5800,0,0,58,58,100,189,100,289
7,5800,5800,0,0,100,100,58,567,58,625
7,5808,44,0,0,44,44,132,1407,1,1408
7,5808,121,0,0,121,121,48,63,1,64
7,5808,121,0,0,121,121,48,224,1,225
7,5808,264,0,0,88,88,66,343,9,352
7,5808,726,0,0,66,66,88,189,11,200
7,5808,880,0,0,11,11,528,343,240,583
7,5808,1650,0,0,66,66,88,49,50,99
7,5808,1650,0,0,66,66,88,231,25,256
7,5808,2904,0,0,11,11,528,2597,528,3125
7,5808,3168,0,0,66,66,88,77,48,125
7,5808,5346,0,0,66,66,88,175,81,256
7,5808,5808,0,0,66,66,88,49,176,225
7,5810,1328,0,0,83,83,70,49,32,81
7,5814,102,0,0,17,17,342,343,18,361
7,5814,969,0,0,17,17,342,1792,57,1849
7,5814,1292,0,0,19,19,306,2401,272,2673
7,5814,1824,0,0,57,57,102,189,32,221
7,5814,1938,0,0,57,57,102,49,68,117
7,5820,36,0,0,6,6,970,2401,24,2425
7,5820,388,0,0,97,97,60,147,8,155
7,5820,2425,0,0,97,97,60,56,25,81
7,5820,2880,0,0,10,10,582,4753,576,5329
7,5824,273,0,0,91,91,64,343,9,352
7,5824,1183,0,0,7,7,832,3584,169,3753
7,5824,3276,0,0,91,91,64,49,72,121
7,5824,5824,0,0,28,28,208,35,208,243
7,5832,36,0,0,36,36,162,287,1,288
7,5832,162,0,0,54,54,108,343,9,352
7,5832,288,0,0,9,9,648,1183,32,1215
7,5832,1296,0,0,81,81,72,49,32,81
7,5832,3645,0,0,9,9,648,1792,405,2197
7,5838,7,0,0,7,7,834,3969,2,3971
7,5838,168,0,0,7,7,834,6811,48,6859
7,5838,1251,0,0,139,139,42,112,9,121
7,5838,2224,0,0,139,139,42,49,32,81
7,5838,3584,0,0,7,7,834,1617,1024,2641
7,5840,40,0,0,40,40,146,511,1,512
7,5840,576,0,0,8,8,730,3577,144,3721
7,5840,1752,0,0,8,8,730,343,657,1000
7,5840,5000,0,0,8,8,730,1022,625,1647
7,5850,65,0,0,65,65,90,161,1,162
7,5850,65,0,0,65,65,90,224,1,225
7,5850,75,0,0,25,25,234,413,3,416
7,5850,75,0,0,75,75,78,168,1,169
7,5850,75,0,0,75,75,78,224,1,225
7,5850,75,0,0,75,75,78,350,1,351
7,5850,75,0,0,75,75,78,728,1,729
7,5850,117,0,0,13,13,450,791,9,800
7,5850,180,0,0,45,45,130,1323,8,1331
7,5850,180,0,0,45,45,130,1617,8,1625
7,5850,495,0,0,45,45,130,147,22,169
7,5850,495,0,0,45,45,130,189,11,200
7,5850,495,0,0,45,45,130,364,11,375
7,5850,520,0,0,65,65,90,567,8,575
7,5850,585,0,0,45,45,130,350,13,363
7,5850,741,0,0,39,39,150,224,19,243
7,5850,741,0,0,39,39,150,343,57,400
7,5850,936,0,0,117,117,50,49,16,65
7,5850,1125,0,0,45,45,130,231,25,256
7,5850,1215,0,0,45,45,130,1183,27,1210
7,5850,1440,0,0,45,45,130,1183,32,1215
7,5850,1475,0,0,25,25,234,448,59,507
7,5850,2700,0,0,45,45,130,49,120,169
7,5850,3645,0,0,45,45,130,175,81,256
7,5850,3960,0,0,45,45,130,49,176,225
7,5850,4160,0,0,65,65,90,161,64,225
7,5850,4485,0,0,65,65,90,56,69,125
7,5850,4800,0,0,75,75,78,105,64,169
7,5850,5625,0,0,45,45,130,91,125,216
7,5850,5625,0,0,45,45,130,847,125,972
7,5850,5625,0,0,45,45,130,1323,250,1573
7,5852,77,0,0,77,77,76,168,1,169
7,5852,77,0,0,77,77,76,728,1,729
7,5852,266,0,0,14,14,418,1925,19,1944
7,5852,266,0,0,14,14,418,2541,19,2560
7,5852,462,0,0,14,14,418,2527,33,2560
7,5852,462,0,0,77,77,76,343,18,361
7,5852,1408,0,0,11,11,532,4361,256,4617
7,5852,2772,0,0,77,77,76,133,36,169
7,5852,4389,0,0,77,77,76,112,57,169
7,5856,24,0,0,24,24,244,287,1,288
7,5856,122,0,0,122,122,48,63,1,64
7,5856,122,0,0,122,122,48,224,1,225
7,5856,288,0,0,16,16,366,3703,18,3721
7,5856,1296,0,0,16,16,366,448,81,529
7,5858,1616,0,0,101,101,58,49,32,81
7,5858,1616,0,0,101,101,58,609,16,625
7,5858,2525,0,0,101,101,58,56,25,81
7,5858,5858,0,0,101,101,58,567,58,625
7,5874,267,0,0,89,89,66,343,9,352
7,5874,5874,0,0,33,33,178,49,356,405
7,5880,42,0,0,21,21,280,2205,4,2209
7,5880,49,0,0,49,49,120,224,1,225
7,5880,70,0,0,35,35,168,2023,2,2025
7,5880,315,0,0,35,35,168,280,9,289
7,5880,392,0,0,49,49,120,175,8,183
7,5880,392,0,0,98,98,60,147,8,155
7,5880,1344,0,0,84,84,70,49,32,81
7,5880,1770,0,0,10,10,588,448,177,625
7,5880,2450,0,0,98,98,60,56,25,81
7,5880,3500,0,0,35,35,168,189,100,289
7,5880,5376,0,0,42,42,140,497,128,625
7,5888,276,0,0,92,92,64,343,9,352
7,5888,288,0,0,32,32,184,686,27,713
7,5888,2592,0,0,32,32,184,448,81,529
7,5888,3312,0,0,92,92,64,49,72,121
7,5890,31,0,0,31,31,190,224,1,225
7,5890,31,0,0,31,31,190,399,1,400
7,5890,304,0,0,19,19,310,945,16,961
7,5890,475,0,0,19,19,310,378,25,403
7,5890,475,0,0,19,19,310,651,25,676
7,5890,608,0,0,19,19,310,1183,32,1215
7,5890,1235,0,0,19,19,310,896,65,961
7,5890,1900,0,0,19,19,310,637,200,837
7,5890,1984,0,0,31,31,190,665,64,729
7,5890,2432,0,0,19,19,310,147,256,403
7,5890,2736,0,0,19,19,310,343,432,775
7,5896,737,0,0,67,67,88,189,11,200
7,5896,1675,0,0,67,67,88,49,50,99
7,5896,1675,0,0,67,67,88,231,25,256
7,5896,3216,0,0,67,67,88,77,48,125
7,5896,5427,0,0,67,67,88,175,81,256
7,5896,5896,0,0,67,67,88,49,176,225
7,5900,50,0,0,50,50,118,224,1,225
7,5900,531,0,0,59,59,100,119,9,128
7,5900,531,0,0,59,59,100,280,9,289
7,5900,944,0,0,59,59,100,119,16,135
7,5900,944,0,0,118,118,50,49,16,65
7,5900,1475,0,0,59,59,100,119,25,144
7,5900,3200,0,0,50,50,118,49,128,177
7,5900,4779,0,0,59,59,100,119,81,200
7,5900,4779,0,0,59,59,100,175,81,256
7,5900,5900,0,0,50,50,118,7,118,125
7,5900,5900,0,0,59,59,100,189,100,289
7,5904,18,0,0,18,18,328,1372,3,1375
7,5904,18,0,0,18,18,328,1680,1,1681
7,5904,18,0,0,18,18,328,3024,1,3025
7,5904,24,0,0,24,24,246,287,1,288
7,5904,40,0,0,8,8,738,1512,5,1517
7,5904,123,0,0,123,123,48,63,1,64
7,5904,123,0,0,123,123,48,224,1,225
7,5904,144,0,0,18,18,328,2009,16,2025
7,5904,246,0,0,6,6,984,4872,41,4913
7,5904,486,0,0,18,18,328,875,27,902
7,5904,648,0,0,18,18,328,343,108,451
7,5904,1152,0,0,18,18,328,1225,128,1353
7,5904,1312,0,0,82,82,72,49,32,81
7,5904,1782,0,0,18,18,328,343,297,640
7,5904,2250,0,0,18,18,328,847,125,972
7,5904,2880,0,0,18,18,328,49,320,369
7,5904,4050,0,0,18,18,328,287,225,512
7,5904,4332,0,0,12,12,492,287,361,648
7,5904,4896,0,0,6,6,984,49,1632,1681
7,5904,5184,0,0,18,18,328,49,576,625
7,5904,5248,0,0,8,8,738,1813,1312,3125
7,5904,5400,0,0,8,8,738,343,2025,2368
7,5904,5904,0,0,18,18,328,35,328,363
7,5904,5904,0,0,18,18,328,77,328,405
7,5908,189,0,0,7,7,844,1477,27,1504
7,5910,60,0,0,15,15,394,1323,8,1331
7,5916,34,0,0,34,34,174,231,1,232
7,5916,232,0,0,29,29,204,721,8,729
7,5916,1632,0,0,102,102,58,49,32,81
7,5916,1632,0,0,102,102,58,609,16,625
7,5916,1856,0,0,58,58,102,189,32,221
7,5916,1972,0,0,58,58,102,49,68,117
7,5916,2550,0,0,102,102,58,56,25,81
7,5916,5916,0,0,102,102,58,567,58,625
7,5918,11,0,0,11,11,538,1344,1,1345
7,5918,3168,0,0,11,11,538,49,576,625
7,5918,5918,0,0,11,11,538,49,1076,1125
7,5920,16,0,0,16,16,370,1295,1,1296
7,5920,37,0,0,37,37,160,224,1,225
7,5920,40,0,0,10,10,592,1323,8,1331
7,5920,40,0,0,40,40,148,224,1,225
7,5920,40,0,0,40,40,148,1295,1,1296
7,5920,432,0,0,16,16,370,1120,27,1147
7,5920,1776,0,0,16,16,370,1715,333,2048
7,5920,2000,0,0,16,16,370,259,125,384
7,5920,4608,0,0,16,16,370,49,576,625
7,5920,5920,0,0,10,10,592,147,1184,1331
7,5922,18,0,0,9,9,658,2205,4,2209
7,5922,144,0,0,9,9,658,875,16,891
7,5928,6,0,0,6,6,988,1330,1,1331
7,5928,6,0,0,6,6,988,1372,3,1375
7,5928,6,0,0,6,6,988,2079,1,2080
7,5928,6,0,0,6,6,988,3024,1,3025
7,5928,6,0,0,6,6,988,3969,2,3971
7,5928,6,0,0,6,6,988,4095,1,4096
7,5928,6,0,0,6,6,988,5775,1,5776
7,5928,6,0,0,6,6,988,10647,1,10648
7,5928,6,0,0,6,6,988,12635,1,12636
7,5928,18,0,0,6,6,988,1232,3,1235
7,5928,18,0,0,6,6,988,3325,3,3328
7,5928,18,0,0,6,6,988,10976,9,10985
7,5928,48,0,0,6,6,988,2527,8,2535
7,5928,48,0,0,6,6,988,9625,8,9633
7,5928,76,0,0,76,76,78,168,1,169
7,5928,76,0,0,76,76,78,224,1,225
7,5928,76,0,0,76,76,78,350,1,351
7,5928,76,0,0,76,76,78,728,1,729
7,5928,78,0,0,78,78,76,168,1,169
7,5928,78,0,0,78,78,76,728,1,729
7,5928,104,0,0,26,26,228,525,4,529
7,5928,144,0,0,6,6,988,2275,24,2299
7,5928,156,0,0,26,26,228,343,18,361
7,5928,468,0,0,78,78,76,343,18,361
7,5928,650,0,0,26,26,228,336,25,361
7,5928,650,0,0,26,26,228,504,25,529
7,5928,702,0,0,26,26,228,448,27,475
7,5928,972,0,0,6,6,988,1463,162,1625
7,5928,1014,0,0,6,6,988,3080,169,3249
7,5928,1152,0,0,6,6,988,1183,192,1375
7,5928,1196,0,0,26,26,228,315,46,361
7,5928,1350,0,0,6,6,988,1183,225,1408
7,5928,1404,0,0,6,6,988,343,702,1045
7,5928,2106,0,0,26,26,228,175,81,256
7,5928,2106,0,0,26,26,228,280,81,361
7,5928,2106,0,0,26,26,228,448,81,529
7,5928,2470,0,0,26,26,228,161,95,256
7,5928,2736,0,0,6,6,988,875,456,1331
7,5928,2736,0,0,6,6,988,2401,1824,4225
7,5928,2808,0,0,78,78,76,133,36,169
7,5928,2916,0,0,6,6,988,1225,972,2197
7,5928,3000,0,0,6,6,988,539,1000,1539
7,5928,3042,0,0,6,6,988,1792,507,2299
7,5928,3042,0,0,6,6,988,1925,507,2432
7,5928,3072,0,0,6,6,988,819,512,1331
7,5928,3078,0,0,38,38,156,1183,81,1264
7,5928,3250,0,0,26,26,228,483,125,608
7,5928,3630,0,0,6,6,988,448,605,1053
7,5928,4374,0,0,6,6,988,896,729,1625
7,5928,4446,0,0,78,78,76,112,57,169
7,5928,4864,0,0,76,76,78,105,64,169
7,5928,5184,0,0,6,6,988,11011,864,11875
7,5928,5200,0,0,26,26,228,161,200,361
7,5928,5928,0,0,6,6,988,49,1976,2025
7,5934,23,0,0,23,23,258,350,1,351
7,5934,23,0,0,23,23,258,728,1,729
7,5934,989,0,0,23,23,258,2457,43,2500
7,5934,1150,0,0,23,23,258,301,50,351
7,5934,2392,0,0,23,23,258,301,104,405
7,5934,3887,0,0,23,23,258,175,169,344
7,5934,3887,0,0,23,23,258,49,338,387
7,5934,3887,0,0,23,23,258,560,169,729
7,5934,3887,0,0,23,23,258,1680,169,1849
7,5940,18,0,0,18,18,330,1372,3,1375
7,5940,18,0,0,18,18,330,2240,1,2241
7,5940,18,0,0,18,18,330,3024,1,3025
7,5940,30,0,0,6,6,990,10633,15,10648
7,5940,36,0,0,9,9,660,1323,8,1331
7,5940,45,0,0,45,45,132,1407,1,1408
7,5940,54,0,0,18,18,330,343,9,352
7,5940,60,0,0,15,15,396,1323,8,1331
7,5940,66,0,0,66,66,90,161,1,162
7,5940,66,0,0,66,66,90,224,1,225
7,5940,81,0,0,27,27,220,343,9,352
7,5940,120,0,0,30,30,198,1323,8,1331
7,5940,135,0,0,27,27,220,259,5,264
7,5940,144,0,0,9,9,660,875,16,891
7,5940,165,0,0,55,55,108,343,9,352
7,5940,186,0,0,6,6,990,1344,31,1375
7,5940,270,0,0,30,30,198,616,9,625
7,5940,270,0,0,90,90,66,343,9,352
7,5940,396,0,0,99,99,60,147,8,155
7,5940,432,0,0,18,18,330,343,72,415
7,5940,432,0,0,18,18,330,581,24,605
7,5940,480,0,0,30,30,198,875,16,891
7,5940,528,0,0,66,66,90,567,8,575
7,5940,550,0,0,22,22,270,2023,25,2048
7,5940,750,0,0,30,30,198,231,25,256
7,5940,1782,0,0,18,18,330,343,297,640
7,5940,2178,0,0,9,9,660,245,484,729
7,5940,2430,0,0,30,30,198,175,81,256
7,5940,2475,0,0,9,9,660,2317,275,2592
7,5940,2475,0,0,99,99,60,56,25,81
7,5940,2640,0,0,30,30,198,49,176,225
7,5940,2880,0,0,10,10,594,1043,288,1331
7,5940,2979,0,0,9,9,660,560,331,891
7,5940,2979,0,0,9,9,660,693,331,1024
7,5940,2979,0,0,9,9,660,1694,331,2025
7,5940,3168,0,0,11,11,540,49,576,625
7,5940,3630,0,0,30,30,198,504,121,625
7,5940,4224,0,0,66,66,90,161,64,225
7,5940,4554,0,0,66,66,90,56,69,125
7,5940,4995,0,0,27,27,220,112,185,297
7,5940,5184,0,0,18,18,330,49,576,625
7,5940,5632,0,0,22,22,270,119,256,375
7,5950,50,0,0,25,25,238,2023,2,2025
7,5950,119,0,0,7,7,850,5103,17,5120
7,5950,225,0,0,25,25,238,280,9,289
7,5950,875,0,0,35,35,170,2023,25,2048
7,5950,952,0,0,119,119,50,49,16,65
7,5950,1360,0,0,85,85,70,49,32,81
7,5950,1491,0,0,7,7,850,875,213,1088
7,5950,2500,0,0,25,25,238,189,100,289
7,5950,4480,0,0,7,7,850,567,640,1207
7,5952,124,0,0,124,124,48,63,1,64
7,5952,124,0,0,124,124,48,224,1,225
7,5952,272,0,0,16,16,372,847,17,864
7,5952,279,0,0,93,93,64,343,9,352
7,5952,1024,0,0,16,16,372,833,128,961
7,5952,2984,0,0,8,8,744,651,373,1024
7,5952,3348,0,0,93,93,64,49,72,121
7,5964,14,0,0,14,14,426,567,1,568
7,5974,1648,0,0,103,103,58,49,32,81
7,5974,1648,0,0,103,103,58,609,16,625
7,5974,2575,0,0,103,103,58,56,25,81
7,5974,5974,0,0,103,103,58,567,58,625
7,5976,12,0,0,12,12,498,2240,1,2241
7,5976,1328,0,0,83,83,72,49,32,81
7,5976,1332,0,0,9,9,664,581,148,729
7,5976,3456,0,0,12,12,498,49,576,625
7,5980,65,0,0,13,13,460,616,5,621
7,5980,184,0,0,46,46,130,1323,8,1331
7,5980,184,0,0,46,46,130,1617,8,1625
7,5980,506,0,0,46,46,130,147,22,169
7,5980,506,0,0,46,46,130,189,11,200
7,5980,506,0,0,46,46,130,364,11,375
7,5980,598,0,0,46,46,130,350,13,363
7,5980,1150,0,0,46,46,130,231,25,256
7,5980,1242,0,0,46,46,130,1183,27,1210
7,5980,1472,0,0,46,46,130,1183,32,1215
7,5980,2760,0,0,46,46,130,49,120,169
7,5980,2990,0,0,10,10,598,1701,299,2000
7,5980,3726,0,0,46,46,130,175,81,256
7,5980,4048,0,0,46,46,130,49,176,225
7,5980,4860,0,0,10,10,598,1225,972,2197
7,5980,5750,0,0,46,46,130,91,125,216
7,5980,5750,0,0,46,46,130,847,125,972
7,5980,5750,0,0,46,46,130,1323,250,1573
7,5984,8,0,0,8,8,748,1155,1,1156
7,5984,8,0,0,8,8,748,1372,3,1375
7,5984,8,0,0,8,8,748,3024,1,3025
7,5984,68,0,0,17,17,352,1323,8,1331
7,5984,160,0,0,8,8,748,847,20,867
7,5984,400,0,0,8,8,748,2401,200,2601
7,5984,748,0,0,68,68,88,189,11,200
7,5984,1000,0,0,8,8,748,847,125,972
7,5984,1224,0,0,8,8,748,847,153,1000
7,5984,1700,0,0,68,68,88,49,50,99
7,5984,1700,0,0,68,68,88,231,25,256
7,5984,3009,0,0,17,17,352,847,177,1024
7,5984,3264,0,0,68,68,88,77,48,125
7,5984,4752,0,0,8,8,748,343,1782,2125
7,5984,5508,0,0,68,68,88,175,81,256
7,5984,5984,0,0,68,68,88,49,176,225
7,5986,41,0,0,41,41,146,511,1,512
7,5992,28,0,0,7,7,856,1323,8,1331
7,5992,77,0,0,7,7,856,1701,11,1712
7,5992,5992,0,0,7,7,856,147,1712,1859
7,5994,37,0,0,37,37,162,287,1,288
7,6000,50,0,0,50,50,120,224,1,225
7,6000,100,0,0,25,25,240,1323,8,1331
7,6000,125,0,0,125,125,48,63,1,64
7,6000,125,0,0,125,125,48,224,1,225
7,6000,225,0,0,25,25,240,616,9,625
7,6000,400,0,0,10,10,600,2107,80,2187
7,6000,400,0,0,25,25,240,875,16,891
7,6000,400,0,0,50,50,120,175,8,183
7,6000,400,0,0,100,100,60,147,8,155
7,6000,540,0,0,60,60,100,119,9,128
7,6000,540,0,0,60,60,100,280,9,289
7,6000,625,0,0,25,25,240,231,25,256
7,6000,760,0,0,40,40,150,224,19,243
7,6000,760,0,0,40,40,150,343,57,400
7,6000,960,0,0,60,60,100,119,16,135
7,6000,960,0,0,120,120,50,49,16,65
7,6000,1500,0,0,60,60,100,119,25,144
7,6000,2025,0,0,25,25,240,175,81,256
7,6000,2500,0,0,100,100,60,56,25,81
7,6000,3025,0,0,25,25,240,504,121,625
7,6000,4096,0,0,8,8,750,245,1024,1269
7,6000,4320,0,0,15,15,400,49,576,625
7,6000,4860,0,0,60,60,100,119,81,200
7,6000,4860,0,0,60,60,100,175,81,256
7,6000,5760,0,0,20,20,300,49,576,625
7,6000,6000,0,0,60,60,100,189,100,289
7,6004,79,0,0,79,79,76,168,1,169
7,6004,79,0,0,79,79,76,728,1,729
7,6004,474,0,0,79,79,76,343,18,361
7,6004,2844,0,0,79,79,76,133,36,169
7,6004,4503,0,0,79,79,76,112,57,169
7,6006,21,0,0,21,21,286,728,1,729
7,6006,28,0,0,7,7,858,1323,8,1331
7,6006,28,0,0,7,7,858,1617,8,1625
7,6006,77,0,0,7,7,858,1204,11,1215
7,6006,77,0,0,7,7,858,1365,11,1376
7,6006,77,0,0,77,77,78,168,1,169
7,6006,77,0,0,77,77,78,224,1,225
7,6006,77,0,0,77,77,78,350,1,351
7,6006,77,0,0,77,77,78,728,1,729
7,6006,91,0,0,7,7,858,6237,13,6250
7,6006,175,0,0,7,7,858,7371,25,7396
7,6006,189,0,0,7,7,858,1183,27,1210
7,6006,224,0,0,7,7,858,1183,32,1215
7,6006,273,0,0,91,91,66,343,9,352
7,6006,336,0,0,7,7,858,1715,144,1859
7,6006,875,0,0,7,7,858,847,125,972
7,6006,875,0,0,7,7,858,1323,250,1573
7,6006,1120,0,0,7,7,858,1001,160,1161
7,6006,1120,0,0,7,7,858,9317,160,9477
7,6006,1792,0,0,7,7,858,819,256,1075
7,6006,2002,0,0,7,7,858,875,286,1161
7,6006,2184,0,0,7,7,858,1225,624,1849
7,6006,2625,0,0,7,7,858,1001,375,1376
7,6006,2835,0,0,7,7,858,1792,405,2197
7,6006,3311,0,0,7,7,858,567,473,1040
7,6006,3311,0,0,7,7,858,1575,473,2048
7,6006,4928,0,0,7,7,858,441,1408,1849
7,6006,4928,0,0,77,77,78,105,64,169
7,6016,282,0,0,94,94,64,343,9,352
7,6016,3384,0,0,94,94,64,49,72,121
7,6018,51,0,0,51,51,118,224,1,225
7,6018,1888,0,0,59,59,102,189,32,221
7,6018,2006,0,0,59,59,102,49,68,117
7,6018,3264,0,0,51,51,118,49,128,177
7,6018,6018,0,0,51,51,118,7,118,125
7,6020,560,0,0,14,14,430,2107,80,2187
7,6020,1376,0,0,86,86,70,49,32,81
7,6020,5504,0,0,43,43,140,497,128,625
7,6026,69,0,0,23,23,262,343,9,352
7,6028,2816,0,0,11,11,548,2401,1024,3425
7,6028,6028,0,0,11,11,548,77,548,625
7,6030,67,0,0,67,67,90,161,1,162
7,6030,67,0,0,67,67,90,224,1,225
7,6030,536,0,0,67,67,90,567,8,575
7,6030,2187,0,0,9,9,670,343,729,1072
7,6030,3645,0,0,15,15,402,343,729,1072
7,6030,4288,0,0,67,67,90,161,64,225
7,6030,4623,0,0,67,67,90,56,69,125
7,6032,26,0,0,26,26,232,728,1,729
7,6032,1664,0,0,104,104,58,49,32,81
7,6032,1664,0,0,104,104,58,609,16,625
7,6032,2600,0,0,104,104,58,56,25,81
7,6032,4394,0,0,26,26,232,672,169,841
7,6032,6032,0,0,29,29,208,35,208,243
7,6032,6032,0,0,104,104,58,567,58,625
7,6048,21,0,0,21,21,288,840,1,841
7,6048,72,0,0,36,36,168,2023,2,2025
7,6048,126,0,0,126,126,48,63,1,64
7,6048,126,0,0,126,126,48,224,1,225
7,6048,168,0,0,56,56,108,343,9,352
7,6048,324,0,0,36,36,168,280,9,289
7,6048,528,0,0,12,12,504,441,88,529
7,6048,609,0,0,21,21,288,700,29,729
7,6048,1344,0,0,84,84,72,49,32,81
7,6048,3600,0,0,36,36,168,189,100,289
7,6048,6048,0,0,21,21,288,49,576,625
7,6050,44,0,0,11,11,550,1323,8,1331
7,6050,198,0,0,11,11,550,539,36,575
7,6050,968,0,0,121,121,50,49,16,65
7,6050,1375,0,0,11,11,550,847,125,972
7,6050,2662,0,0,11,11,550,245,484,729
7,6050,4048,0,0,11,11,550,847,368,1215
7,6050,5819,0,0,11,11,550,175,529,704
7,6050,5819,0,0,11,11,550,560,529,1089
7,6050,5819,0,0,11,11,550,5103,529,5632
7,6052,6052,0,0,34,34,178,49,356,405
7,6060,404,0,0,101,101,60,147,8,155
7,6060,2525,0,0,101,101,60,56,25,81
7,6068,41,0,0,41,41,148,224,1,225
7,6068,41,0,0,41,41,148,1295,1,1296
7,6072,46,0,0,46,46,132,1407,1,1408
7,6072,276,0,0,92,92,66,343,9,352
7,6072,297,0,0,33,33,184,686,27,713
7,6072,759,0,0,69,69,88,189,11,200
7,6072,1725,0,0,69,69,88,49,50,99
7,6072,1725,0,0,69,69,88,231,25,256
7,6072,2673,0,0,33,33,184,448,81,529
7,6072,3312,0,0,69,69,88,77,48,125
7,6072,5589,0,0,69,69,88,175,81,256
7,6072,6072,0,0,69,69,88,49,176,225
7,6076,63,0,0,7,7,868,1015,9,1024
7,6076,112,0,0,7,7,868,945,16,961
7,6076,1827,0,0,7,7,868,700,261,961
7,6076,4375,0,0,7,7,868,336,625,961
7,6076,4375,0,0,7,7,868,6944,625,7569
7,6080,32,0,0,32,32,190,224,1,225
7,6080,32,0,0,32,32,190,399,1,400
7,6080,38,0,0,38,38,160,224,1,225
7,6080,80,0,0,80,80,76,168,1,169
7,6080,80,0,0,80,80,76,728,1,729
7,6080,216,0,0,8,8,760,1778,27,1805
7,6080,285,0,0,95,95,64,343,9,352
7,6080,480,0,0,80,80,76,343,18,361
7,6080,2048,0,0,32,32,190,665,64,729
7,6080,2880,0,0,80,80,76,133,36,169
7,6080,2888,0,0,8,8,760,889,361,1250
7,6080,3420,0,0,95,95,64,49,72,121
7,6080,4560,0,0,80,80,76,112,57,169
7,6080,5184,0,0,8,8,760,2527,648,3175
7,6084,13,0,0,13,13,468,728,1,729
7,6084,13,0,0,13,13,468,4095,1,4096
7,6084,13,0,0,13,13,468,5264,1,5265
7,6084,78,0,0,26,26,234,413,3,416
7,6084,78,0,0,78,78,78,168,1,169
7,6084,78,0,0,78,78,78,224,1,225
7,6084,78,0,0,78,78,78,350,1,351
7,6084,78,0,0,78,78,78,728,1,729
7,6084,169,0,0,13,13,468,987,13,1000
7,6084,450,0,0,18,18,338,2023,25,2048
7,6084,1534,0,0,26,26,234,448,59,507
7,6084,2197,0,0,13,13,468,560,169,729
7,6084,2444,0,0,13,13,468,4375,188,4563
7,6084,3159,0,0,39,39,156,1183,81,1264
7,6084,3744,0,0,13,13,468,49,576,625
7,6084,4992,0,0,78,78,78,105,64,169
7,6084,5200,0,0,13,13,468,329,400,729
7,6084,5265,0,0,13,13,468,1792,405,2197
7,6086,4896,0,0,17,17,358,49,576,625
7,6090,35,0,0,35,35,174,231,1,232
7,6090,63,0,0,7,7,870,1015,9,1024
7,6090,567,0,0,7,7,870,2401,324,2725
7,6090,763,0,0,7,7,870,2240,109,2349
7,6090,763,0,0,7,7,870,5075,109,5184
7,6090,1392,0,0,87,87,70,49,32,81
7,6090,1680,0,0,105,105,58,49,32,81
7,6090,1680,0,0,105,105,58,609,16,625
7,6090,1827,0,0,7,7,870,763,261,1024
7,6090,2625,0,0,105,105,58,56,25,81
7,6090,6090,0,0,105,105,58,567,58,625
7,6096,127,0,0,127,127,48,63,1,64
7,6096,127,0,0,127,127,48,224,1,225
7,6096,300,0,0,12,12,508,2023,25,2048
7,6096,4080,0,0,12,12,508,49,680,729
7,6100,25,0,0,25,25,244,287,1,288
7,6100,170,0,0,10,10,610,4375,17,4392
7,6100,170,0,0,10,10,610,5103,17,5120
7,6100,500,0,0,10,10,610,2401,200,2601
7,6100,549,0,0,61,61,100,119,9,128
7,6100,549,0,0,61,61,100,280,9,289
7,6100,640,0,0,10,10,610,7497,128,7625
7,6100,976,0,0,61,61,100,119,16,135
7,6100,976,0,0,122,122,50,49,16,65
7,6100,1525,0,0,61,61,100,119,25,144
7,6100,1620,0,0,10,10,610,875,162,1037
7,6100,2880,0,0,10,10,610,49,576,625
7,6100,4941,0,0,61,61,100,119,81,200
7,6100,4941,0,0,61,61,100,175,81,256
7,6100,5120,0,0,10,10,610,525,512,1037
7,6100,5490,0,0,10,10,610,896,549,1445
7,6100,6100,0,0,10,10,610,119,610,729
7,6100,6100,0,0,61,61,100,189,100,289
7,6102,243,0,0,9,9,678,2744,81,2825
7,6102,450,0,0,9,9,678,2401,200,2601
7,6102,4608,0,0,9,9,678,5537,1024,6561
7,6110,188,0,0,47,47,130,1323,8,1331
7,6110,188,0,0,47,47,130,1617,8,1625
7,6110,517,0,0,47,47,130,147,22,169
7,6110,517,0,0,47,47,130,189,11,200
7,6110,517,0,0,47,47,130,364,11,375
7,6110,611,0,0,47,47,130,350,13,363
7,6110,1175,0,0,47,47,130,231,25,256
7,6110,1269,0,0,47,47,130,1183,27,1210
7,6110,1504,0,0,47,47,130,1183,32,1215
7,6110,2820,0,0,47,47,130,49,120,169
7,6110,3807,0,0,47,47,130,175,81,256
7,6110,4136,0,0,47,47,130,49,176,225
7,6110,5875,0,0,47,47,130,91,125,216
7,6110,5875,0,0,47,47,130,847,125,972
7,6110,5875,0,0,47,47,130,1323,250,1573
7,6120,30,0,0,15,15,408,2023,2,2025
7,6120,51,0,0,51,51,120,224,1,225
7,6120,68,0,0,68,68,90,161,1,162
7,6120,68,0,0,68,68,90,224,1,225
7,6120,72,0,0,18,18,340,357,4,361
7,6120,108,0,0,18,18,340,343,18,361
7,6120,240,0,0,30,30,204,721,8,729
7,6120,375,0,0,15,15,408,672,25,697
7,6120,375,0,0,15,15,408,2023,25,2048
7,6120,408,0,0,51,51,120,175,8,183
7,6120,408,0,0,102,102,60,147,8,155
7,6120,450,0,0,18,18,340,336,25,361
7,6120,450,0,0,18,18,340,2023,25,2048
7,6120,486,0,0,18,18,340,448,27,475
7,6120,544,0,0,68,68,90,567,8,575
7,6120,576,0,0,9,9,680,833,128,961
7,6120,600,0,0,12,12,510,2401,200,2601
7,6120,765,0,0,15,15,408,574,51,625
7,6120,900,0,0,36,36,170,2023,25,2048
7,6120,1360,0,0,20,20,306,2401,272,2673
7,6120,1360,0,0,85,85,72,49,32,81
7,6120,1368,0,0,18,18,340,1225,152,1377
7,6120,1458,0,0,18,18,340,280,81,361
7,6120,1458,0,0,18,18,340,1372,243,1615
7,6120,1920,0,0,15,15,408,441,256,697
7,6120,1920,0,0,60,60,102,189,32,221
7,6120,2040,0,0,60,60,102,49,68,117
7,6120,2250,0,0,18,18,340,833,250,1083
7,6120,2550,0,0,102,102,60,56,25,81
7,6120,3075,0,0,15,15,408,49,410,459
7,6120,3456,0,0,12,12,510,49,576,625
7,6120,4335,0,0,15,15,408,287,289,576
7,6120,4335,0,0,15,15,408,336,289,625
7,6120,4352,0,0,68,68,90,161,64,225
7,6120,4608,0,0,18,18,340,105,256,361
7,6120,4608,0,0,18,18,340,119,256,375
7,6120,4692,0,0,68,68,90,56,69,125
7,6120,4860,0,0,15,15,408,49,648,697
7,6120,4896,0,0,18,18,340,133,272,405
7,6120,5100,0,0,15,15,408,49,680,729
7,6120,6120,0,0,18,18,340,21,340,361
7,6120,6120,0,0,18,18,340,49,680,729
7,6132,42,0,0,42,42,146,511,1,512
7,6132,56,0,0,14,14,438,1323,8,1331
7,6132,56,0,0,14,14,438,5621,4,5625
7,6132,1750,0,0,14,14,438,847,125,972
7,6132,3388,0,0,14,14,438,245,484,729
7,6136,52,0,0,52,52,118,224,1,225
7,6136,3328,0,0,52,52,118,49,128,177
7,6136,6136,0,0,52,52,118,7,118,125
7,6138,124,0,0,31,31,198,1323,8,1331
7,6138,279,0,0,9,9,682,2268,31,2299
7,6138,279,0,0,31,31,198,616,9,625
7,6138,279,0,0,93,93,66,343,9,352
7,6138,496,0,0,31,31,198,875,16,891
7,6138,775,0,0,31,31,198,231,25,256
7,6138,2511,0,0,31,31,198,175,81,256
7,6138,2728,0,0,31,31,198,49,176,225
7,6138,3751,0,0,31,31,198,504,121,625
7,6144,128,0,0,128,128,48,63,1,64
7,6144,128,0,0,128,128,48,224,1,225
7,6144,288,0,0,96,96,64,343,9,352
7,6144,3456,0,0,96,96,64,49,72,121
7,6148,1696,0,0,106,106,58,49,32,81
7,6148,1696,0,0,106,106,58,609,16,625
7,6148,2650,0,0,106,106,58,56,25,81
7,6148,6148,0,0,106,106,58,567,58,625
7,6150,25,0,0,25,25,246,287,1,288
7,6150,779,0,0,41,41,150,224,19,243
7,6150,779,0,0,41,41,150,343,57,400
7,6150,984,0,0,123,123,50,49,16,65
7,6156,38,0,0,38,38,162,287,1,288
7,6156,81,0,0,81,81,76,168,1,169
7,6156,81,0,0,81,81,76,728,1,729
7,6156,108,0,0,18,18,342,343,18,361
7,6156,108,0,0,27,27,228,525,4,529
7,6156,162,0,0,27,27,228,343,18,361
7,6156,171,0,0,57,57,108,343,9,352
7,6156,486,0,0,81,81,76,343,18,361
7,6156,675,0,0,27,27,228,336,25,361
7,6156,675,0,0,27,27,228,504,25,529
7,6156,729,0,0,27,27,228,448,27,475
7,6156,1026,0,0,18,18,342,1792,57,1849
7,6156,1242,0,0,27,27,228,315,46,361
7,6156,2187,0,0,27,27,228,175,81,256
7,6156,2187,0,0,27,27,228,280,81,361
7,6156,2187,0,0,27,27,228,448,81,529
7,6156,2565,0,0,27,27,228,161,95,256
7,6156,2916,0,0,81,81,76,133,36,169
7,6156,3375,0,0,27,27,228,483,125,608
7,6156,4617,0,0,81,81,76,112,57,169
7,6156,5400,0,0,27,27,228,161,200,361
7,6160,44,0,0,22,22,280,2205,4,2209
7,6160,84,0,0,28,28,220,343,9,352
7,6160,140,0,0,28,28,220,259,5,264
7,6160,770,0,0,70,70,88,189,11,200
7,6160,1408,0,0,88,88,70,49,32,81
7,6160,1750,0,0,70,70,88,49,50,99
7,6160,1750,0,0,70,70,88,231,25,256
7,6160,3360,0,0,70,70,88,77,48,125
7,6160,3808,0,0,14,14,440,1925,272,2197
7,6160,5180,0,0,28,28,220,112,185,297
7,6160,5632,0,0,44,44,140,497,128,625
7,6160,5670,0,0,70,70,88,175,81,256
7,6160,6160,0,0,70,70,88,49,176,225
7,6162,79,0,0,79,79,78,168,1,169
7,6162,79,0,0,79,79,78,224,1,225
7,6162,79,0,0,79,79,78,350,1,351
7,6162,79,0,0,79,79,78,728,1,729
7,6162,5056,0,0,79,79,78,105,64,169
7,6180,120,0,0,15,15,412,721,8,729
7,6180,160,0,0,10,10,618,945,16,961
7,6180,412,0,0,103,103,60,147,8,155
7,6180,1440,0,0,10,10,618,343,432,775
7,6180,2400,0,0,10,10,618,721,240,961
7,6180,2575,0,0,103,103,60,56,25,81
7,6180,6180,0,0,10,10,618,7,618,625
7,6182,352,0,0,11,11,562,2401,128,2529
7,6182,891,0,0,11,11,562,1967,81,2048
7,6188,14,0,0,14,14,442,728,1,729
7,6188,14,0,0,14,14,442,1183,1,1184
7,6188,52,0,0,26,26,238,2023,2,2025
7,6188,234,0,0,26,26,238,280,9,289
7,6188,238,0,0,14,14,442,1036,17,1053
7,6188,2600,0,0,26,26,238,189,100,289
7,6188,2688,0,0,14,14,442,1813,384,2197
7,6192,24,0,0,24,24,258,350,1,351
7,6192,24,0,0,24,24,258,728,1,729
7,6192,129,0,0,129,129,48,63,1,64
7,6192,129,0,0,129,129,48,224,1,225
7,6192,1032,0,0,24,24,258,2457,43,2500
7,6192,1200,0,0,24,24,258,301,50,351
7,6192,1376,0,0,86,86,72,49,32,81
7,6192,2048,0,0,8,8,774,2107,512,2619
7,6192,2496,0,0,24,24,258,301,104,405
7,6192,4056,0,0,24,24,258,175,169,344
7,6192,4056,0,0,24,24,258,49,338,387
7,6192,4056,0,0,24,24,258,560,169,729
7,6192,4056,0,0,24,24,258,1680,169,1849
7,6200,320,0,0,20,20,310,945,16,961
7,6200,500,0,0,20,20,310,378,25,403
7,6200,500,0,0,20,20,310,651,25,676
7,6200,558,0,0,62,62,100,119,9,128
7,6200,558,0,0,62,62,100,280,9,289
7,6200,640,0,0,20,20,310,1183,32,1215
7,6200,992,0,0,62,62,100,119,16,135
7,6200,992,0,0,124,124,50,49,16,65
7,6200,1300,0,0,20,20,310,896,65,961
7,6200,1550,0,0,62,62,100,119,25,144
7,6200,2000,0,0,20,20,310,637,200,837
7,6200,2560,0,0,20,20,310,147,256,403
7,6200,2880,0,0,20,20,310,343,432,775
7,6200,5022,0,0,62,62,100,119,81,200
7,6200,5022,0,0,62,62,100,175,81,256
7,6200,6200,0,0,62,62,100,189,100,289
7,6204,47,0,0,47,47,132,1407,1,1408
7,6204,282,0,0,94,94,66,343,9,352
7,6206,1712,0,0,107,107,58,49,32,81
7,6206,1712,0,0,107,107,58,609,16,625
7,6206,2675,0,0,107,107,58,56,25,81
7,6206,6206,0,0,107,107,58,567,58,625
7,6208,291,0,0,97,97,64,343,9,352
7,6208,3492,0,0,97,97,64,49,72,121
7,6210,15,0,0,15,15,414,728,1,729
7,6210,15,0,0,15,15,414,896,1,897
7,6210,36,0,0,9,9,690,1211,4,1215
7,6210,69,0,0,69,69,90,161,1,162
7,6210,69,0,0,69,69,90,224,1,225
7,6210,552,0,0,69,69,90,567,8,575
7,6210,575,0,0,23,23,270,2023,25,2048
7,6210,621,0,0,9,9,690,1211,69,1280
7,6210,2535,0,0,15,15,414,567,169,736
7,6210,4416,0,0,69,69,90,161,64,225
7,6210,4761,0,0,9,9,690,336,529,865
7,6210,4761,0,0,69,69,90,56,69,125
7,6210,5265,0,0,15,15,414,161,351,512
7,6210,5888,0,0,23,23,270,119,256,375
7,6214,1053,0,0,13,13,478,875,81,956
7,6214,4875,0,0,13,13,478,1673,375,2048
7,6216,7,0,0,7,7,888,1295,1,1296
7,6216,42,0,0,42,42,148,224,1,225
7,6216,42,0,0,42,42,148,1295,1,1296
7,6216,74,0,0,37,37,168,2023,2,2025
7,6216,333,0,0,37,37,168,280,9,289
7,6216,777,0,0,7,7,888,1715,333,2048
7,6216,3700,0,0,37,37,168,189,100,289
7,6220,10,0,0,10,10,622,728,1,729
7,6222,306,0,0,17,17,366,3703,18,3721
7,6222,1377,0,0,17,17,366,448,81,529
7,6222,1952,0,0,61,61,102,189,32,221
7,6222,2074,0,0,61,61,102,49,68,117
7,6224,8,0,0,8,8,778,3500,1,3501
7,6224,8,0,0,8,8,778,4095,1,4096
7,6224,3888,0,0,8,8,778,1225,972,2197
7,6224,5832,0,0,8,8,778,896,729,1625
7,6230,1424,0,0,89,89,70,49,32,81
7,6230,6230,0,0,35,35,178,49,356,405
7,6232,19,0,0,19,19,328,1372,3,1375
7,6232,19,0,0,19,19,328,1680,1,1681
7,6232,19,0,0,19,19,328,3024,1,3025
7,6232,82,0,0,82,82,76,168,1,169
7,6232,82,0,0,82,82,76,728,1,729
7,6232,152,0,0,19,19,328,2009,16,2025
7,6232,492,0,0,82,82,76,343,18,361
7,6232,513,0,0,19,19,328,875,27,902
7,6232,684,0,0,19,19,328,343,108,451
7,6232,1216,0,0,19,19,328,1225,128,1353
7,6232,1881,0,0,19,19,328,343,297,640
7,6232,2375,0,0,19,19,328,847,125,972
7,6232,2952,0,0,82,82,76,133,36,169
7,6232,3040,0,0,19,19,328,49,320,369
7,6232,4275,0,0,19,19,328,287,225,512
7,6232,4674,0,0,82,82,76,112,57,169
7,6232,5472,0,0,19,19,328,49,576,625
7,6232,6232,0,0,19,19,328,35,328,363
7,6232,6232,0,0,19,19,328,77,328,405
7,6240,10,0,0,10,10,624,728,1,729
7,6240,39,0,0,39,39,160,224,1,225
7,6240,40,0,0,8,8,780,2023,5,2028
7,6240,40,0,0,8,8,780,4347,5,4352
7,6240,52,0,0,52,52,120,224,1,225
7,6240,80,0,0,80,80,78,168,1,169
7,6240,80,0,0,80,80,78,224,1,225
7,6240,80,0,0,80,80,78,350,1,351
7,6240,80,0,0,80,80,78,728,1,729
7,6240,104,0,0,26,26,240,1323,8,1331
7,6240,108,0,0,12,12,520,1015,9,1024
7,6240,130,0,0,130,130,48,63,1,64
7,6240,130,0,0,130,130,48,224,1,225
7,6240,136,0,0,8,8,780,1183,17,1200
7,6240,136,0,0,8,8,780,5103,17,5120
7,6240,192,0,0,12,12,520,609,16,625
7,6240,192,0,0,48,48,130,1323,8,1331
7,6240,192,0,0,48,48,130,1617,8,1625
7,6240,234,0,0,26,26,240,616,9,625
7,6240,320,0,0,8,8,780,1547,40,1587
7,6240,384,0,0,12,12,520,1183,32,1215
7,6240,416,0,0,26,26,240,875,16,891
7,6240,416,0,0,52,52,120,175,8,183
7,6240,416,0,0,104,104,60,147,8,155
7,6240,432,0,0,8,8,780,3703,54,3757
7,6240,528,0,0,48,48,130,147,22,169
7,6240,528,0,0,48,48,130,189,11,200
7,6240,528,0,0,48,48,130,364,11,375
7,6240,544,0,0,8,8,780,7203,272,7475
7,6240,624,0,0,48,48,130,350,13,363
7,6240,650,0,0,26,26,240,231,25,256
7,6240,696,0,0,12,12,520,567,58,625
7,6240,780,0,0,12,12,520,6496,65,6561
7,6240,920,0,0,8,8,780,637,230,867
7,6240,920,0,0,8,8,780,3213,115,3328
7,6240,1200,0,0,48,48,130,231,25,256
7,6240,1296,0,0,48,48,130,1183,27,1210
7,6240,1536,0,0,12,12,520,3969,256,4225
7,6240,1536,0,0,48,48,130,1183,32,1215
7,6240,1944,0,0,8,8,780,8750,243,8993
7,6240,2106,0,0,26,26,240,175,81,256
7,6240,2392,0,0,8,8,780,1701,299,2000
7,6240,2400,0,0,12,12,520,441,400,841
7,6240,2600,0,0,104,104,60,56,25,81
7,6240,2880,0,0,48,48,130,49,120,169
7,6240,3072,0,0,12,12,520,875,256,1131
7,6240,3132,0,0,12,12,520,364,261,625
7,6240,3146,0,0,26,26,240,504,121,625
7,6240,3240,0,0,40,40,156,1183,81,1264
7,6240,3888,0,0,8,8,780,1225,972,2197
7,6240,3888,0,0,48,48,130,175,81,256
7,6240,4056,0,0,12,12,520,49,676,725
7,6240,4224,0,0,48,48,130,49,176,225
7,6240,4352,0,0,8,8,780,637,1088,1725
7,6240,4968,0,0,8,8,780,224,621,845
7,6240,5120,0,0,8,8,780,1547,640,2187
7,6240,5120,0,0,80,80,78,105,64,169
7,6240,6000,0,0,48,48,130,91,125,216
7,6240,6000,0,0,48,48,130,847,125,972
7,6240,6000,0,0,48,48,130,1323,250,1573
7,6240,6240,0,0,30,30,208,35,208,243
7,6248,11,0,0,11,11,568,1064,1,1065
7,6248,11,0,0,11,11,568,5040,1,5041
7,6248,704,0,0,11,11,568,665,64,729
7,6248,781,0,0,71,71,88,189,11,200
7,6248,1775,0,0,71,71,88,49,50,99
7,6248,1775,0,0,71,71,88,231,25,256
7,6248,2475,0,0,11,11,568,497,225,722
7,6248,3168,0,0,11,11,568,49,576,625
7,6248,3408,0,0,71,71,88,77,48,125
7,6248,5751,0,0,71,71,88,175,81,256
7,6248,6248,0,0,71,71,88,49,176,225
7,6250,1000,0,0,125,125,50,49,16,65
7,6254,53,0,0,53,53,118,224,1,225
7,6254,3392,0,0,53,53,118,49,128,177
7,6254,6254,0,0,53,53,118,7,118,125
7,6256,306,0,0,34,34,184,686,27,713
7,6256,2754,0,0,34,34,184,448,81,529
7,6264,27,0,0,27,27,232,728,1,729
7,6264,36,0,0,36,36,174,231,1,232
7,6264,174,0,0,58,58,108,343,9,352
7,6264,1392,0,0,87,87,72,49,32,81
7,6264,1728,0,0,108,108,58,49,32,81
7,6264,1728,0,0,108,108,58,609,16,625
7,6264,2700,0,0,108,108,58,56,25,81
7,6264,4563,0,0,27,27,232,672,169,841
7,6264,6264,0,0,108,108,58,567,58,625
7,6270,19,0,0,19,19,330,1372,3,1375
7,6270,19,0,0,19,19,330,2240,1,2241
7,6270,19,0,0,19,19,330,3024,1,3025
7,6270,33,0,0,11,11,570,1232,3,1235
7,6270,33,0,0,11,11,570,3325,3,3328
7,6270,33,0,0,33,33,190,224,1,225
7,6270,33,0,0,33,33,190,399,1,400
7,6270,55,0,0,11,11,570,1183,5,1188
7,6270,55,0,0,11,11,570,4389,5,4394
7,6270,57,0,0,19,19,330,343,9,352
7,6270,209,0,0,11,11,570,637,38,675
7,6270,209,0,0,11,11,570,1925,19,1944
7,6270,209,0,0,11,11,570,2541,19,2560
7,6270,209,0,0,11,11,570,4375,19,4394
7,6270,264,0,0,11,11,570,2275,24,2299
7,6270,285,0,0,15,15,418,1925,19,1944
7,6270,285,0,0,15,15,418,2541,19,2560
7,6270,285,0,0,95,95,66,343,9,352
7,6270,286,0,0,11,11,570,1323,52,1375
7,6270,363,0,0,11,11,570,1183,33,1216
7,6270,363,0,0,11,11,570,2527,33,2560
7,6270,418,0,0,11,11,570,567,38,605
7,6270,456,0,0,19,19,330,343,72,415
7,6270,456,0,0,19,19,330,581,24,605
7,6270,495,0,0,15,15,418,2527,33,2560
7,6270,1573,0,0,11,11,570,532,143,675
7,6270,1672,0,0,11,11,570,693,152,845
7,6270,1881,0,0,19,19,330,343,297,640
7,6270,2112,0,0,11,11,570,1183,192,1375
7,6270,2112,0,0,33,33,190,665,64,729
7,6270,2288,0,0,11,11,570,875,208,1083
7,6270,2574,0,0,11,11,570,343,702,1045
7,6270,2673,0,0,11,11,570,1330,243,1573
7,6270,4576,0,0,11,11,570,189,416,605
7,6270,5346,0,0,11,11,570,1225,972,2197
7,6270,5472,0,0,19,19,330,49,576,625
7,6270,5500,0,0,11,11,570,539,1000,1539
7,6270,5577,0,0,11,11,570,133,507,640
7,6270,5577,0,0,11,11,570,1792,507,2299
7,6270,5577,0,0,11,11,570,1925,507,2432
7,6272,294,0,0,98,98,64,343,9,352
7,6272,3528,0,0,98,98,64,49,72,121
7,6278,43,0,0,43,43,146,511,1,512
7,6288,72,0,0,24,24,262,343,9,352
7,6288,131,0,0,131,131,48,63,1,64
7,6288,131,0,0,131,131,48,224,1,225
7,6290,17,0,0,17,17,370,1295,1,1296
7,6290,459,0,0,17,17,370,1120,27,1147
7,6290,925,0,0,37,37,170,2023,25,2048
7,6290,1887,0,0,17,17,370,1715,333,2048
7,6290,2125,0,0,17,17,370,259,125,384
7,6290,4896,0,0,17,17,370,49,576,625
7,6292,22,0,0,22,22,286,728,1,729
7,6300,28,0,0,7,7,900,1323,8,1331
7,6300,70,0,0,70,70,90,161,1,162
7,6300,70,0,0,70,70,90,224,1,225
7,6300,126,0,0,14,14,450,791,9,800
7,6300,224,0,0,7,7,900,1617,64,1681
7,6300,420,0,0,105,105,60,147,8,155
7,6300,560,0,0,70,70,90,567,8,575
7,6300,567,0,0,63,63,100,119,9,128
7,6300,567,0,0,63,63,100,280,9,289
7,6300,790,0,0,10,10,630,945,79,1024
7,6300,798,0,0,42,42,150,224,19,243
7,6300,798,0,0,42,42,150,343,57,400
7,6300,861,0,0,7,7,900,1925,123,2048
7,6300,875,0,0,7,7,900,847,125,972
7,6300,1008,0,0,63,63,100,119,16,135
7,6300,1008,0,0,126,126,50,49,16,65
7,6300,1152,0,0,9,9,700,3969,256,4225
7,6300,1440,0,0,90,90,70,49,32,81
7,6300,1575,0,0,63,63,100,119,25,144
7,6300,2625,0,0,105,105,60,56,25,81
7,6300,4480,0,0,70,70,90,161,64,225
7,6300,4830,0,0,70,70,90,56,69,125
7,6300,5103,0,0,63,63,100,119,81,200
7,6300,5103,0,0,63,63,100,175,81,256
7,6300,5625,0,0,9,9,700,896,625,1521
7,6300,5760,0,0,45,45,140,497,128,625
7,6300,6048,0,0,21,21,300,49,576,625
7,6300,6300,0,0,63,63,100,189,100,289
7,6304,64,0,0,16,16,394,1323,8,1331
7,6308,83,0,0,83,83,76,168,1,169
7,6308,83,0,0,83,83,76,728,1,729
7,6308,498,0,0,83,83,76,343,18,361
7,6308,2988,0,0,83,83,76,133,36,169
7,6308,4731,0,0,83,83,76,112,57,169
7,6318,36,0,0,9,9,702,1323,8,1331
7,6318,39,0,0,39,39,162,287,1,288
7,6318,81,0,0,27,27,234,413,3,416
7,6318,81,0,0,81,81,78,168,1,169
7,6318,81,0,0,81,81,78,224,1,225
7,6318,81,0,0,81,81,78,350,1,351
7,6318,81,0,0,81,81,78,728,1,729
7,6318,1593,0,0,27,27,234,448,59,507
7,6318,5184,0,0,81,81,78,105,64,169
7,6320,8,0,0,8,8,790,1372,3,1375
7,6320,8,0,0,8,8,790,3024,1,3025
7,6320,1000,0,0,8,8,790,847,125,972
7,6320,1800,0,0,8,8,790,1106,225,1331
7,6320,2528,0,0,8,8,790,5929,632,6561
7,6320,5832,0,0,8,8,790,140,729,869
7,6322,1744,0,0,109,109,58,49,32,81
7,6322,1744,0,0,109,109,58,609,16,625
7,6322,2725,0,0,109,109,58,56,25,81
7,6322,6322,0,0,109,109,58,567,58,625
7,6324,248,0,0,31,31,204,721,8,729
7,6324,289,0,0,17,17,372,847,17,864
7,6324,1088,0,0,17,17,372,833,128,961
7,6324,1984,0,0,62,62,102,189,32,221
7,6324,2108,0,0,62,62,102,49,68,117
7,6328,3584,0,0,7,7,904,5537,1024,6561
7,6336,22,0,0,22,22,288,840,1,841
7,6336,48,0,0,48,48,132,1407,1,1408
7,6336,64,0,0,16,16,396,1323,8,1331
7,6336,72,0,0,18,18,352,1323,8,1331
7,6336,128,0,0,32,32,198,1323,8,1331
7,6336,132,0,0,132,132,48,63,1,64
7,6336,132,0,0,132,132,48,224,1,225
7,6336,288,0,0,32,32,198,616,9,625
7,6336,288,0,0,96,96,66,343,9,352
7,6336,297,0,0,99,99,64,343,9,352
7,6336,512,0,0,32,32,198,875,16,891
7,6336,638,0,0,22,22,288,700,29,729
7,6336,792,0,0,72,72,88,189,11,200
7,6336,800,0,0,32,32,198,231,25,256
7,6336,960,0,0,12,12,528,343,240,583
7,6336,1408,0,0,88,88,72,49,32,81
7,6336,1800,0,0,72,72,88,49,50,99
7,6336,1800,0,0,72,72,88,231,25,256
7,6336,2592,0,0,32,32,198,175,81,256
7,6336,2816,0,0,32,32,198,49,176,225
7,6336,3168,0,0,12,12,528,2597,528,3125
7,6336,3186,0,0,18,18,352,847,177,1024
7,6336,3456,0,0,72,72,88,77,48,125
7,6336,3564,0,0,99,99,64,49,72,121
7,6336,3872,0,0,32,32,198,504,121,625
7,6336,5832,0,0,72,72,88,175,81,256
7,6336,6336,0,0,22,22,288,49,576,625
7,6336,6336,0,0,72,72,88,49,176,225
7,6342,1589,0,0,7,7,906,343,681,1024
7,6344,26,0,0,26,26,244,287,1,288
7,6350,1016,0,0,127,127,50,49,16,65
7,6358,44,0,0,11,11,578,833,8,841
7,6358,275,0,0,11,11,578,2023,25,2048
7,6360,10,0,0,10,10,636,847,1,848
7,6360,10,0,0,10,10,636,5103,1,5104
7,6360,53,0,0,53,53,120,224,1,225
7,6360,424,0,0,53,53,120,175,8,183
7,6360,424,0,0,106,106,60,147,8,155
7,6360,990,0,0,10,10,636,742,99,841
7,6360,2650,0,0,106,106,60,56,25,81
7,6364,43,0,0,43,43,148,224,1,225
7,6364,43,0,0,43,43,148,1295,1,1296
7,6370,63,0,0,7,7,910,2366,9,2375
7,6370,196,0,0,49,49,130,1323,8,1331
7,6370,196,0,0,49,49,130,1617,8,1625
7,6370,455,0,0,7,7,910,2527,65,2592
7,6370,539,0,0,49,49,130,147,22,169
7,6370,539,0,0,49,49,130,189,11,200
7,6370,539,0,0,49,49,130,364,11,375
7,6370,637,0,0,49,49,130,350,13,363
7,6370,896,0,0,7,7,910,3969,256,4225
7,6370,945,0,0,7,7,910,4459,405,4864
7,6370,1225,0,0,49,49,130,231,25,256
7,6370,1323,0,0,49,49,130,1183,27,1210
7,6370,1456,0,0,91,91,70,49,32,81
7,6370,1568,0,0,49,49,130,1183,32,1215
7,6370,2940,0,0,49,49,130,49,120,169
7,6370,3969,0,0,49,49,130,175,81,256
7,6370,4312,0,0,49,49,130,49,176,225
7,6370,4375,0,0,7,7,910,399,625,1024
7,6370,4375,0,0,7,7,910,819,625,1444
7,6370,4375,0,0,7,7,910,896,625,1521
7,6370,5600,0,0,7,7,910,4459,2400,6859
7,6370,6125,0,0,49,49,130,91,125,216
7,6370,6125,0,0,49,49,130,847,125,972
7,6370,6125,0,0,49,49,130,1323,250,1573
7,6372,9,0,0,9,9,708,3479,2,3481
7,6372,9,0,0,9,9,708,5040,1,5041
7,6372,54,0,0,54,54,118,224,1,225
7,6372,177,0,0,59,59,108,343,9,352
7,6372,639,0,0,9,9,708,3304,71,3375
7,6372,3456,0,0,54,54,118,49,128,177
7,6372,6372,0,0,54,54,118,7,118,125
7,6380,11,0,0,11,11,580,840,1,841
7,6380,66,0,0,11,11,580,2401,24,2425
7,6380,87,0,0,29,29,220,343,9,352
7,6380,145,0,0,29,29,220,259,5,264
7,6380,319,0,0,11,11,580,700,29,729
7,6380,550,0,0,11,11,580,679,50,729
7,6380,1067,0,0,11,11,580,875,97,972
7,6380,1375,0,0,11,11,580,2688,125,2813
7,6380,1760,0,0,110,110,58,49,32,81
7,6380,1760,0,0,110,110,58,609,16,625
7,6380,1782,0,0,11,11,580,679,162,841
7,6380,2750,0,0,110,110,58,56,25,81
7,6380,3168,0,0,11,11,580,49,576,625
7,6380,5365,0,0,29,29,220,112,185,297
7,6380,6380,0,0,110,110,58,567,58,625
7,6384,76,0,0,38,38,168,2023,2,2025
7,6384,84,0,0,84,84,76,168,1,169
7,6384,84,0,0,84,84,76,728,1,729
7,6384,112,0,0,28,28,228,525,4,529
7,6384,133,0,0,133,133,48,63,1,64
7,6384,133,0,0,133,133,48,224,1,225
7,6384,168,0,0,28,28,228,343,18,361
7,6384,342,0,0,38,38,168,280,9,289
7,6384,504,0,0,84,84,76,343,18,361
7,6384,700,0,0,28,28,228,336,25,361
7,6384,700,0,0,28,28,228,504,25,529
7,6384,756,0,0,28,28,228,448,27,475
7,6384,1288,0,0,28,28,228,315,46,361
7,6384,1536,0,0,12,12,532,4361,256,4617
7,6384,2268,0,0,28,28,228,175,81,256
7,6384,2268,0,0,28,28,228,280,81,361
7,6384,2268,0,0,28,28,228,448,81,529
7,6384,2660,0,0,28,28,228,161,95,256
7,6384,3024,0,0,84,84,76,133,36,169
7,6384,3199,0,0,7,7,912,567,457,1024
7,6384,3199,0,0,7,7,912,5488,1371,6859
7,6384,3500,0,0,28,28,228,483,125,608
7,6384,3800,0,0,38,38,168,189,100,289
7,6384,4788,0,0,84,84,76,112,57,169
7,6384,5000,0,0,8,8,798,399,625,1024
7,6384,5600,0,0,28,28,228,161,200,361
7,6390,15,0,0,15,15,426,567,1,568
7,6390,71,0,0,71,71,90,161,1,162
7,6390,71,0,0,71,71,90,224,1,225
7,6390,568,0,0,71,71,90,567,8,575
7,6390,4544,0,0,71,71,90,161,64,225
7,6390,4899,0,0,71,71,90,56,69,125
7,6396,26,0,0,26,26,246,287,1,288
7,6396,82,0,0,82,82,78,168,1,169
7,6396,82,0,0,82,82,78,224,1,225
7,6396,82,0,0,82,82,78,350,1,351
7,6396,82,0,0,82,82,78,728,1,729
7,6396,3321,0,0,41,41,156,1183,81,1264
7,6396,4693,0,0,13,13,492,287,361,648
7,6396,5248,0,0,82,82,78,105,64,169
7,6400,40,0,0,40,40,160,224,1,225
7,6400,300,0,0,100,100,64,343,9,352
7,6400,576,0,0,64,64,100,119,9,128
7,6400,576,0,0,64,64,100,280,9,289
7,6400,1024,0,0,64,64,100,119,16,135
7,6400,1024,0,0,128,128,50,49,16,65
7,6400,1600,0,0,64,64,100,119,25,144
7,6400,3600,0,0,100,100,64,49,72,121
7,6400,4608,0,0,16,16,400,49,576,625
7,6400,5184,0,0,64,64,100,119,81,200
7,6400,5184,0,0,64,64,100,175,81,256
7,6400,6400,0,0,64,64,100,189,100,289
7,6402,291,0,0,97,97,66,343,9,352
7,6402,3168,0,0,11,11,582,4753,576,5329
7,6408,1424,0,0,89,89,72,49,32,81
7,6408,6408,0,0,36,36,178,49,356,405
7,6420,428,0,0,107,107,60,147,8,155
7,6420,2675,0,0,107,107,60,56,25,81
7,6422,475,0,0,19,19,338,2023,25,2048
7,6424,44,0,0,44,44,146,511,1,512
7,6424,803,0,0,73,73,88,189,11,200
7,6424,1825,0,0,73,73,88,49,50,99
7,6424,1825,0,0,73,73,88,231,25,256
7,6424,3504,0,0,73,73,88,77,48,125
7,6424,5913,0,0,73,73,88,175,81,256
7,6424,6424,0,0,73,73,88,49,176,225
7,6426,7,0,0,7,7,918,4760,1,4761
7,6426,54,0,0,27,27,238,2023,2,2025
7,6426,119,0,0,7,7,918,5103,17,5120
7,6426,243,0,0,27,27,238,280,9,289
7,6426,350,0,0,7,7,918,2401,200,2601
7,6426,1428,0,0,21,21,306,2401,272,2673
7,6426,2016,0,0,63,63,102,189,32,221
7,6426,2142,0,0,63,63,102,49,68,117
7,6426,2700,0,0,27,27,238,189,100,289
7,6432,8,0,0,8,8,804,1519,2,1521
7,6432,134,0,0,134,134,48,63,1,64
7,6432,134,0,0,134,134,48,224,1,225
7,6432,1296,0,0,8,8,804,637,324,961
7,6432,3888,0,0,16,16,402,343,729,1072
7,6432,3968,0,0,8,8,804,1701,496,2197
7,6438,37,0,0,37,37,174,231,1,232
7,6438,1776,0,0,111,111,58,49,32,81
7,6438,1776,0,0,111,111,58,609,16,625
7,6438,2775,0,0,111,111,58,56,25,81
7,6438,6438,0,0,111,111,58,567,58,625
7,6440,46,0,0,23,23,280,2205,4,2209
7,6440,70,0,0,14,14,460,616,5,621
7,6440,315,0,0,35,35,184,686,27,713
7,6440,1472,0,0,92,92,70,49,32,81
7,6440,2835,0,0,35,35,184,448,81,529
7,6440,5888,0,0,46,46,140,497,128,625
7,6444,5184,0,0,18,18,358,49,576,625
7,6448,6448,0,0,31,31,208,35,208,243
7,6450,25,0,0,25,25,258,350,1,351
7,6450,25,0,0,25,25,258,728,1,729
7,6450,600,0,0,15,15,430,2107,80,2187
7,6450,817,0,0,43,43,150,224,19,243
7,6450,817,0,0,43,43,150,343,57,400
7,6450,1032,0,0,129,129,50,49,16,65
7,6450,1075,0,0,25,25,258,2457,43,2500
7,6450,1250,0,0,25,25,258,301,50,351
7,6450,2600,0,0,25,25,258,301,104,405
7,6450,4225,0,0,25,25,258,175,169,344
7,6450,4225,0,0,25,25,258,49,338,387
7,6450,4225,0,0,25,25,258,560,169,729
7,6450,4225,0,0,25,25,258,1680,169,1849
7,6456,12,0,0,12,12,538,1344,1,1345
7,6456,3456,0,0,12,12,538,49,576,625
7,6456,6456,0,0,12,12,538,49,1076,1125
7,6460,34,0,0,34,34,190,224,1,225
7,6460,34,0,0,34,34,190,399,1,400
7,6460,76,0,0,19,19,340,357,4,361
7,6460,85,0,0,85,85,76,168,1,169
7,6460,85,0,0,85,85,76,728,1,729
7,6460,114,0,0,19,19,340,343,18,361
7,6460,475,0,0,19,19,340,336,25,361
7,6460,475,0,0,19,19,340,2023,25,2048
7,6460,510,0,0,85,85,76,343,18,361
7,6460,513,0,0,19,19,340,448,27,475
7,6460,950,0,0,38,38,170,2023,25,2048
7,6460,1444,0,0,19,19,340,1225,152,1377
7,6460,1539,0,0,19,19,340,280,81,361
7,6460,1539,0,0,19,19,340,1372,243,1615
7,6460,2176,0,0,34,34,190,665,64,729
7,6460,2375,0,0,19,19,340,833,250,1083
7,6460,3060,0,0,85,85,76,133,36,169
7,6460,4845,0,0,85,85,76,112,57,169
7,6460,4864,0,0,19,19,340,105,256,361
7,6460,4864,0,0,19,19,340,119,256,375
7,6460,5168,0,0,19,19,340,133,272,405
7,6460,6460,0,0,19,19,340,21,340,361
7,6460,6460,0,0,19,19,340,49,680,729
7,6464,303,0,0,101,101,64,343,9,352
7,6464,808,0,0,8,8,808,3024,101,3125
7,6464,3636,0,0,101,101,64,49,72,121
7,6468,49,0,0,49,49,132,1407,1,1408
7,6468,294,0,0,98,98,66,343,9,352
7,6468,1947,0,0,11,11,588,448,177,625
7,6474,13,0,0,13,13,498,2240,1,2241
7,6474,83,0,0,83,83,78,168,1,169
7,6474,83,0,0,83,83,78,224,1,225
7,6474,83,0,0,83,83,78,350,1,351
7,6474,83,0,0,83,83,78,728,1,729
7,6474,3744,0,0,13,13,498,49,576,625
7,6474,5312,0,0,83,83,78,105,64,169
7,6480,40,0,0,40,40,162,287,1,288
7,6480,54,0,0,54,54,120,224,1,225
7,6480,72,0,0,72,72,90,161,1,162
7,6480,72,0,0,72,72,90,224,1,225
7,6480,108,0,0,27,27,240,1323,8,1331
7,6480,135,0,0,135,135,48,63,1,64
7,6480,135,0,0,135,135,48,224,1,225
7,6480,180,0,0,60,60,108,343,9,352
7,6480,243,0,0,27,27,240,616,9,625
7,6480,320,0,0,10,10,648,1183,32,1215
7,6480,432,0,0,27,27,240,875,16,891
7,6480,432,0,0,54,54,120,175,8,183
7,6480,432,0,0,108,108,60,147,8,155
7,6480,576,0,0,9,9,720,665,64,729
7,6480,576,0,0,72,72,90,567,8,575
7,6480,600,0,0,24,24,270,2023,25,2048
7,6480,675,0,0,27,27,240,231,25,256
7,6480,1440,0,0,90,90,72,49,32,81
7,6480,2187,0,0,27,27,240,175,81,256
7,6480,2700,0,0,108,108,60,56,25,81
7,6480,3267,0,0,27,27,240,504,121,625
7,6480,3456,0,0,12,12,540,49,576,625
7,6480,4050,0,0,10,10,648,1792,405,2197
7,6480,4608,0,0,72,72,90,161,64,225
7,6480,4968,0,0,72,72,90,56,69,125
7,6480,6144,0,0,24,24,270,119,256,375
7,6490,55,0,0,55,55,118,224,1,225
7,6490,3520,0,0,55,55,118,49,128,177
7,6490,6490,0,0,55,55,118,7,118,125
7,6496,28,0,0,28,28,232,728,1,729
7,6496,1792,0,0,112,112,58,49,32,81
7,6496,1792,0,0,112,112,58,609,16,625
7,6496,2800,0,0,112,112,58,56,25,81
7,6496,4732,0,0,28,28,232,672,169,841
7,6496,5481,0,0,7,7,928,217,783,1000
7,6496,6496,0,0,7,7,928,1519,1856,3375
7,6496,6496,0,0,112,112,58,567,58,625
7,6498,114,0,0,19,19,342,343,18,361
7,6498,1083,0,0,19,19,342,1792,57,1849
7,6500,200,0,0,50,50,130,1323,8,1331
7,6500,200,0,0,50,50,130,1617,8,1625
7,6500,550,0,0,50,50,130,147,22,169
7,6500,550,0,0,50,50,130,189,11,200
7,6500,550,0,0,50,50,130,364,11,375
7,6500,585,0,0,65,65,100,119,9,128
7,6500,585,0,0,65,65,100,280,9,289
7,6500,650,0,0,50,50,130,350,13,363
7,6500,1040,0,0,65,65,100,119,16,135
7,6500,1040,0,0,130,130,50,49,16,65
7,6500,1250,0,0,50,50,130,231,25,256
7,6500,1350,0,0,50,50,130,1183,27,1210
7,6500,1600,0,0,50,50,130,1183,32,1215
7,6500,1625,0,0,65,65,100,119,25,144
7,6500,3000,0,0,50,50,130,49,120,169
7,6500,4050,0,0,50,50,130,175,81,256
7,6500,4400,0,0,50,50,130,49,176,225
7,6500,5265,0,0,65,65,100,119,81,200
7,6500,5265,0,0,65,65,100,175,81,256
7,6500,6250,0,0,50,50,130,91,125,216
7,6500,6250,0,0,50,50,130,847,125,972
7,6500,6250,0,0,50,50,130,1323,250,1573
7,6500,6500,0,0,65,65,100,189,100,289
7,6510,336,0,0,21,21,310,945,16,961
7,6510,525,0,0,21,21,310,378,25,403
7,6510,525,0,0,21,21,310,651,25,676
7,6510,672,0,0,21,21,310,1183,32,1215
7,6510,1365,0,0,21,21,310,896,65,961
7,6510,1488,0,0,93,93,70,49,32,81
7,6510,2100,0,0,21,21,310,637,200,837
7,6510,2688,0,0,21,21,310,147,256,403
7,6510,3024,0,0,21,21,310,343,432,775
7,6510,5103,0,0,7,7,930,6727,729,7456
7,6512,32,0,0,8,8,814,1323,8,1331
7,6512,44,0,0,11,11,592,1323,8,1331
7,6512,44,0,0,44,44,148,224,1,225
7,6512,44,0,0,44,44,148,1295,1,1296
7,6512,814,0,0,74,74,88,189,11,200
7,6512,1024,0,0,8,8,814,833,256,1089
7,6512,1850,0,0,74,74,88,49,50,99
7,6512,1850,0,0,74,74,88,231,25,256
7,6512,2312,0,0,8,8,814,2079,289,2368
7,6512,3552,0,0,74,74,88,77,48,125
7,6512,4736,0,0,8,8,814,147,1184,1331
7,6512,5994,0,0,74,74,88,175,81,256
7,6512,6512,0,0,11,11,592,147,1184,1331
7,6512,6512,0,0,74,74,88,49,176,225
7,6528,32,0,0,16,16,408,2023,2,2025
7,6528,136,0,0,136,136,48,63,1,64
7,6528,136,0,0,136,136,48,224,1,225
7,6528,256,0,0,32,32,204,721,8,729
7,6528,306,0,0,102,102,64,343,9,352
7,6528,400,0,0,16,16,408,672,25,697
7,6528,400,0,0,16,16,408,2023,25,2048
7,6528,816,0,0,16,16,408,574,51,625
7,6528,2048,0,0,16,16,408,441,256,697
7,6528,2048,0,0,64,64,102,189,32,221
7,6528,2176,0,0,64,64,102,49,68,117
7,6528,3280,0,0,16,16,408,49,410,459
7,6528,3672,0,0,102,102,64,49,72,121
7,6528,4624,0,0,16,16,408,287,289,576
7,6528,4624,0,0,16,16,408,336,289,625
7,6528,5184,0,0,16,16,408,49,648,697
7,6528,5440,0,0,16,16,408,49,680,729
7,6534,132,0,0,33,33,198,1323,8,1331
7,6534,297,0,0,33,33,198,616,9,625
7,6534,297,0,0,99,99,66,343,9,352
7,6534,528,0,0,33,33,198,875,16,891
7,6534,825,0,0,33,33,198,231,25,256
7,6534,2673,0,0,33,33,198,175,81,256
7,6534,2904,0,0,33,33,198,49,176,225
7,6534,3168,0,0,11,11,594,1043,288,1331
7,6534,3993,0,0,33,33,198,504,121,625
7,6536,86,0,0,86,86,76,168,1,169
7,6536,86,0,0,86,86,76,728,1,729
7,6536,516,0,0,86,86,76,343,18,361
7,6536,3096,0,0,86,86,76,133,36,169
7,6536,4902,0,0,86,86,76,112,57,169
7,6540,436,0,0,109,109,60,147,8,155
7,6540,2725,0,0,109,109,60,56,25,81
7,6550,75,0,0,25,25,262,343,9,352
7,6550,1048,0,0,131,131,50,49,16,65
7,6552,14,0,0,14,14,468,728,1,729
7,6552,14,0,0,14,14,468,4095,1,4096
7,6552,14,0,0,14,14,468,5264,1,5265
7,6552,78,0,0,39,39,168,2023,2,2025
7,6552,84,0,0,28,28,234,413,3,416
7,6552,84,0,0,84,84,78,168,1,169
7,6552,84,0,0,84,84,78,224,1,225
7,6552,84,0,0,84,84,78,350,1,351
7,6552,84,0,0,84,84,78,728,1,729
7,6552,182,0,0,14,14,468,987,13,1000
7,6552,351,0,0,39,39,168,280,9,289
7,6552,572,0,0,13,13,504,441,88,529
7,6552,1456,0,0,91,91,72,49,32,81
7,6552,1652,0,0,28,28,234,448,59,507
7,6552,1701,0,0,7,7,936,343,729,1072
7,6552,2366,0,0,14,14,468,560,169,729
7,6552,2632,0,0,14,14,468,4375,188,4563
7,6552,3402,0,0,42,42,156,1183,81,1264
7,6552,3900,0,0,39,39,168,189,100,289
7,6552,4032,0,0,14,14,468,49,576,625
7,6552,5376,0,0,84,84,78,105,64,169
7,6552,5600,0,0,14,14,468,329,400,729
7,6552,5670,0,0,14,14,468,1792,405,2197
7,6554,1808,0,0,113,113,58,49,32,81
7,6554,1808,0,0,113,113,58,609,16,625
7,6554,2825,0,0,113,113,58,56,25,81
7,6554,6554,0,0,113,113,58,567,58,625
7,6560,8,0,0,8,8,820,959,1,960
7,6560,8,0,0,8,8,820,1680,1,1681
7,6560,20,0,0,20,20,328,1372,3,1375
7,6560,20,0,0,20,20,328,1680,1,1681
7,6560,20,0,0,20,20,328,3024,1,3025
7,6560,41,0,0,41,41,160,224,1,225
7,6560,64,0,0,8,8,820,2009,16,2025
7,6560,160,0,0,20,20,328,2009,16,2025
7,6560,540,0,0,20,20,328,875,27,902
7,6560,720,0,0,20,20,328,343,108,451
7,6560,1280,0,0,20,20,328,1225,128,1353
7,6560,1980,0,0,20,20,328,343,297,640
7,6560,2500,0,0,20,20,328,847,125,972
7,6560,3200,0,0,20,20,328,49,320,369
7,6560,4500,0,0,20,20,328,287,225,512
7,6560,5760,0,0,20,20,328,49,576,625
7,6560,5832,0,0,8,8,820,3430,2187,5617
7,6560,6560,0,0,20,20,328,35,328,363
7,6560,6560,0,0,20,20,328,77,328,405
7,6570,45,0,0,45,45,146,511,1,512
7,6570,60,0,0,15,15,438,1323,8,1331
7,6570,60,0,0,15,15,438,5621,4,5625
7,6570,73,0,0,73,73,90,161,1,162
7,6570,73,0,0,73,73,90,224,1,225
7,6570,584,0,0,73,73,90,567,8,575
7,6570,648,0,0,9,9,730,3577,144,3721
7,6570,1875,0,0,15,15,438,847,125,972
7,6570,1971,0,0,9,9,730,343,657,1000
7,6570,3630,0,0,15,15,438,245,484,729
7,6570,4672,0,0,73,73,90,161,64,225
7,6570,5037,0,0,73,73,90,56,69,125
7,6570,5625,0,0,9,9,730,1022,625,1647
7,6576,137,0,0,137,137,48,63,1,64
7,6576,137,0,0,137,137,48,224,1,225
7,6576,3072,0,0,12,12,548,2401,1024,3425
7,6576,6576,0,0,12,12,548,77,548,625
7,6578,23,0,0,23,23,286,728,1,729
7,6578,3289,0,0,11,11,598,1701,299,2000
7,6578,5346,0,0,11,11,598,1225,972,2197
7,6580,14,0,0,7,7,940,2205,4,2209
7,6580,20,0,0,10,10,658,2205,4,2209
7,6580,160,0,0,10,10,658,875,16,891
7,6580,1504,0,0,94,94,70,49,32,81
7,6580,6016,0,0,47,47,140,497,128,625
7,6586,6586,0,0,37,37,178,49,356,405
7,6588,27,0,0,27,27,244,287,1,288
7,6588,183,0,0,61,61,108,343,9,352
7,6588,324,0,0,18,18,366,3703,18,3721
7,6588,1458,0,0,18,18,366,448,81,529
7,6592,128,0,0,16,16,412,721,8,729
7,6592,309,0,0,103,103,64,343,9,352
7,6592,3708,0,0,103,103,64,49,72,121
7,6600,20,0,0,20,20,330,1372,3,1375
7,6600,20,0,0,20,20,330,2240,1,2241
7,6600,20,0,0,20,20,330,3024,1,3025
7,6600,40,0,0,10,10,660,1323,8,1331
7,6600,48,0,0,12,12,550,1323,8,1331
7,6600,50,0,0,50,50,132,1407,1,1408
7,6600,55,0,0,55,55,120,224,1,225
7,6600,60,0,0,20,20,330,343,9,352
7,6600,90,0,0,30,30,220,343,9,352
7,6600,150,0,0,30,30,220,259,5,264
7,6600,160,0,0,10,10,660,875,16,891
7,6600,216,0,0,12,12,550,539,36,575
7,6600,300,0,0,100,100,66,343,9,352
7,6600,440,0,0,11,11,600,2107,80,2187
7,6600,440,0,0,55,55,120,175,8,183
7,6600,440,0,0,110,110,60,147,8,155
7,6600,480,0,0,20,20,330,343,72,415
7,6600,480,0,0,20,20,330,581,24,605
7,6600,594,0,0,66,66,100,119,9,128
7,6600,594,0,0,66,66,100,280,9,289
7,6600,825,0,0,75,75,88,189,11,200
7,6600,836,0,0,44,44,150,224,19,243
7,6600,836,0,0,44,44,150,343,57,400
7,6600,1056,0,0,66,66,100,119,16,135
7,6600,1056,0,0,132,132,50,49,16,65
7,6600,1500,0,0,12,12,550,847,125,972
7,6600,1650,0,0,66,66,100,119,25,144
7,6600,1875,0,0,75,75,88,49,50,99
7,6600,1875,0,0,75,75,88,231,25,256
7,6600,1980,0,0,20,20,330,343,297,640
7,6600,2420,0,0,10,10,660,245,484,729
7,6600,2750,0,0,10,10,660,2317,275,2592
7,6600,2750,0,0,110,110,60,56,25,81
7,6600,2904,0,0,12,12,550,245,484,729
7,6600,3310,0,0,10,10,660,560,331,891
7,6600,3310,0,0,10,10,660,693,331,1024
7,6600,3310,0,0,10,10,660,1694,331,2025
7,6600,3600,0,0,75,75,88,77,48,125
7,6600,4080,0,0,15,15,440,1925,272,2197
7,6600,4416,0,0,12,12,550,847,368,1215
7,6600,5346,0,0,66,66,100,119,81,200
7,6600,5346,0,0,66,66,100,175,81,256
7,6600,5550,0,0,30,30,220,112,185,297
7,6600,5760,0,0,20,20,330,49,576,625
7,6600,6075,0,0,75,75,88,175,81,256
7,6600,6336,0,0,22,22,300,49,576,625
7,6600,6348,0,0,12,12,550,175,529,704
7,6600,6348,0,0,12,12,550,560,529,1089
7,6600,6348,0,0,12,12,550,5103,529,5632
7,6600,6600,0,0,66,66,100,189,100,289
7,6600,6600,0,0,75,75,88,49,176,225
7,6604,325,0,0,13,13,508,2023,25,2048
7,6604,4420,0,0,13,13,508,49,680,729
7,6608,56,0,0,56,56,118,224,1,225
7,6608,3584,0,0,56,56,118,49,128,177
7,6608,6608,0,0,56,56,118,7,118,125
7,6612,38,0,0,38,38,174,231,1,232
7,6612,87,0,0,87,87,76,168,1,169
7,6612,87,0,0,87,87,76,728,1,729
7,6612,116,0,0,29,29,228,525,4,529
7,6612,174,0,0,29,29,228,343,18,361
7,6612,522,0,0,87,87,76,343,18,361
7,6612,725,0,0,29,29,228,336,25,361
7,6612,725,0,0,29,29,228,504,25,529
7,6612,783,0,0,29,29,228,448,27,475
7,6612,1334,0,0,29,29,228,315,46,361
7,6612,1824,0,0,114,114,58,49,32,81
7,6612,1824,0,0,114,114,58,609,16,625
7,6612,2349,0,0,29,29,228,175,81,256
7,6612,2349,0,0,29,29,228,280,81,361
7,6612,2349,0,0,29,29,228,448,81,529
7,6612,2755,0,0,29,29,228,161,95,256
7,6612,2850,0,0,114,114,58,56,25,81
7,6612,3132,0,0,87,87,76,133,36,169
7,6612,3625,0,0,29,29,228,483,125,608
7,6612,4959,0,0,87,87,76,112,57,169
7,6612,5800,0,0,29,29,228,161,200,361
7,6612,6612,0,0,114,114,58,567,58,625
7,6622,7,0,0,7,7,946,1848,1,1849
7,6622,2212,0,0,7,7,946,5929,632,6561
7,6622,5103,0,0,7,7,946,602,729,1331
7,6624,16,0,0,16,16,414,728,1,729
7,6624,16,0,0,16,16,414,896,1,897
7,6624,23,0,0,23,23,288,840,1,841
7,6624,138,0,0,138,138,48,63,1,64
7,6624,138,0,0,138,138,48,224,1,225
7,6624,256,0,0,8,8,828,3703,32,3735
7,6624,324,0,0,36,36,184,686,27,713
7,6624,667,0,0,23,23,288,700,29,729
7,6624,1472,0,0,92,92,72,49,32,81
7,6624,2704,0,0,16,16,414,567,169,736
7,6624,2916,0,0,36,36,184,448,81,529
7,6624,3320,0,0,8,8,828,1701,415,2116
7,6624,5616,0,0,16,16,414,161,351,512
7,6624,6624,0,0,23,23,288,49,576,625
7,6630,15,0,0,15,15,442,728,1,729
7,6630,15,0,0,15,15,442,1183,1,1184
7,6630,85,0,0,85,85,78,168,1,169
7,6630,85,0,0,85,85,78,224,1,225
7,6630,85,0,0,85,85,78,350,1,351
7,6630,85,0,0,85,85,78,728,1,729
7,6630,204,0,0,51,51,130,1323,8,1331
7,6630,204,0,0,51,51,130,1617,8,1625
7,6630,255,0,0,15,15,442,1036,17,1053
7,6630,561,0,0,51,51,130,147,22,169
7,6630,561,0,0,51,51,130,189,11,200
7,6630,561,0,0,51,51,130,364,11,375
7,6630,650,0,0,13,13,510,2401,200,2601
7,6630,663,0,0,51,51,130,350,13,363
7,6630,975,0,0,39,39,170,2023,25,2048
7,6630,1275,0,0,51,51,130,231,25,256
7,6630,1377,0,0,51,51,130,1183,27,1210
7,6630,1632,0,0,51,51,130,1183,32,1215
7,6630,2080,0,0,65,65,102,189,32,221
7,6630,2210,0,0,65,65,102,49,68,117
7,6630,2880,0,0,15,15,442,1813,384,2197
7,6630,3060,0,0,51,51,130,49,120,169
7,6630,3744,0,0,13,13,510,49,576,625
7,6630,4131,0,0,51,51,130,175,81,256
7,6630,4488,0,0,51,51,130,49,176,225
7,6630,5440,0,0,85,85,78,105,64,169
7,6630,6375,0,0,51,51,130,91,125,216
7,6630,6375,0,0,51,51,130,847,125,972
7,6630,6375,0,0,51,51,130,1323,250,1573
7,6636,35,0,0,7,7,948,2128,5,2133
7,6636,133,0,0,7,7,948,1106,19,1125
7,6636,2765,0,0,7,7,948,1792,395,2187
7,6640,1480,0,0,10,10,664,581,148,729
7,6642,27,0,0,27,27,246,287,1,288
7,6642,41,0,0,41,41,162,287,1,288
7,6642,45,0,0,9,9,738,1512,5,1517
7,6642,5904,0,0,9,9,738,1813,1312,3125
7,6642,6075,0,0,9,9,738,343,2025,2368
7,6650,35,0,0,35,35,190,224,1,225
7,6650,35,0,0,35,35,190,399,1,400
7,6650,1064,0,0,133,133,50,49,16,65
7,6650,1520,0,0,95,95,70,49,32,81
7,6650,2240,0,0,35,35,190,665,64,729
7,6656,312,0,0,104,104,64,343,9,352
7,6656,1352,0,0,8,8,832,3584,169,3753
7,6656,3744,0,0,104,104,64,49,72,121
7,6656,6656,0,0,32,32,208,35,208,243
7,6660,18,0,0,18,18,370,1295,1,1296
7,6660,45,0,0,45,45,148,224,1,225
7,6660,45,0,0,45,45,148,1295,1,1296
7,6660,74,0,0,74,74,90,161,1,162
7,6660,74,0,0,74,74,90,224,1,225
7,6660,444,0,0,111,111,60,147,8,155
7,6660,486,0,0,18,18,370,1120,27,1147
7,6660,592,0,0,74,74,90,567,8,575
7,6660,1998,0,0,18,18,370,1715,333,2048
7,6660,2250,0,0,18,18,370,259,125,384
7,6660,2775,0,0,111,111,60,56,25,81
7,6660,4736,0,0,74,74,90,161,64,225
7,6660,5106,0,0,74,74,90,56,69,125
7,6660,5184,0,0,18,18,370,49,576,625
7,6664,14,0,0,7,7,952,2597,4,2601
7,6664,56,0,0,28,28,238,2023,2,2025
7,6664,252,0,0,28,28,238,280,9,289
7,6664,2800,0,0,28,28,238,189,100,289
7,6666,303,0,0,101,101,66,343,9,352
7,6670,1840,0,0,115,115,58,49,32,81
7,6670,1840,0,0,115,115,58,609,16,625
7,6670,2875,0,0,115,115,58,56,25,81
7,6670,6670,0,0,115,115,58,567,58,625
7,6672,8,0,0,8,8,834,3969,2,3971
7,6672,139,0,0,139,139,48,63,1,64
7,6672,139,0,0,139,139,48,224,1,225
7,6672,192,0,0,8,8,834,6811,48,6859
7,6672,4096,0,0,8,8,834,1617,1024,2641
7,6688,76,0,0,19,19,352,1323,8,1331
7,6688,88,0,0,88,88,76,168,1,169
7,6688,88,0,0,88,88,76,728,1,729
7,6688,304,0,0,16,16,418,1925,19,1944
7,6688,304,0,0,16,16,418,2541,19,2560
7,6688,528,0,0,16,16,418,2527,33,2560
7,6688,528,0,0,88,88,76,343,18,361
7,6688,836,0,0,76,76,88,189,11,200
7,6688,1900,0,0,76,76,88,49,50,99
7,6688,1900,0,0,76,76,88,231,25,256
7,6688,3168,0,0,88,88,76,133,36,169
7,6688,3363,0,0,19,19,352,847,177,1024
7,6688,3648,0,0,76,76,88,77,48,125
7,6688,5016,0,0,88,88,76,112,57,169
7,6688,6156,0,0,76,76,88,175,81,256
7,6688,6688,0,0,76,76,88,49,176,225
7,6692,1134,0,0,14,14,478,875,81,956
7,6692,5250,0,0,14,14,478,1673,375,2048
7,6696,186,0,0,62,62,108,343,9,352
7,6696,306,0,0,18,18,372,847,17,864
7,6696,1152,0,0,18,18,372,833,128,961
7,6696,1488,0,0,93,93,72,49,32,81
7,6696,3357,0,0,9,9,744,651,373,1024
7,6698,68,0,0,17,17,394,1323,8,1331
7,6700,603,0,0,67,67,100,119,9,128
7,6700,603,0,0,67,67,100,280,9,289
7,6700,1072,0,0,67,67,100,119,16,135
7,6700,1072,0,0,134,134,50,49,16,65
7,6700,1675,0,0,67,67,100,119,25,144
7,6700,2430,0,0,10,10,670,343,729,1072
7,6700,5427,0,0,67,67,100,119,81,200
7,6700,5427,0,0,67,67,100,175,81,256
7,6700,6700,0,0,67,67,100,189,100,289
7,6708,26,0,0,26,26,258,350,1,351
7,6708,26,0,0,26,26,258,728,1,729
7,6708,86,0,0,86,86,78,168,1,169
7,6708,86,0,0,86,86,78,224,1,225
7,6708,86,0,0,86,86,78,350,1,351
7,6708,86,0,0,86,86,78,728,1,729
7,6708,1118,0,0,26,26,258,2457,43,2500
7,6708,1300,0,0,26,26,258,301,50,351
7,6708,2704,0,0,26,26,258,301,104,405
7,6708,3483,0,0,43,43,156,1183,81,1264
7,6708,4394,0,0,26,26,258,175,169,344
7,6708,4394,0,0,26,26,258,49,338,387
7,6708,4394,0,0,26,26,258,560,169,729
7,6708,4394,0,0,26,26,258,1680,169,1849
7,6708,5504,0,0,86,86,78,105,64,169
7,6710,187,0,0,11,11,610,4375,17,4392
7,6710,187,0,0,11,11,610,5103,17,5120
7,6710,550,0,0,11,11,610,2401,200,2601
7,6710,704,0,0,11,11,610,7497,128,7625
7,6710,1782,0,0,11,11,610,875,162,1037
7,6710,3168,0,0,11,11,610,49,576,625
7,6710,5632,0,0,11,11,610,525,512,1037
7,6710,6039,0,0,11,11,610,896,549,1445
7,6710,6710,0,0,11,11,610,119,610,729
7,6716,46,0,0,46,46,146,511,1,512
7,6720,7,0,0,7,7,960,1183,1,1184
7,6720,7,0,0,7,7,960,1295,1,1296
7,6720,7,0,0,7,7,960,2401,4,2405
7,6720,7,0,0,7,7,960,4095,1,4096
7,6720,21,0,0,7,7,960,10976,9,10985
7,6720,42,0,0,42,42,160,224,1,225
7,6720,48,0,0,24,24,280,2205,4,2209
7,6720,56,0,0,7,7,960,3367,8,3375
7,6720,56,0,0,56,56,120,224,1,225
7,6720,80,0,0,40,40,168,2023,2,2025
7,6720,112,0,0,28,28,240,1323,8,1331
7,6720,252,0,0,28,28,240,616,9,625
7,6720,315,0,0,105,105,64,343,9,352
7,6720,360,0,0,40,40,168,280,9,289
7,6720,448,0,0,7,7,960,6125,128,6253
7,6720,448,0,0,28,28,240,875,16,891
7,6720,448,0,0,56,56,120,175,8,183
7,6720,448,0,0,112,112,60,147,8,155
7,6720,700,0,0,28,28,240,231,25,256
7,6720,1036,0,0,7,7,960,1225,296,1521
7,6720,1183,0,0,7,7,960,2331,169,2500
7,6720,1344,0,0,7,7,960,1813,384,2197
7,6720,1536,0,0,96,96,70,49,32,81
7,6720,2268,0,0,28,28,240,175,81,256
7,6720,2800,0,0,112,112,60,56,25,81
7,6720,3388,0,0,28,28,240,504,121,625
7,6720,3402,0,0,7,7,960,1225,972,2197
7,6720,3780,0,0,105,105,64,49,72,121
7,6720,4000,0,0,40,40,168,189,100,289
7,6720,4725,0,0,7,7,960,343,2025,2368
7,6720,5103,0,0,7,7,960,455,729,1184
7,6720,5103,0,0,7,7,960,896,729,1625
7,6720,5103,0,0,7,7,960,3367,729,4096
7,6720,6144,0,0,48,48,140,497,128,625
7,6726,57,0,0,57,57,118,224,1,225
7,6726,3648,0,0,57,57,118,49,128,177
7,6726,6726,0,0,57,57,118,7,118,125
7,6728,29,0,0,29,29,232,728,1,729
7,6728,1856,0,0,116,116,58,49,32,81
7,6728,1856,0,0,116,116,58,609,16,625
7,6728,2900,0,0,116,116,58,56,25,81
7,6728,4901,0,0,29,29,232,672,169,841
7,6728,6728,0,0,116,116,58,567,58,625
7,6732,9,0,0,9,9,748,1155,1,1156
7,6732,9,0,0,9,9,748,1372,3,1375
7,6732,9,0,0,9,9,748,3024,1,3025
7,6732,51,0,0,51,51,132,1407,1,1408
7,6732,68,0,0,17,17,396,1323,8,1331
7,6732,136,0,0,34,34,198,1323,8,1331
7,6732,180,0,0,9,9,748,847,20,867
7,6732,264,0,0,33,33,204,721,8,729
7,6732,306,0,0,34,34,198,616,9,625
7,6732,306,0,0,102,102,66,343,9,352
7,6732,450,0,0,9,9,748,2401,200,2601
7,6732,544,0,0,34,34,198,875,16,891
7,6732,850,0,0,34,34,198,231,25,256
7,6732,1125,0,0,9,9,748,847,125,972
7,6732,1377,0,0,9,9,748,847,153,1000
7,6732,1496,0,0,22,22,306,2401,272,2673
7,6732,2112,0,0,66,66,102,189,32,221
7,6732,2244,0,0,66,66,102,49,68,117
7,6732,2754,0,0,34,34,198,175,81,256
7,6732,2992,0,0,34,34,198,49,176,225
7,6732,4114,0,0,34,34,198,504,121,625
7,6732,5346,0,0,9,9,748,343,1782,2125
7,6744,384,0,0,12,12,562,2401,128,2529
7,6744,972,0,0,12,12,562,1967,81,2048
7,6750,75,0,0,75,75,90,161,1,162
7,6750,75,0,0,75,75,90,224,1,225
7,6750,135,0,0,15,15,450,791,9,800
7,6750,600,0,0,75,75,90,567,8,575
7,6750,625,0,0,25,25,270,2023,25,2048
7,6750,855,0,0,45,45,150,224,19,243
7,6750,855,0,0,45,45,150,343,57,400
7,6750,1080,0,0,135,135,50,49,16,65
7,6750,4608,0,0,9,9,750,245,1024,1269
7,6750,4800,0,0,75,75,90,161,64,225
7,6750,5175,0,0,75,75,90,56,69,125
7,6750,6400,0,0,25,25,270,119,256,375
7,6752,216,0,0,8,8,844,1477,27,1504
7,6760,117,0,0,13,13,520,1015,9,1024
7,6760,208,0,0,13,13,520,609,16,625
7,6760,208,0,0,52,52,130,1323,8,1331
7,6760,208,0,0,52,52,130,1617,8,1625
7,6760,416,0,0,13,13,520,1183,32,1215
7,6760,500,0,0,20,20,338,2023,25,2048
7,6760,572,0,0,52,52,130,147,22,169
7,6760,572,0,0,52,52,130,189,11,200
7,6760,572,0,0,52,52,130,364,11,375
7,6760,676,0,0,52,52,130,350,13,363
7,6760,754,0,0,13,13,520,567,58,625
7,6760,845,0,0,13,13,520,6496,65,6561
7,6760,1300,0,0,52,52,130,231,25,256
7,6760,1404,0,0,52,52,130,1183,27,1210
7,6760,1664,0,0,13,13,520,3969,256,4225
7,6760,1664,0,0,52,52,130,1183,32,1215
7,6760,2600,0,0,13,13,520,441,400,841
7,6760,3120,0,0,52,52,130,49,120,169
7,6760,3328,0,0,13,13,520,875,256,1131
7,6760,3393,0,0,13,13,520,364,261,625
7,6760,4212,0,0,52,52,130,175,81,256
7,6760,4394,0,0,13,13,520,49,676,725
7,6760,4576,0,0,52,52,130,49,176,225
7,6760,6500,0,0,52,52,130,91,125,216
7,6760,6500,0,0,52,52,130,847,125,972
7,6760,6500,0,0,52,52,130,1323,250,1573
7,6764,89,0,0,89,89,76,168,1,169
7,6764,89,0,0,89,89,76,728,1,729
7,6764,534,0,0,89,89,76,343,18,361
7,6764,3204,0,0,89,89,76,133,36,169
7,6764,5073,0,0,89,89,76,112,57,169
7,6764,6764,0,0,38,38,178,49,356,405
7,6768,1504,0,0,94,94,72,49,32,81
7,6776,847,0,0,77,77,88,189,11,200
7,6776,1925,0,0,77,77,88,49,50,99
7,6776,1925,0,0,77,77,88,231,25,256
7,6776,3696,0,0,77,77,88,77,48,125
7,6776,6237,0,0,77,77,88,175,81,256
7,6776,6776,0,0,77,77,88,49,176,225
7,6780,270,0,0,10,10,678,2744,81,2825
7,6780,452,0,0,113,113,60,147,8,155
7,6780,500,0,0,10,10,678,2401,200,2601
7,6780,2825,0,0,113,113,60,56,25,81
7,6780,5120,0,0,10,10,678,5537,1024,6561
7,6784,318,0,0,106,106,64,343,9,352
7,6784,3816,0,0,106,106,64,49,72,121
7,6786,39,0,0,39,39,174,231,1,232
7,6786,87,0,0,29,29,234,413,3,416
7,6786,87,0,0,87,87,78,168,1,169
7,6786,87,0,0,87,87,78,224,1,225
7,6786,87,0,0,87,87,78,350,1,351
7,6786,87,0,0,87,87,78,728,1,729
7,6786,1711,0,0,29,29,234,448,59,507
7,6786,1872,0,0,117,117,58,49,32,81
7,6786,1872,0,0,117,117,58,609,16,625
7,6786,2925,0,0,117,117,58,56,25,81
7,6786,5568,0,0,87,87,78,105,64,169
7,6786,6786,0,0,117,117,58,567,58,625
7,6790,42,0,0,7,7,970,2401,24,2425
7,6790,1552,0,0,97,97,70,49,32,81
7,6798,176,0,0,11,11,618,945,16,961
7,6798,309,0,0,103,103,66,343,9,352
7,6798,1584,0,0,11,11,618,343,432,775
7,6798,2640,0,0,11,11,618,721,240,961
7,6798,6798,0,0,11,11,618,7,618,625
7,6800,80,0,0,20,20,340,357,4,361
7,6800,120,0,0,20,20,340,343,18,361
7,6800,136,0,0,8,8,850,5103,17,5120
7,6800,500,0,0,20,20,340,336,25,361
7,6800,500,0,0,20,20,340,2023,25,2048
7,6800,540,0,0,20,20,340,448,27,475
7,6800,612,0,0,68,68,100,119,9,128
7,6800,612,0,0,68,68,100,280,9,289
7,6800,640,0,0,10,10,680,833,128,961
7,6800,1000,0,0,40,40,170,2023,25,2048
7,6800,1088,0,0,68,68,100,119,16,135
7,6800,1088,0,0,136,136,50,49,16,65
7,6800,1520,0,0,20,20,340,1225,152,1377
7,6800,1620,0,0,20,20,340,280,81,361
7,6800,1620,0,0,20,20,340,1372,243,1615
7,6800,1700,0,0,68,68,100,119,25,144
7,6800,1704,0,0,8,8,850,875,213,1088
7,6800,2500,0,0,20,20,340,833,250,1083
7,6800,4896,0,0,17,17,400,49,576,625
7,6800,5120,0,0,8,8,850,567,640,1207
7,6800,5120,0,0,20,20,340,105,256,361
7,6800,5120,0,0,20,20,340,119,256,375
7,6800,5440,0,0,20,20,340,133,272,405
7,6800,5508,0,0,68,68,100,119,81,200
7,6800,5508,0,0,68,68,100,175,81,256
7,6800,6800,0,0,20,20,340,21,340,361
7,6800,6800,0,0,20,20,340,49,680,729
7,6800,6800,0,0,68,68,100,189,100,289
7,6802,5472,0,0,19,19,358,49,576,625
7,6804,42,0,0,42,42,162,287,1,288
7,6804,189,0,0,63,63,108,343,9,352
7,6808,46,0,0,46,46,148,224,1,225
7,6808,46,0,0,46,46,148,1295,1,1296
7,6808,333,0,0,37,37,184,686,27,713
7,6808,2997,0,0,37,37,184,448,81,529
7,6812,78,0,0,26,26,262,343,9,352
7,6816,12,0,0,12,12,568,1064,1,1065
7,6816,12,0,0,12,12,568,5040,1,5041
7,6816,16,0,0,16,16,426,567,1,568
7,6816,768,0,0,12,12,568,665,64,729
7,6816,2700,0,0,12,12,568,497,225,722
7,6816,3456,0,0,12,12,568,49,576,625
7,6820,93,0,0,31,31,220,343,9,352
7,6820,155,0,0,31,31,220,259,5,264
7,6820,310,0,0,10,10,682,2268,31,2299
7,6820,352,0,0,22,22,310,945,16,961
7,6820,550,0,0,22,22,310,378,25,403
7,6820,550,0,0,22,22,310,651,25,676
7,6820,704,0,0,22,22,310,1183,32,1215
7,6820,1430,0,0,22,22,310,896,65,961
7,6820,2200,0,0,22,22,310,637,200,837
7,6820,2816,0,0,22,22,310,147,256,403
7,6820,3168,0,0,22,22,310,343,432,775
7,6820,5735,0,0,31,31,220,112,185,297
7,6832,28,0,0,28,28,244,287,1,288
7,6834,2144,0,0,67,67,102,189,32,221
7,6834,2278,0,0,67,67,102,49,68,117
7,6834,4131,0,0,17,17,402,343,729,1072
7,6840,36,0,0,12,12,570,1232,3,1235
7,6840,36,0,0,12,12,570,3325,3,3328
7,6840,36,0,0,36,36,190,224,1,225
7,6840,36,0,0,36,36,190,399,1,400
7,6840,57,0,0,57,57,120,224,1,225
7,6840,60,0,0,12,12,570,1183,5,1188
7,6840,60,0,0,12,12,570,4389,5,4394
7,6840,76,0,0,76,76,90,161,1,162
7,6840,76,0,0,76,76,90,224,1,225
7,6840,90,0,0,90,90,76,168,1,169
7,6840,90,0,0,90,90,76,728,1,729
7,6840,120,0,0,20,20,342,343,18,361
7,6840,120,0,0,30,30,228,525,4,529
7,6840,180,0,0,30,30,228,343,18,361
7,6840,228,0,0,12,12,570,637,38,675
7,6840,228,0,0,12,12,570,1925,19,1944
7,6840,228,0,0,12,12,570,2541,19,2560
7,6840,228,0,0,12,12,570,4375,19,4394
7,6840,243,0,0,9,9,760,1778,27,1805
7,6840,288,0,0,12,12,570,2275,24,2299
7,6840,312,0,0,12,12,570,1323,52,1375
7,6840,396,0,0,12,12,570,1183,33,1216
7,6840,396,0,0,12,12,570,2527,33,2560
7,6840,456,0,0,12,12,570,567,38,605
7,6840,456,0,0,57,57,120,175,8,183
7,6840,456,0,0,114,114,60,147,8,155
7,6840,540,0,0,90,90,76,343,18,361
7,6840,608,0,0,76,76,90,567,8,575
7,6840,750,0,0,30,30,228,336,25,361
7,6840,750,0,0,30,30,228,504,25,529
7,6840,810,0,0,30,30,228,448,27,475
7,6840,1140,0,0,20,20,342,1792,57,1849
7,6840,1380,0,0,30,30,228,315,46,361
7,6840,1520,0,0,95,95,72,49,32,81
7,6840,1716,0,0,12,12,570,532,143,675
7,6840,1824,0,0,12,12,570,693,152,845
7,6840,2304,0,0,12,12,570,1183,192,1375
7,6840,2304,0,0,36,36,190,665,64,729
7,6840,2430,0,0,30,30,228,175,81,256
7,6840,2430,0,0,30,30,228,280,81,361
7,6840,2430,0,0,30,30,228,448,81,529
7,6840,2496,0,0,12,12,570,875,208,1083
7,6840,2808,0,0,12,12,570,343,702,1045
7,6840,2850,0,0,30,30,228,161,95,256
7,6840,2850,0,0,114,114,60,56,25,81
7,6840,2916,0,0,12,12,570,1330,243,1573
7,6840,3240,0,0,90,90,76,133,36,169
7,6840,3249,0,0,9,9,760,889,361,1250
7,6840,3750,0,0,30,30,228,483,125,608
7,6840,4864,0,0,76,76,90,161,64,225
7,6840,4992,0,0,12,12,570,189,416,605
7,6840,5130,0,0,90,90,76,112,57,169
7,6840,5244,0,0,76,76,90,56,69,125
7,6840,5832,0,0,9,9,760,2527,648,3175
7,6840,5832,0,0,12,12,570,1225,972,2197
7,6840,6000,0,0,12,12,570,539,1000,1539
7,6840,6000,0,0,30,30,228,161,200,361
7,6840,6084,0,0,12,12,570,133,507,640
7,6840,6084,0,0,12,12,570,1792,507,2299
7,6840,6084,0,0,12,12,570,1925,507,2432
7,6842,11,0,0,11,11,622,728,1,729
7,6844,58,0,0,58,58,118,224,1,225
7,6844,1888,0,0,118,118,58,49,32,81
7,6844,1888,0,0,118,118,58,609,16,625
7,6844,2950,0,0,118,118,58,56,25,81
7,6844,3712,0,0,58,58,118,49,128,177
7,6844,6844,0,0,58,58,118,7,118,125
7,6844,6844,0,0,118,118,58,567,58,625
7,6848,32,0,0,8,8,856,1323,8,1331
7,6848,88,0,0,8,8,856,1701,11,1712
7,6848,321,0,0,107,107,64,343,9,352
7,6848,3852,0,0,107,107,64,49,72,121
7,6848,6848,0,0,8,8,856,147,1712,1859
7,6850,1096,0,0,137,137,50,49,16,65
7,6860,1568,0,0,98,98,70,49,32,81
7,6860,6272,0,0,49,49,140,497,128,625
7,6862,47,0,0,47,47,146,511,1,512
7,6864,11,0,0,11,11,624,728,1,729
7,6864,24,0,0,24,24,286,728,1,729
7,6864,32,0,0,8,8,858,1323,8,1331
7,6864,32,0,0,8,8,858,1617,8,1625
7,6864,52,0,0,52,52,132,1407,1,1408
7,6864,88,0,0,8,8,858,1204,11,1215
7,6864,88,0,0,8,8,858,1365,11,1376
7,6864,88,0,0,88,88,78,168,1,169
7,6864,88,0,0,88,88,78,224,1,225
7,6864,88,0,0,88,88,78,350,1,351
7,6864,88,0,0,88,88,78,728,1,729
7,6864,104,0,0,8,8,858,6237,13,6250
7,6864,200,0,0,8,8,858,7371,25,7396
7,6864,216,0,0,8,8,858,1183,27,1210
7,6864,256,0,0,8,8,858,1183,32,1215
7,6864,312,0,0,104,104,66,343,9,352
7,6864,384,0,0,8,8,858,1715,144,1859
7,6864,858,0,0,78,78,88,189,11,200
7,6864,1000,0,0,8,8,858,847,125,972
7,6864,1000,0,0,8,8,858,1323,250,1573
7,6864,1040,0,0,13,13,528,343,240,583
7,6864,1280,0,0,8,8,858,1001,160,1161
7,6864,1280,0,0,8,8,858,9317,160,9477
7,6864,1950,0,0,78,78,88,49,50,99
7,6864,1950,0,0,78,78,88,231,25,256
7,6864,2048,0,0,8,8,858,819,256,1075
7,6864,2288,0,0,8,8,858,875,286,1161
7,6864,2496,0,0,8,8,858,1225,624,1849
7,6864,3000,0,0,8,8,858,1001,375,1376
7,6864,3240,0,0,8,8,858,1792,405,2197
7,6864,3432,0,0,13,13,528,2597,528,3125
7,6864,3564,0,0,44,44,156,1183,81,1264
7,6864,3744,0,0,78,78,88,77,48,125
7,6864,3784,0,0,8,8,858,567,473,1040
7,6864,3784,0,0,8,8,858,1575,473,2048
7,6864,5632,0,0,8,8,858,441,1408,1849
7,6864,5632,0,0,88,88,78,105,64,169
7,6864,6318,0,0,78,78,88,175,81,256
7,6864,6864,0,0,33,33,208,35,208,243
7,6864,6864,0,0,78,78,88,49,176,225
7,6880,43,0,0,43,43,160,224,1,225
7,6880,640,0,0,16,16,430,2107,80,2187
7,6888,21,0,0,21,21,328,1372,3,1375
7,6888,21,0,0,21,21,328,1680,1,1681
7,6888,21,0,0,21,21,328,3024,1,3025
7,6888,28,0,0,28,28,246,287,1,288
7,6888,82,0,0,41,41,168,2023,2,2025
7,6888,168,0,0,21,21,328,2009,16,2025
7,6888,287,0,0,7,7,984,4872,41,4913
7,6888,369,0,0,41,41,168,280,9,289
7,6888,567,0,0,21,21,328,875,27,902
7,6888,756,0,0,21,21,328,343,108,451
7,6888,1344,0,0,21,21,328,1225,128,1353
7,6888,2079,0,0,21,21,328,343,297,640
7,6888,2625,0,0,21,21,328,847,125,972
7,6888,3360,0,0,21,21,328,49,320,369
7,6888,4100,0,0,41,41,168,189,100,289
7,6888,4725,0,0,21,21,328,287,225,512
7,6888,5054,0,0,14,14,492,287,361,648
7,6888,5712,0,0,7,7,984,49,1632,1681
7,6888,6048,0,0,21,21,328,49,576,625
7,6888,6888,0,0,21,21,328,35,328,363
7,6888,6888,0,0,21,21,328,77,328,405
7,6890,212,0,0,53,53,130,1323,8,1331
7,6890,212,0,0,53,53,130,1617,8,1625
7,6890,583,0,0,53,53,130,147,22,169
7,6890,583,0,0,53,53,130,189,11,200
7,6890,583,0,0,53,53,130,364,11,375
7,6890,689,0,0,53,53,130,350,13,363
7,6890,1325,0,0,53,53,130,231,25,256
7,6890,1431,0,0,53,53,130,1183,27,1210
7,6890,1696,0,0,53,53,130,1183,32,1215
7,6890,3180,0,0,53,53,130,49,120,169
7,6890,4293,0,0,53,53,130,175,81,256
7,6890,4664,0,0,53,53,130,49,176,225
7,6890,6625,0,0,53,53,130,91,125,216
7,6890,6625,0,0,53,53,130,847,125,972
7,6890,6625,0,0,53,53,130,1323,250,1573
7,6900,40,0,0,10,10,690,1211,4,1215
7,6900,75,0,0,15,15,460,616,5,621
7,6900,460,0,0,115,115,60,147,8,155
7,6900,621,0,0,69,69,100,119,9,128
7,6900,621,0,0,69,69,100,280,9,289
7,6900,690,0,0,10,10,690,1211,69,1280
7,6900,874,0,0,46,46,150,224,19,243
7,6900,874,0,0,46,46,150,343,57,400
7,6900,1104,0,0,69,69,100,119,16,135
7,6900,1104,0,0,138,138,50,49,16,65
7,6900,1725,0,0,69,69,100,119,25,144
7,6900,2875,0,0,115,115,60,56,25,81
7,6900,5290,0,0,10,10,690,336,529,865
7,6900,5589,0,0,69,69,100,119,81,200
7,6900,5589,0,0,69,69,100,175,81,256
7,6900,6624,0,0,23,23,300,49,576,625
7,6900,6900,0,0,69,69,100,189,100,289
7,6902,58,0,0,29,29,238,2023,2,2025
7,6902,261,0,0,29,29,238,280,9,289
7,6902,1904,0,0,119,119,58,49,32,81
7,6902,1904,0,0,119,119,58,609,16,625
7,6902,2900,0,0,29,29,238,189,100,289
7,6902,2975,0,0,119,119,58,56,25,81
7,6902,6902,0,0,119,119,58,567,58,625
7,6912,24,0,0,24,24,288,840,1,841
7,6912,192,0,0,64,64,108,343,9,352
7,6912,324,0,0,108,108,64,343,9,352
7,6912,696,0,0,24,24,288,700,29,729
7,6912,1536,0,0,96,96,72,49,32,81
7,6912,3888,0,0,108,108,64,49,72,121
7,6912,6912,0,0,24,24,288,49,576,625
7,6916,7,0,0,7,7,988,1330,1,1331
7,6916,7,0,0,7,7,988,1372,3,1375
7,6916,7,0,0,7,7,988,2079,1,2080
7,6916,7,0,0,7,7,988,3024,1,3025
7,6916,7,0,0,7,7,988,3969,2,3971
7,6916,7,0,0,7,7,988,4095,1,4096
7,6916,7,0,0,7,7,988,5775,1,5776
7,6916,7,0,0,7,7,988,10647,1,10648
7,6916,7,0,0,7,7,988,12635,1,12636
7,6916,21,0,0,7,7,988,1232,3,1235
7,6916,21,0,0,7,7,988,3325,3,3328
7,6916,21,0,0,7,7,988,10976,9,10985
7,6916,56,0,0,7,7,988,2527,8,2535
7,6916,56,0,0,7,7,988,9625,8,9633
7,6916,91,0,0,91,91,76,168,1,169
7,6916,91,0,0,91,91,76,728,1,729
7,6916,168,0,0,7,7,988,2275,24,2299
7,6916,546,0,0,91,91,76,343,18,361
7,6916,1134,0,0,7,7,988,1463,162,1625
7,6916,1183,0,0,7,7,988,3080,169,3249
7,6916,1344,0,0,7,7,988,1183,192,1375
7,6916,1575,0,0,7,7,988,1183,225,1408
7,6916,1638,0,0,7,7,988,343,702,1045
7,6916,1664,0,0,13,13,532,4361,256,4617
7,6916,3192,0,0,7,7,988,875,456,1331
7,6916,3192,0,0,7,7,988,2401,1824,4225
7,6916,3276,0,0,91,91,76,133,36,169
7,6916,3402,0,0,7,7,988,1225,972,2197
7,6916,3500,0,0,7,7,988,539,1000,1539
7,6916,3549,0,0,7,7,988,1792,507,2299
7,6916,3549,0,0,7,7,988,1925,507,2432
7,6916,3584,0,0,7,7,988,819,512,1331
7,6916,4235,0,0,7,7,988,448,605,1053
7,6916,5103,0,0,7,7,988,896,729,1625
7,6916,5187,0,0,91,91,76,112,57,169
7,6916,6048,0,0,7,7,988,11011,864,11875
7,6916,6916,0,0,7,7,988,49,1976,2025
7,6930,21,0,0,21,21,330,1372,3,1375
7,6930,21,0,0,21,21,330,2240,1,2241
7,6930,21,0,0,21,21,330,3024,1,3025
7,6930,35,0,0,7,7,990,10633,15,10648
7,6930,63,0,0,21,21,330,343,9,352
7,6930,77,0,0,77,77,90,161,1,162
7,6930,77,0,0,77,77,90,224,1,225
7,6930,140,0,0,35,35,198,1323,8,1331
7,6930,217,0,0,7,7,990,1344,31,1375
7,6930,315,0,0,35,35,198,616,9,625
7,6930,315,0,0,105,105,66,343,9,352
7,6930,504,0,0,21,21,330,343,72,415
7,6930,504,0,0,21,21,330,581,24,605
7,6930,560,0,0,35,35,198,875,16,891
7,6930,616,0,0,77,77,90,567,8,575
7,6930,869,0,0,11,11,630,945,79,1024
7,6930,875,0,0,35,35,198,231,25,256
7,6930,1584,0,0,99,99,70,49,32,81
7,6930,2079,0,0,21,21,330,343,297,640
7,6930,2835,0,0,35,35,198,175,81,256
7,6930,3080,0,0,35,35,198,49,176,225
7,6930,4235,0,0,35,35,198,504,121,625
7,6930,4928,0,0,77,77,90,161,64,225
7,6930,5313,0,0,77,77,90,56,69,125
7,6930,6048,0,0,21,21,330,49,576,625
7,6936,34,0,0,17,17,408,2023,2,2025
7,6936,48,0,0,12,12,578,833,8,841
7,6936,272,0,0,34,34,204,721,8,729
7,6936,300,0,0,12,12,578,2023,25,2048
7,6936,425,0,0,17,17,408,672,25,697
7,6936,425,0,0,17,17,408,2023,25,2048
7,6936,867,0,0,17,17,408,574,51,625
7,6936,2176,0,0,17,17,408,441,256,697
7,6936,2176,0,0,68,68,102,189,32,221
7,6936,2312,0,0,68,68,102,49,68,117
7,6936,3485,0,0,17,17,408,49,410,459
7,6936,4913,0,0,17,17,408,287,289,576
7,6936,4913,0,0,17,17,408,336,289,625
7,6936,5508,0,0,17,17,408,49,648,697
7,6936,5780,0,0,17,17,408,49,680,729
7,6942,89,0,0,89,89,78,168,1,169
7,6942,89,0,0,89,89,78,224,1,225
7,6942,89,0,0,89,89,78,350,1,351
7,6942,89,0,0,89,89,78,728,1,729
7,6942,5696,0,0,89,89,78,105,64,169
7,6942,6942,0,0,39,39,178,49,356,405
7,6944,72,0,0,8,8,868,1015,9,1024
7,6944,128,0,0,8,8,868,945,16,961
7,6944,2088,0,0,8,8,868,700,261,961
7,6944,5000,0,0,8,8,868,336,625,961
7,6944,5000,0,0,8,8,868,6944,625,7569
7,6950,1112,0,0,139,139,50,49,16,65
7,6952,869,0,0,79,79,88,189,11,200
7,6952,1975,0,0,79,79,88,49,50,99
7,6952,1975,0,0,79,79,88,231,25,256
7,6952,3792,0,0,79,79,88,77,48,125
7,6952,6399,0,0,79,79,88,175,81,256
7,6952,6952,0,0,79,79,88,49,176,225
7,6954,342,0,0,19,19,366,3703,18,3721
7,6954,1539,0,0,19,19,366,448,81,529
7,6956,47,0,0,47,47,148,224,1,225
7,6956,47,0,0,47,47,148,1295,1,1296
7,6960,12,0,0,12,12,580,840,1,841
7,6960,30,0,0,30,30,232,728,1,729
7,6960,40,0,0,40,40,174,231,1,232
7,6960,58,0,0,58,58,120,224,1,225
7,6960,72,0,0,8,8,870,1015,9,1024
7,6960,72,0,0,12,12,580,2401,24,2425
7,6960,116,0,0,29,29,240,1323,8,1331
7,6960,261,0,0,29,29,240,616,9,625
7,6960,348,0,0,12,12,580,700,29,729
7,6960,464,0,0,29,29,240,875,16,891
7,6960,464,0,0,58,58,120,175,8,183
7,6960,464,0,0,116,116,60,147,8,155
7,6960,600,0,0,12,12,580,679,50,729
7,6960,648,0,0,8,8,870,2401,324,2725
7,6960,725,0,0,29,29,240,231,25,256
7,6960,872,0,0,8,8,870,2240,109,2349
7,6960,872,0,0,8,8,870,5075,109,5184
7,6960,1164,0,0,12,12,580,875,97,972
7,6960,1500,0,0,12,12,580,2688,125,2813
7,6960,1920,0,0,120,120,58,49,32,81
7,6960,1920,0,0,120,120,58,609,16,625
7,6960,1944,0,0,12,12,580,679,162,841
7,6960,2088,0,0,8,8,870,763,261,1024
7,6960,2349,0,0,29,29,240,175,81,256
7,6960,2900,0,0,116,116,60,56,25,81
7,6960,3000,0,0,120,120,58,56,25,81
7,6960,3456,0,0,12,12,580,49,576,625
7,6960,3509,0,0,29,29,240,504,121,625
7,6960,5070,0,0,30,30,232,672,169,841
7,6960,6960,0,0,120,120,58,567,58,625
7,6962,59,0,0,59,59,118,224,1,225
7,6962,3776,0,0,59,59,118,49,128,177
7,6962,6962,0,0,59,59,118,7,118,125
7,6966,27,0,0,27,27,258,350,1,351
7,6966,27,0,0,27,27,258,728,1,729
7,6966,43,0,0,43,43,162,287,1,288
7,6966,1161,0,0,27,27,258,2457,43,2500
7,6966,1350,0,0,27,27,258,301,50,351
7,6966,2304,0,0,9,9,774,2107,512,2619
7,6966,2808,0,0,27,27,258,301,104,405
7,6966,4563,0,0,27,27,258,175,169,344
7,6966,4563,0,0,27,27,258,49,338,387
7,6966,4563,0,0,27,27,258,560,169,729
7,6966,4563,0,0,27,27,258,1680,169,1849
7,6970,1025,0,0,41,41,170,2023,25,2048
7,6972,14,0,0,14,14,498,2240,1,2241
7,6972,4032,0,0,14,14,498,49,576,625
7,6976,327,0,0,109,109,64,343,9,352
7,6976,3924,0,0,109,109,64,49,72,121
7,6984,1552,0,0,97,97,72,49,32,81
7,6984,3456,0,0,12,12,582,4753,576,5329
7,6992,92,0,0,92,92,76,168,1,169
7,6992,92,0,0,92,92,76,728,1,729
7,6992,342,0,0,38,38,184,686,27,713
7,6992,552,0,0,92,92,76,343,18,361
7,6992,3078,0,0,38,38,184,448,81,529
7,6992,3312,0,0,92,92,76,133,36,169
7,6992,5244,0,0,92,92,76,112,57,169
7,6994,13,0,0,13,13,538,1344,1,1345
7,6994,3744,0,0,13,13,538,49,576,625
7,6994,6994,0,0,13,13,538,49,1076,1125
7,6996,11,0,0,11,11,636,847,1,848
7,6996,11,0,0,11,11,636,5103,1,5104
7,6996,53,0,0,53,53,132,1407,1,1408
7,6996,318,0,0,106,106,66,343,9,352
7,6996,1089,0,0,11,11,636,742,99,841
7,7000,50,0,0,25,25,280,2205,4,2209
7,7000,630,0,0,70,70,100,119,9,128
7,7000,630,0,0,70,70,100,280,9,289
7,7000,1120,0,0,70,70,100,119,16,135
7,7000,1280,0,0,10,10,700,3969,256,4225
7,7000,1600,0,0,100,100,70,49,32,81
7,7000,1750,0,0,70,70,100,119,25,144
7,7000,5670,0,0,70,70,100,119,81,200
7,7000,5670,0,0,70,70,100,175,81,256
7,7000,6250,0,0,10,10,700,896,625,1521
7,7000,6400,0,0,50,50,140,497,128,625
7,7000,7000,0,0,70,70,100,189,100,289
7,7002,9,0,0,9,9,778,3500,1,3501
7,7002,9,0,0,9,9,778,4095,1,4096
7,7002,4374,0,0,9,9,778,1225,972,2197
7,7002,6561,0,0,9,9,778,896,729,1625
7,7004,136,0,0,17,17,412,721,8,729
7,7008,48,0,0,48,48,146,511,1,512
7,7008,64,0,0,16,16,438,1323,8,1331
7,7008,64,0,0,16,16,438,5621,4,5625
7,7008,2000,0,0,16,16,438,847,125,972
7,7008,3872,0,0,16,16,438,245,484,729
7,7018,1936,0,0,121,121,58,49,32,81
7,7018,1936,0,0,121,121,58,609,16,625
7,7018,3025,0,0,121,121,58,56,25,81
7,7018,7018,0,0,121,121,58,567,58,625
7,7020,15,0,0,15,15,468,728,1,729
7,7020,15,0,0,15,15,468,4095,1,4096
7,7020,15,0,0,15,15,468,5264,1,5265
7,7020,40,0,0,10,10,702,1323,8,1331
7,7020,45,0,0,9,9,780,2023,5,2028
7,7020,45,0,0,9,9,780,4347,5,4352
7,7020,78,0,0,78,78,90,161,1,162
7,7020,78,0,0,78,78,90,224,1,225
7,7020,90,0,0,30,30,234,413,3,416
7,7020,90,0,0,90,90,78,168,1,169
7,7020,90,0,0,90,90,78,224,1,225
7,7020,90,0,0,90,90,78,350,1,351
7,7020,90,0,0,90,90,78,728,1,729
7,7020,153,0,0,9,9,780,1183,17,1200
7,7020,153,0,0,9,9,780,5103,17,5120
7,7020,195,0,0,15,15,468,987,13,1000
7,7020,195,0,0,65,65,108,343,9,352
7,7020,216,0,0,54,54,130,1323,8,1331
7,7020,216,0,0,54,54,130,1617,8,1625
7,7020,360,0,0,9,9,780,1547,40,1587
7,7020,468,0,0,117,117,60,147,8,155
7,7020,486,0,0,9,9,780,3703,54,3757
7,7020,594,0,0,54,54,130,147,22,169
7,7020,594,0,0,54,54,130,189,11,200
7,7020,594,0,0,54,54,130,364,11,375
7,7020,612,0,0,9,9,780,7203,272,7475
7,7020,624,0,0,78,78,90,567,8,575
7,7020,650,0,0,26,26,270,2023,25,2048
7,7020,702,0,0,54,54,130,350,13,363
7,7020,1035,0,0,9,9,780,637,230,867
7,7020,1035,0,0,9,9,780,3213,115,3328
7,7020,1350,0,0,54,54,130,231,25,256
7,7020,1458,0,0,54,54,130,1183,27,1210
7,7020,1728,0,0,54,54,130,1183,32,1215
7,7020,1770,0,0,30,30,234,448,59,507
7,7020,2187,0,0,9,9,780,8750,243,8993
7,7020,2535,0,0,15,15,468,560,169,729
7,7020,2691,0,0,9,9,780,1701,299,2000
7,7020,2820,0,0,15,15,468,4375,188,4563
7,7020,2925,0,0,117,117,60,56,25,81
7,7020,3240,0,0,54,54,130,49,120,169
7,7020,3645,0,0,45,45,156,1183,81,1264
7,7020,3744,0,0,13,13,540,49,576,625
7,7020,4320,0,0,15,15,468,49,576,625
7,7020,4374,0,0,9,9,780,1225,972,2197
7,7020,4374,0,0,54,54,130,175,81,256
7,7020,4752,0,0,54,54,130,49,176,225
7,7020,4896,0,0,9,9,780,637,1088,1725
7,7020,4992,0,0,78,78,90,161,64,225
7,7020,5382,0,0,78,78,90,56,69,125
7,7020,5589,0,0,9,9,780,224,621,845
7,7020,5760,0,0,9,9,780,1547,640,2187
7,7020,5760,0,0,90,90,78,105,64,169
7,7020,6000,0,0,15,15,468,329,400,729
7,7020,6075,0,0,15,15,468,1792,405,2197
7,7020,6656,0,0,26,26,270,119,256,375
7,7020,6750,0,0,54,54,130,91,125,216
7,7020,6750,0,0,54,54,130,847,125,972
7,7020,6750,0,0,54,54,130,1323,250,1573
7,7030,19,0,0,19,19,370,1295,1,1296
7,7030,37,0,0,37,37,190,224,1,225
7,7030,37,0,0,37,37,190,399,1,400
7,7030,513,0,0,19,19,370,1120,27,1147
7,7030,2109,0,0,19,19,370,1715,333,2048
7,7030,2368,0,0,37,37,190,665,64,729
7,7030,2375,0,0,19,19,370,259,125,384
7,7030,5472,0,0,19,19,370,49,576,625
7,7038,17,0,0,17,17,414,728,1,729
7,7038,17,0,0,17,17,414,896,1,897
7,7038,1564,0,0,23,23,306,2401,272,2673
7,7038,2208,0,0,69,69,102,189,32,221
7,7038,2346,0,0,69,69,102,49,68,117
7,7038,2873,0,0,17,17,414,567,169,736
7,7038,5967,0,0,17,17,414,161,351,512
7,7040,44,0,0,44,44,160,224,1,225
7,7040,80,0,0,20,20,352,1323,8,1331
7,7040,96,0,0,32,32,220,343,9,352
7,7040,160,0,0,32,32,220,259,5,264
7,7040,330,0,0,110,110,64,343,9,352
7,7040,880,0,0,80,80,88,189,11,200
7,7040,2000,0,0,80,80,88,49,50,99
7,7040,2000,0,0,80,80,88,231,25,256
7,7040,3540,0,0,20,20,352,847,177,1024
7,7040,3840,0,0,80,80,88,77,48,125
7,7040,3960,0,0,110,110,64,49,72,121
7,7040,4352,0,0,16,16,440,1925,272,2197
7,7040,5920,0,0,32,32,220,112,185,297
7,7040,6480,0,0,80,80,88,175,81,256
7,7040,7040,0,0,80,80,88,49,176,225
7,7050,893,0,0,47,47,150,224,19,243
7,7050,893,0,0,47,47,150,343,57,400
7,7056,84,0,0,42,42,168,2023,2,2025
7,7056,378,0,0,42,42,168,280,9,289
7,7056,616,0,0,14,14,504,441,88,529
7,7056,1568,0,0,98,98,72,49,32,81
7,7056,2124,0,0,12,12,588,448,177,625
7,7056,4200,0,0,42,42,168,189,100,289
7,7062,321,0,0,107,107,66,343,9,352
7,7068,93,0,0,93,93,76,168,1,169
7,7068,93,0,0,93,93,76,728,1,729
7,7068,124,0,0,31,31,228,525,4,529
7,7068,186,0,0,31,31,228,343,18,361
7,7068,323,0,0,19,19,372,847,17,864
7,7068,558,0,0,93,93,76,343,18,361
7,7068,775,0,0,31,31,228,336,25,361
7,7068,775,0,0,31,31,228,504,25,529
7,7068,837,0,0,31,31,228,448,27,475
7,7068,1216,0,0,19,19,372,833,128,961
7,7068,1426,0,0,31,31,228,315,46,361
7,7068,2511,0,0,31,31,228,175,81,256
7,7068,2511,0,0,31,31,228,280,81,361
7,7068,2511,0,0,31,31,228,448,81,529
7,7068,2945,0,0,31,31,228,161,95,256
7,7068,3348,0,0,93,93,76,133,36,169
7,7068,3875,0,0,31,31,228,483,125,608
7,7068,5301,0,0,93,93,76,112,57,169
7,7068,6200,0,0,31,31,228,161,200,361
7,7070,1616,0,0,101,101,70,49,32,81
7,7072,16,0,0,16,16,442,728,1,729
7,7072,16,0,0,16,16,442,1183,1,1184
7,7072,272,0,0,16,16,442,1036,17,1053
7,7072,3072,0,0,16,16,442,1813,384,2197
7,7072,7072,0,0,34,34,208,35,208,243
7,7074,81,0,0,27,27,262,343,9,352
7,7076,29,0,0,29,29,244,287,1,288
7,7076,1952,0,0,122,122,58,49,32,81
7,7076,1952,0,0,122,122,58,609,16,625
7,7076,3050,0,0,122,122,58,56,25,81
7,7076,7076,0,0,122,122,58,567,58,625
7,7080,10,0,0,10,10,708,3479,2,3481
7,7080,10,0,0,10,10,708,5040,1,5041
7,7080,59,0,0,59,59,120,224,1,225
7,7080,60,0,0,60,60,118,224,1,225
7,7080,472,0,0,59,59,120,175,8,183
7,7080,472,0,0,118,118,60,147,8,155
7,7080,710,0,0,10,10,708,3304,71,3375
7,7080,2950,0,0,118,118,60,56,25,81
7,7080,3840,0,0,60,60,118,49,128,177
7,7080,7080,0,0,60,60,118,7,118,125
7,7092,72,0,0,18,18,394,1323,8,1331
7,7098,91,0,0,91,91,78,168,1,169
7,7098,91,0,0,91,91,78,224,1,225
7,7098,91,0,0,91,91,78,350,1,351
7,7098,91,0,0,91,91,78,728,1,729
7,7098,525,0,0,21,21,338,2023,25,2048
7,7098,5824,0,0,91,91,78,105,64,169
7,7100,639,0,0,71,71,100,119,9,128
7,7100,639,0,0,71,71,100,280,9,289
7,7100,1136,0,0,71,71,100,119,16,135
7,7100,1775,0,0,71,71,100,119,25,144
7,7100,5751,0,0,71,71,100,119,81,200
7,7100,5751,0,0,71,71,100,175,81,256
7,7100,7100,0,0,71,71,100,189,100,289
7,7104,8,0,0,8,8,888,1295,1,1296
7,7104,48,0,0,12,12,592,1323,8,1331
7,7104,48,0,0,48,48,148,224,1,225
7,7104,48,0,0,48,48,148,1295,1,1296
7,7104,333,0,0,111,111,64,343,9,352
7,7104,888,0,0,8,8,888,1715,333,2048
7,7104,3996,0,0,111,111,64,49,72,121
7,7104,7104,0,0,12,12,592,147,1184,1331
7,7106,323,0,0,17,17,418,1925,19,1944
7,7106,323,0,0,17,17,418,2541,19,2560
7,7106,561,0,0,17,17,418,2527,33,2560
7,7110,9,0,0,9,9,790,1372,3,1375
7,7110,9,0,0,9,9,790,3024,1,3025
7,7110,79,0,0,79,79,90,161,1,162
7,7110,79,0,0,79,79,90,224,1,225
7,7110,632,0,0,79,79,90,567,8,575
7,7110,1125,0,0,9,9,790,847,125,972
7,7110,2025,0,0,9,9,790,1106,225,1331
7,7110,2844,0,0,9,9,790,5929,632,6561
7,7110,5056,0,0,79,79,90,161,64,225
7,7110,5451,0,0,79,79,90,56,69,125
7,7110,6561,0,0,9,9,790,140,729,869
7,7112,350,0,0,14,14,508,2023,25,2048
7,7112,4760,0,0,14,14,508,49,680,729
7,7120,7120,0,0,40,40,178,49,356,405
7,7124,3328,0,0,13,13,548,2401,1024,3425
7,7124,7124,0,0,13,13,548,77,548,625
7,7128,44,0,0,44,44,162,287,1,288
7,7128,54,0,0,54,54,132,1407,1,1408
7,7128,72,0,0,18,18,396,1323,8,1331
7,7128,144,0,0,36,36,198,1323,8,1331
7,7128,198,0,0,66,66,108,343,9,352
7,7128,324,0,0,36,36,198,616,9,625
7,7128,324,0,0,108,108,66,343,9,352
7,7128,352,0,0,11,11,648,1183,32,1215
7,7128,576,0,0,36,36,198,875,16,891
7,7128,891,0,0,81,81,88,189,11,200
7,7128,900,0,0,36,36,198,231,25,256
7,7128,1584,0,0,99,99,72,49,32,81
7,7128,2025,0,0,81,81,88,49,50,99
7,7128,2025,0,0,81,81,88,231,25,256
7,7128,2916,0,0,36,36,198,175,81,256
7,7128,3168,0,0,36,36,198,49,176,225
7,7128,3456,0,0,12,12,594,1043,288,1331
7,7128,3888,0,0,81,81,88,77,48,125
7,7128,4356,0,0,36,36,198,504,121,625
7,7128,4455,0,0,11,11,648,1792,405,2197
7,7128,6561,0,0,81,81,88,175,81,256
7,7128,7128,0,0,81,81,88,49,176,225
7,7130,368,0,0,23,23,310,945,16,961
7,7130,575,0,0,23,23,310,378,25,403
7,7130,575,0,0,23,23,310,651,25,676
7,7130,736,0,0,23,23,310,1183,32,1215
7,7130,1495,0,0,23,23,310,896,65,961
7,7130,2300,0,0,23,23,310,637,200,837
7,7130,2944,0,0,23,23,310,147,256,403
7,7130,3312,0,0,23,23,310,343,432,775
7,7134,29,0,0,29,29,246,287,1,288
7,7134,41,0,0,41,41,174,231,1,232
7,7134,1968,0,0,123,123,58,49,32,81
7,7134,1968,0,0,123,123,58,609,16,625
7,7134,3075,0,0,123,123,58,56,25,81
7,7134,7134,0,0,123,123,58,567,58,625
7,7140,60,0,0,30,30,238,2023,2,2025
7,7140,84,0,0,21,21,340,357,4,361
7,7140,126,0,0,21,21,340,343,18,361
7,7140,270,0,0,30,30,238,280,9,289
7,7140,280,0,0,35,35,204,721,8,729
7,7140,476,0,0,119,119,60,147,8,155
7,7140,525,0,0,21,21,340,336,25,361
7,7140,525,0,0,21,21,340,2023,25,2048
7,7140,567,0,0,21,21,340,448,27,475
7,7140,700,0,0,14,14,510,2401,200,2601
7,7140,1050,0,0,42,42,170,2023,25,2048
7,7140,1596,0,0,21,21,340,1225,152,1377
7,7140,1632,0,0,102,102,70,49,32,81
7,7140,1701,0,0,21,21,340,280,81,361
7,7140,1701,0,0,21,21,340,1372,243,1615
7,7140,2240,0,0,70,70,102,189,32,221
7,7140,2380,0,0,70,70,102,49,68,117
7,7140,2625,0,0,21,21,340,833,250,1083
7,7140,2975,0,0,119,119,60,56,25,81
7,7140,3000,0,0,30,30,238,189,100,289
7,7140,4032,0,0,14,14,510,49,576,625
7,7140,5376,0,0,21,21,340,105,256,361
7,7140,5376,0,0,21,21,340,119,256,375
7,7140,5712,0,0,21,21,340,133,272,405
7,7140,6528,0,0,51,51,140,497,128,625
7,7140,7140,0,0,21,21,340,21,340,361
7,7140,7140,0,0,21,21,340,49,680,729
7,7144,94,0,0,94,94,76,168,1,169
7,7144,94,0,0,94,94,76,728,1,729
7,7144,564,0,0,94,94,76,343,18,361
7,7144,3384,0,0,94,94,76,133,36,169
7,7144,5358,0,0,94,94,76,112,57,169
7,7150,25,0,0,25,25,286,728,1,729
7,7150,52,0,0,13,13,550,1323,8,1331
7,7150,220,0,0,55,55,130,1323,8,1331
7,7150,220,0,0,55,55,130,1617,8,1625
7,7150,234,0,0,13,13,550,539,36,575
7,7150,605,0,0,55,55,130,147,22,169
7,7150,605,0,0,55,55,130,189,11,200
7,7150,605,0,0,55,55,130,364,11,375
7,7150,715,0,0,55,55,130,350,13,363
7,7150,1375,0,0,55,55,130,231,25,256
7,7150,1485,0,0,55,55,130,1183,27,1210
7,7150,1625,0,0,13,13,550,847,125,972
7,7150,1760,0,0,55,55,130,1183,32,1215
7,7150,3146,0,0,13,13,550,245,484,729
7,7150,3300,0,0,55,55,130,49,120,169
7,7150,4455,0,0,55,55,130,175,81,256
7,7150,4784,0,0,13,13,550,847,368,1215
7,7150,4840,0,0,55,55,130,49,176,225
7,7150,6875,0,0,55,55,130,91,125,216
7,7150,6875,0,0,55,55,130,847,125,972
7,7150,6875,0,0,55,55,130,1323,250,1573
7,7150,6877,0,0,13,13,550,175,529,704
7,7150,6877,0,0,13,13,550,560,529,1089
7,7150,6877,0,0,13,13,550,5103,529,5632
7,7154,49,0,0,49,49,146,511,1,512
7,7160,5760,0,0,20,20,358,49,576,625
7,7168,336,0,0,112,112,64,343,9,352
7,7168,4032,0,0,112,112,64,49,72,121
7,7170,1215,0,0,15,15,478,875,81,956
7,7170,5625,0,0,15,15,478,1673,375,2048
7,7176,92,0,0,92,92,78,168,1,169
7,7176,92,0,0,92,92,78,224,1,225
7,7176,92,0,0,92,92,78,350,1,351
7,7176,92,0,0,92,92,78,728,1,729
7,7176,351,0,0,39,39,184,686,27,713
7,7176,3159,0,0,39,39,184,448,81,529
7,7176,3588,0,0,12,12,598,1701,299,2000
7,7176,3726,0,0,46,46,156,1183,81,1264
7,7176,5832,0,0,12,12,598,1225,972,2197
7,7176,5888,0,0,92,92,78,105,64,169
7,7182,126,0,0,21,21,342,343,18,361
7,7182,1197,0,0,21,21,342,1792,57,1849
7,7182,5625,0,0,9,9,798,399,625,1024
7,7192,31,0,0,31,31,232,728,1,729
7,7192,1984,0,0,124,124,58,49,32,81
7,7192,1984,0,0,124,124,58,609,16,625
7,7192,3100,0,0,124,124,58,56,25,81
7,7192,5239,0,0,31,31,232,672,169,841
7,7192,7192,0,0,124,124,58,567,58,625
7,7194,327,0,0,109,109,66,343,9,352
7,7198,61,0,0,61,61,118,224,1,225
7,7198,3904,0,0,61,61,118,49,128,177
7,7198,7198,0,0,61,61,118,7,118,125
7,7200,25,0,0,25,25,288,840,1,841
7,7200,32,0,0,8,8,900,1323,8,1331
7,7200,45,0,0,45,45,160,224,1,225
7,7200,60,0,0,60,60,120,224,1,225
7,7200,80,0,0,80,80,90,161,1,162
7,7200,80,0,0,80,80,90,224,1,225
7,7200,120,0,0,30,30,240,1323,8,1331
7,7200,144,0,0,16,16,450,791,9,800
7,7200,256,0,0,8,8,900,1617,64,1681
7,7200,270,0,0,30,30,240,616,9,625
7,7200,480,0,0,12,12,600,2107,80,2187
7,7200,480,0,0,30,30,240,875,16,891
7,7200,480,0,0,60,60,120,175,8,183
7,7200,480,0,0,120,120,60,147,8,155
7,7200,640,0,0,10,10,720,665,64,729
7,7200,640,0,0,80,80,90,567,8,575
7,7200,648,0,0,72,72,100,119,9,128
7,7200,648,0,0,72,72,100,280,9,289
7,7200,725,0,0,25,25,288,700,29,729
7,7200,750,0,0,30,30,240,231,25,256
7,7200,912,0,0,48,48,150,224,19,243
7,7200,912,0,0,48,48,150,343,57,400
7,7200,984,0,0,8,8,900,1925,123,2048
7,7200,1000,0,0,8,8,900,847,125,972
7,7200,1152,0,0,72,72,100,119,16,135
7,7200,1600,0,0,100,100,72,49,32,81
7,7200,1800,0,0,72,72,100,119,25,144
7,7200,2430,0,0,30,30,240,175,81,256
7,7200,3000,0,0,120,120,60,56,25,81
7,7200,3630,0,0,30,30,240,504,121,625
7,7200,5120,0,0,80,80,90,161,64,225
7,7200,5184,0,0,18,18,400,49,576,625
7,7200,5520,0,0,80,80,90,56,69,125
7,7200,5832,0,0,72,72,100,119,81,200
7,7200,5832,0,0,72,72,100,175,81,256
7,7200,6912,0,0,24,24,300,49,576,625
7,7200,7200,0,0,25,25,288,49,576,625
7,7200,7200,0,0,72,72,100,189,100,289
7,7210,1648,0,0,103,103,70,49,32,81
7,7216,22,0,0,22,22,328,1372,3,1375
7,7216,22,0,0,22,22,328,1680,1,1681
7,7216,22,0,0,22,22,328,3024,1,3025
7,7216,176,0,0,22,22,328,2009,16,2025
7,7216,594,0,0,22,22,328,875,27,902
7,7216,792,0,0,22,22,328,343,108,451
7,7216,902,0,0,82,82,88,189,11,200
7,7216,1408,0,0,22,22,328,1225,128,1353
7,7216,2050,0,0,82,82,88,49,50,99
7,7216,2050,0,0,82,82,88,231,25,256
7,7216,2178,0,0,22,22,328,343,297,640
7,7216,2750,0,0,22,22,328,847,125,972
7,7216,3520,0,0,22,22,328,49,320,369
7,7216,3936,0,0,82,82,88,77,48,125
7,7216,4950,0,0,22,22,328,287,225,512
7,7216,6336,0,0,22,22,328,49,576,625
7,7216,6642,0,0,82,82,88,175,81,256
7,7216,7216,0,0,22,22,328,35,328,363
7,7216,7216,0,0,22,22,328,77,328,405
7,7216,7216,0,0,82,82,88,49,176,225
7,7220,38,0,0,38,38,190,224,1,225
7,7220,38,0,0,38,38,190,399,1,400
7,7220,95,0,0,95,95,76,168,1,169
7,7220,95,0,0,95,95,76,728,1,729
7,7220,570,0,0,95,95,76,343,18,361
7,7220,2432,0,0,38,38,190,665,64,729
7,7220,3420,0,0,95,95,76,133,36,169
7,7220,5415,0,0,95,95,76,112,57,169
7,7224,28,0,0,28,28,258,350,1,351
7,7224,28,0,0,28,28,258,728,1,729
7,7224,86,0,0,43,43,168,2023,2,2025
7,7224,387,0,0,43,43,168,280,9,289
7,7224,1204,0,0,28,28,258,2457,43,2500
7,7224,1400,0,0,28,28,258,301,50,351
7,7224,2912,0,0,28,28,258,301,104,405
7,7224,4300,0,0,43,43,168,189,100,289
7,7224,4732,0,0,28,28,258,175,169,344
7,7224,4732,0,0,28,28,258,49,338,387
7,7224,4732,0,0,28,28,258,560,169,729
7,7224,4732,0,0,28,28,258,1680,169,1849
7,7232,339,0,0,113,113,64,343,9,352
7,7232,4068,0,0,113,113,64,49,72,121
7,7232,4096,0,0,8,8,904,5537,1024,6561
7,7236,9,0,0,9,9,804,1519,2,1521
7,7236,201,0,0,67,67,108,343,9,352
7,7236,1458,0,0,9,9,804,637,324,961
7,7236,4374,0,0,18,18,402,343,729,1072
7,7236,4464,0,0,9,9,804,1701,496,2197
7,7238,22,0,0,11,11,658,2205,4,2209
7,7238,176,0,0,11,11,658,875,16,891
7,7242,17,0,0,17,17,426,567,1,568
7,7242,2272,0,0,71,71,102,189,32,221
7,7242,2414,0,0,71,71,102,49,68,117
7,7248,1816,0,0,8,8,906,343,681,1024
7,7250,2000,0,0,125,125,58,49,32,81
7,7250,2000,0,0,125,125,58,609,16,625
7,7250,3125,0,0,125,125,58,56,25,81
7,7250,7250,0,0,125,125,58,567,58,625
7,7252,49,0,0,49,49,148,224,1,225
7,7252,49,0,0,49,49,148,1295,1,1296
7,7254,93,0,0,31,31,234,413,3,416
7,7254,93,0,0,93,93,78,168,1,169
7,7254,93,0,0,93,93,78,224,1,225
7,7254,93,0,0,93,93,78,350,1,351
7,7254,93,0,0,93,93,78,728,1,729
7,7254,1829,0,0,31,31,234,448,59,507
7,7254,5952,0,0,93,93,78,105,64,169
7,7260,22,0,0,22,22,330,1372,3,1375
7,7260,22,0,0,22,22,330,2240,1,2241
7,7260,22,0,0,22,22,330,3024,1,3025
7,7260,44,0,0,11,11,660,1323,8,1331
7,7260,55,0,0,55,55,132,1407,1,1408
7,7260,66,0,0,22,22,330,343,9,352
7,7260,99,0,0,33,33,220,343,9,352
7,7260,165,0,0,33,33,220,259,5,264
7,7260,176,0,0,11,11,660,875,16,891
7,7260,330,0,0,110,110,66,343,9,352
7,7260,484,0,0,121,121,60,147,8,155
7,7260,528,0,0,22,22,330,343,72,415
7,7260,528,0,0,22,22,330,581,24,605
7,7260,2178,0,0,22,22,330,343,297,640
7,7260,2662,0,0,11,11,660,245,484,729
7,7260,3025,0,0,11,11,660,2317,275,2592
7,7260,3025,0,0,121,121,60,56,25,81
7,7260,3641,0,0,11,11,660,560,331,891
7,7260,3641,0,0,11,11,660,693,331,1024
7,7260,3641,0,0,11,11,660,1694,331,2025
7,7260,6105,0,0,33,33,220,112,185,297
7,7260,6336,0,0,22,22,330,49,576,625
7,7272,909,0,0,9,9,808,3024,101,3125
7,7272,1616,0,0,101,101,72,49,32,81
7,7280,52,0,0,26,26,280,2205,4,2209
7,7280,72,0,0,8,8,910,2366,9,2375
7,7280,126,0,0,14,14,520,1015,9,1024
7,7280,224,0,0,14,14,520,609,16,625
7,7280,224,0,0,56,56,130,1323,8,1331
7,7280,224,0,0,56,56,130,1617,8,1625
7,7280,448,0,0,14,14,520,1183,32,1215
7,7280,520,0,0,8,8,910,2527,65,2592
7,7280,616,0,0,56,56,130,147,22,169
7,7280,616,0,0,56,56,130,189,11,200
7,7280,616,0,0,56,56,130,364,11,375
7,7280,728,0,0,56,56,130,350,13,363
7,7280,812,0,0,14,14,520,567,58,625
7,7280,910,0,0,14,14,520,6496,65,6561
7,7280,1024,0,0,8,8,910,3969,256,4225
7,7280,1080,0,0,8,8,910,4459,405,4864
7,7280,1400,0,0,56,56,130,231,25,256
7,7280,1512,0,0,56,56,130,1183,27,1210
7,7280,1664,0,0,104,104,70,49,32,81
7,7280,1792,0,0,14,14,520,3969,256,4225
7,7280,1792,0,0,56,56,130,1183,32,1215
7,7280,2800,0,0,14,14,520,441,400,841
7,7280,3360,0,0,56,56,130,49,120,169
7,7280,3584,0,0,14,14,520,875,256,1131
7,7280,3654,0,0,14,14,520,364,261,625
7,7280,4536,0,0,56,56,130,175,81,256
7,7280,4732,0,0,14,14,520,49,676,725
7,7280,4928,0,0,56,56,130,49,176,225
7,7280,5000,0,0,8,8,910,399,625,1024
7,7280,5000,0,0,8,8,910,819,625,1444
7,7280,5000,0,0,8,8,910,896,625,1521
7,7280,6400,0,0,8,8,910,4459,2400,6859
7,7280,6656,0,0,52,52,140,497,128,625
7,7280,7000,0,0,56,56,130,91,125,216
7,7280,7000,0,0,56,56,130,847,125,972
7,7280,7000,0,0,56,56,130,1323,250,1573
7,7280,7280,0,0,35,35,208,35,208,243
7,7290,45,0,0,45,45,162,287,1,288
7,7290,81,0,0,81,81,90,161,1,162
7,7290,81,0,0,81,81,90,224,1,225
7,7290,648,0,0,81,81,90,567,8,575
7,7290,675,0,0,27,27,270,2023,25,2048
7,7290,5184,0,0,81,81,90,161,64,225
7,7290,5589,0,0,81,81,90,56,69,125
7,7290,6912,0,0,27,27,270,119,256,375
7,7296,96,0,0,96,96,76,168,1,169
7,7296,96,0,0,96,96,76,728,1,729
7,7296,128,0,0,32,32,228,525,4,529
7,7296,192,0,0,32,32,228,343,18,361
7,7296,342,0,0,114,114,64,343,9,352
7,7296,576,0,0,96,96,76,343,18,361
7,7296,800,0,0,32,32,228,336,25,361
7,7296,800,0,0,32,32,228,504,25,529
7,7296,864,0,0,32,32,228,448,27,475
7,7296,1472,0,0,32,32,228,315,46,361
7,7296,2592,0,0,32,32,228,175,81,256
7,7296,2592,0,0,32,32,228,280,81,361
7,7296,2592,0,0,32,32,228,448,81,529
7,7296,3040,0,0,32,32,228,161,95,256
7,7296,3456,0,0,96,96,76,133,36,169
7,7296,3656,0,0,8,8,912,567,457,1024
7,7296,3656,0,0,8,8,912,5488,1371,6859
7,7296,4000,0,0,32,32,228,483,125,608
7,7296,4104,0,0,114,114,64,49,72,121
7,7296,5472,0,0,96,96,76,112,57,169
7,7296,6400,0,0,32,32,228,161,200,361
7,7298,7298,0,0,41,41,178,49,356,405
7,7300,50,0,0,50,50,146,511,1,512
7,7300,657,0,0,73,73,100,119,9,128
7,7300,657,0,0,73,73,100,280,9,289
7,7300,720,0,0,10,10,730,3577,144,3721
7,7300,1168,0,0,73,73,100,119,16,135
7,7300,1825,0,0,73,73,100,119,25,144
7,7300,2190,0,0,10,10,730,343,657,1000
7,7300,5913,0,0,73,73,100,119,81,200
7,7300,5913,0,0,73,73,100,175,81,256
7,7300,6250,0,0,10,10,730,1022,625,1647
7,7300,7300,0,0,73,73,100,189,100,289
7,7304,913,0,0,83,83,88,189,11,200
7,7304,1628,0,0,11,11,664,581,148,729
7,7304,2075,0,0,83,83,88,49,50,99
7,7304,2075,0,0,83,83,88,231,25,256
7,7304,3984,0,0,83,83,88,77,48,125
7,7304,6723,0,0,83,83,88,175,81,256
7,7304,7304,0,0,83,83,88,49,176,225
7,7306,416,0,0,13,13,562,2401,128,2529
7,7306,1053,0,0,13,13,562,1967,81,2048
7,7308,42,0,0,42,42,174,231,1,232
7,7308,2016,0,0,126,126,58,49,32,81
7,7308,2016,0,0,126,126,58,609,16,625
7,7308,3150,0,0,126,126,58,56,25,81
7,7308,7308,0,0,126,126,58,567,58,625
7,7310,680,0,0,17,17,430,2107,80,2187
7,7310,1075,0,0,43,43,170,2023,25,2048
7,7316,62,0,0,62,62,118,224,1,225
7,7316,3968,0,0,62,62,118,49,128,177
7,7316,7316,0,0,62,62,118,7,118,125
7,7320,30,0,0,30,30,244,287,1,288
7,7320,61,0,0,61,61,120,224,1,225
7,7320,204,0,0,12,12,610,4375,17,4392
7,7320,204,0,0,12,12,610,5103,17,5120
7,7320,360,0,0,20,20,366,3703,18,3721
7,7320,488,0,0,61,61,120,175,8,183
7,7320,488,0,0,122,122,60,147,8,155
7,7320,600,0,0,12,12,610,2401,200,2601
7,7320,768,0,0,12,12,610,7497,128,7625
7,7320,1620,0,0,20,20,366,448,81,529
7,7320,1944,0,0,12,12,610,875,162,1037
7,7320,3050,0,0,122,122,60,56,25,81
7,7320,3456,0,0,12,12,610,49,576,625
7,7320,6144,0,0,12,12,610,525,512,1037
7,7320,6588,0,0,12,12,610,896,549,1445
7,7320,7320,0,0,12,12,610,119,610,729
7,7326,36,0,0,9,9,814,1323,8,1331
7,7326,148,0,0,37,37,198,1323,8,1331
7,7326,333,0,0,37,37,198,616,9,625
7,7326,333,0,0,111,111,66,343,9,352
7,7326,592,0,0,37,37,198,875,16,891
7,7326,925,0,0,37,37,198,231,25,256
7,7326,1152,0,0,9,9,814,833,256,1089
7,7326,2601,0,0,9,9,814,2079,289,2368
7,7326,2997,0,0,37,37,198,175,81,256
7,7326,3256,0,0,37,37,198,49,176,225
7,7326,4477,0,0,37,37,198,504,121,625
7,7326,5328,0,0,9,9,814,147,1184,1331
7,7332,94,0,0,94,94,78,168,1,169
7,7332,94,0,0,94,94,78,224,1,225
7,7332,94,0,0,94,94,78,350,1,351
7,7332,94,0,0,94,94,78,728,1,729
7,7332,3807,0,0,47,47,156,1183,81,1264
7,7332,6016,0,0,94,94,78,105,64,169
7,7336,84,0,0,28,28,262,343,9,352
7,7344,8,0,0,8,8,918,4760,1,4761
7,7344,36,0,0,18,18,408,2023,2,2025
7,7344,136,0,0,8,8,918,5103,17,5120
7,7344,204,0,0,68,68,108,343,9,352
7,7344,288,0,0,36,36,204,721,8,729
7,7344,400,0,0,8,8,918,2401,200,2601
7,7344,450,0,0,18,18,408,672,25,697
7,7344,450,0,0,18,18,408,2023,25,2048
7,7344,918,0,0,18,18,408,574,51,625
7,7344,1632,0,0,24,24,306,2401,272,2673
7,7344,1632,0,0,102,102,72,49,32,81
7,7344,2304,0,0,18,18,408,441,256,697
7,7344,2304,0,0,72,72,102,189,32,221
7,7344,2448,0,0,72,72,102,49,68,117
7,7344,3690,0,0,18,18,408,49,410,459
7,7344,5202,0,0,18,18,408,287,289,576
7,7344,5202,0,0,18,18,408,336,289,625
7,7344,5832,0,0,18,18,408,49,648,697
7,7344,6120,0,0,18,18,408,49,680,729
7,7350,931,0,0,49,49,150,224,19,243
7,7350,931,0,0,49,49,150,343,57,400
7,7350,1680,0,0,105,105,70,49,32,81
7,7360,46,0,0,46,46,160,224,1,225
7,7360,80,0,0,16,16,460,616,5,621
7,7360,345,0,0,115,115,64,343,9,352
7,7360,360,0,0,40,40,184,686,27,713
7,7360,3240,0,0,40,40,184,448,81,529
7,7360,4140,0,0,115,115,64,49,72,121
7,7366,2032,0,0,127,127,58,49,32,81
7,7366,2032,0,0,127,127,58,609,16,625
7,7366,3175,0,0,127,127,58,56,25,81
7,7366,7366,0,0,127,127,58,567,58,625
7,7370,2673,0,0,11,11,670,343,729,1072
7,7372,97,0,0,97,97,76,168,1,169
7,7372,97,0,0,97,97,76,728,1,729
7,7372,582,0,0,97,97,76,343,18,361
7,7372,3492,0,0,97,97,76,133,36,169
7,7372,5529,0,0,97,97,76,112,57,169
7,7378,62,0,0,31,31,238,2023,2,2025
7,7378,279,0,0,31,31,238,280,9,289
7,7378,3100,0,0,31,31,238,189,100,289
7,7380,9,0,0,9,9,820,959,1,960
7,7380,9,0,0,9,9,820,1680,1,1681
7,7380,30,0,0,30,30,246,287,1,288
7,7380,50,0,0,10,10,738,1512,5,1517
7,7380,72,0,0,9,9,820,2009,16,2025
7,7380,82,0,0,82,82,90,161,1,162
7,7380,82,0,0,82,82,90,224,1,225
7,7380,492,0,0,123,123,60,147,8,155
7,7380,656,0,0,82,82,90,567,8,575
7,7380,3075,0,0,123,123,60,56,25,81
7,7380,5248,0,0,82,82,90,161,64,225
7,7380,5415,0,0,15,15,492,287,361,648
7,7380,5658,0,0,82,82,90,56,69,125
7,7380,6560,0,0,10,10,738,1813,1312,3125
7,7380,6561,0,0,9,9,820,3430,2187,5617
7,7380,6750,0,0,10,10,738,343,2025,2368
7,7384,13,0,0,13,13,568,1064,1,1065
7,7384,13,0,0,13,13,568,5040,1,5041
7,7384,832,0,0,13,13,568,665,64,729
7,7384,2925,0,0,13,13,568,497,225,722
7,7384,3744,0,0,13,13,568,49,576,625
7,7392,56,0,0,56,56,132,1407,1,1408
7,7392,84,0,0,21,21,352,1323,8,1331
7,7392,88,0,0,44,44,168,2023,2,2025
7,7392,336,0,0,112,112,66,343,9,352
7,7392,396,0,0,44,44,168,280,9,289
7,7392,924,0,0,84,84,88,189,11,200
7,7392,1120,0,0,14,14,528,343,240,583
7,7392,2100,0,0,84,84,88,49,50,99
7,7392,2100,0,0,84,84,88,231,25,256
7,7392,3696,0,0,14,14,528,2597,528,3125
7,7392,3717,0,0,21,21,352,847,177,1024
7,7392,4032,0,0,84,84,88,77,48,125
7,7392,4400,0,0,44,44,168,189,100,289
7,7392,6804,0,0,84,84,88,175,81,256
7,7392,7392,0,0,84,84,88,49,176,225
7,7400,20,0,0,20,20,370,1295,1,1296
7,7400,50,0,0,50,50,148,224,1,225
7,7400,50,0,0,50,50,148,1295,1,1296
7,7400,540,0,0,20,20,370,1120,27,1147
7,7400,666,0,0,74,74,100,119,9,128
7,7400,666,0,0,74,74,100,280,9,289
7,7400,1184,0,0,74,74,100,119,16,135
7,7400,1850,0,0,74,74,100,119,25,144
7,7400,2220,0,0,20,20,370,1715,333,2048
7,7400,2500,0,0,20,20,370,259,125,384
7,7400,5760,0,0,20,20,370,49,576,625
7,7400,5994,0,0,74,74,100,119,81,200
7,7400,5994,0,0,74,74,100,175,81,256
7,7400,7400,0,0,74,74,100,189,100,289
7,7410,39,0,0,13,13,570,1232,3,1235
7,7410,39,0,0,13,13,570,3325,3,3328
7,7410,39,0,0,39,39,190,224,1,225
7,7410,39,0,0,39,39,190,399,1,400
7,7410,65,0,0,13,13,570,1183,5,1188
7,7410,65,0,0,13,13,570,4389,5,4394
7,7410,95,0,0,95,95,78,168,1,169
7,7410,95,0,0,95,95,78,224,1,225
7,7410,95,0,0,95,95,78,350,1,351
7,7410,95,0,0,95,95,78,728,1,729
7,7410,228,0,0,57,57,130,1323,8,1331
7,7410,228,0,0,57,57,130,1617,8,1625
7,7410,247,0,0,13,13,570,637,38,675
7,7410,247,0,0,13,13,570,1925,19,1944
7,7410,247,0,0,13,13,570,2541,19,2560
7,7410,247,0,0,13,13,570,4375,19,4394
7,7410,312,0,0,13,13,570,2275,24,2299
7,7410,338,0,0,13,13,570,1323,52,1375
7,7410,429,0,0,13,13,570,1183,33,1216
7,7410,429,0,0,13,13,570,2527,33,2560
7,7410,494,0,0,13,13,570,567,38,605
7,7410,627,0,0,57,57,130,147,22,169
7,7410,627,0,0,57,57,130,189,11,200
7,7410,627,0,0,57,57,130,364,11,375
7,7410,741,0,0,57,57,130,350,13,363
7,7410,1425,0,0,57,57,130,231,25,256
7,7410,1539,0,0,57,57,130,1183,27,1210
7,7410,1824,0,0,57,57,130,1183,32,1215
7,7410,1859,0,0,13,13,570,532,143,675
7,7410,1976,0,0,13,13,570,693,152,845
7,7410,2496,0,0,13,13,570,1183,192,1375
7,7410,2496,0,0,39,39,190,665,64,729
7,7410,2704,0,0,13,13,570,875,208,1083
7,7410,3042,0,0,13,13,570,343,702,1045
7,7410,3159,0,0,13,13,570,1330,243,1573
7,7410,3420,0,0,57,57,130,49,120,169
7,7410,4617,0,0,57,57,130,175,81,256
7,7410,5016,0,0,57,57,130,49,176,225
7,7410,5408,0,0,13,13,570,189,416,605
7,7410,6080,0,0,95,95,78,105,64,169
7,7410,6318,0,0,13,13,570,1225,972,2197
7,7410,6500,0,0,13,13,570,539,1000,1539
7,7410,6591,0,0,13,13,570,133,507,640
7,7410,6591,0,0,13,13,570,1792,507,2299
7,7410,6591,0,0,13,13,570,1925,507,2432
7,7410,7125,0,0,57,57,130,91,125,216
7,7410,7125,0,0,57,57,130,847,125,972
7,7410,7125,0,0,57,57,130,1323,250,1573
7,7416,144,0,0,18,18,412,721,8,729
7,7416,192,0,0,12,12,618,945,16,961
7,7416,1648,0,0,103,103,72,49,32,81
7,7416,1728,0,0,12,12,618,343,432,775
7,7416,2880,0,0,12,12,618,721,240,961
7,7416,7416,0,0,12,12,618,7,618,625
7,7420,1696,0,0,106,106,70,49,32,81
7,7420,6784,0,0,53,53,140,497,128,625
7,7424,32,0,0,32,32,232,728,1,729
7,7424,348,0,0,116,116,64,343,9,352
7,7424,2048,0,0,128,128,58,49,32,81
7,7424,2048,0,0,128,128,58,609,16,625
7,7424,3200,0,0,128,128,58,56,25,81
7,7424,4176,0,0,116,116,64,49,72,121
7,7424,5408,0,0,32,32,232,672,169,841
7,7424,6264,0,0,8,8,928,217,783,1000
7,7424,7424,0,0,8,8,928,1519,1856,3375
7,7424,7424,0,0,128,128,58,567,58,625
7,7434,63,0,0,63,63,118,224,1,225
7,7434,4032,0,0,63,63,118,49,128,177
7,7434,7434,0,0,63,63,118,7,118,125
7,7436,26,0,0,26,26,286,728,1,729
7,7436,550,0,0,22,22,338,2023,25,2048
7,7440,62,0,0,62,62,120,224,1,225
7,7440,124,0,0,31,31,240,1323,8,1331
7,7440,279,0,0,31,31,240,616,9,625
7,7440,340,0,0,20,20,372,847,17,864
7,7440,384,0,0,24,24,310,945,16,961
7,7440,496,0,0,31,31,240,875,16,891
7,7440,496,0,0,62,62,120,175,8,183
7,7440,496,0,0,124,124,60,147,8,155
7,7440,600,0,0,24,24,310,378,25,403
7,7440,600,0,0,24,24,310,651,25,676
7,7440,768,0,0,24,24,310,1183,32,1215
7,7440,775,0,0,31,31,240,231,25,256
7,7440,1280,0,0,20,20,372,833,128,961
7,7440,1560,0,0,24,24,310,896,65,961
7,7440,2400,0,0,24,24,310,637,200,837
7,7440,2511,0,0,31,31,240,175,81,256
7,7440,3072,0,0,24,24,310,147,256,403
7,7440,3100,0,0,124,124,60,56,25,81
7,7440,3456,0,0,24,24,310,343,432,775
7,7440,3730,0,0,10,10,744,651,373,1024
7,7440,3751,0,0,31,31,240,504,121,625
7,7440,5832,0,0,8,8,930,6727,729,7456
7,7446,51,0,0,51,51,146,511,1,512
7,7446,68,0,0,17,17,438,1323,8,1331
7,7446,68,0,0,17,17,438,5621,4,5625
7,7446,2125,0,0,17,17,438,847,125,972
7,7446,2336,0,0,73,73,102,189,32,221
7,7446,2482,0,0,73,73,102,49,68,117
7,7446,4114,0,0,17,17,438,245,484,729
7,7448,98,0,0,98,98,76,168,1,169
7,7448,98,0,0,98,98,76,728,1,729
7,7448,588,0,0,98,98,76,343,18,361
7,7448,1792,0,0,14,14,532,4361,256,4617
7,7448,3528,0,0,98,98,76,133,36,169
7,7448,5586,0,0,98,98,76,112,57,169
7,7452,18,0,0,18,18,414,728,1,729
7,7452,18,0,0,18,18,414,896,1,897
7,7452,46,0,0,46,46,162,287,1,288
7,7452,207,0,0,69,69,108,343,9,352
7,7452,288,0,0,9,9,828,3703,32,3735
7,7452,3042,0,0,18,18,414,567,169,736
7,7452,3735,0,0,9,9,828,1701,415,2116
7,7452,6318,0,0,18,18,414,161,351,512
7,7458,297,0,0,11,11,678,2744,81,2825
7,7458,339,0,0,113,113,66,343,9,352
7,7458,550,0,0,11,11,678,2401,200,2601
7,7458,5632,0,0,11,11,678,5537,1024,6561
7,7464,12,0,0,12,12,622,728,1,729
7,7470,15,0,0,15,15,498,2240,1,2241
7,7470,83,0,0,83,83,90,161,1,162
7,7470,83,0,0,83,83,90,224,1,225
7,7470,664,0,0,83,83,90,567,8,575
7,7470,4320,0,0,15,15,498,49,576,625
7,7470,5312,0,0,83,83,90,161,64,225
7,7470,5727,0,0,83,83,90,56,69,125
7,7476,7476,0,0,42,42,178,49,356,405
7,7480,10,0,0,10,10,748,1155,1,1156
7,7480,10,0,0,10,10,748,1372,3,1375
7,7480,10,0,0,10,10,748,3024,1,3025
7,7480,88,0,0,22,22,340,357,4,361
7,7480,102,0,0,34,34,220,343,9,352
7,7480,132,0,0,22,22,340,343,18,361
7,7480,170,0,0,34,34,220,259,5,264
7,7480,200,0,0,10,10,748,847,20,867
7,7480,500,0,0,10,10,748,2401,200,2601
7,7480,550,0,0,22,22,340,336,25,361
7,7480,550,0,0,22,22,340,2023,25,2048
7,7480,594,0,0,22,22,340,448,27,475
7,7480,704,0,0,11,11,680,833,128,961
7,7480,935,0,0,85,85,88,189,11,200
7,7480,1100,0,0,44,44,170,2023,25,2048
7,7480,1250,0,0,10,10,748,847,125,972
7,7480,1530,0,0,10,10,748,847,153,1000
7,7480,1672,0,0,22,22,340,1225,152,1377
7,7480,1782,0,0,22,22,340,280,81,361
7,7480,1782,0,0,22,22,340,1372,243,1615
7,7480,2125,0,0,85,85,88,49,50,99
7,7480,2125,0,0,85,85,88,231,25,256
7,7480,2750,0,0,22,22,340,833,250,1083
7,7480,4080,0,0,85,85,88,77,48,125
7,7480,4624,0,0,17,17,440,1925,272,2197
7,7480,5632,0,0,22,22,340,105,256,361
7,7480,5632,0,0,22,22,340,119,256,375
7,7480,5940,0,0,10,10,748,343,1782,2125
7,7480,5984,0,0,22,22,340,133,272,405
7,7480,6290,0,0,34,34,220,112,185,297
7,7480,6885,0,0,85,85,88,175,81,256
7,7480,7480,0,0,22,22,340,21,340,361
7,7480,7480,0,0,22,22,340,49,680,729
7,7480,7480,0,0,85,85,88,49,176,225
7,7482,29,0,0,29,29,258,350,1,351
7,7482,29,0,0,29,29,258,728,1,729
7,7482,43,0,0,43,43,174,231,1,232
7,7482,1247,0,0,29,29,258,2457,43,2500
7,7482,1450,0,0,29,29,258,301,50,351
7,7482,2064,0,0,129,129,58,49,32,81
7,7482,2064,0,0,129,129,58,609,16,625
7,7482,3016,0,0,29,29,258,301,104,405
7,7482,3225,0,0,129,129,58,56,25,81
7,7482,4901,0,0,29,29,258,175,169,344
7,7482,4901,0,0,29,29,258,49,338,387
7,7482,4901,0,0,29,29,258,560,169,729
7,7482,4901,0,0,29,29,258,1680,169,1849
7,7482,7482,0,0,129,129,58,567,58,625
7,7486,76,0,0,19,19,394,1323,8,1331
7,7488,12,0,0,12,12,624,728,1,729
7,7488,16,0,0,16,16,468,728,1,729
7,7488,16,0,0,16,16,468,4095,1,4096
7,7488,16,0,0,16,16,468,5264,1,5265
7,7488,26,0,0,26,26,288,840,1,841
7,7488,96,0,0,32,32,234,413,3,416
7,7488,96,0,0,96,96,78,168,1,169
7,7488,96,0,0,96,96,78,224,1,225
7,7488,96,0,0,96,96,78,350,1,351
7,7488,96,0,0,96,96,78,728,1,729
7,7488,208,0,0,16,16,468,987,13,1000
7,7488,351,0,0,117,117,64,343,9,352
7,7488,754,0,0,26,26,288,700,29,729
7,7488,1521,0,0,9,9,832,3584,169,3753
7,7488,1664,0,0,104,104,72,49,32,81
7,7488,1888,0,0,32,32,234,448,59,507
7,7488,1944,0,0,8,8,936,343,729,1072
7,7488,2704,0,0,16,16,468,560,169,729
7,7488,3008,0,0,16,16,468,4375,188,4563
7,7488,3888,0,0,48,48,156,1183,81,1264
7,7488,4212,0,0,117,117,64,49,72,121
7,7488,4608,0,0,16,16,468,49,576,625
7,7488,6144,0,0,96,96,78,105,64,169
7,7488,6400,0,0,16,16,468,329,400,729
7,7488,6480,0,0,16,16,468,1792,405,2197
7,7488,7488,0,0,26,26,288,49,576,625
7,7488,7488,0,0,36,36,208,35,208,243
7,7490,1712,0,0,107,107,70,49,32,81
7,7500,500,0,0,125,125,60,147,8,155
7,7500,675,0,0,75,75,100,119,9,128
7,7500,675,0,0,75,75,100,280,9,289
7,7500,950,0,0,50,50,150,224,19,243
7,7500,950,0,0,50,50,150,343,57,400
7,7500,1200,0,0,75,75,100,119,16,135
7,7500,1875,0,0,75,75,100,119,25,144
7,7500,3125,0,0,125,125,60,56,25,81
7,7500,5120,0,0,10,10,750,245,1024,1269
7,7500,6075,0,0,75,75,100,119,81,200
7,7500,6075,0,0,75,75,100,175,81,256
7,7500,7200,0,0,25,25,300,49,576,625
7,7500,7500,0,0,75,75,100,189,100,289
7,7502,341,0,0,11,11,682,2268,31,2299
7,7506,9,0,0,9,9,834,3969,2,3971
7,7506,216,0,0,9,9,834,6811,48,6859
7,7506,4608,0,0,9,9,834,1617,1024,2641
7,7514,17,0,0,17,17,442,728,1,729
7,7514,17,0,0,17,17,442,1183,1,1184
7,7514,52,0,0,13,13,578,833,8,841
7,7514,289,0,0,17,17,442,1036,17,1053
7,7514,325,0,0,13,13,578,2023,25,2048
7,7514,3264,0,0,17,17,442,1813,384,2197
7,7518,6048,0,0,21,21,358,49,576,625
7,7520,16,0,0,8,8,940,2205,4,2209
7,7520,47,0,0,47,47,160,224,1,225
7,7524,57,0,0,57,57,132,1407,1,1408
7,7524,76,0,0,19,19,396,1323,8,1331
7,7524,99,0,0,99,99,76,168,1,169
7,7524,99,0,0,99,99,76,728,1,729
7,7524,132,0,0,22,22,342,343,18,361
7,7524,132,0,0,33,33,228,525,4,529
7,7524,152,0,0,38,38,198,1323,8,1331
7,7524,198,0,0,33,33,228,343,18,361
7,7524,342,0,0,18,18,418,1925,19,1944
7,7524,342,0,0,18,18,418,2541,19,2560
7,7524,342,0,0,38,38,198,616,9,625
7,7524,342,0,0,114,114,66,343,9,352
7,7524,594,0,0,18,18,418,2527,33,2560
7,7524,594,0,0,99,99,76,343,18,361
7,7524,608,0,0,38,38,198,875,16,891
7,7524,825,0,0,33,33,228,336,25,361
7,7524,825,0,0,33,33,228,504,25,529
7,7524,891,0,0,33,33,228,448,27,475
7,7524,950,0,0,38,38,198,231,25,256
7,7524,1254,0,0,22,22,342,1792,57,1849
7,7524,1518,0,0,33,33,228,315,46,361
7,7524,2673,0,0,33,33,228,175,81,256
7,7524,2673,0,0,33,33,228,280,81,361
7,7524,2673,0,0,33,33,228,448,81,529
7,7524,3078,0,0,38,38,198,175,81,256
7,7524,3135,0,0,33,33,228,161,95,256
7,7524,3344,0,0,38,38,198,49,176,225
7,7524,3564,0,0,99,99,76,133,36,169
7,7524,4125,0,0,33,33,228,483,125,608
7,7524,4598,0,0,38,38,198,504,121,625
7,7524,5643,0,0,99,99,76,112,57,169
7,7524,6600,0,0,33,33,228,161,200,361
7,7532,14,0,0,14,14,538,1344,1,1345
7,7532,4032,0,0,14,14,538,49,576,625
7,7532,7532,0,0,14,14,538,49,1076,1125
7,7540,13,0,0,13,13,580,840,1,841
7,7540,78,0,0,13,13,580,2401,24,2425
7,7540,232,0,0,58,58,130,1323,8,1331
7,7540,232,0,0,58,58,130,1617,8,1625
7,7540,377,0,0,13,13,580,700,29,729
7,7540,638,0,0,58,58,130,147,22,169
7,7540,638,0,0,58,58,130,189,11,200
7,7540,638,0,0,58,58,130,364,11,375
7,7540,650,0,0,13,13,580,679,50,729
7,7540,754,0,0,58,58,130,350,13,363
7,7540,1261,0,0,13,13,580,875,97,972
7,7540,1450,0,0,58,58,130,231,25,256
7,7540,1566,0,0,58,58,130,1183,27,1210
7,7540,1625,0,0,13,13,580,2688,125,2813
7,7540,1856,0,0,58,58,130,1183,32,1215
7,7540,2080,0,0,130,130,58,49,32,81
7,7540,2080,0,0,130,130,58,609,16,625
7,7540,2106,0,0,13,13,580,679,162,841
7,7540,3250,0,0,130,130,58,56,25,81
7,7540,3480,0,0,58,58,130,49,120,169
7,7540,3744,0,0,13,13,580,49,576,625
7,7540,4698,0,0,58,58,130,175,81,256
7,7540,5104,0,0,58,58,130,49,176,225
7,7540,7250,0,0,58,58,130,91,125,216
7,7540,7250,0,0,58,58,130,847,125,972
7,7540,7250,0,0,58,58,130,1323,250,1573
7,7540,7540,0,0,130,130,58,567,58,625
7,7544,23,0,0,23,23,328,1372,3,1375
7,7544,23,0,0,23,23,328,1680,1,1681
7,7544,23,0,0,23,23,328,3024,1,3025
7,7544,184,0,0,23,23,328,2009,16,2025
7,7544,369,0,0,41,41,184,686,27,713
7,7544,621,0,0,23,23,328,875,27,902
7,7544,828,0,0,23,23,328,343,108,451
7,7544,1472,0,0,23,23,328,1225,128,1353
7,7544,2277,0,0,23,23,328,343,297,640
7,7544,2875,0,0,23,23,328,847,125,972
7,7544,3321,0,0,41,41,184,448,81,529
7,7544,3680,0,0,23,23,328,49,320,369
7,7544,5175,0,0,23,23,328,287,225,512
7,7544,6624,0,0,23,23,328,49,576,625
7,7544,7544,0,0,23,23,328,35,328,363
7,7544,7544,0,0,23,23,328,77,328,405
7,7548,51,0,0,51,51,148,224,1,225
7,7548,51,0,0,51,51,148,1295,1,1296
7,7548,296,0,0,37,37,204,721,8,729
7,7548,2368,0,0,74,74,102,189,32,221
7,7548,2516,0,0,74,74,102,49,68,117
7,7552,64,0,0,64,64,118,224,1,225
7,7552,354,0,0,118,118,64,343,9,352
7,7552,4096,0,0,64,64,118,49,128,177
7,7552,4248,0,0,118,118,64,49,72,121
7,7552,7552,0,0,64,64,118,7,118,125
7,7560,54,0,0,27,27,280,2205,4,2209
7,7560,63,0,0,63,63,120,224,1,225
7,7560,84,0,0,84,84,90,161,1,162
7,7560,84,0,0,84,84,90,224,1,225
7,7560,90,0,0,45,45,168,2023,2,2025
7,7560,210,0,0,70,70,108,343,9,352
7,7560,405,0,0,45,45,168,280,9,289
7,7560,504,0,0,63,63,120,175,8,183
7,7560,504,0,0,126,126,60,147,8,155
7,7560,660,0,0,15,15,504,441,88,529
7,7560,672,0,0,84,84,90,567,8,575
7,7560,700,0,0,28,28,270,2023,25,2048
7,7560,948,0,0,12,12,630,945,79,1024
7,7560,1680,0,0,105,105,72,49,32,81
7,7560,1728,0,0,108,108,70,49,32,81
7,7560,3150,0,0,126,126,60,56,25,81
7,7560,4032,0,0,14,14,540,49,576,625
7,7560,4500,0,0,45,45,168,189,100,289
7,7560,5376,0,0,84,84,90,161,64,225
7,7560,5796,0,0,84,84,90,56,69,125
7,7560,6912,0,0,54,54,140,497,128,625
7,7560,7168,0,0,28,28,270,119,256,375
7,7564,31,0,0,31,31,244,287,1,288
7,7566,97,0,0,97,97,78,168,1,169
7,7566,97,0,0,97,97,78,224,1,225
7,7566,97,0,0,97,97,78,350,1,351
7,7566,97,0,0,97,97,78,728,1,729
7,7566,3744,0,0,13,13,582,4753,576,5329
7,7566,6208,0,0,97,97,78,105,64,169
7,7568,8,0,0,8,8,946,1848,1,1849
7,7568,946,0,0,86,86,88,189,11,200
7,7568,2150,0,0,86,86,88,49,50,99
7,7568,2150,0,0,86,86,88,231,25,256
7,7568,2528,0,0,8,8,946,5929,632,6561
7,7568,4128,0,0,86,86,88,77,48,125
7,7568,5832,0,0,8,8,946,602,729,1331
7,7568,6966,0,0,86,86,88,175,81,256
7,7568,7568,0,0,86,86,88,49,176,225
7,7584,40,0,0,8,8,948,2128,5,2133
7,7584,152,0,0,8,8,948,1106,19,1125
7,7584,3160,0,0,8,8,948,1792,395,2187
7,7590,23,0,0,23,23,330,1372,3,1375
7,7590,23,0,0,23,23,330,2240,1,2241
7,7590,23,0,0,23,23,330,3024,1,3025
7,7590,44,0,0,11,11,690,1211,4,1215
7,7590,69,0,0,23,23,330,343,9,352
7,7590,345,0,0,115,115,66,343,9,352
7,7590,552,0,0,23,23,330,343,72,415
7,7590,552,0,0,23,23,330,581,24,605
7,7590,759,0,0,11,11,690,1211,69,1280
7,7590,2277,0,0,23,23,330,343,297,640
7,7590,5819,0,0,11,11,690,336,529,865
7,7590,6624,0,0,23,23,330,49,576,625
7,7592,52,0,0,52,52,146,511,1,512
7,7596,243,0,0,9,9,844,1477,27,1504
7,7598,87,0,0,29,29,262,343,9,352
7,7598,2096,0,0,131,131,58,49,32,81
7,7598,2096,0,0,131,131,58,609,16,625
7,7598,3275,0,0,131,131,58,56,25,81
7,7598,7598,0,0,131,131,58,567,58,625
7,7600,40,0,0,40,40,190,224,1,225
7,7600,40,0,0,40,40,190,399,1,400
7,7600,100,0,0,100,100,76,168,1,169
7,7600,100,0,0,100,100,76,728,1,729
7,7600,270,0,0,10,10,760,1778,27,1805
7,7600,600,0,0,100,100,76,343,18,361
7,7600,684,0,0,76,76,100,119,9,128
7,7600,684,0,0,76,76,100,280,9,289
7,7600,1216,0,0,76,76,100,119,16,135
7,7600,1900,0,0,76,76,100,119,25,144
7,7600,2560,0,0,40,40,190,665,64,729
7,7600,3600,0,0,100,100,76,133,36,169
7,7600,3610,0,0,10,10,760,889,361,1250
7,7600,5472,0,0,19,19,400,49,576,625
7,7600,5700,0,0,100,100,76,112,57,169
7,7600,6156,0,0,76,76,100,119,81,200
7,7600,6156,0,0,76,76,100,175,81,256
7,7600,6480,0,0,10,10,760,2527,648,3175
7,7600,7600,0,0,76,76,100,189,100,289
7,7614,47,0,0,47,47,162,287,1,288
7,7616,16,0,0,8,8,952,2597,4,2601
7,7616,64,0,0,32,32,238,2023,2,2025
7,7616,288,0,0,32,32,238,280,9,289
7,7616,357,0,0,119,119,64,343,9,352
7,7616,3200,0,0,32,32,238,189,100,289
7,7616,4284,0,0,119,119,64,49,72,121
7,7620,375,0,0,15,15,508,2023,25,2048
7,7620,508,0,0,127,127,60,147,8,155
7,7620,3175,0,0,127,127,60,56,25,81
7,7620,5100,0,0,15,15,508,49,680,729
7,7626,31,0,0,31,31,246,287,1,288
7,7630,1744,0,0,109,109,70,49,32,81
7,7632,12,0,0,12,12,636,847,1,848
7,7632,12,0,0,12,12,636,5103,1,5104
7,7632,1188,0,0,12,12,636,742,99,841
7,7632,1696,0,0,106,106,72,49,32,81
7,7638,4617,0,0,19,19,402,343,729,1072
7,7644,98,0,0,98,98,78,168,1,169
7,7644,98,0,0,98,98,78,224,1,225
7,7644,98,0,0,98,98,78,350,1,351
7,7644,98,0,0,98,98,78,728,1,729
7,7644,2301,0,0,13,13,588,448,177,625
7,7644,3969,0,0,49,49,156,1183,81,1264
7,7644,6272,0,0,98,98,78,105,64,169
7,7648,1296,0,0,16,16,478,875,81,956
7,7648,6000,0,0,16,16,478,1673,375,2048
7,7650,85,0,0,85,85,90,161,1,162
7,7650,85,0,0,85,85,90,224,1,225
7,7650,153,0,0,9,9,850,5103,17,5120
7,7650,153,0,0,17,17,450,791,9,800
7,7650,680,0,0,85,85,90,567,8,575
7,7650,750,0,0,15,15,510,2401,200,2601
7,7650,969,0,0,51,51,150,224,19,243
7,7650,969,0,0,51,51,150,343,57,400
7,7650,1125,0,0,45,45,170,2023,25,2048
7,7650,1700,0,0,25,25,306,2401,272,2673
7,7650,1917,0,0,9,9,850,875,213,1088
7,7650,2400,0,0,75,75,102,189,32,221
7,7650,2550,0,0,75,75,102,49,68,117
7,7650,4320,0,0,15,15,510,49,576,625
7,7650,5440,0,0,85,85,90,161,64,225
7,7650,5760,0,0,9,9,850,567,640,1207
7,7650,5865,0,0,85,85,90,56,69,125
7,7654,7654,0,0,43,43,178,49,356,405
7,7656,33,0,0,33,33,232,728,1,729
7,7656,44,0,0,44,44,174,231,1,232
7,7656,58,0,0,58,58,132,1407,1,1408
7,7656,348,0,0,116,116,66,343,9,352
7,7656,957,0,0,87,87,88,189,11,200
7,7656,2112,0,0,132,132,58,49,32,81
7,7656,2112,0,0,132,132,58,609,16,625
7,7656,2175,0,0,87,87,88,49,50,99
7,7656,2175,0,0,87,87,88,231,25,256
7,7656,3300,0,0,132,132,58,56,25,81
7,7656,4176,0,0,87,87,88,77,48,125
7,7656,5577,0,0,33,33,232,672,169,841
7,7656,7047,0,0,87,87,88,175,81,256
7,7656,7656,0,0,87,87,88,49,176,225
7,7656,7656,0,0,132,132,58,567,58,625
7,7668,18,0,0,18,18,426,567,1,568
7,7668,213,0,0,71,71,108,343,9,352
7,7670,65,0,0,65,65,118,224,1,225
7,7670,236,0,0,59,59,130,1323,8,1331
7,7670,236,0,0,59,59,130,1617,8,1625
7,7670,649,0,0,59,59,130,147,22,169
7,7670,649,0,0,59,59,130,189,11,200
7,7670,649,0,0,59,59,130,364,11,375
7,7670,767,0,0,59,59,130,350,13,363
7,7670,1475,0,0,59,59,130,231,25,256
7,7670,1593,0,0,59,59,130,1183,27,1210
7,7670,1888,0,0,59,59,130,1183,32,1215
7,7670,3540,0,0,59,59,130,49,120,169
7,7670,4160,0,0,65,65,118,49,128,177
7,7670,4779,0,0,59,59,130,175,81,256
7,7670,5192,0,0,59,59,130,49,176,225
7,7670,7375,0,0,59,59,130,91,125,216
7,7670,7375,0,0,59,59,130,847,125,972
7,7670,7375,0,0,59,59,130,1323,250,1573
7,7670,7670,0,0,65,65,118,7,118,125
7,7672,3584,0,0,14,14,548,2401,1024,3425
7,7672,7672,0,0,14,14,548,77,548,625
7,7676,101,0,0,101,101,76,168,1,169
7,7676,101,0,0,101,101,76,728,1,729
7,7676,606,0,0,101,101,76,343,18,361
7,7676,3636,0,0,101,101,76,133,36,169
7,7676,5757,0,0,101,101,76,112,57,169
7,7680,8,0,0,8,8,960,1183,1,1184
7,7680,8,0,0,8,8,960,1295,1,1296
7,7680,8,0,0,8,8,960,2401,4,2405
7,7680,8,0,0,8,8,960,4095,1,4096
7,7680,24,0,0,8,8,960,10976,9,10985
7,7680,48,0,0,48,48,160,224,1,225
7,7680,64,0,0,8,8,960,3367,8,3375
7,7680,64,0,0,64,64,120,224,1,225
7,7680,128,0,0,32,32,240,1323,8,1331
7,7680,288,0,0,32,32,240,616,9,625
7,7680,360,0,0,120,120,64,343,9,352
7,7680,512,0,0,8,8,960,6125,128,6253
7,7680,512,0,0,32,32,240,875,16,891
7,7680,512,0,0,64,64,120,175,8,183
7,7680,512,0,0,128,128,60,147,8,155
7,7680,800,0,0,32,32,240,231,25,256
7,7680,1184,0,0,8,8,960,1225,296,1521
7,7680,1352,0,0,8,8,960,2331,169,2500
7,7680,1536,0,0,8,8,960,1813,384,2197
7,7680,2592,0,0,32,32,240,175,81,256
7,7680,3200,0,0,128,128,60,56,25,81
7,7680,3872,0,0,32,32,240,504,121,625
7,7680,3888,0,0,8,8,960,1225,972,2197
7,7680,4320,0,0,120,120,64,49,72,121
7,7680,5400,0,0,8,8,960,343,2025,2368
7,7680,5832,0,0,8,8,960,455,729,1184
7,7680,5832,0,0,8,8,960,896,729,1625
7,7680,5832,0,0,8,8,960,3367,729,4096
7,7686,378,0,0,21,21,366,3703,18,3721
7,7686,1701,0,0,21,21,366,448,81,529
7,7696,52,0,0,13,13,592,1323,8,1331
7,7696,52,0,0,52,52,148,224,1,225
7,7696,52,0,0,52,52,148,1295,1,1296
7,7696,7696,0,0,13,13,592,147,1184,1331
7,7696,7696,0,0,37,37,208,35,208,243
7,7700,56,0,0,14,14,550,1323,8,1331
7,7700,105,0,0,35,35,220,343,9,352
7,7700,175,0,0,35,35,220,259,5,264
7,7700,252,0,0,14,14,550,539,36,575
7,7700,693,0,0,77,77,100,119,9,128
7,7700,693,0,0,77,77,100,280,9,289
7,7700,1232,0,0,77,77,100,119,16,135
7,7700,1408,0,0,11,11,700,3969,256,4225
7,7700,1750,0,0,14,14,550,847,125,972
7,7700,1760,0,0,110,110,70,49,32,81
7,7700,1925,0,0,77,77,100,119,25,144
7,7700,3388,0,0,14,14,550,245,484,729
7,7700,5152,0,0,14,14,550,847,368,1215
7,7700,6237,0,0,77,77,100,119,81,200
7,7700,6237,0,0,77,77,100,175,81,256
7,7700,6475,0,0,35,35,220,112,185,297
7,7700,6875,0,0,11,11,700,896,625,1521
7,7700,7040,0,0,55,55,140,497,128,625
7,7700,7406,0,0,14,14,550,175,529,704
7,7700,7406,0,0,14,14,550,560,529,1089
7,7700,7406,0,0,14,14,550,5103,529,5632
7,7700,7700,0,0,77,77,100,189,100,289
7,7704,36,0,0,9,9,856,1323,8,1331
7,7704,99,0,0,9,9,856,1701,11,1712
7,7704,1712,0,0,107,107,72,49,32,81
7,7704,7704,0,0,9,9,856,147,1712,1859
7,7714,2128,0,0,133,133,58,49,32,81
7,7714,2128,0,0,133,133,58,609,16,625
7,7714,3325,0,0,133,133,58,56,25,81
7,7714,7714,0,0,133,133,58,567,58,625
7,7722,27,0,0,27,27,286,728,1,729
7,7722,36,0,0,9,9,858,1323,8,1331
7,7722,36,0,0,9,9,858,1617,8,1625
7,7722,44,0,0,11,11,702,1323,8,1331
7,7722,99,0,0,9,9,858,1204,11,1215
7,7722,99,0,0,9,9,858,1365,11,1376
7,7722,99,0,0,33,33,234,413,3,416
7,7722,99,0,0,99,99,78,168,1,169
7,7722,99,0,0,99,99,78,224,1,225
7,7722,99,0,0,99,99,78,350,1,351
7,7722,99,0,0,99,99,78,728,1,729
7,7722,117,0,0,9,9,858,6237,13,6250
7,7722,156,0,0,39,39,198,1323,8,1331
7,7722,225,0,0,9,9,858,7371,25,7396
7,7722,243,0,0,9,9,858,1183,27,1210
7,7722,288,0,0,9,9,858,1183,32,1215
7,7722,351,0,0,39,39,198,616,9,625
7,7722,351,0,0,117,117,66,343,9,352
7,7722,432,0,0,9,9,858,1715,144,1859
7,7722,624,0,0,39,39,198,875,16,891
7,7722,975,0,0,39,39,198,231,25,256
7,7722,1125,0,0,9,9,858,847,125,972
7,7722,1125,0,0,9,9,858,1323,250,1573
7,7722,1440,0,0,9,9,858,1001,160,1161
7,7722,1440,0,0,9,9,858,9317,160,9477
7,7722,1947,0,0,33,33,234,448,59,507
7,7722,2304,0,0,9,9,858,819,256,1075
7,7722,2574,0,0,9,9,858,875,286,1161
7,7722,2808,0,0,9,9,858,1225,624,1849
7,7722,3159,0,0,39,39,198,175,81,256
7,7722,3375,0,0,9,9,858,1001,375,1376
7,7722,3432,0,0,39,39,198,49,176,225
7,7722,3645,0,0,9,9,858,1792,405,2197
7,7722,3744,0,0,13,13,594,1043,288,1331
7,7722,4257,0,0,9,9,858,567,473,1040
7,7722,4257,0,0,9,9,858,1575,473,2048
7,7722,4719,0,0,39,39,198,504,121,625
7,7722,6336,0,0,9,9,858,441,1408,1849
7,7722,6336,0,0,99,99,78,105,64,169
7,7728,92,0,0,46,46,168,2023,2,2025
7,7728,378,0,0,42,42,184,686,27,713
7,7728,414,0,0,46,46,168,280,9,289
7,7728,3402,0,0,42,42,184,448,81,529
7,7728,4600,0,0,46,46,168,189,100,289
7,7738,53,0,0,53,53,146,511,1,512
7,7740,30,0,0,30,30,258,350,1,351
7,7740,30,0,0,30,30,258,728,1,729
7,7740,86,0,0,86,86,90,161,1,162
7,7740,86,0,0,86,86,90,224,1,225
7,7740,516,0,0,129,129,60,147,8,155
7,7740,688,0,0,86,86,90,567,8,575
7,7740,720,0,0,18,18,430,2107,80,2187
7,7740,1290,0,0,30,30,258,2457,43,2500
7,7740,1500,0,0,30,30,258,301,50,351
7,7740,2560,0,0,10,10,774,2107,512,2619
7,7740,3120,0,0,30,30,258,301,104,405
7,7740,3225,0,0,129,129,60,56,25,81
7,7740,5070,0,0,30,30,258,175,169,344
7,7740,5070,0,0,30,30,258,49,338,387
7,7740,5070,0,0,30,30,258,560,169,729
7,7740,5070,0,0,30,30,258,1680,169,1849
7,7740,5504,0,0,86,86,90,161,64,225
7,7740,5934,0,0,86,86,90,56,69,125
7,7744,88,0,0,22,22,352,1323,8,1331
7,7744,363,0,0,121,121,64,343,9,352
7,7744,968,0,0,88,88,88,189,11,200
7,7744,2200,0,0,88,88,88,49,50,99
7,7744,2200,0,0,88,88,88,231,25,256
7,7744,3894,0,0,22,22,352,847,177,1024
7,7744,4224,0,0,88,88,88,77,48,125
7,7744,4356,0,0,121,121,64,49,72,121
7,7744,7128,0,0,88,88,88,175,81,256
7,7744,7744,0,0,88,88,88,49,176,225
7,7750,400,0,0,25,25,310,945,16,961
7,7750,625,0,0,25,25,310,378,25,403
7,7750,625,0,0,25,25,310,651,25,676
7,7750,800,0,0,25,25,310,1183,32,1215
7,7750,1625,0,0,25,25,310,896,65,961
7,7750,2500,0,0,25,25,310,637,200,837
7,7750,3200,0,0,25,25,310,147,256,403
7,7750,3600,0,0,25,25,310,343,432,775
7,7752,38,0,0,19,19,408,2023,2,2025
7,7752,102,0,0,102,102,76,168,1,169
7,7752,102,0,0,102,102,76,728,1,729
7,7752,136,0,0,34,34,228,525,4,529
7,7752,204,0,0,34,34,228,343,18,361
7,7752,304,0,0,38,38,204,721,8,729
7,7752,475,0,0,19,19,408,672,25,697
7,7752,475,0,0,19,19,408,2023,25,2048
7,7752,612,0,0,102,102,76,343,18,361
7,7752,850,0,0,34,34,228,336,25,361
7,7752,850,0,0,34,34,228,504,25,529
7,7752,918,0,0,34,34,228,448,27,475
7,7752,969,0,0,19,19,408,574,51,625
7,7752,1564,0,0,34,34,228,315,46,361
7,7752,2432,0,0,19,19,408,441,256,697
7,7752,2432,0,0,76,76,102,189,32,221
7,7752,2584,0,0,76,76,102,49,68,117
7,7752,2754,0,0,34,34,228,175,81,256
7,7752,2754,0,0,34,34,228,280,81,361
7,7752,2754,0,0,34,34,228,448,81,529
7,7752,3230,0,0,34,34,228,161,95,256
7,7752,3672,0,0,102,102,76,133,36,169
7,7752,3895,0,0,19,19,408,49,410,459
7,7752,4250,0,0,34,34,228,483,125,608
7,7752,5491,0,0,19,19,408,287,289,576
7,7752,5491,0,0,19,19,408,336,289,625
7,7752,5814,0,0,102,102,76,112,57,169
7,7752,6156,0,0,19,19,408,49,648,697
7,7752,6460,0,0,19,19,408,49,680,729
7,7752,6800,0,0,34,34,228,161,200,361
7,7760,48,0,0,8,8,970,2401,24,2425
7,7770,21,0,0,21,21,370,1295,1,1296
7,7770,567,0,0,21,21,370,1120,27,1147
7,7770,1776,0,0,111,111,70,49,32,81
7,7770,2331,0,0,21,21,370,1715,333,2048
7,7770,2625,0,0,21,21,370,259,125,384
7,7770,6048,0,0,21,21,370,49,576,625
7,7772,2144,0,0,134,134,58,49,32,81
7,7772,2144,0,0,134,134,58,609,16,625
7,7772,3350,0,0,134,134,58,56,25,81
7,7772,7772,0,0,134,134,58,567,58,625
7,7774,575,0,0,23,23,338,2023,25,2048
7,7774,3887,0,0,13,13,598,1701,299,2000
7,7774,6318,0,0,13,13,598,1225,972,2197
7,7776,27,0,0,27,27,288,840,1,841
7,7776,48,0,0,48,48,162,287,1,288
7,7776,216,0,0,72,72,108,343,9,352
7,7776,384,0,0,12,12,648,1183,32,1215
7,7776,783,0,0,27,27,288,700,29,729
7,7776,1728,0,0,108,108,72,49,32,81
7,7776,4860,0,0,12,12,648,1792,405,2197
7,7776,7776,0,0,27,27,288,49,576,625
7,7780,10,0,0,10,10,778,3500,1,3501
7,7780,10,0,0,10,10,778,4095,1,4096
7,7780,4860,0,0,10,10,778,1225,972,2197
7,7780,7290,0,0,10,10,778,896,729,1625
7,7788,11,0,0,11,11,708,3479,2,3481
7,7788,11,0,0,11,11,708,5040,1,5041
7,7788,59,0,0,59,59,132,1407,1,1408
7,7788,66,0,0,66,66,118,224,1,225
7,7788,354,0,0,118,118,66,343,9,352
7,7788,781,0,0,11,11,708,3304,71,3375
7,7788,4224,0,0,66,66,118,49,128,177
7,7788,7788,0,0,66,66,118,7,118,125
7,7790,41,0,0,41,41,190,224,1,225
7,7790,41,0,0,41,41,190,399,1,400
7,7790,2624,0,0,41,41,190,665,64,729
7,7800,50,0,0,10,10,780,2023,5,2028
7,7800,50,0,0,10,10,780,4347,5,4352
7,7800,65,0,0,65,65,120,224,1,225
7,7800,100,0,0,100,100,78,168,1,169
7,7800,100,0,0,100,100,78,224,1,225
7,7800,100,0,0,100,100,78,350,1,351
7,7800,100,0,0,100,100,78,728,1,729
7,7800,135,0,0,15,15,520,1015,9,1024
7,7800,170,0,0,10,10,780,1183,17,1200
7,7800,170,0,0,10,10,780,5103,17,5120
7,7800,240,0,0,15,15,520,609,16,625
7,7800,240,0,0,60,60,130,1323,8,1331
7,7800,240,0,0,60,60,130,1617,8,1625
7,7800,400,0,0,10,10,780,1547,40,1587
7,7800,480,0,0,15,15,520,1183,32,1215
7,7800,520,0,0,13,13,600,2107,80,2187
7,7800,520,0,0,65,65,120,175,8,183
7,7800,520,0,0,130,130,60,147,8,155
7,7800,540,0,0,10,10,780,3703,54,3757
7,7800,660,0,0,60,60,130,147,22,169
7,7800,660,0,0,60,60,130,189,11,200
7,7800,660,0,0,60,60,130,364,11,375
7,7800,680,0,0,10,10,780,7203,272,7475
7,7800,702,0,0,78,78,100,119,9,128
7,7800,702,0,0,78,78,100,280,9,289
7,7800,780,0,0,60,60,130,350,13,363
7,7800,870,0,0,15,15,520,567,58,625
7,7800,975,0,0,15,15,520,6496,65,6561
7,7800,988,0,0,52,52,150,224,19,243
7,7800,988,0,0,52,52,150,343,57,400
7,7800,1150,0,0,10,10,780,637,230,867
7,7800,1150,0,0,10,10,780,3213,115,3328
7,7800,1248,0,0,78,78,100,119,16,135
7,7800,1500,0,0,60,60,130,231,25,256
7,7800,1620,0,0,60,60,130,1183,27,1210
7,7800,1920,0,0,15,15,520,3969,256,4225
7,7800,1920,0,0,60,60,130,1183,32,1215
7,7800,1950,0,0,78,78,100,119,25,144
7,7800,2430,0,0,10,10,780,8750,243,8993
7,7800,2990,0,0,10,10,780,1701,299,2000
7,7800,3000,0,0,15,15,520,441,400,841
7,7800,3250,0,0,130,130,60,56,25,81
7,7800,3600,0,0,60,60,130,49,120,169
7,7800,3840,0,0,15,15,520,875,256,1131
7,7800,3915,0,0,15,15,520,364,261,625
7,7800,4050,0,0,50,50,156,1183,81,1264
7,7800,4860,0,0,10,10,780,1225,972,2197
7,7800,4860,0,0,60,60,130,175,81,256
7,7800,5070,0,0,15,15,520,49,676,725
7,7800,5280,0,0,60,60,130,49,176,225
7,7800,5440,0,0,10,10,780,637,1088,1725
7,7800,6210,0,0,10,10,780,224,621,845
7,7800,6318,0,0,78,78,100,119,81,200
7,7800,6318,0,0,78,78,100,175,81,256
7,7800,6400,0,0,10,10,780,1547,640,2187
7,7800,6400,0,0,100,100,78,105,64,169
7,7800,7488,0,0,26,26,300,49,576,625
7,7800,7500,0,0,60,60,130,91,125,216
7,7800,7500,0,0,60,60,130,847,125,972
7,7800,7500,0,0,60,60,130,1323,250,1573
7,7800,7800,0,0,78,78,100,189,100,289
7,7808,32,0,0,32,32,244,287,1,288
7,7808,366,0,0,122,122,64,343,9,352
7,7808,4392,0,0,122,122,64,49,72,121
7,7812,81,0,0,9,9,868,1015,9,1024
7,7812,144,0,0,9,9,868,945,16,961
7,7812,357,0,0,21,21,372,847,17,864
7,7812,1344,0,0,21,21,372,833,128,961
7,7812,2349,0,0,9,9,868,700,261,961
7,7812,5625,0,0,9,9,868,336,625,961
7,7812,5625,0,0,9,9,868,6944,625,7569
7,7820,85,0,0,17,17,460,616,5,621
7,7820,92,0,0,23,23,340,357,4,361
7,7820,138,0,0,23,23,340,343,18,361
7,7820,575,0,0,23,23,340,336,25,361
7,7820,575,0,0,23,23,340,2023,25,2048
7,7820,621,0,0,23,23,340,448,27,475
7,7820,1150,0,0,46,46,170,2023,25,2048
7,7820,1748,0,0,23,23,340,1225,152,1377
7,7820,1863,0,0,23,23,340,280,81,361
7,7820,1863,0,0,23,23,340,1372,243,1615
7,7820,2875,0,0,23,23,340,833,250,1083
7,7820,5888,0,0,23,23,340,105,256,361
7,7820,5888,0,0,23,23,340,119,256,375
7,7820,6256,0,0,23,23,340,133,272,405
7,7820,7820,0,0,23,23,340,21,340,361
7,7820,7820,0,0,23,23,340,49,680,729
7,7828,103,0,0,103,103,76,168,1,169
7,7828,103,0,0,103,103,76,728,1,729
7,7828,152,0,0,19,19,412,721,8,729
7,7828,618,0,0,103,103,76,343,18,361
7,7828,3708,0,0,103,103,76,133,36,169
7,7828,5871,0,0,103,103,76,112,57,169
7,7830,45,0,0,45,45,174,231,1,232
7,7830,81,0,0,9,9,870,1015,9,1024
7,7830,87,0,0,87,87,90,161,1,162
7,7830,87,0,0,87,87,90,224,1,225
7,7830,696,0,0,87,87,90,567,8,575
7,7830,725,0,0,29,29,270,2023,25,2048
7,7830,729,0,0,9,9,870,2401,324,2725
7,7830,981,0,0,9,9,870,2240,109,2349
7,7830,981,0,0,9,9,870,5075,109,5184
7,7830,2160,0,0,135,135,58,49,32,81
7,7830,2160,0,0,135,135,58,609,16,625
7,7830,2349,0,0,9,9,870,763,261,1024
7,7830,3375,0,0,135,135,58,56,25,81
7,7830,5568,0,0,87,87,90,161,64,225
7,7830,6003,0,0,87,87,90,56,69,125
7,7830,7424,0,0,29,29,270,119,256,375
7,7830,7830,0,0,135,135,58,567,58,625
7,7832,979,0,0,89,89,88,189,11,200
7,7832,2225,0,0,89,89,88,49,50,99
7,7832,2225,0,0,89,89,88,231,25,256
7,7832,4272,0,0,89,89,88,77,48,125
7,7832,7209,0,0,89,89,88,175,81,256
7,7832,7832,0,0,44,44,178,49,356,405
7,7832,7832,0,0,89,89,88,49,176,225
7,7840,49,0,0,49,49,160,224,1,225
7,7840,56,0,0,28,28,280,2205,4,2209
7,7840,1792,0,0,112,112,70,49,32,81
7,7840,7168,0,0,56,56,140,497,128,625
7,7844,53,0,0,53,53,148,224,1,225
7,7844,53,0,0,53,53,148,1295,1,1296
7,7848,1744,0,0,109,109,72,49,32,81
7,7854,66,0,0,33,33,238,2023,2,2025
7,7854,297,0,0,33,33,238,280,9,289
7,7854,357,0,0,119,119,66,343,9,352
7,7854,2464,0,0,77,77,102,189,32,221
7,7854,2618,0,0,77,77,102,49,68,117
7,7854,3300,0,0,33,33,238,189,100,289
7,7860,90,0,0,30,30,262,343,9,352
7,7860,524,0,0,131,131,60,147,8,155
7,7860,3275,0,0,131,131,60,56,25,81
7,7866,19,0,0,19,19,414,728,1,729
7,7866,19,0,0,19,19,414,896,1,897
7,7866,138,0,0,23,23,342,343,18,361
7,7866,1311,0,0,23,23,342,1792,57,1849
7,7866,3211,0,0,19,19,414,567,169,736
7,7866,6669,0,0,19,19,414,161,351,512
7,7868,448,0,0,14,14,562,2401,128,2529
7,7868,1134,0,0,14,14,562,1967,81,2048
7,7872,24,0,0,24,24,328,1372,3,1375
7,7872,24,0,0,24,24,328,1680,1,1681
7,7872,24,0,0,24,24,328,3024,1,3025
7,7872,32,0,0,32,32,246,287,1,288
7,7872,192,0,0,24,24,328,2009,16,2025
7,7872,328,0,0,8,8,984,4872,41,4913
7,7872,369,0,0,123,123,64,343,9,352
7,7872,648,0,0,24,24,328,875,27,902
7,7872,864,0,0,24,24,328,343,108,451
7,7872,1536,0,0,24,24,328,1225,128,1353
7,7872,2376,0,0,24,24,328,343,297,640
7,7872,3000,0,0,24,24,328,847,125,972
7,7872,3840,0,0,24,24,328,49,320,369
7,7872,4428,0,0,123,123,64,49,72,121
7,7872,5400,0,0,24,24,328,287,225,512
7,7872,5776,0,0,16,16,492,287,361,648
7,7872,6528,0,0,8,8,984,49,1632,1681
7,7872,6912,0,0,24,24,328,49,576,625
7,7872,7872,0,0,24,24,328,35,328,363
7,7872,7872,0,0,24,24,328,77,328,405
7,7876,6336,0,0,22,22,358,49,576,625
7,7878,101,0,0,101,101,78,168,1,169
7,7878,101,0,0,101,101,78,224,1,225
7,7878,101,0,0,101,101,78,350,1,351
7,7878,101,0,0,101,101,78,728,1,729
7,7878,6464,0,0,101,101,78,105,64,169
7,7880,80,0,0,20,20,394,1323,8,1331
7,7884,54,0,0,54,54,146,511,1,512
7,7884,72,0,0,18,18,438,1323,8,1331
7,7884,72,0,0,18,18,438,5621,4,5625
7,7884,219,0,0,73,73,108,343,9,352
7,7884,2250,0,0,18,18,438,847,125,972
7,7884,4356,0,0,18,18,438,245,484,729
7,7888,34,0,0,34,34,232,728,1,729
7,7888,2176,0,0,136,136,58,49,32,81
7,7888,2176,0,0,136,136,58,609,16,625
7,7888,3400,0,0,136,136,58,56,25,81
7,7888,5746,0,0,34,34,232,672,169,841
7,7888,7888,0,0,136,136,58,567,58,625
7,7896,24,0,0,12,12,658,2205,4,2209
7,7896,94,0,0,47,47,168,2023,2,2025
7,7896,192,0,0,12,12,658,875,16,891
7,7896,423,0,0,47,47,168,280,9,289
7,7896,4700,0,0,47,47,168,189,100,289
7,7900,10,0,0,10,10,790,1372,3,1375
7,7900,10,0,0,10,10,790,3024,1,3025
7,7900,711,0,0,79,79,100,119,9,128
7,7900,711,0,0,79,79,100,280,9,289
7,7900,1250,0,0,10,10,790,847,125,972
7,7900,1264,0,0,79,79,100,119,16,135
7,7900,1975,0,0,79,79,100,119,25,144
7,7900,2250,0,0,10,10,790,1106,225,1331
7,7900,3160,0,0,10,10,790,5929,632,6561
7,7900,6399,0,0,79,79,100,119,81,200
7,7900,6399,0,0,79,79,100,175,81,256
7,7900,7290,0,0,10,10,790,140,729,869
7,7900,7900,0,0,79,79,100,189,100,289
7,7904,8,0,0,8,8,988,1330,1,1331
7,7904,8,0,0,8,8,988,1372,3,1375
7,7904,8,0,0,8,8,988,2079,1,2080
7,7904,8,0,0,8,8,988,3024,1,3025
7,7904,8,0,0,8,8,988,3969,2,3971
7,7904,8,0,0,8,8,988,4095,1,4096
7,7904,8,0,0,8,8,988,5775,1,5776
7,7904,8,0,0,8,8,988,10647,1,10648
7,7904,8,0,0,8,8,988,12635,1,12636
7,7904,24,0,0,8,8,988,1232,3,1235
7,7904,24,0,0,8,8,988,3325,3,3328
7,7904,24,0,0,8,8,988,10976,9,10985
7,7904,64,0,0,8,8,988,2527,8,2535
7,7904,64,0,0,8,8,988,9625,8,9633
7,7904,104,0,0,104,104,76,168,1,169
7,7904,104,0,0,104,104,76,728,1,729
7,7904,192,0,0,8,8,988,2275,24,2299
7,7904,624,0,0,104,104,76,343,18,361
7,7904,1296,0,0,8,8,988,1463,162,1625
7,7904,1352,0,0,8,8,988,3080,169,3249
7,7904,1536,0,0,8,8,988,1183,192,1375
7,7904,1800,0,0,8,8,988,1183,225,1408
7,7904,1872,0,0,8,8,988,343,702,1045
7,7904,3648,0,0,8,8,988,875,456,1331
7,7904,3648,0,0,8,8,988,2401,1824,4225
7,7904,3744,0,0,104,104,76,133,36,169
7,7904,3888,0,0,8,8,988,1225,972,2197
7,7904,4000,0,0,8,8,988,539,1000,1539
7,7904,4056,0,0,8,8,988,1792,507,2299
7,7904,4056,0,0,8,8,988,1925,507,2432
7,7904,4096,0,0,8,8,988,819,512,1331
7,7904,4840,0,0,8,8,988,448,605,1053
7,7904,5832,0,0,8,8,988,896,729,1625
7,7904,5928,0,0,104,104,76,112,57,169
7,7904,6912,0,0,8,8,988,11011,864,11875
7,7904,7904,0,0,8,8,988,49,1976,2025
7,7904,7904,0,0,38,38,208,35,208,243
7,7906,67,0,0,67,67,118,224,1,225
7,7906,4288,0,0,67,67,118,49,128,177
7,7906,7906,0,0,67,67,118,7,118,125
7,7910,1808,0,0,113,113,70,49,32,81
7,7912,387,0,0,43,43,184,686,27,713
7,7912,3483,0,0,43,43,184,448,81,529
7,7920,24,0,0,24,24,330,1372,3,1375
7,7920,24,0,0,24,24,330,2240,1,2241
7,7920,24,0,0,24,24,330,3024,1,3025
7,7920,40,0,0,8,8,990,10633,15,10648
7,7920,48,0,0,12,12,660,1323,8,1331
7,7920,60,0,0,60,60,132,1407,1,1408
7,7920,66,0,0,66,66,120,224,1,225
7,7920,72,0,0,24,24,330,343,9,352
7,7920,80,0,0,20,20,396,1323,8,1331
7,7920,88,0,0,88,88,90,161,1,162
7,7920,88,0,0,88,88,90,224,1,225
7,7920,108,0,0,36,36,220,343,9,352
7,7920,132,0,0,33,33,240,1323,8,1331
7,7920,160,0,0,40,40,198,1323,8,1331
7,7920,180,0,0,36,36,220,259,5,264
7,7920,192,0,0,12,12,660,875,16,891
7,7920,248,0,0,8,8,990,1344,31,1375
7,7920,297,0,0,33,33,240,616,9,625
7,7920,360,0,0,40,40,198,616,9,625
7,7920,360,0,0,120,120,66,343,9,352
7,7920,528,0,0,33,33,240,875,16,891
7,7920,528,0,0,66,66,120,175,8,183
7,7920,528,0,0,132,132,60,147,8,155
7,7920,576,0,0,24,24,330,343,72,415
7,7920,576,0,0,24,24,330,581,24,605
7,7920,640,0,0,40,40,198,875,16,891
7,7920,704,0,0,11,11,720,665,64,729
7,7920,704,0,0,88,88,90,567,8,575
7,7920,825,0,0,33,33,240,231,25,256
7,7920,990,0,0,90,90,88,189,11,200
7,7920,1000,0,0,40,40,198,231,25,256
7,7920,1200,0,0,15,15,528,343,240,583
7,7920,1760,0,0,110,110,72,49,32,81
7,7920,2250,0,0,90,90,88,49,50,99
7,7920,2250,0,0,90,90,88,231,25,256
7,7920,2376,0,0,24,24,330,343,297,640
7,7920,2673,0,0,33,33,240,175,81,256
7,7920,2904,0,0,12,12,660,245,484,729
7,7920,3240,0,0,40,40,198,175,81,256
7,7920,3300,0,0,12,12,660,2317,275,2592
7,7920,3300,0,0,132,132,60,56,25,81
7,7920,3520,0,0,40,40,198,49,176,225
7,7920,3960,0,0,15,15,528,2597,528,3125
7,7920,3972,0,0,12,12,660,560,331,891
7,7920,3972,0,0,12,12,660,693,331,1024
7,7920,3972,0,0,12,12,660,1694,331,2025
7,7920,3993,0,0,33,33,240,504,121,625
7,7920,4320,0,0,90,90,88,77,48,125
7,7920,4840,0,0,40,40,198,504,121,625
7,7920,4896,0,0,18,18,440,1925,272,2197
7,7920,5632,0,0,88,88,90,161,64,225
7,7920,6072,0,0,88,88,90,56,69,125
7,7920,6660,0,0,36,36,220,112,185,297
7,7920,6912,0,0,24,24,330,49,576,625
7,7920,7290,0,0,90,90,88,175,81,256
7,7920,7920,0,0,90,90,88,49,176,225
7,7930,221,0,0,13,13,610,4375,17,4392
7,7930,221,0,0,13,13,610,5103,17,5120
7,7930,244,0,0,61,61,130,1323,8,1331
7,7930,244,0,0,61,61,130,1617,8,1625
7,7930,650,0,0,13,13,610,2401,200,2601
7,7930,671,0,0,61,61,130,147,22,169
7,7930,671,0,0,61,61,130,189,11,200
7,7930,671,0,0,61,61,130,364,11,375
7,7930,793,0,0,61,61,130,350,13,363
7,7930,832,0,0,13,13,610,7497,128,7625
7,7930,1525,0,0,61,61,130,231,25,256
7,7930,1647,0,0,61,61,130,1183,27,1210
7,7930,1952,0,0,61,61,130,1183,32,1215
7,7930,2106,0,0,13,13,610,875,162,1037
7,7930,3660,0,0,61,61,130,49,120,169
7,7930,3744,0,0,13,13,610,49,576,625
7,7930,4941,0,0,61,61,130,175,81,256
7,7930,5368,0,0,61,61,130,49,176,225
7,7930,6656,0,0,13,13,610,525,512,1037
7,7930,7137,0,0,13,13,610,896,549,1445
7,7930,7625,0,0,61,61,130,91,125,216
7,7930,7625,0,0,61,61,130,847,125,972
7,7930,7625,0,0,61,61,130,1323,250,1573
7,7930,7930,0,0,13,13,610,119,610,729
7,7936,372,0,0,124,124,64,343,9,352
7,7936,4464,0,0,124,124,64,49,72,121
7,7938,49,0,0,49,49,162,287,1,288
7,7942,361,0,0,19,19,418,1925,19,1944
7,7942,361,0,0,19,19,418,2541,19,2560
7,7942,627,0,0,19,19,418,2527,33,2560
7,7946,2192,0,0,137,137,58,49,32,81
7,7946,2192,0,0,137,137,58,609,16,625
7,7946,3425,0,0,137,137,58,56,25,81
7,7946,7946,0,0,137,137,58,567,58,625
7,7950,1007,0,0,53,53,150,224,19,243
7,7950,1007,0,0,53,53,150,343,57,400
7,7952,14,0,0,14,14,568,1064,1,1065
7,7952,14,0,0,14,14,568,5040,1,5041
7,7952,896,0,0,14,14,568,665,64,729
7,7952,3150,0,0,14,14,568,497,225,722
7,7952,4032,0,0,14,14,568,49,576,625
7,7956,17,0,0,17,17,468,728,1,729
7,7956,17,0,0,17,17,468,4095,1,4096
7,7956,17,0,0,17,17,468,5264,1,5265
7,7956,18,0,0,18,18,442,728,1,729
7,7956,18,0,0,18,18,442,1183,1,1184
7,7956,102,0,0,34,34,234,413,3,416
7,7956,102,0,0,102,102,78,168,1,169
7,7956,102,0,0,102,102,78,224,1,225
7,7956,102,0,0,102,102,78,350,1,351
7,7956,102,0,0,102,102,78,728,1,729
7,7956,221,0,0,17,17,468,987,13,1000
7,7956,306,0,0,18,18,442,1036,17,1053
7,7956,312,0,0,39,39,204,721,8,729
7,7956,1768,0,0,26,26,306,2401,272,2673
7,7956,2006,0,0,34,34,234,448,59,507
7,7956,2496,0,0,78,78,102,189,32,221
7,7956,2652,0,0,78,78,102,49,68,117
7,7956,2873,0,0,17,17,468,560,169,729
7,7956,3196,0,0,17,17,468,4375,188,4563
7,7956,3456,0,0,18,18,442,1813,384,2197
7,7956,4131,0,0,51,51,156,1183,81,1264
7,7956,4896,0,0,17,17,468,49,576,625
7,7956,6528,0,0,102,102,78,105,64,169
7,7956,6800,0,0,17,17,468,329,400,729
7,7956,6885,0,0,17,17,468,1792,405,2197
7,7968,16,0,0,16,16,498,2240,1,2241
7,7968,1776,0,0,12,12,664,581,148,729
7,7968,4608,0,0,16,16,498,49,576,625
7,7980,42,0,0,14,14,570,1232,3,1235
7,7980,42,0,0,14,14,570,3325,3,3328
7,7980,42,0,0,42,42,190,224,1,225
7,7980,42,0,0,42,42,190,399,1,400
7,7980,70,0,0,14,14,570,1183,5,1188
7,7980,70,0,0,14,14,570,4389,5,4394
7,7980,105,0,0,105,105,76,168,1,169
7,7980,105,0,0,105,105,76,728,1,729
7,7980,140,0,0,35,35,228,525,4,529
7,7980,210,0,0,35,35,228,343,18,361
7,7980,266,0,0,14,14,570,637,38,675
7,7980,266,0,0,14,14,570,1925,19,1944
7,7980,266,0,0,14,14,570,2541,19,2560
7,7980,266,0,0,14,14,570,4375,19,4394
7,7980,336,0,0,14,14,570,2275,24,2299
7,7980,364,0,0,14,14,570,1323,52,1375
7,7980,462,0,0,14,14,570,1183,33,1216
7,7980,462,0,0,14,14,570,2527,33,2560
7,7980,532,0,0,14,14,570,567,38,605
7,7980,532,0,0,133,133,60,147,8,155
7,7980,630,0,0,105,105,76,343,18,361
7,7980,875,0,0,35,35,228,336,25,361
7,7980,875,0,0,35,35,228,504,25,529
7,7980,945,0,0,35,35,228,448,27,475
7,7980,1610,0,0,35,35,228,315,46,361
7,7980,1824,0,0,114,114,70,49,32,81
7,7980,1920,0,0,15,15,532,4361,256,4617
7,7980,2002,0,0,14,14,570,532,143,675
7,7980,2128,0,0,14,14,570,693,152,845
7,7980,2688,0,0,14,14,570,1183,192,1375
7,7980,2688,0,0,42,42,190,665,64,729
7,7980,2835,0,0,35,35,228,175,81,256
7,7980,2835,0,0,35,35,228,280,81,361
7,7980,2835,0,0,35,35,228,448,81,529
7,7980,2912,0,0,14,14,570,875,208,1083
7,7980,3276,0,0,14,14,570,343,702,1045
7,7980,3325,0,0,35,35,228,161,95,256
7,7980,3325,0,0,133,133,60,56,25,81
7,7980,3402,0,0,14,14,570,1330,243,1573
7,7980,3780,0,0,105,105,76,133,36,169
7,7980,4375,0,0,35,35,228,483,125,608
7,7980,5824,0,0,14,14,570,189,416,605
7,7980,5985,0,0,105,105,76,112,57,169
7,7980,6250,0,0,10,10,798,399,625,1024
7,7980,6804,0,0,14,14,570,1225,972,2197
7,7980,7000,0,0,14,14,570,539,1000,1539
7,7980,7000,0,0,35,35,228,161,200,361
7,7980,7098,0,0,14,14,570,133,507,640
7,7980,7098,0,0,14,14,570,1792,507,2299
7,7980,7098,0,0,14,14,570,1925,507,2432
7,7980,7296,0,0,57,57,140,497,128,625
7,7986,363,0,0,121,121,66,343,9,352
7,7990,1175,0,0,47,47,170,2023,25,2048
7,7992,9,0,0,9,9,888,1295,1,1296
7,7992,54,0,0,54,54,148,224,1,225
7,7992,54,0,0,54,54,148,1295,1,1296
7,7992,222,0,0,74,74,108,343,9,352
7,7992,999,0,0,9,9,888,1715,333,2048
7,7992,1776,0,0,111,111,72,49,32,81
7,7998,31,0,0,31,31,258,350,1,351
7,7998,31,0,0,31,31,258,728,1,729
7,7998,1333,0,0,31,31,258,2457,43,2500
7,7998,1550,0,0,31,31,258,301,50,351
7,7998,3224,0,0,31,31,258,301,104,405
7,7998,5239,0,0,31,31,258,175,169,344
7,7998,5239,0,0,31,31,258,49,338,387
7,7998,5239,0,0,31,31,258,560,169,729
7,7998,5239,0,0,31,31,258,1680,169,1849
7,8000,50,0,0,50,50,160,224,1,225
7,8000,375,0,0,125,125,64,343,9,352
7,8000,720,0,0,80,80,100,119,9,128
7,8000,720,0,0,80,80,100,280,9,289
7,8000,1280,0,0,80,80,100,119,16,135
7,8000,2000,0,0,80,80,100,119,25,144
7,8000,4500,0,0,125,125,64,49,72,121
7,8000,5760,0,0,20,20,400,49,576,625
7,8000,6480,0,0,80,80,100,119,81,200
7,8000,6480,0,0,80,80,100,175,81,256
7,8000,8000,0,0,80,80,100,189,100,289
7,8004,46,0,0,46,46,174,231,1,232
7,8004,2208,0,0,138,138,58,49,32,81
7,8004,2208,0,0,138,138,58,609,16,625
7,8004,3450,0,0,138,138,58,56,25,81
7,8004,8004,0,0,138,138,58,567,58,625
7,8008,28,0,0,28,28,286,728,1,729
7,8008,1001,0,0,91,91,88,189,11,200
7,8008,2275,0,0,91,91,88,49,50,99
7,8008,2275,0,0,91,91,88,231,25,256
7,8008,4368,0,0,91,91,88,77,48,125
7,8008,7371,0,0,91,91,88,175,81,256
7,8008,8008,0,0,91,91,88,49,176,225
7,8010,89,0,0,89,89,90,161,1,162
7,8010,89,0,0,89,89,90,224,1,225
7,8010,712,0,0,89,89,90,567,8,575
7,8010,5696,0,0,89,89,90,161,64,225
7,8010,6141,0,0,89,89,90,56,69,125
7,8010,8010,0,0,45,45,178,49,356,405
7,8024,68,0,0,68,68,118,224,1,225
7,8024,4352,0,0,68,68,118,49,128,177
7,8024,8024,0,0,68,68,118,7,118,125
7,8030,55,0,0,55,55,146,511,1,512
7,8030,792,0,0,11,11,730,3577,144,3721
7,8030,2409,0,0,11,11,730,343,657,1000
7,8030,6875,0,0,11,11,730,1022,625,1647
7,8034,103,0,0,103,103,78,168,1,169
7,8034,103,0,0,103,103,78,224,1,225
7,8034,103,0,0,103,103,78,350,1,351
7,8034,103,0,0,103,103,78,728,1,729
7,8034,208,0,0,13,13,618,945,16,961
7,8034,1872,0,0,13,13,618,343,432,775
7,8034,3120,0,0,13,13,618,721,240,961
7,8034,6592,0,0,103,103,78,105,64,169
7,8034,8034,0,0,13,13,618,7,618,625
7,8040,10,0,0,10,10,804,1519,2,1521
7,8040,67,0,0,67,67,120,224,1,225
7,8040,536,0,0,67,67,120,175,8,183
7,8040,536,0,0,134,134,60,147,8,155
7,8040,1620,0,0,10,10,804,637,324,961
7,8040,2916,0,0,12,12,670,343,729,1072
7,8040,3350,0,0,134,134,60,56,25,81
7,8040,4860,0,0,20,20,402,343,729,1072
7,8040,4960,0,0,10,10,804,1701,496,2197
7,8050,1840,0,0,115,115,70,49,32,81
7,8052,33,0,0,33,33,244,287,1,288
7,8052,61,0,0,61,61,132,1407,1,1408
7,8052,366,0,0,122,122,66,343,9,352
7,8052,396,0,0,22,22,366,3703,18,3721
7,8052,1782,0,0,22,22,366,448,81,529
7,8056,106,0,0,106,106,76,168,1,169
7,8056,106,0,0,106,106,76,728,1,729
7,8056,636,0,0,106,106,76,343,18,361
7,8056,3816,0,0,106,106,76,133,36,169
7,8056,6042,0,0,106,106,76,112,57,169
7,8058,2528,0,0,79,79,102,189,32,221
7,8058,2686,0,0,79,79,102,49,68,117
7,8060,248,0,0,62,62,130,1323,8,1331
7,8060,248,0,0,62,62,130,1617,8,1625
7,8060,416,0,0,26,26,310,945,16,961
7,8060,650,0,0,26,26,310,378,25,403
7,8060,650,0,0,26,26,310,651,25,676
7,8060,682,0,0,62,62,130,147,22,169
7,8060,682,0,0,62,62,130,189,11,200
7,8060,682,0,0,62,62,130,364,11,375
7,8060,806,0,0,62,62,130,350,13,363
7,8060,832,0,0,26,26,310,1183,32,1215
7,8060,1550,0,0,62,62,130,231,25,256
7,8060,1674,0,0,62,62,130,1183,27,1210
7,8060,1690,0,0,26,26,310,896,65,961
7,8060,1984,0,0,62,62,130,1183,32,1215
7,8060,2600,0,0,26,26,310,637,200,837
7,8060,3328,0,0,26,26,310,147,256,403
7,8060,3720,0,0,62,62,130,49,120,169
7,8060,3744,0,0,26,26,310,343,432,775
7,8060,5022,0,0,62,62,130,175,81,256
7,8060,5456,0,0,62,62,130,49,176,225
7,8060,7750,0,0,62,62,130,91,125,216
7,8060,7750,0,0,62,62,130,847,125,972
7,8060,7750,0,0,62,62,130,1323,250,1573
7,8062,2224,0,0,139,139,58,49,32,81
7,8062,2224,0,0,139,139,58,609,16,625
7,8062,3475,0,0,139,139,58,56,25,81
7,8062,8062,0,0,139,139,58,567,58,625
7,8064,28,0,0,28,28,288,840,1,841
7,8064,96,0,0,48,48,168,2023,2,2025
7,8064,378,0,0,126,126,64,343,9,352
7,8064,432,0,0,48,48,168,280,9,289
7,8064,704,0,0,16,16,504,441,88,529
7,8064,812,0,0,28,28,288,700,29,729
7,8064,1792,0,0,112,112,72,49,32,81
7,8064,4536,0,0,126,126,64,49,72,121
7,8064,4800,0,0,48,48,168,189,100,289
7,8064,8064,0,0,28,28,288,49,576,625
7,8070,15,0,0,15,15,538,1344,1,1345
7,8070,4320,0,0,15,15,538,49,576,625
7,8070,8070,0,0,15,15,538,49,1076,1125
7,8080,1010,0,0,10,10,808,3024,101,3125
7,8086,13,0,0,13,13,622,728,1,729
7,8092,56,0,0,14,14,578,833,8,841
7,8092,68,0,0,34,34,238,2023,2,2025
7,8092,306,0,0,34,34,238,280,9,289
7,8092,350,0,0,14,14,578,2023,25,2048
7,8092,3400,0,0,34,34,238,189,100,289
7,8094,19,0,0,19,19,426,567,1,568
7,8096,92,0,0,23,23,352,1323,8,1331
7,8096,396,0,0,44,44,184,686,27,713
7,8096,1012,0,0,92,92,88,189,11,200
7,8096,2300,0,0,92,92,88,49,50,99
7,8096,2300,0,0,92,92,88,231,25,256
7,8096,3564,0,0,44,44,184,448,81,529
7,8096,4071,0,0,23,23,352,847,177,1024
7,8096,4416,0,0,92,92,88,77,48,125
7,8096,7452,0,0,92,92,88,175,81,256
7,8096,8096,0,0,92,92,88,49,176,225
7,8100,36,0,0,9,9,900,1323,8,1331
7,8100,50,0,0,50,50,162,287,1,288
7,8100,90,0,0,90,90,90,161,1,162
7,8100,90,0,0,90,90,90,224,1,225
7,8100,162,0,0,18,18,450,791,9,800
7,8100,225,0,0,75,75,108,343,9,352
7,8100,288,0,0,9,9,900,1617,64,1681
7,8100,540,0,0,135,135,60,147,8,155
7,8100,720,0,0,90,90,90,567,8,575
7,8100,729,0,0,81,81,100,119,9,128
7,8100,729,0,0,81,81,100,280,9,289
7,8100,750,0,0,30,30,270,2023,25,2048
7,8100,1026,0,0,54,54,150,224,19,243
7,8100,1026,0,0,54,54,150,343,57,400
7,8100,1107,0,0,9,9,900,1925,123,2048
7,8100,1125,0,0,9,9,900,847,125,972
7,8100,1296,0,0,81,81,100,119,16,135
7,8100,2025,0,0,81,81,100,119,25,144
7,8100,3375,0,0,135,135,60,56,25,81
7,8100,4320,0,0,15,15,540,49,576,625
7,8100,5760,0,0,90,90,90,161,64,225
7,8100,6210,0,0,90,90,90,56,69,125
7,8100,6561,0,0,81,81,100,119,81,200
7,8100,6561,0,0,81,81,100,175,81,256
7,8100,7680,0,0,30,30,270,119,256,375
7,8100,7776,0,0,27,27,300,49,576,625
7,8100,8100,0,0,81,81,100,189,100,289
7,8112,13,0,0,13,13,624,728,1,729
7,8112,104,0,0,104,104,78,168,1,169
7,8112,104,0,0,104,104,78,224,1,225
7,8112,104,0,0,104,104,78,350,1,351
7,8112,104,0,0,104,104,78,728,1,729
7,8112,600,0,0,24,24,338,2023,25,2048
7,8112,4212,0,0,52,52,156,1183,81,1264
7,8112,6656,0,0,104,104,78,105,64,169
7,8112,8112,0,0,39,39,208,35,208,243
7,8118,33,0,0,33,33,246,287,1,288
7,8118,55,0,0,11,11,738,1512,5,1517
7,8118,164,0,0,41,41,198,1323,8,1331
7,8118,369,0,0,41,41,198,616,9,625
7,8118,369,0,0,123,123,66,343,9,352
7,8118,656,0,0,41,41,198,875,16,891
7,8118,1025,0,0,41,41,198,231,25,256
7,8118,3321,0,0,41,41,198,175,81,256
7,8118,3608,0,0,41,41,198,49,176,225
7,8118,4961,0,0,41,41,198,504,121,625
7,8118,7216,0,0,11,11,738,1813,1312,3125
7,8118,7425,0,0,11,11,738,343,2025,2368
7,8120,14,0,0,14,14,580,840,1,841
7,8120,35,0,0,35,35,232,728,1,729
7,8120,58,0,0,29,29,280,2205,4,2209
7,8120,84,0,0,14,14,580,2401,24,2425
7,8120,406,0,0,14,14,580,700,29,729
7,8120,700,0,0,14,14,580,679,50,729
7,8120,1358,0,0,14,14,580,875,97,972
7,8120,1750,0,0,14,14,580,2688,125,2813
7,8120,1856,0,0,116,116,70,49,32,81
7,8120,2268,0,0,14,14,580,679,162,841
7,8120,4032,0,0,14,14,580,49,576,625
7,8120,5915,0,0,35,35,232,672,169,841
7,8120,7424,0,0,58,58,140,497,128,625
7,8122,93,0,0,31,31,262,343,9,352
7,8126,1377,0,0,17,17,478,875,81,956
7,8126,6375,0,0,17,17,478,1673,375,2048
7,8128,381,0,0,127,127,64,343,9,352
7,8128,400,0,0,16,16,508,2023,25,2048
7,8128,4572,0,0,127,127,64,49,72,121
7,8128,5440,0,0,16,16,508,49,680,729
7,8132,107,0,0,107,107,76,168,1,169
7,8132,107,0,0,107,107,76,728,1,729
7,8132,642,0,0,107,107,76,343,18,361
7,8132,3852,0,0,107,107,76,133,36,169
7,8132,6099,0,0,107,107,76,112,57,169
7,8136,324,0,0,12,12,678,2744,81,2825
7,8136,600,0,0,12,12,678,2401,200,2601
7,8136,1808,0,0,113,113,72,49,32,81
7,8136,4608,0,0,9,9,904,5537,1024,6561
7,8136,6144,0,0,12,12,678,5537,1024,6561
7,8140,22,0,0,22,22,370,1295,1,1296
7,8140,40,0,0,10,10,814,1323,8,1331
7,8140,55,0,0,55,55,148,224,1,225
7,8140,55,0,0,55,55,148,1295,1,1296
7,8140,111,0,0,37,37,220,343,9,352
7,8140,185,0,0,37,37,220,259,5,264
7,8140,594,0,0,22,22,370,1120,27,1147
7,8140,1280,0,0,10,10,814,833,256,1089
7,8140,2442,0,0,22,22,370,1715,333,2048
7,8140,2750,0,0,22,22,370,259,125,384
7,8140,2890,0,0,10,10,814,2079,289,2368
7,8140,5920,0,0,10,10,814,147,1184,1331
7,8140,6336,0,0,22,22,370,49,576,625
7,8140,6845,0,0,37,37,220,112,185,297
7,8142,69,0,0,69,69,118,224,1,225
7,8142,4416,0,0,69,69,118,49,128,177
7,8142,8142,0,0,69,69,118,7,118,125
7,8148,4032,0,0,14,14,582,4753,576,5329
7,8154,2043,0,0,9,9,906,343,681,1024
7,8160,40,0,0,20,20,408,2023,2,2025
7,8160,51,0,0,51,51,160,224,1,225
7,8160,68,0,0,68,68,120,224,1,225
7,8160,96,0,0,24,24,340,357,4,361
7,8160,136,0,0,34,34,240,1323,8,1331
7,8160,144,0,0,24,24,340,343,18,361
7,8160,306,0,0,34,34,240,616,9,625
7,8160,320,0,0,40,40,204,721,8,729
7,8160,500,0,0,20,20,408,672,25,697
7,8160,500,0,0,20,20,408,2023,25,2048
7,8160,544,0,0,34,34,240,875,16,891
7,8160,544,0,0,68,68,120,175,8,183
7,8160,544,0,0,136,136,60,147,8,155
7,8160,600,0,0,24,24,340,336,25,361
7,8160,600,0,0,24,24,340,2023,25,2048
7,8160,648,0,0,24,24,340,448,27,475
7,8160,768,0,0,12,12,680,833,128,961
7,8160,800,0,0,16,16,510,2401,200,2601
7,8160,850,0,0,34,34,240,231,25,256
7,8160,1020,0,0,20,20,408,574,51,625
7,8160,1200,0,0,48,48,170,2023,25,2048
7,8160,1824,0,0,24,24,340,1225,152,1377
7,8160,1944,0,0,24,24,340,280,81,361
7,8160,1944,0,0,24,24,340,1372,243,1615
7,8160,2560,0,0,20,20,408,441,256,697
7,8160,2560,0,0,80,80,102,189,32,221
7,8160,2720,0,0,80,80,102,49,68,117
7,8160,2754,0,0,34,34,240,175,81,256
7,8160,3000,0,0,24,24,340,833,250,1083
7,8160,3400,0,0,136,136,60,56,25,81
7,8160,4100,0,0,20,20,408,49,410,459
7,8160,4114,0,0,34,34,240,504,121,625
7,8160,4608,0,0,16,16,510,49,576,625
7,8160,5780,0,0,20,20,408,287,289,576
7,8160,5780,0,0,20,20,408,336,289,625
7,8160,6144,0,0,24,24,340,105,256,361
7,8160,6144,0,0,24,24,340,119,256,375
7,8160,6480,0,0,20,20,408,49,648,697
7,8160,6528,0,0,24,24,340,133,272,405
7,8160,6800,0,0,20,20,408,49,680,729
7,8160,8160,0,0,24,24,340,21,340,361
7,8160,8160,0,0,24,24,340,49,680,729
7,8170,43,0,0,43,43,190,224,1,225
7,8170,43,0,0,43,43,190,399,1,400
7,8170,760,0,0,19,19,430,2107,80,2187
7,8170,2752,0,0,43,43,190,665,64,729
7,8176,56,0,0,56,56,146,511,1,512
7,8178,47,0,0,47,47,174,231,1,232
7,8184,62,0,0,62,62,132,1407,1,1408
7,8184,372,0,0,12,12,682,2268,31,2299
7,8184,372,0,0,124,124,66,343,9,352
7,8184,374,0,0,22,22,372,847,17,864
7,8184,1023,0,0,93,93,88,189,11,200
7,8184,1408,0,0,22,22,372,833,128,961
7,8184,2325,0,0,93,93,88,49,50,99
7,8184,2325,0,0,93,93,88,231,25,256
7,8184,4103,0,0,11,11,744,651,373,1024
7,8184,4464,0,0,93,93,88,77,48,125
7,8184,7533,0,0,93,93,88,175,81,256
7,8184,8184,0,0,93,93,88,49,176,225
7,8188,8188,0,0,46,46,178,49,356,405
7,8190,81,0,0,9,9,910,2366,9,2375
7,8190,91,0,0,91,91,90,161,1,162
7,8190,91,0,0,91,91,90,224,1,225
7,8190,105,0,0,35,35,234,413,3,416
7,8190,105,0,0,105,105,78,168,1,169
7,8190,105,0,0,105,105,78,224,1,225
7,8190,105,0,0,105,105,78,350,1,351
7,8190,105,0,0,105,105,78,728,1,729
7,8190,252,0,0,63,63,130,1323,8,1331
7,8190,252,0,0,63,63,130,1617,8,1625
7,8190,585,0,0,9,9,910,2527,65,2592
7,8190,693,0,0,63,63,130,147,22,169
7,8190,693,0,0,63,63,130,189,11,200
7,8190,693,0,0,63,63,130,364,11,375
7,8190,728,0,0,91,91,90,567,8,575
7,8190,819,0,0,63,63,130,350,13,363
7,8190,1027,0,0,13,13,630,945,79,1024
7,8190,1152,0,0,9,9,910,3969,256,4225
7,8190,1215,0,0,9,9,910,4459,405,4864
7,8190,1575,0,0,63,63,130,231,25,256
7,8190,1701,0,0,63,63,130,1183,27,1210
7,8190,1872,0,0,117,117,70,49,32,81
7,8190,2016,0,0,63,63,130,1183,32,1215
7,8190,2065,0,0,35,35,234,448,59,507
7,8190,3780,0,0,63,63,130,49,120,169
7,8190,5103,0,0,63,63,130,175,81,256
7,8190,5544,0,0,63,63,130,49,176,225
7,8190,5625,0,0,9,9,910,399,625,1024
7,8190,5625,0,0,9,9,910,819,625,1444
7,8190,5625,0,0,9,9,910,896,625,1521
7,8190,5824,0,0,91,91,90,161,64,225
7,8190,6279,0,0,91,91,90,56,69,125
7,8190,6720,0,0,105,105,78,105,64,169
7,8190,7200,0,0,9,9,910,4459,2400,6859
7,8190,7875,0,0,63,63,130,91,125,216
7,8190,7875,0,0,63,63,130,847,125,972
7,8190,7875,0,0,63,63,130,1323,250,1573
7,8192,384,0,0,128,128,64,343,9,352
7,8192,4608,0,0,128,128,64,49,72,121
7,8200,10,0,0,10,10,820,959,1,960
7,8200,10,0,0,10,10,820,1680,1,1681
7,8200,25,0,0,25,25,328,1372,3,1375
7,8200,25,0,0,25,25,328,1680,1,1681
7,8200,25,0,0,25,25,328,3024,1,3025
7,8200,80,0,0,10,10,820,2009,16,2025
7,8200,200,0,0,25,25,328,2009,16,2025
7,8200,675,0,0,25,25,328,875,27,902
7,8200,738,0,0,82,82,100,119,9,128
7,8200,738,0,0,82,82,100,280,9,289
7,8200,900,0,0,25,25,328,343,108,451
7,8200,1312,0,0,82,82,100,119,16,135
7,8200,1600,0,0,25,25,328,1225,128,1353
7,8200,2050,0,0,82,82,100,119,25,144
7,8200,2475,0,0,25,25,328,343,297,640
7,8200,3125,0,0,25,25,328,847,125,972
7,8200,4000,0,0,25,25,328,49,320,369
7,8200,5625,0,0,25,25,328,287,225,512
7,8200,6642,0,0,82,82,100,119,81,200
7,8200,6642,0,0,82,82,100,175,81,256
7,8200,7200,0,0,25,25,328,49,576,625
7,8200,7290,0,0,10,10,820,3430,2187,5617
7,8200,8200,0,0,25,25,328,35,328,363
7,8200,8200,0,0,25,25,328,77,328,405
7,8200,8200,0,0,82,82,100,189,100,289
7,8208,108,0,0,108,108,76,168,1,169
7,8208,108,0,0,108,108,76,728,1,729
7,8208,144,0,0,24,24,342,343,18,361
7,8208,144,0,0,36,36,228,525,4,529
7,8208,216,0,0,36,36,228,343,18,361
7,8208,228,0,0,76,76,108,343,9,352
7,8208,648,0,0,108,108,76,343,18,361
7,8208,900,0,0,36,36,228,336,25,361
7,8208,900,0,0,36,36,228,504,25,529
7,8208,972,0,0,36,36,228,448,27,475
7,8208,1368,0,0,24,24,342,1792,57,1849
7,8208,1656,0,0,36,36,228,315,46,361
7,8208,1824,0,0,114,114,72,49,32,81
7,8208,2916,0,0,36,36,228,175,81,256
7,8208,2916,0,0,36,36,228,280,81,361
7,8208,2916,0,0,36,36,228,448,81,529
7,8208,3420,0,0,36,36,228,161,95,256
7,8208,3888,0,0,108,108,76,133,36,169
7,8208,4113,0,0,9,9,912,567,457,1024
7,8208,4113,0,0,9,9,912,5488,1371,6859
7,8208,4500,0,0,36,36,228,483,125,608
7,8208,6156,0,0,108,108,76,112,57,169
7,8208,7200,0,0,36,36,228,161,200,361
7,8220,548,0,0,137,137,60,147,8,155
7,8220,3425,0,0,137,137,60,56,25,81
7,8220,3840,0,0,15,15,548,2401,1024,3425
7,8220,8220,0,0,15,15,548,77,548,625
7,8228,11,0,0,11,11,748,1155,1,1156
7,8228,11,0,0,11,11,748,1372,3,1375
7,8228,11,0,0,11,11,748,3024,1,3025
7,8228,220,0,0,11,11,748,847,20,867
7,8228,550,0,0,11,11,748,2401,200,2601
7,8228,1375,0,0,11,11,748,847,125,972
7,8228,1683,0,0,11,11,748,847,153,1000
7,8228,6534,0,0,11,11,748,343,1782,2125
7,8232,98,0,0,49,49,168,2023,2,2025
7,8232,441,0,0,49,49,168,280,9,289
7,8232,2478,0,0,14,14,588,448,177,625
7,8232,4900,0,0,49,49,168,189,100,289
7,8234,6624,0,0,23,23,358,49,576,625
7,8240,160,0,0,20,20,412,721,8,729
7,8250,25,0,0,25,25,330,1372,3,1375
7,8250,25,0,0,25,25,330,2240,1,2241
7,8250,25,0,0,25,25,330,3024,1,3025
7,8250,60,0,0,15,15,550,1323,8,1331
7,8250,75,0,0,25,25,330,343,9,352
7,8250,270,0,0,15,15,550,539,36,575
7,8250,375,0,0,125,125,66,343,9,352
7,8250,600,0,0,25,25,330,343,72,415
7,8250,600,0,0,25,25,330,581,24,605
7,8250,1045,0,0,55,55,150,224,19,243
7,8250,1045,0,0,55,55,150,343,57,400
7,8250,1875,0,0,15,15,550,847,125,972
7,8250,2475,0,0,25,25,330,343,297,640
7,8250,3630,0,0,15,15,550,245,484,729
7,8250,5520,0,0,15,15,550,847,368,1215
7,8250,5632,0,0,11,11,750,245,1024,1269
7,8250,7200,0,0,25,25,330,49,576,625
7,8250,7935,0,0,15,15,550,175,529,704
7,8250,7935,0,0,15,15,550,560,529,1089
7,8250,7935,0,0,15,15,550,5103,529,5632
7,8256,32,0,0,32,32,258,350,1,351
7,8256,32,0,0,32,32,258,728,1,729
7,8256,387,0,0,129,129,64,343,9,352
7,8256,1376,0,0,32,32,258,2457,43,2500
7,8256,1600,0,0,32,32,258,301,50,351
7,8256,3328,0,0,32,32,258,301,104,405
7,8256,4644,0,0,129,129,64,49,72,121
7,8256,5408,0,0,32,32,258,175,169,344
7,8256,5408,0,0,32,32,258,49,338,387
7,8256,5408,0,0,32,32,258,560,169,729
7,8256,5408,0,0,32,32,258,1680,169,1849
7,8260,70,0,0,70,70,118,224,1,225
7,8260,1888,0,0,118,118,70,49,32,81
7,8260,4480,0,0,70,70,118,49,128,177
7,8260,7552,0,0,59,59,140,497,128,625
7,8260,8260,0,0,70,70,118,7,118,125
7,8262,9,0,0,9,9,918,4760,1,4761
7,8262,51,0,0,51,51,162,287,1,288
7,8262,153,0,0,9,9,918,5103,17,5120
7,8262,450,0,0,9,9,918,2401,200,2601
7,8262,1836,0,0,27,27,306,2401,272,2673
7,8262,2592,0,0,81,81,102,189,32,221
7,8262,2754,0,0,81,81,102,49,68,117
7,8268,13,0,0,13,13,636,847,1,848
7,8268,13,0,0,13,13,636,5103,1,5104
7,8268,106,0,0,106,106,78,168,1,169
7,8268,106,0,0,106,106,78,224,1,225
7,8268,106,0,0,106,106,78,350,1,351
7,8268,106,0,0,106,106,78,728,1,729
7,8268,1287,0,0,13,13,636,742,99,841
7,8268,4293,0,0,53,53,156,1183,81,1264
7,8268,6784,0,0,106,106,78,105,64,169
7,8272,1034,0,0,94,94,88,189,11,200
7,8272,2350,0,0,94,94,88,49,50,99
7,8272,2350,0,0,94,94,88,231,25,256
7,8272,4512,0,0,94,94,88,77,48,125
7,8272,7614,0,0,94,94,88,175,81,256
7,8272,8272,0,0,94,94,88,49,176,225
7,8274,84,0,0,21,21,394,1323,8,1331
7,8280,20,0,0,20,20,414,728,1,729
7,8280,20,0,0,20,20,414,896,1,897
7,8280,48,0,0,12,12,690,1211,4,1215
7,8280,69,0,0,69,69,120,224,1,225
7,8280,90,0,0,18,18,460,616,5,621
7,8280,92,0,0,92,92,90,161,1,162
7,8280,92,0,0,92,92,90,224,1,225
7,8280,320,0,0,10,10,828,3703,32,3735
7,8280,405,0,0,45,45,184,686,27,713
7,8280,552,0,0,69,69,120,175,8,183
7,8280,552,0,0,138,138,60,147,8,155
7,8280,736,0,0,92,92,90,567,8,575
7,8280,828,0,0,12,12,690,1211,69,1280
7,8280,1840,0,0,115,115,72,49,32,81
7,8280,3380,0,0,20,20,414,567,169,736
7,8280,3450,0,0,138,138,60,56,25,81
7,8280,3645,0,0,45,45,184,448,81,529
7,8280,4150,0,0,10,10,828,1701,415,2116
7,8280,5888,0,0,92,92,90,161,64,225
7,8280,6348,0,0,12,12,690,336,529,865
7,8280,6348,0,0,92,92,90,56,69,125
7,8280,7020,0,0,20,20,414,161,351,512
7,8284,109,0,0,109,109,76,168,1,169
7,8284,109,0,0,109,109,76,728,1,729
7,8284,654,0,0,109,109,76,343,18,361
7,8284,3924,0,0,109,109,76,133,36,169
7,8284,6213,0,0,109,109,76,112,57,169
7,8288,56,0,0,14,14,592,1323,8,1331
7,8288,56,0,0,56,56,148,224,1,225
7,8288,56,0,0,56,56,148,1295,1,1296
7,8288,8288,0,0,14,14,592,147,1184,1331
7,8294,29,0,0,29,29,286,728,1,729
7,8296,34,0,0,34,34,244,287,1,288
7,8300,747,0,0,83,83,100,119,9,128
7,8300,747,0,0,83,83,100,280,9,289
7,8300,1328,0,0,83,83,100,119,16,135
7,8300,2075,0,0,83,83,100,119,25,144
7,8300,6723,0,0,83,83,100,119,81,200
7,8300,6723,0,0,83,83,100,175,81,256
7,8300,8300,0,0,83,83,100,189,100,289
7,8316,63,0,0,63,63,132,1407,1,1408
7,8316,84,0,0,21,21,396,1323,8,1331
7,8316,168,0,0,42,42,198,1323,8,1331
7,8316,231,0,0,77,77,108,343,9,352
7,8316,378,0,0,42,42,198,616,9,625
7,8316,378,0,0,126,126,66,343,9,352
7,8316,672,0,0,42,42,198,875,16,891
7,8316,1050,0,0,42,42,198,231,25,256
7,8316,3402,0,0,42,42,198,175,81,256
7,8316,3696,0,0,42,42,198,49,176,225
7,8316,4032,0,0,14,14,594,1043,288,1331
7,8316,5082,0,0,42,42,198,504,121,625
7,8320,52,0,0,52,52,160,224,1,225
7,8320,144,0,0,16,16,520,1015,9,1024
7,8320,256,0,0,16,16,520,609,16,625
7,8320,256,0,0,64,64,130,1323,8,1331
7,8320,256,0,0,64,64,130,1617,8,1625
7,8320,390,0,0,130,130,64,343,9,352
7,8320,512,0,0,16,16,520,1183,32,1215
7,8320,704,0,0,64,64,130,147,22,169
7,8320,704,0,0,64,64,130,189,11,200
7,8320,704,0,0,64,64,130,364,11,375
7,8320,832,0,0,64,64,130,350,13,363
7,8320,928,0,0,16,16,520,567,58,625
7,8320,1040,0,0,16,16,520,6496,65,6561
7,8320,1600,0,0,64,64,130,231,25,256
7,8320,1690,0,0,10,10,832,3584,169,3753
7,8320,1728,0,0,64,64,130,1183,27,1210
7,8320,2048,0,0,16,16,520,3969,256,4225
7,8320,2048,0,0,64,64,130,1183,32,1215
7,8320,3200,0,0,16,16,520,441,400,841
7,8320,3840,0,0,64,64,130,49,120,169
7,8320,4096,0,0,16,16,520,875,256,1131
7,8320,4176,0,0,16,16,520,364,261,625
7,8320,4680,0,0,130,130,64,49,72,121
7,8320,5184,0,0,64,64,130,175,81,256
7,8320,5408,0,0,16,16,520,49,676,725
7,8320,5632,0,0,64,64,130,49,176,225
7,8320,8000,0,0,64,64,130,91,125,216
7,8320,8000,0,0,64,64,130,847,125,972
7,8320,8000,0,0,64,64,130,1323,250,1573
7,8320,8320,0,0,40,40,208,35,208,243
7,8322,57,0,0,57,57,146,511,1,512
7,8322,76,0,0,19,19,438,1323,8,1331
7,8322,76,0,0,19,19,438,5621,4,5625
7,8322,2375,0,0,19,19,438,847,125,972
7,8322,4598,0,0,19,19,438,245,484,729
7,8330,70,0,0,35,35,238,2023,2,2025
7,8330,315,0,0,35,35,238,280,9,289
7,8330,1225,0,0,49,49,170,2023,25,2048
7,8330,1904,0,0,119,119,70,49,32,81
7,8330,3500,0,0,35,35,238,189,100,289
7,8340,10,0,0,10,10,834,3969,2,3971
7,8340,240,0,0,10,10,834,6811,48,6859
7,8340,556,0,0,139,139,60,147,8,155
7,8340,3475,0,0,139,139,60,56,25,81
7,8340,5120,0,0,10,10,834,1617,1024,2641
7,8346,107,0,0,107,107,78,168,1,169
7,8346,107,0,0,107,107,78,224,1,225
7,8346,107,0,0,107,107,78,350,1,351
7,8346,107,0,0,107,107,78,728,1,729
7,8346,6848,0,0,107,107,78,105,64,169
7,8352,29,0,0,29,29,288,840,1,841
7,8352,36,0,0,36,36,232,728,1,729
7,8352,48,0,0,48,48,174,231,1,232
7,8352,841,0,0,29,29,288,700,29,729
7,8352,1856,0,0,116,116,72,49,32,81
7,8352,6084,0,0,36,36,232,672,169,841
7,8352,7047,0,0,9,9,928,217,783,1000
7,8352,8352,0,0,9,9,928,1519,1856,3375
7,8352,8352,0,0,29,29,288,49,576,625
7,8360,44,0,0,44,44,190,224,1,225
7,8360,44,0,0,44,44,190,399,1,400
7,8360,110,0,0,110,110,76,168,1,169
7,8360,110,0,0,110,110,76,728,1,729
7,8360,114,0,0,38,38,220,343,9,352
7,8360,190,0,0,38,38,220,259,5,264
7,8360,297,0,0,11,11,760,1778,27,1805
7,8360,380,0,0,20,20,418,1925,19,1944
7,8360,380,0,0,20,20,418,2541,19,2560
7,8360,660,0,0,20,20,418,2527,33,2560
7,8360,660,0,0,110,110,76,343,18,361
7,8360,1045,0,0,95,95,88,189,11,200
7,8360,2375,0,0,95,95,88,49,50,99
7,8360,2375,0,0,95,95,88,231,25,256
7,8360,2816,0,0,44,44,190,665,64,729
7,8360,3960,0,0,110,110,76,133,36,169
7,8360,3971,0,0,11,11,760,889,361,1250
7,8360,4560,0,0,95,95,88,77,48,125
7,8360,5168,0,0,19,19,440,1925,272,2197
7,8360,6270,0,0,110,110,76,112,57,169
7,8360,7030,0,0,38,38,220,112,185,297
7,8360,7128,0,0,11,11,760,2527,648,3175
7,8360,7695,0,0,95,95,88,175,81,256
7,8360,8360,0,0,95,95,88,49,176,225
7,8364,34,0,0,34,34,246,287,1,288
7,8364,328,0,0,41,41,204,721,8,729
7,8364,2624,0,0,82,82,102,189,32,221
7,8364,2788,0,0,82,82,102,49,68,117
7,8364,6137,0,0,17,17,492,287,361,648
7,8366,8366,0,0,47,47,178,49,356,405
7,8370,93,0,0,93,93,90,161,1,162
7,8370,93,0,0,93,93,90,224,1,225
7,8370,432,0,0,27,27,310,945,16,961
7,8370,675,0,0,27,27,310,378,25,403
7,8370,675,0,0,27,27,310,651,25,676
7,8370,744,0,0,93,93,90,567,8,575
7,8370,775,0,0,31,31,270,2023,25,2048
7,8370,864,0,0,27,27,310,1183,32,1215
7,8370,1755,0,0,27,27,310,896,65,961
7,8370,2700,0,0,27,27,310,637,200,837
7,8370,3456,0,0,27,27,310,147,256,403
7,8370,3888,0,0,27,27,310,343,432,775
7,8370,5952,0,0,93,93,90,161,64,225
7,8370,6417,0,0,93,93,90,56,69,125
7,8370,6561,0,0,9,9,930,6727,729,7456
7,8370,7936,0,0,31,31,270,119,256,375
7,8372,4186,0,0,14,14,598,1701,299,2000
7,8372,6804,0,0,14,14,598,1225,972,2197
7,8378,71,0,0,71,71,118,224,1,225
7,8378,4544,0,0,71,71,118,49,128,177
7,8378,8378,0,0,71,71,118,7,118,125
7,8382,381,0,0,127,127,66,343,9,352
7,8384,96,0,0,32,32,262,343,9,352
7,8384,393,0,0,131,131,64,343,9,352
7,8384,4716,0,0,131,131,64,49,72,121
7,8398,19,0,0,19,19,442,728,1,729
7,8398,19,0,0,19,19,442,1183,1,1184
7,8398,323,0,0,19,19,442,1036,17,1053
7,8398,3648,0,0,19,19,442,1813,384,2197
7,8400,60,0,0,30,30,280,2205,4,2209
7,8400,70,0,0,70,70,120,224,1,225
7,8400,100,0,0,50,50,168,2023,2,2025
7,8400,140,0,0,35,35,240,1323,8,1331
7,8400,315,0,0,35,35,240,616,9,625
7,8400,450,0,0,50,50,168,280,9,289
7,8400,560,0,0,14,14,600,2107,80,2187
7,8400,560,0,0,35,35,240,875,16,891
7,8400,560,0,0,70,70,120,175,8,183
7,8400,756,0,0,84,84,100,119,9,128
7,8400,756,0,0,84,84,100,280,9,289
7,8400,875,0,0,35,35,240,231,25,256
7,8400,1064,0,0,56,56,150,224,19,243
7,8400,1064,0,0,56,56,150,343,57,400
7,8400,1344,0,0,84,84,100,119,16,135
7,8400,1536,0,0,12,12,700,3969,256,4225
7,8400,1920,0,0,120,120,70,49,32,81
7,8400,2100,0,0,84,84,100,119,25,144
7,8400,2835,0,0,35,35,240,175,81,256
7,8400,4235,0,0,35,35,240,504,121,625
7,8400,5000,0,0,50,50,168,189,100,289
7,8400,6048,0,0,21,21,400,49,576,625
7,8400,6804,0,0,84,84,100,119,81,200
7,8400,6804,0,0,84,84,100,175,81,256
7,8400,7500,0,0,12,12,700,896,625,1521
7,8400,7680,0,0,60,60,140,497,128,625
7,8400,8064,0,0,28,28,300,49,576,625
7,8400,8400,0,0,84,84,100,189,100,289
7,8418,414,0,0,23,23,366,3703,18,3721
7,8418,1863,0,0,23,23,366,448,81,529
7,8424,18,0,0,18,18,468,728,1,729
7,8424,18,0,0,18,18,468,4095,1,4096
7,8424,18,0,0,18,18,468,5264,1,5265
7,8424,48,0,0,12,12,702,1323,8,1331
7,8424,52,0,0,52,52,162,287,1,288
7,8424,108,0,0,36,36,234,413,3,416
7,8424,108,0,0,108,108,78,168,1,169
7,8424,108,0,0,108,108,78,224,1,225
7,8424,108,0,0,108,108,78,350,1,351
7,8424,108,0,0,108,108,78,728,1,729
7,8424,234,0,0,18,18,468,987,13,1000
7,8424,234,0,0,78,78,108,343,9,352
7,8424,416,0,0,13,13,648,1183,32,1215
7,8424,1872,0,0,117,117,72,49,32,81
7,8424,2124,0,0,36,36,234,448,59,507
7,8424,2187,0,0,9,9,936,343,729,1072
7,8424,3042,0,0,18,18,468,560,169,729
7,8424,3384,0,0,18,18,468,4375,188,4563
7,8424,4374,0,0,54,54,156,1183,81,1264
7,8424,5184,0,0,18,18,468,49,576,625
7,8424,5265,0,0,13,13,648,1792,405,2197
7,8424,6912,0,0,108,108,78,105,64,169
7,8424,7200,0,0,18,18,468,329,400,729
7,8424,7290,0,0,18,18,468,1792,405,2197
7,8430,480,0,0,15,15,562,2401,128,2529
7,8430,1215,0,0,15,15,562,1967,81,2048
7,8436,57,0,0,57,57,148,224,1,225
7,8436,57,0,0,57,57,148,1295,1,1296
7,8436,111,0,0,111,111,76,168,1,169
7,8436,111,0,0,111,111,76,728,1,729
7,8436,148,0,0,37,37,228,525,4,529
7,8436,222,0,0,37,37,228,343,18,361
7,8436,666,0,0,111,111,76,343,18,361
7,8436,925,0,0,37,37,228,336,25,361
7,8436,925,0,0,37,37,228,504,25,529
7,8436,999,0,0,37,37,228,448,27,475
7,8436,1702,0,0,37,37,228,315,46,361
7,8436,2997,0,0,37,37,228,175,81,256
7,8436,2997,0,0,37,37,228,280,81,361
7,8436,2997,0,0,37,37,228,448,81,529
7,8436,3515,0,0,37,37,228,161,95,256
7,8436,3996,0,0,111,111,76,133,36,169
7,8436,4625,0,0,37,37,228,483,125,608
7,8436,6327,0,0,111,111,76,112,57,169
7,8436,7400,0,0,37,37,228,161,200,361
7,8440,270,0,0,10,10,844,1477,27,1504
7,8442,5103,0,0,21,21,402,343,729,1072
7,8448,64,0,0,64,64,132,1407,1,1408
7,8448,96,0,0,24,24,352,1323,8,1331
7,8448,384,0,0,128,128,66,343,9,352
7,8448,396,0,0,132,132,64,343,9,352
7,8448,1056,0,0,96,96,88,189,11,200
7,8448,1280,0,0,16,16,528,343,240,583
7,8448,2400,0,0,96,96,88,49,50,99
7,8448,2400,0,0,96,96,88,231,25,256
7,8448,4224,0,0,16,16,528,2597,528,3125
7,8448,4248,0,0,24,24,352,847,177,1024
7,8448,4608,0,0,96,96,88,77,48,125
7,8448,4752,0,0,132,132,64,49,72,121
7,8448,7776,0,0,96,96,88,175,81,256
7,8448,8448,0,0,96,96,88,49,176,225
7,8450,260,0,0,65,65,130,1323,8,1331
7,8450,260,0,0,65,65,130,1617,8,1625
7,8450,625,0,0,25,25,338,2023,25,2048
7,8450,715,0,0,65,65,130,147,22,169
7,8450,715,0,0,65,65,130,189,11,200
7,8450,715,0,0,65,65,130,364,11,375
7,8450,845,0,0,65,65,130,350,13,363
7,8450,1625,0,0,65,65,130,231,25,256
7,8450,1755,0,0,65,65,130,1183,27,1210
7,8450,2080,0,0,65,65,130,1183,32,1215
7,8450,3900,0,0,65,65,130,49,120,169
7,8450,5265,0,0,65,65,130,175,81,256
7,8450,5720,0,0,65,65,130,49,176,225
7,8450,8125,0,0,65,65,130,91,125,216
7,8450,8125,0,0,65,65,130,847,125,972
7,8450,8125,0,0,65,65,130,1323,250,1573
7,8460,18,0,0,9,9,940,2205,4,2209
7,8460,94,0,0,94,94,90,161,1,162
7,8460,94,0,0,94,94,90,224,1,225
7,8460,752,0,0,94,94,90,567,8,575
7,8460,6016,0,0,94,94,90,161,64,225
7,8460,6486,0,0,94,94,90,56,69,125
7,8464,414,0,0,46,46,184,686,27,713
7,8464,3726,0,0,46,46,184,448,81,529
7,8466,17,0,0,17,17,498,2240,1,2241
7,8466,2656,0,0,83,83,102,189,32,221
7,8466,2822,0,0,83,83,102,49,68,117
7,8466,4896,0,0,17,17,498,49,576,625
7,8468,58,0,0,58,58,146,511,1,512
7,8470,1936,0,0,121,121,70,49,32,81
7,8480,53,0,0,53,53,160,224,1,225
7,8496,12,0,0,12,12,708,3479,2,3481
7,8496,12,0,0,12,12,708,5040,1,5041
7,8496,72,0,0,72,72,118,224,1,225
7,8496,852,0,0,12,12,708,3304,71,3375
7,8496,1888,0,0,118,118,72,49,32,81
7,8496,4608,0,0,72,72,118,49,128,177
7,8496,8496,0,0,72,72,118,7,118,125
7,8500,100,0,0,25,25,340,357,4,361
7,8500,150,0,0,25,25,340,343,18,361
7,8500,170,0,0,10,10,850,5103,17,5120
7,8500,625,0,0,25,25,340,336,25,361
7,8500,625,0,0,25,25,340,2023,25,2048
7,8500,675,0,0,25,25,340,448,27,475
7,8500,765,0,0,85,85,100,119,9,128
7,8500,765,0,0,85,85,100,280,9,289
7,8500,1250,0,0,50,50,170,2023,25,2048
7,8500,1360,0,0,85,85,100,119,16,135
7,8500,1900,0,0,25,25,340,1225,152,1377
7,8500,2025,0,0,25,25,340,280,81,361
7,8500,2025,0,0,25,25,340,1372,243,1615
7,8500,2125,0,0,85,85,100,119,25,144
7,8500,2130,0,0,10,10,850,875,213,1088
7,8500,3125,0,0,25,25,340,833,250,1083
7,8500,6400,0,0,10,10,850,567,640,1207
7,8500,6400,0,0,25,25,340,105,256,361
7,8500,6400,0,0,25,25,340,119,256,375
7,8500,6800,0,0,25,25,340,133,272,405
7,8500,6885,0,0,85,85,100,119,81,200
7,8500,6885,0,0,85,85,100,175,81,256
7,8500,8500,0,0,25,25,340,21,340,361
7,8500,8500,0,0,25,25,340,49,680,729
7,8500,8500,0,0,85,85,100,189,100,289
7,8502,109,0,0,109,109,78,168,1,169
7,8502,109,0,0,109,109,78,224,1,225
7,8502,109,0,0,109,109,78,350,1,351
7,8502,109,0,0,109,109,78,728,1,729
7,8502,6976,0,0,109,109,78,105,64,169
7,8510,23,0,0,23,23,370,1295,1,1296
7,8510,621,0,0,23,23,370,1120,27,1147
7,8510,2553,0,0,23,23,370,1715,333,2048
7,8510,2875,0,0,23,23,370,259,125,384
7,8510,6624,0,0,23,23,370,49,576,625
7,8512,112,0,0,112,112,76,168,1,169
7,8512,112,0,0,112,112,76,728,1,729
7,8512,399,0,0,133,133,64,343,9,352
7,8512,672,0,0,112,112,76,343,18,361
7,8512,2048,0,0,16,16,532,4361,256,4617
7,8512,4032,0,0,112,112,76,133,36,169
7,8512,4788,0,0,133,133,64,49,72,121
7,8512,6384,0,0,112,112,76,112,57,169
7,8514,9,0,0,9,9,946,1848,1,1849
7,8514,33,0,0,33,33,258,350,1,351
7,8514,33,0,0,33,33,258,728,1,729
7,8514,172,0,0,43,43,198,1323,8,1331
7,8514,387,0,0,43,43,198,616,9,625
7,8514,387,0,0,129,129,66,343,9,352
7,8514,688,0,0,43,43,198,875,16,891
7,8514,1075,0,0,43,43,198,231,25,256
7,8514,1419,0,0,33,33,258,2457,43,2500
7,8514,1650,0,0,33,33,258,301,50,351
7,8514,2816,0,0,11,11,774,2107,512,2619
7,8514,2844,0,0,9,9,946,5929,632,6561
7,8514,3432,0,0,33,33,258,301,104,405
7,8514,3483,0,0,43,43,198,175,81,256
7,8514,3784,0,0,43,43,198,49,176,225
7,8514,5203,0,0,43,43,198,504,121,625
7,8514,5577,0,0,33,33,258,175,169,344
7,8514,5577,0,0,33,33,258,49,338,387
7,8514,5577,0,0,33,33,258,560,169,729
7,8514,5577,0,0,33,33,258,1680,169,1849
7,8514,6561,0,0,9,9,946,602,729,1331
7,8520,15,0,0,15,15,568,1064,1,1065
7,8520,15,0,0,15,15,568,5040,1,5041
7,8520,20,0,0,20,20,426,567,1,568
7,8520,71,0,0,71,71,120,224,1,225
7,8520,568,0,0,71,71,120,175,8,183
7,8520,960,0,0,15,15,568,665,64,729
7,8520,3375,0,0,15,15,568,497,225,722
7,8520,4320,0,0,15,15,568,49,576,625
7,8526,49,0,0,49,49,174,231,1,232
7,8528,26,0,0,26,26,328,1372,3,1375
7,8528,26,0,0,26,26,328,1680,1,1681
7,8528,26,0,0,26,26,328,3024,1,3025
7,8528,208,0,0,26,26,328,2009,16,2025
7,8528,702,0,0,26,26,328,875,27,902
7,8528,936,0,0,26,26,328,343,108,451
7,8528,1664,0,0,26,26,328,1225,128,1353
7,8528,2574,0,0,26,26,328,343,297,640
7,8528,3250,0,0,26,26,328,847,125,972
7,8528,4160,0,0,26,26,328,49,320,369
7,8528,5850,0,0,26,26,328,287,225,512
7,8528,7488,0,0,26,26,328,49,576,625
7,8528,8528,0,0,26,26,328,35,328,363
7,8528,8528,0,0,26,26,328,77,328,405
7,8528,8528,0,0,41,41,208,35,208,243
7,8532,45,0,0,9,9,948,2128,5,2133
7,8532,171,0,0,9,9,948,1106,19,1125
7,8532,237,0,0,79,79,108,343,9,352
7,8532,3555,0,0,9,9,948,1792,395,2187
7,8536,1067,0,0,97,97,88,189,11,200
7,8536,2425,0,0,97,97,88,49,50,99
7,8536,2425,0,0,97,97,88,231,25,256
7,8536,4656,0,0,97,97,88,77,48,125
7,8536,7857,0,0,97,97,88,175,81,256
7,8536,8536,0,0,97,97,88,49,176,225
7,8540,35,0,0,35,35,244,287,1,288
7,8540,238,0,0,14,14,610,4375,17,4392
7,8540,238,0,0,14,14,610,5103,17,5120
7,8540,700,0,0,14,14,610,2401,200,2601
7,8540,896,0,0,14,14,610,7497,128,7625
7,8540,1952,0,0,122,122,70,49,32,81
7,8540,2268,0,0,14,14,610,875,162,1037
7,8540,4032,0,0,14,14,610,49,576,625
7,8540,7168,0,0,14,14,610,525,512,1037
7,8540,7686,0,0,14,14,610,896,549,1445
7,8540,7808,0,0,61,61,140,497,128,625
7,8540,8540,0,0,14,14,610,119,610,729
7,8544,8544,0,0,48,48,178,49,356,405
7,8550,45,0,0,15,15,570,1232,3,1235
7,8550,45,0,0,15,15,570,3325,3,3328
7,8550,45,0,0,45,45,190,224,1,225
7,8550,45,0,0,45,45,190,399,1,400
7,8550,75,0,0,15,15,570,1183,5,1188
7,8550,75,0,0,15,15,570,4389,5,4394
7,8550,95,0,0,95,95,90,161,1,162
7,8550,95,0,0,95,95,90,224,1,225
7,8550,150,0,0,25,25,342,343,18,361
7,8550,171,0,0,19,19,450,791,9,800
7,8550,285,0,0,15,15,570,637,38,675
7,8550,285,0,0,15,15,570,1925,19,1944
7,8550,285,0,0,15,15,570,2541,19,2560
7,8550,285,0,0,15,15,570,4375,19,4394
7,8550,360,0,0,15,15,570,2275,24,2299
7,8550,390,0,0,15,15,570,1323,52,1375
7,8550,495,0,0,15,15,570,1183,33,1216
7,8550,495,0,0,15,15,570,2527,33,2560
7,8550,570,0,0,15,15,570,567,38,605
7,8550,760,0,0,95,95,90,567,8,575
7,8550,1083,0,0,57,57,150,224,19,243
7,8550,1083,0,0,57,57,150,343,57,400
7,8550,1425,0,0,25,25,342,1792,57,1849
7,8550,2145,0,0,15,15,570,532,143,675
7,8550,2280,0,0,15,15,570,693,152,845
7,8550,2880,0,0,15,15,570,1183,192,1375
7,8550,2880,0,0,45,45,190,665,64,729
7,8550,3120,0,0,15,15,570,875,208,1083
7,8550,3510,0,0,15,15,570,343,702,1045
7,8550,3645,0,0,15,15,570,1330,243,1573
7,8550,6080,0,0,95,95,90,161,64,225
7,8550,6240,0,0,15,15,570,189,416,605
7,8550,6555,0,0,95,95,90,56,69,125
7,8550,7290,0,0,15,15,570,1225,972,2197
7,8550,7500,0,0,15,15,570,539,1000,1539
7,8550,7605,0,0,15,15,570,133,507,640
7,8550,7605,0,0,15,15,570,1792,507,2299
7,8550,7605,0,0,15,15,570,1925,507,2432
7,8554,26,0,0,13,13,658,2205,4,2209
7,8554,208,0,0,13,13,658,875,16,891
7,8556,391,0,0,23,23,372,847,17,864
7,8556,1472,0,0,23,23,372,833,128,961
7,8558,11,0,0,11,11,778,3500,1,3501
7,8558,11,0,0,11,11,778,4095,1,4096
7,8558,5346,0,0,11,11,778,1225,972,2197
7,8558,8019,0,0,11,11,778,896,729,1625
7,8560,40,0,0,10,10,856,1323,8,1331
7,8560,110,0,0,10,10,856,1701,11,1712
7,8560,8560,0,0,10,10,856,147,1712,1859
7,8568,18,0,0,9,9,952,2597,4,2601
7,8568,42,0,0,21,21,408,2023,2,2025
7,8568,72,0,0,36,36,238,2023,2,2025
7,8568,102,0,0,51,51,168,2023,2,2025
7,8568,324,0,0,36,36,238,280,9,289
7,8568,336,0,0,42,42,204,721,8,729
7,8568,459,0,0,51,51,168,280,9,289
7,8568,525,0,0,21,21,408,672,25,697
7,8568,525,0,0,21,21,408,2023,25,2048
7,8568,748,0,0,17,17,504,441,88,529
7,8568,1071,0,0,21,21,408,574,51,625
7,8568,1904,0,0,28,28,306,2401,272,2673
7,8568,1904,0,0,119,119,72,49,32,81
7,8568,2688,0,0,21,21,408,441,256,697
7,8568,2688,0,0,84,84,102,189,32,221
7,8568,2856,0,0,84,84,102,49,68,117
7,8568,3600,0,0,36,36,238,189,100,289
7,8568,4305,0,0,21,21,408,49,410,459
7,8568,5100,0,0,51,51,168,189,100,289
7,8568,6069,0,0,21,21,408,287,289,576
7,8568,6069,0,0,21,21,408,336,289,625
7,8568,6804,0,0,21,21,408,49,648,697
7,8568,7140,0,0,21,21,408,49,680,729
7,8576,402,0,0,134,134,64,343,9,352
7,8576,4824,0,0,134,134,64,49,72,121
7,8580,26,0,0,26,26,330,1372,3,1375
7,8580,26,0,0,26,26,330,2240,1,2241
7,8580,26,0,0,26,26,330,3024,1,3025
7,8580,30,0,0,30,30,286,728,1,729
7,8580,40,0,0,10,10,858,1323,8,1331
7,8580,40,0,0,10,10,858,1617,8,1625
7,8580,52,0,0,13,13,660,1323,8,1331
7,8580,55,0,0,11,11,780,2023,5,2028
7,8580,55,0,0,11,11,780,4347,5,4352
7,8580,65,0,0,65,65,132,1407,1,1408
7,8580,78,0,0,26,26,330,343,9,352
7,8580,110,0,0,10,10,858,1204,11,1215
7,8580,110,0,0,10,10,858,1365,11,1376
7,8580,110,0,0,110,110,78,168,1,169
7,8580,110,0,0,110,110,78,224,1,225
7,8580,110,0,0,110,110,78,350,1,351
7,8580,110,0,0,110,110,78,728,1,729
7,8580,117,0,0,39,39,220,343,9,352
7,8580,130,0,0,10,10,858,6237,13,6250
7,8580,187,0,0,11,11,780,1183,17,1200
7,8580,187,0,0,11,11,780,5103,17,5120
7,8580,195,0,0,39,39,220,259,5,264
7,8580,208,0,0,13,13,660,875,16,891
7,8580,250,0,0,10,10,858,7371,25,7396
7,8580,264,0,0,66,66,130,1323,8,1331
7,8580,264,0,0,66,66,130,1617,8,1625
7,8580,270,0,0,10,10,858,1183,27,1210
7,8580,320,0,0,10,10,858,1183,32,1215
7,8580,390,0,0,130,130,66,343,9,352
7,8580,440,0,0,11,11,780,1547,40,1587
7,8580,480,0,0,10,10,858,1715,144,1859
7,8580,594,0,0,11,11,780,3703,54,3757
7,8580,624,0,0,26,26,330,343,72,415
7,8580,624,0,0,26,26,330,581,24,605
7,8580,726,0,0,66,66,130,147,22,169
7,8580,726,0,0,66,66,130,189,11,200
7,8580,726,0,0,66,66,130,364,11,375
7,8580,748,0,0,11,11,780,7203,272,7475
7,8580,858,0,0,66,66,130,350,13,363
7,8580,1250,0,0,10,10,858,847,125,972
7,8580,1250,0,0,10,10,858,1323,250,1573
7,8580,1265,0,0,11,11,780,637,230,867
7,8580,1265,0,0,11,11,780,3213,115,3328
7,8580,1600,0,0,10,10,858,1001,160,1161
7,8580,1600,0,0,10,10,858,9317,160,9477
7,8580,1650,0,0,66,66,130,231,25,256
7,8580,1782,0,0,66,66,130,1183,27,1210
7,8580,2112,0,0,66,66,130,1183,32,1215
7,8580,2560,0,0,10,10,858,819,256,1075
7,8580,2574,0,0,26,26,330,343,297,640
7,8580,2673,0,0,11,11,780,8750,243,8993
7,8580,2860,0,0,10,10,858,875,286,1161
7,8580,3120,0,0,10,10,858,1225,624,1849
7,8580,3146,0,0,13,13,660,245,484,729
7,8580,3289,0,0,11,11,780,1701,299,2000
7,8580,3575,0,0,13,13,660,2317,275,2592
7,8580,3750,0,0,10,10,858,1001,375,1376
7,8580,3960,0,0,66,66,130,49,120,169
7,8580,4050,0,0,10,10,858,1792,405,2197
7,8580,4303,0,0,13,13,660,560,331,891
7,8580,4303,0,0,13,13,660,693,331,1024
7,8580,4303,0,0,13,13,660,1694,331,2025
7,8580,4455,0,0,55,55,156,1183,81,1264
7,8580,4730,0,0,10,10,858,567,473,1040
7,8580,4730,0,0,10,10,858,1575,473,2048
7,8580,5346,0,0,11,11,780,1225,972,2197
7,8580,5346,0,0,66,66,130,175,81,256
7,8580,5808,0,0,66,66,130,49,176,225
7,8580,5984,0,0,11,11,780,637,1088,1725
7,8580,6831,0,0,11,11,780,224,621,845
7,8580,7040,0,0,10,10,858,441,1408,1849
7,8580,7040,0,0,11,11,780,1547,640,2187
7,8580,7040,0,0,110,110,78,105,64,169
7,8580,7215,0,0,39,39,220,112,185,297
7,8580,7488,0,0,26,26,330,49,576,625
7,8580,8250,0,0,66,66,130,91,125,216
7,8580,8250,0,0,66,66,130,847,125,972
7,8580,8250,0,0,66,66,130,1323,250,1573
7,8584,37,0,0,37,37,232,728,1,729
7,8584,58,0,0,58,58,148,224,1,225
7,8584,58,0,0,58,58,148,1295,1,1296
7,8584,6253,0,0,37,37,232,672,169,841
7,8586,53,0,0,53,53,162,287,1,288
7,8588,113,0,0,113,113,76,168,1,169
7,8588,113,0,0,113,113,76,728,1,729
7,8588,678,0,0,113,113,76,343,18,361
7,8588,4068,0,0,113,113,76,133,36,169
7,8588,6441,0,0,113,113,76,112,57,169
7,8592,6912,0,0,24,24,358,49,576,625
7,8600,774,0,0,86,86,100,119,9,128
7,8600,774,0,0,86,86,100,280,9,289
7,8600,800,0,0,20,20,430,2107,80,2187
7,8600,1376,0,0,86,86,100,119,16,135
7,8600,2150,0,0,86,86,100,119,25,144
7,8600,6966,0,0,86,86,100,119,81,200
7,8600,6966,0,0,86,86,100,175,81,256
7,8600,8600,0,0,86,86,100,189,100,289
7,8604,1458,0,0,18,18,478,875,81,956
7,8604,6750,0,0,18,18,478,1673,375,2048
7,8608,16,0,0,16,16,538,1344,1,1345
7,8608,4608,0,0,16,16,538,49,576,625
7,8608,8608,0,0,16,16,538,49,1076,1125
7,8610,35,0,0,35,35,246,287,1,288
7,8610,1968,0,0,123,123,70,49,32,81
7,8614,59,0,0,59,59,146,511,1,512
7,8614,73,0,0,73,73,118,224,1,225
7,8614,4672,0,0,73,73,118,49,128,177
7,8614,8614,0,0,73,73,118,7,118,125
7,8624,1078,0,0,98,98,88,189,11,200
7,8624,2450,0,0,98,98,88,49,50,99
7,8624,2450,0,0,98,98,88,231,25,256
7,8624,4704,0,0,98,98,88,77,48,125
7,8624,7938,0,0,98,98,88,175,81,256
7,8624,8624,0,0,98,98,88,49,176,225
7,8632,1924,0,0,13,13,664,581,148,729
7,8636,425,0,0,17,17,508,2023,25,2048
7,8636,5780,0,0,17,17,508,49,680,729
7,8640,9,0,0,9,9,960,1183,1,1184
7,8640,9,0,0,9,9,960,1295,1,1296
7,8640,9,0,0,9,9,960,2401,4,2405
7,8640,9,0,0,9,9,960,4095,1,4096
7,8640,27,0,0,9,9,960,10976,9,10985
7,8640,30,0,0,30,30,288,840,1,841
7,8640,54,0,0,54,54,160,224,1,225
7,8640,72,0,0,9,9,960,3367,8,3375
7,8640,72,0,0,72,72,120,224,1,225
7,8640,96,0,0,96,96,90,161,1,162
7,8640,96,0,0,96,96,90,224,1,225
7,8640,144,0,0,36,36,240,1323,8,1331
7,8640,240,0,0,80,80,108,343,9,352
7,8640,324,0,0,36,36,240,616,9,625
7,8640,405,0,0,135,135,64,343,9,352
7,8640,576,0,0,9,9,960,6125,128,6253
7,8640,576,0,0,36,36,240,875,16,891
7,8640,576,0,0,72,72,120,175,8,183
7,8640,768,0,0,12,12,720,665,64,729
7,8640,768,0,0,96,96,90,567,8,575
7,8640,800,0,0,32,32,270,2023,25,2048
7,8640,870,0,0,30,30,288,700,29,729
7,8640,900,0,0,36,36,240,231,25,256
7,8640,1332,0,0,9,9,960,1225,296,1521
7,8640,1521,0,0,9,9,960,2331,169,2500
7,8640,1728,0,0,9,9,960,1813,384,2197
7,8640,1920,0,0,120,120,72,49,32,81
7,8640,2916,0,0,36,36,240,175,81,256
7,8640,4356,0,0,36,36,240,504,121,625
7,8640,4374,0,0,9,9,960,1225,972,2197
7,8640,4608,0,0,16,16,540,49,576,625
7,8640,4860,0,0,135,135,64,49,72,121
7,8640,6075,0,0,9,9,960,343,2025,2368
7,8640,6144,0,0,96,96,90,161,64,225
7,8640,6561,0,0,9,9,960,455,729,1184
7,8640,6561,0,0,9,9,960,896,729,1625
7,8640,6561,0,0,9,9,960,3367,729,4096
7,8640,6624,0,0,96,96,90,56,69,125
7,8640,8192,0,0,32,32,270,119,256,375
7,8640,8640,0,0,30,30,288,49,576,625
7,8646,99,0,0,33,33,262,343,9,352
7,8646,393,0,0,131,131,66,343,9,352
7,8648,423,0,0,47,47,184,686,27,713
7,8648,3807,0,0,47,47,184,448,81,529
7,8652,168,0,0,21,21,412,721,8,729
7,8652,224,0,0,14,14,618,945,16,961
7,8652,2016,0,0,14,14,618,343,432,775
7,8652,3360,0,0,14,14,618,721,240,961
7,8652,8652,0,0,14,14,618,7,618,625
7,8658,111,0,0,37,37,234,413,3,416
7,8658,111,0,0,111,111,78,168,1,169
7,8658,111,0,0,111,111,78,224,1,225
7,8658,111,0,0,111,111,78,350,1,351
7,8658,111,0,0,111,111,78,728,1,729
7,8658,2183,0,0,37,37,234,448,59,507
7,8658,7104,0,0,111,111,78,105,64,169
7,8664,114,0,0,114,114,76,168,1,169
7,8664,114,0,0,114,114,76,728,1,729
7,8664,152,0,0,38,38,228,525,4,529
7,8664,228,0,0,38,38,228,343,18,361
7,8664,684,0,0,114,114,76,343,18,361
7,8664,950,0,0,38,38,228,336,25,361
7,8664,950,0,0,38,38,228,504,25,529
7,8664,1026,0,0,38,38,228,448,27,475
7,8664,1748,0,0,38,38,228,315,46,361
7,8664,3078,0,0,38,38,228,175,81,256
7,8664,3078,0,0,38,38,228,280,81,361
7,8664,3078,0,0,38,38,228,448,81,529
7,8664,3610,0,0,38,38,228,161,95,256
7,8664,4104,0,0,114,114,76,133,36,169
7,8664,4750,0,0,38,38,228,483,125,608
7,8664,6498,0,0,114,114,76,112,57,169
7,8664,7600,0,0,38,38,228,161,200,361
7,8668,88,0,0,22,22,394,1323,8,1331
7,8670,60,0,0,15,15,578,833,8,841
7,8670,375,0,0,15,15,578,2023,25,2048
7,8670,850,0,0,17,17,510,2401,200,2601
7,8670,1275,0,0,51,51,170,2023,25,2048
7,8670,2720,0,0,85,85,102,189,32,221
7,8670,2890,0,0,85,85,102,49,68,117
7,8670,4896,0,0,17,17,510,49,576,625
7,8680,62,0,0,31,31,280,2205,4,2209
7,8680,90,0,0,10,10,868,1015,9,1024
7,8680,160,0,0,10,10,868,945,16,961
7,8680,448,0,0,28,28,310,945,16,961
7,8680,700,0,0,28,28,310,378,25,403
7,8680,700,0,0,28,28,310,651,25,676
7,8680,896,0,0,28,28,310,1183,32,1215
7,8680,1820,0,0,28,28,310,896,65,961
7,8680,1984,0,0,124,124,70,49,32,81
7,8680,2610,0,0,10,10,868,700,261,961
7,8680,2800,0,0,28,28,310,637,200,837
7,8680,3584,0,0,28,28,310,147,256,403
7,8680,4032,0,0,28,28,310,343,432,775
7,8680,6250,0,0,10,10,868,336,625,961
7,8680,6250,0,0,10,10,868,6944,625,7569
7,8680,7936,0,0,62,62,140,497,128,625
7,8690,11,0,0,11,11,790,1372,3,1375
7,8690,11,0,0,11,11,790,3024,1,3025
7,8690,1375,0,0,11,11,790,847,125,972
7,8690,2475,0,0,11,11,790,1106,225,1331
7,8690,3476,0,0,11,11,790,5929,632,6561
7,8690,8019,0,0,11,11,790,140,729,869
7,8694,21,0,0,21,21,414,728,1,729
7,8694,21,0,0,21,21,414,896,1,897
7,8694,3549,0,0,21,21,414,567,169,736
7,8694,7371,0,0,21,21,414,161,351,512
7,8700,15,0,0,15,15,580,840,1,841
7,8700,50,0,0,50,50,174,231,1,232
7,8700,90,0,0,10,10,870,1015,9,1024
7,8700,90,0,0,15,15,580,2401,24,2425
7,8700,435,0,0,15,15,580,700,29,729
7,8700,750,0,0,15,15,580,679,50,729
7,8700,783,0,0,87,87,100,119,9,128
7,8700,783,0,0,87,87,100,280,9,289
7,8700,810,0,0,10,10,870,2401,324,2725
7,8700,1090,0,0,10,10,870,2240,109,2349
7,8700,1090,0,0,10,10,870,5075,109,5184
7,8700,1102,0,0,58,58,150,224,19,243
7,8700,1102,0,0,58,58,150,343,57,400
7,8700,1392,0,0,87,87,100,119,16,135
7,8700,1455,0,0,15,15,580,875,97,972
7,8700,1875,0,0,15,15,580,2688,125,2813
7,8700,2175,0,0,87,87,100,119,25,144
7,8700,2430,0,0,15,15,580,679,162,841
7,8700,2610,0,0,10,10,870,763,261,1024
7,8700,4320,0,0,15,15,580,49,576,625
7,8700,7047,0,0,87,87,100,119,81,200
7,8700,7047,0,0,87,87,100,175,81,256
7,8700,8352,0,0,29,29,300,49,576,625
7,8700,8700,0,0,87,87,100,189,100,289
7,8704,408,0,0,136,136,64,343,9,352
7,8704,4896,0,0,136,136,64,49,72,121
7,8708,14,0,0,14,14,622,728,1,729
7,8710,268,0,0,67,67,130,1323,8,1331
7,8710,268,0,0,67,67,130,1617,8,1625
7,8710,737,0,0,67,67,130,147,22,169
7,8710,737,0,0,67,67,130,189,11,200
7,8710,737,0,0,67,67,130,364,11,375
7,8710,871,0,0,67,67,130,350,13,363
7,8710,1675,0,0,67,67,130,231,25,256
7,8710,1809,0,0,67,67,130,1183,27,1210
7,8710,2144,0,0,67,67,130,1183,32,1215
7,8710,3159,0,0,13,13,670,343,729,1072
7,8710,4020,0,0,67,67,130,49,120,169
7,8710,5427,0,0,67,67,130,175,81,256
7,8710,5896,0,0,67,67,130,49,176,225
7,8710,8375,0,0,67,67,130,91,125,216
7,8710,8375,0,0,67,67,130,847,125,972
7,8710,8375,0,0,67,67,130,1323,250,1573
7,8712,66,0,0,66,66,132,1407,1,1408
7,8712,88,0,0,22,22,396,1323,8,1331
7,8712,176,0,0,44,44,198,1323,8,1331
7,8712,396,0,0,44,44,198,616,9,625
7,8712,396,0,0,132,132,66,343,9,352
7,8712,704,0,0,44,44,198,875,16,891
7,8712,1089,0,0,99,99,88,189,11,200
7,8712,1100,0,0,44,44,198,231,25,256
7,8712,1936,0,0,121,121,72,49,32,81
7,8712,2475,0,0,99,99,88,49,50,99
7,8712,2475,0,0,99,99,88,231,25,256
7,8712,3564,0,0,44,44,198,175,81,256
7,8712,3872,0,0,44,44,198,49,176,225
7,8712,4752,0,0,99,99,88,77,48,125
7,8712,5324,0,0,44,44,198,504,121,625
7,8712,8019,0,0,99,99,88,175,81,256
7,8712,8712,0,0,99,99,88,49,176,225
7,8722,8722,0,0,49,49,178,49,356,405
7,8730,54,0,0,9,9,970,2401,24,2425
7,8730,97,0,0,97,97,90,161,1,162
7,8730,97,0,0,97,97,90,224,1,225
7,8730,776,0,0,97,97,90,567,8,575
7,8730,4320,0,0,15,15,582,4753,576,5329
7,8730,6208,0,0,97,97,90,161,64,225
7,8730,6693,0,0,97,97,90,56,69,125
7,8732,59,0,0,59,59,148,224,1,225
7,8732,59,0,0,59,59,148,1295,1,1296
7,8732,74,0,0,74,74,118,224,1,225
7,8732,4736,0,0,74,74,118,49,128,177
7,8732,8732,0,0,74,74,118,7,118,125
7,8736,14,0,0,14,14,624,728,1,729
7,8736,104,0,0,52,52,168,2023,2,2025
7,8736,112,0,0,112,112,78,168,1,169
7,8736,112,0,0,112,112,78,224,1,225
7,8736,112,0,0,112,112,78,350,1,351
7,8736,112,0,0,112,112,78,728,1,729
7,8736,468,0,0,52,52,168,280,9,289
7,8736,4536,0,0,56,56,156,1183,81,1264
7,8736,5200,0,0,52,52,168,189,100,289
7,8736,7168,0,0,112,112,78,105,64,169
7,8736,8736,0,0,42,42,208,35,208,243
7,8740,46,0,0,46,46,190,224,1,225
7,8740,46,0,0,46,46,190,399,1,400
7,8740,95,0,0,19,19,460,616,5,621
7,8740,115,0,0,115,115,76,168,1,169
7,8740,115,0,0,115,115,76,728,1,729
7,8740,690,0,0,115,115,76,343,18,361
7,8740,2944,0,0,46,46,190,665,64,729
7,8740,4140,0,0,115,115,76,133,36,169
7,8740,6555,0,0,115,115,76,112,57,169
7,8748,54,0,0,54,54,162,287,1,288
7,8748,243,0,0,81,81,108,343,9,352
7,8750,2000,0,0,125,125,70,49,32,81
7,8760,60,0,0,60,60,146,511,1,512
7,8760,73,0,0,73,73,120,224,1,225
7,8760,80,0,0,20,20,438,1323,8,1331
7,8760,80,0,0,20,20,438,5621,4,5625
7,8760,584,0,0,73,73,120,175,8,183
7,8760,864,0,0,12,12,730,3577,144,3721
7,8760,2500,0,0,20,20,438,847,125,972
7,8760,2628,0,0,12,12,730,343,657,1000
7,8760,4840,0,0,20,20,438,245,484,729
7,8760,7500,0,0,12,12,730,1022,625,1647
7,8768,411,0,0,137,137,64,343,9,352
7,8768,4096,0,0,16,16,548,2401,1024,3425
7,8768,4932,0,0,137,137,64,49,72,121
7,8768,8768,0,0,16,16,548,77,548,625
7,8772,34,0,0,34,34,258,350,1,351
7,8772,34,0,0,34,34,258,728,1,729
7,8772,344,0,0,43,43,204,721,8,729
7,8772,1462,0,0,34,34,258,2457,43,2500
7,8772,1700,0,0,34,34,258,301,50,351
7,8772,2752,0,0,86,86,102,189,32,221
7,8772,2924,0,0,86,86,102,49,68,117
7,8772,3536,0,0,34,34,258,301,104,405
7,8772,5746,0,0,34,34,258,175,169,344
7,8772,5746,0,0,34,34,258,49,338,387
7,8772,5746,0,0,34,34,258,560,169,729
7,8772,5746,0,0,34,34,258,1680,169,1849
7,8778,399,0,0,21,21,418,1925,19,1944
7,8778,399,0,0,21,21,418,2541,19,2560
7,8778,399,0,0,133,133,66,343,9,352
7,8778,693,0,0,21,21,418,2527,33,2560
7,8778,6875,0,0,11,11,798,399,625,1024
7,8784,36,0,0,36,36,244,287,1,288
7,8784,432,0,0,24,24,366,3703,18,3721
7,8784,1944,0,0,24,24,366,448,81,529
7,8784,1952,0,0,122,122,72,49,32,81
7,8788,650,0,0,26,26,338,2023,25,2048
7,8800,55,0,0,55,55,160,224,1,225
7,8800,64,0,0,16,16,550,1323,8,1331
7,8800,100,0,0,25,25,352,1323,8,1331
7,8800,120,0,0,40,40,220,343,9,352
7,8800,200,0,0,40,40,220,259,5,264
7,8800,288,0,0,16,16,550,539,36,575
7,8800,792,0,0,88,88,100,119,9,128
7,8800,792,0,0,88,88,100,280,9,289
7,8800,1100,0,0,100,100,88,189,11,200
7,8800,1408,0,0,88,88,100,119,16,135
7,8800,2000,0,0,16,16,550,847,125,972
7,8800,2200,0,0,88,88,100,119,25,144
7,8800,2500,0,0,100,100,88,49,50,99
7,8800,2500,0,0,100,100,88,231,25,256
7,8800,3872,0,0,16,16,550,245,484,729
7,8800,4425,0,0,25,25,352,847,177,1024
7,8800,4800,0,0,100,100,88,77,48,125
7,8800,5440,0,0,20,20,440,1925,272,2197
7,8800,5888,0,0,16,16,550,847,368,1215
7,8800,6336,0,0,22,22,400,49,576,625
7,8800,7128,0,0,88,88,100,119,81,200
7,8800,7128,0,0,88,88,100,175,81,256
7,8800,7400,0,0,40,40,220,112,185,297
7,8800,8100,0,0,100,100,88,175,81,256
7,8800,8464,0,0,16,16,550,175,529,704
7,8800,8464,0,0,16,16,550,560,529,1089
7,8800,8464,0,0,16,16,550,5103,529,5632
7,8800,8800,0,0,88,88,100,189,100,289
7,8800,8800,0,0,100,100,88,49,176,225
7,8806,74,0,0,37,37,238,2023,2,2025
7,8806,333,0,0,37,37,238,280,9,289
7,8806,3700,0,0,37,37,238,189,100,289
7,8814,113,0,0,113,113,78,168,1,169
7,8814,113,0,0,113,113,78,224,1,225
7,8814,113,0,0,113,113,78,350,1,351
7,8814,113,0,0,113,113,78,728,1,729
7,8814,351,0,0,13,13,678,2744,81,2825
7,8814,650,0,0,13,13,678,2401,200,2601
7,8814,6656,0,0,13,13,678,5537,1024,6561
7,8814,7232,0,0,113,113,78,105,64,169
7,8816,38,0,0,38,38,232,728,1,729
7,8816,116,0,0,116,116,76,168,1,169
7,8816,116,0,0,116,116,76,728,1,729
7,8816,696,0,0,116,116,76,343,18,361
7,8816,4176,0,0,116,116,76,133,36,169
7,8816,6422,0,0,38,38,232,672,169,841
7,8816,6612,0,0,116,116,76,112,57,169
7,8820,98,0,0,98,98,90,161,1,162
7,8820,98,0,0,98,98,90,224,1,225
7,8820,784,0,0,98,98,90,567,8,575
7,8820,1106,0,0,14,14,630,945,79,1024
7,8820,2016,0,0,126,126,70,49,32,81
7,8820,2655,0,0,15,15,588,448,177,625
7,8820,6272,0,0,98,98,90,161,64,225
7,8820,6762,0,0,98,98,90,56,69,125
7,8820,8064,0,0,63,63,140,497,128,625
7,8832,414,0,0,138,138,64,343,9,352
7,8832,432,0,0,48,48,184,686,27,713
7,8832,3888,0,0,48,48,184,448,81,529
7,8832,4968,0,0,138,138,64,49,72,121
7,8840,20,0,0,20,20,442,728,1,729
7,8840,20,0,0,20,20,442,1183,1,1184
7,8840,104,0,0,26,26,340,357,4,361
7,8840,153,0,0,17,17,520,1015,9,1024
7,8840,156,0,0,26,26,340,343,18,361
7,8840,272,0,0,17,17,520,609,16,625
7,8840,272,0,0,68,68,130,1323,8,1331
7,8840,272,0,0,68,68,130,1617,8,1625
7,8840,340,0,0,20,20,442,1036,17,1053
7,8840,544,0,0,17,17,520,1183,32,1215
7,8840,650,0,0,26,26,340,336,25,361
7,8840,650,0,0,26,26,340,2023,25,2048
7,8840,702,0,0,26,26,340,448,27,475
7,8840,748,0,0,68,68,130,147,22,169
7,8840,748,0,0,68,68,130,189,11,200
7,8840,748,0,0,68,68,130,364,11,375
7,8840,832,0,0,13,13,680,833,128,961
7,8840,884,0,0,68,68,130,350,13,363
7,8840,986,0,0,17,17,520,567,58,625
7,8840,1105,0,0,17,17,520,6496,65,6561
7,8840,1300,0,0,52,52,170,2023,25,2048
7,8840,1700,0,0,68,68,130,231,25,256
7,8840,1836,0,0,68,68,130,1183,27,1210
7,8840,1976,0,0,26,26,340,1225,152,1377
7,8840,2106,0,0,26,26,340,280,81,361
7,8840,2106,0,0,26,26,340,1372,243,1615
7,8840,2176,0,0,17,17,520,3969,256,4225
7,8840,2176,0,0,68,68,130,1183,32,1215
7,8840,3250,0,0,26,26,340,833,250,1083
7,8840,3400,0,0,17,17,520,441,400,841
7,8840,3840,0,0,20,20,442,1813,384,2197
7,8840,4080,0,0,68,68,130,49,120,169
7,8840,4352,0,0,17,17,520,875,256,1131
7,8840,4437,0,0,17,17,520,364,261,625
7,8840,5508,0,0,68,68,130,175,81,256
7,8840,5746,0,0,17,17,520,49,676,725
7,8840,5984,0,0,68,68,130,49,176,225
7,8840,6656,0,0,26,26,340,105,256,361
7,8840,6656,0,0,26,26,340,119,256,375
7,8840,7072,0,0,26,26,340,133,272,405
7,8840,8500,0,0,68,68,130,91,125,216
7,8840,8500,0,0,68,68,130,847,125,972
7,8840,8500,0,0,68,68,130,1323,250,1573
7,8840,8840,0,0,26,26,340,21,340,361
7,8840,8840,0,0,26,26,340,49,680,729
7,8844,11,0,0,11,11,804,1519,2,1521
7,8844,67,0,0,67,67,132,1407,1,1408
7,8844,402,0,0,134,134,66,343,9,352
7,8844,1782,0,0,11,11,804,637,324,961
7,8844,5346,0,0,22,22,402,343,729,1072
7,8844,5456,0,0,11,11,804,1701,496,2197
7,8850,75,0,0,75,75,118,224,1,225
7,8850,1121,0,0,59,59,150,224,19,243
7,8850,1121,0,0,59,59,150,343,57,400
7,8850,4800,0,0,75,75,118,49,128,177
7,8850,8850,0,0,75,75,118,7,118,125
7,8856,27,0,0,27,27,328,1372,3,1375
7,8856,27,0,0,27,27,328,1680,1,1681
7,8856,27,0,0,27,27,328,3024,1,3025
7,8856,36,0,0,36,36,246,287,1,288
7,8856,60,0,0,12,12,738,1512,5,1517
7,8856,216,0,0,27,27,328,2009,16,2025
7,8856,246,0,0,82,82,108,343,9,352
7,8856,369,0,0,9,9,984,4872,41,4913
7,8856,729,0,0,27,27,328,875,27,902
7,8856,972,0,0,27,27,328,343,108,451
7,8856,1728,0,0,27,27,328,1225,128,1353
7,8856,1968,0,0,123,123,72,49,32,81
7,8856,2673,0,0,27,27,328,343,297,640
7,8856,3375,0,0,27,27,328,847,125,972
7,8856,4320,0,0,27,27,328,49,320,369
7,8856,6075,0,0,27,27,328,287,225,512
7,8856,6498,0,0,18,18,492,287,361,648
7,8856,7344,0,0,9,9,984,49,1632,1681
7,8856,7776,0,0,27,27,328,49,576,625
7,8856,7872,0,0,12,12,738,1813,1312,3125
7,8856,8100,0,0,12,12,738,343,2025,2368
7,8856,8856,0,0,27,27,328,35,328,363
7,8856,8856,0,0,27,27,328,77,328,405
7,8866,31,0,0,31,31,286,728,1,729
7,8866,403,0,0,13,13,682,2268,31,2299
7,8874,51,0,0,51,51,174,231,1,232
7,8874,1972,0,0,29,29,306,2401,272,2673
7,8874,2784,0,0,87,87,102,189,32,221
7,8874,2958,0,0,87,87,102,49,68,117
7,8880,10,0,0,10,10,888,1295,1,1296
7,8880,24,0,0,24,24,370,1295,1,1296
7,8880,60,0,0,15,15,592,1323,8,1331
7,8880,60,0,0,60,60,148,224,1,225
7,8880,60,0,0,60,60,148,1295,1,1296
7,8880,74,0,0,74,74,120,224,1,225
7,8880,148,0,0,37,37,240,1323,8,1331
7,8880,333,0,0,37,37,240,616,9,625
7,8880,592,0,0,37,37,240,875,16,891
7,8880,592,0,0,74,74,120,175,8,183
7,8880,648,0,0,24,24,370,1120,27,1147
7,8880,925,0,0,37,37,240,231,25,256
7,8880,1110,0,0,10,10,888,1715,333,2048
7,8880,2664,0,0,24,24,370,1715,333,2048
7,8880,2997,0,0,37,37,240,175,81,256
7,8880,3000,0,0,24,24,370,259,125,384
7,8880,4477,0,0,37,37,240,504,121,625
7,8880,6912,0,0,24,24,370,49,576,625
7,8880,8880,0,0,15,15,592,147,1184,1331
7,8888,1111,0,0,11,11,808,3024,101,3125
7,8888,1111,0,0,101,101,88,189,11,200
7,8888,2525,0,0,101,101,88,49,50,99
7,8888,2525,0,0,101,101,88,231,25,256
7,8888,4848,0,0,101,101,88,77,48,125
7,8888,8181,0,0,101,101,88,175,81,256
7,8888,8888,0,0,101,101,88,49,176,225
7,8890,2032,0,0,127,127,70,49,32,81
7,8892,9,0,0,9,9,988,1330,1,1331
7,8892,9,0,0,9,9,988,1372,3,1375
7,8892,9,0,0,9,9,988,2079,1,2080
7,8892,9,0,0,9,9,988,3024,1,3025
7,8892,9,0,0,9,9,988,3969,2,3971
7,8892,9,0,0,9,9,988,4095,1,4096
7,8892,9,0,0,9,9,988,5775,1,5776
7,8892,9,0,0,9,9,988,10647,1,10648
7,8892,9,0,0,9,9,988,12635,1,12636
7,8892,19,0,0,19,19,468,728,1,729
7,8892,19,0,0,19,19,468,4095,1,4096
7,8892,19,0,0,19,19,468,5264,1,5265
7,8892,27,0,0,9,9,988,1232,3,1235
7,8892,27,0,0,9,9,988,3325,3,3328
7,8892,27,0,0,9,9,988,10976,9,10985
7,8892,72,0,0,9,9,988,2527,8,2535
7,8892,72,0,0,9,9,988,9625,8,9633
7,8892,114,0,0,38,38,234,413,3,416
7,8892,114,0,0,114,114,78,168,1,169
7,8892,114,0,0,114,114,78,224,1,225
7,8892,114,0,0,114,114,78,350,1,351
7,8892,114,0,0,114,114,78,728,1,729
7,8892,117,0,0,117,117,76,168,1,169
7,8892,117,0,0,117,117,76,728,1,729
7,8892,156,0,0,26,26,342,343,18,361
7,8892,156,0,0,39,39,228,525,4,529
7,8892,216,0,0,9,9,988,2275,24,2299
7,8892,234,0,0,39,39,228,343,18,361
7,8892,247,0,0,19,19,468,987,13,1000
7,8892,702,0,0,117,117,76,343,18,361
7,8892,975,0,0,39,39,228,336,25,361
7,8892,975,0,0,39,39,228,504,25,529
7,8892,1053,0,0,39,39,228,448,27,475
7,8892,1458,0,0,9,9,988,1463,162,1625
7,8892,1482,0,0,26,26,342,1792,57,1849
7,8892,1521,0,0,9,9,988,3080,169,3249
7,8892,1728,0,0,9,9,988,1183,192,1375
7,8892,1794,0,0,39,39,228,315,46,361
7,8892,2025,0,0,9,9,988,1183,225,1408
7,8892,2106,0,0,9,9,988,343,702,1045
7,8892,2242,0,0,38,38,234,448,59,507
7,8892,3159,0,0,39,39,228,175,81,256
7,8892,3159,0,0,39,39,228,280,81,361
7,8892,3159,0,0,39,39,228,448,81,529
7,8892,3211,0,0,19,19,468,560,169,729
7,8892,3572,0,0,19,19,468,4375,188,4563
7,8892,3705,0,0,39,39,228,161,95,256
7,8892,4104,0,0,9,9,988,875,456,1331
7,8892,4104,0,0,9,9,988,2401,1824,4225
7,8892,4212,0,0,117,117,76,133,36,169
7,8892,4374,0,0,9,9,988,1225,972,2197
7,8892,4500,0,0,9,9,988,539,1000,1539
7,8892,4563,0,0,9,9,988,1792,507,2299
7,8892,4563,0,0,9,9,988,1925,507,2432
7,8892,4608,0,0,9,9,988,819,512,1331
7,8892,4617,0,0,57,57,156,1183,81,1264
7,8892,4875,0,0,39,39,228,483,125,608
7,8892,5445,0,0,9,9,988,448,605,1053
7,8892,5472,0,0,19,19,468,49,576,625
7,8892,6561,0,0,9,9,988,896,729,1625
7,8892,6669,0,0,117,117,76,112,57,169
7,8892,7296,0,0,114,114,78,105,64,169
7,8892,7600,0,0,19,19,468,329,400,729
7,8892,7695,0,0,19,19,468,1792,405,2197
7,8892,7776,0,0,9,9,988,11011,864,11875
7,8892,7800,0,0,39,39,228,161,200,361
7,8892,8892,0,0,9,9,988,49,1976,2025
7,8896,417,0,0,139,139,64,343,9,352
7,8896,5004,0,0,139,139,64,49,72,121
7,8900,801,0,0,89,89,100,119,9,128
7,8900,801,0,0,89,89,100,280,9,289
7,8900,1424,0,0,89,89,100,119,16,135
7,8900,2225,0,0,89,89,100,119,25,144
7,8900,7209,0,0,89,89,100,119,81,200
7,8900,7209,0,0,89,89,100,175,81,256
7,8900,8900,0,0,50,50,178,49,356,405
7,8900,8900,0,0,89,89,100,189,100,289
7,8904,14,0,0,14,14,636,847,1,848
7,8904,14,0,0,14,14,636,5103,1,5104
7,8904,106,0,0,53,53,168,2023,2,2025
7,8904,477,0,0,53,53,168,280,9,289
7,8904,1386,0,0,14,14,636,742,99,841
7,8904,5300,0,0,53,53,168,189,100,289
7,8906,61,0,0,61,61,146,511,1,512
7,8908,102,0,0,34,34,262,343,9,352
7,8910,27,0,0,27,27,330,1372,3,1375
7,8910,27,0,0,27,27,330,2240,1,2241
7,8910,27,0,0,27,27,330,3024,1,3025
7,8910,45,0,0,9,9,990,10633,15,10648
7,8910,55,0,0,55,55,162,287,1,288
7,8910,81,0,0,27,27,330,343,9,352
7,8910,99,0,0,99,99,90,161,1,162
7,8910,99,0,0,99,99,90,224,1,225
7,8910,180,0,0,45,45,198,1323,8,1331
7,8910,279,0,0,9,9,990,1344,31,1375
7,8910,405,0,0,45,45,198,616,9,625
7,8910,405,0,0,135,135,66,343,9,352
7,8910,648,0,0,27,27,330,343,72,415
7,8910,648,0,0,27,27,330,581,24,605
7,8910,720,0,0,45,45,198,875,16,891
7,8910,792,0,0,99,99,90,567,8,575
7,8910,825,0,0,33,33,270,2023,25,2048
7,8910,1125,0,0,45,45,198,231,25,256
7,8910,2673,0,0,27,27,330,343,297,640
7,8910,3645,0,0,45,45,198,175,81,256
7,8910,3960,0,0,45,45,198,49,176,225
7,8910,4320,0,0,15,15,594,1043,288,1331
7,8910,5445,0,0,45,45,198,504,121,625
7,8910,6336,0,0,99,99,90,161,64,225
7,8910,6831,0,0,99,99,90,56,69,125
7,8910,7776,0,0,27,27,330,49,576,625
7,8910,8448,0,0,33,33,270,119,256,375
7,8928,31,0,0,31,31,288,840,1,841
7,8928,408,0,0,24,24,372,847,17,864
7,8928,899,0,0,31,31,288,700,29,729
7,8928,1536,0,0,24,24,372,833,128,961
7,8928,1984,0,0,124,124,72,49,32,81
7,8928,4476,0,0,12,12,744,651,373,1024
7,8928,8928,0,0,31,31,288,49,576,625
7,8930,47,0,0,47,47,190,224,1,225
7,8930,47,0,0,47,47,190,399,1,400
7,8930,3008,0,0,47,47,190,665,64,729
7,8944,8944,0,0,43,43,208,35,208,243
7,8946,21,0,0,21,21,426,567,1,568
7,8950,7200,0,0,25,25,358,49,576,625
7,8954,44,0,0,11,11,814,1323,8,1331
7,8954,1408,0,0,11,11,814,833,256,1089
7,8954,3179,0,0,11,11,814,2079,289,2368
7,8954,6512,0,0,11,11,814,147,1184,1331
7,8960,56,0,0,56,56,160,224,1,225
7,8960,64,0,0,32,32,280,2205,4,2209
7,8960,2048,0,0,128,128,70,49,32,81
7,8960,8192,0,0,64,64,140,497,128,625
7,8964,18,0,0,18,18,498,2240,1,2241
7,8964,249,0,0,83,83,108,343,9,352
7,8964,5184,0,0,18,18,498,49,576,625
7,8968,76,0,0,76,76,118,224,1,225
7,8968,118,0,0,118,118,76,168,1,169
7,8968,118,0,0,118,118,76,728,1,729
7,8968,708,0,0,118,118,76,343,18,361
7,8968,4248,0,0,118,118,76,133,36,169
7,8968,4864,0,0,76,76,118,49,128,177
7,8968,6726,0,0,118,118,76,112,57,169
7,8968,8968,0,0,76,76,118,7,118,125
7,8970,52,0,0,13,13,690,1211,4,1215
7,8970,115,0,0,115,115,78,168,1,169
7,8970,115,0,0,115,115,78,224,1,225
7,8970,115,0,0,115,115,78,350,1,351
7,8970,115,0,0,115,115,78,728,1,729
7,8970,276,0,0,69,69,130,1323,8,1331
7,8970,276,0,0,69,69,130,1617,8,1625
7,8970,759,0,0,69,69,130,147,22,169
7,8970,759,0,0,69,69,130,189,11,200
7,8970,759,0,0,69,69,130,364,11,375
7,8970,897,0,0,13,13,690,1211,69,1280
7,8970,897,0,0,69,69,130,350,13,363
7,8970,1725,0,0,69,69,130,231,25,256
7,8970,1863,0,0,69,69,130,1183,27,1210
7,8970,2208,0,0,69,69,130,1183,32,1215
7,8970,4140,0,0,69,69,130,49,120,169
7,8970,4485,0,0,15,15,598,1701,299,2000
7,8970,5589,0,0,69,69,130,175,81,256
7,8970,6072,0,0,69,69,130,49,176,225
7,8970,6877,0,0,13,13,690,336,529,865
7,8970,7290,0,0,15,15,598,1225,972,2197
7,8970,7360,0,0,115,115,78,105,64,169
7,8970,8625,0,0,69,69,130,91,125,216
7,8970,8625,0,0,69,69,130,847,125,972
7,8970,8625,0,0,69,69,130,1323,250,1573
7,8976,12,0,0,12,12,748,1155,1,1156
7,8976,12,0,0,12,12,748,1372,3,1375
7,8976,12,0,0,12,12,748,3024,1,3025
7,8976,44,0,0,22,22,408,2023,2,2025
7,8976,68,0,0,68,68,132,1407,1,1408
7,8976,240,0,0,12,12,748,847,20,867
7,8976,352,0,0,44,44,204,721,8,729
7,8976,408,0,0,136,136,66,343,9,352
7,8976,550,0,0,22,22,408,672,25,697
7,8976,550,0,0,22,22,408,2023,25,2048
7,8976,600,0,0,12,12,748,2401,200,2601
7,8976,1122,0,0,22,22,408,574,51,625
7,8976,1122,0,0,102,102,88,189,11,200
7,8976,1360,0,0,17,17,528,343,240,583
7,8976,1500,0,0,12,12,748,847,125,972
7,8976,1836,0,0,12,12,748,847,153,1000
7,8976,2550,0,0,102,102,88,49,50,99
7,8976,2550,0,0,102,102,88,231,25,256
7,8976,2816,0,0,22,22,408,441,256,697
7,8976,2816,0,0,88,88,102,189,32,221
7,8976,2992,0,0,88,88,102,49,68,117
7,8976,4488,0,0,17,17,528,2597,528,3125
7,8976,4510,0,0,22,22,408,49,410,459
7,8976,4896,0,0,102,102,88,77,48,125
7,8976,6358,0,0,22,22,408,287,289,576
7,8976,6358,0,0,22,22,408,336,289,625
7,8976,7128,0,0,12,12,748,343,1782,2125
7,8976,7128,0,0,22,22,408,49,648,697
7,8976,7480,0,0,22,22,408,49,680,729
7,8976,8262,0,0,102,102,88,175,81,256
7,8976,8976,0,0,102,102,88,49,176,225
7,8990,464,0,0,29,29,310,945,16,961
7,8990,725,0,0,29,29,310,378,25,403
7,8990,725,0,0,29,29,310,651,25,676
7,8990,928,0,0,29,29,310,1183,32,1215
7,8990,1885,0,0,29,29,310,896,65,961
7,8990,2900,0,0,29,29,310,637,200,837
7,8990,3712,0,0,29,29,310,147,256,403
7,8990,4176,0,0,29,29,310,343,432,775
7,8992,512,0,0,16,16,562,2401,128,2529
7,8992,1296,0,0,16,16,562,1967,81,2048
7,9000,40,0,0,10,10,900,1323,8,1331
7,9000,75,0,0,75,75,120,224,1,225
7,9000,100,0,0,100,100,90,161,1,162
7,9000,100,0,0,100,100,90,224,1,225
7,9000,180,0,0,20,20,450,791,9,800
7,9000,320,0,0,10,10,900,1617,64,1681
7,9000,600,0,0,15,15,600,2107,80,2187
7,9000,600,0,0,75,75,120,175,8,183
7,9000,800,0,0,100,100,90,567,8,575
7,9000,810,0,0,90,90,100,119,9,128
7,9000,810,0,0,90,90,100,280,9,289
7,9000,1140,0,0,60,60,150,224,19,243
7,9000,1140,0,0,60,60,150,343,57,400
7,9000,1230,0,0,10,10,900,1925,123,2048
7,9000,1250,0,0,10,10,900,847,125,972
7,9000,1440,0,0,90,90,100,119,16,135
7,9000,2000,0,0,125,125,72,49,32,81
7,9000,2250,0,0,90,90,100,119,25,144
7,9000,6144,0,0,12,12,750,245,1024,1269
7,9000,6400,0,0,100,100,90,161,64,225
7,9000,6900,0,0,100,100,90,56,69,125
7,9000,7290,0,0,90,90,100,119,81,200
7,9000,7290,0,0,90,90,100,175,81,256
7,9000,8640,0,0,30,30,300,49,576,625
7,9000,9000,0,0,90,90,100,189,100,289
7,9010,1325,0,0,53,53,170,2023,25,2048
7,9016,441,0,0,49,49,184,686,27,713
7,9016,3969,0,0,49,49,184,448,81,529
7,9020,11,0,0,11,11,820,959,1,960
7,9020,11,0,0,11,11,820,1680,1,1681
7,9020,88,0,0,11,11,820,2009,16,2025
7,9020,123,0,0,41,41,220,343,9,352
7,9020,205,0,0,41,41,220,259,5,264
7,9020,7585,0,0,41,41,220,112,185,297
7,9020,8019,0,0,11,11,820,3430,2187,5617
7,9028,37,0,0,37,37,244,287,1,288
7,9028,61,0,0,61,61,148,224,1,225
7,9028,61,0,0,61,61,148,1295,1,1296
7,9030,35,0,0,35,35,258,350,1,351
7,9030,35,0,0,35,35,258,728,1,729
7,9030,840,0,0,21,21,430,2107,80,2187
7,9030,1505,0,0,35,35,258,2457,43,2500
7,9030,1750,0,0,35,35,258,301,50,351
7,9030,2064,0,0,129,129,70,49,32,81
7,9030,3640,0,0,35,35,258,301,104,405
7,9030,5915,0,0,35,35,258,175,169,344
7,9030,5915,0,0,35,35,258,49,338,387
7,9030,5915,0,0,35,35,258,560,169,729
7,9030,5915,0,0,35,35,258,1680,169,1849
7,9040,5120,0,0,10,10,904,5537,1024,6561
7,9042,411,0,0,137,137,66,343,9,352
7,9044,76,0,0,38,38,238,2023,2,2025
7,9044,119,0,0,119,119,76,168,1,169
7,9044,119,0,0,119,119,76,728,1,729
7,9044,342,0,0,38,38,238,280,9,289
7,9044,714,0,0,119,119,76,343,18,361
7,9044,2176,0,0,17,17,532,4361,256,4617
7,9044,3800,0,0,38,38,238,189,100,289
7,9044,4284,0,0,119,119,76,133,36,169
7,9044,6783,0,0,119,119,76,112,57,169
7,9048,39,0,0,39,39,232,728,1,729
7,9048,52,0,0,52,52,174,231,1,232
7,9048,116,0,0,116,116,78,168,1,169
7,9048,116,0,0,116,116,78,224,1,225
7,9048,116,0,0,116,116,78,350,1,351
7,9048,116,0,0,116,116,78,728,1,729
7,9048,4698,0,0,58,58,156,1183,81,1264
7,9048,6591,0,0,39,39,232,672,169,841
7,9048,7424,0,0,116,116,78,105,64,169
7,9052,62,0,0,62,62,146,511,1,512
7,9060,2270,0,0,10,10,906,343,681,1024
7,9062,92,0,0,23,23,394,1323,8,1331
7,9064,176,0,0,22,22,412,721,8,729
7,9064,1133,0,0,103,103,88,189,11,200
7,9064,2575,0,0,103,103,88,49,50,99
7,9064,2575,0,0,103,103,88,231,25,256
7,9064,4944,0,0,103,103,88,77,48,125
7,9064,8343,0,0,103,103,88,175,81,256
7,9064,9064,0,0,103,103,88,49,176,225
7,9072,56,0,0,56,56,162,287,1,288
7,9072,108,0,0,54,54,168,2023,2,2025
7,9072,252,0,0,84,84,108,343,9,352
7,9072,448,0,0,14,14,648,1183,32,1215
7,9072,486,0,0,54,54,168,280,9,289
7,9072,792,0,0,18,18,504,441,88,529
7,9072,2016,0,0,126,126,72,49,32,81
7,9072,5400,0,0,54,54,168,189,100,289
7,9072,5670,0,0,14,14,648,1792,405,2197
7,9078,2848,0,0,89,89,102,189,32,221
7,9078,3026,0,0,89,89,102,49,68,117
7,9078,9078,0,0,51,51,178,49,356,405
7,9082,1539,0,0,19,19,478,875,81,956
7,9082,7125,0,0,19,19,478,1673,375,2048
7,9086,77,0,0,77,77,118,224,1,225
7,9086,4928,0,0,77,77,118,49,128,177
7,9086,9086,0,0,77,77,118,7,118,125
7,9088,16,0,0,16,16,568,1064,1,1065
7,9088,16,0,0,16,16,568,5040,1,5041
7,9088,1024,0,0,16,16,568,665,64,729
7,9088,3600,0,0,16,16,568,497,225,722
7,9088,4608,0,0,16,16,568,49,576,625
7,9090,101,0,0,101,101,90,161,1,162
7,9090,101,0,0,101,101,90,224,1,225
7,9090,808,0,0,101,101,90,567,8,575
7,9090,6464,0,0,101,101,90,161,64,225
7,9090,6969,0,0,101,101,90,56,69,125
7,9100,90,0,0,10,10,910,2366,9,2375
7,9100,280,0,0,70,70,130,1323,8,1331
7,9100,280,0,0,70,70,130,1617,8,1625
7,9100,650,0,0,10,10,910,2527,65,2592
7,9100,770,0,0,70,70,130,147,22,169
7,9100,770,0,0,70,70,130,189,11,200
7,9100,770,0,0,70,70,130,364,11,375
7,9100,819,0,0,91,91,100,119,9,128
7,9100,819,0,0,91,91,100,280,9,289
7,9100,910,0,0,70,70,130,350,13,363
7,9100,1280,0,0,10,10,910,3969,256,4225
7,9100,1350,0,0,10,10,910,4459,405,4864
7,9100,1456,0,0,91,91,100,119,16,135
7,9100,1664,0,0,13,13,700,3969,256,4225
7,9100,1750,0,0,70,70,130,231,25,256
7,9100,1890,0,0,70,70,130,1183,27,1210
7,9100,2080,0,0,130,130,70,49,32,81
7,9100,2240,0,0,70,70,130,1183,32,1215
7,9100,2275,0,0,91,91,100,119,25,144
7,9100,4200,0,0,70,70,130,49,120,169
7,9100,5670,0,0,70,70,130,175,81,256
7,9100,6160,0,0,70,70,130,49,176,225
7,9100,6250,0,0,10,10,910,399,625,1024
7,9100,6250,0,0,10,10,910,819,625,1444
7,9100,6250,0,0,10,10,910,896,625,1521
7,9100,7371,0,0,91,91,100,119,81,200
7,9100,7371,0,0,91,91,100,175,81,256
7,9100,8000,0,0,10,10,910,4459,2400,6859
7,9100,8125,0,0,13,13,700,896,625,1521
7,9100,8320,0,0,65,65,140,497,128,625
7,9100,8750,0,0,70,70,130,91,125,216
7,9100,8750,0,0,70,70,130,847,125,972
7,9100,8750,0,0,70,70,130,1323,250,1573
7,9100,9100,0,0,91,91,100,189,100,289
7,9102,37,0,0,37,37,246,287,1,288
7,9108,22,0,0,22,22,414,728,1,729
7,9108,22,0,0,22,22,414,896,1,897
7,9108,69,0,0,69,69,132,1407,1,1408
7,9108,92,0,0,23,23,396,1323,8,1331
7,9108,184,0,0,46,46,198,1323,8,1331
7,9108,352,0,0,11,11,828,3703,32,3735
7,9108,414,0,0,46,46,198,616,9,625
7,9108,414,0,0,138,138,66,343,9,352
7,9108,736,0,0,46,46,198,875,16,891
7,9108,1150,0,0,46,46,198,231,25,256
7,9108,3718,0,0,22,22,414,567,169,736
7,9108,3726,0,0,46,46,198,175,81,256
7,9108,4048,0,0,46,46,198,49,176,225
7,9108,4565,0,0,11,11,828,1701,415,2116
7,9108,5566,0,0,46,46,198,504,121,625
7,9108,7722,0,0,22,22,414,161,351,512
7,9120,48,0,0,16,16,570,1232,3,1235
7,9120,48,0,0,16,16,570,3325,3,3328
7,9120,48,0,0,48,48,190,224,1,225
7,9120,48,0,0,48,48,190,399,1,400
7,9120,57,0,0,57,57,160,224,1,225
7,9120,76,0,0,76,76,120,224,1,225
7,9120,80,0,0,16,16,570,1183,5,1188
7,9120,80,0,0,16,16,570,4389,5,4394
7,9120,120,0,0,120,120,76,168,1,169
7,9120,120,0,0,120,120,76,728,1,729
7,9120,152,0,0,38,38,240,1323,8,1331
7,9120,160,0,0,40,40,228,525,4,529
7,9120,240,0,0,40,40,228,343,18,361
7,9120,304,0,0,16,16,570,637,38,675
7,9120,304,0,0,16,16,570,1925,19,1944
7,9120,304,0,0,16,16,570,2541,19,2560
7,9120,304,0,0,16,16,570,4375,19,4394
7,9120,324,0,0,12,12,760,1778,27,1805
7,9120,342,0,0,38,38,240,616,9,625
7,9120,384,0,0,16,16,570,2275,24,2299
7,9120,416,0,0,16,16,570,1323,52,1375
7,9120,528,0,0,16,16,570,1183,33,1216
7,9120,528,0,0,16,16,570,2527,33,2560
7,9120,608,0,0,16,16,570,567,38,605
7,9120,608,0,0,38,38,240,875,16,891
7,9120,608,0,0,76,76,120,175,8,183
7,9120,720,0,0,120,120,76,343,18,361
7,9120,950,0,0,38,38,240,231,25,256
7,9120,1000,0,0,40,40,228,336,25,361
7,9120,1000,0,0,40,40,228,504,25,529
7,9120,1080,0,0,40,40,228,448,27,475
7,9120,1840,0,0,40,40,228,315,46,361
7,9120,2288,0,0,16,16,570,532,143,675
7,9120,2432,0,0,16,16,570,693,152,845
7,9120,3072,0,0,16,16,570,1183,192,1375
7,9120,3072,0,0,48,48,190,665,64,729
7,9120,3078,0,0,38,38,240,175,81,256
7,9120,3240,0,0,40,40,228,175,81,256
7,9120,3240,0,0,40,40,228,280,81,361
7,9120,3240,0,0,40,40,228,448,81,529
7,9120,3328,0,0,16,16,570,875,208,1083
7,9120,3744,0,0,16,16,570,343,702,1045
7,9120,3800,0,0,40,40,228,161,95,256
7,9120,3888,0,0,16,16,570,1330,243,1573
7,9120,4320,0,0,120,120,76,133,36,169
7,9120,4332,0,0,12,12,760,889,361,1250
7,9120,4570,0,0,10,10,912,567,457,1024
7,9120,4570,0,0,10,10,912,5488,1371,6859
7,9120,4598,0,0,38,38,240,504,121,625
7,9120,5000,0,0,40,40,228,483,125,608
7,9120,6656,0,0,16,16,570,189,416,605
7,9120,6840,0,0,120,120,76,112,57,169
7,9120,7776,0,0,12,12,760,2527,648,3175
7,9120,7776,0,0,16,16,570,1225,972,2197
7,9120,8000,0,0,16,16,570,539,1000,1539
7,9120,8000,0,0,40,40,228,161,200,361
7,9120,8112,0,0,16,16,570,133,507,640
7,9120,8112,0,0,16,16,570,1792,507,2299
7,9120,8112,0,0,16,16,570,1925,507,2432
7,9126,52,0,0,13,13,702,1323,8,1331
7,9126,117,0,0,39,39,234,413,3,416
7,9126,117,0,0,117,117,78,168,1,169
7,9126,117,0,0,117,117,78,224,1,225
7,9126,117,0,0,117,117,78,350,1,351
7,9126,117,0,0,117,117,78,728,1,729
7,9126,675,0,0,27,27,338,2023,25,2048
7,9126,2301,0,0,39,39,234,448,59,507
7,9126,7488,0,0,117,117,78,105,64,169
7,9144,450,0,0,18,18,508,2023,25,2048
7,9144,2032,0,0,127,127,72,49,32,81
7,9144,6120,0,0,18,18,508,49,680,729
7,9146,17,0,0,17,17,538,1344,1,1345
7,9146,4896,0,0,17,17,538,49,576,625
7,9146,9146,0,0,17,17,538,49,1076,1125
7,9150,255,0,0,15,15,610,4375,17,4392
7,9150,255,0,0,15,15,610,5103,17,5120
7,9150,450,0,0,25,25,366,3703,18,3721
7,9150,750,0,0,15,15,610,2401,200,2601
7,9150,960,0,0,15,15,610,7497,128,7625
7,9150,1159,0,0,61,61,150,224,19,243
7,9150,1159,0,0,61,61,150,343,57,400
7,9150,2025,0,0,25,25,366,448,81,529
7,9150,2430,0,0,15,15,610,875,162,1037
7,9150,4320,0,0,15,15,610,49,576,625
7,9150,7680,0,0,15,15,610,525,512,1037
7,9150,8235,0,0,15,15,610,896,549,1445
7,9150,9150,0,0,15,15,610,119,610,729
7,9152,32,0,0,32,32,286,728,1,729
7,9152,104,0,0,26,26,352,1323,8,1331
7,9152,1144,0,0,104,104,88,189,11,200
7,9152,1859,0,0,11,11,832,3584,169,3753
7,9152,2600,0,0,104,104,88,49,50,99
7,9152,2600,0,0,104,104,88,231,25,256
7,9152,4602,0,0,26,26,352,847,177,1024
7,9152,4992,0,0,104,104,88,77,48,125
7,9152,8424,0,0,104,104,88,175,81,256
7,9152,9152,0,0,44,44,208,35,208,243
7,9152,9152,0,0,104,104,88,49,176,225
7,9170,105,0,0,35,35,262,343,9,352
7,9170,2096,0,0,131,131,70,49,32,81
7,9174,11,0,0,11,11,834,3969,2,3971
7,9174,264,0,0,11,11,834,6811,48,6859
7,9174,417,0,0,139,139,66,343,9,352
7,9174,5632,0,0,11,11,834,1617,1024,2641
7,9176,62,0,0,62,62,148,224,1,225
7,9176,62,0,0,62,62,148,1295,1,1296
7,9180,10,0,0,10,10,918,4760,1,4761
7,9180,102,0,0,102,102,90,161,1,162
7,9180,102,0,0,102,102,90,224,1,225
7,9180,108,0,0,27,27,340,357,4,361
7,9180,162,0,0,27,27,340,343,18,361
7,9180,170,0,0,10,10,918,5103,17,5120
7,9180,255,0,0,85,85,108,343,9,352
7,9180,360,0,0,45,45,204,721,8,729
7,9180,500,0,0,10,10,918,2401,200,2601
7,9180,675,0,0,27,27,340,336,25,361
7,9180,675,0,0,27,27,340,2023,25,2048
7,9180,729,0,0,27,27,340,448,27,475
7,9180,816,0,0,102,102,90,567,8,575
7,9180,850,0,0,34,34,270,2023,25,2048
7,9180,900,0,0,18,18,510,2401,200,2601
7,9180,1350,0,0,54,54,170,2023,25,2048
7,9180,2040,0,0,30,30,306,2401,272,2673
7,9180,2052,0,0,27,27,340,1225,152,1377
7,9180,2187,0,0,27,27,340,280,81,361
7,9180,2187,0,0,27,27,340,1372,243,1615
7,9180,2880,0,0,90,90,102,189,32,221
7,9180,3060,0,0,90,90,102,49,68,117
7,9180,3375,0,0,27,27,340,833,250,1083
7,9180,4896,0,0,17,17,540,49,576,625
7,9180,5184,0,0,18,18,510,49,576,625
7,9180,6528,0,0,102,102,90,161,64,225
7,9180,6912,0,0,27,27,340,105,256,361
7,9180,6912,0,0,27,27,340,119,256,375
7,9180,7038,0,0,102,102,90,56,69,125
7,9180,7344,0,0,27,27,340,133,272,405
7,9180,8704,0,0,34,34,270,119,256,375
7,9180,9180,0,0,27,27,340,21,340,361
7,9180,9180,0,0,27,27,340,49,680,729
7,9184,28,0,0,28,28,328,1372,3,1375
7,9184,28,0,0,28,28,328,1680,1,1681
7,9184,28,0,0,28,28,328,3024,1,3025
7,9184,224,0,0,28,28,328,2009,16,2025
7,9184,756,0,0,28,28,328,875,27,902
7,9184,1008,0,0,28,28,328,343,108,451
7,9184,1792,0,0,28,28,328,1225,128,1353
7,9184,2772,0,0,28,28,328,343,297,640
7,9184,3500,0,0,28,28,328,847,125,972
7,9184,4480,0,0,28,28,328,49,320,369
7,9184,6300,0,0,28,28,328,287,225,512
7,9184,8064,0,0,28,28,328,49,576,625
7,9184,9184,0,0,28,28,328,35,328,363
7,9184,9184,0,0,28,28,328,77,328,405
7,9196,121,0,0,121,121,76,168,1,169
7,9196,121,0,0,121,121,76,728,1,729
7,9196,418,0,0,22,22,418,1925,19,1944
7,9196,418,0,0,22,22,418,2541,19,2560
7,9196,726,0,0,22,22,418,2527,33,2560
7,9196,726,0,0,121,121,76,343,18,361
7,9196,4356,0,0,121,121,76,133,36,169
7,9196,6897,0,0,121,121,76,112,57,169
7,9198,63,0,0,63,63,146,511,1,512
7,9198,84,0,0,21,21,438,1323,8,1331
7,9198,84,0,0,21,21,438,5621,4,5625
7,9198,2625,0,0,21,21,438,847,125,972
7,9198,5082,0,0,21,21,438,245,484,729
7,9200,100,0,0,20,20,460,616,5,621
7,9200,450,0,0,50,50,184,686,27,713
7,9200,828,0,0,92,92,100,119,9,128
7,9200,828,0,0,92,92,100,280,9,289
7,9200,1472,0,0,92,92,100,119,16,135
7,9200,2300,0,0,92,92,100,119,25,144
7,9200,4050,0,0,50,50,184,448,81,529
7,9200,6624,0,0,23,23,400,49,576,625
7,9200,7452,0,0,92,92,100,119,81,200
7,9200,7452,0,0,92,92,100,175,81,256
7,9200,9200,0,0,92,92,100,189,100,289
7,9204,13,0,0,13,13,708,3479,2,3481
7,9204,13,0,0,13,13,708,5040,1,5041
7,9204,78,0,0,78,78,118,224,1,225
7,9204,118,0,0,118,118,78,168,1,169
7,9204,118,0,0,118,118,78,224,1,225
7,9204,118,0,0,118,118,78,350,1,351
7,9204,118,0,0,118,118,78,728,1,729
7,9204,923,0,0,13,13,708,3304,71,3375
7,9204,4779,0,0,59,59,156,1183,81,1264
7,9204,4992,0,0,78,78,118,49,128,177
7,9204,7552,0,0,118,118,78,105,64,169
7,9204,9204,0,0,78,78,118,7,118,125
7,9212,28,0,0,14,14,658,2205,4,2209
7,9212,224,0,0,14,14,658,875,16,891
7,9216,32,0,0,32,32,288,840,1,841
7,9216,928,0,0,32,32,288,700,29,729
7,9216,2048,0,0,128,128,72,49,32,81
7,9216,9216,0,0,32,32,288,49,576,625
7,9222,53,0,0,53,53,174,231,1,232
7,9230,284,0,0,71,71,130,1323,8,1331
7,9230,284,0,0,71,71,130,1617,8,1625
7,9230,781,0,0,71,71,130,147,22,169
7,9230,781,0,0,71,71,130,189,11,200
7,9230,781,0,0,71,71,130,364,11,375
7,9230,923,0,0,71,71,130,350,13,363
7,9230,1775,0,0,71,71,130,231,25,256
7,9230,1917,0,0,71,71,130,1183,27,1210
7,9230,2272,0,0,71,71,130,1183,32,1215
7,9230,4260,0,0,71,71,130,49,120,169
7,9230,5751,0,0,71,71,130,175,81,256
7,9230,6248,0,0,71,71,130,49,176,225
7,9230,8875,0,0,71,71,130,91,125,216
7,9230,8875,0,0,71,71,130,847,125,972
7,9230,8875,0,0,71,71,130,1323,250,1573
7,9234,57,0,0,57,57,162,287,1,288
7,9234,162,0,0,27,27,342,343,18,361
7,9234,1539,0,0,27,27,342,1792,57,1849
7,9240,28,0,0,28,28,330,1372,3,1375
7,9240,28,0,0,28,28,330,2240,1,2241
7,9240,28,0,0,28,28,330,3024,1,3025
7,9240,56,0,0,14,14,660,1323,8,1331
7,9240,66,0,0,33,33,280,2205,4,2209
7,9240,70,0,0,70,70,132,1407,1,1408
7,9240,77,0,0,77,77,120,224,1,225
7,9240,84,0,0,28,28,330,343,9,352
7,9240,110,0,0,55,55,168,2023,2,2025
7,9240,126,0,0,42,42,220,343,9,352
7,9240,210,0,0,42,42,220,259,5,264
7,9240,224,0,0,14,14,660,875,16,891
7,9240,495,0,0,55,55,168,280,9,289
7,9240,616,0,0,77,77,120,175,8,183
7,9240,672,0,0,28,28,330,343,72,415
7,9240,672,0,0,28,28,330,581,24,605
7,9240,1155,0,0,105,105,88,189,11,200
7,9240,2112,0,0,132,132,70,49,32,81
7,9240,2625,0,0,105,105,88,49,50,99
7,9240,2625,0,0,105,105,88,231,25,256
7,9240,2772,0,0,28,28,330,343,297,640
7,9240,3388,0,0,14,14,660,245,484,729
7,9240,3850,0,0,14,14,660,2317,275,2592
7,9240,4634,0,0,14,14,660,560,331,891
7,9240,4634,0,0,14,14,660,693,331,1024
7,9240,4634,0,0,14,14,660,1694,331,2025
7,9240,5040,0,0,105,105,88,77,48,125
7,9240,5500,0,0,55,55,168,189,100,289
7,9240,5712,0,0,21,21,440,1925,272,2197
7,9240,7770,0,0,42,42,220,112,185,297
7,9240,8064,0,0,28,28,330,49,576,625
7,9240,8448,0,0,66,66,140,497,128,625
7,9240,8505,0,0,105,105,88,175,81,256
7,9240,9240,0,0,105,105,88,49,176,225
7,9246,5589,0,0,23,23,402,343,729,1072
7,9248,64,0,0,16,16,578,833,8,841
7,9248,400,0,0,16,16,578,2023,25,2048
7,9250,25,0,0,25,25,370,1295,1,1296
7,9250,675,0,0,25,25,370,1120,27,1147
7,9250,2775,0,0,25,25,370,1715,333,2048
7,9250,3125,0,0,25,25,370,259,125,384
7,9250,7200,0,0,25,25,370,49,576,625
7,9256,9256,0,0,52,52,178,49,356,405
7,9270,103,0,0,103,103,90,161,1,162
7,9270,103,0,0,103,103,90,224,1,225
7,9270,240,0,0,15,15,618,945,16,961
7,9270,824,0,0,103,103,90,567,8,575
7,9270,2160,0,0,15,15,618,343,432,775
7,9270,3600,0,0,15,15,618,721,240,961
7,9270,6592,0,0,103,103,90,161,64,225
7,9270,7107,0,0,103,103,90,56,69,125
7,9270,9270,0,0,15,15,618,7,618,625
7,9272,38,0,0,38,38,244,287,1,288
7,9272,122,0,0,122,122,76,168,1,169
7,9272,122,0,0,122,122,76,728,1,729
7,9272,732,0,0,122,122,76,343,18,361
7,9272,4392,0,0,122,122,76,133,36,169
7,9272,6954,0,0,122,122,76,112,57,169
7,9280,16,0,0,16,16,580,840,1,841
7,9280,40,0,0,40,40,232,728,1,729
7,9280,58,0,0,58,58,160,224,1,225
7,9280,96,0,0,16,16,580,2401,24,2425
7,9280,464,0,0,16,16,580,700,29,729
7,9280,800,0,0,16,16,580,679,50,729
7,9280,1552,0,0,16,16,580,875,97,972
7,9280,2000,0,0,16,16,580,2688,125,2813
7,9280,2592,0,0,16,16,580,679,162,841
7,9280,4608,0,0,16,16,580,49,576,625
7,9280,6760,0,0,40,40,232,672,169,841
7,9280,7830,0,0,10,10,928,217,783,1000
7,9280,9280,0,0,10,10,928,1519,1856,3375
7,9282,21,0,0,21,21,442,728,1,729
7,9282,21,0,0,21,21,442,1183,1,1184
7,9282,78,0,0,39,39,238,2023,2,2025
7,9282,119,0,0,119,119,78,168,1,169
7,9282,119,0,0,119,119,78,224,1,225
7,9282,119,0,0,119,119,78,350,1,351
7,9282,119,0,0,119,119,78,728,1,729
7,9282,351,0,0,39,39,238,280,9,289
7,9282,357,0,0,21,21,442,1036,17,1053
7,9282,2912,0,0,91,91,102,189,32,221
7,9282,3094,0,0,91,91,102,49,68,117
7,9282,3900,0,0,39,39,238,189,100,289
7,9282,4032,0,0,21,21,442,1813,384,2197
7,9282,7616,0,0,119,119,78,105,64,169
7,9284,297,0,0,11,11,844,1477,27,1504
7,9288,36,0,0,36,36,258,350,1,351
7,9288,36,0,0,36,36,258,728,1,729
7,9288,258,0,0,86,86,108,343,9,352
7,9288,1548,0,0,36,36,258,2457,43,2500
7,9288,1800,0,0,36,36,258,301,50,351
7,9288,2064,0,0,129,129,72,49,32,81
7,9288,3072,0,0,12,12,774,2107,512,2619
7,9288,3744,0,0,36,36,258,301,104,405
7,9288,6084,0,0,36,36,258,175,169,344
7,9288,6084,0,0,36,36,258,49,338,387
7,9288,6084,0,0,36,36,258,560,169,729
7,9288,6084,0,0,36,36,258,1680,169,1849
7,9296,2072,0,0,14,14,664,581,148,729
7,9300,425,0,0,25,25,372,847,17,864
7,9300,480,0,0,30,30,310,945,16,961
7,9300,750,0,0,30,30,310,378,25,403
7,9300,750,0,0,30,30,310,651,25,676
7,9300,837,0,0,93,93,100,119,9,128
7,9300,837,0,0,93,93,100,280,9,289
7,9300,960,0,0,30,30,310,1183,32,1215
7,9300,1178,0,0,62,62,150,224,19,243
7,9300,1178,0,0,62,62,150,343,57,400
7,9300,1488,0,0,93,93,100,119,16,135
7,9300,1600,0,0,25,25,372,833,128,961
7,9300,1950,0,0,30,30,310,896,65,961
7,9300,2325,0,0,93,93,100,119,25,144
7,9300,3000,0,0,30,30,310,637,200,837
7,9300,3840,0,0,30,30,310,147,256,403
7,9300,4320,0,0,30,30,310,343,432,775
7,9300,7290,0,0,10,10,930,6727,729,7456
7,9300,7533,0,0,93,93,100,119,81,200
7,9300,7533,0,0,93,93,100,175,81,256
7,9300,8928,0,0,31,31,300,49,576,625
7,9300,9300,0,0,93,93,100,189,100,289
7,9306,188,0,0,47,47,198,1323,8,1331
7,9306,423,0,0,47,47,198,616,9,625
7,9306,752,0,0,47,47,198,875,16,891
7,9306,1175,0,0,47,47,198,231,25,256
7,9306,3807,0,0,47,47,198,175,81,256
7,9306,4136,0,0,47,47,198,49,176,225
7,9306,5687,0,0,47,47,198,504,121,625
7,9308,7488,0,0,26,26,358,49,576,625
7,9310,49,0,0,49,49,190,224,1,225
7,9310,49,0,0,49,49,190,399,1,400
7,9310,2128,0,0,133,133,70,49,32,81
7,9310,3136,0,0,49,49,190,665,64,729
7,9312,4608,0,0,16,16,582,4753,576,5329
7,9316,4352,0,0,17,17,548,2401,1024,3425
7,9316,9316,0,0,17,17,548,77,548,625
7,9322,79,0,0,79,79,118,224,1,225
7,9322,5056,0,0,79,79,118,49,128,177
7,9322,9322,0,0,79,79,118,7,118,125
7,9324,63,0,0,63,63,148,224,1,225
7,9324,63,0,0,63,63,148,1295,1,1296
7,9328,1166,0,0,106,106,88,189,11,200
7,9328,2650,0,0,106,106,88,49,50,99
7,9328,2650,0,0,106,106,88,231,25,256
7,9328,5088,0,0,106,106,88,77,48,125
7,9328,8586,0,0,106,106,88,175,81,256
7,9328,9328,0,0,106,106,88,49,176,225
7,9330,15,0,0,15,15,622,728,1,729
7,9336,12,0,0,12,12,778,3500,1,3501
7,9336,12,0,0,12,12,778,4095,1,4096
7,9336,5832,0,0,12,12,778,1225,972,2197
7,9336,8748,0,0,12,12,778,896,729,1625
7,9344,64,0,0,64,64,146,511,1,512
7,9348,38,0,0,38,38,246,287,1,288
7,9348,123,0,0,123,123,76,168,1,169
7,9348,123,0,0,123,123,76,728,1,729
7,9348,164,0,0,41,41,228,525,4,529
7,9348,246,0,0,41,41,228,343,18,361
7,9348,738,0,0,123,123,76,343,18,361
7,9348,1025,0,0,41,41,228,336,25,361
7,9348,1025,0,0,41,41,228,504,25,529
7,9348,1107,0,0,41,41,228,448,27,475
7,9348,1886,0,0,41,41,228,315,46,361
7,9348,3321,0,0,41,41,228,175,81,256
7,9348,3321,0,0,41,41,228,280,81,361
7,9348,3321,0,0,41,41,228,448,81,529
7,9348,3895,0,0,41,41,228,161,95,256
7,9348,4428,0,0,123,123,76,133,36,169
7,9348,5125,0,0,41,41,228,483,125,608
7,9348,6859,0,0,19,19,492,287,361,648
7,9348,7011,0,0,123,123,76,112,57,169
7,9348,8200,0,0,41,41,228,161,200,361
7,9350,68,0,0,17,17,550,1323,8,1331
7,9350,187,0,0,11,11,850,5103,17,5120
7,9350,306,0,0,17,17,550,539,36,575
7,9350,1375,0,0,55,55,170,2023,25,2048
7,9350,2125,0,0,17,17,550,847,125,972
7,9350,2343,0,0,11,11,850,875,213,1088
7,9350,4114,0,0,17,17,550,245,484,729
7,9350,6256,0,0,17,17,550,847,368,1215
7,9350,7040,0,0,11,11,850,567,640,1207
7,9350,8993,0,0,17,17,550,175,529,704
7,9350,8993,0,0,17,17,550,560,529,1089
7,9350,8993,0,0,17,17,550,5103,529,5632
7,9360,15,0,0,15,15,624,728,1,729
7,9360,20,0,0,20,20,468,728,1,729
7,9360,20,0,0,20,20,468,4095,1,4096
7,9360,20,0,0,20,20,468,5264,1,5265
7,9360,60,0,0,12,12,780,2023,5,2028
7,9360,60,0,0,12,12,780,4347,5,4352
7,9360,78,0,0,78,78,120,224,1,225
7,9360,104,0,0,104,104,90,161,1,162
7,9360,104,0,0,104,104,90,224,1,225
7,9360,120,0,0,40,40,234,413,3,416
7,9360,120,0,0,120,120,78,168,1,169
7,9360,120,0,0,120,120,78,224,1,225
7,9360,120,0,0,120,120,78,350,1,351
7,9360,120,0,0,120,120,78,728,1,729
7,9360,156,0,0,39,39,240,1323,8,1331
7,9360,162,0,0,18,18,520,1015,9,1024
7,9360,204,0,0,12,12,780,1183,17,1200
7,9360,204,0,0,12,12,780,5103,17,5120
7,9360,260,0,0,20,20,468,987,13,1000
7,9360,288,0,0,18,18,520,609,16,625
7,9360,288,0,0,72,72,130,1323,8,1331
7,9360,288,0,0,72,72,130,1617,8,1625
7,9360,351,0,0,39,39,240,616,9,625
7,9360,480,0,0,12,12,780,1547,40,1587
7,9360,576,0,0,18,18,520,1183,32,1215
7,9360,624,0,0,39,39,240,875,16,891
7,9360,624,0,0,78,78,120,175,8,183
7,9360,648,0,0,12,12,780,3703,54,3757
7,9360,792,0,0,72,72,130,147,22,169
7,9360,792,0,0,72,72,130,189,11,200
7,9360,792,0,0,72,72,130,364,11,375
7,9360,816,0,0,12,12,780,7203,272,7475
7,9360,832,0,0,13,13,720,665,64,729
7,9360,832,0,0,104,104,90,567,8,575
7,9360,936,0,0,72,72,130,350,13,363
7,9360,975,0,0,39,39,240,231,25,256
7,9360,1044,0,0,18,18,520,567,58,625
7,9360,1170,0,0,18,18,520,6496,65,6561
7,9360,1380,0,0,12,12,780,637,230,867
7,9360,1380,0,0,12,12,780,3213,115,3328
7,9360,1800,0,0,72,72,130,231,25,256
7,9360,1944,0,0,72,72,130,1183,27,1210
7,9360,2080,0,0,130,130,72,49,32,81
7,9360,2304,0,0,18,18,520,3969,256,4225
7,9360,2304,0,0,72,72,130,1183,32,1215
7,9360,2360,0,0,40,40,234,448,59,507
7,9360,2430,0,0,10,10,936,343,729,1072
7,9360,2916,0,0,12,12,780,8750,243,8993
7,9360,3159,0,0,39,39,240,175,81,256
7,9360,3380,0,0,20,20,468,560,169,729
7,9360,3588,0,0,12,12,780,1701,299,2000
7,9360,3600,0,0,18,18,520,441,400,841
7,9360,3760,0,0,20,20,468,4375,188,4563
7,9360,4320,0,0,72,72,130,49,120,169
7,9360,4608,0,0,18,18,520,875,256,1131
7,9360,4698,0,0,18,18,520,364,261,625
7,9360,4719,0,0,39,39,240,504,121,625
7,9360,4860,0,0,60,60,156,1183,81,1264
7,9360,5760,0,0,20,20,468,49,576,625
7,9360,5832,0,0,12,12,780,1225,972,2197
7,9360,5832,0,0,72,72,130,175,81,256
7,9360,6084,0,0,18,18,520,49,676,725
7,9360,6336,0,0,72,72,130,49,176,225
7,9360,6528,0,0,12,12,780,637,1088,1725
7,9360,6656,0,0,104,104,90,161,64,225
7,9360,7176,0,0,104,104,90,56,69,125
7,9360,7452,0,0,12,12,780,224,621,845
7,9360,7680,0,0,12,12,780,1547,640,2187
7,9360,7680,0,0,120,120,78,105,64,169
7,9360,8000,0,0,20,20,468,329,400,729
7,9360,8100,0,0,20,20,468,1792,405,2197
7,9360,9000,0,0,72,72,130,91,125,216
7,9360,9000,0,0,72,72,130,847,125,972
7,9360,9000,0,0,72,72,130,1323,250,1573
7,9360,9360,0,0,45,45,208,35,208,243
7,9372,22,0,0,22,22,426,567,1,568
7,9372,71,0,0,71,71,132,1407,1,1408
7,9380,2144,0,0,134,134,70,49,32,81
7,9380,3402,0,0,14,14,670,343,729,1072
7,9380,8576,0,0,67,67,140,497,128,625
7,9384,46,0,0,23,23,408,2023,2,2025
7,9384,368,0,0,46,46,204,721,8,729
7,9384,459,0,0,51,51,184,686,27,713
7,9384,575,0,0,23,23,408,672,25,697
7,9384,575,0,0,23,23,408,2023,25,2048
7,9384,1173,0,0,23,23,408,574,51,625
7,9384,2944,0,0,23,23,408,441,256,697
7,9384,2944,0,0,92,92,102,189,32,221
7,9384,3128,0,0,92,92,102,49,68,117
7,9384,4131,0,0,51,51,184,448,81,529
7,9384,4715,0,0,23,23,408,49,410,459
7,9384,6647,0,0,23,23,408,287,289,576
7,9384,6647,0,0,23,23,408,336,289,625
7,9384,7452,0,0,23,23,408,49,648,697
7,9384,7820,0,0,23,23,408,49,680,729
7,9396,54,0,0,54,54,174,231,1,232
7,9396,58,0,0,58,58,162,287,1,288
7,9396,261,0,0,87,87,108,343,9,352
7,9400,20,0,0,10,10,940,2205,4,2209
7,9400,846,0,0,94,94,100,119,9,128
7,9400,846,0,0,94,94,100,280,9,289
7,9400,1504,0,0,94,94,100,119,16,135
7,9400,2350,0,0,94,94,100,119,25,144
7,9400,7614,0,0,94,94,100,119,81,200
7,9400,7614,0,0,94,94,100,175,81,256
7,9400,9400,0,0,94,94,100,189,100,289
7,9408,112,0,0,56,56,168,2023,2,2025
7,9408,504,0,0,56,56,168,280,9,289
7,9408,2832,0,0,16,16,588,448,177,625
7,9408,5600,0,0,56,56,168,189,100,289
7,9416,44,0,0,11,11,856,1323,8,1331
7,9416,121,0,0,11,11,856,1701,11,1712
7,9416,1177,0,0,107,107,88,189,11,200
7,9416,2675,0,0,107,107,88,49,50,99
7,9416,2675,0,0,107,107,88,231,25,256
7,9416,5136,0,0,107,107,88,77,48,125
7,9416,8667,0,0,107,107,88,175,81,256
7,9416,9416,0,0,11,11,856,147,1712,1859
7,9416,9416,0,0,107,107,88,49,176,225
7,9424,124,0,0,124,124,76,168,1,169
7,9424,124,0,0,124,124,76,728,1,729
7,9424,744,0,0,124,124,76,343,18,361
7,9424,4464,0,0,124,124,76,133,36,169
7,9424,7068,0,0,124,124,76,112,57,169
7,9432,108,0,0,36,36,262,343,9,352
7,9432,2096,0,0,131,131,72,49,32,81
7,9434,9434,0,0,53,53,178,49,356,405
7,9438,33,0,0,33,33,286,728,1,729
7,9438,44,0,0,11,11,858,1323,8,1331
7,9438,44,0,0,11,11,858,1617,8,1625
7,9438,121,0,0,11,11,858,1204,11,1215
7,9438,121,0,0,11,11,858,1365,11,1376
7,9438,121,0,0,121,121,78,168,1,169
7,9438,121,0,0,121,121,78,224,1,225
7,9438,121,0,0,121,121,78,350,1,351
7,9438,121,0,0,121,121,78,728,1,729
7,9438,143,0,0,11,11,858,6237,13,6250
7,9438,275,0,0,11,11,858,7371,25,7396
7,9438,297,0,0,11,11,858,1183,27,1210
7,9438,352,0,0,11,11,858,1183,32,1215
7,9438,528,0,0,11,11,858,1715,144,1859
7,9438,1375,0,0,11,11,858,847,125,972
7,9438,1375,0,0,11,11,858,1323,250,1573
7,9438,1760,0,0,11,11,858,1001,160,1161
7,9438,1760,0,0,11,11,858,9317,160,9477
7,9438,2816,0,0,11,11,858,819,256,1075
7,9438,3146,0,0,11,11,858,875,286,1161
7,9438,3432,0,0,11,11,858,1225,624,1849
7,9438,4125,0,0,11,11,858,1001,375,1376
7,9438,4455,0,0,11,11,858,1792,405,2197
7,9438,5203,0,0,11,11,858,567,473,1040
7,9438,5203,0,0,11,11,858,1575,473,2048
7,9438,7744,0,0,11,11,858,441,1408,1849
7,9438,7744,0,0,121,121,78,105,64,169
7,9440,59,0,0,59,59,160,224,1,225
7,9440,80,0,0,80,80,118,224,1,225
7,9440,5120,0,0,80,80,118,49,128,177
7,9440,9440,0,0,80,80,118,7,118,125
7,9450,105,0,0,105,105,90,161,1,162
7,9450,105,0,0,105,105,90,224,1,225
7,9450,189,0,0,21,21,450,791,9,800
7,9450,840,0,0,105,105,90,567,8,575
7,9450,875,0,0,35,35,270,2023,25,2048
7,9450,1185,0,0,15,15,630,945,79,1024
7,9450,1197,0,0,63,63,150,224,19,243
7,9450,1197,0,0,63,63,150,343,57,400
7,9450,2160,0,0,135,135,70,49,32,81
7,9450,6720,0,0,105,105,90,161,64,225
7,9450,7245,0,0,105,105,90,56,69,125
7,9450,8960,0,0,35,35,270,119,256,375
7,9456,96,0,0,24,24,394,1323,8,1331
7,9460,10,0,0,10,10,946,1848,1,1849
7,9460,129,0,0,43,43,220,343,9,352
7,9460,215,0,0,43,43,220,259,5,264
7,9460,880,0,0,22,22,430,2107,80,2187
7,9460,3160,0,0,10,10,946,5929,632,6561
7,9460,7290,0,0,10,10,946,602,729,1331
7,9460,7955,0,0,43,43,220,112,185,297
7,9462,19,0,0,19,19,498,2240,1,2241
7,9462,5472,0,0,19,19,498,49,576,625
7,9464,700,0,0,28,28,338,2023,25,2048
7,9472,64,0,0,16,16,592,1323,8,1331
7,9472,64,0,0,64,64,148,224,1,225
7,9472,64,0,0,64,64,148,1295,1,1296
7,9472,9472,0,0,16,16,592,147,1184,1331
7,9476,184,0,0,23,23,412,721,8,729
7,9480,12,0,0,12,12,790,1372,3,1375
7,9480,12,0,0,12,12,790,3024,1,3025
7,9480,50,0,0,10,10,948,2128,5,2133
7,9480,79,0,0,79,79,120,224,1,225
7,9480,190,0,0,10,10,948,1106,19,1125
7,9480,632,0,0,79,79,120,175,8,183
7,9480,1500,0,0,12,12,790,847,125,972
7,9480,2700,0,0,12,12,790,1106,225,1331
7,9480,3792,0,0,12,12,790,5929,632,6561
7,9480,3950,0,0,10,10,948,1792,395,2187
7,9480,8748,0,0,12,12,790,140,729,869
7,9486,2108,0,0,31,31,306,2401,272,2673
7,9486,2976,0,0,93,93,102,189,32,221
7,9486,3162,0,0,93,93,102,49,68,117
7,9490,65,0,0,65,65,146,511,1,512
7,9490,292,0,0,73,73,130,1323,8,1331
7,9490,292,0,0,73,73,130,1617,8,1625
7,9490,803,0,0,73,73,130,147,22,169
7,9490,803,0,0,73,73,130,189,11,200
7,9490,803,0,0,73,73,130,364,11,375
7,9490,936,0,0,13,13,730,3577,144,3721
7,9490,949,0,0,73,73,130,350,13,363
7,9490,1825,0,0,73,73,130,231,25,256
7,9490,1971,0,0,73,73,130,1183,27,1210
7,9490,2336,0,0,73,73,130,1183,32,1215
7,9490,2847,0,0,13,13,730,343,657,1000
7,9490,4380,0,0,73,73,130,49,120,169
7,9490,5913,0,0,73,73,130,175,81,256
7,9490,6424,0,0,73,73,130,49,176,225
7,9490,8125,0,0,13,13,730,1022,625,1647
7,9490,9125,0,0,73,73,130,91,125,216
7,9490,9125,0,0,73,73,130,847,125,972
7,9490,9125,0,0,73,73,130,1323,250,1573
7,9492,378,0,0,14,14,678,2744,81,2825
7,9492,700,0,0,14,14,678,2401,200,2601
7,9492,7168,0,0,14,14,678,5537,1024,6561
7,9500,50,0,0,50,50,190,224,1,225
7,9500,50,0,0,50,50,190,399,1,400
7,9500,125,0,0,125,125,76,168,1,169
7,9500,125,0,0,125,125,76,728,1,729
7,9500,750,0,0,125,125,76,343,18,361
7,9500,855,0,0,95,95,100,119,9,128
7,9500,855,0,0,95,95,100,280,9,289
7,9500,1520,0,0,95,95,100,119,16,135
7,9500,2375,0,0,95,95,100,119,25,144
7,9500,3200,0,0,50,50,190,665,64,729
7,9500,4500,0,0,125,125,76,133,36,169
7,9500,7125,0,0,125,125,76,112,57,169
7,9500,7695,0,0,95,95,100,119,81,200
7,9500,7695,0,0,95,95,100,175,81,256
7,9500,9500,0,0,95,95,100,189,100,289
7,9504,33,0,0,33,33,288,840,1,841
7,9504,72,0,0,72,72,132,1407,1,1408
7,9504,96,0,0,24,24,396,1323,8,1331
7,9504,108,0,0,27,27,352,1323,8,1331
7,9504,192,0,0,48,48,198,1323,8,1331
7,9504,264,0,0,88,88,108,343,9,352
7,9504,432,0,0,48,48,198,616,9,625
7,9504,768,0,0,48,48,198,875,16,891
7,9504,957,0,0,33,33,288,700,29,729
7,9504,1188,0,0,108,108,88,189,11,200
7,9504,1200,0,0,48,48,198,231,25,256
7,9504,1440,0,0,18,18,528,343,240,583
7,9504,2112,0,0,132,132,72,49,32,81
7,9504,2700,0,0,108,108,88,49,50,99
7,9504,2700,0,0,108,108,88,231,25,256
7,9504,3888,0,0,48,48,198,175,81,256
7,9504,4224,0,0,48,48,198,49,176,225
7,9504,4608,0,0,16,16,594,1043,288,1331
7,9504,4752,0,0,18,18,528,2597,528,3125
7,9504,4779,0,0,27,27,352,847,177,1024
7,9504,5184,0,0,108,108,88,77,48,125
7,9504,5808,0,0,48,48,198,504,121,625
7,9504,8748,0,0,108,108,88,175,81,256
7,9504,9504,0,0,33,33,288,49,576,625
7,9504,9504,0,0,108,108,88,49,176,225
7,9512,29,0,0,29,29,328,1372,3,1375
7,9512,29,0,0,29,29,328,1680,1,1681
7,9512,29,0,0,29,29,328,3024,1,3025
7,9512,41,0,0,41,41,232,728,1,729
7,9512,232,0,0,29,29,328,2009,16,2025
7,9512,783,0,0,29,29,328,875,27,902
7,9512,1044,0,0,29,29,328,343,108,451
7,9512,1856,0,0,29,29,328,1225,128,1353
7,9512,2871,0,0,29,29,328,343,297,640
7,9512,3625,0,0,29,29,328,847,125,972
7,9512,4640,0,0,29,29,328,49,320,369
7,9512,6525,0,0,29,29,328,287,225,512
7,9512,6929,0,0,41,41,232,672,169,841
7,9512,8352,0,0,29,29,328,49,576,625
7,9512,9512,0,0,29,29,328,35,328,363
7,9512,9512,0,0,29,29,328,77,328,405
7,9516,39,0,0,39,39,244,287,1,288
7,9516,122,0,0,122,122,78,168,1,169
7,9516,122,0,0,122,122,78,224,1,225
7,9516,122,0,0,122,122,78,350,1,351
7,9516,122,0,0,122,122,78,728,1,729
7,9516,468,0,0,26,26,366,3703,18,3721
7,9516,2106,0,0,26,26,366,448,81,529
7,9516,4941,0,0,61,61,156,1183,81,1264
7,9516,7808,0,0,122,122,78,105,64,169
7,9520,20,0,0,10,10,952,2597,4,2601
7,9520,68,0,0,34,34,280,2205,4,2209
7,9520,80,0,0,40,40,238,2023,2,2025
7,9520,112,0,0,28,28,340,357,4,361
7,9520,168,0,0,28,28,340,343,18,361
7,9520,360,0,0,40,40,238,280,9,289
7,9520,700,0,0,28,28,340,336,25,361
7,9520,700,0,0,28,28,340,2023,25,2048
7,9520,756,0,0,28,28,340,448,27,475
7,9520,896,0,0,14,14,680,833,128,961
7,9520,1400,0,0,56,56,170,2023,25,2048
7,9520,2128,0,0,28,28,340,1225,152,1377
7,9520,2176,0,0,136,136,70,49,32,81
7,9520,2268,0,0,28,28,340,280,81,361
7,9520,2268,0,0,28,28,340,1372,243,1615
7,9520,3500,0,0,28,28,340,833,250,1083
7,9520,4000,0,0,40,40,238,189,100,289
7,9520,7168,0,0,28,28,340,105,256,361
7,9520,7168,0,0,28,28,340,119,256,375
7,9520,7616,0,0,28,28,340,133,272,405
7,9520,8704,0,0,68,68,140,497,128,625
7,9520,9520,0,0,28,28,340,21,340,361
7,9520,9520,0,0,28,28,340,49,680,729
7,9522,23,0,0,23,23,414,728,1,729
7,9522,23,0,0,23,23,414,896,1,897
7,9522,3887,0,0,23,23,414,567,169,736
7,9522,8073,0,0,23,23,414,161,351,512
7,9540,15,0,0,15,15,636,847,1,848
7,9540,15,0,0,15,15,636,5103,1,5104
7,9540,106,0,0,106,106,90,161,1,162
7,9540,106,0,0,106,106,90,224,1,225
7,9540,848,0,0,106,106,90,567,8,575
7,9540,1485,0,0,15,15,636,742,99,841
7,9540,6784,0,0,106,106,90,161,64,225
7,9540,7314,0,0,106,106,90,56,69,125
7,9546,37,0,0,37,37,258,350,1,351
7,9546,37,0,0,37,37,258,728,1,729
7,9546,1591,0,0,37,37,258,2457,43,2500
7,9546,1850,0,0,37,37,258,301,50,351
7,9546,3848,0,0,37,37,258,301,104,405
7,9546,6253,0,0,37,37,258,175,169,344
7,9546,6253,0,0,37,37,258,49,338,387
7,9546,6253,0,0,37,37,258,560,169,729
7,9546,6253,0,0,37,37,258,1680,169,1849
7,9548,99,0,0,11,11,868,1015,9,1024
7,9548,176,0,0,11,11,868,945,16,961
7,9548,434,0,0,14,14,682,2268,31,2299
7,9548,2871,0,0,11,11,868,700,261,961
7,9548,6875,0,0,11,11,868,336,625,961
7,9548,6875,0,0,11,11,868,6944,625,7569
7,9554,544,0,0,17,17,562,2401,128,2529
7,9554,1377,0,0,17,17,562,1967,81,2048
7,9558,59,0,0,59,59,162,287,1,288
7,9558,81,0,0,81,81,118,224,1,225
7,9558,5184,0,0,81,81,118,49,128,177
7,9558,9558,0,0,81,81,118,7,118,125
7,9560,1620,0,0,20,20,478,875,81,956
7,9560,7500,0,0,20,20,478,1673,375,2048
7,9568,468,0,0,52,52,184,686,27,713
7,9568,4212,0,0,52,52,184,448,81,529
7,9568,4784,0,0,16,16,598,1701,299,2000
7,9568,7776,0,0,16,16,598,1225,972,2197
7,9568,9568,0,0,46,46,208,35,208,243
7,9570,29,0,0,29,29,330,1372,3,1375
7,9570,29,0,0,29,29,330,2240,1,2241
7,9570,29,0,0,29,29,330,3024,1,3025
7,9570,55,0,0,55,55,174,231,1,232
7,9570,87,0,0,29,29,330,343,9,352
7,9570,99,0,0,11,11,870,1015,9,1024
7,9570,696,0,0,29,29,330,343,72,415
7,9570,696,0,0,29,29,330,581,24,605
7,9570,891,0,0,11,11,870,2401,324,2725
7,9570,1199,0,0,11,11,870,2240,109,2349
7,9570,1199,0,0,11,11,870,5075,109,5184
7,9570,2871,0,0,11,11,870,763,261,1024
7,9570,2871,0,0,29,29,330,343,297,640
7,9570,8352,0,0,29,29,330,49,576,625
7,9576,114,0,0,57,57,168,2023,2,2025
7,9576,126,0,0,126,126,76,168,1,169
7,9576,126,0,0,126,126,76,728,1,729
7,9576,168,0,0,28,28,342,343,18,361
7,9576,168,0,0,42,42,228,525,4,529
7,9576,252,0,0,42,42,228,343,18,361
7,9576,513,0,0,57,57,168,280,9,289
7,9576,756,0,0,126,126,76,343,18,361
7,9576,836,0,0,19,19,504,441,88,529
7,9576,1050,0,0,42,42,228,336,25,361
7,9576,1050,0,0,42,42,228,504,25,529
7,9576,1134,0,0,42,42,228,448,27,475
7,9576,1596,0,0,28,28,342,1792,57,1849
7,9576,1932,0,0,42,42,228,315,46,361
7,9576,2128,0,0,133,133,72,49,32,81
7,9576,2304,0,0,18,18,532,4361,256,4617
7,9576,3402,0,0,42,42,228,175,81,256
7,9576,3402,0,0,42,42,228,280,81,361
7,9576,3402,0,0,42,42,228,448,81,529
7,9576,3990,0,0,42,42,228,161,95,256
7,9576,4536,0,0,126,126,76,133,36,169
7,9576,5250,0,0,42,42,228,483,125,608
7,9576,5700,0,0,57,57,168,189,100,289
7,9576,7182,0,0,126,126,76,112,57,169
7,9576,7500,0,0,12,12,798,399,625,1024
7,9576,8400,0,0,42,42,228,161,200,361
7,9588,376,0,0,47,47,204,721,8,729
7,9588,3008,0,0,94,94,102,189,32,221
7,9588,3196,0,0,94,94,102,49,68,117
7,9590,2192,0,0,137,137,70,49,32,81
7,9592,1199,0,0,109,109,88,189,11,200
7,9592,2725,0,0,109,109,88,49,50,99
7,9592,2725,0,0,109,109,88,231,25,256
7,9592,5232,0,0,109,109,88,77,48,125
7,9592,8829,0,0,109,109,88,175,81,256
7,9592,9592,0,0,109,109,88,49,176,225
7,9594,39,0,0,39,39,246,287,1,288
7,9594,65,0,0,13,13,738,1512,5,1517
7,9594,123,0,0,41,41,234,413,3,416
7,9594,123,0,0,123,123,78,168,1,169
7,9594,123,0,0,123,123,78,224,1,225
7,9594,123,0,0,123,123,78,350,1,351
7,9594,123,0,0,123,123,78,728,1,729
7,9594,2419,0,0,41,41,234,448,59,507
7,9594,7872,0,0,123,123,78,105,64,169
7,9594,8528,0,0,13,13,738,1813,1312,3125
7,9594,8775,0,0,13,13,738,343,2025,2368
7,9600,10,0,0,10,10,960,1183,1,1184
7,9600,10,0,0,10,10,960,1295,1,1296
7,9600,10,0,0,10,10,960,2401,4,2405
7,9600,10,0,0,10,10,960,4095,1,4096
7,9600,30,0,0,10,10,960,10976,9,10985
7,9600,60,0,0,60,60,160,224,1,225
7,9600,80,0,0,10,10,960,3367,8,3375
7,9600,80,0,0,80,80,120,224,1,225
7,9600,160,0,0,40,40,240,1323,8,1331
7,9600,360,0,0,40,40,240,616,9,625
7,9600,640,0,0,10,10,960,6125,128,6253
7,9600,640,0,0,16,16,600,2107,80,2187
7,9600,640,0,0,40,40,240,875,16,891
7,9600,640,0,0,80,80,120,175,8,183
7,9600,864,0,0,96,96,100,119,9,128
7,9600,864,0,0,96,96,100,280,9,289
7,9600,1000,0,0,40,40,240,231,25,256
7,9600,1216,0,0,64,64,150,224,19,243
7,9600,1216,0,0,64,64,150,343,57,400
7,9600,1480,0,0,10,10,960,1225,296,1521
7,9600,1536,0,0,96,96,100,119,16,135
7,9600,1690,0,0,10,10,960,2331,169,2500
7,9600,1920,0,0,10,10,960,1813,384,2197
7,9600,2400,0,0,96,96,100,119,25,144
7,9600,3240,0,0,40,40,240,175,81,256
7,9600,4840,0,0,40,40,240,504,121,625
7,9600,4860,0,0,10,10,960,1225,972,2197
7,9600,6750,0,0,10,10,960,343,2025,2368
7,9600,6912,0,0,24,24,400,49,576,625
7,9600,7290,0,0,10,10,960,455,729,1184
7,9600,7290,0,0,10,10,960,896,729,1625
7,9600,7290,0,0,10,10,960,3367,729,4096
7,9600,7776,0,0,96,96,100,119,81,200
7,9600,7776,0,0,96,96,100,175,81,256
7,9600,9216,0,0,32,32,300,49,576,625
7,9600,9600,0,0,96,96,100,189,100,289
7,9610,496,0,0,31,31,310,945,16,961
7,9610,775,0,0,31,31,310,378,25,403
7,9610,775,0,0,31,31,310,651,25,676
7,9610,992,0,0,31,31,310,1183,32,1215
7,9610,2015,0,0,31,31,310,896,65,961
7,9610,3100,0,0,31,31,310,637,200,837
7,9610,3968,0,0,31,31,310,147,256,403
7,9610,4464,0,0,31,31,310,343,432,775
7,9612,267,0,0,89,89,108,343,9,352
7,9612,9612,0,0,54,54,178,49,356,405
7,9614,437,0,0,23,23,418,1925,19,1944
7,9614,437,0,0,23,23,418,2541,19,2560
7,9614,759,0,0,23,23,418,2527,33,2560
7,9620,26,0,0,26,26,370,1295,1,1296
7,9620,65,0,0,65,65,148,224,1,225
7,9620,65,0,0,65,65,148,1295,1,1296
7,9620,296,0,0,74,74,130,1323,8,1331
7,9620,296,0,0,74,74,130,1617,8,1625
7,9620,702,0,0,26,26,370,1120,27,1147
7,9620,814,0,0,74,74,130,147,22,169
7,9620,814,0,0,74,74,130,189,11,200
7,9620,814,0,0,74,74,130,364,11,375
7,9620,962,0,0,74,74,130,350,13,363
7,9620,1850,0,0,74,74,130,231,25,256
7,9620,1998,0,0,74,74,130,1183,27,1210
7,9620,2368,0,0,74,74,130,1183,32,1215
7,9620,2886,0,0,26,26,370,1715,333,2048
7,9620,3250,0,0,26,26,370,259,125,384
7,9620,4440,0,0,74,74,130,49,120,169
7,9620,5994,0,0,74,74,130,175,81,256
7,9620,6512,0,0,74,74,130,49,176,225
7,9620,7488,0,0,26,26,370,49,576,625
7,9620,9250,0,0,74,74,130,91,125,216
7,9620,9250,0,0,74,74,130,847,125,972
7,9620,9250,0,0,74,74,130,1323,250,1573
7,9630,107,0,0,107,107,90,161,1,162
7,9630,107,0,0,107,107,90,224,1,225
7,9630,856,0,0,107,107,90,567,8,575
7,9630,6848,0,0,107,107,90,161,64,225
7,9630,7383,0,0,107,107,90,56,69,125
7,9636,66,0,0,66,66,146,511,1,512
7,9636,73,0,0,73,73,132,1407,1,1408
7,9636,88,0,0,22,22,438,1323,8,1331
7,9636,88,0,0,22,22,438,5621,4,5625
7,9636,2750,0,0,22,22,438,847,125,972
7,9636,5324,0,0,22,22,438,245,484,729
7,9648,12,0,0,12,12,804,1519,2,1521
7,9648,1944,0,0,12,12,804,637,324,961
7,9648,2144,0,0,134,134,72,49,32,81
7,9648,5832,0,0,24,24,402,343,729,1072
7,9648,5952,0,0,12,12,804,1701,496,2197
7,9652,127,0,0,127,127,76,168,1,169
7,9652,127,0,0,127,127,76,728,1,729
7,9652,475,0,0,19,19,508,2023,25,2048
7,9652,762,0,0,127,127,76,343,18,361
7,9652,4572,0,0,127,127,76,133,36,169
7,9652,6460,0,0,19,19,508,49,680,729
7,9652,7239,0,0,127,127,76,112,57,169
7,9656,17,0,0,17,17,568,1064,1,1065
7,9656,17,0,0,17,17,568,5040,1,5041
7,9656,1088,0,0,17,17,568,665,64,729
7,9656,3825,0,0,17,17,568,497,225,722
7,9656,4896,0,0,17,17,568,49,576,625
7,9660,56,0,0,14,14,690,1211,4,1215
7,9660,105,0,0,21,21,460,616,5,621
7,9660,966,0,0,14,14,690,1211,69,1280
7,9660,2208,0,0,138,138,70,49,32,81
7,9660,7406,0,0,14,14,690,336,529,865
7,9660,8832,0,0,69,69,140,497,128,625
7,9666,7776,0,0,27,27,358,49,576,625
7,9672,124,0,0,124,124,78,168,1,169
7,9672,124,0,0,124,124,78,224,1,225
7,9672,124,0,0,124,124,78,350,1,351
7,9672,124,0,0,124,124,78,728,1,729
7,9672,442,0,0,26,26,372,847,17,864
7,9672,1664,0,0,26,26,372,833,128,961
7,9672,4849,0,0,13,13,744,651,373,1024
7,9672,5022,0,0,62,62,156,1183,81,1264
7,9672,7936,0,0,124,124,78,105,64,169
7,9676,82,0,0,82,82,118,224,1,225
7,9676,5248,0,0,82,82,118,49,128,177
7,9676,9676,0,0,82,82,118,7,118,125
7,9680,132,0,0,44,44,220,343,9,352
7,9680,220,0,0,44,44,220,259,5,264
7,9680,1210,0,0,110,110,88,189,11,200
7,9680,2750,0,0,110,110,88,49,50,99
7,9680,2750,0,0,110,110,88,231,25,256
7,9680,5280,0,0,110,110,88,77,48,125
7,9680,5984,0,0,22,22,440,1925,272,2197
7,9680,8140,0,0,44,44,220,112,185,297
7,9680,8910,0,0,110,110,88,175,81,256
7,9680,9680,0,0,110,110,88,49,176,225
7,9684,18,0,0,18,18,538,1344,1,1345
7,9684,5184,0,0,18,18,538,49,576,625
7,9684,9684,0,0,18,18,538,49,1076,1125
7,9690,51,0,0,17,17,570,1232,3,1235
7,9690,51,0,0,17,17,570,3325,3,3328
7,9690,51,0,0,51,51,190,224,1,225
7,9690,51,0,0,51,51,190,399,1,400
7,9690,85,0,0,17,17,570,1183,5,1188
7,9690,85,0,0,17,17,570,4389,5,4394
7,9690,323,0,0,17,17,570,637,38,675
7,9690,323,0,0,17,17,570,1925,19,1944
7,9690,323,0,0,17,17,570,2541,19,2560
7,9690,323,0,0,17,17,570,4375,19,4394
7,9690,408,0,0,17,17,570,2275,24,2299
7,9690,442,0,0,17,17,570,1323,52,1375
7,9690,561,0,0,17,17,570,1183,33,1216
7,9690,561,0,0,17,17,570,2527,33,2560
7,9690,646,0,0,17,17,570,567,38,605
7,9690,950,0,0,19,19,510,2401,200,2601
7,9690,1425,0,0,57,57,170,2023,25,2048
7,9690,2431,0,0,17,17,570,532,143,675
7,9690,2584,0,0,17,17,570,693,152,845
7,9690,3040,0,0,95,95,102,189,32,221
7,9690,3230,0,0,95,95,102,49,68,117
7,9690,3264,0,0,17,17,570,1183,192,1375
7,9690,3264,0,0,51,51,190,665,64,729
7,9690,3536,0,0,17,17,570,875,208,1083
7,9690,3978,0,0,17,17,570,343,702,1045
7,9690,4131,0,0,17,17,570,1330,243,1573
7,9690,5472,0,0,19,19,510,49,576,625
7,9690,7072,0,0,17,17,570,189,416,605
7,9690,8262,0,0,17,17,570,1225,972,2197
7,9690,8500,0,0,17,17,570,539,1000,1539
7,9690,8619,0,0,17,17,570,133,507,640
7,9690,8619,0,0,17,17,570,1792,507,2299
7,9690,8619,0,0,17,17,570,1925,507,2432
7,9694,111,0,0,37,37,262,343,9,352
7,9696,1212,0,0,12,12,808,3024,101,3125
7,9700,60,0,0,10,10,970,2401,24,2425
7,9700,873,0,0,97,97,100,119,9,128
7,9700,873,0,0,97,97,100,280,9,289
7,9700,1552,0,0,97,97,100,119,16,135
7,9700,2425,0,0,97,97,100,119,25,144
7,9700,7857,0,0,97,97,100,119,81,200
7,9700,7857,0,0,97,97,100,175,81,256
7,9700,9700,0,0,97,97,100,189,100,289
7,9702,196,0,0,49,49,198,1323,8,1331
7,9702,441,0,0,49,49,198,616,9,625
7,9702,784,0,0,49,49,198,875,16,891
7,9702,1225,0,0,49,49,198,231,25,256
7,9702,3969,0,0,49,49,198,175,81,256
7,9702,4312,0,0,49,49,198,49,176,225
7,9702,5929,0,0,49,49,198,504,121,625
7,9720,60,0,0,60,60,162,287,1,288
7,9720,81,0,0,81,81,120,224,1,225
7,9720,108,0,0,108,108,90,161,1,162
7,9720,108,0,0,108,108,90,224,1,225
7,9720,270,0,0,90,90,108,343,9,352
7,9720,480,0,0,15,15,648,1183,32,1215
7,9720,648,0,0,81,81,120,175,8,183
7,9720,864,0,0,108,108,90,567,8,575
7,9720,900,0,0,36,36,270,2023,25,2048
7,9720,2160,0,0,135,135,72,49,32,81
7,9720,5184,0,0,18,18,540,49,576,625
7,9720,6075,0,0,15,15,648,1792,405,2197
7,9720,6912,0,0,108,108,90,161,64,225
7,9720,7452,0,0,108,108,90,56,69,125
7,9720,9216,0,0,36,36,270,119,256,375
7,9724,13,0,0,13,13,748,1155,1,1156
7,9724,13,0,0,13,13,748,1372,3,1375
7,9724,13,0,0,13,13,748,3024,1,3025
7,9724,22,0,0,22,22,442,728,1,729
7,9724,22,0,0,22,22,442,1183,1,1184
7,9724,34,0,0,34,34,286,728,1,729
7,9724,260,0,0,13,13,748,847,20,867
7,9724,374,0,0,22,22,442,1036,17,1053
7,9724,650,0,0,13,13,748,2401,200,2601
7,9724,1625,0,0,13,13,748,847,125,972
7,9724,1989,0,0,13,13,748,847,153,1000
7,9724,4224,0,0,22,22,442,1813,384,2197
7,9724,7722,0,0,13,13,748,343,1782,2125
7,9728,128,0,0,128,128,76,168,1,169
7,9728,128,0,0,128,128,76,728,1,729
7,9728,768,0,0,128,128,76,343,18,361
7,9728,4608,0,0,128,128,76,133,36,169
7,9728,7296,0,0,128,128,76,112,57,169
7,9730,2224,0,0,139,139,70,49,32,81
7,9744,42,0,0,42,42,232,728,1,729
7,9744,56,0,0,56,56,174,231,1,232
7,9744,116,0,0,58,58,168,2023,2,2025
7,9744,522,0,0,58,58,168,280,9,289
7,9744,5800,0,0,58,58,168,189,100,289
7,9744,7098,0,0,42,42,232,672,169,841
7,9750,125,0,0,125,125,78,168,1,169
7,9750,125,0,0,125,125,78,224,1,225
7,9750,125,0,0,125,125,78,350,1,351
7,9750,125,0,0,125,125,78,728,1,729
7,9750,300,0,0,75,75,130,1323,8,1331
7,9750,300,0,0,75,75,130,1617,8,1625
7,9750,825,0,0,75,75,130,147,22,169
7,9750,825,0,0,75,75,130,189,11,200
7,9750,825,0,0,75,75,130,364,11,375
7,9750,975,0,0,75,75,130,350,13,363
7,9750,1235,0,0,65,65,150,224,19,243
7,9750,1235,0,0,65,65,150,343,57,400
7,9750,1875,0,0,75,75,130,231,25,256
7,9750,2025,0,0,75,75,130,1183,27,1210
7,9750,2400,0,0,75,75,130,1183,32,1215
7,9750,4500,0,0,75,75,130,49,120,169
7,9750,6075,0,0,75,75,130,175,81,256
7,9750,6600,0,0,75,75,130,49,176,225
7,9750,6656,0,0,13,13,750,245,1024,1269
7,9750,8000,0,0,125,125,78,105,64,169
7,9750,9375,0,0,75,75,130,91,125,216
7,9750,9375,0,0,75,75,130,847,125,972
7,9750,9375,0,0,75,75,130,1323,250,1573
7,9752,477,0,0,53,53,184,686,27,713
7,9752,4293,0,0,53,53,184,448,81,529
7,9758,82,0,0,41,41,238,2023,2,2025
7,9758,369,0,0,41,41,238,280,9,289
7,9758,4100,0,0,41,41,238,189,100,289
7,9760,40,0,0,40,40,244,287,1,288
7,9760,61,0,0,61,61,160,224,1,225
7,9760,272,0,0,16,16,610,4375,17,4392
7,9760,272,0,0,16,16,610,5103,17,5120
7,9760,800,0,0,16,16,610,2401,200,2601
7,9760,1024,0,0,16,16,610,7497,128,7625
7,9760,2592,0,0,16,16,610,875,162,1037
7,9760,4608,0,0,16,16,610,49,576,625
7,9760,8192,0,0,16,16,610,525,512,1037
7,9760,8784,0,0,16,16,610,896,549,1445
7,9760,9760,0,0,16,16,610,119,610,729
7,9768,11,0,0,11,11,888,1295,1,1296
7,9768,48,0,0,12,12,814,1323,8,1331
7,9768,66,0,0,66,66,148,224,1,225
7,9768,66,0,0,66,66,148,1295,1,1296
7,9768,74,0,0,74,74,132,1407,1,1408
7,9768,1221,0,0,11,11,888,1715,333,2048
7,9768,1221,0,0,111,111,88,189,11,200
7,9768,1536,0,0,12,12,814,833,256,1089
7,9768,2775,0,0,111,111,88,49,50,99
7,9768,2775,0,0,111,111,88,231,25,256
7,9768,3468,0,0,12,12,814,2079,289,2368
7,9768,5328,0,0,111,111,88,77,48,125
7,9768,7104,0,0,12,12,814,147,1184,1331
7,9768,8991,0,0,111,111,88,175,81,256
7,9768,9768,0,0,111,111,88,49,176,225
7,9776,9776,0,0,47,47,208,35,208,243
7,9782,67,0,0,67,67,146,511,1,512
7,9790,9790,0,0,55,55,178,49,356,405
7,9792,34,0,0,34,34,288,840,1,841
7,9792,48,0,0,24,24,408,2023,2,2025
7,9792,384,0,0,48,48,204,721,8,729
7,9792,600,0,0,24,24,408,672,25,697
7,9792,600,0,0,24,24,408,2023,25,2048
7,9792,986,0,0,34,34,288,700,29,729
7,9792,1224,0,0,24,24,408,574,51,625
7,9792,2176,0,0,32,32,306,2401,272,2673
7,9792,2176,0,0,136,136,72,49,32,81
7,9792,3072,0,0,24,24,408,441,256,697
7,9792,3072,0,0,96,96,102,189,32,221
7,9792,3264,0,0,96,96,102,49,68,117
7,9792,4920,0,0,24,24,408,49,410,459
7,9792,6936,0,0,24,24,408,287,289,576
7,9792,6936,0,0,24,24,408,336,289,625
7,9792,7776,0,0,24,24,408,49,648,697
7,9792,8160,0,0,24,24,408,49,680,729
7,9792,9792,0,0,34,34,288,49,576,625
7,9794,83,0,0,83,83,118,224,1,225
7,9794,5312,0,0,83,83,118,49,128,177
7,9794,9794,0,0,83,83,118,7,118,125
7,9798,23,0,0,23,23,426,567,1,568
7,9800,70,0,0,35,35,280,2205,4,2209
7,9800,882,0,0,98,98,100,119,9,128
7,9800,882,0,0,98,98,100,280,9,289
7,9800,1568,0,0,98,98,100,119,16,135
7,9800,1792,0,0,14,14,700,3969,256,4225
7,9800,2450,0,0,98,98,100,119,25,144
7,9800,7938,0,0,98,98,100,119,81,200
7,9800,7938,0,0,98,98,100,175,81,256
7,9800,8750,0,0,14,14,700,896,625,1521
7,9800,8960,0,0,70,70,140,497,128,625
7,9800,9800,0,0,98,98,100,189,100,289
7,9802,725,0,0,29,29,338,2023,25,2048
7,9804,38,0,0,38,38,258,350,1,351
7,9804,38,0,0,38,38,258,728,1,729
7,9804,129,0,0,129,129,76,168,1,169
7,9804,129,0,0,129,129,76,728,1,729
7,9804,172,0,0,43,43,228,525,4,529
7,9804,258,0,0,43,43,228,343,18,361
7,9804,774,0,0,129,129,76,343,18,361
7,9804,1075,0,0,43,43,228,336,25,361
7,9804,1075,0,0,43,43,228,504,25,529
7,9804,1161,0,0,43,43,228,448,27,475
7,9804,1634,0,0,38,38,258,2457,43,2500
7,9804,1900,0,0,38,38,258,301,50,351
7,9804,1978,0,0,43,43,228,315,46,361
7,9804,3483,0,0,43,43,228,175,81,256
7,9804,3483,0,0,43,43,228,280,81,361
7,9804,3483,0,0,43,43,228,448,81,529
7,9804,3952,0,0,38,38,258,301,104,405
7,9804,4085,0,0,43,43,228,161,95,256
7,9804,4644,0,0,129,129,76,133,36,169
7,9804,5375,0,0,43,43,228,483,125,608
7,9804,6422,0,0,38,38,258,175,169,344
7,9804,6422,0,0,38,38,258,49,338,387
7,9804,6422,0,0,38,38,258,560,169,729
7,9804,6422,0,0,38,38,258,1680,169,1849
7,9804,7353,0,0,129,129,76,112,57,169
7,9804,8600,0,0,43,43,228,161,200,361
7,9810,109,0,0,109,109,90,161,1,162
7,9810,109,0,0,109,109,90,224,1,225
7,9810,872,0,0,109,109,90,567,8,575
7,9810,6976,0,0,109,109,90,161,64,225
7,9810,7521,0,0,109,109,90,56,69,125
7,9826,68,0,0,17,17,578,833,8,841
7,9826,425,0,0,17,17,578,2023,25,2048
7,9828,21,0,0,21,21,468,728,1,729
7,9828,21,0,0,21,21,468,4095,1,4096
7,9828,21,0,0,21,21,468,5264,1,5265
7,9828,56,0,0,14,14,702,1323,8,1331
7,9828,126,0,0,42,42,234,413,3,416
7,9828,126,0,0,126,126,78,168,1,169
7,9828,126,0,0,126,126,78,224,1,225
7,9828,126,0,0,126,126,78,350,1,351
7,9828,126,0,0,126,126,78,728,1,729
7,9828,273,0,0,21,21,468,987,13,1000
7,9828,273,0,0,91,91,108,343,9,352
7,9828,2478,0,0,42,42,234,448,59,507
7,9828,3549,0,0,21,21,468,560,169,729
7,9828,3948,0,0,21,21,468,4375,188,4563
7,9828,5103,0,0,63,63,156,1183,81,1264
7,9828,6048,0,0,21,21,468,49,576,625
7,9828,8064,0,0,126,126,78,105,64,169
7,9828,8400,0,0,21,21,468,329,400,729
7,9828,8505,0,0,21,21,468,1792,405,2197
7,9840,12,0,0,12,12,820,959,1,960
7,9840,12,0,0,12,12,820,1680,1,1681
7,9840,30,0,0,30,30,328,1372,3,1375
7,9840,30,0,0,30,30,328,1680,1,1681
7,9840,30,0,0,30,30,328,3024,1,3025
7,9840,40,0,0,40,40,246,287,1,288
7,9840,82,0,0,82,82,120,224,1,225
7,9840,96,0,0,12,12,820,2009,16,2025
7,9840,164,0,0,41,41,240,1323,8,1331
7,9840,240,0,0,30,30,328,2009,16,2025
7,9840,369,0,0,41,41,240,616,9,625
7,9840,410,0,0,10,10,984,4872,41,4913
7,9840,656,0,0,41,41,240,875,16,891
7,9840,656,0,0,82,82,120,175,8,183
7,9840,810,0,0,30,30,328,875,27,902
7,9840,1025,0,0,41,41,240,231,25,256
7,9840,1080,0,0,30,30,328,343,108,451
7,9840,1920,0,0,30,30,328,1225,128,1353
7,9840,2970,0,0,30,30,328,343,297,640
7,9840,3321,0,0,41,41,240,175,81,256
7,9840,3750,0,0,30,30,328,847,125,972
7,9840,4800,0,0,30,30,328,49,320,369
7,9840,4961,0,0,41,41,240,504,121,625
7,9840,6750,0,0,30,30,328,287,225,512
7,9840,7220,0,0,20,20,492,287,361,648
7,9840,8160,0,0,10,10,984,49,1632,1681
7,9840,8640,0,0,30,30,328,49,576,625
7,9840,8748,0,0,12,12,820,3430,2187,5617
7,9840,9840,0,0,30,30,328,35,328,363
7,9840,9840,0,0,30,30,328,77,328,405
7,9850,100,0,0,25,25,394,1323,8,1331
7,9856,112,0,0,28,28,352,1323,8,1331
7,9856,1232,0,0,112,112,88,189,11,200
7,9856,2800,0,0,112,112,88,49,50,99
7,9856,2800,0,0,112,112,88,231,25,256
7,9856,4956,0,0,28,28,352,847,177,1024
7,9856,5376,0,0,112,112,88,77,48,125
7,9856,9072,0,0,112,112,88,175,81,256
7,9856,9856,0,0,112,112,88,49,176,225
7,9860,17,0,0,17,17,580,840,1,841
7,9860,102,0,0,17,17,580,2401,24,2425
7,9860,116,0,0,29,29,340,357,4,361
7,9860,174,0,0,29,29,340,343,18,361
7,9860,493,0,0,17,17,580,700,29,729
7,9860,725,0,0,29,29,340,336,25,361
7,9860,725,0,0,29,29,340,2023,25,2048
7,9860,783,0,0,29,29,340,448,27,475
7,9860,850,0,0,17,17,580,679,50,729
7,9860,1450,0,0,58,58,170,2023,25,2048
7,9860,1649,0,0,17,17,580,875,97,972
7,9860,2125,0,0,17,17,580,2688,125,2813
7,9860,2204,0,0,29,29,340,1225,152,1377
7,9860,2349,0,0,29,29,340,280,81,361
7,9860,2349,0,0,29,29,340,1372,243,1615
7,9860,2754,0,0,17,17,580,679,162,841
7,9860,3625,0,0,29,29,340,833,250,1083
7,9860,4896,0,0,17,17,580,49,576,625
7,9860,7424,0,0,29,29,340,105,256,361
7,9860,7424,0,0,29,29,340,119,256,375
7,9860,7888,0,0,29,29,340,133,272,405
7,9860,9860,0,0,29,29,340,21,340,361
7,9860,9860,0,0,29,29,340,49,680,729
7,9864,2192,0,0,137,137,72,49,32,81
7,9864,4608,0,0,18,18,548,2401,1024,3425
7,9864,9864,0,0,18,18,548,77,548,625
7,9870,30,0,0,15,15,658,2205,4,2209
7,9870,240,0,0,15,15,658,875,16,891
7,9880,10,0,0,10,10,988,1330,1,1331
7,9880,10,0,0,10,10,988,1372,3,1375
7,9880,10,0,0,10,10,988,2079,1,2080
7,9880,10,0,0,10,10,988,3024,1,3025
7,9880,10,0,0,10,10,988,3969,2,3971
7,9880,10,0,0,10,10,988,4095,1,4096
7,9880,10,0,0,10,10,988,5775,1,5776
7,9880,10,0,0,10,10,988,10647,1,10648
7,9880,10,0,0,10,10,988,12635,1,12636
7,9880,30,0,0,10,10,988,1232,3,1235
7,9880,30,0,0,10,10,988,3325,3,3328
7,9880,30,0,0,10,10,988,10976,9,10985
7,9880,52,0,0,52,52,190,224,1,225
7,9880,52,0,0,52,52,190,399,1,400
7,9880,80,0,0,10,10,988,2527,8,2535
7,9880,80,0,0,10,10,988,9625,8,9633
7,9880,130,0,0,130,130,76,168,1,169
7,9880,130,0,0,130,130,76,728,1,729
7,9880,171,0,0,19,19,520,1015,9,1024
7,9880,240,0,0,10,10,988,2275,24,2299
7,9880,304,0,0,19,19,520,609,16,625
7,9880,304,0,0,76,76,130,1323,8,1331
7,9880,304,0,0,76,76,130,1617,8,1625
7,9880,351,0,0,13,13,760,1778,27,1805
7,9880,608,0,0,19,19,520,1183,32,1215
7,9880,780,0,0,130,130,76,343,18,361
7,9880,836,0,0,76,76,130,147,22,169
7,9880,836,0,0,76,76,130,189,11,200
7,9880,836,0,0,76,76,130,364,11,375
7,9880,988,0,0,76,76,130,350,13,363
7,9880,1102,0,0,19,19,520,567,58,625
7,9880,1235,0,0,19,19,520,6496,65,6561
7,9880,1620,0,0,10,10,988,1463,162,1625
7,9880,1690,0,0,10,10,988,3080,169,3249
7,9880,1900,0,0,76,76,130,231,25,256
7,9880,1920,0,0,10,10,988,1183,192,1375
7,9880,2052,0,0,76,76,130,1183,27,1210
7,9880,2250,0,0,10,10,988,1183,225,1408
7,9880,2340,0,0,10,10,988,343,702,1045
7,9880,2432,0,0,19,19,520,3969,256,4225
7,9880,2432,0,0,76,76,130,1183,32,1215
7,9880,3328,0,0,52,52,190,665,64,729
7,9880,3800,0,0,19,19,520,441,400,841
7,9880,4560,0,0,10,10,988,875,456,1331
7,9880,4560,0,0,10,10,988,2401,1824,4225
7,9880,4560,0,0,76,76,130,49,120,169
7,9880,4680,0,0,130,130,76,133,36,169
7,9880,4693,0,0,13,13,760,889,361,1250
7,9880,4860,0,0,10,10,988,1225,972,2197
7,9880,4864,0,0,19,19,520,875,256,1131
7,9880,4959,0,0,19,19,520,364,261,625
7,9880,5000,0,0,10,10,988,539,1000,1539
7,9880,5070,0,0,10,10,988,1792,507,2299
7,9880,5070,0,0,10,10,988,1925,507,2432
7,9880,5120,0,0,10,10,988,819,512,1331
7,9880,6050,0,0,10,10,988,448,605,1053
7,9880,6156,0,0,76,76,130,175,81,256
7,9880,6422,0,0,19,19,520,49,676,725
7,9880,6688,0,0,76,76,130,49,176,225
7,9880,7290,0,0,10,10,988,896,729,1625
7,9880,7410,0,0,130,130,76,112,57,169
7,9880,8424,0,0,13,13,760,2527,648,3175
7,9880,8640,0,0,10,10,988,11011,864,11875
7,9880,9500,0,0,76,76,130,91,125,216
7,9880,9500,0,0,76,76,130,847,125,972
7,9880,9500,0,0,76,76,130,1323,250,1573
7,9880,9880,0,0,10,10,988,49,1976,2025
7,9882,61,0,0,61,61,162,287,1,288
7,9882,486,0,0,27,27,366,3703,18,3721
7,9882,2187,0,0,27,27,366,448,81,529
7,9888,192,0,0,24,24,412,721,8,729
7,9888,256,0,0,16,16,618,945,16,961
7,9888,2304,0,0,16,16,618,343,432,775
7,9888,3840,0,0,16,16,618,721,240,961
7,9888,9888,0,0,16,16,618,7,618,625
7,9890,920,0,0,23,23,430,2107,80,2187
7,9894,3104,0,0,97,97,102,189,32,221
7,9894,3298,0,0,97,97,102,49,68,117
7,9894,4896,0,0,17,17,582,4753,576,5329
7,9900,30,0,0,30,30,330,1372,3,1375
7,9900,30,0,0,30,30,330,2240,1,2241
7,9900,30,0,0,30,30,330,3024,1,3025
7,9900,44,0,0,11,11,900,1323,8,1331
7,9900,50,0,0,10,10,990,10633,15,10648
7,9900,60,0,0,15,15,660,1323,8,1331
7,9900,72,0,0,18,18,550,1323,8,1331
7,9900,75,0,0,75,75,132,1407,1,1408
7,9900,90,0,0,30,30,330,343,9,352
7,9900,100,0,0,25,25,396,1323,8,1331
7,9900,110,0,0,110,110,90,161,1,162
7,9900,110,0,0,110,110,90,224,1,225
7,9900,135,0,0,45,45,220,343,9,352
7,9900,198,0,0,22,22,450,791,9,800
7,9900,200,0,0,50,50,198,1323,8,1331
7,9900,225,0,0,45,45,220,259,5,264
7,9900,240,0,0,15,15,660,875,16,891
7,9900,310,0,0,10,10,990,1344,31,1375
7,9900,324,0,0,18,18,550,539,36,575
7,9900,352,0,0,11,11,900,1617,64,1681
7,9900,450,0,0,50,50,198,616,9,625
7,9900,720,0,0,30,30,330,343,72,415
7,9900,720,0,0,30,30,330,581,24,605
7,9900,800,0,0,50,50,198,875,16,891
7,9900,880,0,0,110,110,90,567,8,575
7,9900,891,0,0,99,99,100,119,9,128
7,9900,891,0,0,99,99,100,280,9,289
7,9900,1250,0,0,50,50,198,231,25,256
7,9900,1254,0,0,66,66,150,224,19,243
7,9900,1254,0,0,66,66,150,343,57,400
7,9900,1353,0,0,11,11,900,1925,123,2048
7,9900,1375,0,0,11,11,900,847,125,972
7,9900,1584,0,0,99,99,100,119,16,135
7,9900,2250,0,0,18,18,550,847,125,972
7,9900,2475,0,0,99,99,100,119,25,144
7,9900,2970,0,0,30,30,330,343,297,640
7,9900,3630,0,0,15,15,660,245,484,729
7,9900,4050,0,0,50,50,198,175,81,256
7,9900,4125,0,0,15,15,660,2317,275,2592
7,9900,4356,0,0,18,18,550,245,484,729
7,9900,4400,0,0,50,50,198,49,176,225
7,9900,4965,0,0,15,15,660,560,331,891
7,9900,4965,0,0,15,15,660,693,331,1024
7,9900,4965,0,0,15,15,660,1694,331,2025
7,9900,6050,0,0,50,50,198,504,121,625
7,9900,6624,0,0,18,18,550,847,368,1215
7,9900,7040,0,0,110,110,90,161,64,225
7,9900,7590,0,0,110,110,90,56,69,125
7,9900,8019,0,0,99,99,100,119,81,200
7,9900,8019,0,0,99,99,100,175,81,256
7,9900,8325,0,0,45,45,220,112,185,297
7,9900,8640,0,0,30,30,330,49,576,625
7,9900,9504,0,0,33,33,300,49,576,625
7,9900,9522,0,0,18,18,550,175,529,704
7,9900,9522,0,0,18,18,550,560,529,1089
7,9900,9522,0,0,18,18,550,5103,529,5632
7,9900,9900,0,0,99,99,100,189,100,289
7,9906,127,0,0,127,127,78,168,1,169
7,9906,127,0,0,127,127,78,224,1,225
7,9906,127,0,0,127,127,78,350,1,351
7,9906,127,0,0,127,127,78,728,1,729
7,9906,8128,0,0,127,127,78,105,64,169
7,9912,14,0,0,14,14,708,3479,2,3481
7,9912,14,0,0,14,14,708,5040,1,5041
7,9912,84,0,0,84,84,118,224,1,225
7,9912,118,0,0,59,59,168,2023,2,2025
7,9912,531,0,0,59,59,168,280,9,289
7,9912,994,0,0,14,14,708,3304,71,3375
7,9912,5376,0,0,84,84,118,49,128,177
7,9912,5900,0,0,59,59,168,189,100,289
7,9912,9912,0,0,84,84,118,7,118,125
7,9916,67,0,0,67,67,148,224,1,225
7,9916,67,0,0,67,67,148,1295,1,1296
7,9918,57,0,0,57,57,174,231,1,232
7,9918,174,0,0,29,29,342,343,18,361
7,9918,1653,0,0,29,29,342,1792,57,1849
7,9920,62,0,0,62,62,160,224,1,225
7,9920,512,0,0,32,32,310,945,16,961
7,9920,800,0,0,32,32,310,378,25,403
7,9920,800,0,0,32,32,310,651,25,676
7,9920,1024,0,0,32,32,310,1183,32,1215
7,9920,2080,0,0,32,32,310,896,65,961
7,9920,3200,0,0,32,32,310,637,200,837
7,9920,4096,0,0,32,32,310,147,256,403
7,9920,4608,0,0,32,32,310,343,432,775
7,9928,68,0,0,68,68,146,511,1,512
7,9936,24,0,0,24,24,414,728,1,729
7,9936,24,0,0,24,24,414,896,1,897
7,9936,276,0,0,92,92,108,343,9,352
7,9936,384,0,0,12,12,828,3703,32,3735
7,9936,486,0,0,54,54,184,686,27,713
7,9936,2208,0,0,138,138,72,49,32,81
7,9936,4056,0,0,24,24,414,567,169,736
7,9936,4374,0,0,54,54,184,448,81,529
7,9936,4980,0,0,12,12,828,1701,415,2116
7,9936,8424,0,0,24,24,414,161,351,512
7,9940,9088,0,0,71,71,140,497,128,625
7,9944,1243,0,0,113,113,88,189,11,200
7,9944,2825,0,0,113,113,88,49,50,99
7,9944,2825,0,0,113,113,88,231,25,256
7,9944,5424,0,0,113,113,88,77,48,125
7,9944,5632,0,0,11,11,904,5537,1024,6561
7,9944,9153,0,0,113,113,88,175,81,256
7,9944,9944,0,0,113,113,88,49,176,225
7,9952,16,0,0,16,16,622,728,1,729
7,9956,114,0,0,38,38,262,343,9,352
7,9956,131,0,0,131,131,76,168,1,169
7,9956,131,0,0,131,131,76,728,1,729
7,9956,786,0,0,131,131,76,343,18,361
7,9956,4716,0,0,131,131,76,133,36,169
7,9956,7467,0,0,131,131,76,112,57,169
7,9960,20,0,0,20,20,498,2240,1,2241
7,9960,83,0,0,83,83,120,224,1,225
7,9960,664,0,0,83,83,120,175,8,183
7,9960,2220,0,0,15,15,664,581,148,729
7,9960,5760,0,0,20,20,498,49,576,625
7,9966,2497,0,0,11,11,906,343,681,1024
7,9968,9968,0,0,56,56,178,49,356,405
7,9976,43,0,0,43,43,232,728,1,729
7,9976,7267,0,0,43,43,232,672,169,841
7,9984,16,0,0,16,16,624,728,1,729
7,9984,128,0,0,128,128,78,168,1,169
7,9984,128,0,0,128,128,78,224,1,225
7,9984,128,0,0,128,128,78,350,1,351
7,9984,128,0,0,128,128,78,728,1,729
7,9984,2028,0,0,12,12,832,3584,169,3753
7,9984,5184,0,0,64,64,156,1183,81,1264
7,9984,8192,0,0,128,128,78,105,64,169
7,9984,9984,0,0,48,48,208,35,208,243
7,9990,27,0,0,27,27,370,1295,1,1296
7,9990,111,0,0,111,111,90,161,1,162
7,9990,111,0,0,111,111,90,224,1,225
7,9990,729,0,0,27,27,370,1120,27,1147
7,9990,888,0,0,111,111,90,567,8,575
7,9990,925,0,0,37,37,270,2023,25,2048
7,9990,2997,0,0,27,27,370,1715,333,2048
7,9990,3375,0,0,27,27,370,259,125,384
7,9990,7104,0,0,111,111,90,161,64,225
7,9990,7659,0,0,111,111,90,56,69,125
7,9990,7776,0,0,27,27,370,49,576,625
7,9990,9472,0,0,37,37,270,119,256,375
7,9996,84,0,0,42,42,238,2023,2,2025
7,9996,378,0,0,42,42,238,280,9,289
7,9996,392,0,0,49,49,204,721,8,729
7,9996,3009,0,0,17,17,588,448,177,625
7,9996,3136,0,0,98,98,102,189,32,221
7,9996,3332,0,0,98,98,102,49,68,117
7,9996,4200,0,0,42,42,238,189,100,289
7,10000,900,0,0,100,100,100,119,9,128
7,10000,900,0,0,100,100,100,280,9,289
7,10000,1600,0,0,100,100,100,119,16,135
7,10000,2500,0,0,100,100,100,119,25,144
7,10000,7200,0,0,25,25,400,49,576,625
7,10000,8100,0,0,100,100,100,119,81,200
7,10000,8100,0,0,100,100,100,175,81,256
7,10000,10000,0,0,100,100,100,189,100,289
7,10004,41,0,0,41,41,244,287,1,288
7,10008,12,0,0,12,12,834,3969,2,3971
7,10008,288,0,0,12,12,834,6811,48,6859
7,10008,2224,0,0,139,139,72,49,32,81
7,10008,6144,0,0,12,12,834,1617,1024,2641
7,10010,35,0,0,35,35,286,728,1,729
7,10010,99,0,0,11,11,910,2366,9,2375
7,10010,308,0,0,77,77,130,1323,8,1331
7,10010,308,0,0,77,77,130,1617,8,1625
7,10010,715,0,0,11,11,910,2527,65,2592
7,10010,847,0,0,77,77,130,147,22,169
7,10010,847,0,0,77,77,130,189,11,200
7,10010,847,0,0,77,77,130,364,11,375
7,10010,1001,0,0,77,77,130,350,13,363
7,10010,1408,0,0,11,11,910,3969,256,4225
7,10010,1485,0,0,11,11,910,4459,405,4864
7,10010,1925,0,0,77,77,130,231,25,256
7,10010,2079,0,0,77,77,130,1183,27,1210
7,10010,2464,0,0,77,77,130,1183,32,1215
7,10010,4620,0,0,77,77,130,49,120,169
7,10010,6237,0,0,77,77,130,175,81,256
7,10010,6776,0,0,77,77,130,49,176,225
7,10010,6875,0,0,11,11,910,399,625,1024
7,10010,6875,0,0,11,11,910,819,625,1444
7,10010,6875,0,0,11,11,910,896,625,1521
7,10010,8800,0,0,11,11,910,4459,2400,6859
7,10010,9625,0,0,77,77,130,91,125,216
7,10010,9625,0,0,77,77,130,847,125,972
7,10010,9625,0,0,77,77,130,1323,250,1573
7,10024,8064,0,0,28,28,358,49,576,625
7,10030,85,0,0,85,85,118,224,1,225
7,10030,1475,0,0,59,59,170,2023,25,2048
7,10030,5440,0,0,85,85,118,49,128,177
7,10030,10030,0,0,85,85,118,7,118,125
7,10032,76,0,0,76,76,132,1407,1,1408
7,10032,132,0,0,132,132,76,168,1,169
7,10032,132,0,0,132,132,76,728,1,729
7,10032,176,0,0,44,44,228,525,4,529
7,10032,264,0,0,44,44,228,343,18,361
7,10032,456,0,0,24,24,418,1925,19,1944
7,10032,456,0,0,24,24,418,2541,19,2560
7,10032,792,0,0,24,24,418,2527,33,2560
7,10032,792,0,0,132,132,76,343,18,361
7,10032,1100,0,0,44,44,228,336,25,361
7,10032,1100,0,0,44,44,228,504,25,529
7,10032,1188,0,0,44,44,228,448,27,475
7,10032,1254,0,0,114,114,88,189,11,200
7,10032,1520,0,0,19,19,528,343,240,583
7,10032,2024,0,0,44,44,228,315,46,361
7,10032,2850,0,0,114,114,88,49,50,99
7,10032,2850,0,0,114,114,88,231,25,256
7,10032,3564,0,0,44,44,228,175,81,256
7,10032,3564,0,0,44,44,228,280,81,361
7,10032,3564,0,0,44,44,228,448,81,529
7,10032,4180,0,0,44,44,228,161,95,256
7,10032,4752,0,0,132,132,76,133,36,169
7,10032,5016,0,0,19,19,528,2597,528,3125
7,10032,5027,0,0,11,11,912,567,457,1024
7,10032,5027,0,0,11,11,912,5488,1371,6859
7,10032,5472,0,0,114,114,88,77,48,125
7,10032,5500,0,0,44,44,228,483,125,608
7,10032,7524,0,0,132,132,76,112,57,169
7,10032,8800,0,0,44,44,228,161,200,361
7,10032,9234,0,0,114,114,88,175,81,256
7,10032,10032,0,0,114,114,88,49,176,225
7,10038,1701,0,0,21,21,478,875,81,956
7,10038,7875,0,0,21,21,478,1673,375,2048
7,10044,62,0,0,62,62,162,287,1,288
7,10044,279,0,0,93,93,108,343,9,352
7,10044,459,0,0,27,27,372,847,17,864
7,10044,1728,0,0,27,27,372,833,128,961
7,10050,1273,0,0,67,67,150,224,19,243
7,10050,1273,0,0,67,67,150,343,57,400
7,10050,3645,0,0,15,15,670,343,729,1072
7,10050,6075,0,0,25,25,402,343,729,1072
7,10062,39,0,0,39,39,258,350,1,351
7,10062,39,0,0,39,39,258,728,1,729
7,10062,129,0,0,43,43,234,413,3,416
7,10062,129,0,0,129,129,78,168,1,169
7,10062,129,0,0,129,129,78,224,1,225
7,10062,129,0,0,129,129,78,350,1,351
7,10062,129,0,0,129,129,78,728,1,729
7,10062,1677,0,0,39,39,258,2457,43,2500
7,10062,1950,0,0,39,39,258,301,50,351
7,10062,2537,0,0,43,43,234,448,59,507
7,10062,3328,0,0,13,13,774,2107,512,2619
7,10062,4056,0,0,39,39,258,301,104,405
7,10062,6591,0,0,39,39,258,175,169,344
7,10062,6591,0,0,39,39,258,49,338,387
7,10062,6591,0,0,39,39,258,560,169,729
7,10062,6591,0,0,39,39,258,1680,169,1849
7,10062,8256,0,0,129,129,78,105,64,169
7,10064,68,0,0,17,17,592,1323,8,1331
7,10064,68,0,0,68,68,148,224,1,225
7,10064,68,0,0,68,68,148,1295,1,1296
7,10064,10064,0,0,17,17,592,147,1184,1331
7,10070,53,0,0,53,53,190,224,1,225
7,10070,53,0,0,53,53,190,399,1,400
7,10070,3392,0,0,53,53,190,665,64,729
7,10074,69,0,0,69,69,146,511,1,512
7,10074,92,0,0,23,23,438,1323,8,1331
7,10074,92,0,0,23,23,438,5621,4,5625
7,10074,2875,0,0,23,23,438,847,125,972
7,10074,5566,0,0,23,23,438,245,484,729
7,10080,35,0,0,35,35,288,840,1,841
7,10080,63,0,0,63,63,160,224,1,225
7,10080,72,0,0,36,36,280,2205,4,2209
7,10080,84,0,0,84,84,120,224,1,225
7,10080,112,0,0,112,112,90,161,1,162
7,10080,112,0,0,112,112,90,224,1,225
7,10080,120,0,0,60,60,168,2023,2,2025
7,10080,168,0,0,42,42,240,1323,8,1331
7,10080,378,0,0,42,42,240,616,9,625
7,10080,540,0,0,60,60,168,280,9,289
7,10080,672,0,0,42,42,240,875,16,891
7,10080,672,0,0,84,84,120,175,8,183
7,10080,880,0,0,20,20,504,441,88,529
7,10080,896,0,0,14,14,720,665,64,729
7,10080,896,0,0,112,112,90,567,8,575
7,10080,1015,0,0,35,35,288,700,29,729
7,10080,1050,0,0,42,42,240,231,25,256
7,10080,1264,0,0,16,16,630,945,79,1024
7,10080,3402,0,0,42,42,240,175,81,256
7,10080,5082,0,0,42,42,240,504,121,625
7,10080,6000,0,0,60,60,168,189,100,289
7,10080,7168,0,0,112,112,90,161,64,225
7,10080,7728,0,0,112,112,90,56,69,125
7,10080,9216,0,0,72,72,140,497,128,625
7,10080,10080,0,0,35,35,288,49,576,625
7,10086,41,0,0,41,41,246,287,1,288
7,10092,58,0,0,58,58,174,231,1,232
7,10098,11,0,0,11,11,918,4760,1,4761
7,10098,187,0,0,11,11,918,5103,17,5120
7,10098,204,0,0,51,51,198,1323,8,1331
7,10098,459,0,0,51,51,198,616,9,625
7,10098,550,0,0,11,11,918,2401,200,2601
7,10098,816,0,0,51,51,198,875,16,891
7,10098,1275,0,0,51,51,198,231,25,256
7,10098,2244,0,0,33,33,306,2401,272,2673
7,10098,3168,0,0,99,99,102,189,32,221
7,10098,3366,0,0,99,99,102,49,68,117
7,10098,4131,0,0,51,51,198,175,81,256
7,10098,4488,0,0,51,51,198,49,176,225
7,10098,4896,0,0,17,17,594,1043,288,1331
7,10098,6171,0,0,51,51,198,504,121,625
7,10100,909,0,0,101,101,100,119,9,128
7,10100,909,0,0,101,101,100,280,9,289
7,10100,1616,0,0,101,101,100,119,16,135
7,10100,2525,0,0,101,101,100,119,25,144
7,10100,8181,0,0,101,101,100,119,81,200
7,10100,8181,0,0,101,101,100,175,81,256
7,10100,10100,0,0,101,101,100,189,100,289
7,10108,133,0,0,133,133,76,168,1,169
7,10108,133,0,0,133,133,76,728,1,729
7,10108,798,0,0,133,133,76,343,18,361
7,10108,2432,0,0,19,19,532,4361,256,4617
7,10108,4788,0,0,133,133,76,133,36,169
7,10108,7581,0,0,133,133,76,112,57,169
7,10114,13,0,0,13,13,778,3500,1,3501
7,10114,13,0,0,13,13,778,4095,1,4096
7,10114,6318,0,0,13,13,778,1225,972,2197
7,10114,9477,0,0,13,13,778,896,729,1625
7,10116,576,0,0,18,18,562,2401,128,2529
7,10116,1458,0,0,18,18,562,1967,81,2048
7,10120,110,0,0,22,22,460,616,5,621
7,10120,138,0,0,46,46,220,343,9,352
7,10120,230,0,0,46,46,220,259,5,264
7,10120,495,0,0,55,55,184,686,27,713
7,10120,1265,0,0,115,115,88,189,11,200
7,10120,2875,0,0,115,115,88,49,50,99
7,10120,2875,0,0,115,115,88,231,25,256
7,10120,4455,0,0,55,55,184,448,81,529
7,10120,5520,0,0,115,115,88,77,48,125
7,10120,6256,0,0,23,23,440,1925,272,2197
7,10120,8510,0,0,46,46,220,112,185,297
7,10120,9315,0,0,115,115,88,175,81,256
7,10120,10120,0,0,115,115,88,49,176,225
7,10128,324,0,0,12,12,844,1477,27,1504
7,10140,65,0,0,13,13,780,2023,5,2028
7,10140,65,0,0,13,13,780,4347,5,4352
7,10140,130,0,0,130,130,78,168,1,169
7,10140,130,0,0,130,130,78,224,1,225
7,10140,130,0,0,130,130,78,350,1,351
7,10140,130,0,0,130,130,78,728,1,729
7,10140,221,0,0,13,13,780,1183,17,1200
7,10140,221,0,0,13,13,780,5103,17,5120
7,10140,312,0,0,78,78,130,1323,8,1331
7,10140,312,0,0,78,78,130,1617,8,1625
7,10140,520,0,0,13,13,780,1547,40,1587
7,10140,702,0,0,13,13,780,3703,54,3757
7,10140,750,0,0,30,30,338,2023,25,2048
7,10140,858,0,0,78,78,130,147,22,169
7,10140,858,0,0,78,78,130,189,11,200
7,10140,858,0,0,78,78,130,364,11,375
7,10140,884,0,0,13,13,780,7203,272,7475
7,10140,1014,0,0,78,78,130,350,13,363
7,10140,1495,0,0,13,13,780,637,230,867
7,10140,1495,0,0,13,13,780,3213,115,3328
7,10140,1950,0,0,78,78,130,231,25,256
7,10140,2106,0,0,78,78,130,1183,27,1210
7,10140,2496,0,0,78,78,130,1183,32,1215
7,10140,3159,0,0,13,13,780,8750,243,8993
7,10140,3887,0,0,13,13,780,1701,299,2000
7,10140,4680,0,0,78,78,130,49,120,169
7,10140,5265,0,0,65,65,156,1183,81,1264
7,10140,6318,0,0,13,13,780,1225,972,2197
7,10140,6318,0,0,78,78,130,175,81,256
7,10140,6864,0,0,78,78,130,49,176,225
7,10140,7072,0,0,13,13,780,637,1088,1725
7,10140,8073,0,0,13,13,780,224,621,845
7,10140,8320,0,0,13,13,780,1547,640,2187
7,10140,8320,0,0,130,130,78,105,64,169
7,10140,9750,0,0,78,78,130,91,125,216
7,10140,9750,0,0,78,78,130,847,125,972
7,10140,9750,0,0,78,78,130,1323,250,1573
7,10146,10146,0,0,57,57,178,49,356,405
7,10148,86,0,0,86,86,118,224,1,225
7,10148,5504,0,0,86,86,118,49,128,177
7,10148,10148,0,0,86,86,118,7,118,125
7,10152,282,0,0,94,94,108,343,9,352
7,10160,500,0,0,20,20,508,2023,25,2048
7,10160,6800,0,0,20,20,508,49,680,729
7,10164,77,0,0,77,77,132,1407,1,1408
7,10166,23,0,0,23,23,442,728,1,729
7,10166,23,0,0,23,23,442,1183,1,1184
7,10166,391,0,0,23,23,442,1036,17,1053
7,10166,4416,0,0,23,23,442,1813,384,2197
7,10166,5083,0,0,17,17,598,1701,299,2000
7,10166,8262,0,0,17,17,598,1225,972,2197
7,10168,31,0,0,31,31,328,1372,3,1375
7,10168,31,0,0,31,31,328,1680,1,1681
7,10168,31,0,0,31,31,328,3024,1,3025
7,10168,248,0,0,31,31,328,2009,16,2025
7,10168,837,0,0,31,31,328,875,27,902
7,10168,1116,0,0,31,31,328,343,108,451
7,10168,1984,0,0,31,31,328,1225,128,1353
7,10168,3069,0,0,31,31,328,343,297,640
7,10168,3875,0,0,31,31,328,847,125,972
7,10168,4960,0,0,31,31,328,49,320,369
7,10168,6975,0,0,31,31,328,287,225,512
7,10168,8928,0,0,31,31,328,49,576,625
7,10168,10168,0,0,31,31,328,35,328,363
7,10168,10168,0,0,31,31,328,77,328,405
7,10170,113,0,0,113,113,90,161,1,162
7,10170,113,0,0,113,113,90,224,1,225
7,10170,405,0,0,15,15,678,2744,81,2825
7,10170,750,0,0,15,15,678,2401,200,2601
7,10170,904,0,0,113,113,90,567,8,575
7,10170,7232,0,0,113,113,90,161,64,225
7,10170,7680,0,0,15,15,678,5537,1024,6561
7,10170,7797,0,0,113,113,90,56,69,125
7,10176,16,0,0,16,16,636,847,1,848
7,10176,16,0,0,16,16,636,5103,1,5104
7,10176,1584,0,0,16,16,636,742,99,841
7,10184,134,0,0,134,134,76,168,1,169
7,10184,134,0,0,134,134,76,728,1,729
7,10184,804,0,0,134,134,76,343,18,361
7,10184,4824,0,0,134,134,76,133,36,169
7,10184,7638,0,0,134,134,76,112,57,169
7,10192,10192,0,0,49,49,208,35,208,243
7,10200,50,0,0,25,25,408,2023,2,2025
7,10200,85,0,0,85,85,120,224,1,225
7,10200,120,0,0,30,30,340,357,4,361
7,10200,180,0,0,30,30,340,343,18,361
7,10200,204,0,0,12,12,850,5103,17,5120
7,10200,400,0,0,50,50,204,721,8,729
7,10200,625,0,0,25,25,408,672,25,697
7,10200,625,0,0,25,25,408,2023,25,2048
7,10200,680,0,0,17,17,600,2107,80,2187
7,10200,680,0,0,85,85,120,175,8,183
7,10200,750,0,0,30,30,340,336,25,361
7,10200,750,0,0,30,30,340,2023,25,2048
7,10200,810,0,0,30,30,340,448,27,475
7,10200,918,0,0,102,102,100,119,9,128
7,10200,918,0,0,102,102,100,280,9,289
7,10200,960,0,0,15,15,680,833,128,961
7,10200,1000,0,0,20,20,510,2401,200,2601
7,10200,1275,0,0,25,25,408,574,51,625
7,10200,1292,0,0,68,68,150,224,19,243
7,10200,1292,0,0,68,68,150,343,57,400
7,10200,1500,0,0,60,60,170,2023,25,2048
7,10200,1632,0,0,102,102,100,119,16,135
7,10200,2280,0,0,30,30,340,1225,152,1377
7,10200,2430,0,0,30,30,340,280,81,361
7,10200,2430,0,0,30,30,340,1372,243,1615
7,10200,2550,0,0,102,102,100,119,25,144
7,10200,2556,0,0,12,12,850,875,213,1088
7,10200,3200,0,0,25,25,408,441,256,697
7,10200,3200,0,0,100,100,102,189,32,221
7,10200,3400,0,0,100,100,102,49,68,117
7,10200,3750,0,0,30,30,340,833,250,1083
7,10200,5125,0,0,25,25,408,49,410,459
7,10200,5760,0,0,20,20,510,49,576,625
7,10200,7225,0,0,25,25,408,287,289,576
7,10200,7225,0,0,25,25,408,336,289,625
7,10200,7680,0,0,12,12,850,567,640,1207
7,10200,7680,0,0,30,30,340,105,256,361
7,10200,7680,0,0,30,30,340,119,256,375
7,10200,8100,0,0,25,25,408,49,648,697
7,10200,8160,0,0,30,30,340,133,272,405
7,10200,8262,0,0,102,102,100,119,81,200
7,10200,8262,0,0,102,102,100,175,81,256
7,10200,8500,0,0,25,25,408,49,680,729
7,10200,9792,0,0,34,34,300,49,576,625
7,10200,10200,0,0,30,30,340,21,340,361
7,10200,10200,0,0,30,30,340,49,680,729
7,10200,10200,0,0,102,102,100,189,100,289
7,10206,63,0,0,63,63,162,287,1,288
7,10208,44,0,0,44,44,232,728,1,729
7,10208,116,0,0,29,29,352,1323,8,1331
7,10208,1276,0,0,116,116,88,189,11,200
7,10208,2900,0,0,116,116,88,49,50,99
7,10208,2900,0,0,116,116,88,231,25,256
7,10208,5133,0,0,29,29,352,847,177,1024
7,10208,5568,0,0,116,116,88,77,48,125
7,10208,7436,0,0,44,44,232,672,169,841
7,10208,8613,0,0,11,11,928,217,783,1000
7,10208,9396,0,0,116,116,88,175,81,256
7,10208,10208,0,0,11,11,928,1519,1856,3375
7,10208,10208,0,0,116,116,88,49,176,225
7,10212,69,0,0,69,69,148,224,1,225
7,10212,69,0,0,69,69,148,1295,1,1296
7,10218,117,0,0,39,39,262,343,9,352
7,10218,131,0,0,131,131,78,168,1,169
7,10218,131,0,0,131,131,78,224,1,225
7,10218,131,0,0,131,131,78,350,1,351
7,10218,131,0,0,131,131,78,728,1,729
7,10218,8384,0,0,131,131,78,105,64,169
7,10220,70,0,0,70,70,146,511,1,512
7,10220,1008,0,0,14,14,730,3577,144,3721
7,10220,3066,0,0,14,14,730,343,657,1000
7,10220,8750,0,0,14,14,730,1022,625,1647
7,10220,9344,0,0,73,73,140,497,128,625
7,10222,19,0,0,19,19,538,1344,1,1345
7,10222,5472,0,0,19,19,538,49,576,625
7,10222,10222,0,0,19,19,538,49,1076,1125
7,10224,18,0,0,18,18,568,1064,1,1065
7,10224,18,0,0,18,18,568,5040,1,5041
7,10224,24,0,0,24,24,426,567,1,568
7,10224,1152,0,0,18,18,568,665,64,729
7,10224,4050,0,0,18,18,568,497,225,722
7,10224,5184,0,0,18,18,568,49,576,625
7,10230,31,0,0,31,31,330,1372,3,1375
7,10230,31,0,0,31,31,330,2240,1,2241
7,10230,31,0,0,31,31,330,3024,1,3025
7,10230,93,0,0,31,31,330,343,9,352
7,10230,465,0,0,15,15,682,2268,31,2299
7,10230,528,0,0,33,33,310,945,16,961
7,10230,744,0,0,31,31,330,343,72,415
7,10230,744,0,0,31,31,330,581,24,605
7,10230,825,0,0,33,33,310,378,25,403
7,10230,825,0,0,33,33,310,651,25,676
7,10230,1056,0,0,33,33,310,1183,32,1215
7,10230,2145,0,0,33,33,310,896,65,961
7,10230,3069,0,0,31,31,330,343,297,640
7,10230,3300,0,0,33,33,310,637,200,837
7,10230,4224,0,0,33,33,310,147,256,403
7,10230,4752,0,0,33,33,310,343,432,775
7,10230,8019,0,0,11,11,930,6727,729,7456
7,10230,8928,0,0,31,31,330,49,576,625
7,10234,86,0,0,43,43,238,2023,2,2025
7,10234,387,0,0,43,43,238,280,9,289
7,10234,4300,0,0,43,43,238,189,100,289
7,10240,64,0,0,64,64,160,224,1,225
7,10244,104,0,0,26,26,394,1323,8,1331
7,10248,42,0,0,42,42,244,287,1,288
7,10248,122,0,0,61,61,168,2023,2,2025
7,10248,504,0,0,28,28,366,3703,18,3721
7,10248,549,0,0,61,61,168,280,9,289
7,10248,2268,0,0,28,28,366,448,81,529
7,10248,6100,0,0,61,61,168,189,100,289
7,10260,54,0,0,18,18,570,1232,3,1235
7,10260,54,0,0,18,18,570,3325,3,3328
7,10260,54,0,0,54,54,190,224,1,225
7,10260,54,0,0,54,54,190,399,1,400
7,10260,90,0,0,18,18,570,1183,5,1188
7,10260,90,0,0,18,18,570,4389,5,4394
7,10260,114,0,0,114,114,90,161,1,162
7,10260,114,0,0,114,114,90,224,1,225
7,10260,135,0,0,135,135,76,168,1,169
7,10260,135,0,0,135,135,76,728,1,729
7,10260,180,0,0,30,30,342,343,18,361
7,10260,180,0,0,45,45,228,525,4,529
7,10260,270,0,0,45,45,228,343,18,361
7,10260,285,0,0,95,95,108,343,9,352
7,10260,342,0,0,18,18,570,637,38,675
7,10260,342,0,0,18,18,570,1925,19,1944
7,10260,342,0,0,18,18,570,2541,19,2560
7,10260,342,0,0,18,18,570,4375,19,4394
7,10260,432,0,0,18,18,570,2275,24,2299
7,10260,468,0,0,18,18,570,1323,52,1375
7,10260,594,0,0,18,18,570,1183,33,1216
7,10260,594,0,0,18,18,570,2527,33,2560
7,10260,684,0,0,18,18,570,567,38,605
7,10260,810,0,0,135,135,76,343,18,361
7,10260,912,0,0,114,114,90,567,8,575
7,10260,950,0,0,38,38,270,2023,25,2048
7,10260,1125,0,0,45,45,228,336,25,361
7,10260,1125,0,0,45,45,228,504,25,529
7,10260,1215,0,0,45,45,228,448,27,475
7,10260,1710,0,0,30,30,342,1792,57,1849
7,10260,2070,0,0,45,45,228,315,46,361
7,10260,2574,0,0,18,18,570,532,143,675
7,10260,2736,0,0,18,18,570,693,152,845
7,10260,3456,0,0,18,18,570,1183,192,1375
7,10260,3456,0,0,54,54,190,665,64,729
7,10260,3645,0,0,45,45,228,175,81,256
7,10260,3645,0,0,45,45,228,280,81,361
7,10260,3645,0,0,45,45,228,448,81,529
7,10260,3744,0,0,18,18,570,875,208,1083
7,10260,4212,0,0,18,18,570,343,702,1045
7,10260,4275,0,0,45,45,228,161,95,256
7,10260,4374,0,0,18,18,570,1330,243,1573
7,10260,4860,0,0,135,135,76,133,36,169
7,10260,5472,0,0,19,19,540,49,576,625
7,10260,5625,0,0,45,45,228,483,125,608
7,10260,7296,0,0,114,114,90,161,64,225
7,10260,7488,0,0,18,18,570,189,416,605
7,10260,7695,0,0,135,135,76,112,57,169
7,10260,7866,0,0,114,114,90,56,69,125
7,10260,8748,0,0,18,18,570,1225,972,2197
7,10260,9000,0,0,18,18,570,539,1000,1539
7,10260,9000,0,0,45,45,228,161,200,361
7,10260,9126,0,0,18,18,570,133,507,640
7,10260,9126,0,0,18,18,570,1792,507,2299
7,10260,9126,0,0,18,18,570,1925,507,2432
7,10260,9728,0,0,38,38,270,119,256,375
7,10266,59,0,0,59,59,174,231,1,232
7,10266,87,0,0,87,87,118,224,1,225
7,10266,5568,0,0,87,87,118,49,128,177
7,10266,10266,0,0,87,87,118,7,118,125
7,10270,13,0,0,13,13,790,1372,3,1375
7,10270,13,0,0,13,13,790,3024,1,3025
7,10270,316,0,0,79,79,130,1323,8,1331
7,10270,316,0,0,79,79,130,1617,8,1625
7,10270,869,0,0,79,79,130,147,22,169
7,10270,869,0,0,79,79,130,189,11,200
7,10270,869,0,0,79,79,130,364,11,375
7,10270,1027,0,0,79,79,130,350,13,363
7,10270,1625,0,0,13,13,790,847,125,972
7,10270,1975,0,0,79,79,130,231,25,256
7,10270,2133,0,0,79,79,130,1183,27,1210
7,10270,2528,0,0,79,79,130,1183,32,1215
7,10270,2925,0,0,13,13,790,1106,225,1331
7,10270,4108,0,0,13,13,790,5929,632,6561
7,10270,4740,0,0,79,79,130,49,120,169
7,10270,6399,0,0,79,79,130,175,81,256
7,10270,6952,0,0,79,79,130,49,176,225
7,10270,9477,0,0,13,13,790,140,729,869
7,10270,9875,0,0,79,79,130,91,125,216
7,10270,9875,0,0,79,79,130,847,125,972
7,10270,9875,0,0,79,79,130,1323,250,1573
7,10272,48,0,0,12,12,856,1323,8,1331
7,10272,132,0,0,12,12,856,1701,11,1712
7,10272,10272,0,0,12,12,856,147,1712,1859
7,10296,22,0,0,22,22,468,728,1,729
7,10296,22,0,0,22,22,468,4095,1,4096
7,10296,22,0,0,22,22,468,5264,1,5265
7,10296,36,0,0,36,36,286,728,1,729
7,10296,48,0,0,12,12,858,1323,8,1331
7,10296,48,0,0,12,12,858,1617,8,1625
7,10296,78,0,0,78,78,132,1407,1,1408
7,10296,104,0,0,26,26,396,1323,8,1331
7,10296,132,0,0,12,12,858,1204,11,1215
7,10296,132,0,0,12,12,858,1365,11,1376
7,10296,132,0,0,44,44,234,413,3,416
7,10296,132,0,0,132,132,78,168,1,169
7,10296,132,0,0,132,132,78,224,1,225
7,10296,132,0,0,132,132,78,350,1,351
7,10296,132,0,0,132,132,78,728,1,729
7,10296,156,0,0,12,12,858,6237,13,6250
7,10296,208,0,0,52,52,198,1323,8,1331
7,10296,286,0,0,22,22,468,987,13,1000
7,10296,300,0,0,12,12,858,7371,25,7396
7,10296,324,0,0,12,12,858,1183,27,1210
7,10296,384,0,0,12,12,858,1183,32,1215
7,10296,468,0,0,52,52,198,616,9,625
7,10296,576,0,0,12,12,858,1715,144,1859
7,10296,832,0,0,52,52,198,875,16,891
7,10296,1287,0,0,117,117,88,189,11,200
7,10296,1300,0,0,52,52,198,231,25,256
7,10296,1500,0,0,12,12,858,847,125,972
7,10296,1500,0,0,12,12,858,1323,250,1573
7,10296,1920,0,0,12,12,858,1001,160,1161
7,10296,1920,0,0,12,12,858,9317,160,9477
7,10296,2596,0,0,44,44,234,448,59,507
7,10296,2673,0,0,11,11,936,343,729,1072
7,10296,2925,0,0,117,117,88,49,50,99
7,10296,2925,0,0,117,117,88,231,25,256
7,10296,3072,0,0,12,12,858,819,256,1075
7,10296,3432,0,0,12,12,858,875,286,1161
7,10296,3718,0,0,22,22,468,560,169,729
7,10296,3744,0,0,12,12,858,1225,624,1849
7,10296,4136,0,0,22,22,468,4375,188,4563
7,10296,4212,0,0,52,52,198,175,81,256
7,10296,4500,0,0,12,12,858,1001,375,1376
7,10296,4576,0,0,52,52,198,49,176,225
7,10296,4860,0,0,12,12,858,1792,405,2197
7,10296,5346,0,0,66,66,156,1183,81,1264
7,10296,5616,0,0,117,117,88,77,48,125
7,10296,5676,0,0,12,12,858,567,473,1040
7,10296,5676,0,0,12,12,858,1575,473,2048
7,10296,6292,0,0,52,52,198,504,121,625
7,10296,6336,0,0,22,22,468,49,576,625
7,10296,8448,0,0,12,12,858,441,1408,1849
7,10296,8448,0,0,132,132,78,105,64,169
7,10296,8800,0,0,22,22,468,329,400,729
7,10296,8910,0,0,22,22,468,1792,405,2197
7,10296,9477,0,0,117,117,88,175,81,256
7,10296,10296,0,0,117,117,88,49,176,225
7,10300,200,0,0,25,25,412,721,8,729
7,10300,927,0,0,103,103,100,119,9,128
7,10300,927,0,0,103,103,100,280,9,289
7,10300,1648,0,0,103,103,100,119,16,135
7,10300,2575,0,0,103,103,100,119,25,144
7,10300,8343,0,0,103,103,100,119,81,200
7,10300,8343,0,0,103,103,100,175,81,256
7,10300,10300,0,0,103,103,100,189,100,289
7,10302,3232,0,0,101,101,102,189,32,221
7,10302,3434,0,0,101,101,102,49,68,117
7,10304,504,0,0,56,56,184,686,27,713
7,10304,4536,0,0,56,56,184,448,81,529
7,10320,40,0,0,40,40,258,350,1,351
7,10320,40,0,0,40,40,258,728,1,729
7,10320,86,0,0,86,86,120,224,1,225
7,10320,172,0,0,43,43,240,1323,8,1331
7,10320,387,0,0,43,43,240,616,9,625
7,10320,688,0,0,43,43,240,875,16,891
7,10320,688,0,0,86,86,120,175,8,183
7,10320,960,0,0,24,24,430,2107,80,2187
7,10320,1075,0,0,43,43,240,231,25,256
7,10320,1720,0,0,40,40,258,2457,43,2500
7,10320,2000,0,0,40,40,258,301,50,351
7,10320,3483,0,0,43,43,240,175,81,256
7,10320,4160,0,0,40,40,258,301,104,405
7,10320,5203,0,0,43,43,240,504,121,625
7,10320,6760,0,0,40,40,258,175,169,344
7,10320,6760,0,0,40,40,258,49,338,387
7,10320,6760,0,0,40,40,258,560,169,729
7,10320,6760,0,0,40,40,258,1680,169,1849
7,10324,10324,0,0,58,58,178,49,356,405
7,10332,42,0,0,42,42,246,287,1,288
7,10332,70,0,0,14,14,738,1512,5,1517
7,10332,7581,0,0,21,21,492,287,361,648
7,10332,9184,0,0,14,14,738,1813,1312,3125
7,10332,9450,0,0,14,14,738,343,2025,2368
7,10336,136,0,0,136,136,76,168,1,169
7,10336,136,0,0,136,136,76,728,1,729
7,10336,816,0,0,136,136,76,343,18,361
7,10336,4896,0,0,136,136,76,133,36,169
7,10336,7752,0,0,136,136,76,112,57,169
7,10340,22,0,0,11,11,940,2205,4,2209
7,10340,141,0,0,47,47,220,343,9,352
7,10340,235,0,0,47,47,220,259,5,264
7,10340,8695,0,0,47,47,220,112,185,297
7,10350,25,0,0,25,25,414,728,1,729
7,10350,25,0,0,25,25,414,896,1,897
7,10350,60,0,0,15,15,690,1211,4,1215
7,10350,115,0,0,115,115,90,161,1,162
7,10350,115,0,0,115,115,90,224,1,225
7,10350,207,0,0,23,23,450,791,9,800
7,10350,920,0,0,115,115,90,567,8,575
7,10350,1035,0,0,15,15,690,1211,69,1280
7,10350,1311,0,0,69,69,150,224,19,243
7,10350,1311,0,0,69,69,150,343,57,400
7,10350,4225,0,0,25,25,414,567,169,736
7,10350,7360,0,0,115,115,90,161,64,225
7,10350,7935,0,0,15,15,690,336,529,865
7,10350,7935,0,0,115,115,90,56,69,125
7,10350,8775,0,0,25,25,414,161,351,512
7,10360,28,0,0,28,28,370,1295,1,1296
7,10360,70,0,0,70,70,148,224,1,225
7,10360,70,0,0,70,70,148,1295,1,1296
7,10360,74,0,0,37,37,280,2205,4,2209
7,10360,756,0,0,28,28,370,1120,27,1147
7,10360,3108,0,0,28,28,370,1715,333,2048
7,10360,3500,0,0,28,28,370,259,125,384
7,10360,8064,0,0,28,28,370,49,576,625
7,10360,9472,0,0,74,74,140,497,128,625
7,10366,71,0,0,71,71,146,511,1,512
7,10368,36,0,0,36,36,288,840,1,841
7,10368,64,0,0,64,64,162,287,1,288
7,10368,288,0,0,96,96,108,343,9,352
7,10368,512,0,0,16,16,648,1183,32,1215
7,10368,1044,0,0,36,36,288,700,29,729
7,10368,6480,0,0,16,16,648,1792,405,2197
7,10368,10368,0,0,36,36,288,49,576,625
7,10370,289,0,0,17,17,610,4375,17,4392
7,10370,289,0,0,17,17,610,5103,17,5120
7,10370,850,0,0,17,17,610,2401,200,2601
7,10370,1088,0,0,17,17,610,7497,128,7625
7,10370,1525,0,0,61,61,170,2023,25,2048
7,10370,2754,0,0,17,17,610,875,162,1037
7,10370,4896,0,0,17,17,610,49,576,625
7,10370,8704,0,0,17,17,610,525,512,1037
7,10370,9333,0,0,17,17,610,896,549,1445
7,10370,10370,0,0,17,17,610,119,610,729
7,10374,133,0,0,133,133,78,168,1,169
7,10374,133,0,0,133,133,78,224,1,225
7,10374,133,0,0,133,133,78,350,1,351
7,10374,133,0,0,133,133,78,728,1,729
7,10374,8125,0,0,13,13,798,399,625,1024
7,10374,8512,0,0,133,133,78,105,64,169
7,10382,8352,0,0,29,29,358,49,576,625
7,10384,88,0,0,88,88,118,224,1,225
7,10384,1298,0,0,118,118,88,189,11,200
7,10384,2950,0,0,118,118,88,49,50,99
7,10384,2950,0,0,118,118,88,231,25,256
7,10384,5632,0,0,88,88,118,49,128,177
7,10384,5664,0,0,118,118,88,77,48,125
7,10384,9558,0,0,118,118,88,175,81,256
7,10384,10384,0,0,88,88,118,7,118,125
7,10384,10384,0,0,118,118,88,49,176,225
7,10400,65,0,0,65,65,160,224,1,225
7,10400,180,0,0,20,20,520,1015,9,1024
7,10400,320,0,0,20,20,520,609,16,625
7,10400,320,0,0,80,80,130,1323,8,1331
7,10400,320,0,0,80,80,130,1617,8,1625
7,10400,640,0,0,20,20,520,1183,32,1215
7,10400,880,0,0,80,80,130,147,22,169
7,10400,880,0,0,80,80,130,189,11,200
7,10400,880,0,0,80,80,130,364,11,375
7,10400,936,0,0,104,104,100,119,9,128
7,10400,936,0,0,104,104,100,280,9,289
7,10400,1040,0,0,80,80,130,350,13,363
7,10400,1160,0,0,20,20,520,567,58,625
7,10400,1300,0,0,20,20,520,6496,65,6561
7,10400,1664,0,0,104,104,100,119,16,135
7,10400,2000,0,0,80,80,130,231,25,256
7,10400,2160,0,0,80,80,130,1183,27,1210
7,10400,2560,0,0,20,20,520,3969,256,4225
7,10400,2560,0,0,80,80,130,1183,32,1215
7,10400,2600,0,0,104,104,100,119,25,144
7,10400,4000,0,0,20,20,520,441,400,841
7,10400,4800,0,0,80,80,130,49,120,169
7,10400,5120,0,0,20,20,520,875,256,1131
7,10400,5220,0,0,20,20,520,364,261,625
7,10400,6480,0,0,80,80,130,175,81,256
7,10400,6760,0,0,20,20,520,49,676,725
7,10400,7040,0,0,80,80,130,49,176,225
7,10400,7488,0,0,26,26,400,49,576,625
7,10400,8424,0,0,104,104,100,119,81,200
7,10400,8424,0,0,104,104,100,175,81,256
7,10400,10000,0,0,80,80,130,91,125,216
7,10400,10000,0,0,80,80,130,847,125,972
7,10400,10000,0,0,80,80,130,1323,250,1573
7,10400,10400,0,0,50,50,208,35,208,243
7,10400,10400,0,0,104,104,100,189,100,289
7,10404,72,0,0,18,18,578,833,8,841
7,10404,408,0,0,51,51,204,721,8,729
7,10404,450,0,0,18,18,578,2023,25,2048
7,10404,2312,0,0,34,34,306,2401,272,2673
7,10404,3264,0,0,102,102,102,189,32,221
7,10404,3468,0,0,102,102,102,49,68,117
7,10406,11,0,0,11,11,946,1848,1,1849
7,10406,3476,0,0,11,11,946,5929,632,6561
7,10406,8019,0,0,11,11,946,602,729,1331
7,10412,137,0,0,137,137,76,168,1,169
7,10412,137,0,0,137,137,76,728,1,729
7,10412,822,0,0,137,137,76,343,18,361
7,10412,4864,0,0,19,19,548,2401,1024,3425
7,10412,4932,0,0,137,137,76,133,36,169
7,10412,7809,0,0,137,137,76,112,57,169
7,10412,10412,0,0,19,19,548,77,548,625
7,10416,108,0,0,12,12,868,1015,9,1024
7,10416,124,0,0,62,62,168,2023,2,2025
7,10416,192,0,0,12,12,868,945,16,961
7,10416,476,0,0,28,28,372,847,17,864
7,10416,558,0,0,62,62,168,280,9,289
7,10416,1792,0,0,28,28,372,833,128,961
7,10416,3132,0,0,12,12,868,700,261,961
7,10416,5222,0,0,14,14,744,651,373,1024
7,10416,6200,0,0,62,62,168,189,100,289
7,10416,7500,0,0,12,12,868,336,625,961
7,10416,7500,0,0,12,12,868,6944,625,7569
7,10428,55,0,0,11,11,948,2128,5,2133
7,10428,79,0,0,79,79,132,1407,1,1408
7,10428,209,0,0,11,11,948,1106,19,1125
7,10428,4345,0,0,11,11,948,1792,395,2187
7,10440,18,0,0,18,18,580,840,1,841
7,10440,45,0,0,45,45,232,728,1,729
7,10440,60,0,0,60,60,174,231,1,232
7,10440,87,0,0,87,87,120,224,1,225
7,10440,108,0,0,12,12,870,1015,9,1024
7,10440,108,0,0,18,18,580,2401,24,2425
7,10440,116,0,0,116,116,90,161,1,162
7,10440,116,0,0,116,116,90,224,1,225
7,10440,522,0,0,18,18,580,700,29,729
7,10440,696,0,0,87,87,120,175,8,183
7,10440,900,0,0,18,18,580,679,50,729
7,10440,928,0,0,116,116,90,567,8,575
7,10440,972,0,0,12,12,870,2401,324,2725
7,10440,1308,0,0,12,12,870,2240,109,2349
7,10440,1308,0,0,12,12,870,5075,109,5184
7,10440,1746,0,0,18,18,580,875,97,972
7,10440,2250,0,0,18,18,580,2688,125,2813
7,10440,2916,0,0,18,18,580,679,162,841
7,10440,3132,0,0,12,12,870,763,261,1024
7,10440,5184,0,0,18,18,580,49,576,625
7,10440,7424,0,0,116,116,90,161,64,225
7,10440,7605,0,0,45,45,232,672,169,841
7,10440,8004,0,0,116,116,90,56,69,125
7,10450,55,0,0,55,55,190,224,1,225
7,10450,55,0,0,55,55,190,399,1,400
7,10450,76,0,0,19,19,550,1323,8,1331
7,10450,342,0,0,19,19,550,539,36,575
7,10450,475,0,0,25,25,418,1925,19,1944
7,10450,475,0,0,25,25,418,2541,19,2560
7,10450,825,0,0,25,25,418,2527,33,2560
7,10450,2375,0,0,19,19,550,847,125,972
7,10450,3520,0,0,55,55,190,665,64,729
7,10450,4598,0,0,19,19,550,245,484,729
7,10450,6992,0,0,19,19,550,847,368,1215
7,10450,10051,0,0,19,19,550,175,529,704
7,10450,10051,0,0,19,19,550,560,529,1089
7,10450,10051,0,0,19,19,550,5103,529,5632
7,10452,13,0,0,13,13,804,1519,2,1521
7,10452,134,0,0,134,134,78,168,1,169
7,10452,134,0,0,134,134,78,224,1,225
7,10452,134,0,0,134,134,78,350,1,351
7,10452,134,0,0,134,134,78,728,1,729
7,10452,2106,0,0,13,13,804,637,324,961
7,10452,5427,0,0,67,67,156,1183,81,1264
7,10452,6318,0,0,26,26,402,343,729,1072
7,10452,6448,0,0,13,13,804,1701,496,2197
7,10452,8576,0,0,134,134,78,105,64,169
7,10458,21,0,0,21,21,498,2240,1,2241
7,10458,6048,0,0,21,21,498,49,576,625
7,10472,14,0,0,14,14,748,1155,1,1156
7,10472,14,0,0,14,14,748,1372,3,1375
7,10472,14,0,0,14,14,748,3024,1,3025
7,10472,22,0,0,11,11,952,2597,4,2601
7,10472,88,0,0,44,44,238,2023,2,2025
7,10472,280,0,0,14,14,748,847,20,867
7,10472,396,0,0,44,44,238,280,9,289
7,10472,700,0,0,14,14,748,2401,200,2601
7,10472,1309,0,0,119,119,88,189,11,200
7,10472,1750,0,0,14,14,748,847,125,972
7,10472,2142,0,0,14,14,748,847,153,1000
7,10472,2975,0,0,119,119,88,49,50,99
7,10472,2975,0,0,119,119,88,231,25,256
7,10472,4400,0,0,44,44,238,189,100,289
7,10472,5712,0,0,119,119,88,77,48,125
7,10472,8316,0,0,14,14,748,343,1782,2125
7,10472,9639,0,0,119,119,88,175,81,256
7,10472,10472,0,0,119,119,88,49,176,225
7,10476,291,0,0,97,97,108,343,9,352
7,10476,5184,0,0,18,18,582,4753,576,5329
7,10478,775,0,0,31,31,338,2023,25,2048
7,10480,120,0,0,40,40,262,343,9,352
7,10488,138,0,0,138,138,76,168,1,169
7,10488,138,0,0,138,138,76,728,1,729
7,10488,184,0,0,46,46,228,525,4,529
7,10488,276,0,0,46,46,228,343,18,361
7,10488,513,0,0,57,57,184,686,27,713
7,10488,828,0,0,138,138,76,343,18,361
7,10488,1150,0,0,46,46,228,336,25,361
7,10488,1150,0,0,46,46,228,504,25,529
7,10488,1242,0,0,46,46,228,448,27,475
7,10488,2116,0,0,46,46,228,315,46,361
7,10488,3726,0,0,46,46,228,175,81,256
7,10488,3726,0,0,46,46,228,280,81,361
7,10488,3726,0,0,46,46,228,448,81,529
7,10488,4370,0,0,46,46,228,161,95,256
7,10488,4617,0,0,57,57,184,448,81,529
7,10488,4968,0,0,138,138,76,133,36,169
7,10488,5750,0,0,46,46,228,483,125,608
7,10488,7866,0,0,138,138,76,112,57,169
7,10488,9200,0,0,46,46,228,161,200,361
7,10492,43,0,0,43,43,244,287,1,288
7,10494,212,0,0,53,53,198,1323,8,1331
7,10494,477,0,0,53,53,198,616,9,625
7,10494,848,0,0,53,53,198,875,16,891
7,10494,1325,0,0,53,53,198,231,25,256
7,10494,4293,0,0,53,53,198,175,81,256
7,10494,4664,0,0,53,53,198,49,176,225
7,10494,6413,0,0,53,53,198,504,121,625
7,10496,32,0,0,32,32,328,1372,3,1375
7,10496,32,0,0,32,32,328,1680,1,1681
7,10496,32,0,0,32,32,328,3024,1,3025
7,10496,256,0,0,32,32,328,2009,16,2025
7,10496,864,0,0,32,32,328,875,27,902
7,10496,1152,0,0,32,32,328,343,108,451
7,10496,2048,0,0,32,32,328,1225,128,1353
7,10496,3168,0,0,32,32,328,343,297,640
7,10496,4000,0,0,32,32,328,847,125,972
7,10496,5120,0,0,32,32,328,49,320,369
7,10496,7200,0,0,32,32,328,287,225,512
7,10496,9216,0,0,32,32,328,49,576,625
7,10496,10496,0,0,32,32,328,35,328,363
7,10496,10496,0,0,32,32,328,77,328,405
7,10500,945,0,0,105,105,100,119,9,128
7,10500,945,0,0,105,105,100,280,9,289
7,10500,1330,0,0,70,70,150,224,19,243
7,10500,1330,0,0,70,70,150,343,57,400
7,10500,1680,0,0,105,105,100,119,16,135
7,10500,1920,0,0,15,15,700,3969,256,4225
7,10500,2625,0,0,105,105,100,119,25,144
7,10500,7168,0,0,14,14,750,245,1024,1269
7,10500,8505,0,0,105,105,100,119,81,200
7,10500,8505,0,0,105,105,100,175,81,256
7,10500,9375,0,0,15,15,700,896,625,1521
7,10500,9600,0,0,75,75,140,497,128,625
7,10500,10080,0,0,35,35,300,49,576,625
7,10500,10500,0,0,105,105,100,189,100,289
7,10502,89,0,0,89,89,118,224,1,225
7,10502,5696,0,0,89,89,118,49,128,177
7,10502,10502,0,0,59,59,178,49,356,405
7,10502,10502,0,0,89,89,118,7,118,125
7,10504,1313,0,0,13,13,808,3024,101,3125
7,10506,272,0,0,17,17,618,945,16,961
7,10506,2448,0,0,17,17,618,343,432,775
7,10506,3296,0,0,103,103,102,189,32,221
7,10506,3502,0,0,103,103,102,49,68,117
7,10506,4080,0,0,17,17,618,721,240,961
7,10506,10506,0,0,17,17,618,7,618,625
7,10508,71,0,0,71,71,148,224,1,225
7,10508,71,0,0,71,71,148,1295,1,1296
7,10512,72,0,0,72,72,146,511,1,512
7,10512,96,0,0,24,24,438,1323,8,1331
7,10512,96,0,0,24,24,438,5621,4,5625
7,10512,3000,0,0,24,24,438,847,125,972
7,10512,5808,0,0,24,24,438,245,484,729
7,10516,1782,0,0,22,22,478,875,81,956
7,10516,8250,0,0,22,22,478,1673,375,2048
7,10528,32,0,0,16,16,658,2205,4,2209
7,10528,256,0,0,16,16,658,875,16,891
7,10530,60,0,0,15,15,702,1323,8,1331
7,10530,65,0,0,65,65,162,287,1,288
7,10530,117,0,0,117,117,90,161,1,162
7,10530,117,0,0,117,117,90,224,1,225
7,10530,135,0,0,45,45,234,413,3,416
7,10530,135,0,0,135,135,78,168,1,169
7,10530,135,0,0,135,135,78,224,1,225
7,10530,135,0,0,135,135,78,350,1,351
7,10530,135,0,0,135,135,78,728,1,729
7,10530,324,0,0,81,81,130,1323,8,1331
7,10530,324,0,0,81,81,130,1617,8,1625
7,10530,891,0,0,81,81,130,147,22,169
7,10530,891,0,0,81,81,130,189,11,200
7,10530,891,0,0,81,81,130,364,11,375
7,10530,936,0,0,117,117,90,567,8,575
7,10530,975,0,0,39,39,270,2023,25,2048
7,10530,1053,0,0,81,81,130,350,13,363
7,10530,2025,0,0,81,81,130,231,25,256
7,10530,2187,0,0,81,81,130,1183,27,1210
7,10530,2592,0,0,81,81,130,1183,32,1215
7,10530,2655,0,0,45,45,234,448,59,507
7,10530,4860,0,0,81,81,130,49,120,169
7,10530,6561,0,0,81,81,130,175,81,256
7,10530,7128,0,0,81,81,130,49,176,225
7,10530,7488,0,0,117,117,90,161,64,225
7,10530,8073,0,0,117,117,90,56,69,125
7,10530,8640,0,0,135,135,78,105,64,169
7,10530,9984,0,0,39,39,270,119,256,375
7,10530,10125,0,0,81,81,130,91,125,216
7,10530,10125,0,0,81,81,130,847,125,972
7,10530,10125,0,0,81,81,130,1323,250,1573
7,10540,124,0,0,31,31,340,357,4,361
7,10540,186,0,0,31,31,340,343,18,361
7,10540,544,0,0,34,34,310,945,16,961
7,10540,775,0,0,31,31,340,336,25,361
7,10540,775,0,0,31,31,340,2023,25,2048
7,10540,837,0,0,31,31,340,448,27,475
7,10540,850,0,0,34,34,310,378,25,403
7,10540,850,0,0,34,34,310,651,25,676
7,10540,1088,0,0,34,34,310,1183,32,1215
7,10540,1550,0,0,62,62,170,2023,25,2048
7,10540,2210,0,0,34,34,310,896,65,961
7,10540,2356,0,0,31,31,340,1225,152,1377
7,10540,2511,0,0,31,31,340,280,81,361
7,10540,2511,0,0,31,31,340,1372,243,1615
7,10540,3400,0,0,34,34,310,637,200,837
7,10540,3875,0,0,31,31,340,833,250,1083
7,10540,4352,0,0,34,34,310,147,256,403
7,10540,4896,0,0,34,34,310,343,432,775
7,10540,7936,0,0,31,31,340,105,256,361
7,10540,7936,0,0,31,31,340,119,256,375
7,10540,8432,0,0,31,31,340,133,272,405
7,10540,10540,0,0,31,31,340,21,340,361
7,10540,10540,0,0,31,31,340,49,680,729
7,10560,11,0,0,11,11,960,1183,1,1184
7,10560,11,0,0,11,11,960,1295,1,1296
7,10560,11,0,0,11,11,960,2401,4,2405
7,10560,11,0,0,11,11,960,4095,1,4096
7,10560,32,0,0,32,32,330,1372,3,1375
7,10560,32,0,0,32,32,330,2240,1,2241
7,10560,32,0,0,32,32,330,3024,1,3025
7,10560,33,0,0,11,11,960,10976,9,10985
7,10560,64,0,0,16,16,660,1323,8,1331
7,10560,66,0,0,66,66,160,224,1,225
7,10560,80,0,0,80,80,132,1407,1,1408
7,10560,88,0,0,11,11,960,3367,8,3375
7,10560,88,0,0,88,88,120,224,1,225
7,10560,96,0,0,32,32,330,343,9,352
7,10560,120,0,0,30,30,352,1323,8,1331
7,10560,144,0,0,48,48,220,343,9,352
7,10560,176,0,0,44,44,240,1323,8,1331
7,10560,240,0,0,48,48,220,259,5,264
7,10560,256,0,0,16,16,660,875,16,891
7,10560,396,0,0,44,44,240,616,9,625
7,10560,704,0,0,11,11,960,6125,128,6253
7,10560,704,0,0,44,44,240,875,16,891
7,10560,704,0,0,88,88,120,175,8,183
7,10560,768,0,0,32,32,330,343,72,415
7,10560,768,0,0,32,32,330,581,24,605
7,10560,1100,0,0,44,44,240,231,25,256
7,10560,1320,0,0,120,120,88,189,11,200
7,10560,1600,0,0,20,20,528,343,240,583
7,10560,1628,0,0,11,11,960,1225,296,1521
7,10560,1859,0,0,11,11,960,2331,169,2500
7,10560,2112,0,0,11,11,960,1813,384,2197
7,10560,3000,0,0,120,120,88,49,50,99
7,10560,3000,0,0,120,120,88,231,25,256
7,10560,3168,0,0,32,32,330,343,297,640
7,10560,3564,0,0,44,44,240,175,81,256
7,10560,3872,0,0,16,16,660,245,484,729
7,10560,4400,0,0,16,16,660,2317,275,2592
7,10560,5280,0,0,20,20,528,2597,528,3125
7,10560,5296,0,0,16,16,660,560,331,891
7,10560,5296,0,0,16,16,660,693,331,1024
7,10560,5296,0,0,16,16,660,1694,331,2025
7,10560,5310,0,0,30,30,352,847,177,1024
7,10560,5324,0,0,44,44,240,504,121,625
7,10560,5346,0,0,11,11,960,1225,972,2197
7,10560,5760,0,0,120,120,88,77,48,125
7,10560,6528,0,0,24,24,440,1925,272,2197
7,10560,7425,0,0,11,11,960,343,2025,2368
7,10560,8019,0,0,11,11,960,455,729,1184
7,10560,8019,0,0,11,11,960,896,729,1625
7,10560,8019,0,0,11,11,960,3367,729,4096
7,10560,8880,0,0,48,48,220,112,185,297
7,10560,9216,0,0,32,32,330,49,576,625
7,10560,9720,0,0,120,120,88,175,81,256
7,10560,10560,0,0,120,120,88,49,176,225
7,10564,139,0,0,139,139,76,168,1,169
7,10564,139,0,0,139,139,76,728,1,729
7,10564,834,0,0,139,139,76,343,18,361
7,10564,5004,0,0,139,139,76,133,36,169
7,10564,7923,0,0,139,139,76,112,57,169
7,10574,17,0,0,17,17,622,728,1,729
7,10578,41,0,0,41,41,258,350,1,351
7,10578,41,0,0,41,41,258,728,1,729
7,10578,43,0,0,43,43,246,287,1,288
7,10578,1763,0,0,41,41,258,2457,43,2500
7,10578,2050,0,0,41,41,258,301,50,351
7,10578,4264,0,0,41,41,258,301,104,405
7,10578,6929,0,0,41,41,258,175,169,344
7,10578,6929,0,0,41,41,258,49,338,387
7,10578,6929,0,0,41,41,258,560,169,729
7,10578,6929,0,0,41,41,258,1680,169,1849
7,10580,115,0,0,23,23,460,616,5,621
7,10582,37,0,0,37,37,286,728,1,729
7,10582,52,0,0,13,13,814,1323,8,1331
7,10582,1664,0,0,13,13,814,833,256,1089
7,10582,3757,0,0,13,13,814,2079,289,2368
7,10582,7696,0,0,13,13,814,147,1184,1331
7,10584,126,0,0,63,63,168,2023,2,2025
7,10584,294,0,0,98,98,108,343,9,352
7,10584,567,0,0,63,63,168,280,9,289
7,10584,924,0,0,21,21,504,441,88,529
7,10584,3186,0,0,18,18,588,448,177,625
7,10584,6300,0,0,63,63,168,189,100,289
