U,d,sigma1,sigma2,sigma3,r,t,e,a,b,n
2,3003,1,0,0,1,1,3003,4374,1,4375
2,3003,1,0,0,4,1,3003,3024,1,3025
2,3003,7,0,0,1,1,3003,14976,49,15025
2,3003,91,0,0,1,1,3003,8192,1183,9375
2,3003,297,0,0,1,1,3003,512,2673,3185
2,3003,539,0,0,1,1,3003,16000,3773,19773
2,3003,1803,0,0,1,1,3003,520,5409,5929
2,3003,2197,0,0,1,1,3003,2178,2197,4375
2,3013,131,0,0,4,1,3013,4096,393,4489
2,3015,1,0,0,1,1,3015,4374,1,4375
2,3015,603,0,0,1,1,3015,13792,3015,16807
2,3015,625,0,0,1,1,3015,4802,625,5427
2,3015,2187,0,0,1,1,3015,938,2187,3125
2,3043,1,0,0,1,1,3043,4374,1,4375
2,3043,3,0,0,1,1,3043,14848,27,14875
2,3043,49,0,0,1,1,3043,14450,49,14499
2,3043,243,0,0,1,1,3043,10382,243,10625
2,3043,289,0,0,1,1,3043,14210,289,14499
2,3043,3043,0,0,1,1,3043,1682,3043,4725
2,3045,1,0,0,1,1,3045,4374,1,4375
2,3045,1,0,0,8,1,3045,7424,1,7425
2,3045,1215,0,0,1,1,3045,3872,6075,9947
2,3045,2523,0,0,1,1,3045,1250,2523,3773
2,3055,125,0,0,1,1,3055,13122,125,13247
2,3055,1019,0,0,1,1,3055,2106,1019,3125
2,3055,2187,0,0,1,1,3055,2038,2187,4225
2,3073,1,0,0,1,1,3073,4374,1,4375
2,3075,1025,0,0,4,1,3075,3888,1025,4913
2,3085,1,0,0,1,1,3085,4374,1,4375
2,3093,1031,0,0,4,1,3093,9904,1031,10935
2,3105,375,0,0,1,1,3105,512,3375,3887
2,3105,1195,0,0,1,1,3105,4394,1195,5589
2,3109,3109,0,0,2,1,3109,612,3109,3721
2,3115,1,0,0,1,1,3115,4374,1,4375
2,3115,1039,0,0,1,1,3115,8,3117,3125
2,3115,2187,0,0,1,1,3115,712,6561,7273
2,3133,65,0,0,1,1,3133,6144,715,6859
2,3133,75,0,0,1,1,3133,25064,225,25289
2,3133,1331,0,0,1,1,3133,36632,3993,40625
2,3143,1,0,0,4,1,3143,4624,1,4625
2,3145,1,0,0,4,1,3145,4624,1,4625
2,3145,925,0,0,1,1,3145,288,4625,4913
2,3157,567,0,0,1,1,3157,4394,567,4961
2,3183,1,0,0,1,1,3183,4374,1,4375
2,3183,91,0,0,1,1,3183,8192,1183,9375
2,3183,2025,0,0,1,1,3183,1352,6075,7427
2,3195,1,0,0,1,1,3195,5750,1,5751
2,3195,2085,0,0,1,1,3195,10082,2085,12167
2,3199,1,0,0,4,1,3199,4752,1,4753
2,3211,1,0,0,2,1,3211,31212,1,31213
2,3211,9,0,0,1,1,3211,60928,81,61009
2,3211,637,0,0,1,1,3211,8192,8281,16473
2,3213,1,0,0,1,1,3213,4374,1,4375
2,3213,2023,0,0,1,1,3213,3200,14161,17361
2,3225,1,0,0,1,1,3225,4374,1,4375
2,3235,3235,0,0,4,1,3235,1328,3235,4563
2,3241,343,0,0,1,1,3241,4418,343,4761
2,3243,1,0,0,1,1,3243,64000,9,64009
2,3243,1,0,0,1,1,3243,71874,1,71875
2,3243,27,0,0,1,1,3243,5632,243,5875
2,3243,529,0,0,1,1,3243,5346,529,5875
2,3243,529,0,0,1,1,3243,5546,529,6075
2,3243,575,0,0,1,1,3243,512,5175,5687
2,3243,1035,0,0,1,1,3243,376,3105,3481
2,3243,1875,0,0,1,1,3243,70688,9375,80063
2,3243,2209,0,0,1,1,3243,1058,2209,3267
2,3243,3125,0,0,1,1,3243,43424,15625,59049
2,3245,605,0,0,1,1,3245,1888,3025,4913
2,3253,1,0,0,1,1,3253,4374,1,4375
2,3255,1,0,0,1,1,3255,4374,1,4375
2,3255,125,0,0,1,1,3255,100842,125,100967
2,3283,1,0,0,1,1,3283,4374,1,4375
2,3283,81,0,0,1,1,3283,42632,243,42875
2,3283,125,0,0,1,1,3283,4704,625,5329
2,3283,343,0,0,1,1,3283,9782,343,10125
2,3283,365,0,0,1,1,3283,2144,1825,3969
2,3283,469,0,0,2,1,3283,4860,469,5329
2,3283,625,0,0,1,1,3283,4802,625,5427
2,3285,1,0,0,1,1,3285,101250,1,101251
2,3285,1825,0,0,1,1,3285,1384,5475,6859
2,3287,143,0,0,1,1,3287,8192,1859,10051
2,3295,1,0,0,1,1,3295,4374,1,4375
2,3313,3313,0,0,1,1,3313,1250,3313,4563
2,3315,1,0,0,4,1,3315,26000,1,26001
2,3315,3,0,0,1,1,3315,4216,9,4225
2,3315,125,0,0,1,1,3315,9826,125,9951
2,3315,425,0,0,1,1,3315,5408,2125,7533
2,3315,675,0,0,1,1,3315,26536,2025,28561
2,3315,2889,0,0,1,1,3315,2560,26001,28561
2,3325,1,0,0,1,1,3325,4374,1,4375
2,3325,2375,0,0,1,1,3325,32,11875,11907
2,3333,1,0,0,1,1,3333,64000,9,64009
2,3333,1,0,0,1,1,3333,71874,1,71875
2,3333,1,0,0,8,1,3333,7424,1,7425
2,3333,27,0,0,1,1,3333,10120,81,10201
2,3333,529,0,0,1,1,3333,864,2645,3509
2,3333,841,0,0,1,1,3333,33534,841,34375
2,3333,841,0,0,1,1,3333,59994,841,60835
2,3333,2929,0,0,1,1,3333,3726,2929,6655
2,3339,2809,0,0,1,1,3339,4394,2809,7203
2,3355,1,0,0,4,1,3355,14640,1,14641
2,3365,875,0,0,1,1,3365,128,6125,6253
2,3379,3379,0,0,2,1,3379,324,3379,3703
2,3381,343,0,0,1,1,3381,2176,2401,4577
2,3393,1,0,0,1,1,3393,4374,1,4375
2,3393,1,0,0,2,1,3393,4900,1,4901
2,3393,9,0,0,1,1,3393,21866,9,21875
2,3393,91,0,0,1,1,3393,8192,1183,9375
2,3393,125,0,0,1,1,3393,27936,625,28561
2,3393,135,0,0,1,1,3393,8192,1755,9947
2,3393,243,0,0,1,1,3393,3200,1701,4901
2,3393,507,0,0,1,1,3393,512,4563,5075
2,3393,637,0,0,1,1,3393,12416,4459,16875
2,3393,1183,0,0,1,1,3393,8192,15379,23571
2,3393,2197,0,0,1,1,3393,4850,2197,7047
2,3393,2813,0,0,1,1,3393,1750,2813,4563
2,3393,3159,0,0,1,1,3393,6250,3159,9409
2,3415,1,0,0,4,1,3415,18224,1,18225
2,3415,3415,0,0,1,1,3415,8978,3415,12393
2,3421,1,0,0,1,1,3421,7986,1,7987
2,3423,1,0,0,1,1,3423,4374,1,4375
2,3423,125,0,0,1,1,3423,18144,625,18769
2,3435,1,0,0,1,1,3435,4374,1,4375
2,3445,27,0,0,1,1,3445,40598,27,40625
2,3463,1,0,0,1,1,3463,4374,1,4375
2,3463,3463,0,0,1,1,3463,2662,3463,6125
2,3465,1,0,0,1,1,3465,4374,1,4375
2,3483,729,0,0,1,1,3483,22016,6561,28577
2,3483,1215,0,0,1,1,3483,3698,1215,4913
2,3493,1,0,0,1,1,3493,4374,1,4375
2,6006,2,0,0,2,2,3003,4374,1,4375
2,6006,2,0,0,8,2,3003,3024,1,3025
2,6006,14,0,0,2,2,3003,14976,49,15025
2,6006,182,0,0,2,2,3003,8192,1183,9375
2,6006,594,0,0,2,2,3003,512,2673,3185
2,6006,1078,0,0,2,2,3003,16000,3773,19773
2,6006,3606,0,0,2,2,3003,520,5409,5929
2,6006,4394,0,0,2,2,3003,2178,2197,4375
2,6026,262,0,0,8,2,3013,4096,393,4489
2,6030,2,0,0,2,2,3015,4374,1,4375
2,6030,1206,0,0,2,2,3015,13792,3015,16807
2,6030,1250,0,0,2,2,3015,4802,625,5427
2,6030,4374,0,0,2,2,3015,938,2187,3125
2,6086,2,0,0,2,2,3043,4374,1,4375
2,6086,6,0,0,2,2,3043,14848,27,14875
2,6086,98,0,0,2,2,3043,14450,49,14499
2,6086,486,0,0,2,2,3043,10382,243,10625
2,6086,578,0,0,2,2,3043,14210,289,14499
2,6086,6086,0,0,2,2,3043,1682,3043,4725
2,6090,2,0,0,2,2,3045,4374,1,4375
2,6090,2,0,0,16,2,3045,7424,1,7425
2,6090,2430,0,0,2,2,3045,3872,6075,9947
2,6090,5046,0,0,2,2,3045,1250,2523,3773
2,6110,250,0,0,2,2,3055,13122,125,13247
2,6110,2038,0,0,2,2,3055,2106,1019,3125
2,6110,4374,0,0,2,2,3055,2038,2187,4225
2,6146,2,0,0,2,2,3073,4374,1,4375
2,6150,2050,0,0,8,2,3075,3888,1025,4913
2,6170,2,0,0,2,2,3085,4374,1,4375
2,6186,2062,0,0,8,2,3093,9904,1031,10935
2,6210,750,0,0,2,2,3105,512,3375,3887
2,6210,2390,0,0,2,2,3105,4394,1195,5589
2,6218,6218,0,0,4,2,3109,612,3109,3721
2,6230,2,0,0,2,2,3115,4374,1,4375
2,6230,2078,0,0,2,2,3115,8,3117,3125
2,6230,4374,0,0,2,2,3115,712,6561,7273
2,6266,130,0,0,2,2,3133,6144,715,6859
2,6266,150,0,0,2,2,3133,25064,225,25289
2,6266,2662,0,0,2,2,3133,36632,3993,40625
2,6286,2,0,0,8,2,3143,4624,1,4625
2,6290,2,0,0,8,2,3145,4624,1,4625
2,6290,1850,0,0,2,2,3145,288,4625,4913
2,6314,1134,0,0,2,2,3157,4394,567,4961
2,6366,2,0,0,2,2,3183,4374,1,4375
2,6366,182,0,0,2,2,3183,8192,1183,9375
2,6366,4050,0,0,2,2,3183,1352,6075,7427
2,6390,2,0,0,2,2,3195,5750,1,5751
2,6390,4170,0,0,2,2,3195,10082,2085,12167
2,6398,2,0,0,8,2,3199,4752,1,4753
2,6422,2,0,0,4,2,3211,31212,1,31213
2,6422,18,0,0,2,2,3211,60928,81,61009
2,6422,1274,0,0,2,2,3211,8192,8281,16473
2,6426,2,0,0,2,2,3213,4374,1,4375
2,6426,4046,0,0,2,2,3213,3200,14161,17361
2,6450,2,0,0,2,2,3225,4374,1,4375
2,6470,6470,0,0,8,2,3235,1328,3235,4563
2,6482,686,0,0,2,2,3241,4418,343,4761
2,6486,2,0,0,2,2,3243,64000,9,64009
2,6486,2,0,0,2,2,3243,71874,1,71875
2,6486,54,0,0,2,2,3243,5632,243,5875
2,6486,1058,0,0,2,2,3243,5346,529,5875
2,6486,1058,0,0,2,2,3243,5546,529,6075
2,6486,1150,0,0,2,2,3243,512,5175,5687
2,6486,2070,0,0,2,2,3243,376,3105,3481
2,6486,3750,0,0,2,2,3243,70688,9375,80063
2,6486,4418,0,0,2,2,3243,1058,2209,3267
2,6486,6250,0,0,2,2,3243,43424,15625,59049
2,6490,1210,0,0,2,2,3245,1888,3025,4913
2,6506,2,0,0,2,2,3253,4374,1,4375
2,6510,2,0,0,2,2,3255,4374,1,4375
2,6510,250,0,0,2,2,3255,100842,125,100967
2,6566,2,0,0,2,2,3283,4374,1,4375
2,6566,162,0,0,2,2,3283,42632,243,42875
2,6566,250,0,0,2,2,3283,4704,625,5329
2,6566,686,0,0,2,2,3283,9782,343,10125
2,6566,730,0,0,2,2,3283,2144,1825,3969
2,6566,938,0,0,4,2,3283,4860,469,5329
2,6566,1250,0,0,2,2,3283,4802,625,5427
2,6570,2,0,0,2,2,3285,101250,1,101251
2,6570,3650,0,0,2,2,3285,1384,5475,6859
2,6574,286,0,0,2,2,3287,8192,1859,10051
2,6590,2,0,0,2,2,3295,4374,1,4375
2,6626,6626,0,0,2,2,3313,1250,3313,4563
2,6630,2,0,0,8,2,3315,26000,1,26001
2,6630,6,0,0,2,2,3315,4216,9,4225
2,6630,250,0,0,2,2,3315,9826,125,9951
2,6630,850,0,0,2,2,3315,5408,2125,7533
2,6630,1350,0,0,2,2,3315,26536,2025,28561
2,6630,5778,0,0,2,2,3315,2560,26001,28561
2,6650,2,0,0,2,2,3325,4374,1,4375
2,6650,4750,0,0,2,2,3325,32,11875,11907
2,6666,2,0,0,2,2,3333,64000,9,64009
2,6666,2,0,0,2,2,3333,71874,1,71875
2,6666,2,0,0,16,2,3333,7424,1,7425
2,6666,54,0,0,2,2,3333,10120,81,10201
2,6666,1058,0,0,2,2,3333,864,2645,3509
2,6666,1682,0,0,2,2,3333,33534,841,34375
2,6666,1682,0,0,2,2,3333,59994,841,60835
2,6666,5858,0,0,2,2,3333,3726,2929,6655
2,6678,5618,0,0,2,2,3339,4394,2809,7203
2,6710,2,0,0,8,2,3355,14640,1,14641
2,6730,1750,0,0,2,2,3365,128,6125,6253
2,6758,6758,0,0,4,2,3379,324,3379,3703
2,6762,686,0,0,2,2,3381,2176,2401,4577
2,6786,2,0,0,2,2,3393,4374,1,4375
2,6786,2,0,0,4,2,3393,4900,1,4901
2,6786,18,0,0,2,2,3393,21866,9,21875
2,6786,182,0,0,2,2,3393,8192,1183,9375
2,6786,250,0,0,2,2,3393,27936,625,28561
2,6786,270,0,0,2,2,3393,8192,1755,9947
2,6786,486,0,0,2,2,3393,3200,1701,4901
2,6786,1014,0,0,2,2,3393,512,4563,5075
2,6786,1274,0,0,2,2,3393,12416,4459,16875
2,6786,2366,0,0,2,2,3393,8192,15379,23571
2,6786,4394,0,0,2,2,3393,4850,2197,7047
2,6786,5626,0,0,2,2,3393,1750,2813,4563
2,6786,6318,0,0,2,2,3393,6250,3159,9409
2,6830,2,0,0,8,2,3415,18224,1,18225
2,6830,6830,0,0,2,2,3415,8978,3415,12393
2,6842,2,0,0,2,2,3421,7986,1,7987
2,6846,2,0,0,2,2,3423,4374,1,4375
2,6846,250,0,0,2,2,3423,18144,625,18769
2,6870,2,0,0,2,2,3435,4374,1,4375
2,6890,54,0,0,2,2,3445,40598,27,40625
2,6926,2,0,0,2,2,3463,4374,1,4375
2,6926,6926,0,0,2,2,3463,2662,3463,6125
2,6930,2,0,0,2,2,3465,4374,1,4375
2,6966,1458,0,0,2,2,3483,22016,6561,28577
2,6966,2430,0,0,2,2,3483,3698,1215,4913
2,6986,2,0,0,2,2,3493,4374,1,4375
2,9009,3,0,0,3,3,3003,4374,1,4375
2,9009,3,0,0,12,3,3003,3024,1,3025
2,9009,21,0,0,3,3,3003,14976,49,15025
2,9009,273,0,0,3,3,3003,8192,1183,9375
2,9009,891,0,0,3,3,3003,512,2673,3185
2,9009,1617,0,0,3,3,3003,16000,3773,19773
2,9009,5409,0,0,3,3,3003,520,5409,5929
2,9009,6591,0,0,3,3,3003,2178,2197,4375
2,9039,393,0,0,12,3,3013,4096,393,4489
2,9045,3,0,0,3,3,3015,4374,1,4375
2,9045,1809,0,0,3,3,3015,13792,3015,16807
2,9045,1875,0,0,3,3,3015,4802,625,5427
2,9045,6561,0,0,3,3,3015,938,2187,3125
2,9129,3,0,0,3,3,3043,4374,1,4375
2,9129,9,0,0,3,3,3043,14848,27,14875
2,9129,147,0,0,3,3,3043,14450,49,14499
2,9129,729,0,0,3,3,3043,10382,243,10625
2,9129,867,0,0,3,3,3043,14210,289,14499
2,9129,9129,0,0,3,3,3043,1682,3043,4725
2,9135,3,0,0,3,3,3045,4374,1,4375
2,9135,3,0,0,24,3,3045,7424,1,7425
2,9135,3645,0,0,3,3,3045,3872,6075,9947
2,9135,7569,0,0,3,3,3045,1250,2523,3773
2,9165,375,0,0,3,3,3055,13122,125,13247
2,9165,3057,0,0,3,3,3055,2106,1019,3125
2,9165,6561,0,0,3,3,3055,2038,2187,4225
2,9219,3,0,0,3,3,3073,4374,1,4375
2,9225,3075,0,0,12,3,3075,3888,1025,4913
2,9255,3,0,0,3,3,3085,4374,1,4375
2,9279,3093,0,0,12,3,3093,9904,1031,10935
2,9315,1125,0,0,3,3,3105,512,3375,3887
2,9315,3585,0,0,3,3,3105,4394,1195,5589
2,9327,9327,0,0,6,3,3109,612,3109,3721
2,9345,3,0,0,3,3,3115,4374,1,4375
2,9345,3117,0,0,3,3,3115,8,3117,3125
2,9345,6561,0,0,3,3,3115,712,6561,7273
2,9399,195,0,0,3,3,3133,6144,715,6859
2,9399,225,0,0,3,3,3133,25064,225,25289
2,9399,3993,0,0,3,3,3133,36632,3993,40625
2,9429,3,0,0,12,3,3143,4624,1,4625
2,9435,3,0,0,12,3,3145,4624,1,4625
2,9435,2775,0,0,3,3,3145,288,4625,4913
2,9471,1701,0,0,3,3,3157,4394,567,4961
2,9549,3,0,0,3,3,3183,4374,1,4375
2,9549,273,0,0,3,3,3183,8192,1183,9375
2,9549,6075,0,0,3,3,3183,1352,6075,7427
2,9585,3,0,0,3,3,3195,5750,1,5751
2,9585,6255,0,0,3,3,3195,10082,2085,12167
2,9597,3,0,0,12,3,3199,4752,1,4753
2,9633,3,0,0,6,3,3211,31212,1,31213
2,9633,27,0,0,3,3,3211,60928,81,61009
2,9633,1911,0,0,3,3,3211,8192,8281,16473
2,9639,3,0,0,3,3,3213,4374,1,4375
2,9639,6069,0,0,3,3,3213,3200,14161,17361
2,9675,3,0,0,3,3,3225,4374,1,4375
2,9705,9705,0,0,12,3,3235,1328,3235,4563
2,9723,1029,0,0,3,3,3241,4418,343,4761
2,9729,3,0,0,3,3,3243,64000,9,64009
2,9729,3,0,0,3,3,3243,71874,1,71875
2,9729,81,0,0,3,3,3243,5632,243,5875
2,9729,1587,0,0,3,3,3243,5346,529,5875
2,9729,1587,0,0,3,3,3243,5546,529,6075
2,9729,1725,0,0,3,3,3243,512,5175,5687
2,9729,3105,0,0,3,3,3243,376,3105,3481
2,9729,5625,0,0,3,3,3243,70688,9375,80063
2,9729,6627,0,0,3,3,3243,1058,2209,3267
2,9729,9375,0,0,3,3,3243,43424,15625,59049
2,9735,1815,0,0,3,3,3245,1888,3025,4913
2,9759,3,0,0,3,3,3253,4374,1,4375
2,9765,3,0,0,3,3,3255,4374,1,4375
2,9765,375,0,0,3,3,3255,100842,125,100967
2,9849,3,0,0,3,3,3283,4374,1,4375
2,9849,243,0,0,3,3,3283,42632,243,42875
2,9849,375,0,0,3,3,3283,4704,625,5329
2,9849,1029,0,0,3,3,3283,9782,343,10125
2,9849,1095,0,0,3,3,3283,2144,1825,3969
2,9849,1407,0,0,6,3,3283,4860,469,5329
2,9849,1875,0,0,3,3,3283,4802,625,5427
2,9855,3,0,0,3,3,3285,101250,1,101251
2,9855,5475,0,0,3,3,3285,1384,5475,6859
2,9861,429,0,0,3,3,3287,8192,1859,10051
2,9885,3,0,0,3,3,3295,4374,1,4375
2,9939,9939,0,0,3,3,3313,1250,3313,4563
2,9945,3,0,0,12,3,3315,26000,1,26001
2,9945,9,0,0,3,3,3315,4216,9,4225
2,9945,375,0,0,3,3,3315,9826,125,9951
2,9945,1275,0,0,3,3,3315,5408,2125,7533
2,9945,2025,0,0,3,3,3315,26536,2025,28561
2,9945,8667,0,0,3,3,3315,2560,26001,28561
2,9975,3,0,0,3,3,3325,4374,1,4375
2,9975,7125,0,0,3,3,3325,32,11875,11907
2,9999,3,0,0,3,3,3333,64000,9,64009
2,9999,3,0,0,3,3,3333,71874,1,71875
2,9999,3,0,0,24,3,3333,7424,1,7425
2,9999,81,0,0,3,3,3333,10120,81,10201
2,9999,1587,0,0,3,3,3333,864,2645,3509
2,9999,2523,0,0,3,3,3333,33534,841,34375
2,9999,2523,0,0,3,3,3333,59994,841,60835
2,9999,8787,0,0,3,3,3333,3726,2929,6655
2,10017,8427,0,0,3,3,3339,4394,2809,7203
2,10065,3,0,0,12,3,3355,14640,1,14641
2,10095,2625,0,0,3,3,3365,128,6125,6253
2,10137,10137,0,0,6,3,3379,324,3379,3703
2,10143,1029,0,0,3,3,3381,2176,2401,4577
2,10179,3,0,0,3,3,3393,4374,1,4375
2,10179,3,0,0,6,3,3393,4900,1,4901
2,10179,27,0,0,3,3,3393,21866,9,21875
2,10179,273,0,0,3,3,3393,8192,1183,9375
2,10179,375,0,0,3,3,3393,27936,625,28561
2,10179,405,0,0,3,3,3393,8192,1755,9947
2,10179,729,0,0,3,3,3393,3200,1701,4901
2,10179,1521,0,0,3,3,3393,512,4563,5075
2,10179,1911,0,0,3,3,3393,12416,4459,16875
2,10179,3549,0,0,3,3,3393,8192,15379,23571
2,10179,6591,0,0,3,3,3393,4850,2197,7047
2,10179,8439,0,0,3,3,3393,1750,2813,4563
2,10179,9477,0,0,3,3,3393,6250,3159,9409
2,10245,3,0,0,12,3,3415,18224,1,18225
2,10245,10245,0,0,3,3,3415,8978,3415,12393
2,10263,3,0,0,3,3,3421,7986,1,7987
2,10269,3,0,0,3,3,3423,4374,1,4375
2,10269,375,0,0,3,3,3423,18144,625,18769
2,10305,3,0,0,3,3,3435,4374,1,4375
2,10335,81,0,0,3,3,3445,40598,27,40625
2,10389,3,0,0,3,3,3463,4374,1,4375
2,10389,10389,0,0,3,3,3463,2662,3463,6125
2,10395,3,0,0,3,3,3465,4374,1,4375
2,10449,2187,0,0,3,3,3483,22016,6561,28577
2,10449,3645,0,0,3,3,3483,3698,1215,4913
2,10479,3,0,0,3,3,3493,4374,1,4375
2,12012,4,0,0,4,4,3003,4374,1,4375
2,12012,4,0,0,16,4,3003,3024,1,3025
2,12012,28,0,0,4,4,3003,14976,49,15025
2,12012,364,0,0,4,4,3003,8192,1183,9375
2,12012,1188,0,0,4,4,3003,512,2673,3185
2,12012,2156,0,0,4,4,3003,16000,3773,19773
2,12012,7212,0,0,4,4,3003,520,5409,5929
2,12012,8788,0,0,4,4,3003,2178,2197,4375
2,12052,524,0,0,16,4,3013,4096,393,4489
2,12060,4,0,0,4,4,3015,4374,1,4375
2,12060,2412,0,0,4,4,3015,13792,3015,16807
2,12060,2500,0,0,4,4,3015,4802,625,5427
2,12060,8748,0,0,4,4,3015,938,2187,3125
2,12172,4,0,0,4,4,3043,4374,1,4375
2,12172,12,0,0,4,4,3043,14848,27,14875
2,12172,196,0,0,4,4,3043,14450,49,14499
2,12172,972,0,0,4,4,3043,10382,243,10625
2,12172,1156,0,0,4,4,3043,14210,289,14499
2,12172,12172,0,0,4,4,3043,1682,3043,4725
2,12180,4,0,0,4,4,3045,4374,1,4375
2,12180,4,0,0,32,4,3045,7424,1,7425
2,12180,4860,0,0,4,4,3045,3872,6075,9947
2,12180,10092,0,0,4,4,3045,1250,2523,3773
2,12220,500,0,0,4,4,3055,13122,125,13247
2,12220,4076,0,0,4,4,3055,2106,1019,3125
2,12220,8748,0,0,4,4,3055,2038,2187,4225
2,12292,4,0,0,4,4,3073,4374,1,4375
2,12300,4100,0,0,16,4,3075,3888,1025,4913
2,12340,4,0,0,4,4,3085,4374,1,4375
2,12372,4124,0,0,16,4,3093,9904,1031,10935
2,12420,1500,0,0,4,4,3105,512,3375,3887
2,12420,4780,0,0,4,4,3105,4394,1195,5589
2,12436,12436,0,0,8,4,3109,612,3109,3721
2,12460,4,0,0,4,4,3115,4374,1,4375
2,12460,4156,0,0,4,4,3115,8,3117,3125
2,12460,8748,0,0,4,4,3115,712,6561,7273
2,12532,260,0,0,4,4,3133,6144,715,6859
2,12532,300,0,0,4,4,3133,25064,225,25289
2,12532,5324,0,0,4,4,3133,36632,3993,40625
2,12572,4,0,0,16,4,3143,4624,1,4625
2,12580,4,0,0,16,4,3145,4624,1,4625
2,12580,3700,0,0,4,4,3145,288,4625,4913
2,12628,2268,0,0,4,4,3157,4394,567,4961
2,12732,4,0,0,4,4,3183,4374,1,4375
2,12732,364,0,0,4,4,3183,8192,1183,9375
2,12732,8100,0,0,4,4,3183,1352,6075,7427
2,12780,4,0,0,4,4,3195,5750,1,5751
2,12780,8340,0,0,4,4,3195,10082,2085,12167
2,12796,4,0,0,16,4,3199,4752,1,4753
2,12844,4,0,0,8,4,3211,31212,1,31213
2,12844,36,0,0,4,4,3211,60928,81,61009
2,12844,2548,0,0,4,4,3211,8192,8281,16473
2,12852,4,0,0,4,4,3213,4374,1,4375
2,12852,8092,0,0,4,4,3213,3200,14161,17361
2,12900,4,0,0,4,4,3225,4374,1,4375
2,12940,12940,0,0,16,4,3235,1328,3235,4563
2,12964,1372,0,0,4,4,3241,4418,343,4761
2,12972,4,0,0,4,4,3243,64000,9,64009
2,12972,4,0,0,4,4,3243,71874,1,71875
2,12972,108,0,0,4,4,3243,5632,243,5875
2,12972,2116,0,0,4,4,3243,5346,529,5875
2,12972,2116,0,0,4,4,3243,5546,529,6075
2,12972,2300,0,0,4,4,3243,512,5175,5687
2,12972,4140,0,0,4,4,3243,376,3105,3481
2,12972,7500,0,0,4,4,3243,70688,9375,80063
2,12972,8836,0,0,4,4,3243,1058,2209,3267
2,12972,12500,0,0,4,4,3243,43424,15625,59049
2,12980,2420,0,0,4,4,3245,1888,3025,4913
2,13012,4,0,0,4,4,3253,4374,1,4375
2,13020,4,0,0,4,4,3255,4374,1,4375
2,13020,500,0,0,4,4,3255,100842,125,100967
2,13132,4,0,0,4,4,3283,4374,1,4375
2,13132,324,0,0,4,4,3283,42632,243,42875
2,13132,500,0,0,4,4,3283,4704,625,5329
2,13132,1372,0,0,4,4,3283,9782,343,10125
2,13132,1460,0,0,4,4,3283,2144,1825,3969
2,13132,1876,0,0,8,4,3283,4860,469,5329
2,13132,2500,0,0,4,4,3283,4802,625,5427
2,13140,4,0,0,4,4,3285,101250,1,101251
2,13140,7300,0,0,4,4,3285,1384,5475,6859
2,13148,572,0,0,4,4,3287,8192,1859,10051
2,13180,4,0,0,4,4,3295,4374,1,4375
2,13252,13252,0,0,4,4,3313,1250,3313,4563
2,13260,4,0,0,16,4,3315,26000,1,26001
2,13260,12,0,0,4,4,3315,4216,9,4225
2,13260,500,0,0,4,4,3315,9826,125,9951
2,13260,1700,0,0,4,4,3315,5408,2125,7533
2,13260,2700,0,0,4,4,3315,26536,2025,28561
2,13260,11556,0,0,4,4,3315,2560,26001,28561
2,13300,4,0,0,4,4,3325,4374,1,4375
2,13300,9500,0,0,4,4,3325,32,11875,11907
2,13332,4,0,0,4,4,3333,64000,9,64009
2,13332,4,0,0,4,4,3333,71874,1,71875
2,13332,4,0,0,32,4,3333,7424,1,7425
2,13332,108,0,0,4,4,3333,10120,81,10201
2,13332,2116,0,0,4,4,3333,864,2645,3509
2,13332,3364,0,0,4,4,3333,33534,841,34375
2,13332,3364,0,0,4,4,3333,59994,841,60835
2,13332,11716,0,0,4,4,3333,3726,2929,6655
2,13356,11236,0,0,4,4,3339,4394,2809,7203
2,13420,4,0,0,16,4,3355,14640,1,14641
2,13460,3500,0,0,4,4,3365,128,6125,6253
2,13516,13516,0,0,8,4,3379,324,3379,3703
2,13524,1372,0,0,4,4,3381,2176,2401,4577
2,13572,4,0,0,4,4,3393,4374,1,4375
2,13572,4,0,0,8,4,3393,4900,1,4901
2,13572,36,0,0,4,4,3393,21866,9,21875
2,13572,364,0,0,4,4,3393,8192,1183,9375
2,13572,500,0,0,4,4,3393,27936,625,28561
2,13572,540,0,0,4,4,3393,8192,1755,9947
2,13572,972,0,0,4,4,3393,3200,1701,4901
2,13572,2028,0,0,4,4,3393,512,4563,5075
2,13572,2548,0,0,4,4,3393,12416,4459,16875
2,13572,4732,0,0,4,4,3393,8192,15379,23571
2,13572,8788,0,0,4,4,3393,4850,2197,7047
2,13572,11252,0,0,4,4,3393,1750,2813,4563
2,13572,12636,0,0,4,4,3393,6250,3159,9409
2,13660,4,0,0,16,4,3415,18224,1,18225
2,13660,13660,0,0,4,4,3415,8978,3415,12393
2,13684,4,0,0,4,4,3421,7986,1,7987
2,13692,4,0,0,4,4,3423,4374,1,4375
2,13692,500,0,0,4,4,3423,18144,625,18769
2,13740,4,0,0,4,4,3435,4374,1,4375
2,13780,108,0,0,4,4,3445,40598,27,40625
2,13852,4,0,0,4,4,3463,4374,1,4375
2,13852,13852,0,0,4,4,3463,2662,3463,6125
2,13860,4,0,0,4,4,3465,4374,1,4375
2,13932,2916,0,0,4,4,3483,22016,6561,28577
2,13932,4860,0,0,4,4,3483,3698,1215,4913
2,13972,4,0,0,4,4,3493,4374,1,4375
2,15015,5,0,0,5,5,3003,4374,1,4375
2,15015,5,0,0,20,5,3003,3024,1,3025
2,15015,35,0,0,5,5,3003,14976,49,15025
2,15015,455,0,0,5,5,3003,8192,1183,9375
2,15015,1485,0,0,5,5,3003,512,2673,3185
2,15015,2695,0,0,5,5,3003,16000,3773,19773
2,15015,9015,0,0,5,5,3003,520,5409,5929
2,15015,10985,0,0,5,5,3003,2178,2197,4375
2,15065,655,0,0,20,5,3013,4096,393,4489
2,15075,5,0,0,5,5,3015,4374,1,4375
2,15075,3015,0,0,5,5,3015,13792,3015,16807
2,15075,3125,0,0,5,5,3015,4802,625,5427
2,15075,10935,0,0,5,5,3015,938,2187,3125
2,15215,5,0,0,5,5,3043,4374,1,4375
2,15215,15,0,0,5,5,3043,14848,27,14875
2,15215,245,0,0,5,5,3043,14450,49,14499
2,15215,1215,0,0,5,5,3043,10382,243,10625
2,15215,1445,0,0,5,5,3043,14210,289,14499
2,15215,15215,0,0,5,5,3043,1682,3043,4725
2,15225,5,0,0,5,5,3045,4374,1,4375
2,15225,5,0,0,40,5,3045,7424,1,7425
2,15225,6075,0,0,5,5,3045,3872,6075,9947
2,15225,12615,0,0,5,5,3045,1250,2523,3773
2,15275,625,0,0,5,5,3055,13122,125,13247
2,15275,5095,0,0,5,5,3055,2106,1019,3125
2,15275,10935,0,0,5,5,3055,2038,2187,4225
2,15365,5,0,0,5,5,3073,4374,1,4375
2,15375,5125,0,0,20,5,3075,3888,1025,4913
2,15425,5,0,0,5,5,3085,4374,1,4375
2,15465,5155,0,0,20,5,3093,9904,1031,10935
2,15525,1875,0,0,5,5,3105,512,3375,3887
2,15525,5975,0,0,5,5,3105,4394,1195,5589
2,15545,15545,0,0,10,5,3109,612,3109,3721
2,15575,5,0,0,5,5,3115,4374,1,4375
2,15575,5195,0,0,5,5,3115,8,3117,3125
2,15575,10935,0,0,5,5,3115,712,6561,7273
2,15665,325,0,0,5,5,3133,6144,715,6859
2,15665,375,0,0,5,5,3133,25064,225,25289
2,15665,6655,0,0,5,5,3133,36632,3993,40625
2,15715,5,0,0,20,5,3143,4624,1,4625
2,15725,5,0,0,20,5,3145,4624,1,4625
2,15725,4625,0,0,5,5,3145,288,4625,4913
2,15785,2835,0,0,5,5,3157,4394,567,4961
2,15915,5,0,0,5,5,3183,4374,1,4375
2,15915,455,0,0,5,5,3183,8192,1183,9375
2,15915,10125,0,0,5,5,3183,1352,6075,7427
2,15975,5,0,0,5,5,3195,5750,1,5751
2,15975,10425,0,0,5,5,3195,10082,2085,12167
2,15995,5,0,0,20,5,3199,4752,1,4753
2,16055,5,0,0,10,5,3211,31212,1,31213
2,16055,45,0,0,5,5,3211,60928,81,61009
2,16055,3185,0,0,5,5,3211,8192,8281,16473
2,16065,5,0,0,5,5,3213,4374,1,4375
2,16065,10115,0,0,5,5,3213,3200,14161,17361
2,16125,5,0,0,5,5,3225,4374,1,4375
2,16175,16175,0,0,20,5,3235,1328,3235,4563
2,16205,1715,0,0,5,5,3241,4418,343,4761
2,16215,5,0,0,5,5,3243,64000,9,64009
2,16215,5,0,0,5,5,3243,71874,1,71875
2,16215,135,0,0,5,5,3243,5632,243,5875
2,16215,2645,0,0,5,5,3243,5346,529,5875
2,16215,2645,0,0,5,5,3243,5546,529,6075
2,16215,2875,0,0,5,5,3243,512,5175,5687
2,16215,5175,0,0,5,5,3243,376,3105,3481
2,16215,9375,0,0,5,5,3243,70688,9375,80063
2,16215,11045,0,0,5,5,3243,1058,2209,3267
2,16215,15625,0,0,5,5,3243,43424,15625,59049
2,16225,3025,0,0,5,5,3245,1888,3025,4913
2,16265,5,0,0,5,5,3253,4374,1,4375
2,16275,5,0,0,5,5,3255,4374,1,4375
2,16275,625,0,0,5,5,3255,100842,125,100967
2,16415,5,0,0,5,5,3283,4374,1,4375
2,16415,405,0,0,5,5,3283,42632,243,42875
2,16415,625,0,0,5,5,3283,4704,625,5329
2,16415,1715,0,0,5,5,3283,9782,343,10125
2,16415,1825,0,0,5,5,3283,2144,1825,3969
2,16415,2345,0,0,10,5,3283,4860,469,5329
2,16415,3125,0,0,5,5,3283,4802,625,5427
2,16425,5,0,0,5,5,3285,101250,1,101251
2,16425,9125,0,0,5,5,3285,1384,5475,6859
2,16435,715,0,0,5,5,3287,8192,1859,10051
2,16475,5,0,0,5,5,3295,4374,1,4375
2,16565,16565,0,0,5,5,3313,1250,3313,4563
2,16575,5,0,0,20,5,3315,26000,1,26001
2,16575,15,0,0,5,5,3315,4216,9,4225
2,16575,625,0,0,5,5,3315,9826,125,9951
2,16575,2125,0,0,5,5,3315,5408,2125,7533
2,16575,3375,0,0,5,5,3315,26536,2025,28561
2,16575,14445,0,0,5,5,3315,2560,26001,28561
2,16625,5,0,0,5,5,3325,4374,1,4375
2,16625,11875,0,0,5,5,3325,32,11875,11907
2,16665,5,0,0,5,5,3333,64000,9,64009
2,16665,5,0,0,5,5,3333,71874,1,71875
2,16665,5,0,0,40,5,3333,7424,1,7425
2,16665,135,0,0,5,5,3333,10120,81,10201
2,16665,2645,0,0,5,5,3333,864,2645,3509
2,16665,4205,0,0,5,5,3333,33534,841,34375
2,16665,4205,0,0,5,5,3333,59994,841,60835
2,16665,14645,0,0,5,5,3333,3726,2929,6655
2,16695,14045,0,0,5,5,3339,4394,2809,7203
2,16775,5,0,0,20,5,3355,14640,1,14641
2,16825,4375,0,0,5,5,3365,128,6125,6253
2,16895,16895,0,0,10,5,3379,324,3379,3703
2,16905,1715,0,0,5,5,3381,2176,2401,4577
2,16965,5,0,0,5,5,3393,4374,1,4375
2,16965,5,0,0,10,5,3393,4900,1,4901
2,16965,45,0,0,5,5,3393,21866,9,21875
2,16965,455,0,0,5,5,3393,8192,1183,9375
2,16965,625,0,0,5,5,3393,27936,625,28561
2,16965,675,0,0,5,5,3393,8192,1755,9947
2,16965,1215,0,0,5,5,3393,3200,1701,4901
2,16965,2535,0,0,5,5,3393,512,4563,5075
2,16965,3185,0,0,5,5,3393,12416,4459,16875
2,16965,5915,0,0,5,5,3393,8192,15379,23571
2,16965,10985,0,0,5,5,3393,4850,2197,7047
2,16965,14065,0,0,5,5,3393,1750,2813,4563
2,16965,15795,0,0,5,5,3393,6250,3159,9409
2,17075,5,0,0,20,5,3415,18224,1,18225
2,17075,17075,0,0,5,5,3415,8978,3415,12393
2,17105,5,0,0,5,5,3421,7986,1,7987
2,17115,5,0,0,5,5,3423,4374,1,4375
2,17115,625,0,0,5,5,3423,18144,625,18769
2,17175,5,0,0,5,5,3435,4374,1,4375
2,17225,135,0,0,5,5,3445,40598,27,40625
2,17315,5,0,0,5,5,3463,4374,1,4375
2,17315,17315,0,0,5,5,3463,2662,3463,6125
2,17325,5,0,0,5,5,3465,4374,1,4375
2,17415,3645,0,0,5,5,3483,22016,6561,28577
2,17415,6075,0,0,5,5,3483,3698,1215,4913
2,17465,5,0,0,5,5,3493,4374,1,4375
2,18018,6,0,0,6,6,3003,4374,1,4375
2,18018,6,0,0,24,6,3003,3024,1,3025
2,18018,42,0,0,6,6,3003,14976,49,15025
2,18018,546,0,0,6,6,3003,8192,1183,9375
2,18018,1782,0,0,6,6,3003,512,2673,3185
2,18018,3234,0,0,6,6,3003,16000,3773,19773
2,18018,10818,0,0,6,6,3003,520,5409,5929
2,18018,13182,0,0,6,6,3003,2178,2197,4375
2,18078,786,0,0,24,6,3013,4096,393,4489
2,18090,6,0,0,6,6,3015,4374,1,4375
2,18090,3618,0,0,6,6,3015,13792,3015,16807
2,18090,3750,0,0,6,6,3015,4802,625,5427
2,18090,13122,0,0,6,6,3015,938,2187,3125
2,18258,6,0,0,6,6,3043,4374,1,4375
2,18258,18,0,0,6,6,3043,14848,27,14875
2,18258,294,0,0,6,6,3043,14450,49,14499
2,18258,1458,0,0,6,6,3043,10382,243,10625
2,18258,1734,0,0,6,6,3043,14210,289,14499
2,18258,18258,0,0,6,6,3043,1682,3043,4725
2,18270,6,0,0,6,6,3045,4374,1,4375
2,18270,6,0,0,48,6,3045,7424,1,7425
2,18270,7290,0,0,6,6,3045,3872,6075,9947
2,18270,15138,0,0,6,6,3045,1250,2523,3773
2,18330,750,0,0,6,6,3055,13122,125,13247
2,18330,6114,0,0,6,6,3055,2106,1019,3125
2,18330,13122,0,0,6,6,3055,2038,2187,4225
2,18438,6,0,0,6,6,3073,4374,1,4375
2,18450,6150,0,0,24,6,3075,3888,1025,4913
2,18510,6,0,0,6,6,3085,4374,1,4375
2,18558,6186,0,0,24,6,3093,9904,1031,10935
2,18630,2250,0,0,6,6,3105,512,3375,3887
2,18630,7170,0,0,6,6,3105,4394,1195,5589
2,18654,18654,0,0,12,6,3109,612,3109,3721
2,18690,6,0,0,6,6,3115,4374,1,4375
2,18690,6234,0,0,6,6,3115,8,3117,3125
2,18690,13122,0,0,6,6,3115,712,6561,7273
2,18798,390,0,0,6,6,3133,6144,715,6859
2,18798,450,0,0,6,6,3133,25064,225,25289
2,18798,7986,0,0,6,6,3133,36632,3993,40625
2,18858,6,0,0,24,6,3143,4624,1,4625
2,18870,6,0,0,24,6,3145,4624,1,4625
2,18870,5550,0,0,6,6,3145,288,4625,4913
2,18942,3402,0,0,6,6,3157,4394,567,4961
2,19098,6,0,0,6,6,3183,4374,1,4375
2,19098,546,0,0,6,6,3183,8192,1183,9375
2,19098,12150,0,0,6,6,3183,1352,6075,7427
2,19170,6,0,0,6,6,3195,5750,1,5751
2,19170,12510,0,0,6,6,3195,10082,2085,12167
2,19194,6,0,0,24,6,3199,4752,1,4753
2,19266,6,0,0,12,6,3211,31212,1,31213
2,19266,54,0,0,6,6,3211,60928,81,61009
2,19266,3822,0,0,6,6,3211,8192,8281,16473
2,19278,6,0,0,6,6,3213,4374,1,4375
2,19278,12138,0,0,6,6,3213,3200,14161,17361
2,19350,6,0,0,6,6,3225,4374,1,4375
2,19410,19410,0,0,24,6,3235,1328,3235,4563
2,19446,2058,0,0,6,6,3241,4418,343,4761
2,19458,6,0,0,6,6,3243,64000,9,64009
2,19458,6,0,0,6,6,3243,71874,1,71875
2,19458,162,0,0,6,6,3243,5632,243,5875
2,19458,3174,0,0,6,6,3243,5346,529,5875
2,19458,3174,0,0,6,6,3243,5546,529,6075
2,19458,3450,0,0,6,6,3243,512,5175,5687
2,19458,6210,0,0,6,6,3243,376,3105,3481
2,19458,11250,0,0,6,6,3243,70688,9375,80063
2,19458,13254,0,0,6,6,3243,1058,2209,3267
2,19458,18750,0,0,6,6,3243,43424,15625,59049
2,19470,3630,0,0,6,6,3245,1888,3025,4913
2,19518,6,0,0,6,6,3253,4374,1,4375
2,19530,6,0,0,6,6,3255,4374,1,4375
2,19530,750,0,0,6,6,3255,100842,125,100967
2,19698,6,0,0,6,6,3283,4374,1,4375
2,19698,486,0,0,6,6,3283,42632,243,42875
2,19698,750,0,0,6,6,3283,4704,625,5329
2,19698,2058,0,0,6,6,3283,9782,343,10125
2,19698,2190,0,0,6,6,3283,2144,1825,3969
2,19698,2814,0,0,12,6,3283,4860,469,5329
2,19698,3750,0,0,6,6,3283,4802,625,5427
2,19710,6,0,0,6,6,3285,101250,1,101251
2,19710,10950,0,0,6,6,3285,1384,5475,6859
2,19722,858,0,0,6,6,3287,8192,1859,10051
2,19770,6,0,0,6,6,3295,4374,1,4375
2,19878,19878,0,0,6,6,3313,1250,3313,4563
2,19890,6,0,0,24,6,3315,26000,1,26001
2,19890,18,0,0,6,6,3315,4216,9,4225
2,19890,750,0,0,6,6,3315,9826,125,9951
2,19890,2550,0,0,6,6,3315,5408,2125,7533
2,19890,4050,0,0,6,6,3315,26536,2025,28561
2,19890,17334,0,0,6,6,3315,2560,26001,28561
2,19950,6,0,0,6,6,3325,4374,1,4375
2,19950,14250,0,0,6,6,3325,32,11875,11907
2,19998,6,0,0,6,6,3333,64000,9,64009
2,19998,6,0,0,6,6,3333,71874,1,71875
2,19998,6,0,0,48,6,3333,7424,1,7425
2,19998,162,0,0,6,6,3333,10120,81,10201
2,19998,3174,0,0,6,6,3333,864,2645,3509
2,19998,5046,0,0,6,6,3333,33534,841,34375
2,19998,5046,0,0,6,6,3333,59994,841,60835
2,19998,17574,0,0,6,6,3333,3726,2929,6655
2,20034,16854,0,0,6,6,3339,4394,2809,7203
2,20130,6,0,0,24,6,3355,14640,1,14641
2,20190,5250,0,0,6,6,3365,128,6125,6253
2,20274,20274,0,0,12,6,3379,324,3379,3703
2,20286,2058,0,0,6,6,3381,2176,2401,4577
2,20358,6,0,0,6,6,3393,4374,1,4375
2,20358,6,0,0,12,6,3393,4900,1,4901
2,20358,54,0,0,6,6,3393,21866,9,21875
2,20358,546,0,0,6,6,3393,8192,1183,9375
2,20358,750,0,0,6,6,3393,27936,625,28561
2,20358,810,0,0,6,6,3393,8192,1755,9947
2,20358,1458,0,0,6,6,3393,3200,1701,4901
2,20358,3042,0,0,6,6,3393,512,4563,5075
2,20358,3822,0,0,6,6,3393,12416,4459,16875
2,20358,7098,0,0,6,6,3393,8192,15379,23571
2,20358,13182,0,0,6,6,3393,4850,2197,7047
2,20358,16878,0,0,6,6,3393,1750,2813,4563
2,20358,18954,0,0,6,6,3393,6250,3159,9409
2,20490,6,0,0,24,6,3415,18224,1,18225
2,20490,20490,0,0,6,6,3415,8978,3415,12393
2,20526,6,0,0,6,6,3421,7986,1,7987
2,20538,6,0,0,6,6,3423,4374,1,4375
2,20538,750,0,0,6,6,3423,18144,625,18769
2,20610,6,0,0,6,6,3435,4374,1,4375
2,20670,162,0,0,6,6,3445,40598,27,40625
2,20778,6,0,0,6,6,3463,4374,1,4375
2,20778,20778,0,0,6,6,3463,2662,3463,6125
2,20790,6,0,0,6,6,3465,4374,1,4375
2,20898,4374,0,0,6,6,3483,22016,6561,28577
2,20898,7290,0,0,6,6,3483,3698,1215,4913
2,20958,6,0,0,6,6,3493,4374,1,4375
2,21021,7,0,0,7,7,3003,4374,1,4375
2,21021,7,0,0,28,7,3003,3024,1,3025
2,21021,49,0,0,7,7,3003,14976,49,15025
2,21021,637,0,0,7,7,3003,8192,1183,9375
2,21021,2079,0,0,7,7,3003,512,2673,3185
2,21021,3773,0,0,7,7,3003,16000,3773,19773
2,21021,12621,0,0,7,7,3003,520,5409,5929
2,21021,15379,0,0,7,7,3003,2178,2197,4375
2,21091,917,0,0,28,7,3013,4096,393,4489
2,21105,7,0,0,7,7,3015,4374,1,4375
2,21105,4221,0,0,7,7,3015,13792,3015,16807
2,21105,4375,0,0,7,7,3015,4802,625,5427
2,21105,15309,0,0,7,7,3015,938,2187,3125
2,21301,7,0,0,7,7,3043,4374,1,4375
2,21301,21,0,0,7,7,3043,14848,27,14875
2,21301,343,0,0,7,7,3043,14450,49,14499
2,21301,1701,0,0,7,7,3043,10382,243,10625
2,21301,2023,0,0,7,7,3043,14210,289,14499
2,21301,21301,0,0,7,7,3043,1682,3043,4725
2,21315,7,0,0,7,7,3045,4374,1,4375
2,21315,7,0,0,56,7,3045,7424,1,7425
2,21315,8505,0,0,7,7,3045,3872,6075,9947
2,21315,17661,0,0,7,7,3045,1250,2523,3773
2,21385,875,0,0,7,7,3055,13122,125,13247
2,21385,7133,0,0,7,7,3055,2106,1019,3125
2,21385,15309,0,0,7,7,3055,2038,2187,4225
2,21511,7,0,0,7,7,3073,4374,1,4375
2,21525,7175,0,0,28,7,3075,3888,1025,4913
2,21595,7,0,0,7,7,3085,4374,1,4375
2,21651,7217,0,0,28,7,3093,9904,1031,10935
2,21735,2625,0,0,7,7,3105,512,3375,3887
2,21735,8365,0,0,7,7,3105,4394,1195,5589
2,21763,21763,0,0,14,7,3109,612,3109,3721
2,21805,7,0,0,7,7,3115,4374,1,4375
2,21805,7273,0,0,7,7,3115,8,3117,3125
2,21805,15309,0,0,7,7,3115,712,6561,7273
2,21931,455,0,0,7,7,3133,6144,715,6859
2,21931,525,0,0,7,7,3133,25064,225,25289
2,21931,9317,0,0,7,7,3133,36632,3993,40625
2,22001,7,0,0,28,7,3143,4624,1,4625
2,22015,7,0,0,28,7,3145,4624,1,4625
2,22015,6475,0,0,7,7,3145,288,4625,4913
2,22099,3969,0,0,7,7,3157,4394,567,4961
2,22281,7,0,0,7,7,3183,4374,1,4375
2,22281,637,0,0,7,7,3183,8192,1183,9375
2,22281,14175,0,0,7,7,3183,1352,6075,7427
2,22365,7,0,0,7,7,3195,5750,1,5751
2,22365,14595,0,0,7,7,3195,10082,2085,12167
2,22393,7,0,0,28,7,3199,4752,1,4753
2,22477,7,0,0,14,7,3211,31212,1,31213
2,22477,63,0,0,7,7,3211,60928,81,61009
2,22477,4459,0,0,7,7,3211,8192,8281,16473
2,22491,7,0,0,7,7,3213,4374,1,4375
2,22491,14161,0,0,7,7,3213,3200,14161,17361
2,22575,7,0,0,7,7,3225,4374,1,4375
2,22645,22645,0,0,28,7,3235,1328,3235,4563
2,22687,2401,0,0,7,7,3241,4418,343,4761
2,22701,7,0,0,7,7,3243,64000,9,64009
2,22701,7,0,0,7,7,3243,71874,1,71875
2,22701,189,0,0,7,7,3243,5632,243,5875
2,22701,3703,0,0,7,7,3243,5346,529,5875
2,22701,3703,0,0,7,7,3243,5546,529,6075
2,22701,4025,0,0,7,7,3243,512,5175,5687
2,22701,7245,0,0,7,7,3243,376,3105,3481
2,22701,13125,0,0,7,7,3243,70688,9375,80063
2,22701,15463,0,0,7,7,3243,1058,2209,3267
2,22701,21875,0,0,7,7,3243,43424,15625,59049
2,22715,4235,0,0,7,7,3245,1888,3025,4913
2,22771,7,0,0,7,7,3253,4374,1,4375
2,22785,7,0,0,7,7,3255,4374,1,4375
2,22785,875,0,0,7,7,3255,100842,125,100967
2,22981,7,0,0,7,7,3283,4374,1,4375
2,22981,567,0,0,7,7,3283,42632,243,42875
2,22981,875,0,0,7,7,3283,4704,625,5329
2,22981,2401,0,0,7,7,3283,9782,343,10125
2,22981,2555,0,0,7,7,3283,2144,1825,3969
2,22981,3283,0,0,14,7,3283,4860,469,5329
2,22981,4375,0,0,7,7,3283,4802,625,5427
2,22995,7,0,0,7,7,3285,101250,1,101251
2,22995,12775,0,0,7,7,3285,1384,5475,6859
2,23009,1001,0,0,7,7,3287,8192,1859,10051
2,23065,7,0,0,7,7,3295,4374,1,4375
2,23191,23191,0,0,7,7,3313,1250,3313,4563
2,23205,7,0,0,28,7,3315,26000,1,26001
2,23205,21,0,0,7,7,3315,4216,9,4225
2,23205,875,0,0,7,7,3315,9826,125,9951
2,23205,2975,0,0,7,7,3315,5408,2125,7533
2,23205,4725,0,0,7,7,3315,26536,2025,28561
2,23205,20223,0,0,7,7,3315,2560,26001,28561
2,23275,7,0,0,7,7,3325,4374,1,4375
2,23275,16625,0,0,7,7,3325,32,11875,11907
2,23331,7,0,0,7,7,3333,64000,9,64009
2,23331,7,0,0,7,7,3333,71874,1,71875
2,23331,7,0,0,56,7,3333,7424,1,7425
2,23331,189,0,0,7,7,3333,10120,81,10201
2,23331,3703,0,0,7,7,3333,864,2645,3509
2,23331,5887,0,0,7,7,3333,33534,841,34375
2,23331,5887,0,0,7,7,3333,59994,841,60835
2,23331,20503,0,0,7,7,3333,3726,2929,6655
2,23373,19663,0,0,7,7,3339,4394,2809,7203
2,23485,7,0,0,28,7,3355,14640,1,14641
2,23555,6125,0,0,7,7,3365,128,6125,6253
2,23653,23653,0,0,14,7,3379,324,3379,3703
2,23667,2401,0,0,7,7,3381,2176,2401,4577
2,23751,7,0,0,7,7,3393,4374,1,4375
2,23751,7,0,0,14,7,3393,4900,1,4901
2,23751,63,0,0,7,7,3393,21866,9,21875
2,23751,637,0,0,7,7,3393,8192,1183,9375
2,23751,875,0,0,7,7,3393,27936,625,28561
2,23751,945,0,0,7,7,3393,8192,1755,9947
2,23751,1701,0,0,7,7,3393,3200,1701,4901
2,23751,3549,0,0,7,7,3393,512,4563,5075
2,23751,4459,0,0,7,7,3393,12416,4459,16875
2,23751,8281,0,0,7,7,3393,8192,15379,23571
2,23751,15379,0,0,7,7,3393,4850,2197,7047
2,23751,19691,0,0,7,7,3393,1750,2813,4563
2,23751,22113,0,0,7,7,3393,6250,3159,9409
2,23905,7,0,0,28,7,3415,18224,1,18225
2,23905,23905,0,0,7,7,3415,8978,3415,12393
2,23947,7,0,0,7,7,3421,7986,1,7987
2,23961,7,0,0,7,7,3423,4374,1,4375
2,23961,875,0,0,7,7,3423,18144,625,18769
2,24024,8,0,0,8,8,3003,4374,1,4375
2,24024,8,0,0,32,8,3003,3024,1,3025
2,24024,56,0,0,8,8,3003,14976,49,15025
2,24024,728,0,0,8,8,3003,8192,1183,9375
2,24024,2376,0,0,8,8,3003,512,2673,3185
2,24024,4312,0,0,8,8,3003,16000,3773,19773
2,24024,14424,0,0,8,8,3003,520,5409,5929
2,24024,17576,0,0,8,8,3003,2178,2197,4375
2,24045,7,0,0,7,7,3435,4374,1,4375
2,24104,1048,0,0,32,8,3013,4096,393,4489
2,24115,189,0,0,7,7,3445,40598,27,40625
2,24120,8,0,0,8,8,3015,4374,1,4375
2,24120,4824,0,0,8,8,3015,13792,3015,16807
2,24120,5000,0,0,8,8,3015,4802,625,5427
2,24120,17496,0,0,8,8,3015,938,2187,3125
2,24241,7,0,0,7,7,3463,4374,1,4375
2,24241,24241,0,0,7,7,3463,2662,3463,6125
2,24255,7,0,0,7,7,3465,4374,1,4375
2,24344,8,0,0,8,8,3043,4374,1,4375
2,24344,24,0,0,8,8,3043,14848,27,14875
2,24344,392,0,0,8,8,3043,14450,49,14499
2,24344,1944,0,0,8,8,3043,10382,243,10625
2,24344,2312,0,0,8,8,3043,14210,289,14499
2,24344,24344,0,0,8,8,3043,1682,3043,4725
2,24360,8,0,0,8,8,3045,4374,1,4375
2,24360,8,0,0,64,8,3045,7424,1,7425
2,24360,9720,0,0,8,8,3045,3872,6075,9947
2,24360,20184,0,0,8,8,3045,1250,2523,3773
2,24381,5103,0,0,7,7,3483,22016,6561,28577
2,24381,8505,0,0,7,7,3483,3698,1215,4913
2,24440,1000,0,0,8,8,3055,13122,125,13247
2,24440,8152,0,0,8,8,3055,2106,1019,3125
2,24440,17496,0,0,8,8,3055,2038,2187,4225
2,24451,7,0,0,7,7,3493,4374,1,4375
2,24584,8,0,0,8,8,3073,4374,1,4375
2,24600,8200,0,0,32,8,3075,3888,1025,4913
2,24680,8,0,0,8,8,3085,4374,1,4375
2,24744,8248,0,0,32,8,3093,9904,1031,10935
2,24840,3000,0,0,8,8,3105,512,3375,3887
2,24840,9560,0,0,8,8,3105,4394,1195,5589
2,24872,24872,0,0,16,8,3109,612,3109,3721
2,24920,8,0,0,8,8,3115,4374,1,4375
2,24920,8312,0,0,8,8,3115,8,3117,3125
2,24920,17496,0,0,8,8,3115,712,6561,7273
2,25064,520,0,0,8,8,3133,6144,715,6859
2,25064,600,0,0,8,8,3133,25064,225,25289
2,25064,10648,0,0,8,8,3133,36632,3993,40625
2,25144,8,0,0,32,8,3143,4624,1,4625
2,25160,8,0,0,32,8,3145,4624,1,4625
2,25160,7400,0,0,8,8,3145,288,4625,4913
2,25256,4536,0,0,8,8,3157,4394,567,4961
2,25464,8,0,0,8,8,3183,4374,1,4375
2,25464,728,0,0,8,8,3183,8192,1183,9375
2,25464,16200,0,0,8,8,3183,1352,6075,7427
2,25560,8,0,0,8,8,3195,5750,1,5751
2,25560,16680,0,0,8,8,3195,10082,2085,12167
2,25592,8,0,0,32,8,3199,4752,1,4753
2,25688,8,0,0,16,8,3211,31212,1,31213
2,25688,72,0,0,8,8,3211,60928,81,61009
2,25688,5096,0,0,8,8,3211,8192,8281,16473
2,25704,8,0,0,8,8,3213,4374,1,4375
2,25704,16184,0,0,8,8,3213,3200,14161,17361
2,25800,8,0,0,8,8,3225,4374,1,4375
2,25880,25880,0,0,32,8,3235,1328,3235,4563
2,25928,2744,0,0,8,8,3241,4418,343,4761
2,25944,8,0,0,8,8,3243,64000,9,64009
2,25944,8,0,0,8,8,3243,71874,1,71875
2,25944,216,0,0,8,8,3243,5632,243,5875
2,25944,4232,0,0,8,8,3243,5346,529,5875
2,25944,4232,0,0,8,8,3243,5546,529,6075
2,25944,4600,0,0,8,8,3243,512,5175,5687
2,25944,8280,0,0,8,8,3243,376,3105,3481
2,25944,15000,0,0,8,8,3243,70688,9375,80063
2,25944,17672,0,0,8,8,3243,1058,2209,3267
2,25944,25000,0,0,8,8,3243,43424,15625,59049
2,25960,4840,0,0,8,8,3245,1888,3025,4913
2,26024,8,0,0,8,8,3253,4374,1,4375
2,26040,8,0,0,8,8,3255,4374,1,4375
2,26040,1000,0,0,8,8,3255,100842,125,100967
2,26264,8,0,0,8,8,3283,4374,1,4375
2,26264,648,0,0,8,8,3283,42632,243,42875
2,26264,1000,0,0,8,8,3283,4704,625,5329
2,26264,2744,0,0,8,8,3283,9782,343,10125
2,26264,2920,0,0,8,8,3283,2144,1825,3969
2,26264,3752,0,0,16,8,3283,4860,469,5329
2,26264,5000,0,0,8,8,3283,4802,625,5427
2,26280,8,0,0,8,8,3285,101250,1,101251
2,26280,14600,0,0,8,8,3285,1384,5475,6859
2,26296,1144,0,0,8,8,3287,8192,1859,10051
2,26360,8,0,0,8,8,3295,4374,1,4375
2,26504,26504,0,0,8,8,3313,1250,3313,4563
2,26520,8,0,0,32,8,3315,26000,1,26001
2,26520,24,0,0,8,8,3315,4216,9,4225
2,26520,1000,0,0,8,8,3315,9826,125,9951
2,26520,3400,0,0,8,8,3315,5408,2125,7533
2,26520,5400,0,0,8,8,3315,26536,2025,28561
2,26520,23112,0,0,8,8,3315,2560,26001,28561
2,26600,8,0,0,8,8,3325,4374,1,4375
2,26600,19000,0,0,8,8,3325,32,11875,11907
2,26664,8,0,0,8,8,3333,64000,9,64009
2,26664,8,0,0,8,8,3333,71874,1,71875
2,26664,8,0,0,64,8,3333,7424,1,7425
2,26664,216,0,0,8,8,3333,10120,81,10201
2,26664,4232,0,0,8,8,3333,864,2645,3509
2,26664,6728,0,0,8,8,3333,33534,841,34375
2,26664,6728,0,0,8,8,3333,59994,841,60835
2,26664,23432,0,0,8,8,3333,3726,2929,6655
2,26712,22472,0,0,8,8,3339,4394,2809,7203
2,26840,8,0,0,32,8,3355,14640,1,14641
2,26920,7000,0,0,8,8,3365,128,6125,6253
2,27027,9,0,0,9,9,3003,4374,1,4375
2,27027,9,0,0,36,9,3003,3024,1,3025
2,27027,63,0,0,9,9,3003,14976,49,15025
2,27027,819,0,0,9,9,3003,8192,1183,9375
2,27027,2673,0,0,9,9,3003,512,2673,3185
2,27027,4851,0,0,9,9,3003,16000,3773,19773
2,27027,16227,0,0,9,9,3003,520,5409,5929
2,27027,19773,0,0,9,9,3003,2178,2197,4375
2,27032,27032,0,0,16,8,3379,324,3379,3703
2,27048,2744,0,0,8,8,3381,2176,2401,4577
2,27117,1179,0,0,36,9,3013,4096,393,4489
2,27135,9,0,0,9,9,3015,4374,1,4375
2,27135,5427,0,0,9,9,3015,13792,3015,16807
2,27135,5625,0,0,9,9,3015,4802,625,5427
2,27135,19683,0,0,9,9,3015,938,2187,3125
2,27144,8,0,0,8,8,3393,4374,1,4375
2,27144,8,0,0,16,8,3393,4900,1,4901
2,27144,72,0,0,8,8,3393,21866,9,21875
2,27144,728,0,0,8,8,3393,8192,1183,9375
2,27144,1000,0,0,8,8,3393,27936,625,28561
2,27144,1080,0,0,8,8,3393,8192,1755,9947
2,27144,1944,0,0,8,8,3393,3200,1701,4901
2,27144,4056,0,0,8,8,3393,512,4563,5075
2,27144,5096,0,0,8,8,3393,12416,4459,16875
2,27144,9464,0,0,8,8,3393,8192,15379,23571
2,27144,17576,0,0,8,8,3393,4850,2197,7047
2,27144,22504,0,0,8,8,3393,1750,2813,4563
2,27144,25272,0,0,8,8,3393,6250,3159,9409
2,27320,8,0,0,32,8,3415,18224,1,18225
2,27320,27320,0,0,8,8,3415,8978,3415,12393
2,27368,8,0,0,8,8,3421,7986,1,7987
2,27384,8,0,0,8,8,3423,4374,1,4375
2,27384,1000,0,0,8,8,3423,18144,625,18769
2,27387,9,0,0,9,9,3043,4374,1,4375
2,27387,27,0,0,9,9,3043,14848,27,14875
2,27387,441,0,0,9,9,3043,14450,49,14499
2,27387,2187,0,0,9,9,3043,10382,243,10625
2,27387,2601,0,0,9,9,3043,14210,289,14499
2,27387,27387,0,0,9,9,3043,1682,3043,4725
2,27405,9,0,0,9,9,3045,4374,1,4375
2,27405,9,0,0,72,9,3045,7424,1,7425
2,27405,10935,0,0,9,9,3045,3872,6075,9947
2,27405,22707,0,0,9,9,3045,1250,2523,3773
2,27480,8,0,0,8,8,3435,4374,1,4375
2,27495,1125,0,0,9,9,3055,13122,125,13247
2,27495,9171,0,0,9,9,3055,2106,1019,3125
2,27495,19683,0,0,9,9,3055,2038,2187,4225
2,27560,216,0,0,8,8,3445,40598,27,40625
2,27657,9,0,0,9,9,3073,4374,1,4375
2,27675,9225,0,0,36,9,3075,3888,1025,4913
2,27704,8,0,0,8,8,3463,4374,1,4375
2,27704,27704,0,0,8,8,3463,2662,3463,6125
2,27720,8,0,0,8,8,3465,4374,1,4375
2,27765,9,0,0,9,9,3085,4374,1,4375
2,27837,9279,0,0,36,9,3093,9904,1031,10935
2,27864,5832,0,0,8,8,3483,22016,6561,28577
2,27864,9720,0,0,8,8,3483,3698,1215,4913
2,27944,8,0,0,8,8,3493,4374,1,4375
2,27945,3375,0,0,9,9,3105,512,3375,3887
2,27945,10755,0,0,9,9,3105,4394,1195,5589
2,27981,27981,0,0,18,9,3109,612,3109,3721
2,28035,9,0,0,9,9,3115,4374,1,4375
2,28035,9351,0,0,9,9,3115,8,3117,3125
2,28035,19683,0,0,9,9,3115,712,6561,7273
2,28197,585,0,0,9,9,3133,6144,715,6859
2,28197,675,0,0,9,9,3133,25064,225,25289
2,28197,11979,0,0,9,9,3133,36632,3993,40625
2,28287,9,0,0,36,9,3143,4624,1,4625
2,28305,9,0,0,36,9,3145,4624,1,4625
2,28305,8325,0,0,9,9,3145,288,4625,4913
2,28413,5103,0,0,9,9,3157,4394,567,4961
2,28647,9,0,0,9,9,3183,4374,1,4375
2,28647,819,0,0,9,9,3183,8192,1183,9375
2,28647,18225,0,0,9,9,3183,1352,6075,7427
2,28755,9,0,0,9,9,3195,5750,1,5751
2,28755,18765,0,0,9,9,3195,10082,2085,12167
2,28791,9,0,0,36,9,3199,4752,1,4753
2,28899,9,0,0,18,9,3211,31212,1,31213
2,28899,81,0,0,9,9,3211,60928,81,61009
2,28899,5733,0,0,9,9,3211,8192,8281,16473
2,28917,9,0,0,9,9,3213,4374,1,4375
2,28917,18207,0,0,9,9,3213,3200,14161,17361
2,29025,9,0,0,9,9,3225,4374,1,4375
2,29115,29115,0,0,36,9,3235,1328,3235,4563
2,29169,3087,0,0,9,9,3241,4418,343,4761
2,29187,9,0,0,9,9,3243,64000,9,64009
2,29187,9,0,0,9,9,3243,71874,1,71875
2,29187,243,0,0,9,9,3243,5632,243,5875
2,29187,4761,0,0,9,9,3243,5346,529,5875
2,29187,4761,0,0,9,9,3243,5546,529,6075
2,29187,5175,0,0,9,9,3243,512,5175,5687
2,29187,9315,0,0,9,9,3243,376,3105,3481
2,29187,16875,0,0,9,9,3243,70688,9375,80063
2,29187,19881,0,0,9,9,3243,1058,2209,3267
2,29187,28125,0,0,9,9,3243,43424,15625,59049
2,29205,5445,0,0,9,9,3245,1888,3025,4913
2,29277,9,0,0,9,9,3253,4374,1,4375
2,29295,9,0,0,9,9,3255,4374,1,4375
2,29295,1125,0,0,9,9,3255,100842,125,100967
2,29547,9,0,0,9,9,3283,4374,1,4375
2,29547,729,0,0,9,9,3283,42632,243,42875
2,29547,1125,0,0,9,9,3283,4704,625,5329
2,29547,3087,0,0,9,9,3283,9782,343,10125
2,29547,3285,0,0,9,9,3283,2144,1825,3969
2,29547,4221,0,0,18,9,3283,4860,469,5329
2,29547,5625,0,0,9,9,3283,4802,625,5427
2,29565,9,0,0,9,9,3285,101250,1,101251
2,29565,16425,0,0,9,9,3285,1384,5475,6859
2,29583,1287,0,0,9,9,3287,8192,1859,10051
2,29655,9,0,0,9,9,3295,4374,1,4375
2,29817,29817,0,0,9,9,3313,1250,3313,4563
2,29835,9,0,0,36,9,3315,26000,1,26001
2,29835,27,0,0,9,9,3315,4216,9,4225
2,29835,1125,0,0,9,9,3315,9826,125,9951
2,29835,3825,0,0,9,9,3315,5408,2125,7533
2,29835,6075,0,0,9,9,3315,26536,2025,28561
2,29835,26001,0,0,9,9,3315,2560,26001,28561
2,29925,9,0,0,9,9,3325,4374,1,4375
2,29925,21375,0,0,9,9,3325,32,11875,11907
2,29997,9,0,0,9,9,3333,64000,9,64009
2,29997,9,0,0,9,9,3333,71874,1,71875
2,29997,9,0,0,72,9,3333,7424,1,7425
2,29997,243,0,0,9,9,3333,10120,81,10201
2,29997,4761,0,0,9,9,3333,864,2645,3509
2,29997,7569,0,0,9,9,3333,33534,841,34375
2,29997,7569,0,0,9,9,3333,59994,841,60835
2,29997,26361,0,0,9,9,3333,3726,2929,6655
2,30030,10,0,0,10,10,3003,4374,1,4375
2,30030,10,0,0,40,10,3003,3024,1,3025
2,30030,70,0,0,10,10,3003,14976,49,15025
2,30030,910,0,0,10,10,3003,8192,1183,9375
2,30030,2970,0,0,10,10,3003,512,2673,3185
2,30030,5390,0,0,10,10,3003,16000,3773,19773
2,30030,18030,0,0,10,10,3003,520,5409,5929
2,30030,21970,0,0,10,10,3003,2178,2197,4375
2,30051,25281,0,0,9,9,3339,4394,2809,7203
2,30130,1310,0,0,40,10,3013,4096,393,4489
2,30150,10,0,0,10,10,3015,4374,1,4375
2,30150,6030,0,0,10,10,3015,13792,3015,16807
2,30150,6250,0,0,10,10,3015,4802,625,5427
2,30150,21870,0,0,10,10,3015,938,2187,3125
2,30195,9,0,0,36,9,3355,14640,1,14641
2,30285,7875,0,0,9,9,3365,128,6125,6253
2,30411,30411,0,0,18,9,3379,324,3379,3703
2,30429,3087,0,0,9,9,3381,2176,2401,4577
2,30430,10,0,0,10,10,3043,4374,1,4375
2,30430,30,0,0,10,10,3043,14848,27,14875
2,30430,490,0,0,10,10,3043,14450,49,14499
2,30430,2430,0,0,10,10,3043,10382,243,10625
2,30430,2890,0,0,10,10,3043,14210,289,14499
2,30430,30430,0,0,10,10,3043,1682,3043,4725
2,30450,10,0,0,10,10,3045,4374,1,4375
2,30450,10,0,0,80,10,3045,7424,1,7425
2,30450,12150,0,0,10,10,3045,3872,6075,9947
2,30450,25230,0,0,10,10,3045,1250,2523,3773
2,30537,9,0,0,9,9,3393,4374,1,4375
2,30537,9,0,0,18,9,3393,4900,1,4901
2,30537,81,0,0,9,9,3393,21866,9,21875
2,30537,819,0,0,9,9,3393,8192,1183,9375
2,30537,1125,0,0,9,9,3393,27936,625,28561
2,30537,1215,0,0,9,9,3393,8192,1755,9947
2,30537,2187,0,0,9,9,3393,3200,1701,4901
2,30537,4563,0,0,9,9,3393,512,4563,5075
2,30537,5733,0,0,9,9,3393,12416,4459,16875
2,30537,10647,0,0,9,9,3393,8192,15379,23571
2,30537,19773,0,0,9,9,3393,4850,2197,7047
2,30537,25317,0,0,9,9,3393,1750,2813,4563
2,30537,28431,0,0,9,9,3393,6250,3159,9409
2,30550,1250,0,0,10,10,3055,13122,125,13247
2,30550,10190,0,0,10,10,3055,2106,1019,3125
2,30550,21870,0,0,10,10,3055,2038,2187,4225
2,30730,10,0,0,10,10,3073,4374,1,4375
2,30735,9,0,0,36,9,3415,18224,1,18225
2,30735,30735,0,0,9,9,3415,8978,3415,12393
2,30750,10250,0,0,40,10,3075,3888,1025,4913
2,30789,9,0,0,9,9,3421,7986,1,7987
2,30807,9,0,0,9,9,3423,4374,1,4375
2,30807,1125,0,0,9,9,3423,18144,625,18769
2,30850,10,0,0,10,10,3085,4374,1,4375
2,30915,9,0,0,9,9,3435,4374,1,4375
2,30930,10310,0,0,40,10,3093,9904,1031,10935
2,31005,243,0,0,9,9,3445,40598,27,40625
2,31050,3750,0,0,10,10,3105,512,3375,3887
2,31050,11950,0,0,10,10,3105,4394,1195,5589
2,31090,31090,0,0,20,10,3109,612,3109,3721
2,31150,10,0,0,10,10,3115,4374,1,4375
2,31150,10390,0,0,10,10,3115,8,3117,3125
2,31150,21870,0,0,10,10,3115,712,6561,7273
2,31167,9,0,0,9,9,3463,4374,1,4375
2,31167,31167,0,0,9,9,3463,2662,3463,6125
2,31185,9,0,0,9,9,3465,4374,1,4375
2,31330,650,0,0,10,10,3133,6144,715,6859
2,31330,750,0,0,10,10,3133,25064,225,25289
2,31330,13310,0,0,10,10,3133,36632,3993,40625
2,31347,6561,0,0,9,9,3483,22016,6561,28577
2,31347,10935,0,0,9,9,3483,3698,1215,4913
2,31430,10,0,0,40,10,3143,4624,1,4625
2,31437,9,0,0,9,9,3493,4374,1,4375
2,31450,10,0,0,40,10,3145,4624,1,4625
2,31450,9250,0,0,10,10,3145,288,4625,4913
2,31570,5670,0,0,10,10,3157,4394,567,4961
2,31830,10,0,0,10,10,3183,4374,1,4375
2,31830,910,0,0,10,10,3183,8192,1183,9375
2,31830,20250,0,0,10,10,3183,1352,6075,7427
2,31950,10,0,0,10,10,3195,5750,1,5751
2,31950,20850,0,0,10,10,3195,10082,2085,12167
2,31990,10,0,0,40,10,3199,4752,1,4753
2,32110,10,0,0,20,10,3211,31212,1,31213
2,32110,90,0,0,10,10,3211,60928,81,61009
2,32110,6370,0,0,10,10,3211,8192,8281,16473
2,32130,10,0,0,10,10,3213,4374,1,4375
2,32130,20230,0,0,10,10,3213,3200,14161,17361
2,32250,10,0,0,10,10,3225,4374,1,4375
2,32350,32350,0,0,40,10,3235,1328,3235,4563
2,32410,3430,0,0,10,10,3241,4418,343,4761
2,32430,10,0,0,10,10,3243,64000,9,64009
2,32430,10,0,0,10,10,3243,71874,1,71875
2,32430,270,0,0,10,10,3243,5632,243,5875
2,32430,5290,0,0,10,10,3243,5346,529,5875
2,32430,5290,0,0,10,10,3243,5546,529,6075
2,32430,5750,0,0,10,10,3243,512,5175,5687
2,32430,10350,0,0,10,10,3243,376,3105,3481
2,32430,18750,0,0,10,10,3243,70688,9375,80063
2,32430,22090,0,0,10,10,3243,1058,2209,3267
2,32430,31250,0,0,10,10,3243,43424,15625,59049
2,32450,6050,0,0,10,10,3245,1888,3025,4913
2,32530,10,0,0,10,10,3253,4374,1,4375
2,32550,10,0,0,10,10,3255,4374,1,4375
2,32550,1250,0,0,10,10,3255,100842,125,100967
2,32830,10,0,0,10,10,3283,4374,1,4375
2,32830,810,0,0,10,10,3283,42632,243,42875
2,32830,1250,0,0,10,10,3283,4704,625,5329
2,32830,3430,0,0,10,10,3283,9782,343,10125
2,32830,3650,0,0,10,10,3283,2144,1825,3969
2,32830,4690,0,0,20,10,3283,4860,469,5329
2,32830,6250,0,0,10,10,3283,4802,625,5427
2,32850,10,0,0,10,10,3285,101250,1,101251
2,32850,18250,0,0,10,10,3285,1384,5475,6859
2,32870,1430,0,0,10,10,3287,8192,1859,10051
2,32950,10,0,0,10,10,3295,4374,1,4375
2,33033,11,0,0,11,11,3003,4374,1,4375
2,33033,11,0,0,44,11,3003,3024,1,3025
2,33033,77,0,0,11,11,3003,14976,49,15025
2,33033,1001,0,0,11,11,3003,8192,1183,9375
2,33033,3267,0,0,11,11,3003,512,2673,3185
2,33033,5929,0,0,11,11,3003,16000,3773,19773
2,33033,19833,0,0,11,11,3003,520,5409,5929
2,33033,24167,0,0,11,11,3003,2178,2197,4375
2,33130,33130,0,0,10,10,3313,1250,3313,4563
2,33143,1441,0,0,44,11,3013,4096,393,4489
2,33150,10,0,0,40,10,3315,26000,1,26001
2,33150,30,0,0,10,10,3315,4216,9,4225
2,33150,1250,0,0,10,10,3315,9826,125,9951
2,33150,4250,0,0,10,10,3315,5408,2125,7533
2,33150,6750,0,0,10,10,3315,26536,2025,28561
2,33150,28890,0,0,10,10,3315,2560,26001,28561
2,33165,11,0,0,11,11,3015,4374,1,4375
2,33165,6633,0,0,11,11,3015,13792,3015,16807
2,33165,6875,0,0,11,11,3015,4802,625,5427
2,33165,24057,0,0,11,11,3015,938,2187,3125
2,33250,10,0,0,10,10,3325,4374,1,4375
2,33250,23750,0,0,10,10,3325,32,11875,11907
2,33330,10,0,0,10,10,3333,64000,9,64009
2,33330,10,0,0,10,10,3333,71874,1,71875
2,33330,10,0,0,80,10,3333,7424,1,7425
2,33330,270,0,0,10,10,3333,10120,81,10201
2,33330,5290,0,0,10,10,3333,864,2645,3509
2,33330,8410,0,0,10,10,3333,33534,841,34375
2,33330,8410,0,0,10,10,3333,59994,841,60835
2,33330,29290,0,0,10,10,3333,3726,2929,6655
2,33390,28090,0,0,10,10,3339,4394,2809,7203
2,33473,11,0,0,11,11,3043,4374,1,4375
2,33473,33,0,0,11,11,3043,14848,27,14875
2,33473,539,0,0,11,11,3043,14450,49,14499
2,33473,2673,0,0,11,11,3043,10382,243,10625
2,33473,3179,0,0,11,11,3043,14210,289,14499
2,33473,33473,0,0,11,11,3043,1682,3043,4725
2,33495,11,0,0,11,11,3045,4374,1,4375
2,33495,11,0,0,88,11,3045,7424,1,7425
2,33495,13365,0,0,11,11,3045,3872,6075,9947
2,33495,27753,0,0,11,11,3045,1250,2523,3773
2,33550,10,0,0,40,10,3355,14640,1,14641
2,33605,1375,0,0,11,11,3055,13122,125,13247
2,33605,11209,0,0,11,11,3055,2106,1019,3125
2,33605,24057,0,0,11,11,3055,2038,2187,4225
2,33650,8750,0,0,10,10,3365,128,6125,6253
2,33790,33790,0,0,20,10,3379,324,3379,3703
2,33803,11,0,0,11,11,3073,4374,1,4375
2,33810,3430,0,0,10,10,3381,2176,2401,4577
2,33825,11275,0,0,44,11,3075,3888,1025,4913
2,33930,10,0,0,10,10,3393,4374,1,4375
2,33930,10,0,0,20,10,3393,4900,1,4901
2,33930,90,0,0,10,10,3393,21866,9,21875
2,33930,910,0,0,10,10,3393,8192,1183,9375
2,33930,1250,0,0,10,10,3393,27936,625,28561
2,33930,1350,0,0,10,10,3393,8192,1755,9947
2,33930,2430,0,0,10,10,3393,3200,1701,4901
2,33930,5070,0,0,10,10,3393,512,4563,5075
2,33930,6370,0,0,10,10,3393,12416,4459,16875
2,33930,11830,0,0,10,10,3393,8192,15379,23571
2,33930,21970,0,0,10,10,3393,4850,2197,7047
2,33930,28130,0,0,10,10,3393,1750,2813,4563
2,33930,31590,0,0,10,10,3393,6250,3159,9409
2,33935,11,0,0,11,11,3085,4374,1,4375
2,34023,11341,0,0,44,11,3093,9904,1031,10935
2,34150,10,0,0,40,10,3415,18224,1,18225
2,34150,34150,0,0,10,10,3415,8978,3415,12393
2,34155,4125,0,0,11,11,3105,512,3375,3887
2,34155,13145,0,0,11,11,3105,4394,1195,5589
2,34199,34199,0,0,22,11,3109,612,3109,3721
2,34210,10,0,0,10,10,3421,7986,1,7987
2,34230,10,0,0,10,10,3423,4374,1,4375
2,34230,1250,0,0,10,10,3423,18144,625,18769
2,34265,11,0,0,11,11,3115,4374,1,4375
2,34265,11429,0,0,11,11,3115,8,3117,3125
2,34265,24057,0,0,11,11,3115,712,6561,7273
2,34350,10,0,0,10,10,3435,4374,1,4375
2,34450,270,0,0,10,10,3445,40598,27,40625
2,34463,715,0,0,11,11,3133,6144,715,6859
2,34463,825,0,0,11,11,3133,25064,225,25289
2,34463,14641,0,0,11,11,3133,36632,3993,40625
2,34573,11,0,0,44,11,3143,4624,1,4625
2,34595,11,0,0,44,11,3145,4624,1,4625
2,34595,10175,0,0,11,11,3145,288,4625,4913
2,34630,10,0,0,10,10,3463,4374,1,4375
2,34630,34630,0,0,10,10,3463,2662,3463,6125
2,34650,10,0,0,10,10,3465,4374,1,4375
2,34727,6237,0,0,11,11,3157,4394,567,4961
2,34830,7290,0,0,10,10,3483,22016,6561,28577
2,34830,12150,0,0,10,10,3483,3698,1215,4913
2,34930,10,0,0,10,10,3493,4374,1,4375
2,35013,11,0,0,11,11,3183,4374,1,4375
2,35013,1001,0,0,11,11,3183,8192,1183,9375
2,35013,22275,0,0,11,11,3183,1352,6075,7427
2,35145,11,0,0,11,11,3195,5750,1,5751
2,35145,22935,0,0,11,11,3195,10082,2085,12167
2,35189,11,0,0,44,11,3199,4752,1,4753
2,35321,11,0,0,22,11,3211,31212,1,31213
2,35321,99,0,0,11,11,3211,60928,81,61009
2,35321,7007,0,0,11,11,3211,8192,8281,16473
2,35343,11,0,0,11,11,3213,4374,1,4375
2,35343,22253,0,0,11,11,3213,3200,14161,17361
2,35475,11,0,0,11,11,3225,4374,1,4375
2,35585,35585,0,0,44,11,3235,1328,3235,4563
2,35651,3773,0,0,11,11,3241,4418,343,4761
2,35673,11,0,0,11,11,3243,64000,9,64009
2,35673,11,0,0,11,11,3243,71874,1,71875
2,35673,297,0,0,11,11,3243,5632,243,5875
2,35673,5819,0,0,11,11,3243,5346,529,5875
2,35673,5819,0,0,11,11,3243,5546,529,6075
2,35673,6325,0,0,11,11,3243,512,5175,5687
2,35673,11385,0,0,11,11,3243,376,3105,3481
2,35673,20625,0,0,11,11,3243,70688,9375,80063
2,35673,24299,0,0,11,11,3243,1058,2209,3267
2,35673,34375,0,0,11,11,3243,43424,15625,59049
2,35695,6655,0,0,11,11,3245,1888,3025,4913
2,35783,11,0,0,11,11,3253,4374,1,4375
2,35805,11,0,0,11,11,3255,4374,1,4375
2,35805,1375,0,0,11,11,3255,100842,125,100967
2,36036,12,0,0,12,12,3003,4374,1,4375
2,36036,12,0,0,48,12,3003,3024,1,3025
2,36036,84,0,0,12,12,3003,14976,49,15025
2,36036,1092,0,0,12,12,3003,8192,1183,9375
2,36036,3564,0,0,12,12,3003,512,2673,3185
2,36036,6468,0,0,12,12,3003,16000,3773,19773
2,36036,21636,0,0,12,12,3003,520,5409,5929
2,36036,26364,0,0,12,12,3003,2178,2197,4375
2,36113,11,0,0,11,11,3283,4374,1,4375
2,36113,891,0,0,11,11,3283,42632,243,42875
2,36113,1375,0,0,11,11,3283,4704,625,5329
2,36113,3773,0,0,11,11,3283,9782,343,10125
2,36113,4015,0,0,11,11,3283,2144,1825,3969
2,36113,5159,0,0,22,11,3283,4860,469,5329
2,36113,6875,0,0,11,11,3283,4802,625,5427
2,36135,11,0,0,11,11,3285,101250,1,101251
2,36135,20075,0,0,11,11,3285,1384,5475,6859
2,36156,1572,0,0,48,12,3013,4096,393,4489
2,36157,1573,0,0,11,11,3287,8192,1859,10051
2,36180,12,0,0,12,12,3015,4374,1,4375
2,36180,7236,0,0,12,12,3015,13792,3015,16807
2,36180,7500,0,0,12,12,3015,4802,625,5427
2,36180,26244,0,0,12,12,3015,938,2187,3125
2,36245,11,0,0,11,11,3295,4374,1,4375
2,36443,36443,0,0,11,11,3313,1250,3313,4563
2,36465,11,0,0,44,11,3315,26000,1,26001
2,36465,33,0,0,11,11,3315,4216,9,4225
2,36465,1375,0,0,11,11,3315,9826,125,9951
2,36465,4675,0,0,11,11,3315,5408,2125,7533
2,36465,7425,0,0,11,11,3315,26536,2025,28561
2,36465,31779,0,0,11,11,3315,2560,26001,28561
2,36516,12,0,0,12,12,3043,4374,1,4375
2,36516,36,0,0,12,12,3043,14848,27,14875
2,36516,588,0,0,12,12,3043,14450,49,14499
2,36516,2916,0,0,12,12,3043,10382,243,10625
2,36516,3468,0,0,12,12,3043,14210,289,14499
2,36516,36516,0,0,12,12,3043,1682,3043,4725
2,36540,12,0,0,12,12,3045,4374,1,4375
2,36540,12,0,0,96,12,3045,7424,1,7425
2,36540,14580,0,0,12,12,3045,3872,6075,9947
2,36540,30276,0,0,12,12,3045,1250,2523,3773
2,36575,11,0,0,11,11,3325,4374,1,4375
2,36575,26125,0,0,11,11,3325,32,11875,11907
2,36660,1500,0,0,12,12,3055,13122,125,13247
2,36660,12228,0,0,12,12,3055,2106,1019,3125
2,36660,26244,0,0,12,12,3055,2038,2187,4225
2,36663,11,0,0,11,11,3333,64000,9,64009
2,36663,11,0,0,11,11,3333,71874,1,71875
2,36663,11,0,0,88,11,3333,7424,1,7425
2,36663,297,0,0,11,11,3333,10120,81,10201
2,36663,5819,0,0,11,11,3333,864,2645,3509
2,36663,9251,0,0,11,11,3333,33534,841,34375
2,36663,9251,0,0,11,11,3333,59994,841,60835
2,36663,32219,0,0,11,11,3333,3726,2929,6655
2,36729,30899,0,0,11,11,3339,4394,2809,7203
2,36876,12,0,0,12,12,3073,4374,1,4375
2,36900,12300,0,0,48,12,3075,3888,1025,4913
2,36905,11,0,0,44,11,3355,14640,1,14641
2,37015,9625,0,0,11,11,3365,128,6125,6253
2,37020,12,0,0,12,12,3085,4374,1,4375
2,37116,12372,0,0,48,12,3093,9904,1031,10935
2,37169,37169,0,0,22,11,3379,324,3379,3703
2,37191,3773,0,0,11,11,3381,2176,2401,4577
2,37260,4500,0,0,12,12,3105,512,3375,3887
2,37260,14340,0,0,12,12,3105,4394,1195,5589
2,37308,37308,0,0,24,12,3109,612,3109,3721
2,37323,11,0,0,11,11,3393,4374,1,4375
2,37323,11,0,0,22,11,3393,4900,1,4901
2,37323,99,0,0,11,11,3393,21866,9,21875
2,37323,1001,0,0,11,11,3393,8192,1183,9375
2,37323,1375,0,0,11,11,3393,27936,625,28561
2,37323,1485,0,0,11,11,3393,8192,1755,9947
2,37323,2673,0,0,11,11,3393,3200,1701,4901
2,37323,5577,0,0,11,11,3393,512,4563,5075
2,37323,7007,0,0,11,11,3393,12416,4459,16875
2,37323,13013,0,0,11,11,3393,8192,15379,23571
2,37323,24167,0,0,11,11,3393,4850,2197,7047
2,37323,30943,0,0,11,11,3393,1750,2813,4563
2,37323,34749,0,0,11,11,3393,6250,3159,9409
2,37380,12,0,0,12,12,3115,4374,1,4375
2,37380,12468,0,0,12,12,3115,8,3117,3125
2,37380,26244,0,0,12,12,3115,712,6561,7273
2,37565,11,0,0,44,11,3415,18224,1,18225
2,37565,37565,0,0,11,11,3415,8978,3415,12393
2,37596,780,0,0,12,12,3133,6144,715,6859
2,37596,900,0,0,12,12,3133,25064,225,25289
2,37596,15972,0,0,12,12,3133,36632,3993,40625
2,37631,11,0,0,11,11,3421,7986,1,7987
2,37653,11,0,0,11,11,3423,4374,1,4375
2,37653,1375,0,0,11,11,3423,18144,625,18769
2,37716,12,0,0,48,12,3143,4624,1,4625
2,37740,12,0,0,48,12,3145,4624,1,4625
2,37740,11100,0,0,12,12,3145,288,4625,4913
2,37785,11,0,0,11,11,3435,4374,1,4375
2,37884,6804,0,0,12,12,3157,4394,567,4961
2,37895,297,0,0,11,11,3445,40598,27,40625
2,38093,11,0,0,11,11,3463,4374,1,4375
2,38093,38093,0,0,11,11,3463,2662,3463,6125
2,38115,11,0,0,11,11,3465,4374,1,4375
2,38196,12,0,0,12,12,3183,4374,1,4375
2,38196,1092,0,0,12,12,3183,8192,1183,9375
2,38196,24300,0,0,12,12,3183,1352,6075,7427
2,38313,8019,0,0,11,11,3483,22016,6561,28577
2,38313,13365,0,0,11,11,3483,3698,1215,4913
2,38340,12,0,0,12,12,3195,5750,1,5751
2,38340,25020,0,0,12,12,3195,10082,2085,12167
2,38388,12,0,0,48,12,3199,4752,1,4753
2,38423,11,0,0,11,11,3493,4374,1,4375
2,38532,12,0,0,24,12,3211,31212,1,31213
2,38532,108,0,0,12,12,3211,60928,81,61009
2,38532,7644,0,0,12,12,3211,8192,8281,16473
2,38556,12,0,0,12,12,3213,4374,1,4375
2,38556,24276,0,0,12,12,3213,3200,14161,17361
2,38700,12,0,0,12,12,3225,4374,1,4375
2,38820,38820,0,0,48,12,3235,1328,3235,4563
2,38892,4116,0,0,12,12,3241,4418,343,4761
2,38916,12,0,0,12,12,3243,64000,9,64009
2,38916,12,0,0,12,12,3243,71874,1,71875
2,38916,324,0,0,12,12,3243,5632,243,5875
2,38916,6348,0,0,12,12,3243,5346,529,5875
2,38916,6348,0,0,12,12,3243,5546,529,6075
2,38916,6900,0,0,12,12,3243,512,5175,5687
2,38916,12420,0,0,12,12,3243,376,3105,3481
2,38916,22500,0,0,12,12,3243,70688,9375,80063
2,38916,26508,0,0,12,12,3243,1058,2209,3267
2,38916,37500,0,0,12,12,3243,43424,15625,59049
2,38940,7260,0,0,12,12,3245,1888,3025,4913
2,39036,12,0,0,12,12,3253,4374,1,4375
2,39039,13,0,0,13,13,3003,4374,1,4375
2,39039,13,0,0,52,13,3003,3024,1,3025
2,39039,91,0,0,13,13,3003,14976,49,15025
2,39039,1183,0,0,13,13,3003,8192,1183,9375
2,39039,3861,0,0,13,13,3003,512,2673,3185
2,39039,7007,0,0,13,13,3003,16000,3773,19773
2,39039,23439,0,0,13,13,3003,520,5409,5929
2,39039,28561,0,0,13,13,3003,2178,2197,4375
2,39060,12,0,0,12,12,3255,4374,1,4375
2,39060,1500,0,0,12,12,3255,100842,125,100967
2,39169,1703,0,0,52,13,3013,4096,393,4489
2,39195,13,0,0,13,13,3015,4374,1,4375
2,39195,7839,0,0,13,13,3015,13792,3015,16807
2,39195,8125,0,0,13,13,3015,4802,625,5427
2,39195,28431,0,0,13,13,3015,938,2187,3125
2,39396,12,0,0,12,12,3283,4374,1,4375
2,39396,972,0,0,12,12,3283,42632,243,42875
2,39396,1500,0,0,12,12,3283,4704,625,5329
2,39396,4116,0,0,12,12,3283,9782,343,10125
2,39396,4380,0,0,12,12,3283,2144,1825,3969
2,39396,5628,0,0,24,12,3283,4860,469,5329
2,39396,7500,0,0,12,12,3283,4802,625,5427
2,39420,12,0,0,12,12,3285,101250,1,101251
2,39420,21900,0,0,12,12,3285,1384,5475,6859
2,39444,1716,0,0,12,12,3287,8192,1859,10051
2,39540,12,0,0,12,12,3295,4374,1,4375
2,39559,13,0,0,13,13,3043,4374,1,4375
2,39559,39,0,0,13,13,3043,14848,27,14875
2,39559,637,0,0,13,13,3043,14450,49,14499
2,39559,3159,0,0,13,13,3043,10382,243,10625
2,39559,3757,0,0,13,13,3043,14210,289,14499
2,39559,39559,0,0,13,13,3043,1682,3043,4725
2,39585,13,0,0,13,13,3045,4374,1,4375
2,39585,13,0,0,104,13,3045,7424,1,7425
2,39585,15795,0,0,13,13,3045,3872,6075,9947
2,39585,32799,0,0,13,13,3045,1250,2523,3773
2,39715,1625,0,0,13,13,3055,13122,125,13247
2,39715,13247,0,0,13,13,3055,2106,1019,3125
2,39715,28431,0,0,13,13,3055,2038,2187,4225
2,39756,39756,0,0,12,12,3313,1250,3313,4563
2,39780,12,0,0,48,12,3315,26000,1,26001
2,39780,36,0,0,12,12,3315,4216,9,4225
2,39780,1500,0,0,12,12,3315,9826,125,9951
2,39780,5100,0,0,12,12,3315,5408,2125,7533
2,39780,8100,0,0,12,12,3315,26536,2025,28561
2,39780,34668,0,0,12,12,3315,2560,26001,28561
2,39900,12,0,0,12,12,3325,4374,1,4375
2,39900,28500,0,0,12,12,3325,32,11875,11907
2,39949,13,0,0,13,13,3073,4374,1,4375
2,39975,13325,0,0,52,13,3075,3888,1025,4913
2,39996,12,0,0,12,12,3333,64000,9,64009
2,39996,12,0,0,12,12,3333,71874,1,71875
2,39996,12,0,0,96,12,3333,7424,1,7425
2,39996,324,0,0,12,12,3333,10120,81,10201
2,39996,6348,0,0,12,12,3333,864,2645,3509
2,39996,10092,0,0,12,12,3333,33534,841,34375
2,39996,10092,0,0,12,12,3333,59994,841,60835
2,39996,35148,0,0,12,12,3333,3726,2929,6655
2,40068,33708,0,0,12,12,3339,4394,2809,7203
2,40105,13,0,0,13,13,3085,4374,1,4375
2,40209,13403,0,0,52,13,3093,9904,1031,10935
2,40260,12,0,0,48,12,3355,14640,1,14641
2,40365,4875,0,0,13,13,3105,512,3375,3887
2,40365,15535,0,0,13,13,3105,4394,1195,5589
2,40380,10500,0,0,12,12,3365,128,6125,6253
2,40417,40417,0,0,26,13,3109,612,3109,3721
2,40495,13,0,0,13,13,3115,4374,1,4375
2,40495,13507,0,0,13,13,3115,8,3117,3125
2,40495,28431,0,0,13,13,3115,712,6561,7273
2,40548,40548,0,0,24,12,3379,324,3379,3703
2,40572,4116,0,0,12,12,3381,2176,2401,4577
2,40716,12,0,0,12,12,3393,4374,1,4375
2,40716,12,0,0,24,12,3393,4900,1,4901
2,40716,108,0,0,12,12,3393,21866,9,21875
2,40716,1092,0,0,12,12,3393,8192,1183,9375
2,40716,1500,0,0,12,12,3393,27936,625,28561
2,40716,1620,0,0,12,12,3393,8192,1755,9947
2,40716,2916,0,0,12,12,3393,3200,1701,4901
2,40716,6084,0,0,12,12,3393,512,4563,5075
2,40716,7644,0,0,12,12,3393,12416,4459,16875
2,40716,14196,0,0,12,12,3393,8192,15379,23571
2,40716,26364,0,0,12,12,3393,4850,2197,7047
2,40716,33756,0,0,12,12,3393,1750,2813,4563
2,40716,37908,0,0,12,12,3393,6250,3159,9409
2,40729,845,0,0,13,13,3133,6144,715,6859
2,40729,975,0,0,13,13,3133,25064,225,25289
2,40729,17303,0,0,13,13,3133,36632,3993,40625
2,40859,13,0,0,52,13,3143,4624,1,4625
2,40885,13,0,0,52,13,3145,4624,1,4625
2,40885,12025,0,0,13,13,3145,288,4625,4913
2,40980,12,0,0,48,12,3415,18224,1,18225
2,40980,40980,0,0,12,12,3415,8978,3415,12393
2,41041,7371,0,0,13,13,3157,4394,567,4961
2,41052,12,0,0,12,12,3421,7986,1,7987
2,41076,12,0,0,12,12,3423,4374,1,4375
2,41076,1500,0,0,12,12,3423,18144,625,18769
2,41220,12,0,0,12,12,3435,4374,1,4375
2,41340,324,0,0,12,12,3445,40598,27,40625
2,41379,13,0,0,13,13,3183,4374,1,4375
2,41379,1183,0,0,13,13,3183,8192,1183,9375
2,41379,26325,0,0,13,13,3183,1352,6075,7427
2,41535,13,0,0,13,13,3195,5750,1,5751
2,41535,27105,0,0,13,13,3195,10082,2085,12167
2,41556,12,0,0,12,12,3463,4374,1,4375
2,41556,41556,0,0,12,12,3463,2662,3463,6125
2,41580,12,0,0,12,12,3465,4374,1,4375
2,41587,13,0,0,52,13,3199,4752,1,4753
2,41743,13,0,0,26,13,3211,31212,1,31213
2,41743,117,0,0,13,13,3211,60928,81,61009
2,41743,8281,0,0,13,13,3211,8192,8281,16473
2,41769,13,0,0,13,13,3213,4374,1,4375
2,41769,26299,0,0,13,13,3213,3200,14161,17361
2,41796,8748,0,0,12,12,3483,22016,6561,28577
2,41796,14580,0,0,12,12,3483,3698,1215,4913
2,41916,12,0,0,12,12,3493,4374,1,4375
2,41925,13,0,0,13,13,3225,4374,1,4375
2,42042,14,0,0,14,14,3003,4374,1,4375
2,42042,14,0,0,56,14,3003,3024,1,3025
2,42042,98,0,0,14,14,3003,14976,49,15025
2,42042,1274,0,0,14,14,3003,8192,1183,9375
2,42042,4158,0,0,14,14,3003,512,2673,3185
2,42042,7546,0,0,14,14,3003,16000,3773,19773
2,42042,25242,0,0,14,14,3003,520,5409,5929
2,42042,30758,0,0,14,14,3003,2178,2197,4375
2,42055,42055,0,0,52,13,3235,1328,3235,4563
2,42133,4459,0,0,13,13,3241,4418,343,4761
2,42159,13,0,0,13,13,3243,64000,9,64009
2,42159,13,0,0,13,13,3243,71874,1,71875
2,42159,351,0,0,13,13,3243,5632,243,5875
2,42159,6877,0,0,13,13,3243,5346,529,5875
2,42159,6877,0,0,13,13,3243,5546,529,6075
2,42159,7475,0,0,13,13,3243,512,5175,5687
2,42159,13455,0,0,13,13,3243,376,3105,3481
2,42159,24375,0,0,13,13,3243,70688,9375,80063
2,42159,28717,0,0,13,13,3243,1058,2209,3267
2,42159,40625,0,0,13,13,3243,43424,15625,59049
2,42182,1834,0,0,56,14,3013,4096,393,4489
2,42185,7865,0,0,13,13,3245,1888,3025,4913
2,42210,14,0,0,14,14,3015,4374,1,4375
2,42210,8442,0,0,14,14,3015,13792,3015,16807
2,42210,8750,0,0,14,14,3015,4802,625,5427
2,42210,30618,0,0,14,14,3015,938,2187,3125
2,42289,13,0,0,13,13,3253,4374,1,4375
2,42315,13,0,0,13,13,3255,4374,1,4375
2,42315,1625,0,0,13,13,3255,100842,125,100967
2,42602,14,0,0,14,14,3043,4374,1,4375
2,42602,42,0,0,14,14,3043,14848,27,14875
2,42602,686,0,0,14,14,3043,14450,49,14499
2,42602,3402,0,0,14,14,3043,10382,243,10625
2,42602,4046,0,0,14,14,3043,14210,289,14499
2,42602,42602,0,0,14,14,3043,1682,3043,4725
2,42630,14,0,0,14,14,3045,4374,1,4375
2,42630,14,0,0,112,14,3045,7424,1,7425
2,42630,17010,0,0,14,14,3045,3872,6075,9947
2,42630,35322,0,0,14,14,3045,1250,2523,3773
2,42679,13,0,0,13,13,3283,4374,1,4375
2,42679,1053,0,0,13,13,3283,42632,243,42875
2,42679,1625,0,0,13,13,3283,4704,625,5329
2,42679,4459,0,0,13,13,3283,9782,343,10125
2,42679,4745,0,0,13,13,3283,2144,1825,3969
2,42679,6097,0,0,26,13,3283,4860,469,5329
2,42679,8125,0,0,13,13,3283,4802,625,5427
2,42705,13,0,0,13,13,3285,101250,1,101251
2,42705,23725,0,0,13,13,3285,1384,5475,6859
2,42731,1859,0,0,13,13,3287,8192,1859,10051
2,42770,1750,0,0,14,14,3055,13122,125,13247
2,42770,14266,0,0,14,14,3055,2106,1019,3125
2,42770,30618,0,0,14,14,3055,2038,2187,4225
2,42835,13,0,0,13,13,3295,4374,1,4375
2,43022,14,0,0,14,14,3073,4374,1,4375
2,43050,14350,0,0,56,14,3075,3888,1025,4913
2,43069,43069,0,0,13,13,3313,1250,3313,4563
2,43095,13,0,0,52,13,3315,26000,1,26001
2,43095,39,0,0,13,13,3315,4216,9,4225
2,43095,1625,0,0,13,13,3315,9826,125,9951
2,43095,5525,0,0,13,13,3315,5408,2125,7533
2,43095,8775,0,0,13,13,3315,26536,2025,28561
2,43095,37557,0,0,13,13,3315,2560,26001,28561
2,43190,14,0,0,14,14,3085,4374,1,4375
2,43225,13,0,0,13,13,3325,4374,1,4375
2,43225,30875,0,0,13,13,3325,32,11875,11907
2,43302,14434,0,0,56,14,3093,9904,1031,10935
2,43329,13,0,0,13,13,3333,64000,9,64009
2,43329,13,0,0,13,13,3333,71874,1,71875
2,43329,13,0,0,104,13,3333,7424,1,7425
2,43329,351,0,0,13,13,3333,10120,81,10201
2,43329,6877,0,0,13,13,3333,864,2645,3509
2,43329,10933,0,0,13,13,3333,33534,841,34375
2,43329,10933,0,0,13,13,3333,59994,841,60835
2,43329,38077,0,0,13,13,3333,3726,2929,6655
2,43407,36517,0,0,13,13,3339,4394,2809,7203
2,43470,5250,0,0,14,14,3105,512,3375,3887
2,43470,16730,0,0,14,14,3105,4394,1195,5589
2,43526,43526,0,0,28,14,3109,612,3109,3721
2,43610,14,0,0,14,14,3115,4374,1,4375
2,43610,14546,0,0,14,14,3115,8,3117,3125
2,43610,30618,0,0,14,14,3115,712,6561,7273
2,43615,13,0,0,52,13,3355,14640,1,14641
2,43745,11375,0,0,13,13,3365,128,6125,6253
2,43862,910,0,0,14,14,3133,6144,715,6859
2,43862,1050,0,0,14,14,3133,25064,225,25289
2,43862,18634,0,0,14,14,3133,36632,3993,40625
2,43927,43927,0,0,26,13,3379,324,3379,3703
2,43953,4459,0,0,13,13,3381,2176,2401,4577
2,44002,14,0,0,56,14,3143,4624,1,4625
2,44030,14,0,0,56,14,3145,4624,1,4625
2,44030,12950,0,0,14,14,3145,288,4625,4913
2,44109,13,0,0,13,13,3393,4374,1,4375
2,44109,13,0,0,26,13,3393,4900,1,4901
2,44109,117,0,0,13,13,3393,21866,9,21875
2,44109,1183,0,0,13,13,3393,8192,1183,9375
2,44109,1625,0,0,13,13,3393,27936,625,28561
2,44109,1755,0,0,13,13,3393,8192,1755,9947
2,44109,3159,0,0,13,13,3393,3200,1701,4901
2,44109,6591,0,0,13,13,3393,512,4563,5075
2,44109,8281,0,0,13,13,3393,12416,4459,16875
2,44109,15379,0,0,13,13,3393,8192,15379,23571
2,44109,28561,0,0,13,13,3393,4850,2197,7047
2,44109,36569,0,0,13,13,3393,1750,2813,4563
2,44109,41067,0,0,13,13,3393,6250,3159,9409
2,44198,7938,0,0,14,14,3157,4394,567,4961
2,44395,13,0,0,52,13,3415,18224,1,18225
2,44395,44395,0,0,13,13,3415,8978,3415,12393
2,44473,13,0,0,13,13,3421,7986,1,7987
2,44499,13,0,0,13,13,3423,4374,1,4375
2,44499,1625,0,0,13,13,3423,18144,625,18769
2,44562,14,0,0,14,14,3183,4374,1,4375
2,44562,1274,0,0,14,14,3183,8192,1183,9375
2,44562,28350,0,0,14,14,3183,1352,6075,7427
2,44655,13,0,0,13,13,3435,4374,1,4375
2,44730,14,0,0,14,14,3195,5750,1,5751
2,44730,29190,0,0,14,14,3195,10082,2085,12167
2,44785,351,0,0,13,13,3445,40598,27,40625
2,44786,14,0,0,56,14,3199,4752,1,4753
2,44954,14,0,0,28,14,3211,31212,1,31213
2,44954,126,0,0,14,14,3211,60928,81,61009
2,44954,8918,0,0,14,14,3211,8192,8281,16473
2,44982,14,0,0,14,14,3213,4374,1,4375
2,44982,28322,0,0,14,14,3213,3200,14161,17361
2,45019,13,0,0,13,13,3463,4374,1,4375
2,45019,45019,0,0,13,13,3463,2662,3463,6125
2,45045,13,0,0,13,13,3465,4374,1,4375
2,45045,15,0,0,15,15,3003,4374,1,4375
2,45045,15,0,0,60,15,3003,3024,1,3025
2,45045,105,0,0,15,15,3003,14976,49,15025
2,45045,1365,0,0,15,15,3003,8192,1183,9375
2,45045,4455,0,0,15,15,3003,512,2673,3185
2,45045,8085,0,0,15,15,3003,16000,3773,19773
2,45045,27045,0,0,15,15,3003,520,5409,5929
2,45045,32955,0,0,15,15,3003,2178,2197,4375
2,45150,14,0,0,14,14,3225,4374,1,4375
2,45195,1965,0,0,60,15,3013,4096,393,4489
2,45225,15,0,0,15,15,3015,4374,1,4375
2,45225,9045,0,0,15,15,3015,13792,3015,16807
2,45225,9375,0,0,15,15,3015,4802,625,5427
2,45225,32805,0,0,15,15,3015,938,2187,3125
2,45279,9477,0,0,13,13,3483,22016,6561,28577
2,45279,15795,0,0,13,13,3483,3698,1215,4913
2,45290,45290,0,0,56,14,3235,1328,3235,4563
2,45374,4802,0,0,14,14,3241,4418,343,4761
2,45402,14,0,0,14,14,3243,64000,9,64009
2,45402,14,0,0,14,14,3243,71874,1,71875
2,45402,378,0,0,14,14,3243,5632,243,5875
2,45402,7406,0,0,14,14,3243,5346,529,5875
2,45402,7406,0,0,14,14,3243,5546,529,6075
2,45402,8050,0,0,14,14,3243,512,5175,5687
2,45402,14490,0,0,14,14,3243,376,3105,3481
2,45402,26250,0,0,14,14,3243,70688,9375,80063
2,45402,30926,0,0,14,14,3243,1058,2209,3267
2,45402,43750,0,0,14,14,3243,43424,15625,59049
2,45409,13,0,0,13,13,3493,4374,1,4375
2,45430,8470,0,0,14,14,3245,1888,3025,4913
2,45542,14,0,0,14,14,3253,4374,1,4375
2,45570,14,0,0,14,14,3255,4374,1,4375
2,45570,1750,0,0,14,14,3255,100842,125,100967
2,45645,15,0,0,15,15,3043,4374,1,4375
2,45645,45,0,0,15,15,3043,14848,27,14875
2,45645,735,0,0,15,15,3043,14450,49,14499
2,45645,3645,0,0,15,15,3043,10382,243,10625
2,45645,4335,0,0,15,15,3043,14210,289,14499
2,45645,45645,0,0,15,15,3043,1682,3043,4725
2,45675,15,0,0,15,15,3045,4374,1,4375
2,45675,15,0,0,120,15,3045,7424,1,7425
2,45675,18225,0,0,15,15,3045,3872,6075,9947
2,45675,37845,0,0,15,15,3045,1250,2523,3773
2,45825,1875,0,0,15,15,3055,13122,125,13247
2,45825,15285,0,0,15,15,3055,2106,1019,3125
2,45825,32805,0,0,15,15,3055,2038,2187,4225
2,45962,14,0,0,14,14,3283,4374,1,4375
2,45962,1134,0,0,14,14,3283,42632,243,42875
2,45962,1750,0,0,14,14,3283,4704,625,5329
2,45962,4802,0,0,14,14,3283,9782,343,10125
2,45962,5110,0,0,14,14,3283,2144,1825,3969
2,45962,6566,0,0,28,14,3283,4860,469,5329
2,45962,8750,0,0,14,14,3283,4802,625,5427
2,45990,14,0,0,14,14,3285,101250,1,101251
2,45990,25550,0,0,14,14,3285,1384,5475,6859
2,46018,2002,0,0,14,14,3287,8192,1859,10051
2,46095,15,0,0,15,15,3073,4374,1,4375
2,46125,15375,0,0,60,15,3075,3888,1025,4913
2,46130,14,0,0,14,14,3295,4374,1,4375
2,46275,15,0,0,15,15,3085,4374,1,4375
2,46382,46382,0,0,14,14,3313,1250,3313,4563
2,46395,15465,0,0,60,15,3093,9904,1031,10935
2,46410,14,0,0,56,14,3315,26000,1,26001
2,46410,42,0,0,14,14,3315,4216,9,4225
2,46410,1750,0,0,14,14,3315,9826,125,9951
2,46410,5950,0,0,14,14,3315,5408,2125,7533
2,46410,9450,0,0,14,14,3315,26536,2025,28561
2,46410,40446,0,0,14,14,3315,2560,26001,28561
2,46550,14,0,0,14,14,3325,4374,1,4375
2,46550,33250,0,0,14,14,3325,32,11875,11907
2,46575,5625,0,0,15,15,3105,512,3375,3887
2,46575,17925,0,0,15,15,3105,4394,1195,5589
2,46635,46635,0,0,30,15,3109,612,3109,3721
2,46662,14,0,0,14,14,3333,64000,9,64009
2,46662,14,0,0,14,14,3333,71874,1,71875
2,46662,14,0,0,112,14,3333,7424,1,7425
2,46662,378,0,0,14,14,3333,10120,81,10201
2,46662,7406,0,0,14,14,3333,864,2645,3509
2,46662,11774,0,0,14,14,3333,33534,841,34375
2,46662,11774,0,0,14,14,3333,59994,841,60835
2,46662,41006,0,0,14,14,3333,3726,2929,6655
2,46725,15,0,0,15,15,3115,4374,1,4375
2,46725,15585,0,0,15,15,3115,8,3117,3125
2,46725,32805,0,0,15,15,3115,712,6561,7273
2,46746,39326,0,0,14,14,3339,4394,2809,7203
2,46970,14,0,0,56,14,3355,14640,1,14641
2,46995,975,0,0,15,15,3133,6144,715,6859
2,46995,1125,0,0,15,15,3133,25064,225,25289
2,46995,19965,0,0,15,15,3133,36632,3993,40625
2,47110,12250,0,0,14,14,3365,128,6125,6253
2,47145,15,0,0,60,15,3143,4624,1,4625
2,47175,15,0,0,60,15,3145,4624,1,4625
2,47175,13875,0,0,15,15,3145,288,4625,4913
2,47306,47306,0,0,28,14,3379,324,3379,3703
2,47334,4802,0,0,14,14,3381,2176,2401,4577
2,47355,8505,0,0,15,15,3157,4394,567,4961
2,47502,14,0,0,14,14,3393,4374,1,4375
2,47502,14,0,0,28,14,3393,4900,1,4901
2,47502,126,0,0,14,14,3393,21866,9,21875
2,47502,1274,0,0,14,14,3393,8192,1183,9375
2,47502,1750,0,0,14,14,3393,27936,625,28561
2,47502,1890,0,0,14,14,3393,8192,1755,9947
2,47502,3402,0,0,14,14,3393,3200,1701,4901
2,47502,7098,0,0,14,14,3393,512,4563,5075
2,47502,8918,0,0,14,14,3393,12416,4459,16875
2,47502,16562,0,0,14,14,3393,8192,15379,23571
2,47502,30758,0,0,14,14,3393,4850,2197,7047
2,47502,39382,0,0,14,14,3393,1750,2813,4563
2,47502,44226,0,0,14,14,3393,6250,3159,9409
2,47745,15,0,0,15,15,3183,4374,1,4375
2,47745,1365,0,0,15,15,3183,8192,1183,9375
2,47745,30375,0,0,15,15,3183,1352,6075,7427
2,47810,14,0,0,56,14,3415,18224,1,18225
2,47810,47810,0,0,14,14,3415,8978,3415,12393
2,47894,14,0,0,14,14,3421,7986,1,7987
2,47922,14,0,0,14,14,3423,4374,1,4375
2,47922,1750,0,0,14,14,3423,18144,625,18769
2,47925,15,0,0,15,15,3195,5750,1,5751
2,47925,31275,0,0,15,15,3195,10082,2085,12167
2,47985,15,0,0,60,15,3199,4752,1,4753
2,48048,16,0,0,16,16,3003,4374,1,4375
2,48048,16,0,0,64,16,3003,3024,1,3025
2,48048,112,0,0,16,16,3003,14976,49,15025
2,48048,1456,0,0,16,16,3003,8192,1183,9375
2,48048,4752,0,0,16,16,3003,512,2673,3185
2,48048,8624,0,0,16,16,3003,16000,3773,19773
2,48048,28848,0,0,16,16,3003,520,5409,5929
2,48048,35152,0,0,16,16,3003,2178,2197,4375
2,48090,14,0,0,14,14,3435,4374,1,4375
2,48165,15,0,0,30,15,3211,31212,1,31213
2,48165,135,0,0,15,15,3211,60928,81,61009
2,48165,9555,0,0,15,15,3211,8192,8281,16473
2,48195,15,0,0,15,15,3213,4374,1,4375
2,48195,30345,0,0,15,15,3213,3200,14161,17361
2,48208,2096,0,0,64,16,3013,4096,393,4489
2,48230,378,0,0,14,14,3445,40598,27,40625
2,48240,16,0,0,16,16,3015,4374,1,4375
2,48240,9648,0,0,16,16,3015,13792,3015,16807
2,48240,10000,0,0,16,16,3015,4802,625,5427
2,48240,34992,0,0,16,16,3015,938,2187,3125
2,48375,15,0,0,15,15,3225,4374,1,4375
2,48482,14,0,0,14,14,3463,4374,1,4375
2,48482,48482,0,0,14,14,3463,2662,3463,6125
2,48510,14,0,0,14,14,3465,4374,1,4375
2,48525,48525,0,0,60,15,3235,1328,3235,4563
2,48615,5145,0,0,15,15,3241,4418,343,4761
2,48645,15,0,0,15,15,3243,64000,9,64009
2,48645,15,0,0,15,15,3243,71874,1,71875
2,48645,405,0,0,15,15,3243,5632,243,5875
2,48645,7935,0,0,15,15,3243,5346,529,5875
2,48645,7935,0,0,15,15,3243,5546,529,6075
2,48645,8625,0,0,15,15,3243,512,5175,5687
2,48645,15525,0,0,15,15,3243,376,3105,3481
2,48645,28125,0,0,15,15,3243,70688,9375,80063
2,48645,33135,0,0,15,15,3243,1058,2209,3267
2,48645,46875,0,0,15,15,3243,43424,15625,59049
2,48675,9075,0,0,15,15,3245,1888,3025,4913
2,48688,16,0,0,16,16,3043,4374,1,4375
2,48688,48,0,0,16,16,3043,14848,27,14875
2,48688,784,0,0,16,16,3043,14450,49,14499
2,48688,3888,0,0,16,16,3043,10382,243,10625
2,48688,4624,0,0,16,16,3043,14210,289,14499
2,48688,48688,0,0,16,16,3043,1682,3043,4725
2,48720,16,0,0,16,16,3045,4374,1,4375
2,48720,16,0,0,128,16,3045,7424,1,7425
2,48720,19440,0,0,16,16,3045,3872,6075,9947
2,48720,40368,0,0,16,16,3045,1250,2523,3773
2,48762,10206,0,0,14,14,3483,22016,6561,28577
2,48762,17010,0,0,14,14,3483,3698,1215,4913
2,48795,15,0,0,15,15,3253,4374,1,4375
2,48825,15,0,0,15,15,3255,4374,1,4375
2,48825,1875,0,0,15,15,3255,100842,125,100967
2,48880,2000,0,0,16,16,3055,13122,125,13247
2,48880,16304,0,0,16,16,3055,2106,1019,3125
2,48880,34992,0,0,16,16,3055,2038,2187,4225
2,48902,14,0,0,14,14,3493,4374,1,4375
2,49168,16,0,0,16,16,3073,4374,1,4375
2,49200,16400,0,0,64,16,3075,3888,1025,4913
2,49245,15,0,0,15,15,3283,4374,1,4375
2,49245,1215,0,0,15,15,3283,42632,243,42875
2,49245,1875,0,0,15,15,3283,4704,625,5329
2,49245,5145,0,0,15,15,3283,9782,343,10125
2,49245,5475,0,0,15,15,3283,2144,1825,3969
2,49245,7035,0,0,30,15,3283,4860,469,5329
2,49245,9375,0,0,15,15,3283,4802,625,5427
2,49275,15,0,0,15,15,3285,101250,1,101251
2,49275,27375,0,0,15,15,3285,1384,5475,6859
2,49305,2145,0,0,15,15,3287,8192,1859,10051
2,49360,16,0,0,16,16,3085,4374,1,4375
2,49425,15,0,0,15,15,3295,4374,1,4375
2,49488,16496,0,0,64,16,3093,9904,1031,10935
2,49680,6000,0,0,16,16,3105,512,3375,3887
2,49680,19120,0,0,16,16,3105,4394,1195,5589
2,49695,49695,0,0,15,15,3313,1250,3313,4563
2,49725,15,0,0,60,15,3315,26000,1,26001
2,49725,45,0,0,15,15,3315,4216,9,4225
2,49725,1875,0,0,15,15,3315,9826,125,9951
2,49725,6375,0,0,15,15,3315,5408,2125,7533
2,49725,10125,0,0,15,15,3315,26536,2025,28561
2,49725,43335,0,0,15,15,3315,2560,26001,28561
2,49744,49744,0,0,32,16,3109,612,3109,3721
2,49840,16,0,0,16,16,3115,4374,1,4375
2,49840,16624,0,0,16,16,3115,8,3117,3125
2,49840,34992,0,0,16,16,3115,712,6561,7273
2,49875,15,0,0,15,15,3325,4374,1,4375
2,49875,35625,0,0,15,15,3325,32,11875,11907
2,49995,15,0,0,15,15,3333,64000,9,64009
2,49995,15,0,0,15,15,3333,71874,1,71875
2,49995,15,0,0,120,15,3333,7424,1,7425
2,49995,405,0,0,15,15,3333,10120,81,10201
2,49995,7935,0,0,15,15,3333,864,2645,3509
2,49995,12615,0,0,15,15,3333,33534,841,34375
2,49995,12615,0,0,15,15,3333,59994,841,60835
2,49995,43935,0,0,15,15,3333,3726,2929,6655
2,50085,42135,0,0,15,15,3339,4394,2809,7203
2,50128,1040,0,0,16,16,3133,6144,715,6859
2,50128,1200,0,0,16,16,3133,25064,225,25289
2,50128,21296,0,0,16,16,3133,36632,3993,40625
2,50288,16,0,0,64,16,3143,4624,1,4625
2,50320,16,0,0,64,16,3145,4624,1,4625
2,50320,14800,0,0,16,16,3145,288,4625,4913
2,50325,15,0,0,60,15,3355,14640,1,14641
2,50475,13125,0,0,15,15,3365,128,6125,6253
2,50512,9072,0,0,16,16,3157,4394,567,4961
2,50685,50685,0,0,30,15,3379,324,3379,3703
2,50715,5145,0,0,15,15,3381,2176,2401,4577
2,50895,15,0,0,15,15,3393,4374,1,4375
2,50895,15,0,0,30,15,3393,4900,1,4901
2,50895,135,0,0,15,15,3393,21866,9,21875
2,50895,1365,0,0,15,15,3393,8192,1183,9375
2,50895,1875,0,0,15,15,3393,27936,625,28561
2,50895,2025,0,0,15,15,3393,8192,1755,9947
2,50895,3645,0,0,15,15,3393,3200,1701,4901
2,50895,7605,0,0,15,15,3393,512,4563,5075
2,50895,9555,0,0,15,15,3393,12416,4459,16875
2,50895,17745,0,0,15,15,3393,8192,15379,23571
2,50895,32955,0,0,15,15,3393,4850,2197,7047
2,50895,42195,0,0,15,15,3393,1750,2813,4563
2,50895,47385,0,0,15,15,3393,6250,3159,9409
2,50928,16,0,0,16,16,3183,4374,1,4375
2,50928,1456,0,0,16,16,3183,8192,1183,9375
2,50928,32400,0,0,16,16,3183,1352,6075,7427
2,51051,17,0,0,17,17,3003,4374,1,4375
2,51051,17,0,0,68,17,3003,3024,1,3025
2,51051,119,0,0,17,17,3003,14976,49,15025
2,51051,1547,0,0,17,17,3003,8192,1183,9375
2,51051,5049,0,0,17,17,3003,512,2673,3185
2,51051,9163,0,0,17,17,3003,16000,3773,19773
2,51051,30651,0,0,17,17,3003,520,5409,5929
2,51051,37349,0,0,17,17,3003,2178,2197,4375
2,51120,16,0,0,16,16,3195,5750,1,5751
2,51120,33360,0,0,16,16,3195,10082,2085,12167
2,51184,16,0,0,64,16,3199,4752,1,4753
2,51221,2227,0,0,68,17,3013,4096,393,4489
2,51225,15,0,0,60,15,3415,18224,1,18225
2,51225,51225,0,0,15,15,3415,8978,3415,12393
2,51255,17,0,0,17,17,3015,4374,1,4375
2,51255,10251,0,0,17,17,3015,13792,3015,16807
2,51255,10625,0,0,17,17,3015,4802,625,5427
2,51255,37179,0,0,17,17,3015,938,2187,3125
2,51315,15,0,0,15,15,3421,7986,1,7987
2,51345,15,0,0,15,15,3423,4374,1,4375
2,51345,1875,0,0,15,15,3423,18144,625,18769
2,51376,16,0,0,32,16,3211,31212,1,31213
2,51376,144,0,0,16,16,3211,60928,81,61009
2,51376,10192,0,0,16,16,3211,8192,8281,16473
2,51408,16,0,0,16,16,3213,4374,1,4375
2,51408,32368,0,0,16,16,3213,3200,14161,17361
2,51525,15,0,0,15,15,3435,4374,1,4375
2,51600,16,0,0,16,16,3225,4374,1,4375
2,51675,405,0,0,15,15,3445,40598,27,40625
2,51731,17,0,0,17,17,3043,4374,1,4375
2,51731,51,0,0,17,17,3043,14848,27,14875
2,51731,833,0,0,17,17,3043,14450,49,14499
2,51731,4131,0,0,17,17,3043,10382,243,10625
2,51731,4913,0,0,17,17,3043,14210,289,14499
2,51731,51731,0,0,17,17,3043,1682,3043,4725
2,51760,51760,0,0,64,16,3235,1328,3235,4563
2,51765,17,0,0,17,17,3045,4374,1,4375
2,51765,17,0,0,136,17,3045,7424,1,7425
2,51765,20655,0,0,17,17,3045,3872,6075,9947
2,51765,42891,0,0,17,17,3045,1250,2523,3773
2,51856,5488,0,0,16,16,3241,4418,343,4761
2,51888,16,0,0,16,16,3243,64000,9,64009
2,51888,16,0,0,16,16,3243,71874,1,71875
2,51888,432,0,0,16,16,3243,5632,243,5875
2,51888,8464,0,0,16,16,3243,5346,529,5875
2,51888,8464,0,0,16,16,3243,5546,529,6075
2,51888,9200,0,0,16,16,3243,512,5175,5687
2,51888,16560,0,0,16,16,3243,376,3105,3481
2,51888,30000,0,0,16,16,3243,70688,9375,80063
2,51888,35344,0,0,16,16,3243,1058,2209,3267
2,51888,50000,0,0,16,16,3243,43424,15625,59049
2,51920,9680,0,0,16,16,3245,1888,3025,4913
2,51935,2125,0,0,17,17,3055,13122,125,13247
2,51935,17323,0,0,17,17,3055,2106,1019,3125
2,51935,37179,0,0,17,17,3055,2038,2187,4225
2,51945,15,0,0,15,15,3463,4374,1,4375
2,51945,51945,0,0,15,15,3463,2662,3463,6125
2,51975,15,0,0,15,15,3465,4374,1,4375
2,52048,16,0,0,16,16,3253,4374,1,4375
2,52080,16,0,0,16,16,3255,4374,1,4375
2,52080,2000,0,0,16,16,3255,100842,125,100967
2,52241,17,0,0,17,17,3073,4374,1,4375
2,52245,10935,0,0,15,15,3483,22016,6561,28577
2,52245,18225,0,0,15,15,3483,3698,1215,4913
2,52275,17425,0,0,68,17,3075,3888,1025,4913
2,52395,15,0,0,15,15,3493,4374,1,4375
2,52445,17,0,0,17,17,3085,4374,1,4375
2,52528,16,0,0,16,16,3283,4374,1,4375
2,52528,1296,0,0,16,16,3283,42632,243,42875
2,52528,2000,0,0,16,16,3283,4704,625,5329
2,52528,5488,0,0,16,16,3283,9782,343,10125
2,52528,5840,0,0,16,16,3283,2144,1825,3969
2,52528,7504,0,0,32,16,3283,4860,469,5329
2,52528,10000,0,0,16,16,3283,4802,625,5427
2,52560,16,0,0,16,16,3285,101250,1,101251
2,52560,29200,0,0,16,16,3285,1384,5475,6859
2,52581,17527,0,0,68,17,3093,9904,1031,10935
2,52592,2288,0,0,16,16,3287,8192,1859,10051
2,52720,16,0,0,16,16,3295,4374,1,4375
2,52785,6375,0,0,17,17,3105,512,3375,3887
2,52785,20315,0,0,17,17,3105,4394,1195,5589
2,52853,52853,0,0,34,17,3109,612,3109,3721
2,52955,17,0,0,17,17,3115,4374,1,4375
2,52955,17663,0,0,17,17,3115,8,3117,3125
2,52955,37179,0,0,17,17,3115,712,6561,7273
2,53008,53008,0,0,16,16,3313,1250,3313,4563
2,53040,16,0,0,64,16,3315,26000,1,26001
2,53040,48,0,0,16,16,3315,4216,9,4225
2,53040,2000,0,0,16,16,3315,9826,125,9951
2,53040,6800,0,0,16,16,3315,5408,2125,7533
2,53040,10800,0,0,16,16,3315,26536,2025,28561
2,53040,46224,0,0,16,16,3315,2560,26001,28561
2,53200,16,0,0,16,16,3325,4374,1,4375
2,53200,38000,0,0,16,16,3325,32,11875,11907
2,53261,1105,0,0,17,17,3133,6144,715,6859
2,53261,1275,0,0,17,17,3133,25064,225,25289
2,53261,22627,0,0,17,17,3133,36632,3993,40625
2,53328,16,0,0,16,16,3333,64000,9,64009
2,53328,16,0,0,16,16,3333,71874,1,71875
2,53328,16,0,0,128,16,3333,7424,1,7425
2,53328,432,0,0,16,16,3333,10120,81,10201
2,53328,8464,0,0,16,16,3333,864,2645,3509
2,53328,13456,0,0,16,16,3333,33534,841,34375
2,53328,13456,0,0,16,16,3333,59994,841,60835
2,53328,46864,0,0,16,16,3333,3726,2929,6655
2,53424,44944,0,0,16,16,3339,4394,2809,7203
2,53431,17,0,0,68,17,3143,4624,1,4625
2,53465,17,0,0,68,17,3145,4624,1,4625
2,53465,15725,0,0,17,17,3145,288,4625,4913
2,53669,9639,0,0,17,17,3157,4394,567,4961
2,53680,16,0,0,64,16,3355,14640,1,14641
2,53840,14000,0,0,16,16,3365,128,6125,6253
2,54054,18,0,0,18,18,3003,4374,1,4375
2,54054,18,0,0,72,18,3003,3024,1,3025
2,54054,126,0,0,18,18,3003,14976,49,15025
2,54054,1638,0,0,18,18,3003,8192,1183,9375
2,54054,5346,0,0,18,18,3003,512,2673,3185
2,54054,9702,0,0,18,18,3003,16000,3773,19773
2,54054,32454,0,0,18,18,3003,520,5409,5929
2,54054,39546,0,0,18,18,3003,2178,2197,4375
2,54064,54064,0,0,32,16,3379,324,3379,3703
2,54096,5488,0,0,16,16,3381,2176,2401,4577
2,54111,17,0,0,17,17,3183,4374,1,4375
2,54111,1547,0,0,17,17,3183,8192,1183,9375
2,54111,34425,0,0,17,17,3183,1352,6075,7427
2,54234,2358,0,0,72,18,3013,4096,393,4489
2,54270,18,0,0,18,18,3015,4374,1,4375
2,54270,10854,0,0,18,18,3015,13792,3015,16807
2,54270,11250,0,0,18,18,3015,4802,625,5427
2,54270,39366,0,0,18,18,3015,938,2187,3125
2,54288,16,0,0,16,16,3393,4374,1,4375
2,54288,16,0,0,32,16,3393,4900,1,4901
2,54288,144,0,0,16,16,3393,21866,9,21875
2,54288,1456,0,0,16,16,3393,8192,1183,9375
2,54288,2000,0,0,16,16,3393,27936,625,28561
2,54288,2160,0,0,16,16,3393,8192,1755,9947
2,54288,3888,0,0,16,16,3393,3200,1701,4901
2,54288,8112,0,0,16,16,3393,512,4563,5075
2,54288,10192,0,0,16,16,3393,12416,4459,16875
2,54288,18928,0,0,16,16,3393,8192,15379,23571
2,54288,35152,0,0,16,16,3393,4850,2197,7047
2,54288,45008,0,0,16,16,3393,1750,2813,4563
2,54288,50544,0,0,16,16,3393,6250,3159,9409
2,54315,17,0,0,17,17,3195,5750,1,5751
2,54315,35445,0,0,17,17,3195,10082,2085,12167
2,54383,17,0,0,68,17,3199,4752,1,4753
2,54587,17,0,0,34,17,3211,31212,1,31213
2,54587,153,0,0,17,17,3211,60928,81,61009
2,54587,10829,0,0,17,17,3211,8192,8281,16473
2,54621,17,0,0,17,17,3213,4374,1,4375
2,54621,34391,0,0,17,17,3213,3200,14161,17361
2,54640,16,0,0,64,16,3415,18224,1,18225
2,54640,54640,0,0,16,16,3415,8978,3415,12393
2,54736,16,0,0,16,16,3421,7986,1,7987
2,54768,16,0,0,16,16,3423,4374,1,4375
2,54768,2000,0,0,16,16,3423,18144,625,18769
2,54774,18,0,0,18,18,3043,4374,1,4375
2,54774,54,0,0,18,18,3043,14848,27,14875
2,54774,882,0,0,18,18,3043,14450,49,14499
2,54774,4374,0,0,18,18,3043,10382,243,10625
2,54774,5202,0,0,18,18,3043,14210,289,14499
2,54774,54774,0,0,18,18,3043,1682,3043,4725
2,54810,18,0,0,18,18,3045,4374,1,4375
2,54810,21870,0,0,18,18,3045,3872,6075,9947
2,54810,45414,0,0,18,18,3045,1250,2523,3773
2,54825,17,0,0,17,17,3225,4374,1,4375
2,54960,16,0,0,16,16,3435,4374,1,4375
2,54990,2250,0,0,18,18,3055,13122,125,13247
2,54990,18342,0,0,18,18,3055,2106,1019,3125
2,54990,39366,0,0,18,18,3055,2038,2187,4225
2,54995,54995,0,0,68,17,3235,1328,3235,4563
2,55097,5831,0,0,17,17,3241,4418,343,4761
2,55120,432,0,0,16,16,3445,40598,27,40625
2,55131,17,0,0,17,17,3243,64000,9,64009
2,55131,17,0,0,17,17,3243,71874,1,71875
2,55131,459,0,0,17,17,3243,5632,243,5875
2,55131,8993,0,0,17,17,3243,5346,529,5875
2,55131,8993,0,0,17,17,3243,5546,529,6075
2,55131,9775,0,0,17,17,3243,512,5175,5687
2,55131,17595,0,0,17,17,3243,376,3105,3481
2,55131,31875,0,0,17,17,3243,70688,9375,80063
2,55131,37553,0,0,17,17,3243,1058,2209,3267
2,55131,53125,0,0,17,17,3243,43424,15625,59049
2,55165,10285,0,0,17,17,3245,1888,3025,4913
2,55301,17,0,0,17,17,3253,4374,1,4375
2,55314,18,0,0,18,18,3073,4374,1,4375
2,55335,17,0,0,17,17,3255,4374,1,4375
2,55335,2125,0,0,17,17,3255,100842,125,100967
2,55350,18450,0,0,72,18,3075,3888,1025,4913
2,55408,16,0,0,16,16,3463,4374,1,4375
2,55408,55408,0,0,16,16,3463,2662,3463,6125
2,55440,16,0,0,16,16,3465,4374,1,4375
2,55530,18,0,0,18,18,3085,4374,1,4375
2,55674,18558,0,0,72,18,3093,9904,1031,10935
2,55728,11664,0,0,16,16,3483,22016,6561,28577
2,55728,19440,0,0,16,16,3483,3698,1215,4913
2,55811,17,0,0,17,17,3283,4374,1,4375
2,55811,1377,0,0,17,17,3283,42632,243,42875
2,55811,2125,0,0,17,17,3283,4704,625,5329
2,55811,5831,0,0,17,17,3283,9782,343,10125
2,55811,6205,0,0,17,17,3283,2144,1825,3969
2,55811,7973,0,0,34,17,3283,4860,469,5329
2,55811,10625,0,0,17,17,3283,4802,625,5427
2,55845,17,0,0,17,17,3285,101250,1,101251
2,55845,31025,0,0,17,17,3285,1384,5475,6859
2,55879,2431,0,0,17,17,3287,8192,1859,10051
2,55888,16,0,0,16,16,3493,4374,1,4375
2,55890,6750,0,0,18,18,3105,512,3375,3887
2,55890,21510,0,0,18,18,3105,4394,1195,5589
2,55962,55962,0,0,36,18,3109,612,3109,3721
2,56015,17,0,0,17,17,3295,4374,1,4375
2,56070,18,0,0,18,18,3115,4374,1,4375
2,56070,18702,0,0,18,18,3115,8,3117,3125
2,56070,39366,0,0,18,18,3115,712,6561,7273
2,56321,56321,0,0,17,17,3313,1250,3313,4563
2,56355,17,0,0,68,17,3315,26000,1,26001
2,56355,51,0,0,17,17,3315,4216,9,4225
2,56355,2125,0,0,17,17,3315,9826,125,9951
2,56355,7225,0,0,17,17,3315,5408,2125,7533
2,56355,11475,0,0,17,17,3315,26536,2025,28561
2,56355,49113,0,0,17,17,3315,2560,26001,28561
2,56394,1170,0,0,18,18,3133,6144,715,6859
2,56394,1350,0,0,18,18,3133,25064,225,25289
2,56394,23958,0,0,18,18,3133,36632,3993,40625
2,56525,17,0,0,17,17,3325,4374,1,4375
2,56525,40375,0,0,17,17,3325,32,11875,11907
2,56574,18,0,0,72,18,3143,4624,1,4625
2,56610,18,0,0,72,18,3145,4624,1,4625
2,56610,16650,0,0,18,18,3145,288,4625,4913
2,56661,17,0,0,17,17,3333,64000,9,64009
2,56661,17,0,0,17,17,3333,71874,1,71875
2,56661,17,0,0,136,17,3333,7424,1,7425
2,56661,459,0,0,17,17,3333,10120,81,10201
2,56661,8993,0,0,17,17,3333,864,2645,3509
2,56661,14297,0,0,17,17,3333,33534,841,34375
2,56661,14297,0,0,17,17,3333,59994,841,60835
2,56661,49793,0,0,17,17,3333,3726,2929,6655
2,56763,47753,0,0,17,17,3339,4394,2809,7203
2,56826,10206,0,0,18,18,3157,4394,567,4961
2,57035,17,0,0,68,17,3355,14640,1,14641
2,57057,19,0,0,19,19,3003,4374,1,4375
2,57057,19,0,0,76,19,3003,3024,1,3025
2,57057,133,0,0,19,19,3003,14976,49,15025
2,57057,1729,0,0,19,19,3003,8192,1183,9375
2,57057,5643,0,0,19,19,3003,512,2673,3185
2,57057,10241,0,0,19,19,3003,16000,3773,19773
2,57057,34257,0,0,19,19,3003,520,5409,5929
2,57057,41743,0,0,19,19,3003,2178,2197,4375
2,57205,14875,0,0,17,17,3365,128,6125,6253
2,57247,2489,0,0,76,19,3013,4096,393,4489
2,57285,19,0,0,19,19,3015,4374,1,4375
2,57285,11457,0,0,19,19,3015,13792,3015,16807
2,57285,11875,0,0,19,19,3015,4802,625,5427
2,57285,41553,0,0,19,19,3015,938,2187,3125
2,57294,18,0,0,18,18,3183,4374,1,4375
2,57294,1638,0,0,18,18,3183,8192,1183,9375
2,57294,36450,0,0,18,18,3183,1352,6075,7427
2,57443,57443,0,0,34,17,3379,324,3379,3703
2,57477,5831,0,0,17,17,3381,2176,2401,4577
2,57510,18,0,0,18,18,3195,5750,1,5751
2,57510,37530,0,0,18,18,3195,10082,2085,12167
2,57582,18,0,0,72,18,3199,4752,1,4753
2,57681,17,0,0,17,17,3393,4374,1,4375
2,57681,17,0,0,34,17,3393,4900,1,4901
2,57681,153,0,0,17,17,3393,21866,9,21875
2,57681,1547,0,0,17,17,3393,8192,1183,9375
2,57681,2125,0,0,17,17,3393,27936,625,28561
2,57681,2295,0,0,17,17,3393,8192,1755,9947
2,57681,4131,0,0,17,17,3393,3200,1701,4901
2,57681,8619,0,0,17,17,3393,512,4563,5075
2,57681,10829,0,0,17,17,3393,12416,4459,16875
2,57681,20111,0,0,17,17,3393,8192,15379,23571
2,57681,37349,0,0,17,17,3393,4850,2197,7047
2,57681,47821,0,0,17,17,3393,1750,2813,4563
2,57681,53703,0,0,17,17,3393,6250,3159,9409
2,57798,18,0,0,36,18,3211,31212,1,31213
2,57798,162,0,0,18,18,3211,60928,81,61009
2,57798,11466,0,0,18,18,3211,8192,8281,16473
2,57817,19,0,0,19,19,3043,4374,1,4375
2,57817,57,0,0,19,19,3043,14848,27,14875
2,57817,931,0,0,19,19,3043,14450,49,14499
2,57817,4617,0,0,19,19,3043,10382,243,10625
2,57817,5491,0,0,19,19,3043,14210,289,14499
2,57817,57817,0,0,19,19,3043,1682,3043,4725
2,57834,18,0,0,18,18,3213,4374,1,4375
2,57834,36414,0,0,18,18,3213,3200,14161,17361
2,57855,19,0,0,19,19,3045,4374,1,4375
2,57855,23085,0,0,19,19,3045,3872,6075,9947
2,57855,47937,0,0,19,19,3045,1250,2523,3773
2,58045,2375,0,0,19,19,3055,13122,125,13247
2,58045,19361,0,0,19,19,3055,2106,1019,3125
2,58045,41553,0,0,19,19,3055,2038,2187,4225
2,58050,18,0,0,18,18,3225,4374,1,4375
2,58055,17,0,0,68,17,3415,18224,1,18225
2,58055,58055,0,0,17,17,3415,8978,3415,12393
2,58157,17,0,0,17,17,3421,7986,1,7987
2,58191,17,0,0,17,17,3423,4374,1,4375
2,58191,2125,0,0,17,17,3423,18144,625,18769
2,58230,58230,0,0,72,18,3235,1328,3235,4563
2,58338,6174,0,0,18,18,3241,4418,343,4761
2,58374,18,0,0,18,18,3243,64000,9,64009
2,58374,18,0,0,18,18,3243,71874,1,71875
2,58374,486,0,0,18,18,3243,5632,243,5875
2,58374,9522,0,0,18,18,3243,5346,529,5875
2,58374,9522,0,0,18,18,3243,5546,529,6075
2,58374,10350,0,0,18,18,3243,512,5175,5687
2,58374,18630,0,0,18,18,3243,376,3105,3481
2,58374,33750,0,0,18,18,3243,70688,9375,80063
2,58374,39762,0,0,18,18,3243,1058,2209,3267
2,58374,56250,0,0,18,18,3243,43424,15625,59049
2,58387,19,0,0,19,19,3073,4374,1,4375
2,58395,17,0,0,17,17,3435,4374,1,4375
2,58410,10890,0,0,18,18,3245,1888,3025,4913
2,58425,19475,0,0,76,19,3075,3888,1025,4913
2,58554,18,0,0,18,18,3253,4374,1,4375
2,58565,459,0,0,17,17,3445,40598,27,40625
2,58590,18,0,0,18,18,3255,4374,1,4375
2,58590,2250,0,0,18,18,3255,100842,125,100967
2,58615,19,0,0,19,19,3085,4374,1,4375
2,58767,19589,0,0,76,19,3093,9904,1031,10935
2,58871,17,0,0,17,17,3463,4374,1,4375
2,58871,58871,0,0,17,17,3463,2662,3463,6125
2,58905,17,0,0,17,17,3465,4374,1,4375
2,58995,7125,0,0,19,19,3105,512,3375,3887
2,58995,22705,0,0,19,19,3105,4394,1195,5589
2,59071,59071,0,0,38,19,3109,612,3109,3721
2,59094,18,0,0,18,18,3283,4374,1,4375
2,59094,1458,0,0,18,18,3283,42632,243,42875
2,59094,2250,0,0,18,18,3283,4704,625,5329
2,59094,6174,0,0,18,18,3283,9782,343,10125
2,59094,6570,0,0,18,18,3283,2144,1825,3969
2,59094,8442,0,0,36,18,3283,4860,469,5329
2,59094,11250,0,0,18,18,3283,4802,625,5427
2,59130,18,0,0,18,18,3285,101250,1,101251
2,59130,32850,0,0,18,18,3285,1384,5475,6859
2,59166,2574,0,0,18,18,3287,8192,1859,10051
2,59185,19,0,0,19,19,3115,4374,1,4375
2,59185,19741,0,0,19,19,3115,8,3117,3125
2,59185,41553,0,0,19,19,3115,712,6561,7273
2,59211,12393,0,0,17,17,3483,22016,6561,28577
2,59211,20655,0,0,17,17,3483,3698,1215,4913
2,59310,18,0,0,18,18,3295,4374,1,4375
2,59381,17,0,0,17,17,3493,4374,1,4375
2,59527,1235,0,0,19,19,3133,6144,715,6859
2,59527,1425,0,0,19,19,3133,25064,225,25289
2,59527,25289,0,0,19,19,3133,36632,3993,40625
2,59634,59634,0,0,18,18,3313,1250,3313,4563
2,59670,18,0,0,72,18,3315,26000,1,26001
2,59670,54,0,0,18,18,3315,4216,9,4225
2,59670,2250,0,0,18,18,3315,9826,125,9951
2,59670,7650,0,0,18,18,3315,5408,2125,7533
2,59670,12150,0,0,18,18,3315,26536,2025,28561
2,59670,52002,0,0,18,18,3315,2560,26001,28561
2,59717,19,0,0,76,19,3143,4624,1,4625
2,59755,19,0,0,76,19,3145,4624,1,4625
2,59755,17575,0,0,19,19,3145,288,4625,4913
2,59850,18,0,0,18,18,3325,4374,1,4375
2,59850,42750,0,0,18,18,3325,32,11875,11907
2,59983,10773,0,0,19,19,3157,4394,567,4961
2,59994,18,0,0,18,18,3333,64000,9,64009
2,59994,18,0,0,18,18,3333,71874,1,71875
2,59994,486,0,0,18,18,3333,10120,81,10201
2,59994,9522,0,0,18,18,3333,864,2645,3509
2,59994,15138,0,0,18,18,3333,33534,841,34375
2,59994,15138,0,0,18,18,3333,59994,841,60835
2,59994,52722,0,0,18,18,3333,3726,2929,6655
2,60060,20,0,0,20,20,3003,4374,1,4375
2,60060,20,0,0,80,20,3003,3024,1,3025
2,60060,140,0,0,20,20,3003,14976,49,15025
2,60060,1820,0,0,20,20,3003,8192,1183,9375
2,60060,5940,0,0,20,20,3003,512,2673,3185
2,60060,10780,0,0,20,20,3003,16000,3773,19773
2,60060,36060,0,0,20,20,3003,520,5409,5929
2,60060,43940,0,0,20,20,3003,2178,2197,4375
2,60102,50562,0,0,18,18,3339,4394,2809,7203
2,60260,2620,0,0,80,20,3013,4096,393,4489
2,60300,20,0,0,20,20,3015,4374,1,4375
2,60300,12060,0,0,20,20,3015,13792,3015,16807
2,60300,12500,0,0,20,20,3015,4802,625,5427
2,60300,43740,0,0,20,20,3015,938,2187,3125
2,60390,18,0,0,72,18,3355,14640,1,14641
2,60477,19,0,0,19,19,3183,4374,1,4375
2,60477,1729,0,0,19,19,3183,8192,1183,9375
2,60477,38475,0,0,19,19,3183,1352,6075,7427
2,60570,15750,0,0,18,18,3365,128,6125,6253
2,60705,19,0,0,19,19,3195,5750,1,5751
2,60705,39615,0,0,19,19,3195,10082,2085,12167
2,60781,19,0,0,76,19,3199,4752,1,4753
2,60822,60822,0,0,36,18,3379,324,3379,3703
2,60858,6174,0,0,18,18,3381,2176,2401,4577
2,60860,20,0,0,20,20,3043,4374,1,4375
2,60860,60,0,0,20,20,3043,14848,27,14875
2,60860,980,0,0,20,20,3043,14450,49,14499
2,60860,4860,0,0,20,20,3043,10382,243,10625
2,60860,5780,0,0,20,20,3043,14210,289,14499
2,60860,60860,0,0,20,20,3043,1682,3043,4725
2,60900,20,0,0,20,20,3045,4374,1,4375
2,60900,24300,0,0,20,20,3045,3872,6075,9947
2,60900,50460,0,0,20,20,3045,1250,2523,3773
2,61009,19,0,0,38,19,3211,31212,1,31213
2,61009,171,0,0,19,19,3211,60928,81,61009
2,61009,12103,0,0,19,19,3211,8192,8281,16473
2,61047,19,0,0,19,19,3213,4374,1,4375
2,61047,38437,0,0,19,19,3213,3200,14161,17361
2,61074,18,0,0,18,18,3393,4374,1,4375
2,61074,18,0,0,36,18,3393,4900,1,4901
2,61074,162,0,0,18,18,3393,21866,9,21875
2,61074,1638,0,0,18,18,3393,8192,1183,9375
2,61074,2250,0,0,18,18,3393,27936,625,28561
2,61074,2430,0,0,18,18,3393,8192,1755,9947
2,61074,4374,0,0,18,18,3393,3200,1701,4901
2,61074,9126,0,0,18,18,3393,512,4563,5075
2,61074,11466,0,0,18,18,3393,12416,4459,16875
2,61074,21294,0,0,18,18,3393,8192,15379,23571
2,61074,39546,0,0,18,18,3393,4850,2197,7047
2,61074,50634,0,0,18,18,3393,1750,2813,4563
2,61074,56862,0,0,18,18,3393,6250,3159,9409
2,61100,2500,0,0,20,20,3055,13122,125,13247
2,61100,20380,0,0,20,20,3055,2106,1019,3125
2,61100,43740,0,0,20,20,3055,2038,2187,4225
2,61275,19,0,0,19,19,3225,4374,1,4375
2,61460,20,0,0,20,20,3073,4374,1,4375
2,61465,61465,0,0,76,19,3235,1328,3235,4563
2,61470,18,0,0,72,18,3415,18224,1,18225
2,61470,61470,0,0,18,18,3415,8978,3415,12393
2,61500,20500,0,0,80,20,3075,3888,1025,4913
2,61578,18,0,0,18,18,3421,7986,1,7987
2,61579,6517,0,0,19,19,3241,4418,343,4761
2,61614,18,0,0,18,18,3423,4374,1,4375
2,61614,2250,0,0,18,18,3423,18144,625,18769
2,61617,19,0,0,19,19,3243,64000,9,64009
2,61617,19,0,0,19,19,3243,71874,1,71875
2,61617,513,0,0,19,19,3243,5632,243,5875
2,61617,10051,0,0,19,19,3243,5346,529,5875
2,61617,10051,0,0,19,19,3243,5546,529,6075
2,61617,10925,0,0,19,19,3243,512,5175,5687
2,61617,19665,0,0,19,19,3243,376,3105,3481
2,61617,35625,0,0,19,19,3243,70688,9375,80063
2,61617,41971,0,0,19,19,3243,1058,2209,3267
2,61617,59375,0,0,19,19,3243,43424,15625,59049
2,61655,11495,0,0,19,19,3245,1888,3025,4913
2,61700,20,0,0,20,20,3085,4374,1,4375
2,61807,19,0,0,19,19,3253,4374,1,4375
2,61830,18,0,0,18,18,3435,4374,1,4375
2,61845,19,0,0,19,19,3255,4374,1,4375
2,61845,2375,0,0,19,19,3255,100842,125,100967
2,61860,20620,0,0,80,20,3093,9904,1031,10935
2,62010,486,0,0,18,18,3445,40598,27,40625
2,62100,7500,0,0,20,20,3105,512,3375,3887
2,62100,23900,0,0,20,20,3105,4394,1195,5589
2,62180,62180,0,0,40,20,3109,612,3109,3721
2,62300,20,0,0,20,20,3115,4374,1,4375
2,62300,20780,0,0,20,20,3115,8,3117,3125
2,62300,43740,0,0,20,20,3115,712,6561,7273
2,62334,18,0,0,18,18,3463,4374,1,4375
2,62334,62334,0,0,18,18,3463,2662,3463,6125
2,62370,18,0,0,18,18,3465,4374,1,4375
2,62377,19,0,0,19,19,3283,4374,1,4375
2,62377,1539,0,0,19,19,3283,42632,243,42875
2,62377,2375,0,0,19,19,3283,4704,625,5329
2,62377,6517,0,0,19,19,3283,9782,343,10125
2,62377,6935,0,0,19,19,3283,2144,1825,3969
2,62377,8911,0,0,38,19,3283,4860,469,5329
2,62377,11875,0,0,19,19,3283,4802,625,5427
2,62415,19,0,0,19,19,3285,101250,1,101251
2,62415,34675,0,0,19,19,3285,1384,5475,6859
2,62453,2717,0,0,19,19,3287,8192,1859,10051
2,62605,19,0,0,19,19,3295,4374,1,4375
2,62660,1300,0,0,20,20,3133,6144,715,6859
2,62660,1500,0,0,20,20,3133,25064,225,25289
2,62660,26620,0,0,20,20,3133,36632,3993,40625
2,62694,13122,0,0,18,18,3483,22016,6561,28577
2,62694,21870,0,0,18,18,3483,3698,1215,4913
2,62860,20,0,0,80,20,3143,4624,1,4625
2,62874,18,0,0,18,18,3493,4374,1,4375
2,62900,20,0,0,80,20,3145,4624,1,4625
2,62900,18500,0,0,20,20,3145,288,4625,4913
2,62947,62947,0,0,19,19,3313,1250,3313,4563
2,62985,19,0,0,76,19,3315,26000,1,26001
2,62985,57,0,0,19,19,3315,4216,9,4225
2,62985,2375,0,0,19,19,3315,9826,125,9951
2,62985,8075,0,0,19,19,3315,5408,2125,7533
2,62985,12825,0,0,19,19,3315,26536,2025,28561
2,62985,54891,0,0,19,19,3315,2560,26001,28561
2,63063,21,0,0,21,21,3003,4374,1,4375
2,63063,21,0,0,84,21,3003,3024,1,3025
2,63063,147,0,0,21,21,3003,14976,49,15025
2,63063,1911,0,0,21,21,3003,8192,1183,9375
2,63063,6237,0,0,21,21,3003,512,2673,3185
2,63063,11319,0,0,21,21,3003,16000,3773,19773
2,63063,37863,0,0,21,21,3003,520,5409,5929
2,63063,46137,0,0,21,21,3003,2178,2197,4375
2,63140,11340,0,0,20,20,3157,4394,567,4961
2,63175,19,0,0,19,19,3325,4374,1,4375
2,63175,45125,0,0,19,19,3325,32,11875,11907
2,63273,2751,0,0,84,21,3013,4096,393,4489
2,63315,21,0,0,21,21,3015,4374,1,4375
2,63315,12663,0,0,21,21,3015,13792,3015,16807
2,63315,13125,0,0,21,21,3015,4802,625,5427
2,63315,45927,0,0,21,21,3015,938,2187,3125
2,63327,19,0,0,19,19,3333,64000,9,64009
2,63327,19,0,0,19,19,3333,71874,1,71875
2,63327,513,0,0,19,19,3333,10120,81,10201
2,63327,10051,0,0,19,19,3333,864,2645,3509
2,63327,15979,0,0,19,19,3333,33534,841,34375
2,63327,15979,0,0,19,19,3333,59994,841,60835
2,63327,55651,0,0,19,19,3333,3726,2929,6655
2,63441,53371,0,0,19,19,3339,4394,2809,7203
2,63660,20,0,0,20,20,3183,4374,1,4375
2,63660,1820,0,0,20,20,3183,8192,1183,9375
2,63660,40500,0,0,20,20,3183,1352,6075,7427
2,63745,19,0,0,76,19,3355,14640,1,14641
2,63900,20,0,0,20,20,3195,5750,1,5751
2,63900,41700,0,0,20,20,3195,10082,2085,12167
2,63903,21,0,0,21,21,3043,4374,1,4375
2,63903,63,0,0,21,21,3043,14848,27,14875
2,63903,1029,0,0,21,21,3043,14450,49,14499
2,63903,5103,0,0,21,21,3043,10382,243,10625
2,63903,6069,0,0,21,21,3043,14210,289,14499
2,63903,63903,0,0,21,21,3043,1682,3043,4725
2,63935,16625,0,0,19,19,3365,128,6125,6253
2,63945,21,0,0,21,21,3045,4374,1,4375
2,63945,25515,0,0,21,21,3045,3872,6075,9947
2,63945,52983,0,0,21,21,3045,1250,2523,3773
2,63980,20,0,0,80,20,3199,4752,1,4753
2,64155,2625,0,0,21,21,3055,13122,125,13247
2,64155,21399,0,0,21,21,3055,2106,1019,3125
2,64155,45927,0,0,21,21,3055,2038,2187,4225
2,64201,64201,0,0,38,19,3379,324,3379,3703
2,64220,20,0,0,40,20,3211,31212,1,31213
2,64220,180,0,0,20,20,3211,60928,81,61009
2,64220,12740,0,0,20,20,3211,8192,8281,16473
2,64239,6517,0,0,19,19,3381,2176,2401,4577
2,64260,20,0,0,20,20,3213,4374,1,4375
2,64260,40460,0,0,20,20,3213,3200,14161,17361
2,64467,19,0,0,19,19,3393,4374,1,4375
2,64467,19,0,0,38,19,3393,4900,1,4901
2,64467,171,0,0,19,19,3393,21866,9,21875
2,64467,1729,0,0,19,19,3393,8192,1183,9375
2,64467,2375,0,0,19,19,3393,27936,625,28561
2,64467,2565,0,0,19,19,3393,8192,1755,9947
2,64467,4617,0,0,19,19,3393,3200,1701,4901
2,64467,9633,0,0,19,19,3393,512,4563,5075
2,64467,12103,0,0,19,19,3393,12416,4459,16875
2,64467,22477,0,0,19,19,3393,8192,15379,23571
2,64467,41743,0,0,19,19,3393,4850,2197,7047
2,64467,53447,0,0,19,19,3393,1750,2813,4563
2,64467,60021,0,0,19,19,3393,6250,3159,9409
2,64500,20,0,0,20,20,3225,4374,1,4375
2,64533,21,0,0,21,21,3073,4374,1,4375
2,64575,21525,0,0,84,21,3075,3888,1025,4913
2,64700,64700,0,0,80,20,3235,1328,3235,4563
2,64785,21,0,0,21,21,3085,4374,1,4375
2,64820,6860,0,0,20,20,3241,4418,343,4761
2,64860,20,0,0,20,20,3243,64000,9,64009
2,64860,20,0,0,20,20,3243,71874,1,71875
2,64860,540,0,0,20,20,3243,5632,243,5875
2,64860,10580,0,0,20,20,3243,5346,529,5875
2,64860,10580,0,0,20,20,3243,5546,529,6075
2,64860,11500,0,0,20,20,3243,512,5175,5687
2,64860,20700,0,0,20,20,3243,376,3105,3481
2,64860,37500,0,0,20,20,3243,70688,9375,80063
2,64860,44180,0,0,20,20,3243,1058,2209,3267
2,64860,62500,0,0,20,20,3243,43424,15625,59049
2,64885,19,0,0,76,19,3415,18224,1,18225
2,64885,64885,0,0,19,19,3415,8978,3415,12393
2,64900,12100,0,0,20,20,3245,1888,3025,4913
2,64953,21651,0,0,84,21,3093,9904,1031,10935
2,64999,19,0,0,19,19,3421,7986,1,7987
2,65037,19,0,0,19,19,3423,4374,1,4375
2,65037,2375,0,0,19,19,3423,18144,625,18769
2,65060,20,0,0,20,20,3253,4374,1,4375
2,65100,20,0,0,20,20,3255,4374,1,4375
2,65100,2500,0,0,20,20,3255,100842,125,100967
2,65205,7875,0,0,21,21,3105,512,3375,3887
2,65205,25095,0,0,21,21,3105,4394,1195,5589
2,65265,19,0,0,19,19,3435,4374,1,4375
2,65289,65289,0,0,42,21,3109,612,3109,3721
2,65415,21,0,0,21,21,3115,4374,1,4375
2,65415,21819,0,0,21,21,3115,8,3117,3125
2,65415,45927,0,0,21,21,3115,712,6561,7273
2,65455,513,0,0,19,19,3445,40598,27,40625
2,65660,20,0,0,20,20,3283,4374,1,4375
2,65660,1620,0,0,20,20,3283,42632,243,42875
2,65660,2500,0,0,20,20,3283,4704,625,5329
2,65660,6860,0,0,20,20,3283,9782,343,10125
2,65660,7300,0,0,20,20,3283,2144,1825,3969
2,65660,9380,0,0,40,20,3283,4860,469,5329
2,65660,12500,0,0,20,20,3283,4802,625,5427
2,65700,20,0,0,20,20,3285,101250,1,101251
2,65700,36500,0,0,20,20,3285,1384,5475,6859
2,65740,2860,0,0,20,20,3287,8192,1859,10051
2,65793,1365,0,0,21,21,3133,6144,715,6859
2,65793,1575,0,0,21,21,3133,25064,225,25289
2,65793,27951,0,0,21,21,3133,36632,3993,40625
2,65797,19,0,0,19,19,3463,4374,1,4375
2,65797,65797,0,0,19,19,3463,2662,3463,6125
2,65835,19,0,0,19,19,3465,4374,1,4375
2,65900,20,0,0,20,20,3295,4374,1,4375
2,66003,21,0,0,84,21,3143,4624,1,4625
2,66045,21,0,0,84,21,3145,4624,1,4625
2,66045,19425,0,0,21,21,3145,288,4625,4913
2,66066,22,0,0,22,22,3003,4374,1,4375
2,66066,22,0,0,88,22,3003,3024,1,3025
2,66066,154,0,0,22,22,3003,14976,49,15025
2,66066,2002,0,0,22,22,3003,8192,1183,9375
2,66066,6534,0,0,22,22,3003,512,2673,3185
2,66066,11858,0,0,22,22,3003,16000,3773,19773
2,66066,39666,0,0,22,22,3003,520,5409,5929
2,66066,48334,0,0,22,22,3003,2178,2197,4375
2,66177,13851,0,0,19,19,3483,22016,6561,28577
2,66177,23085,0,0,19,19,3483,3698,1215,4913
2,66260,66260,0,0,20,20,3313,1250,3313,4563
2,66286,2882,0,0,88,22,3013,4096,393,4489
2,66297,11907,0,0,21,21,3157,4394,567,4961
2,66300,20,0,0,80,20,3315,26000,1,26001
2,66300,60,0,0,20,20,3315,4216,9,4225
2,66300,2500,0,0,20,20,3315,9826,125,9951
2,66300,8500,0,0,20,20,3315,5408,2125,7533
2,66300,13500,0,0,20,20,3315,26536,2025,28561
2,66300,57780,0,0,20,20,3315,2560,26001,28561
2,66330,22,0,0,22,22,3015,4374,1,4375
2,66330,13266,0,0,22,22,3015,13792,3015,16807
2,66330,13750,0,0,22,22,3015,4802,625,5427
2,66330,48114,0,0,22,22,3015,938,2187,3125
2,66367,19,0,0,19,19,3493,4374,1,4375
2,66500,20,0,0,20,20,3325,4374,1,4375
2,66500,47500,0,0,20,20,3325,32,11875,11907
2,66660,20,0,0,20,20,3333,64000,9,64009
2,66660,20,0,0,20,20,3333,71874,1,71875
2,66660,540,0,0,20,20,3333,10120,81,10201
2,66660,10580,0,0,20,20,3333,864,2645,3509
2,66660,16820,0,0,20,20,3333,33534,841,34375
2,66660,16820,0,0,20,20,3333,59994,841,60835
2,66660,58580,0,0,20,20,3333,3726,2929,6655
2,66780,56180,0,0,20,20,3339,4394,2809,7203
2,66843,21,0,0,21,21,3183,4374,1,4375
2,66843,1911,0,0,21,21,3183,8192,1183,9375
2,66843,42525,0,0,21,21,3183,1352,6075,7427
2,66946,22,0,0,22,22,3043,4374,1,4375
2,66946,66,0,0,22,22,3043,14848,27,14875
2,66946,1078,0,0,22,22,3043,14450,49,14499
2,66946,5346,0,0,22,22,3043,10382,243,10625
2,66946,6358,0,0,22,22,3043,14210,289,14499
2,66946,66946,0,0,22,22,3043,1682,3043,4725
2,66990,22,0,0,22,22,3045,4374,1,4375
2,66990,26730,0,0,22,22,3045,3872,6075,9947
2,66990,55506,0,0,22,22,3045,1250,2523,3773
2,67095,21,0,0,21,21,3195,5750,1,5751
2,67095,43785,0,0,21,21,3195,10082,2085,12167
2,67100,20,0,0,80,20,3355,14640,1,14641
2,67179,21,0,0,84,21,3199,4752,1,4753
2,67210,2750,0,0,22,22,3055,13122,125,13247
2,67210,22418,0,0,22,22,3055,2106,1019,3125
2,67210,48114,0,0,22,22,3055,2038,2187,4225
2,67300,17500,0,0,20,20,3365,128,6125,6253
2,67431,21,0,0,42,21,3211,31212,1,31213
2,67431,189,0,0,21,21,3211,60928,81,61009
2,67431,13377,0,0,21,21,3211,8192,8281,16473
2,67473,21,0,0,21,21,3213,4374,1,4375
2,67473,42483,0,0,21,21,3213,3200,14161,17361
2,67580,67580,0,0,40,20,3379,324,3379,3703
2,67606,22,0,0,22,22,3073,4374,1,4375
2,67620,6860,0,0,20,20,3381,2176,2401,4577
2,67650,22550,0,0,88,22,3075,3888,1025,4913
2,67725,21,0,0,21,21,3225,4374,1,4375
2,67860,20,0,0,20,20,3393,4374,1,4375
2,67860,20,0,0,40,20,3393,4900,1,4901
2,67860,180,0,0,20,20,3393,21866,9,21875
2,67860,1820,0,0,20,20,3393,8192,1183,9375
2,67860,2500,0,0,20,20,3393,27936,625,28561
2,67860,2700,0,0,20,20,3393,8192,1755,9947
2,67860,4860,0,0,20,20,3393,3200,1701,4901
2,67860,10140,0,0,20,20,3393,512,4563,5075
2,67860,12740,0,0,20,20,3393,12416,4459,16875
2,67860,23660,0,0,20,20,3393,8192,15379,23571
2,67860,43940,0,0,20,20,3393,4850,2197,7047
2,67860,56260,0,0,20,20,3393,1750,2813,4563
2,67860,63180,0,0,20,20,3393,6250,3159,9409
2,67870,22,0,0,22,22,3085,4374,1,4375
2,67935,67935,0,0,84,21,3235,1328,3235,4563
2,68046,22682,0,0,88,22,3093,9904,1031,10935
2,68061,7203,0,0,21,21,3241,4418,343,4761
2,68103,21,0,0,21,21,3243,64000,9,64009
2,68103,21,0,0,21,21,3243,71874,1,71875
2,68103,567,0,0,21,21,3243,5632,243,5875
2,68103,11109,0,0,21,21,3243,5346,529,5875
2,68103,11109,0,0,21,21,3243,5546,529,6075
2,68103,12075,0,0,21,21,3243,512,5175,5687
2,68103,21735,0,0,21,21,3243,376,3105,3481
2,68103,39375,0,0,21,21,3243,70688,9375,80063
2,68103,46389,0,0,21,21,3243,1058,2209,3267
2,68103,65625,0,0,21,21,3243,43424,15625,59049
2,68145,12705,0,0,21,21,3245,1888,3025,4913
2,68300,20,0,0,80,20,3415,18224,1,18225
2,68300,68300,0,0,20,20,3415,8978,3415,12393
2,68310,8250,0,0,22,22,3105,512,3375,3887
2,68310,26290,0,0,22,22,3105,4394,1195,5589
2,68313,21,0,0,21,21,3253,4374,1,4375
2,68355,21,0,0,21,21,3255,4374,1,4375
2,68355,2625,0,0,21,21,3255,100842,125,100967
2,68398,68398,0,0,44,22,3109,612,3109,3721
2,68420,20,0,0,20,20,3421,7986,1,7987
2,68460,20,0,0,20,20,3423,4374,1,4375
2,68460,2500,0,0,20,20,3423,18144,625,18769
2,68530,22,0,0,22,22,3115,4374,1,4375
2,68530,22858,0,0,22,22,3115,8,3117,3125
2,68530,48114,0,0,22,22,3115,712,6561,7273
2,68700,20,0,0,20,20,3435,4374,1,4375
2,68900,540,0,0,20,20,3445,40598,27,40625
2,68926,1430,0,0,22,22,3133,6144,715,6859
2,68926,1650,0,0,22,22,3133,25064,225,25289
2,68926,29282,0,0,22,22,3133,36632,3993,40625
2,68943,21,0,0,21,21,3283,4374,1,4375
2,68943,1701,0,0,21,21,3283,42632,243,42875
2,68943,2625,0,0,21,21,3283,4704,625,5329
2,68943,7203,0,0,21,21,3283,9782,343,10125
2,68943,7665,0,0,21,21,3283,2144,1825,3969
2,68943,9849,0,0,42,21,3283,4860,469,5329
2,68943,13125,0,0,21,21,3283,4802,625,5427
2,68985,21,0,0,21,21,3285,101250,1,101251
2,68985,38325,0,0,21,21,3285,1384,5475,6859
2,69027,3003,0,0,21,21,3287,8192,1859,10051
2,69069,23,0,0,23,23,3003,4374,1,4375
2,69069,23,0,0,92,23,3003,3024,1,3025
2,69069,161,0,0,23,23,3003,14976,49,15025
2,69069,2093,0,0,23,23,3003,8192,1183,9375
2,69069,6831,0,0,23,23,3003,512,2673,3185
2,69069,12397,0,0,23,23,3003,16000,3773,19773
2,69069,41469,0,0,23,23,3003,520,5409,5929
2,69069,50531,0,0,23,23,3003,2178,2197,4375
2,69146,22,0,0,88,22,3143,4624,1,4625
2,69190,22,0,0,88,22,3145,4624,1,4625
2,69190,20350,0,0,22,22,3145,288,4625,4913
2,69195,21,0,0,21,21,3295,4374,1,4375
2,69260,20,0,0,20,20,3463,4374,1,4375
2,69260,69260,0,0,20,20,3463,2662,3463,6125
2,69299,3013,0,0,92,23,3013,4096,393,4489
2,69300,20,0,0,20,20,3465,4374,1,4375
2,69345,23,0,0,23,23,3015,4374,1,4375
2,69345,13869,0,0,23,23,3015,13792,3015,16807
2,69345,14375,0,0,23,23,3015,4802,625,5427
2,69345,50301,0,0,23,23,3015,938,2187,3125
2,69454,12474,0,0,22,22,3157,4394,567,4961
2,69573,69573,0,0,21,21,3313,1250,3313,4563
2,69615,21,0,0,84,21,3315,26000,1,26001
2,69615,63,0,0,21,21,3315,4216,9,4225
2,69615,2625,0,0,21,21,3315,9826,125,9951
2,69615,8925,0,0,21,21,3315,5408,2125,7533
2,69615,14175,0,0,21,21,3315,26536,2025,28561
2,69615,60669,0,0,21,21,3315,2560,26001,28561
2,69660,14580,0,0,20,20,3483,22016,6561,28577
2,69660,24300,0,0,20,20,3483,3698,1215,4913
2,69825,21,0,0,21,21,3325,4374,1,4375
2,69825,49875,0,0,21,21,3325,32,11875,11907
2,69860,20,0,0,20,20,3493,4374,1,4375
2,69989,23,0,0,23,23,3043,4374,1,4375
2,69989,69,0,0,23,23,3043,14848,27,14875
2,69989,1127,0,0,23,23,3043,14450,49,14499
2,69989,5589,0,0,23,23,3043,10382,243,10625
2,69989,6647,0,0,23,23,3043,14210,289,14499
2,69989,69989,0,0,23,23,3043,1682,3043,4725
2,69993,21,0,0,21,21,3333,64000,9,64009
2,69993,21,0,0,21,21,3333,71874,1,71875
2,69993,567,0,0,21,21,3333,10120,81,10201
2,69993,11109,0,0,21,21,3333,864,2645,3509
2,69993,17661,0,0,21,21,3333,33534,841,34375
2,69993,17661,0,0,21,21,3333,59994,841,60835
2,69993,61509,0,0,21,21,3333,3726,2929,6655
2,70026,22,0,0,22,22,3183,4374,1,4375
2,70026,2002,0,0,22,22,3183,8192,1183,9375
2,70026,44550,0,0,22,22,3183,1352,6075,7427
2,70035,23,0,0,23,23,3045,4374,1,4375
2,70035,27945,0,0,23,23,3045,3872,6075,9947
2,70035,58029,0,0,23,23,3045,1250,2523,3773
2,70119,58989,0,0,21,21,3339,4394,2809,7203
2,70265,2875,0,0,23,23,3055,13122,125,13247
2,70265,23437,0,0,23,23,3055,2106,1019,3125
2,70265,50301,0,0,23,23,3055,2038,2187,4225
2,70290,22,0,0,22,22,3195,5750,1,5751
2,70290,45870,0,0,22,22,3195,10082,2085,12167
2,70378,22,0,0,88,22,3199,4752,1,4753
2,70455,21,0,0,84,21,3355,14640,1,14641
2,70642,22,0,0,44,22,3211,31212,1,31213
2,70642,198,0,0,22,22,3211,60928,81,61009
2,70642,14014,0,0,22,22,3211,8192,8281,16473
2,70665,18375,0,0,21,21,3365,128,6125,6253
2,70679,23,0,0,23,23,3073,4374,1,4375
2,70686,22,0,0,22,22,3213,4374,1,4375
2,70686,44506,0,0,22,22,3213,3200,14161,17361
2,70725,23575,0,0,92,23,3075,3888,1025,4913
2,70950,22,0,0,22,22,3225,4374,1,4375
2,70955,23,0,0,23,23,3085,4374,1,4375
2,70959,70959,0,0,42,21,3379,324,3379,3703
2,71001,7203,0,0,21,21,3381,2176,2401,4577
2,71139,23713,0,0,92,23,3093,9904,1031,10935
2,71170,71170,0,0,88,22,3235,1328,3235,4563
2,71253,21,0,0,21,21,3393,4374,1,4375
2,71253,21,0,0,42,21,3393,4900,1,4901
2,71253,189,0,0,21,21,3393,21866,9,21875
2,71253,1911,0,0,21,21,3393,8192,1183,9375
2,71253,2625,0,0,21,21,3393,27936,625,28561
2,71253,2835,0,0,21,21,3393,8192,1755,9947
2,71253,5103,0,0,21,21,3393,3200,1701,4901
2,71253,10647,0,0,21,21,3393,512,4563,5075
2,71253,13377,0,0,21,21,3393,12416,4459,16875
2,71253,24843,0,0,21,21,3393,8192,15379,23571
2,71253,46137,0,0,21,21,3393,4850,2197,7047
2,71253,59073,0,0,21,21,3393,1750,2813,4563
2,71253,66339,0,0,21,21,3393,6250,3159,9409
2,71302,7546,0,0,22,22,3241,4418,343,4761
2,71346,22,0,0,22,22,3243,64000,9,64009
2,71346,22,0,0,22,22,3243,71874,1,71875
2,71346,594,0,0,22,22,3243,5632,243,5875
2,71346,11638,0,0,22,22,3243,5346,529,5875
2,71346,11638,0,0,22,22,3243,5546,529,6075
2,71346,12650,0,0,22,22,3243,512,5175,5687
2,71346,22770,0,0,22,22,3243,376,3105,3481
2,71346,41250,0,0,22,22,3243,70688,9375,80063
2,71346,48598,0,0,22,22,3243,1058,2209,3267
2,71346,68750,0,0,22,22,3243,43424,15625,59049
2,71390,13310,0,0,22,22,3245,1888,3025,4913
2,71415,8625,0,0,23,23,3105,512,3375,3887
2,71415,27485,0,0,23,23,3105,4394,1195,5589
2,71507,71507,0,0,46,23,3109,612,3109,3721
2,71566,22,0,0,22,22,3253,4374,1,4375
2,71610,22,0,0,22,22,3255,4374,1,4375
2,71610,2750,0,0,22,22,3255,100842,125,100967
2,71645,23,0,0,23,23,3115,4374,1,4375
2,71645,23897,0,0,23,23,3115,8,3117,3125
2,71645,50301,0,0,23,23,3115,712,6561,7273
2,71715,21,0,0,84,21,3415,18224,1,18225
2,71715,71715,0,0,21,21,3415,8978,3415,12393
2,71841,21,0,0,21,21,3421,7986,1,7987
2,71883,21,0,0,21,21,3423,4374,1,4375
2,71883,2625,0,0,21,21,3423,18144,625,18769
2,72059,1495,0,0,23,23,3133,6144,715,6859
2,72059,1725,0,0,23,23,3133,25064,225,25289
2,72059,30613,0,0,23,23,3133,36632,3993,40625
2,72072,24,0,0,24,24,3003,4374,1,4375
2,72072,24,0,0,96,24,3003,3024,1,3025
2,72072,168,0,0,24,24,3003,14976,49,15025
2,72072,2184,0,0,24,24,3003,8192,1183,9375
2,72072,7128,0,0,24,24,3003,512,2673,3185
2,72072,12936,0,0,24,24,3003,16000,3773,19773
2,72072,43272,0,0,24,24,3003,520,5409,5929
2,72072,52728,0,0,24,24,3003,2178,2197,4375
2,72135,21,0,0,21,21,3435,4374,1,4375
2,72226,22,0,0,22,22,3283,4374,1,4375
2,72226,1782,0,0,22,22,3283,42632,243,42875
2,72226,2750,0,0,22,22,3283,4704,625,5329
2,72226,7546,0,0,22,22,3283,9782,343,10125
2,72226,8030,0,0,22,22,3283,2144,1825,3969
2,72226,10318,0,0,44,22,3283,4860,469,5329
2,72226,13750,0,0,22,22,3283,4802,625,5427
2,72270,22,0,0,22,22,3285,101250,1,101251
2,72270,40150,0,0,22,22,3285,1384,5475,6859
2,72289,23,0,0,92,23,3143,4624,1,4625
2,72312,3144,0,0,96,24,3013,4096,393,4489
2,72314,3146,0,0,22,22,3287,8192,1859,10051
2,72335,23,0,0,92,23,3145,4624,1,4625
2,72335,21275,0,0,23,23,3145,288,4625,4913
2,72345,567,0,0,21,21,3445,40598,27,40625
2,72360,24,0,0,24,24,3015,4374,1,4375
2,72360,14472,0,0,24,24,3015,13792,3015,16807
2,72360,15000,0,0,24,24,3015,4802,625,5427
2,72360,52488,0,0,24,24,3015,938,2187,3125
2,72490,22,0,0,22,22,3295,4374,1,4375
2,72611,13041,0,0,23,23,3157,4394,567,4961
2,72723,21,0,0,21,21,3463,4374,1,4375
2,72723,72723,0,0,21,21,3463,2662,3463,6125
2,72765,21,0,0,21,21,3465,4374,1,4375
2,72886,72886,0,0,22,22,3313,1250,3313,4563
2,72930,22,0,0,88,22,3315,26000,1,26001
2,72930,66,0,0,22,22,3315,4216,9,4225
2,72930,2750,0,0,22,22,3315,9826,125,9951
2,72930,9350,0,0,22,22,3315,5408,2125,7533
2,72930,14850,0,0,22,22,3315,26536,2025,28561
2,72930,63558,0,0,22,22,3315,2560,26001,28561
2,73032,24,0,0,24,24,3043,4374,1,4375
2,73032,72,0,0,24,24,3043,14848,27,14875
2,73032,1176,0,0,24,24,3043,14450,49,14499
2,73032,5832,0,0,24,24,3043,10382,243,10625
2,73032,6936,0,0,24,24,3043,14210,289,14499
2,73032,73032,0,0,24,24,3043,1682,3043,4725
2,73080,24,0,0,24,24,3045,4374,1,4375
2,73080,29160,0,0,24,24,3045,3872,6075,9947
2,73080,60552,0,0,24,24,3045,1250,2523,3773
2,73143,15309,0,0,21,21,3483,22016,6561,28577
2,73143,25515,0,0,21,21,3483,3698,1215,4913
2,73150,22,0,0,22,22,3325,4374,1,4375
2,73150,52250,0,0,22,22,3325,32,11875,11907
2,73209,23,0,0,23,23,3183,4374,1,4375
2,73209,2093,0,0,23,23,3183,8192,1183,9375
2,73209,46575,0,0,23,23,3183,1352,6075,7427
2,73320,3000,0,0,24,24,3055,13122,125,13247
2,73320,24456,0,0,24,24,3055,2106,1019,3125
2,73320,52488,0,0,24,24,3055,2038,2187,4225
2,73326,22,0,0,22,22,3333,64000,9,64009
2,73326,22,0,0,22,22,3333,71874,1,71875
2,73326,594,0,0,22,22,3333,10120,81,10201
2,73326,11638,0,0,22,22,3333,864,2645,3509
2,73326,18502,0,0,22,22,3333,33534,841,34375
2,73326,18502,0,0,22,22,3333,59994,841,60835
2,73326,64438,0,0,22,22,3333,3726,2929,6655
2,73353,21,0,0,21,21,3493,4374,1,4375
2,73458,61798,0,0,22,22,3339,4394,2809,7203
2,73485,23,0,0,23,23,3195,5750,1,5751
2,73485,47955,0,0,23,23,3195,10082,2085,12167
2,73577,23,0,0,92,23,3199,4752,1,4753
2,73752,24,0,0,24,24,3073,4374,1,4375
2,73800,24600,0,0,96,24,3075,3888,1025,4913
2,73810,22,0,0,88,22,3355,14640,1,14641
2,73853,23,0,0,46,23,3211,31212,1,31213
2,73853,207,0,0,23,23,3211,60928,81,61009
2,73853,14651,0,0,23,23,3211,8192,8281,16473
2,73899,23,0,0,23,23,3213,4374,1,4375
2,73899,46529,0,0,23,23,3213,3200,14161,17361
2,74030,19250,0,0,22,22,3365,128,6125,6253
2,74040,24,0,0,24,24,3085,4374,1,4375
2,74175,23,0,0,23,23,3225,4374,1,4375
2,74232,24744,0,0,96,24,3093,9904,1031,10935
2,74338,74338,0,0,44,22,3379,324,3379,3703
2,74382,7546,0,0,22,22,3381,2176,2401,4577
2,74405,74405,0,0,92,23,3235,1328,3235,4563
2,74520,9000,0,0,24,24,3105,512,3375,3887
2,74520,28680,0,0,24,24,3105,4394,1195,5589
2,74543,7889,0,0,23,23,3241,4418,343,4761
2,74589,23,0,0,23,23,3243,64000,9,64009
2,74589,23,0,0,23,23,3243,71874,1,71875
2,74589,621,0,0,23,23,3243,5632,243,5875
2,74589,12167,0,0,23,23,3243,5346,529,5875
2,74589,12167,0,0,23,23,3243,5546,529,6075
2,74589,13225,0,0,23,23,3243,512,5175,5687
2,74589,23805,0,0,23,23,3243,376,3105,3481
2,74589,43125,0,0,23,23,3243,70688,9375,80063
2,74589,50807,0,0,23,23,3243,1058,2209,3267
2,74589,71875,0,0,23,23,3243,43424,15625,59049
2,74616,74616,0,0,48,24,3109,612,3109,3721
2,74635,13915,0,0,23,23,3245,1888,3025,4913
2,74646,22,0,0,22,22,3393,4374,1,4375
2,74646,22,0,0,44,22,3393,4900,1,4901
2,74646,198,0,0,22,22,3393,21866,9,21875
2,74646,2002,0,0,22,22,3393,8192,1183,9375
2,74646,2750,0,0,22,22,3393,27936,625,28561
2,74646,2970,0,0,22,22,3393,8192,1755,9947
2,74646,5346,0,0,22,22,3393,3200,1701,4901
2,74646,11154,0,0,22,22,3393,512,4563,5075
2,74646,14014,0,0,22,22,3393,12416,4459,16875
2,74646,26026,0,0,22,22,3393,8192,15379,23571
2,74646,48334,0,0,22,22,3393,4850,2197,7047
2,74646,61886,0,0,22,22,3393,1750,2813,4563
2,74646,69498,0,0,22,22,3393,6250,3159,9409
2,74760,24,0,0,24,24,3115,4374,1,4375
2,74760,24936,0,0,24,24,3115,8,3117,3125
2,74760,52488,0,0,24,24,3115,712,6561,7273
2,74819,23,0,0,23,23,3253,4374,1,4375
2,74865,23,0,0,23,23,3255,4374,1,4375
2,74865,2875,0,0,23,23,3255,100842,125,100967
2,75075,25,0,0,25,25,3003,4374,1,4375
2,75075,25,0,0,100,25,3003,3024,1,3025
2,75075,175,0,0,25,25,3003,14976,49,15025
2,75075,2275,0,0,25,25,3003,8192,1183,9375
2,75075,7425,0,0,25,25,3003,512,2673,3185
2,75075,13475,0,0,25,25,3003,16000,3773,19773
2,75075,45075,0,0,25,25,3003,520,5409,5929
2,75075,54925,0,0,25,25,3003,2178,2197,4375
2,75130,22,0,0,88,22,3415,18224,1,18225
2,75130,75130,0,0,22,22,3415,8978,3415,12393
2,75192,1560,0,0,24,24,3133,6144,715,6859
2,75192,1800,0,0,24,24,3133,25064,225,25289
2,75192,31944,0,0,24,24,3133,36632,3993,40625
2,75262,22,0,0,22,22,3421,7986,1,7987
2,75306,22,0,0,22,22,3423,4374,1,4375
2,75306,2750,0,0,22,22,3423,18144,625,18769
2,75325,3275,0,0,100,25,3013,4096,393,4489
2,75375,25,0,0,25,25,3015,4374,1,4375
2,75375,15075,0,0,25,25,3015,13792,3015,16807
2,75375,15625,0,0,25,25,3015,4802,625,5427
2,75375,54675,0,0,25,25,3015,938,2187,3125
2,75432,24,0,0,96,24,3143,4624,1,4625
2,75480,24,0,0,96,24,3145,4624,1,4625
2,75480,22200,0,0,24,24,3145,288,4625,4913
2,75509,23,0,0,23,23,3283,4374,1,4375
2,75509,1863,0,0,23,23,3283,42632,243,42875
2,75509,2875,0,0,23,23,3283,4704,625,5329
2,75509,7889,0,0,23,23,3283,9782,343,10125
2,75509,8395,0,0,23,23,3283,2144,1825,3969
2,75509,10787,0,0,46,23,3283,4860,469,5329
2,75509,14375,0,0,23,23,3283,4802,625,5427
2,75555,23,0,0,23,23,3285,101250,1,101251
2,75555,41975,0,0,23,23,3285,1384,5475,6859
2,75570,22,0,0,22,22,3435,4374,1,4375
2,75601,3289,0,0,23,23,3287,8192,1859,10051
2,75768,13608,0,0,24,24,3157,4394,567,4961
2,75785,23,0,0,23,23,3295,4374,1,4375
2,75790,594,0,0,22,22,3445,40598,27,40625
2,76075,25,0,0,25,25,3043,4374,1,4375
2,76075,75,0,0,25,25,3043,14848,27,14875
2,76075,1225,0,0,25,25,3043,14450,49,14499
2,76075,6075,0,0,25,25,3043,10382,243,10625
2,76075,7225,0,0,25,25,3043,14210,289,14499
2,76075,76075,0,0,25,25,3043,1682,3043,4725
2,76125,25,0,0,25,25,3045,4374,1,4375
2,76125,30375,0,0,25,25,3045,3872,6075,9947
2,76125,63075,0,0,25,25,3045,1250,2523,3773
2,76186,22,0,0,22,22,3463,4374,1,4375
2,76186,76186,0,0,22,22,3463,2662,3463,6125
2,76199,76199,0,0,23,23,3313,1250,3313,4563
2,76230,22,0,0,22,22,3465,4374,1,4375
2,76245,23,0,0,92,23,3315,26000,1,26001
2,76245,69,0,0,23,23,3315,4216,9,4225
2,76245,2875,0,0,23,23,3315,9826,125,9951
2,76245,9775,0,0,23,23,3315,5408,2125,7533
2,76245,15525,0,0,23,23,3315,26536,2025,28561
2,76245,66447,0,0,23,23,3315,2560,26001,28561
2,76375,3125,0,0,25,25,3055,13122,125,13247
2,76375,25475,0,0,25,25,3055,2106,1019,3125
2,76375,54675,0,0,25,25,3055,2038,2187,4225
2,76392,24,0,0,24,24,3183,4374,1,4375
2,76392,2184,0,0,24,24,3183,8192,1183,9375
2,76392,48600,0,0,24,24,3183,1352,6075,7427
2,76475,23,0,0,23,23,3325,4374,1,4375
2,76475,54625,0,0,23,23,3325,32,11875,11907
2,76626,16038,0,0,22,22,3483,22016,6561,28577
2,76626,26730,0,0,22,22,3483,3698,1215,4913
2,76659,23,0,0,23,23,3333,64000,9,64009
2,76659,23,0,0,23,23,3333,71874,1,71875
2,76659,621,0,0,23,23,3333,10120,81,10201
2,76659,12167,0,0,23,23,3333,864,2645,3509
2,76659,19343,0,0,23,23,3333,33534,841,34375
2,76659,19343,0,0,23,23,3333,59994,841,60835
2,76659,67367,0,0,23,23,3333,3726,2929,6655
2,76680,24,0,0,24,24,3195,5750,1,5751
2,76680,50040,0,0,24,24,3195,10082,2085,12167
2,76776,24,0,0,96,24,3199,4752,1,4753
2,76797,64607,0,0,23,23,3339,4394,2809,7203
2,76825,25,0,0,25,25,3073,4374,1,4375
2,76846,22,0,0,22,22,3493,4374,1,4375
2,76875,25625,0,0,100,25,3075,3888,1025,4913
2,77064,24,0,0,48,24,3211,31212,1,31213
2,77064,216,0,0,24,24,3211,60928,81,61009
2,77064,15288,0,0,24,24,3211,8192,8281,16473
2,77112,24,0,0,24,24,3213,4374,1,4375
2,77112,48552,0,0,24,24,3213,3200,14161,17361
2,77125,25,0,0,25,25,3085,4374,1,4375
2,77165,23,0,0,92,23,3355,14640,1,14641
2,77325,25775,0,0,100,25,3093,9904,1031,10935
2,77395,20125,0,0,23,23,3365,128,6125,6253
2,77400,24,0,0,24,24,3225,4374,1,4375
2,77625,9375,0,0,25,25,3105,512,3375,3887
2,77625,29875,0,0,25,25,3105,4394,1195,5589
2,77640,77640,0,0,96,24,3235,1328,3235,4563
2,77717,77717,0,0,46,23,3379,324,3379,3703
2,77725,77725,0,0,50,25,3109,612,3109,3721
2,77763,7889,0,0,23,23,3381,2176,2401,4577
2,77784,8232,0,0,24,24,3241,4418,343,4761
2,77832,24,0,0,24,24,3243,64000,9,64009
2,77832,24,0,0,24,24,3243,71874,1,71875
2,77832,648,0,0,24,24,3243,5632,243,5875
2,77832,12696,0,0,24,24,3243,5346,529,5875
2,77832,12696,0,0,24,24,3243,5546,529,6075
2,77832,13800,0,0,24,24,3243,512,5175,5687
2,77832,24840,0,0,24,24,3243,376,3105,3481
2,77832,45000,0,0,24,24,3243,70688,9375,80063
2,77832,53016,0,0,24,24,3243,1058,2209,3267
2,77832,75000,0,0,24,24,3243,43424,15625,59049
2,77875,25,0,0,25,25,3115,4374,1,4375
2,77875,25975,0,0,25,25,3115,8,3117,3125
2,77875,54675,0,0,25,25,3115,712,6561,7273
2,77880,14520,0,0,24,24,3245,1888,3025,4913
2,78039,23,0,0,23,23,3393,4374,1,4375
2,78039,23,0,0,46,23,3393,4900,1,4901
2,78039,207,0,0,23,23,3393,21866,9,21875
2,78039,2093,0,0,23,23,3393,8192,1183,9375
2,78039,2875,0,0,23,23,3393,27936,625,28561
2,78039,3105,0,0,23,23,3393,8192,1755,9947
2,78039,5589,0,0,23,23,3393,3200,1701,4901
2,78039,11661,0,0,23,23,3393,512,4563,5075
2,78039,14651,0,0,23,23,3393,12416,4459,16875
2,78039,27209,0,0,23,23,3393,8192,15379,23571
2,78039,50531,0,0,23,23,3393,4850,2197,7047
2,78039,64699,0,0,23,23,3393,1750,2813,4563
2,78039,72657,0,0,23,23,3393,6250,3159,9409
2,78072,24,0,0,24,24,3253,4374,1,4375
2,78078,26,0,0,26,26,3003,4374,1,4375
2,78078,26,0,0,104,26,3003,3024,1,3025
2,78078,182,0,0,26,26,3003,14976,49,15025
2,78078,2366,0,0,26,26,3003,8192,1183,9375
2,78078,7722,0,0,26,26,3003,512,2673,3185
2,78078,14014,0,0,26,26,3003,16000,3773,19773
2,78078,46878,0,0,26,26,3003,520,5409,5929
2,78078,57122,0,0,26,26,3003,2178,2197,4375
2,78120,24,0,0,24,24,3255,4374,1,4375
2,78120,3000,0,0,24,24,3255,100842,125,100967
2,78325,1625,0,0,25,25,3133,6144,715,6859
2,78325,1875,0,0,25,25,3133,25064,225,25289
2,78325,33275,0,0,25,25,3133,36632,3993,40625
2,78338,3406,0,0,104,26,3013,4096,393,4489
2,78390,26,0,0,26,26,3015,4374,1,4375
2,78390,15678,0,0,26,26,3015,13792,3015,16807
2,78390,16250,0,0,26,26,3015,4802,625,5427
2,78390,56862,0,0,26,26,3015,938,2187,3125
2,78545,23,0,0,92,23,3415,18224,1,18225
2,78545,78545,0,0,23,23,3415,8978,3415,12393
2,78575,25,0,0,100,25,3143,4624,1,4625
2,78625,25,0,0,100,25,3145,4624,1,4625
2,78625,23125,0,0,25,25,3145,288,4625,4913
2,78683,23,0,0,23,23,3421,7986,1,7987
2,78729,23,0,0,23,23,3423,4374,1,4375
2,78729,2875,0,0,23,23,3423,18144,625,18769
2,78792,24,0,0,24,24,3283,4374,1,4375
2,78792,1944,0,0,24,24,3283,42632,243,42875
2,78792,3000,0,0,24,24,3283,4704,625,5329
2,78792,8232,0,0,24,24,3283,9782,343,10125
2,78792,8760,0,0,24,24,3283,2144,1825,3969
2,78792,11256,0,0,48,24,3283,4860,469,5329
2,78792,15000,0,0,24,24,3283,4802,625,5427
2,78840,24,0,0,24,24,3285,101250,1,101251
2,78840,43800,0,0,24,24,3285,1384,5475,6859
2,78888,3432,0,0,24,24,3287,8192,1859,10051
2,78925,14175,0,0,25,25,3157,4394,567,4961
2,79005,23,0,0,23,23,3435,4374,1,4375
2,79080,24,0,0,24,24,3295,4374,1,4375
2,79118,26,0,0,26,26,3043,4374,1,4375
2,79118,78,0,0,26,26,3043,14848,27,14875
2,79118,1274,0,0,26,26,3043,14450,49,14499
2,79118,6318,0,0,26,26,3043,10382,243,10625
2,79118,7514,0,0,26,26,3043,14210,289,14499
2,79118,79118,0,0,26,26,3043,1682,3043,4725
2,79170,26,0,0,26,26,3045,4374,1,4375
2,79170,31590,0,0,26,26,3045,3872,6075,9947
2,79170,65598,0,0,26,26,3045,1250,2523,3773
2,79235,621,0,0,23,23,3445,40598,27,40625
2,79430,3250,0,0,26,26,3055,13122,125,13247
2,79430,26494,0,0,26,26,3055,2106,1019,3125
2,79430,56862,0,0,26,26,3055,2038,2187,4225
2,79512,79512,0,0,24,24,3313,1250,3313,4563
2,79560,24,0,0,96,24,3315,26000,1,26001
2,79560,72,0,0,24,24,3315,4216,9,4225
2,79560,3000,0,0,24,24,3315,9826,125,9951
2,79560,10200,0,0,24,24,3315,5408,2125,7533
2,79560,16200,0,0,24,24,3315,26536,2025,28561
2,79560,69336,0,0,24,24,3315,2560,26001,28561
2,79575,25,0,0,25,25,3183,4374,1,4375
2,79575,2275,0,0,25,25,3183,8192,1183,9375
2,79575,50625,0,0,25,25,3183,1352,6075,7427
2,79649,23,0,0,23,23,3463,4374,1,4375
2,79649,79649,0,0,23,23,3463,2662,3463,6125
2,79695,23,0,0,23,23,3465,4374,1,4375
2,79800,24,0,0,24,24,3325,4374,1,4375
2,79800,57000,0,0,24,24,3325,32,11875,11907
2,79875,25,0,0,25,25,3195,5750,1,5751
2,79875,52125,0,0,25,25,3195,10082,2085,12167
2,79898,26,0,0,26,26,3073,4374,1,4375
2,79950,26650,0,0,104,26,3075,3888,1025,4913
2,79975,25,0,0,100,25,3199,4752,1,4753
2,79992,24,0,0,24,24,3333,64000,9,64009
2,79992,24,0,0,24,24,3333,71874,1,71875
2,79992,648,0,0,24,24,3333,10120,81,10201
2,79992,12696,0,0,24,24,3333,864,2645,3509
2,79992,20184,0,0,24,24,3333,33534,841,34375
2,79992,20184,0,0,24,24,3333,59994,841,60835
2,79992,70296,0,0,24,24,3333,3726,2929,6655
2,80109,16767,0,0,23,23,3483,22016,6561,28577
2,80109,27945,0,0,23,23,3483,3698,1215,4913
2,80136,67416,0,0,24,24,3339,4394,2809,7203
2,80210,26,0,0,26,26,3085,4374,1,4375
2,80275,25,0,0,50,25,3211,31212,1,31213
2,80275,225,0,0,25,25,3211,60928,81,61009
2,80275,15925,0,0,25,25,3211,8192,8281,16473
2,80325,25,0,0,25,25,3213,4374,1,4375
2,80325,50575,0,0,25,25,3213,3200,14161,17361
2,80339,23,0,0,23,23,3493,4374,1,4375
2,80418,26806,0,0,104,26,3093,9904,1031,10935
2,80520,24,0,0,96,24,3355,14640,1,14641
2,80625,25,0,0,25,25,3225,4374,1,4375
2,80730,9750,0,0,26,26,3105,512,3375,3887
2,80730,31070,0,0,26,26,3105,4394,1195,5589
2,80760,21000,0,0,24,24,3365,128,6125,6253
2,80834,80834,0,0,52,26,3109,612,3109,3721
2,80875,80875,0,0,100,25,3235,1328,3235,4563
2,80990,26,0,0,26,26,3115,4374,1,4375
2,80990,27014,0,0,26,26,3115,8,3117,3125
2,80990,56862,0,0,26,26,3115,712,6561,7273
2,81025,8575,0,0,25,25,3241,4418,343,4761
2,81075,25,0,0,25,25,3243,64000,9,64009
2,81075,25,0,0,25,25,3243,71874,1,71875
2,81075,675,0,0,25,25,3243,5632,243,5875
2,81075,13225,0,0,25,25,3243,5346,529,5875
2,81075,13225,0,0,25,25,3243,5546,529,6075
2,81075,14375,0,0,25,25,3243,512,5175,5687
2,81075,25875,0,0,25,25,3243,376,3105,3481
2,81075,46875,0,0,25,25,3243,70688,9375,80063
2,81075,55225,0,0,25,25,3243,1058,2209,3267
2,81075,78125,0,0,25,25,3243,43424,15625,59049
2,81081,27,0,0,27,27,3003,4374,1,4375
2,81081,27,0,0,108,27,3003,3024,1,3025
2,81081,189,0,0,27,27,3003,14976,49,15025
2,81081,2457,0,0,27,27,3003,8192,1183,9375
2,81081,8019,0,0,27,27,3003,512,2673,3185
2,81081,14553,0,0,27,27,3003,16000,3773,19773
2,81081,48681,0,0,27,27,3003,520,5409,5929
2,81081,59319,0,0,27,27,3003,2178,2197,4375
2,81096,81096,0,0,48,24,3379,324,3379,3703
2,81125,15125,0,0,25,25,3245,1888,3025,4913
2,81144,8232,0,0,24,24,3381,2176,2401,4577
2,81325,25,0,0,25,25,3253,4374,1,4375
2,81351,3537,0,0,108,27,3013,4096,393,4489
2,81375,25,0,0,25,25,3255,4374,1,4375
2,81375,3125,0,0,25,25,3255,100842,125,100967
2,81405,27,0,0,27,27,3015,4374,1,4375
2,81405,16281,0,0,27,27,3015,13792,3015,16807
2,81405,16875,0,0,27,27,3015,4802,625,5427
2,81405,59049,0,0,27,27,3015,938,2187,3125
2,81432,24,0,0,24,24,3393,4374,1,4375
2,81432,24,0,0,48,24,3393,4900,1,4901
2,81432,216,0,0,24,24,3393,21866,9,21875
2,81432,2184,0,0,24,24,3393,8192,1183,9375
2,81432,3000,0,0,24,24,3393,27936,625,28561
2,81432,3240,0,0,24,24,3393,8192,1755,9947
2,81432,5832,0,0,24,24,3393,3200,1701,4901
2,81432,12168,0,0,24,24,3393,512,4563,5075
2,81432,15288,0,0,24,24,3393,12416,4459,16875
2,81432,28392,0,0,24,24,3393,8192,15379,23571
2,81432,52728,0,0,24,24,3393,4850,2197,7047
2,81432,67512,0,0,24,24,3393,1750,2813,4563
2,81432,75816,0,0,24,24,3393,6250,3159,9409
2,81458,1690,0,0,26,26,3133,6144,715,6859
2,81458,1950,0,0,26,26,3133,25064,225,25289
2,81458,34606,0,0,26,26,3133,36632,3993,40625
2,81718,26,0,0,104,26,3143,4624,1,4625
2,81770,26,0,0,104,26,3145,4624,1,4625
2,81770,24050,0,0,26,26,3145,288,4625,4913
2,81960,24,0,0,96,24,3415,18224,1,18225
2,81960,81960,0,0,24,24,3415,8978,3415,12393
2,82075,25,0,0,25,25,3283,4374,1,4375
2,82075,2025,0,0,25,25,3283,42632,243,42875
2,82075,3125,0,0,25,25,3283,4704,625,5329
2,82075,8575,0,0,25,25,3283,9782,343,10125
2,82075,9125,0,0,25,25,3283,2144,1825,3969
2,82075,11725,0,0,50,25,3283,4860,469,5329
2,82075,15625,0,0,25,25,3283,4802,625,5427
2,82082,14742,0,0,26,26,3157,4394,567,4961
2,82104,24,0,0,24,24,3421,7986,1,7987
2,82125,25,0,0,25,25,3285,101250,1,101251
2,82125,45625,0,0,25,25,3285,1384,5475,6859
2,82152,24,0,0,24,24,3423,4374,1,4375
2,82152,3000,0,0,24,24,3423,18144,625,18769
2,82161,27,0,0,27,27,3043,4374,1,4375
2,82161,81,0,0,27,27,3043,14848,27,14875
2,82161,1323,0,0,27,27,3043,14450,49,14499
2,82161,6561,0,0,27,27,3043,10382,243,10625
2,82161,7803,0,0,27,27,3043,14210,289,14499
2,82161,82161,0,0,27,27,3043,1682,3043,4725
2,82175,3575,0,0,25,25,3287,8192,1859,10051
2,82215,27,0,0,27,27,3045,4374,1,4375
2,82215,32805,0,0,27,27,3045,3872,6075,9947
2,82215,68121,0,0,27,27,3045,1250,2523,3773
2,82375,25,0,0,25,25,3295,4374,1,4375
2,82440,24,0,0,24,24,3435,4374,1,4375
2,82485,3375,0,0,27,27,3055,13122,125,13247
2,82485,27513,0,0,27,27,3055,2106,1019,3125
2,82485,59049,0,0,27,27,3055,2038,2187,4225
2,82680,648,0,0,24,24,3445,40598,27,40625
2,82758,26,0,0,26,26,3183,4374,1,4375
2,82758,2366,0,0,26,26,3183,8192,1183,9375
2,82758,52650,0,0,26,26,3183,1352,6075,7427
2,82825,82825,0,0,25,25,3313,1250,3313,4563
2,82875,25,0,0,100,25,3315,26000,1,26001
2,82875,75,0,0,25,25,3315,4216,9,4225
2,82875,3125,0,0,25,25,3315,9826,125,9951
2,82875,10625,0,0,25,25,3315,5408,2125,7533
2,82875,16875,0,0,25,25,3315,26536,2025,28561
2,82875,72225,0,0,25,25,3315,2560,26001,28561
2,82971,27,0,0,27,27,3073,4374,1,4375
2,83025,27675,0,0,108,27,3075,3888,1025,4913
2,83070,26,0,0,26,26,3195,5750,1,5751
2,83070,54210,0,0,26,26,3195,10082,2085,12167
2,83112,24,0,0,24,24,3463,4374,1,4375
2,83112,83112,0,0,24,24,3463,2662,3463,6125
2,83125,25,0,0,25,25,3325,4374,1,4375
2,83125,59375,0,0,25,25,3325,32,11875,11907
2,83160,24,0,0,24,24,3465,4374,1,4375
2,83174,26,0,0,104,26,3199,4752,1,4753
2,83295,27,0,0,27,27,3085,4374,1,4375
2,83325,25,0,0,25,25,3333,64000,9,64009
2,83325,25,0,0,25,25,3333,71874,1,71875
2,83325,675,0,0,25,25,3333,10120,81,10201
2,83325,13225,0,0,25,25,3333,864,2645,3509
2,83325,21025,0,0,25,25,3333,33534,841,34375
2,83325,21025,0,0,25,25,3333,59994,841,60835
2,83325,73225,0,0,25,25,3333,3726,2929,6655
2,83475,70225,0,0,25,25,3339,4394,2809,7203
2,83486,26,0,0,52,26,3211,31212,1,31213
2,83486,234,0,0,26,26,3211,60928,81,61009
2,83486,16562,0,0,26,26,3211,8192,8281,16473
2,83511,27837,0,0,108,27,3093,9904,1031,10935
2,83538,26,0,0,26,26,3213,4374,1,4375
2,83538,52598,0,0,26,26,3213,3200,14161,17361
2,83592,17496,0,0,24,24,3483,22016,6561,28577
2,83592,29160,0,0,24,24,3483,3698,1215,4913
2,83832,24,0,0,24,24,3493,4374,1,4375
2,83835,10125,0,0,27,27,3105,512,3375,3887
2,83835,32265,0,0,27,27,3105,4394,1195,5589
2,83850,26,0,0,26,26,3225,4374,1,4375
2,83875,25,0,0,100,25,3355,14640,1,14641
2,83943,83943,0,0,54,27,3109,612,3109,3721
2,84084,28,0,0,28,28,3003,4374,1,4375
2,84084,28,0,0,112,28,3003,3024,1,3025
2,84084,196,0,0,28,28,3003,14976,49,15025
2,84084,2548,0,0,28,28,3003,8192,1183,9375
2,84084,8316,0,0,28,28,3003,512,2673,3185
2,84084,15092,0,0,28,28,3003,16000,3773,19773
2,84084,50484,0,0,28,28,3003,520,5409,5929
2,84084,61516,0,0,28,28,3003,2178,2197,4375
2,84105,27,0,0,27,27,3115,4374,1,4375
2,84105,28053,0,0,27,27,3115,8,3117,3125
2,84105,59049,0,0,27,27,3115,712,6561,7273
2,84110,84110,0,0,104,26,3235,1328,3235,4563
2,84125,21875,0,0,25,25,3365,128,6125,6253
2,84266,8918,0,0,26,26,3241,4418,343,4761
2,84318,26,0,0,26,26,3243,64000,9,64009
2,84318,26,0,0,26,26,3243,71874,1,71875
2,84318,702,0,0,26,26,3243,5632,243,5875
2,84318,13754,0,0,26,26,3243,5346,529,5875
2,84318,13754,0,0,26,26,3243,5546,529,6075
2,84318,14950,0,0,26,26,3243,512,5175,5687
2,84318,26910,0,0,26,26,3243,376,3105,3481
2,84318,48750,0,0,26,26,3243,70688,9375,80063
2,84318,57434,0,0,26,26,3243,1058,2209,3267
2,84318,81250,0,0,26,26,3243,43424,15625,59049
2,84364,3668,0,0,112,28,3013,4096,393,4489
2,84370,15730,0,0,26,26,3245,1888,3025,4913
2,84420,28,0,0,28,28,3015,4374,1,4375
2,84420,16884,0,0,28,28,3015,13792,3015,16807
2,84420,17500,0,0,28,28,3015,4802,625,5427
2,84420,61236,0,0,28,28,3015,938,2187,3125
2,84475,84475,0,0,50,25,3379,324,3379,3703
2,84525,8575,0,0,25,25,3381,2176,2401,4577
2,84578,26,0,0,26,26,3253,4374,1,4375
2,84591,1755,0,0,27,27,3133,6144,715,6859
2,84591,2025,0,0,27,27,3133,25064,225,25289
2,84591,35937,0,0,27,27,3133,36632,3993,40625
2,84630,26,0,0,26,26,3255,4374,1,4375
2,84630,3250,0,0,26,26,3255,100842,125,100967
2,84825,25,0,0,25,25,3393,4374,1,4375
2,84825,25,0,0,50,25,3393,4900,1,4901
2,84825,225,0,0,25,25,3393,21866,9,21875
2,84825,2275,0,0,25,25,3393,8192,1183,9375
2,84825,3125,0,0,25,25,3393,27936,625,28561
2,84825,3375,0,0,25,25,3393,8192,1755,9947
2,84825,6075,0,0,25,25,3393,3200,1701,4901
2,84825,12675,0,0,25,25,3393,512,4563,5075
2,84825,15925,0,0,25,25,3393,12416,4459,16875
2,84825,29575,0,0,25,25,3393,8192,15379,23571
2,84825,54925,0,0,25,25,3393,4850,2197,7047
2,84825,70325,0,0,25,25,3393,1750,2813,4563
2,84825,78975,0,0,25,25,3393,6250,3159,9409
2,84861,27,0,0,108,27,3143,4624,1,4625
2,84915,27,0,0,108,27,3145,4624,1,4625
2,84915,24975,0,0,27,27,3145,288,4625,4913
2,85204,28,0,0,28,28,3043,4374,1,4375
2,85204,84,0,0,28,28,3043,14848,27,14875
2,85204,1372,0,0,28,28,3043,14450,49,14499
2,85204,6804,0,0,28,28,3043,10382,243,10625
2,85204,8092,0,0,28,28,3043,14210,289,14499
2,85204,85204,0,0,28,28,3043,1682,3043,4725
2,85239,15309,0,0,27,27,3157,4394,567,4961
2,85260,28,0,0,28,28,3045,4374,1,4375
2,85260,34020,0,0,28,28,3045,3872,6075,9947
2,85260,70644,0,0,28,28,3045,1250,2523,3773
2,85358,26,0,0,26,26,3283,4374,1,4375
2,85358,2106,0,0,26,26,3283,42632,243,42875
2,85358,3250,0,0,26,26,3283,4704,625,5329
2,85358,8918,0,0,26,26,3283,9782,343,10125
2,85358,9490,0,0,26,26,3283,2144,1825,3969
2,85358,12194,0,0,52,26,3283,4860,469,5329
2,85358,16250,0,0,26,26,3283,4802,625,5427
2,85375,25,0,0,100,25,3415,18224,1,18225
2,85375,85375,0,0,25,25,3415,8978,3415,12393
2,85410,26,0,0,26,26,3285,101250,1,101251
2,85410,47450,0,0,26,26,3285,1384,5475,6859
2,85462,3718,0,0,26,26,3287,8192,1859,10051
2,85525,25,0,0,25,25,3421,7986,1,7987
2,85540,3500,0,0,28,28,3055,13122,125,13247
2,85540,28532,0,0,28,28,3055,2106,1019,3125
2,85540,61236,0,0,28,28,3055,2038,2187,4225
2,85575,25,0,0,25,25,3423,4374,1,4375
2,85575,3125,0,0,25,25,3423,18144,625,18769
2,85670,26,0,0,26,26,3295,4374,1,4375
2,85875,25,0,0,25,25,3435,4374,1,4375
2,85941,27,0,0,27,27,3183,4374,1,4375
2,85941,2457,0,0,27,27,3183,8192,1183,9375
2,85941,54675,0,0,27,27,3183,1352,6075,7427
2,86044,28,0,0,28,28,3073,4374,1,4375
2,86100,28700,0,0,112,28,3075,3888,1025,4913
2,86125,675,0,0,25,25,3445,40598,27,40625
2,86138,86138,0,0,26,26,3313,1250,3313,4563
2,86190,26,0,0,104,26,3315,26000,1,26001
2,86190,78,0,0,26,26,3315,4216,9,4225
2,86190,3250,0,0,26,26,3315,9826,125,9951
2,86190,11050,0,0,26,26,3315,5408,2125,7533
2,86190,17550,0,0,26,26,3315,26536,2025,28561
2,86190,75114,0,0,26,26,3315,2560,26001,28561
2,86265,27,0,0,27,27,3195,5750,1,5751
2,86265,56295,0,0,27,27,3195,10082,2085,12167
2,86373,27,0,0,108,27,3199,4752,1,4753
2,86380,28,0,0,28,28,3085,4374,1,4375
2,86450,26,0,0,26,26,3325,4374,1,4375
2,86450,61750,0,0,26,26,3325,32,11875,11907
2,86575,25,0,0,25,25,3463,4374,1,4375
2,86575,86575,0,0,25,25,3463,2662,3463,6125
2,86604,28868,0,0,112,28,3093,9904,1031,10935
2,86625,25,0,0,25,25,3465,4374,1,4375
2,86658,26,0,0,26,26,3333,64000,9,64009
2,86658,26,0,0,26,26,3333,71874,1,71875
2,86658,702,0,0,26,26,3333,10120,81,10201
2,86658,13754,0,0,26,26,3333,864,2645,3509
2,86658,21866,0,0,26,26,3333,33534,841,34375
2,86658,21866,0,0,26,26,3333,59994,841,60835
2,86658,76154,0,0,26,26,3333,3726,2929,6655
2,86697,27,0,0,54,27,3211,31212,1,31213
2,86697,243,0,0,27,27,3211,60928,81,61009
2,86697,17199,0,0,27,27,3211,8192,8281,16473
2,86751,27,0,0,27,27,3213,4374,1,4375
2,86751,54621,0,0,27,27,3213,3200,14161,17361
2,86814,73034,0,0,26,26,3339,4394,2809,7203
2,86940,10500,0,0,28,28,3105,512,3375,3887
2,86940,33460,0,0,28,28,3105,4394,1195,5589
2,87052,87052,0,0,56,28,3109,612,3109,3721
2,87075,27,0,0,27,27,3225,4374,1,4375
2,87075,18225,0,0,25,25,3483,22016,6561,28577
2,87075,30375,0,0,25,25,3483,3698,1215,4913
2,87087,29,0,0,29,29,3003,4374,1,4375
2,87087,29,0,0,116,29,3003,3024,1,3025
2,87087,203,0,0,29,29,3003,14976,49,15025
2,87087,2639,0,0,29,29,3003,8192,1183,9375
2,87087,8613,0,0,29,29,3003,512,2673,3185
2,87087,15631,0,0,29,29,3003,16000,3773,19773
2,87087,52287,0,0,29,29,3003,520,5409,5929
2,87087,63713,0,0,29,29,3003,2178,2197,4375
2,87220,28,0,0,28,28,3115,4374,1,4375
2,87220,29092,0,0,28,28,3115,8,3117,3125
2,87220,61236,0,0,28,28,3115,712,6561,7273
2,87230,26,0,0,104,26,3355,14640,1,14641
2,87325,25,0,0,25,25,3493,4374,1,4375
2,87345,87345,0,0,108,27,3235,1328,3235,4563
2,87377,3799,0,0,116,29,3013,4096,393,4489
2,87435,29,0,0,29,29,3015,4374,1,4375
2,87435,17487,0,0,29,29,3015,13792,3015,16807
2,87435,18125,0,0,29,29,3015,4802,625,5427
2,87435,63423,0,0,29,29,3015,938,2187,3125
2,87490,22750,0,0,26,26,3365,128,6125,6253
2,87507,9261,0,0,27,27,3241,4418,343,4761
2,87561,27,0,0,27,27,3243,64000,9,64009
2,87561,27,0,0,27,27,3243,71874,1,71875
2,87561,729,0,0,27,27,3243,5632,243,5875
2,87561,14283,0,0,27,27,3243,5346,529,5875
2,87561,14283,0,0,27,27,3243,5546,529,6075
2,87561,15525,0,0,27,27,3243,512,5175,5687
2,87561,27945,0,0,27,27,3243,376,3105,3481
2,87561,50625,0,0,27,27,3243,70688,9375,80063
2,87561,59643,0,0,27,27,3243,1058,2209,3267
2,87561,84375,0,0,27,27,3243,43424,15625,59049
2,87615,16335,0,0,27,27,3245,1888,3025,4913
2,87724,1820,0,0,28,28,3133,6144,715,6859
2,87724,2100,0,0,28,28,3133,25064,225,25289
2,87724,37268,0,0,28,28,3133,36632,3993,40625
2,87831,27,0,0,27,27,3253,4374,1,4375
2,87854,87854,0,0,52,26,3379,324,3379,3703
2,87885,27,0,0,27,27,3255,4374,1,4375
2,87885,3375,0,0,27,27,3255,100842,125,100967
2,87906,8918,0,0,26,26,3381,2176,2401,4577
2,88004,28,0,0,112,28,3143,4624,1,4625
2,88060,28,0,0,112,28,3145,4624,1,4625
2,88060,25900,0,0,28,28,3145,288,4625,4913
2,88218,26,0,0,26,26,3393,4374,1,4375
2,88218,26,0,0,52,26,3393,4900,1,4901
2,88218,234,0,0,26,26,3393,21866,9,21875
2,88218,2366,0,0,26,26,3393,8192,1183,9375
2,88218,3250,0,0,26,26,3393,27936,625,28561
2,88218,3510,0,0,26,26,3393,8192,1755,9947
2,88218,6318,0,0,26,26,3393,3200,1701,4901
2,88218,13182,0,0,26,26,3393,512,4563,5075
2,88218,16562,0,0,26,26,3393,12416,4459,16875
2,88218,30758,0,0,26,26,3393,8192,15379,23571
2,88218,57122,0,0,26,26,3393,4850,2197,7047
2,88218,73138,0,0,26,26,3393,1750,2813,4563
2,88218,82134,0,0,26,26,3393,6250,3159,9409
2,88247,29,0,0,29,29,3043,4374,1,4375
2,88247,87,0,0,29,29,3043,14848,27,14875
2,88247,1421,0,0,29,29,3043,14450,49,14499
2,88247,7047,0,0,29,29,3043,10382,243,10625
2,88247,8381,0,0,29,29,3043,14210,289,14499
2,88247,88247,0,0,29,29,3043,1682,3043,4725
2,88305,29,0,0,29,29,3045,4374,1,4375
2,88305,35235,0,0,29,29,3045,3872,6075,9947
2,88305,73167,0,0,29,29,3045,1250,2523,3773
2,88396,15876,0,0,28,28,3157,4394,567,4961
2,88595,3625,0,0,29,29,3055,13122,125,13247
2,88595,29551,0,0,29,29,3055,2106,1019,3125
2,88595,63423,0,0,29,29,3055,2038,2187,4225
2,88641,27,0,0,27,27,3283,4374,1,4375
2,88641,2187,0,0,27,27,3283,42632,243,42875
2,88641,3375,0,0,27,27,3283,4704,625,5329
2,88641,9261,0,0,27,27,3283,9782,343,10125
2,88641,9855,0,0,27,27,3283,2144,1825,3969
2,88641,12663,0,0,54,27,3283,4860,469,5329
2,88641,16875,0,0,27,27,3283,4802,625,5427
2,88695,27,0,0,27,27,3285,101250,1,101251
2,88695,49275,0,0,27,27,3285,1384,5475,6859
2,88749,3861,0,0,27,27,3287,8192,1859,10051
2,88790,26,0,0,104,26,3415,18224,1,18225
2,88790,88790,0,0,26,26,3415,8978,3415,12393
2,88946,26,0,0,26,26,3421,7986,1,7987
2,88965,27,0,0,27,27,3295,4374,1,4375
2,88998,26,0,0,26,26,3423,4374,1,4375
2,88998,3250,0,0,26,26,3423,18144,625,18769
2,89117,29,0,0,29,29,3073,4374,1,4375
2,89124,28,0,0,28,28,3183,4374,1,4375
2,89124,2548,0,0,28,28,3183,8192,1183,9375
2,89124,56700,0,0,28,28,3183,1352,6075,7427
2,89175,29725,0,0,116,29,3075,3888,1025,4913
2,89310,26,0,0,26,26,3435,4374,1,4375
2,89451,89451,0,0,27,27,3313,1250,3313,4563
2,89460,28,0,0,28,28,3195,5750,1,5751
2,89460,58380,0,0,28,28,3195,10082,2085,12167
2,89465,29,0,0,29,29,3085,4374,1,4375
2,89505,27,0,0,108,27,3315,26000,1,26001
2,89505,81,0,0,27,27,3315,4216,9,4225
2,89505,3375,0,0,27,27,3315,9826,125,9951
2,89505,11475,0,0,27,27,3315,5408,2125,7533
2,89505,18225,0,0,27,27,3315,26536,2025,28561
2,89505,78003,0,0,27,27,3315,2560,26001,28561
2,89570,702,0,0,26,26,3445,40598,27,40625
2,89572,28,0,0,112,28,3199,4752,1,4753
2,89697,29899,0,0,116,29,3093,9904,1031,10935
2,89775,27,0,0,27,27,3325,4374,1,4375
2,89775,64125,0,0,27,27,3325,32,11875,11907
2,89908,28,0,0,56,28,3211,31212,1,31213
2,89908,252,0,0,28,28,3211,60928,81,61009
2,89908,17836,0,0,28,28,3211,8192,8281,16473
2,89964,28,0,0,28,28,3213,4374,1,4375
2,89964,56644,0,0,28,28,3213,3200,14161,17361
2,89991,27,0,0,27,27,3333,64000,9,64009
2,89991,27,0,0,27,27,3333,71874,1,71875
2,89991,729,0,0,27,27,3333,10120,81,10201
2,89991,14283,0,0,27,27,3333,864,2645,3509
2,89991,22707,0,0,27,27,3333,33534,841,34375
2,89991,22707,0,0,27,27,3333,59994,841,60835
2,89991,79083,0,0,27,27,3333,3726,2929,6655
2,90038,26,0,0,26,26,3463,4374,1,4375
2,90038,90038,0,0,26,26,3463,2662,3463,6125
2,90045,10875,0,0,29,29,3105,512,3375,3887
2,90045,34655,0,0,29,29,3105,4394,1195,5589
2,90090,26,0,0,26,26,3465,4374,1,4375
2,90090,30,0,0,30,30,3003,4374,1,4375
2,90090,30,0,0,120,30,3003,3024,1,3025
2,90090,210,0,0,30,30,3003,14976,49,15025
2,90090,2730,0,0,30,30,3003,8192,1183,9375
2,90090,8910,0,0,30,30,3003,512,2673,3185
2,90090,16170,0,0,30,30,3003,16000,3773,19773
2,90090,54090,0,0,30,30,3003,520,5409,5929
2,90090,65910,0,0,30,30,3003,2178,2197,4375
2,90153,75843,0,0,27,27,3339,4394,2809,7203
2,90161,90161,0,0,58,29,3109,612,3109,3721
2,90300,28,0,0,28,28,3225,4374,1,4375
2,90335,29,0,0,29,29,3115,4374,1,4375
2,90335,30131,0,0,29,29,3115,8,3117,3125
2,90335,63423,0,0,29,29,3115,712,6561,7273
2,90390,3930,0,0,120,30,3013,4096,393,4489
2,90450,30,0,0,30,30,3015,4374,1,4375
2,90450,18090,0,0,30,30,3015,13792,3015,16807
2,90450,18750,0,0,30,30,3015,4802,625,5427
2,90450,65610,0,0,30,30,3015,938,2187,3125
2,90558,18954,0,0,26,26,3483,22016,6561,28577
2,90558,31590,0,0,26,26,3483,3698,1215,4913
2,90580,90580,0,0,112,28,3235,1328,3235,4563
2,90585,27,0,0,108,27,3355,14640,1,14641
2,90748,9604,0,0,28,28,3241,4418,343,4761
2,90804,28,0,0,28,28,3243,64000,9,64009
2,90804,28,0,0,28,28,3243,71874,1,71875
2,90804,756,0,0,28,28,3243,5632,243,5875
2,90804,14812,0,0,28,28,3243,5346,529,5875
2,90804,14812,0,0,28,28,3243,5546,529,6075
2,90804,16100,0,0,28,28,3243,512,5175,5687
2,90804,28980,0,0,28,28,3243,376,3105,3481
2,90804,52500,0,0,28,28,3243,70688,9375,80063
2,90804,61852,0,0,28,28,3243,1058,2209,3267
2,90804,87500,0,0,28,28,3243,43424,15625,59049
2,90818,26,0,0,26,26,3493,4374,1,4375
2,90855,23625,0,0,27,27,3365,128,6125,6253
2,90857,1885,0,0,29,29,3133,6144,715,6859
2,90857,2175,0,0,29,29,3133,25064,225,25289
2,90857,38599,0,0,29,29,3133,36632,3993,40625
2,90860,16940,0,0,28,28,3245,1888,3025,4913
2,91084,28,0,0,28,28,3253,4374,1,4375
2,91140,28,0,0,28,28,3255,4374,1,4375
2,91140,3500,0,0,28,28,3255,100842,125,100967
2,91147,29,0,0,116,29,3143,4624,1,4625
2,91205,29,0,0,116,29,3145,4624,1,4625
2,91205,26825,0,0,29,29,3145,288,4625,4913
2,91233,91233,0,0,54,27,3379,324,3379,3703
2,91287,9261,0,0,27,27,3381,2176,2401,4577
2,91290,30,0,0,30,30,3043,4374,1,4375
2,91290,90,0,0,30,30,3043,14848,27,14875
2,91290,1470,0,0,30,30,3043,14450,49,14499
2,91290,7290,0,0,30,30,3043,10382,243,10625
2,91290,8670,0,0,30,30,3043,14210,289,14499
2,91290,91290,0,0,30,30,3043,1682,3043,4725
2,91350,30,0,0,30,30,3045,4374,1,4375
2,91350,36450,0,0,30,30,3045,3872,6075,9947
2,91350,75690,0,0,30,30,3045,1250,2523,3773
2,91553,16443,0,0,29,29,3157,4394,567,4961
2,91611,27,0,0,27,27,3393,4374,1,4375
2,91611,27,0,0,54,27,3393,4900,1,4901
2,91611,243,0,0,27,27,3393,21866,9,21875
2,91611,2457,0,0,27,27,3393,8192,1183,9375
2,91611,3375,0,0,27,27,3393,27936,625,28561
2,91611,3645,0,0,27,27,3393,8192,1755,9947
2,91611,6561,0,0,27,27,3393,3200,1701,4901
2,91611,13689,0,0,27,27,3393,512,4563,5075
2,91611,17199,0,0,27,27,3393,12416,4459,16875
2,91611,31941,0,0,27,27,3393,8192,15379,23571
2,91611,59319,0,0,27,27,3393,4850,2197,7047
2,91611,75951,0,0,27,27,3393,1750,2813,4563
2,91611,85293,0,0,27,27,3393,6250,3159,9409
2,91650,3750,0,0,30,30,3055,13122,125,13247
2,91650,30570,0,0,30,30,3055,2106,1019,3125
2,91650,65610,0,0,30,30,3055,2038,2187,4225
2,91924,28,0,0,28,28,3283,4374,1,4375
2,91924,2268,0,0,28,28,3283,42632,243,42875
2,91924,3500,0,0,28,28,3283,4704,625,5329
2,91924,9604,0,0,28,28,3283,9782,343,10125
2,91924,10220,0,0,28,28,3283,2144,1825,3969
2,91924,13132,0,0,56,28,3283,4860,469,5329
2,91924,17500,0,0,28,28,3283,4802,625,5427
2,91980,28,0,0,28,28,3285,101250,1,101251
2,91980,51100,0,0,28,28,3285,1384,5475,6859
2,92036,4004,0,0,28,28,3287,8192,1859,10051
2,92190,30,0,0,30,30,3073,4374,1,4375
2,92205,27,0,0,108,27,3415,18224,1,18225
2,92205,92205,0,0,27,27,3415,8978,3415,12393
2,92250,30750,0,0,120,30,3075,3888,1025,4913
2,92260,28,0,0,28,28,3295,4374,1,4375
2,92307,29,0,0,29,29,3183,4374,1,4375
2,92307,2639,0,0,29,29,3183,8192,1183,9375
2,92307,58725,0,0,29,29,3183,1352,6075,7427
2,92367,27,0,0,27,27,3421,7986,1,7987
2,92421,27,0,0,27,27,3423,4374,1,4375
2,92421,3375,0,0,27,27,3423,18144,625,18769
2,92550,30,0,0,30,30,3085,4374,1,4375
2,92655,29,0,0,29,29,3195,5750,1,5751
2,92655,60465,0,0,29,29,3195,10082,2085,12167
2,92745,27,0,0,27,27,3435,4374,1,4375
2,92764,92764,0,0,28,28,3313,1250,3313,4563
2,92771,29,0,0,116,29,3199,4752,1,4753
2,92790,30930,0,0,120,30,3093,9904,1031,10935
2,92820,28,0,0,112,28,3315,26000,1,26001
2,92820,84,0,0,28,28,3315,4216,9,4225
2,92820,3500,0,0,28,28,3315,9826,125,9951
2,92820,11900,0,0,28,28,3315,5408,2125,7533
2,92820,18900,0,0,28,28,3315,26536,2025,28561
2,92820,80892,0,0,28,28,3315,2560,26001,28561
2,93015,729,0,0,27,27,3445,40598,27,40625
2,93093,31,0,0,31,31,3003,4374,1,4375
2,93093,31,0,0,124,31,3003,3024,1,3025
2,93093,217,0,0,31,31,3003,14976,49,15025
2,93093,2821,0,0,31,31,3003,8192,1183,9375
2,93093,9207,0,0,31,31,3003,512,2673,3185
2,93093,16709,0,0,31,31,3003,16000,3773,19773
2,93093,55893,0,0,31,31,3003,520,5409,5929
2,93093,68107,0,0,31,31,3003,2178,2197,4375
2,93100,28,0,0,28,28,3325,4374,1,4375
2,93100,66500,0,0,28,28,3325,32,11875,11907
2,93119,29,0,0,58,29,3211,31212,1,31213
2,93119,261,0,0,29,29,3211,60928,81,61009
2,93119,18473,0,0,29,29,3211,8192,8281,16473
2,93150,11250,0,0,30,30,3105,512,3375,3887
2,93150,35850,0,0,30,30,3105,4394,1195,5589
2,93177,29,0,0,29,29,3213,4374,1,4375
2,93177,58667,0,0,29,29,3213,3200,14161,17361
2,93270,93270,0,0,60,30,3109,612,3109,3721
2,93324,28,0,0,28,28,3333,64000,9,64009
2,93324,28,0,0,28,28,3333,71874,1,71875
2,93324,756,0,0,28,28,3333,10120,81,10201
2,93324,14812,0,0,28,28,3333,864,2645,3509
2,93324,23548,0,0,28,28,3333,33534,841,34375
2,93324,23548,0,0,28,28,3333,59994,841,60835
2,93324,82012,0,0,28,28,3333,3726,2929,6655
2,93403,4061,0,0,124,31,3013,4096,393,4489
2,93450,30,0,0,30,30,3115,4374,1,4375
2,93450,31170,0,0,30,30,3115,8,3117,3125
2,93450,65610,0,0,30,30,3115,712,6561,7273
2,93465,31,0,0,31,31,3015,4374,1,4375
2,93465,18693,0,0,31,31,3015,13792,3015,16807
2,93465,19375,0,0,31,31,3015,4802,625,5427
2,93465,67797,0,0,31,31,3015,938,2187,3125
2,93492,78652,0,0,28,28,3339,4394,2809,7203
2,93501,27,0,0,27,27,3463,4374,1,4375
2,93501,93501,0,0,27,27,3463,2662,3463,6125
2,93525,29,0,0,29,29,3225,4374,1,4375
2,93555,27,0,0,27,27,3465,4374,1,4375
2,93815,93815,0,0,116,29,3235,1328,3235,4563
2,93940,28,0,0,112,28,3355,14640,1,14641
2,93989,9947,0,0,29,29,3241,4418,343,4761
2,93990,1950,0,0,30,30,3133,6144,715,6859
2,93990,2250,0,0,30,30,3133,25064,225,25289
2,93990,39930,0,0,30,30,3133,36632,3993,40625
2,94041,19683,0,0,27,27,3483,22016,6561,28577
2,94041,32805,0,0,27,27,3483,3698,1215,4913
2,94047,29,0,0,29,29,3243,64000,9,64009
2,94047,29,0,0,29,29,3243,71874,1,71875
2,94047,783,0,0,29,29,3243,5632,243,5875
2,94047,15341,0,0,29,29,3243,5346,529,5875
2,94047,15341,0,0,29,29,3243,5546,529,6075
2,94047,16675,0,0,29,29,3243,512,5175,5687
2,94047,30015,0,0,29,29,3243,376,3105,3481
2,94047,54375,0,0,29,29,3243,70688,9375,80063
2,94047,64061,0,0,29,29,3243,1058,2209,3267
2,94047,90625,0,0,29,29,3243,43424,15625,59049
2,94105,17545,0,0,29,29,3245,1888,3025,4913
2,94220,24500,0,0,28,28,3365,128,6125,6253
2,94290,30,0,0,120,30,3143,4624,1,4625
2,94311,27,0,0,27,27,3493,4374,1,4375
2,94333,31,0,0,31,31,3043,4374,1,4375
2,94333,93,0,0,31,31,3043,14848,27,14875
2,94333,1519,0,0,31,31,3043,14450,49,14499
2,94333,7533,0,0,31,31,3043,10382,243,10625
2,94333,8959,0,0,31,31,3043,14210,289,14499
2,94333,94333,0,0,31,31,3043,1682,3043,4725
2,94337,29,0,0,29,29,3253,4374,1,4375
2,94350,30,0,0,120,30,3145,4624,1,4625
2,94350,27750,0,0,30,30,3145,288,4625,4913
2,94395,29,0,0,29,29,3255,4374,1,4375
2,94395,31,0,0,31,31,3045,4374,1,4375
2,94395,3625,0,0,29,29,3255,100842,125,100967
2,94395,37665,0,0,31,31,3045,3872,6075,9947
2,94395,78213,0,0,31,31,3045,1250,2523,3773
2,94612,94612,0,0,56,28,3379,324,3379,3703
2,94668,9604,0,0,28,28,3381,2176,2401,4577
2,94705,3875,0,0,31,31,3055,13122,125,13247
2,94705,31589,0,0,31,31,3055,2106,1019,3125
2,94705,67797,0,0,31,31,3055,2038,2187,4225
2,94710,17010,0,0,30,30,3157,4394,567,4961
2,95004,28,0,0,28,28,3393,4374,1,4375
2,95004,28,0,0,56,28,3393,4900,1,4901
2,95004,252,0,0,28,28,3393,21866,9,21875
2,95004,2548,0,0,28,28,3393,8192,1183,9375
2,95004,3500,0,0,28,28,3393,27936,625,28561
2,95004,3780,0,0,28,28,3393,8192,1755,9947
2,95004,6804,0,0,28,28,3393,3200,1701,4901
2,95004,14196,0,0,28,28,3393,512,4563,5075
2,95004,17836,0,0,28,28,3393,12416,4459,16875
2,95004,33124,0,0,28,28,3393,8192,15379,23571
2,95004,61516,0,0,28,28,3393,4850,2197,7047
2,95004,78764,0,0,28,28,3393,1750,2813,4563
2,95004,88452,0,0,28,28,3393,6250,3159,9409
2,95207,29,0,0,29,29,3283,4374,1,4375
2,95207,2349,0,0,29,29,3283,42632,243,42875
2,95207,3625,0,0,29,29,3283,4704,625,5329
2,95207,9947,0,0,29,29,3283,9782,343,10125
2,95207,10585,0,0,29,29,3283,2144,1825,3969
2,95207,13601,0,0,58,29,3283,4860,469,5329
2,95207,18125,0,0,29,29,3283,4802,625,5427
2,95263,31,0,0,31,31,3073,4374,1,4375
2,95265,29,0,0,29,29,3285,101250,1,101251
2,95265,52925,0,0,29,29,3285,1384,5475,6859
2,95323,4147,0,0,29,29,3287,8192,1859,10051
2,95325,31775,0,0,124,31,3075,3888,1025,4913
2,95490,30,0,0,30,30,3183,4374,1,4375
2,95490,2730,0,0,30,30,3183,8192,1183,9375
2,95490,60750,0,0,30,30,3183,1352,6075,7427
2,95555,29,0,0,29,29,3295,4374,1,4375
2,95620,28,0,0,112,28,3415,18224,1,18225
2,95620,95620,0,0,28,28,3415,8978,3415,12393
2,95635,31,0,0,31,31,3085,4374,1,4375
2,95788,28,0,0,28,28,3421,7986,1,7987
2,95844,28,0,0,28,28,3423,4374,1,4375
2,95844,3500,0,0,28,28,3423,18144,625,18769
2,95850,30,0,0,30,30,3195,5750,1,5751
2,95850,62550,0,0,30,30,3195,10082,2085,12167
2,95883,31961,0,0,124,31,3093,9904,1031,10935
2,95970,30,0,0,120,30,3199,4752,1,4753
2,96077,96077,0,0,29,29,3313,1250,3313,4563
2,96096,32,0,0,32,32,3003,4374,1,4375
2,96096,32,0,0,128,32,3003,3024,1,3025
2,96096,224,0,0,32,32,3003,14976,49,15025
2,96096,2912,0,0,32,32,3003,8192,1183,9375
2,96096,9504,0,0,32,32,3003,512,2673,3185
2,96096,17248,0,0,32,32,3003,16000,3773,19773
2,96096,57696,0,0,32,32,3003,520,5409,5929
2,96096,70304,0,0,32,32,3003,2178,2197,4375
2,96135,29,0,0,116,29,3315,26000,1,26001
2,96135,87,0,0,29,29,3315,4216,9,4225
2,96135,3625,0,0,29,29,3315,9826,125,9951
2,96135,12325,0,0,29,29,3315,5408,2125,7533
2,96135,19575,0,0,29,29,3315,26536,2025,28561
2,96135,83781,0,0,29,29,3315,2560,26001,28561
2,96180,28,0,0,28,28,3435,4374,1,4375
2,96255,11625,0,0,31,31,3105,512,3375,3887
2,96255,37045,0,0,31,31,3105,4394,1195,5589
2,96330,30,0,0,60,30,3211,31212,1,31213
2,96330,270,0,0,30,30,3211,60928,81,61009
2,96330,19110,0,0,30,30,3211,8192,8281,16473
2,96379,96379,0,0,62,31,3109,612,3109,3721
2,96390,30,0,0,30,30,3213,4374,1,4375
2,96390,60690,0,0,30,30,3213,3200,14161,17361
2,96416,4192,0,0,128,32,3013,4096,393,4489
2,96425,29,0,0,29,29,3325,4374,1,4375
2,96425,68875,0,0,29,29,3325,32,11875,11907
2,96460,756,0,0,28,28,3445,40598,27,40625
2,96480,32,0,0,32,32,3015,4374,1,4375
2,96480,19296,0,0,32,32,3015,13792,3015,16807
2,96480,20000,0,0,32,32,3015,4802,625,5427
2,96480,69984,0,0,32,32,3015,938,2187,3125
2,96565,31,0,0,31,31,3115,4374,1,4375
2,96565,32209,0,0,31,31,3115,8,3117,3125
2,96565,67797,0,0,31,31,3115,712,6561,7273
2,96657,29,0,0,29,29,3333,64000,9,64009
2,96657,29,0,0,29,29,3333,71874,1,71875
2,96657,783,0,0,29,29,3333,10120,81,10201
2,96657,15341,0,0,29,29,3333,864,2645,3509
2,96657,24389,0,0,29,29,3333,33534,841,34375
2,96657,24389,0,0,29,29,3333,59994,841,60835
2,96657,84941,0,0,29,29,3333,3726,2929,6655
2,96750,30,0,0,30,30,3225,4374,1,4375
2,96831,81461,0,0,29,29,3339,4394,2809,7203
2,96964,28,0,0,28,28,3463,4374,1,4375
2,96964,96964,0,0,28,28,3463,2662,3463,6125
2,97020,28,0,0,28,28,3465,4374,1,4375
2,97050,97050,0,0,120,30,3235,1328,3235,4563
2,97123,2015,0,0,31,31,3133,6144,715,6859
2,97123,2325,0,0,31,31,3133,25064,225,25289
2,97123,41261,0,0,31,31,3133,36632,3993,40625
2,97230,10290,0,0,30,30,3241,4418,343,4761
2,97290,30,0,0,30,30,3243,64000,9,64009
2,97290,30,0,0,30,30,3243,71874,1,71875
2,97290,810,0,0,30,30,3243,5632,243,5875
2,97290,15870,0,0,30,30,3243,5346,529,5875
2,97290,15870,0,0,30,30,3243,5546,529,6075
2,97290,17250,0,0,30,30,3243,512,5175,5687
2,97290,31050,0,0,30,30,3243,376,3105,3481
2,97290,56250,0,0,30,30,3243,70688,9375,80063
2,97290,66270,0,0,30,30,3243,1058,2209,3267
2,97290,93750,0,0,30,30,3243,43424,15625,59049
2,97295,29,0,0,116,29,3355,14640,1,14641
2,97350,18150,0,0,30,30,3245,1888,3025,4913
2,97376,32,0,0,32,32,3043,4374,1,4375
2,97376,96,0,0,32,32,3043,14848,27,14875
2,97376,1568,0,0,32,32,3043,14450,49,14499
2,97376,7776,0,0,32,32,3043,10382,243,10625
2,97376,9248,0,0,32,32,3043,14210,289,14499
2,97376,97376,0,0,32,32,3043,1682,3043,4725
2,97433,31,0,0,124,31,3143,4624,1,4625
2,97440,32,0,0,32,32,3045,4374,1,4375
2,97440,38880,0,0,32,32,3045,3872,6075,9947
2,97440,80736,0,0,32,32,3045,1250,2523,3773
2,97495,31,0,0,124,31,3145,4624,1,4625
2,97495,28675,0,0,31,31,3145,288,4625,4913
2,97524,20412,0,0,28,28,3483,22016,6561,28577
2,97524,34020,0,0,28,28,3483,3698,1215,4913
2,97585,25375,0,0,29,29,3365,128,6125,6253
2,97590,30,0,0,30,30,3253,4374,1,4375
2,97650,30,0,0,30,30,3255,4374,1,4375
2,97650,3750,0,0,30,30,3255,100842,125,100967
2,97760,4000,0,0,32,32,3055,13122,125,13247
2,97760,32608,0,0,32,32,3055,2106,1019,3125
2,97760,69984,0,0,32,32,3055,2038,2187,4225
2,97804,28,0,0,28,28,3493,4374,1,4375
2,97867,17577,0,0,31,31,3157,4394,567,4961
2,97991,97991,0,0,58,29,3379,324,3379,3703
2,98049,9947,0,0,29,29,3381,2176,2401,4577
2,98336,32,0,0,32,32,3073,4374,1,4375
2,98397,29,0,0,29,29,3393,4374,1,4375
2,98397,29,0,0,58,29,3393,4900,1,4901
2,98397,261,0,0,29,29,3393,21866,9,21875
2,98397,2639,0,0,29,29,3393,8192,1183,9375
2,98397,3625,0,0,29,29,3393,27936,625,28561
2,98397,3915,0,0,29,29,3393,8192,1755,9947
2,98397,7047,0,0,29,29,3393,3200,1701,4901
2,98397,14703,0,0,29,29,3393,512,4563,5075
2,98397,18473,0,0,29,29,3393,12416,4459,16875
2,98397,34307,0,0,29,29,3393,8192,15379,23571
2,98397,63713,0,0,29,29,3393,4850,2197,7047
2,98397,81577,0,0,29,29,3393,1750,2813,4563
2,98397,91611,0,0,29,29,3393,6250,3159,9409
2,98400,32800,0,0,128,32,3075,3888,1025,4913
2,98490,30,0,0,30,30,3283,4374,1,4375
2,98490,2430,0,0,30,30,3283,42632,243,42875
2,98490,3750,0,0,30,30,3283,4704,625,5329
2,98490,10290,0,0,30,30,3283,9782,343,10125
2,98490,10950,0,0,30,30,3283,2144,1825,3969
2,98490,14070,0,0,60,30,3283,4860,469,5329
2,98490,18750,0,0,30,30,3283,4802,625,5427
2,98550,30,0,0,30,30,3285,101250,1,101251
2,98550,54750,0,0,30,30,3285,1384,5475,6859
2,98610,4290,0,0,30,30,3287,8192,1859,10051
2,98673,31,0,0,31,31,3183,4374,1,4375
2,98673,2821,0,0,31,31,3183,8192,1183,9375
2,98673,62775,0,0,31,31,3183,1352,6075,7427
2,98720,32,0,0,32,32,3085,4374,1,4375
2,98850,30,0,0,30,30,3295,4374,1,4375
2,98976,32992,0,0,128,32,3093,9904,1031,10935
2,99035,29,0,0,116,29,3415,18224,1,18225
2,99035,99035,0,0,29,29,3415,8978,3415,12393
2,99045,31,0,0,31,31,3195,5750,1,5751
2,99045,64635,0,0,31,31,3195,10082,2085,12167
2,99099,33,0,0,33,33,3003,4374,1,4375
2,99099,33,0,0,132,33,3003,3024,1,3025
2,99099,231,0,0,33,33,3003,14976,49,15025
2,99099,3003,0,0,33,33,3003,8192,1183,9375
2,99099,9801,0,0,33,33,3003,512,2673,3185
2,99099,17787,0,0,33,33,3003,16000,3773,19773
2,99099,59499,0,0,33,33,3003,520,5409,5929
2,99099,72501,0,0,33,33,3003,2178,2197,4375
2,99169,31,0,0,124,31,3199,4752,1,4753
2,99209,29,0,0,29,29,3421,7986,1,7987
2,99267,29,0,0,29,29,3423,4374,1,4375
2,99267,3625,0,0,29,29,3423,18144,625,18769
2,99360,12000,0,0,32,32,3105,512,3375,3887
2,99360,38240,0,0,32,32,3105,4394,1195,5589
2,99390,99390,0,0,30,30,3313,1250,3313,4563
2,99429,4323,0,0,132,33,3013,4096,393,4489
2,99450,30,0,0,120,30,3315,26000,1,26001
2,99450,90,0,0,30,30,3315,4216,9,4225
2,99450,3750,0,0,30,30,3315,9826,125,9951
2,99450,12750,0,0,30,30,3315,5408,2125,7533
2,99450,20250,0,0,30,30,3315,26536,2025,28561
2,99450,86670,0,0,30,30,3315,2560,26001,28561
2,99488,99488,0,0,64,32,3109,612,3109,3721
2,99495,33,0,0,33,33,3015,4374,1,4375
2,99495,19899,0,0,33,33,3015,13792,3015,16807
2,99495,20625,0,0,33,33,3015,4802,625,5427
2,99495,72171,0,0,33,33,3015,938,2187,3125
2,99541,31,0,0,62,31,3211,31212,1,31213
2,99541,279,0,0,31,31,3211,60928,81,61009
2,99541,19747,0,0,31,31,3211,8192,8281,16473
2,99603,31,0,0,31,31,3213,4374,1,4375
2,99603,62713,0,0,31,31,3213,3200,14161,17361
2,99615,29,0,0,29,29,3435,4374,1,4375
2,99680,32,0,0,32,32,3115,4374,1,4375
2,99680,33248,0,0,32,32,3115,8,3117,3125
2,99680,69984,0,0,32,32,3115,712,6561,7273
2,99750,30,0,0,30,30,3325,4374,1,4375
2,99750,71250,0,0,30,30,3325,32,11875,11907
2,99905,783,0,0,29,29,3445,40598,27,40625
2,99975,31,0,0,31,31,3225,4374,1,4375
2,99990,30,0,0,30,30,3333,64000,9,64009
2,99990,30,0,0,30,30,3333,71874,1,71875
2,99990,810,0,0,30,30,3333,10120,81,10201
2,99990,15870,0,0,30,30,3333,864,2645,3509
2,99990,25230,0,0,30,30,3333,33534,841,34375
2,99990,25230,0,0,30,30,3333,59994,841,60835
2,99990,87870,0,0,30,30,3333,3726,2929,6655
2,100170,84270,0,0,30,30,3339,4394,2809,7203
2,100256,2080,0,0,32,32,3133,6144,715,6859
2,100256,2400,0,0,32,32,3133,25064,225,25289
2,100256,42592,0,0,32,32,3133,36632,3993,40625
2,100285,100285,0,0,124,31,3235,1328,3235,4563
2,100419,33,0,0,33,33,3043,4374,1,4375
2,100419,99,0,0,33,33,3043,14848,27,14875
2,100419,1617,0,0,33,33,3043,14450,49,14499
2,100419,8019,0,0,33,33,3043,10382,243,10625
2,100419,9537,0,0,33,33,3043,14210,289,14499
2,100419,100419,0,0,33,33,3043,1682,3043,4725
2,100427,29,0,0,29,29,3463,4374,1,4375
2,100427,100427,0,0,29,29,3463,2662,3463,6125
2,100471,10633,0,0,31,31,3241,4418,343,4761
2,100485,29,0,0,29,29,3465,4374,1,4375
2,100485,33,0,0,33,33,3045,4374,1,4375
2,100485,40095,0,0,33,33,3045,3872,6075,9947
2,100485,83259,0,0,33,33,3045,1250,2523,3773
2,100533,31,0,0,31,31,3243,64000,9,64009
2,100533,31,0,0,31,31,3243,71874,1,71875
2,100533,837,0,0,31,31,3243,5632,243,5875
2,100533,16399,0,0,31,31,3243,5346,529,5875
2,100533,16399,0,0,31,31,3243,5546,529,6075
2,100533,17825,0,0,31,31,3243,512,5175,5687
2,100533,32085,0,0,31,31,3243,376,3105,3481
2,100533,58125,0,0,31,31,3243,70688,9375,80063
2,100533,68479,0,0,31,31,3243,1058,2209,3267
2,100533,96875,0,0,31,31,3243,43424,15625,59049
2,100576,32,0,0,128,32,3143,4624,1,4625
2,100595,18755,0,0,31,31,3245,1888,3025,4913
2,100640,32,0,0,128,32,3145,4624,1,4625
2,100640,29600,0,0,32,32,3145,288,4625,4913
2,100650,30,0,0,120,30,3355,14640,1,14641
2,100815,4125,0,0,33,33,3055,13122,125,13247
2,100815,33627,0,0,33,33,3055,2106,1019,3125
2,100815,72171,0,0,33,33,3055,2038,2187,4225
2,100843,31,0,0,31,31,3253,4374,1,4375
2,100905,31,0,0,31,31,3255,4374,1,4375
2,100905,3875,0,0,31,31,3255,100842,125,100967
2,100950,26250,0,0,30,30,3365,128,6125,6253
2,101007,21141,0,0,29,29,3483,22016,6561,28577
2,101007,35235,0,0,29,29,3483,3698,1215,4913
2,101024,18144,0,0,32,32,3157,4394,567,4961
2,101297,29,0,0,29,29,3493,4374,1,4375
2,101370,101370,0,0,60,30,3379,324,3379,3703
2,101409,33,0,0,33,33,3073,4374,1,4375
2,101430,10290,0,0,30,30,3381,2176,2401,4577
2,101475,33825,0,0,132,33,3075,3888,1025,4913
2,101773,31,0,0,31,31,3283,4374,1,4375
2,101773,2511,0,0,31,31,3283,42632,243,42875
2,101773,3875,0,0,31,31,3283,4704,625,5329
2,101773,10633,0,0,31,31,3283,9782,343,10125
2,101773,11315,0,0,31,31,3283,2144,1825,3969
2,101773,14539,0,0,62,31,3283,4860,469,5329
2,101773,19375,0,0,31,31,3283,4802,625,5427
2,101790,30,0,0,30,30,3393,4374,1,4375
2,101790,30,0,0,60,30,3393,4900,1,4901
2,101790,270,0,0,30,30,3393,21866,9,21875
2,101790,2730,0,0,30,30,3393,8192,1183,9375
2,101790,3750,0,0,30,30,3393,27936,625,28561
2,101790,4050,0,0,30,30,3393,8192,1755,9947
2,101790,7290,0,0,30,30,3393,3200,1701,4901
2,101790,15210,0,0,30,30,3393,512,4563,5075
2,101790,19110,0,0,30,30,3393,12416,4459,16875
2,101790,35490,0,0,30,30,3393,8192,15379,23571
2,101790,65910,0,0,30,30,3393,4850,2197,7047
2,101790,84390,0,0,30,30,3393,1750,2813,4563
2,101790,94770,0,0,30,30,3393,6250,3159,9409
2,101805,33,0,0,33,33,3085,4374,1,4375
2,101835,31,0,0,31,31,3285,101250,1,101251
2,101835,56575,0,0,31,31,3285,1384,5475,6859
2,101856,32,0,0,32,32,3183,4374,1,4375
2,101856,2912,0,0,32,32,3183,8192,1183,9375
2,101856,64800,0,0,32,32,3183,1352,6075,7427
2,101897,4433,0,0,31,31,3287,8192,1859,10051
2,102069,34023,0,0,132,33,3093,9904,1031,10935
2,102102,34,0,0,34,34,3003,4374,1,4375
2,102102,34,0,0,136,34,3003,3024,1,3025
2,102102,238,0,0,34,34,3003,14976,49,15025
2,102102,3094,0,0,34,34,3003,8192,1183,9375
2,102102,10098,0,0,34,34,3003,512,2673,3185
2,102102,18326,0,0,34,34,3003,16000,3773,19773
2,102102,61302,0,0,34,34,3003,520,5409,5929
2,102102,74698,0,0,34,34,3003,2178,2197,4375
2,102145,31,0,0,31,31,3295,4374,1,4375
2,102240,32,0,0,32,32,3195,5750,1,5751
2,102240,66720,0,0,32,32,3195,10082,2085,12167
2,102368,32,0,0,128,32,3199,4752,1,4753
2,102442,4454,0,0,136,34,3013,4096,393,4489
2,102450,30,0,0,120,30,3415,18224,1,18225
2,102450,102450,0,0,30,30,3415,8978,3415,12393
2,102465,12375,0,0,33,33,3105,512,3375,3887
2,102465,39435,0,0,33,33,3105,4394,1195,5589
2,102510,34,0,0,34,34,3015,4374,1,4375
2,102510,20502,0,0,34,34,3015,13792,3015,16807
2,102510,21250,0,0,34,34,3015,4802,625,5427
2,102510,74358,0,0,34,34,3015,938,2187,3125
2,102597,102597,0,0,66,33,3109,612,3109,3721
2,102630,30,0,0,30,30,3421,7986,1,7987
2,102690,30,0,0,30,30,3423,4374,1,4375
2,102690,3750,0,0,30,30,3423,18144,625,18769
2,102703,102703,0,0,31,31,3313,1250,3313,4563
2,102752,32,0,0,64,32,3211,31212,1,31213
2,102752,288,0,0,32,32,3211,60928,81,61009
2,102752,20384,0,0,32,32,3211,8192,8281,16473
2,102765,31,0,0,124,31,3315,26000,1,26001
2,102765,93,0,0,31,31,3315,4216,9,4225
2,102765,3875,0,0,31,31,3315,9826,125,9951
2,102765,13175,0,0,31,31,3315,5408,2125,7533
2,102765,20925,0,0,31,31,3315,26536,2025,28561
2,102765,89559,0,0,31,31,3315,2560,26001,28561
2,102795,33,0,0,33,33,3115,4374,1,4375
2,102795,34287,0,0,33,33,3115,8,3117,3125
2,102795,72171,0,0,33,33,3115,712,6561,7273
2,102816,32,0,0,32,32,3213,4374,1,4375
2,102816,64736,0,0,32,32,3213,3200,14161,17361
2,103050,30,0,0,30,30,3435,4374,1,4375
2,103075,31,0,0,31,31,3325,4374,1,4375
2,103075,73625,0,0,31,31,3325,32,11875,11907
2,103200,32,0,0,32,32,3225,4374,1,4375
2,103323,31,0,0,31,31,3333,64000,9,64009
2,103323,31,0,0,31,31,3333,71874,1,71875
2,103323,837,0,0,31,31,3333,10120,81,10201
2,103323,16399,0,0,31,31,3333,864,2645,3509
2,103323,26071,0,0,31,31,3333,33534,841,34375
2,103323,26071,0,0,31,31,3333,59994,841,60835
2,103323,90799,0,0,31,31,3333,3726,2929,6655
2,103350,810,0,0,30,30,3445,40598,27,40625
2,103389,2145,0,0,33,33,3133,6144,715,6859
2,103389,2475,0,0,33,33,3133,25064,225,25289
2,103389,43923,0,0,33,33,3133,36632,3993,40625
2,103462,34,0,0,34,34,3043,4374,1,4375
2,103462,102,0,0,34,34,3043,14848,27,14875
2,103462,1666,0,0,34,34,3043,14450,49,14499
2,103462,8262,0,0,34,34,3043,10382,243,10625
2,103462,9826,0,0,34,34,3043,14210,289,14499
2,103462,103462,0,0,34,34,3043,1682,3043,4725
2,103509,87079,0,0,31,31,3339,4394,2809,7203
2,103520,103520,0,0,128,32,3235,1328,3235,4563
2,103530,34,0,0,34,34,3045,4374,1,4375
2,103530,41310,0,0,34,34,3045,3872,6075,9947
2,103530,85782,0,0,34,34,3045,1250,2523,3773
2,103712,10976,0,0,32,32,3241,4418,343,4761
2,103719,33,0,0,132,33,3143,4624,1,4625
2,103776,32,0,0,32,32,3243,64000,9,64009
2,103776,32,0,0,32,32,3243,71874,1,71875
2,103776,864,0,0,32,32,3243,5632,243,5875
2,103776,16928,0,0,32,32,3243,5346,529,5875
2,103776,16928,0,0,32,32,3243,5546,529,6075
2,103776,18400,0,0,32,32,3243,512,5175,5687
2,103776,33120,0,0,32,32,3243,376,3105,3481
2,103776,60000,0,0,32,32,3243,70688,9375,80063
2,103776,70688,0,0,32,32,3243,1058,2209,3267
2,103776,100000,0,0,32,32,3243,43424,15625,59049
2,103785,33,0,0,132,33,3145,4624,1,4625
2,103785,30525,0,0,33,33,3145,288,4625,4913
2,103840,19360,0,0,32,32,3245,1888,3025,4913
2,103870,4250,0,0,34,34,3055,13122,125,13247
2,103870,34646,0,0,34,34,3055,2106,1019,3125
2,103870,74358,0,0,34,34,3055,2038,2187,4225
2,103890,30,0,0,30,30,3463,4374,1,4375
2,103890,103890,0,0,30,30,3463,2662,3463,6125
2,103950,30,0,0,30,30,3465,4374,1,4375
2,104005,31,0,0,124,31,3355,14640,1,14641
2,104096,32,0,0,32,32,3253,4374,1,4375
2,104160,32,0,0,32,32,3255,4374,1,4375
2,104160,4000,0,0,32,32,3255,100842,125,100967
2,104181,18711,0,0,33,33,3157,4394,567,4961
2,104315,27125,0,0,31,31,3365,128,6125,6253
2,104482,34,0,0,34,34,3073,4374,1,4375
2,104490,21870,0,0,30,30,3483,22016,6561,28577
2,104490,36450,0,0,30,30,3483,3698,1215,4913
2,104550,34850,0,0,136,34,3075,3888,1025,4913
2,104749,104749,0,0,62,31,3379,324,3379,3703
2,104790,30,0,0,30,30,3493,4374,1,4375
2,104811,10633,0,0,31,31,3381,2176,2401,4577
2,104890,34,0,0,34,34,3085,4374,1,4375
2,105039,33,0,0,33,33,3183,4374,1,4375
2,105039,3003,0,0,33,33,3183,8192,1183,9375
2,105039,66825,0,0,33,33,3183,1352,6075,7427
2,105056,32,0,0,32,32,3283,4374,1,4375
2,105056,2592,0,0,32,32,3283,42632,243,42875
2,105056,4000,0,0,32,32,3283,4704,625,5329
2,105056,10976,0,0,32,32,3283,9782,343,10125
2,105056,11680,0,0,32,32,3283,2144,1825,3969
2,105056,15008,0,0,64,32,3283,4860,469,5329
2,105056,20000,0,0,32,32,3283,4802,625,5427
2,105105,35,0,0,35,35,3003,4374,1,4375
2,105105,245,0,0,35,35,3003,14976,49,15025
2,105105,3185,0,0,35,35,3003,8192,1183,9375
2,105105,10395,0,0,35,35,3003,512,2673,3185
2,105105,18865,0,0,35,35,3003,16000,3773,19773
2,105105,63105,0,0,35,35,3003,520,5409,5929
2,105105,76895,0,0,35,35,3003,2178,2197,4375
2,105120,32,0,0,32,32,3285,101250,1,101251
2,105120,58400,0,0,32,32,3285,1384,5475,6859
2,105162,35054,0,0,136,34,3093,9904,1031,10935
2,105183,31,0,0,31,31,3393,4374,1,4375
2,105183,31,0,0,62,31,3393,4900,1,4901
2,105183,279,0,0,31,31,3393,21866,9,21875
2,105183,2821,0,0,31,31,3393,8192,1183,9375
2,105183,3875,0,0,31,31,3393,27936,625,28561
2,105183,4185,0,0,31,31,3393,8192,1755,9947
2,105183,7533,0,0,31,31,3393,3200,1701,4901
2,105183,15717,0,0,31,31,3393,512,4563,5075
2,105183,19747,0,0,31,31,3393,12416,4459,16875
2,105183,36673,0,0,31,31,3393,8192,15379,23571
2,105183,68107,0,0,31,31,3393,4850,2197,7047
2,105183,87203,0,0,31,31,3393,1750,2813,4563
2,105183,97929,0,0,31,31,3393,6250,3159,9409
2,105184,4576,0,0,32,32,3287,8192,1859,10051
2,105435,33,0,0,33,33,3195,5750,1,5751
2,105435,68805,0,0,33,33,3195,10082,2085,12167
2,105440,32,0,0,32,32,3295,4374,1,4375
2,105525,35,0,0,35,35,3015,4374,1,4375
2,105525,21105,0,0,35,35,3015,13792,3015,16807
2,105525,21875,0,0,35,35,3015,4802,625,5427
2,105525,76545,0,0,35,35,3015,938,2187,3125
2,105567,33,0,0,132,33,3199,4752,1,4753
2,105570,12750,0,0,34,34,3105,512,3375,3887
2,105570,40630,0,0,34,34,3105,4394,1195,5589
2,105706,105706,0,0,68,34,3109,612,3109,3721
2,105865,31,0,0,124,31,3415,18224,1,18225
2,105865,105865,0,0,31,31,3415,8978,3415,12393
2,105910,34,0,0,34,34,3115,4374,1,4375
2,105910,35326,0,0,34,34,3115,8,3117,3125
2,105910,74358,0,0,34,34,3115,712,6561,7273
2,105963,33,0,0,66,33,3211,31212,1,31213
2,105963,297,0,0,33,33,3211,60928,81,61009
2,105963,21021,0,0,33,33,3211,8192,8281,16473
2,106016,106016,0,0,32,32,3313,1250,3313,4563
2,106029,33,0,0,33,33,3213,4374,1,4375
2,106029,66759,0,0,33,33,3213,3200,14161,17361
2,106051,31,0,0,31,31,3421,7986,1,7987
2,106080,32,0,0,128,32,3315,26000,1,26001
2,106080,96,0,0,32,32,3315,4216,9,4225
2,106080,4000,0,0,32,32,3315,9826,125,9951
2,106080,13600,0,0,32,32,3315,5408,2125,7533
2,106080,21600,0,0,32,32,3315,26536,2025,28561
2,106080,92448,0,0,32,32,3315,2560,26001,28561
2,106113,31,0,0,31,31,3423,4374,1,4375
2,106113,3875,0,0,31,31,3423,18144,625,18769
2,106400,32,0,0,32,32,3325,4374,1,4375
2,106400,76000,0,0,32,32,3325,32,11875,11907
2,106425,33,0,0,33,33,3225,4374,1,4375
2,106485,31,0,0,31,31,3435,4374,1,4375
2,106505,35,0,0,35,35,3043,4374,1,4375
2,106505,105,0,0,35,35,3043,14848,27,14875
2,106505,1715,0,0,35,35,3043,14450,49,14499
2,106505,8505,0,0,35,35,3043,10382,243,10625
2,106505,10115,0,0,35,35,3043,14210,289,14499
2,106505,106505,0,0,35,35,3043,1682,3043,4725
2,106522,2210,0,0,34,34,3133,6144,715,6859
2,106522,2550,0,0,34,34,3133,25064,225,25289
2,106522,45254,0,0,34,34,3133,36632,3993,40625
2,106575,35,0,0,35,35,3045,4374,1,4375
2,106575,42525,0,0,35,35,3045,3872,6075,9947
2,106575,88305,0,0,35,35,3045,1250,2523,3773
2,106656,32,0,0,32,32,3333,64000,9,64009
2,106656,32,0,0,32,32,3333,71874,1,71875
2,106656,864,0,0,32,32,3333,10120,81,10201
2,106656,16928,0,0,32,32,3333,864,2645,3509
2,106656,26912,0,0,32,32,3333,33534,841,34375
2,106656,26912,0,0,32,32,3333,59994,841,60835
2,106656,93728,0,0,32,32,3333,3726,2929,6655
2,106755,106755,0,0,132,33,3235,1328,3235,4563
2,106795,837,0,0,31,31,3445,40598,27,40625
2,106848,89888,0,0,32,32,3339,4394,2809,7203
2,106862,34,0,0,136,34,3143,4624,1,4625
2,106925,4375,0,0,35,35,3055,13122,125,13247
2,106925,35665,0,0,35,35,3055,2106,1019,3125
2,106925,76545,0,0,35,35,3055,2038,2187,4225
2,106930,34,0,0,136,34,3145,4624,1,4625
2,106930,31450,0,0,34,34,3145,288,4625,4913
2,106953,11319,0,0,33,33,3241,4418,343,4761
2,107019,33,0,0,33,33,3243,64000,9,64009
2,107019,33,0,0,33,33,3243,71874,1,71875
2,107019,891,0,0,33,33,3243,5632,243,5875
2,107019,17457,0,0,33,33,3243,5346,529,5875
2,107019,17457,0,0,33,33,3243,5546,529,6075
2,107019,18975,0,0,33,33,3243,512,5175,5687
2,107019,34155,0,0,33,33,3243,376,3105,3481
2,107019,61875,0,0,33,33,3243,70688,9375,80063
2,107019,72897,0,0,33,33,3243,1058,2209,3267
2,107019,103125,0,0,33,33,3243,43424,15625,59049
2,107085,19965,0,0,33,33,3245,1888,3025,4913
2,107338,19278,0,0,34,34,3157,4394,567,4961
2,107349,33,0,0,33,33,3253,4374,1,4375
2,107353,31,0,0,31,31,3463,4374,1,4375
2,107353,107353,0,0,31,31,3463,2662,3463,6125
2,107360,32,0,0,128,32,3355,14640,1,14641
2,107415,31,0,0,31,31,3465,4374,1,4375
2,107415,33,0,0,33,33,3255,4374,1,4375
2,107415,4125,0,0,33,33,3255,100842,125,100967
2,107555,35,0,0,35,35,3073,4374,1,4375
2,107680,28000,0,0,32,32,3365,128,6125,6253
2,107973,22599,0,0,31,31,3483,22016,6561,28577
2,107973,37665,0,0,31,31,3483,3698,1215,4913
2,107975,35,0,0,35,35,3085,4374,1,4375
2,108108,36,0,0,36,36,3003,4374,1,4375
2,108108,252,0,0,36,36,3003,14976,49,15025
2,108108,3276,0,0,36,36,3003,8192,1183,9375
2,108108,10692,0,0,36,36,3003,512,2673,3185
2,108108,19404,0,0,36,36,3003,16000,3773,19773
2,108108,64908,0,0,36,36,3003,520,5409,5929
2,108108,79092,0,0,36,36,3003,2178,2197,4375
2,108128,108128,0,0,64,32,3379,324,3379,3703
2,108192,10976,0,0,32,32,3381,2176,2401,4577
2,108222,34,0,0,34,34,3183,4374,1,4375
2,108222,3094,0,0,34,34,3183,8192,1183,9375
2,108222,68850,0,0,34,34,3183,1352,6075,7427
2,108283,31,0,0,31,31,3493,4374,1,4375
2,108339,33,0,0,33,33,3283,4374,1,4375
2,108339,2673,0,0,33,33,3283,42632,243,42875
2,108339,4125,0,0,33,33,3283,4704,625,5329
2,108339,11319,0,0,33,33,3283,9782,343,10125
2,108339,12045,0,0,33,33,3283,2144,1825,3969
2,108339,15477,0,0,66,33,3283,4860,469,5329
2,108339,20625,0,0,33,33,3283,4802,625,5427
2,108405,33,0,0,33,33,3285,101250,1,101251
2,108405,60225,0,0,33,33,3285,1384,5475,6859
2,108471,4719,0,0,33,33,3287,8192,1859,10051
2,108540,36,0,0,36,36,3015,4374,1,4375
2,108540,21708,0,0,36,36,3015,13792,3015,16807
2,108540,22500,0,0,36,36,3015,4802,625,5427
2,108540,78732,0,0,36,36,3015,938,2187,3125
2,108576,32,0,0,32,32,3393,4374,1,4375
2,108576,32,0,0,64,32,3393,4900,1,4901
2,108576,288,0,0,32,32,3393,21866,9,21875
2,108576,2912,0,0,32,32,3393,8192,1183,9375
2,108576,4000,0,0,32,32,3393,27936,625,28561
2,108576,4320,0,0,32,32,3393,8192,1755,9947
2,108576,7776,0,0,32,32,3393,3200,1701,4901
2,108576,16224,0,0,32,32,3393,512,4563,5075
2,108576,20384,0,0,32,32,3393,12416,4459,16875
2,108576,37856,0,0,32,32,3393,8192,15379,23571
2,108576,70304,0,0,32,32,3393,4850,2197,7047
2,108576,90016,0,0,32,32,3393,1750,2813,4563
2,108576,101088,0,0,32,32,3393,6250,3159,9409
2,108630,34,0,0,34,34,3195,5750,1,5751
2,108630,70890,0,0,34,34,3195,10082,2085,12167
2,108675,13125,0,0,35,35,3105,512,3375,3887
2,108675,41825,0,0,35,35,3105,4394,1195,5589
2,108735,33,0,0,33,33,3295,4374,1,4375
2,108766,34,0,0,136,34,3199,4752,1,4753
2,108815,108815,0,0,70,35,3109,612,3109,3721
2,109025,35,0,0,35,35,3115,4374,1,4375
2,109025,36365,0,0,35,35,3115,8,3117,3125
2,109025,76545,0,0,35,35,3115,712,6561,7273
2,109174,34,0,0,68,34,3211,31212,1,31213
2,109174,306,0,0,34,34,3211,60928,81,61009
2,109174,21658,0,0,34,34,3211,8192,8281,16473
2,109242,34,0,0,34,34,3213,4374,1,4375
2,109242,68782,0,0,34,34,3213,3200,14161,17361
2,109280,32,0,0,128,32,3415,18224,1,18225
2,109280,109280,0,0,32,32,3415,8978,3415,12393
2,109329,109329,0,0,33,33,3313,1250,3313,4563
2,109395,33,0,0,132,33,3315,26000,1,26001
2,109395,99,0,0,33,33,3315,4216,9,4225
2,109395,4125,0,0,33,33,3315,9826,125,9951
2,109395,14025,0,0,33,33,3315,5408,2125,7533
2,109395,22275,0,0,33,33,3315,26536,2025,28561
2,109395,95337,0,0,33,33,3315,2560,26001,28561
2,109472,32,0,0,32,32,3421,7986,1,7987
2,109536,32,0,0,32,32,3423,4374,1,4375
2,109536,4000,0,0,32,32,3423,18144,625,18769
2,109548,36,0,0,36,36,3043,4374,1,4375
2,109548,108,0,0,36,36,3043,14848,27,14875
2,109548,1764,0,0,36,36,3043,14450,49,14499
2,109548,8748,0,0,36,36,3043,10382,243,10625
2,109548,10404,0,0,36,36,3043,14210,289,14499
2,109548,109548,0,0,36,36,3043,1682,3043,4725
2,109620,36,0,0,36,36,3045,4374,1,4375
2,109620,43740,0,0,36,36,3045,3872,6075,9947
2,109620,90828,0,0,36,36,3045,1250,2523,3773
2,109650,34,0,0,34,34,3225,4374,1,4375
2,109655,2275,0,0,35,35,3133,6144,715,6859
2,109655,2625,0,0,35,35,3133,25064,225,25289
2,109655,46585,0,0,35,35,3133,36632,3993,40625
2,109725,33,0,0,33,33,3325,4374,1,4375
2,109725,78375,0,0,33,33,3325,32,11875,11907
2,109920,32,0,0,32,32,3435,4374,1,4375
2,109980,4500,0,0,36,36,3055,13122,125,13247
2,109980,36684,0,0,36,36,3055,2106,1019,3125
2,109980,78732,0,0,36,36,3055,2038,2187,4225
2,109989,33,0,0,33,33,3333,64000,9,64009
2,109989,33,0,0,33,33,3333,71874,1,71875
2,109989,891,0,0,33,33,3333,10120,81,10201
2,109989,17457,0,0,33,33,3333,864,2645,3509
2,109989,27753,0,0,33,33,3333,33534,841,34375
2,109989,27753,0,0,33,33,3333,59994,841,60835
2,109989,96657,0,0,33,33,3333,3726,2929,6655
2,109990,109990,0,0,136,34,3235,1328,3235,4563
2,110075,32375,0,0,35,35,3145,288,4625,4913
2,110187,92697,0,0,33,33,3339,4394,2809,7203
2,110194,11662,0,0,34,34,3241,4418,343,4761
2,110240,864,0,0,32,32,3445,40598,27,40625
2,110262,34,0,0,34,34,3243,64000,9,64009
2,110262,34,0,0,34,34,3243,71874,1,71875
2,110262,918,0,0,34,34,3243,5632,243,5875
2,110262,17986,0,0,34,34,3243,5346,529,5875
2,110262,17986,0,0,34,34,3243,5546,529,6075
2,110262,19550,0,0,34,34,3243,512,5175,5687
2,110262,35190,0,0,34,34,3243,376,3105,3481
2,110262,63750,0,0,34,34,3243,70688,9375,80063
2,110262,75106,0,0,34,34,3243,1058,2209,3267
2,110262,106250,0,0,34,34,3243,43424,15625,59049
2,110330,20570,0,0,34,34,3245,1888,3025,4913
2,110495,19845,0,0,35,35,3157,4394,567,4961
2,110602,34,0,0,34,34,3253,4374,1,4375
2,110628,36,0,0,36,36,3073,4374,1,4375
2,110670,34,0,0,34,34,3255,4374,1,4375
2,110670,4250,0,0,34,34,3255,100842,125,100967
2,110715,33,0,0,132,33,3355,14640,1,14641
2,110816,32,0,0,32,32,3463,4374,1,4375
2,110816,110816,0,0,32,32,3463,2662,3463,6125
2,110880,32,0,0,32,32,3465,4374,1,4375
2,111045,28875,0,0,33,33,3365,128,6125,6253
2,111060,36,0,0,36,36,3085,4374,1,4375
2,111111,37,0,0,37,37,3003,4374,1,4375
2,111111,259,0,0,37,37,3003,14976,49,15025
2,111111,3367,0,0,37,37,3003,8192,1183,9375
2,111111,10989,0,0,37,37,3003,512,2673,3185
2,111111,19943,0,0,37,37,3003,16000,3773,19773
2,111111,66711,0,0,37,37,3003,520,5409,5929
2,111111,81289,0,0,37,37,3003,2178,2197,4375
2,111405,35,0,0,35,35,3183,4374,1,4375
2,111405,3185,0,0,35,35,3183,8192,1183,9375
2,111405,70875,0,0,35,35,3183,1352,6075,7427
2,111456,23328,0,0,32,32,3483,22016,6561,28577
2,111456,38880,0,0,32,32,3483,3698,1215,4913
2,111507,111507,0,0,66,33,3379,324,3379,3703
2,111555,37,0,0,37,37,3015,4374,1,4375
2,111555,22311,0,0,37,37,3015,13792,3015,16807
2,111555,23125,0,0,37,37,3015,4802,625,5427
2,111555,80919,0,0,37,37,3015,938,2187,3125
2,111573,11319,0,0,33,33,3381,2176,2401,4577
2,111622,34,0,0,34,34,3283,4374,1,4375
2,111622,2754,0,0,34,34,3283,42632,243,42875
2,111622,4250,0,0,34,34,3283,4704,625,5329
2,111622,11662,0,0,34,34,3283,9782,343,10125
2,111622,12410,0,0,34,34,3283,2144,1825,3969
2,111622,15946,0,0,68,34,3283,4860,469,5329
2,111622,21250,0,0,34,34,3283,4802,625,5427
2,111690,34,0,0,34,34,3285,101250,1,101251
2,111690,62050,0,0,34,34,3285,1384,5475,6859
2,111758,4862,0,0,34,34,3287,8192,1859,10051
2,111776,32,0,0,32,32,3493,4374,1,4375
2,111780,13500,0,0,36,36,3105,512,3375,3887
2,111780,43020,0,0,36,36,3105,4394,1195,5589
2,111825,35,0,0,35,35,3195,5750,1,5751
2,111825,72975,0,0,35,35,3195,10082,2085,12167
2,111924,111924,0,0,72,36,3109,612,3109,3721
2,111969,33,0,0,33,33,3393,4374,1,4375
2,111969,33,0,0,66,33,3393,4900,1,4901
2,111969,297,0,0,33,33,3393,21866,9,21875
2,111969,3003,0,0,33,33,3393,8192,1183,9375
2,111969,4125,0,0,33,33,3393,27936,625,28561
2,111969,4455,0,0,33,33,3393,8192,1755,9947
2,111969,8019,0,0,33,33,3393,3200,1701,4901
2,111969,16731,0,0,33,33,3393,512,4563,5075
2,111969,21021,0,0,33,33,3393,12416,4459,16875
2,111969,39039,0,0,33,33,3393,8192,15379,23571
2,111969,72501,0,0,33,33,3393,4850,2197,7047
2,111969,92829,0,0,33,33,3393,1750,2813,4563
2,111969,104247,0,0,33,33,3393,6250,3159,9409
2,112030,34,0,0,34,34,3295,4374,1,4375
2,112140,36,0,0,36,36,3115,4374,1,4375
2,112140,37404,0,0,36,36,3115,8,3117,3125
2,112140,78732,0,0,36,36,3115,712,6561,7273
2,112385,35,0,0,70,35,3211,31212,1,31213
2,112385,315,0,0,35,35,3211,60928,81,61009
2,112385,22295,0,0,35,35,3211,8192,8281,16473
2,112455,35,0,0,35,35,3213,4374,1,4375
2,112455,70805,0,0,35,35,3213,3200,14161,17361
2,112591,37,0,0,37,37,3043,4374,1,4375
2,112591,111,0,0,37,37,3043,14848,27,14875
2,112591,1813,0,0,37,37,3043,14450,49,14499
2,112591,8991,0,0,37,37,3043,10382,243,10625
2,112591,10693,0,0,37,37,3043,14210,289,14499
2,112591,112591,0,0,37,37,3043,1682,3043,4725
2,112642,112642,0,0,34,34,3313,1250,3313,4563
2,112665,37,0,0,37,37,3045,4374,1,4375
2,112665,44955,0,0,37,37,3045,3872,6075,9947
2,112665,93351,0,0,37,37,3045,1250,2523,3773
2,112695,33,0,0,132,33,3415,18224,1,18225
2,112695,112695,0,0,33,33,3415,8978,3415,12393
2,112710,34,0,0,136,34,3315,26000,1,26001
2,112710,102,0,0,34,34,3315,4216,9,4225
2,112710,4250,0,0,34,34,3315,9826,125,9951
2,112710,14450,0,0,34,34,3315,5408,2125,7533
2,112710,22950,0,0,34,34,3315,26536,2025,28561
2,112710,98226,0,0,34,34,3315,2560,26001,28561
2,112788,2340,0,0,36,36,3133,6144,715,6859
2,112788,2700,0,0,36,36,3133,25064,225,25289
2,112788,47916,0,0,36,36,3133,36632,3993,40625
2,112875,35,0,0,35,35,3225,4374,1,4375
2,112893,33,0,0,33,33,3421,7986,1,7987
2,112959,33,0,0,33,33,3423,4374,1,4375
2,112959,4125,0,0,33,33,3423,18144,625,18769
2,113035,4625,0,0,37,37,3055,13122,125,13247
2,113035,37703,0,0,37,37,3055,2106,1019,3125
2,113035,80919,0,0,37,37,3055,2038,2187,4225
2,113050,34,0,0,34,34,3325,4374,1,4375
2,113050,80750,0,0,34,34,3325,32,11875,11907
2,113220,33300,0,0,36,36,3145,288,4625,4913
2,113322,34,0,0,34,34,3333,64000,9,64009
2,113322,34,0,0,34,34,3333,71874,1,71875
2,113322,918,0,0,34,34,3333,10120,81,10201
2,113322,17986,0,0,34,34,3333,864,2645,3509
2,113322,28594,0,0,34,34,3333,33534,841,34375
2,113322,28594,0,0,34,34,3333,59994,841,60835
2,113322,99586,0,0,34,34,3333,3726,2929,6655
2,113355,33,0,0,33,33,3435,4374,1,4375
2,113435,12005,0,0,35,35,3241,4418,343,4761
2,113505,35,0,0,35,35,3243,64000,9,64009
2,113505,35,0,0,35,35,3243,71874,1,71875
2,113505,945,0,0,35,35,3243,5632,243,5875
2,113505,18515,0,0,35,35,3243,5346,529,5875
2,113505,18515,0,0,35,35,3243,5546,529,6075
2,113505,20125,0,0,35,35,3243,512,5175,5687
2,113505,36225,0,0,35,35,3243,376,3105,3481
2,113505,65625,0,0,35,35,3243,70688,9375,80063
2,113505,77315,0,0,35,35,3243,1058,2209,3267
2,113505,109375,0,0,35,35,3243,43424,15625,59049
2,113526,95506,0,0,34,34,3339,4394,2809,7203
2,113575,21175,0,0,35,35,3245,1888,3025,4913
2,113652,20412,0,0,36,36,3157,4394,567,4961
2,113685,891,0,0,33,33,3445,40598,27,40625
2,113701,37,0,0,37,37,3073,4374,1,4375
2,113855,35,0,0,35,35,3253,4374,1,4375
2,113925,35,0,0,35,35,3255,4374,1,4375
2,113925,4375,0,0,35,35,3255,100842,125,100967
2,114070,34,0,0,136,34,3355,14640,1,14641
2,114114,38,0,0,38,38,3003,4374,1,4375
2,114114,266,0,0,38,38,3003,14976,49,15025
2,114114,3458,0,0,38,38,3003,8192,1183,9375
2,114114,11286,0,0,38,38,3003,512,2673,3185
2,114114,20482,0,0,38,38,3003,16000,3773,19773
2,114114,68514,0,0,38,38,3003,520,5409,5929
2,114114,83486,0,0,38,38,3003,2178,2197,4375
2,114145,37,0,0,37,37,3085,4374,1,4375
2,114279,33,0,0,33,33,3463,4374,1,4375
2,114279,114279,0,0,33,33,3463,2662,3463,6125
2,114345,33,0,0,33,33,3465,4374,1,4375
2,114410,29750,0,0,34,34,3365,128,6125,6253
2,114570,38,0,0,38,38,3015,4374,1,4375
2,114570,22914,0,0,38,38,3015,13792,3015,16807
2,114570,23750,0,0,38,38,3015,4802,625,5427
2,114570,83106,0,0,38,38,3015,938,2187,3125
2,114588,36,0,0,36,36,3183,4374,1,4375
2,114588,3276,0,0,36,36,3183,8192,1183,9375
2,114588,72900,0,0,36,36,3183,1352,6075,7427
2,114885,13875,0,0,37,37,3105,512,3375,3887
2,114885,44215,0,0,37,37,3105,4394,1195,5589
2,114886,114886,0,0,68,34,3379,324,3379,3703
2,114905,35,0,0,35,35,3283,4374,1,4375
2,114905,2835,0,0,35,35,3283,42632,243,42875
2,114905,4375,0,0,35,35,3283,4704,625,5329
2,114905,12005,0,0,35,35,3283,9782,343,10125
2,114905,12775,0,0,35,35,3283,2144,1825,3969
2,114905,16415,0,0,70,35,3283,4860,469,5329
2,114905,21875,0,0,35,35,3283,4802,625,5427
2,114939,24057,0,0,33,33,3483,22016,6561,28577
2,114939,40095,0,0,33,33,3483,3698,1215,4913
2,114954,11662,0,0,34,34,3381,2176,2401,4577
2,114975,35,0,0,35,35,3285,101250,1,101251
2,114975,63875,0,0,35,35,3285,1384,5475,6859
2,115020,36,0,0,36,36,3195,5750,1,5751
2,115020,75060,0,0,36,36,3195,10082,2085,12167
2,115033,115033,0,0,74,37,3109,612,3109,3721
2,115045,5005,0,0,35,35,3287,8192,1859,10051
2,115255,37,0,0,37,37,3115,4374,1,4375
2,115255,38443,0,0,37,37,3115,8,3117,3125
2,115255,80919,0,0,37,37,3115,712,6561,7273
2,115269,33,0,0,33,33,3493,4374,1,4375
2,115325,35,0,0,35,35,3295,4374,1,4375
2,115362,34,0,0,34,34,3393,4374,1,4375
2,115362,34,0,0,68,34,3393,4900,1,4901
2,115362,306,0,0,34,34,3393,21866,9,21875
2,115362,3094,0,0,34,34,3393,8192,1183,9375
2,115362,4250,0,0,34,34,3393,27936,625,28561
2,115362,4590,0,0,34,34,3393,8192,1755,9947
2,115362,8262,0,0,34,34,3393,3200,1701,4901
2,115362,17238,0,0,34,34,3393,512,4563,5075
2,115362,21658,0,0,34,34,3393,12416,4459,16875
2,115362,40222,0,0,34,34,3393,8192,15379,23571
2,115362,74698,0,0,34,34,3393,4850,2197,7047
2,115362,95642,0,0,34,34,3393,1750,2813,4563
2,115362,107406,0,0,34,34,3393,6250,3159,9409
2,115596,36,0,0,72,36,3211,31212,1,31213
2,115596,324,0,0,36,36,3211,60928,81,61009
2,115596,22932,0,0,36,36,3211,8192,8281,16473
2,115634,38,0,0,38,38,3043,4374,1,4375
2,115634,114,0,0,38,38,3043,14848,27,14875
2,115634,1862,0,0,38,38,3043,14450,49,14499
2,115634,9234,0,0,38,38,3043,10382,243,10625
2,115634,10982,0,0,38,38,3043,14210,289,14499
2,115634,115634,0,0,38,38,3043,1682,3043,4725
2,115668,36,0,0,36,36,3213,4374,1,4375
2,115668,72828,0,0,36,36,3213,3200,14161,17361
2,115710,38,0,0,38,38,3045,4374,1,4375
2,115710,46170,0,0,38,38,3045,3872,6075,9947
2,115710,95874,0,0,38,38,3045,1250,2523,3773
2,115921,2405,0,0,37,37,3133,6144,715,6859
2,115921,2775,0,0,37,37,3133,25064,225,25289
2,115921,49247,0,0,37,37,3133,36632,3993,40625
2,115955,115955,0,0,35,35,3313,1250,3313,4563
2,116025,105,0,0,35,35,3315,4216,9,4225
2,116025,4375,0,0,35,35,3315,9826,125,9951
2,116025,14875,0,0,35,35,3315,5408,2125,7533
2,116025,23625,0,0,35,35,3315,26536,2025,28561
2,116025,101115,0,0,35,35,3315,2560,26001,28561
2,116090,4750,0,0,38,38,3055,13122,125,13247
2,116090,38722,0,0,38,38,3055,2106,1019,3125
2,116090,83106,0,0,38,38,3055,2038,2187,4225
2,116100,36,0,0,36,36,3225,4374,1,4375
2,116110,34,0,0,136,34,3415,18224,1,18225
2,116110,116110,0,0,34,34,3415,8978,3415,12393
2,116314,34,0,0,34,34,3421,7986,1,7987
2,116365,34225,0,0,37,37,3145,288,4625,4913
2,116375,35,0,0,35,35,3325,4374,1,4375
2,116375,83125,0,0,35,35,3325,32,11875,11907
2,116382,34,0,0,34,34,3423,4374,1,4375
2,116382,4250,0,0,34,34,3423,18144,625,18769
2,116655,35,0,0,35,35,3333,64000,9,64009
2,116655,35,0,0,35,35,3333,71874,1,71875
2,116655,945,0,0,35,35,3333,10120,81,10201
2,116655,18515,0,0,35,35,3333,864,2645,3509
2,116655,29435,0,0,35,35,3333,33534,841,34375
2,116655,29435,0,0,35,35,3333,59994,841,60835
2,116655,102515,0,0,35,35,3333,3726,2929,6655
2,116676,12348,0,0,36,36,3241,4418,343,4761
2,116748,36,0,0,36,36,3243,64000,9,64009
2,116748,36,0,0,36,36,3243,71874,1,71875
2,116748,972,0,0,36,36,3243,5632,243,5875
2,116748,19044,0,0,36,36,3243,5346,529,5875
2,116748,19044,0,0,36,36,3243,5546,529,6075
2,116748,20700,0,0,36,36,3243,512,5175,5687
2,116748,37260,0,0,36,36,3243,376,3105,3481
2,116748,67500,0,0,36,36,3243,70688,9375,80063
2,116748,79524,0,0,36,36,3243,1058,2209,3267
2,116748,112500,0,0,36,36,3243,43424,15625,59049
2,116774,38,0,0,38,38,3073,4374,1,4375
2,116790,34,0,0,34,34,3435,4374,1,4375
2,116809,20979,0,0,37,37,3157,4394,567,4961
2,116820,21780,0,0,36,36,3245,1888,3025,4913
2,116865,98315,0,0,35,35,3339,4394,2809,7203
2,117108,36,0,0,36,36,3253,4374,1,4375
2,117117,39,0,0,39,39,3003,4374,1,4375
2,117117,273,0,0,39,39,3003,14976,49,15025
2,117117,3549,0,0,39,39,3003,8192,1183,9375
2,117117,11583,0,0,39,39,3003,512,2673,3185
2,117117,21021,0,0,39,39,3003,16000,3773,19773
2,117117,70317,0,0,39,39,3003,520,5409,5929
2,117117,85683,0,0,39,39,3003,2178,2197,4375
2,117130,918,0,0,34,34,3445,40598,27,40625
2,117180,36,0,0,36,36,3255,4374,1,4375
2,117180,4500,0,0,36,36,3255,100842,125,100967
2,117230,38,0,0,38,38,3085,4374,1,4375
2,117585,39,0,0,39,39,3015,4374,1,4375
2,117585,23517,0,0,39,39,3015,13792,3015,16807
2,117585,24375,0,0,39,39,3015,4802,625,5427
2,117585,85293,0,0,39,39,3015,938,2187,3125
2,117742,34,0,0,34,34,3463,4374,1,4375
2,117742,117742,0,0,34,34,3463,2662,3463,6125
2,117771,37,0,0,37,37,3183,4374,1,4375
2,117771,3367,0,0,37,37,3183,8192,1183,9375
2,117771,74925,0,0,37,37,3183,1352,6075,7427
2,117775,30625,0,0,35,35,3365,128,6125,6253
2,117810,34,0,0,34,34,3465,4374,1,4375
2,117990,14250,0,0,38,38,3105,512,3375,3887
2,117990,45410,0,0,38,38,3105,4394,1195,5589
2,118142,118142,0,0,76,38,3109,612,3109,3721
2,118188,36,0,0,36,36,3283,4374,1,4375
2,118188,2916,0,0,36,36,3283,42632,243,42875
2,118188,4500,0,0,36,36,3283,4704,625,5329
2,118188,12348,0,0,36,36,3283,9782,343,10125
2,118188,13140,0,0,36,36,3283,2144,1825,3969
2,118188,16884,0,0,72,36,3283,4860,469,5329
2,118188,22500,0,0,36,36,3283,4802,625,5427
2,118215,37,0,0,37,37,3195,5750,1,5751
2,118215,77145,0,0,37,37,3195,10082,2085,12167
2,118260,36,0,0,36,36,3285,101250,1,101251
2,118260,65700,0,0,36,36,3285,1384,5475,6859
2,118265,118265,0,0,70,35,3379,324,3379,3703
2,118332,5148,0,0,36,36,3287,8192,1859,10051
2,118335,12005,0,0,35,35,3381,2176,2401,4577
2,118370,38,0,0,38,38,3115,4374,1,4375
2,118370,39482,0,0,38,38,3115,8,3117,3125
2,118370,83106,0,0,38,38,3115,712,6561,7273
2,118422,24786,0,0,34,34,3483,22016,6561,28577
2,118422,41310,0,0,34,34,3483,3698,1215,4913
2,118620,36,0,0,36,36,3295,4374,1,4375
2,118677,39,0,0,39,39,3043,4374,1,4375
2,118677,117,0,0,39,39,3043,14848,27,14875
2,118677,1911,0,0,39,39,3043,14450,49,14499
2,118677,9477,0,0,39,39,3043,10382,243,10625
2,118677,11271,0,0,39,39,3043,14210,289,14499
2,118677,118677,0,0,39,39,3043,1682,3043,4725
2,118755,35,0,0,35,35,3393,4374,1,4375
2,118755,35,0,0,70,35,3393,4900,1,4901
2,118755,39,0,0,39,39,3045,4374,1,4375
2,118755,315,0,0,35,35,3393,21866,9,21875
2,118755,3185,0,0,35,35,3393,8192,1183,9375
2,118755,4375,0,0,35,35,3393,27936,625,28561
2,118755,4725,0,0,35,35,3393,8192,1755,9947
2,118755,8505,0,0,35,35,3393,3200,1701,4901
2,118755,17745,0,0,35,35,3393,512,4563,5075
2,118755,22295,0,0,35,35,3393,12416,4459,16875
2,118755,41405,0,0,35,35,3393,8192,15379,23571
2,118755,47385,0,0,39,39,3045,3872,6075,9947
2,118755,76895,0,0,35,35,3393,4850,2197,7047
2,118755,98397,0,0,39,39,3045,1250,2523,3773
2,118755,98455,0,0,35,35,3393,1750,2813,4563
2,118755,110565,0,0,35,35,3393,6250,3159,9409
2,118762,34,0,0,34,34,3493,4374,1,4375
2,118807,37,0,0,74,37,3211,31212,1,31213
2,118807,333,0,0,37,37,3211,60928,81,61009
2,118807,23569,0,0,37,37,3211,8192,8281,16473
2,118881,37,0,0,37,37,3213,4374,1,4375
2,118881,74851,0,0,37,37,3213,3200,14161,17361
2,119054,2470,0,0,38,38,3133,6144,715,6859
2,119054,2850,0,0,38,38,3133,25064,225,25289
2,119054,50578,0,0,38,38,3133,36632,3993,40625
2,119145,4875,0,0,39,39,3055,13122,125,13247
2,119145,39741,0,0,39,39,3055,2106,1019,3125
2,119145,85293,0,0,39,39,3055,2038,2187,4225
2,119268,119268,0,0,36,36,3313,1250,3313,4563
2,119325,37,0,0,37,37,3225,4374,1,4375
2,119340,108,0,0,36,36,3315,4216,9,4225
2,119340,4500,0,0,36,36,3315,9826,125,9951
2,119340,15300,0,0,36,36,3315,5408,2125,7533
2,119340,24300,0,0,36,36,3315,26536,2025,28561
2,119340,104004,0,0,36,36,3315,2560,26001,28561
2,119510,35150,0,0,38,38,3145,288,4625,4913
2,119525,119525,0,0,35,35,3415,8978,3415,12393
2,119700,36,0,0,36,36,3325,4374,1,4375
2,119700,85500,0,0,36,36,3325,32,11875,11907
2,119735,35,0,0,35,35,3421,7986,1,7987
2,119805,35,0,0,35,35,3423,4374,1,4375
2,119805,4375,0,0,35,35,3423,18144,625,18769
2,119847,39,0,0,39,39,3073,4374,1,4375
2,119917,12691,0,0,37,37,3241,4418,343,4761
2,119966,21546,0,0,38,38,3157,4394,567,4961
2,119988,36,0,0,36,36,3333,64000,9,64009
2,119988,36,0,0,36,36,3333,71874,1,71875
2,119988,972,0,0,36,36,3333,10120,81,10201
2,119988,19044,0,0,36,36,3333,864,2645,3509
2,119988,30276,0,0,36,36,3333,33534,841,34375
2,119988,30276,0,0,36,36,3333,59994,841,60835
2,119988,105444,0,0,36,36,3333,3726,2929,6655
2,119991,37,0,0,37,37,3243,64000,9,64009
2,119991,37,0,0,37,37,3243,71874,1,71875
2,119991,999,0,0,37,37,3243,5632,243,5875
2,119991,19573,0,0,37,37,3243,5346,529,5875
2,119991,19573,0,0,37,37,3243,5546,529,6075
2,119991,21275,0,0,37,37,3243,512,5175,5687
2,119991,38295,0,0,37,37,3243,376,3105,3481
2,119991,69375,0,0,37,37,3243,70688,9375,80063
2,119991,81733,0,0,37,37,3243,1058,2209,3267
2,119991,115625,0,0,37,37,3243,43424,15625,59049
2,120065,22385,0,0,37,37,3245,1888,3025,4913
2,120120,40,0,0,40,40,3003,4374,1,4375
2,120120,280,0,0,40,40,3003,14976,49,15025
2,120120,3640,0,0,40,40,3003,8192,1183,9375
2,120120,11880,0,0,40,40,3003,512,2673,3185
2,120120,21560,0,0,40,40,3003,16000,3773,19773
2,120120,72120,0,0,40,40,3003,520,5409,5929
2,120120,87880,0,0,40,40,3003,2178,2197,4375
2,120204,101124,0,0,36,36,3339,4394,2809,7203
2,120225,35,0,0,35,35,3435,4374,1,4375
2,120315,39,0,0,39,39,3085,4374,1,4375
2,120361,37,0,0,37,37,3253,4374,1,4375
2,120435,37,0,0,37,37,3255,4374,1,4375
2,120435,4625,0,0,37,37,3255,100842,125,100967
2,120575,945,0,0,35,35,3445,40598,27,40625
2,120600,40,0,0,40,40,3015,4374,1,4375
2,120600,24120,0,0,40,40,3015,13792,3015,16807
2,120600,25000,0,0,40,40,3015,4802,625,5427
2,120600,87480,0,0,40,40,3015,938,2187,3125
2,120954,38,0,0,38,38,3183,4374,1,4375
2,120954,3458,0,0,38,38,3183,8192,1183,9375
2,120954,76950,0,0,38,38,3183,1352,6075,7427
2,121095,14625,0,0,39,39,3105,512,3375,3887
2,121095,46605,0,0,39,39,3105,4394,1195,5589
2,121140,31500,0,0,36,36,3365,128,6125,6253
2,121205,35,0,0,35,35,3463,4374,1,4375
2,121205,121205,0,0,35,35,3463,2662,3463,6125
2,121251,121251,0,0,78,39,3109,612,3109,3721
2,121275,35,0,0,35,35,3465,4374,1,4375
2,121410,38,0,0,38,38,3195,5750,1,5751
2,121410,79230,0,0,38,38,3195,10082,2085,12167
2,121471,37,0,0,37,37,3283,4374,1,4375
2,121471,2997,0,0,37,37,3283,42632,243,42875
2,121471,4625,0,0,37,37,3283,4704,625,5329
2,121471,12691,0,0,37,37,3283,9782,343,10125
2,121471,13505,0,0,37,37,3283,2144,1825,3969
2,121471,17353,0,0,74,37,3283,4860,469,5329
2,121471,23125,0,0,37,37,3283,4802,625,5427
2,121485,39,0,0,39,39,3115,4374,1,4375
2,121485,40521,0,0,39,39,3115,8,3117,3125
2,121485,85293,0,0,39,39,3115,712,6561,7273
2,121545,37,0,0,37,37,3285,101250,1,101251
2,121545,67525,0,0,37,37,3285,1384,5475,6859
2,121619,5291,0,0,37,37,3287,8192,1859,10051
2,121644,121644,0,0,72,36,3379,324,3379,3703
2,121716,12348,0,0,36,36,3381,2176,2401,4577
2,121720,40,0,0,40,40,3043,4374,1,4375
2,121720,120,0,0,40,40,3043,14848,27,14875
2,121720,1960,0,0,40,40,3043,14450,49,14499
2,121720,9720,0,0,40,40,3043,10382,243,10625
2,121720,11560,0,0,40,40,3043,14210,289,14499
2,121720,121720,0,0,40,40,3043,1682,3043,4725
2,121800,40,0,0,40,40,3045,4374,1,4375
2,121800,48600,0,0,40,40,3045,3872,6075,9947
2,121800,100920,0,0,40,40,3045,1250,2523,3773
2,121905,25515,0,0,35,35,3483,22016,6561,28577
2,121905,42525,0,0,35,35,3483,3698,1215,4913
2,121915,37,0,0,37,37,3295,4374,1,4375
2,122018,38,0,0,76,38,3211,31212,1,31213
2,122018,342,0,0,38,38,3211,60928,81,61009
2,122018,24206,0,0,38,38,3211,8192,8281,16473
2,122094,38,0,0,38,38,3213,4374,1,4375
2,122094,76874,0,0,38,38,3213,3200,14161,17361
2,122148,36,0,0,36,36,3393,4374,1,4375
2,122148,36,0,0,72,36,3393,4900,1,4901
2,122148,324,0,0,36,36,3393,21866,9,21875
2,122148,3276,0,0,36,36,3393,8192,1183,9375
2,122148,4500,0,0,36,36,3393,27936,625,28561
2,122148,4860,0,0,36,36,3393,8192,1755,9947
2,122148,8748,0,0,36,36,3393,3200,1701,4901
2,122148,18252,0,0,36,36,3393,512,4563,5075
2,122148,22932,0,0,36,36,3393,12416,4459,16875
2,122148,42588,0,0,36,36,3393,8192,15379,23571
2,122148,79092,0,0,36,36,3393,4850,2197,7047
2,122148,101268,0,0,36,36,3393,1750,2813,4563
2,122148,113724,0,0,36,36,3393,6250,3159,9409
2,122187,2535,0,0,39,39,3133,6144,715,6859
2,122187,2925,0,0,39,39,3133,25064,225,25289
2,122187,51909,0,0,39,39,3133,36632,3993,40625
2,122200,5000,0,0,40,40,3055,13122,125,13247
2,122200,40760,0,0,40,40,3055,2106,1019,3125
2,122200,87480,0,0,40,40,3055,2038,2187,4225
2,122255,35,0,0,35,35,3493,4374,1,4375
2,122550,38,0,0,38,38,3225,4374,1,4375
2,122581,122581,0,0,37,37,3313,1250,3313,4563
2,122655,111,0,0,37,37,3315,4216,9,4225
2,122655,4625,0,0,37,37,3315,9826,125,9951
2,122655,15725,0,0,37,37,3315,5408,2125,7533
2,122655,24975,0,0,37,37,3315,26536,2025,28561
2,122655,36075,0,0,39,39,3145,288,4625,4913
2,122655,106893,0,0,37,37,3315,2560,26001,28561
2,122920,40,0,0,40,40,3073,4374,1,4375
2,122940,122940,0,0,36,36,3415,8978,3415,12393
2,123025,37,0,0,37,37,3325,4374,1,4375
2,123025,87875,0,0,37,37,3325,32,11875,11907
2,123123,41,0,0,41,41,3003,4374,1,4375
2,123123,287,0,0,41,41,3003,14976,49,15025
2,123123,3731,0,0,41,41,3003,8192,1183,9375
2,123123,12177,0,0,41,41,3003,512,2673,3185
2,123123,22099,0,0,41,41,3003,16000,3773,19773
2,123123,22113,0,0,39,39,3157,4394,567,4961
2,123123,73923,0,0,41,41,3003,520,5409,5929
2,123123,90077,0,0,41,41,3003,2178,2197,4375
2,123156,36,0,0,36,36,3421,7986,1,7987
2,123158,13034,0,0,38,38,3241,4418,343,4761
2,123228,36,0,0,36,36,3423,4374,1,4375
2,123228,4500,0,0,36,36,3423,18144,625,18769
2,123234,38,0,0,38,38,3243,64000,9,64009
2,123234,38,0,0,38,38,3243,71874,1,71875
2,123234,1026,0,0,38,38,3243,5632,243,5875
2,123234,20102,0,0,38,38,3243,5346,529,5875
2,123234,20102,0,0,38,38,3243,5546,529,6075
2,123234,21850,0,0,38,38,3243,512,5175,5687
2,123234,39330,0,0,38,38,3243,376,3105,3481
2,123234,71250,0,0,38,38,3243,70688,9375,80063
2,123234,83942,0,0,38,38,3243,1058,2209,3267
2,123234,118750,0,0,38,38,3243,43424,15625,59049
2,123310,22990,0,0,38,38,3245,1888,3025,4913
2,123321,37,0,0,37,37,3333,64000,9,64009
2,123321,37,0,0,37,37,3333,71874,1,71875
2,123321,999,0,0,37,37,3333,10120,81,10201
2,123321,19573,0,0,37,37,3333,864,2645,3509
2,123321,31117,0,0,37,37,3333,33534,841,34375
2,123321,31117,0,0,37,37,3333,59994,841,60835
2,123321,108373,0,0,37,37,3333,3726,2929,6655
2,123400,40,0,0,40,40,3085,4374,1,4375
2,123543,103933,0,0,37,37,3339,4394,2809,7203
2,123614,38,0,0,38,38,3253,4374,1,4375
2,123615,41,0,0,41,41,3015,4374,1,4375
2,123615,24723,0,0,41,41,3015,13792,3015,16807
2,123615,25625,0,0,41,41,3015,4802,625,5427
2,123615,89667,0,0,41,41,3015,938,2187,3125
2,123660,36,0,0,36,36,3435,4374,1,4375
2,123690,38,0,0,38,38,3255,4374,1,4375
2,123690,4750,0,0,38,38,3255,100842,125,100967
2,124020,972,0,0,36,36,3445,40598,27,40625
2,124137,39,0,0,39,39,3183,4374,1,4375
2,124137,3549,0,0,39,39,3183,8192,1183,9375
2,124137,78975,0,0,39,39,3183,1352,6075,7427
2,124200,15000,0,0,40,40,3105,512,3375,3887
2,124200,47800,0,0,40,40,3105,4394,1195,5589
2,124360,124360,0,0,80,40,3109,612,3109,3721
2,124505,32375,0,0,37,37,3365,128,6125,6253
2,124600,40,0,0,40,40,3115,4374,1,4375
2,124600,41560,0,0,40,40,3115,8,3117,3125
2,124600,87480,0,0,40,40,3115,712,6561,7273
2,124605,39,0,0,39,39,3195,5750,1,5751
2,124605,81315,0,0,39,39,3195,10082,2085,12167
2,124668,36,0,0,36,36,3463,4374,1,4375
2,124668,124668,0,0,36,36,3463,2662,3463,6125
2,124740,36,0,0,36,36,3465,4374,1,4375
2,124754,38,0,0,38,38,3283,4374,1,4375
2,124754,3078,0,0,38,38,3283,42632,243,42875
2,124754,4750,0,0,38,38,3283,4704,625,5329
2,124754,13034,0,0,38,38,3283,9782,343,10125
2,124754,13870,0,0,38,38,3283,2144,1825,3969
2,124754,17822,0,0,76,38,3283,4860,469,5329
2,124754,23750,0,0,38,38,3283,4802,625,5427
2,124763,41,0,0,41,41,3043,4374,1,4375
2,124763,123,0,0,41,41,3043,14848,27,14875
2,124763,2009,0,0,41,41,3043,14450,49,14499
2,124763,9963,0,0,41,41,3043,10382,243,10625
2,124763,11849,0,0,41,41,3043,14210,289,14499
2,124763,124763,0,0,41,41,3043,1682,3043,4725
2,124830,38,0,0,38,38,3285,101250,1,101251
2,124830,69350,0,0,38,38,3285,1384,5475,6859
2,124845,41,0,0,41,41,3045,4374,1,4375
2,124845,49815,0,0,41,41,3045,3872,6075,9947
2,124845,103443,0,0,41,41,3045,1250,2523,3773
2,124906,5434,0,0,38,38,3287,8192,1859,10051
2,125023,125023,0,0,74,37,3379,324,3379,3703
2,125097,12691,0,0,37,37,3381,2176,2401,4577
2,125210,38,0,0,38,38,3295,4374,1,4375
2,125229,39,0,0,78,39,3211,31212,1,31213
2,125229,351,0,0,39,39,3211,60928,81,61009
2,125229,24843,0,0,39,39,3211,8192,8281,16473
2,125255,5125,0,0,41,41,3055,13122,125,13247
2,125255,41779,0,0,41,41,3055,2106,1019,3125
2,125255,89667,0,0,41,41,3055,2038,2187,4225
2,125307,39,0,0,39,39,3213,4374,1,4375
2,125307,78897,0,0,39,39,3213,3200,14161,17361
2,125320,2600,0,0,40,40,3133,6144,715,6859
2,125320,3000,0,0,40,40,3133,25064,225,25289
2,125320,53240,0,0,40,40,3133,36632,3993,40625
2,125388,26244,0,0,36,36,3483,22016,6561,28577
2,125388,43740,0,0,36,36,3483,3698,1215,4913
2,125541,37,0,0,37,37,3393,4374,1,4375
2,125541,37,0,0,74,37,3393,4900,1,4901
2,125541,333,0,0,37,37,3393,21866,9,21875
2,125541,3367,0,0,37,37,3393,8192,1183,9375
2,125541,4625,0,0,37,37,3393,27936,625,28561
2,125541,4995,0,0,37,37,3393,8192,1755,9947
2,125541,8991,0,0,37,37,3393,3200,1701,4901
2,125541,18759,0,0,37,37,3393,512,4563,5075
2,125541,23569,0,0,37,37,3393,12416,4459,16875
2,125541,43771,0,0,37,37,3393,8192,15379,23571
2,125541,81289,0,0,37,37,3393,4850,2197,7047
2,125541,104081,0,0,37,37,3393,1750,2813,4563
2,125541,116883,0,0,37,37,3393,6250,3159,9409
2,125748,36,0,0,36,36,3493,4374,1,4375
2,125775,39,0,0,39,39,3225,4374,1,4375
2,125800,37000,0,0,40,40,3145,288,4625,4913
2,125894,125894,0,0,38,38,3313,1250,3313,4563
2,125970,114,0,0,38,38,3315,4216,9,4225
2,125970,4750,0,0,38,38,3315,9826,125,9951
2,125970,16150,0,0,38,38,3315,5408,2125,7533
2,125970,25650,0,0,38,38,3315,26536,2025,28561
2,125970,109782,0,0,38,38,3315,2560,26001,28561
2,125993,41,0,0,41,41,3073,4374,1,4375
2,126126,42,0,0,42,42,3003,4374,1,4375
2,126126,294,0,0,42,42,3003,14976,49,15025
2,126126,3822,0,0,42,42,3003,8192,1183,9375
2,126126,12474,0,0,42,42,3003,512,2673,3185
2,126126,22638,0,0,42,42,3003,16000,3773,19773
2,126126,75726,0,0,42,42,3003,520,5409,5929
2,126126,92274,0,0,42,42,3003,2178,2197,4375
2,126280,22680,0,0,40,40,3157,4394,567,4961
2,126350,38,0,0,38,38,3325,4374,1,4375
2,126350,90250,0,0,38,38,3325,32,11875,11907
2,126355,126355,0,0,37,37,3415,8978,3415,12393
2,126399,13377,0,0,39,39,3241,4418,343,4761
2,126477,39,0,0,39,39,3243,64000,9,64009
2,126477,39,0,0,39,39,3243,71874,1,71875
2,126477,1053,0,0,39,39,3243,5632,243,5875
2,126477,20631,0,0,39,39,3243,5346,529,5875
2,126477,20631,0,0,39,39,3243,5546,529,6075
2,126477,22425,0,0,39,39,3243,512,5175,5687
2,126477,40365,0,0,39,39,3243,376,3105,3481
2,126477,73125,0,0,39,39,3243,70688,9375,80063
2,126477,86151,0,0,39,39,3243,1058,2209,3267
2,126477,121875,0,0,39,39,3243,43424,15625,59049
2,126485,41,0,0,41,41,3085,4374,1,4375
2,126555,23595,0,0,39,39,3245,1888,3025,4913
2,126577,37,0,0,37,37,3421,7986,1,7987
2,126630,42,0,0,42,42,3015,4374,1,4375
2,126630,25326,0,0,42,42,3015,13792,3015,16807
2,126630,26250,0,0,42,42,3015,4802,625,5427
2,126630,91854,0,0,42,42,3015,938,2187,3125
2,126651,37,0,0,37,37,3423,4374,1,4375
2,126651,4625,0,0,37,37,3423,18144,625,18769
2,126654,38,0,0,38,38,3333,64000,9,64009
2,126654,38,0,0,38,38,3333,71874,1,71875
2,126654,1026,0,0,38,38,3333,10120,81,10201
2,126654,20102,0,0,38,38,3333,864,2645,3509
2,126654,31958,0,0,38,38,3333,33534,841,34375
2,126654,31958,0,0,38,38,3333,59994,841,60835
2,126654,111302,0,0,38,38,3333,3726,2929,6655
2,126867,39,0,0,39,39,3253,4374,1,4375
2,126882,106742,0,0,38,38,3339,4394,2809,7203
2,126945,39,0,0,39,39,3255,4374,1,4375
2,126945,4875,0,0,39,39,3255,100842,125,100967
2,127095,37,0,0,37,37,3435,4374,1,4375
2,127305,15375,0,0,41,41,3105,512,3375,3887
2,127305,48995,0,0,41,41,3105,4394,1195,5589
2,127320,40,0,0,40,40,3183,4374,1,4375
2,127320,3640,0,0,40,40,3183,8192,1183,9375
2,127320,81000,0,0,40,40,3183,1352,6075,7427
2,127465,999,0,0,37,37,3445,40598,27,40625
2,127469,127469,0,0,82,41,3109,612,3109,3721
2,127715,41,0,0,41,41,3115,4374,1,4375
2,127715,42599,0,0,41,41,3115,8,3117,3125
2,127715,89667,0,0,41,41,3115,712,6561,7273
2,127800,40,0,0,40,40,3195,5750,1,5751
2,127800,83400,0,0,40,40,3195,10082,2085,12167
2,127806,42,0,0,42,42,3043,4374,1,4375
2,127806,126,0,0,42,42,3043,14848,27,14875
2,127806,2058,0,0,42,42,3043,14450,49,14499
2,127806,10206,0,0,42,42,3043,10382,243,10625
2,127806,12138,0,0,42,42,3043,14210,289,14499
2,127806,127806,0,0,42,42,3043,1682,3043,4725
2,127870,33250,0,0,38,38,3365,128,6125,6253
2,127890,42,0,0,42,42,3045,4374,1,4375
2,127890,51030,0,0,42,42,3045,3872,6075,9947
2,127890,105966,0,0,42,42,3045,1250,2523,3773
2,128037,39,0,0,39,39,3283,4374,1,4375
2,128037,3159,0,0,39,39,3283,42632,243,42875
2,128037,4875,0,0,39,39,3283,4704,625,5329
2,128037,13377,0,0,39,39,3283,9782,343,10125
2,128037,14235,0,0,39,39,3283,2144,1825,3969
2,128037,18291,0,0,78,39,3283,4860,469,5329
2,128037,24375,0,0,39,39,3283,4802,625,5427
2,128115,39,0,0,39,39,3285,101250,1,101251
2,128115,71175,0,0,39,39,3285,1384,5475,6859
2,128131,37,0,0,37,37,3463,4374,1,4375
2,128131,128131,0,0,37,37,3463,2662,3463,6125
2,128193,5577,0,0,39,39,3287,8192,1859,10051
2,128205,37,0,0,37,37,3465,4374,1,4375
2,128310,5250,0,0,42,42,3055,13122,125,13247
2,128310,42798,0,0,42,42,3055,2106,1019,3125
2,128310,91854,0,0,42,42,3055,2038,2187,4225
2,128402,128402,0,0,76,38,3379,324,3379,3703
2,128440,40,0,0,80,40,3211,31212,1,31213
2,128440,360,0,0,40,40,3211,60928,81,61009
2,128440,25480,0,0,40,40,3211,8192,8281,16473
2,128453,2665,0,0,41,41,3133,6144,715,6859
2,128453,3075,0,0,41,41,3133,25064,225,25289
2,128453,54571,0,0,41,41,3133,36632,3993,40625
2,128478,13034,0,0,38,38,3381,2176,2401,4577
2,128505,39,0,0,39,39,3295,4374,1,4375
2,128520,40,0,0,40,40,3213,4374,1,4375
2,128520,80920,0,0,40,40,3213,3200,14161,17361
2,128871,26973,0,0,37,37,3483,22016,6561,28577
2,128871,44955,0,0,37,37,3483,3698,1215,4913
2,128934,38,0,0,38,38,3393,4374,1,4375
2,128934,38,0,0,76,38,3393,4900,1,4901
2,128934,342,0,0,38,38,3393,21866,9,21875
2,128934,3458,0,0,38,38,3393,8192,1183,9375
2,128934,4750,0,0,38,38,3393,27936,625,28561
2,128934,5130,0,0,38,38,3393,8192,1755,9947
2,128934,9234,0,0,38,38,3393,3200,1701,4901
2,128934,19266,0,0,38,38,3393,512,4563,5075
2,128934,24206,0,0,38,38,3393,12416,4459,16875
2,128934,44954,0,0,38,38,3393,8192,15379,23571
2,128934,83486,0,0,38,38,3393,4850,2197,7047
2,128934,106894,0,0,38,38,3393,1750,2813,4563
2,128934,120042,0,0,38,38,3393,6250,3159,9409
2,128945,37925,0,0,41,41,3145,288,4625,4913
2,129000,40,0,0,40,40,3225,4374,1,4375
2,129066,42,0,0,42,42,3073,4374,1,4375
2,129129,43,0,0,43,43,3003,4374,1,4375
2,129129,301,0,0,43,43,3003,14976,49,15025
2,129129,3913,0,0,43,43,3003,8192,1183,9375
2,129129,12771,0,0,43,43,3003,512,2673,3185
2,129129,23177,0,0,43,43,3003,16000,3773,19773
2,129129,77529,0,0,43,43,3003,520,5409,5929
2,129129,94471,0,0,43,43,3003,2178,2197,4375
2,129207,129207,0,0,39,39,3313,1250,3313,4563
2,129241,37,0,0,37,37,3493,4374,1,4375
2,129285,117,0,0,39,39,3315,4216,9,4225
2,129285,4875,0,0,39,39,3315,9826,125,9951
2,129285,16575,0,0,39,39,3315,5408,2125,7533
2,129285,26325,0,0,39,39,3315,26536,2025,28561
2,129285,112671,0,0,39,39,3315,2560,26001,28561
2,129437,23247,0,0,41,41,3157,4394,567,4961
2,129570,42,0,0,42,42,3085,4374,1,4375
2,129640,13720,0,0,40,40,3241,4418,343,4761
2,129645,43,0,0,43,43,3015,4374,1,4375
2,129645,25929,0,0,43,43,3015,13792,3015,16807
2,129645,26875,0,0,43,43,3015,4802,625,5427
2,129645,94041,0,0,43,43,3015,938,2187,3125
2,129675,39,0,0,39,39,3325,4374,1,4375
2,129675,92625,0,0,39,39,3325,32,11875,11907
2,129720,40,0,0,40,40,3243,64000,9,64009
2,129720,40,0,0,40,40,3243,71874,1,71875
2,129720,1080,0,0,40,40,3243,5632,243,5875
2,129720,21160,0,0,40,40,3243,5346,529,5875
2,129720,21160,0,0,40,40,3243,5546,529,6075
2,129720,23000,0,0,40,40,3243,512,5175,5687
2,129720,41400,0,0,40,40,3243,376,3105,3481
2,129720,75000,0,0,40,40,3243,70688,9375,80063
2,129720,88360,0,0,40,40,3243,1058,2209,3267
2,129720,125000,0,0,40,40,3243,43424,15625,59049
2,129770,129770,0,0,38,38,3415,8978,3415,12393
2,129800,24200,0,0,40,40,3245,1888,3025,4913
2,129987,39,0,0,39,39,3333,64000,9,64009
2,129987,39,0,0,39,39,3333,71874,1,71875
2,129987,1053,0,0,39,39,3333,10120,81,10201
2,129987,20631,0,0,39,39,3333,864,2645,3509
2,129987,32799,0,0,39,39,3333,33534,841,34375
2,129987,32799,0,0,39,39,3333,59994,841,60835
2,129987,114231,0,0,39,39,3333,3726,2929,6655
2,129998,38,0,0,38,38,3421,7986,1,7987
2,130074,38,0,0,38,38,3423,4374,1,4375
2,130074,4750,0,0,38,38,3423,18144,625,18769
2,130120,40,0,0,40,40,3253,4374,1,4375
2,130200,40,0,0,40,40,3255,4374,1,4375
2,130200,5000,0,0,40,40,3255,100842,125,100967
2,130221,109551,0,0,39,39,3339,4394,2809,7203
2,130410,15750,0,0,42,42,3105,512,3375,3887
2,130410,50190,0,0,42,42,3105,4394,1195,5589
2,130503,41,0,0,41,41,3183,4374,1,4375
2,130503,3731,0,0,41,41,3183,8192,1183,9375
2,130503,83025,0,0,41,41,3183,1352,6075,7427
2,130530,38,0,0,38,38,3435,4374,1,4375
2,130578,130578,0,0,84,42,3109,612,3109,3721
2,130830,42,0,0,42,42,3115,4374,1,4375
2,130830,43638,0,0,42,42,3115,8,3117,3125
2,130830,91854,0,0,42,42,3115,712,6561,7273
2,130849,43,0,0,43,43,3043,4374,1,4375
2,130849,129,0,0,43,43,3043,14848,27,14875
2,130849,2107,0,0,43,43,3043,14450,49,14499
2,130849,10449,0,0,43,43,3043,10382,243,10625
2,130849,12427,0,0,43,43,3043,14210,289,14499
2,130849,130849,0,0,43,43,3043,1682,3043,4725
2,130910,1026,0,0,38,38,3445,40598,27,40625
2,130935,43,0,0,43,43,3045,4374,1,4375
2,130935,52245,0,0,43,43,3045,3872,6075,9947
2,130935,108489,0,0,43,43,3045,1250,2523,3773
2,130995,41,0,0,41,41,3195,5750,1,5751
2,130995,85485,0,0,41,41,3195,10082,2085,12167
2,131235,34125,0,0,39,39,3365,128,6125,6253
2,131320,40,0,0,40,40,3283,4374,1,4375
2,131320,3240,0,0,40,40,3283,42632,243,42875
2,131320,5000,0,0,40,40,3283,4704,625,5329
2,131320,13720,0,0,40,40,3283,9782,343,10125
2,131320,14600,0,0,40,40,3283,2144,1825,3969
2,131320,18760,0,0,80,40,3283,4860,469,5329
2,131320,25000,0,0,40,40,3283,4802,625,5427
2,131365,5375,0,0,43,43,3055,13122,125,13247
2,131365,43817,0,0,43,43,3055,2106,1019,3125
2,131365,94041,0,0,43,43,3055,2038,2187,4225
2,131400,40,0,0,40,40,3285,101250,1,101251
2,131400,73000,0,0,40,40,3285,1384,5475,6859
2,131480,5720,0,0,40,40,3287,8192,1859,10051
2,131586,2730,0,0,42,42,3133,6144,715,6859
2,131586,3150,0,0,42,42,3133,25064,225,25289
2,131586,55902,0,0,42,42,3133,36632,3993,40625
2,131594,38,0,0,38,38,3463,4374,1,4375
2,131594,131594,0,0,38,38,3463,2662,3463,6125
2,131651,41,0,0,82,41,3211,31212,1,31213
2,131651,369,0,0,41,41,3211,60928,81,61009
2,131651,26117,0,0,41,41,3211,8192,8281,16473
2,131670,38,0,0,38,38,3465,4374,1,4375
2,131733,41,0,0,41,41,3213,4374,1,4375
2,131733,82943,0,0,41,41,3213,3200,14161,17361
2,131781,131781,0,0,78,39,3379,324,3379,3703
2,131800,40,0,0,40,40,3295,4374,1,4375
2,131859,13377,0,0,39,39,3381,2176,2401,4577
2,132090,38850,0,0,42,42,3145,288,4625,4913
2,132132,44,0,0,44,44,3003,4374,1,4375
2,132132,308,0,0,44,44,3003,14976,49,15025
2,132132,4004,0,0,44,44,3003,8192,1183,9375
2,132132,13068,0,0,44,44,3003,512,2673,3185
2,132132,23716,0,0,44,44,3003,16000,3773,19773
2,132132,79332,0,0,44,44,3003,520,5409,5929
2,132132,96668,0,0,44,44,3003,2178,2197,4375
2,132139,43,0,0,43,43,3073,4374,1,4375
2,132225,41,0,0,41,41,3225,4374,1,4375
2,132327,39,0,0,39,39,3393,4374,1,4375
2,132327,39,0,0,78,39,3393,4900,1,4901
2,132327,351,0,0,39,39,3393,21866,9,21875
2,132327,3549,0,0,39,39,3393,8192,1183,9375
2,132327,4875,0,0,39,39,3393,27936,625,28561
2,132327,5265,0,0,39,39,3393,8192,1755,9947
2,132327,9477,0,0,39,39,3393,3200,1701,4901
2,132327,19773,0,0,39,39,3393,512,4563,5075
2,132327,24843,0,0,39,39,3393,12416,4459,16875
2,132327,46137,0,0,39,39,3393,8192,15379,23571
2,132327,85683,0,0,39,39,3393,4850,2197,7047
2,132327,109707,0,0,39,39,3393,1750,2813,4563
2,132327,123201,0,0,39,39,3393,6250,3159,9409
2,132354,27702,0,0,38,38,3483,22016,6561,28577
2,132354,46170,0,0,38,38,3483,3698,1215,4913
2,132520,132520,0,0,40,40,3313,1250,3313,4563
2,132594,23814,0,0,42,42,3157,4394,567,4961
2,132600,120,0,0,40,40,3315,4216,9,4225
2,132600,5000,0,0,40,40,3315,9826,125,9951
2,132600,17000,0,0,40,40,3315,5408,2125,7533
2,132600,27000,0,0,40,40,3315,26536,2025,28561
2,132600,115560,0,0,40,40,3315,2560,26001,28561
2,132655,43,0,0,43,43,3085,4374,1,4375
2,132660,44,0,0,44,44,3015,4374,1,4375
2,132660,26532,0,0,44,44,3015,13792,3015,16807
2,132660,27500,0,0,44,44,3015,4802,625,5427
2,132660,96228,0,0,44,44,3015,938,2187,3125
2,132734,38,0,0,38,38,3493,4374,1,4375
2,132881,14063,0,0,41,41,3241,4418,343,4761
2,132963,41,0,0,41,41,3243,64000,9,64009
2,132963,41,0,0,41,41,3243,71874,1,71875
2,132963,1107,0,0,41,41,3243,5632,243,5875
2,132963,21689,0,0,41,41,3243,5346,529,5875
2,132963,21689,0,0,41,41,3243,5546,529,6075
2,132963,23575,0,0,41,41,3243,512,5175,5687
2,132963,42435,0,0,41,41,3243,376,3105,3481
2,132963,76875,0,0,41,41,3243,70688,9375,80063
2,132963,90569,0,0,41,41,3243,1058,2209,3267
2,132963,128125,0,0,41,41,3243,43424,15625,59049
2,133000,40,0,0,40,40,3325,4374,1,4375
2,133000,95000,0,0,40,40,3325,32,11875,11907
2,133045,24805,0,0,41,41,3245,1888,3025,4913
2,133185,133185,0,0,39,39,3415,8978,3415,12393
2,133320,40,0,0,40,40,3333,64000,9,64009
2,133320,40,0,0,40,40,3333,71874,1,71875
2,133320,1080,0,0,40,40,3333,10120,81,10201
2,133320,21160,0,0,40,40,3333,864,2645,3509
2,133320,33640,0,0,40,40,3333,33534,841,34375
2,133320,33640,0,0,40,40,3333,59994,841,60835
2,133320,117160,0,0,40,40,3333,3726,2929,6655
2,133373,41,0,0,41,41,3253,4374,1,4375
2,133419,39,0,0,39,39,3421,7986,1,7987
2,133455,41,0,0,41,41,3255,4374,1,4375
2,133455,5125,0,0,41,41,3255,100842,125,100967
2,133497,39,0,0,39,39,3423,4374,1,4375
2,133497,4875,0,0,39,39,3423,18144,625,18769
2,133515,16125,0,0,43,43,3105,512,3375,3887
2,133515,51385,0,0,43,43,3105,4394,1195,5589
2,133560,112360,0,0,40,40,3339,4394,2809,7203
2,133686,42,0,0,42,42,3183,4374,1,4375
2,133686,3822,0,0,42,42,3183,8192,1183,9375
2,133686,85050,0,0,42,42,3183,1352,6075,7427
2,133687,133687,0,0,86,43,3109,612,3109,3721
2,133892,44,0,0,44,44,3043,4374,1,4375
2,133892,132,0,0,44,44,3043,14848,27,14875
2,133892,2156,0,0,44,44,3043,14450,49,14499
2,133892,10692,0,0,44,44,3043,10382,243,10625
2,133892,12716,0,0,44,44,3043,14210,289,14499
2,133892,133892,0,0,44,44,3043,1682,3043,4725
2,133945,43,0,0,43,43,3115,4374,1,4375
2,133945,44677,0,0,43,43,3115,8,3117,3125
2,133945,94041,0,0,43,43,3115,712,6561,7273
2,133965,39,0,0,39,39,3435,4374,1,4375
2,133980,44,0,0,44,44,3045,4374,1,4375
2,133980,53460,0,0,44,44,3045,3872,6075,9947
2,133980,111012,0,0,44,44,3045,1250,2523,3773
2,134190,42,0,0,42,42,3195,5750,1,5751
2,134190,87570,0,0,42,42,3195,10082,2085,12167
2,134355,1053,0,0,39,39,3445,40598,27,40625
2,134420,5500,0,0,44,44,3055,13122,125,13247
2,134420,44836,0,0,44,44,3055,2106,1019,3125
2,134420,96228,0,0,44,44,3055,2038,2187,4225
2,134600,35000,0,0,40,40,3365,128,6125,6253
2,134603,41,0,0,41,41,3283,4374,1,4375
2,134603,3321,0,0,41,41,3283,42632,243,42875
2,134603,5125,0,0,41,41,3283,4704,625,5329
2,134603,14063,0,0,41,41,3283,9782,343,10125
2,134603,14965,0,0,41,41,3283,2144,1825,3969
2,134603,19229,0,0,82,41,3283,4860,469,5329
2,134603,25625,0,0,41,41,3283,4802,625,5427
2,134685,41,0,0,41,41,3285,101250,1,101251
2,134685,74825,0,0,41,41,3285,1384,5475,6859
2,134719,2795,0,0,43,43,3133,6144,715,6859
2,134719,3225,0,0,43,43,3133,25064,225,25289
2,134719,57233,0,0,43,43,3133,36632,3993,40625
2,134767,5863,0,0,41,41,3287,8192,1859,10051
2,134862,42,0,0,84,42,3211,31212,1,31213
2,134862,378,0,0,42,42,3211,60928,81,61009
2,134862,26754,0,0,42,42,3211,8192,8281,16473
2,134946,42,0,0,42,42,3213,4374,1,4375
2,134946,84966,0,0,42,42,3213,3200,14161,17361
2,135057,39,0,0,39,39,3463,4374,1,4375
2,135057,135057,0,0,39,39,3463,2662,3463,6125
2,135095,41,0,0,41,41,3295,4374,1,4375
2,135135,39,0,0,39,39,3465,4374,1,4375
2,135135,45,0,0,45,45,3003,4374,1,4375
2,135135,315,0,0,45,45,3003,14976,49,15025
2,135135,4095,0,0,45,45,3003,8192,1183,9375
2,135135,13365,0,0,45,45,3003,512,2673,3185
2,135135,24255,0,0,45,45,3003,16000,3773,19773
2,135135,81135,0,0,45,45,3003,520,5409,5929
2,135135,98865,0,0,45,45,3003,2178,2197,4375
2,135160,135160,0,0,80,40,3379,324,3379,3703
2,135212,44,0,0,44,44,3073,4374,1,4375
2,135235,39775,0,0,43,43,3145,288,4625,4913
2,135240,13720,0,0,40,40,3381,2176,2401,4577
2,135450,42,0,0,42,42,3225,4374,1,4375
2,135675,45,0,0,45,45,3015,4374,1,4375
2,135675,27135,0,0,45,45,3015,13792,3015,16807
2,135675,28125,0,0,45,45,3015,4802,625,5427
2,135675,98415,0,0,45,45,3015,938,2187,3125
2,135720,40,0,0,40,40,3393,4374,1,4375
2,135720,40,0,0,80,40,3393,4900,1,4901
2,135720,360,0,0,40,40,3393,21866,9,21875
2,135720,3640,0,0,40,40,3393,8192,1183,9375
2,135720,5000,0,0,40,40,3393,27936,625,28561
2,135720,5400,0,0,40,40,3393,8192,1755,9947
2,135720,9720,0,0,40,40,3393,3200,1701,4901
2,135720,20280,0,0,40,40,3393,512,4563,5075
2,135720,25480,0,0,40,40,3393,12416,4459,16875
2,135720,47320,0,0,40,40,3393,8192,15379,23571
2,135720,87880,0,0,40,40,3393,4850,2197,7047
2,135720,112520,0,0,40,40,3393,1750,2813,4563
2,135720,126360,0,0,40,40,3393,6250,3159,9409
2,135740,44,0,0,44,44,3085,4374,1,4375
2,135751,24381,0,0,43,43,3157,4394,567,4961
2,135833,135833,0,0,41,41,3313,1250,3313,4563
2,135837,28431,0,0,39,39,3483,22016,6561,28577
2,135837,47385,0,0,39,39,3483,3698,1215,4913
2,135915,123,0,0,41,41,3315,4216,9,4225
2,135915,5125,0,0,41,41,3315,9826,125,9951
2,135915,17425,0,0,41,41,3315,5408,2125,7533
2,135915,27675,0,0,41,41,3315,26536,2025,28561
2,135915,118449,0,0,41,41,3315,2560,26001,28561
2,136122,14406,0,0,42,42,3241,4418,343,4761
2,136206,42,0,0,42,42,3243,64000,9,64009
2,136206,42,0,0,42,42,3243,71874,1,71875
2,136206,1134,0,0,42,42,3243,5632,243,5875
2,136206,22218,0,0,42,42,3243,5346,529,5875
2,136206,22218,0,0,42,42,3243,5546,529,6075
2,136206,24150,0,0,42,42,3243,512,5175,5687
2,136206,43470,0,0,42,42,3243,376,3105,3481
2,136206,78750,0,0,42,42,3243,70688,9375,80063
2,136206,92778,0,0,42,42,3243,1058,2209,3267
2,136206,131250,0,0,42,42,3243,43424,15625,59049
2,136227,39,0,0,39,39,3493,4374,1,4375
2,136290,25410,0,0,42,42,3245,1888,3025,4913
2,136325,41,0,0,41,41,3325,4374,1,4375
2,136325,97375,0,0,41,41,3325,32,11875,11907
2,136600,136600,0,0,40,40,3415,8978,3415,12393
2,136620,16500,0,0,44,44,3105,512,3375,3887
2,136620,52580,0,0,44,44,3105,4394,1195,5589
2,136626,42,0,0,42,42,3253,4374,1,4375
2,136653,41,0,0,41,41,3333,64000,9,64009
2,136653,41,0,0,41,41,3333,71874,1,71875
2,136653,1107,0,0,41,41,3333,10120,81,10201
2,136653,21689,0,0,41,41,3333,864,2645,3509
2,136653,34481,0,0,41,41,3333,33534,841,34375
2,136653,34481,0,0,41,41,3333,59994,841,60835
2,136653,120089,0,0,41,41,3333,3726,2929,6655
2,136710,42,0,0,42,42,3255,4374,1,4375
2,136710,5250,0,0,42,42,3255,100842,125,100967
2,136796,136796,0,0,88,44,3109,612,3109,3721
2,136840,40,0,0,40,40,3421,7986,1,7987
2,136869,43,0,0,43,43,3183,4374,1,4375
2,136869,3913,0,0,43,43,3183,8192,1183,9375
2,136869,87075,0,0,43,43,3183,1352,6075,7427
2,136899,115169,0,0,41,41,3339,4394,2809,7203
2,136920,40,0,0,40,40,3423,4374,1,4375
2,136920,5000,0,0,40,40,3423,18144,625,18769
2,136935,45,0,0,45,45,3043,4374,1,4375
2,136935,135,0,0,45,45,3043,14848,27,14875
2,136935,2205,0,0,45,45,3043,14450,49,14499
2,136935,10935,0,0,45,45,3043,10382,243,10625
2,136935,13005,0,0,45,45,3043,14210,289,14499
2,136935,136935,0,0,45,45,3043,1682,3043,4725
2,137025,45,0,0,45,45,3045,4374,1,4375
2,137025,54675,0,0,45,45,3045,3872,6075,9947
2,137025,113535,0,0,45,45,3045,1250,2523,3773
2,137060,44,0,0,44,44,3115,4374,1,4375
2,137060,45716,0,0,44,44,3115,8,3117,3125
2,137060,96228,0,0,44,44,3115,712,6561,7273
2,137385,43,0,0,43,43,3195,5750,1,5751
2,137385,89655,0,0,43,43,3195,10082,2085,12167
2,137400,40,0,0,40,40,3435,4374,1,4375
2,137475,5625,0,0,45,45,3055,13122,125,13247
2,137475,45855,0,0,45,45,3055,2106,1019,3125
2,137475,98415,0,0,45,45,3055,2038,2187,4225
2,137800,1080,0,0,40,40,3445,40598,27,40625
2,137852,2860,0,0,44,44,3133,6144,715,6859
2,137852,3300,0,0,44,44,3133,25064,225,25289
2,137852,58564,0,0,44,44,3133,36632,3993,40625
2,137886,42,0,0,42,42,3283,4374,1,4375
2,137886,3402,0,0,42,42,3283,42632,243,42875
2,137886,5250,0,0,42,42,3283,4704,625,5329
2,137886,14406,0,0,42,42,3283,9782,343,10125
2,137886,15330,0,0,42,42,3283,2144,1825,3969
2,137886,19698,0,0,84,42,3283,4860,469,5329
2,137886,26250,0,0,42,42,3283,4802,625,5427
2,137965,35875,0,0,41,41,3365,128,6125,6253
2,137970,42,0,0,42,42,3285,101250,1,101251
2,137970,76650,0,0,42,42,3285,1384,5475,6859
2,138054,6006,0,0,42,42,3287,8192,1859,10051
2,138073,43,0,0,86,43,3211,31212,1,31213
2,138073,387,0,0,43,43,3211,60928,81,61009
2,138073,27391,0,0,43,43,3211,8192,8281,16473
2,138138,46,0,0,46,46,3003,4374,1,4375
2,138138,322,0,0,46,46,3003,14976,49,15025
2,138138,4186,0,0,46,46,3003,8192,1183,9375
2,138138,13662,0,0,46,46,3003,512,2673,3185
2,138138,24794,0,0,46,46,3003,16000,3773,19773
2,138138,82938,0,0,46,46,3003,520,5409,5929
2,138138,101062,0,0,46,46,3003,2178,2197,4375
2,138159,43,0,0,43,43,3213,4374,1,4375
2,138159,86989,0,0,43,43,3213,3200,14161,17361
2,138285,45,0,0,45,45,3073,4374,1,4375
2,138380,40700,0,0,44,44,3145,288,4625,4913
2,138390,42,0,0,42,42,3295,4374,1,4375
2,138520,40,0,0,40,40,3463,4374,1,4375
2,138520,138520,0,0,40,40,3463,2662,3463,6125
2,138539,138539,0,0,82,41,3379,324,3379,3703
2,138600,40,0,0,40,40,3465,4374,1,4375
2,138621,14063,0,0,41,41,3381,2176,2401,4577
2,138675,43,0,0,43,43,3225,4374,1,4375
2,138690,46,0,0,46,46,3015,4374,1,4375
2,138690,27738,0,0,46,46,3015,13792,3015,16807
2,138690,28750,0,0,46,46,3015,4802,625,5427
2,138690,100602,0,0,46,46,3015,938,2187,3125
2,138825,45,0,0,45,45,3085,4374,1,4375
2,138908,24948,0,0,44,44,3157,4394,567,4961
2,139113,41,0,0,41,41,3393,4374,1,4375
2,139113,41,0,0,82,41,3393,4900,1,4901
2,139113,369,0,0,41,41,3393,21866,9,21875
2,139113,3731,0,0,41,41,3393,8192,1183,9375
2,139113,5125,0,0,41,41,3393,27936,625,28561
2,139113,5535,0,0,41,41,3393,8192,1755,9947
2,139113,9963,0,0,41,41,3393,3200,1701,4901
2,139113,20787,0,0,41,41,3393,512,4563,5075
2,139113,26117,0,0,41,41,3393,12416,4459,16875
2,139113,48503,0,0,41,41,3393,8192,15379,23571
2,139113,90077,0,0,41,41,3393,4850,2197,7047
2,139113,115333,0,0,41,41,3393,1750,2813,4563
2,139113,129519,0,0,41,41,3393,6250,3159,9409
2,139146,139146,0,0,42,42,3313,1250,3313,4563
2,139230,126,0,0,42,42,3315,4216,9,4225
2,139230,5250,0,0,42,42,3315,9826,125,9951
2,139230,17850,0,0,42,42,3315,5408,2125,7533
2,139230,28350,0,0,42,42,3315,26536,2025,28561
2,139230,121338,0,0,42,42,3315,2560,26001,28561
2,139320,29160,0,0,40,40,3483,22016,6561,28577
2,139320,48600,0,0,40,40,3483,3698,1215,4913
2,139363,14749,0,0,43,43,3241,4418,343,4761
2,139449,43,0,0,43,43,3243,64000,9,64009
2,139449,43,0,0,43,43,3243,71874,1,71875
2,139449,1161,0,0,43,43,3243,5632,243,5875
2,139449,22747,0,0,43,43,3243,5346,529,5875
2,139449,22747,0,0,43,43,3243,5546,529,6075
2,139449,24725,0,0,43,43,3243,512,5175,5687
2,139449,44505,0,0,43,43,3243,376,3105,3481
2,139449,80625,0,0,43,43,3243,70688,9375,80063
2,139449,94987,0,0,43,43,3243,1058,2209,3267
2,139449,134375,0,0,43,43,3243,43424,15625,59049
2,139535,26015,0,0,43,43,3245,1888,3025,4913
2,139650,42,0,0,42,42,3325,4374,1,4375
2,139650,99750,0,0,42,42,3325,32,11875,11907
2,139720,40,0,0,40,40,3493,4374,1,4375
2,139725,16875,0,0,45,45,3105,512,3375,3887
2,139725,53775,0,0,45,45,3105,4394,1195,5589
2,139879,43,0,0,43,43,3253,4374,1,4375
2,139905,139905,0,0,90,45,3109,612,3109,3721
2,139965,43,0,0,43,43,3255,4374,1,4375
2,139965,5375,0,0,43,43,3255,100842,125,100967
2,139978,46,0,0,46,46,3043,4374,1,4375
2,139978,138,0,0,46,46,3043,14848,27,14875
2,139978,2254,0,0,46,46,3043,14450,49,14499
2,139978,11178,0,0,46,46,3043,10382,243,10625
2,139978,13294,0,0,46,46,3043,14210,289,14499
2,139978,139978,0,0,46,46,3043,1682,3043,4725
2,139986,42,0,0,42,42,3333,64000,9,64009
2,139986,42,0,0,42,42,3333,71874,1,71875
2,139986,1134,0,0,42,42,3333,10120,81,10201
2,139986,22218,0,0,42,42,3333,864,2645,3509
2,139986,35322,0,0,42,42,3333,33534,841,34375
2,139986,35322,0,0,42,42,3333,59994,841,60835
2,139986,123018,0,0,42,42,3333,3726,2929,6655
2,140015,140015,0,0,41,41,3415,8978,3415,12393
2,140052,44,0,0,44,44,3183,4374,1,4375
2,140052,4004,0,0,44,44,3183,8192,1183,9375
2,140052,89100,0,0,44,44,3183,1352,6075,7427
2,140070,46,0,0,46,46,3045,4374,1,4375
2,140070,55890,0,0,46,46,3045,3872,6075,9947
2,140070,116058,0,0,46,46,3045,1250,2523,3773
2,140175,45,0,0,45,45,3115,4374,1,4375
2,140175,46755,0,0,45,45,3115,8,3117,3125
2,140175,98415,0,0,45,45,3115,712,6561,7273
2,140238,117978,0,0,42,42,3339,4394,2809,7203
2,140261,41,0,0,41,41,3421,7986,1,7987
2,140343,41,0,0,41,41,3423,4374,1,4375
2,140343,5125,0,0,41,41,3423,18144,625,18769
2,140530,5750,0,0,46,46,3055,13122,125,13247
2,140530,46874,0,0,46,46,3055,2106,1019,3125
2,140530,100602,0,0,46,46,3055,2038,2187,4225
2,140580,44,0,0,44,44,3195,5750,1,5751
2,140580,91740,0,0,44,44,3195,10082,2085,12167
2,140835,41,0,0,41,41,3435,4374,1,4375
2,140985,2925,0,0,45,45,3133,6144,715,6859
2,140985,3375,0,0,45,45,3133,25064,225,25289
2,140985,59895,0,0,45,45,3133,36632,3993,40625
2,141141,47,0,0,47,47,3003,4374,1,4375
2,141141,329,0,0,47,47,3003,14976,49,15025
2,141141,4277,0,0,47,47,3003,8192,1183,9375
2,141141,13959,0,0,47,47,3003,512,2673,3185
2,141141,25333,0,0,47,47,3003,16000,3773,19773
2,141141,84741,0,0,47,47,3003,520,5409,5929
2,141141,103259,0,0,47,47,3003,2178,2197,4375
2,141169,43,0,0,43,43,3283,4374,1,4375
2,141169,3483,0,0,43,43,3283,42632,243,42875
2,141169,5375,0,0,43,43,3283,4704,625,5329
2,141169,14749,0,0,43,43,3283,9782,343,10125
2,141169,15695,0,0,43,43,3283,2144,1825,3969
2,141169,20167,0,0,86,43,3283,4860,469,5329
2,141169,26875,0,0,43,43,3283,4802,625,5427
2,141245,1107,0,0,41,41,3445,40598,27,40625
2,141255,43,0,0,43,43,3285,101250,1,101251
2,141255,78475,0,0,43,43,3285,1384,5475,6859
2,141284,44,0,0,88,44,3211,31212,1,31213
2,141284,396,0,0,44,44,3211,60928,81,61009
2,141284,28028,0,0,44,44,3211,8192,8281,16473
2,141330,36750,0,0,42,42,3365,128,6125,6253
2,141341,6149,0,0,43,43,3287,8192,1859,10051
2,141358,46,0,0,46,46,3073,4374,1,4375
2,141372,44,0,0,44,44,3213,4374,1,4375
2,141372,89012,0,0,44,44,3213,3200,14161,17361
2,141525,41625,0,0,45,45,3145,288,4625,4913
2,141685,43,0,0,43,43,3295,4374,1,4375
2,141705,47,0,0,47,47,3015,4374,1,4375
2,141705,28341,0,0,47,47,3015,13792,3015,16807
2,141705,29375,0,0,47,47,3015,4802,625,5427
2,141705,102789,0,0,47,47,3015,938,2187,3125
2,141900,44,0,0,44,44,3225,4374,1,4375
2,141910,46,0,0,46,46,3085,4374,1,4375
2,141918,141918,0,0,84,42,3379,324,3379,3703
2,141983,41,0,0,41,41,3463,4374,1,4375
2,141983,141983,0,0,41,41,3463,2662,3463,6125
2,142002,14406,0,0,42,42,3381,2176,2401,4577
2,142065,41,0,0,41,41,3465,4374,1,4375
2,142065,25515,0,0,45,45,3157,4394,567,4961
2,142459,142459,0,0,43,43,3313,1250,3313,4563
2,142506,42,0,0,42,42,3393,4374,1,4375
2,142506,42,0,0,84,42,3393,4900,1,4901
2,142506,378,0,0,42,42,3393,21866,9,21875
2,142506,3822,0,0,42,42,3393,8192,1183,9375
2,142506,5250,0,0,42,42,3393,27936,625,28561
2,142506,5670,0,0,42,42,3393,8192,1755,9947
2,142506,10206,0,0,42,42,3393,3200,1701,4901
2,142506,21294,0,0,42,42,3393,512,4563,5075
2,142506,26754,0,0,42,42,3393,12416,4459,16875
2,142506,49686,0,0,42,42,3393,8192,15379,23571
2,142506,92274,0,0,42,42,3393,4850,2197,7047
2,142506,118146,0,0,42,42,3393,1750,2813,4563
2,142506,132678,0,0,42,42,3393,6250,3159,9409
2,142545,129,0,0,43,43,3315,4216,9,4225
2,142545,5375,0,0,43,43,3315,9826,125,9951
2,142545,18275,0,0,43,43,3315,5408,2125,7533
2,142545,29025,0,0,43,43,3315,26536,2025,28561
2,142545,124227,0,0,43,43,3315,2560,26001,28561
2,142604,15092,0,0,44,44,3241,4418,343,4761
2,142692,44,0,0,44,44,3243,64000,9,64009
2,142692,44,0,0,44,44,3243,71874,1,71875
2,142692,1188,0,0,44,44,3243,5632,243,5875
2,142692,23276,0,0,44,44,3243,5346,529,5875
2,142692,23276,0,0,44,44,3243,5546,529,6075
2,142692,25300,0,0,44,44,3243,512,5175,5687
2,142692,45540,0,0,44,44,3243,376,3105,3481
2,142692,82500,0,0,44,44,3243,70688,9375,80063
2,142692,97196,0,0,44,44,3243,1058,2209,3267
2,142692,137500,0,0,44,44,3243,43424,15625,59049
2,142780,26620,0,0,44,44,3245,1888,3025,4913
2,142803,29889,0,0,41,41,3483,22016,6561,28577
2,142803,49815,0,0,41,41,3483,3698,1215,4913
2,142830,17250,0,0,46,46,3105,512,3375,3887
2,142830,54970,0,0,46,46,3105,4394,1195,5589
2,142975,43,0,0,43,43,3325,4374,1,4375
2,142975,102125,0,0,43,43,3325,32,11875,11907
2,143014,143014,0,0,92,46,3109,612,3109,3721
2,143021,47,0,0,47,47,3043,4374,1,4375
2,143021,141,0,0,47,47,3043,14848,27,14875
2,143021,2303,0,0,47,47,3043,14450,49,14499
2,143021,11421,0,0,47,47,3043,10382,243,10625
2,143021,13583,0,0,47,47,3043,14210,289,14499
2,143021,143021,0,0,47,47,3043,1682,3043,4725
2,143115,47,0,0,47,47,3045,4374,1,4375
2,143115,57105,0,0,47,47,3045,3872,6075,9947
2,143115,118581,0,0,47,47,3045,1250,2523,3773
2,143132,44,0,0,44,44,3253,4374,1,4375
2,143213,41,0,0,41,41,3493,4374,1,4375
2,143220,44,0,0,44,44,3255,4374,1,4375
2,143220,5500,0,0,44,44,3255,100842,125,100967
2,143235,45,0,0,45,45,3183,4374,1,4375
2,143235,4095,0,0,45,45,3183,8192,1183,9375
2,143235,91125,0,0,45,45,3183,1352,6075,7427
2,143290,46,0,0,46,46,3115,4374,1,4375
2,143290,47794,0,0,46,46,3115,8,3117,3125
2,143290,100602,0,0,46,46,3115,712,6561,7273
2,143319,43,0,0,43,43,3333,64000,9,64009
2,143319,43,0,0,43,43,3333,71874,1,71875
2,143319,1161,0,0,43,43,3333,10120,81,10201
2,143319,22747,0,0,43,43,3333,864,2645,3509
2,143319,36163,0,0,43,43,3333,33534,841,34375
2,143319,36163,0,0,43,43,3333,59994,841,60835
2,143319,125947,0,0,43,43,3333,3726,2929,6655
2,143430,143430,0,0,42,42,3415,8978,3415,12393
2,143577,120787,0,0,43,43,3339,4394,2809,7203
2,143585,5875,0,0,47,47,3055,13122,125,13247
2,143585,47893,0,0,47,47,3055,2106,1019,3125
2,143585,102789,0,0,47,47,3055,2038,2187,4225
2,143682,42,0,0,42,42,3421,7986,1,7987
2,143766,42,0,0,42,42,3423,4374,1,4375
2,143766,5250,0,0,42,42,3423,18144,625,18769
2,143775,45,0,0,45,45,3195,5750,1,5751
2,143775,93825,0,0,45,45,3195,10082,2085,12167
