U,d,sigma1,sigma2,sigma3,r,t,e,a,b,n
2,3505,1,0,0,1,1,3505,4374,1,4375
2,3513,1539,0,0,1,1,3513,8,4617,4625
2,3535,1,0,0,1,1,3535,4374,1,4375
2,3540,2,0,0,2,1,3540,64000,9,64009
2,3540,6,0,0,2,1,3540,6776,9,6785
2,3549,507,0,0,1,1,3549,2968,1521,4489
2,3549,2809,0,0,1,1,3549,4394,2809,7203
2,3553,95,0,0,1,1,3553,8704,855,9559
2,3553,625,0,0,1,1,3553,512,5625,6137
2,3553,675,0,0,1,1,3553,2888,2025,4913
2,3553,2187,0,0,1,1,3553,3950,2187,6137
2,3565,1271,0,0,1,1,3565,5290,1271,6561
2,3573,397,0,0,1,1,3573,4576,1985,6561
2,3585,1,0,0,4,1,3585,3824,1,3825
2,3595,81,0,0,1,1,3595,5752,243,5995
2,3603,1,0,0,1,1,3603,4374,1,4375
2,3619,243,0,0,1,1,3619,4312,729,5041
2,3619,539,0,0,1,1,3619,4374,539,4913
2,3625,841,0,0,1,1,3625,1352,2523,3875
2,3633,1,0,0,1,1,3633,4374,1,4375
2,3640,182,0,0,2,1,3640,8192,1183,9375
2,3640,364,0,0,4,1,3640,8192,1183,9375
2,3640,728,0,0,8,1,3640,8192,1183,9375
2,3645,1,0,0,1,1,3645,4374,1,4375
2,3655,1215,0,0,1,1,3655,3698,1215,4913
2,3655,2809,0,0,1,1,3655,6966,2809,9775
2,3655,3375,0,0,1,1,3655,5618,3375,8993
2,3673,1,0,0,1,1,3673,4374,1,4375
2,3675,1,0,0,1,1,3675,4374,1,4375
2,3684,1842,0,0,8,1,3684,4096,2763,6859
2,3693,81,0,0,1,1,3693,5912,243,6155
2,3703,1,0,0,1,1,3703,4374,1,4375
2,3703,1,0,0,1,1,3703,6174,1,6175
2,3703,3,0,0,1,1,3703,9016,9,9025
2,3703,5,0,0,1,1,3703,89376,25,89401
2,3703,9,0,0,1,1,3703,7448,27,7475
2,3703,91,0,0,1,1,3703,8192,1183,9375
2,3703,243,0,0,1,1,3703,3496,729,4225
2,3703,375,0,0,1,1,3703,512,3375,3887
2,3703,455,0,0,1,1,3703,7776,2275,10051
2,3703,575,0,0,1,1,3703,10976,2875,13851
2,3703,625,0,0,1,1,3703,1568,3125,4693
2,3703,729,0,0,1,1,3703,3200,5103,8303
2,3703,1323,0,0,1,1,3703,1664,9261,10925
2,3703,2025,0,0,1,1,3703,1862,2025,3887
2,3703,2197,0,0,1,1,3703,126350,2197,128547
2,3703,2375,0,0,1,1,3703,4186,2375,6561
2,3703,2375,0,0,1,1,3703,32,11875,11907
2,3703,2401,0,0,1,1,3703,3200,16807,20007
2,3703,3249,0,0,1,1,3703,8918,3249,12167
2,3703,3703,0,0,1,1,3703,6422,3703,10125
2,3705,65,0,0,1,1,3705,6144,715,6859
2,3705,729,0,0,1,1,3705,107008,6561,113569
2,3705,1805,0,0,1,1,3705,104544,9025,113569
2,3708,6,0,0,2,1,3708,10600,9,10609
2,3715,1,0,0,1,1,3715,4374,1,4375
2,3729,343,0,0,1,1,3729,10368,2401,12769
2,3729,567,0,0,1,1,3729,4394,567,4961
2,3729,1017,0,0,1,1,3729,73216,9153,82369
2,3745,1,0,0,1,1,3745,4374,1,4375
2,3745,81,0,0,1,1,3745,5000,243,5243
2,3757,1,0,0,2,1,3757,31212,1,31213
2,3781,199,0,0,4,1,3781,4096,597,4693
2,3783,1,0,0,1,1,3783,19682,1,19683
2,3783,125,0,0,1,1,3783,27936,625,28561
2,3783,625,0,0,1,1,3783,70304,3125,73429
2,3783,3159,0,0,1,1,3783,6250,3159,9409
2,3793,1,0,0,1,1,3793,64000,9,64009
2,3793,1,0,0,1,1,3793,71874,1,71875
2,3795,1,0,0,1,1,3795,64000,9,64009
2,3795,1,0,0,1,1,3795,71874,1,71875
2,3813,1,0,0,1,1,3813,4374,1,4375
2,3813,1,0,0,2,1,3813,10044,1,10045
2,3813,2511,0,0,1,1,3813,872,7533,8405
2,3813,2883,0,0,1,1,3813,109000,8649,117649
2,3813,3813,0,0,1,1,3813,25088,34317,59405
2,3825,1215,0,0,1,1,3825,3698,1215,4913
2,3825,1275,0,0,4,1,3825,4096,3825,7921
2,3841,1,0,0,2,1,3841,4508,1,4509
2,3843,1,0,0,1,1,3843,4374,1,4375
2,3843,9,0,0,8,1,3843,15616,9,15625
2,3843,3843,0,0,4,1,3843,4096,11529,15625
2,3855,1,0,0,1,1,3855,4374,1,4375
2,3855,81,0,0,1,1,3855,4802,81,4883
2,3855,609,0,0,1,1,3855,6250,609,6859
2,3855,729,0,0,1,1,3855,2888,2187,5075
2,3855,2375,0,0,1,1,3855,32,11875,11907
2,3855,3249,0,0,1,1,3855,200,9747,9947
2,3883,1,0,0,1,1,3883,4374,1,4375
2,3883,121,0,0,1,1,3883,6354,121,6475
2,3883,1059,0,0,1,1,3883,19208,3177,22385
2,3883,1225,0,0,1,1,3883,7766,1225,8991
2,3883,1369,0,0,1,1,3883,83006,1369,84375
2,3883,2471,0,0,1,1,3883,4374,2471,6845
2,3883,3177,0,0,1,1,3883,5632,28593,34225
2,3885,1,0,0,1,1,3885,4374,1,4375
2,3885,91,0,0,1,1,3885,8192,1183,9375
2,3885,351,0,0,1,1,3885,10952,1053,12005
2,3885,405,0,0,1,1,3885,10952,1215,12167
2,3885,625,0,0,1,1,3885,8192,8125,16317
2,3885,637,0,0,1,1,3885,3200,4459,7659
2,3885,729,0,0,1,1,3885,30758,729,31487
2,3885,875,0,0,1,1,3885,128,6125,6253
2,3885,1295,0,0,1,1,3885,512,11655,12167
2,3885,1369,0,0,1,1,3885,32,6845,6877
2,3885,1369,0,0,1,1,3885,7406,1369,8775
2,3885,1369,0,0,1,1,3885,33614,1369,34983
2,3885,2197,0,0,1,1,3885,2058,2197,4255
2,3885,3125,0,0,1,1,3885,7938,3125,11063
2,3895,9,0,0,1,1,3895,8200,27,8227
2,3903,1,0,0,2,1,3903,5324,1,5325
2,3903,1301,0,0,1,1,3903,7290,1301,8591
2,3913,1,0,0,1,1,3913,4374,1,4375
2,3913,1,0,0,2,1,3913,4900,1,4901
2,3913,1,0,0,8,1,3913,16640,1,16641
2,3913,9,0,0,1,1,3913,21866,9,21875
2,3913,27,0,0,1,1,3913,24010,27,24037
2,3913,81,0,0,1,1,3913,8192,1053,9245
2,3913,91,0,0,1,1,3913,8192,1183,9375
2,3913,135,0,0,1,1,3913,8192,1755,9947
2,3913,243,0,0,1,1,3913,3200,1701,4901
2,3913,507,0,0,1,1,3913,3698,507,4205
2,3913,507,0,0,1,1,3913,512,4563,5075
2,3913,783,0,0,1,1,3913,5504,5481,10985
2,3913,841,0,0,1,1,3913,110080,7569,117649
2,3913,1849,0,0,1,1,3913,2610,1849,4459
2,3913,2187,0,0,1,1,3913,1720,6561,8281
2,3913,2197,0,0,1,1,3913,42050,2197,44247
2,3913,2401,0,0,1,1,3913,12384,12005,24389
2,3913,3087,0,0,1,1,3913,1118,3087,4205
2,3913,3625,0,0,1,1,3913,13182,3625,16807
2,3925,1,0,0,1,1,3925,4374,1,4375
2,3925,1,0,0,2,1,3925,12716,1,12717
2,3925,5,0,0,1,1,3925,5024,25,5049
2,3925,125,0,0,1,1,3925,4114,125,4239
2,3925,157,0,0,1,1,3925,10880,1099,11979
2,3925,539,0,0,1,1,3925,4374,539,4913
2,3925,1377,0,0,1,1,3925,2744,4131,6875
2,3925,1875,0,0,1,1,3925,5024,9375,14399
2,3925,2057,0,0,1,1,3925,5024,10285,15309
2,3925,3125,0,0,1,1,3925,5984,15625,21609
2,3927,539,0,0,1,1,3927,4374,539,4913
2,3937,2197,0,0,1,1,3937,20402,2197,22599
2,3955,1,0,0,1,1,3955,4374,1,4375
2,3955,343,0,0,1,1,3955,10368,2401,12769
2,3969,49,0,0,8,1,3969,14592,49,14641
2,3973,9,0,0,1,1,3973,70144,81,70225
2,3976,14,0,0,2,1,3976,4992,49,5041
2,3976,28,0,0,4,1,3976,4992,49,5041
2,3993,27,0,0,1,1,3993,5632,243,5875
2,3993,495,0,0,1,1,3993,4418,495,4913
2,3993,1125,0,0,1,1,3993,2312,3375,5687
2,7010,2,0,0,2,2,3505,4374,1,4375
2,7026,3078,0,0,2,2,3513,8,4617,4625
2,7070,2,0,0,2,2,3535,4374,1,4375
2,7080,4,0,0,4,2,3540,64000,9,64009
2,7080,12,0,0,4,2,3540,6776,9,6785
2,7098,1014,0,0,2,2,3549,2968,1521,4489
2,7098,5618,0,0,2,2,3549,4394,2809,7203
2,7106,190,0,0,2,2,3553,8704,855,9559
2,7106,1250,0,0,2,2,3553,512,5625,6137
2,7106,1350,0,0,2,2,3553,2888,2025,4913
2,7106,4374,0,0,2,2,3553,3950,2187,6137
2,7130,2542,0,0,2,2,3565,5290,1271,6561
2,7146,794,0,0,2,2,3573,4576,1985,6561
2,7170,2,0,0,8,2,3585,3824,1,3825
2,7190,162,0,0,2,2,3595,5752,243,5995
2,7206,2,0,0,2,2,3603,4374,1,4375
2,7238,486,0,0,2,2,3619,4312,729,5041
2,7238,1078,0,0,2,2,3619,4374,539,4913
2,7250,1682,0,0,2,2,3625,1352,2523,3875
2,7266,2,0,0,2,2,3633,4374,1,4375
2,7280,364,0,0,4,2,3640,8192,1183,9375
2,7280,728,0,0,8,2,3640,8192,1183,9375
2,7280,1456,0,0,16,2,3640,8192,1183,9375
2,7290,2,0,0,2,2,3645,4374,1,4375
2,7310,2430,0,0,2,2,3655,3698,1215,4913
2,7310,5618,0,0,2,2,3655,6966,2809,9775
2,7310,6750,0,0,2,2,3655,5618,3375,8993
2,7346,2,0,0,2,2,3673,4374,1,4375
2,7350,2,0,0,2,2,3675,4374,1,4375
2,7368,3684,0,0,16,2,3684,4096,2763,6859
2,7386,162,0,0,2,2,3693,5912,243,6155
2,7406,2,0,0,2,2,3703,4374,1,4375
2,7406,2,0,0,2,2,3703,6174,1,6175
2,7406,6,0,0,2,2,3703,9016,9,9025
2,7406,10,0,0,2,2,3703,89376,25,89401
2,7406,18,0,0,2,2,3703,7448,27,7475
2,7406,182,0,0,2,2,3703,8192,1183,9375
2,7406,486,0,0,2,2,3703,3496,729,4225
2,7406,750,0,0,2,2,3703,512,3375,3887
2,7406,910,0,0,2,2,3703,7776,2275,10051
2,7406,1150,0,0,2,2,3703,10976,2875,13851
2,7406,1250,0,0,2,2,3703,1568,3125,4693
2,7406,1458,0,0,2,2,3703,3200,5103,8303
2,7406,2646,0,0,2,2,3703,1664,9261,10925
2,7406,4050,0,0,2,2,3703,1862,2025,3887
2,7406,4394,0,0,2,2,3703,126350,2197,128547
2,7406,4750,0,0,2,2,3703,4186,2375,6561
2,7406,4750,0,0,2,2,3703,32,11875,11907
2,7406,4802,0,0,2,2,3703,3200,16807,20007
2,7406,6498,0,0,2,2,3703,8918,3249,12167
2,7406,7406,0,0,2,2,3703,6422,3703,10125
2,7410,130,0,0,2,2,3705,6144,715,6859
2,7410,1458,0,0,2,2,3705,107008,6561,113569
2,7410,3610,0,0,2,2,3705,104544,9025,113569
2,7416,12,0,0,4,2,3708,10600,9,10609
2,7430,2,0,0,2,2,3715,4374,1,4375
2,7458,686,0,0,2,2,3729,10368,2401,12769
2,7458,1134,0,0,2,2,3729,4394,567,4961
2,7458,2034,0,0,2,2,3729,73216,9153,82369
2,7490,2,0,0,2,2,3745,4374,1,4375
2,7490,162,0,0,2,2,3745,5000,243,5243
2,7514,2,0,0,4,2,3757,31212,1,31213
2,7562,398,0,0,8,2,3781,4096,597,4693
2,7566,2,0,0,2,2,3783,19682,1,19683
2,7566,250,0,0,2,2,3783,27936,625,28561
2,7566,1250,0,0,2,2,3783,70304,3125,73429
2,7566,6318,0,0,2,2,3783,6250,3159,9409
2,7586,2,0,0,2,2,3793,64000,9,64009
2,7586,2,0,0,2,2,3793,71874,1,71875
2,7590,2,0,0,2,2,3795,64000,9,64009
2,7590,2,0,0,2,2,3795,71874,1,71875
2,7626,2,0,0,2,2,3813,4374,1,4375
2,7626,2,0,0,4,2,3813,10044,1,10045
2,7626,5022,0,0,2,2,3813,872,7533,8405
2,7626,5766,0,0,2,2,3813,109000,8649,117649
2,7626,7626,0,0,2,2,3813,25088,34317,59405
2,7650,2430,0,0,2,2,3825,3698,1215,4913
2,7650,2550,0,0,8,2,3825,4096,3825,7921
2,7682,2,0,0,4,2,3841,4508,1,4509
2,7686,2,0,0,2,2,3843,4374,1,4375
2,7686,18,0,0,16,2,3843,15616,9,15625
2,7686,7686,0,0,8,2,3843,4096,11529,15625
2,7710,2,0,0,2,2,3855,4374,1,4375
2,7710,162,0,0,2,2,3855,4802,81,4883
2,7710,1218,0,0,2,2,3855,6250,609,6859
2,7710,1458,0,0,2,2,3855,2888,2187,5075
2,7710,4750,0,0,2,2,3855,32,11875,11907
2,7710,6498,0,0,2,2,3855,200,9747,9947
2,7766,2,0,0,2,2,3883,4374,1,4375
2,7766,242,0,0,2,2,3883,6354,121,6475
2,7766,2118,0,0,2,2,3883,19208,3177,22385
2,7766,2450,0,0,2,2,3883,7766,1225,8991
2,7766,2738,0,0,2,2,3883,83006,1369,84375
2,7766,4942,0,0,2,2,3883,4374,2471,6845
2,7766,6354,0,0,2,2,3883,5632,28593,34225
2,7770,2,0,0,2,2,3885,4374,1,4375
2,7770,182,0,0,2,2,3885,8192,1183,9375
2,7770,702,0,0,2,2,3885,10952,1053,12005
2,7770,810,0,0,2,2,3885,10952,1215,12167
2,7770,1250,0,0,2,2,3885,8192,8125,16317
2,7770,1274,0,0,2,2,3885,3200,4459,7659
2,7770,1458,0,0,2,2,3885,30758,729,31487
2,7770,1750,0,0,2,2,3885,128,6125,6253
2,7770,2590,0,0,2,2,3885,512,11655,12167
2,7770,2738,0,0,2,2,3885,32,6845,6877
2,7770,2738,0,0,2,2,3885,7406,1369,8775
2,7770,2738,0,0,2,2,3885,33614,1369,34983
2,7770,4394,0,0,2,2,3885,2058,2197,4255
2,7770,6250,0,0,2,2,3885,7938,3125,11063
2,7790,18,0,0,2,2,3895,8200,27,8227
2,7806,2,0,0,4,2,3903,5324,1,5325
2,7806,2602,0,0,2,2,3903,7290,1301,8591
2,7826,2,0,0,2,2,3913,4374,1,4375
2,7826,2,0,0,4,2,3913,4900,1,4901
2,7826,2,0,0,16,2,3913,16640,1,16641
2,7826,18,0,0,2,2,3913,21866,9,21875
2,7826,54,0,0,2,2,3913,24010,27,24037
2,7826,162,0,0,2,2,3913,8192,1053,9245
2,7826,182,0,0,2,2,3913,8192,1183,9375
2,7826,270,0,0,2,2,3913,8192,1755,9947
2,7826,486,0,0,2,2,3913,3200,1701,4901
2,7826,1014,0,0,2,2,3913,3698,507,4205
2,7826,1014,0,0,2,2,3913,512,4563,5075
2,7826,1566,0,0,2,2,3913,5504,5481,10985
2,7826,1682,0,0,2,2,3913,110080,7569,117649
2,7826,3698,0,0,2,2,3913,2610,1849,4459
2,7826,4374,0,0,2,2,3913,1720,6561,8281
2,7826,4394,0,0,2,2,3913,42050,2197,44247
2,7826,4802,0,0,2,2,3913,12384,12005,24389
2,7826,6174,0,0,2,2,3913,1118,3087,4205
2,7826,7250,0,0,2,2,3913,13182,3625,16807
2,7850,2,0,0,2,2,3925,4374,1,4375
2,7850,2,0,0,4,2,3925,12716,1,12717
2,7850,10,0,0,2,2,3925,5024,25,5049
2,7850,250,0,0,2,2,3925,4114,125,4239
2,7850,314,0,0,2,2,3925,10880,1099,11979
2,7850,1078,0,0,2,2,3925,4374,539,4913
2,7850,2754,0,0,2,2,3925,2744,4131,6875
2,7850,3750,0,0,2,2,3925,5024,9375,14399
2,7850,4114,0,0,2,2,3925,5024,10285,15309
2,7850,6250,0,0,2,2,3925,5984,15625,21609
2,7854,1078,0,0,2,2,3927,4374,539,4913
2,7874,4394,0,0,2,2,3937,20402,2197,22599
2,7910,2,0,0,2,2,3955,4374,1,4375
2,7910,686,0,0,2,2,3955,10368,2401,12769
2,7938,98,0,0,16,2,3969,14592,49,14641
2,7946,18,0,0,2,2,3973,70144,81,70225
2,7952,28,0,0,4,2,3976,4992,49,5041
2,7952,56,0,0,8,2,3976,4992,49,5041
2,7986,54,0,0,2,2,3993,5632,243,5875
2,7986,990,0,0,2,2,3993,4418,495,4913
2,7986,2250,0,0,2,2,3993,2312,3375,5687
2,10515,3,0,0,3,3,3505,4374,1,4375
2,10539,4617,0,0,3,3,3513,8,4617,4625
2,10605,3,0,0,3,3,3535,4374,1,4375
2,10620,6,0,0,6,3,3540,64000,9,64009
2,10620,18,0,0,6,3,3540,6776,9,6785
2,10647,1521,0,0,3,3,3549,2968,1521,4489
2,10647,8427,0,0,3,3,3549,4394,2809,7203
2,10659,285,0,0,3,3,3553,8704,855,9559
2,10659,1875,0,0,3,3,3553,512,5625,6137
2,10659,2025,0,0,3,3,3553,2888,2025,4913
2,10659,6561,0,0,3,3,3553,3950,2187,6137
2,10695,3813,0,0,3,3,3565,5290,1271,6561
2,10719,1191,0,0,3,3,3573,4576,1985,6561
2,10755,3,0,0,12,3,3585,3824,1,3825
2,10785,243,0,0,3,3,3595,5752,243,5995
2,10809,3,0,0,3,3,3603,4374,1,4375
2,10857,729,0,0,3,3,3619,4312,729,5041
2,10857,1617,0,0,3,3,3619,4374,539,4913
2,10875,2523,0,0,3,3,3625,1352,2523,3875
2,10899,3,0,0,3,3,3633,4374,1,4375
2,10920,546,0,0,6,3,3640,8192,1183,9375
2,10920,1092,0,0,12,3,3640,8192,1183,9375
2,10920,2184,0,0,24,3,3640,8192,1183,9375
2,10935,3,0,0,3,3,3645,4374,1,4375
2,10965,3645,0,0,3,3,3655,3698,1215,4913
2,10965,8427,0,0,3,3,3655,6966,2809,9775
2,10965,10125,0,0,3,3,3655,5618,3375,8993
2,11019,3,0,0,3,3,3673,4374,1,4375
2,11025,3,0,0,3,3,3675,4374,1,4375
2,11052,5526,0,0,24,3,3684,4096,2763,6859
2,11079,243,0,0,3,3,3693,5912,243,6155
2,11109,3,0,0,3,3,3703,4374,1,4375
2,11109,3,0,0,3,3,3703,6174,1,6175
2,11109,9,0,0,3,3,3703,9016,9,9025
2,11109,15,0,0,3,3,3703,89376,25,89401
2,11109,27,0,0,3,3,3703,7448,27,7475
2,11109,273,0,0,3,3,3703,8192,1183,9375
2,11109,729,0,0,3,3,3703,3496,729,4225
2,11109,1125,0,0,3,3,3703,512,3375,3887
2,11109,1365,0,0,3,3,3703,7776,2275,10051
2,11109,1725,0,0,3,3,3703,10976,2875,13851
2,11109,1875,0,0,3,3,3703,1568,3125,4693
2,11109,2187,0,0,3,3,3703,3200,5103,8303
2,11109,3969,0,0,3,3,3703,1664,9261,10925
2,11109,6075,0,0,3,3,3703,1862,2025,3887
2,11109,6591,0,0,3,3,3703,126350,2197,128547
2,11109,7125,0,0,3,3,3703,4186,2375,6561
2,11109,7125,0,0,3,3,3703,32,11875,11907
2,11109,7203,0,0,3,3,3703,3200,16807,20007
2,11109,9747,0,0,3,3,3703,8918,3249,12167
2,11109,11109,0,0,3,3,3703,6422,3703,10125
2,11115,195,0,0,3,3,3705,6144,715,6859
2,11115,2187,0,0,3,3,3705,107008,6561,113569
2,11115,5415,0,0,3,3,3705,104544,9025,113569
2,11124,18,0,0,6,3,3708,10600,9,10609
2,11145,3,0,0,3,3,3715,4374,1,4375
2,11187,1029,0,0,3,3,3729,10368,2401,12769
2,11187,1701,0,0,3,3,3729,4394,567,4961
2,11187,3051,0,0,3,3,3729,73216,9153,82369
2,11235,3,0,0,3,3,3745,4374,1,4375
2,11235,243,0,0,3,3,3745,5000,243,5243
2,11271,3,0,0,6,3,3757,31212,1,31213
2,11343,597,0,0,12,3,3781,4096,597,4693
2,11349,3,0,0,3,3,3783,19682,1,19683
2,11349,375,0,0,3,3,3783,27936,625,28561
2,11349,1875,0,0,3,3,3783,70304,3125,73429
2,11349,9477,0,0,3,3,3783,6250,3159,9409
2,11379,3,0,0,3,3,3793,64000,9,64009
2,11379,3,0,0,3,3,3793,71874,1,71875
2,11385,3,0,0,3,3,3795,64000,9,64009
2,11385,3,0,0,3,3,3795,71874,1,71875
2,11439,3,0,0,3,3,3813,4374,1,4375
2,11439,3,0,0,6,3,3813,10044,1,10045
2,11439,7533,0,0,3,3,3813,872,7533,8405
2,11439,8649,0,0,3,3,3813,109000,8649,117649
2,11439,11439,0,0,3,3,3813,25088,34317,59405
2,11475,3645,0,0,3,3,3825,3698,1215,4913
2,11475,3825,0,0,12,3,3825,4096,3825,7921
2,11523,3,0,0,6,3,3841,4508,1,4509
2,11529,3,0,0,3,3,3843,4374,1,4375
2,11529,27,0,0,24,3,3843,15616,9,15625
2,11529,11529,0,0,12,3,3843,4096,11529,15625
2,11565,3,0,0,3,3,3855,4374,1,4375
2,11565,243,0,0,3,3,3855,4802,81,4883
2,11565,1827,0,0,3,3,3855,6250,609,6859
2,11565,2187,0,0,3,3,3855,2888,2187,5075
2,11565,7125,0,0,3,3,3855,32,11875,11907
2,11565,9747,0,0,3,3,3855,200,9747,9947
2,11649,3,0,0,3,3,3883,4374,1,4375
2,11649,363,0,0,3,3,3883,6354,121,6475
2,11649,3177,0,0,3,3,3883,19208,3177,22385
2,11649,3675,0,0,3,3,3883,7766,1225,8991
2,11649,4107,0,0,3,3,3883,83006,1369,84375
2,11649,7413,0,0,3,3,3883,4374,2471,6845
2,11649,9531,0,0,3,3,3883,5632,28593,34225
2,11655,3,0,0,3,3,3885,4374,1,4375
2,11655,273,0,0,3,3,3885,8192,1183,9375
2,11655,1053,0,0,3,3,3885,10952,1053,12005
2,11655,1215,0,0,3,3,3885,10952,1215,12167
2,11655,1875,0,0,3,3,3885,8192,8125,16317
2,11655,1911,0,0,3,3,3885,3200,4459,7659
2,11655,2187,0,0,3,3,3885,30758,729,31487
2,11655,2625,0,0,3,3,3885,128,6125,6253
2,11655,3885,0,0,3,3,3885,512,11655,12167
2,11655,4107,0,0,3,3,3885,32,6845,6877
2,11655,4107,0,0,3,3,3885,7406,1369,8775
2,11655,4107,0,0,3,3,3885,33614,1369,34983
2,11655,6591,0,0,3,3,3885,2058,2197,4255
2,11655,9375,0,0,3,3,3885,7938,3125,11063
2,11685,27,0,0,3,3,3895,8200,27,8227
2,11709,3,0,0,6,3,3903,5324,1,5325
2,11709,3903,0,0,3,3,3903,7290,1301,8591
2,11739,3,0,0,3,3,3913,4374,1,4375
2,11739,3,0,0,6,3,3913,4900,1,4901
2,11739,3,0,0,24,3,3913,16640,1,16641
2,11739,27,0,0,3,3,3913,21866,9,21875
2,11739,81,0,0,3,3,3913,24010,27,24037
2,11739,243,0,0,3,3,3913,8192,1053,9245
2,11739,273,0,0,3,3,3913,8192,1183,9375
2,11739,405,0,0,3,3,3913,8192,1755,9947
2,11739,729,0,0,3,3,3913,3200,1701,4901
2,11739,1521,0,0,3,3,3913,3698,507,4205
2,11739,1521,0,0,3,3,3913,512,4563,5075
2,11739,2349,0,0,3,3,3913,5504,5481,10985
2,11739,2523,0,0,3,3,3913,110080,7569,117649
2,11739,5547,0,0,3,3,3913,2610,1849,4459
2,11739,6561,0,0,3,3,3913,1720,6561,8281
2,11739,6591,0,0,3,3,3913,42050,2197,44247
2,11739,7203,0,0,3,3,3913,12384,12005,24389
2,11739,9261,0,0,3,3,3913,1118,3087,4205
2,11739,10875,0,0,3,3,3913,13182,3625,16807
2,11775,3,0,0,3,3,3925,4374,1,4375
2,11775,3,0,0,6,3,3925,12716,1,12717
2,11775,15,0,0,3,3,3925,5024,25,5049
2,11775,375,0,0,3,3,3925,4114,125,4239
2,11775,471,0,0,3,3,3925,10880,1099,11979
2,11775,1617,0,0,3,3,3925,4374,539,4913
2,11775,4131,0,0,3,3,3925,2744,4131,6875
2,11775,5625,0,0,3,3,3925,5024,9375,14399
2,11775,6171,0,0,3,3,3925,5024,10285,15309
2,11775,9375,0,0,3,3,3925,5984,15625,21609
2,11781,1617,0,0,3,3,3927,4374,539,4913
2,11811,6591,0,0,3,3,3937,20402,2197,22599
2,11865,3,0,0,3,3,3955,4374,1,4375
2,11865,1029,0,0,3,3,3955,10368,2401,12769
2,11907,147,0,0,24,3,3969,14592,49,14641
2,11919,27,0,0,3,3,3973,70144,81,70225
2,11928,42,0,0,6,3,3976,4992,49,5041
2,11928,84,0,0,12,3,3976,4992,49,5041
2,11979,81,0,0,3,3,3993,5632,243,5875
2,11979,1485,0,0,3,3,3993,4418,495,4913
2,11979,3375,0,0,3,3,3993,2312,3375,5687
2,14020,4,0,0,4,4,3505,4374,1,4375
2,14052,6156,0,0,4,4,3513,8,4617,4625
2,14140,4,0,0,4,4,3535,4374,1,4375
2,14160,8,0,0,8,4,3540,64000,9,64009
2,14160,24,0,0,8,4,3540,6776,9,6785
2,14196,2028,0,0,4,4,3549,2968,1521,4489
2,14196,11236,0,0,4,4,3549,4394,2809,7203
2,14212,380,0,0,4,4,3553,8704,855,9559
2,14212,2500,0,0,4,4,3553,512,5625,6137
2,14212,2700,0,0,4,4,3553,2888,2025,4913
2,14212,8748,0,0,4,4,3553,3950,2187,6137
2,14260,5084,0,0,4,4,3565,5290,1271,6561
2,14292,1588,0,0,4,4,3573,4576,1985,6561
2,14340,4,0,0,16,4,3585,3824,1,3825
2,14380,324,0,0,4,4,3595,5752,243,5995
2,14412,4,0,0,4,4,3603,4374,1,4375
2,14476,972,0,0,4,4,3619,4312,729,5041
2,14476,2156,0,0,4,4,3619,4374,539,4913
2,14500,3364,0,0,4,4,3625,1352,2523,3875
2,14532,4,0,0,4,4,3633,4374,1,4375
2,14560,728,0,0,8,4,3640,8192,1183,9375
2,14560,1456,0,0,16,4,3640,8192,1183,9375
2,14560,2912,0,0,32,4,3640,8192,1183,9375
2,14580,4,0,0,4,4,3645,4374,1,4375
2,14620,4860,0,0,4,4,3655,3698,1215,4913
2,14620,11236,0,0,4,4,3655,6966,2809,9775
2,14620,13500,0,0,4,4,3655,5618,3375,8993
2,14692,4,0,0,4,4,3673,4374,1,4375
2,14700,4,0,0,4,4,3675,4374,1,4375
2,14736,7368,0,0,32,4,3684,4096,2763,6859
2,14772,324,0,0,4,4,3693,5912,243,6155
2,14812,4,0,0,4,4,3703,4374,1,4375
2,14812,4,0,0,4,4,3703,6174,1,6175
2,14812,12,0,0,4,4,3703,9016,9,9025
2,14812,20,0,0,4,4,3703,89376,25,89401
2,14812,36,0,0,4,4,3703,7448,27,7475
2,14812,364,0,0,4,4,3703,8192,1183,9375
2,14812,972,0,0,4,4,3703,3496,729,4225
2,14812,1500,0,0,4,4,3703,512,3375,3887
2,14812,1820,0,0,4,4,3703,7776,2275,10051
2,14812,2300,0,0,4,4,3703,10976,2875,13851
2,14812,2500,0,0,4,4,3703,1568,3125,4693
2,14812,2916,0,0,4,4,3703,3200,5103,8303
2,14812,5292,0,0,4,4,3703,1664,9261,10925
2,14812,8100,0,0,4,4,3703,1862,2025,3887
2,14812,8788,0,0,4,4,3703,126350,2197,128547
2,14812,9500,0,0,4,4,3703,4186,2375,6561
2,14812,9500,0,0,4,4,3703,32,11875,11907
2,14812,9604,0,0,4,4,3703,3200,16807,20007
2,14812,12996,0,0,4,4,3703,8918,3249,12167
2,14812,14812,0,0,4,4,3703,6422,3703,10125
2,14820,260,0,0,4,4,3705,6144,715,6859
2,14820,2916,0,0,4,4,3705,107008,6561,113569
2,14820,7220,0,0,4,4,3705,104544,9025,113569
2,14832,24,0,0,8,4,3708,10600,9,10609
2,14860,4,0,0,4,4,3715,4374,1,4375
2,14916,1372,0,0,4,4,3729,10368,2401,12769
2,14916,2268,0,0,4,4,3729,4394,567,4961
2,14916,4068,0,0,4,4,3729,73216,9153,82369
2,14980,4,0,0,4,4,3745,4374,1,4375
2,14980,324,0,0,4,4,3745,5000,243,5243
2,15028,4,0,0,8,4,3757,31212,1,31213
2,15124,796,0,0,16,4,3781,4096,597,4693
2,15132,4,0,0,4,4,3783,19682,1,19683
2,15132,500,0,0,4,4,3783,27936,625,28561
2,15132,2500,0,0,4,4,3783,70304,3125,73429
2,15132,12636,0,0,4,4,3783,6250,3159,9409
2,15172,4,0,0,4,4,3793,64000,9,64009
2,15172,4,0,0,4,4,3793,71874,1,71875
2,15180,4,0,0,4,4,3795,64000,9,64009
2,15180,4,0,0,4,4,3795,71874,1,71875
2,15252,4,0,0,4,4,3813,4374,1,4375
2,15252,4,0,0,8,4,3813,10044,1,10045
2,15252,10044,0,0,4,4,3813,872,7533,8405
2,15252,11532,0,0,4,4,3813,109000,8649,117649
2,15252,15252,0,0,4,4,3813,25088,34317,59405
2,15300,4860,0,0,4,4,3825,3698,1215,4913
2,15300,5100,0,0,16,4,3825,4096,3825,7921
2,15364,4,0,0,8,4,3841,4508,1,4509
2,15372,4,0,0,4,4,3843,4374,1,4375
2,15372,36,0,0,32,4,3843,15616,9,15625
2,15372,15372,0,0,16,4,3843,4096,11529,15625
2,15420,4,0,0,4,4,3855,4374,1,4375
2,15420,324,0,0,4,4,3855,4802,81,4883
2,15420,2436,0,0,4,4,3855,6250,609,6859
2,15420,2916,0,0,4,4,3855,2888,2187,5075
2,15420,9500,0,0,4,4,3855,32,11875,11907
2,15420,12996,0,0,4,4,3855,200,9747,9947
2,15532,4,0,0,4,4,3883,4374,1,4375
2,15532,484,0,0,4,4,3883,6354,121,6475
2,15532,4236,0,0,4,4,3883,19208,3177,22385
2,15532,4900,0,0,4,4,3883,7766,1225,8991
2,15532,5476,0,0,4,4,3883,83006,1369,84375
2,15532,9884,0,0,4,4,3883,4374,2471,6845
2,15532,12708,0,0,4,4,3883,5632,28593,34225
2,15540,4,0,0,4,4,3885,4374,1,4375
2,15540,364,0,0,4,4,3885,8192,1183,9375
2,15540,1404,0,0,4,4,3885,10952,1053,12005
2,15540,1620,0,0,4,4,3885,10952,1215,12167
2,15540,2500,0,0,4,4,3885,8192,8125,16317
2,15540,2548,0,0,4,4,3885,3200,4459,7659
2,15540,2916,0,0,4,4,3885,30758,729,31487
2,15540,3500,0,0,4,4,3885,128,6125,6253
2,15540,5180,0,0,4,4,3885,512,11655,12167
2,15540,5476,0,0,4,4,3885,32,6845,6877
2,15540,5476,0,0,4,4,3885,7406,1369,8775
2,15540,5476,0,0,4,4,3885,33614,1369,34983
2,15540,8788,0,0,4,4,3885,2058,2197,4255
2,15540,12500,0,0,4,4,3885,7938,3125,11063
2,15580,36,0,0,4,4,3895,8200,27,8227
2,15612,4,0,0,8,4,3903,5324,1,5325
2,15612,5204,0,0,4,4,3903,7290,1301,8591
2,15652,4,0,0,4,4,3913,4374,1,4375
2,15652,4,0,0,8,4,3913,4900,1,4901
2,15652,4,0,0,32,4,3913,16640,1,16641
2,15652,36,0,0,4,4,3913,21866,9,21875
2,15652,108,0,0,4,4,3913,24010,27,24037
2,15652,324,0,0,4,4,3913,8192,1053,9245
2,15652,364,0,0,4,4,3913,8192,1183,9375
2,15652,540,0,0,4,4,3913,8192,1755,9947
2,15652,972,0,0,4,4,3913,3200,1701,4901
2,15652,2028,0,0,4,4,3913,3698,507,4205
2,15652,2028,0,0,4,4,3913,512,4563,5075
2,15652,3132,0,0,4,4,3913,5504,5481,10985
2,15652,3364,0,0,4,4,3913,110080,7569,117649
2,15652,7396,0,0,4,4,3913,2610,1849,4459
2,15652,8748,0,0,4,4,3913,1720,6561,8281
2,15652,8788,0,0,4,4,3913,42050,2197,44247
2,15652,9604,0,0,4,4,3913,12384,12005,24389
2,15652,12348,0,0,4,4,3913,1118,3087,4205
2,15652,14500,0,0,4,4,3913,13182,3625,16807
2,15700,4,0,0,4,4,3925,4374,1,4375
2,15700,4,0,0,8,4,3925,12716,1,12717
2,15700,20,0,0,4,4,3925,5024,25,5049
2,15700,500,0,0,4,4,3925,4114,125,4239
2,15700,628,0,0,4,4,3925,10880,1099,11979
2,15700,2156,0,0,4,4,3925,4374,539,4913
2,15700,5508,0,0,4,4,3925,2744,4131,6875
2,15700,7500,0,0,4,4,3925,5024,9375,14399
2,15700,8228,0,0,4,4,3925,5024,10285,15309
2,15700,12500,0,0,4,4,3925,5984,15625,21609
2,15708,2156,0,0,4,4,3927,4374,539,4913
2,15748,8788,0,0,4,4,3937,20402,2197,22599
2,15820,4,0,0,4,4,3955,4374,1,4375
2,15820,1372,0,0,4,4,3955,10368,2401,12769
2,15876,196,0,0,32,4,3969,14592,49,14641
2,15892,36,0,0,4,4,3973,70144,81,70225
2,15904,56,0,0,8,4,3976,4992,49,5041
2,15904,112,0,0,16,4,3976,4992,49,5041
2,15972,108,0,0,4,4,3993,5632,243,5875
2,15972,1980,0,0,4,4,3993,4418,495,4913
2,15972,4500,0,0,4,4,3993,2312,3375,5687
2,17525,5,0,0,5,5,3505,4374,1,4375
2,17565,7695,0,0,5,5,3513,8,4617,4625
2,17675,5,0,0,5,5,3535,4374,1,4375
2,17700,10,0,0,10,5,3540,64000,9,64009
2,17700,30,0,0,10,5,3540,6776,9,6785
2,17745,2535,0,0,5,5,3549,2968,1521,4489
2,17745,14045,0,0,5,5,3549,4394,2809,7203
2,17765,475,0,0,5,5,3553,8704,855,9559
2,17765,3125,0,0,5,5,3553,512,5625,6137
2,17765,3375,0,0,5,5,3553,2888,2025,4913
2,17765,10935,0,0,5,5,3553,3950,2187,6137
2,17825,6355,0,0,5,5,3565,5290,1271,6561
2,17865,1985,0,0,5,5,3573,4576,1985,6561
2,17925,5,0,0,20,5,3585,3824,1,3825
2,17975,405,0,0,5,5,3595,5752,243,5995
2,18015,5,0,0,5,5,3603,4374,1,4375
2,18095,1215,0,0,5,5,3619,4312,729,5041
2,18095,2695,0,0,5,5,3619,4374,539,4913
2,18125,4205,0,0,5,5,3625,1352,2523,3875
2,18165,5,0,0,5,5,3633,4374,1,4375
2,18200,910,0,0,10,5,3640,8192,1183,9375
2,18200,1820,0,0,20,5,3640,8192,1183,9375
2,18200,3640,0,0,40,5,3640,8192,1183,9375
2,18225,5,0,0,5,5,3645,4374,1,4375
2,18275,6075,0,0,5,5,3655,3698,1215,4913
2,18275,14045,0,0,5,5,3655,6966,2809,9775
2,18275,16875,0,0,5,5,3655,5618,3375,8993
2,18365,5,0,0,5,5,3673,4374,1,4375
2,18375,5,0,0,5,5,3675,4374,1,4375
2,18420,9210,0,0,40,5,3684,4096,2763,6859
2,18465,405,0,0,5,5,3693,5912,243,6155
2,18515,5,0,0,5,5,3703,4374,1,4375
2,18515,5,0,0,5,5,3703,6174,1,6175
2,18515,15,0,0,5,5,3703,9016,9,9025
2,18515,25,0,0,5,5,3703,89376,25,89401
2,18515,45,0,0,5,5,3703,7448,27,7475
2,18515,455,0,0,5,5,3703,8192,1183,9375
2,18515,1215,0,0,5,5,3703,3496,729,4225
2,18515,1875,0,0,5,5,3703,512,3375,3887
2,18515,2275,0,0,5,5,3703,7776,2275,10051
2,18515,2875,0,0,5,5,3703,10976,2875,13851
2,18515,3125,0,0,5,5,3703,1568,3125,4693
2,18515,3645,0,0,5,5,3703,3200,5103,8303
2,18515,6615,0,0,5,5,3703,1664,9261,10925
2,18515,10125,0,0,5,5,3703,1862,2025,3887
2,18515,10985,0,0,5,5,3703,126350,2197,128547
2,18515,11875,0,0,5,5,3703,4186,2375,6561
2,18515,11875,0,0,5,5,3703,32,11875,11907
2,18515,12005,0,0,5,5,3703,3200,16807,20007
2,18515,16245,0,0,5,5,3703,8918,3249,12167
2,18515,18515,0,0,5,5,3703,6422,3703,10125
2,18525,325,0,0,5,5,3705,6144,715,6859
2,18525,3645,0,0,5,5,3705,107008,6561,113569
2,18525,9025,0,0,5,5,3705,104544,9025,113569
2,18540,30,0,0,10,5,3708,10600,9,10609
2,18575,5,0,0,5,5,3715,4374,1,4375
2,18645,1715,0,0,5,5,3729,10368,2401,12769
2,18645,2835,0,0,5,5,3729,4394,567,4961
2,18645,5085,0,0,5,5,3729,73216,9153,82369
2,18725,5,0,0,5,5,3745,4374,1,4375
2,18725,405,0,0,5,5,3745,5000,243,5243
2,18785,5,0,0,10,5,3757,31212,1,31213
2,18905,995,0,0,20,5,3781,4096,597,4693
2,18915,5,0,0,5,5,3783,19682,1,19683
2,18915,625,0,0,5,5,3783,27936,625,28561
2,18915,3125,0,0,5,5,3783,70304,3125,73429
2,18915,15795,0,0,5,5,3783,6250,3159,9409
2,18965,5,0,0,5,5,3793,64000,9,64009
2,18965,5,0,0,5,5,3793,71874,1,71875
2,18975,5,0,0,5,5,3795,64000,9,64009
2,18975,5,0,0,5,5,3795,71874,1,71875
2,19065,5,0,0,5,5,3813,4374,1,4375
2,19065,5,0,0,10,5,3813,10044,1,10045
2,19065,12555,0,0,5,5,3813,872,7533,8405
2,19065,14415,0,0,5,5,3813,109000,8649,117649
2,19065,19065,0,0,5,5,3813,25088,34317,59405
2,19125,6075,0,0,5,5,3825,3698,1215,4913
2,19125,6375,0,0,20,5,3825,4096,3825,7921
2,19205,5,0,0,10,5,3841,4508,1,4509
2,19215,5,0,0,5,5,3843,4374,1,4375
2,19215,45,0,0,40,5,3843,15616,9,15625
2,19215,19215,0,0,20,5,3843,4096,11529,15625
2,19275,5,0,0,5,5,3855,4374,1,4375
2,19275,405,0,0,5,5,3855,4802,81,4883
2,19275,3045,0,0,5,5,3855,6250,609,6859
2,19275,3645,0,0,5,5,3855,2888,2187,5075
2,19275,11875,0,0,5,5,3855,32,11875,11907
2,19275,16245,0,0,5,5,3855,200,9747,9947
2,19415,5,0,0,5,5,3883,4374,1,4375
2,19415,605,0,0,5,5,3883,6354,121,6475
2,19415,5295,0,0,5,5,3883,19208,3177,22385
2,19415,6125,0,0,5,5,3883,7766,1225,8991
2,19415,6845,0,0,5,5,3883,83006,1369,84375
2,19415,12355,0,0,5,5,3883,4374,2471,6845
2,19415,15885,0,0,5,5,3883,5632,28593,34225
2,19425,5,0,0,5,5,3885,4374,1,4375
2,19425,455,0,0,5,5,3885,8192,1183,9375
2,19425,1755,0,0,5,5,3885,10952,1053,12005
2,19425,2025,0,0,5,5,3885,10952,1215,12167
2,19425,3125,0,0,5,5,3885,8192,8125,16317
2,19425,3185,0,0,5,5,3885,3200,4459,7659
2,19425,3645,0,0,5,5,3885,30758,729,31487
2,19425,4375,0,0,5,5,3885,128,6125,6253
2,19425,6475,0,0,5,5,3885,512,11655,12167
2,19425,6845,0,0,5,5,3885,32,6845,6877
2,19425,6845,0,0,5,5,3885,7406,1369,8775
2,19425,6845,0,0,5,5,3885,33614,1369,34983
2,19425,10985,0,0,5,5,3885,2058,2197,4255
2,19425,15625,0,0,5,5,3885,7938,3125,11063
2,19475,45,0,0,5,5,3895,8200,27,8227
2,19515,5,0,0,10,5,3903,5324,1,5325
2,19515,6505,0,0,5,5,3903,7290,1301,8591
2,19565,5,0,0,5,5,3913,4374,1,4375
2,19565,5,0,0,10,5,3913,4900,1,4901
2,19565,5,0,0,40,5,3913,16640,1,16641
2,19565,45,0,0,5,5,3913,21866,9,21875
2,19565,135,0,0,5,5,3913,24010,27,24037
2,19565,405,0,0,5,5,3913,8192,1053,9245
2,19565,455,0,0,5,5,3913,8192,1183,9375
2,19565,675,0,0,5,5,3913,8192,1755,9947
2,19565,1215,0,0,5,5,3913,3200,1701,4901
2,19565,2535,0,0,5,5,3913,3698,507,4205
2,19565,2535,0,0,5,5,3913,512,4563,5075
2,19565,3915,0,0,5,5,3913,5504,5481,10985
2,19565,4205,0,0,5,5,3913,110080,7569,117649
2,19565,9245,0,0,5,5,3913,2610,1849,4459
2,19565,10935,0,0,5,5,3913,1720,6561,8281
2,19565,10985,0,0,5,5,3913,42050,2197,44247
2,19565,12005,0,0,5,5,3913,12384,12005,24389
2,19565,15435,0,0,5,5,3913,1118,3087,4205
2,19565,18125,0,0,5,5,3913,13182,3625,16807
2,19625,5,0,0,5,5,3925,4374,1,4375
2,19625,5,0,0,10,5,3925,12716,1,12717
2,19625,25,0,0,5,5,3925,5024,25,5049
2,19625,625,0,0,5,5,3925,4114,125,4239
2,19625,785,0,0,5,5,3925,10880,1099,11979
2,19625,2695,0,0,5,5,3925,4374,539,4913
2,19625,6885,0,0,5,5,3925,2744,4131,6875
2,19625,9375,0,0,5,5,3925,5024,9375,14399
2,19625,10285,0,0,5,5,3925,5024,10285,15309
2,19625,15625,0,0,5,5,3925,5984,15625,21609
2,19635,2695,0,0,5,5,3927,4374,539,4913
2,19685,10985,0,0,5,5,3937,20402,2197,22599
2,19775,5,0,0,5,5,3955,4374,1,4375
2,19775,1715,0,0,5,5,3955,10368,2401,12769
2,19845,245,0,0,40,5,3969,14592,49,14641
2,19865,45,0,0,5,5,3973,70144,81,70225
2,19880,70,0,0,10,5,3976,4992,49,5041
2,19880,140,0,0,20,5,3976,4992,49,5041
2,19965,135,0,0,5,5,3993,5632,243,5875
2,19965,2475,0,0,5,5,3993,4418,495,4913
2,19965,5625,0,0,5,5,3993,2312,3375,5687
2,21030,6,0,0,6,6,3505,4374,1,4375
2,21078,9234,0,0,6,6,3513,8,4617,4625
2,21210,6,0,0,6,6,3535,4374,1,4375
2,21240,12,0,0,12,6,3540,64000,9,64009
2,21240,36,0,0,12,6,3540,6776,9,6785
2,21294,3042,0,0,6,6,3549,2968,1521,4489
2,21294,16854,0,0,6,6,3549,4394,2809,7203
2,21318,570,0,0,6,6,3553,8704,855,9559
2,21318,3750,0,0,6,6,3553,512,5625,6137
2,21318,4050,0,0,6,6,3553,2888,2025,4913
2,21318,13122,0,0,6,6,3553,3950,2187,6137
2,21390,7626,0,0,6,6,3565,5290,1271,6561
2,21438,2382,0,0,6,6,3573,4576,1985,6561
2,21510,6,0,0,24,6,3585,3824,1,3825
2,21570,486,0,0,6,6,3595,5752,243,5995
2,21618,6,0,0,6,6,3603,4374,1,4375
2,21714,1458,0,0,6,6,3619,4312,729,5041
2,21714,3234,0,0,6,6,3619,4374,539,4913
2,21750,5046,0,0,6,6,3625,1352,2523,3875
2,21798,6,0,0,6,6,3633,4374,1,4375
2,21840,1092,0,0,12,6,3640,8192,1183,9375
2,21840,2184,0,0,24,6,3640,8192,1183,9375
2,21840,4368,0,0,48,6,3640,8192,1183,9375
2,21870,6,0,0,6,6,3645,4374,1,4375
2,21930,7290,0,0,6,6,3655,3698,1215,4913
2,21930,16854,0,0,6,6,3655,6966,2809,9775
2,21930,20250,0,0,6,6,3655,5618,3375,8993
2,22038,6,0,0,6,6,3673,4374,1,4375
2,22050,6,0,0,6,6,3675,4374,1,4375
2,22104,11052,0,0,48,6,3684,4096,2763,6859
2,22158,486,0,0,6,6,3693,5912,243,6155
2,22218,6,0,0,6,6,3703,4374,1,4375
2,22218,6,0,0,6,6,3703,6174,1,6175
2,22218,18,0,0,6,6,3703,9016,9,9025
2,22218,30,0,0,6,6,3703,89376,25,89401
2,22218,54,0,0,6,6,3703,7448,27,7475
2,22218,546,0,0,6,6,3703,8192,1183,9375
2,22218,1458,0,0,6,6,3703,3496,729,4225
2,22218,2250,0,0,6,6,3703,512,3375,3887
2,22218,2730,0,0,6,6,3703,7776,2275,10051
2,22218,3450,0,0,6,6,3703,10976,2875,13851
2,22218,3750,0,0,6,6,3703,1568,3125,4693
2,22218,4374,0,0,6,6,3703,3200,5103,8303
2,22218,7938,0,0,6,6,3703,1664,9261,10925
2,22218,12150,0,0,6,6,3703,1862,2025,3887
2,22218,13182,0,0,6,6,3703,126350,2197,128547
2,22218,14250,0,0,6,6,3703,4186,2375,6561
2,22218,14250,0,0,6,6,3703,32,11875,11907
2,22218,14406,0,0,6,6,3703,3200,16807,20007
2,22218,19494,0,0,6,6,3703,8918,3249,12167
2,22218,22218,0,0,6,6,3703,6422,3703,10125
2,22230,390,0,0,6,6,3705,6144,715,6859
2,22230,4374,0,0,6,6,3705,107008,6561,113569
2,22230,10830,0,0,6,6,3705,104544,9025,113569
2,22248,36,0,0,12,6,3708,10600,9,10609
2,22290,6,0,0,6,6,3715,4374,1,4375
2,22374,2058,0,0,6,6,3729,10368,2401,12769
2,22374,3402,0,0,6,6,3729,4394,567,4961
2,22374,6102,0,0,6,6,3729,73216,9153,82369
2,22470,6,0,0,6,6,3745,4374,1,4375
2,22470,486,0,0,6,6,3745,5000,243,5243
2,22542,6,0,0,12,6,3757,31212,1,31213
2,22686,1194,0,0,24,6,3781,4096,597,4693
2,22698,6,0,0,6,6,3783,19682,1,19683
2,22698,750,0,0,6,6,3783,27936,625,28561
2,22698,3750,0,0,6,6,3783,70304,3125,73429
2,22698,18954,0,0,6,6,3783,6250,3159,9409
2,22758,6,0,0,6,6,3793,64000,9,64009
2,22758,6,0,0,6,6,3793,71874,1,71875
2,22770,6,0,0,6,6,3795,64000,9,64009
2,22770,6,0,0,6,6,3795,71874,1,71875
2,22878,6,0,0,6,6,3813,4374,1,4375
2,22878,6,0,0,12,6,3813,10044,1,10045
2,22878,15066,0,0,6,6,3813,872,7533,8405
2,22878,17298,0,0,6,6,3813,109000,8649,117649
2,22878,22878,0,0,6,6,3813,25088,34317,59405
2,22950,7290,0,0,6,6,3825,3698,1215,4913
2,22950,7650,0,0,24,6,3825,4096,3825,7921
2,23046,6,0,0,12,6,3841,4508,1,4509
2,23058,6,0,0,6,6,3843,4374,1,4375
2,23058,54,0,0,48,6,3843,15616,9,15625
2,23058,23058,0,0,24,6,3843,4096,11529,15625
2,23130,6,0,0,6,6,3855,4374,1,4375
2,23130,486,0,0,6,6,3855,4802,81,4883
2,23130,3654,0,0,6,6,3855,6250,609,6859
2,23130,4374,0,0,6,6,3855,2888,2187,5075
2,23130,14250,0,0,6,6,3855,32,11875,11907
2,23130,19494,0,0,6,6,3855,200,9747,9947
2,23298,6,0,0,6,6,3883,4374,1,4375
2,23298,726,0,0,6,6,3883,6354,121,6475
2,23298,6354,0,0,6,6,3883,19208,3177,22385
2,23298,7350,0,0,6,6,3883,7766,1225,8991
2,23298,8214,0,0,6,6,3883,83006,1369,84375
2,23298,14826,0,0,6,6,3883,4374,2471,6845
2,23298,19062,0,0,6,6,3883,5632,28593,34225
2,23310,6,0,0,6,6,3885,4374,1,4375
2,23310,546,0,0,6,6,3885,8192,1183,9375
2,23310,2106,0,0,6,6,3885,10952,1053,12005
2,23310,2430,0,0,6,6,3885,10952,1215,12167
2,23310,3750,0,0,6,6,3885,8192,8125,16317
2,23310,3822,0,0,6,6,3885,3200,4459,7659
2,23310,4374,0,0,6,6,3885,30758,729,31487
2,23310,5250,0,0,6,6,3885,128,6125,6253
2,23310,7770,0,0,6,6,3885,512,11655,12167
2,23310,8214,0,0,6,6,3885,32,6845,6877
2,23310,8214,0,0,6,6,3885,7406,1369,8775
2,23310,8214,0,0,6,6,3885,33614,1369,34983
2,23310,13182,0,0,6,6,3885,2058,2197,4255
2,23310,18750,0,0,6,6,3885,7938,3125,11063
2,23370,54,0,0,6,6,3895,8200,27,8227
2,23418,6,0,0,12,6,3903,5324,1,5325
2,23418,7806,0,0,6,6,3903,7290,1301,8591
2,23478,6,0,0,6,6,3913,4374,1,4375
2,23478,6,0,0,12,6,3913,4900,1,4901
2,23478,6,0,0,48,6,3913,16640,1,16641
2,23478,54,0,0,6,6,3913,21866,9,21875
2,23478,162,0,0,6,6,3913,24010,27,24037
2,23478,486,0,0,6,6,3913,8192,1053,9245
2,23478,546,0,0,6,6,3913,8192,1183,9375
2,23478,810,0,0,6,6,3913,8192,1755,9947
2,23478,1458,0,0,6,6,3913,3200,1701,4901
2,23478,3042,0,0,6,6,3913,3698,507,4205
2,23478,3042,0,0,6,6,3913,512,4563,5075
2,23478,4698,0,0,6,6,3913,5504,5481,10985
2,23478,5046,0,0,6,6,3913,110080,7569,117649
2,23478,11094,0,0,6,6,3913,2610,1849,4459
2,23478,13122,0,0,6,6,3913,1720,6561,8281
2,23478,13182,0,0,6,6,3913,42050,2197,44247
2,23478,14406,0,0,6,6,3913,12384,12005,24389
2,23478,18522,0,0,6,6,3913,1118,3087,4205
2,23478,21750,0,0,6,6,3913,13182,3625,16807
2,23550,6,0,0,6,6,3925,4374,1,4375
2,23550,6,0,0,12,6,3925,12716,1,12717
2,23550,30,0,0,6,6,3925,5024,25,5049
2,23550,750,0,0,6,6,3925,4114,125,4239
2,23550,942,0,0,6,6,3925,10880,1099,11979
2,23550,3234,0,0,6,6,3925,4374,539,4913
2,23550,8262,0,0,6,6,3925,2744,4131,6875
2,23550,11250,0,0,6,6,3925,5024,9375,14399
2,23550,12342,0,0,6,6,3925,5024,10285,15309
2,23550,18750,0,0,6,6,3925,5984,15625,21609
2,23562,3234,0,0,6,6,3927,4374,539,4913
2,23622,13182,0,0,6,6,3937,20402,2197,22599
2,23730,6,0,0,6,6,3955,4374,1,4375
2,23730,2058,0,0,6,6,3955,10368,2401,12769
2,23814,294,0,0,48,6,3969,14592,49,14641
2,23838,54,0,0,6,6,3973,70144,81,70225
2,23856,84,0,0,12,6,3976,4992,49,5041
2,23856,168,0,0,24,6,3976,4992,49,5041
2,23958,162,0,0,6,6,3993,5632,243,5875
2,23958,2970,0,0,6,6,3993,4418,495,4913
2,23958,6750,0,0,6,6,3993,2312,3375,5687
2,24535,7,0,0,7,7,3505,4374,1,4375
2,24591,10773,0,0,7,7,3513,8,4617,4625
2,24745,7,0,0,7,7,3535,4374,1,4375
2,24780,14,0,0,14,7,3540,64000,9,64009
2,24780,42,0,0,14,7,3540,6776,9,6785
2,24843,3549,0,0,7,7,3549,2968,1521,4489
2,24843,19663,0,0,7,7,3549,4394,2809,7203
2,24871,665,0,0,7,7,3553,8704,855,9559
2,24871,4375,0,0,7,7,3553,512,5625,6137
2,24871,4725,0,0,7,7,3553,2888,2025,4913
2,24871,15309,0,0,7,7,3553,3950,2187,6137
2,24955,8897,0,0,7,7,3565,5290,1271,6561
2,25011,2779,0,0,7,7,3573,4576,1985,6561
2,25095,7,0,0,28,7,3585,3824,1,3825
2,25165,567,0,0,7,7,3595,5752,243,5995
2,25221,7,0,0,7,7,3603,4374,1,4375
2,25333,1701,0,0,7,7,3619,4312,729,5041
2,25333,3773,0,0,7,7,3619,4374,539,4913
2,25375,5887,0,0,7,7,3625,1352,2523,3875
2,25431,7,0,0,7,7,3633,4374,1,4375
2,25480,1274,0,0,14,7,3640,8192,1183,9375
2,25480,2548,0,0,28,7,3640,8192,1183,9375
2,25480,5096,0,0,56,7,3640,8192,1183,9375
2,25515,7,0,0,7,7,3645,4374,1,4375
2,25585,8505,0,0,7,7,3655,3698,1215,4913
2,25585,19663,0,0,7,7,3655,6966,2809,9775
2,25585,23625,0,0,7,7,3655,5618,3375,8993
2,25711,7,0,0,7,7,3673,4374,1,4375
2,25725,7,0,0,7,7,3675,4374,1,4375
2,25788,12894,0,0,56,7,3684,4096,2763,6859
2,25851,567,0,0,7,7,3693,5912,243,6155
2,25921,7,0,0,7,7,3703,4374,1,4375
2,25921,7,0,0,7,7,3703,6174,1,6175
2,25921,21,0,0,7,7,3703,9016,9,9025
2,25921,35,0,0,7,7,3703,89376,25,89401
2,25921,63,0,0,7,7,3703,7448,27,7475
2,25921,637,0,0,7,7,3703,8192,1183,9375
2,25921,1701,0,0,7,7,3703,3496,729,4225
2,25921,2625,0,0,7,7,3703,512,3375,3887
2,25921,3185,0,0,7,7,3703,7776,2275,10051
2,25921,4025,0,0,7,7,3703,10976,2875,13851
2,25921,4375,0,0,7,7,3703,1568,3125,4693
2,25921,5103,0,0,7,7,3703,3200,5103,8303
2,25921,9261,0,0,7,7,3703,1664,9261,10925
2,25921,14175,0,0,7,7,3703,1862,2025,3887
2,25921,15379,0,0,7,7,3703,126350,2197,128547
2,25921,16625,0,0,7,7,3703,4186,2375,6561
2,25921,16625,0,0,7,7,3703,32,11875,11907
2,25921,16807,0,0,7,7,3703,3200,16807,20007
2,25921,22743,0,0,7,7,3703,8918,3249,12167
2,25921,25921,0,0,7,7,3703,6422,3703,10125
2,25935,455,0,0,7,7,3705,6144,715,6859
2,25935,5103,0,0,7,7,3705,107008,6561,113569
2,25935,12635,0,0,7,7,3705,104544,9025,113569
2,25956,42,0,0,14,7,3708,10600,9,10609
2,26005,7,0,0,7,7,3715,4374,1,4375
2,26103,2401,0,0,7,7,3729,10368,2401,12769
2,26103,3969,0,0,7,7,3729,4394,567,4961
2,26103,7119,0,0,7,7,3729,73216,9153,82369
2,26215,7,0,0,7,7,3745,4374,1,4375
2,26215,567,0,0,7,7,3745,5000,243,5243
2,26299,7,0,0,14,7,3757,31212,1,31213
2,26467,1393,0,0,28,7,3781,4096,597,4693
2,26481,7,0,0,7,7,3783,19682,1,19683
2,26481,875,0,0,7,7,3783,27936,625,28561
2,26481,4375,0,0,7,7,3783,70304,3125,73429
2,26481,22113,0,0,7,7,3783,6250,3159,9409
2,26551,7,0,0,7,7,3793,64000,9,64009
2,26551,7,0,0,7,7,3793,71874,1,71875
2,26565,7,0,0,7,7,3795,64000,9,64009
2,26565,7,0,0,7,7,3795,71874,1,71875
2,26691,7,0,0,7,7,3813,4374,1,4375
2,26691,7,0,0,14,7,3813,10044,1,10045
2,26691,17577,0,0,7,7,3813,872,7533,8405
2,26691,20181,0,0,7,7,3813,109000,8649,117649
2,26691,26691,0,0,7,7,3813,25088,34317,59405
2,26775,8505,0,0,7,7,3825,3698,1215,4913
2,26775,8925,0,0,28,7,3825,4096,3825,7921
2,26887,7,0,0,14,7,3841,4508,1,4509
2,26901,7,0,0,7,7,3843,4374,1,4375
2,26901,63,0,0,56,7,3843,15616,9,15625
2,26901,26901,0,0,28,7,3843,4096,11529,15625
2,26985,7,0,0,7,7,3855,4374,1,4375
2,26985,567,0,0,7,7,3855,4802,81,4883
2,26985,4263,0,0,7,7,3855,6250,609,6859
2,26985,5103,0,0,7,7,3855,2888,2187,5075
2,26985,16625,0,0,7,7,3855,32,11875,11907
2,26985,22743,0,0,7,7,3855,200,9747,9947
2,27181,7,0,0,7,7,3883,4374,1,4375
2,27181,847,0,0,7,7,3883,6354,121,6475
2,27181,7413,0,0,7,7,3883,19208,3177,22385
2,27181,8575,0,0,7,7,3883,7766,1225,8991
2,27181,9583,0,0,7,7,3883,83006,1369,84375
2,27181,17297,0,0,7,7,3883,4374,2471,6845
2,27181,22239,0,0,7,7,3883,5632,28593,34225
2,27195,7,0,0,7,7,3885,4374,1,4375
2,27195,637,0,0,7,7,3885,8192,1183,9375
2,27195,2457,0,0,7,7,3885,10952,1053,12005
2,27195,2835,0,0,7,7,3885,10952,1215,12167
2,27195,4375,0,0,7,7,3885,8192,8125,16317
2,27195,4459,0,0,7,7,3885,3200,4459,7659
2,27195,5103,0,0,7,7,3885,30758,729,31487
2,27195,6125,0,0,7,7,3885,128,6125,6253
2,27195,9065,0,0,7,7,3885,512,11655,12167
2,27195,9583,0,0,7,7,3885,32,6845,6877
2,27195,9583,0,0,7,7,3885,7406,1369,8775
2,27195,9583,0,0,7,7,3885,33614,1369,34983
2,27195,15379,0,0,7,7,3885,2058,2197,4255
2,27195,21875,0,0,7,7,3885,7938,3125,11063
2,27265,63,0,0,7,7,3895,8200,27,8227
2,27321,7,0,0,14,7,3903,5324,1,5325
2,27321,9107,0,0,7,7,3903,7290,1301,8591
2,27391,7,0,0,7,7,3913,4374,1,4375
2,27391,7,0,0,14,7,3913,4900,1,4901
2,27391,7,0,0,56,7,3913,16640,1,16641
2,27391,63,0,0,7,7,3913,21866,9,21875
2,27391,189,0,0,7,7,3913,24010,27,24037
2,27391,567,0,0,7,7,3913,8192,1053,9245
2,27391,637,0,0,7,7,3913,8192,1183,9375
2,27391,945,0,0,7,7,3913,8192,1755,9947
2,27391,1701,0,0,7,7,3913,3200,1701,4901
2,27391,3549,0,0,7,7,3913,3698,507,4205
2,27391,3549,0,0,7,7,3913,512,4563,5075
2,27391,5481,0,0,7,7,3913,5504,5481,10985
2,27391,5887,0,0,7,7,3913,110080,7569,117649
2,27391,12943,0,0,7,7,3913,2610,1849,4459
2,27391,15309,0,0,7,7,3913,1720,6561,8281
2,27391,15379,0,0,7,7,3913,42050,2197,44247
2,27391,16807,0,0,7,7,3913,12384,12005,24389
2,27391,21609,0,0,7,7,3913,1118,3087,4205
2,27391,25375,0,0,7,7,3913,13182,3625,16807
2,27475,7,0,0,7,7,3925,4374,1,4375
2,27475,7,0,0,14,7,3925,12716,1,12717
2,27475,35,0,0,7,7,3925,5024,25,5049
2,27475,875,0,0,7,7,3925,4114,125,4239
2,27475,1099,0,0,7,7,3925,10880,1099,11979
2,27475,3773,0,0,7,7,3925,4374,539,4913
2,27475,9639,0,0,7,7,3925,2744,4131,6875
2,27475,13125,0,0,7,7,3925,5024,9375,14399
2,27475,14399,0,0,7,7,3925,5024,10285,15309
2,27475,21875,0,0,7,7,3925,5984,15625,21609
2,27489,3773,0,0,7,7,3927,4374,539,4913
2,27559,15379,0,0,7,7,3937,20402,2197,22599
2,27685,7,0,0,7,7,3955,4374,1,4375
2,27685,2401,0,0,7,7,3955,10368,2401,12769
2,27783,343,0,0,56,7,3969,14592,49,14641
2,27811,63,0,0,7,7,3973,70144,81,70225
2,27832,98,0,0,14,7,3976,4992,49,5041
2,27832,196,0,0,28,7,3976,4992,49,5041
2,27951,189,0,0,7,7,3993,5632,243,5875
2,27951,3465,0,0,7,7,3993,4418,495,4913
2,27951,7875,0,0,7,7,3993,2312,3375,5687
2,28040,8,0,0,8,8,3505,4374,1,4375
2,28104,12312,0,0,8,8,3513,8,4617,4625
2,28280,8,0,0,8,8,3535,4374,1,4375
2,28320,16,0,0,16,8,3540,64000,9,64009
2,28320,48,0,0,16,8,3540,6776,9,6785
2,28392,4056,0,0,8,8,3549,2968,1521,4489
2,28392,22472,0,0,8,8,3549,4394,2809,7203
2,28424,760,0,0,8,8,3553,8704,855,9559
2,28424,5000,0,0,8,8,3553,512,5625,6137
2,28424,5400,0,0,8,8,3553,2888,2025,4913
2,28424,17496,0,0,8,8,3553,3950,2187,6137
2,28520,10168,0,0,8,8,3565,5290,1271,6561
2,28584,3176,0,0,8,8,3573,4576,1985,6561
2,28680,8,0,0,32,8,3585,3824,1,3825
2,28760,648,0,0,8,8,3595,5752,243,5995
2,28824,8,0,0,8,8,3603,4374,1,4375
2,28952,1944,0,0,8,8,3619,4312,729,5041
2,28952,4312,0,0,8,8,3619,4374,539,4913
2,29000,6728,0,0,8,8,3625,1352,2523,3875
2,29064,8,0,0,8,8,3633,4374,1,4375
2,29120,1456,0,0,16,8,3640,8192,1183,9375
2,29120,2912,0,0,32,8,3640,8192,1183,9375
2,29120,5824,0,0,64,8,3640,8192,1183,9375
2,29160,8,0,0,8,8,3645,4374,1,4375
2,29240,9720,0,0,8,8,3655,3698,1215,4913
2,29240,22472,0,0,8,8,3655,6966,2809,9775
2,29240,27000,0,0,8,8,3655,5618,3375,8993
2,29384,8,0,0,8,8,3673,4374,1,4375
2,29400,8,0,0,8,8,3675,4374,1,4375
2,29472,14736,0,0,64,8,3684,4096,2763,6859
2,29544,648,0,0,8,8,3693,5912,243,6155
2,29624,8,0,0,8,8,3703,4374,1,4375
2,29624,8,0,0,8,8,3703,6174,1,6175
2,29624,24,0,0,8,8,3703,9016,9,9025
2,29624,40,0,0,8,8,3703,89376,25,89401
2,29624,72,0,0,8,8,3703,7448,27,7475
2,29624,728,0,0,8,8,3703,8192,1183,9375
2,29624,1944,0,0,8,8,3703,3496,729,4225
2,29624,3000,0,0,8,8,3703,512,3375,3887
2,29624,3640,0,0,8,8,3703,7776,2275,10051
2,29624,4600,0,0,8,8,3703,10976,2875,13851
2,29624,5000,0,0,8,8,3703,1568,3125,4693
2,29624,5832,0,0,8,8,3703,3200,5103,8303
2,29624,10584,0,0,8,8,3703,1664,9261,10925
2,29624,16200,0,0,8,8,3703,1862,2025,3887
2,29624,17576,0,0,8,8,3703,126350,2197,128547
2,29624,19000,0,0,8,8,3703,4186,2375,6561
2,29624,19000,0,0,8,8,3703,32,11875,11907
2,29624,19208,0,0,8,8,3703,3200,16807,20007
2,29624,25992,0,0,8,8,3703,8918,3249,12167
2,29624,29624,0,0,8,8,3703,6422,3703,10125
2,29640,520,0,0,8,8,3705,6144,715,6859
2,29640,5832,0,0,8,8,3705,107008,6561,113569
2,29640,14440,0,0,8,8,3705,104544,9025,113569
2,29664,48,0,0,16,8,3708,10600,9,10609
2,29720,8,0,0,8,8,3715,4374,1,4375
2,29832,2744,0,0,8,8,3729,10368,2401,12769
2,29832,4536,0,0,8,8,3729,4394,567,4961
2,29832,8136,0,0,8,8,3729,73216,9153,82369
2,29960,8,0,0,8,8,3745,4374,1,4375
2,29960,648,0,0,8,8,3745,5000,243,5243
2,30056,8,0,0,16,8,3757,31212,1,31213
2,30248,1592,0,0,32,8,3781,4096,597,4693
2,30264,8,0,0,8,8,3783,19682,1,19683
2,30264,1000,0,0,8,8,3783,27936,625,28561
2,30264,5000,0,0,8,8,3783,70304,3125,73429
2,30264,25272,0,0,8,8,3783,6250,3159,9409
2,30344,8,0,0,8,8,3793,64000,9,64009
2,30344,8,0,0,8,8,3793,71874,1,71875
2,30360,8,0,0,8,8,3795,64000,9,64009
2,30360,8,0,0,8,8,3795,71874,1,71875
2,30504,8,0,0,8,8,3813,4374,1,4375
2,30504,8,0,0,16,8,3813,10044,1,10045
2,30504,20088,0,0,8,8,3813,872,7533,8405
2,30504,23064,0,0,8,8,3813,109000,8649,117649
2,30504,30504,0,0,8,8,3813,25088,34317,59405
2,30600,9720,0,0,8,8,3825,3698,1215,4913
2,30600,10200,0,0,32,8,3825,4096,3825,7921
2,30728,8,0,0,16,8,3841,4508,1,4509
2,30744,8,0,0,8,8,3843,4374,1,4375
2,30744,72,0,0,64,8,3843,15616,9,15625
2,30744,30744,0,0,32,8,3843,4096,11529,15625
2,30840,8,0,0,8,8,3855,4374,1,4375
2,30840,648,0,0,8,8,3855,4802,81,4883
2,30840,4872,0,0,8,8,3855,6250,609,6859
2,30840,5832,0,0,8,8,3855,2888,2187,5075
2,30840,19000,0,0,8,8,3855,32,11875,11907
2,30840,25992,0,0,8,8,3855,200,9747,9947
2,31064,8,0,0,8,8,3883,4374,1,4375
2,31064,968,0,0,8,8,3883,6354,121,6475
2,31064,8472,0,0,8,8,3883,19208,3177,22385
2,31064,9800,0,0,8,8,3883,7766,1225,8991
2,31064,10952,0,0,8,8,3883,83006,1369,84375
2,31064,19768,0,0,8,8,3883,4374,2471,6845
2,31064,25416,0,0,8,8,3883,5632,28593,34225
2,31080,8,0,0,8,8,3885,4374,1,4375
2,31080,728,0,0,8,8,3885,8192,1183,9375
2,31080,2808,0,0,8,8,3885,10952,1053,12005
2,31080,3240,0,0,8,8,3885,10952,1215,12167
2,31080,5000,0,0,8,8,3885,8192,8125,16317
2,31080,5096,0,0,8,8,3885,3200,4459,7659
2,31080,5832,0,0,8,8,3885,30758,729,31487
2,31080,7000,0,0,8,8,3885,128,6125,6253
2,31080,10360,0,0,8,8,3885,512,11655,12167
2,31080,10952,0,0,8,8,3885,32,6845,6877
2,31080,10952,0,0,8,8,3885,7406,1369,8775
2,31080,10952,0,0,8,8,3885,33614,1369,34983
2,31080,17576,0,0,8,8,3885,2058,2197,4255
2,31080,25000,0,0,8,8,3885,7938,3125,11063
2,31160,72,0,0,8,8,3895,8200,27,8227
2,31224,8,0,0,16,8,3903,5324,1,5325
2,31224,10408,0,0,8,8,3903,7290,1301,8591
2,31304,8,0,0,8,8,3913,4374,1,4375
2,31304,8,0,0,16,8,3913,4900,1,4901
2,31304,8,0,0,64,8,3913,16640,1,16641
2,31304,72,0,0,8,8,3913,21866,9,21875
2,31304,216,0,0,8,8,3913,24010,27,24037
2,31304,648,0,0,8,8,3913,8192,1053,9245
2,31304,728,0,0,8,8,3913,8192,1183,9375
2,31304,1080,0,0,8,8,3913,8192,1755,9947
2,31304,1944,0,0,8,8,3913,3200,1701,4901
2,31304,4056,0,0,8,8,3913,3698,507,4205
2,31304,4056,0,0,8,8,3913,512,4563,5075
2,31304,6264,0,0,8,8,3913,5504,5481,10985
2,31304,6728,0,0,8,8,3913,110080,7569,117649
2,31304,14792,0,0,8,8,3913,2610,1849,4459
2,31304,17496,0,0,8,8,3913,1720,6561,8281
2,31304,17576,0,0,8,8,3913,42050,2197,44247
2,31304,19208,0,0,8,8,3913,12384,12005,24389
2,31304,24696,0,0,8,8,3913,1118,3087,4205
2,31304,29000,0,0,8,8,3913,13182,3625,16807
2,31400,8,0,0,8,8,3925,4374,1,4375
2,31400,8,0,0,16,8,3925,12716,1,12717
2,31400,40,0,0,8,8,3925,5024,25,5049
2,31400,1000,0,0,8,8,3925,4114,125,4239
2,31400,1256,0,0,8,8,3925,10880,1099,11979
2,31400,4312,0,0,8,8,3925,4374,539,4913
2,31400,11016,0,0,8,8,3925,2744,4131,6875
2,31400,15000,0,0,8,8,3925,5024,9375,14399
2,31400,16456,0,0,8,8,3925,5024,10285,15309
2,31400,25000,0,0,8,8,3925,5984,15625,21609
2,31416,4312,0,0,8,8,3927,4374,539,4913
2,31496,17576,0,0,8,8,3937,20402,2197,22599
2,31545,9,0,0,9,9,3505,4374,1,4375
2,31617,13851,0,0,9,9,3513,8,4617,4625
2,31640,8,0,0,8,8,3955,4374,1,4375
2,31640,2744,0,0,8,8,3955,10368,2401,12769
2,31752,392,0,0,64,8,3969,14592,49,14641
2,31784,72,0,0,8,8,3973,70144,81,70225
2,31808,112,0,0,16,8,3976,4992,49,5041
2,31808,224,0,0,32,8,3976,4992,49,5041
2,31815,9,0,0,9,9,3535,4374,1,4375
2,31860,18,0,0,18,9,3540,64000,9,64009
2,31860,54,0,0,18,9,3540,6776,9,6785
2,31941,4563,0,0,9,9,3549,2968,1521,4489
2,31941,25281,0,0,9,9,3549,4394,2809,7203
2,31944,216,0,0,8,8,3993,5632,243,5875
2,31944,3960,0,0,8,8,3993,4418,495,4913
2,31944,9000,0,0,8,8,3993,2312,3375,5687
2,31977,855,0,0,9,9,3553,8704,855,9559
2,31977,5625,0,0,9,9,3553,512,5625,6137
2,31977,6075,0,0,9,9,3553,2888,2025,4913
2,31977,19683,0,0,9,9,3553,3950,2187,6137
2,32085,11439,0,0,9,9,3565,5290,1271,6561
2,32157,3573,0,0,9,9,3573,4576,1985,6561
2,32265,9,0,0,36,9,3585,3824,1,3825
2,32355,729,0,0,9,9,3595,5752,243,5995
2,32427,9,0,0,9,9,3603,4374,1,4375
2,32571,2187,0,0,9,9,3619,4312,729,5041
2,32571,4851,0,0,9,9,3619,4374,539,4913
2,32625,7569,0,0,9,9,3625,1352,2523,3875
2,32697,9,0,0,9,9,3633,4374,1,4375
2,32760,1638,0,0,18,9,3640,8192,1183,9375
2,32760,3276,0,0,36,9,3640,8192,1183,9375
2,32760,6552,0,0,72,9,3640,8192,1183,9375
2,32805,9,0,0,9,9,3645,4374,1,4375
2,32895,10935,0,0,9,9,3655,3698,1215,4913
2,32895,25281,0,0,9,9,3655,6966,2809,9775
2,32895,30375,0,0,9,9,3655,5618,3375,8993
2,33057,9,0,0,9,9,3673,4374,1,4375
2,33075,9,0,0,9,9,3675,4374,1,4375
2,33156,16578,0,0,72,9,3684,4096,2763,6859
2,33237,729,0,0,9,9,3693,5912,243,6155
2,33327,9,0,0,9,9,3703,4374,1,4375
2,33327,9,0,0,9,9,3703,6174,1,6175
2,33327,27,0,0,9,9,3703,9016,9,9025
2,33327,45,0,0,9,9,3703,89376,25,89401
2,33327,81,0,0,9,9,3703,7448,27,7475
2,33327,819,0,0,9,9,3703,8192,1183,9375
2,33327,2187,0,0,9,9,3703,3496,729,4225
2,33327,3375,0,0,9,9,3703,512,3375,3887
2,33327,4095,0,0,9,9,3703,7776,2275,10051
2,33327,5175,0,0,9,9,3703,10976,2875,13851
2,33327,5625,0,0,9,9,3703,1568,3125,4693
2,33327,6561,0,0,9,9,3703,3200,5103,8303
2,33327,11907,0,0,9,9,3703,1664,9261,10925
2,33327,18225,0,0,9,9,3703,1862,2025,3887
2,33327,19773,0,0,9,9,3703,126350,2197,128547
2,33327,21375,0,0,9,9,3703,4186,2375,6561
2,33327,21375,0,0,9,9,3703,32,11875,11907
2,33327,21609,0,0,9,9,3703,3200,16807,20007
2,33327,29241,0,0,9,9,3703,8918,3249,12167
2,33327,33327,0,0,9,9,3703,6422,3703,10125
2,33345,585,0,0,9,9,3705,6144,715,6859
2,33345,6561,0,0,9,9,3705,107008,6561,113569
2,33345,16245,0,0,9,9,3705,104544,9025,113569
2,33372,54,0,0,18,9,3708,10600,9,10609
2,33435,9,0,0,9,9,3715,4374,1,4375
2,33561,3087,0,0,9,9,3729,10368,2401,12769
2,33561,5103,0,0,9,9,3729,4394,567,4961
2,33561,9153,0,0,9,9,3729,73216,9153,82369
2,33705,9,0,0,9,9,3745,4374,1,4375
2,33705,729,0,0,9,9,3745,5000,243,5243
2,33813,9,0,0,18,9,3757,31212,1,31213
2,34029,1791,0,0,36,9,3781,4096,597,4693
2,34047,9,0,0,9,9,3783,19682,1,19683
2,34047,1125,0,0,9,9,3783,27936,625,28561
2,34047,5625,0,0,9,9,3783,70304,3125,73429
2,34047,28431,0,0,9,9,3783,6250,3159,9409
2,34137,9,0,0,9,9,3793,64000,9,64009
2,34137,9,0,0,9,9,3793,71874,1,71875
2,34155,9,0,0,9,9,3795,64000,9,64009
2,34155,9,0,0,9,9,3795,71874,1,71875
2,34317,9,0,0,9,9,3813,4374,1,4375
2,34317,9,0,0,18,9,3813,10044,1,10045
2,34317,22599,0,0,9,9,3813,872,7533,8405
2,34317,25947,0,0,9,9,3813,109000,8649,117649
2,34317,34317,0,0,9,9,3813,25088,34317,59405
2,34425,10935,0,0,9,9,3825,3698,1215,4913
2,34425,11475,0,0,36,9,3825,4096,3825,7921
2,34569,9,0,0,18,9,3841,4508,1,4509
2,34587,9,0,0,9,9,3843,4374,1,4375
2,34587,81,0,0,72,9,3843,15616,9,15625
2,34587,34587,0,0,36,9,3843,4096,11529,15625
2,34695,9,0,0,9,9,3855,4374,1,4375
2,34695,729,0,0,9,9,3855,4802,81,4883
2,34695,5481,0,0,9,9,3855,6250,609,6859
2,34695,6561,0,0,9,9,3855,2888,2187,5075
2,34695,21375,0,0,9,9,3855,32,11875,11907
2,34695,29241,0,0,9,9,3855,200,9747,9947
2,34947,9,0,0,9,9,3883,4374,1,4375
2,34947,1089,0,0,9,9,3883,6354,121,6475
2,34947,9531,0,0,9,9,3883,19208,3177,22385
2,34947,11025,0,0,9,9,3883,7766,1225,8991
2,34947,12321,0,0,9,9,3883,83006,1369,84375
2,34947,22239,0,0,9,9,3883,4374,2471,6845
2,34947,28593,0,0,9,9,3883,5632,28593,34225
2,34965,9,0,0,9,9,3885,4374,1,4375
2,34965,819,0,0,9,9,3885,8192,1183,9375
2,34965,3159,0,0,9,9,3885,10952,1053,12005
2,34965,3645,0,0,9,9,3885,10952,1215,12167
2,34965,5625,0,0,9,9,3885,8192,8125,16317
2,34965,5733,0,0,9,9,3885,3200,4459,7659
2,34965,6561,0,0,9,9,3885,30758,729,31487
2,34965,7875,0,0,9,9,3885,128,6125,6253
2,34965,11655,0,0,9,9,3885,512,11655,12167
2,34965,12321,0,0,9,9,3885,32,6845,6877
2,34965,12321,0,0,9,9,3885,7406,1369,8775
2,34965,12321,0,0,9,9,3885,33614,1369,34983
2,34965,19773,0,0,9,9,3885,2058,2197,4255
2,34965,28125,0,0,9,9,3885,7938,3125,11063
2,35050,10,0,0,10,10,3505,4374,1,4375
2,35055,81,0,0,9,9,3895,8200,27,8227
2,35127,9,0,0,18,9,3903,5324,1,5325
2,35127,11709,0,0,9,9,3903,7290,1301,8591
2,35130,15390,0,0,10,10,3513,8,4617,4625
2,35217,9,0,0,9,9,3913,4374,1,4375
2,35217,9,0,0,18,9,3913,4900,1,4901
2,35217,9,0,0,72,9,3913,16640,1,16641
2,35217,81,0,0,9,9,3913,21866,9,21875
2,35217,243,0,0,9,9,3913,24010,27,24037
2,35217,729,0,0,9,9,3913,8192,1053,9245
2,35217,819,0,0,9,9,3913,8192,1183,9375
2,35217,1215,0,0,9,9,3913,8192,1755,9947
2,35217,2187,0,0,9,9,3913,3200,1701,4901
2,35217,4563,0,0,9,9,3913,3698,507,4205
2,35217,4563,0,0,9,9,3913,512,4563,5075
2,35217,7047,0,0,9,9,3913,5504,5481,10985
2,35217,7569,0,0,9,9,3913,110080,7569,117649
2,35217,16641,0,0,9,9,3913,2610,1849,4459
2,35217,19683,0,0,9,9,3913,1720,6561,8281
2,35217,19773,0,0,9,9,3913,42050,2197,44247
2,35217,21609,0,0,9,9,3913,12384,12005,24389
2,35217,27783,0,0,9,9,3913,1118,3087,4205
2,35217,32625,0,0,9,9,3913,13182,3625,16807
2,35325,9,0,0,9,9,3925,4374,1,4375
2,35325,9,0,0,18,9,3925,12716,1,12717
2,35325,45,0,0,9,9,3925,5024,25,5049
2,35325,1125,0,0,9,9,3925,4114,125,4239
2,35325,1413,0,0,9,9,3925,10880,1099,11979
2,35325,4851,0,0,9,9,3925,4374,539,4913
2,35325,12393,0,0,9,9,3925,2744,4131,6875
2,35325,16875,0,0,9,9,3925,5024,9375,14399
2,35325,18513,0,0,9,9,3925,5024,10285,15309
2,35325,28125,0,0,9,9,3925,5984,15625,21609
2,35343,4851,0,0,9,9,3927,4374,539,4913
2,35350,10,0,0,10,10,3535,4374,1,4375
2,35400,20,0,0,20,10,3540,64000,9,64009
2,35400,60,0,0,20,10,3540,6776,9,6785
2,35433,19773,0,0,9,9,3937,20402,2197,22599
2,35490,5070,0,0,10,10,3549,2968,1521,4489
2,35490,28090,0,0,10,10,3549,4394,2809,7203
2,35530,950,0,0,10,10,3553,8704,855,9559
2,35530,6250,0,0,10,10,3553,512,5625,6137
2,35530,6750,0,0,10,10,3553,2888,2025,4913
2,35530,21870,0,0,10,10,3553,3950,2187,6137
2,35595,9,0,0,9,9,3955,4374,1,4375
2,35595,3087,0,0,9,9,3955,10368,2401,12769
2,35650,12710,0,0,10,10,3565,5290,1271,6561
2,35721,441,0,0,72,9,3969,14592,49,14641
2,35730,3970,0,0,10,10,3573,4576,1985,6561
2,35757,81,0,0,9,9,3973,70144,81,70225
2,35784,126,0,0,18,9,3976,4992,49,5041
2,35784,252,0,0,36,9,3976,4992,49,5041
2,35850,10,0,0,40,10,3585,3824,1,3825
2,35937,243,0,0,9,9,3993,5632,243,5875
2,35937,4455,0,0,9,9,3993,4418,495,4913
2,35937,10125,0,0,9,9,3993,2312,3375,5687
2,35950,810,0,0,10,10,3595,5752,243,5995
2,36030,10,0,0,10,10,3603,4374,1,4375
2,36190,2430,0,0,10,10,3619,4312,729,5041
2,36190,5390,0,0,10,10,3619,4374,539,4913
2,36250,8410,0,0,10,10,3625,1352,2523,3875
2,36330,10,0,0,10,10,3633,4374,1,4375
2,36400,1820,0,0,20,10,3640,8192,1183,9375
2,36400,3640,0,0,40,10,3640,8192,1183,9375
2,36400,7280,0,0,80,10,3640,8192,1183,9375
2,36450,10,0,0,10,10,3645,4374,1,4375
2,36550,12150,0,0,10,10,3655,3698,1215,4913
2,36550,28090,0,0,10,10,3655,6966,2809,9775
2,36550,33750,0,0,10,10,3655,5618,3375,8993
2,36730,10,0,0,10,10,3673,4374,1,4375
2,36750,10,0,0,10,10,3675,4374,1,4375
2,36840,18420,0,0,80,10,3684,4096,2763,6859
2,36930,810,0,0,10,10,3693,5912,243,6155
2,37030,10,0,0,10,10,3703,4374,1,4375
2,37030,10,0,0,10,10,3703,6174,1,6175
2,37030,30,0,0,10,10,3703,9016,9,9025
2,37030,50,0,0,10,10,3703,89376,25,89401
2,37030,90,0,0,10,10,3703,7448,27,7475
2,37030,910,0,0,10,10,3703,8192,1183,9375
2,37030,2430,0,0,10,10,3703,3496,729,4225
2,37030,3750,0,0,10,10,3703,512,3375,3887
2,37030,4550,0,0,10,10,3703,7776,2275,10051
2,37030,5750,0,0,10,10,3703,10976,2875,13851
2,37030,6250,0,0,10,10,3703,1568,3125,4693
2,37030,7290,0,0,10,10,3703,3200,5103,8303
2,37030,13230,0,0,10,10,3703,1664,9261,10925
2,37030,20250,0,0,10,10,3703,1862,2025,3887
2,37030,21970,0,0,10,10,3703,126350,2197,128547
2,37030,23750,0,0,10,10,3703,4186,2375,6561
2,37030,23750,0,0,10,10,3703,32,11875,11907
2,37030,24010,0,0,10,10,3703,3200,16807,20007
2,37030,32490,0,0,10,10,3703,8918,3249,12167
2,37030,37030,0,0,10,10,3703,6422,3703,10125
2,37050,650,0,0,10,10,3705,6144,715,6859
2,37050,7290,0,0,10,10,3705,107008,6561,113569
2,37050,18050,0,0,10,10,3705,104544,9025,113569
2,37080,60,0,0,20,10,3708,10600,9,10609
2,37150,10,0,0,10,10,3715,4374,1,4375
2,37290,3430,0,0,10,10,3729,10368,2401,12769
2,37290,5670,0,0,10,10,3729,4394,567,4961
2,37290,10170,0,0,10,10,3729,73216,9153,82369
2,37450,10,0,0,10,10,3745,4374,1,4375
2,37450,810,0,0,10,10,3745,5000,243,5243
2,37570,10,0,0,20,10,3757,31212,1,31213
2,37810,1990,0,0,40,10,3781,4096,597,4693
2,37830,10,0,0,10,10,3783,19682,1,19683
2,37830,1250,0,0,10,10,3783,27936,625,28561
2,37830,6250,0,0,10,10,3783,70304,3125,73429
2,37830,31590,0,0,10,10,3783,6250,3159,9409
2,37930,10,0,0,10,10,3793,64000,9,64009
2,37930,10,0,0,10,10,3793,71874,1,71875
2,37950,10,0,0,10,10,3795,64000,9,64009
2,37950,10,0,0,10,10,3795,71874,1,71875
2,38130,10,0,0,10,10,3813,4374,1,4375
2,38130,10,0,0,20,10,3813,10044,1,10045
2,38130,25110,0,0,10,10,3813,872,7533,8405
2,38130,28830,0,0,10,10,3813,109000,8649,117649
2,38130,38130,0,0,10,10,3813,25088,34317,59405
2,38250,12150,0,0,10,10,3825,3698,1215,4913
2,38250,12750,0,0,40,10,3825,4096,3825,7921
2,38410,10,0,0,20,10,3841,4508,1,4509
2,38430,10,0,0,10,10,3843,4374,1,4375
2,38430,90,0,0,80,10,3843,15616,9,15625
2,38430,38430,0,0,40,10,3843,4096,11529,15625
2,38550,10,0,0,10,10,3855,4374,1,4375
2,38550,810,0,0,10,10,3855,4802,81,4883
2,38550,6090,0,0,10,10,3855,6250,609,6859
2,38550,7290,0,0,10,10,3855,2888,2187,5075
2,38550,23750,0,0,10,10,3855,32,11875,11907
2,38550,32490,0,0,10,10,3855,200,9747,9947
2,38555,11,0,0,11,11,3505,4374,1,4375
2,38643,16929,0,0,11,11,3513,8,4617,4625
2,38830,10,0,0,10,10,3883,4374,1,4375
2,38830,1210,0,0,10,10,3883,6354,121,6475
2,38830,10590,0,0,10,10,3883,19208,3177,22385
2,38830,12250,0,0,10,10,3883,7766,1225,8991
2,38830,13690,0,0,10,10,3883,83006,1369,84375
2,38830,24710,0,0,10,10,3883,4374,2471,6845
2,38830,31770,0,0,10,10,3883,5632,28593,34225
2,38850,10,0,0,10,10,3885,4374,1,4375
2,38850,910,0,0,10,10,3885,8192,1183,9375
2,38850,3510,0,0,10,10,3885,10952,1053,12005
2,38850,4050,0,0,10,10,3885,10952,1215,12167
2,38850,6250,0,0,10,10,3885,8192,8125,16317
2,38850,6370,0,0,10,10,3885,3200,4459,7659
2,38850,7290,0,0,10,10,3885,30758,729,31487
2,38850,8750,0,0,10,10,3885,128,6125,6253
2,38850,12950,0,0,10,10,3885,512,11655,12167
2,38850,13690,0,0,10,10,3885,32,6845,6877
2,38850,13690,0,0,10,10,3885,7406,1369,8775
2,38850,13690,0,0,10,10,3885,33614,1369,34983
2,38850,21970,0,0,10,10,3885,2058,2197,4255
2,38850,31250,0,0,10,10,3885,7938,3125,11063
2,38885,11,0,0,11,11,3535,4374,1,4375
2,38940,22,0,0,22,11,3540,64000,9,64009
2,38940,66,0,0,22,11,3540,6776,9,6785
2,38950,90,0,0,10,10,3895,8200,27,8227
2,39030,10,0,0,20,10,3903,5324,1,5325
2,39030,13010,0,0,10,10,3903,7290,1301,8591
2,39039,5577,0,0,11,11,3549,2968,1521,4489
2,39039,30899,0,0,11,11,3549,4394,2809,7203
2,39083,1045,0,0,11,11,3553,8704,855,9559
2,39083,6875,0,0,11,11,3553,512,5625,6137
2,39083,7425,0,0,11,11,3553,2888,2025,4913
2,39083,24057,0,0,11,11,3553,3950,2187,6137
2,39130,10,0,0,10,10,3913,4374,1,4375
2,39130,10,0,0,20,10,3913,4900,1,4901
2,39130,10,0,0,80,10,3913,16640,1,16641
2,39130,90,0,0,10,10,3913,21866,9,21875
2,39130,270,0,0,10,10,3913,24010,27,24037
2,39130,810,0,0,10,10,3913,8192,1053,9245
2,39130,910,0,0,10,10,3913,8192,1183,9375
2,39130,1350,0,0,10,10,3913,8192,1755,9947
2,39130,2430,0,0,10,10,3913,3200,1701,4901
2,39130,5070,0,0,10,10,3913,3698,507,4205
2,39130,5070,0,0,10,10,3913,512,4563,5075
2,39130,7830,0,0,10,10,3913,5504,5481,10985
2,39130,8410,0,0,10,10,3913,110080,7569,117649
2,39130,18490,0,0,10,10,3913,2610,1849,4459
2,39130,21870,0,0,10,10,3913,1720,6561,8281
2,39130,21970,0,0,10,10,3913,42050,2197,44247
2,39130,24010,0,0,10,10,3913,12384,12005,24389
2,39130,30870,0,0,10,10,3913,1118,3087,4205
2,39130,36250,0,0,10,10,3913,13182,3625,16807
2,39215,13981,0,0,11,11,3565,5290,1271,6561
2,39250,10,0,0,10,10,3925,4374,1,4375
2,39250,10,0,0,20,10,3925,12716,1,12717
2,39250,50,0,0,10,10,3925,5024,25,5049
2,39250,1250,0,0,10,10,3925,4114,125,4239
2,39250,1570,0,0,10,10,3925,10880,1099,11979
2,39250,5390,0,0,10,10,3925,4374,539,4913
2,39250,13770,0,0,10,10,3925,2744,4131,6875
2,39250,18750,0,0,10,10,3925,5024,9375,14399
2,39250,20570,0,0,10,10,3925,5024,10285,15309
2,39250,31250,0,0,10,10,3925,5984,15625,21609
2,39270,5390,0,0,10,10,3927,4374,539,4913
2,39303,4367,0,0,11,11,3573,4576,1985,6561
2,39370,21970,0,0,10,10,3937,20402,2197,22599
2,39435,11,0,0,44,11,3585,3824,1,3825
2,39545,891,0,0,11,11,3595,5752,243,5995
2,39550,10,0,0,10,10,3955,4374,1,4375
2,39550,3430,0,0,10,10,3955,10368,2401,12769
2,39633,11,0,0,11,11,3603,4374,1,4375
2,39690,490,0,0,80,10,3969,14592,49,14641
2,39730,90,0,0,10,10,3973,70144,81,70225
2,39760,140,0,0,20,10,3976,4992,49,5041
2,39760,280,0,0,40,10,3976,4992,49,5041
2,39809,2673,0,0,11,11,3619,4312,729,5041
2,39809,5929,0,0,11,11,3619,4374,539,4913
2,39875,9251,0,0,11,11,3625,1352,2523,3875
2,39930,270,0,0,10,10,3993,5632,243,5875
2,39930,4950,0,0,10,10,3993,4418,495,4913
2,39930,11250,0,0,10,10,3993,2312,3375,5687
2,39963,11,0,0,11,11,3633,4374,1,4375
2,40040,2002,0,0,22,11,3640,8192,1183,9375
2,40040,4004,0,0,44,11,3640,8192,1183,9375
2,40040,8008,0,0,88,11,3640,8192,1183,9375
2,40095,11,0,0,11,11,3645,4374,1,4375
2,40205,13365,0,0,11,11,3655,3698,1215,4913
2,40205,30899,0,0,11,11,3655,6966,2809,9775
2,40205,37125,0,0,11,11,3655,5618,3375,8993
2,40403,11,0,0,11,11,3673,4374,1,4375
2,40425,11,0,0,11,11,3675,4374,1,4375
2,40524,20262,0,0,88,11,3684,4096,2763,6859
2,40623,891,0,0,11,11,3693,5912,243,6155
2,40733,11,0,0,11,11,3703,4374,1,4375
2,40733,11,0,0,11,11,3703,6174,1,6175
2,40733,33,0,0,11,11,3703,9016,9,9025
2,40733,55,0,0,11,11,3703,89376,25,89401
2,40733,99,0,0,11,11,3703,7448,27,7475
2,40733,1001,0,0,11,11,3703,8192,1183,9375
2,40733,2673,0,0,11,11,3703,3496,729,4225
2,40733,4125,0,0,11,11,3703,512,3375,3887
2,40733,5005,0,0,11,11,3703,7776,2275,10051
2,40733,6325,0,0,11,11,3703,10976,2875,13851
2,40733,6875,0,0,11,11,3703,1568,3125,4693
2,40733,8019,0,0,11,11,3703,3200,5103,8303
2,40733,14553,0,0,11,11,3703,1664,9261,10925
2,40733,22275,0,0,11,11,3703,1862,2025,3887
2,40733,24167,0,0,11,11,3703,126350,2197,128547
2,40733,26125,0,0,11,11,3703,4186,2375,6561
2,40733,26125,0,0,11,11,3703,32,11875,11907
2,40733,26411,0,0,11,11,3703,3200,16807,20007
2,40733,35739,0,0,11,11,3703,8918,3249,12167
2,40733,40733,0,0,11,11,3703,6422,3703,10125
2,40755,715,0,0,11,11,3705,6144,715,6859
2,40755,8019,0,0,11,11,3705,107008,6561,113569
2,40755,19855,0,0,11,11,3705,104544,9025,113569
2,40788,66,0,0,22,11,3708,10600,9,10609
2,40865,11,0,0,11,11,3715,4374,1,4375
2,41019,3773,0,0,11,11,3729,10368,2401,12769
2,41019,6237,0,0,11,11,3729,4394,567,4961
2,41019,11187,0,0,11,11,3729,73216,9153,82369
2,41195,11,0,0,11,11,3745,4374,1,4375
2,41195,891,0,0,11,11,3745,5000,243,5243
2,41327,11,0,0,22,11,3757,31212,1,31213
2,41591,2189,0,0,44,11,3781,4096,597,4693
2,41613,11,0,0,11,11,3783,19682,1,19683
2,41613,1375,0,0,11,11,3783,27936,625,28561
2,41613,6875,0,0,11,11,3783,70304,3125,73429
2,41613,34749,0,0,11,11,3783,6250,3159,9409
2,41723,11,0,0,11,11,3793,64000,9,64009
2,41723,11,0,0,11,11,3793,71874,1,71875
2,41745,11,0,0,11,11,3795,64000,9,64009
2,41745,11,0,0,11,11,3795,71874,1,71875
2,41943,11,0,0,11,11,3813,4374,1,4375
2,41943,11,0,0,22,11,3813,10044,1,10045
2,41943,27621,0,0,11,11,3813,872,7533,8405
2,41943,31713,0,0,11,11,3813,109000,8649,117649
2,41943,41943,0,0,11,11,3813,25088,34317,59405
2,42060,12,0,0,12,12,3505,4374,1,4375
2,42075,13365,0,0,11,11,3825,3698,1215,4913
2,42075,14025,0,0,44,11,3825,4096,3825,7921
2,42156,18468,0,0,12,12,3513,8,4617,4625
2,42251,11,0,0,22,11,3841,4508,1,4509
2,42273,11,0,0,11,11,3843,4374,1,4375
2,42273,99,0,0,88,11,3843,15616,9,15625
2,42273,42273,0,0,44,11,3843,4096,11529,15625
2,42405,11,0,0,11,11,3855,4374,1,4375
2,42405,891,0,0,11,11,3855,4802,81,4883
2,42405,6699,0,0,11,11,3855,6250,609,6859
2,42405,8019,0,0,11,11,3855,2888,2187,5075
2,42405,26125,0,0,11,11,3855,32,11875,11907
2,42405,35739,0,0,11,11,3855,200,9747,9947
2,42420,12,0,0,12,12,3535,4374,1,4375
2,42480,24,0,0,24,12,3540,64000,9,64009
2,42480,72,0,0,24,12,3540,6776,9,6785
2,42588,6084,0,0,12,12,3549,2968,1521,4489
2,42588,33708,0,0,12,12,3549,4394,2809,7203
2,42636,1140,0,0,12,12,3553,8704,855,9559
2,42636,7500,0,0,12,12,3553,512,5625,6137
2,42636,8100,0,0,12,12,3553,2888,2025,4913
2,42636,26244,0,0,12,12,3553,3950,2187,6137
2,42713,11,0,0,11,11,3883,4374,1,4375
2,42713,1331,0,0,11,11,3883,6354,121,6475
2,42713,11649,0,0,11,11,3883,19208,3177,22385
2,42713,13475,0,0,11,11,3883,7766,1225,8991
2,42713,15059,0,0,11,11,3883,83006,1369,84375
2,42713,27181,0,0,11,11,3883,4374,2471,6845
2,42713,34947,0,0,11,11,3883,5632,28593,34225
2,42735,11,0,0,11,11,3885,4374,1,4375
2,42735,1001,0,0,11,11,3885,8192,1183,9375
2,42735,3861,0,0,11,11,3885,10952,1053,12005
2,42735,4455,0,0,11,11,3885,10952,1215,12167
2,42735,6875,0,0,11,11,3885,8192,8125,16317
2,42735,7007,0,0,11,11,3885,3200,4459,7659
2,42735,8019,0,0,11,11,3885,30758,729,31487
2,42735,9625,0,0,11,11,3885,128,6125,6253
2,42735,14245,0,0,11,11,3885,512,11655,12167
2,42735,15059,0,0,11,11,3885,32,6845,6877
2,42735,15059,0,0,11,11,3885,7406,1369,8775
2,42735,15059,0,0,11,11,3885,33614,1369,34983
2,42735,24167,0,0,11,11,3885,2058,2197,4255
2,42735,34375,0,0,11,11,3885,7938,3125,11063
2,42780,15252,0,0,12,12,3565,5290,1271,6561
2,42845,99,0,0,11,11,3895,8200,27,8227
2,42876,4764,0,0,12,12,3573,4576,1985,6561
2,42933,11,0,0,22,11,3903,5324,1,5325
2,42933,14311,0,0,11,11,3903,7290,1301,8591
2,43020,12,0,0,48,12,3585,3824,1,3825
2,43043,11,0,0,11,11,3913,4374,1,4375
2,43043,11,0,0,22,11,3913,4900,1,4901
2,43043,11,0,0,88,11,3913,16640,1,16641
2,43043,99,0,0,11,11,3913,21866,9,21875
2,43043,297,0,0,11,11,3913,24010,27,24037
2,43043,891,0,0,11,11,3913,8192,1053,9245
2,43043,1001,0,0,11,11,3913,8192,1183,9375
2,43043,1485,0,0,11,11,3913,8192,1755,9947
2,43043,2673,0,0,11,11,3913,3200,1701,4901
2,43043,5577,0,0,11,11,3913,3698,507,4205
2,43043,5577,0,0,11,11,3913,512,4563,5075
2,43043,8613,0,0,11,11,3913,5504,5481,10985
2,43043,9251,0,0,11,11,3913,110080,7569,117649
2,43043,20339,0,0,11,11,3913,2610,1849,4459
2,43043,24057,0,0,11,11,3913,1720,6561,8281
2,43043,24167,0,0,11,11,3913,42050,2197,44247
2,43043,26411,0,0,11,11,3913,12384,12005,24389
2,43043,33957,0,0,11,11,3913,1118,3087,4205
2,43043,39875,0,0,11,11,3913,13182,3625,16807
2,43140,972,0,0,12,12,3595,5752,243,5995
2,43175,11,0,0,11,11,3925,4374,1,4375
2,43175,11,0,0,22,11,3925,12716,1,12717
2,43175,55,0,0,11,11,3925,5024,25,5049
2,43175,1375,0,0,11,11,3925,4114,125,4239
2,43175,1727,0,0,11,11,3925,10880,1099,11979
2,43175,5929,0,0,11,11,3925,4374,539,4913
2,43175,15147,0,0,11,11,3925,2744,4131,6875
2,43175,20625,0,0,11,11,3925,5024,9375,14399
2,43175,22627,0,0,11,11,3925,5024,10285,15309
2,43175,34375,0,0,11,11,3925,5984,15625,21609
2,43197,5929,0,0,11,11,3927,4374,539,4913
2,43236,12,0,0,12,12,3603,4374,1,4375
2,43307,24167,0,0,11,11,3937,20402,2197,22599
2,43428,2916,0,0,12,12,3619,4312,729,5041
2,43428,6468,0,0,12,12,3619,4374,539,4913
2,43500,10092,0,0,12,12,3625,1352,2523,3875
2,43505,11,0,0,11,11,3955,4374,1,4375
2,43505,3773,0,0,11,11,3955,10368,2401,12769
2,43596,12,0,0,12,12,3633,4374,1,4375
2,43659,539,0,0,88,11,3969,14592,49,14641
2,43680,2184,0,0,24,12,3640,8192,1183,9375
2,43680,4368,0,0,48,12,3640,8192,1183,9375
2,43680,8736,0,0,96,12,3640,8192,1183,9375
2,43703,99,0,0,11,11,3973,70144,81,70225
2,43736,154,0,0,22,11,3976,4992,49,5041
2,43736,308,0,0,44,11,3976,4992,49,5041
2,43740,12,0,0,12,12,3645,4374,1,4375
2,43860,14580,0,0,12,12,3655,3698,1215,4913
2,43860,33708,0,0,12,12,3655,6966,2809,9775
2,43860,40500,0,0,12,12,3655,5618,3375,8993
2,43923,297,0,0,11,11,3993,5632,243,5875
2,43923,5445,0,0,11,11,3993,4418,495,4913
2,43923,12375,0,0,11,11,3993,2312,3375,5687
2,44076,12,0,0,12,12,3673,4374,1,4375
2,44100,12,0,0,12,12,3675,4374,1,4375
2,44208,22104,0,0,96,12,3684,4096,2763,6859
2,44316,972,0,0,12,12,3693,5912,243,6155
2,44436,12,0,0,12,12,3703,4374,1,4375
2,44436,12,0,0,12,12,3703,6174,1,6175
2,44436,36,0,0,12,12,3703,9016,9,9025
2,44436,60,0,0,12,12,3703,89376,25,89401
2,44436,108,0,0,12,12,3703,7448,27,7475
2,44436,1092,0,0,12,12,3703,8192,1183,9375
2,44436,2916,0,0,12,12,3703,3496,729,4225
2,44436,4500,0,0,12,12,3703,512,3375,3887
2,44436,5460,0,0,12,12,3703,7776,2275,10051
2,44436,6900,0,0,12,12,3703,10976,2875,13851
2,44436,7500,0,0,12,12,3703,1568,3125,4693
2,44436,8748,0,0,12,12,3703,3200,5103,8303
2,44436,15876,0,0,12,12,3703,1664,9261,10925
2,44436,24300,0,0,12,12,3703,1862,2025,3887
2,44436,26364,0,0,12,12,3703,126350,2197,128547
2,44436,28500,0,0,12,12,3703,4186,2375,6561
2,44436,28500,0,0,12,12,3703,32,11875,11907
2,44436,28812,0,0,12,12,3703,3200,16807,20007
2,44436,38988,0,0,12,12,3703,8918,3249,12167
2,44436,44436,0,0,12,12,3703,6422,3703,10125
2,44460,780,0,0,12,12,3705,6144,715,6859
2,44460,8748,0,0,12,12,3705,107008,6561,113569
2,44460,21660,0,0,12,12,3705,104544,9025,113569
2,44496,72,0,0,24,12,3708,10600,9,10609
2,44580,12,0,0,12,12,3715,4374,1,4375
2,44748,4116,0,0,12,12,3729,10368,2401,12769
2,44748,6804,0,0,12,12,3729,4394,567,4961
2,44748,12204,0,0,12,12,3729,73216,9153,82369
2,44940,12,0,0,12,12,3745,4374,1,4375
2,44940,972,0,0,12,12,3745,5000,243,5243
2,45084,12,0,0,24,12,3757,31212,1,31213
2,45372,2388,0,0,48,12,3781,4096,597,4693
2,45396,12,0,0,12,12,3783,19682,1,19683
2,45396,1500,0,0,12,12,3783,27936,625,28561
2,45396,7500,0,0,12,12,3783,70304,3125,73429
2,45396,37908,0,0,12,12,3783,6250,3159,9409
2,45516,12,0,0,12,12,3793,64000,9,64009
2,45516,12,0,0,12,12,3793,71874,1,71875
2,45540,12,0,0,12,12,3795,64000,9,64009
2,45540,12,0,0,12,12,3795,71874,1,71875
2,45565,13,0,0,13,13,3505,4374,1,4375
2,45669,20007,0,0,13,13,3513,8,4617,4625
2,45756,12,0,0,12,12,3813,4374,1,4375
2,45756,12,0,0,24,12,3813,10044,1,10045
2,45756,30132,0,0,12,12,3813,872,7533,8405
2,45756,34596,0,0,12,12,3813,109000,8649,117649
2,45756,45756,0,0,12,12,3813,25088,34317,59405
2,45900,14580,0,0,12,12,3825,3698,1215,4913
2,45900,15300,0,0,48,12,3825,4096,3825,7921
2,45955,13,0,0,13,13,3535,4374,1,4375
2,46020,26,0,0,26,13,3540,64000,9,64009
2,46020,78,0,0,26,13,3540,6776,9,6785
2,46092,12,0,0,24,12,3841,4508,1,4509
2,46116,12,0,0,12,12,3843,4374,1,4375
2,46116,108,0,0,96,12,3843,15616,9,15625
2,46116,46116,0,0,48,12,3843,4096,11529,15625
2,46137,6591,0,0,13,13,3549,2968,1521,4489
2,46137,36517,0,0,13,13,3549,4394,2809,7203
2,46189,1235,0,0,13,13,3553,8704,855,9559
2,46189,8125,0,0,13,13,3553,512,5625,6137
2,46189,8775,0,0,13,13,3553,2888,2025,4913
2,46189,28431,0,0,13,13,3553,3950,2187,6137
2,46260,12,0,0,12,12,3855,4374,1,4375
2,46260,972,0,0,12,12,3855,4802,81,4883
2,46260,7308,0,0,12,12,3855,6250,609,6859
2,46260,8748,0,0,12,12,3855,2888,2187,5075
2,46260,28500,0,0,12,12,3855,32,11875,11907
2,46260,38988,0,0,12,12,3855,200,9747,9947
2,46345,16523,0,0,13,13,3565,5290,1271,6561
2,46449,5161,0,0,13,13,3573,4576,1985,6561
2,46596,12,0,0,12,12,3883,4374,1,4375
2,46596,1452,0,0,12,12,3883,6354,121,6475
2,46596,12708,0,0,12,12,3883,19208,3177,22385
2,46596,14700,0,0,12,12,3883,7766,1225,8991
2,46596,16428,0,0,12,12,3883,83006,1369,84375
2,46596,29652,0,0,12,12,3883,4374,2471,6845
2,46596,38124,0,0,12,12,3883,5632,28593,34225
2,46605,13,0,0,52,13,3585,3824,1,3825
2,46620,12,0,0,12,12,3885,4374,1,4375
2,46620,1092,0,0,12,12,3885,8192,1183,9375
2,46620,4212,0,0,12,12,3885,10952,1053,12005
2,46620,4860,0,0,12,12,3885,10952,1215,12167
2,46620,7500,0,0,12,12,3885,8192,8125,16317
2,46620,7644,0,0,12,12,3885,3200,4459,7659
2,46620,8748,0,0,12,12,3885,30758,729,31487
2,46620,10500,0,0,12,12,3885,128,6125,6253
2,46620,15540,0,0,12,12,3885,512,11655,12167
2,46620,16428,0,0,12,12,3885,32,6845,6877
2,46620,16428,0,0,12,12,3885,7406,1369,8775
2,46620,16428,0,0,12,12,3885,33614,1369,34983
2,46620,26364,0,0,12,12,3885,2058,2197,4255
2,46620,37500,0,0,12,12,3885,7938,3125,11063
2,46735,1053,0,0,13,13,3595,5752,243,5995
2,46740,108,0,0,12,12,3895,8200,27,8227
2,46836,12,0,0,24,12,3903,5324,1,5325
2,46836,15612,0,0,12,12,3903,7290,1301,8591
2,46839,13,0,0,13,13,3603,4374,1,4375
2,46956,12,0,0,12,12,3913,4374,1,4375
2,46956,12,0,0,24,12,3913,4900,1,4901
2,46956,12,0,0,96,12,3913,16640,1,16641
2,46956,108,0,0,12,12,3913,21866,9,21875
2,46956,324,0,0,12,12,3913,24010,27,24037
2,46956,972,0,0,12,12,3913,8192,1053,9245
2,46956,1092,0,0,12,12,3913,8192,1183,9375
2,46956,1620,0,0,12,12,3913,8192,1755,9947
2,46956,2916,0,0,12,12,3913,3200,1701,4901
2,46956,6084,0,0,12,12,3913,3698,507,4205
2,46956,6084,0,0,12,12,3913,512,4563,5075
2,46956,9396,0,0,12,12,3913,5504,5481,10985
2,46956,10092,0,0,12,12,3913,110080,7569,117649
2,46956,22188,0,0,12,12,3913,2610,1849,4459
2,46956,26244,0,0,12,12,3913,1720,6561,8281
2,46956,26364,0,0,12,12,3913,42050,2197,44247
2,46956,28812,0,0,12,12,3913,12384,12005,24389
2,46956,37044,0,0,12,12,3913,1118,3087,4205
2,46956,43500,0,0,12,12,3913,13182,3625,16807
2,47047,3159,0,0,13,13,3619,4312,729,5041
2,47047,7007,0,0,13,13,3619,4374,539,4913
2,47100,12,0,0,12,12,3925,4374,1,4375
2,47100,12,0,0,24,12,3925,12716,1,12717
2,47100,60,0,0,12,12,3925,5024,25,5049
2,47100,1500,0,0,12,12,3925,4114,125,4239
2,47100,1884,0,0,12,12,3925,10880,1099,11979
2,47100,6468,0,0,12,12,3925,4374,539,4913
2,47100,16524,0,0,12,12,3925,2744,4131,6875
2,47100,22500,0,0,12,12,3925,5024,9375,14399
2,47100,24684,0,0,12,12,3925,5024,10285,15309
2,47100,37500,0,0,12,12,3925,5984,15625,21609
2,47124,6468,0,0,12,12,3927,4374,539,4913
2,47125,10933,0,0,13,13,3625,1352,2523,3875
2,47229,13,0,0,13,13,3633,4374,1,4375
2,47244,26364,0,0,12,12,3937,20402,2197,22599
2,47320,2366,0,0,26,13,3640,8192,1183,9375
2,47320,4732,0,0,52,13,3640,8192,1183,9375
2,47320,9464,0,0,104,13,3640,8192,1183,9375
2,47385,13,0,0,13,13,3645,4374,1,4375
2,47460,12,0,0,12,12,3955,4374,1,4375
2,47460,4116,0,0,12,12,3955,10368,2401,12769
2,47515,15795,0,0,13,13,3655,3698,1215,4913
2,47515,36517,0,0,13,13,3655,6966,2809,9775
2,47515,43875,0,0,13,13,3655,5618,3375,8993
2,47628,588,0,0,96,12,3969,14592,49,14641
2,47676,108,0,0,12,12,3973,70144,81,70225
2,47712,168,0,0,24,12,3976,4992,49,5041
2,47712,336,0,0,48,12,3976,4992,49,5041
2,47749,13,0,0,13,13,3673,4374,1,4375
2,47775,13,0,0,13,13,3675,4374,1,4375
2,47892,23946,0,0,104,13,3684,4096,2763,6859
2,47916,324,0,0,12,12,3993,5632,243,5875
2,47916,5940,0,0,12,12,3993,4418,495,4913
2,47916,13500,0,0,12,12,3993,2312,3375,5687
2,48009,1053,0,0,13,13,3693,5912,243,6155
2,48139,13,0,0,13,13,3703,4374,1,4375
2,48139,13,0,0,13,13,3703,6174,1,6175
2,48139,39,0,0,13,13,3703,9016,9,9025
2,48139,65,0,0,13,13,3703,89376,25,89401
2,48139,117,0,0,13,13,3703,7448,27,7475
2,48139,1183,0,0,13,13,3703,8192,1183,9375
2,48139,3159,0,0,13,13,3703,3496,729,4225
2,48139,4875,0,0,13,13,3703,512,3375,3887
2,48139,5915,0,0,13,13,3703,7776,2275,10051
2,48139,7475,0,0,13,13,3703,10976,2875,13851
2,48139,8125,0,0,13,13,3703,1568,3125,4693
2,48139,9477,0,0,13,13,3703,3200,5103,8303
2,48139,17199,0,0,13,13,3703,1664,9261,10925
2,48139,26325,0,0,13,13,3703,1862,2025,3887
2,48139,28561,0,0,13,13,3703,126350,2197,128547
2,48139,30875,0,0,13,13,3703,4186,2375,6561
2,48139,30875,0,0,13,13,3703,32,11875,11907
2,48139,31213,0,0,13,13,3703,3200,16807,20007
2,48139,42237,0,0,13,13,3703,8918,3249,12167
2,48139,48139,0,0,13,13,3703,6422,3703,10125
2,48165,845,0,0,13,13,3705,6144,715,6859
2,48165,9477,0,0,13,13,3705,107008,6561,113569
2,48165,23465,0,0,13,13,3705,104544,9025,113569
2,48204,78,0,0,26,13,3708,10600,9,10609
2,48295,13,0,0,13,13,3715,4374,1,4375
2,48477,4459,0,0,13,13,3729,10368,2401,12769
2,48477,7371,0,0,13,13,3729,4394,567,4961
2,48477,13221,0,0,13,13,3729,73216,9153,82369
2,48685,13,0,0,13,13,3745,4374,1,4375
2,48685,1053,0,0,13,13,3745,5000,243,5243
2,48841,13,0,0,26,13,3757,31212,1,31213
2,49070,14,0,0,14,14,3505,4374,1,4375
2,49153,2587,0,0,52,13,3781,4096,597,4693
2,49179,13,0,0,13,13,3783,19682,1,19683
2,49179,1625,0,0,13,13,3783,27936,625,28561
2,49179,8125,0,0,13,13,3783,70304,3125,73429
2,49179,41067,0,0,13,13,3783,6250,3159,9409
2,49182,21546,0,0,14,14,3513,8,4617,4625
2,49309,13,0,0,13,13,3793,64000,9,64009
2,49309,13,0,0,13,13,3793,71874,1,71875
2,49335,13,0,0,13,13,3795,64000,9,64009
2,49335,13,0,0,13,13,3795,71874,1,71875
2,49490,14,0,0,14,14,3535,4374,1,4375
2,49560,28,0,0,28,14,3540,64000,9,64009
2,49560,84,0,0,28,14,3540,6776,9,6785
2,49569,13,0,0,13,13,3813,4374,1,4375
2,49569,13,0,0,26,13,3813,10044,1,10045
2,49569,32643,0,0,13,13,3813,872,7533,8405
2,49569,37479,0,0,13,13,3813,109000,8649,117649
2,49569,49569,0,0,13,13,3813,25088,34317,59405
2,49686,7098,0,0,14,14,3549,2968,1521,4489
2,49686,39326,0,0,14,14,3549,4394,2809,7203
2,49725,15795,0,0,13,13,3825,3698,1215,4913
2,49725,16575,0,0,52,13,3825,4096,3825,7921
2,49742,1330,0,0,14,14,3553,8704,855,9559
2,49742,8750,0,0,14,14,3553,512,5625,6137
2,49742,9450,0,0,14,14,3553,2888,2025,4913
2,49742,30618,0,0,14,14,3553,3950,2187,6137
2,49910,17794,0,0,14,14,3565,5290,1271,6561
2,49933,13,0,0,26,13,3841,4508,1,4509
2,49959,13,0,0,13,13,3843,4374,1,4375
2,49959,117,0,0,104,13,3843,15616,9,15625
2,49959,49959,0,0,52,13,3843,4096,11529,15625
2,50022,5558,0,0,14,14,3573,4576,1985,6561
2,50115,13,0,0,13,13,3855,4374,1,4375
2,50115,1053,0,0,13,13,3855,4802,81,4883
2,50115,7917,0,0,13,13,3855,6250,609,6859
2,50115,9477,0,0,13,13,3855,2888,2187,5075
2,50115,30875,0,0,13,13,3855,32,11875,11907
2,50115,42237,0,0,13,13,3855,200,9747,9947
2,50190,14,0,0,56,14,3585,3824,1,3825
2,50330,1134,0,0,14,14,3595,5752,243,5995
2,50442,14,0,0,14,14,3603,4374,1,4375
2,50479,13,0,0,13,13,3883,4374,1,4375
2,50479,1573,0,0,13,13,3883,6354,121,6475
2,50479,13767,0,0,13,13,3883,19208,3177,22385
2,50479,15925,0,0,13,13,3883,7766,1225,8991
2,50479,17797,0,0,13,13,3883,83006,1369,84375
2,50479,32123,0,0,13,13,3883,4374,2471,6845
2,50479,41301,0,0,13,13,3883,5632,28593,34225
2,50505,13,0,0,13,13,3885,4374,1,4375
2,50505,1183,0,0,13,13,3885,8192,1183,9375
2,50505,4563,0,0,13,13,3885,10952,1053,12005
2,50505,5265,0,0,13,13,3885,10952,1215,12167
2,50505,8125,0,0,13,13,3885,8192,8125,16317
2,50505,8281,0,0,13,13,3885,3200,4459,7659
2,50505,9477,0,0,13,13,3885,30758,729,31487
2,50505,11375,0,0,13,13,3885,128,6125,6253
2,50505,16835,0,0,13,13,3885,512,11655,12167
2,50505,17797,0,0,13,13,3885,32,6845,6877
2,50505,17797,0,0,13,13,3885,7406,1369,8775
2,50505,17797,0,0,13,13,3885,33614,1369,34983
2,50505,28561,0,0,13,13,3885,2058,2197,4255
2,50505,40625,0,0,13,13,3885,7938,3125,11063
2,50635,117,0,0,13,13,3895,8200,27,8227
2,50666,3402,0,0,14,14,3619,4312,729,5041
2,50666,7546,0,0,14,14,3619,4374,539,4913
2,50739,13,0,0,26,13,3903,5324,1,5325
2,50739,16913,0,0,13,13,3903,7290,1301,8591
2,50750,11774,0,0,14,14,3625,1352,2523,3875
2,50862,14,0,0,14,14,3633,4374,1,4375
2,50869,13,0,0,13,13,3913,4374,1,4375
2,50869,13,0,0,26,13,3913,4900,1,4901
2,50869,13,0,0,104,13,3913,16640,1,16641
2,50869,117,0,0,13,13,3913,21866,9,21875
2,50869,351,0,0,13,13,3913,24010,27,24037
2,50869,1053,0,0,13,13,3913,8192,1053,9245
2,50869,1183,0,0,13,13,3913,8192,1183,9375
2,50869,1755,0,0,13,13,3913,8192,1755,9947
2,50869,3159,0,0,13,13,3913,3200,1701,4901
2,50869,6591,0,0,13,13,3913,3698,507,4205
2,50869,6591,0,0,13,13,3913,512,4563,5075
2,50869,10179,0,0,13,13,3913,5504,5481,10985
2,50869,10933,0,0,13,13,3913,110080,7569,117649
2,50869,24037,0,0,13,13,3913,2610,1849,4459
2,50869,28431,0,0,13,13,3913,1720,6561,8281
2,50869,28561,0,0,13,13,3913,42050,2197,44247
2,50869,31213,0,0,13,13,3913,12384,12005,24389
2,50869,40131,0,0,13,13,3913,1118,3087,4205
2,50869,47125,0,0,13,13,3913,13182,3625,16807
2,50960,2548,0,0,28,14,3640,8192,1183,9375
2,50960,5096,0,0,56,14,3640,8192,1183,9375
2,50960,10192,0,0,112,14,3640,8192,1183,9375
2,51025,13,0,0,13,13,3925,4374,1,4375
2,51025,13,0,0,26,13,3925,12716,1,12717
2,51025,65,0,0,13,13,3925,5024,25,5049
2,51025,1625,0,0,13,13,3925,4114,125,4239
2,51025,2041,0,0,13,13,3925,10880,1099,11979
2,51025,7007,0,0,13,13,3925,4374,539,4913
2,51025,17901,0,0,13,13,3925,2744,4131,6875
2,51025,24375,0,0,13,13,3925,5024,9375,14399
2,51025,26741,0,0,13,13,3925,5024,10285,15309
2,51025,40625,0,0,13,13,3925,5984,15625,21609
2,51030,14,0,0,14,14,3645,4374,1,4375
2,51051,7007,0,0,13,13,3927,4374,539,4913
2,51170,17010,0,0,14,14,3655,3698,1215,4913
2,51170,39326,0,0,14,14,3655,6966,2809,9775
2,51170,47250,0,0,14,14,3655,5618,3375,8993
2,51181,28561,0,0,13,13,3937,20402,2197,22599
2,51415,13,0,0,13,13,3955,4374,1,4375
2,51415,4459,0,0,13,13,3955,10368,2401,12769
2,51422,14,0,0,14,14,3673,4374,1,4375
2,51450,14,0,0,14,14,3675,4374,1,4375
2,51576,25788,0,0,112,14,3684,4096,2763,6859
2,51597,637,0,0,104,13,3969,14592,49,14641
2,51649,117,0,0,13,13,3973,70144,81,70225
2,51688,182,0,0,26,13,3976,4992,49,5041
2,51688,364,0,0,52,13,3976,4992,49,5041
2,51702,1134,0,0,14,14,3693,5912,243,6155
2,51842,14,0,0,14,14,3703,4374,1,4375
2,51842,14,0,0,14,14,3703,6174,1,6175
2,51842,42,0,0,14,14,3703,9016,9,9025
2,51842,70,0,0,14,14,3703,89376,25,89401
2,51842,126,0,0,14,14,3703,7448,27,7475
2,51842,1274,0,0,14,14,3703,8192,1183,9375
2,51842,3402,0,0,14,14,3703,3496,729,4225
2,51842,5250,0,0,14,14,3703,512,3375,3887
2,51842,6370,0,0,14,14,3703,7776,2275,10051
2,51842,8050,0,0,14,14,3703,10976,2875,13851
2,51842,8750,0,0,14,14,3703,1568,3125,4693
2,51842,10206,0,0,14,14,3703,3200,5103,8303
2,51842,18522,0,0,14,14,3703,1664,9261,10925
2,51842,28350,0,0,14,14,3703,1862,2025,3887
2,51842,30758,0,0,14,14,3703,126350,2197,128547
2,51842,33250,0,0,14,14,3703,4186,2375,6561
2,51842,33250,0,0,14,14,3703,32,11875,11907
2,51842,33614,0,0,14,14,3703,3200,16807,20007
2,51842,45486,0,0,14,14,3703,8918,3249,12167
2,51842,51842,0,0,14,14,3703,6422,3703,10125
2,51870,910,0,0,14,14,3705,6144,715,6859
2,51870,10206,0,0,14,14,3705,107008,6561,113569
2,51870,25270,0,0,14,14,3705,104544,9025,113569
2,51909,351,0,0,13,13,3993,5632,243,5875
2,51909,6435,0,0,13,13,3993,4418,495,4913
2,51909,14625,0,0,13,13,3993,2312,3375,5687
2,51912,84,0,0,28,14,3708,10600,9,10609
2,52010,14,0,0,14,14,3715,4374,1,4375
2,52206,4802,0,0,14,14,3729,10368,2401,12769
2,52206,7938,0,0,14,14,3729,4394,567,4961
2,52206,14238,0,0,14,14,3729,73216,9153,82369
2,52430,14,0,0,14,14,3745,4374,1,4375
2,52430,1134,0,0,14,14,3745,5000,243,5243
2,52575,15,0,0,15,15,3505,4374,1,4375
2,52598,14,0,0,28,14,3757,31212,1,31213
2,52695,23085,0,0,15,15,3513,8,4617,4625
2,52934,2786,0,0,56,14,3781,4096,597,4693
2,52962,14,0,0,14,14,3783,19682,1,19683
2,52962,1750,0,0,14,14,3783,27936,625,28561
2,52962,8750,0,0,14,14,3783,70304,3125,73429
2,52962,44226,0,0,14,14,3783,6250,3159,9409
2,53025,15,0,0,15,15,3535,4374,1,4375
2,53100,30,0,0,30,15,3540,64000,9,64009
2,53100,90,0,0,30,15,3540,6776,9,6785
2,53102,14,0,0,14,14,3793,64000,9,64009
2,53102,14,0,0,14,14,3793,71874,1,71875
2,53130,14,0,0,14,14,3795,64000,9,64009
2,53130,14,0,0,14,14,3795,71874,1,71875
2,53235,7605,0,0,15,15,3549,2968,1521,4489
2,53235,42135,0,0,15,15,3549,4394,2809,7203
2,53295,1425,0,0,15,15,3553,8704,855,9559
2,53295,9375,0,0,15,15,3553,512,5625,6137
2,53295,10125,0,0,15,15,3553,2888,2025,4913
2,53295,32805,0,0,15,15,3553,3950,2187,6137
2,53382,14,0,0,14,14,3813,4374,1,4375
2,53382,14,0,0,28,14,3813,10044,1,10045
2,53382,35154,0,0,14,14,3813,872,7533,8405
2,53382,40362,0,0,14,14,3813,109000,8649,117649
2,53382,53382,0,0,14,14,3813,25088,34317,59405
2,53475,19065,0,0,15,15,3565,5290,1271,6561
2,53550,17010,0,0,14,14,3825,3698,1215,4913
2,53550,17850,0,0,56,14,3825,4096,3825,7921
2,53595,5955,0,0,15,15,3573,4576,1985,6561
2,53774,14,0,0,28,14,3841,4508,1,4509
2,53775,15,0,0,60,15,3585,3824,1,3825
2,53802,14,0,0,14,14,3843,4374,1,4375
2,53802,126,0,0,112,14,3843,15616,9,15625
2,53802,53802,0,0,56,14,3843,4096,11529,15625
2,53925,1215,0,0,15,15,3595,5752,243,5995
2,53970,14,0,0,14,14,3855,4374,1,4375
2,53970,1134,0,0,14,14,3855,4802,81,4883
2,53970,8526,0,0,14,14,3855,6250,609,6859
2,53970,10206,0,0,14,14,3855,2888,2187,5075
2,53970,33250,0,0,14,14,3855,32,11875,11907
2,53970,45486,0,0,14,14,3855,200,9747,9947
2,54045,15,0,0,15,15,3603,4374,1,4375
2,54285,3645,0,0,15,15,3619,4312,729,5041
2,54285,8085,0,0,15,15,3619,4374,539,4913
2,54362,14,0,0,14,14,3883,4374,1,4375
2,54362,1694,0,0,14,14,3883,6354,121,6475
2,54362,14826,0,0,14,14,3883,19208,3177,22385
2,54362,17150,0,0,14,14,3883,7766,1225,8991
2,54362,19166,0,0,14,14,3883,83006,1369,84375
2,54362,34594,0,0,14,14,3883,4374,2471,6845
2,54362,44478,0,0,14,14,3883,5632,28593,34225
2,54375,12615,0,0,15,15,3625,1352,2523,3875
2,54390,14,0,0,14,14,3885,4374,1,4375
2,54390,1274,0,0,14,14,3885,8192,1183,9375
2,54390,4914,0,0,14,14,3885,10952,1053,12005
2,54390,5670,0,0,14,14,3885,10952,1215,12167
2,54390,8750,0,0,14,14,3885,8192,8125,16317
2,54390,8918,0,0,14,14,3885,3200,4459,7659
2,54390,10206,0,0,14,14,3885,30758,729,31487
2,54390,12250,0,0,14,14,3885,128,6125,6253
2,54390,18130,0,0,14,14,3885,512,11655,12167
2,54390,19166,0,0,14,14,3885,32,6845,6877
2,54390,19166,0,0,14,14,3885,7406,1369,8775
2,54390,19166,0,0,14,14,3885,33614,1369,34983
2,54390,30758,0,0,14,14,3885,2058,2197,4255
2,54390,43750,0,0,14,14,3885,7938,3125,11063
2,54495,15,0,0,15,15,3633,4374,1,4375
2,54530,126,0,0,14,14,3895,8200,27,8227
2,54600,2730,0,0,30,15,3640,8192,1183,9375
2,54600,5460,0,0,60,15,3640,8192,1183,9375
2,54600,10920,0,0,120,15,3640,8192,1183,9375
2,54642,14,0,0,28,14,3903,5324,1,5325
2,54642,18214,0,0,14,14,3903,7290,1301,8591
2,54675,15,0,0,15,15,3645,4374,1,4375
2,54782,14,0,0,14,14,3913,4374,1,4375
2,54782,14,0,0,28,14,3913,4900,1,4901
2,54782,14,0,0,112,14,3913,16640,1,16641
2,54782,126,0,0,14,14,3913,21866,9,21875
2,54782,378,0,0,14,14,3913,24010,27,24037
2,54782,1134,0,0,14,14,3913,8192,1053,9245
2,54782,1274,0,0,14,14,3913,8192,1183,9375
2,54782,1890,0,0,14,14,3913,8192,1755,9947
2,54782,3402,0,0,14,14,3913,3200,1701,4901
2,54782,7098,0,0,14,14,3913,3698,507,4205
2,54782,7098,0,0,14,14,3913,512,4563,5075
2,54782,10962,0,0,14,14,3913,5504,5481,10985
2,54782,11774,0,0,14,14,3913,110080,7569,117649
2,54782,25886,0,0,14,14,3913,2610,1849,4459
2,54782,30618,0,0,14,14,3913,1720,6561,8281
2,54782,30758,0,0,14,14,3913,42050,2197,44247
2,54782,33614,0,0,14,14,3913,12384,12005,24389
2,54782,43218,0,0,14,14,3913,1118,3087,4205
2,54782,50750,0,0,14,14,3913,13182,3625,16807
2,54825,18225,0,0,15,15,3655,3698,1215,4913
2,54825,42135,0,0,15,15,3655,6966,2809,9775
2,54825,50625,0,0,15,15,3655,5618,3375,8993
2,54950,14,0,0,14,14,3925,4374,1,4375
2,54950,14,0,0,28,14,3925,12716,1,12717
2,54950,70,0,0,14,14,3925,5024,25,5049
2,54950,1750,0,0,14,14,3925,4114,125,4239
2,54950,2198,0,0,14,14,3925,10880,1099,11979
2,54950,7546,0,0,14,14,3925,4374,539,4913
2,54950,19278,0,0,14,14,3925,2744,4131,6875
2,54950,26250,0,0,14,14,3925,5024,9375,14399
2,54950,28798,0,0,14,14,3925,5024,10285,15309
2,54950,43750,0,0,14,14,3925,5984,15625,21609
2,54978,7546,0,0,14,14,3927,4374,539,4913
2,55095,15,0,0,15,15,3673,4374,1,4375
2,55118,30758,0,0,14,14,3937,20402,2197,22599
2,55125,15,0,0,15,15,3675,4374,1,4375
2,55260,27630,0,0,120,15,3684,4096,2763,6859
2,55370,14,0,0,14,14,3955,4374,1,4375
2,55370,4802,0,0,14,14,3955,10368,2401,12769
2,55395,1215,0,0,15,15,3693,5912,243,6155
2,55545,15,0,0,15,15,3703,4374,1,4375
2,55545,15,0,0,15,15,3703,6174,1,6175
2,55545,45,0,0,15,15,3703,9016,9,9025
2,55545,75,0,0,15,15,3703,89376,25,89401
2,55545,135,0,0,15,15,3703,7448,27,7475
2,55545,1365,0,0,15,15,3703,8192,1183,9375
2,55545,3645,0,0,15,15,3703,3496,729,4225
2,55545,5625,0,0,15,15,3703,512,3375,3887
2,55545,6825,0,0,15,15,3703,7776,2275,10051
2,55545,8625,0,0,15,15,3703,10976,2875,13851
2,55545,9375,0,0,15,15,3703,1568,3125,4693
2,55545,10935,0,0,15,15,3703,3200,5103,8303
2,55545,19845,0,0,15,15,3703,1664,9261,10925
2,55545,30375,0,0,15,15,3703,1862,2025,3887
2,55545,32955,0,0,15,15,3703,126350,2197,128547
2,55545,35625,0,0,15,15,3703,4186,2375,6561
2,55545,35625,0,0,15,15,3703,32,11875,11907
2,55545,36015,0,0,15,15,3703,3200,16807,20007
2,55545,48735,0,0,15,15,3703,8918,3249,12167
2,55545,55545,0,0,15,15,3703,6422,3703,10125
2,55566,686,0,0,112,14,3969,14592,49,14641
2,55575,975,0,0,15,15,3705,6144,715,6859
2,55575,10935,0,0,15,15,3705,107008,6561,113569
2,55575,27075,0,0,15,15,3705,104544,9025,113569
2,55620,90,0,0,30,15,3708,10600,9,10609
2,55622,126,0,0,14,14,3973,70144,81,70225
2,55664,196,0,0,28,14,3976,4992,49,5041
2,55664,392,0,0,56,14,3976,4992,49,5041
2,55725,15,0,0,15,15,3715,4374,1,4375
2,55902,378,0,0,14,14,3993,5632,243,5875
2,55902,6930,0,0,14,14,3993,4418,495,4913
2,55902,15750,0,0,14,14,3993,2312,3375,5687
2,55935,5145,0,0,15,15,3729,10368,2401,12769
2,55935,8505,0,0,15,15,3729,4394,567,4961
2,55935,15255,0,0,15,15,3729,73216,9153,82369
2,56080,16,0,0,16,16,3505,4374,1,4375
2,56175,15,0,0,15,15,3745,4374,1,4375
2,56175,1215,0,0,15,15,3745,5000,243,5243
2,56208,24624,0,0,16,16,3513,8,4617,4625
2,56355,15,0,0,30,15,3757,31212,1,31213
2,56560,16,0,0,16,16,3535,4374,1,4375
2,56640,32,0,0,32,16,3540,64000,9,64009
2,56640,96,0,0,32,16,3540,6776,9,6785
2,56715,2985,0,0,60,15,3781,4096,597,4693
2,56745,15,0,0,15,15,3783,19682,1,19683
2,56745,1875,0,0,15,15,3783,27936,625,28561
2,56745,9375,0,0,15,15,3783,70304,3125,73429
2,56745,47385,0,0,15,15,3783,6250,3159,9409
2,56784,8112,0,0,16,16,3549,2968,1521,4489
2,56784,44944,0,0,16,16,3549,4394,2809,7203
2,56848,1520,0,0,16,16,3553,8704,855,9559
2,56848,10000,0,0,16,16,3553,512,5625,6137
2,56848,10800,0,0,16,16,3553,2888,2025,4913
2,56848,34992,0,0,16,16,3553,3950,2187,6137
2,56895,15,0,0,15,15,3793,64000,9,64009
2,56895,15,0,0,15,15,3793,71874,1,71875
2,56925,15,0,0,15,15,3795,64000,9,64009
2,56925,15,0,0,15,15,3795,71874,1,71875
2,57040,20336,0,0,16,16,3565,5290,1271,6561
2,57168,6352,0,0,16,16,3573,4576,1985,6561
2,57195,15,0,0,15,15,3813,4374,1,4375
2,57195,15,0,0,30,15,3813,10044,1,10045
2,57195,37665,0,0,15,15,3813,872,7533,8405
2,57195,43245,0,0,15,15,3813,109000,8649,117649
2,57195,57195,0,0,15,15,3813,25088,34317,59405
2,57360,16,0,0,64,16,3585,3824,1,3825
2,57375,18225,0,0,15,15,3825,3698,1215,4913
2,57375,19125,0,0,60,15,3825,4096,3825,7921
2,57520,1296,0,0,16,16,3595,5752,243,5995
2,57615,15,0,0,30,15,3841,4508,1,4509
2,57645,15,0,0,15,15,3843,4374,1,4375
2,57645,135,0,0,120,15,3843,15616,9,15625
2,57645,57645,0,0,60,15,3843,4096,11529,15625
2,57648,16,0,0,16,16,3603,4374,1,4375
2,57825,15,0,0,15,15,3855,4374,1,4375
2,57825,1215,0,0,15,15,3855,4802,81,4883
2,57825,9135,0,0,15,15,3855,6250,609,6859
2,57825,10935,0,0,15,15,3855,2888,2187,5075
2,57825,35625,0,0,15,15,3855,32,11875,11907
2,57825,48735,0,0,15,15,3855,200,9747,9947
2,57904,3888,0,0,16,16,3619,4312,729,5041
2,57904,8624,0,0,16,16,3619,4374,539,4913
2,58000,13456,0,0,16,16,3625,1352,2523,3875
2,58128,16,0,0,16,16,3633,4374,1,4375
2,58240,2912,0,0,32,16,3640,8192,1183,9375
2,58240,5824,0,0,64,16,3640,8192,1183,9375
2,58240,11648,0,0,128,16,3640,8192,1183,9375
2,58245,15,0,0,15,15,3883,4374,1,4375
2,58245,1815,0,0,15,15,3883,6354,121,6475
2,58245,15885,0,0,15,15,3883,19208,3177,22385
2,58245,18375,0,0,15,15,3883,7766,1225,8991
2,58245,20535,0,0,15,15,3883,83006,1369,84375
2,58245,37065,0,0,15,15,3883,4374,2471,6845
2,58245,47655,0,0,15,15,3883,5632,28593,34225
2,58275,15,0,0,15,15,3885,4374,1,4375
2,58275,1365,0,0,15,15,3885,8192,1183,9375
2,58275,5265,0,0,15,15,3885,10952,1053,12005
2,58275,6075,0,0,15,15,3885,10952,1215,12167
2,58275,9375,0,0,15,15,3885,8192,8125,16317
2,58275,9555,0,0,15,15,3885,3200,4459,7659
2,58275,10935,0,0,15,15,3885,30758,729,31487
2,58275,13125,0,0,15,15,3885,128,6125,6253
2,58275,19425,0,0,15,15,3885,512,11655,12167
2,58275,20535,0,0,15,15,3885,32,6845,6877
2,58275,20535,0,0,15,15,3885,7406,1369,8775
2,58275,20535,0,0,15,15,3885,33614,1369,34983
2,58275,32955,0,0,15,15,3885,2058,2197,4255
2,58275,46875,0,0,15,15,3885,7938,3125,11063
2,58320,16,0,0,16,16,3645,4374,1,4375
2,58425,135,0,0,15,15,3895,8200,27,8227
2,58480,19440,0,0,16,16,3655,3698,1215,4913
2,58480,44944,0,0,16,16,3655,6966,2809,9775
2,58480,54000,0,0,16,16,3655,5618,3375,8993
2,58545,15,0,0,30,15,3903,5324,1,5325
2,58545,19515,0,0,15,15,3903,7290,1301,8591
2,58695,15,0,0,15,15,3913,4374,1,4375
2,58695,15,0,0,30,15,3913,4900,1,4901
2,58695,15,0,0,120,15,3913,16640,1,16641
2,58695,135,0,0,15,15,3913,21866,9,21875
2,58695,405,0,0,15,15,3913,24010,27,24037
2,58695,1215,0,0,15,15,3913,8192,1053,9245
2,58695,1365,0,0,15,15,3913,8192,1183,9375
2,58695,2025,0,0,15,15,3913,8192,1755,9947
2,58695,3645,0,0,15,15,3913,3200,1701,4901
2,58695,7605,0,0,15,15,3913,3698,507,4205
2,58695,7605,0,0,15,15,3913,512,4563,5075
2,58695,11745,0,0,15,15,3913,5504,5481,10985
2,58695,12615,0,0,15,15,3913,110080,7569,117649
2,58695,27735,0,0,15,15,3913,2610,1849,4459
2,58695,32805,0,0,15,15,3913,1720,6561,8281
2,58695,32955,0,0,15,15,3913,42050,2197,44247
2,58695,36015,0,0,15,15,3913,12384,12005,24389
2,58695,46305,0,0,15,15,3913,1118,3087,4205
2,58695,54375,0,0,15,15,3913,13182,3625,16807
2,58768,16,0,0,16,16,3673,4374,1,4375
2,58800,16,0,0,16,16,3675,4374,1,4375
2,58875,15,0,0,15,15,3925,4374,1,4375
2,58875,15,0,0,30,15,3925,12716,1,12717
2,58875,75,0,0,15,15,3925,5024,25,5049
2,58875,1875,0,0,15,15,3925,4114,125,4239
2,58875,2355,0,0,15,15,3925,10880,1099,11979
2,58875,8085,0,0,15,15,3925,4374,539,4913
2,58875,20655,0,0,15,15,3925,2744,4131,6875
2,58875,28125,0,0,15,15,3925,5024,9375,14399
2,58875,30855,0,0,15,15,3925,5024,10285,15309
2,58875,46875,0,0,15,15,3925,5984,15625,21609
2,58905,8085,0,0,15,15,3927,4374,539,4913
2,58944,29472,0,0,128,16,3684,4096,2763,6859
2,59055,32955,0,0,15,15,3937,20402,2197,22599
2,59088,1296,0,0,16,16,3693,5912,243,6155
2,59248,16,0,0,16,16,3703,4374,1,4375
2,59248,16,0,0,16,16,3703,6174,1,6175
2,59248,48,0,0,16,16,3703,9016,9,9025
2,59248,80,0,0,16,16,3703,89376,25,89401
2,59248,144,0,0,16,16,3703,7448,27,7475
2,59248,1456,0,0,16,16,3703,8192,1183,9375
2,59248,3888,0,0,16,16,3703,3496,729,4225
2,59248,6000,0,0,16,16,3703,512,3375,3887
2,59248,7280,0,0,16,16,3703,7776,2275,10051
2,59248,9200,0,0,16,16,3703,10976,2875,13851
2,59248,10000,0,0,16,16,3703,1568,3125,4693
2,59248,11664,0,0,16,16,3703,3200,5103,8303
2,59248,21168,0,0,16,16,3703,1664,9261,10925
2,59248,32400,0,0,16,16,3703,1862,2025,3887
2,59248,35152,0,0,16,16,3703,126350,2197,128547
2,59248,38000,0,0,16,16,3703,4186,2375,6561
2,59248,38000,0,0,16,16,3703,32,11875,11907
2,59248,38416,0,0,16,16,3703,3200,16807,20007
2,59248,51984,0,0,16,16,3703,8918,3249,12167
2,59248,59248,0,0,16,16,3703,6422,3703,10125
2,59280,1040,0,0,16,16,3705,6144,715,6859
2,59280,11664,0,0,16,16,3705,107008,6561,113569
2,59280,28880,0,0,16,16,3705,104544,9025,113569
2,59325,15,0,0,15,15,3955,4374,1,4375
2,59325,5145,0,0,15,15,3955,10368,2401,12769
2,59328,96,0,0,32,16,3708,10600,9,10609
2,59440,16,0,0,16,16,3715,4374,1,4375
2,59535,735,0,0,120,15,3969,14592,49,14641
2,59585,17,0,0,17,17,3505,4374,1,4375
2,59595,135,0,0,15,15,3973,70144,81,70225
2,59640,210,0,0,30,15,3976,4992,49,5041
2,59640,420,0,0,60,15,3976,4992,49,5041
2,59664,5488,0,0,16,16,3729,10368,2401,12769
2,59664,9072,0,0,16,16,3729,4394,567,4961
2,59664,16272,0,0,16,16,3729,73216,9153,82369
2,59721,26163,0,0,17,17,3513,8,4617,4625
2,59895,405,0,0,15,15,3993,5632,243,5875
2,59895,7425,0,0,15,15,3993,4418,495,4913
2,59895,16875,0,0,15,15,3993,2312,3375,5687
2,59920,16,0,0,16,16,3745,4374,1,4375
2,59920,1296,0,0,16,16,3745,5000,243,5243
2,60095,17,0,0,17,17,3535,4374,1,4375
2,60112,16,0,0,32,16,3757,31212,1,31213
2,60180,34,0,0,34,17,3540,64000,9,64009
2,60180,102,0,0,34,17,3540,6776,9,6785
2,60333,8619,0,0,17,17,3549,2968,1521,4489
2,60333,47753,0,0,17,17,3549,4394,2809,7203
2,60401,1615,0,0,17,17,3553,8704,855,9559
2,60401,10625,0,0,17,17,3553,512,5625,6137
2,60401,11475,0,0,17,17,3553,2888,2025,4913
2,60401,37179,0,0,17,17,3553,3950,2187,6137
2,60496,3184,0,0,64,16,3781,4096,597,4693
2,60528,16,0,0,16,16,3783,19682,1,19683
2,60528,2000,0,0,16,16,3783,27936,625,28561
2,60528,10000,0,0,16,16,3783,70304,3125,73429
2,60528,50544,0,0,16,16,3783,6250,3159,9409
2,60605,21607,0,0,17,17,3565,5290,1271,6561
2,60688,16,0,0,16,16,3793,64000,9,64009
2,60688,16,0,0,16,16,3793,71874,1,71875
2,60720,16,0,0,16,16,3795,64000,9,64009
2,60720,16,0,0,16,16,3795,71874,1,71875
2,60741,6749,0,0,17,17,3573,4576,1985,6561
2,60945,17,0,0,68,17,3585,3824,1,3825
2,61008,16,0,0,16,16,3813,4374,1,4375
2,61008,16,0,0,32,16,3813,10044,1,10045
2,61008,40176,0,0,16,16,3813,872,7533,8405
2,61008,46128,0,0,16,16,3813,109000,8649,117649
2,61008,61008,0,0,16,16,3813,25088,34317,59405
2,61115,1377,0,0,17,17,3595,5752,243,5995
2,61200,19440,0,0,16,16,3825,3698,1215,4913
2,61200,20400,0,0,64,16,3825,4096,3825,7921
2,61251,17,0,0,17,17,3603,4374,1,4375
2,61456,16,0,0,32,16,3841,4508,1,4509
2,61488,16,0,0,16,16,3843,4374,1,4375
2,61488,144,0,0,128,16,3843,15616,9,15625
2,61488,61488,0,0,64,16,3843,4096,11529,15625
2,61523,4131,0,0,17,17,3619,4312,729,5041
2,61523,9163,0,0,17,17,3619,4374,539,4913
2,61625,14297,0,0,17,17,3625,1352,2523,3875
2,61680,16,0,0,16,16,3855,4374,1,4375
2,61680,1296,0,0,16,16,3855,4802,81,4883
2,61680,9744,0,0,16,16,3855,6250,609,6859
2,61680,11664,0,0,16,16,3855,2888,2187,5075
2,61680,38000,0,0,16,16,3855,32,11875,11907
2,61680,51984,0,0,16,16,3855,200,9747,9947
2,61761,17,0,0,17,17,3633,4374,1,4375
2,61880,3094,0,0,34,17,3640,8192,1183,9375
2,61880,6188,0,0,68,17,3640,8192,1183,9375
2,61880,12376,0,0,136,17,3640,8192,1183,9375
2,61965,17,0,0,17,17,3645,4374,1,4375
2,62128,16,0,0,16,16,3883,4374,1,4375
2,62128,1936,0,0,16,16,3883,6354,121,6475
2,62128,16944,0,0,16,16,3883,19208,3177,22385
2,62128,19600,0,0,16,16,3883,7766,1225,8991
2,62128,21904,0,0,16,16,3883,83006,1369,84375
2,62128,39536,0,0,16,16,3883,4374,2471,6845
2,62128,50832,0,0,16,16,3883,5632,28593,34225
2,62135,20655,0,0,17,17,3655,3698,1215,4913
2,62135,47753,0,0,17,17,3655,6966,2809,9775
2,62135,57375,0,0,17,17,3655,5618,3375,8993
2,62160,16,0,0,16,16,3885,4374,1,4375
2,62160,1456,0,0,16,16,3885,8192,1183,9375
2,62160,5616,0,0,16,16,3885,10952,1053,12005
2,62160,6480,0,0,16,16,3885,10952,1215,12167
2,62160,10000,0,0,16,16,3885,8192,8125,16317
2,62160,10192,0,0,16,16,3885,3200,4459,7659
2,62160,11664,0,0,16,16,3885,30758,729,31487
2,62160,14000,0,0,16,16,3885,128,6125,6253
2,62160,20720,0,0,16,16,3885,512,11655,12167
2,62160,21904,0,0,16,16,3885,32,6845,6877
2,62160,21904,0,0,16,16,3885,7406,1369,8775
2,62160,21904,0,0,16,16,3885,33614,1369,34983
2,62160,35152,0,0,16,16,3885,2058,2197,4255
2,62160,50000,0,0,16,16,3885,7938,3125,11063
2,62320,144,0,0,16,16,3895,8200,27,8227
2,62441,17,0,0,17,17,3673,4374,1,4375
2,62448,16,0,0,32,16,3903,5324,1,5325
2,62448,20816,0,0,16,16,3903,7290,1301,8591
2,62475,17,0,0,17,17,3675,4374,1,4375
2,62608,16,0,0,16,16,3913,4374,1,4375
2,62608,16,0,0,32,16,3913,4900,1,4901
2,62608,16,0,0,128,16,3913,16640,1,16641
2,62608,144,0,0,16,16,3913,21866,9,21875
2,62608,432,0,0,16,16,3913,24010,27,24037
2,62608,1296,0,0,16,16,3913,8192,1053,9245
2,62608,1456,0,0,16,16,3913,8192,1183,9375
2,62608,2160,0,0,16,16,3913,8192,1755,9947
2,62608,3888,0,0,16,16,3913,3200,1701,4901
2,62608,8112,0,0,16,16,3913,3698,507,4205
2,62608,8112,0,0,16,16,3913,512,4563,5075
2,62608,12528,0,0,16,16,3913,5504,5481,10985
2,62608,13456,0,0,16,16,3913,110080,7569,117649
2,62608,29584,0,0,16,16,3913,2610,1849,4459
2,62608,34992,0,0,16,16,3913,1720,6561,8281
2,62608,35152,0,0,16,16,3913,42050,2197,44247
2,62608,38416,0,0,16,16,3913,12384,12005,24389
2,62608,49392,0,0,16,16,3913,1118,3087,4205
2,62608,58000,0,0,16,16,3913,13182,3625,16807
2,62628,31314,0,0,136,17,3684,4096,2763,6859
2,62781,1377,0,0,17,17,3693,5912,243,6155
2,62800,16,0,0,16,16,3925,4374,1,4375
2,62800,16,0,0,32,16,3925,12716,1,12717
2,62800,80,0,0,16,16,3925,5024,25,5049
2,62800,2000,0,0,16,16,3925,4114,125,4239
2,62800,2512,0,0,16,16,3925,10880,1099,11979
2,62800,8624,0,0,16,16,3925,4374,539,4913
2,62800,22032,0,0,16,16,3925,2744,4131,6875
2,62800,30000,0,0,16,16,3925,5024,9375,14399
2,62800,32912,0,0,16,16,3925,5024,10285,15309
2,62800,50000,0,0,16,16,3925,5984,15625,21609
2,62832,8624,0,0,16,16,3927,4374,539,4913
2,62951,17,0,0,17,17,3703,4374,1,4375
2,62951,17,0,0,17,17,3703,6174,1,6175
2,62951,51,0,0,17,17,3703,9016,9,9025
2,62951,85,0,0,17,17,3703,89376,25,89401
2,62951,153,0,0,17,17,3703,7448,27,7475
2,62951,1547,0,0,17,17,3703,8192,1183,9375
2,62951,4131,0,0,17,17,3703,3496,729,4225
2,62951,6375,0,0,17,17,3703,512,3375,3887
2,62951,7735,0,0,17,17,3703,7776,2275,10051
2,62951,9775,0,0,17,17,3703,10976,2875,13851
2,62951,10625,0,0,17,17,3703,1568,3125,4693
2,62951,12393,0,0,17,17,3703,3200,5103,8303
2,62951,22491,0,0,17,17,3703,1664,9261,10925
2,62951,34425,0,0,17,17,3703,1862,2025,3887
2,62951,37349,0,0,17,17,3703,126350,2197,128547
2,62951,40375,0,0,17,17,3703,4186,2375,6561
2,62951,40375,0,0,17,17,3703,32,11875,11907
2,62951,40817,0,0,17,17,3703,3200,16807,20007
2,62951,55233,0,0,17,17,3703,8918,3249,12167
2,62951,62951,0,0,17,17,3703,6422,3703,10125
2,62985,1105,0,0,17,17,3705,6144,715,6859
2,62985,12393,0,0,17,17,3705,107008,6561,113569
2,62985,30685,0,0,17,17,3705,104544,9025,113569
2,62992,35152,0,0,16,16,3937,20402,2197,22599
2,63036,102,0,0,34,17,3708,10600,9,10609
2,63090,18,0,0,18,18,3505,4374,1,4375
2,63155,17,0,0,17,17,3715,4374,1,4375
2,63234,27702,0,0,18,18,3513,8,4617,4625
2,63280,16,0,0,16,16,3955,4374,1,4375
2,63280,5488,0,0,16,16,3955,10368,2401,12769
2,63393,5831,0,0,17,17,3729,10368,2401,12769
2,63393,9639,0,0,17,17,3729,4394,567,4961
2,63393,17289,0,0,17,17,3729,73216,9153,82369
2,63504,784,0,0,128,16,3969,14592,49,14641
2,63568,144,0,0,16,16,3973,70144,81,70225
2,63616,224,0,0,32,16,3976,4992,49,5041
2,63616,448,0,0,64,16,3976,4992,49,5041
2,63630,18,0,0,18,18,3535,4374,1,4375
2,63665,17,0,0,17,17,3745,4374,1,4375
2,63665,1377,0,0,17,17,3745,5000,243,5243
2,63720,36,0,0,36,18,3540,64000,9,64009
2,63720,108,0,0,36,18,3540,6776,9,6785
2,63869,17,0,0,34,17,3757,31212,1,31213
2,63882,9126,0,0,18,18,3549,2968,1521,4489
2,63882,50562,0,0,18,18,3549,4394,2809,7203
2,63888,432,0,0,16,16,3993,5632,243,5875
2,63888,7920,0,0,16,16,3993,4418,495,4913
2,63888,18000,0,0,16,16,3993,2312,3375,5687
2,63954,1710,0,0,18,18,3553,8704,855,9559
2,63954,11250,0,0,18,18,3553,512,5625,6137
2,63954,12150,0,0,18,18,3553,2888,2025,4913
2,63954,39366,0,0,18,18,3553,3950,2187,6137
2,64170,22878,0,0,18,18,3565,5290,1271,6561
2,64277,3383,0,0,68,17,3781,4096,597,4693
2,64311,17,0,0,17,17,3783,19682,1,19683
2,64311,2125,0,0,17,17,3783,27936,625,28561
2,64311,10625,0,0,17,17,3783,70304,3125,73429
2,64311,53703,0,0,17,17,3783,6250,3159,9409
2,64314,7146,0,0,18,18,3573,4576,1985,6561
2,64481,17,0,0,17,17,3793,64000,9,64009
2,64481,17,0,0,17,17,3793,71874,1,71875
2,64515,17,0,0,17,17,3795,64000,9,64009
2,64515,17,0,0,17,17,3795,71874,1,71875
2,64530,18,0,0,72,18,3585,3824,1,3825
2,64710,1458,0,0,18,18,3595,5752,243,5995
2,64821,17,0,0,17,17,3813,4374,1,4375
2,64821,17,0,0,34,17,3813,10044,1,10045
2,64821,42687,0,0,17,17,3813,872,7533,8405
2,64821,49011,0,0,17,17,3813,109000,8649,117649
2,64821,64821,0,0,17,17,3813,25088,34317,59405
2,64854,18,0,0,18,18,3603,4374,1,4375
2,65025,20655,0,0,17,17,3825,3698,1215,4913
2,65025,21675,0,0,68,17,3825,4096,3825,7921
2,65142,4374,0,0,18,18,3619,4312,729,5041
2,65142,9702,0,0,18,18,3619,4374,539,4913
2,65250,15138,0,0,18,18,3625,1352,2523,3875
2,65297,17,0,0,34,17,3841,4508,1,4509
2,65331,17,0,0,17,17,3843,4374,1,4375
2,65331,153,0,0,136,17,3843,15616,9,15625
2,65331,65331,0,0,68,17,3843,4096,11529,15625
2,65394,18,0,0,18,18,3633,4374,1,4375
2,65520,3276,0,0,36,18,3640,8192,1183,9375
2,65520,6552,0,0,72,18,3640,8192,1183,9375
2,65535,17,0,0,17,17,3855,4374,1,4375
2,65535,1377,0,0,17,17,3855,4802,81,4883
2,65535,10353,0,0,17,17,3855,6250,609,6859
2,65535,12393,0,0,17,17,3855,2888,2187,5075
2,65535,40375,0,0,17,17,3855,32,11875,11907
2,65535,55233,0,0,17,17,3855,200,9747,9947
2,65610,18,0,0,18,18,3645,4374,1,4375
2,65790,21870,0,0,18,18,3655,3698,1215,4913
2,65790,50562,0,0,18,18,3655,6966,2809,9775
2,65790,60750,0,0,18,18,3655,5618,3375,8993
2,66011,17,0,0,17,17,3883,4374,1,4375
2,66011,2057,0,0,17,17,3883,6354,121,6475
2,66011,18003,0,0,17,17,3883,19208,3177,22385
2,66011,20825,0,0,17,17,3883,7766,1225,8991
2,66011,23273,0,0,17,17,3883,83006,1369,84375
2,66011,42007,0,0,17,17,3883,4374,2471,6845
2,66011,54009,0,0,17,17,3883,5632,28593,34225
2,66045,17,0,0,17,17,3885,4374,1,4375
2,66045,1547,0,0,17,17,3885,8192,1183,9375
2,66045,5967,0,0,17,17,3885,10952,1053,12005
2,66045,6885,0,0,17,17,3885,10952,1215,12167
2,66045,10625,0,0,17,17,3885,8192,8125,16317
2,66045,10829,0,0,17,17,3885,3200,4459,7659
2,66045,12393,0,0,17,17,3885,30758,729,31487
2,66045,14875,0,0,17,17,3885,128,6125,6253
2,66045,22015,0,0,17,17,3885,512,11655,12167
2,66045,23273,0,0,17,17,3885,32,6845,6877
2,66045,23273,0,0,17,17,3885,7406,1369,8775
2,66045,23273,0,0,17,17,3885,33614,1369,34983
2,66045,37349,0,0,17,17,3885,2058,2197,4255
2,66045,53125,0,0,17,17,3885,7938,3125,11063
2,66114,18,0,0,18,18,3673,4374,1,4375
2,66150,18,0,0,18,18,3675,4374,1,4375
2,66215,153,0,0,17,17,3895,8200,27,8227
2,66351,17,0,0,34,17,3903,5324,1,5325
2,66351,22117,0,0,17,17,3903,7290,1301,8591
2,66474,1458,0,0,18,18,3693,5912,243,6155
2,66521,17,0,0,17,17,3913,4374,1,4375
2,66521,17,0,0,34,17,3913,4900,1,4901
2,66521,17,0,0,136,17,3913,16640,1,16641
2,66521,153,0,0,17,17,3913,21866,9,21875
2,66521,459,0,0,17,17,3913,24010,27,24037
2,66521,1377,0,0,17,17,3913,8192,1053,9245
2,66521,1547,0,0,17,17,3913,8192,1183,9375
2,66521,2295,0,0,17,17,3913,8192,1755,9947
2,66521,4131,0,0,17,17,3913,3200,1701,4901
2,66521,8619,0,0,17,17,3913,3698,507,4205
2,66521,8619,0,0,17,17,3913,512,4563,5075
2,66521,13311,0,0,17,17,3913,5504,5481,10985
2,66521,14297,0,0,17,17,3913,110080,7569,117649
2,66521,31433,0,0,17,17,3913,2610,1849,4459
2,66521,37179,0,0,17,17,3913,1720,6561,8281
2,66521,37349,0,0,17,17,3913,42050,2197,44247
2,66521,40817,0,0,17,17,3913,12384,12005,24389
2,66521,52479,0,0,17,17,3913,1118,3087,4205
2,66521,61625,0,0,17,17,3913,13182,3625,16807
2,66595,19,0,0,19,19,3505,4374,1,4375
2,66654,18,0,0,18,18,3703,4374,1,4375
2,66654,18,0,0,18,18,3703,6174,1,6175
2,66654,54,0,0,18,18,3703,9016,9,9025
2,66654,90,0,0,18,18,3703,89376,25,89401
2,66654,162,0,0,18,18,3703,7448,27,7475
2,66654,1638,0,0,18,18,3703,8192,1183,9375
2,66654,4374,0,0,18,18,3703,3496,729,4225
2,66654,6750,0,0,18,18,3703,512,3375,3887
2,66654,8190,0,0,18,18,3703,7776,2275,10051
2,66654,10350,0,0,18,18,3703,10976,2875,13851
2,66654,11250,0,0,18,18,3703,1568,3125,4693
2,66654,13122,0,0,18,18,3703,3200,5103,8303
2,66654,23814,0,0,18,18,3703,1664,9261,10925
2,66654,36450,0,0,18,18,3703,1862,2025,3887
2,66654,39546,0,0,18,18,3703,126350,2197,128547
2,66654,42750,0,0,18,18,3703,4186,2375,6561
2,66654,42750,0,0,18,18,3703,32,11875,11907
2,66654,43218,0,0,18,18,3703,3200,16807,20007
2,66654,58482,0,0,18,18,3703,8918,3249,12167
2,66654,66654,0,0,18,18,3703,6422,3703,10125
2,66690,1170,0,0,18,18,3705,6144,715,6859
2,66690,13122,0,0,18,18,3705,107008,6561,113569
2,66690,32490,0,0,18,18,3705,104544,9025,113569
2,66725,17,0,0,17,17,3925,4374,1,4375
2,66725,17,0,0,34,17,3925,12716,1,12717
2,66725,85,0,0,17,17,3925,5024,25,5049
2,66725,2125,0,0,17,17,3925,4114,125,4239
2,66725,2669,0,0,17,17,3925,10880,1099,11979
2,66725,9163,0,0,17,17,3925,4374,539,4913
2,66725,23409,0,0,17,17,3925,2744,4131,6875
2,66725,31875,0,0,17,17,3925,5024,9375,14399
2,66725,34969,0,0,17,17,3925,5024,10285,15309
2,66725,53125,0,0,17,17,3925,5984,15625,21609
2,66744,108,0,0,36,18,3708,10600,9,10609
2,66747,29241,0,0,19,19,3513,8,4617,4625
2,66759,9163,0,0,17,17,3927,4374,539,4913
2,66870,18,0,0,18,18,3715,4374,1,4375
2,66929,37349,0,0,17,17,3937,20402,2197,22599
2,67122,6174,0,0,18,18,3729,10368,2401,12769
2,67122,10206,0,0,18,18,3729,4394,567,4961
2,67122,18306,0,0,18,18,3729,73216,9153,82369
2,67165,19,0,0,19,19,3535,4374,1,4375
2,67235,17,0,0,17,17,3955,4374,1,4375
2,67235,5831,0,0,17,17,3955,10368,2401,12769
2,67260,38,0,0,38,19,3540,64000,9,64009
2,67260,114,0,0,38,19,3540,6776,9,6785
2,67410,18,0,0,18,18,3745,4374,1,4375
2,67410,1458,0,0,18,18,3745,5000,243,5243
2,67431,9633,0,0,19,19,3549,2968,1521,4489
2,67431,53371,0,0,19,19,3549,4394,2809,7203
2,67473,833,0,0,136,17,3969,14592,49,14641
2,67507,1805,0,0,19,19,3553,8704,855,9559
2,67507,11875,0,0,19,19,3553,512,5625,6137
2,67507,12825,0,0,19,19,3553,2888,2025,4913
2,67507,41553,0,0,19,19,3553,3950,2187,6137
2,67541,153,0,0,17,17,3973,70144,81,70225
2,67592,238,0,0,34,17,3976,4992,49,5041
2,67592,476,0,0,68,17,3976,4992,49,5041
2,67626,18,0,0,36,18,3757,31212,1,31213
2,67735,24149,0,0,19,19,3565,5290,1271,6561
2,67881,459,0,0,17,17,3993,5632,243,5875
2,67881,8415,0,0,17,17,3993,4418,495,4913
2,67881,19125,0,0,17,17,3993,2312,3375,5687
2,67887,7543,0,0,19,19,3573,4576,1985,6561
2,68058,3582,0,0,72,18,3781,4096,597,4693
2,68094,18,0,0,18,18,3783,19682,1,19683
2,68094,2250,0,0,18,18,3783,27936,625,28561
2,68094,11250,0,0,18,18,3783,70304,3125,73429
2,68094,56862,0,0,18,18,3783,6250,3159,9409
2,68115,19,0,0,76,19,3585,3824,1,3825
2,68274,18,0,0,18,18,3793,64000,9,64009
2,68274,18,0,0,18,18,3793,71874,1,71875
2,68305,1539,0,0,19,19,3595,5752,243,5995
2,68310,18,0,0,18,18,3795,64000,9,64009
2,68310,18,0,0,18,18,3795,71874,1,71875
2,68457,19,0,0,19,19,3603,4374,1,4375
2,68634,18,0,0,18,18,3813,4374,1,4375
2,68634,18,0,0,36,18,3813,10044,1,10045
2,68634,45198,0,0,18,18,3813,872,7533,8405
2,68634,51894,0,0,18,18,3813,109000,8649,117649
2,68634,68634,0,0,18,18,3813,25088,34317,59405
2,68761,4617,0,0,19,19,3619,4312,729,5041
2,68761,10241,0,0,19,19,3619,4374,539,4913
2,68850,21870,0,0,18,18,3825,3698,1215,4913
2,68850,22950,0,0,72,18,3825,4096,3825,7921
2,68875,15979,0,0,19,19,3625,1352,2523,3875
2,69027,19,0,0,19,19,3633,4374,1,4375
2,69138,18,0,0,36,18,3841,4508,1,4509
2,69160,3458,0,0,38,19,3640,8192,1183,9375
2,69160,6916,0,0,76,19,3640,8192,1183,9375
2,69174,18,0,0,18,18,3843,4374,1,4375
2,69174,69174,0,0,72,18,3843,4096,11529,15625
2,69255,19,0,0,19,19,3645,4374,1,4375
2,69390,18,0,0,18,18,3855,4374,1,4375
2,69390,1458,0,0,18,18,3855,4802,81,4883
2,69390,10962,0,0,18,18,3855,6250,609,6859
2,69390,13122,0,0,18,18,3855,2888,2187,5075
2,69390,42750,0,0,18,18,3855,32,11875,11907
2,69390,58482,0,0,18,18,3855,200,9747,9947
2,69445,23085,0,0,19,19,3655,3698,1215,4913
2,69445,53371,0,0,19,19,3655,6966,2809,9775
2,69445,64125,0,0,19,19,3655,5618,3375,8993
2,69787,19,0,0,19,19,3673,4374,1,4375
2,69825,19,0,0,19,19,3675,4374,1,4375
2,69894,18,0,0,18,18,3883,4374,1,4375
2,69894,2178,0,0,18,18,3883,6354,121,6475
2,69894,19062,0,0,18,18,3883,19208,3177,22385
2,69894,22050,0,0,18,18,3883,7766,1225,8991
2,69894,24642,0,0,18,18,3883,83006,1369,84375
2,69894,44478,0,0,18,18,3883,4374,2471,6845
2,69894,57186,0,0,18,18,3883,5632,28593,34225
2,69930,18,0,0,18,18,3885,4374,1,4375
2,69930,1638,0,0,18,18,3885,8192,1183,9375
2,69930,6318,0,0,18,18,3885,10952,1053,12005
2,69930,7290,0,0,18,18,3885,10952,1215,12167
2,69930,11250,0,0,18,18,3885,8192,8125,16317
2,69930,11466,0,0,18,18,3885,3200,4459,7659
2,69930,13122,0,0,18,18,3885,30758,729,31487
2,69930,15750,0,0,18,18,3885,128,6125,6253
2,69930,23310,0,0,18,18,3885,512,11655,12167
2,69930,24642,0,0,18,18,3885,32,6845,6877
2,69930,24642,0,0,18,18,3885,7406,1369,8775
2,69930,24642,0,0,18,18,3885,33614,1369,34983
2,69930,39546,0,0,18,18,3885,2058,2197,4255
2,69930,56250,0,0,18,18,3885,7938,3125,11063
2,70100,20,0,0,20,20,3505,4374,1,4375
2,70110,162,0,0,18,18,3895,8200,27,8227
2,70167,1539,0,0,19,19,3693,5912,243,6155
2,70254,18,0,0,36,18,3903,5324,1,5325
2,70254,23418,0,0,18,18,3903,7290,1301,8591
2,70260,30780,0,0,20,20,3513,8,4617,4625
2,70357,19,0,0,19,19,3703,4374,1,4375
2,70357,19,0,0,19,19,3703,6174,1,6175
2,70357,57,0,0,19,19,3703,9016,9,9025
2,70357,95,0,0,19,19,3703,89376,25,89401
2,70357,171,0,0,19,19,3703,7448,27,7475
2,70357,1729,0,0,19,19,3703,8192,1183,9375
2,70357,4617,0,0,19,19,3703,3496,729,4225
2,70357,7125,0,0,19,19,3703,512,3375,3887
2,70357,8645,0,0,19,19,3703,7776,2275,10051
2,70357,10925,0,0,19,19,3703,10976,2875,13851
2,70357,11875,0,0,19,19,3703,1568,3125,4693
2,70357,13851,0,0,19,19,3703,3200,5103,8303
2,70357,25137,0,0,19,19,3703,1664,9261,10925
2,70357,38475,0,0,19,19,3703,1862,2025,3887
2,70357,41743,0,0,19,19,3703,126350,2197,128547
2,70357,45125,0,0,19,19,3703,4186,2375,6561
2,70357,45125,0,0,19,19,3703,32,11875,11907
2,70357,45619,0,0,19,19,3703,3200,16807,20007
2,70357,61731,0,0,19,19,3703,8918,3249,12167
2,70357,70357,0,0,19,19,3703,6422,3703,10125
2,70395,1235,0,0,19,19,3705,6144,715,6859
2,70395,13851,0,0,19,19,3705,107008,6561,113569
2,70395,34295,0,0,19,19,3705,104544,9025,113569
2,70434,18,0,0,18,18,3913,4374,1,4375
2,70434,18,0,0,36,18,3913,4900,1,4901
2,70434,162,0,0,18,18,3913,21866,9,21875
2,70434,486,0,0,18,18,3913,24010,27,24037
2,70434,1458,0,0,18,18,3913,8192,1053,9245
2,70434,1638,0,0,18,18,3913,8192,1183,9375
2,70434,2430,0,0,18,18,3913,8192,1755,9947
2,70434,4374,0,0,18,18,3913,3200,1701,4901
2,70434,9126,0,0,18,18,3913,3698,507,4205
2,70434,9126,0,0,18,18,3913,512,4563,5075
2,70434,14094,0,0,18,18,3913,5504,5481,10985
2,70434,15138,0,0,18,18,3913,110080,7569,117649
2,70434,33282,0,0,18,18,3913,2610,1849,4459
2,70434,39366,0,0,18,18,3913,1720,6561,8281
2,70434,39546,0,0,18,18,3913,42050,2197,44247
2,70434,43218,0,0,18,18,3913,12384,12005,24389
2,70434,55566,0,0,18,18,3913,1118,3087,4205
2,70434,65250,0,0,18,18,3913,13182,3625,16807
2,70452,114,0,0,38,19,3708,10600,9,10609
2,70585,19,0,0,19,19,3715,4374,1,4375
2,70650,18,0,0,18,18,3925,4374,1,4375
2,70650,18,0,0,36,18,3925,12716,1,12717
2,70650,90,0,0,18,18,3925,5024,25,5049
2,70650,2250,0,0,18,18,3925,4114,125,4239
2,70650,2826,0,0,18,18,3925,10880,1099,11979
2,70650,9702,0,0,18,18,3925,4374,539,4913
2,70650,24786,0,0,18,18,3925,2744,4131,6875
2,70650,33750,0,0,18,18,3925,5024,9375,14399
2,70650,37026,0,0,18,18,3925,5024,10285,15309
2,70650,56250,0,0,18,18,3925,5984,15625,21609
2,70686,9702,0,0,18,18,3927,4374,539,4913
2,70700,20,0,0,20,20,3535,4374,1,4375
2,70800,40,0,0,40,20,3540,64000,9,64009
2,70800,120,0,0,40,20,3540,6776,9,6785
2,70851,6517,0,0,19,19,3729,10368,2401,12769
2,70851,10773,0,0,19,19,3729,4394,567,4961
2,70851,19323,0,0,19,19,3729,73216,9153,82369
2,70866,39546,0,0,18,18,3937,20402,2197,22599
2,70980,10140,0,0,20,20,3549,2968,1521,4489
2,70980,56180,0,0,20,20,3549,4394,2809,7203
2,71060,1900,0,0,20,20,3553,8704,855,9559
2,71060,12500,0,0,20,20,3553,512,5625,6137
2,71060,13500,0,0,20,20,3553,2888,2025,4913
2,71060,43740,0,0,20,20,3553,3950,2187,6137
2,71155,19,0,0,19,19,3745,4374,1,4375
2,71155,1539,0,0,19,19,3745,5000,243,5243
2,71190,18,0,0,18,18,3955,4374,1,4375
2,71190,6174,0,0,18,18,3955,10368,2401,12769
2,71300,25420,0,0,20,20,3565,5290,1271,6561
2,71383,19,0,0,38,19,3757,31212,1,31213
2,71460,7940,0,0,20,20,3573,4576,1985,6561
2,71514,162,0,0,18,18,3973,70144,81,70225
2,71568,252,0,0,36,18,3976,4992,49,5041
2,71568,504,0,0,72,18,3976,4992,49,5041
2,71700,20,0,0,80,20,3585,3824,1,3825
2,71839,3781,0,0,76,19,3781,4096,597,4693
2,71874,486,0,0,18,18,3993,5632,243,5875
2,71874,8910,0,0,18,18,3993,4418,495,4913
2,71874,20250,0,0,18,18,3993,2312,3375,5687
2,71877,19,0,0,19,19,3783,19682,1,19683
2,71877,2375,0,0,19,19,3783,27936,625,28561
2,71877,11875,0,0,19,19,3783,70304,3125,73429
2,71877,60021,0,0,19,19,3783,6250,3159,9409
2,71900,1620,0,0,20,20,3595,5752,243,5995
2,72060,20,0,0,20,20,3603,4374,1,4375
2,72067,19,0,0,19,19,3793,64000,9,64009
2,72067,19,0,0,19,19,3793,71874,1,71875
2,72105,19,0,0,19,19,3795,64000,9,64009
2,72105,19,0,0,19,19,3795,71874,1,71875
2,72380,4860,0,0,20,20,3619,4312,729,5041
2,72380,10780,0,0,20,20,3619,4374,539,4913
2,72447,19,0,0,19,19,3813,4374,1,4375
2,72447,19,0,0,38,19,3813,10044,1,10045
2,72447,47709,0,0,19,19,3813,872,7533,8405
2,72447,54777,0,0,19,19,3813,109000,8649,117649
2,72447,72447,0,0,19,19,3813,25088,34317,59405
2,72500,16820,0,0,20,20,3625,1352,2523,3875
2,72660,20,0,0,20,20,3633,4374,1,4375
2,72675,23085,0,0,19,19,3825,3698,1215,4913
2,72675,24225,0,0,76,19,3825,4096,3825,7921
2,72800,3640,0,0,40,20,3640,8192,1183,9375
2,72800,7280,0,0,80,20,3640,8192,1183,9375
2,72900,20,0,0,20,20,3645,4374,1,4375
2,72979,19,0,0,38,19,3841,4508,1,4509
2,73017,19,0,0,19,19,3843,4374,1,4375
2,73017,73017,0,0,76,19,3843,4096,11529,15625
2,73100,24300,0,0,20,20,3655,3698,1215,4913
2,73100,56180,0,0,20,20,3655,6966,2809,9775
2,73100,67500,0,0,20,20,3655,5618,3375,8993
2,73245,19,0,0,19,19,3855,4374,1,4375
2,73245,1539,0,0,19,19,3855,4802,81,4883
2,73245,11571,0,0,19,19,3855,6250,609,6859
2,73245,13851,0,0,19,19,3855,2888,2187,5075
2,73245,45125,0,0,19,19,3855,32,11875,11907
2,73245,61731,0,0,19,19,3855,200,9747,9947
2,73460,20,0,0,20,20,3673,4374,1,4375
2,73500,20,0,0,20,20,3675,4374,1,4375
2,73605,21,0,0,21,21,3505,4374,1,4375
2,73773,32319,0,0,21,21,3513,8,4617,4625
2,73777,19,0,0,19,19,3883,4374,1,4375
2,73777,2299,0,0,19,19,3883,6354,121,6475
2,73777,20121,0,0,19,19,3883,19208,3177,22385
2,73777,23275,0,0,19,19,3883,7766,1225,8991
2,73777,26011,0,0,19,19,3883,83006,1369,84375
2,73777,46949,0,0,19,19,3883,4374,2471,6845
2,73777,60363,0,0,19,19,3883,5632,28593,34225
2,73815,19,0,0,19,19,3885,4374,1,4375
2,73815,1729,0,0,19,19,3885,8192,1183,9375
2,73815,6669,0,0,19,19,3885,10952,1053,12005
2,73815,7695,0,0,19,19,3885,10952,1215,12167
2,73815,11875,0,0,19,19,3885,8192,8125,16317
2,73815,12103,0,0,19,19,3885,3200,4459,7659
2,73815,13851,0,0,19,19,3885,30758,729,31487
2,73815,16625,0,0,19,19,3885,128,6125,6253
2,73815,24605,0,0,19,19,3885,512,11655,12167
2,73815,26011,0,0,19,19,3885,32,6845,6877
2,73815,26011,0,0,19,19,3885,7406,1369,8775
2,73815,26011,0,0,19,19,3885,33614,1369,34983
2,73815,41743,0,0,19,19,3885,2058,2197,4255
2,73815,59375,0,0,19,19,3885,7938,3125,11063
2,73860,1620,0,0,20,20,3693,5912,243,6155
2,74005,171,0,0,19,19,3895,8200,27,8227
2,74060,20,0,0,20,20,3703,4374,1,4375
2,74060,20,0,0,20,20,3703,6174,1,6175
2,74060,60,0,0,20,20,3703,9016,9,9025
2,74060,100,0,0,20,20,3703,89376,25,89401
2,74060,180,0,0,20,20,3703,7448,27,7475
2,74060,1820,0,0,20,20,3703,8192,1183,9375
2,74060,4860,0,0,20,20,3703,3496,729,4225
2,74060,7500,0,0,20,20,3703,512,3375,3887
2,74060,9100,0,0,20,20,3703,7776,2275,10051
2,74060,11500,0,0,20,20,3703,10976,2875,13851
2,74060,12500,0,0,20,20,3703,1568,3125,4693
2,74060,14580,0,0,20,20,3703,3200,5103,8303
2,74060,26460,0,0,20,20,3703,1664,9261,10925
2,74060,40500,0,0,20,20,3703,1862,2025,3887
2,74060,43940,0,0,20,20,3703,126350,2197,128547
2,74060,47500,0,0,20,20,3703,4186,2375,6561
2,74060,47500,0,0,20,20,3703,32,11875,11907
2,74060,48020,0,0,20,20,3703,3200,16807,20007
2,74060,64980,0,0,20,20,3703,8918,3249,12167
2,74060,74060,0,0,20,20,3703,6422,3703,10125
2,74100,1300,0,0,20,20,3705,6144,715,6859
2,74100,14580,0,0,20,20,3705,107008,6561,113569
2,74100,36100,0,0,20,20,3705,104544,9025,113569
2,74157,19,0,0,38,19,3903,5324,1,5325
2,74157,24719,0,0,19,19,3903,7290,1301,8591
2,74160,120,0,0,40,20,3708,10600,9,10609
2,74235,21,0,0,21,21,3535,4374,1,4375
2,74300,20,0,0,20,20,3715,4374,1,4375
2,74340,42,0,0,42,21,3540,64000,9,64009
2,74340,126,0,0,42,21,3540,6776,9,6785
2,74347,19,0,0,19,19,3913,4374,1,4375
2,74347,19,0,0,38,19,3913,4900,1,4901
2,74347,171,0,0,19,19,3913,21866,9,21875
2,74347,513,0,0,19,19,3913,24010,27,24037
2,74347,1539,0,0,19,19,3913,8192,1053,9245
2,74347,1729,0,0,19,19,3913,8192,1183,9375
2,74347,2565,0,0,19,19,3913,8192,1755,9947
2,74347,4617,0,0,19,19,3913,3200,1701,4901
2,74347,9633,0,0,19,19,3913,3698,507,4205
2,74347,9633,0,0,19,19,3913,512,4563,5075
2,74347,14877,0,0,19,19,3913,5504,5481,10985
2,74347,15979,0,0,19,19,3913,110080,7569,117649
2,74347,35131,0,0,19,19,3913,2610,1849,4459
2,74347,41553,0,0,19,19,3913,1720,6561,8281
2,74347,41743,0,0,19,19,3913,42050,2197,44247
2,74347,45619,0,0,19,19,3913,12384,12005,24389
2,74347,58653,0,0,19,19,3913,1118,3087,4205
2,74347,68875,0,0,19,19,3913,13182,3625,16807
2,74529,10647,0,0,21,21,3549,2968,1521,4489
2,74529,58989,0,0,21,21,3549,4394,2809,7203
2,74575,19,0,0,19,19,3925,4374,1,4375
2,74575,19,0,0,38,19,3925,12716,1,12717
2,74575,95,0,0,19,19,3925,5024,25,5049
2,74575,2375,0,0,19,19,3925,4114,125,4239
2,74575,2983,0,0,19,19,3925,10880,1099,11979
2,74575,10241,0,0,19,19,3925,4374,539,4913
2,74575,26163,0,0,19,19,3925,2744,4131,6875
2,74575,35625,0,0,19,19,3925,5024,9375,14399
2,74575,39083,0,0,19,19,3925,5024,10285,15309
2,74575,59375,0,0,19,19,3925,5984,15625,21609
2,74580,6860,0,0,20,20,3729,10368,2401,12769
2,74580,11340,0,0,20,20,3729,4394,567,4961
2,74580,20340,0,0,20,20,3729,73216,9153,82369
2,74613,1995,0,0,21,21,3553,8704,855,9559
2,74613,10241,0,0,19,19,3927,4374,539,4913
2,74613,13125,0,0,21,21,3553,512,5625,6137
2,74613,14175,0,0,21,21,3553,2888,2025,4913
2,74613,45927,0,0,21,21,3553,3950,2187,6137
2,74803,41743,0,0,19,19,3937,20402,2197,22599
2,74865,26691,0,0,21,21,3565,5290,1271,6561
2,74900,20,0,0,20,20,3745,4374,1,4375
2,74900,1620,0,0,20,20,3745,5000,243,5243
2,75033,8337,0,0,21,21,3573,4576,1985,6561
2,75140,20,0,0,40,20,3757,31212,1,31213
2,75145,19,0,0,19,19,3955,4374,1,4375
2,75145,6517,0,0,19,19,3955,10368,2401,12769
2,75285,21,0,0,84,21,3585,3824,1,3825
2,75487,171,0,0,19,19,3973,70144,81,70225
2,75495,1701,0,0,21,21,3595,5752,243,5995
2,75544,266,0,0,38,19,3976,4992,49,5041
2,75544,532,0,0,76,19,3976,4992,49,5041
2,75620,3980,0,0,80,20,3781,4096,597,4693
2,75660,20,0,0,20,20,3783,19682,1,19683
2,75660,2500,0,0,20,20,3783,27936,625,28561
2,75660,12500,0,0,20,20,3783,70304,3125,73429
2,75660,63180,0,0,20,20,3783,6250,3159,9409
2,75663,21,0,0,21,21,3603,4374,1,4375
2,75860,20,0,0,20,20,3793,64000,9,64009
2,75860,20,0,0,20,20,3793,71874,1,71875
2,75867,513,0,0,19,19,3993,5632,243,5875
2,75867,9405,0,0,19,19,3993,4418,495,4913
2,75867,21375,0,0,19,19,3993,2312,3375,5687
2,75900,20,0,0,20,20,3795,64000,9,64009
2,75900,20,0,0,20,20,3795,71874,1,71875
2,75999,5103,0,0,21,21,3619,4312,729,5041
2,75999,11319,0,0,21,21,3619,4374,539,4913
2,76125,17661,0,0,21,21,3625,1352,2523,3875
2,76260,20,0,0,20,20,3813,4374,1,4375
2,76260,20,0,0,40,20,3813,10044,1,10045
2,76260,50220,0,0,20,20,3813,872,7533,8405
2,76260,57660,0,0,20,20,3813,109000,8649,117649
2,76260,76260,0,0,20,20,3813,25088,34317,59405
2,76293,21,0,0,21,21,3633,4374,1,4375
2,76440,3822,0,0,42,21,3640,8192,1183,9375
2,76440,7644,0,0,84,21,3640,8192,1183,9375
2,76500,24300,0,0,20,20,3825,3698,1215,4913
2,76500,25500,0,0,80,20,3825,4096,3825,7921
2,76545,21,0,0,21,21,3645,4374,1,4375
2,76755,25515,0,0,21,21,3655,3698,1215,4913
2,76755,58989,0,0,21,21,3655,6966,2809,9775
2,76755,70875,0,0,21,21,3655,5618,3375,8993
2,76820,20,0,0,40,20,3841,4508,1,4509
2,76860,20,0,0,20,20,3843,4374,1,4375
2,76860,76860,0,0,80,20,3843,4096,11529,15625
2,77100,20,0,0,20,20,3855,4374,1,4375
2,77100,1620,0,0,20,20,3855,4802,81,4883
2,77100,12180,0,0,20,20,3855,6250,609,6859
2,77100,14580,0,0,20,20,3855,2888,2187,5075
2,77100,47500,0,0,20,20,3855,32,11875,11907
2,77100,64980,0,0,20,20,3855,200,9747,9947
2,77110,22,0,0,22,22,3505,4374,1,4375
2,77133,21,0,0,21,21,3673,4374,1,4375
2,77175,21,0,0,21,21,3675,4374,1,4375
2,77286,33858,0,0,22,22,3513,8,4617,4625
2,77553,1701,0,0,21,21,3693,5912,243,6155
2,77660,20,0,0,20,20,3883,4374,1,4375
2,77660,2420,0,0,20,20,3883,6354,121,6475
2,77660,21180,0,0,20,20,3883,19208,3177,22385
2,77660,24500,0,0,20,20,3883,7766,1225,8991
2,77660,27380,0,0,20,20,3883,83006,1369,84375
2,77660,49420,0,0,20,20,3883,4374,2471,6845
2,77660,63540,0,0,20,20,3883,5632,28593,34225
2,77700,20,0,0,20,20,3885,4374,1,4375
2,77700,1820,0,0,20,20,3885,8192,1183,9375
2,77700,7020,0,0,20,20,3885,10952,1053,12005
2,77700,8100,0,0,20,20,3885,10952,1215,12167
2,77700,12500,0,0,20,20,3885,8192,8125,16317
2,77700,12740,0,0,20,20,3885,3200,4459,7659
2,77700,14580,0,0,20,20,3885,30758,729,31487
2,77700,17500,0,0,20,20,3885,128,6125,6253
2,77700,25900,0,0,20,20,3885,512,11655,12167
2,77700,27380,0,0,20,20,3885,32,6845,6877
2,77700,27380,0,0,20,20,3885,7406,1369,8775
2,77700,27380,0,0,20,20,3885,33614,1369,34983
2,77700,43940,0,0,20,20,3885,2058,2197,4255
2,77700,62500,0,0,20,20,3885,7938,3125,11063
2,77763,21,0,0,21,21,3703,4374,1,4375
2,77763,21,0,0,21,21,3703,6174,1,6175
2,77763,63,0,0,21,21,3703,9016,9,9025
2,77763,105,0,0,21,21,3703,89376,25,89401
2,77763,189,0,0,21,21,3703,7448,27,7475
2,77763,1911,0,0,21,21,3703,8192,1183,9375
2,77763,5103,0,0,21,21,3703,3496,729,4225
2,77763,7875,0,0,21,21,3703,512,3375,3887
2,77763,9555,0,0,21,21,3703,7776,2275,10051
2,77763,12075,0,0,21,21,3703,10976,2875,13851
2,77763,13125,0,0,21,21,3703,1568,3125,4693
2,77763,15309,0,0,21,21,3703,3200,5103,8303
2,77763,27783,0,0,21,21,3703,1664,9261,10925
2,77763,42525,0,0,21,21,3703,1862,2025,3887
2,77763,46137,0,0,21,21,3703,126350,2197,128547
2,77763,49875,0,0,21,21,3703,4186,2375,6561
2,77763,49875,0,0,21,21,3703,32,11875,11907
2,77763,50421,0,0,21,21,3703,3200,16807,20007
2,77763,68229,0,0,21,21,3703,8918,3249,12167
2,77763,77763,0,0,21,21,3703,6422,3703,10125
2,77770,22,0,0,22,22,3535,4374,1,4375
2,77805,1365,0,0,21,21,3705,6144,715,6859
2,77805,15309,0,0,21,21,3705,107008,6561,113569
2,77805,37905,0,0,21,21,3705,104544,9025,113569
2,77868,126,0,0,42,21,3708,10600,9,10609
2,77880,44,0,0,44,22,3540,64000,9,64009
2,77880,132,0,0,44,22,3540,6776,9,6785
2,77900,180,0,0,20,20,3895,8200,27,8227
2,78015,21,0,0,21,21,3715,4374,1,4375
2,78060,20,0,0,40,20,3903,5324,1,5325
2,78060,26020,0,0,20,20,3903,7290,1301,8591
2,78078,11154,0,0,22,22,3549,2968,1521,4489
2,78078,61798,0,0,22,22,3549,4394,2809,7203
2,78166,2090,0,0,22,22,3553,8704,855,9559
2,78166,13750,0,0,22,22,3553,512,5625,6137
2,78166,14850,0,0,22,22,3553,2888,2025,4913
2,78166,48114,0,0,22,22,3553,3950,2187,6137
2,78260,20,0,0,20,20,3913,4374,1,4375
2,78260,20,0,0,40,20,3913,4900,1,4901
2,78260,180,0,0,20,20,3913,21866,9,21875
2,78260,540,0,0,20,20,3913,24010,27,24037
2,78260,1620,0,0,20,20,3913,8192,1053,9245
2,78260,1820,0,0,20,20,3913,8192,1183,9375
2,78260,2700,0,0,20,20,3913,8192,1755,9947
2,78260,4860,0,0,20,20,3913,3200,1701,4901
2,78260,10140,0,0,20,20,3913,3698,507,4205
2,78260,10140,0,0,20,20,3913,512,4563,5075
2,78260,15660,0,0,20,20,3913,5504,5481,10985
2,78260,16820,0,0,20,20,3913,110080,7569,117649
2,78260,36980,0,0,20,20,3913,2610,1849,4459
2,78260,43740,0,0,20,20,3913,1720,6561,8281
2,78260,43940,0,0,20,20,3913,42050,2197,44247
2,78260,48020,0,0,20,20,3913,12384,12005,24389
2,78260,61740,0,0,20,20,3913,1118,3087,4205
2,78260,72500,0,0,20,20,3913,13182,3625,16807
2,78309,7203,0,0,21,21,3729,10368,2401,12769
2,78309,11907,0,0,21,21,3729,4394,567,4961
2,78309,21357,0,0,21,21,3729,73216,9153,82369
2,78430,27962,0,0,22,22,3565,5290,1271,6561
2,78500,20,0,0,20,20,3925,4374,1,4375
2,78500,20,0,0,40,20,3925,12716,1,12717
2,78500,100,0,0,20,20,3925,5024,25,5049
2,78500,2500,0,0,20,20,3925,4114,125,4239
2,78500,3140,0,0,20,20,3925,10880,1099,11979
2,78500,10780,0,0,20,20,3925,4374,539,4913
2,78500,27540,0,0,20,20,3925,2744,4131,6875
2,78500,37500,0,0,20,20,3925,5024,9375,14399
2,78500,41140,0,0,20,20,3925,5024,10285,15309
2,78500,62500,0,0,20,20,3925,5984,15625,21609
2,78540,10780,0,0,20,20,3927,4374,539,4913
2,78606,8734,0,0,22,22,3573,4576,1985,6561
2,78645,21,0,0,21,21,3745,4374,1,4375
2,78645,1701,0,0,21,21,3745,5000,243,5243
2,78740,43940,0,0,20,20,3937,20402,2197,22599
2,78870,22,0,0,88,22,3585,3824,1,3825
2,78897,21,0,0,42,21,3757,31212,1,31213
2,79090,1782,0,0,22,22,3595,5752,243,5995
2,79100,20,0,0,20,20,3955,4374,1,4375
2,79100,6860,0,0,20,20,3955,10368,2401,12769
2,79266,22,0,0,22,22,3603,4374,1,4375
2,79401,4179,0,0,84,21,3781,4096,597,4693
2,79443,21,0,0,21,21,3783,19682,1,19683
2,79443,2625,0,0,21,21,3783,27936,625,28561
2,79443,13125,0,0,21,21,3783,70304,3125,73429
2,79443,66339,0,0,21,21,3783,6250,3159,9409
2,79460,180,0,0,20,20,3973,70144,81,70225
2,79520,280,0,0,40,20,3976,4992,49,5041
2,79520,560,0,0,80,20,3976,4992,49,5041
2,79618,5346,0,0,22,22,3619,4312,729,5041
2,79618,11858,0,0,22,22,3619,4374,539,4913
2,79653,21,0,0,21,21,3793,64000,9,64009
2,79653,21,0,0,21,21,3793,71874,1,71875
2,79695,21,0,0,21,21,3795,64000,9,64009
2,79695,21,0,0,21,21,3795,71874,1,71875
2,79750,18502,0,0,22,22,3625,1352,2523,3875
2,79860,540,0,0,20,20,3993,5632,243,5875
2,79860,9900,0,0,20,20,3993,4418,495,4913
2,79860,22500,0,0,20,20,3993,2312,3375,5687
2,79926,22,0,0,22,22,3633,4374,1,4375
2,80073,21,0,0,21,21,3813,4374,1,4375
2,80073,21,0,0,42,21,3813,10044,1,10045
2,80073,52731,0,0,21,21,3813,872,7533,8405
2,80073,60543,0,0,21,21,3813,109000,8649,117649
2,80073,80073,0,0,21,21,3813,25088,34317,59405
2,80080,4004,0,0,44,22,3640,8192,1183,9375
2,80080,8008,0,0,88,22,3640,8192,1183,9375
2,80190,22,0,0,22,22,3645,4374,1,4375
2,80325,25515,0,0,21,21,3825,3698,1215,4913
2,80325,26775,0,0,84,21,3825,4096,3825,7921
2,80410,26730,0,0,22,22,3655,3698,1215,4913
2,80410,61798,0,0,22,22,3655,6966,2809,9775
2,80410,74250,0,0,22,22,3655,5618,3375,8993
2,80615,23,0,0,23,23,3505,4374,1,4375
2,80661,21,0,0,42,21,3841,4508,1,4509
2,80703,21,0,0,21,21,3843,4374,1,4375
2,80703,80703,0,0,84,21,3843,4096,11529,15625
2,80799,35397,0,0,23,23,3513,8,4617,4625
2,80806,22,0,0,22,22,3673,4374,1,4375
2,80850,22,0,0,22,22,3675,4374,1,4375
2,80955,21,0,0,21,21,3855,4374,1,4375
2,80955,1701,0,0,21,21,3855,4802,81,4883
2,80955,12789,0,0,21,21,3855,6250,609,6859
2,80955,15309,0,0,21,21,3855,2888,2187,5075
2,80955,49875,0,0,21,21,3855,32,11875,11907
2,80955,68229,0,0,21,21,3855,200,9747,9947
2,81246,1782,0,0,22,22,3693,5912,243,6155
2,81305,23,0,0,23,23,3535,4374,1,4375
2,81420,46,0,0,46,23,3540,64000,9,64009
2,81420,138,0,0,46,23,3540,6776,9,6785
2,81466,22,0,0,22,22,3703,4374,1,4375
2,81466,22,0,0,22,22,3703,6174,1,6175
2,81466,66,0,0,22,22,3703,9016,9,9025
2,81466,110,0,0,22,22,3703,89376,25,89401
2,81466,198,0,0,22,22,3703,7448,27,7475
2,81466,2002,0,0,22,22,3703,8192,1183,9375
2,81466,5346,0,0,22,22,3703,3496,729,4225
2,81466,8250,0,0,22,22,3703,512,3375,3887
2,81466,10010,0,0,22,22,3703,7776,2275,10051
2,81466,12650,0,0,22,22,3703,10976,2875,13851
2,81466,13750,0,0,22,22,3703,1568,3125,4693
2,81466,16038,0,0,22,22,3703,3200,5103,8303
2,81466,29106,0,0,22,22,3703,1664,9261,10925
2,81466,44550,0,0,22,22,3703,1862,2025,3887
2,81466,48334,0,0,22,22,3703,126350,2197,128547
2,81466,52250,0,0,22,22,3703,4186,2375,6561
2,81466,52250,0,0,22,22,3703,32,11875,11907
2,81466,52822,0,0,22,22,3703,3200,16807,20007
2,81466,71478,0,0,22,22,3703,8918,3249,12167
2,81466,81466,0,0,22,22,3703,6422,3703,10125
2,81510,1430,0,0,22,22,3705,6144,715,6859
2,81510,16038,0,0,22,22,3705,107008,6561,113569
2,81510,39710,0,0,22,22,3705,104544,9025,113569
2,81543,21,0,0,21,21,3883,4374,1,4375
2,81543,2541,0,0,21,21,3883,6354,121,6475
2,81543,22239,0,0,21,21,3883,19208,3177,22385
2,81543,25725,0,0,21,21,3883,7766,1225,8991
2,81543,28749,0,0,21,21,3883,83006,1369,84375
2,81543,51891,0,0,21,21,3883,4374,2471,6845
2,81543,66717,0,0,21,21,3883,5632,28593,34225
2,81576,132,0,0,44,22,3708,10600,9,10609
2,81585,21,0,0,21,21,3885,4374,1,4375
2,81585,1911,0,0,21,21,3885,8192,1183,9375
2,81585,7371,0,0,21,21,3885,10952,1053,12005
2,81585,8505,0,0,21,21,3885,10952,1215,12167
2,81585,13125,0,0,21,21,3885,8192,8125,16317
2,81585,13377,0,0,21,21,3885,3200,4459,7659
2,81585,15309,0,0,21,21,3885,30758,729,31487
2,81585,18375,0,0,21,21,3885,128,6125,6253
2,81585,27195,0,0,21,21,3885,512,11655,12167
2,81585,28749,0,0,21,21,3885,32,6845,6877
2,81585,28749,0,0,21,21,3885,7406,1369,8775
2,81585,28749,0,0,21,21,3885,33614,1369,34983
2,81585,46137,0,0,21,21,3885,2058,2197,4255
2,81585,65625,0,0,21,21,3885,7938,3125,11063
2,81627,11661,0,0,23,23,3549,2968,1521,4489
2,81627,64607,0,0,23,23,3549,4394,2809,7203
2,81719,2185,0,0,23,23,3553,8704,855,9559
2,81719,14375,0,0,23,23,3553,512,5625,6137
2,81719,15525,0,0,23,23,3553,2888,2025,4913
2,81719,50301,0,0,23,23,3553,3950,2187,6137
2,81730,22,0,0,22,22,3715,4374,1,4375
2,81795,189,0,0,21,21,3895,8200,27,8227
2,81963,21,0,0,42,21,3903,5324,1,5325
2,81963,27321,0,0,21,21,3903,7290,1301,8591
2,81995,29233,0,0,23,23,3565,5290,1271,6561
2,82038,7546,0,0,22,22,3729,10368,2401,12769
2,82038,12474,0,0,22,22,3729,4394,567,4961
2,82038,22374,0,0,22,22,3729,73216,9153,82369
2,82173,21,0,0,21,21,3913,4374,1,4375
2,82173,21,0,0,42,21,3913,4900,1,4901
2,82173,189,0,0,21,21,3913,21866,9,21875
2,82173,567,0,0,21,21,3913,24010,27,24037
2,82173,1701,0,0,21,21,3913,8192,1053,9245
2,82173,1911,0,0,21,21,3913,8192,1183,9375
2,82173,2835,0,0,21,21,3913,8192,1755,9947
2,82173,5103,0,0,21,21,3913,3200,1701,4901
2,82173,10647,0,0,21,21,3913,3698,507,4205
2,82173,10647,0,0,21,21,3913,512,4563,5075
2,82173,16443,0,0,21,21,3913,5504,5481,10985
2,82173,17661,0,0,21,21,3913,110080,7569,117649
2,82173,38829,0,0,21,21,3913,2610,1849,4459
2,82173,45927,0,0,21,21,3913,1720,6561,8281
2,82173,46137,0,0,21,21,3913,42050,2197,44247
2,82173,50421,0,0,21,21,3913,12384,12005,24389
2,82173,64827,0,0,21,21,3913,1118,3087,4205
2,82173,76125,0,0,21,21,3913,13182,3625,16807
2,82179,9131,0,0,23,23,3573,4576,1985,6561
2,82390,22,0,0,22,22,3745,4374,1,4375
2,82390,1782,0,0,22,22,3745,5000,243,5243
2,82425,21,0,0,21,21,3925,4374,1,4375
2,82425,21,0,0,42,21,3925,12716,1,12717
2,82425,105,0,0,21,21,3925,5024,25,5049
2,82425,2625,0,0,21,21,3925,4114,125,4239
2,82425,3297,0,0,21,21,3925,10880,1099,11979
2,82425,11319,0,0,21,21,3925,4374,539,4913
2,82425,28917,0,0,21,21,3925,2744,4131,6875
2,82425,39375,0,0,21,21,3925,5024,9375,14399
2,82425,43197,0,0,21,21,3925,5024,10285,15309
2,82425,65625,0,0,21,21,3925,5984,15625,21609
2,82455,23,0,0,92,23,3585,3824,1,3825
2,82467,11319,0,0,21,21,3927,4374,539,4913
2,82654,22,0,0,44,22,3757,31212,1,31213
2,82677,46137,0,0,21,21,3937,20402,2197,22599
2,82685,1863,0,0,23,23,3595,5752,243,5995
2,82869,23,0,0,23,23,3603,4374,1,4375
2,83055,21,0,0,21,21,3955,4374,1,4375
2,83055,7203,0,0,21,21,3955,10368,2401,12769
2,83182,4378,0,0,88,22,3781,4096,597,4693
2,83226,22,0,0,22,22,3783,19682,1,19683
2,83226,2750,0,0,22,22,3783,27936,625,28561
2,83226,13750,0,0,22,22,3783,70304,3125,73429
2,83226,69498,0,0,22,22,3783,6250,3159,9409
2,83237,5589,0,0,23,23,3619,4312,729,5041
2,83237,12397,0,0,23,23,3619,4374,539,4913
2,83375,19343,0,0,23,23,3625,1352,2523,3875
2,83433,189,0,0,21,21,3973,70144,81,70225
2,83446,22,0,0,22,22,3793,64000,9,64009
2,83446,22,0,0,22,22,3793,71874,1,71875
2,83490,22,0,0,22,22,3795,64000,9,64009
2,83490,22,0,0,22,22,3795,71874,1,71875
2,83496,294,0,0,42,21,3976,4992,49,5041
2,83496,588,0,0,84,21,3976,4992,49,5041
2,83559,23,0,0,23,23,3633,4374,1,4375
2,83720,4186,0,0,46,23,3640,8192,1183,9375
2,83720,8372,0,0,92,23,3640,8192,1183,9375
2,83835,23,0,0,23,23,3645,4374,1,4375
2,83853,567,0,0,21,21,3993,5632,243,5875
2,83853,10395,0,0,21,21,3993,4418,495,4913
2,83853,23625,0,0,21,21,3993,2312,3375,5687
2,83886,22,0,0,22,22,3813,4374,1,4375
2,83886,22,0,0,44,22,3813,10044,1,10045
2,83886,55242,0,0,22,22,3813,872,7533,8405
2,83886,63426,0,0,22,22,3813,109000,8649,117649
2,83886,83886,0,0,22,22,3813,25088,34317,59405
2,84065,27945,0,0,23,23,3655,3698,1215,4913
2,84065,64607,0,0,23,23,3655,6966,2809,9775
2,84065,77625,0,0,23,23,3655,5618,3375,8993
2,84120,24,0,0,24,24,3505,4374,1,4375
2,84150,26730,0,0,22,22,3825,3698,1215,4913
2,84150,28050,0,0,88,22,3825,4096,3825,7921
2,84312,36936,0,0,24,24,3513,8,4617,4625
2,84479,23,0,0,23,23,3673,4374,1,4375
2,84502,22,0,0,44,22,3841,4508,1,4509
2,84525,23,0,0,23,23,3675,4374,1,4375
2,84546,22,0,0,22,22,3843,4374,1,4375
2,84546,84546,0,0,88,22,3843,4096,11529,15625
2,84810,22,0,0,22,22,3855,4374,1,4375
2,84810,1782,0,0,22,22,3855,4802,81,4883
2,84810,13398,0,0,22,22,3855,6250,609,6859
2,84810,16038,0,0,22,22,3855,2888,2187,5075
2,84810,52250,0,0,22,22,3855,32,11875,11907
2,84810,71478,0,0,22,22,3855,200,9747,9947
2,84840,24,0,0,24,24,3535,4374,1,4375
2,84939,1863,0,0,23,23,3693,5912,243,6155
2,84960,48,0,0,48,24,3540,64000,9,64009
2,84960,144,0,0,48,24,3540,6776,9,6785
2,85169,23,0,0,23,23,3703,4374,1,4375
2,85169,23,0,0,23,23,3703,6174,1,6175
2,85169,69,0,0,23,23,3703,9016,9,9025
2,85169,115,0,0,23,23,3703,89376,25,89401
2,85169,207,0,0,23,23,3703,7448,27,7475
2,85169,2093,0,0,23,23,3703,8192,1183,9375
2,85169,5589,0,0,23,23,3703,3496,729,4225
2,85169,8625,0,0,23,23,3703,512,3375,3887
2,85169,10465,0,0,23,23,3703,7776,2275,10051
2,85169,13225,0,0,23,23,3703,10976,2875,13851
2,85169,14375,0,0,23,23,3703,1568,3125,4693
2,85169,16767,0,0,23,23,3703,3200,5103,8303
2,85169,30429,0,0,23,23,3703,1664,9261,10925
2,85169,46575,0,0,23,23,3703,1862,2025,3887
2,85169,50531,0,0,23,23,3703,126350,2197,128547
2,85169,54625,0,0,23,23,3703,4186,2375,6561
2,85169,54625,0,0,23,23,3703,32,11875,11907
2,85169,55223,0,0,23,23,3703,3200,16807,20007
2,85169,74727,0,0,23,23,3703,8918,3249,12167
2,85169,85169,0,0,23,23,3703,6422,3703,10125
2,85176,12168,0,0,24,24,3549,2968,1521,4489
2,85176,67416,0,0,24,24,3549,4394,2809,7203
2,85215,1495,0,0,23,23,3705,6144,715,6859
2,85215,16767,0,0,23,23,3705,107008,6561,113569
2,85215,41515,0,0,23,23,3705,104544,9025,113569
2,85272,2280,0,0,24,24,3553,8704,855,9559
2,85272,15000,0,0,24,24,3553,512,5625,6137
2,85272,16200,0,0,24,24,3553,2888,2025,4913
2,85272,52488,0,0,24,24,3553,3950,2187,6137
2,85284,138,0,0,46,23,3708,10600,9,10609
2,85426,22,0,0,22,22,3883,4374,1,4375
2,85426,2662,0,0,22,22,3883,6354,121,6475
2,85426,23298,0,0,22,22,3883,19208,3177,22385
2,85426,26950,0,0,22,22,3883,7766,1225,8991
2,85426,30118,0,0,22,22,3883,83006,1369,84375
2,85426,54362,0,0,22,22,3883,4374,2471,6845
2,85426,69894,0,0,22,22,3883,5632,28593,34225
2,85445,23,0,0,23,23,3715,4374,1,4375
2,85470,22,0,0,22,22,3885,4374,1,4375
2,85470,2002,0,0,22,22,3885,8192,1183,9375
2,85470,7722,0,0,22,22,3885,10952,1053,12005
2,85470,8910,0,0,22,22,3885,10952,1215,12167
2,85470,13750,0,0,22,22,3885,8192,8125,16317
2,85470,14014,0,0,22,22,3885,3200,4459,7659
2,85470,16038,0,0,22,22,3885,30758,729,31487
2,85470,19250,0,0,22,22,3885,128,6125,6253
2,85470,28490,0,0,22,22,3885,512,11655,12167
2,85470,30118,0,0,22,22,3885,32,6845,6877
2,85470,30118,0,0,22,22,3885,7406,1369,8775
2,85470,30118,0,0,22,22,3885,33614,1369,34983
2,85470,48334,0,0,22,22,3885,2058,2197,4255
2,85470,68750,0,0,22,22,3885,7938,3125,11063
2,85560,30504,0,0,24,24,3565,5290,1271,6561
2,85690,198,0,0,22,22,3895,8200,27,8227
2,85752,9528,0,0,24,24,3573,4576,1985,6561
2,85767,7889,0,0,23,23,3729,10368,2401,12769
2,85767,13041,0,0,23,23,3729,4394,567,4961
2,85767,23391,0,0,23,23,3729,73216,9153,82369
2,85866,22,0,0,44,22,3903,5324,1,5325
2,85866,28622,0,0,22,22,3903,7290,1301,8591
2,86040,24,0,0,96,24,3585,3824,1,3825
2,86086,22,0,0,22,22,3913,4374,1,4375
2,86086,22,0,0,44,22,3913,4900,1,4901
2,86086,198,0,0,22,22,3913,21866,9,21875
2,86086,594,0,0,22,22,3913,24010,27,24037
2,86086,1782,0,0,22,22,3913,8192,1053,9245
2,86086,2002,0,0,22,22,3913,8192,1183,9375
2,86086,2970,0,0,22,22,3913,8192,1755,9947
2,86086,5346,0,0,22,22,3913,3200,1701,4901
2,86086,11154,0,0,22,22,3913,3698,507,4205
2,86086,11154,0,0,22,22,3913,512,4563,5075
2,86086,17226,0,0,22,22,3913,5504,5481,10985
2,86086,18502,0,0,22,22,3913,110080,7569,117649
2,86086,40678,0,0,22,22,3913,2610,1849,4459
2,86086,48114,0,0,22,22,3913,1720,6561,8281
2,86086,48334,0,0,22,22,3913,42050,2197,44247
2,86086,52822,0,0,22,22,3913,12384,12005,24389
2,86086,67914,0,0,22,22,3913,1118,3087,4205
2,86086,79750,0,0,22,22,3913,13182,3625,16807
2,86135,23,0,0,23,23,3745,4374,1,4375
2,86135,1863,0,0,23,23,3745,5000,243,5243
2,86280,1944,0,0,24,24,3595,5752,243,5995
2,86350,22,0,0,22,22,3925,4374,1,4375
2,86350,22,0,0,44,22,3925,12716,1,12717
2,86350,110,0,0,22,22,3925,5024,25,5049
2,86350,2750,0,0,22,22,3925,4114,125,4239
2,86350,3454,0,0,22,22,3925,10880,1099,11979
2,86350,11858,0,0,22,22,3925,4374,539,4913
2,86350,30294,0,0,22,22,3925,2744,4131,6875
2,86350,41250,0,0,22,22,3925,5024,9375,14399
2,86350,45254,0,0,22,22,3925,5024,10285,15309
2,86350,68750,0,0,22,22,3925,5984,15625,21609
2,86394,11858,0,0,22,22,3927,4374,539,4913
2,86411,23,0,0,46,23,3757,31212,1,31213
2,86472,24,0,0,24,24,3603,4374,1,4375
2,86614,48334,0,0,22,22,3937,20402,2197,22599
2,86856,5832,0,0,24,24,3619,4312,729,5041
2,86856,12936,0,0,24,24,3619,4374,539,4913
2,86963,4577,0,0,92,23,3781,4096,597,4693
2,87000,20184,0,0,24,24,3625,1352,2523,3875
2,87009,23,0,0,23,23,3783,19682,1,19683
2,87009,2875,0,0,23,23,3783,27936,625,28561
2,87009,14375,0,0,23,23,3783,70304,3125,73429
2,87009,72657,0,0,23,23,3783,6250,3159,9409
2,87010,22,0,0,22,22,3955,4374,1,4375
2,87010,7546,0,0,22,22,3955,10368,2401,12769
2,87192,24,0,0,24,24,3633,4374,1,4375
2,87239,23,0,0,23,23,3793,64000,9,64009
2,87239,23,0,0,23,23,3793,71874,1,71875
2,87285,23,0,0,23,23,3795,64000,9,64009
2,87285,23,0,0,23,23,3795,71874,1,71875
2,87360,4368,0,0,48,24,3640,8192,1183,9375
2,87360,8736,0,0,96,24,3640,8192,1183,9375
2,87406,198,0,0,22,22,3973,70144,81,70225
2,87472,308,0,0,44,22,3976,4992,49,5041
2,87472,616,0,0,88,22,3976,4992,49,5041
2,87480,24,0,0,24,24,3645,4374,1,4375
2,87625,25,0,0,25,25,3505,4374,1,4375
2,87699,23,0,0,23,23,3813,4374,1,4375
2,87699,23,0,0,46,23,3813,10044,1,10045
2,87699,57753,0,0,23,23,3813,872,7533,8405
2,87699,66309,0,0,23,23,3813,109000,8649,117649
2,87699,87699,0,0,23,23,3813,25088,34317,59405
2,87720,29160,0,0,24,24,3655,3698,1215,4913
2,87720,67416,0,0,24,24,3655,6966,2809,9775
2,87720,81000,0,0,24,24,3655,5618,3375,8993
2,87825,38475,0,0,25,25,3513,8,4617,4625
2,87846,594,0,0,22,22,3993,5632,243,5875
2,87846,10890,0,0,22,22,3993,4418,495,4913
2,87846,24750,0,0,22,22,3993,2312,3375,5687
2,87975,27945,0,0,23,23,3825,3698,1215,4913
2,87975,29325,0,0,92,23,3825,4096,3825,7921
2,88152,24,0,0,24,24,3673,4374,1,4375
2,88200,24,0,0,24,24,3675,4374,1,4375
2,88343,23,0,0,46,23,3841,4508,1,4509
2,88375,25,0,0,25,25,3535,4374,1,4375
2,88389,23,0,0,23,23,3843,4374,1,4375
2,88389,88389,0,0,92,23,3843,4096,11529,15625
2,88500,50,0,0,50,25,3540,64000,9,64009
2,88500,150,0,0,50,25,3540,6776,9,6785
2,88632,1944,0,0,24,24,3693,5912,243,6155
2,88665,23,0,0,23,23,3855,4374,1,4375
2,88665,1863,0,0,23,23,3855,4802,81,4883
2,88665,14007,0,0,23,23,3855,6250,609,6859
2,88665,16767,0,0,23,23,3855,2888,2187,5075
2,88665,54625,0,0,23,23,3855,32,11875,11907
2,88665,74727,0,0,23,23,3855,200,9747,9947
2,88725,12675,0,0,25,25,3549,2968,1521,4489
2,88725,70225,0,0,25,25,3549,4394,2809,7203
2,88825,2375,0,0,25,25,3553,8704,855,9559
2,88825,15625,0,0,25,25,3553,512,5625,6137
2,88825,16875,0,0,25,25,3553,2888,2025,4913
2,88825,54675,0,0,25,25,3553,3950,2187,6137
2,88872,24,0,0,24,24,3703,4374,1,4375
2,88872,24,0,0,24,24,3703,6174,1,6175
2,88872,72,0,0,24,24,3703,9016,9,9025
2,88872,120,0,0,24,24,3703,89376,25,89401
2,88872,216,0,0,24,24,3703,7448,27,7475
2,88872,2184,0,0,24,24,3703,8192,1183,9375
2,88872,5832,0,0,24,24,3703,3496,729,4225
2,88872,9000,0,0,24,24,3703,512,3375,3887
2,88872,10920,0,0,24,24,3703,7776,2275,10051
2,88872,13800,0,0,24,24,3703,10976,2875,13851
2,88872,15000,0,0,24,24,3703,1568,3125,4693
2,88872,17496,0,0,24,24,3703,3200,5103,8303
2,88872,31752,0,0,24,24,3703,1664,9261,10925
2,88872,48600,0,0,24,24,3703,1862,2025,3887
2,88872,52728,0,0,24,24,3703,126350,2197,128547
2,88872,57000,0,0,24,24,3703,4186,2375,6561
2,88872,57000,0,0,24,24,3703,32,11875,11907
2,88872,57624,0,0,24,24,3703,3200,16807,20007
2,88872,77976,0,0,24,24,3703,8918,3249,12167
2,88872,88872,0,0,24,24,3703,6422,3703,10125
2,88920,1560,0,0,24,24,3705,6144,715,6859
2,88920,17496,0,0,24,24,3705,107008,6561,113569
2,88920,43320,0,0,24,24,3705,104544,9025,113569
2,88992,144,0,0,48,24,3708,10600,9,10609
2,89125,31775,0,0,25,25,3565,5290,1271,6561
2,89160,24,0,0,24,24,3715,4374,1,4375
2,89309,23,0,0,23,23,3883,4374,1,4375
2,89309,2783,0,0,23,23,3883,6354,121,6475
2,89309,24357,0,0,23,23,3883,19208,3177,22385
2,89309,28175,0,0,23,23,3883,7766,1225,8991
2,89309,31487,0,0,23,23,3883,83006,1369,84375
2,89309,56833,0,0,23,23,3883,4374,2471,6845
2,89309,73071,0,0,23,23,3883,5632,28593,34225
2,89325,9925,0,0,25,25,3573,4576,1985,6561
2,89355,23,0,0,23,23,3885,4374,1,4375
2,89355,2093,0,0,23,23,3885,8192,1183,9375
2,89355,8073,0,0,23,23,3885,10952,1053,12005
2,89355,9315,0,0,23,23,3885,10952,1215,12167
2,89355,14375,0,0,23,23,3885,8192,8125,16317
2,89355,14651,0,0,23,23,3885,3200,4459,7659
2,89355,16767,0,0,23,23,3885,30758,729,31487
2,89355,20125,0,0,23,23,3885,128,6125,6253
2,89355,29785,0,0,23,23,3885,512,11655,12167
2,89355,31487,0,0,23,23,3885,32,6845,6877
2,89355,31487,0,0,23,23,3885,7406,1369,8775
2,89355,31487,0,0,23,23,3885,33614,1369,34983
2,89355,50531,0,0,23,23,3885,2058,2197,4255
2,89355,71875,0,0,23,23,3885,7938,3125,11063
2,89496,8232,0,0,24,24,3729,10368,2401,12769
2,89496,13608,0,0,24,24,3729,4394,567,4961
2,89496,24408,0,0,24,24,3729,73216,9153,82369
2,89585,207,0,0,23,23,3895,8200,27,8227
2,89625,25,0,0,100,25,3585,3824,1,3825
2,89769,23,0,0,46,23,3903,5324,1,5325
2,89769,29923,0,0,23,23,3903,7290,1301,8591
2,89875,2025,0,0,25,25,3595,5752,243,5995
2,89880,24,0,0,24,24,3745,4374,1,4375
2,89880,1944,0,0,24,24,3745,5000,243,5243
2,89999,23,0,0,23,23,3913,4374,1,4375
2,89999,23,0,0,46,23,3913,4900,1,4901
2,89999,207,0,0,23,23,3913,21866,9,21875
2,89999,621,0,0,23,23,3913,24010,27,24037
2,89999,1863,0,0,23,23,3913,8192,1053,9245
2,89999,2093,0,0,23,23,3913,8192,1183,9375
2,89999,3105,0,0,23,23,3913,8192,1755,9947
2,89999,5589,0,0,23,23,3913,3200,1701,4901
2,89999,11661,0,0,23,23,3913,3698,507,4205
2,89999,11661,0,0,23,23,3913,512,4563,5075
2,89999,18009,0,0,23,23,3913,5504,5481,10985
2,89999,19343,0,0,23,23,3913,110080,7569,117649
2,89999,42527,0,0,23,23,3913,2610,1849,4459
2,89999,50301,0,0,23,23,3913,1720,6561,8281
2,89999,50531,0,0,23,23,3913,42050,2197,44247
2,89999,55223,0,0,23,23,3913,12384,12005,24389
2,89999,71001,0,0,23,23,3913,1118,3087,4205
2,89999,83375,0,0,23,23,3913,13182,3625,16807
2,90075,25,0,0,25,25,3603,4374,1,4375
2,90168,24,0,0,48,24,3757,31212,1,31213
2,90275,23,0,0,23,23,3925,4374,1,4375
2,90275,23,0,0,46,23,3925,12716,1,12717
2,90275,115,0,0,23,23,3925,5024,25,5049
2,90275,2875,0,0,23,23,3925,4114,125,4239
2,90275,3611,0,0,23,23,3925,10880,1099,11979
2,90275,12397,0,0,23,23,3925,4374,539,4913
2,90275,31671,0,0,23,23,3925,2744,4131,6875
2,90275,43125,0,0,23,23,3925,5024,9375,14399
2,90275,47311,0,0,23,23,3925,5024,10285,15309
2,90275,71875,0,0,23,23,3925,5984,15625,21609
2,90321,12397,0,0,23,23,3927,4374,539,4913
2,90475,6075,0,0,25,25,3619,4312,729,5041
2,90475,13475,0,0,25,25,3619,4374,539,4913
2,90551,50531,0,0,23,23,3937,20402,2197,22599
2,90625,21025,0,0,25,25,3625,1352,2523,3875
2,90744,4776,0,0,96,24,3781,4096,597,4693
2,90792,24,0,0,24,24,3783,19682,1,19683
2,90792,3000,0,0,24,24,3783,27936,625,28561
2,90792,15000,0,0,24,24,3783,70304,3125,73429
2,90792,75816,0,0,24,24,3783,6250,3159,9409
2,90825,25,0,0,25,25,3633,4374,1,4375
2,90965,23,0,0,23,23,3955,4374,1,4375
2,90965,7889,0,0,23,23,3955,10368,2401,12769
2,91000,4550,0,0,50,25,3640,8192,1183,9375
2,91000,9100,0,0,100,25,3640,8192,1183,9375
2,91032,24,0,0,24,24,3793,64000,9,64009
2,91032,24,0,0,24,24,3793,71874,1,71875
2,91080,24,0,0,24,24,3795,64000,9,64009
2,91080,24,0,0,24,24,3795,71874,1,71875
2,91125,25,0,0,25,25,3645,4374,1,4375
2,91130,26,0,0,26,26,3505,4374,1,4375
2,91338,40014,0,0,26,26,3513,8,4617,4625
2,91375,30375,0,0,25,25,3655,3698,1215,4913
2,91375,70225,0,0,25,25,3655,6966,2809,9775
2,91375,84375,0,0,25,25,3655,5618,3375,8993
2,91379,207,0,0,23,23,3973,70144,81,70225
2,91448,322,0,0,46,23,3976,4992,49,5041
2,91448,644,0,0,92,23,3976,4992,49,5041
2,91512,24,0,0,24,24,3813,4374,1,4375
2,91512,24,0,0,48,24,3813,10044,1,10045
2,91512,60264,0,0,24,24,3813,872,7533,8405
2,91512,69192,0,0,24,24,3813,109000,8649,117649
2,91512,91512,0,0,24,24,3813,25088,34317,59405
2,91800,29160,0,0,24,24,3825,3698,1215,4913
2,91800,30600,0,0,96,24,3825,4096,3825,7921
2,91825,25,0,0,25,25,3673,4374,1,4375
2,91839,621,0,0,23,23,3993,5632,243,5875
2,91839,11385,0,0,23,23,3993,4418,495,4913
2,91839,25875,0,0,23,23,3993,2312,3375,5687
2,91875,25,0,0,25,25,3675,4374,1,4375
2,91910,26,0,0,26,26,3535,4374,1,4375
2,92040,52,0,0,52,26,3540,64000,9,64009
2,92040,156,0,0,52,26,3540,6776,9,6785
2,92184,24,0,0,48,24,3841,4508,1,4509
2,92232,24,0,0,24,24,3843,4374,1,4375
2,92232,92232,0,0,96,24,3843,4096,11529,15625
2,92274,13182,0,0,26,26,3549,2968,1521,4489
2,92274,73034,0,0,26,26,3549,4394,2809,7203
2,92325,2025,0,0,25,25,3693,5912,243,6155
2,92378,2470,0,0,26,26,3553,8704,855,9559
2,92378,16250,0,0,26,26,3553,512,5625,6137
2,92378,17550,0,0,26,26,3553,2888,2025,4913
2,92378,56862,0,0,26,26,3553,3950,2187,6137
2,92520,24,0,0,24,24,3855,4374,1,4375
2,92520,1944,0,0,24,24,3855,4802,81,4883
2,92520,14616,0,0,24,24,3855,6250,609,6859
2,92520,17496,0,0,24,24,3855,2888,2187,5075
2,92520,57000,0,0,24,24,3855,32,11875,11907
2,92520,77976,0,0,24,24,3855,200,9747,9947
2,92575,25,0,0,25,25,3703,4374,1,4375
2,92575,25,0,0,25,25,3703,6174,1,6175
2,92575,75,0,0,25,25,3703,9016,9,9025
2,92575,125,0,0,25,25,3703,89376,25,89401
2,92575,225,0,0,25,25,3703,7448,27,7475
2,92575,2275,0,0,25,25,3703,8192,1183,9375
2,92575,6075,0,0,25,25,3703,3496,729,4225
2,92575,9375,0,0,25,25,3703,512,3375,3887
2,92575,11375,0,0,25,25,3703,7776,2275,10051
2,92575,14375,0,0,25,25,3703,10976,2875,13851
2,92575,15625,0,0,25,25,3703,1568,3125,4693
2,92575,18225,0,0,25,25,3703,3200,5103,8303
2,92575,33075,0,0,25,25,3703,1664,9261,10925
2,92575,50625,0,0,25,25,3703,1862,2025,3887
2,92575,54925,0,0,25,25,3703,126350,2197,128547
2,92575,59375,0,0,25,25,3703,4186,2375,6561
2,92575,59375,0,0,25,25,3703,32,11875,11907
2,92575,60025,0,0,25,25,3703,3200,16807,20007
2,92575,81225,0,0,25,25,3703,8918,3249,12167
2,92575,92575,0,0,25,25,3703,6422,3703,10125
2,92625,1625,0,0,25,25,3705,6144,715,6859
2,92625,18225,0,0,25,25,3705,107008,6561,113569
2,92625,45125,0,0,25,25,3705,104544,9025,113569
2,92690,33046,0,0,26,26,3565,5290,1271,6561
2,92700,150,0,0,50,25,3708,10600,9,10609
2,92875,25,0,0,25,25,3715,4374,1,4375
2,92898,10322,0,0,26,26,3573,4576,1985,6561
2,93192,24,0,0,24,24,3883,4374,1,4375
2,93192,2904,0,0,24,24,3883,6354,121,6475
2,93192,25416,0,0,24,24,3883,19208,3177,22385
2,93192,29400,0,0,24,24,3883,7766,1225,8991
2,93192,32856,0,0,24,24,3883,83006,1369,84375
2,93192,59304,0,0,24,24,3883,4374,2471,6845
2,93192,76248,0,0,24,24,3883,5632,28593,34225
2,93210,26,0,0,104,26,3585,3824,1,3825
2,93225,8575,0,0,25,25,3729,10368,2401,12769
2,93225,14175,0,0,25,25,3729,4394,567,4961
2,93225,25425,0,0,25,25,3729,73216,9153,82369
2,93240,24,0,0,24,24,3885,4374,1,4375
2,93240,2184,0,0,24,24,3885,8192,1183,9375
2,93240,8424,0,0,24,24,3885,10952,1053,12005
2,93240,9720,0,0,24,24,3885,10952,1215,12167
2,93240,15000,0,0,24,24,3885,8192,8125,16317
2,93240,15288,0,0,24,24,3885,3200,4459,7659
2,93240,17496,0,0,24,24,3885,30758,729,31487
2,93240,21000,0,0,24,24,3885,128,6125,6253
2,93240,31080,0,0,24,24,3885,512,11655,12167
2,93240,32856,0,0,24,24,3885,32,6845,6877
2,93240,32856,0,0,24,24,3885,7406,1369,8775
2,93240,32856,0,0,24,24,3885,33614,1369,34983
2,93240,52728,0,0,24,24,3885,2058,2197,4255
2,93240,75000,0,0,24,24,3885,7938,3125,11063
2,93470,2106,0,0,26,26,3595,5752,243,5995
2,93480,216,0,0,24,24,3895,8200,27,8227
2,93625,25,0,0,25,25,3745,4374,1,4375
2,93625,2025,0,0,25,25,3745,5000,243,5243
2,93672,24,0,0,48,24,3903,5324,1,5325
2,93672,31224,0,0,24,24,3903,7290,1301,8591
2,93678,26,0,0,26,26,3603,4374,1,4375
2,93912,24,0,0,24,24,3913,4374,1,4375
2,93912,24,0,0,48,24,3913,4900,1,4901
2,93912,216,0,0,24,24,3913,21866,9,21875
2,93912,648,0,0,24,24,3913,24010,27,24037
2,93912,1944,0,0,24,24,3913,8192,1053,9245
2,93912,2184,0,0,24,24,3913,8192,1183,9375
2,93912,3240,0,0,24,24,3913,8192,1755,9947
2,93912,5832,0,0,24,24,3913,3200,1701,4901
2,93912,12168,0,0,24,24,3913,3698,507,4205
2,93912,12168,0,0,24,24,3913,512,4563,5075
2,93912,18792,0,0,24,24,3913,5504,5481,10985
2,93912,20184,0,0,24,24,3913,110080,7569,117649
2,93912,44376,0,0,24,24,3913,2610,1849,4459
2,93912,52488,0,0,24,24,3913,1720,6561,8281
2,93912,52728,0,0,24,24,3913,42050,2197,44247
2,93912,57624,0,0,24,24,3913,12384,12005,24389
2,93912,74088,0,0,24,24,3913,1118,3087,4205
2,93912,87000,0,0,24,24,3913,13182,3625,16807
2,93925,25,0,0,50,25,3757,31212,1,31213
2,94094,6318,0,0,26,26,3619,4312,729,5041
2,94094,14014,0,0,26,26,3619,4374,539,4913
2,94200,24,0,0,24,24,3925,4374,1,4375
2,94200,24,0,0,48,24,3925,12716,1,12717
2,94200,120,0,0,24,24,3925,5024,25,5049
2,94200,3000,0,0,24,24,3925,4114,125,4239
2,94200,3768,0,0,24,24,3925,10880,1099,11979
2,94200,12936,0,0,24,24,3925,4374,539,4913
2,94200,33048,0,0,24,24,3925,2744,4131,6875
2,94200,45000,0,0,24,24,3925,5024,9375,14399
2,94200,49368,0,0,24,24,3925,5024,10285,15309
2,94200,75000,0,0,24,24,3925,5984,15625,21609
2,94248,12936,0,0,24,24,3927,4374,539,4913
2,94250,21866,0,0,26,26,3625,1352,2523,3875
2,94458,26,0,0,26,26,3633,4374,1,4375
2,94488,52728,0,0,24,24,3937,20402,2197,22599
2,94525,4975,0,0,100,25,3781,4096,597,4693
2,94575,25,0,0,25,25,3783,19682,1,19683
2,94575,3125,0,0,25,25,3783,27936,625,28561
2,94575,15625,0,0,25,25,3783,70304,3125,73429
2,94575,78975,0,0,25,25,3783,6250,3159,9409
2,94635,27,0,0,27,27,3505,4374,1,4375
2,94640,4732,0,0,52,26,3640,8192,1183,9375
2,94640,9464,0,0,104,26,3640,8192,1183,9375
2,94770,26,0,0,26,26,3645,4374,1,4375
2,94825,25,0,0,25,25,3793,64000,9,64009
2,94825,25,0,0,25,25,3793,71874,1,71875
2,94851,41553,0,0,27,27,3513,8,4617,4625
2,94875,25,0,0,25,25,3795,64000,9,64009
2,94875,25,0,0,25,25,3795,71874,1,71875
2,94920,24,0,0,24,24,3955,4374,1,4375
2,94920,8232,0,0,24,24,3955,10368,2401,12769
2,95030,31590,0,0,26,26,3655,3698,1215,4913
2,95030,73034,0,0,26,26,3655,6966,2809,9775
2,95030,87750,0,0,26,26,3655,5618,3375,8993
2,95325,25,0,0,25,25,3813,4374,1,4375
2,95325,25,0,0,50,25,3813,10044,1,10045
2,95325,62775,0,0,25,25,3813,872,7533,8405
2,95325,72075,0,0,25,25,3813,109000,8649,117649
2,95325,95325,0,0,25,25,3813,25088,34317,59405
2,95352,216,0,0,24,24,3973,70144,81,70225
2,95424,336,0,0,48,24,3976,4992,49,5041
2,95424,672,0,0,96,24,3976,4992,49,5041
2,95445,27,0,0,27,27,3535,4374,1,4375
2,95498,26,0,0,26,26,3673,4374,1,4375
2,95550,26,0,0,26,26,3675,4374,1,4375
2,95580,54,0,0,54,27,3540,64000,9,64009
2,95580,162,0,0,54,27,3540,6776,9,6785
2,95625,30375,0,0,25,25,3825,3698,1215,4913
2,95625,31875,0,0,100,25,3825,4096,3825,7921
2,95823,13689,0,0,27,27,3549,2968,1521,4489
2,95823,75843,0,0,27,27,3549,4394,2809,7203
2,95832,648,0,0,24,24,3993,5632,243,5875
2,95832,11880,0,0,24,24,3993,4418,495,4913
2,95832,27000,0,0,24,24,3993,2312,3375,5687
2,95931,2565,0,0,27,27,3553,8704,855,9559
2,95931,16875,0,0,27,27,3553,512,5625,6137
2,95931,18225,0,0,27,27,3553,2888,2025,4913
2,95931,59049,0,0,27,27,3553,3950,2187,6137
2,96018,2106,0,0,26,26,3693,5912,243,6155
2,96025,25,0,0,50,25,3841,4508,1,4509
2,96075,25,0,0,25,25,3843,4374,1,4375
2,96075,96075,0,0,100,25,3843,4096,11529,15625
2,96255,34317,0,0,27,27,3565,5290,1271,6561
2,96278,26,0,0,26,26,3703,4374,1,4375
2,96278,26,0,0,26,26,3703,6174,1,6175
2,96278,78,0,0,26,26,3703,9016,9,9025
2,96278,130,0,0,26,26,3703,89376,25,89401
2,96278,234,0,0,26,26,3703,7448,27,7475
2,96278,2366,0,0,26,26,3703,8192,1183,9375
2,96278,6318,0,0,26,26,3703,3496,729,4225
2,96278,9750,0,0,26,26,3703,512,3375,3887
2,96278,11830,0,0,26,26,3703,7776,2275,10051
2,96278,14950,0,0,26,26,3703,10976,2875,13851
2,96278,16250,0,0,26,26,3703,1568,3125,4693
2,96278,18954,0,0,26,26,3703,3200,5103,8303
2,96278,34398,0,0,26,26,3703,1664,9261,10925
2,96278,52650,0,0,26,26,3703,1862,2025,3887
2,96278,57122,0,0,26,26,3703,126350,2197,128547
2,96278,61750,0,0,26,26,3703,4186,2375,6561
2,96278,61750,0,0,26,26,3703,32,11875,11907
2,96278,62426,0,0,26,26,3703,3200,16807,20007
2,96278,84474,0,0,26,26,3703,8918,3249,12167
2,96278,96278,0,0,26,26,3703,6422,3703,10125
2,96330,1690,0,0,26,26,3705,6144,715,6859
2,96330,18954,0,0,26,26,3705,107008,6561,113569
2,96330,46930,0,0,26,26,3705,104544,9025,113569
2,96375,25,0,0,25,25,3855,4374,1,4375
2,96375,2025,0,0,25,25,3855,4802,81,4883
2,96375,15225,0,0,25,25,3855,6250,609,6859
2,96375,18225,0,0,25,25,3855,2888,2187,5075
2,96375,59375,0,0,25,25,3855,32,11875,11907
2,96375,81225,0,0,25,25,3855,200,9747,9947
2,96408,156,0,0,52,26,3708,10600,9,10609
2,96471,10719,0,0,27,27,3573,4576,1985,6561
2,96590,26,0,0,26,26,3715,4374,1,4375
2,96795,27,0,0,108,27,3585,3824,1,3825
2,96954,8918,0,0,26,26,3729,10368,2401,12769
2,96954,14742,0,0,26,26,3729,4394,567,4961
2,96954,26442,0,0,26,26,3729,73216,9153,82369
2,97065,2187,0,0,27,27,3595,5752,243,5995
2,97075,25,0,0,25,25,3883,4374,1,4375
2,97075,3025,0,0,25,25,3883,6354,121,6475
2,97075,26475,0,0,25,25,3883,19208,3177,22385
2,97075,30625,0,0,25,25,3883,7766,1225,8991
2,97075,34225,0,0,25,25,3883,83006,1369,84375
2,97075,61775,0,0,25,25,3883,4374,2471,6845
2,97075,79425,0,0,25,25,3883,5632,28593,34225
2,97125,25,0,0,25,25,3885,4374,1,4375
2,97125,2275,0,0,25,25,3885,8192,1183,9375
2,97125,8775,0,0,25,25,3885,10952,1053,12005
2,97125,10125,0,0,25,25,3885,10952,1215,12167
2,97125,15625,0,0,25,25,3885,8192,8125,16317
2,97125,15925,0,0,25,25,3885,3200,4459,7659
2,97125,18225,0,0,25,25,3885,30758,729,31487
2,97125,21875,0,0,25,25,3885,128,6125,6253
2,97125,32375,0,0,25,25,3885,512,11655,12167
2,97125,34225,0,0,25,25,3885,32,6845,6877
2,97125,34225,0,0,25,25,3885,7406,1369,8775
2,97125,34225,0,0,25,25,3885,33614,1369,34983
2,97125,54925,0,0,25,25,3885,2058,2197,4255
2,97125,78125,0,0,25,25,3885,7938,3125,11063
2,97281,27,0,0,27,27,3603,4374,1,4375
2,97370,26,0,0,26,26,3745,4374,1,4375
2,97370,2106,0,0,26,26,3745,5000,243,5243
2,97375,225,0,0,25,25,3895,8200,27,8227
2,97575,25,0,0,50,25,3903,5324,1,5325
2,97575,32525,0,0,25,25,3903,7290,1301,8591
2,97682,26,0,0,52,26,3757,31212,1,31213
2,97713,6561,0,0,27,27,3619,4312,729,5041
2,97713,14553,0,0,27,27,3619,4374,539,4913
2,97825,25,0,0,25,25,3913,4374,1,4375
2,97825,25,0,0,50,25,3913,4900,1,4901
2,97825,225,0,0,25,25,3913,21866,9,21875
2,97825,675,0,0,25,25,3913,24010,27,24037
2,97825,2025,0,0,25,25,3913,8192,1053,9245
2,97825,2275,0,0,25,25,3913,8192,1183,9375
2,97825,3375,0,0,25,25,3913,8192,1755,9947
2,97825,6075,0,0,25,25,3913,3200,1701,4901
2,97825,12675,0,0,25,25,3913,3698,507,4205
2,97825,12675,0,0,25,25,3913,512,4563,5075
2,97825,19575,0,0,25,25,3913,5504,5481,10985
2,97825,21025,0,0,25,25,3913,110080,7569,117649
2,97825,46225,0,0,25,25,3913,2610,1849,4459
2,97825,54675,0,0,25,25,3913,1720,6561,8281
2,97825,54925,0,0,25,25,3913,42050,2197,44247
2,97825,60025,0,0,25,25,3913,12384,12005,24389
2,97825,77175,0,0,25,25,3913,1118,3087,4205
2,97825,90625,0,0,25,25,3913,13182,3625,16807
2,97875,22707,0,0,27,27,3625,1352,2523,3875
2,98091,27,0,0,27,27,3633,4374,1,4375
2,98125,25,0,0,25,25,3925,4374,1,4375
2,98125,25,0,0,50,25,3925,12716,1,12717
2,98125,125,0,0,25,25,3925,5024,25,5049
2,98125,3125,0,0,25,25,3925,4114,125,4239
2,98125,3925,0,0,25,25,3925,10880,1099,11979
2,98125,13475,0,0,25,25,3925,4374,539,4913
2,98125,34425,0,0,25,25,3925,2744,4131,6875
2,98125,46875,0,0,25,25,3925,5024,9375,14399
2,98125,51425,0,0,25,25,3925,5024,10285,15309
2,98125,78125,0,0,25,25,3925,5984,15625,21609
2,98140,28,0,0,28,28,3505,4374,1,4375
2,98175,13475,0,0,25,25,3927,4374,539,4913
2,98280,4914,0,0,54,27,3640,8192,1183,9375
2,98280,9828,0,0,108,27,3640,8192,1183,9375
2,98306,5174,0,0,104,26,3781,4096,597,4693
2,98358,26,0,0,26,26,3783,19682,1,19683
2,98358,3250,0,0,26,26,3783,27936,625,28561
2,98358,16250,0,0,26,26,3783,70304,3125,73429
2,98358,82134,0,0,26,26,3783,6250,3159,9409
2,98364,43092,0,0,28,28,3513,8,4617,4625
2,98415,27,0,0,27,27,3645,4374,1,4375
2,98425,54925,0,0,25,25,3937,20402,2197,22599
2,98618,26,0,0,26,26,3793,64000,9,64009
2,98618,26,0,0,26,26,3793,71874,1,71875
2,98670,26,0,0,26,26,3795,64000,9,64009
2,98670,26,0,0,26,26,3795,71874,1,71875
2,98685,32805,0,0,27,27,3655,3698,1215,4913
2,98685,75843,0,0,27,27,3655,6966,2809,9775
2,98685,91125,0,0,27,27,3655,5618,3375,8993
2,98875,25,0,0,25,25,3955,4374,1,4375
2,98875,8575,0,0,25,25,3955,10368,2401,12769
2,98980,28,0,0,28,28,3535,4374,1,4375
2,99120,56,0,0,56,28,3540,64000,9,64009
2,99120,168,0,0,56,28,3540,6776,9,6785
2,99138,26,0,0,26,26,3813,4374,1,4375
2,99138,26,0,0,52,26,3813,10044,1,10045
2,99138,65286,0,0,26,26,3813,872,7533,8405
2,99138,74958,0,0,26,26,3813,109000,8649,117649
2,99138,99138,0,0,26,26,3813,25088,34317,59405
2,99171,27,0,0,27,27,3673,4374,1,4375
2,99225,27,0,0,27,27,3675,4374,1,4375
2,99325,225,0,0,25,25,3973,70144,81,70225
2,99372,14196,0,0,28,28,3549,2968,1521,4489
2,99372,78652,0,0,28,28,3549,4394,2809,7203
2,99400,350,0,0,50,25,3976,4992,49,5041
2,99400,700,0,0,100,25,3976,4992,49,5041
2,99450,31590,0,0,26,26,3825,3698,1215,4913
2,99450,33150,0,0,104,26,3825,4096,3825,7921
2,99484,2660,0,0,28,28,3553,8704,855,9559
2,99484,17500,0,0,28,28,3553,512,5625,6137
2,99484,18900,0,0,28,28,3553,2888,2025,4913
2,99484,61236,0,0,28,28,3553,3950,2187,6137
2,99711,2187,0,0,27,27,3693,5912,243,6155
2,99820,35588,0,0,28,28,3565,5290,1271,6561
2,99825,675,0,0,25,25,3993,5632,243,5875
2,99825,12375,0,0,25,25,3993,4418,495,4913
2,99825,28125,0,0,25,25,3993,2312,3375,5687
2,99866,26,0,0,52,26,3841,4508,1,4509
2,99918,26,0,0,26,26,3843,4374,1,4375
2,99918,99918,0,0,104,26,3843,4096,11529,15625
2,99981,27,0,0,27,27,3703,4374,1,4375
2,99981,27,0,0,27,27,3703,6174,1,6175
2,99981,81,0,0,27,27,3703,9016,9,9025
2,99981,135,0,0,27,27,3703,89376,25,89401
2,99981,243,0,0,27,27,3703,7448,27,7475
2,99981,2457,0,0,27,27,3703,8192,1183,9375
2,99981,6561,0,0,27,27,3703,3496,729,4225
2,99981,10125,0,0,27,27,3703,512,3375,3887
2,99981,12285,0,0,27,27,3703,7776,2275,10051
2,99981,15525,0,0,27,27,3703,10976,2875,13851
2,99981,16875,0,0,27,27,3703,1568,3125,4693
2,99981,19683,0,0,27,27,3703,3200,5103,8303
2,99981,35721,0,0,27,27,3703,1664,9261,10925
2,99981,54675,0,0,27,27,3703,1862,2025,3887
2,99981,59319,0,0,27,27,3703,126350,2197,128547
2,99981,64125,0,0,27,27,3703,4186,2375,6561
2,99981,64125,0,0,27,27,3703,32,11875,11907
2,99981,64827,0,0,27,27,3703,3200,16807,20007
2,99981,87723,0,0,27,27,3703,8918,3249,12167
2,99981,99981,0,0,27,27,3703,6422,3703,10125
2,100035,1755,0,0,27,27,3705,6144,715,6859
2,100035,19683,0,0,27,27,3705,107008,6561,113569
2,100035,48735,0,0,27,27,3705,104544,9025,113569
2,100044,11116,0,0,28,28,3573,4576,1985,6561
2,100116,162,0,0,54,27,3708,10600,9,10609
2,100230,26,0,0,26,26,3855,4374,1,4375
2,100230,2106,0,0,26,26,3855,4802,81,4883
2,100230,15834,0,0,26,26,3855,6250,609,6859
2,100230,18954,0,0,26,26,3855,2888,2187,5075
2,100230,61750,0,0,26,26,3855,32,11875,11907
2,100230,84474,0,0,26,26,3855,200,9747,9947
2,100305,27,0,0,27,27,3715,4374,1,4375
2,100380,28,0,0,112,28,3585,3824,1,3825
2,100660,2268,0,0,28,28,3595,5752,243,5995
2,100683,9261,0,0,27,27,3729,10368,2401,12769
2,100683,15309,0,0,27,27,3729,4394,567,4961
2,100683,27459,0,0,27,27,3729,73216,9153,82369
2,100884,28,0,0,28,28,3603,4374,1,4375
2,100958,26,0,0,26,26,3883,4374,1,4375
2,100958,3146,0,0,26,26,3883,6354,121,6475
2,100958,27534,0,0,26,26,3883,19208,3177,22385
2,100958,31850,0,0,26,26,3883,7766,1225,8991
2,100958,35594,0,0,26,26,3883,83006,1369,84375
2,100958,64246,0,0,26,26,3883,4374,2471,6845
2,100958,82602,0,0,26,26,3883,5632,28593,34225
2,101010,26,0,0,26,26,3885,4374,1,4375
2,101010,2366,0,0,26,26,3885,8192,1183,9375
2,101010,9126,0,0,26,26,3885,10952,1053,12005
2,101010,10530,0,0,26,26,3885,10952,1215,12167
2,101010,16250,0,0,26,26,3885,8192,8125,16317
2,101010,16562,0,0,26,26,3885,3200,4459,7659
2,101010,18954,0,0,26,26,3885,30758,729,31487
2,101010,22750,0,0,26,26,3885,128,6125,6253
2,101010,33670,0,0,26,26,3885,512,11655,12167
2,101010,35594,0,0,26,26,3885,32,6845,6877
2,101010,35594,0,0,26,26,3885,7406,1369,8775
2,101010,35594,0,0,26,26,3885,33614,1369,34983
2,101010,57122,0,0,26,26,3885,2058,2197,4255
2,101010,81250,0,0,26,26,3885,7938,3125,11063
2,101115,27,0,0,27,27,3745,4374,1,4375
2,101115,2187,0,0,27,27,3745,5000,243,5243
2,101270,234,0,0,26,26,3895,8200,27,8227
2,101332,6804,0,0,28,28,3619,4312,729,5041
2,101332,15092,0,0,28,28,3619,4374,539,4913
2,101439,27,0,0,54,27,3757,31212,1,31213
2,101478,26,0,0,52,26,3903,5324,1,5325
2,101478,33826,0,0,26,26,3903,7290,1301,8591
2,101500,23548,0,0,28,28,3625,1352,2523,3875
2,101645,29,0,0,29,29,3505,4374,1,4375
2,101724,28,0,0,28,28,3633,4374,1,4375
2,101738,26,0,0,26,26,3913,4374,1,4375
2,101738,26,0,0,52,26,3913,4900,1,4901
2,101738,234,0,0,26,26,3913,21866,9,21875
2,101738,702,0,0,26,26,3913,24010,27,24037
2,101738,2106,0,0,26,26,3913,8192,1053,9245
2,101738,2366,0,0,26,26,3913,8192,1183,9375
2,101738,3510,0,0,26,26,3913,8192,1755,9947
2,101738,6318,0,0,26,26,3913,3200,1701,4901
2,101738,13182,0,0,26,26,3913,3698,507,4205
2,101738,13182,0,0,26,26,3913,512,4563,5075
2,101738,20358,0,0,26,26,3913,5504,5481,10985
2,101738,21866,0,0,26,26,3913,110080,7569,117649
2,101738,48074,0,0,26,26,3913,2610,1849,4459
2,101738,56862,0,0,26,26,3913,1720,6561,8281
2,101738,57122,0,0,26,26,3913,42050,2197,44247
2,101738,62426,0,0,26,26,3913,12384,12005,24389
2,101738,80262,0,0,26,26,3913,1118,3087,4205
2,101738,94250,0,0,26,26,3913,13182,3625,16807
2,101877,44631,0,0,29,29,3513,8,4617,4625
2,101920,5096,0,0,56,28,3640,8192,1183,9375
2,101920,10192,0,0,112,28,3640,8192,1183,9375
2,102050,26,0,0,26,26,3925,4374,1,4375
2,102050,26,0,0,52,26,3925,12716,1,12717
2,102050,130,0,0,26,26,3925,5024,25,5049
2,102050,3250,0,0,26,26,3925,4114,125,4239
2,102050,4082,0,0,26,26,3925,10880,1099,11979
2,102050,14014,0,0,26,26,3925,4374,539,4913
2,102050,35802,0,0,26,26,3925,2744,4131,6875
2,102050,48750,0,0,26,26,3925,5024,9375,14399
2,102050,53482,0,0,26,26,3925,5024,10285,15309
2,102050,81250,0,0,26,26,3925,5984,15625,21609
2,102060,28,0,0,28,28,3645,4374,1,4375
2,102087,5373,0,0,108,27,3781,4096,597,4693
2,102102,14014,0,0,26,26,3927,4374,539,4913
2,102141,27,0,0,27,27,3783,19682,1,19683
2,102141,3375,0,0,27,27,3783,27936,625,28561
2,102141,16875,0,0,27,27,3783,70304,3125,73429
2,102141,85293,0,0,27,27,3783,6250,3159,9409
2,102340,34020,0,0,28,28,3655,3698,1215,4913
2,102340,78652,0,0,28,28,3655,6966,2809,9775
2,102340,94500,0,0,28,28,3655,5618,3375,8993
2,102362,57122,0,0,26,26,3937,20402,2197,22599
2,102411,27,0,0,27,27,3793,64000,9,64009
2,102411,27,0,0,27,27,3793,71874,1,71875
2,102465,27,0,0,27,27,3795,64000,9,64009
2,102465,27,0,0,27,27,3795,71874,1,71875
2,102515,29,0,0,29,29,3535,4374,1,4375
2,102660,58,0,0,58,29,3540,64000,9,64009
2,102660,174,0,0,58,29,3540,6776,9,6785
2,102830,26,0,0,26,26,3955,4374,1,4375
2,102830,8918,0,0,26,26,3955,10368,2401,12769
2,102844,28,0,0,28,28,3673,4374,1,4375
2,102900,28,0,0,28,28,3675,4374,1,4375
2,102921,14703,0,0,29,29,3549,2968,1521,4489
2,102921,81461,0,0,29,29,3549,4394,2809,7203
2,102951,27,0,0,27,27,3813,4374,1,4375
2,102951,27,0,0,54,27,3813,10044,1,10045
2,102951,67797,0,0,27,27,3813,872,7533,8405
2,102951,77841,0,0,27,27,3813,109000,8649,117649
2,102951,102951,0,0,27,27,3813,25088,34317,59405
2,103037,2755,0,0,29,29,3553,8704,855,9559
2,103037,18125,0,0,29,29,3553,512,5625,6137
2,103037,19575,0,0,29,29,3553,2888,2025,4913
2,103037,63423,0,0,29,29,3553,3950,2187,6137
2,103275,32805,0,0,27,27,3825,3698,1215,4913
2,103275,34425,0,0,108,27,3825,4096,3825,7921
2,103298,234,0,0,26,26,3973,70144,81,70225
2,103376,364,0,0,52,26,3976,4992,49,5041
2,103376,728,0,0,104,26,3976,4992,49,5041
2,103385,36859,0,0,29,29,3565,5290,1271,6561
2,103404,2268,0,0,28,28,3693,5912,243,6155
2,103617,11513,0,0,29,29,3573,4576,1985,6561
2,103684,28,0,0,28,28,3703,4374,1,4375
2,103684,28,0,0,28,28,3703,6174,1,6175
2,103684,84,0,0,28,28,3703,9016,9,9025
2,103684,140,0,0,28,28,3703,89376,25,89401
2,103684,252,0,0,28,28,3703,7448,27,7475
2,103684,2548,0,0,28,28,3703,8192,1183,9375
2,103684,6804,0,0,28,28,3703,3496,729,4225
2,103684,10500,0,0,28,28,3703,512,3375,3887
2,103684,12740,0,0,28,28,3703,7776,2275,10051
2,103684,16100,0,0,28,28,3703,10976,2875,13851
2,103684,17500,0,0,28,28,3703,1568,3125,4693
2,103684,20412,0,0,28,28,3703,3200,5103,8303
2,103684,37044,0,0,28,28,3703,1664,9261,10925
2,103684,56700,0,0,28,28,3703,1862,2025,3887
2,103684,61516,0,0,28,28,3703,126350,2197,128547
2,103684,66500,0,0,28,28,3703,4186,2375,6561
2,103684,66500,0,0,28,28,3703,32,11875,11907
2,103684,67228,0,0,28,28,3703,3200,16807,20007
2,103684,90972,0,0,28,28,3703,8918,3249,12167
2,103684,103684,0,0,28,28,3703,6422,3703,10125
2,103707,27,0,0,54,27,3841,4508,1,4509
2,103740,1820,0,0,28,28,3705,6144,715,6859
2,103740,20412,0,0,28,28,3705,107008,6561,113569
2,103740,50540,0,0,28,28,3705,104544,9025,113569
2,103761,27,0,0,27,27,3843,4374,1,4375
2,103761,103761,0,0,108,27,3843,4096,11529,15625
2,103818,702,0,0,26,26,3993,5632,243,5875
2,103818,12870,0,0,26,26,3993,4418,495,4913
2,103818,29250,0,0,26,26,3993,2312,3375,5687
2,103824,168,0,0,56,28,3708,10600,9,10609
2,103965,29,0,0,116,29,3585,3824,1,3825
2,104020,28,0,0,28,28,3715,4374,1,4375
2,104085,27,0,0,27,27,3855,4374,1,4375
2,104085,2187,0,0,27,27,3855,4802,81,4883
2,104085,16443,0,0,27,27,3855,6250,609,6859
2,104085,19683,0,0,27,27,3855,2888,2187,5075
2,104085,64125,0,0,27,27,3855,32,11875,11907
2,104085,87723,0,0,27,27,3855,200,9747,9947
2,104255,2349,0,0,29,29,3595,5752,243,5995
2,104412,9604,0,0,28,28,3729,10368,2401,12769
2,104412,15876,0,0,28,28,3729,4394,567,4961
2,104412,28476,0,0,28,28,3729,73216,9153,82369
2,104487,29,0,0,29,29,3603,4374,1,4375
2,104841,27,0,0,27,27,3883,4374,1,4375
2,104841,3267,0,0,27,27,3883,6354,121,6475
2,104841,28593,0,0,27,27,3883,19208,3177,22385
2,104841,33075,0,0,27,27,3883,7766,1225,8991
2,104841,36963,0,0,27,27,3883,83006,1369,84375
2,104841,66717,0,0,27,27,3883,4374,2471,6845
2,104841,85779,0,0,27,27,3883,5632,28593,34225
2,104860,28,0,0,28,28,3745,4374,1,4375
2,104860,2268,0,0,28,28,3745,5000,243,5243
2,104895,27,0,0,27,27,3885,4374,1,4375
2,104895,2457,0,0,27,27,3885,8192,1183,9375
2,104895,9477,0,0,27,27,3885,10952,1053,12005
2,104895,10935,0,0,27,27,3885,10952,1215,12167
2,104895,16875,0,0,27,27,3885,8192,8125,16317
2,104895,17199,0,0,27,27,3885,3200,4459,7659
2,104895,19683,0,0,27,27,3885,30758,729,31487
2,104895,23625,0,0,27,27,3885,128,6125,6253
2,104895,34965,0,0,27,27,3885,512,11655,12167
2,104895,36963,0,0,27,27,3885,32,6845,6877
2,104895,36963,0,0,27,27,3885,7406,1369,8775
2,104895,36963,0,0,27,27,3885,33614,1369,34983
2,104895,59319,0,0,27,27,3885,2058,2197,4255
2,104895,84375,0,0,27,27,3885,7938,3125,11063
2,104951,7047,0,0,29,29,3619,4312,729,5041
2,104951,15631,0,0,29,29,3619,4374,539,4913
2,105125,24389,0,0,29,29,3625,1352,2523,3875
2,105150,30,0,0,30,30,3505,4374,1,4375
2,105165,243,0,0,27,27,3895,8200,27,8227
2,105196,28,0,0,56,28,3757,31212,1,31213
2,105357,29,0,0,29,29,3633,4374,1,4375
2,105381,27,0,0,54,27,3903,5324,1,5325
2,105381,35127,0,0,27,27,3903,7290,1301,8591
2,105390,46170,0,0,30,30,3513,8,4617,4625
2,105560,5278,0,0,58,29,3640,8192,1183,9375
2,105560,10556,0,0,116,29,3640,8192,1183,9375
2,105651,27,0,0,27,27,3913,4374,1,4375
2,105651,27,0,0,54,27,3913,4900,1,4901
2,105651,243,0,0,27,27,3913,21866,9,21875
2,105651,729,0,0,27,27,3913,24010,27,24037
2,105651,2187,0,0,27,27,3913,8192,1053,9245
2,105651,2457,0,0,27,27,3913,8192,1183,9375
2,105651,3645,0,0,27,27,3913,8192,1755,9947
2,105651,6561,0,0,27,27,3913,3200,1701,4901
2,105651,13689,0,0,27,27,3913,3698,507,4205
2,105651,13689,0,0,27,27,3913,512,4563,5075
2,105651,21141,0,0,27,27,3913,5504,5481,10985
2,105651,22707,0,0,27,27,3913,110080,7569,117649
2,105651,49923,0,0,27,27,3913,2610,1849,4459
2,105651,59049,0,0,27,27,3913,1720,6561,8281
2,105651,59319,0,0,27,27,3913,42050,2197,44247
2,105651,64827,0,0,27,27,3913,12384,12005,24389
2,105651,83349,0,0,27,27,3913,1118,3087,4205
2,105651,97875,0,0,27,27,3913,13182,3625,16807
2,105705,29,0,0,29,29,3645,4374,1,4375
2,105868,5572,0,0,112,28,3781,4096,597,4693
2,105924,28,0,0,28,28,3783,19682,1,19683
2,105924,3500,0,0,28,28,3783,27936,625,28561
2,105924,17500,0,0,28,28,3783,70304,3125,73429
2,105924,88452,0,0,28,28,3783,6250,3159,9409
2,105975,27,0,0,27,27,3925,4374,1,4375
2,105975,27,0,0,54,27,3925,12716,1,12717
2,105975,135,0,0,27,27,3925,5024,25,5049
2,105975,3375,0,0,27,27,3925,4114,125,4239
2,105975,4239,0,0,27,27,3925,10880,1099,11979
2,105975,14553,0,0,27,27,3925,4374,539,4913
2,105975,37179,0,0,27,27,3925,2744,4131,6875
2,105975,50625,0,0,27,27,3925,5024,9375,14399
2,105975,55539,0,0,27,27,3925,5024,10285,15309
2,105975,84375,0,0,27,27,3925,5984,15625,21609
2,105995,35235,0,0,29,29,3655,3698,1215,4913
2,105995,81461,0,0,29,29,3655,6966,2809,9775
2,105995,97875,0,0,29,29,3655,5618,3375,8993
2,106029,14553,0,0,27,27,3927,4374,539,4913
2,106050,30,0,0,30,30,3535,4374,1,4375
2,106200,60,0,0,60,30,3540,64000,9,64009
2,106200,180,0,0,60,30,3540,6776,9,6785
2,106204,28,0,0,28,28,3793,64000,9,64009
2,106204,28,0,0,28,28,3793,71874,1,71875
2,106260,28,0,0,28,28,3795,64000,9,64009
2,106260,28,0,0,28,28,3795,71874,1,71875
2,106299,59319,0,0,27,27,3937,20402,2197,22599
2,106470,15210,0,0,30,30,3549,2968,1521,4489
2,106470,84270,0,0,30,30,3549,4394,2809,7203
2,106517,29,0,0,29,29,3673,4374,1,4375
2,106575,29,0,0,29,29,3675,4374,1,4375
2,106590,2850,0,0,30,30,3553,8704,855,9559
2,106590,18750,0,0,30,30,3553,512,5625,6137
2,106590,20250,0,0,30,30,3553,2888,2025,4913
2,106590,65610,0,0,30,30,3553,3950,2187,6137
2,106764,28,0,0,28,28,3813,4374,1,4375
2,106764,28,0,0,56,28,3813,10044,1,10045
2,106764,70308,0,0,28,28,3813,872,7533,8405
2,106764,80724,0,0,28,28,3813,109000,8649,117649
2,106764,106764,0,0,28,28,3813,25088,34317,59405
2,106785,27,0,0,27,27,3955,4374,1,4375
2,106785,9261,0,0,27,27,3955,10368,2401,12769
2,106950,38130,0,0,30,30,3565,5290,1271,6561
2,107097,2349,0,0,29,29,3693,5912,243,6155
2,107100,34020,0,0,28,28,3825,3698,1215,4913
2,107100,35700,0,0,112,28,3825,4096,3825,7921
2,107190,11910,0,0,30,30,3573,4576,1985,6561
2,107271,243,0,0,27,27,3973,70144,81,70225
2,107352,378,0,0,54,27,3976,4992,49,5041
2,107352,756,0,0,108,27,3976,4992,49,5041
2,107387,29,0,0,29,29,3703,4374,1,4375
2,107387,29,0,0,29,29,3703,6174,1,6175
2,107387,87,0,0,29,29,3703,9016,9,9025
2,107387,145,0,0,29,29,3703,89376,25,89401
2,107387,261,0,0,29,29,3703,7448,27,7475
2,107387,2639,0,0,29,29,3703,8192,1183,9375
2,107387,7047,0,0,29,29,3703,3496,729,4225
2,107387,10875,0,0,29,29,3703,512,3375,3887
2,107387,13195,0,0,29,29,3703,7776,2275,10051
2,107387,16675,0,0,29,29,3703,10976,2875,13851
2,107387,18125,0,0,29,29,3703,1568,3125,4693
2,107387,21141,0,0,29,29,3703,3200,5103,8303
2,107387,38367,0,0,29,29,3703,1664,9261,10925
2,107387,58725,0,0,29,29,3703,1862,2025,3887
2,107387,63713,0,0,29,29,3703,126350,2197,128547
2,107387,68875,0,0,29,29,3703,4186,2375,6561
2,107387,68875,0,0,29,29,3703,32,11875,11907
2,107387,69629,0,0,29,29,3703,3200,16807,20007
2,107387,94221,0,0,29,29,3703,8918,3249,12167
2,107387,107387,0,0,29,29,3703,6422,3703,10125
2,107445,1885,0,0,29,29,3705,6144,715,6859
2,107445,21141,0,0,29,29,3705,107008,6561,113569
2,107445,52345,0,0,29,29,3705,104544,9025,113569
2,107532,174,0,0,58,29,3708,10600,9,10609
2,107548,28,0,0,56,28,3841,4508,1,4509
2,107550,30,0,0,120,30,3585,3824,1,3825
2,107604,28,0,0,28,28,3843,4374,1,4375
2,107604,107604,0,0,112,28,3843,4096,11529,15625
2,107735,29,0,0,29,29,3715,4374,1,4375
2,107811,729,0,0,27,27,3993,5632,243,5875
2,107811,13365,0,0,27,27,3993,4418,495,4913
2,107811,30375,0,0,27,27,3993,2312,3375,5687
2,107850,2430,0,0,30,30,3595,5752,243,5995
2,107940,28,0,0,28,28,3855,4374,1,4375
2,107940,2268,0,0,28,28,3855,4802,81,4883
2,107940,17052,0,0,28,28,3855,6250,609,6859
2,107940,20412,0,0,28,28,3855,2888,2187,5075
2,107940,66500,0,0,28,28,3855,32,11875,11907
2,107940,90972,0,0,28,28,3855,200,9747,9947
2,108090,30,0,0,30,30,3603,4374,1,4375
2,108141,9947,0,0,29,29,3729,10368,2401,12769
2,108141,16443,0,0,29,29,3729,4394,567,4961
2,108141,29493,0,0,29,29,3729,73216,9153,82369
2,108570,7290,0,0,30,30,3619,4312,729,5041
2,108570,16170,0,0,30,30,3619,4374,539,4913
2,108605,29,0,0,29,29,3745,4374,1,4375
2,108605,2349,0,0,29,29,3745,5000,243,5243
2,108655,31,0,0,31,31,3505,4374,1,4375
2,108724,28,0,0,28,28,3883,4374,1,4375
2,108724,3388,0,0,28,28,3883,6354,121,6475
2,108724,29652,0,0,28,28,3883,19208,3177,22385
2,108724,34300,0,0,28,28,3883,7766,1225,8991
2,108724,38332,0,0,28,28,3883,83006,1369,84375
2,108724,69188,0,0,28,28,3883,4374,2471,6845
2,108724,88956,0,0,28,28,3883,5632,28593,34225
2,108750,25230,0,0,30,30,3625,1352,2523,3875
2,108780,28,0,0,28,28,3885,4374,1,4375
2,108780,2548,0,0,28,28,3885,8192,1183,9375
2,108780,9828,0,0,28,28,3885,10952,1053,12005
2,108780,11340,0,0,28,28,3885,10952,1215,12167
2,108780,17500,0,0,28,28,3885,8192,8125,16317
2,108780,17836,0,0,28,28,3885,3200,4459,7659
2,108780,20412,0,0,28,28,3885,30758,729,31487
2,108780,24500,0,0,28,28,3885,128,6125,6253
2,108780,36260,0,0,28,28,3885,512,11655,12167
2,108780,38332,0,0,28,28,3885,32,6845,6877
2,108780,38332,0,0,28,28,3885,7406,1369,8775
2,108780,38332,0,0,28,28,3885,33614,1369,34983
2,108780,61516,0,0,28,28,3885,2058,2197,4255
2,108780,87500,0,0,28,28,3885,7938,3125,11063
2,108903,47709,0,0,31,31,3513,8,4617,4625
2,108953,29,0,0,58,29,3757,31212,1,31213
2,108990,30,0,0,30,30,3633,4374,1,4375
2,109060,252,0,0,28,28,3895,8200,27,8227
2,109200,5460,0,0,60,30,3640,8192,1183,9375
2,109200,10920,0,0,120,30,3640,8192,1183,9375
2,109284,28,0,0,56,28,3903,5324,1,5325
2,109284,36428,0,0,28,28,3903,7290,1301,8591
2,109350,30,0,0,30,30,3645,4374,1,4375
2,109564,28,0,0,28,28,3913,4374,1,4375
2,109564,28,0,0,56,28,3913,4900,1,4901
2,109564,252,0,0,28,28,3913,21866,9,21875
2,109564,756,0,0,28,28,3913,24010,27,24037
2,109564,2268,0,0,28,28,3913,8192,1053,9245
2,109564,2548,0,0,28,28,3913,8192,1183,9375
2,109564,3780,0,0,28,28,3913,8192,1755,9947
2,109564,6804,0,0,28,28,3913,3200,1701,4901
2,109564,14196,0,0,28,28,3913,3698,507,4205
2,109564,14196,0,0,28,28,3913,512,4563,5075
2,109564,21924,0,0,28,28,3913,5504,5481,10985
2,109564,23548,0,0,28,28,3913,110080,7569,117649
2,109564,51772,0,0,28,28,3913,2610,1849,4459
2,109564,61236,0,0,28,28,3913,1720,6561,8281
2,109564,61516,0,0,28,28,3913,42050,2197,44247
2,109564,67228,0,0,28,28,3913,12384,12005,24389
2,109564,86436,0,0,28,28,3913,1118,3087,4205
2,109564,101500,0,0,28,28,3913,13182,3625,16807
2,109585,31,0,0,31,31,3535,4374,1,4375
2,109649,5771,0,0,116,29,3781,4096,597,4693
2,109650,36450,0,0,30,30,3655,3698,1215,4913
2,109650,84270,0,0,30,30,3655,6966,2809,9775
2,109650,101250,0,0,30,30,3655,5618,3375,8993
2,109707,29,0,0,29,29,3783,19682,1,19683
2,109707,3625,0,0,29,29,3783,27936,625,28561
2,109707,18125,0,0,29,29,3783,70304,3125,73429
2,109707,91611,0,0,29,29,3783,6250,3159,9409
2,109740,62,0,0,62,31,3540,64000,9,64009
2,109740,186,0,0,62,31,3540,6776,9,6785
2,109900,28,0,0,28,28,3925,4374,1,4375
2,109900,28,0,0,56,28,3925,12716,1,12717
2,109900,140,0,0,28,28,3925,5024,25,5049
2,109900,3500,0,0,28,28,3925,4114,125,4239
2,109900,4396,0,0,28,28,3925,10880,1099,11979
2,109900,15092,0,0,28,28,3925,4374,539,4913
2,109900,38556,0,0,28,28,3925,2744,4131,6875
2,109900,52500,0,0,28,28,3925,5024,9375,14399
2,109900,57596,0,0,28,28,3925,5024,10285,15309
2,109900,87500,0,0,28,28,3925,5984,15625,21609
2,109956,15092,0,0,28,28,3927,4374,539,4913
2,109997,29,0,0,29,29,3793,64000,9,64009
2,109997,29,0,0,29,29,3793,71874,1,71875
2,110019,15717,0,0,31,31,3549,2968,1521,4489
2,110019,87079,0,0,31,31,3549,4394,2809,7203
2,110055,29,0,0,29,29,3795,64000,9,64009
2,110055,29,0,0,29,29,3795,71874,1,71875
2,110143,2945,0,0,31,31,3553,8704,855,9559
2,110143,19375,0,0,31,31,3553,512,5625,6137
2,110143,20925,0,0,31,31,3553,2888,2025,4913
2,110143,67797,0,0,31,31,3553,3950,2187,6137
2,110190,30,0,0,30,30,3673,4374,1,4375
2,110236,61516,0,0,28,28,3937,20402,2197,22599
2,110250,30,0,0,30,30,3675,4374,1,4375
2,110515,39401,0,0,31,31,3565,5290,1271,6561
2,110577,29,0,0,29,29,3813,4374,1,4375
2,110577,29,0,0,58,29,3813,10044,1,10045
2,110577,72819,0,0,29,29,3813,872,7533,8405
2,110577,83607,0,0,29,29,3813,109000,8649,117649
2,110577,110577,0,0,29,29,3813,25088,34317,59405
2,110740,28,0,0,28,28,3955,4374,1,4375
2,110740,9604,0,0,28,28,3955,10368,2401,12769
2,110763,12307,0,0,31,31,3573,4576,1985,6561
2,110790,2430,0,0,30,30,3693,5912,243,6155
2,110925,35235,0,0,29,29,3825,3698,1215,4913
2,110925,36975,0,0,116,29,3825,4096,3825,7921
2,111090,30,0,0,30,30,3703,4374,1,4375
2,111090,30,0,0,30,30,3703,6174,1,6175
2,111090,90,0,0,30,30,3703,9016,9,9025
2,111090,150,0,0,30,30,3703,89376,25,89401
2,111090,270,0,0,30,30,3703,7448,27,7475
2,111090,2730,0,0,30,30,3703,8192,1183,9375
2,111090,7290,0,0,30,30,3703,3496,729,4225
2,111090,11250,0,0,30,30,3703,512,3375,3887
2,111090,13650,0,0,30,30,3703,7776,2275,10051
2,111090,17250,0,0,30,30,3703,10976,2875,13851
2,111090,18750,0,0,30,30,3703,1568,3125,4693
2,111090,21870,0,0,30,30,3703,3200,5103,8303
2,111090,39690,0,0,30,30,3703,1664,9261,10925
2,111090,60750,0,0,30,30,3703,1862,2025,3887
2,111090,65910,0,0,30,30,3703,126350,2197,128547
2,111090,71250,0,0,30,30,3703,4186,2375,6561
2,111090,71250,0,0,30,30,3703,32,11875,11907
2,111090,72030,0,0,30,30,3703,3200,16807,20007
2,111090,97470,0,0,30,30,3703,8918,3249,12167
2,111090,111090,0,0,30,30,3703,6422,3703,10125
2,111135,31,0,0,124,31,3585,3824,1,3825
2,111150,1950,0,0,30,30,3705,6144,715,6859
2,111150,21870,0,0,30,30,3705,107008,6561,113569
2,111150,54150,0,0,30,30,3705,104544,9025,113569
2,111240,180,0,0,60,30,3708,10600,9,10609
2,111244,252,0,0,28,28,3973,70144,81,70225
2,111328,392,0,0,56,28,3976,4992,49,5041
2,111328,784,0,0,112,28,3976,4992,49,5041
2,111389,29,0,0,58,29,3841,4508,1,4509
2,111445,2511,0,0,31,31,3595,5752,243,5995
2,111447,29,0,0,29,29,3843,4374,1,4375
2,111447,111447,0,0,116,29,3843,4096,11529,15625
2,111450,30,0,0,30,30,3715,4374,1,4375
2,111693,31,0,0,31,31,3603,4374,1,4375
2,111795,29,0,0,29,29,3855,4374,1,4375
2,111795,2349,0,0,29,29,3855,4802,81,4883
2,111795,17661,0,0,29,29,3855,6250,609,6859
2,111795,21141,0,0,29,29,3855,2888,2187,5075
2,111795,68875,0,0,29,29,3855,32,11875,11907
2,111795,94221,0,0,29,29,3855,200,9747,9947
2,111804,756,0,0,28,28,3993,5632,243,5875
2,111804,13860,0,0,28,28,3993,4418,495,4913
2,111804,31500,0,0,28,28,3993,2312,3375,5687
2,111870,10290,0,0,30,30,3729,10368,2401,12769
2,111870,17010,0,0,30,30,3729,4394,567,4961
2,111870,30510,0,0,30,30,3729,73216,9153,82369
2,112160,32,0,0,32,32,3505,4374,1,4375
2,112189,7533,0,0,31,31,3619,4312,729,5041
2,112189,16709,0,0,31,31,3619,4374,539,4913
2,112350,30,0,0,30,30,3745,4374,1,4375
2,112350,2430,0,0,30,30,3745,5000,243,5243
2,112375,26071,0,0,31,31,3625,1352,2523,3875
2,112416,49248,0,0,32,32,3513,8,4617,4625
2,112607,29,0,0,29,29,3883,4374,1,4375
2,112607,3509,0,0,29,29,3883,6354,121,6475
2,112607,30711,0,0,29,29,3883,19208,3177,22385
2,112607,35525,0,0,29,29,3883,7766,1225,8991
2,112607,39701,0,0,29,29,3883,83006,1369,84375
2,112607,71659,0,0,29,29,3883,4374,2471,6845
2,112607,92133,0,0,29,29,3883,5632,28593,34225
2,112623,31,0,0,31,31,3633,4374,1,4375
2,112665,29,0,0,29,29,3885,4374,1,4375
2,112665,2639,0,0,29,29,3885,8192,1183,9375
2,112665,10179,0,0,29,29,3885,10952,1053,12005
2,112665,11745,0,0,29,29,3885,10952,1215,12167
2,112665,18125,0,0,29,29,3885,8192,8125,16317
2,112665,18473,0,0,29,29,3885,3200,4459,7659
2,112665,21141,0,0,29,29,3885,30758,729,31487
2,112665,25375,0,0,29,29,3885,128,6125,6253
2,112665,37555,0,0,29,29,3885,512,11655,12167
2,112665,39701,0,0,29,29,3885,32,6845,6877
2,112665,39701,0,0,29,29,3885,7406,1369,8775
2,112665,39701,0,0,29,29,3885,33614,1369,34983
2,112665,63713,0,0,29,29,3885,2058,2197,4255
2,112665,90625,0,0,29,29,3885,7938,3125,11063
2,112710,30,0,0,60,30,3757,31212,1,31213
2,112840,5642,0,0,62,31,3640,8192,1183,9375
2,112840,11284,0,0,124,31,3640,8192,1183,9375
2,112955,261,0,0,29,29,3895,8200,27,8227
2,112995,31,0,0,31,31,3645,4374,1,4375
2,113120,32,0,0,32,32,3535,4374,1,4375
2,113187,29,0,0,58,29,3903,5324,1,5325
2,113187,37729,0,0,29,29,3903,7290,1301,8591
2,113280,64,0,0,64,32,3540,64000,9,64009
2,113280,192,0,0,64,32,3540,6776,9,6785
2,113305,37665,0,0,31,31,3655,3698,1215,4913
2,113305,87079,0,0,31,31,3655,6966,2809,9775
2,113305,104625,0,0,31,31,3655,5618,3375,8993
2,113430,5970,0,0,120,30,3781,4096,597,4693
2,113477,29,0,0,29,29,3913,4374,1,4375
2,113477,29,0,0,58,29,3913,4900,1,4901
2,113477,261,0,0,29,29,3913,21866,9,21875
2,113477,783,0,0,29,29,3913,24010,27,24037
2,113477,2349,0,0,29,29,3913,8192,1053,9245
2,113477,2639,0,0,29,29,3913,8192,1183,9375
2,113477,3915,0,0,29,29,3913,8192,1755,9947
2,113477,7047,0,0,29,29,3913,3200,1701,4901
2,113477,14703,0,0,29,29,3913,3698,507,4205
2,113477,14703,0,0,29,29,3913,512,4563,5075
2,113477,22707,0,0,29,29,3913,5504,5481,10985
2,113477,24389,0,0,29,29,3913,110080,7569,117649
2,113477,53621,0,0,29,29,3913,2610,1849,4459
2,113477,63423,0,0,29,29,3913,1720,6561,8281
2,113477,63713,0,0,29,29,3913,42050,2197,44247
2,113477,69629,0,0,29,29,3913,12384,12005,24389
2,113477,89523,0,0,29,29,3913,1118,3087,4205
2,113477,105125,0,0,29,29,3913,13182,3625,16807
2,113490,30,0,0,30,30,3783,19682,1,19683
2,113490,3750,0,0,30,30,3783,27936,625,28561
2,113490,18750,0,0,30,30,3783,70304,3125,73429
2,113490,94770,0,0,30,30,3783,6250,3159,9409
2,113568,16224,0,0,32,32,3549,2968,1521,4489
2,113568,89888,0,0,32,32,3549,4394,2809,7203
2,113696,3040,0,0,32,32,3553,8704,855,9559
2,113696,20000,0,0,32,32,3553,512,5625,6137
2,113696,21600,0,0,32,32,3553,2888,2025,4913
2,113696,69984,0,0,32,32,3553,3950,2187,6137
2,113790,30,0,0,30,30,3793,64000,9,64009
2,113790,30,0,0,30,30,3793,71874,1,71875
2,113825,29,0,0,29,29,3925,4374,1,4375
2,113825,29,0,0,58,29,3925,12716,1,12717
2,113825,145,0,0,29,29,3925,5024,25,5049
2,113825,3625,0,0,29,29,3925,4114,125,4239
2,113825,4553,0,0,29,29,3925,10880,1099,11979
2,113825,15631,0,0,29,29,3925,4374,539,4913
2,113825,39933,0,0,29,29,3925,2744,4131,6875
2,113825,54375,0,0,29,29,3925,5024,9375,14399
2,113825,59653,0,0,29,29,3925,5024,10285,15309
2,113825,90625,0,0,29,29,3925,5984,15625,21609
2,113850,30,0,0,30,30,3795,64000,9,64009
2,113850,30,0,0,30,30,3795,71874,1,71875
2,113863,31,0,0,31,31,3673,4374,1,4375
2,113883,15631,0,0,29,29,3927,4374,539,4913
2,113925,31,0,0,31,31,3675,4374,1,4375
2,114080,40672,0,0,32,32,3565,5290,1271,6561
2,114173,63713,0,0,29,29,3937,20402,2197,22599
2,114336,12704,0,0,32,32,3573,4576,1985,6561
2,114390,30,0,0,30,30,3813,4374,1,4375
2,114390,30,0,0,60,30,3813,10044,1,10045
2,114390,75330,0,0,30,30,3813,872,7533,8405
2,114390,86490,0,0,30,30,3813,109000,8649,117649
2,114390,114390,0,0,30,30,3813,25088,34317,59405
2,114483,2511,0,0,31,31,3693,5912,243,6155
2,114695,29,0,0,29,29,3955,4374,1,4375
2,114695,9947,0,0,29,29,3955,10368,2401,12769
2,114720,32,0,0,128,32,3585,3824,1,3825
2,114750,36450,0,0,30,30,3825,3698,1215,4913
2,114750,38250,0,0,120,30,3825,4096,3825,7921
2,114793,31,0,0,31,31,3703,4374,1,4375
2,114793,31,0,0,31,31,3703,6174,1,6175
2,114793,93,0,0,31,31,3703,9016,9,9025
2,114793,155,0,0,31,31,3703,89376,25,89401
2,114793,279,0,0,31,31,3703,7448,27,7475
2,114793,2821,0,0,31,31,3703,8192,1183,9375
2,114793,7533,0,0,31,31,3703,3496,729,4225
2,114793,11625,0,0,31,31,3703,512,3375,3887
2,114793,14105,0,0,31,31,3703,7776,2275,10051
2,114793,17825,0,0,31,31,3703,10976,2875,13851
2,114793,19375,0,0,31,31,3703,1568,3125,4693
2,114793,22599,0,0,31,31,3703,3200,5103,8303
2,114793,41013,0,0,31,31,3703,1664,9261,10925
2,114793,62775,0,0,31,31,3703,1862,2025,3887
2,114793,68107,0,0,31,31,3703,126350,2197,128547
2,114793,73625,0,0,31,31,3703,4186,2375,6561
2,114793,73625,0,0,31,31,3703,32,11875,11907
2,114793,74431,0,0,31,31,3703,3200,16807,20007
2,114793,100719,0,0,31,31,3703,8918,3249,12167
2,114793,114793,0,0,31,31,3703,6422,3703,10125
2,114855,2015,0,0,31,31,3705,6144,715,6859
2,114855,22599,0,0,31,31,3705,107008,6561,113569
2,114855,55955,0,0,31,31,3705,104544,9025,113569
2,114948,186,0,0,62,31,3708,10600,9,10609
2,115040,2592,0,0,32,32,3595,5752,243,5995
2,115165,31,0,0,31,31,3715,4374,1,4375
2,115217,261,0,0,29,29,3973,70144,81,70225
2,115230,30,0,0,60,30,3841,4508,1,4509
2,115290,30,0,0,30,30,3843,4374,1,4375
2,115290,115290,0,0,120,30,3843,4096,11529,15625
2,115296,32,0,0,32,32,3603,4374,1,4375
2,115304,406,0,0,58,29,3976,4992,49,5041
2,115304,812,0,0,116,29,3976,4992,49,5041
2,115599,10633,0,0,31,31,3729,10368,2401,12769
2,115599,17577,0,0,31,31,3729,4394,567,4961
2,115599,31527,0,0,31,31,3729,73216,9153,82369
2,115650,30,0,0,30,30,3855,4374,1,4375
2,115650,2430,0,0,30,30,3855,4802,81,4883
2,115650,18270,0,0,30,30,3855,6250,609,6859
2,115650,21870,0,0,30,30,3855,2888,2187,5075
2,115650,71250,0,0,30,30,3855,32,11875,11907
2,115650,97470,0,0,30,30,3855,200,9747,9947
2,115665,33,0,0,33,33,3505,4374,1,4375
2,115797,783,0,0,29,29,3993,5632,243,5875
2,115797,14355,0,0,29,29,3993,4418,495,4913
2,115797,32625,0,0,29,29,3993,2312,3375,5687
2,115808,7776,0,0,32,32,3619,4312,729,5041
2,115808,17248,0,0,32,32,3619,4374,539,4913
2,115929,50787,0,0,33,33,3513,8,4617,4625
2,116000,26912,0,0,32,32,3625,1352,2523,3875
2,116095,31,0,0,31,31,3745,4374,1,4375
2,116095,2511,0,0,31,31,3745,5000,243,5243
2,116256,32,0,0,32,32,3633,4374,1,4375
2,116467,31,0,0,62,31,3757,31212,1,31213
2,116480,5824,0,0,64,32,3640,8192,1183,9375
2,116480,11648,0,0,128,32,3640,8192,1183,9375
2,116490,30,0,0,30,30,3883,4374,1,4375
2,116490,3630,0,0,30,30,3883,6354,121,6475
2,116490,31770,0,0,30,30,3883,19208,3177,22385
2,116490,36750,0,0,30,30,3883,7766,1225,8991
2,116490,41070,0,0,30,30,3883,83006,1369,84375
2,116490,74130,0,0,30,30,3883,4374,2471,6845
2,116490,95310,0,0,30,30,3883,5632,28593,34225
2,116550,30,0,0,30,30,3885,4374,1,4375
2,116550,2730,0,0,30,30,3885,8192,1183,9375
2,116550,10530,0,0,30,30,3885,10952,1053,12005
2,116550,12150,0,0,30,30,3885,10952,1215,12167
2,116550,18750,0,0,30,30,3885,8192,8125,16317
2,116550,19110,0,0,30,30,3885,3200,4459,7659
2,116550,21870,0,0,30,30,3885,30758,729,31487
2,116550,26250,0,0,30,30,3885,128,6125,6253
2,116550,38850,0,0,30,30,3885,512,11655,12167
2,116550,41070,0,0,30,30,3885,32,6845,6877
2,116550,41070,0,0,30,30,3885,7406,1369,8775
2,116550,41070,0,0,30,30,3885,33614,1369,34983
2,116550,65910,0,0,30,30,3885,2058,2197,4255
2,116550,93750,0,0,30,30,3885,7938,3125,11063
2,116640,32,0,0,32,32,3645,4374,1,4375
2,116655,33,0,0,33,33,3535,4374,1,4375
2,116820,66,0,0,66,33,3540,64000,9,64009
2,116820,198,0,0,66,33,3540,6776,9,6785
2,116850,270,0,0,30,30,3895,8200,27,8227
2,116960,38880,0,0,32,32,3655,3698,1215,4913
2,116960,89888,0,0,32,32,3655,6966,2809,9775
2,116960,108000,0,0,32,32,3655,5618,3375,8993
2,117090,30,0,0,60,30,3903,5324,1,5325
2,117090,39030,0,0,30,30,3903,7290,1301,8591
2,117117,16731,0,0,33,33,3549,2968,1521,4489
2,117117,92697,0,0,33,33,3549,4394,2809,7203
2,117211,6169,0,0,124,31,3781,4096,597,4693
2,117249,3135,0,0,33,33,3553,8704,855,9559
2,117249,20625,0,0,33,33,3553,512,5625,6137
2,117249,22275,0,0,33,33,3553,2888,2025,4913
2,117249,72171,0,0,33,33,3553,3950,2187,6137
2,117273,31,0,0,31,31,3783,19682,1,19683
2,117273,3875,0,0,31,31,3783,27936,625,28561
2,117273,19375,0,0,31,31,3783,70304,3125,73429
2,117273,97929,0,0,31,31,3783,6250,3159,9409
2,117390,30,0,0,30,30,3913,4374,1,4375
2,117390,30,0,0,60,30,3913,4900,1,4901
2,117390,270,0,0,30,30,3913,21866,9,21875
2,117390,810,0,0,30,30,3913,24010,27,24037
2,117390,2430,0,0,30,30,3913,8192,1053,9245
2,117390,2730,0,0,30,30,3913,8192,1183,9375
2,117390,4050,0,0,30,30,3913,8192,1755,9947
2,117390,7290,0,0,30,30,3913,3200,1701,4901
2,117390,15210,0,0,30,30,3913,3698,507,4205
2,117390,15210,0,0,30,30,3913,512,4563,5075
2,117390,23490,0,0,30,30,3913,5504,5481,10985
2,117390,25230,0,0,30,30,3913,110080,7569,117649
2,117390,55470,0,0,30,30,3913,2610,1849,4459
2,117390,65610,0,0,30,30,3913,1720,6561,8281
2,117390,65910,0,0,30,30,3913,42050,2197,44247
2,117390,72030,0,0,30,30,3913,12384,12005,24389
2,117390,92610,0,0,30,30,3913,1118,3087,4205
2,117390,108750,0,0,30,30,3913,13182,3625,16807
2,117536,32,0,0,32,32,3673,4374,1,4375
2,117583,31,0,0,31,31,3793,64000,9,64009
2,117583,31,0,0,31,31,3793,71874,1,71875
2,117600,32,0,0,32,32,3675,4374,1,4375
2,117645,31,0,0,31,31,3795,64000,9,64009
2,117645,31,0,0,31,31,3795,71874,1,71875
2,117645,41943,0,0,33,33,3565,5290,1271,6561
2,117750,30,0,0,30,30,3925,4374,1,4375
2,117750,30,0,0,60,30,3925,12716,1,12717
2,117750,150,0,0,30,30,3925,5024,25,5049
2,117750,3750,0,0,30,30,3925,4114,125,4239
2,117750,4710,0,0,30,30,3925,10880,1099,11979
2,117750,16170,0,0,30,30,3925,4374,539,4913
2,117750,41310,0,0,30,30,3925,2744,4131,6875
2,117750,56250,0,0,30,30,3925,5024,9375,14399
2,117750,61710,0,0,30,30,3925,5024,10285,15309
2,117750,93750,0,0,30,30,3925,5984,15625,21609
2,117810,16170,0,0,30,30,3927,4374,539,4913
2,117909,13101,0,0,33,33,3573,4576,1985,6561
2,118110,65910,0,0,30,30,3937,20402,2197,22599
2,118176,2592,0,0,32,32,3693,5912,243,6155
2,118203,31,0,0,31,31,3813,4374,1,4375
2,118203,31,0,0,62,31,3813,10044,1,10045
2,118203,77841,0,0,31,31,3813,872,7533,8405
2,118203,89373,0,0,31,31,3813,109000,8649,117649
2,118203,118203,0,0,31,31,3813,25088,34317,59405
2,118305,33,0,0,132,33,3585,3824,1,3825
2,118496,32,0,0,32,32,3703,4374,1,4375
2,118496,32,0,0,32,32,3703,6174,1,6175
2,118496,96,0,0,32,32,3703,9016,9,9025
2,118496,160,0,0,32,32,3703,89376,25,89401
2,118496,288,0,0,32,32,3703,7448,27,7475
2,118496,2912,0,0,32,32,3703,8192,1183,9375
2,118496,7776,0,0,32,32,3703,3496,729,4225
2,118496,12000,0,0,32,32,3703,512,3375,3887
2,118496,14560,0,0,32,32,3703,7776,2275,10051
2,118496,18400,0,0,32,32,3703,10976,2875,13851
2,118496,20000,0,0,32,32,3703,1568,3125,4693
2,118496,23328,0,0,32,32,3703,3200,5103,8303
2,118496,42336,0,0,32,32,3703,1664,9261,10925
2,118496,64800,0,0,32,32,3703,1862,2025,3887
2,118496,70304,0,0,32,32,3703,126350,2197,128547
2,118496,76000,0,0,32,32,3703,4186,2375,6561
2,118496,76000,0,0,32,32,3703,32,11875,11907
2,118496,76832,0,0,32,32,3703,3200,16807,20007
2,118496,103968,0,0,32,32,3703,8918,3249,12167
2,118496,118496,0,0,32,32,3703,6422,3703,10125
2,118560,2080,0,0,32,32,3705,6144,715,6859
2,118560,23328,0,0,32,32,3705,107008,6561,113569
2,118560,57760,0,0,32,32,3705,104544,9025,113569
2,118575,37665,0,0,31,31,3825,3698,1215,4913
2,118575,39525,0,0,124,31,3825,4096,3825,7921
2,118635,2673,0,0,33,33,3595,5752,243,5995
2,118650,30,0,0,30,30,3955,4374,1,4375
2,118650,10290,0,0,30,30,3955,10368,2401,12769
2,118656,192,0,0,64,32,3708,10600,9,10609
2,118880,32,0,0,32,32,3715,4374,1,4375
2,118899,33,0,0,33,33,3603,4374,1,4375
2,119071,31,0,0,62,31,3841,4508,1,4509
2,119133,31,0,0,31,31,3843,4374,1,4375
2,119133,119133,0,0,124,31,3843,4096,11529,15625
2,119170,34,0,0,34,34,3505,4374,1,4375
2,119190,270,0,0,30,30,3973,70144,81,70225
2,119280,420,0,0,60,30,3976,4992,49,5041
2,119280,840,0,0,120,30,3976,4992,49,5041
2,119328,10976,0,0,32,32,3729,10368,2401,12769
2,119328,18144,0,0,32,32,3729,4394,567,4961
2,119328,32544,0,0,32,32,3729,73216,9153,82369
2,119427,8019,0,0,33,33,3619,4312,729,5041
2,119427,17787,0,0,33,33,3619,4374,539,4913
2,119442,52326,0,0,34,34,3513,8,4617,4625
2,119505,31,0,0,31,31,3855,4374,1,4375
2,119505,2511,0,0,31,31,3855,4802,81,4883
2,119505,18879,0,0,31,31,3855,6250,609,6859
2,119505,22599,0,0,31,31,3855,2888,2187,5075
2,119505,73625,0,0,31,31,3855,32,11875,11907
2,119505,100719,0,0,31,31,3855,200,9747,9947
2,119625,27753,0,0,33,33,3625,1352,2523,3875
2,119790,810,0,0,30,30,3993,5632,243,5875
2,119790,14850,0,0,30,30,3993,4418,495,4913
2,119790,33750,0,0,30,30,3993,2312,3375,5687
2,119840,32,0,0,32,32,3745,4374,1,4375
2,119840,2592,0,0,32,32,3745,5000,243,5243
2,119889,33,0,0,33,33,3633,4374,1,4375
2,120120,6006,0,0,66,33,3640,8192,1183,9375
2,120120,12012,0,0,132,33,3640,8192,1183,9375
2,120190,34,0,0,34,34,3535,4374,1,4375
2,120224,32,0,0,64,32,3757,31212,1,31213
2,120285,33,0,0,33,33,3645,4374,1,4375
2,120360,68,0,0,68,34,3540,64000,9,64009
2,120360,204,0,0,68,34,3540,6776,9,6785
2,120373,31,0,0,31,31,3883,4374,1,4375
2,120373,3751,0,0,31,31,3883,6354,121,6475
2,120373,32829,0,0,31,31,3883,19208,3177,22385
2,120373,37975,0,0,31,31,3883,7766,1225,8991
2,120373,42439,0,0,31,31,3883,83006,1369,84375
2,120373,76601,0,0,31,31,3883,4374,2471,6845
2,120373,98487,0,0,31,31,3883,5632,28593,34225
2,120435,31,0,0,31,31,3885,4374,1,4375
2,120435,2821,0,0,31,31,3885,8192,1183,9375
2,120435,10881,0,0,31,31,3885,10952,1053,12005
2,120435,12555,0,0,31,31,3885,10952,1215,12167
2,120435,19375,0,0,31,31,3885,8192,8125,16317
2,120435,19747,0,0,31,31,3885,3200,4459,7659
2,120435,22599,0,0,31,31,3885,30758,729,31487
2,120435,27125,0,0,31,31,3885,128,6125,6253
2,120435,40145,0,0,31,31,3885,512,11655,12167
2,120435,42439,0,0,31,31,3885,32,6845,6877
2,120435,42439,0,0,31,31,3885,7406,1369,8775
2,120435,42439,0,0,31,31,3885,33614,1369,34983
2,120435,68107,0,0,31,31,3885,2058,2197,4255
2,120435,96875,0,0,31,31,3885,7938,3125,11063
2,120615,40095,0,0,33,33,3655,3698,1215,4913
2,120615,92697,0,0,33,33,3655,6966,2809,9775
2,120615,111375,0,0,33,33,3655,5618,3375,8993
2,120666,17238,0,0,34,34,3549,2968,1521,4489
2,120666,95506,0,0,34,34,3549,4394,2809,7203
2,120745,279,0,0,31,31,3895,8200,27,8227
2,120802,3230,0,0,34,34,3553,8704,855,9559
2,120802,21250,0,0,34,34,3553,512,5625,6137
2,120802,22950,0,0,34,34,3553,2888,2025,4913
2,120802,74358,0,0,34,34,3553,3950,2187,6137
2,120992,6368,0,0,128,32,3781,4096,597,4693
2,120993,31,0,0,62,31,3903,5324,1,5325
2,120993,40331,0,0,31,31,3903,7290,1301,8591
2,121056,32,0,0,32,32,3783,19682,1,19683
2,121056,4000,0,0,32,32,3783,27936,625,28561
2,121056,20000,0,0,32,32,3783,70304,3125,73429
2,121056,101088,0,0,32,32,3783,6250,3159,9409
2,121209,33,0,0,33,33,3673,4374,1,4375
2,121210,43214,0,0,34,34,3565,5290,1271,6561
2,121275,33,0,0,33,33,3675,4374,1,4375
2,121303,31,0,0,31,31,3913,4374,1,4375
2,121303,31,0,0,62,31,3913,4900,1,4901
2,121303,279,0,0,31,31,3913,21866,9,21875
2,121303,837,0,0,31,31,3913,24010,27,24037
2,121303,2511,0,0,31,31,3913,8192,1053,9245
2,121303,2821,0,0,31,31,3913,8192,1183,9375
2,121303,4185,0,0,31,31,3913,8192,1755,9947
2,121303,7533,0,0,31,31,3913,3200,1701,4901
2,121303,15717,0,0,31,31,3913,3698,507,4205
2,121303,15717,0,0,31,31,3913,512,4563,5075
2,121303,24273,0,0,31,31,3913,5504,5481,10985
2,121303,26071,0,0,31,31,3913,110080,7569,117649
2,121303,57319,0,0,31,31,3913,2610,1849,4459
2,121303,67797,0,0,31,31,3913,1720,6561,8281
2,121303,68107,0,0,31,31,3913,42050,2197,44247
2,121303,74431,0,0,31,31,3913,12384,12005,24389
2,121303,95697,0,0,31,31,3913,1118,3087,4205
2,121303,112375,0,0,31,31,3913,13182,3625,16807
2,121376,32,0,0,32,32,3793,64000,9,64009
2,121376,32,0,0,32,32,3793,71874,1,71875
2,121440,32,0,0,32,32,3795,64000,9,64009
2,121440,32,0,0,32,32,3795,71874,1,71875
2,121482,13498,0,0,34,34,3573,4576,1985,6561
2,121675,31,0,0,31,31,3925,4374,1,4375
2,121675,31,0,0,62,31,3925,12716,1,12717
2,121675,155,0,0,31,31,3925,5024,25,5049
2,121675,3875,0,0,31,31,3925,4114,125,4239
2,121675,4867,0,0,31,31,3925,10880,1099,11979
2,121675,16709,0,0,31,31,3925,4374,539,4913
2,121675,42687,0,0,31,31,3925,2744,4131,6875
2,121675,58125,0,0,31,31,3925,5024,9375,14399
2,121675,63767,0,0,31,31,3925,5024,10285,15309
2,121675,96875,0,0,31,31,3925,5984,15625,21609
2,121737,16709,0,0,31,31,3927,4374,539,4913
2,121869,2673,0,0,33,33,3693,5912,243,6155
2,121890,34,0,0,136,34,3585,3824,1,3825
2,122016,32,0,0,32,32,3813,4374,1,4375
2,122016,32,0,0,64,32,3813,10044,1,10045
2,122016,80352,0,0,32,32,3813,872,7533,8405
2,122016,92256,0,0,32,32,3813,109000,8649,117649
2,122016,122016,0,0,32,32,3813,25088,34317,59405
2,122047,68107,0,0,31,31,3937,20402,2197,22599
2,122199,33,0,0,33,33,3703,4374,1,4375
2,122199,33,0,0,33,33,3703,6174,1,6175
2,122199,99,0,0,33,33,3703,9016,9,9025
2,122199,165,0,0,33,33,3703,89376,25,89401
2,122199,297,0,0,33,33,3703,7448,27,7475
2,122199,3003,0,0,33,33,3703,8192,1183,9375
2,122199,8019,0,0,33,33,3703,3496,729,4225
2,122199,12375,0,0,33,33,3703,512,3375,3887
2,122199,15015,0,0,33,33,3703,7776,2275,10051
2,122199,18975,0,0,33,33,3703,10976,2875,13851
2,122199,20625,0,0,33,33,3703,1568,3125,4693
2,122199,24057,0,0,33,33,3703,3200,5103,8303
2,122199,43659,0,0,33,33,3703,1664,9261,10925
2,122199,66825,0,0,33,33,3703,1862,2025,3887
2,122199,72501,0,0,33,33,3703,126350,2197,128547
2,122199,78375,0,0,33,33,3703,4186,2375,6561
2,122199,78375,0,0,33,33,3703,32,11875,11907
2,122199,79233,0,0,33,33,3703,3200,16807,20007
2,122199,107217,0,0,33,33,3703,8918,3249,12167
2,122199,122199,0,0,33,33,3703,6422,3703,10125
2,122230,2754,0,0,34,34,3595,5752,243,5995
2,122265,2145,0,0,33,33,3705,6144,715,6859
2,122265,24057,0,0,33,33,3705,107008,6561,113569
2,122265,59565,0,0,33,33,3705,104544,9025,113569
2,122364,198,0,0,66,33,3708,10600,9,10609
2,122400,38880,0,0,32,32,3825,3698,1215,4913
2,122400,40800,0,0,128,32,3825,4096,3825,7921
2,122502,34,0,0,34,34,3603,4374,1,4375
2,122595,33,0,0,33,33,3715,4374,1,4375
2,122605,31,0,0,31,31,3955,4374,1,4375
2,122605,10633,0,0,31,31,3955,10368,2401,12769
2,122675,35,0,0,35,35,3505,4374,1,4375
2,122912,32,0,0,64,32,3841,4508,1,4509
2,122955,53865,0,0,35,35,3513,8,4617,4625
2,122976,32,0,0,32,32,3843,4374,1,4375
2,122976,122976,0,0,128,32,3843,4096,11529,15625
2,123046,8262,0,0,34,34,3619,4312,729,5041
2,123046,18326,0,0,34,34,3619,4374,539,4913
2,123057,11319,0,0,33,33,3729,10368,2401,12769
2,123057,18711,0,0,33,33,3729,4394,567,4961
2,123057,33561,0,0,33,33,3729,73216,9153,82369
2,123163,279,0,0,31,31,3973,70144,81,70225
2,123250,28594,0,0,34,34,3625,1352,2523,3875
2,123256,434,0,0,62,31,3976,4992,49,5041
2,123256,868,0,0,124,31,3976,4992,49,5041
2,123360,32,0,0,32,32,3855,4374,1,4375
2,123360,2592,0,0,32,32,3855,4802,81,4883
2,123360,19488,0,0,32,32,3855,6250,609,6859
2,123360,23328,0,0,32,32,3855,2888,2187,5075
2,123360,76000,0,0,32,32,3855,32,11875,11907
2,123360,103968,0,0,32,32,3855,200,9747,9947
2,123522,34,0,0,34,34,3633,4374,1,4375
2,123585,33,0,0,33,33,3745,4374,1,4375
2,123585,2673,0,0,33,33,3745,5000,243,5243
2,123725,35,0,0,35,35,3535,4374,1,4375
2,123760,6188,0,0,68,34,3640,8192,1183,9375
2,123760,12376,0,0,136,34,3640,8192,1183,9375
2,123783,837,0,0,31,31,3993,5632,243,5875
2,123783,15345,0,0,31,31,3993,4418,495,4913
2,123783,34875,0,0,31,31,3993,2312,3375,5687
2,123900,70,0,0,70,35,3540,64000,9,64009
2,123900,210,0,0,70,35,3540,6776,9,6785
2,123930,34,0,0,34,34,3645,4374,1,4375
2,123981,33,0,0,66,33,3757,31212,1,31213
2,124215,17745,0,0,35,35,3549,2968,1521,4489
2,124215,98315,0,0,35,35,3549,4394,2809,7203
2,124256,32,0,0,32,32,3883,4374,1,4375
2,124256,3872,0,0,32,32,3883,6354,121,6475
2,124256,33888,0,0,32,32,3883,19208,3177,22385
2,124256,39200,0,0,32,32,3883,7766,1225,8991
2,124256,43808,0,0,32,32,3883,83006,1369,84375
2,124256,79072,0,0,32,32,3883,4374,2471,6845
2,124256,101664,0,0,32,32,3883,5632,28593,34225
2,124270,41310,0,0,34,34,3655,3698,1215,4913
2,124270,95506,0,0,34,34,3655,6966,2809,9775
2,124270,114750,0,0,34,34,3655,5618,3375,8993
2,124320,32,0,0,32,32,3885,4374,1,4375
2,124320,2912,0,0,32,32,3885,8192,1183,9375
2,124320,11232,0,0,32,32,3885,10952,1053,12005
2,124320,12960,0,0,32,32,3885,10952,1215,12167
2,124320,20000,0,0,32,32,3885,8192,8125,16317
2,124320,20384,0,0,32,32,3885,3200,4459,7659
2,124320,23328,0,0,32,32,3885,30758,729,31487
2,124320,28000,0,0,32,32,3885,128,6125,6253
2,124320,41440,0,0,32,32,3885,512,11655,12167
2,124320,43808,0,0,32,32,3885,32,6845,6877
2,124320,43808,0,0,32,32,3885,7406,1369,8775
2,124320,43808,0,0,32,32,3885,33614,1369,34983
2,124320,70304,0,0,32,32,3885,2058,2197,4255
2,124320,100000,0,0,32,32,3885,7938,3125,11063
2,124355,3325,0,0,35,35,3553,8704,855,9559
2,124355,21875,0,0,35,35,3553,512,5625,6137
2,124355,23625,0,0,35,35,3553,2888,2025,4913
2,124355,76545,0,0,35,35,3553,3950,2187,6137
2,124640,288,0,0,32,32,3895,8200,27,8227
2,124773,6567,0,0,132,33,3781,4096,597,4693
2,124775,44485,0,0,35,35,3565,5290,1271,6561
2,124839,33,0,0,33,33,3783,19682,1,19683
2,124839,4125,0,0,33,33,3783,27936,625,28561
2,124839,20625,0,0,33,33,3783,70304,3125,73429
2,124839,104247,0,0,33,33,3783,6250,3159,9409
2,124882,34,0,0,34,34,3673,4374,1,4375
2,124896,32,0,0,64,32,3903,5324,1,5325
2,124896,41632,0,0,32,32,3903,7290,1301,8591
2,124950,34,0,0,34,34,3675,4374,1,4375
2,125055,13895,0,0,35,35,3573,4576,1985,6561
2,125169,33,0,0,33,33,3793,64000,9,64009
2,125169,33,0,0,33,33,3793,71874,1,71875
2,125216,32,0,0,32,32,3913,4374,1,4375
2,125216,32,0,0,64,32,3913,4900,1,4901
2,125216,288,0,0,32,32,3913,21866,9,21875
2,125216,864,0,0,32,32,3913,24010,27,24037
2,125216,2592,0,0,32,32,3913,8192,1053,9245
2,125216,2912,0,0,32,32,3913,8192,1183,9375
2,125216,4320,0,0,32,32,3913,8192,1755,9947
2,125216,7776,0,0,32,32,3913,3200,1701,4901
2,125216,16224,0,0,32,32,3913,3698,507,4205
2,125216,16224,0,0,32,32,3913,512,4563,5075
2,125216,25056,0,0,32,32,3913,5504,5481,10985
2,125216,26912,0,0,32,32,3913,110080,7569,117649
2,125216,59168,0,0,32,32,3913,2610,1849,4459
2,125216,69984,0,0,32,32,3913,1720,6561,8281
2,125216,70304,0,0,32,32,3913,42050,2197,44247
2,125216,76832,0,0,32,32,3913,12384,12005,24389
2,125216,98784,0,0,32,32,3913,1118,3087,4205
2,125216,116000,0,0,32,32,3913,13182,3625,16807
2,125235,33,0,0,33,33,3795,64000,9,64009
2,125235,33,0,0,33,33,3795,71874,1,71875
2,125562,2754,0,0,34,34,3693,5912,243,6155
2,125600,32,0,0,32,32,3925,4374,1,4375
2,125600,32,0,0,64,32,3925,12716,1,12717
2,125600,160,0,0,32,32,3925,5024,25,5049
2,125600,4000,0,0,32,32,3925,4114,125,4239
2,125600,5024,0,0,32,32,3925,10880,1099,11979
2,125600,17248,0,0,32,32,3925,4374,539,4913
2,125600,44064,0,0,32,32,3925,2744,4131,6875
2,125600,60000,0,0,32,32,3925,5024,9375,14399
2,125600,65824,0,0,32,32,3925,5024,10285,15309
2,125600,100000,0,0,32,32,3925,5984,15625,21609
2,125664,17248,0,0,32,32,3927,4374,539,4913
2,125825,2835,0,0,35,35,3595,5752,243,5995
2,125829,33,0,0,33,33,3813,4374,1,4375
2,125829,33,0,0,66,33,3813,10044,1,10045
2,125829,82863,0,0,33,33,3813,872,7533,8405
2,125829,95139,0,0,33,33,3813,109000,8649,117649
2,125829,125829,0,0,33,33,3813,25088,34317,59405
2,125902,34,0,0,34,34,3703,4374,1,4375
2,125902,34,0,0,34,34,3703,6174,1,6175
2,125902,102,0,0,34,34,3703,9016,9,9025
2,125902,170,0,0,34,34,3703,89376,25,89401
2,125902,306,0,0,34,34,3703,7448,27,7475
2,125902,3094,0,0,34,34,3703,8192,1183,9375
2,125902,8262,0,0,34,34,3703,3496,729,4225
2,125902,12750,0,0,34,34,3703,512,3375,3887
2,125902,15470,0,0,34,34,3703,7776,2275,10051
2,125902,19550,0,0,34,34,3703,10976,2875,13851
2,125902,21250,0,0,34,34,3703,1568,3125,4693
2,125902,24786,0,0,34,34,3703,3200,5103,8303
2,125902,44982,0,0,34,34,3703,1664,9261,10925
2,125902,68850,0,0,34,34,3703,1862,2025,3887
2,125902,74698,0,0,34,34,3703,126350,2197,128547
2,125902,80750,0,0,34,34,3703,4186,2375,6561
2,125902,80750,0,0,34,34,3703,32,11875,11907
2,125902,81634,0,0,34,34,3703,3200,16807,20007
2,125902,110466,0,0,34,34,3703,8918,3249,12167
2,125902,125902,0,0,34,34,3703,6422,3703,10125
2,125970,2210,0,0,34,34,3705,6144,715,6859
2,125970,24786,0,0,34,34,3705,107008,6561,113569
2,125970,61370,0,0,34,34,3705,104544,9025,113569
2,125984,70304,0,0,32,32,3937,20402,2197,22599
2,126072,204,0,0,68,34,3708,10600,9,10609
2,126105,35,0,0,35,35,3603,4374,1,4375
2,126180,36,0,0,36,36,3505,4374,1,4375
2,126225,40095,0,0,33,33,3825,3698,1215,4913
2,126225,42075,0,0,132,33,3825,4096,3825,7921
2,126310,34,0,0,34,34,3715,4374,1,4375
2,126468,55404,0,0,36,36,3513,8,4617,4625
2,126560,32,0,0,32,32,3955,4374,1,4375
2,126560,10976,0,0,32,32,3955,10368,2401,12769
2,126665,8505,0,0,35,35,3619,4312,729,5041
2,126665,18865,0,0,35,35,3619,4374,539,4913
2,126753,33,0,0,66,33,3841,4508,1,4509
2,126786,11662,0,0,34,34,3729,10368,2401,12769
2,126786,19278,0,0,34,34,3729,4394,567,4961
2,126786,34578,0,0,34,34,3729,73216,9153,82369
2,126819,33,0,0,33,33,3843,4374,1,4375
2,126819,126819,0,0,132,33,3843,4096,11529,15625
2,126875,29435,0,0,35,35,3625,1352,2523,3875
2,127136,288,0,0,32,32,3973,70144,81,70225
2,127155,35,0,0,35,35,3633,4374,1,4375
2,127215,33,0,0,33,33,3855,4374,1,4375
2,127215,2673,0,0,33,33,3855,4802,81,4883
2,127215,20097,0,0,33,33,3855,6250,609,6859
2,127215,24057,0,0,33,33,3855,2888,2187,5075
2,127215,78375,0,0,33,33,3855,32,11875,11907
2,127215,107217,0,0,33,33,3855,200,9747,9947
2,127232,448,0,0,64,32,3976,4992,49,5041
2,127232,896,0,0,128,32,3976,4992,49,5041
2,127260,36,0,0,36,36,3535,4374,1,4375
2,127330,34,0,0,34,34,3745,4374,1,4375
2,127330,2754,0,0,34,34,3745,5000,243,5243
2,127400,6370,0,0,70,35,3640,8192,1183,9375
2,127440,72,0,0,72,36,3540,64000,9,64009
2,127440,216,0,0,72,36,3540,6776,9,6785
2,127575,35,0,0,35,35,3645,4374,1,4375
2,127738,34,0,0,68,34,3757,31212,1,31213
2,127764,18252,0,0,36,36,3549,2968,1521,4489
2,127764,101124,0,0,36,36,3549,4394,2809,7203
2,127776,864,0,0,32,32,3993,5632,243,5875
2,127776,15840,0,0,32,32,3993,4418,495,4913
2,127776,36000,0,0,32,32,3993,2312,3375,5687
2,127908,3420,0,0,36,36,3553,8704,855,9559
2,127908,22500,0,0,36,36,3553,512,5625,6137
2,127908,24300,0,0,36,36,3553,2888,2025,4913
2,127908,78732,0,0,36,36,3553,3950,2187,6137
2,127925,42525,0,0,35,35,3655,3698,1215,4913
2,127925,98315,0,0,35,35,3655,6966,2809,9775
2,127925,118125,0,0,35,35,3655,5618,3375,8993
2,128139,33,0,0,33,33,3883,4374,1,4375
2,128139,3993,0,0,33,33,3883,6354,121,6475
2,128139,34947,0,0,33,33,3883,19208,3177,22385
2,128139,40425,0,0,33,33,3883,7766,1225,8991
2,128139,45177,0,0,33,33,3883,83006,1369,84375
2,128139,81543,0,0,33,33,3883,4374,2471,6845
2,128139,104841,0,0,33,33,3883,5632,28593,34225
2,128205,33,0,0,33,33,3885,4374,1,4375
2,128205,3003,0,0,33,33,3885,8192,1183,9375
2,128205,11583,0,0,33,33,3885,10952,1053,12005
2,128205,13365,0,0,33,33,3885,10952,1215,12167
2,128205,20625,0,0,33,33,3885,8192,8125,16317
2,128205,21021,0,0,33,33,3885,3200,4459,7659
2,128205,24057,0,0,33,33,3885,30758,729,31487
2,128205,28875,0,0,33,33,3885,128,6125,6253
2,128205,42735,0,0,33,33,3885,512,11655,12167
2,128205,45177,0,0,33,33,3885,32,6845,6877
2,128205,45177,0,0,33,33,3885,7406,1369,8775
2,128205,45177,0,0,33,33,3885,33614,1369,34983
2,128205,72501,0,0,33,33,3885,2058,2197,4255
2,128205,103125,0,0,33,33,3885,7938,3125,11063
2,128340,45756,0,0,36,36,3565,5290,1271,6561
2,128535,297,0,0,33,33,3895,8200,27,8227
2,128554,6766,0,0,136,34,3781,4096,597,4693
2,128555,35,0,0,35,35,3673,4374,1,4375
2,128622,34,0,0,34,34,3783,19682,1,19683
2,128622,4250,0,0,34,34,3783,27936,625,28561
2,128622,21250,0,0,34,34,3783,70304,3125,73429
2,128622,107406,0,0,34,34,3783,6250,3159,9409
2,128625,35,0,0,35,35,3675,4374,1,4375
2,128628,14292,0,0,36,36,3573,4576,1985,6561
2,128799,33,0,0,66,33,3903,5324,1,5325
2,128799,42933,0,0,33,33,3903,7290,1301,8591
2,128962,34,0,0,34,34,3793,64000,9,64009
2,128962,34,0,0,34,34,3793,71874,1,71875
2,129030,34,0,0,34,34,3795,64000,9,64009
2,129030,34,0,0,34,34,3795,71874,1,71875
2,129129,33,0,0,33,33,3913,4374,1,4375
2,129129,33,0,0,66,33,3913,4900,1,4901
2,129129,297,0,0,33,33,3913,21866,9,21875
2,129129,891,0,0,33,33,3913,24010,27,24037
2,129129,2673,0,0,33,33,3913,8192,1053,9245
2,129129,3003,0,0,33,33,3913,8192,1183,9375
2,129129,4455,0,0,33,33,3913,8192,1755,9947
2,129129,8019,0,0,33,33,3913,3200,1701,4901
2,129129,16731,0,0,33,33,3913,3698,507,4205
2,129129,16731,0,0,33,33,3913,512,4563,5075
2,129129,25839,0,0,33,33,3913,5504,5481,10985
2,129129,27753,0,0,33,33,3913,110080,7569,117649
2,129129,61017,0,0,33,33,3913,2610,1849,4459
2,129129,72171,0,0,33,33,3913,1720,6561,8281
2,129129,72501,0,0,33,33,3913,42050,2197,44247
2,129129,79233,0,0,33,33,3913,12384,12005,24389
2,129129,101871,0,0,33,33,3913,1118,3087,4205
2,129129,119625,0,0,33,33,3913,13182,3625,16807
2,129255,2835,0,0,35,35,3693,5912,243,6155
2,129420,2916,0,0,36,36,3595,5752,243,5995
2,129525,33,0,0,33,33,3925,4374,1,4375
2,129525,33,0,0,66,33,3925,12716,1,12717
2,129525,165,0,0,33,33,3925,5024,25,5049
2,129525,4125,0,0,33,33,3925,4114,125,4239
2,129525,5181,0,0,33,33,3925,10880,1099,11979
2,129525,17787,0,0,33,33,3925,4374,539,4913
2,129525,45441,0,0,33,33,3925,2744,4131,6875
2,129525,61875,0,0,33,33,3925,5024,9375,14399
2,129525,67881,0,0,33,33,3925,5024,10285,15309
2,129525,103125,0,0,33,33,3925,5984,15625,21609
2,129591,17787,0,0,33,33,3927,4374,539,4913
2,129605,35,0,0,35,35,3703,4374,1,4375
2,129605,35,0,0,35,35,3703,6174,1,6175
2,129605,105,0,0,35,35,3703,9016,9,9025
2,129605,175,0,0,35,35,3703,89376,25,89401
2,129605,315,0,0,35,35,3703,7448,27,7475
2,129605,3185,0,0,35,35,3703,8192,1183,9375
2,129605,8505,0,0,35,35,3703,3496,729,4225
2,129605,13125,0,0,35,35,3703,512,3375,3887
2,129605,15925,0,0,35,35,3703,7776,2275,10051
2,129605,20125,0,0,35,35,3703,10976,2875,13851
2,129605,21875,0,0,35,35,3703,1568,3125,4693
2,129605,25515,0,0,35,35,3703,3200,5103,8303
2,129605,46305,0,0,35,35,3703,1664,9261,10925
2,129605,70875,0,0,35,35,3703,1862,2025,3887
2,129605,76895,0,0,35,35,3703,126350,2197,128547
2,129605,83125,0,0,35,35,3703,4186,2375,6561
2,129605,83125,0,0,35,35,3703,32,11875,11907
2,129605,84035,0,0,35,35,3703,3200,16807,20007
2,129605,113715,0,0,35,35,3703,8918,3249,12167
2,129605,129605,0,0,35,35,3703,6422,3703,10125
2,129642,34,0,0,34,34,3813,4374,1,4375
2,129642,34,0,0,68,34,3813,10044,1,10045
2,129642,85374,0,0,34,34,3813,872,7533,8405
2,129642,98022,0,0,34,34,3813,109000,8649,117649
2,129642,129642,0,0,34,34,3813,25088,34317,59405
2,129675,2275,0,0,35,35,3705,6144,715,6859
2,129675,25515,0,0,35,35,3705,107008,6561,113569
2,129675,63175,0,0,35,35,3705,104544,9025,113569
2,129685,37,0,0,37,37,3505,4374,1,4375
2,129708,36,0,0,36,36,3603,4374,1,4375
2,129780,210,0,0,70,35,3708,10600,9,10609
2,129921,72501,0,0,33,33,3937,20402,2197,22599
2,129981,56943,0,0,37,37,3513,8,4617,4625
2,130025,35,0,0,35,35,3715,4374,1,4375
2,130050,41310,0,0,34,34,3825,3698,1215,4913
2,130050,43350,0,0,136,34,3825,4096,3825,7921
2,130284,8748,0,0,36,36,3619,4312,729,5041
2,130284,19404,0,0,36,36,3619,4374,539,4913
2,130500,30276,0,0,36,36,3625,1352,2523,3875
2,130515,33,0,0,33,33,3955,4374,1,4375
2,130515,11319,0,0,33,33,3955,10368,2401,12769
2,130515,12005,0,0,35,35,3729,10368,2401,12769
2,130515,19845,0,0,35,35,3729,4394,567,4961
2,130515,35595,0,0,35,35,3729,73216,9153,82369
2,130594,34,0,0,68,34,3841,4508,1,4509
2,130662,34,0,0,34,34,3843,4374,1,4375
2,130662,130662,0,0,136,34,3843,4096,11529,15625
2,130788,36,0,0,36,36,3633,4374,1,4375
2,130795,37,0,0,37,37,3535,4374,1,4375
2,130980,74,0,0,74,37,3540,64000,9,64009
2,130980,222,0,0,74,37,3540,6776,9,6785
2,131040,6552,0,0,72,36,3640,8192,1183,9375
2,131070,34,0,0,34,34,3855,4374,1,4375
2,131070,2754,0,0,34,34,3855,4802,81,4883
2,131070,20706,0,0,34,34,3855,6250,609,6859
2,131070,24786,0,0,34,34,3855,2888,2187,5075
2,131070,80750,0,0,34,34,3855,32,11875,11907
2,131070,110466,0,0,34,34,3855,200,9747,9947
2,131075,35,0,0,35,35,3745,4374,1,4375
2,131075,2835,0,0,35,35,3745,5000,243,5243
2,131109,297,0,0,33,33,3973,70144,81,70225
2,131208,462,0,0,66,33,3976,4992,49,5041
2,131208,924,0,0,132,33,3976,4992,49,5041
2,131220,36,0,0,36,36,3645,4374,1,4375
2,131313,18759,0,0,37,37,3549,2968,1521,4489
2,131313,103933,0,0,37,37,3549,4394,2809,7203
2,131461,3515,0,0,37,37,3553,8704,855,9559
2,131461,23125,0,0,37,37,3553,512,5625,6137
2,131461,24975,0,0,37,37,3553,2888,2025,4913
2,131461,80919,0,0,37,37,3553,3950,2187,6137
2,131495,35,0,0,70,35,3757,31212,1,31213
2,131580,43740,0,0,36,36,3655,3698,1215,4913
2,131580,101124,0,0,36,36,3655,6966,2809,9775
2,131580,121500,0,0,36,36,3655,5618,3375,8993
2,131769,891,0,0,33,33,3993,5632,243,5875
2,131769,16335,0,0,33,33,3993,4418,495,4913
2,131769,37125,0,0,33,33,3993,2312,3375,5687
2,131905,47027,0,0,37,37,3565,5290,1271,6561
2,132022,34,0,0,34,34,3883,4374,1,4375
2,132022,4114,0,0,34,34,3883,6354,121,6475
2,132022,36006,0,0,34,34,3883,19208,3177,22385
2,132022,41650,0,0,34,34,3883,7766,1225,8991
2,132022,46546,0,0,34,34,3883,83006,1369,84375
2,132022,84014,0,0,34,34,3883,4374,2471,6845
2,132022,108018,0,0,34,34,3883,5632,28593,34225
2,132090,34,0,0,34,34,3885,4374,1,4375
2,132090,3094,0,0,34,34,3885,8192,1183,9375
2,132090,11934,0,0,34,34,3885,10952,1053,12005
2,132090,13770,0,0,34,34,3885,10952,1215,12167
2,132090,21250,0,0,34,34,3885,8192,8125,16317
2,132090,21658,0,0,34,34,3885,3200,4459,7659
2,132090,24786,0,0,34,34,3885,30758,729,31487
2,132090,29750,0,0,34,34,3885,128,6125,6253
2,132090,44030,0,0,34,34,3885,512,11655,12167
2,132090,46546,0,0,34,34,3885,32,6845,6877
2,132090,46546,0,0,34,34,3885,7406,1369,8775
2,132090,46546,0,0,34,34,3885,33614,1369,34983
2,132090,74698,0,0,34,34,3885,2058,2197,4255
2,132090,106250,0,0,34,34,3885,7938,3125,11063
2,132201,14689,0,0,37,37,3573,4576,1985,6561
2,132228,36,0,0,36,36,3673,4374,1,4375
2,132300,36,0,0,36,36,3675,4374,1,4375
2,132405,35,0,0,35,35,3783,19682,1,19683
2,132405,4375,0,0,35,35,3783,27936,625,28561
2,132405,21875,0,0,35,35,3783,70304,3125,73429
2,132405,110565,0,0,35,35,3783,6250,3159,9409
2,132430,306,0,0,34,34,3895,8200,27,8227
2,132702,34,0,0,68,34,3903,5324,1,5325
2,132702,44234,0,0,34,34,3903,7290,1301,8591
2,132755,35,0,0,35,35,3793,64000,9,64009
2,132755,35,0,0,35,35,3793,71874,1,71875
2,132825,35,0,0,35,35,3795,64000,9,64009
2,132825,35,0,0,35,35,3795,71874,1,71875
2,132948,2916,0,0,36,36,3693,5912,243,6155
2,133015,2997,0,0,37,37,3595,5752,243,5995
2,133042,34,0,0,34,34,3913,4374,1,4375
2,133042,34,0,0,68,34,3913,4900,1,4901
2,133042,306,0,0,34,34,3913,21866,9,21875
2,133042,918,0,0,34,34,3913,24010,27,24037
2,133042,2754,0,0,34,34,3913,8192,1053,9245
2,133042,3094,0,0,34,34,3913,8192,1183,9375
2,133042,4590,0,0,34,34,3913,8192,1755,9947
2,133042,8262,0,0,34,34,3913,3200,1701,4901
2,133042,17238,0,0,34,34,3913,3698,507,4205
2,133042,17238,0,0,34,34,3913,512,4563,5075
2,133042,26622,0,0,34,34,3913,5504,5481,10985
2,133042,28594,0,0,34,34,3913,110080,7569,117649
2,133042,62866,0,0,34,34,3913,2610,1849,4459
2,133042,74358,0,0,34,34,3913,1720,6561,8281
2,133042,74698,0,0,34,34,3913,42050,2197,44247
2,133042,81634,0,0,34,34,3913,12384,12005,24389
2,133042,104958,0,0,34,34,3913,1118,3087,4205
2,133042,123250,0,0,34,34,3913,13182,3625,16807
2,133190,38,0,0,38,38,3505,4374,1,4375
2,133308,36,0,0,36,36,3703,4374,1,4375
2,133308,36,0,0,36,36,3703,6174,1,6175
2,133308,108,0,0,36,36,3703,9016,9,9025
2,133308,180,0,0,36,36,3703,89376,25,89401
2,133308,324,0,0,36,36,3703,7448,27,7475
2,133308,3276,0,0,36,36,3703,8192,1183,9375
2,133308,8748,0,0,36,36,3703,3496,729,4225
2,133308,13500,0,0,36,36,3703,512,3375,3887
2,133308,16380,0,0,36,36,3703,7776,2275,10051
2,133308,20700,0,0,36,36,3703,10976,2875,13851
2,133308,22500,0,0,36,36,3703,1568,3125,4693
2,133308,26244,0,0,36,36,3703,3200,5103,8303
2,133308,47628,0,0,36,36,3703,1664,9261,10925
2,133308,72900,0,0,36,36,3703,1862,2025,3887
2,133308,79092,0,0,36,36,3703,126350,2197,128547
2,133308,85500,0,0,36,36,3703,4186,2375,6561
2,133308,85500,0,0,36,36,3703,32,11875,11907
2,133308,86436,0,0,36,36,3703,3200,16807,20007
2,133308,116964,0,0,36,36,3703,8918,3249,12167
2,133308,133308,0,0,36,36,3703,6422,3703,10125
2,133311,37,0,0,37,37,3603,4374,1,4375
2,133380,2340,0,0,36,36,3705,6144,715,6859
2,133380,26244,0,0,36,36,3705,107008,6561,113569
2,133380,64980,0,0,36,36,3705,104544,9025,113569
2,133450,34,0,0,34,34,3925,4374,1,4375
2,133450,34,0,0,68,34,3925,12716,1,12717
2,133450,170,0,0,34,34,3925,5024,25,5049
2,133450,4250,0,0,34,34,3925,4114,125,4239
2,133450,5338,0,0,34,34,3925,10880,1099,11979
2,133450,18326,0,0,34,34,3925,4374,539,4913
2,133450,46818,0,0,34,34,3925,2744,4131,6875
2,133450,63750,0,0,34,34,3925,5024,9375,14399
2,133450,69938,0,0,34,34,3925,5024,10285,15309
2,133450,106250,0,0,34,34,3925,5984,15625,21609
2,133455,35,0,0,35,35,3813,4374,1,4375
2,133455,35,0,0,70,35,3813,10044,1,10045
2,133455,87885,0,0,35,35,3813,872,7533,8405
2,133455,100905,0,0,35,35,3813,109000,8649,117649
2,133455,133455,0,0,35,35,3813,25088,34317,59405
2,133488,216,0,0,72,36,3708,10600,9,10609
2,133494,58482,0,0,38,38,3513,8,4617,4625
2,133518,18326,0,0,34,34,3927,4374,539,4913
2,133740,36,0,0,36,36,3715,4374,1,4375
2,133858,74698,0,0,34,34,3937,20402,2197,22599
2,133875,42525,0,0,35,35,3825,3698,1215,4913
2,133903,8991,0,0,37,37,3619,4312,729,5041
2,133903,19943,0,0,37,37,3619,4374,539,4913
2,134125,31117,0,0,37,37,3625,1352,2523,3875
2,134244,12348,0,0,36,36,3729,10368,2401,12769
2,134244,20412,0,0,36,36,3729,4394,567,4961
2,134244,36612,0,0,36,36,3729,73216,9153,82369
2,134330,38,0,0,38,38,3535,4374,1,4375
2,134421,37,0,0,37,37,3633,4374,1,4375
2,134435,35,0,0,70,35,3841,4508,1,4509
2,134470,34,0,0,34,34,3955,4374,1,4375
2,134470,11662,0,0,34,34,3955,10368,2401,12769
2,134505,35,0,0,35,35,3843,4374,1,4375
2,134520,76,0,0,76,38,3540,64000,9,64009
2,134520,228,0,0,76,38,3540,6776,9,6785
2,134680,6734,0,0,74,37,3640,8192,1183,9375
2,134820,36,0,0,36,36,3745,4374,1,4375
2,134820,2916,0,0,36,36,3745,5000,243,5243
2,134862,19266,0,0,38,38,3549,2968,1521,4489
2,134862,106742,0,0,38,38,3549,4394,2809,7203
2,134865,37,0,0,37,37,3645,4374,1,4375
2,134925,35,0,0,35,35,3855,4374,1,4375
2,134925,2835,0,0,35,35,3855,4802,81,4883
2,134925,21315,0,0,35,35,3855,6250,609,6859
2,134925,25515,0,0,35,35,3855,2888,2187,5075
2,134925,83125,0,0,35,35,3855,32,11875,11907
2,134925,113715,0,0,35,35,3855,200,9747,9947
2,135014,3610,0,0,38,38,3553,8704,855,9559
2,135014,23750,0,0,38,38,3553,512,5625,6137
2,135014,25650,0,0,38,38,3553,2888,2025,4913
2,135014,83106,0,0,38,38,3553,3950,2187,6137
2,135082,306,0,0,34,34,3973,70144,81,70225
2,135184,476,0,0,68,34,3976,4992,49,5041
2,135184,952,0,0,136,34,3976,4992,49,5041
2,135235,44955,0,0,37,37,3655,3698,1215,4913
2,135235,103933,0,0,37,37,3655,6966,2809,9775
2,135235,124875,0,0,37,37,3655,5618,3375,8993
2,135252,36,0,0,72,36,3757,31212,1,31213
2,135470,48298,0,0,38,38,3565,5290,1271,6561
2,135762,918,0,0,34,34,3993,5632,243,5875
2,135762,16830,0,0,34,34,3993,4418,495,4913
2,135762,38250,0,0,34,34,3993,2312,3375,5687
2,135774,15086,0,0,38,38,3573,4576,1985,6561
2,135901,37,0,0,37,37,3673,4374,1,4375
2,135905,35,0,0,35,35,3883,4374,1,4375
2,135905,4235,0,0,35,35,3883,6354,121,6475
2,135905,37065,0,0,35,35,3883,19208,3177,22385
2,135905,42875,0,0,35,35,3883,7766,1225,8991
2,135905,47915,0,0,35,35,3883,83006,1369,84375
2,135905,86485,0,0,35,35,3883,4374,2471,6845
2,135905,111195,0,0,35,35,3883,5632,28593,34225
2,135975,35,0,0,35,35,3885,4374,1,4375
2,135975,37,0,0,37,37,3675,4374,1,4375
2,135975,3185,0,0,35,35,3885,8192,1183,9375
2,135975,12285,0,0,35,35,3885,10952,1053,12005
2,135975,14175,0,0,35,35,3885,10952,1215,12167
2,135975,21875,0,0,35,35,3885,8192,8125,16317
2,135975,22295,0,0,35,35,3885,3200,4459,7659
2,135975,25515,0,0,35,35,3885,30758,729,31487
2,135975,30625,0,0,35,35,3885,128,6125,6253
2,135975,45325,0,0,35,35,3885,512,11655,12167
2,135975,47915,0,0,35,35,3885,32,6845,6877
2,135975,47915,0,0,35,35,3885,7406,1369,8775
2,135975,47915,0,0,35,35,3885,33614,1369,34983
2,135975,76895,0,0,35,35,3885,2058,2197,4255
2,135975,109375,0,0,35,35,3885,7938,3125,11063
2,136188,36,0,0,36,36,3783,19682,1,19683
2,136188,4500,0,0,36,36,3783,27936,625,28561
2,136188,22500,0,0,36,36,3783,70304,3125,73429
2,136188,113724,0,0,36,36,3783,6250,3159,9409
2,136325,315,0,0,35,35,3895,8200,27,8227
2,136548,36,0,0,36,36,3793,64000,9,64009
2,136548,36,0,0,36,36,3793,71874,1,71875
2,136605,35,0,0,70,35,3903,5324,1,5325
2,136605,45535,0,0,35,35,3903,7290,1301,8591
2,136610,3078,0,0,38,38,3595,5752,243,5995
2,136620,36,0,0,36,36,3795,64000,9,64009
2,136620,36,0,0,36,36,3795,71874,1,71875
2,136641,2997,0,0,37,37,3693,5912,243,6155
2,136695,39,0,0,39,39,3505,4374,1,4375
2,136914,38,0,0,38,38,3603,4374,1,4375
2,136955,35,0,0,35,35,3913,4374,1,4375
2,136955,35,0,0,70,35,3913,4900,1,4901
2,136955,315,0,0,35,35,3913,21866,9,21875
2,136955,945,0,0,35,35,3913,24010,27,24037
2,136955,2835,0,0,35,35,3913,8192,1053,9245
2,136955,3185,0,0,35,35,3913,8192,1183,9375
2,136955,4725,0,0,35,35,3913,8192,1755,9947
2,136955,8505,0,0,35,35,3913,3200,1701,4901
2,136955,17745,0,0,35,35,3913,3698,507,4205
2,136955,17745,0,0,35,35,3913,512,4563,5075
2,136955,27405,0,0,35,35,3913,5504,5481,10985
2,136955,29435,0,0,35,35,3913,110080,7569,117649
2,136955,64715,0,0,35,35,3913,2610,1849,4459
2,136955,76545,0,0,35,35,3913,1720,6561,8281
2,136955,76895,0,0,35,35,3913,42050,2197,44247
2,136955,84035,0,0,35,35,3913,12384,12005,24389
2,136955,108045,0,0,35,35,3913,1118,3087,4205
2,136955,126875,0,0,35,35,3913,13182,3625,16807
2,137007,60021,0,0,39,39,3513,8,4617,4625
2,137011,37,0,0,37,37,3703,4374,1,4375
2,137011,37,0,0,37,37,3703,6174,1,6175
2,137011,111,0,0,37,37,3703,9016,9,9025
2,137011,185,0,0,37,37,3703,89376,25,89401
2,137011,333,0,0,37,37,3703,7448,27,7475
2,137011,3367,0,0,37,37,3703,8192,1183,9375
2,137011,8991,0,0,37,37,3703,3496,729,4225
2,137011,13875,0,0,37,37,3703,512,3375,3887
2,137011,16835,0,0,37,37,3703,7776,2275,10051
2,137011,21275,0,0,37,37,3703,10976,2875,13851
2,137011,23125,0,0,37,37,3703,1568,3125,4693
2,137011,26973,0,0,37,37,3703,3200,5103,8303
2,137011,48951,0,0,37,37,3703,1664,9261,10925
2,137011,74925,0,0,37,37,3703,1862,2025,3887
2,137011,81289,0,0,37,37,3703,126350,2197,128547
2,137011,87875,0,0,37,37,3703,4186,2375,6561
2,137011,87875,0,0,37,37,3703,32,11875,11907
2,137011,88837,0,0,37,37,3703,3200,16807,20007
2,137011,120213,0,0,37,37,3703,8918,3249,12167
2,137011,137011,0,0,37,37,3703,6422,3703,10125
2,137085,2405,0,0,37,37,3705,6144,715,6859
2,137085,26973,0,0,37,37,3705,107008,6561,113569
2,137085,66785,0,0,37,37,3705,104544,9025,113569
2,137196,222,0,0,74,37,3708,10600,9,10609
2,137268,36,0,0,36,36,3813,4374,1,4375
2,137268,36,0,0,72,36,3813,10044,1,10045
2,137268,90396,0,0,36,36,3813,872,7533,8405
2,137268,103788,0,0,36,36,3813,109000,8649,117649
2,137268,137268,0,0,36,36,3813,25088,34317,59405
2,137375,35,0,0,35,35,3925,4374,1,4375
2,137375,35,0,0,70,35,3925,12716,1,12717
2,137375,175,0,0,35,35,3925,5024,25,5049
2,137375,4375,0,0,35,35,3925,4114,125,4239
2,137375,5495,0,0,35,35,3925,10880,1099,11979
2,137375,18865,0,0,35,35,3925,4374,539,4913
2,137375,48195,0,0,35,35,3925,2744,4131,6875
2,137375,65625,0,0,35,35,3925,5024,9375,14399
2,137375,71995,0,0,35,35,3925,5024,10285,15309
2,137375,109375,0,0,35,35,3925,5984,15625,21609
2,137445,18865,0,0,35,35,3927,4374,539,4913
2,137455,37,0,0,37,37,3715,4374,1,4375
2,137522,9234,0,0,38,38,3619,4312,729,5041
2,137522,20482,0,0,38,38,3619,4374,539,4913
2,137700,43740,0,0,36,36,3825,3698,1215,4913
2,137750,31958,0,0,38,38,3625,1352,2523,3875
2,137795,76895,0,0,35,35,3937,20402,2197,22599
2,137865,39,0,0,39,39,3535,4374,1,4375
2,137973,12691,0,0,37,37,3729,10368,2401,12769
2,137973,20979,0,0,37,37,3729,4394,567,4961
2,137973,37629,0,0,37,37,3729,73216,9153,82369
2,138054,38,0,0,38,38,3633,4374,1,4375
2,138060,78,0,0,78,39,3540,64000,9,64009
2,138060,234,0,0,78,39,3540,6776,9,6785
2,138276,36,0,0,72,36,3841,4508,1,4509
2,138320,6916,0,0,76,38,3640,8192,1183,9375
2,138348,36,0,0,36,36,3843,4374,1,4375
2,138411,19773,0,0,39,39,3549,2968,1521,4489
2,138411,109551,0,0,39,39,3549,4394,2809,7203
2,138425,35,0,0,35,35,3955,4374,1,4375
2,138425,12005,0,0,35,35,3955,10368,2401,12769
2,138510,38,0,0,38,38,3645,4374,1,4375
2,138565,37,0,0,37,37,3745,4374,1,4375
2,138565,2997,0,0,37,37,3745,5000,243,5243
2,138567,3705,0,0,39,39,3553,8704,855,9559
2,138567,24375,0,0,39,39,3553,512,5625,6137
2,138567,26325,0,0,39,39,3553,2888,2025,4913
2,138567,85293,0,0,39,39,3553,3950,2187,6137
2,138780,36,0,0,36,36,3855,4374,1,4375
2,138780,2916,0,0,36,36,3855,4802,81,4883
2,138780,21924,0,0,36,36,3855,6250,609,6859
2,138780,26244,0,0,36,36,3855,2888,2187,5075
2,138780,85500,0,0,36,36,3855,32,11875,11907
2,138780,116964,0,0,36,36,3855,200,9747,9947
2,138890,46170,0,0,38,38,3655,3698,1215,4913
2,138890,106742,0,0,38,38,3655,6966,2809,9775
2,138890,128250,0,0,38,38,3655,5618,3375,8993
2,139009,37,0,0,74,37,3757,31212,1,31213
2,139035,49569,0,0,39,39,3565,5290,1271,6561
2,139055,315,0,0,35,35,3973,70144,81,70225
2,139160,490,0,0,70,35,3976,4992,49,5041
2,139347,15483,0,0,39,39,3573,4576,1985,6561
2,139574,38,0,0,38,38,3673,4374,1,4375
2,139650,38,0,0,38,38,3675,4374,1,4375
2,139755,945,0,0,35,35,3993,5632,243,5875
2,139755,17325,0,0,35,35,3993,4418,495,4913
2,139755,39375,0,0,35,35,3993,2312,3375,5687
2,139788,36,0,0,36,36,3883,4374,1,4375
2,139788,4356,0,0,36,36,3883,6354,121,6475
2,139788,38124,0,0,36,36,3883,19208,3177,22385
2,139788,44100,0,0,36,36,3883,7766,1225,8991
2,139788,49284,0,0,36,36,3883,83006,1369,84375
2,139788,88956,0,0,36,36,3883,4374,2471,6845
2,139788,114372,0,0,36,36,3883,5632,28593,34225
2,139860,36,0,0,36,36,3885,4374,1,4375
2,139860,3276,0,0,36,36,3885,8192,1183,9375
2,139860,12636,0,0,36,36,3885,10952,1053,12005
2,139860,14580,0,0,36,36,3885,10952,1215,12167
2,139860,22500,0,0,36,36,3885,8192,8125,16317
2,139860,22932,0,0,36,36,3885,3200,4459,7659
2,139860,26244,0,0,36,36,3885,30758,729,31487
2,139860,31500,0,0,36,36,3885,128,6125,6253
2,139860,46620,0,0,36,36,3885,512,11655,12167
2,139860,49284,0,0,36,36,3885,32,6845,6877
2,139860,49284,0,0,36,36,3885,7406,1369,8775
2,139860,49284,0,0,36,36,3885,33614,1369,34983
2,139860,79092,0,0,36,36,3885,2058,2197,4255
2,139860,112500,0,0,36,36,3885,7938,3125,11063
2,139971,37,0,0,37,37,3783,19682,1,19683
2,139971,4625,0,0,37,37,3783,27936,625,28561
2,139971,23125,0,0,37,37,3783,70304,3125,73429
2,139971,116883,0,0,37,37,3783,6250,3159,9409
2,140200,40,0,0,40,40,3505,4374,1,4375
2,140205,3159,0,0,39,39,3595,5752,243,5995
2,140220,324,0,0,36,36,3895,8200,27,8227
2,140334,3078,0,0,38,38,3693,5912,243,6155
2,140341,37,0,0,37,37,3793,64000,9,64009
2,140341,37,0,0,37,37,3793,71874,1,71875
2,140415,37,0,0,37,37,3795,64000,9,64009
2,140415,37,0,0,37,37,3795,71874,1,71875
2,140508,36,0,0,72,36,3903,5324,1,5325
2,140508,46836,0,0,36,36,3903,7290,1301,8591
2,140517,39,0,0,39,39,3603,4374,1,4375
2,140520,61560,0,0,40,40,3513,8,4617,4625
2,140714,38,0,0,38,38,3703,4374,1,4375
2,140714,38,0,0,38,38,3703,6174,1,6175
2,140714,114,0,0,38,38,3703,9016,9,9025
2,140714,190,0,0,38,38,3703,89376,25,89401
2,140714,342,0,0,38,38,3703,7448,27,7475
2,140714,3458,0,0,38,38,3703,8192,1183,9375
2,140714,9234,0,0,38,38,3703,3496,729,4225
2,140714,14250,0,0,38,38,3703,512,3375,3887
2,140714,17290,0,0,38,38,3703,7776,2275,10051
2,140714,21850,0,0,38,38,3703,10976,2875,13851
2,140714,23750,0,0,38,38,3703,1568,3125,4693
2,140714,27702,0,0,38,38,3703,3200,5103,8303
2,140714,50274,0,0,38,38,3703,1664,9261,10925
2,140714,76950,0,0,38,38,3703,1862,2025,3887
2,140714,83486,0,0,38,38,3703,126350,2197,128547
2,140714,90250,0,0,38,38,3703,4186,2375,6561
2,140714,90250,0,0,38,38,3703,32,11875,11907
2,140714,91238,0,0,38,38,3703,3200,16807,20007
2,140714,123462,0,0,38,38,3703,8918,3249,12167
2,140714,140714,0,0,38,38,3703,6422,3703,10125
2,140790,2470,0,0,38,38,3705,6144,715,6859
2,140790,27702,0,0,38,38,3705,107008,6561,113569
2,140790,68590,0,0,38,38,3705,104544,9025,113569
2,140868,36,0,0,36,36,3913,4374,1,4375
2,140868,36,0,0,72,36,3913,4900,1,4901
2,140868,324,0,0,36,36,3913,21866,9,21875
2,140868,972,0,0,36,36,3913,24010,27,24037
2,140868,2916,0,0,36,36,3913,8192,1053,9245
2,140868,3276,0,0,36,36,3913,8192,1183,9375
2,140868,4860,0,0,36,36,3913,8192,1755,9947
2,140868,8748,0,0,36,36,3913,3200,1701,4901
2,140868,18252,0,0,36,36,3913,3698,507,4205
2,140868,18252,0,0,36,36,3913,512,4563,5075
2,140868,28188,0,0,36,36,3913,5504,5481,10985
2,140868,30276,0,0,36,36,3913,110080,7569,117649
2,140868,66564,0,0,36,36,3913,2610,1849,4459
2,140868,78732,0,0,36,36,3913,1720,6561,8281
2,140868,79092,0,0,36,36,3913,42050,2197,44247
2,140868,86436,0,0,36,36,3913,12384,12005,24389
2,140868,111132,0,0,36,36,3913,1118,3087,4205
2,140868,130500,0,0,36,36,3913,13182,3625,16807
2,140904,228,0,0,76,38,3708,10600,9,10609
2,141081,37,0,0,37,37,3813,4374,1,4375
2,141081,37,0,0,74,37,3813,10044,1,10045
2,141081,92907,0,0,37,37,3813,872,7533,8405
2,141081,106671,0,0,37,37,3813,109000,8649,117649
2,141081,141081,0,0,37,37,3813,25088,34317,59405
2,141141,9477,0,0,39,39,3619,4312,729,5041
2,141141,21021,0,0,39,39,3619,4374,539,4913
2,141170,38,0,0,38,38,3715,4374,1,4375
2,141300,36,0,0,36,36,3925,4374,1,4375
2,141300,36,0,0,72,36,3925,12716,1,12717
2,141300,180,0,0,36,36,3925,5024,25,5049
2,141300,4500,0,0,36,36,3925,4114,125,4239
2,141300,5652,0,0,36,36,3925,10880,1099,11979
2,141300,19404,0,0,36,36,3925,4374,539,4913
2,141300,49572,0,0,36,36,3925,2744,4131,6875
2,141300,67500,0,0,36,36,3925,5024,9375,14399
2,141300,74052,0,0,36,36,3925,5024,10285,15309
2,141300,112500,0,0,36,36,3925,5984,15625,21609
2,141372,19404,0,0,36,36,3927,4374,539,4913
2,141375,32799,0,0,39,39,3625,1352,2523,3875
2,141400,40,0,0,40,40,3535,4374,1,4375
2,141525,44955,0,0,37,37,3825,3698,1215,4913
2,141600,80,0,0,80,40,3540,64000,9,64009
2,141600,240,0,0,80,40,3540,6776,9,6785
2,141687,39,0,0,39,39,3633,4374,1,4375
2,141702,13034,0,0,38,38,3729,10368,2401,12769
2,141702,21546,0,0,38,38,3729,4394,567,4961
2,141702,38646,0,0,38,38,3729,73216,9153,82369
2,141732,79092,0,0,36,36,3937,20402,2197,22599
2,141960,7098,0,0,78,39,3640,8192,1183,9375
2,141960,20280,0,0,40,40,3549,2968,1521,4489
2,141960,112360,0,0,40,40,3549,4394,2809,7203
2,142117,37,0,0,74,37,3841,4508,1,4509
2,142120,3800,0,0,40,40,3553,8704,855,9559
2,142120,25000,0,0,40,40,3553,512,5625,6137
2,142120,27000,0,0,40,40,3553,2888,2025,4913
2,142120,87480,0,0,40,40,3553,3950,2187,6137
2,142155,39,0,0,39,39,3645,4374,1,4375
2,142191,37,0,0,37,37,3843,4374,1,4375
2,142310,38,0,0,38,38,3745,4374,1,4375
2,142310,3078,0,0,38,38,3745,5000,243,5243
2,142380,36,0,0,36,36,3955,4374,1,4375
2,142380,12348,0,0,36,36,3955,10368,2401,12769
2,142545,47385,0,0,39,39,3655,3698,1215,4913
2,142545,109551,0,0,39,39,3655,6966,2809,9775
2,142545,131625,0,0,39,39,3655,5618,3375,8993
2,142600,50840,0,0,40,40,3565,5290,1271,6561
2,142635,37,0,0,37,37,3855,4374,1,4375
2,142635,2997,0,0,37,37,3855,4802,81,4883
2,142635,22533,0,0,37,37,3855,6250,609,6859
2,142635,26973,0,0,37,37,3855,2888,2187,5075
2,142635,87875,0,0,37,37,3855,32,11875,11907
2,142635,120213,0,0,37,37,3855,200,9747,9947
2,142766,38,0,0,76,38,3757,31212,1,31213
2,142920,15880,0,0,40,40,3573,4576,1985,6561
2,143028,324,0,0,36,36,3973,70144,81,70225
2,143136,504,0,0,72,36,3976,4992,49,5041
2,143247,39,0,0,39,39,3673,4374,1,4375
2,143325,39,0,0,39,39,3675,4374,1,4375
2,143671,37,0,0,37,37,3883,4374,1,4375
2,143671,4477,0,0,37,37,3883,6354,121,6475
2,143671,39183,0,0,37,37,3883,19208,3177,22385
2,143671,45325,0,0,37,37,3883,7766,1225,8991
2,143671,50653,0,0,37,37,3883,83006,1369,84375
2,143671,91427,0,0,37,37,3883,4374,2471,6845
2,143671,117549,0,0,37,37,3883,5632,28593,34225
2,143705,41,0,0,41,41,3505,4374,1,4375
2,143745,37,0,0,37,37,3885,4374,1,4375
2,143745,3367,0,0,37,37,3885,8192,1183,9375
2,143745,12987,0,0,37,37,3885,10952,1053,12005
2,143745,14985,0,0,37,37,3885,10952,1215,12167
2,143745,23125,0,0,37,37,3885,8192,8125,16317
2,143745,23569,0,0,37,37,3885,3200,4459,7659
2,143745,26973,0,0,37,37,3885,30758,729,31487
2,143745,32375,0,0,37,37,3885,128,6125,6253
2,143745,47915,0,0,37,37,3885,512,11655,12167
2,143745,50653,0,0,37,37,3885,32,6845,6877
2,143745,50653,0,0,37,37,3885,7406,1369,8775
2,143745,50653,0,0,37,37,3885,33614,1369,34983
2,143745,81289,0,0,37,37,3885,2058,2197,4255
2,143745,115625,0,0,37,37,3885,7938,3125,11063
2,143748,972,0,0,36,36,3993,5632,243,5875
2,143748,17820,0,0,36,36,3993,4418,495,4913
2,143748,40500,0,0,36,36,3993,2312,3375,5687
2,143754,38,0,0,38,38,3783,19682,1,19683
2,143754,4750,0,0,38,38,3783,27936,625,28561
2,143754,23750,0,0,38,38,3783,70304,3125,73429
2,143754,120042,0,0,38,38,3783,6250,3159,9409
