U,d,sigma1,sigma2,sigma3,r,t,e,a,b,n
2,5514,1838,0,0,2,1,5514,128,6433,6561
2,5514,3676,0,0,4,1,5514,128,6433,6561
2,5520,2,0,0,2,1,5520,64000,9,64009
2,5520,4,0,0,4,1,5520,64000,9,64009
2,5523,1,0,0,2,1,5523,31212,1,31213
2,5523,1,0,0,4,1,5523,28560,1,28561
2,5523,91,0,0,1,1,5523,8192,1183,9375
2,5523,169,0,0,1,1,5523,8416,845,9261
2,5523,263,0,0,2,1,5523,16384,1841,18225
2,5523,441,0,0,1,1,5523,6656,3969,10625
2,5523,1183,0,0,1,1,5523,8942,1183,10125
2,5523,4471,0,0,1,1,5523,31250,4471,35721
2,5535,343,0,0,1,1,5535,10368,2401,12769
2,5547,3,0,0,1,1,5547,7688,9,7697
2,5563,243,0,0,1,1,5563,77882,243,78125
2,5565,1,0,0,4,1,5565,41552,1,41553
2,5565,2375,0,0,1,1,5565,32,11875,11907
2,5565,2809,0,0,1,1,5565,4050,2809,6859
2,5591,2401,0,0,1,1,5591,11182,2401,13583
2,5593,125,0,0,1,1,5593,13536,625,14161
2,5593,373,0,0,1,1,5593,10528,1865,12393
2,5593,625,0,0,1,1,5593,36554,625,37179
2,5593,729,0,0,1,1,5593,24064,6561,30625
2,5593,3125,0,0,1,1,5593,14406,3125,17531
2,5605,1,0,0,1,1,5605,48734,1,48735
2,5605,625,0,0,1,1,5605,4984,1875,6859
2,5605,1539,0,0,1,1,5605,3304,4617,7921
2,5605,2187,0,0,1,1,5605,18050,2187,20237
2,5605,2375,0,0,1,1,5605,32,11875,11907
2,5610,2,0,0,2,1,5610,64000,9,64009
2,5610,4,0,0,4,1,5610,64000,9,64009
2,5643,4617,0,0,1,1,5643,2258,4617,6875
2,5665,2187,0,0,1,1,5665,9064,6561,15625
2,5679,361,0,0,1,1,5679,16406,361,16767
2,5685,27,0,0,1,1,5685,5632,243,5875
2,5695,1,0,0,4,1,5695,18224,1,18225
2,5719,2401,0,0,1,1,5719,13122,2401,15523
2,5719,3969,0,0,1,1,5719,512,35721,36233
2,5733,49,0,0,1,1,5733,12506,49,12555
2,5733,91,0,0,1,1,5733,8192,1183,9375
2,5733,243,0,0,1,1,5733,12250,243,12493
2,5733,343,0,0,1,1,5733,12150,343,12493
2,5733,351,0,0,1,1,5733,10952,1053,12005
2,5733,625,0,0,1,1,5733,8192,8125,16317
2,5733,875,0,0,1,1,5733,128,6125,6253
2,5733,1053,0,0,1,1,5733,79360,9477,88837
2,5733,1519,0,0,1,1,5733,4992,10633,15625
2,5761,343,0,0,1,1,5761,10368,2401,12769
2,5773,1,0,0,1,1,5773,64000,9,64009
2,5773,1,0,0,1,1,5773,71874,1,71875
2,5773,1,0,0,4,1,5773,8624,1,8625
2,5773,1863,0,0,1,1,5773,2560,16767,19327
2,5773,1875,0,0,1,1,5773,9016,5625,14641
2,5773,3125,0,0,1,1,5773,129654,3125,132779
2,5773,3969,0,0,1,1,5773,2008,11907,13915
2,5773,5589,0,0,1,1,5773,686,5589,6275
2,5773,5773,0,0,1,1,5773,882,5773,6655
2,5775,327,0,0,1,1,5775,5632,2943,8575
2,5775,343,0,0,1,1,5775,4224,2401,6625
2,5775,1089,0,0,1,1,5775,95048,3267,98315
2,5775,1225,0,0,1,1,5775,288,6125,6413
2,5775,2187,0,0,1,1,5775,11858,2187,14045
2,5775,2289,0,0,1,1,5775,8,6867,6875
2,5775,2401,0,0,1,1,5775,5618,2401,8019
2,5775,2809,0,0,1,1,5775,10648,8427,19075
2,5775,3087,0,0,1,1,5775,11554,3087,14641
2,5775,3375,0,0,1,1,5775,117128,10125,127253
2,5803,27,0,0,1,1,5803,103544,81,103625
2,5829,841,0,0,1,1,5829,18522,841,19363
2,5845,1949,0,0,1,1,5845,18144,9745,27889
2,5850,130,0,0,2,1,5850,6144,715,6859
2,5850,260,0,0,4,1,5850,6144,715,6859
2,5850,520,0,0,8,1,5850,6144,715,6859
2,5863,1,0,0,1,1,5863,64000,9,64009
2,5863,1,0,0,1,1,5863,71874,1,71875
2,5863,1,0,0,2,1,5863,75140,1,75141
2,5863,1,0,0,4,1,5863,17424,1,17425
2,5863,27,0,0,1,1,5863,203320,81,203401
2,5863,121,0,0,1,1,5863,6144,1331,7475
2,5863,225,0,0,1,1,5863,9248,1125,10373
2,5863,891,0,0,1,1,5863,7514,891,8405
2,5863,891,0,0,1,1,5863,2048,9801,11849
2,5863,1025,0,0,1,1,5863,5566,1025,6591
2,5863,1331,0,0,1,1,5863,5000,3993,8993
2,5863,1331,0,0,1,1,5863,13294,1331,14625
2,5863,1375,0,0,1,1,5863,13754,1375,15129
2,5863,1521,0,0,1,1,5863,2312,4563,6875
2,5863,1681,0,0,1,1,5863,4394,1681,6075
2,5863,1681,0,0,1,1,5863,45630,1681,47311
2,5863,1859,0,0,1,1,5863,23000,5577,28577
2,5863,2197,0,0,1,1,5863,864,10985,11849
2,5863,2197,0,0,1,1,5863,5576,6591,12167
2,5863,2873,0,0,1,1,5863,16810,2873,19683
2,5863,3125,0,0,1,1,5863,61952,28125,90077
2,5863,3179,0,0,1,1,5863,3750,3179,6929
2,5863,3485,0,0,1,1,5863,32,17425,17457
2,5863,4563,0,0,1,1,5863,2662,4563,7225
2,5863,4675,0,0,1,1,5863,1886,4675,6561
2,5863,4913,0,0,1,1,5863,33750,4913,38663
2,5863,5525,0,0,1,1,5863,6642,5525,12167
2,5863,5589,0,0,1,1,5863,1066,5589,6655
2,5863,5819,0,0,1,1,5863,1066,5819,6885
2,5880,6,0,0,2,1,5880,117640,9,117649
2,5883,5883,0,0,8,1,5883,27392,5883,33275
2,5893,639,0,0,1,1,5893,6250,639,6889
2,5905,243,0,0,1,1,5905,29282,243,29525
2,5913,81,0,0,1,1,5913,42632,243,42875
2,5913,91,0,0,1,1,5913,8192,1183,9375
2,5913,845,0,0,1,1,5913,2336,4225,6561
2,5915,169,0,0,2,1,5915,11956,169,12125
2,5943,261,0,0,1,1,5943,5248,1827,7075
2,5943,343,0,0,1,1,5943,15282,343,15625
2,5955,405,0,0,1,1,5955,10952,1215,12167
2,5955,1191,0,0,2,1,5955,11500,1191,12691
2,5955,1295,0,0,1,1,5955,512,11655,12167
2,5955,1985,0,0,1,1,5955,1184,9925,11109
2,5955,2187,0,0,1,1,5955,50816,15309,66125
2,5955,2997,0,0,1,1,5955,3176,8991,12167
2,5967,243,0,0,1,1,5967,15886,243,16129
2,5983,3,0,0,1,1,5983,37240,9,37249
2,5983,5,0,0,1,1,5983,10976,25,11001
2,5983,125,0,0,1,1,5983,129696,625,130321
2,5983,1953,0,0,1,1,5983,1000,5859,6859
2,5983,2375,0,0,1,1,5983,32,11875,11907
2,5983,2527,0,0,1,1,5983,123008,17689,140697
2,5985,2375,0,0,1,1,5985,32,11875,11907
2,11028,3676,0,0,4,2,5514,128,6433,6561
2,11028,7352,0,0,8,2,5514,128,6433,6561
2,11040,4,0,0,4,2,5520,64000,9,64009
2,11040,8,0,0,8,2,5520,64000,9,64009
2,11046,2,0,0,4,2,5523,31212,1,31213
2,11046,2,0,0,8,2,5523,28560,1,28561
2,11046,182,0,0,2,2,5523,8192,1183,9375
2,11046,338,0,0,2,2,5523,8416,845,9261
2,11046,526,0,0,4,2,5523,16384,1841,18225
2,11046,882,0,0,2,2,5523,6656,3969,10625
2,11046,2366,0,0,2,2,5523,8942,1183,10125
2,11046,8942,0,0,2,2,5523,31250,4471,35721
2,11070,686,0,0,2,2,5535,10368,2401,12769
2,11094,6,0,0,2,2,5547,7688,9,7697
2,11126,486,0,0,2,2,5563,77882,243,78125
2,11130,2,0,0,8,2,5565,41552,1,41553
2,11130,4750,0,0,2,2,5565,32,11875,11907
2,11130,5618,0,0,2,2,5565,4050,2809,6859
2,11182,4802,0,0,2,2,5591,11182,2401,13583
2,11186,250,0,0,2,2,5593,13536,625,14161
2,11186,746,0,0,2,2,5593,10528,1865,12393
2,11186,1250,0,0,2,2,5593,36554,625,37179
2,11186,1458,0,0,2,2,5593,24064,6561,30625
2,11186,6250,0,0,2,2,5593,14406,3125,17531
2,11210,2,0,0,2,2,5605,48734,1,48735
2,11210,1250,0,0,2,2,5605,4984,1875,6859
2,11210,3078,0,0,2,2,5605,3304,4617,7921
2,11210,4374,0,0,2,2,5605,18050,2187,20237
2,11210,4750,0,0,2,2,5605,32,11875,11907
2,11220,4,0,0,4,2,5610,64000,9,64009
2,11220,8,0,0,8,2,5610,64000,9,64009
2,11286,9234,0,0,2,2,5643,2258,4617,6875
2,11330,4374,0,0,2,2,5665,9064,6561,15625
2,11358,722,0,0,2,2,5679,16406,361,16767
2,11370,54,0,0,2,2,5685,5632,243,5875
2,11390,2,0,0,8,2,5695,18224,1,18225
2,11438,4802,0,0,2,2,5719,13122,2401,15523
2,11438,7938,0,0,2,2,5719,512,35721,36233
2,11466,98,0,0,2,2,5733,12506,49,12555
2,11466,182,0,0,2,2,5733,8192,1183,9375
2,11466,486,0,0,2,2,5733,12250,243,12493
2,11466,686,0,0,2,2,5733,12150,343,12493
2,11466,702,0,0,2,2,5733,10952,1053,12005
2,11466,1250,0,0,2,2,5733,8192,8125,16317
2,11466,1750,0,0,2,2,5733,128,6125,6253
2,11466,2106,0,0,2,2,5733,79360,9477,88837
2,11466,3038,0,0,2,2,5733,4992,10633,15625
2,11522,686,0,0,2,2,5761,10368,2401,12769
2,11546,2,0,0,2,2,5773,64000,9,64009
2,11546,2,0,0,2,2,5773,71874,1,71875
2,11546,2,0,0,8,2,5773,8624,1,8625
2,11546,3726,0,0,2,2,5773,2560,16767,19327
2,11546,3750,0,0,2,2,5773,9016,5625,14641
2,11546,6250,0,0,2,2,5773,129654,3125,132779
2,11546,7938,0,0,2,2,5773,2008,11907,13915
2,11546,11178,0,0,2,2,5773,686,5589,6275
2,11546,11546,0,0,2,2,5773,882,5773,6655
2,11550,654,0,0,2,2,5775,5632,2943,8575
2,11550,686,0,0,2,2,5775,4224,2401,6625
2,11550,2178,0,0,2,2,5775,95048,3267,98315
2,11550,2450,0,0,2,2,5775,288,6125,6413
2,11550,4374,0,0,2,2,5775,11858,2187,14045
2,11550,4578,0,0,2,2,5775,8,6867,6875
2,11550,4802,0,0,2,2,5775,5618,2401,8019
2,11550,5618,0,0,2,2,5775,10648,8427,19075
2,11550,6174,0,0,2,2,5775,11554,3087,14641
2,11550,6750,0,0,2,2,5775,117128,10125,127253
2,11606,54,0,0,2,2,5803,103544,81,103625
2,11658,1682,0,0,2,2,5829,18522,841,19363
2,11690,3898,0,0,2,2,5845,18144,9745,27889
2,11700,260,0,0,4,2,5850,6144,715,6859
2,11700,520,0,0,8,2,5850,6144,715,6859
2,11700,1040,0,0,16,2,5850,6144,715,6859
2,11726,2,0,0,2,2,5863,64000,9,64009
2,11726,2,0,0,2,2,5863,71874,1,71875
2,11726,2,0,0,4,2,5863,75140,1,75141
2,11726,2,0,0,8,2,5863,17424,1,17425
2,11726,54,0,0,2,2,5863,203320,81,203401
2,11726,242,0,0,2,2,5863,6144,1331,7475
2,11726,450,0,0,2,2,5863,9248,1125,10373
2,11726,1782,0,0,2,2,5863,7514,891,8405
2,11726,1782,0,0,2,2,5863,2048,9801,11849
2,11726,2050,0,0,2,2,5863,5566,1025,6591
2,11726,2662,0,0,2,2,5863,5000,3993,8993
2,11726,2662,0,0,2,2,5863,13294,1331,14625
2,11726,2750,0,0,2,2,5863,13754,1375,15129
2,11726,3042,0,0,2,2,5863,2312,4563,6875
2,11726,3362,0,0,2,2,5863,4394,1681,6075
2,11726,3362,0,0,2,2,5863,45630,1681,47311
2,11726,3718,0,0,2,2,5863,23000,5577,28577
2,11726,4394,0,0,2,2,5863,864,10985,11849
2,11726,4394,0,0,2,2,5863,5576,6591,12167
2,11726,5746,0,0,2,2,5863,16810,2873,19683
2,11726,6250,0,0,2,2,5863,61952,28125,90077
2,11726,6358,0,0,2,2,5863,3750,3179,6929
2,11726,6970,0,0,2,2,5863,32,17425,17457
2,11726,9126,0,0,2,2,5863,2662,4563,7225
2,11726,9350,0,0,2,2,5863,1886,4675,6561
2,11726,9826,0,0,2,2,5863,33750,4913,38663
2,11726,11050,0,0,2,2,5863,6642,5525,12167
2,11726,11178,0,0,2,2,5863,1066,5589,6655
2,11726,11638,0,0,2,2,5863,1066,5819,6885
2,11760,12,0,0,4,2,5880,117640,9,117649
2,11766,11766,0,0,16,2,5883,27392,5883,33275
2,11786,1278,0,0,2,2,5893,6250,639,6889
2,11810,486,0,0,2,2,5905,29282,243,29525
2,11826,162,0,0,2,2,5913,42632,243,42875
2,11826,182,0,0,2,2,5913,8192,1183,9375
2,11826,1690,0,0,2,2,5913,2336,4225,6561
2,11830,338,0,0,4,2,5915,11956,169,12125
2,11886,522,0,0,2,2,5943,5248,1827,7075
2,11886,686,0,0,2,2,5943,15282,343,15625
2,11910,810,0,0,2,2,5955,10952,1215,12167
2,11910,2382,0,0,4,2,5955,11500,1191,12691
2,11910,2590,0,0,2,2,5955,512,11655,12167
2,11910,3970,0,0,2,2,5955,1184,9925,11109
2,11910,4374,0,0,2,2,5955,50816,15309,66125
2,11910,5994,0,0,2,2,5955,3176,8991,12167
2,11934,486,0,0,2,2,5967,15886,243,16129
2,11966,6,0,0,2,2,5983,37240,9,37249
2,11966,10,0,0,2,2,5983,10976,25,11001
2,11966,250,0,0,2,2,5983,129696,625,130321
2,11966,3906,0,0,2,2,5983,1000,5859,6859
2,11966,4750,0,0,2,2,5983,32,11875,11907
2,11966,5054,0,0,2,2,5983,123008,17689,140697
2,11970,4750,0,0,2,2,5985,32,11875,11907
2,16542,5514,0,0,6,3,5514,128,6433,6561
2,16542,11028,0,0,12,3,5514,128,6433,6561
2,16560,6,0,0,6,3,5520,64000,9,64009
2,16560,12,0,0,12,3,5520,64000,9,64009
2,16569,3,0,0,6,3,5523,31212,1,31213
2,16569,3,0,0,12,3,5523,28560,1,28561
2,16569,273,0,0,3,3,5523,8192,1183,9375
2,16569,507,0,0,3,3,5523,8416,845,9261
2,16569,789,0,0,6,3,5523,16384,1841,18225
2,16569,1323,0,0,3,3,5523,6656,3969,10625
2,16569,3549,0,0,3,3,5523,8942,1183,10125
2,16569,13413,0,0,3,3,5523,31250,4471,35721
2,16605,1029,0,0,3,3,5535,10368,2401,12769
2,16641,9,0,0,3,3,5547,7688,9,7697
2,16689,729,0,0,3,3,5563,77882,243,78125
2,16695,3,0,0,12,3,5565,41552,1,41553
2,16695,7125,0,0,3,3,5565,32,11875,11907
2,16695,8427,0,0,3,3,5565,4050,2809,6859
2,16773,7203,0,0,3,3,5591,11182,2401,13583
2,16779,375,0,0,3,3,5593,13536,625,14161
2,16779,1119,0,0,3,3,5593,10528,1865,12393
2,16779,1875,0,0,3,3,5593,36554,625,37179
2,16779,2187,0,0,3,3,5593,24064,6561,30625
2,16779,9375,0,0,3,3,5593,14406,3125,17531
2,16815,3,0,0,3,3,5605,48734,1,48735
2,16815,1875,0,0,3,3,5605,4984,1875,6859
2,16815,4617,0,0,3,3,5605,3304,4617,7921
2,16815,6561,0,0,3,3,5605,18050,2187,20237
2,16815,7125,0,0,3,3,5605,32,11875,11907
2,16830,6,0,0,6,3,5610,64000,9,64009
2,16830,12,0,0,12,3,5610,64000,9,64009
2,16929,13851,0,0,3,3,5643,2258,4617,6875
2,16995,6561,0,0,3,3,5665,9064,6561,15625
2,17037,1083,0,0,3,3,5679,16406,361,16767
2,17055,81,0,0,3,3,5685,5632,243,5875
2,17085,3,0,0,12,3,5695,18224,1,18225
2,17157,7203,0,0,3,3,5719,13122,2401,15523
2,17157,11907,0,0,3,3,5719,512,35721,36233
2,17199,147,0,0,3,3,5733,12506,49,12555
2,17199,273,0,0,3,3,5733,8192,1183,9375
2,17199,729,0,0,3,3,5733,12250,243,12493
2,17199,1029,0,0,3,3,5733,12150,343,12493
2,17199,1053,0,0,3,3,5733,10952,1053,12005
2,17199,1875,0,0,3,3,5733,8192,8125,16317
2,17199,2625,0,0,3,3,5733,128,6125,6253
2,17199,3159,0,0,3,3,5733,79360,9477,88837
2,17199,4557,0,0,3,3,5733,4992,10633,15625
2,17283,1029,0,0,3,3,5761,10368,2401,12769
2,17319,3,0,0,3,3,5773,64000,9,64009
2,17319,3,0,0,3,3,5773,71874,1,71875
2,17319,3,0,0,12,3,5773,8624,1,8625
2,17319,5589,0,0,3,3,5773,2560,16767,19327
2,17319,5625,0,0,3,3,5773,9016,5625,14641
2,17319,9375,0,0,3,3,5773,129654,3125,132779
2,17319,11907,0,0,3,3,5773,2008,11907,13915
2,17319,16767,0,0,3,3,5773,686,5589,6275
2,17319,17319,0,0,3,3,5773,882,5773,6655
2,17325,981,0,0,3,3,5775,5632,2943,8575
2,17325,1029,0,0,3,3,5775,4224,2401,6625
2,17325,3267,0,0,3,3,5775,95048,3267,98315
2,17325,3675,0,0,3,3,5775,288,6125,6413
2,17325,6561,0,0,3,3,5775,11858,2187,14045
2,17325,6867,0,0,3,3,5775,8,6867,6875
2,17325,7203,0,0,3,3,5775,5618,2401,8019
2,17325,8427,0,0,3,3,5775,10648,8427,19075
2,17325,9261,0,0,3,3,5775,11554,3087,14641
2,17325,10125,0,0,3,3,5775,117128,10125,127253
2,17409,81,0,0,3,3,5803,103544,81,103625
2,17487,2523,0,0,3,3,5829,18522,841,19363
2,17535,5847,0,0,3,3,5845,18144,9745,27889
2,17550,390,0,0,6,3,5850,6144,715,6859
2,17550,780,0,0,12,3,5850,6144,715,6859
2,17550,1560,0,0,24,3,5850,6144,715,6859
2,17589,3,0,0,3,3,5863,64000,9,64009
2,17589,3,0,0,3,3,5863,71874,1,71875
2,17589,3,0,0,6,3,5863,75140,1,75141
2,17589,3,0,0,12,3,5863,17424,1,17425
2,17589,81,0,0,3,3,5863,203320,81,203401
2,17589,363,0,0,3,3,5863,6144,1331,7475
2,17589,675,0,0,3,3,5863,9248,1125,10373
2,17589,2673,0,0,3,3,5863,7514,891,8405
2,17589,2673,0,0,3,3,5863,2048,9801,11849
2,17589,3075,0,0,3,3,5863,5566,1025,6591
2,17589,3993,0,0,3,3,5863,5000,3993,8993
2,17589,3993,0,0,3,3,5863,13294,1331,14625
2,17589,4125,0,0,3,3,5863,13754,1375,15129
2,17589,4563,0,0,3,3,5863,2312,4563,6875
2,17589,5043,0,0,3,3,5863,4394,1681,6075
2,17589,5043,0,0,3,3,5863,45630,1681,47311
2,17589,5577,0,0,3,3,5863,23000,5577,28577
2,17589,6591,0,0,3,3,5863,864,10985,11849
2,17589,6591,0,0,3,3,5863,5576,6591,12167
2,17589,8619,0,0,3,3,5863,16810,2873,19683
2,17589,9375,0,0,3,3,5863,61952,28125,90077
2,17589,9537,0,0,3,3,5863,3750,3179,6929
2,17589,10455,0,0,3,3,5863,32,17425,17457
2,17589,13689,0,0,3,3,5863,2662,4563,7225
2,17589,14025,0,0,3,3,5863,1886,4675,6561
2,17589,14739,0,0,3,3,5863,33750,4913,38663
2,17589,16575,0,0,3,3,5863,6642,5525,12167
2,17589,16767,0,0,3,3,5863,1066,5589,6655
2,17589,17457,0,0,3,3,5863,1066,5819,6885
2,17640,18,0,0,6,3,5880,117640,9,117649
2,17649,17649,0,0,24,3,5883,27392,5883,33275
2,17679,1917,0,0,3,3,5893,6250,639,6889
2,17715,729,0,0,3,3,5905,29282,243,29525
2,17739,243,0,0,3,3,5913,42632,243,42875
2,17739,273,0,0,3,3,5913,8192,1183,9375
2,17739,2535,0,0,3,3,5913,2336,4225,6561
2,17745,507,0,0,6,3,5915,11956,169,12125
2,17829,783,0,0,3,3,5943,5248,1827,7075
2,17829,1029,0,0,3,3,5943,15282,343,15625
2,17865,1215,0,0,3,3,5955,10952,1215,12167
2,17865,3573,0,0,6,3,5955,11500,1191,12691
2,17865,3885,0,0,3,3,5955,512,11655,12167
2,17865,5955,0,0,3,3,5955,1184,9925,11109
2,17865,6561,0,0,3,3,5955,50816,15309,66125
2,17865,8991,0,0,3,3,5955,3176,8991,12167
2,17901,729,0,0,3,3,5967,15886,243,16129
2,17949,9,0,0,3,3,5983,37240,9,37249
2,17949,15,0,0,3,3,5983,10976,25,11001
2,17949,375,0,0,3,3,5983,129696,625,130321
2,17949,5859,0,0,3,3,5983,1000,5859,6859
2,17949,7125,0,0,3,3,5983,32,11875,11907
2,17949,7581,0,0,3,3,5983,123008,17689,140697
2,17955,7125,0,0,3,3,5985,32,11875,11907
2,22056,7352,0,0,8,4,5514,128,6433,6561
2,22056,14704,0,0,16,4,5514,128,6433,6561
2,22080,8,0,0,8,4,5520,64000,9,64009
2,22080,16,0,0,16,4,5520,64000,9,64009
2,22092,4,0,0,8,4,5523,31212,1,31213
2,22092,4,0,0,16,4,5523,28560,1,28561
2,22092,364,0,0,4,4,5523,8192,1183,9375
2,22092,676,0,0,4,4,5523,8416,845,9261
2,22092,1052,0,0,8,4,5523,16384,1841,18225
2,22092,1764,0,0,4,4,5523,6656,3969,10625
2,22092,4732,0,0,4,4,5523,8942,1183,10125
2,22092,17884,0,0,4,4,5523,31250,4471,35721
2,22140,1372,0,0,4,4,5535,10368,2401,12769
2,22188,12,0,0,4,4,5547,7688,9,7697
2,22252,972,0,0,4,4,5563,77882,243,78125
2,22260,4,0,0,16,4,5565,41552,1,41553
2,22260,9500,0,0,4,4,5565,32,11875,11907
2,22260,11236,0,0,4,4,5565,4050,2809,6859
2,22364,9604,0,0,4,4,5591,11182,2401,13583
2,22372,500,0,0,4,4,5593,13536,625,14161
2,22372,1492,0,0,4,4,5593,10528,1865,12393
2,22372,2500,0,0,4,4,5593,36554,625,37179
2,22372,2916,0,0,4,4,5593,24064,6561,30625
2,22372,12500,0,0,4,4,5593,14406,3125,17531
2,22420,4,0,0,4,4,5605,48734,1,48735
2,22420,2500,0,0,4,4,5605,4984,1875,6859
2,22420,6156,0,0,4,4,5605,3304,4617,7921
2,22420,8748,0,0,4,4,5605,18050,2187,20237
2,22420,9500,0,0,4,4,5605,32,11875,11907
2,22440,8,0,0,8,4,5610,64000,9,64009
2,22440,16,0,0,16,4,5610,64000,9,64009
2,22572,18468,0,0,4,4,5643,2258,4617,6875
2,22660,8748,0,0,4,4,5665,9064,6561,15625
2,22716,1444,0,0,4,4,5679,16406,361,16767
2,22740,108,0,0,4,4,5685,5632,243,5875
2,22780,4,0,0,16,4,5695,18224,1,18225
2,22876,9604,0,0,4,4,5719,13122,2401,15523
2,22876,15876,0,0,4,4,5719,512,35721,36233
2,22932,196,0,0,4,4,5733,12506,49,12555
2,22932,364,0,0,4,4,5733,8192,1183,9375
2,22932,972,0,0,4,4,5733,12250,243,12493
2,22932,1372,0,0,4,4,5733,12150,343,12493
2,22932,1404,0,0,4,4,5733,10952,1053,12005
2,22932,2500,0,0,4,4,5733,8192,8125,16317
2,22932,3500,0,0,4,4,5733,128,6125,6253
2,22932,4212,0,0,4,4,5733,79360,9477,88837
2,22932,6076,0,0,4,4,5733,4992,10633,15625
2,23044,1372,0,0,4,4,5761,10368,2401,12769
2,23092,4,0,0,4,4,5773,64000,9,64009
2,23092,4,0,0,4,4,5773,71874,1,71875
2,23092,4,0,0,16,4,5773,8624,1,8625
2,23092,7452,0,0,4,4,5773,2560,16767,19327
2,23092,7500,0,0,4,4,5773,9016,5625,14641
2,23092,12500,0,0,4,4,5773,129654,3125,132779
2,23092,15876,0,0,4,4,5773,2008,11907,13915
2,23092,22356,0,0,4,4,5773,686,5589,6275
2,23092,23092,0,0,4,4,5773,882,5773,6655
2,23100,1308,0,0,4,4,5775,5632,2943,8575
2,23100,1372,0,0,4,4,5775,4224,2401,6625
2,23100,4356,0,0,4,4,5775,95048,3267,98315
2,23100,4900,0,0,4,4,5775,288,6125,6413
2,23100,8748,0,0,4,4,5775,11858,2187,14045
2,23100,9156,0,0,4,4,5775,8,6867,6875
2,23100,9604,0,0,4,4,5775,5618,2401,8019
2,23100,11236,0,0,4,4,5775,10648,8427,19075
2,23100,12348,0,0,4,4,5775,11554,3087,14641
2,23100,13500,0,0,4,4,5775,117128,10125,127253
2,23212,108,0,0,4,4,5803,103544,81,103625
2,23316,3364,0,0,4,4,5829,18522,841,19363
2,23380,7796,0,0,4,4,5845,18144,9745,27889
2,23400,520,0,0,8,4,5850,6144,715,6859
2,23400,1040,0,0,16,4,5850,6144,715,6859
2,23400,2080,0,0,32,4,5850,6144,715,6859
2,23452,4,0,0,4,4,5863,64000,9,64009
2,23452,4,0,0,4,4,5863,71874,1,71875
2,23452,4,0,0,8,4,5863,75140,1,75141
2,23452,4,0,0,16,4,5863,17424,1,17425
2,23452,108,0,0,4,4,5863,203320,81,203401
2,23452,484,0,0,4,4,5863,6144,1331,7475
2,23452,900,0,0,4,4,5863,9248,1125,10373
2,23452,3564,0,0,4,4,5863,7514,891,8405
2,23452,3564,0,0,4,4,5863,2048,9801,11849
2,23452,4100,0,0,4,4,5863,5566,1025,6591
2,23452,5324,0,0,4,4,5863,5000,3993,8993
2,23452,5324,0,0,4,4,5863,13294,1331,14625
2,23452,5500,0,0,4,4,5863,13754,1375,15129
2,23452,6084,0,0,4,4,5863,2312,4563,6875
2,23452,6724,0,0,4,4,5863,4394,1681,6075
2,23452,6724,0,0,4,4,5863,45630,1681,47311
2,23452,7436,0,0,4,4,5863,23000,5577,28577
2,23452,8788,0,0,4,4,5863,864,10985,11849
2,23452,8788,0,0,4,4,5863,5576,6591,12167
2,23452,11492,0,0,4,4,5863,16810,2873,19683
2,23452,12500,0,0,4,4,5863,61952,28125,90077
2,23452,12716,0,0,4,4,5863,3750,3179,6929
2,23452,13940,0,0,4,4,5863,32,17425,17457
2,23452,18252,0,0,4,4,5863,2662,4563,7225
2,23452,18700,0,0,4,4,5863,1886,4675,6561
2,23452,19652,0,0,4,4,5863,33750,4913,38663
2,23452,22100,0,0,4,4,5863,6642,5525,12167
2,23452,22356,0,0,4,4,5863,1066,5589,6655
2,23452,23276,0,0,4,4,5863,1066,5819,6885
2,23520,24,0,0,8,4,5880,117640,9,117649
2,23532,23532,0,0,32,4,5883,27392,5883,33275
2,23572,2556,0,0,4,4,5893,6250,639,6889
2,23620,972,0,0,4,4,5905,29282,243,29525
2,23652,324,0,0,4,4,5913,42632,243,42875
2,23652,364,0,0,4,4,5913,8192,1183,9375
2,23652,3380,0,0,4,4,5913,2336,4225,6561
2,23660,676,0,0,8,4,5915,11956,169,12125
2,23772,1044,0,0,4,4,5943,5248,1827,7075
2,23772,1372,0,0,4,4,5943,15282,343,15625
2,23820,1620,0,0,4,4,5955,10952,1215,12167
2,23820,4764,0,0,8,4,5955,11500,1191,12691
2,23820,5180,0,0,4,4,5955,512,11655,12167
2,23820,7940,0,0,4,4,5955,1184,9925,11109
2,23820,8748,0,0,4,4,5955,50816,15309,66125
2,23820,11988,0,0,4,4,5955,3176,8991,12167
2,23868,972,0,0,4,4,5967,15886,243,16129
2,23932,12,0,0,4,4,5983,37240,9,37249
2,23932,20,0,0,4,4,5983,10976,25,11001
2,23932,500,0,0,4,4,5983,129696,625,130321
2,23932,7812,0,0,4,4,5983,1000,5859,6859
2,23932,9500,0,0,4,4,5983,32,11875,11907
2,23932,10108,0,0,4,4,5983,123008,17689,140697
2,23940,9500,0,0,4,4,5985,32,11875,11907
2,27570,9190,0,0,10,5,5514,128,6433,6561
2,27570,18380,0,0,20,5,5514,128,6433,6561
2,27600,10,0,0,10,5,5520,64000,9,64009
2,27600,20,0,0,20,5,5520,64000,9,64009
2,27615,5,0,0,10,5,5523,31212,1,31213
2,27615,5,0,0,20,5,5523,28560,1,28561
2,27615,455,0,0,5,5,5523,8192,1183,9375
2,27615,845,0,0,5,5,5523,8416,845,9261
2,27615,1315,0,0,10,5,5523,16384,1841,18225
2,27615,2205,0,0,5,5,5523,6656,3969,10625
2,27615,5915,0,0,5,5,5523,8942,1183,10125
2,27615,22355,0,0,5,5,5523,31250,4471,35721
2,27675,1715,0,0,5,5,5535,10368,2401,12769
2,27735,15,0,0,5,5,5547,7688,9,7697
2,27815,1215,0,0,5,5,5563,77882,243,78125
2,27825,5,0,0,20,5,5565,41552,1,41553
2,27825,11875,0,0,5,5,5565,32,11875,11907
2,27825,14045,0,0,5,5,5565,4050,2809,6859
2,27955,12005,0,0,5,5,5591,11182,2401,13583
2,27965,625,0,0,5,5,5593,13536,625,14161
2,27965,1865,0,0,5,5,5593,10528,1865,12393
2,27965,3125,0,0,5,5,5593,36554,625,37179
2,27965,3645,0,0,5,5,5593,24064,6561,30625
2,27965,15625,0,0,5,5,5593,14406,3125,17531
2,28025,5,0,0,5,5,5605,48734,1,48735
2,28025,3125,0,0,5,5,5605,4984,1875,6859
2,28025,7695,0,0,5,5,5605,3304,4617,7921
2,28025,10935,0,0,5,5,5605,18050,2187,20237
2,28025,11875,0,0,5,5,5605,32,11875,11907
2,28050,10,0,0,10,5,5610,64000,9,64009
2,28050,20,0,0,20,5,5610,64000,9,64009
2,28215,23085,0,0,5,5,5643,2258,4617,6875
2,28325,10935,0,0,5,5,5665,9064,6561,15625
2,28395,1805,0,0,5,5,5679,16406,361,16767
2,28425,135,0,0,5,5,5685,5632,243,5875
2,28475,5,0,0,20,5,5695,18224,1,18225
2,28595,12005,0,0,5,5,5719,13122,2401,15523
2,28595,19845,0,0,5,5,5719,512,35721,36233
2,28665,245,0,0,5,5,5733,12506,49,12555
2,28665,455,0,0,5,5,5733,8192,1183,9375
2,28665,1215,0,0,5,5,5733,12250,243,12493
2,28665,1715,0,0,5,5,5733,12150,343,12493
2,28665,1755,0,0,5,5,5733,10952,1053,12005
2,28665,3125,0,0,5,5,5733,8192,8125,16317
2,28665,4375,0,0,5,5,5733,128,6125,6253
2,28665,5265,0,0,5,5,5733,79360,9477,88837
2,28665,7595,0,0,5,5,5733,4992,10633,15625
2,28805,1715,0,0,5,5,5761,10368,2401,12769
2,28865,5,0,0,5,5,5773,64000,9,64009
2,28865,5,0,0,5,5,5773,71874,1,71875
2,28865,5,0,0,20,5,5773,8624,1,8625
2,28865,9315,0,0,5,5,5773,2560,16767,19327
2,28865,9375,0,0,5,5,5773,9016,5625,14641
2,28865,15625,0,0,5,5,5773,129654,3125,132779
2,28865,19845,0,0,5,5,5773,2008,11907,13915
2,28865,27945,0,0,5,5,5773,686,5589,6275
2,28865,28865,0,0,5,5,5773,882,5773,6655
2,28875,1635,0,0,5,5,5775,5632,2943,8575
2,28875,1715,0,0,5,5,5775,4224,2401,6625
2,28875,5445,0,0,5,5,5775,95048,3267,98315
2,28875,6125,0,0,5,5,5775,288,6125,6413
2,28875,10935,0,0,5,5,5775,11858,2187,14045
2,28875,11445,0,0,5,5,5775,8,6867,6875
2,28875,12005,0,0,5,5,5775,5618,2401,8019
2,28875,14045,0,0,5,5,5775,10648,8427,19075
2,28875,15435,0,0,5,5,5775,11554,3087,14641
2,28875,16875,0,0,5,5,5775,117128,10125,127253
2,29015,135,0,0,5,5,5803,103544,81,103625
2,29145,4205,0,0,5,5,5829,18522,841,19363
2,29225,9745,0,0,5,5,5845,18144,9745,27889
2,29250,650,0,0,10,5,5850,6144,715,6859
2,29250,1300,0,0,20,5,5850,6144,715,6859
2,29250,2600,0,0,40,5,5850,6144,715,6859
2,29315,5,0,0,5,5,5863,64000,9,64009
2,29315,5,0,0,5,5,5863,71874,1,71875
2,29315,5,0,0,10,5,5863,75140,1,75141
2,29315,5,0,0,20,5,5863,17424,1,17425
2,29315,135,0,0,5,5,5863,203320,81,203401
2,29315,605,0,0,5,5,5863,6144,1331,7475
2,29315,1125,0,0,5,5,5863,9248,1125,10373
2,29315,4455,0,0,5,5,5863,7514,891,8405
2,29315,4455,0,0,5,5,5863,2048,9801,11849
2,29315,5125,0,0,5,5,5863,5566,1025,6591
2,29315,6655,0,0,5,5,5863,5000,3993,8993
2,29315,6655,0,0,5,5,5863,13294,1331,14625
2,29315,6875,0,0,5,5,5863,13754,1375,15129
2,29315,7605,0,0,5,5,5863,2312,4563,6875
2,29315,8405,0,0,5,5,5863,4394,1681,6075
2,29315,8405,0,0,5,5,5863,45630,1681,47311
2,29315,9295,0,0,5,5,5863,23000,5577,28577
2,29315,10985,0,0,5,5,5863,864,10985,11849
2,29315,10985,0,0,5,5,5863,5576,6591,12167
2,29315,14365,0,0,5,5,5863,16810,2873,19683
2,29315,15625,0,0,5,5,5863,61952,28125,90077
2,29315,15895,0,0,5,5,5863,3750,3179,6929
2,29315,17425,0,0,5,5,5863,32,17425,17457
2,29315,22815,0,0,5,5,5863,2662,4563,7225
2,29315,23375,0,0,5,5,5863,1886,4675,6561
2,29315,24565,0,0,5,5,5863,33750,4913,38663
2,29315,27625,0,0,5,5,5863,6642,5525,12167
2,29315,27945,0,0,5,5,5863,1066,5589,6655
2,29315,29095,0,0,5,5,5863,1066,5819,6885
2,29400,30,0,0,10,5,5880,117640,9,117649
2,29415,29415,0,0,40,5,5883,27392,5883,33275
2,29465,3195,0,0,5,5,5893,6250,639,6889
2,29525,1215,0,0,5,5,5905,29282,243,29525
2,29565,405,0,0,5,5,5913,42632,243,42875
2,29565,455,0,0,5,5,5913,8192,1183,9375
2,29565,4225,0,0,5,5,5913,2336,4225,6561
2,29575,845,0,0,10,5,5915,11956,169,12125
2,29715,1305,0,0,5,5,5943,5248,1827,7075
2,29715,1715,0,0,5,5,5943,15282,343,15625
2,29775,2025,0,0,5,5,5955,10952,1215,12167
2,29775,5955,0,0,10,5,5955,11500,1191,12691
2,29775,6475,0,0,5,5,5955,512,11655,12167
2,29775,9925,0,0,5,5,5955,1184,9925,11109
2,29775,10935,0,0,5,5,5955,50816,15309,66125
2,29775,14985,0,0,5,5,5955,3176,8991,12167
2,29835,1215,0,0,5,5,5967,15886,243,16129
2,29915,15,0,0,5,5,5983,37240,9,37249
2,29915,25,0,0,5,5,5983,10976,25,11001
2,29915,625,0,0,5,5,5983,129696,625,130321
2,29915,9765,0,0,5,5,5983,1000,5859,6859
2,29915,11875,0,0,5,5,5983,32,11875,11907
2,29915,12635,0,0,5,5,5983,123008,17689,140697
2,29925,11875,0,0,5,5,5985,32,11875,11907
2,33084,11028,0,0,12,6,5514,128,6433,6561
2,33084,22056,0,0,24,6,5514,128,6433,6561
2,33120,12,0,0,12,6,5520,64000,9,64009
2,33120,24,0,0,24,6,5520,64000,9,64009
2,33138,6,0,0,12,6,5523,31212,1,31213
2,33138,6,0,0,24,6,5523,28560,1,28561
2,33138,546,0,0,6,6,5523,8192,1183,9375
2,33138,1014,0,0,6,6,5523,8416,845,9261
2,33138,1578,0,0,12,6,5523,16384,1841,18225
2,33138,2646,0,0,6,6,5523,6656,3969,10625
2,33138,7098,0,0,6,6,5523,8942,1183,10125
2,33138,26826,0,0,6,6,5523,31250,4471,35721
2,33210,2058,0,0,6,6,5535,10368,2401,12769
2,33282,18,0,0,6,6,5547,7688,9,7697
2,33378,1458,0,0,6,6,5563,77882,243,78125
2,33390,6,0,0,24,6,5565,41552,1,41553
2,33390,14250,0,0,6,6,5565,32,11875,11907
2,33390,16854,0,0,6,6,5565,4050,2809,6859
2,33546,14406,0,0,6,6,5591,11182,2401,13583
2,33558,750,0,0,6,6,5593,13536,625,14161
2,33558,2238,0,0,6,6,5593,10528,1865,12393
2,33558,3750,0,0,6,6,5593,36554,625,37179
2,33558,4374,0,0,6,6,5593,24064,6561,30625
2,33558,18750,0,0,6,6,5593,14406,3125,17531
2,33630,6,0,0,6,6,5605,48734,1,48735
2,33630,3750,0,0,6,6,5605,4984,1875,6859
2,33630,9234,0,0,6,6,5605,3304,4617,7921
2,33630,13122,0,0,6,6,5605,18050,2187,20237
2,33630,14250,0,0,6,6,5605,32,11875,11907
2,33660,12,0,0,12,6,5610,64000,9,64009
2,33660,24,0,0,24,6,5610,64000,9,64009
2,33858,27702,0,0,6,6,5643,2258,4617,6875
2,33990,13122,0,0,6,6,5665,9064,6561,15625
2,34074,2166,0,0,6,6,5679,16406,361,16767
2,34110,162,0,0,6,6,5685,5632,243,5875
2,34170,6,0,0,24,6,5695,18224,1,18225
2,34314,14406,0,0,6,6,5719,13122,2401,15523
2,34314,23814,0,0,6,6,5719,512,35721,36233
2,34398,294,0,0,6,6,5733,12506,49,12555
2,34398,546,0,0,6,6,5733,8192,1183,9375
2,34398,1458,0,0,6,6,5733,12250,243,12493
2,34398,2058,0,0,6,6,5733,12150,343,12493
2,34398,2106,0,0,6,6,5733,10952,1053,12005
2,34398,3750,0,0,6,6,5733,8192,8125,16317
2,34398,5250,0,0,6,6,5733,128,6125,6253
2,34398,6318,0,0,6,6,5733,79360,9477,88837
2,34398,9114,0,0,6,6,5733,4992,10633,15625
2,34566,2058,0,0,6,6,5761,10368,2401,12769
2,34638,6,0,0,6,6,5773,64000,9,64009
2,34638,6,0,0,6,6,5773,71874,1,71875
2,34638,6,0,0,24,6,5773,8624,1,8625
2,34638,11178,0,0,6,6,5773,2560,16767,19327
2,34638,11250,0,0,6,6,5773,9016,5625,14641
2,34638,18750,0,0,6,6,5773,129654,3125,132779
2,34638,23814,0,0,6,6,5773,2008,11907,13915
2,34638,33534,0,0,6,6,5773,686,5589,6275
2,34638,34638,0,0,6,6,5773,882,5773,6655
2,34650,1962,0,0,6,6,5775,5632,2943,8575
2,34650,2058,0,0,6,6,5775,4224,2401,6625
2,34650,6534,0,0,6,6,5775,95048,3267,98315
2,34650,7350,0,0,6,6,5775,288,6125,6413
2,34650,13122,0,0,6,6,5775,11858,2187,14045
2,34650,13734,0,0,6,6,5775,8,6867,6875
2,34650,14406,0,0,6,6,5775,5618,2401,8019
2,34650,16854,0,0,6,6,5775,10648,8427,19075
2,34650,18522,0,0,6,6,5775,11554,3087,14641
2,34650,20250,0,0,6,6,5775,117128,10125,127253
2,34818,162,0,0,6,6,5803,103544,81,103625
2,34974,5046,0,0,6,6,5829,18522,841,19363
2,35070,11694,0,0,6,6,5845,18144,9745,27889
2,35100,780,0,0,12,6,5850,6144,715,6859
2,35100,1560,0,0,24,6,5850,6144,715,6859
2,35100,3120,0,0,48,6,5850,6144,715,6859
2,35178,6,0,0,6,6,5863,64000,9,64009
2,35178,6,0,0,6,6,5863,71874,1,71875
2,35178,6,0,0,12,6,5863,75140,1,75141
2,35178,6,0,0,24,6,5863,17424,1,17425
2,35178,162,0,0,6,6,5863,203320,81,203401
2,35178,726,0,0,6,6,5863,6144,1331,7475
2,35178,1350,0,0,6,6,5863,9248,1125,10373
2,35178,5346,0,0,6,6,5863,7514,891,8405
2,35178,5346,0,0,6,6,5863,2048,9801,11849
2,35178,6150,0,0,6,6,5863,5566,1025,6591
2,35178,7986,0,0,6,6,5863,5000,3993,8993
2,35178,7986,0,0,6,6,5863,13294,1331,14625
2,35178,8250,0,0,6,6,5863,13754,1375,15129
2,35178,9126,0,0,6,6,5863,2312,4563,6875
2,35178,10086,0,0,6,6,5863,4394,1681,6075
2,35178,10086,0,0,6,6,5863,45630,1681,47311
2,35178,11154,0,0,6,6,5863,23000,5577,28577
2,35178,13182,0,0,6,6,5863,864,10985,11849
2,35178,13182,0,0,6,6,5863,5576,6591,12167
2,35178,17238,0,0,6,6,5863,16810,2873,19683
2,35178,18750,0,0,6,6,5863,61952,28125,90077
2,35178,19074,0,0,6,6,5863,3750,3179,6929
2,35178,20910,0,0,6,6,5863,32,17425,17457
2,35178,27378,0,0,6,6,5863,2662,4563,7225
2,35178,28050,0,0,6,6,5863,1886,4675,6561
2,35178,29478,0,0,6,6,5863,33750,4913,38663
2,35178,33150,0,0,6,6,5863,6642,5525,12167
2,35178,33534,0,0,6,6,5863,1066,5589,6655
2,35178,34914,0,0,6,6,5863,1066,5819,6885
2,35280,36,0,0,12,6,5880,117640,9,117649
2,35298,35298,0,0,48,6,5883,27392,5883,33275
2,35358,3834,0,0,6,6,5893,6250,639,6889
2,35430,1458,0,0,6,6,5905,29282,243,29525
2,35478,486,0,0,6,6,5913,42632,243,42875
2,35478,546,0,0,6,6,5913,8192,1183,9375
2,35478,5070,0,0,6,6,5913,2336,4225,6561
2,35490,1014,0,0,12,6,5915,11956,169,12125
2,35658,1566,0,0,6,6,5943,5248,1827,7075
2,35658,2058,0,0,6,6,5943,15282,343,15625
2,35730,2430,0,0,6,6,5955,10952,1215,12167
2,35730,7146,0,0,12,6,5955,11500,1191,12691
2,35730,7770,0,0,6,6,5955,512,11655,12167
2,35730,11910,0,0,6,6,5955,1184,9925,11109
2,35730,13122,0,0,6,6,5955,50816,15309,66125
2,35730,17982,0,0,6,6,5955,3176,8991,12167
2,35802,1458,0,0,6,6,5967,15886,243,16129
2,35898,18,0,0,6,6,5983,37240,9,37249
2,35898,30,0,0,6,6,5983,10976,25,11001
2,35898,750,0,0,6,6,5983,129696,625,130321
2,35898,11718,0,0,6,6,5983,1000,5859,6859
2,35898,14250,0,0,6,6,5983,32,11875,11907
2,35898,15162,0,0,6,6,5983,123008,17689,140697
2,35910,14250,0,0,6,6,5985,32,11875,11907
2,38598,12866,0,0,14,7,5514,128,6433,6561
2,38598,25732,0,0,28,7,5514,128,6433,6561
2,38640,14,0,0,14,7,5520,64000,9,64009
2,38640,28,0,0,28,7,5520,64000,9,64009
2,38661,7,0,0,14,7,5523,31212,1,31213
2,38661,7,0,0,28,7,5523,28560,1,28561
2,38661,637,0,0,7,7,5523,8192,1183,9375
2,38661,1183,0,0,7,7,5523,8416,845,9261
2,38661,1841,0,0,14,7,5523,16384,1841,18225
2,38661,3087,0,0,7,7,5523,6656,3969,10625
2,38661,8281,0,0,7,7,5523,8942,1183,10125
2,38661,31297,0,0,7,7,5523,31250,4471,35721
2,38745,2401,0,0,7,7,5535,10368,2401,12769
2,38829,21,0,0,7,7,5547,7688,9,7697
2,38941,1701,0,0,7,7,5563,77882,243,78125
2,38955,7,0,0,28,7,5565,41552,1,41553
2,38955,16625,0,0,7,7,5565,32,11875,11907
2,38955,19663,0,0,7,7,5565,4050,2809,6859
2,39137,16807,0,0,7,7,5591,11182,2401,13583
2,39151,875,0,0,7,7,5593,13536,625,14161
2,39151,2611,0,0,7,7,5593,10528,1865,12393
2,39151,4375,0,0,7,7,5593,36554,625,37179
2,39151,5103,0,0,7,7,5593,24064,6561,30625
2,39151,21875,0,0,7,7,5593,14406,3125,17531
2,39235,7,0,0,7,7,5605,48734,1,48735
2,39235,4375,0,0,7,7,5605,4984,1875,6859
2,39235,10773,0,0,7,7,5605,3304,4617,7921
2,39235,15309,0,0,7,7,5605,18050,2187,20237
2,39235,16625,0,0,7,7,5605,32,11875,11907
2,39270,14,0,0,14,7,5610,64000,9,64009
2,39270,28,0,0,28,7,5610,64000,9,64009
2,39501,32319,0,0,7,7,5643,2258,4617,6875
2,39655,15309,0,0,7,7,5665,9064,6561,15625
2,39753,2527,0,0,7,7,5679,16406,361,16767
2,39795,189,0,0,7,7,5685,5632,243,5875
2,39865,7,0,0,28,7,5695,18224,1,18225
2,40033,16807,0,0,7,7,5719,13122,2401,15523
2,40033,27783,0,0,7,7,5719,512,35721,36233
2,40131,343,0,0,7,7,5733,12506,49,12555
2,40131,637,0,0,7,7,5733,8192,1183,9375
2,40131,1701,0,0,7,7,5733,12250,243,12493
2,40131,2401,0,0,7,7,5733,12150,343,12493
2,40131,2457,0,0,7,7,5733,10952,1053,12005
2,40131,4375,0,0,7,7,5733,8192,8125,16317
2,40131,6125,0,0,7,7,5733,128,6125,6253
2,40131,7371,0,0,7,7,5733,79360,9477,88837
2,40131,10633,0,0,7,7,5733,4992,10633,15625
2,40327,2401,0,0,7,7,5761,10368,2401,12769
2,40411,7,0,0,7,7,5773,64000,9,64009
2,40411,7,0,0,7,7,5773,71874,1,71875
2,40411,7,0,0,28,7,5773,8624,1,8625
2,40411,13041,0,0,7,7,5773,2560,16767,19327
2,40411,13125,0,0,7,7,5773,9016,5625,14641
2,40411,21875,0,0,7,7,5773,129654,3125,132779
2,40411,27783,0,0,7,7,5773,2008,11907,13915
2,40411,39123,0,0,7,7,5773,686,5589,6275
2,40411,40411,0,0,7,7,5773,882,5773,6655
2,40425,2289,0,0,7,7,5775,5632,2943,8575
2,40425,2401,0,0,7,7,5775,4224,2401,6625
2,40425,7623,0,0,7,7,5775,95048,3267,98315
2,40425,8575,0,0,7,7,5775,288,6125,6413
2,40425,15309,0,0,7,7,5775,11858,2187,14045
2,40425,16023,0,0,7,7,5775,8,6867,6875
2,40425,16807,0,0,7,7,5775,5618,2401,8019
2,40425,19663,0,0,7,7,5775,10648,8427,19075
2,40425,21609,0,0,7,7,5775,11554,3087,14641
2,40425,23625,0,0,7,7,5775,117128,10125,127253
2,40621,189,0,0,7,7,5803,103544,81,103625
2,40803,5887,0,0,7,7,5829,18522,841,19363
2,40915,13643,0,0,7,7,5845,18144,9745,27889
2,40950,910,0,0,14,7,5850,6144,715,6859
2,40950,1820,0,0,28,7,5850,6144,715,6859
2,40950,3640,0,0,56,7,5850,6144,715,6859
2,41041,7,0,0,7,7,5863,64000,9,64009
2,41041,7,0,0,7,7,5863,71874,1,71875
2,41041,7,0,0,14,7,5863,75140,1,75141
2,41041,7,0,0,28,7,5863,17424,1,17425
2,41041,189,0,0,7,7,5863,203320,81,203401
2,41041,847,0,0,7,7,5863,6144,1331,7475
2,41041,1575,0,0,7,7,5863,9248,1125,10373
2,41041,6237,0,0,7,7,5863,7514,891,8405
2,41041,6237,0,0,7,7,5863,2048,9801,11849
2,41041,7175,0,0,7,7,5863,5566,1025,6591
2,41041,9317,0,0,7,7,5863,5000,3993,8993
2,41041,9317,0,0,7,7,5863,13294,1331,14625
2,41041,9625,0,0,7,7,5863,13754,1375,15129
2,41041,10647,0,0,7,7,5863,2312,4563,6875
2,41041,11767,0,0,7,7,5863,4394,1681,6075
2,41041,11767,0,0,7,7,5863,45630,1681,47311
2,41041,13013,0,0,7,7,5863,23000,5577,28577
2,41041,15379,0,0,7,7,5863,864,10985,11849
2,41041,15379,0,0,7,7,5863,5576,6591,12167
2,41041,20111,0,0,7,7,5863,16810,2873,19683
2,41041,21875,0,0,7,7,5863,61952,28125,90077
2,41041,22253,0,0,7,7,5863,3750,3179,6929
2,41041,24395,0,0,7,7,5863,32,17425,17457
2,41041,31941,0,0,7,7,5863,2662,4563,7225
2,41041,32725,0,0,7,7,5863,1886,4675,6561
2,41041,34391,0,0,7,7,5863,33750,4913,38663
2,41041,38675,0,0,7,7,5863,6642,5525,12167
2,41041,39123,0,0,7,7,5863,1066,5589,6655
2,41041,40733,0,0,7,7,5863,1066,5819,6885
2,41160,42,0,0,14,7,5880,117640,9,117649
2,41181,41181,0,0,56,7,5883,27392,5883,33275
2,41251,4473,0,0,7,7,5893,6250,639,6889
2,41335,1701,0,0,7,7,5905,29282,243,29525
2,41391,567,0,0,7,7,5913,42632,243,42875
2,41391,637,0,0,7,7,5913,8192,1183,9375
2,41391,5915,0,0,7,7,5913,2336,4225,6561
2,41405,1183,0,0,14,7,5915,11956,169,12125
2,41601,1827,0,0,7,7,5943,5248,1827,7075
2,41601,2401,0,0,7,7,5943,15282,343,15625
2,41685,2835,0,0,7,7,5955,10952,1215,12167
2,41685,8337,0,0,14,7,5955,11500,1191,12691
2,41685,9065,0,0,7,7,5955,512,11655,12167
2,41685,13895,0,0,7,7,5955,1184,9925,11109
2,41685,15309,0,0,7,7,5955,50816,15309,66125
2,41685,20979,0,0,7,7,5955,3176,8991,12167
2,41769,1701,0,0,7,7,5967,15886,243,16129
2,41881,21,0,0,7,7,5983,37240,9,37249
2,41881,35,0,0,7,7,5983,10976,25,11001
2,41881,875,0,0,7,7,5983,129696,625,130321
2,41881,13671,0,0,7,7,5983,1000,5859,6859
2,41881,16625,0,0,7,7,5983,32,11875,11907
2,41881,17689,0,0,7,7,5983,123008,17689,140697
2,41895,16625,0,0,7,7,5985,32,11875,11907
2,44112,14704,0,0,16,8,5514,128,6433,6561
2,44112,29408,0,0,32,8,5514,128,6433,6561
2,44160,16,0,0,16,8,5520,64000,9,64009
2,44160,32,0,0,32,8,5520,64000,9,64009
2,44184,8,0,0,16,8,5523,31212,1,31213
2,44184,8,0,0,32,8,5523,28560,1,28561
2,44184,728,0,0,8,8,5523,8192,1183,9375
2,44184,1352,0,0,8,8,5523,8416,845,9261
2,44184,2104,0,0,16,8,5523,16384,1841,18225
2,44184,3528,0,0,8,8,5523,6656,3969,10625
2,44184,9464,0,0,8,8,5523,8942,1183,10125
2,44184,35768,0,0,8,8,5523,31250,4471,35721
2,44280,2744,0,0,8,8,5535,10368,2401,12769
2,44376,24,0,0,8,8,5547,7688,9,7697
2,44504,1944,0,0,8,8,5563,77882,243,78125
2,44520,8,0,0,32,8,5565,41552,1,41553
2,44520,19000,0,0,8,8,5565,32,11875,11907
2,44520,22472,0,0,8,8,5565,4050,2809,6859
2,44728,19208,0,0,8,8,5591,11182,2401,13583
2,44744,1000,0,0,8,8,5593,13536,625,14161
2,44744,2984,0,0,8,8,5593,10528,1865,12393
2,44744,5000,0,0,8,8,5593,36554,625,37179
2,44744,5832,0,0,8,8,5593,24064,6561,30625
2,44744,25000,0,0,8,8,5593,14406,3125,17531
2,44840,8,0,0,8,8,5605,48734,1,48735
2,44840,5000,0,0,8,8,5605,4984,1875,6859
2,44840,12312,0,0,8,8,5605,3304,4617,7921
2,44840,17496,0,0,8,8,5605,18050,2187,20237
2,44840,19000,0,0,8,8,5605,32,11875,11907
2,44880,16,0,0,16,8,5610,64000,9,64009
2,44880,32,0,0,32,8,5610,64000,9,64009
2,45144,36936,0,0,8,8,5643,2258,4617,6875
2,45320,17496,0,0,8,8,5665,9064,6561,15625
2,45432,2888,0,0,8,8,5679,16406,361,16767
2,45480,216,0,0,8,8,5685,5632,243,5875
2,45560,8,0,0,32,8,5695,18224,1,18225
2,45752,19208,0,0,8,8,5719,13122,2401,15523
2,45752,31752,0,0,8,8,5719,512,35721,36233
2,45864,392,0,0,8,8,5733,12506,49,12555
2,45864,728,0,0,8,8,5733,8192,1183,9375
2,45864,1944,0,0,8,8,5733,12250,243,12493
2,45864,2744,0,0,8,8,5733,12150,343,12493
2,45864,2808,0,0,8,8,5733,10952,1053,12005
2,45864,5000,0,0,8,8,5733,8192,8125,16317
2,45864,7000,0,0,8,8,5733,128,6125,6253
2,45864,8424,0,0,8,8,5733,79360,9477,88837
2,45864,12152,0,0,8,8,5733,4992,10633,15625
2,46088,2744,0,0,8,8,5761,10368,2401,12769
2,46184,8,0,0,8,8,5773,64000,9,64009
2,46184,8,0,0,8,8,5773,71874,1,71875
2,46184,8,0,0,32,8,5773,8624,1,8625
2,46184,14904,0,0,8,8,5773,2560,16767,19327
2,46184,15000,0,0,8,8,5773,9016,5625,14641
2,46184,25000,0,0,8,8,5773,129654,3125,132779
2,46184,31752,0,0,8,8,5773,2008,11907,13915
2,46184,44712,0,0,8,8,5773,686,5589,6275
2,46184,46184,0,0,8,8,5773,882,5773,6655
2,46200,2616,0,0,8,8,5775,5632,2943,8575
2,46200,2744,0,0,8,8,5775,4224,2401,6625
2,46200,8712,0,0,8,8,5775,95048,3267,98315
2,46200,9800,0,0,8,8,5775,288,6125,6413
2,46200,17496,0,0,8,8,5775,11858,2187,14045
2,46200,18312,0,0,8,8,5775,8,6867,6875
2,46200,19208,0,0,8,8,5775,5618,2401,8019
2,46200,22472,0,0,8,8,5775,10648,8427,19075
2,46200,24696,0,0,8,8,5775,11554,3087,14641
2,46200,27000,0,0,8,8,5775,117128,10125,127253
2,46424,216,0,0,8,8,5803,103544,81,103625
2,46632,6728,0,0,8,8,5829,18522,841,19363
2,46760,15592,0,0,8,8,5845,18144,9745,27889
2,46800,1040,0,0,16,8,5850,6144,715,6859
2,46800,2080,0,0,32,8,5850,6144,715,6859
2,46800,4160,0,0,64,8,5850,6144,715,6859
2,46904,8,0,0,8,8,5863,64000,9,64009
2,46904,8,0,0,8,8,5863,71874,1,71875
2,46904,8,0,0,16,8,5863,75140,1,75141
2,46904,8,0,0,32,8,5863,17424,1,17425
2,46904,216,0,0,8,8,5863,203320,81,203401
2,46904,968,0,0,8,8,5863,6144,1331,7475
2,46904,1800,0,0,8,8,5863,9248,1125,10373
2,46904,7128,0,0,8,8,5863,7514,891,8405
2,46904,7128,0,0,8,8,5863,2048,9801,11849
2,46904,8200,0,0,8,8,5863,5566,1025,6591
2,46904,10648,0,0,8,8,5863,5000,3993,8993
2,46904,10648,0,0,8,8,5863,13294,1331,14625
2,46904,11000,0,0,8,8,5863,13754,1375,15129
2,46904,12168,0,0,8,8,5863,2312,4563,6875
2,46904,13448,0,0,8,8,5863,4394,1681,6075
2,46904,13448,0,0,8,8,5863,45630,1681,47311
2,46904,14872,0,0,8,8,5863,23000,5577,28577
2,46904,17576,0,0,8,8,5863,864,10985,11849
2,46904,17576,0,0,8,8,5863,5576,6591,12167
2,46904,22984,0,0,8,8,5863,16810,2873,19683
2,46904,25000,0,0,8,8,5863,61952,28125,90077
2,46904,25432,0,0,8,8,5863,3750,3179,6929
2,46904,27880,0,0,8,8,5863,32,17425,17457
2,46904,36504,0,0,8,8,5863,2662,4563,7225
2,46904,37400,0,0,8,8,5863,1886,4675,6561
2,46904,39304,0,0,8,8,5863,33750,4913,38663
2,46904,44200,0,0,8,8,5863,6642,5525,12167
2,46904,44712,0,0,8,8,5863,1066,5589,6655
2,46904,46552,0,0,8,8,5863,1066,5819,6885
2,47040,48,0,0,16,8,5880,117640,9,117649
2,47064,47064,0,0,64,8,5883,27392,5883,33275
2,47144,5112,0,0,8,8,5893,6250,639,6889
2,47240,1944,0,0,8,8,5905,29282,243,29525
2,47304,648,0,0,8,8,5913,42632,243,42875
2,47304,728,0,0,8,8,5913,8192,1183,9375
2,47304,6760,0,0,8,8,5913,2336,4225,6561
2,47320,1352,0,0,16,8,5915,11956,169,12125
2,47544,2088,0,0,8,8,5943,5248,1827,7075
2,47544,2744,0,0,8,8,5943,15282,343,15625
2,47640,3240,0,0,8,8,5955,10952,1215,12167
2,47640,9528,0,0,16,8,5955,11500,1191,12691
2,47640,10360,0,0,8,8,5955,512,11655,12167
2,47640,15880,0,0,8,8,5955,1184,9925,11109
2,47640,17496,0,0,8,8,5955,50816,15309,66125
2,47640,23976,0,0,8,8,5955,3176,8991,12167
2,47736,1944,0,0,8,8,5967,15886,243,16129
2,47864,24,0,0,8,8,5983,37240,9,37249
2,47864,40,0,0,8,8,5983,10976,25,11001
2,47864,1000,0,0,8,8,5983,129696,625,130321
2,47864,15624,0,0,8,8,5983,1000,5859,6859
2,47864,19000,0,0,8,8,5983,32,11875,11907
2,47864,20216,0,0,8,8,5983,123008,17689,140697
2,47880,19000,0,0,8,8,5985,32,11875,11907
2,49626,16542,0,0,18,9,5514,128,6433,6561
2,49626,33084,0,0,36,9,5514,128,6433,6561
2,49680,18,0,0,18,9,5520,64000,9,64009
2,49680,36,0,0,36,9,5520,64000,9,64009
2,49707,9,0,0,18,9,5523,31212,1,31213
2,49707,9,0,0,36,9,5523,28560,1,28561
2,49707,819,0,0,9,9,5523,8192,1183,9375
2,49707,1521,0,0,9,9,5523,8416,845,9261
2,49707,2367,0,0,18,9,5523,16384,1841,18225
2,49707,3969,0,0,9,9,5523,6656,3969,10625
2,49707,10647,0,0,9,9,5523,8942,1183,10125
2,49707,40239,0,0,9,9,5523,31250,4471,35721
2,49815,3087,0,0,9,9,5535,10368,2401,12769
2,49923,27,0,0,9,9,5547,7688,9,7697
2,50067,2187,0,0,9,9,5563,77882,243,78125
2,50085,9,0,0,36,9,5565,41552,1,41553
2,50085,21375,0,0,9,9,5565,32,11875,11907
2,50085,25281,0,0,9,9,5565,4050,2809,6859
2,50319,21609,0,0,9,9,5591,11182,2401,13583
2,50337,1125,0,0,9,9,5593,13536,625,14161
2,50337,3357,0,0,9,9,5593,10528,1865,12393
2,50337,5625,0,0,9,9,5593,36554,625,37179
2,50337,6561,0,0,9,9,5593,24064,6561,30625
2,50337,28125,0,0,9,9,5593,14406,3125,17531
2,50445,9,0,0,9,9,5605,48734,1,48735
2,50445,5625,0,0,9,9,5605,4984,1875,6859
2,50445,13851,0,0,9,9,5605,3304,4617,7921
2,50445,19683,0,0,9,9,5605,18050,2187,20237
2,50445,21375,0,0,9,9,5605,32,11875,11907
2,50490,18,0,0,18,9,5610,64000,9,64009
2,50490,36,0,0,36,9,5610,64000,9,64009
2,50787,41553,0,0,9,9,5643,2258,4617,6875
2,50985,19683,0,0,9,9,5665,9064,6561,15625
2,51111,3249,0,0,9,9,5679,16406,361,16767
2,51165,243,0,0,9,9,5685,5632,243,5875
2,51255,9,0,0,36,9,5695,18224,1,18225
2,51471,21609,0,0,9,9,5719,13122,2401,15523
2,51471,35721,0,0,9,9,5719,512,35721,36233
2,51597,441,0,0,9,9,5733,12506,49,12555
2,51597,819,0,0,9,9,5733,8192,1183,9375
2,51597,2187,0,0,9,9,5733,12250,243,12493
2,51597,3087,0,0,9,9,5733,12150,343,12493
2,51597,3159,0,0,9,9,5733,10952,1053,12005
2,51597,5625,0,0,9,9,5733,8192,8125,16317
2,51597,7875,0,0,9,9,5733,128,6125,6253
2,51597,9477,0,0,9,9,5733,79360,9477,88837
2,51597,13671,0,0,9,9,5733,4992,10633,15625
2,51849,3087,0,0,9,9,5761,10368,2401,12769
2,51957,9,0,0,9,9,5773,64000,9,64009
2,51957,9,0,0,9,9,5773,71874,1,71875
2,51957,9,0,0,36,9,5773,8624,1,8625
2,51957,16767,0,0,9,9,5773,2560,16767,19327
2,51957,16875,0,0,9,9,5773,9016,5625,14641
2,51957,28125,0,0,9,9,5773,129654,3125,132779
2,51957,35721,0,0,9,9,5773,2008,11907,13915
2,51957,50301,0,0,9,9,5773,686,5589,6275
2,51957,51957,0,0,9,9,5773,882,5773,6655
2,51975,2943,0,0,9,9,5775,5632,2943,8575
2,51975,3087,0,0,9,9,5775,4224,2401,6625
2,51975,9801,0,0,9,9,5775,95048,3267,98315
2,51975,11025,0,0,9,9,5775,288,6125,6413
2,51975,19683,0,0,9,9,5775,11858,2187,14045
2,51975,20601,0,0,9,9,5775,8,6867,6875
2,51975,21609,0,0,9,9,5775,5618,2401,8019
2,51975,25281,0,0,9,9,5775,10648,8427,19075
2,51975,27783,0,0,9,9,5775,11554,3087,14641
2,51975,30375,0,0,9,9,5775,117128,10125,127253
2,52227,243,0,0,9,9,5803,103544,81,103625
2,52461,7569,0,0,9,9,5829,18522,841,19363
2,52605,17541,0,0,9,9,5845,18144,9745,27889
2,52650,1170,0,0,18,9,5850,6144,715,6859
2,52650,2340,0,0,36,9,5850,6144,715,6859
2,52650,4680,0,0,72,9,5850,6144,715,6859
2,52767,9,0,0,9,9,5863,64000,9,64009
2,52767,9,0,0,9,9,5863,71874,1,71875
2,52767,9,0,0,18,9,5863,75140,1,75141
2,52767,9,0,0,36,9,5863,17424,1,17425
2,52767,243,0,0,9,9,5863,203320,81,203401
2,52767,1089,0,0,9,9,5863,6144,1331,7475
2,52767,2025,0,0,9,9,5863,9248,1125,10373
2,52767,8019,0,0,9,9,5863,7514,891,8405
2,52767,8019,0,0,9,9,5863,2048,9801,11849
2,52767,9225,0,0,9,9,5863,5566,1025,6591
2,52767,11979,0,0,9,9,5863,5000,3993,8993
2,52767,11979,0,0,9,9,5863,13294,1331,14625
2,52767,12375,0,0,9,9,5863,13754,1375,15129
2,52767,13689,0,0,9,9,5863,2312,4563,6875
2,52767,15129,0,0,9,9,5863,4394,1681,6075
2,52767,15129,0,0,9,9,5863,45630,1681,47311
2,52767,16731,0,0,9,9,5863,23000,5577,28577
2,52767,19773,0,0,9,9,5863,864,10985,11849
2,52767,19773,0,0,9,9,5863,5576,6591,12167
2,52767,25857,0,0,9,9,5863,16810,2873,19683
2,52767,28125,0,0,9,9,5863,61952,28125,90077
2,52767,28611,0,0,9,9,5863,3750,3179,6929
2,52767,31365,0,0,9,9,5863,32,17425,17457
2,52767,41067,0,0,9,9,5863,2662,4563,7225
2,52767,42075,0,0,9,9,5863,1886,4675,6561
2,52767,44217,0,0,9,9,5863,33750,4913,38663
2,52767,49725,0,0,9,9,5863,6642,5525,12167
2,52767,50301,0,0,9,9,5863,1066,5589,6655
2,52767,52371,0,0,9,9,5863,1066,5819,6885
2,52920,54,0,0,18,9,5880,117640,9,117649
2,52947,52947,0,0,72,9,5883,27392,5883,33275
2,53037,5751,0,0,9,9,5893,6250,639,6889
2,53145,2187,0,0,9,9,5905,29282,243,29525
2,53217,729,0,0,9,9,5913,42632,243,42875
2,53217,819,0,0,9,9,5913,8192,1183,9375
2,53217,7605,0,0,9,9,5913,2336,4225,6561
2,53235,1521,0,0,18,9,5915,11956,169,12125
2,53487,2349,0,0,9,9,5943,5248,1827,7075
2,53487,3087,0,0,9,9,5943,15282,343,15625
2,53595,3645,0,0,9,9,5955,10952,1215,12167
2,53595,10719,0,0,18,9,5955,11500,1191,12691
2,53595,11655,0,0,9,9,5955,512,11655,12167
2,53595,17865,0,0,9,9,5955,1184,9925,11109
2,53595,19683,0,0,9,9,5955,50816,15309,66125
2,53595,26973,0,0,9,9,5955,3176,8991,12167
2,53703,2187,0,0,9,9,5967,15886,243,16129
2,53847,27,0,0,9,9,5983,37240,9,37249
2,53847,45,0,0,9,9,5983,10976,25,11001
2,53847,1125,0,0,9,9,5983,129696,625,130321
2,53847,17577,0,0,9,9,5983,1000,5859,6859
2,53847,21375,0,0,9,9,5983,32,11875,11907
2,53847,22743,0,0,9,9,5983,123008,17689,140697
2,53865,21375,0,0,9,9,5985,32,11875,11907
2,55140,18380,0,0,20,10,5514,128,6433,6561
2,55140,36760,0,0,40,10,5514,128,6433,6561
2,55200,20,0,0,20,10,5520,64000,9,64009
2,55200,40,0,0,40,10,5520,64000,9,64009
2,55230,10,0,0,20,10,5523,31212,1,31213
2,55230,10,0,0,40,10,5523,28560,1,28561
2,55230,910,0,0,10,10,5523,8192,1183,9375
2,55230,1690,0,0,10,10,5523,8416,845,9261
2,55230,2630,0,0,20,10,5523,16384,1841,18225
2,55230,4410,0,0,10,10,5523,6656,3969,10625
2,55230,11830,0,0,10,10,5523,8942,1183,10125
2,55230,44710,0,0,10,10,5523,31250,4471,35721
2,55350,3430,0,0,10,10,5535,10368,2401,12769
2,55470,30,0,0,10,10,5547,7688,9,7697
2,55630,2430,0,0,10,10,5563,77882,243,78125
2,55650,10,0,0,40,10,5565,41552,1,41553
2,55650,23750,0,0,10,10,5565,32,11875,11907
2,55650,28090,0,0,10,10,5565,4050,2809,6859
2,55910,24010,0,0,10,10,5591,11182,2401,13583
2,55930,1250,0,0,10,10,5593,13536,625,14161
2,55930,3730,0,0,10,10,5593,10528,1865,12393
2,55930,6250,0,0,10,10,5593,36554,625,37179
2,55930,7290,0,0,10,10,5593,24064,6561,30625
2,55930,31250,0,0,10,10,5593,14406,3125,17531
2,56050,10,0,0,10,10,5605,48734,1,48735
2,56050,6250,0,0,10,10,5605,4984,1875,6859
2,56050,15390,0,0,10,10,5605,3304,4617,7921
2,56050,21870,0,0,10,10,5605,18050,2187,20237
2,56050,23750,0,0,10,10,5605,32,11875,11907
2,56100,20,0,0,20,10,5610,64000,9,64009
2,56100,40,0,0,40,10,5610,64000,9,64009
2,56430,46170,0,0,10,10,5643,2258,4617,6875
2,56650,21870,0,0,10,10,5665,9064,6561,15625
2,56790,3610,0,0,10,10,5679,16406,361,16767
2,56850,270,0,0,10,10,5685,5632,243,5875
2,56950,10,0,0,40,10,5695,18224,1,18225
2,57190,24010,0,0,10,10,5719,13122,2401,15523
2,57190,39690,0,0,10,10,5719,512,35721,36233
2,57330,490,0,0,10,10,5733,12506,49,12555
2,57330,910,0,0,10,10,5733,8192,1183,9375
2,57330,2430,0,0,10,10,5733,12250,243,12493
2,57330,3430,0,0,10,10,5733,12150,343,12493
2,57330,3510,0,0,10,10,5733,10952,1053,12005
2,57330,6250,0,0,10,10,5733,8192,8125,16317
2,57330,8750,0,0,10,10,5733,128,6125,6253
2,57330,10530,0,0,10,10,5733,79360,9477,88837
2,57330,15190,0,0,10,10,5733,4992,10633,15625
2,57610,3430,0,0,10,10,5761,10368,2401,12769
2,57730,10,0,0,10,10,5773,64000,9,64009
2,57730,10,0,0,10,10,5773,71874,1,71875
2,57730,10,0,0,40,10,5773,8624,1,8625
2,57730,18630,0,0,10,10,5773,2560,16767,19327
2,57730,18750,0,0,10,10,5773,9016,5625,14641
2,57730,31250,0,0,10,10,5773,129654,3125,132779
2,57730,39690,0,0,10,10,5773,2008,11907,13915
2,57730,55890,0,0,10,10,5773,686,5589,6275
2,57730,57730,0,0,10,10,5773,882,5773,6655
2,57750,3270,0,0,10,10,5775,5632,2943,8575
2,57750,3430,0,0,10,10,5775,4224,2401,6625
2,57750,10890,0,0,10,10,5775,95048,3267,98315
2,57750,12250,0,0,10,10,5775,288,6125,6413
2,57750,21870,0,0,10,10,5775,11858,2187,14045
2,57750,22890,0,0,10,10,5775,8,6867,6875
2,57750,24010,0,0,10,10,5775,5618,2401,8019
2,57750,28090,0,0,10,10,5775,10648,8427,19075
2,57750,30870,0,0,10,10,5775,11554,3087,14641
2,57750,33750,0,0,10,10,5775,117128,10125,127253
2,58030,270,0,0,10,10,5803,103544,81,103625
2,58290,8410,0,0,10,10,5829,18522,841,19363
2,58450,19490,0,0,10,10,5845,18144,9745,27889
2,58500,1300,0,0,20,10,5850,6144,715,6859
2,58500,2600,0,0,40,10,5850,6144,715,6859
2,58500,5200,0,0,80,10,5850,6144,715,6859
2,58630,10,0,0,10,10,5863,64000,9,64009
2,58630,10,0,0,10,10,5863,71874,1,71875
2,58630,10,0,0,20,10,5863,75140,1,75141
2,58630,10,0,0,40,10,5863,17424,1,17425
2,58630,270,0,0,10,10,5863,203320,81,203401
2,58630,1210,0,0,10,10,5863,6144,1331,7475
2,58630,2250,0,0,10,10,5863,9248,1125,10373
2,58630,8910,0,0,10,10,5863,7514,891,8405
2,58630,8910,0,0,10,10,5863,2048,9801,11849
2,58630,10250,0,0,10,10,5863,5566,1025,6591
2,58630,13310,0,0,10,10,5863,5000,3993,8993
2,58630,13310,0,0,10,10,5863,13294,1331,14625
2,58630,13750,0,0,10,10,5863,13754,1375,15129
2,58630,15210,0,0,10,10,5863,2312,4563,6875
2,58630,16810,0,0,10,10,5863,4394,1681,6075
2,58630,16810,0,0,10,10,5863,45630,1681,47311
2,58630,18590,0,0,10,10,5863,23000,5577,28577
2,58630,21970,0,0,10,10,5863,864,10985,11849
2,58630,21970,0,0,10,10,5863,5576,6591,12167
2,58630,28730,0,0,10,10,5863,16810,2873,19683
2,58630,31250,0,0,10,10,5863,61952,28125,90077
2,58630,31790,0,0,10,10,5863,3750,3179,6929
2,58630,34850,0,0,10,10,5863,32,17425,17457
2,58630,45630,0,0,10,10,5863,2662,4563,7225
2,58630,46750,0,0,10,10,5863,1886,4675,6561
2,58630,49130,0,0,10,10,5863,33750,4913,38663
2,58630,55250,0,0,10,10,5863,6642,5525,12167
2,58630,55890,0,0,10,10,5863,1066,5589,6655
2,58630,58190,0,0,10,10,5863,1066,5819,6885
2,58800,60,0,0,20,10,5880,117640,9,117649
2,58830,58830,0,0,80,10,5883,27392,5883,33275
2,58930,6390,0,0,10,10,5893,6250,639,6889
2,59050,2430,0,0,10,10,5905,29282,243,29525
2,59130,810,0,0,10,10,5913,42632,243,42875
2,59130,910,0,0,10,10,5913,8192,1183,9375
2,59130,8450,0,0,10,10,5913,2336,4225,6561
2,59150,1690,0,0,20,10,5915,11956,169,12125
2,59430,2610,0,0,10,10,5943,5248,1827,7075
2,59430,3430,0,0,10,10,5943,15282,343,15625
2,59550,4050,0,0,10,10,5955,10952,1215,12167
2,59550,11910,0,0,20,10,5955,11500,1191,12691
2,59550,12950,0,0,10,10,5955,512,11655,12167
2,59550,19850,0,0,10,10,5955,1184,9925,11109
2,59550,21870,0,0,10,10,5955,50816,15309,66125
2,59550,29970,0,0,10,10,5955,3176,8991,12167
2,59670,2430,0,0,10,10,5967,15886,243,16129
2,59830,30,0,0,10,10,5983,37240,9,37249
2,59830,50,0,0,10,10,5983,10976,25,11001
2,59830,1250,0,0,10,10,5983,129696,625,130321
2,59830,19530,0,0,10,10,5983,1000,5859,6859
2,59830,23750,0,0,10,10,5983,32,11875,11907
2,59830,25270,0,0,10,10,5983,123008,17689,140697
2,59850,23750,0,0,10,10,5985,32,11875,11907
2,60654,20218,0,0,22,11,5514,128,6433,6561
2,60654,40436,0,0,44,11,5514,128,6433,6561
2,60720,22,0,0,22,11,5520,64000,9,64009
2,60720,44,0,0,44,11,5520,64000,9,64009
2,60753,11,0,0,22,11,5523,31212,1,31213
2,60753,11,0,0,44,11,5523,28560,1,28561
2,60753,1001,0,0,11,11,5523,8192,1183,9375
2,60753,1859,0,0,11,11,5523,8416,845,9261
2,60753,2893,0,0,22,11,5523,16384,1841,18225
2,60753,4851,0,0,11,11,5523,6656,3969,10625
2,60753,13013,0,0,11,11,5523,8942,1183,10125
2,60753,49181,0,0,11,11,5523,31250,4471,35721
2,60885,3773,0,0,11,11,5535,10368,2401,12769
2,61017,33,0,0,11,11,5547,7688,9,7697
2,61193,2673,0,0,11,11,5563,77882,243,78125
2,61215,11,0,0,44,11,5565,41552,1,41553
2,61215,26125,0,0,11,11,5565,32,11875,11907
2,61215,30899,0,0,11,11,5565,4050,2809,6859
2,61501,26411,0,0,11,11,5591,11182,2401,13583
2,61523,1375,0,0,11,11,5593,13536,625,14161
2,61523,4103,0,0,11,11,5593,10528,1865,12393
2,61523,6875,0,0,11,11,5593,36554,625,37179
2,61523,8019,0,0,11,11,5593,24064,6561,30625
2,61523,34375,0,0,11,11,5593,14406,3125,17531
2,61655,11,0,0,11,11,5605,48734,1,48735
2,61655,6875,0,0,11,11,5605,4984,1875,6859
2,61655,16929,0,0,11,11,5605,3304,4617,7921
2,61655,24057,0,0,11,11,5605,18050,2187,20237
2,61655,26125,0,0,11,11,5605,32,11875,11907
2,61710,22,0,0,22,11,5610,64000,9,64009
2,61710,44,0,0,44,11,5610,64000,9,64009
2,62073,50787,0,0,11,11,5643,2258,4617,6875
2,62315,24057,0,0,11,11,5665,9064,6561,15625
2,62469,3971,0,0,11,11,5679,16406,361,16767
2,62535,297,0,0,11,11,5685,5632,243,5875
2,62645,11,0,0,44,11,5695,18224,1,18225
2,62909,26411,0,0,11,11,5719,13122,2401,15523
2,62909,43659,0,0,11,11,5719,512,35721,36233
2,63063,539,0,0,11,11,5733,12506,49,12555
2,63063,1001,0,0,11,11,5733,8192,1183,9375
2,63063,2673,0,0,11,11,5733,12250,243,12493
2,63063,3773,0,0,11,11,5733,12150,343,12493
2,63063,3861,0,0,11,11,5733,10952,1053,12005
2,63063,6875,0,0,11,11,5733,8192,8125,16317
2,63063,9625,0,0,11,11,5733,128,6125,6253
2,63063,11583,0,0,11,11,5733,79360,9477,88837
2,63063,16709,0,0,11,11,5733,4992,10633,15625
2,63371,3773,0,0,11,11,5761,10368,2401,12769
2,63503,11,0,0,11,11,5773,64000,9,64009
2,63503,11,0,0,11,11,5773,71874,1,71875
2,63503,11,0,0,44,11,5773,8624,1,8625
2,63503,20493,0,0,11,11,5773,2560,16767,19327
2,63503,20625,0,0,11,11,5773,9016,5625,14641
2,63503,34375,0,0,11,11,5773,129654,3125,132779
2,63503,43659,0,0,11,11,5773,2008,11907,13915
2,63503,61479,0,0,11,11,5773,686,5589,6275
2,63503,63503,0,0,11,11,5773,882,5773,6655
2,63525,3597,0,0,11,11,5775,5632,2943,8575
2,63525,3773,0,0,11,11,5775,4224,2401,6625
2,63525,11979,0,0,11,11,5775,95048,3267,98315
2,63525,13475,0,0,11,11,5775,288,6125,6413
2,63525,24057,0,0,11,11,5775,11858,2187,14045
2,63525,25179,0,0,11,11,5775,8,6867,6875
2,63525,26411,0,0,11,11,5775,5618,2401,8019
2,63525,30899,0,0,11,11,5775,10648,8427,19075
2,63525,33957,0,0,11,11,5775,11554,3087,14641
2,63525,37125,0,0,11,11,5775,117128,10125,127253
2,63833,297,0,0,11,11,5803,103544,81,103625
2,64119,9251,0,0,11,11,5829,18522,841,19363
2,64295,21439,0,0,11,11,5845,18144,9745,27889
2,64350,1430,0,0,22,11,5850,6144,715,6859
2,64350,2860,0,0,44,11,5850,6144,715,6859
2,64350,5720,0,0,88,11,5850,6144,715,6859
2,64493,11,0,0,11,11,5863,64000,9,64009
2,64493,11,0,0,11,11,5863,71874,1,71875
2,64493,11,0,0,22,11,5863,75140,1,75141
2,64493,11,0,0,44,11,5863,17424,1,17425
2,64493,297,0,0,11,11,5863,203320,81,203401
2,64493,1331,0,0,11,11,5863,6144,1331,7475
2,64493,2475,0,0,11,11,5863,9248,1125,10373
2,64493,9801,0,0,11,11,5863,7514,891,8405
2,64493,9801,0,0,11,11,5863,2048,9801,11849
2,64493,11275,0,0,11,11,5863,5566,1025,6591
2,64493,14641,0,0,11,11,5863,5000,3993,8993
2,64493,14641,0,0,11,11,5863,13294,1331,14625
2,64493,15125,0,0,11,11,5863,13754,1375,15129
2,64493,16731,0,0,11,11,5863,2312,4563,6875
2,64493,18491,0,0,11,11,5863,4394,1681,6075
2,64493,18491,0,0,11,11,5863,45630,1681,47311
2,64493,20449,0,0,11,11,5863,23000,5577,28577
2,64493,24167,0,0,11,11,5863,864,10985,11849
2,64493,24167,0,0,11,11,5863,5576,6591,12167
2,64493,31603,0,0,11,11,5863,16810,2873,19683
2,64493,34375,0,0,11,11,5863,61952,28125,90077
2,64493,34969,0,0,11,11,5863,3750,3179,6929
2,64493,38335,0,0,11,11,5863,32,17425,17457
2,64493,50193,0,0,11,11,5863,2662,4563,7225
2,64493,51425,0,0,11,11,5863,1886,4675,6561
2,64493,54043,0,0,11,11,5863,33750,4913,38663
2,64493,60775,0,0,11,11,5863,6642,5525,12167
2,64493,61479,0,0,11,11,5863,1066,5589,6655
2,64493,64009,0,0,11,11,5863,1066,5819,6885
2,64680,66,0,0,22,11,5880,117640,9,117649
2,64713,64713,0,0,88,11,5883,27392,5883,33275
2,64823,7029,0,0,11,11,5893,6250,639,6889
2,64955,2673,0,0,11,11,5905,29282,243,29525
2,65043,891,0,0,11,11,5913,42632,243,42875
2,65043,1001,0,0,11,11,5913,8192,1183,9375
2,65043,9295,0,0,11,11,5913,2336,4225,6561
2,65065,1859,0,0,22,11,5915,11956,169,12125
2,65373,2871,0,0,11,11,5943,5248,1827,7075
2,65373,3773,0,0,11,11,5943,15282,343,15625
2,65505,4455,0,0,11,11,5955,10952,1215,12167
2,65505,13101,0,0,22,11,5955,11500,1191,12691
2,65505,14245,0,0,11,11,5955,512,11655,12167
2,65505,21835,0,0,11,11,5955,1184,9925,11109
2,65505,24057,0,0,11,11,5955,50816,15309,66125
2,65505,32967,0,0,11,11,5955,3176,8991,12167
2,65637,2673,0,0,11,11,5967,15886,243,16129
2,65813,33,0,0,11,11,5983,37240,9,37249
2,65813,55,0,0,11,11,5983,10976,25,11001
2,65813,1375,0,0,11,11,5983,129696,625,130321
2,65813,21483,0,0,11,11,5983,1000,5859,6859
2,65813,26125,0,0,11,11,5983,32,11875,11907
2,65813,27797,0,0,11,11,5983,123008,17689,140697
2,65835,26125,0,0,11,11,5985,32,11875,11907
2,66168,22056,0,0,24,12,5514,128,6433,6561
2,66168,44112,0,0,48,12,5514,128,6433,6561
2,66240,24,0,0,24,12,5520,64000,9,64009
2,66240,48,0,0,48,12,5520,64000,9,64009
2,66276,12,0,0,24,12,5523,31212,1,31213
2,66276,12,0,0,48,12,5523,28560,1,28561
2,66276,1092,0,0,12,12,5523,8192,1183,9375
2,66276,2028,0,0,12,12,5523,8416,845,9261
2,66276,3156,0,0,24,12,5523,16384,1841,18225
2,66276,5292,0,0,12,12,5523,6656,3969,10625
2,66276,14196,0,0,12,12,5523,8942,1183,10125
2,66276,53652,0,0,12,12,5523,31250,4471,35721
2,66420,4116,0,0,12,12,5535,10368,2401,12769
2,66564,36,0,0,12,12,5547,7688,9,7697
2,66756,2916,0,0,12,12,5563,77882,243,78125
2,66780,12,0,0,48,12,5565,41552,1,41553
2,66780,28500,0,0,12,12,5565,32,11875,11907
2,66780,33708,0,0,12,12,5565,4050,2809,6859
2,67092,28812,0,0,12,12,5591,11182,2401,13583
2,67116,1500,0,0,12,12,5593,13536,625,14161
2,67116,4476,0,0,12,12,5593,10528,1865,12393
2,67116,7500,0,0,12,12,5593,36554,625,37179
2,67116,8748,0,0,12,12,5593,24064,6561,30625
2,67116,37500,0,0,12,12,5593,14406,3125,17531
2,67260,12,0,0,12,12,5605,48734,1,48735
2,67260,7500,0,0,12,12,5605,4984,1875,6859
2,67260,18468,0,0,12,12,5605,3304,4617,7921
2,67260,26244,0,0,12,12,5605,18050,2187,20237
2,67260,28500,0,0,12,12,5605,32,11875,11907
2,67320,24,0,0,24,12,5610,64000,9,64009
2,67320,48,0,0,48,12,5610,64000,9,64009
2,67716,55404,0,0,12,12,5643,2258,4617,6875
2,67980,26244,0,0,12,12,5665,9064,6561,15625
2,68148,4332,0,0,12,12,5679,16406,361,16767
2,68220,324,0,0,12,12,5685,5632,243,5875
2,68340,12,0,0,48,12,5695,18224,1,18225
2,68628,28812,0,0,12,12,5719,13122,2401,15523
2,68628,47628,0,0,12,12,5719,512,35721,36233
2,68796,588,0,0,12,12,5733,12506,49,12555
2,68796,1092,0,0,12,12,5733,8192,1183,9375
2,68796,2916,0,0,12,12,5733,12250,243,12493
2,68796,4116,0,0,12,12,5733,12150,343,12493
2,68796,4212,0,0,12,12,5733,10952,1053,12005
2,68796,7500,0,0,12,12,5733,8192,8125,16317
2,68796,10500,0,0,12,12,5733,128,6125,6253
2,68796,12636,0,0,12,12,5733,79360,9477,88837
2,68796,18228,0,0,12,12,5733,4992,10633,15625
2,69132,4116,0,0,12,12,5761,10368,2401,12769
2,69276,12,0,0,12,12,5773,64000,9,64009
2,69276,12,0,0,12,12,5773,71874,1,71875
2,69276,12,0,0,48,12,5773,8624,1,8625
2,69276,22356,0,0,12,12,5773,2560,16767,19327
2,69276,22500,0,0,12,12,5773,9016,5625,14641
2,69276,37500,0,0,12,12,5773,129654,3125,132779
2,69276,47628,0,0,12,12,5773,2008,11907,13915
2,69276,67068,0,0,12,12,5773,686,5589,6275
2,69276,69276,0,0,12,12,5773,882,5773,6655
2,69300,3924,0,0,12,12,5775,5632,2943,8575
2,69300,4116,0,0,12,12,5775,4224,2401,6625
2,69300,13068,0,0,12,12,5775,95048,3267,98315
2,69300,14700,0,0,12,12,5775,288,6125,6413
2,69300,26244,0,0,12,12,5775,11858,2187,14045
2,69300,27468,0,0,12,12,5775,8,6867,6875
2,69300,28812,0,0,12,12,5775,5618,2401,8019
2,69300,33708,0,0,12,12,5775,10648,8427,19075
2,69300,37044,0,0,12,12,5775,11554,3087,14641
2,69300,40500,0,0,12,12,5775,117128,10125,127253
2,69636,324,0,0,12,12,5803,103544,81,103625
2,69948,10092,0,0,12,12,5829,18522,841,19363
2,70140,23388,0,0,12,12,5845,18144,9745,27889
2,70200,1560,0,0,24,12,5850,6144,715,6859
2,70200,3120,0,0,48,12,5850,6144,715,6859
2,70200,6240,0,0,96,12,5850,6144,715,6859
2,70356,12,0,0,12,12,5863,64000,9,64009
2,70356,12,0,0,12,12,5863,71874,1,71875
2,70356,12,0,0,24,12,5863,75140,1,75141
2,70356,12,0,0,48,12,5863,17424,1,17425
2,70356,324,0,0,12,12,5863,203320,81,203401
2,70356,1452,0,0,12,12,5863,6144,1331,7475
2,70356,2700,0,0,12,12,5863,9248,1125,10373
2,70356,10692,0,0,12,12,5863,7514,891,8405
2,70356,10692,0,0,12,12,5863,2048,9801,11849
2,70356,12300,0,0,12,12,5863,5566,1025,6591
2,70356,15972,0,0,12,12,5863,5000,3993,8993
2,70356,15972,0,0,12,12,5863,13294,1331,14625
2,70356,16500,0,0,12,12,5863,13754,1375,15129
2,70356,18252,0,0,12,12,5863,2312,4563,6875
2,70356,20172,0,0,12,12,5863,4394,1681,6075
2,70356,20172,0,0,12,12,5863,45630,1681,47311
2,70356,22308,0,0,12,12,5863,23000,5577,28577
2,70356,26364,0,0,12,12,5863,864,10985,11849
2,70356,26364,0,0,12,12,5863,5576,6591,12167
2,70356,34476,0,0,12,12,5863,16810,2873,19683
2,70356,37500,0,0,12,12,5863,61952,28125,90077
2,70356,38148,0,0,12,12,5863,3750,3179,6929
2,70356,41820,0,0,12,12,5863,32,17425,17457
2,70356,54756,0,0,12,12,5863,2662,4563,7225
2,70356,56100,0,0,12,12,5863,1886,4675,6561
2,70356,58956,0,0,12,12,5863,33750,4913,38663
2,70356,66300,0,0,12,12,5863,6642,5525,12167
2,70356,67068,0,0,12,12,5863,1066,5589,6655
2,70356,69828,0,0,12,12,5863,1066,5819,6885
2,70560,72,0,0,24,12,5880,117640,9,117649
2,70596,70596,0,0,96,12,5883,27392,5883,33275
2,70716,7668,0,0,12,12,5893,6250,639,6889
2,70860,2916,0,0,12,12,5905,29282,243,29525
2,70956,972,0,0,12,12,5913,42632,243,42875
2,70956,1092,0,0,12,12,5913,8192,1183,9375
2,70956,10140,0,0,12,12,5913,2336,4225,6561
2,70980,2028,0,0,24,12,5915,11956,169,12125
2,71316,3132,0,0,12,12,5943,5248,1827,7075
2,71316,4116,0,0,12,12,5943,15282,343,15625
2,71460,4860,0,0,12,12,5955,10952,1215,12167
2,71460,14292,0,0,24,12,5955,11500,1191,12691
2,71460,15540,0,0,12,12,5955,512,11655,12167
2,71460,23820,0,0,12,12,5955,1184,9925,11109
2,71460,26244,0,0,12,12,5955,50816,15309,66125
2,71460,35964,0,0,12,12,5955,3176,8991,12167
2,71604,2916,0,0,12,12,5967,15886,243,16129
2,71682,23894,0,0,26,13,5514,128,6433,6561
2,71682,47788,0,0,52,13,5514,128,6433,6561
2,71760,26,0,0,26,13,5520,64000,9,64009
2,71760,52,0,0,52,13,5520,64000,9,64009
2,71796,36,0,0,12,12,5983,37240,9,37249
2,71796,60,0,0,12,12,5983,10976,25,11001
2,71796,1500,0,0,12,12,5983,129696,625,130321
2,71796,23436,0,0,12,12,5983,1000,5859,6859
2,71796,28500,0,0,12,12,5983,32,11875,11907
2,71796,30324,0,0,12,12,5983,123008,17689,140697
2,71799,13,0,0,26,13,5523,31212,1,31213
2,71799,13,0,0,52,13,5523,28560,1,28561
2,71799,1183,0,0,13,13,5523,8192,1183,9375
2,71799,2197,0,0,13,13,5523,8416,845,9261
2,71799,3419,0,0,26,13,5523,16384,1841,18225
2,71799,5733,0,0,13,13,5523,6656,3969,10625
2,71799,15379,0,0,13,13,5523,8942,1183,10125
2,71799,58123,0,0,13,13,5523,31250,4471,35721
2,71820,28500,0,0,12,12,5985,32,11875,11907
2,71955,4459,0,0,13,13,5535,10368,2401,12769
2,72111,39,0,0,13,13,5547,7688,9,7697
2,72319,3159,0,0,13,13,5563,77882,243,78125
2,72345,13,0,0,52,13,5565,41552,1,41553
2,72345,30875,0,0,13,13,5565,32,11875,11907
2,72345,36517,0,0,13,13,5565,4050,2809,6859
2,72683,31213,0,0,13,13,5591,11182,2401,13583
2,72709,1625,0,0,13,13,5593,13536,625,14161
2,72709,4849,0,0,13,13,5593,10528,1865,12393
2,72709,8125,0,0,13,13,5593,36554,625,37179
2,72709,9477,0,0,13,13,5593,24064,6561,30625
2,72709,40625,0,0,13,13,5593,14406,3125,17531
2,72865,13,0,0,13,13,5605,48734,1,48735
2,72865,8125,0,0,13,13,5605,4984,1875,6859
2,72865,20007,0,0,13,13,5605,3304,4617,7921
2,72865,28431,0,0,13,13,5605,18050,2187,20237
2,72865,30875,0,0,13,13,5605,32,11875,11907
2,72930,26,0,0,26,13,5610,64000,9,64009
2,72930,52,0,0,52,13,5610,64000,9,64009
2,73359,60021,0,0,13,13,5643,2258,4617,6875
2,73645,28431,0,0,13,13,5665,9064,6561,15625
2,73827,4693,0,0,13,13,5679,16406,361,16767
2,73905,351,0,0,13,13,5685,5632,243,5875
2,74035,13,0,0,52,13,5695,18224,1,18225
2,74347,31213,0,0,13,13,5719,13122,2401,15523
2,74347,51597,0,0,13,13,5719,512,35721,36233
2,74529,637,0,0,13,13,5733,12506,49,12555
2,74529,1183,0,0,13,13,5733,8192,1183,9375
2,74529,3159,0,0,13,13,5733,12250,243,12493
2,74529,4459,0,0,13,13,5733,12150,343,12493
2,74529,4563,0,0,13,13,5733,10952,1053,12005
2,74529,8125,0,0,13,13,5733,8192,8125,16317
2,74529,11375,0,0,13,13,5733,128,6125,6253
2,74529,13689,0,0,13,13,5733,79360,9477,88837
2,74529,19747,0,0,13,13,5733,4992,10633,15625
2,74893,4459,0,0,13,13,5761,10368,2401,12769
2,75049,13,0,0,13,13,5773,64000,9,64009
2,75049,13,0,0,13,13,5773,71874,1,71875
2,75049,13,0,0,52,13,5773,8624,1,8625
2,75049,24219,0,0,13,13,5773,2560,16767,19327
2,75049,24375,0,0,13,13,5773,9016,5625,14641
2,75049,40625,0,0,13,13,5773,129654,3125,132779
2,75049,51597,0,0,13,13,5773,2008,11907,13915
2,75049,72657,0,0,13,13,5773,686,5589,6275
2,75049,75049,0,0,13,13,5773,882,5773,6655
2,75075,4251,0,0,13,13,5775,5632,2943,8575
2,75075,4459,0,0,13,13,5775,4224,2401,6625
2,75075,14157,0,0,13,13,5775,95048,3267,98315
2,75075,15925,0,0,13,13,5775,288,6125,6413
2,75075,28431,0,0,13,13,5775,11858,2187,14045
2,75075,29757,0,0,13,13,5775,8,6867,6875
2,75075,31213,0,0,13,13,5775,5618,2401,8019
2,75075,36517,0,0,13,13,5775,10648,8427,19075
2,75075,40131,0,0,13,13,5775,11554,3087,14641
2,75075,43875,0,0,13,13,5775,117128,10125,127253
2,75439,351,0,0,13,13,5803,103544,81,103625
2,75777,10933,0,0,13,13,5829,18522,841,19363
2,75985,25337,0,0,13,13,5845,18144,9745,27889
2,76050,1690,0,0,26,13,5850,6144,715,6859
2,76050,3380,0,0,52,13,5850,6144,715,6859
2,76050,6760,0,0,104,13,5850,6144,715,6859
2,76219,13,0,0,13,13,5863,64000,9,64009
2,76219,13,0,0,13,13,5863,71874,1,71875
2,76219,13,0,0,26,13,5863,75140,1,75141
2,76219,13,0,0,52,13,5863,17424,1,17425
2,76219,351,0,0,13,13,5863,203320,81,203401
2,76219,1573,0,0,13,13,5863,6144,1331,7475
2,76219,2925,0,0,13,13,5863,9248,1125,10373
2,76219,11583,0,0,13,13,5863,7514,891,8405
2,76219,11583,0,0,13,13,5863,2048,9801,11849
2,76219,13325,0,0,13,13,5863,5566,1025,6591
2,76219,17303,0,0,13,13,5863,5000,3993,8993
2,76219,17303,0,0,13,13,5863,13294,1331,14625
2,76219,17875,0,0,13,13,5863,13754,1375,15129
2,76219,19773,0,0,13,13,5863,2312,4563,6875
2,76219,21853,0,0,13,13,5863,4394,1681,6075
2,76219,21853,0,0,13,13,5863,45630,1681,47311
2,76219,24167,0,0,13,13,5863,23000,5577,28577
2,76219,28561,0,0,13,13,5863,864,10985,11849
2,76219,28561,0,0,13,13,5863,5576,6591,12167
2,76219,37349,0,0,13,13,5863,16810,2873,19683
2,76219,40625,0,0,13,13,5863,61952,28125,90077
2,76219,41327,0,0,13,13,5863,3750,3179,6929
2,76219,45305,0,0,13,13,5863,32,17425,17457
2,76219,59319,0,0,13,13,5863,2662,4563,7225
2,76219,60775,0,0,13,13,5863,1886,4675,6561
2,76219,63869,0,0,13,13,5863,33750,4913,38663
2,76219,71825,0,0,13,13,5863,6642,5525,12167
2,76219,72657,0,0,13,13,5863,1066,5589,6655
2,76219,75647,0,0,13,13,5863,1066,5819,6885
2,76440,78,0,0,26,13,5880,117640,9,117649
2,76479,76479,0,0,104,13,5883,27392,5883,33275
2,76609,8307,0,0,13,13,5893,6250,639,6889
2,76765,3159,0,0,13,13,5905,29282,243,29525
2,76869,1053,0,0,13,13,5913,42632,243,42875
2,76869,1183,0,0,13,13,5913,8192,1183,9375
2,76869,10985,0,0,13,13,5913,2336,4225,6561
2,76895,2197,0,0,26,13,5915,11956,169,12125
2,77196,25732,0,0,28,14,5514,128,6433,6561
2,77196,51464,0,0,56,14,5514,128,6433,6561
2,77259,3393,0,0,13,13,5943,5248,1827,7075
2,77259,4459,0,0,13,13,5943,15282,343,15625
2,77280,28,0,0,28,14,5520,64000,9,64009
2,77280,56,0,0,56,14,5520,64000,9,64009
2,77322,14,0,0,28,14,5523,31212,1,31213
2,77322,14,0,0,56,14,5523,28560,1,28561
2,77322,1274,0,0,14,14,5523,8192,1183,9375
2,77322,2366,0,0,14,14,5523,8416,845,9261
2,77322,3682,0,0,28,14,5523,16384,1841,18225
2,77322,6174,0,0,14,14,5523,6656,3969,10625
2,77322,16562,0,0,14,14,5523,8942,1183,10125
2,77322,62594,0,0,14,14,5523,31250,4471,35721
2,77415,5265,0,0,13,13,5955,10952,1215,12167
2,77415,15483,0,0,26,13,5955,11500,1191,12691
2,77415,16835,0,0,13,13,5955,512,11655,12167
2,77415,25805,0,0,13,13,5955,1184,9925,11109
2,77415,28431,0,0,13,13,5955,50816,15309,66125
2,77415,38961,0,0,13,13,5955,3176,8991,12167
2,77490,4802,0,0,14,14,5535,10368,2401,12769
2,77571,3159,0,0,13,13,5967,15886,243,16129
2,77658,42,0,0,14,14,5547,7688,9,7697
2,77779,39,0,0,13,13,5983,37240,9,37249
2,77779,65,0,0,13,13,5983,10976,25,11001
2,77779,1625,0,0,13,13,5983,129696,625,130321
2,77779,25389,0,0,13,13,5983,1000,5859,6859
2,77779,30875,0,0,13,13,5983,32,11875,11907
2,77779,32851,0,0,13,13,5983,123008,17689,140697
2,77805,30875,0,0,13,13,5985,32,11875,11907
2,77882,3402,0,0,14,14,5563,77882,243,78125
2,77910,14,0,0,56,14,5565,41552,1,41553
2,77910,33250,0,0,14,14,5565,32,11875,11907
2,77910,39326,0,0,14,14,5565,4050,2809,6859
2,78274,33614,0,0,14,14,5591,11182,2401,13583
2,78302,1750,0,0,14,14,5593,13536,625,14161
2,78302,5222,0,0,14,14,5593,10528,1865,12393
2,78302,8750,0,0,14,14,5593,36554,625,37179
2,78302,10206,0,0,14,14,5593,24064,6561,30625
2,78302,43750,0,0,14,14,5593,14406,3125,17531
2,78470,14,0,0,14,14,5605,48734,1,48735
2,78470,8750,0,0,14,14,5605,4984,1875,6859
2,78470,21546,0,0,14,14,5605,3304,4617,7921
2,78470,30618,0,0,14,14,5605,18050,2187,20237
2,78470,33250,0,0,14,14,5605,32,11875,11907
2,78540,28,0,0,28,14,5610,64000,9,64009
2,78540,56,0,0,56,14,5610,64000,9,64009
2,79002,64638,0,0,14,14,5643,2258,4617,6875
2,79310,30618,0,0,14,14,5665,9064,6561,15625
2,79506,5054,0,0,14,14,5679,16406,361,16767
2,79590,378,0,0,14,14,5685,5632,243,5875
2,79730,14,0,0,56,14,5695,18224,1,18225
2,80066,33614,0,0,14,14,5719,13122,2401,15523
2,80066,55566,0,0,14,14,5719,512,35721,36233
2,80262,686,0,0,14,14,5733,12506,49,12555
2,80262,1274,0,0,14,14,5733,8192,1183,9375
2,80262,3402,0,0,14,14,5733,12250,243,12493
2,80262,4802,0,0,14,14,5733,12150,343,12493
2,80262,4914,0,0,14,14,5733,10952,1053,12005
2,80262,8750,0,0,14,14,5733,8192,8125,16317
2,80262,12250,0,0,14,14,5733,128,6125,6253
2,80262,14742,0,0,14,14,5733,79360,9477,88837
2,80262,21266,0,0,14,14,5733,4992,10633,15625
2,80654,4802,0,0,14,14,5761,10368,2401,12769
2,80822,14,0,0,14,14,5773,64000,9,64009
2,80822,14,0,0,14,14,5773,71874,1,71875
2,80822,14,0,0,56,14,5773,8624,1,8625
2,80822,26082,0,0,14,14,5773,2560,16767,19327
2,80822,26250,0,0,14,14,5773,9016,5625,14641
2,80822,43750,0,0,14,14,5773,129654,3125,132779
2,80822,55566,0,0,14,14,5773,2008,11907,13915
2,80822,78246,0,0,14,14,5773,686,5589,6275
2,80822,80822,0,0,14,14,5773,882,5773,6655
2,80850,4578,0,0,14,14,5775,5632,2943,8575
2,80850,4802,0,0,14,14,5775,4224,2401,6625
2,80850,15246,0,0,14,14,5775,95048,3267,98315
2,80850,17150,0,0,14,14,5775,288,6125,6413
2,80850,30618,0,0,14,14,5775,11858,2187,14045
2,80850,32046,0,0,14,14,5775,8,6867,6875
2,80850,33614,0,0,14,14,5775,5618,2401,8019
2,80850,39326,0,0,14,14,5775,10648,8427,19075
2,80850,43218,0,0,14,14,5775,11554,3087,14641
2,80850,47250,0,0,14,14,5775,117128,10125,127253
2,81242,378,0,0,14,14,5803,103544,81,103625
2,81606,11774,0,0,14,14,5829,18522,841,19363
2,81830,27286,0,0,14,14,5845,18144,9745,27889
2,81900,1820,0,0,28,14,5850,6144,715,6859
2,81900,3640,0,0,56,14,5850,6144,715,6859
2,81900,7280,0,0,112,14,5850,6144,715,6859
2,82082,14,0,0,14,14,5863,64000,9,64009
2,82082,14,0,0,14,14,5863,71874,1,71875
2,82082,14,0,0,28,14,5863,75140,1,75141
2,82082,14,0,0,56,14,5863,17424,1,17425
2,82082,378,0,0,14,14,5863,203320,81,203401
2,82082,1694,0,0,14,14,5863,6144,1331,7475
2,82082,3150,0,0,14,14,5863,9248,1125,10373
2,82082,12474,0,0,14,14,5863,7514,891,8405
2,82082,12474,0,0,14,14,5863,2048,9801,11849
2,82082,14350,0,0,14,14,5863,5566,1025,6591
2,82082,18634,0,0,14,14,5863,5000,3993,8993
2,82082,18634,0,0,14,14,5863,13294,1331,14625
2,82082,19250,0,0,14,14,5863,13754,1375,15129
2,82082,21294,0,0,14,14,5863,2312,4563,6875
2,82082,23534,0,0,14,14,5863,4394,1681,6075
2,82082,23534,0,0,14,14,5863,45630,1681,47311
2,82082,26026,0,0,14,14,5863,23000,5577,28577
2,82082,30758,0,0,14,14,5863,864,10985,11849
2,82082,30758,0,0,14,14,5863,5576,6591,12167
2,82082,40222,0,0,14,14,5863,16810,2873,19683
2,82082,43750,0,0,14,14,5863,61952,28125,90077
2,82082,44506,0,0,14,14,5863,3750,3179,6929
2,82082,48790,0,0,14,14,5863,32,17425,17457
2,82082,63882,0,0,14,14,5863,2662,4563,7225
2,82082,65450,0,0,14,14,5863,1886,4675,6561
2,82082,68782,0,0,14,14,5863,33750,4913,38663
2,82082,77350,0,0,14,14,5863,6642,5525,12167
2,82082,78246,0,0,14,14,5863,1066,5589,6655
2,82082,81466,0,0,14,14,5863,1066,5819,6885
2,82320,84,0,0,28,14,5880,117640,9,117649
2,82362,82362,0,0,112,14,5883,27392,5883,33275
2,82502,8946,0,0,14,14,5893,6250,639,6889
2,82670,3402,0,0,14,14,5905,29282,243,29525
2,82710,27570,0,0,30,15,5514,128,6433,6561
2,82710,55140,0,0,60,15,5514,128,6433,6561
2,82782,1134,0,0,14,14,5913,42632,243,42875
2,82782,1274,0,0,14,14,5913,8192,1183,9375
2,82782,11830,0,0,14,14,5913,2336,4225,6561
2,82800,30,0,0,30,15,5520,64000,9,64009
2,82800,60,0,0,60,15,5520,64000,9,64009
2,82810,2366,0,0,28,14,5915,11956,169,12125
2,82845,15,0,0,30,15,5523,31212,1,31213
2,82845,15,0,0,60,15,5523,28560,1,28561
2,82845,1365,0,0,15,15,5523,8192,1183,9375
2,82845,2535,0,0,15,15,5523,8416,845,9261
2,82845,3945,0,0,30,15,5523,16384,1841,18225
2,82845,6615,0,0,15,15,5523,6656,3969,10625
2,82845,17745,0,0,15,15,5523,8942,1183,10125
2,82845,67065,0,0,15,15,5523,31250,4471,35721
2,83025,5145,0,0,15,15,5535,10368,2401,12769
2,83202,3654,0,0,14,14,5943,5248,1827,7075
2,83202,4802,0,0,14,14,5943,15282,343,15625
2,83205,45,0,0,15,15,5547,7688,9,7697
2,83370,5670,0,0,14,14,5955,10952,1215,12167
2,83370,16674,0,0,28,14,5955,11500,1191,12691
2,83370,18130,0,0,14,14,5955,512,11655,12167
2,83370,27790,0,0,14,14,5955,1184,9925,11109
2,83370,30618,0,0,14,14,5955,50816,15309,66125
2,83370,41958,0,0,14,14,5955,3176,8991,12167
2,83445,3645,0,0,15,15,5563,77882,243,78125
2,83475,15,0,0,60,15,5565,41552,1,41553
2,83475,35625,0,0,15,15,5565,32,11875,11907
2,83475,42135,0,0,15,15,5565,4050,2809,6859
2,83538,3402,0,0,14,14,5967,15886,243,16129
2,83762,42,0,0,14,14,5983,37240,9,37249
2,83762,70,0,0,14,14,5983,10976,25,11001
2,83762,1750,0,0,14,14,5983,129696,625,130321
2,83762,27342,0,0,14,14,5983,1000,5859,6859
2,83762,33250,0,0,14,14,5983,32,11875,11907
2,83762,35378,0,0,14,14,5983,123008,17689,140697
2,83790,33250,0,0,14,14,5985,32,11875,11907
2,83865,36015,0,0,15,15,5591,11182,2401,13583
2,83895,1875,0,0,15,15,5593,13536,625,14161
2,83895,5595,0,0,15,15,5593,10528,1865,12393
2,83895,9375,0,0,15,15,5593,36554,625,37179
2,83895,10935,0,0,15,15,5593,24064,6561,30625
2,83895,46875,0,0,15,15,5593,14406,3125,17531
2,84075,15,0,0,15,15,5605,48734,1,48735
2,84075,9375,0,0,15,15,5605,4984,1875,6859
2,84075,23085,0,0,15,15,5605,3304,4617,7921
2,84075,32805,0,0,15,15,5605,18050,2187,20237
2,84075,35625,0,0,15,15,5605,32,11875,11907
2,84150,30,0,0,30,15,5610,64000,9,64009
2,84150,60,0,0,60,15,5610,64000,9,64009
2,84645,69255,0,0,15,15,5643,2258,4617,6875
2,84975,32805,0,0,15,15,5665,9064,6561,15625
2,85185,5415,0,0,15,15,5679,16406,361,16767
2,85275,405,0,0,15,15,5685,5632,243,5875
2,85425,15,0,0,60,15,5695,18224,1,18225
2,85785,36015,0,0,15,15,5719,13122,2401,15523
2,85785,59535,0,0,15,15,5719,512,35721,36233
2,85995,735,0,0,15,15,5733,12506,49,12555
2,85995,1365,0,0,15,15,5733,8192,1183,9375
2,85995,3645,0,0,15,15,5733,12250,243,12493
2,85995,5145,0,0,15,15,5733,12150,343,12493
2,85995,5265,0,0,15,15,5733,10952,1053,12005
2,85995,9375,0,0,15,15,5733,8192,8125,16317
2,85995,13125,0,0,15,15,5733,128,6125,6253
2,85995,15795,0,0,15,15,5733,79360,9477,88837
2,85995,22785,0,0,15,15,5733,4992,10633,15625
2,86415,5145,0,0,15,15,5761,10368,2401,12769
2,86595,15,0,0,15,15,5773,64000,9,64009
2,86595,15,0,0,15,15,5773,71874,1,71875
2,86595,15,0,0,60,15,5773,8624,1,8625
2,86595,27945,0,0,15,15,5773,2560,16767,19327
2,86595,28125,0,0,15,15,5773,9016,5625,14641
2,86595,46875,0,0,15,15,5773,129654,3125,132779
2,86595,59535,0,0,15,15,5773,2008,11907,13915
2,86595,83835,0,0,15,15,5773,686,5589,6275
2,86595,86595,0,0,15,15,5773,882,5773,6655
2,86625,4905,0,0,15,15,5775,5632,2943,8575
2,86625,5145,0,0,15,15,5775,4224,2401,6625
2,86625,16335,0,0,15,15,5775,95048,3267,98315
2,86625,18375,0,0,15,15,5775,288,6125,6413
2,86625,32805,0,0,15,15,5775,11858,2187,14045
2,86625,34335,0,0,15,15,5775,8,6867,6875
2,86625,36015,0,0,15,15,5775,5618,2401,8019
2,86625,42135,0,0,15,15,5775,10648,8427,19075
2,86625,46305,0,0,15,15,5775,11554,3087,14641
2,86625,50625,0,0,15,15,5775,117128,10125,127253
2,87045,405,0,0,15,15,5803,103544,81,103625
2,87435,12615,0,0,15,15,5829,18522,841,19363
2,87675,29235,0,0,15,15,5845,18144,9745,27889
2,87750,1950,0,0,30,15,5850,6144,715,6859
2,87750,3900,0,0,60,15,5850,6144,715,6859
2,87750,7800,0,0,120,15,5850,6144,715,6859
2,87945,15,0,0,15,15,5863,64000,9,64009
2,87945,15,0,0,15,15,5863,71874,1,71875
2,87945,15,0,0,30,15,5863,75140,1,75141
2,87945,15,0,0,60,15,5863,17424,1,17425
2,87945,405,0,0,15,15,5863,203320,81,203401
2,87945,1815,0,0,15,15,5863,6144,1331,7475
2,87945,3375,0,0,15,15,5863,9248,1125,10373
2,87945,13365,0,0,15,15,5863,7514,891,8405
2,87945,13365,0,0,15,15,5863,2048,9801,11849
2,87945,15375,0,0,15,15,5863,5566,1025,6591
2,87945,19965,0,0,15,15,5863,5000,3993,8993
2,87945,19965,0,0,15,15,5863,13294,1331,14625
2,87945,20625,0,0,15,15,5863,13754,1375,15129
2,87945,22815,0,0,15,15,5863,2312,4563,6875
2,87945,25215,0,0,15,15,5863,4394,1681,6075
2,87945,25215,0,0,15,15,5863,45630,1681,47311
2,87945,27885,0,0,15,15,5863,23000,5577,28577
2,87945,32955,0,0,15,15,5863,864,10985,11849
2,87945,32955,0,0,15,15,5863,5576,6591,12167
2,87945,43095,0,0,15,15,5863,16810,2873,19683
2,87945,46875,0,0,15,15,5863,61952,28125,90077
2,87945,47685,0,0,15,15,5863,3750,3179,6929
2,87945,52275,0,0,15,15,5863,32,17425,17457
2,87945,68445,0,0,15,15,5863,2662,4563,7225
2,87945,70125,0,0,15,15,5863,1886,4675,6561
2,87945,73695,0,0,15,15,5863,33750,4913,38663
2,87945,82875,0,0,15,15,5863,6642,5525,12167
2,87945,83835,0,0,15,15,5863,1066,5589,6655
2,87945,87285,0,0,15,15,5863,1066,5819,6885
2,88200,90,0,0,30,15,5880,117640,9,117649
2,88224,29408,0,0,32,16,5514,128,6433,6561
2,88224,58816,0,0,64,16,5514,128,6433,6561
2,88245,88245,0,0,120,15,5883,27392,5883,33275
2,88320,32,0,0,32,16,5520,64000,9,64009
2,88320,64,0,0,64,16,5520,64000,9,64009
2,88368,16,0,0,32,16,5523,31212,1,31213
2,88368,16,0,0,64,16,5523,28560,1,28561
2,88368,1456,0,0,16,16,5523,8192,1183,9375
2,88368,2704,0,0,16,16,5523,8416,845,9261
2,88368,4208,0,0,32,16,5523,16384,1841,18225
2,88368,7056,0,0,16,16,5523,6656,3969,10625
2,88368,18928,0,0,16,16,5523,8942,1183,10125
2,88368,71536,0,0,16,16,5523,31250,4471,35721
2,88395,9585,0,0,15,15,5893,6250,639,6889
2,88560,5488,0,0,16,16,5535,10368,2401,12769
2,88575,3645,0,0,15,15,5905,29282,243,29525
2,88695,1215,0,0,15,15,5913,42632,243,42875
2,88695,1365,0,0,15,15,5913,8192,1183,9375
2,88695,12675,0,0,15,15,5913,2336,4225,6561
2,88725,2535,0,0,30,15,5915,11956,169,12125
2,88752,48,0,0,16,16,5547,7688,9,7697
2,89008,3888,0,0,16,16,5563,77882,243,78125
2,89040,16,0,0,64,16,5565,41552,1,41553
2,89040,38000,0,0,16,16,5565,32,11875,11907
2,89040,44944,0,0,16,16,5565,4050,2809,6859
2,89145,3915,0,0,15,15,5943,5248,1827,7075
2,89145,5145,0,0,15,15,5943,15282,343,15625
2,89325,6075,0,0,15,15,5955,10952,1215,12167
2,89325,17865,0,0,30,15,5955,11500,1191,12691
2,89325,19425,0,0,15,15,5955,512,11655,12167
2,89325,29775,0,0,15,15,5955,1184,9925,11109
2,89325,32805,0,0,15,15,5955,50816,15309,66125
2,89325,44955,0,0,15,15,5955,3176,8991,12167
2,89456,38416,0,0,16,16,5591,11182,2401,13583
2,89488,2000,0,0,16,16,5593,13536,625,14161
2,89488,5968,0,0,16,16,5593,10528,1865,12393
2,89488,10000,0,0,16,16,5593,36554,625,37179
2,89488,11664,0,0,16,16,5593,24064,6561,30625
2,89488,50000,0,0,16,16,5593,14406,3125,17531
2,89505,3645,0,0,15,15,5967,15886,243,16129
2,89680,16,0,0,16,16,5605,48734,1,48735
2,89680,10000,0,0,16,16,5605,4984,1875,6859
2,89680,24624,0,0,16,16,5605,3304,4617,7921
2,89680,34992,0,0,16,16,5605,18050,2187,20237
2,89680,38000,0,0,16,16,5605,32,11875,11907
2,89745,45,0,0,15,15,5983,37240,9,37249
2,89745,75,0,0,15,15,5983,10976,25,11001
2,89745,1875,0,0,15,15,5983,129696,625,130321
2,89745,29295,0,0,15,15,5983,1000,5859,6859
2,89745,35625,0,0,15,15,5983,32,11875,11907
2,89745,37905,0,0,15,15,5983,123008,17689,140697
2,89760,32,0,0,32,16,5610,64000,9,64009
2,89760,64,0,0,64,16,5610,64000,9,64009
2,89775,35625,0,0,15,15,5985,32,11875,11907
2,90288,73872,0,0,16,16,5643,2258,4617,6875
2,90640,34992,0,0,16,16,5665,9064,6561,15625
2,90864,5776,0,0,16,16,5679,16406,361,16767
2,90960,432,0,0,16,16,5685,5632,243,5875
2,91120,16,0,0,64,16,5695,18224,1,18225
2,91504,38416,0,0,16,16,5719,13122,2401,15523
2,91504,63504,0,0,16,16,5719,512,35721,36233
2,91728,784,0,0,16,16,5733,12506,49,12555
2,91728,1456,0,0,16,16,5733,8192,1183,9375
2,91728,3888,0,0,16,16,5733,12250,243,12493
2,91728,5488,0,0,16,16,5733,12150,343,12493
2,91728,5616,0,0,16,16,5733,10952,1053,12005
2,91728,10000,0,0,16,16,5733,8192,8125,16317
2,91728,14000,0,0,16,16,5733,128,6125,6253
2,91728,16848,0,0,16,16,5733,79360,9477,88837
2,91728,24304,0,0,16,16,5733,4992,10633,15625
2,92176,5488,0,0,16,16,5761,10368,2401,12769
2,92368,16,0,0,16,16,5773,64000,9,64009
2,92368,16,0,0,16,16,5773,71874,1,71875
2,92368,16,0,0,64,16,5773,8624,1,8625
2,92368,29808,0,0,16,16,5773,2560,16767,19327
2,92368,30000,0,0,16,16,5773,9016,5625,14641
2,92368,50000,0,0,16,16,5773,129654,3125,132779
2,92368,63504,0,0,16,16,5773,2008,11907,13915
2,92368,89424,0,0,16,16,5773,686,5589,6275
2,92368,92368,0,0,16,16,5773,882,5773,6655
2,92400,5232,0,0,16,16,5775,5632,2943,8575
2,92400,5488,0,0,16,16,5775,4224,2401,6625
2,92400,17424,0,0,16,16,5775,95048,3267,98315
2,92400,19600,0,0,16,16,5775,288,6125,6413
2,92400,34992,0,0,16,16,5775,11858,2187,14045
2,92400,36624,0,0,16,16,5775,8,6867,6875
2,92400,38416,0,0,16,16,5775,5618,2401,8019
2,92400,44944,0,0,16,16,5775,10648,8427,19075
2,92400,49392,0,0,16,16,5775,11554,3087,14641
2,92400,54000,0,0,16,16,5775,117128,10125,127253
2,92848,432,0,0,16,16,5803,103544,81,103625
2,93264,13456,0,0,16,16,5829,18522,841,19363
2,93520,31184,0,0,16,16,5845,18144,9745,27889
2,93600,2080,0,0,32,16,5850,6144,715,6859
2,93600,4160,0,0,64,16,5850,6144,715,6859
2,93600,8320,0,0,128,16,5850,6144,715,6859
2,93738,31246,0,0,34,17,5514,128,6433,6561
2,93738,62492,0,0,68,17,5514,128,6433,6561
2,93808,16,0,0,16,16,5863,64000,9,64009
2,93808,16,0,0,16,16,5863,71874,1,71875
2,93808,16,0,0,32,16,5863,75140,1,75141
2,93808,16,0,0,64,16,5863,17424,1,17425
2,93808,432,0,0,16,16,5863,203320,81,203401
2,93808,1936,0,0,16,16,5863,6144,1331,7475
2,93808,3600,0,0,16,16,5863,9248,1125,10373
2,93808,14256,0,0,16,16,5863,7514,891,8405
2,93808,14256,0,0,16,16,5863,2048,9801,11849
2,93808,16400,0,0,16,16,5863,5566,1025,6591
2,93808,21296,0,0,16,16,5863,5000,3993,8993
2,93808,21296,0,0,16,16,5863,13294,1331,14625
2,93808,22000,0,0,16,16,5863,13754,1375,15129
2,93808,24336,0,0,16,16,5863,2312,4563,6875
2,93808,26896,0,0,16,16,5863,4394,1681,6075
2,93808,26896,0,0,16,16,5863,45630,1681,47311
2,93808,29744,0,0,16,16,5863,23000,5577,28577
2,93808,35152,0,0,16,16,5863,864,10985,11849
2,93808,35152,0,0,16,16,5863,5576,6591,12167
2,93808,45968,0,0,16,16,5863,16810,2873,19683
2,93808,50000,0,0,16,16,5863,61952,28125,90077
2,93808,50864,0,0,16,16,5863,3750,3179,6929
2,93808,55760,0,0,16,16,5863,32,17425,17457
2,93808,73008,0,0,16,16,5863,2662,4563,7225
2,93808,74800,0,0,16,16,5863,1886,4675,6561
2,93808,78608,0,0,16,16,5863,33750,4913,38663
2,93808,88400,0,0,16,16,5863,6642,5525,12167
2,93808,89424,0,0,16,16,5863,1066,5589,6655
2,93808,93104,0,0,16,16,5863,1066,5819,6885
2,93840,34,0,0,34,17,5520,64000,9,64009
2,93840,68,0,0,68,17,5520,64000,9,64009
2,93891,17,0,0,34,17,5523,31212,1,31213
2,93891,17,0,0,68,17,5523,28560,1,28561
2,93891,1547,0,0,17,17,5523,8192,1183,9375
2,93891,2873,0,0,17,17,5523,8416,845,9261
2,93891,4471,0,0,34,17,5523,16384,1841,18225
2,93891,7497,0,0,17,17,5523,6656,3969,10625
2,93891,20111,0,0,17,17,5523,8942,1183,10125
2,93891,76007,0,0,17,17,5523,31250,4471,35721
2,94080,96,0,0,32,16,5880,117640,9,117649
2,94095,5831,0,0,17,17,5535,10368,2401,12769
2,94128,94128,0,0,128,16,5883,27392,5883,33275
2,94288,10224,0,0,16,16,5893,6250,639,6889
2,94299,51,0,0,17,17,5547,7688,9,7697
2,94480,3888,0,0,16,16,5905,29282,243,29525
2,94571,4131,0,0,17,17,5563,77882,243,78125
2,94605,17,0,0,68,17,5565,41552,1,41553
2,94605,40375,0,0,17,17,5565,32,11875,11907
2,94605,47753,0,0,17,17,5565,4050,2809,6859
2,94608,1296,0,0,16,16,5913,42632,243,42875
2,94608,1456,0,0,16,16,5913,8192,1183,9375
2,94608,13520,0,0,16,16,5913,2336,4225,6561
2,94640,2704,0,0,32,16,5915,11956,169,12125
2,95047,40817,0,0,17,17,5591,11182,2401,13583
2,95081,2125,0,0,17,17,5593,13536,625,14161
2,95081,6341,0,0,17,17,5593,10528,1865,12393
2,95081,10625,0,0,17,17,5593,36554,625,37179
2,95081,12393,0,0,17,17,5593,24064,6561,30625
2,95081,53125,0,0,17,17,5593,14406,3125,17531
2,95088,4176,0,0,16,16,5943,5248,1827,7075
2,95088,5488,0,0,16,16,5943,15282,343,15625
2,95280,6480,0,0,16,16,5955,10952,1215,12167
2,95280,19056,0,0,32,16,5955,11500,1191,12691
2,95280,20720,0,0,16,16,5955,512,11655,12167
2,95280,31760,0,0,16,16,5955,1184,9925,11109
2,95280,34992,0,0,16,16,5955,50816,15309,66125
2,95280,47952,0,0,16,16,5955,3176,8991,12167
2,95285,17,0,0,17,17,5605,48734,1,48735
2,95285,10625,0,0,17,17,5605,4984,1875,6859
2,95285,26163,0,0,17,17,5605,3304,4617,7921
2,95285,37179,0,0,17,17,5605,18050,2187,20237
2,95285,40375,0,0,17,17,5605,32,11875,11907
2,95370,34,0,0,34,17,5610,64000,9,64009
2,95370,68,0,0,68,17,5610,64000,9,64009
2,95472,3888,0,0,16,16,5967,15886,243,16129
2,95728,48,0,0,16,16,5983,37240,9,37249
2,95728,80,0,0,16,16,5983,10976,25,11001
2,95728,2000,0,0,16,16,5983,129696,625,130321
2,95728,31248,0,0,16,16,5983,1000,5859,6859
2,95728,38000,0,0,16,16,5983,32,11875,11907
2,95728,40432,0,0,16,16,5983,123008,17689,140697
2,95760,38000,0,0,16,16,5985,32,11875,11907
2,95931,78489,0,0,17,17,5643,2258,4617,6875
2,96305,37179,0,0,17,17,5665,9064,6561,15625
2,96543,6137,0,0,17,17,5679,16406,361,16767
2,96645,459,0,0,17,17,5685,5632,243,5875
2,96815,17,0,0,68,17,5695,18224,1,18225
2,97223,40817,0,0,17,17,5719,13122,2401,15523
2,97223,67473,0,0,17,17,5719,512,35721,36233
2,97461,833,0,0,17,17,5733,12506,49,12555
2,97461,1547,0,0,17,17,5733,8192,1183,9375
2,97461,4131,0,0,17,17,5733,12250,243,12493
2,97461,5831,0,0,17,17,5733,12150,343,12493
2,97461,5967,0,0,17,17,5733,10952,1053,12005
2,97461,10625,0,0,17,17,5733,8192,8125,16317
2,97461,14875,0,0,17,17,5733,128,6125,6253
2,97461,17901,0,0,17,17,5733,79360,9477,88837
2,97461,25823,0,0,17,17,5733,4992,10633,15625
2,97937,5831,0,0,17,17,5761,10368,2401,12769
2,98141,17,0,0,17,17,5773,64000,9,64009
2,98141,17,0,0,17,17,5773,71874,1,71875
2,98141,17,0,0,68,17,5773,8624,1,8625
2,98141,31671,0,0,17,17,5773,2560,16767,19327
2,98141,31875,0,0,17,17,5773,9016,5625,14641
2,98141,53125,0,0,17,17,5773,129654,3125,132779
2,98141,67473,0,0,17,17,5773,2008,11907,13915
2,98141,95013,0,0,17,17,5773,686,5589,6275
2,98141,98141,0,0,17,17,5773,882,5773,6655
2,98175,5559,0,0,17,17,5775,5632,2943,8575
2,98175,5831,0,0,17,17,5775,4224,2401,6625
2,98175,18513,0,0,17,17,5775,95048,3267,98315
2,98175,20825,0,0,17,17,5775,288,6125,6413
2,98175,37179,0,0,17,17,5775,11858,2187,14045
2,98175,38913,0,0,17,17,5775,8,6867,6875
2,98175,40817,0,0,17,17,5775,5618,2401,8019
2,98175,47753,0,0,17,17,5775,10648,8427,19075
2,98175,52479,0,0,17,17,5775,11554,3087,14641
2,98175,57375,0,0,17,17,5775,117128,10125,127253
2,98651,459,0,0,17,17,5803,103544,81,103625
2,99093,14297,0,0,17,17,5829,18522,841,19363
2,99252,33084,0,0,36,18,5514,128,6433,6561
2,99252,66168,0,0,72,18,5514,128,6433,6561
2,99360,36,0,0,36,18,5520,64000,9,64009
2,99360,72,0,0,72,18,5520,64000,9,64009
2,99365,33133,0,0,17,17,5845,18144,9745,27889
2,99414,18,0,0,36,18,5523,31212,1,31213
2,99414,18,0,0,72,18,5523,28560,1,28561
2,99414,1638,0,0,18,18,5523,8192,1183,9375
2,99414,3042,0,0,18,18,5523,8416,845,9261
2,99414,4734,0,0,36,18,5523,16384,1841,18225
2,99414,7938,0,0,18,18,5523,6656,3969,10625
2,99414,21294,0,0,18,18,5523,8942,1183,10125
2,99414,80478,0,0,18,18,5523,31250,4471,35721
2,99450,2210,0,0,34,17,5850,6144,715,6859
2,99450,4420,0,0,68,17,5850,6144,715,6859
2,99450,8840,0,0,136,17,5850,6144,715,6859
2,99630,6174,0,0,18,18,5535,10368,2401,12769
2,99671,17,0,0,17,17,5863,64000,9,64009
2,99671,17,0,0,17,17,5863,71874,1,71875
2,99671,17,0,0,34,17,5863,75140,1,75141
2,99671,17,0,0,68,17,5863,17424,1,17425
2,99671,459,0,0,17,17,5863,203320,81,203401
2,99671,2057,0,0,17,17,5863,6144,1331,7475
2,99671,3825,0,0,17,17,5863,9248,1125,10373
2,99671,15147,0,0,17,17,5863,7514,891,8405
2,99671,15147,0,0,17,17,5863,2048,9801,11849
2,99671,17425,0,0,17,17,5863,5566,1025,6591
2,99671,22627,0,0,17,17,5863,5000,3993,8993
2,99671,22627,0,0,17,17,5863,13294,1331,14625
2,99671,23375,0,0,17,17,5863,13754,1375,15129
2,99671,25857,0,0,17,17,5863,2312,4563,6875
2,99671,28577,0,0,17,17,5863,4394,1681,6075
2,99671,28577,0,0,17,17,5863,45630,1681,47311
2,99671,31603,0,0,17,17,5863,23000,5577,28577
2,99671,37349,0,0,17,17,5863,864,10985,11849
2,99671,37349,0,0,17,17,5863,5576,6591,12167
2,99671,48841,0,0,17,17,5863,16810,2873,19683
2,99671,53125,0,0,17,17,5863,61952,28125,90077
2,99671,54043,0,0,17,17,5863,3750,3179,6929
2,99671,59245,0,0,17,17,5863,32,17425,17457
2,99671,77571,0,0,17,17,5863,2662,4563,7225
2,99671,79475,0,0,17,17,5863,1886,4675,6561
2,99671,83521,0,0,17,17,5863,33750,4913,38663
2,99671,93925,0,0,17,17,5863,6642,5525,12167
2,99671,95013,0,0,17,17,5863,1066,5589,6655
2,99671,98923,0,0,17,17,5863,1066,5819,6885
2,99846,54,0,0,18,18,5547,7688,9,7697
2,99960,102,0,0,34,17,5880,117640,9,117649
2,100011,100011,0,0,136,17,5883,27392,5883,33275
2,100134,4374,0,0,18,18,5563,77882,243,78125
2,100170,18,0,0,72,18,5565,41552,1,41553
2,100170,42750,0,0,18,18,5565,32,11875,11907
2,100170,50562,0,0,18,18,5565,4050,2809,6859
2,100181,10863,0,0,17,17,5893,6250,639,6889
2,100385,4131,0,0,17,17,5905,29282,243,29525
2,100521,1377,0,0,17,17,5913,42632,243,42875
2,100521,1547,0,0,17,17,5913,8192,1183,9375
2,100521,14365,0,0,17,17,5913,2336,4225,6561
2,100555,2873,0,0,34,17,5915,11956,169,12125
2,100638,43218,0,0,18,18,5591,11182,2401,13583
2,100674,2250,0,0,18,18,5593,13536,625,14161
2,100674,6714,0,0,18,18,5593,10528,1865,12393
2,100674,11250,0,0,18,18,5593,36554,625,37179
2,100674,13122,0,0,18,18,5593,24064,6561,30625
2,100674,56250,0,0,18,18,5593,14406,3125,17531
2,100890,18,0,0,18,18,5605,48734,1,48735
2,100890,11250,0,0,18,18,5605,4984,1875,6859
2,100890,27702,0,0,18,18,5605,3304,4617,7921
2,100890,39366,0,0,18,18,5605,18050,2187,20237
2,100890,42750,0,0,18,18,5605,32,11875,11907
2,100980,36,0,0,36,18,5610,64000,9,64009
2,100980,72,0,0,72,18,5610,64000,9,64009
2,101031,4437,0,0,17,17,5943,5248,1827,7075
2,101031,5831,0,0,17,17,5943,15282,343,15625
2,101235,6885,0,0,17,17,5955,10952,1215,12167
2,101235,20247,0,0,34,17,5955,11500,1191,12691
2,101235,22015,0,0,17,17,5955,512,11655,12167
2,101235,33745,0,0,17,17,5955,1184,9925,11109
2,101235,37179,0,0,17,17,5955,50816,15309,66125
2,101235,50949,0,0,17,17,5955,3176,8991,12167
2,101439,4131,0,0,17,17,5967,15886,243,16129
2,101574,83106,0,0,18,18,5643,2258,4617,6875
2,101711,51,0,0,17,17,5983,37240,9,37249
2,101711,85,0,0,17,17,5983,10976,25,11001
2,101711,2125,0,0,17,17,5983,129696,625,130321
2,101711,33201,0,0,17,17,5983,1000,5859,6859
2,101711,40375,0,0,17,17,5983,32,11875,11907
2,101711,42959,0,0,17,17,5983,123008,17689,140697
2,101745,40375,0,0,17,17,5985,32,11875,11907
2,101970,39366,0,0,18,18,5665,9064,6561,15625
2,102222,6498,0,0,18,18,5679,16406,361,16767
2,102330,486,0,0,18,18,5685,5632,243,5875
2,102510,18,0,0,72,18,5695,18224,1,18225
2,102942,43218,0,0,18,18,5719,13122,2401,15523
2,102942,71442,0,0,18,18,5719,512,35721,36233
2,103194,882,0,0,18,18,5733,12506,49,12555
2,103194,1638,0,0,18,18,5733,8192,1183,9375
2,103194,4374,0,0,18,18,5733,12250,243,12493
2,103194,6174,0,0,18,18,5733,12150,343,12493
2,103194,6318,0,0,18,18,5733,10952,1053,12005
2,103194,11250,0,0,18,18,5733,8192,8125,16317
2,103194,15750,0,0,18,18,5733,128,6125,6253
2,103194,18954,0,0,18,18,5733,79360,9477,88837
2,103194,27342,0,0,18,18,5733,4992,10633,15625
2,103698,6174,0,0,18,18,5761,10368,2401,12769
2,103914,18,0,0,18,18,5773,64000,9,64009
2,103914,18,0,0,18,18,5773,71874,1,71875
2,103914,18,0,0,72,18,5773,8624,1,8625
2,103914,33534,0,0,18,18,5773,2560,16767,19327
2,103914,33750,0,0,18,18,5773,9016,5625,14641
2,103914,56250,0,0,18,18,5773,129654,3125,132779
2,103914,71442,0,0,18,18,5773,2008,11907,13915
2,103914,100602,0,0,18,18,5773,686,5589,6275
2,103914,103914,0,0,18,18,5773,882,5773,6655
2,103950,5886,0,0,18,18,5775,5632,2943,8575
2,103950,6174,0,0,18,18,5775,4224,2401,6625
2,103950,19602,0,0,18,18,5775,95048,3267,98315
2,103950,22050,0,0,18,18,5775,288,6125,6413
2,103950,39366,0,0,18,18,5775,11858,2187,14045
2,103950,41202,0,0,18,18,5775,8,6867,6875
2,103950,43218,0,0,18,18,5775,5618,2401,8019
2,103950,50562,0,0,18,18,5775,10648,8427,19075
2,103950,55566,0,0,18,18,5775,11554,3087,14641
2,103950,60750,0,0,18,18,5775,117128,10125,127253
2,104454,486,0,0,18,18,5803,103544,81,103625
2,104766,34922,0,0,38,19,5514,128,6433,6561
2,104766,69844,0,0,76,19,5514,128,6433,6561
2,104880,38,0,0,38,19,5520,64000,9,64009
2,104880,76,0,0,76,19,5520,64000,9,64009
2,104922,15138,0,0,18,18,5829,18522,841,19363
2,104937,19,0,0,38,19,5523,31212,1,31213
2,104937,19,0,0,76,19,5523,28560,1,28561
2,104937,1729,0,0,19,19,5523,8192,1183,9375
2,104937,3211,0,0,19,19,5523,8416,845,9261
2,104937,4997,0,0,38,19,5523,16384,1841,18225
2,104937,8379,0,0,19,19,5523,6656,3969,10625
2,104937,22477,0,0,19,19,5523,8942,1183,10125
2,104937,84949,0,0,19,19,5523,31250,4471,35721
2,105165,6517,0,0,19,19,5535,10368,2401,12769
2,105210,35082,0,0,18,18,5845,18144,9745,27889
2,105300,2340,0,0,36,18,5850,6144,715,6859
2,105300,4680,0,0,72,18,5850,6144,715,6859
2,105393,57,0,0,19,19,5547,7688,9,7697
2,105534,18,0,0,18,18,5863,64000,9,64009
2,105534,18,0,0,18,18,5863,71874,1,71875
2,105534,18,0,0,36,18,5863,75140,1,75141
2,105534,18,0,0,72,18,5863,17424,1,17425
2,105534,486,0,0,18,18,5863,203320,81,203401
2,105534,2178,0,0,18,18,5863,6144,1331,7475
2,105534,4050,0,0,18,18,5863,9248,1125,10373
2,105534,16038,0,0,18,18,5863,7514,891,8405
2,105534,16038,0,0,18,18,5863,2048,9801,11849
2,105534,18450,0,0,18,18,5863,5566,1025,6591
2,105534,23958,0,0,18,18,5863,5000,3993,8993
2,105534,23958,0,0,18,18,5863,13294,1331,14625
2,105534,24750,0,0,18,18,5863,13754,1375,15129
2,105534,27378,0,0,18,18,5863,2312,4563,6875
2,105534,30258,0,0,18,18,5863,4394,1681,6075
2,105534,30258,0,0,18,18,5863,45630,1681,47311
2,105534,33462,0,0,18,18,5863,23000,5577,28577
2,105534,39546,0,0,18,18,5863,864,10985,11849
2,105534,39546,0,0,18,18,5863,5576,6591,12167
2,105534,51714,0,0,18,18,5863,16810,2873,19683
2,105534,56250,0,0,18,18,5863,61952,28125,90077
2,105534,57222,0,0,18,18,5863,3750,3179,6929
2,105534,62730,0,0,18,18,5863,32,17425,17457
2,105534,82134,0,0,18,18,5863,2662,4563,7225
2,105534,84150,0,0,18,18,5863,1886,4675,6561
2,105534,88434,0,0,18,18,5863,33750,4913,38663
2,105534,99450,0,0,18,18,5863,6642,5525,12167
2,105534,100602,0,0,18,18,5863,1066,5589,6655
2,105534,104742,0,0,18,18,5863,1066,5819,6885
2,105697,4617,0,0,19,19,5563,77882,243,78125
2,105735,19,0,0,76,19,5565,41552,1,41553
2,105735,45125,0,0,19,19,5565,32,11875,11907
2,105735,53371,0,0,19,19,5565,4050,2809,6859
2,105840,108,0,0,36,18,5880,117640,9,117649
2,106074,11502,0,0,18,18,5893,6250,639,6889
2,106229,45619,0,0,19,19,5591,11182,2401,13583
2,106267,2375,0,0,19,19,5593,13536,625,14161
2,106267,7087,0,0,19,19,5593,10528,1865,12393
2,106267,11875,0,0,19,19,5593,36554,625,37179
2,106267,13851,0,0,19,19,5593,24064,6561,30625
2,106267,59375,0,0,19,19,5593,14406,3125,17531
2,106290,4374,0,0,18,18,5905,29282,243,29525
2,106434,1458,0,0,18,18,5913,42632,243,42875
2,106434,1638,0,0,18,18,5913,8192,1183,9375
2,106434,15210,0,0,18,18,5913,2336,4225,6561
2,106470,3042,0,0,36,18,5915,11956,169,12125
2,106495,19,0,0,19,19,5605,48734,1,48735
2,106495,11875,0,0,19,19,5605,4984,1875,6859
2,106495,29241,0,0,19,19,5605,3304,4617,7921
2,106495,41553,0,0,19,19,5605,18050,2187,20237
2,106495,45125,0,0,19,19,5605,32,11875,11907
2,106590,38,0,0,38,19,5610,64000,9,64009
2,106590,76,0,0,76,19,5610,64000,9,64009
2,106974,4698,0,0,18,18,5943,5248,1827,7075
2,106974,6174,0,0,18,18,5943,15282,343,15625
2,107190,7290,0,0,18,18,5955,10952,1215,12167
2,107190,21438,0,0,36,18,5955,11500,1191,12691
2,107190,23310,0,0,18,18,5955,512,11655,12167
2,107190,35730,0,0,18,18,5955,1184,9925,11109
2,107190,39366,0,0,18,18,5955,50816,15309,66125
2,107190,53946,0,0,18,18,5955,3176,8991,12167
2,107217,87723,0,0,19,19,5643,2258,4617,6875
2,107406,4374,0,0,18,18,5967,15886,243,16129
2,107635,41553,0,0,19,19,5665,9064,6561,15625
2,107694,54,0,0,18,18,5983,37240,9,37249
2,107694,90,0,0,18,18,5983,10976,25,11001
2,107694,2250,0,0,18,18,5983,129696,625,130321
2,107694,35154,0,0,18,18,5983,1000,5859,6859
2,107694,42750,0,0,18,18,5983,32,11875,11907
2,107694,45486,0,0,18,18,5983,123008,17689,140697
2,107730,42750,0,0,18,18,5985,32,11875,11907
2,107901,6859,0,0,19,19,5679,16406,361,16767
2,108015,513,0,0,19,19,5685,5632,243,5875
2,108205,19,0,0,76,19,5695,18224,1,18225
2,108661,45619,0,0,19,19,5719,13122,2401,15523
2,108661,75411,0,0,19,19,5719,512,35721,36233
2,108927,931,0,0,19,19,5733,12506,49,12555
2,108927,1729,0,0,19,19,5733,8192,1183,9375
2,108927,4617,0,0,19,19,5733,12250,243,12493
2,108927,6517,0,0,19,19,5733,12150,343,12493
2,108927,6669,0,0,19,19,5733,10952,1053,12005
2,108927,11875,0,0,19,19,5733,8192,8125,16317
2,108927,16625,0,0,19,19,5733,128,6125,6253
2,108927,20007,0,0,19,19,5733,79360,9477,88837
2,108927,28861,0,0,19,19,5733,4992,10633,15625
2,109459,6517,0,0,19,19,5761,10368,2401,12769
2,109687,19,0,0,19,19,5773,64000,9,64009
2,109687,19,0,0,19,19,5773,71874,1,71875
2,109687,19,0,0,76,19,5773,8624,1,8625
2,109687,35397,0,0,19,19,5773,2560,16767,19327
2,109687,35625,0,0,19,19,5773,9016,5625,14641
2,109687,59375,0,0,19,19,5773,129654,3125,132779
2,109687,75411,0,0,19,19,5773,2008,11907,13915
2,109687,106191,0,0,19,19,5773,686,5589,6275
2,109687,109687,0,0,19,19,5773,882,5773,6655
2,109725,6213,0,0,19,19,5775,5632,2943,8575
2,109725,6517,0,0,19,19,5775,4224,2401,6625
2,109725,20691,0,0,19,19,5775,95048,3267,98315
2,109725,23275,0,0,19,19,5775,288,6125,6413
2,109725,41553,0,0,19,19,5775,11858,2187,14045
2,109725,43491,0,0,19,19,5775,8,6867,6875
2,109725,45619,0,0,19,19,5775,5618,2401,8019
2,109725,53371,0,0,19,19,5775,10648,8427,19075
2,109725,58653,0,0,19,19,5775,11554,3087,14641
2,109725,64125,0,0,19,19,5775,117128,10125,127253
2,110257,513,0,0,19,19,5803,103544,81,103625
2,110280,36760,0,0,40,20,5514,128,6433,6561
2,110280,73520,0,0,80,20,5514,128,6433,6561
2,110400,40,0,0,40,20,5520,64000,9,64009
2,110400,80,0,0,80,20,5520,64000,9,64009
2,110460,20,0,0,40,20,5523,31212,1,31213
2,110460,20,0,0,80,20,5523,28560,1,28561
2,110460,1820,0,0,20,20,5523,8192,1183,9375
2,110460,3380,0,0,20,20,5523,8416,845,9261
2,110460,5260,0,0,40,20,5523,16384,1841,18225
2,110460,8820,0,0,20,20,5523,6656,3969,10625
2,110460,23660,0,0,20,20,5523,8942,1183,10125
2,110460,89420,0,0,20,20,5523,31250,4471,35721
2,110700,6860,0,0,20,20,5535,10368,2401,12769
2,110751,15979,0,0,19,19,5829,18522,841,19363
2,110940,60,0,0,20,20,5547,7688,9,7697
2,111055,37031,0,0,19,19,5845,18144,9745,27889
2,111150,2470,0,0,38,19,5850,6144,715,6859
2,111150,4940,0,0,76,19,5850,6144,715,6859
2,111260,4860,0,0,20,20,5563,77882,243,78125
2,111300,20,0,0,80,20,5565,41552,1,41553
2,111300,47500,0,0,20,20,5565,32,11875,11907
2,111300,56180,0,0,20,20,5565,4050,2809,6859
2,111397,19,0,0,19,19,5863,64000,9,64009
2,111397,19,0,0,19,19,5863,71874,1,71875
2,111397,19,0,0,38,19,5863,75140,1,75141
2,111397,19,0,0,76,19,5863,17424,1,17425
2,111397,513,0,0,19,19,5863,203320,81,203401
2,111397,2299,0,0,19,19,5863,6144,1331,7475
2,111397,4275,0,0,19,19,5863,9248,1125,10373
2,111397,16929,0,0,19,19,5863,7514,891,8405
2,111397,16929,0,0,19,19,5863,2048,9801,11849
2,111397,19475,0,0,19,19,5863,5566,1025,6591
2,111397,25289,0,0,19,19,5863,5000,3993,8993
2,111397,25289,0,0,19,19,5863,13294,1331,14625
2,111397,26125,0,0,19,19,5863,13754,1375,15129
2,111397,28899,0,0,19,19,5863,2312,4563,6875
2,111397,31939,0,0,19,19,5863,4394,1681,6075
2,111397,31939,0,0,19,19,5863,45630,1681,47311
2,111397,35321,0,0,19,19,5863,23000,5577,28577
2,111397,41743,0,0,19,19,5863,864,10985,11849
2,111397,41743,0,0,19,19,5863,5576,6591,12167
2,111397,54587,0,0,19,19,5863,16810,2873,19683
2,111397,59375,0,0,19,19,5863,61952,28125,90077
2,111397,60401,0,0,19,19,5863,3750,3179,6929
2,111397,66215,0,0,19,19,5863,32,17425,17457
2,111397,86697,0,0,19,19,5863,2662,4563,7225
2,111397,88825,0,0,19,19,5863,1886,4675,6561
2,111397,93347,0,0,19,19,5863,33750,4913,38663
2,111397,104975,0,0,19,19,5863,6642,5525,12167
2,111397,106191,0,0,19,19,5863,1066,5589,6655
2,111397,110561,0,0,19,19,5863,1066,5819,6885
2,111720,114,0,0,38,19,5880,117640,9,117649
2,111820,48020,0,0,20,20,5591,11182,2401,13583
2,111860,2500,0,0,20,20,5593,13536,625,14161
2,111860,7460,0,0,20,20,5593,10528,1865,12393
2,111860,12500,0,0,20,20,5593,36554,625,37179
2,111860,14580,0,0,20,20,5593,24064,6561,30625
2,111860,62500,0,0,20,20,5593,14406,3125,17531
2,111967,12141,0,0,19,19,5893,6250,639,6889
2,112100,20,0,0,20,20,5605,48734,1,48735
2,112100,12500,0,0,20,20,5605,4984,1875,6859
2,112100,30780,0,0,20,20,5605,3304,4617,7921
2,112100,43740,0,0,20,20,5605,18050,2187,20237
2,112100,47500,0,0,20,20,5605,32,11875,11907
2,112195,4617,0,0,19,19,5905,29282,243,29525
2,112200,40,0,0,40,20,5610,64000,9,64009
2,112200,80,0,0,80,20,5610,64000,9,64009
2,112347,1539,0,0,19,19,5913,42632,243,42875
2,112347,1729,0,0,19,19,5913,8192,1183,9375
2,112347,16055,0,0,19,19,5913,2336,4225,6561
2,112385,3211,0,0,38,19,5915,11956,169,12125
2,112860,92340,0,0,20,20,5643,2258,4617,6875
2,112917,4959,0,0,19,19,5943,5248,1827,7075
2,112917,6517,0,0,19,19,5943,15282,343,15625
2,113145,7695,0,0,19,19,5955,10952,1215,12167
2,113145,22629,0,0,38,19,5955,11500,1191,12691
2,113145,24605,0,0,19,19,5955,512,11655,12167
2,113145,37715,0,0,19,19,5955,1184,9925,11109
2,113145,41553,0,0,19,19,5955,50816,15309,66125
2,113145,56943,0,0,19,19,5955,3176,8991,12167
2,113300,43740,0,0,20,20,5665,9064,6561,15625
2,113373,4617,0,0,19,19,5967,15886,243,16129
2,113580,7220,0,0,20,20,5679,16406,361,16767
2,113677,57,0,0,19,19,5983,37240,9,37249
2,113677,95,0,0,19,19,5983,10976,25,11001
2,113677,2375,0,0,19,19,5983,129696,625,130321
2,113677,37107,0,0,19,19,5983,1000,5859,6859
2,113677,45125,0,0,19,19,5983,32,11875,11907
2,113677,48013,0,0,19,19,5983,123008,17689,140697
2,113700,540,0,0,20,20,5685,5632,243,5875
2,113715,45125,0,0,19,19,5985,32,11875,11907
2,113900,20,0,0,80,20,5695,18224,1,18225
2,114380,48020,0,0,20,20,5719,13122,2401,15523
2,114380,79380,0,0,20,20,5719,512,35721,36233
2,114660,980,0,0,20,20,5733,12506,49,12555
2,114660,1820,0,0,20,20,5733,8192,1183,9375
2,114660,4860,0,0,20,20,5733,12250,243,12493
2,114660,6860,0,0,20,20,5733,12150,343,12493
2,114660,7020,0,0,20,20,5733,10952,1053,12005
2,114660,12500,0,0,20,20,5733,8192,8125,16317
2,114660,17500,0,0,20,20,5733,128,6125,6253
2,114660,21060,0,0,20,20,5733,79360,9477,88837
2,114660,30380,0,0,20,20,5733,4992,10633,15625
2,115220,6860,0,0,20,20,5761,10368,2401,12769
2,115460,20,0,0,20,20,5773,64000,9,64009
2,115460,20,0,0,20,20,5773,71874,1,71875
2,115460,20,0,0,80,20,5773,8624,1,8625
2,115460,37260,0,0,20,20,5773,2560,16767,19327
2,115460,37500,0,0,20,20,5773,9016,5625,14641
2,115460,62500,0,0,20,20,5773,129654,3125,132779
2,115460,79380,0,0,20,20,5773,2008,11907,13915
2,115460,111780,0,0,20,20,5773,686,5589,6275
2,115460,115460,0,0,20,20,5773,882,5773,6655
2,115500,6540,0,0,20,20,5775,5632,2943,8575
2,115500,6860,0,0,20,20,5775,4224,2401,6625
2,115500,21780,0,0,20,20,5775,95048,3267,98315
2,115500,24500,0,0,20,20,5775,288,6125,6413
2,115500,43740,0,0,20,20,5775,11858,2187,14045
2,115500,45780,0,0,20,20,5775,8,6867,6875
2,115500,48020,0,0,20,20,5775,5618,2401,8019
2,115500,56180,0,0,20,20,5775,10648,8427,19075
2,115500,61740,0,0,20,20,5775,11554,3087,14641
2,115500,67500,0,0,20,20,5775,117128,10125,127253
2,115794,38598,0,0,42,21,5514,128,6433,6561
2,115794,77196,0,0,84,21,5514,128,6433,6561
2,115920,42,0,0,42,21,5520,64000,9,64009
2,115920,84,0,0,84,21,5520,64000,9,64009
2,115983,21,0,0,42,21,5523,31212,1,31213
2,115983,21,0,0,84,21,5523,28560,1,28561
2,115983,1911,0,0,21,21,5523,8192,1183,9375
2,115983,3549,0,0,21,21,5523,8416,845,9261
2,115983,5523,0,0,42,21,5523,16384,1841,18225
2,115983,9261,0,0,21,21,5523,6656,3969,10625
2,115983,24843,0,0,21,21,5523,8942,1183,10125
2,115983,93891,0,0,21,21,5523,31250,4471,35721
2,116060,540,0,0,20,20,5803,103544,81,103625
2,116235,7203,0,0,21,21,5535,10368,2401,12769
2,116487,63,0,0,21,21,5547,7688,9,7697
2,116580,16820,0,0,20,20,5829,18522,841,19363
2,116823,5103,0,0,21,21,5563,77882,243,78125
2,116865,21,0,0,84,21,5565,41552,1,41553
2,116865,49875,0,0,21,21,5565,32,11875,11907
2,116865,58989,0,0,21,21,5565,4050,2809,6859
2,116900,38980,0,0,20,20,5845,18144,9745,27889
2,117000,2600,0,0,40,20,5850,6144,715,6859
2,117000,5200,0,0,80,20,5850,6144,715,6859
2,117260,20,0,0,20,20,5863,64000,9,64009
2,117260,20,0,0,20,20,5863,71874,1,71875
2,117260,20,0,0,40,20,5863,75140,1,75141
2,117260,20,0,0,80,20,5863,17424,1,17425
2,117260,540,0,0,20,20,5863,203320,81,203401
2,117260,2420,0,0,20,20,5863,6144,1331,7475
2,117260,4500,0,0,20,20,5863,9248,1125,10373
2,117260,17820,0,0,20,20,5863,7514,891,8405
2,117260,17820,0,0,20,20,5863,2048,9801,11849
2,117260,20500,0,0,20,20,5863,5566,1025,6591
2,117260,26620,0,0,20,20,5863,5000,3993,8993
2,117260,26620,0,0,20,20,5863,13294,1331,14625
2,117260,27500,0,0,20,20,5863,13754,1375,15129
2,117260,30420,0,0,20,20,5863,2312,4563,6875
2,117260,33620,0,0,20,20,5863,4394,1681,6075
2,117260,33620,0,0,20,20,5863,45630,1681,47311
2,117260,37180,0,0,20,20,5863,23000,5577,28577
2,117260,43940,0,0,20,20,5863,864,10985,11849
2,117260,43940,0,0,20,20,5863,5576,6591,12167
2,117260,57460,0,0,20,20,5863,16810,2873,19683
2,117260,62500,0,0,20,20,5863,61952,28125,90077
2,117260,63580,0,0,20,20,5863,3750,3179,6929
2,117260,69700,0,0,20,20,5863,32,17425,17457
2,117260,91260,0,0,20,20,5863,2662,4563,7225
2,117260,93500,0,0,20,20,5863,1886,4675,6561
2,117260,98260,0,0,20,20,5863,33750,4913,38663
2,117260,110500,0,0,20,20,5863,6642,5525,12167
2,117260,111780,0,0,20,20,5863,1066,5589,6655
2,117260,116380,0,0,20,20,5863,1066,5819,6885
2,117411,50421,0,0,21,21,5591,11182,2401,13583
2,117453,2625,0,0,21,21,5593,13536,625,14161
2,117453,7833,0,0,21,21,5593,10528,1865,12393
2,117453,13125,0,0,21,21,5593,36554,625,37179
2,117453,15309,0,0,21,21,5593,24064,6561,30625
2,117453,65625,0,0,21,21,5593,14406,3125,17531
2,117600,120,0,0,40,20,5880,117640,9,117649
2,117705,21,0,0,21,21,5605,48734,1,48735
2,117705,13125,0,0,21,21,5605,4984,1875,6859
2,117705,32319,0,0,21,21,5605,3304,4617,7921
2,117705,45927,0,0,21,21,5605,18050,2187,20237
2,117705,49875,0,0,21,21,5605,32,11875,11907
2,117810,42,0,0,42,21,5610,64000,9,64009
2,117810,84,0,0,84,21,5610,64000,9,64009
2,117860,12780,0,0,20,20,5893,6250,639,6889
2,118100,4860,0,0,20,20,5905,29282,243,29525
2,118260,1620,0,0,20,20,5913,42632,243,42875
2,118260,1820,0,0,20,20,5913,8192,1183,9375
2,118260,16900,0,0,20,20,5913,2336,4225,6561
2,118300,3380,0,0,40,20,5915,11956,169,12125
2,118503,96957,0,0,21,21,5643,2258,4617,6875
2,118860,5220,0,0,20,20,5943,5248,1827,7075
2,118860,6860,0,0,20,20,5943,15282,343,15625
2,118965,45927,0,0,21,21,5665,9064,6561,15625
2,119100,8100,0,0,20,20,5955,10952,1215,12167
2,119100,23820,0,0,40,20,5955,11500,1191,12691
2,119100,25900,0,0,20,20,5955,512,11655,12167
2,119100,39700,0,0,20,20,5955,1184,9925,11109
2,119100,43740,0,0,20,20,5955,50816,15309,66125
2,119100,59940,0,0,20,20,5955,3176,8991,12167
2,119259,7581,0,0,21,21,5679,16406,361,16767
2,119340,4860,0,0,20,20,5967,15886,243,16129
2,119385,567,0,0,21,21,5685,5632,243,5875
2,119595,21,0,0,84,21,5695,18224,1,18225
2,119660,60,0,0,20,20,5983,37240,9,37249
2,119660,100,0,0,20,20,5983,10976,25,11001
2,119660,2500,0,0,20,20,5983,129696,625,130321
2,119660,39060,0,0,20,20,5983,1000,5859,6859
2,119660,47500,0,0,20,20,5983,32,11875,11907
2,119660,50540,0,0,20,20,5983,123008,17689,140697
2,119700,47500,0,0,20,20,5985,32,11875,11907
2,120099,50421,0,0,21,21,5719,13122,2401,15523
2,120099,83349,0,0,21,21,5719,512,35721,36233
2,120393,1029,0,0,21,21,5733,12506,49,12555
2,120393,1911,0,0,21,21,5733,8192,1183,9375
2,120393,5103,0,0,21,21,5733,12250,243,12493
2,120393,7203,0,0,21,21,5733,12150,343,12493
2,120393,7371,0,0,21,21,5733,10952,1053,12005
2,120393,13125,0,0,21,21,5733,8192,8125,16317
2,120393,18375,0,0,21,21,5733,128,6125,6253
2,120393,22113,0,0,21,21,5733,79360,9477,88837
2,120393,31899,0,0,21,21,5733,4992,10633,15625
2,120981,7203,0,0,21,21,5761,10368,2401,12769
2,121233,21,0,0,21,21,5773,64000,9,64009
2,121233,21,0,0,21,21,5773,71874,1,71875
2,121233,21,0,0,84,21,5773,8624,1,8625
2,121233,39123,0,0,21,21,5773,2560,16767,19327
2,121233,39375,0,0,21,21,5773,9016,5625,14641
2,121233,65625,0,0,21,21,5773,129654,3125,132779
2,121233,83349,0,0,21,21,5773,2008,11907,13915
2,121233,117369,0,0,21,21,5773,686,5589,6275
2,121233,121233,0,0,21,21,5773,882,5773,6655
2,121275,6867,0,0,21,21,5775,5632,2943,8575
2,121275,7203,0,0,21,21,5775,4224,2401,6625
2,121275,22869,0,0,21,21,5775,95048,3267,98315
2,121275,25725,0,0,21,21,5775,288,6125,6413
2,121275,45927,0,0,21,21,5775,11858,2187,14045
2,121275,48069,0,0,21,21,5775,8,6867,6875
2,121275,50421,0,0,21,21,5775,5618,2401,8019
2,121275,58989,0,0,21,21,5775,10648,8427,19075
2,121275,64827,0,0,21,21,5775,11554,3087,14641
2,121275,70875,0,0,21,21,5775,117128,10125,127253
2,121308,40436,0,0,44,22,5514,128,6433,6561
2,121308,80872,0,0,88,22,5514,128,6433,6561
2,121440,44,0,0,44,22,5520,64000,9,64009
2,121440,88,0,0,88,22,5520,64000,9,64009
2,121506,22,0,0,44,22,5523,31212,1,31213
2,121506,22,0,0,88,22,5523,28560,1,28561
2,121506,2002,0,0,22,22,5523,8192,1183,9375
2,121506,3718,0,0,22,22,5523,8416,845,9261
2,121506,5786,0,0,44,22,5523,16384,1841,18225
2,121506,9702,0,0,22,22,5523,6656,3969,10625
2,121506,26026,0,0,22,22,5523,8942,1183,10125
2,121506,98362,0,0,22,22,5523,31250,4471,35721
2,121770,7546,0,0,22,22,5535,10368,2401,12769
2,121863,567,0,0,21,21,5803,103544,81,103625
2,122034,66,0,0,22,22,5547,7688,9,7697
2,122386,5346,0,0,22,22,5563,77882,243,78125
2,122409,17661,0,0,21,21,5829,18522,841,19363
2,122430,22,0,0,88,22,5565,41552,1,41553
2,122430,52250,0,0,22,22,5565,32,11875,11907
2,122430,61798,0,0,22,22,5565,4050,2809,6859
2,122745,40929,0,0,21,21,5845,18144,9745,27889
2,122850,2730,0,0,42,21,5850,6144,715,6859
2,122850,5460,0,0,84,21,5850,6144,715,6859
2,123002,52822,0,0,22,22,5591,11182,2401,13583
2,123046,2750,0,0,22,22,5593,13536,625,14161
2,123046,8206,0,0,22,22,5593,10528,1865,12393
2,123046,13750,0,0,22,22,5593,36554,625,37179
2,123046,16038,0,0,22,22,5593,24064,6561,30625
2,123046,68750,0,0,22,22,5593,14406,3125,17531
2,123123,21,0,0,21,21,5863,64000,9,64009
2,123123,21,0,0,21,21,5863,71874,1,71875
2,123123,21,0,0,42,21,5863,75140,1,75141
2,123123,21,0,0,84,21,5863,17424,1,17425
2,123123,567,0,0,21,21,5863,203320,81,203401
2,123123,2541,0,0,21,21,5863,6144,1331,7475
2,123123,4725,0,0,21,21,5863,9248,1125,10373
2,123123,18711,0,0,21,21,5863,7514,891,8405
2,123123,18711,0,0,21,21,5863,2048,9801,11849
2,123123,21525,0,0,21,21,5863,5566,1025,6591
2,123123,27951,0,0,21,21,5863,5000,3993,8993
2,123123,27951,0,0,21,21,5863,13294,1331,14625
2,123123,28875,0,0,21,21,5863,13754,1375,15129
2,123123,31941,0,0,21,21,5863,2312,4563,6875
2,123123,35301,0,0,21,21,5863,4394,1681,6075
2,123123,35301,0,0,21,21,5863,45630,1681,47311
2,123123,39039,0,0,21,21,5863,23000,5577,28577
2,123123,46137,0,0,21,21,5863,864,10985,11849
2,123123,46137,0,0,21,21,5863,5576,6591,12167
2,123123,60333,0,0,21,21,5863,16810,2873,19683
2,123123,65625,0,0,21,21,5863,61952,28125,90077
2,123123,66759,0,0,21,21,5863,3750,3179,6929
2,123123,73185,0,0,21,21,5863,32,17425,17457
2,123123,95823,0,0,21,21,5863,2662,4563,7225
2,123123,98175,0,0,21,21,5863,1886,4675,6561
2,123123,103173,0,0,21,21,5863,33750,4913,38663
2,123123,116025,0,0,21,21,5863,6642,5525,12167
2,123123,117369,0,0,21,21,5863,1066,5589,6655
2,123123,122199,0,0,21,21,5863,1066,5819,6885
2,123310,22,0,0,22,22,5605,48734,1,48735
2,123310,13750,0,0,22,22,5605,4984,1875,6859
2,123310,33858,0,0,22,22,5605,3304,4617,7921
2,123310,48114,0,0,22,22,5605,18050,2187,20237
2,123310,52250,0,0,22,22,5605,32,11875,11907
2,123420,44,0,0,44,22,5610,64000,9,64009
2,123420,88,0,0,88,22,5610,64000,9,64009
2,123480,126,0,0,42,21,5880,117640,9,117649
2,123753,13419,0,0,21,21,5893,6250,639,6889
2,124005,5103,0,0,21,21,5905,29282,243,29525
2,124146,101574,0,0,22,22,5643,2258,4617,6875
2,124173,1701,0,0,21,21,5913,42632,243,42875
2,124173,1911,0,0,21,21,5913,8192,1183,9375
2,124173,17745,0,0,21,21,5913,2336,4225,6561
2,124215,3549,0,0,42,21,5915,11956,169,12125
2,124630,48114,0,0,22,22,5665,9064,6561,15625
2,124803,5481,0,0,21,21,5943,5248,1827,7075
2,124803,7203,0,0,21,21,5943,15282,343,15625
2,124938,7942,0,0,22,22,5679,16406,361,16767
2,125055,8505,0,0,21,21,5955,10952,1215,12167
2,125055,25011,0,0,42,21,5955,11500,1191,12691
2,125055,27195,0,0,21,21,5955,512,11655,12167
2,125055,41685,0,0,21,21,5955,1184,9925,11109
2,125055,45927,0,0,21,21,5955,50816,15309,66125
2,125055,62937,0,0,21,21,5955,3176,8991,12167
2,125070,594,0,0,22,22,5685,5632,243,5875
2,125290,22,0,0,88,22,5695,18224,1,18225
2,125307,5103,0,0,21,21,5967,15886,243,16129
2,125643,63,0,0,21,21,5983,37240,9,37249
2,125643,105,0,0,21,21,5983,10976,25,11001
2,125643,2625,0,0,21,21,5983,129696,625,130321
2,125643,41013,0,0,21,21,5983,1000,5859,6859
2,125643,49875,0,0,21,21,5983,32,11875,11907
2,125643,53067,0,0,21,21,5983,123008,17689,140697
2,125685,49875,0,0,21,21,5985,32,11875,11907
2,125818,52822,0,0,22,22,5719,13122,2401,15523
2,125818,87318,0,0,22,22,5719,512,35721,36233
2,126126,1078,0,0,22,22,5733,12506,49,12555
2,126126,2002,0,0,22,22,5733,8192,1183,9375
2,126126,5346,0,0,22,22,5733,12250,243,12493
2,126126,7546,0,0,22,22,5733,12150,343,12493
2,126126,7722,0,0,22,22,5733,10952,1053,12005
2,126126,13750,0,0,22,22,5733,8192,8125,16317
2,126126,19250,0,0,22,22,5733,128,6125,6253
2,126126,23166,0,0,22,22,5733,79360,9477,88837
2,126126,33418,0,0,22,22,5733,4992,10633,15625
2,126742,7546,0,0,22,22,5761,10368,2401,12769
2,126822,42274,0,0,46,23,5514,128,6433,6561
2,126822,84548,0,0,92,23,5514,128,6433,6561
2,126960,46,0,0,46,23,5520,64000,9,64009
2,126960,92,0,0,92,23,5520,64000,9,64009
2,127006,22,0,0,22,22,5773,64000,9,64009
2,127006,22,0,0,22,22,5773,71874,1,71875
2,127006,22,0,0,88,22,5773,8624,1,8625
2,127006,40986,0,0,22,22,5773,2560,16767,19327
2,127006,41250,0,0,22,22,5773,9016,5625,14641
2,127006,68750,0,0,22,22,5773,129654,3125,132779
2,127006,87318,0,0,22,22,5773,2008,11907,13915
2,127006,122958,0,0,22,22,5773,686,5589,6275
2,127006,127006,0,0,22,22,5773,882,5773,6655
2,127029,23,0,0,46,23,5523,31212,1,31213
2,127029,23,0,0,92,23,5523,28560,1,28561
2,127029,2093,0,0,23,23,5523,8192,1183,9375
2,127029,3887,0,0,23,23,5523,8416,845,9261
2,127029,6049,0,0,46,23,5523,16384,1841,18225
2,127029,10143,0,0,23,23,5523,6656,3969,10625
2,127029,27209,0,0,23,23,5523,8942,1183,10125
2,127029,102833,0,0,23,23,5523,31250,4471,35721
2,127050,7194,0,0,22,22,5775,5632,2943,8575
2,127050,7546,0,0,22,22,5775,4224,2401,6625
2,127050,23958,0,0,22,22,5775,95048,3267,98315
2,127050,26950,0,0,22,22,5775,288,6125,6413
2,127050,48114,0,0,22,22,5775,11858,2187,14045
2,127050,50358,0,0,22,22,5775,8,6867,6875
2,127050,52822,0,0,22,22,5775,5618,2401,8019
2,127050,61798,0,0,22,22,5775,10648,8427,19075
2,127050,67914,0,0,22,22,5775,11554,3087,14641
2,127050,74250,0,0,22,22,5775,117128,10125,127253
2,127305,7889,0,0,23,23,5535,10368,2401,12769
2,127581,69,0,0,23,23,5547,7688,9,7697
2,127666,594,0,0,22,22,5803,103544,81,103625
2,127949,5589,0,0,23,23,5563,77882,243,78125
2,127995,23,0,0,92,23,5565,41552,1,41553
2,127995,54625,0,0,23,23,5565,32,11875,11907
2,127995,64607,0,0,23,23,5565,4050,2809,6859
2,128238,18502,0,0,22,22,5829,18522,841,19363
2,128590,42878,0,0,22,22,5845,18144,9745,27889
2,128593,55223,0,0,23,23,5591,11182,2401,13583
2,128639,2875,0,0,23,23,5593,13536,625,14161
2,128639,8579,0,0,23,23,5593,10528,1865,12393
2,128639,14375,0,0,23,23,5593,36554,625,37179
2,128639,16767,0,0,23,23,5593,24064,6561,30625
2,128639,71875,0,0,23,23,5593,14406,3125,17531
2,128700,2860,0,0,44,22,5850,6144,715,6859
2,128700,5720,0,0,88,22,5850,6144,715,6859
2,128915,23,0,0,23,23,5605,48734,1,48735
2,128915,14375,0,0,23,23,5605,4984,1875,6859
2,128915,35397,0,0,23,23,5605,3304,4617,7921
2,128915,50301,0,0,23,23,5605,18050,2187,20237
2,128915,54625,0,0,23,23,5605,32,11875,11907
2,128986,22,0,0,22,22,5863,64000,9,64009
2,128986,22,0,0,22,22,5863,71874,1,71875
2,128986,22,0,0,44,22,5863,75140,1,75141
2,128986,22,0,0,88,22,5863,17424,1,17425
2,128986,594,0,0,22,22,5863,203320,81,203401
2,128986,2662,0,0,22,22,5863,6144,1331,7475
2,128986,4950,0,0,22,22,5863,9248,1125,10373
2,128986,19602,0,0,22,22,5863,7514,891,8405
2,128986,19602,0,0,22,22,5863,2048,9801,11849
2,128986,22550,0,0,22,22,5863,5566,1025,6591
2,128986,29282,0,0,22,22,5863,5000,3993,8993
2,128986,29282,0,0,22,22,5863,13294,1331,14625
2,128986,30250,0,0,22,22,5863,13754,1375,15129
2,128986,33462,0,0,22,22,5863,2312,4563,6875
2,128986,36982,0,0,22,22,5863,4394,1681,6075
2,128986,36982,0,0,22,22,5863,45630,1681,47311
2,128986,40898,0,0,22,22,5863,23000,5577,28577
2,128986,48334,0,0,22,22,5863,864,10985,11849
2,128986,48334,0,0,22,22,5863,5576,6591,12167
2,128986,63206,0,0,22,22,5863,16810,2873,19683
2,128986,68750,0,0,22,22,5863,61952,28125,90077
2,128986,69938,0,0,22,22,5863,3750,3179,6929
2,128986,76670,0,0,22,22,5863,32,17425,17457
2,128986,100386,0,0,22,22,5863,2662,4563,7225
2,128986,102850,0,0,22,22,5863,1886,4675,6561
2,128986,108086,0,0,22,22,5863,33750,4913,38663
2,128986,121550,0,0,22,22,5863,6642,5525,12167
2,128986,122958,0,0,22,22,5863,1066,5589,6655
2,128986,128018,0,0,22,22,5863,1066,5819,6885
2,129030,46,0,0,46,23,5610,64000,9,64009
2,129030,92,0,0,92,23,5610,64000,9,64009
2,129360,132,0,0,44,22,5880,117640,9,117649
2,129646,14058,0,0,22,22,5893,6250,639,6889
2,129789,106191,0,0,23,23,5643,2258,4617,6875
2,129910,5346,0,0,22,22,5905,29282,243,29525
2,130086,1782,0,0,22,22,5913,42632,243,42875
2,130086,2002,0,0,22,22,5913,8192,1183,9375
2,130086,18590,0,0,22,22,5913,2336,4225,6561
2,130130,3718,0,0,44,22,5915,11956,169,12125
2,130295,50301,0,0,23,23,5665,9064,6561,15625
2,130617,8303,0,0,23,23,5679,16406,361,16767
2,130746,5742,0,0,22,22,5943,5248,1827,7075
2,130746,7546,0,0,22,22,5943,15282,343,15625
2,130755,621,0,0,23,23,5685,5632,243,5875
2,130985,23,0,0,92,23,5695,18224,1,18225
2,131010,8910,0,0,22,22,5955,10952,1215,12167
2,131010,26202,0,0,44,22,5955,11500,1191,12691
2,131010,28490,0,0,22,22,5955,512,11655,12167
2,131010,43670,0,0,22,22,5955,1184,9925,11109
2,131010,48114,0,0,22,22,5955,50816,15309,66125
2,131010,65934,0,0,22,22,5955,3176,8991,12167
2,131274,5346,0,0,22,22,5967,15886,243,16129
2,131537,55223,0,0,23,23,5719,13122,2401,15523
2,131537,91287,0,0,23,23,5719,512,35721,36233
2,131626,66,0,0,22,22,5983,37240,9,37249
2,131626,110,0,0,22,22,5983,10976,25,11001
2,131626,2750,0,0,22,22,5983,129696,625,130321
2,131626,42966,0,0,22,22,5983,1000,5859,6859
2,131626,52250,0,0,22,22,5983,32,11875,11907
2,131626,55594,0,0,22,22,5983,123008,17689,140697
2,131670,52250,0,0,22,22,5985,32,11875,11907
2,131859,1127,0,0,23,23,5733,12506,49,12555
2,131859,2093,0,0,23,23,5733,8192,1183,9375
2,131859,5589,0,0,23,23,5733,12250,243,12493
2,131859,7889,0,0,23,23,5733,12150,343,12493
2,131859,8073,0,0,23,23,5733,10952,1053,12005
2,131859,14375,0,0,23,23,5733,8192,8125,16317
2,131859,20125,0,0,23,23,5733,128,6125,6253
2,131859,24219,0,0,23,23,5733,79360,9477,88837
2,131859,34937,0,0,23,23,5733,4992,10633,15625
2,132336,44112,0,0,48,24,5514,128,6433,6561
2,132336,88224,0,0,96,24,5514,128,6433,6561
2,132480,48,0,0,48,24,5520,64000,9,64009
2,132480,96,0,0,96,24,5520,64000,9,64009
2,132503,7889,0,0,23,23,5761,10368,2401,12769
2,132552,24,0,0,48,24,5523,31212,1,31213
2,132552,24,0,0,96,24,5523,28560,1,28561
2,132552,2184,0,0,24,24,5523,8192,1183,9375
2,132552,4056,0,0,24,24,5523,8416,845,9261
2,132552,6312,0,0,48,24,5523,16384,1841,18225
2,132552,10584,0,0,24,24,5523,6656,3969,10625
2,132552,28392,0,0,24,24,5523,8942,1183,10125
2,132552,107304,0,0,24,24,5523,31250,4471,35721
2,132779,23,0,0,23,23,5773,64000,9,64009
2,132779,23,0,0,23,23,5773,71874,1,71875
2,132779,23,0,0,92,23,5773,8624,1,8625
2,132779,42849,0,0,23,23,5773,2560,16767,19327
2,132779,43125,0,0,23,23,5773,9016,5625,14641
2,132779,71875,0,0,23,23,5773,129654,3125,132779
2,132779,91287,0,0,23,23,5773,2008,11907,13915
2,132779,128547,0,0,23,23,5773,686,5589,6275
2,132779,132779,0,0,23,23,5773,882,5773,6655
2,132825,7521,0,0,23,23,5775,5632,2943,8575
2,132825,7889,0,0,23,23,5775,4224,2401,6625
2,132825,25047,0,0,23,23,5775,95048,3267,98315
2,132825,28175,0,0,23,23,5775,288,6125,6413
2,132825,50301,0,0,23,23,5775,11858,2187,14045
2,132825,52647,0,0,23,23,5775,8,6867,6875
2,132825,55223,0,0,23,23,5775,5618,2401,8019
2,132825,64607,0,0,23,23,5775,10648,8427,19075
2,132825,71001,0,0,23,23,5775,11554,3087,14641
2,132825,77625,0,0,23,23,5775,117128,10125,127253
2,132840,8232,0,0,24,24,5535,10368,2401,12769
2,133128,72,0,0,24,24,5547,7688,9,7697
2,133469,621,0,0,23,23,5803,103544,81,103625
2,133512,5832,0,0,24,24,5563,77882,243,78125
2,133560,24,0,0,96,24,5565,41552,1,41553
2,133560,57000,0,0,24,24,5565,32,11875,11907
2,133560,67416,0,0,24,24,5565,4050,2809,6859
2,134067,19343,0,0,23,23,5829,18522,841,19363
2,134184,57624,0,0,24,24,5591,11182,2401,13583
2,134232,3000,0,0,24,24,5593,13536,625,14161
2,134232,8952,0,0,24,24,5593,10528,1865,12393
2,134232,15000,0,0,24,24,5593,36554,625,37179
2,134232,17496,0,0,24,24,5593,24064,6561,30625
2,134232,75000,0,0,24,24,5593,14406,3125,17531
2,134435,44827,0,0,23,23,5845,18144,9745,27889
2,134520,24,0,0,24,24,5605,48734,1,48735
2,134520,15000,0,0,24,24,5605,4984,1875,6859
2,134520,36936,0,0,24,24,5605,3304,4617,7921
2,134520,52488,0,0,24,24,5605,18050,2187,20237
2,134520,57000,0,0,24,24,5605,32,11875,11907
2,134550,2990,0,0,46,23,5850,6144,715,6859
2,134550,5980,0,0,92,23,5850,6144,715,6859
2,134640,48,0,0,48,24,5610,64000,9,64009
2,134640,96,0,0,96,24,5610,64000,9,64009
2,134849,23,0,0,23,23,5863,64000,9,64009
2,134849,23,0,0,23,23,5863,71874,1,71875
2,134849,23,0,0,46,23,5863,75140,1,75141
2,134849,23,0,0,92,23,5863,17424,1,17425
2,134849,621,0,0,23,23,5863,203320,81,203401
2,134849,2783,0,0,23,23,5863,6144,1331,7475
2,134849,5175,0,0,23,23,5863,9248,1125,10373
2,134849,20493,0,0,23,23,5863,7514,891,8405
2,134849,20493,0,0,23,23,5863,2048,9801,11849
2,134849,23575,0,0,23,23,5863,5566,1025,6591
2,134849,30613,0,0,23,23,5863,5000,3993,8993
2,134849,30613,0,0,23,23,5863,13294,1331,14625
2,134849,31625,0,0,23,23,5863,13754,1375,15129
2,134849,34983,0,0,23,23,5863,2312,4563,6875
2,134849,38663,0,0,23,23,5863,4394,1681,6075
2,134849,38663,0,0,23,23,5863,45630,1681,47311
2,134849,42757,0,0,23,23,5863,23000,5577,28577
2,134849,50531,0,0,23,23,5863,864,10985,11849
2,134849,50531,0,0,23,23,5863,5576,6591,12167
2,134849,66079,0,0,23,23,5863,16810,2873,19683
2,134849,71875,0,0,23,23,5863,61952,28125,90077
2,134849,73117,0,0,23,23,5863,3750,3179,6929
2,134849,80155,0,0,23,23,5863,32,17425,17457
2,134849,104949,0,0,23,23,5863,2662,4563,7225
2,134849,107525,0,0,23,23,5863,1886,4675,6561
2,134849,112999,0,0,23,23,5863,33750,4913,38663
2,134849,127075,0,0,23,23,5863,6642,5525,12167
2,134849,128547,0,0,23,23,5863,1066,5589,6655
2,134849,133837,0,0,23,23,5863,1066,5819,6885
2,135240,138,0,0,46,23,5880,117640,9,117649
2,135432,110808,0,0,24,24,5643,2258,4617,6875
2,135539,14697,0,0,23,23,5893,6250,639,6889
2,135815,5589,0,0,23,23,5905,29282,243,29525
2,135960,52488,0,0,24,24,5665,9064,6561,15625
2,135999,1863,0,0,23,23,5913,42632,243,42875
2,135999,2093,0,0,23,23,5913,8192,1183,9375
2,135999,19435,0,0,23,23,5913,2336,4225,6561
2,136045,3887,0,0,46,23,5915,11956,169,12125
2,136296,8664,0,0,24,24,5679,16406,361,16767
2,136440,648,0,0,24,24,5685,5632,243,5875
2,136680,24,0,0,96,24,5695,18224,1,18225
2,136689,6003,0,0,23,23,5943,5248,1827,7075
2,136689,7889,0,0,23,23,5943,15282,343,15625
2,136965,9315,0,0,23,23,5955,10952,1215,12167
2,136965,27393,0,0,46,23,5955,11500,1191,12691
2,136965,29785,0,0,23,23,5955,512,11655,12167
2,136965,45655,0,0,23,23,5955,1184,9925,11109
2,136965,50301,0,0,23,23,5955,50816,15309,66125
2,136965,68931,0,0,23,23,5955,3176,8991,12167
2,137241,5589,0,0,23,23,5967,15886,243,16129
2,137256,57624,0,0,24,24,5719,13122,2401,15523
2,137256,95256,0,0,24,24,5719,512,35721,36233
2,137592,1176,0,0,24,24,5733,12506,49,12555
2,137592,2184,0,0,24,24,5733,8192,1183,9375
2,137592,5832,0,0,24,24,5733,12250,243,12493
2,137592,8232,0,0,24,24,5733,12150,343,12493
2,137592,8424,0,0,24,24,5733,10952,1053,12005
2,137592,15000,0,0,24,24,5733,8192,8125,16317
2,137592,21000,0,0,24,24,5733,128,6125,6253
2,137592,25272,0,0,24,24,5733,79360,9477,88837
2,137592,36456,0,0,24,24,5733,4992,10633,15625
2,137609,69,0,0,23,23,5983,37240,9,37249
2,137609,115,0,0,23,23,5983,10976,25,11001
2,137609,2875,0,0,23,23,5983,129696,625,130321
2,137609,44919,0,0,23,23,5983,1000,5859,6859
2,137609,54625,0,0,23,23,5983,32,11875,11907
2,137609,58121,0,0,23,23,5983,123008,17689,140697
2,137655,54625,0,0,23,23,5985,32,11875,11907
2,137850,45950,0,0,50,25,5514,128,6433,6561
2,137850,91900,0,0,100,25,5514,128,6433,6561
2,138000,50,0,0,50,25,5520,64000,9,64009
2,138000,100,0,0,100,25,5520,64000,9,64009
2,138075,25,0,0,50,25,5523,31212,1,31213
2,138075,25,0,0,100,25,5523,28560,1,28561
2,138075,2275,0,0,25,25,5523,8192,1183,9375
2,138075,4225,0,0,25,25,5523,8416,845,9261
2,138075,6575,0,0,50,25,5523,16384,1841,18225
2,138075,11025,0,0,25,25,5523,6656,3969,10625
2,138075,29575,0,0,25,25,5523,8942,1183,10125
2,138075,111775,0,0,25,25,5523,31250,4471,35721
2,138264,8232,0,0,24,24,5761,10368,2401,12769
2,138375,8575,0,0,25,25,5535,10368,2401,12769
2,138552,24,0,0,24,24,5773,64000,9,64009
2,138552,24,0,0,24,24,5773,71874,1,71875
2,138552,24,0,0,96,24,5773,8624,1,8625
2,138552,44712,0,0,24,24,5773,2560,16767,19327
2,138552,45000,0,0,24,24,5773,9016,5625,14641
2,138552,75000,0,0,24,24,5773,129654,3125,132779
2,138552,95256,0,0,24,24,5773,2008,11907,13915
2,138552,134136,0,0,24,24,5773,686,5589,6275
2,138552,138552,0,0,24,24,5773,882,5773,6655
2,138600,7848,0,0,24,24,5775,5632,2943,8575
2,138600,8232,0,0,24,24,5775,4224,2401,6625
2,138600,26136,0,0,24,24,5775,95048,3267,98315
2,138600,29400,0,0,24,24,5775,288,6125,6413
2,138600,52488,0,0,24,24,5775,11858,2187,14045
2,138600,54936,0,0,24,24,5775,8,6867,6875
2,138600,57624,0,0,24,24,5775,5618,2401,8019
2,138600,67416,0,0,24,24,5775,10648,8427,19075
2,138600,74088,0,0,24,24,5775,11554,3087,14641
2,138600,81000,0,0,24,24,5775,117128,10125,127253
2,138675,75,0,0,25,25,5547,7688,9,7697
2,139075,6075,0,0,25,25,5563,77882,243,78125
2,139125,25,0,0,100,25,5565,41552,1,41553
2,139125,59375,0,0,25,25,5565,32,11875,11907
2,139125,70225,0,0,25,25,5565,4050,2809,6859
2,139272,648,0,0,24,24,5803,103544,81,103625
2,139775,60025,0,0,25,25,5591,11182,2401,13583
2,139825,3125,0,0,25,25,5593,13536,625,14161
2,139825,9325,0,0,25,25,5593,10528,1865,12393
2,139825,15625,0,0,25,25,5593,36554,625,37179
2,139825,18225,0,0,25,25,5593,24064,6561,30625
2,139825,78125,0,0,25,25,5593,14406,3125,17531
2,139896,20184,0,0,24,24,5829,18522,841,19363
2,140125,25,0,0,25,25,5605,48734,1,48735
2,140125,15625,0,0,25,25,5605,4984,1875,6859
2,140125,38475,0,0,25,25,5605,3304,4617,7921
2,140125,54675,0,0,25,25,5605,18050,2187,20237
2,140125,59375,0,0,25,25,5605,32,11875,11907
2,140250,50,0,0,50,25,5610,64000,9,64009
2,140250,100,0,0,100,25,5610,64000,9,64009
2,140280,46776,0,0,24,24,5845,18144,9745,27889
2,140400,3120,0,0,48,24,5850,6144,715,6859
2,140400,6240,0,0,96,24,5850,6144,715,6859
2,140712,24,0,0,24,24,5863,64000,9,64009
2,140712,24,0,0,24,24,5863,71874,1,71875
2,140712,24,0,0,48,24,5863,75140,1,75141
2,140712,24,0,0,96,24,5863,17424,1,17425
2,140712,648,0,0,24,24,5863,203320,81,203401
2,140712,2904,0,0,24,24,5863,6144,1331,7475
2,140712,5400,0,0,24,24,5863,9248,1125,10373
2,140712,21384,0,0,24,24,5863,7514,891,8405
2,140712,21384,0,0,24,24,5863,2048,9801,11849
2,140712,24600,0,0,24,24,5863,5566,1025,6591
2,140712,31944,0,0,24,24,5863,5000,3993,8993
2,140712,31944,0,0,24,24,5863,13294,1331,14625
2,140712,33000,0,0,24,24,5863,13754,1375,15129
2,140712,36504,0,0,24,24,5863,2312,4563,6875
2,140712,40344,0,0,24,24,5863,4394,1681,6075
2,140712,40344,0,0,24,24,5863,45630,1681,47311
2,140712,44616,0,0,24,24,5863,23000,5577,28577
2,140712,52728,0,0,24,24,5863,864,10985,11849
2,140712,52728,0,0,24,24,5863,5576,6591,12167
2,140712,68952,0,0,24,24,5863,16810,2873,19683
2,140712,75000,0,0,24,24,5863,61952,28125,90077
2,140712,76296,0,0,24,24,5863,3750,3179,6929
2,140712,83640,0,0,24,24,5863,32,17425,17457
2,140712,109512,0,0,24,24,5863,2662,4563,7225
2,140712,112200,0,0,24,24,5863,1886,4675,6561
2,140712,117912,0,0,24,24,5863,33750,4913,38663
2,140712,132600,0,0,24,24,5863,6642,5525,12167
2,140712,134136,0,0,24,24,5863,1066,5589,6655
2,140712,139656,0,0,24,24,5863,1066,5819,6885
2,141075,115425,0,0,25,25,5643,2258,4617,6875
2,141120,144,0,0,48,24,5880,117640,9,117649
2,141432,15336,0,0,24,24,5893,6250,639,6889
2,141625,54675,0,0,25,25,5665,9064,6561,15625
2,141720,5832,0,0,24,24,5905,29282,243,29525
2,141912,1944,0,0,24,24,5913,42632,243,42875
2,141912,2184,0,0,24,24,5913,8192,1183,9375
2,141912,20280,0,0,24,24,5913,2336,4225,6561
2,141960,4056,0,0,48,24,5915,11956,169,12125
2,141975,9025,0,0,25,25,5679,16406,361,16767
2,142125,675,0,0,25,25,5685,5632,243,5875
2,142375,25,0,0,100,25,5695,18224,1,18225
2,142632,6264,0,0,24,24,5943,5248,1827,7075
2,142632,8232,0,0,24,24,5943,15282,343,15625
2,142920,9720,0,0,24,24,5955,10952,1215,12167
2,142920,28584,0,0,48,24,5955,11500,1191,12691
2,142920,31080,0,0,24,24,5955,512,11655,12167
2,142920,47640,0,0,24,24,5955,1184,9925,11109
2,142920,52488,0,0,24,24,5955,50816,15309,66125
2,142920,71928,0,0,24,24,5955,3176,8991,12167
2,142975,60025,0,0,25,25,5719,13122,2401,15523
2,142975,99225,0,0,25,25,5719,512,35721,36233
2,143208,5832,0,0,24,24,5967,15886,243,16129
2,143325,1225,0,0,25,25,5733,12506,49,12555
2,143325,2275,0,0,25,25,5733,8192,1183,9375
2,143325,6075,0,0,25,25,5733,12250,243,12493
2,143325,8575,0,0,25,25,5733,12150,343,12493
2,143325,8775,0,0,25,25,5733,10952,1053,12005
2,143325,15625,0,0,25,25,5733,8192,8125,16317
2,143325,21875,0,0,25,25,5733,128,6125,6253
2,143325,26325,0,0,25,25,5733,79360,9477,88837
2,143325,37975,0,0,25,25,5733,4992,10633,15625
2,143364,47788,0,0,52,26,5514,128,6433,6561
2,143364,95576,0,0,104,26,5514,128,6433,6561
2,143520,52,0,0,52,26,5520,64000,9,64009
2,143520,104,0,0,104,26,5520,64000,9,64009
2,143592,72,0,0,24,24,5983,37240,9,37249
2,143592,120,0,0,24,24,5983,10976,25,11001
2,143592,3000,0,0,24,24,5983,129696,625,130321
2,143592,46872,0,0,24,24,5983,1000,5859,6859
2,143592,57000,0,0,24,24,5983,32,11875,11907
2,143592,60648,0,0,24,24,5983,123008,17689,140697
2,143598,26,0,0,52,26,5523,31212,1,31213
2,143598,26,0,0,104,26,5523,28560,1,28561
2,143598,2366,0,0,26,26,5523,8192,1183,9375
2,143598,4394,0,0,26,26,5523,8416,845,9261
2,143598,6838,0,0,52,26,5523,16384,1841,18225
2,143598,11466,0,0,26,26,5523,6656,3969,10625
2,143598,30758,0,0,26,26,5523,8942,1183,10125
2,143598,116246,0,0,26,26,5523,31250,4471,35721
2,143640,57000,0,0,24,24,5985,32,11875,11907
