U,d,sigma1,sigma2,sigma3,r,t,e,a,b,n
2,5005,91,0,0,1,1,5005,8192,1183,9375
2,5005,539,0,0,1,1,5005,16000,3773,19773
2,5005,4225,0,0,1,1,5005,15488,29575,45063
2,5013,1,0,0,2,1,5013,13924,1,13925
2,5013,289,0,0,1,1,5013,14750,289,15039
2,5029,2187,0,0,1,1,5029,4888,6561,11449
2,5031,1,0,0,1,1,5031,12942,1,12943
2,5035,1,0,0,1,1,5035,101250,1,101251
2,5035,1,0,0,2,1,5035,36500,1,36501
2,5035,81,0,0,1,1,5035,53290,81,53371
2,5035,243,0,0,1,1,5035,4600,729,5329
2,5035,1431,0,0,1,1,5035,37376,12879,50255
2,5035,1679,0,0,1,1,5035,32,8395,8427
2,5035,2809,0,0,1,1,5035,4050,2809,6859
2,5047,121,0,0,1,1,5047,16686,121,16807
2,5058,2,0,0,2,1,5058,64000,9,64009
2,5071,361,0,0,1,1,5071,118098,361,118459
2,5073,1,0,0,2,1,5073,16820,1,16821
2,5073,285,0,0,1,1,5073,6496,1425,7921
2,5073,609,0,0,1,1,5073,6250,609,6859
2,5073,625,0,0,1,1,5073,4984,1875,6859
2,5073,1691,0,0,1,1,5073,8352,8455,16807
2,5073,2375,0,0,1,1,5073,32,11875,11907
2,5073,3249,0,0,1,1,5073,200,9747,9947
2,5083,565,0,0,1,1,5083,9568,2825,12393
2,5083,3125,0,0,1,1,5083,24334,3125,27459
2,5113,4805,0,0,1,1,5113,32,24025,24057
2,5113,5113,0,0,2,1,5113,2420,5113,7533
2,5115,1,0,0,1,1,5115,5202,1,5203
2,5115,1,0,0,1,1,5115,203390,1,203391
2,5115,27,0,0,1,1,5115,5848,81,5929
2,5115,49,0,0,1,1,5115,8910,49,8959
2,5115,121,0,0,1,1,5115,94178,121,94299
2,5115,215,0,0,1,1,5115,6944,1075,8019
2,5115,279,0,0,1,1,5115,3808,1395,5203
2,5115,301,0,0,1,1,5115,3968,2107,6075
2,5115,343,0,0,1,1,5115,5504,2401,7905
2,5115,605,0,0,1,1,5115,44064,3025,47089
2,5115,625,0,0,1,1,5115,7502,625,8127
2,5115,765,0,0,1,1,5115,10648,2295,12943
2,5115,867,0,0,1,1,5115,12040,2601,14641
2,5115,875,0,0,1,1,5115,1408,6125,7533
2,5115,891,0,0,1,1,5115,1376,4455,5831
2,5115,1023,0,0,8,1,5115,4352,1023,5375
2,5115,1323,0,0,1,1,5115,31000,3969,34969
2,5115,1375,0,0,1,1,5115,22016,12375,34391
2,5115,1377,0,0,1,1,5115,2744,4131,6875
2,5115,1519,0,0,1,1,5115,13122,1519,14641
2,5115,2709,0,0,1,1,5115,6250,2709,8959
2,5115,2709,0,0,1,1,5115,95744,24381,120125
2,5115,3025,0,0,1,1,5115,28322,3025,31347
2,5115,3125,0,0,1,1,5115,5984,15625,21609
2,5115,3999,0,0,1,1,5115,8,11997,12005
2,5115,4805,0,0,1,1,5115,32,24025,24057
2,5115,4913,0,0,1,1,5115,462,4913,5375
2,5115,4913,0,0,1,1,5115,946,4913,5859
2,5133,2187,0,0,1,1,5133,2560,19683,22243
2,5143,25,0,0,1,1,5143,101306,25,101331
2,5143,4107,0,0,1,1,5143,7000,12321,19321
2,5143,5143,0,0,4,1,5143,11664,5143,16807
2,5157,1,0,0,1,1,5157,72962,1,72963
2,5185,1,0,0,1,1,5185,5490,1,5491
2,5185,1,0,0,1,1,5185,6174,1,6175
2,5185,1,0,0,2,1,5185,14364,1,14365
2,5185,1,0,0,2,1,5185,31212,1,31213
2,5185,1,0,0,4,1,5185,28560,1,28561
2,5185,3,0,0,1,1,5185,61000,9,61009
2,5185,5,0,0,1,1,5185,13664,25,13689
2,5185,9,0,0,1,1,5185,60928,81,61009
2,5185,27,0,0,1,1,5185,74698,27,74725
2,5185,49,0,0,1,1,5185,5746,49,5795
2,5185,91,0,0,1,1,5185,8192,1183,9375
2,5185,169,0,0,1,1,5185,235298,169,235467
2,5185,183,0,0,1,1,5185,9728,1647,11375
2,5185,243,0,0,1,1,5185,8296,729,9025
2,5185,305,0,0,1,1,5185,9248,1525,10773
2,5185,351,0,0,1,1,5185,31232,3159,34391
2,5185,361,0,0,1,1,5185,7442,361,7803
2,5185,361,0,0,1,1,5185,7514,361,7875
2,5185,441,0,0,1,1,5185,6656,3969,10625
2,5185,625,0,0,1,1,5185,512,5625,6137
2,5185,625,0,0,1,1,5185,33184,3125,36309
2,5185,637,0,0,1,1,5185,6222,637,6859
2,5185,637,0,0,1,1,5185,8192,8281,16473
2,5185,729,0,0,1,1,5185,9386,729,10115
2,5185,1071,0,0,1,1,5185,128,7497,7625
2,5185,1083,0,0,1,1,5185,12376,3249,15625
2,5185,1083,0,0,1,1,5185,17576,3249,20825
2,5185,1159,0,0,1,1,5185,9826,1159,10985
2,5185,1215,0,0,1,1,5185,6664,3645,10309
2,5185,1647,0,0,1,1,5185,16184,4941,21125
2,5185,2125,0,0,1,1,5185,20618,2125,22743
2,5185,2187,0,0,1,1,5185,1064,6561,7625
2,5185,2197,0,0,1,1,5185,3294,2197,5491
2,5185,2197,0,0,1,1,5185,7442,2197,9639
2,5185,2375,0,0,1,1,5185,32,11875,11907
2,5185,2401,0,0,1,1,5185,3200,16807,20007
2,5185,2527,0,0,1,1,5185,29768,7581,37349
2,5185,2835,0,0,1,1,5185,2176,19845,22021
2,5185,2873,0,0,1,1,5185,18050,2873,20923
2,5185,3087,0,0,1,1,5185,3050,3087,6137
2,5185,3125,0,0,1,1,5185,2366,3125,5491
2,5185,3159,0,0,1,1,5185,32,15795,15827
2,5185,3645,0,0,1,1,5185,10336,18225,28561
2,5185,3721,0,0,1,1,5185,5054,3721,8775
2,5185,3757,0,0,1,1,5185,2318,3757,6075
2,5185,3969,0,0,1,1,5185,2890,3969,6859
2,5185,4199,0,0,1,1,5185,14406,4199,18605
2,5185,4563,0,0,1,1,5185,7442,4563,12005
2,5185,4617,0,0,1,1,5185,46592,41553,88145
2,5185,4913,0,0,1,1,5185,882,4913,5795
2,5185,4913,0,0,1,1,5185,6250,4913,11163
2,5185,4913,0,0,1,1,5185,82810,4913,87723
2,5185,4913,0,0,1,1,5185,24576,63869,88445
2,5205,5043,0,0,1,1,5205,1000,15129,16129
2,5215,1,0,0,1,1,5215,12690,1,12691
2,5215,729,0,0,1,1,5215,24064,6561,30625
2,5215,1369,0,0,1,1,5215,47000,4107,51107
2,5215,3725,0,0,1,1,5215,3478,3725,7203
2,5263,1,0,0,1,1,5263,13850,1,13851
2,5278,182,0,0,2,1,5278,8192,1183,9375
2,5278,364,0,0,4,1,5278,8192,1183,9375
2,5278,728,0,0,8,1,5278,8192,1183,9375
2,5283,587,0,0,4,1,5283,5488,587,6075
2,5287,729,0,0,1,1,5287,22016,6561,28577
2,5311,329,0,0,1,1,5311,14464,2303,16767
2,5311,343,0,0,1,1,5311,10368,2401,12769
2,5311,1017,0,0,1,1,5311,4802,1017,5819
2,5313,1,0,0,1,1,5313,64000,9,64009
2,5313,1,0,0,1,1,5313,71874,1,71875
2,5313,1,0,0,4,1,5313,8624,1,8625
2,5313,243,0,0,1,1,5313,14882,243,15125
2,5313,625,0,0,1,1,5313,2464,3125,5589
2,5313,1875,0,0,1,1,5313,5566,1875,7441
2,5313,1875,0,0,1,1,5313,9016,5625,14641
2,5313,2025,0,0,1,1,5313,1568,10125,11693
2,5325,2187,0,0,1,1,5325,24352,10935,35287
2,5353,63,0,0,1,1,5353,6784,441,7225
2,5353,707,0,0,1,1,5353,10368,4949,15317
2,5353,1701,0,0,1,1,5353,1696,8505,10201
2,5353,5103,0,0,1,1,5353,8,15309,15317
2,5353,5353,0,0,1,1,5353,2450,5353,7803
2,5355,3,0,0,1,1,5355,237160,9,237169
2,5355,487,0,0,1,1,5355,17248,2435,19683
2,5355,729,0,0,1,1,5355,117128,2187,119315
2,5355,1377,0,0,1,1,5355,2744,4131,6875
2,5355,3125,0,0,1,1,5355,16558,3125,19683
2,5355,3125,0,0,1,1,5355,5984,15625,21609
2,5367,1789,0,0,1,1,5367,4802,1789,6591
2,5395,1,0,0,1,1,5395,33614,1,33615
2,5395,25,0,0,1,1,5395,62426,25,62451
2,5395,91,0,0,1,1,5395,8192,1183,9375
2,5395,169,0,0,1,1,5395,10206,169,10375
2,5395,1125,0,0,1,1,5395,2656,5625,8281
2,5395,1875,0,0,1,1,5395,60424,5625,66049
2,5395,2075,0,0,1,1,5395,2056,6225,8281
2,5395,3125,0,0,1,1,5395,3598,3125,6723
2,5395,3375,0,0,1,1,5395,25186,3375,28561
2,5395,4067,0,0,1,1,5395,39366,4067,43433
2,5395,4459,0,0,1,1,5395,2430,4459,6889
2,5421,841,0,0,1,1,5421,57122,841,57963
2,5421,1521,0,0,1,1,5421,5632,13689,19321
2,5421,4901,0,0,1,1,5421,6358,4901,11259
2,5423,121,0,0,1,1,5423,9826,121,9947
2,5423,3025,0,0,1,1,5423,131072,51425,182497
2,5445,2187,0,0,1,1,5445,169000,6561,175561
2,5451,3,0,0,1,1,5451,6232,9,6241
2,5451,3,0,0,1,1,5451,25912,9,25921
2,5460,182,0,0,2,1,5460,8192,1183,9375
2,5460,364,0,0,4,1,5460,8192,1183,9375
2,5460,728,0,0,8,1,5460,8192,1183,9375
2,5473,845,0,0,1,1,5473,2336,4225,6561
2,5487,3,0,0,1,1,5487,14632,9,14641
2,5500,250,0,0,2,1,5500,69984,625,70609
2,10010,182,0,0,2,2,5005,8192,1183,9375
2,10010,1078,0,0,2,2,5005,16000,3773,19773
2,10010,8450,0,0,2,2,5005,15488,29575,45063
2,10026,2,0,0,4,2,5013,13924,1,13925
2,10026,578,0,0,2,2,5013,14750,289,15039
2,10058,4374,0,0,2,2,5029,4888,6561,11449
2,10062,2,0,0,2,2,5031,12942,1,12943
2,10070,2,0,0,2,2,5035,101250,1,101251
2,10070,2,0,0,4,2,5035,36500,1,36501
2,10070,162,0,0,2,2,5035,53290,81,53371
2,10070,486,0,0,2,2,5035,4600,729,5329
2,10070,2862,0,0,2,2,5035,37376,12879,50255
2,10070,3358,0,0,2,2,5035,32,8395,8427
2,10070,5618,0,0,2,2,5035,4050,2809,6859
2,10094,242,0,0,2,2,5047,16686,121,16807
2,10116,4,0,0,4,2,5058,64000,9,64009
2,10142,722,0,0,2,2,5071,118098,361,118459
2,10146,2,0,0,4,2,5073,16820,1,16821
2,10146,570,0,0,2,2,5073,6496,1425,7921
2,10146,1218,0,0,2,2,5073,6250,609,6859
2,10146,1250,0,0,2,2,5073,4984,1875,6859
2,10146,3382,0,0,2,2,5073,8352,8455,16807
2,10146,4750,0,0,2,2,5073,32,11875,11907
2,10146,6498,0,0,2,2,5073,200,9747,9947
2,10166,1130,0,0,2,2,5083,9568,2825,12393
2,10166,6250,0,0,2,2,5083,24334,3125,27459
2,10226,9610,0,0,2,2,5113,32,24025,24057
2,10226,10226,0,0,4,2,5113,2420,5113,7533
2,10230,2,0,0,2,2,5115,5202,1,5203
2,10230,2,0,0,2,2,5115,203390,1,203391
2,10230,54,0,0,2,2,5115,5848,81,5929
2,10230,98,0,0,2,2,5115,8910,49,8959
2,10230,242,0,0,2,2,5115,94178,121,94299
2,10230,430,0,0,2,2,5115,6944,1075,8019
2,10230,558,0,0,2,2,5115,3808,1395,5203
2,10230,602,0,0,2,2,5115,3968,2107,6075
2,10230,686,0,0,2,2,5115,5504,2401,7905
2,10230,1210,0,0,2,2,5115,44064,3025,47089
2,10230,1250,0,0,2,2,5115,7502,625,8127
2,10230,1530,0,0,2,2,5115,10648,2295,12943
2,10230,1734,0,0,2,2,5115,12040,2601,14641
2,10230,1750,0,0,2,2,5115,1408,6125,7533
2,10230,1782,0,0,2,2,5115,1376,4455,5831
2,10230,2046,0,0,16,2,5115,4352,1023,5375
2,10230,2646,0,0,2,2,5115,31000,3969,34969
2,10230,2750,0,0,2,2,5115,22016,12375,34391
2,10230,2754,0,0,2,2,5115,2744,4131,6875
2,10230,3038,0,0,2,2,5115,13122,1519,14641
2,10230,5418,0,0,2,2,5115,6250,2709,8959
2,10230,5418,0,0,2,2,5115,95744,24381,120125
2,10230,6050,0,0,2,2,5115,28322,3025,31347
2,10230,6250,0,0,2,2,5115,5984,15625,21609
2,10230,7998,0,0,2,2,5115,8,11997,12005
2,10230,9610,0,0,2,2,5115,32,24025,24057
2,10230,9826,0,0,2,2,5115,462,4913,5375
2,10230,9826,0,0,2,2,5115,946,4913,5859
2,10266,4374,0,0,2,2,5133,2560,19683,22243
2,10286,50,0,0,2,2,5143,101306,25,101331
2,10286,8214,0,0,2,2,5143,7000,12321,19321
2,10286,10286,0,0,8,2,5143,11664,5143,16807
2,10314,2,0,0,2,2,5157,72962,1,72963
2,10370,2,0,0,2,2,5185,5490,1,5491
2,10370,2,0,0,2,2,5185,6174,1,6175
2,10370,2,0,0,4,2,5185,14364,1,14365
2,10370,2,0,0,4,2,5185,31212,1,31213
2,10370,2,0,0,8,2,5185,28560,1,28561
2,10370,6,0,0,2,2,5185,61000,9,61009
2,10370,10,0,0,2,2,5185,13664,25,13689
2,10370,18,0,0,2,2,5185,60928,81,61009
2,10370,54,0,0,2,2,5185,74698,27,74725
2,10370,98,0,0,2,2,5185,5746,49,5795
2,10370,182,0,0,2,2,5185,8192,1183,9375
2,10370,338,0,0,2,2,5185,235298,169,235467
2,10370,366,0,0,2,2,5185,9728,1647,11375
2,10370,486,0,0,2,2,5185,8296,729,9025
2,10370,610,0,0,2,2,5185,9248,1525,10773
2,10370,702,0,0,2,2,5185,31232,3159,34391
2,10370,722,0,0,2,2,5185,7442,361,7803
2,10370,722,0,0,2,2,5185,7514,361,7875
2,10370,882,0,0,2,2,5185,6656,3969,10625
2,10370,1250,0,0,2,2,5185,512,5625,6137
2,10370,1250,0,0,2,2,5185,33184,3125,36309
2,10370,1274,0,0,2,2,5185,6222,637,6859
2,10370,1274,0,0,2,2,5185,8192,8281,16473
2,10370,1458,0,0,2,2,5185,9386,729,10115
2,10370,2142,0,0,2,2,5185,128,7497,7625
2,10370,2166,0,0,2,2,5185,12376,3249,15625
2,10370,2166,0,0,2,2,5185,17576,3249,20825
2,10370,2318,0,0,2,2,5185,9826,1159,10985
2,10370,2430,0,0,2,2,5185,6664,3645,10309
2,10370,3294,0,0,2,2,5185,16184,4941,21125
2,10370,4250,0,0,2,2,5185,20618,2125,22743
2,10370,4374,0,0,2,2,5185,1064,6561,7625
2,10370,4394,0,0,2,2,5185,3294,2197,5491
2,10370,4394,0,0,2,2,5185,7442,2197,9639
2,10370,4750,0,0,2,2,5185,32,11875,11907
2,10370,4802,0,0,2,2,5185,3200,16807,20007
2,10370,5054,0,0,2,2,5185,29768,7581,37349
2,10370,5670,0,0,2,2,5185,2176,19845,22021
2,10370,5746,0,0,2,2,5185,18050,2873,20923
2,10370,6174,0,0,2,2,5185,3050,3087,6137
2,10370,6250,0,0,2,2,5185,2366,3125,5491
2,10370,6318,0,0,2,2,5185,32,15795,15827
2,10370,7290,0,0,2,2,5185,10336,18225,28561
2,10370,7442,0,0,2,2,5185,5054,3721,8775
2,10370,7514,0,0,2,2,5185,2318,3757,6075
2,10370,7938,0,0,2,2,5185,2890,3969,6859
2,10370,8398,0,0,2,2,5185,14406,4199,18605
2,10370,9126,0,0,2,2,5185,7442,4563,12005
2,10370,9234,0,0,2,2,5185,46592,41553,88145
2,10370,9826,0,0,2,2,5185,882,4913,5795
2,10370,9826,0,0,2,2,5185,6250,4913,11163
2,10370,9826,0,0,2,2,5185,82810,4913,87723
2,10370,9826,0,0,2,2,5185,24576,63869,88445
2,10410,10086,0,0,2,2,5205,1000,15129,16129
2,10430,2,0,0,2,2,5215,12690,1,12691
2,10430,1458,0,0,2,2,5215,24064,6561,30625
2,10430,2738,0,0,2,2,5215,47000,4107,51107
2,10430,7450,0,0,2,2,5215,3478,3725,7203
2,10526,2,0,0,2,2,5263,13850,1,13851
2,10556,364,0,0,4,2,5278,8192,1183,9375
2,10556,728,0,0,8,2,5278,8192,1183,9375
2,10556,1456,0,0,16,2,5278,8192,1183,9375
2,10566,1174,0,0,8,2,5283,5488,587,6075
2,10574,1458,0,0,2,2,5287,22016,6561,28577
2,10622,658,0,0,2,2,5311,14464,2303,16767
2,10622,686,0,0,2,2,5311,10368,2401,12769
2,10622,2034,0,0,2,2,5311,4802,1017,5819
2,10626,2,0,0,2,2,5313,64000,9,64009
2,10626,2,0,0,2,2,5313,71874,1,71875
2,10626,2,0,0,8,2,5313,8624,1,8625
2,10626,486,0,0,2,2,5313,14882,243,15125
2,10626,1250,0,0,2,2,5313,2464,3125,5589
2,10626,3750,0,0,2,2,5313,5566,1875,7441
2,10626,3750,0,0,2,2,5313,9016,5625,14641
2,10626,4050,0,0,2,2,5313,1568,10125,11693
2,10650,4374,0,0,2,2,5325,24352,10935,35287
2,10706,126,0,0,2,2,5353,6784,441,7225
2,10706,1414,0,0,2,2,5353,10368,4949,15317
2,10706,3402,0,0,2,2,5353,1696,8505,10201
2,10706,10206,0,0,2,2,5353,8,15309,15317
2,10706,10706,0,0,2,2,5353,2450,5353,7803
2,10710,6,0,0,2,2,5355,237160,9,237169
2,10710,974,0,0,2,2,5355,17248,2435,19683
2,10710,1458,0,0,2,2,5355,117128,2187,119315
2,10710,2754,0,0,2,2,5355,2744,4131,6875
2,10710,6250,0,0,2,2,5355,16558,3125,19683
2,10710,6250,0,0,2,2,5355,5984,15625,21609
2,10734,3578,0,0,2,2,5367,4802,1789,6591
2,10790,2,0,0,2,2,5395,33614,1,33615
2,10790,50,0,0,2,2,5395,62426,25,62451
2,10790,182,0,0,2,2,5395,8192,1183,9375
2,10790,338,0,0,2,2,5395,10206,169,10375
2,10790,2250,0,0,2,2,5395,2656,5625,8281
2,10790,3750,0,0,2,2,5395,60424,5625,66049
2,10790,4150,0,0,2,2,5395,2056,6225,8281
2,10790,6250,0,0,2,2,5395,3598,3125,6723
2,10790,6750,0,0,2,2,5395,25186,3375,28561
2,10790,8134,0,0,2,2,5395,39366,4067,43433
2,10790,8918,0,0,2,2,5395,2430,4459,6889
2,10842,1682,0,0,2,2,5421,57122,841,57963
2,10842,3042,0,0,2,2,5421,5632,13689,19321
2,10842,9802,0,0,2,2,5421,6358,4901,11259
2,10846,242,0,0,2,2,5423,9826,121,9947
2,10846,6050,0,0,2,2,5423,131072,51425,182497
2,10890,4374,0,0,2,2,5445,169000,6561,175561
2,10902,6,0,0,2,2,5451,6232,9,6241
2,10902,6,0,0,2,2,5451,25912,9,25921
2,10920,364,0,0,4,2,5460,8192,1183,9375
2,10920,728,0,0,8,2,5460,8192,1183,9375
2,10920,1456,0,0,16,2,5460,8192,1183,9375
2,10946,1690,0,0,2,2,5473,2336,4225,6561
2,10974,6,0,0,2,2,5487,14632,9,14641
2,11000,500,0,0,4,2,5500,69984,625,70609
2,15015,273,0,0,3,3,5005,8192,1183,9375
2,15015,1617,0,0,3,3,5005,16000,3773,19773
2,15015,12675,0,0,3,3,5005,15488,29575,45063
2,15039,3,0,0,6,3,5013,13924,1,13925
2,15039,867,0,0,3,3,5013,14750,289,15039
2,15087,6561,0,0,3,3,5029,4888,6561,11449
2,15093,3,0,0,3,3,5031,12942,1,12943
2,15105,3,0,0,3,3,5035,101250,1,101251
2,15105,3,0,0,6,3,5035,36500,1,36501
2,15105,243,0,0,3,3,5035,53290,81,53371
2,15105,729,0,0,3,3,5035,4600,729,5329
2,15105,4293,0,0,3,3,5035,37376,12879,50255
2,15105,5037,0,0,3,3,5035,32,8395,8427
2,15105,8427,0,0,3,3,5035,4050,2809,6859
2,15141,363,0,0,3,3,5047,16686,121,16807
2,15174,6,0,0,6,3,5058,64000,9,64009
2,15213,1083,0,0,3,3,5071,118098,361,118459
2,15219,3,0,0,6,3,5073,16820,1,16821
2,15219,855,0,0,3,3,5073,6496,1425,7921
2,15219,1827,0,0,3,3,5073,6250,609,6859
2,15219,1875,0,0,3,3,5073,4984,1875,6859
2,15219,5073,0,0,3,3,5073,8352,8455,16807
2,15219,7125,0,0,3,3,5073,32,11875,11907
2,15219,9747,0,0,3,3,5073,200,9747,9947
2,15249,1695,0,0,3,3,5083,9568,2825,12393
2,15249,9375,0,0,3,3,5083,24334,3125,27459
2,15339,14415,0,0,3,3,5113,32,24025,24057
2,15339,15339,0,0,6,3,5113,2420,5113,7533
2,15345,3,0,0,3,3,5115,5202,1,5203
2,15345,3,0,0,3,3,5115,203390,1,203391
2,15345,81,0,0,3,3,5115,5848,81,5929
2,15345,147,0,0,3,3,5115,8910,49,8959
2,15345,363,0,0,3,3,5115,94178,121,94299
2,15345,645,0,0,3,3,5115,6944,1075,8019
2,15345,837,0,0,3,3,5115,3808,1395,5203
2,15345,903,0,0,3,3,5115,3968,2107,6075
2,15345,1029,0,0,3,3,5115,5504,2401,7905
2,15345,1815,0,0,3,3,5115,44064,3025,47089
2,15345,1875,0,0,3,3,5115,7502,625,8127
2,15345,2295,0,0,3,3,5115,10648,2295,12943
2,15345,2601,0,0,3,3,5115,12040,2601,14641
2,15345,2625,0,0,3,3,5115,1408,6125,7533
2,15345,2673,0,0,3,3,5115,1376,4455,5831
2,15345,3069,0,0,24,3,5115,4352,1023,5375
2,15345,3969,0,0,3,3,5115,31000,3969,34969
2,15345,4125,0,0,3,3,5115,22016,12375,34391
2,15345,4131,0,0,3,3,5115,2744,4131,6875
2,15345,4557,0,0,3,3,5115,13122,1519,14641
2,15345,8127,0,0,3,3,5115,6250,2709,8959
2,15345,8127,0,0,3,3,5115,95744,24381,120125
2,15345,9075,0,0,3,3,5115,28322,3025,31347
2,15345,9375,0,0,3,3,5115,5984,15625,21609
2,15345,11997,0,0,3,3,5115,8,11997,12005
2,15345,14415,0,0,3,3,5115,32,24025,24057
2,15345,14739,0,0,3,3,5115,462,4913,5375
2,15345,14739,0,0,3,3,5115,946,4913,5859
2,15399,6561,0,0,3,3,5133,2560,19683,22243
2,15429,75,0,0,3,3,5143,101306,25,101331
2,15429,12321,0,0,3,3,5143,7000,12321,19321
2,15429,15429,0,0,12,3,5143,11664,5143,16807
2,15471,3,0,0,3,3,5157,72962,1,72963
2,15555,3,0,0,3,3,5185,5490,1,5491
2,15555,3,0,0,3,3,5185,6174,1,6175
2,15555,3,0,0,6,3,5185,14364,1,14365
2,15555,3,0,0,6,3,5185,31212,1,31213
2,15555,3,0,0,12,3,5185,28560,1,28561
2,15555,9,0,0,3,3,5185,61000,9,61009
2,15555,15,0,0,3,3,5185,13664,25,13689
2,15555,27,0,0,3,3,5185,60928,81,61009
2,15555,81,0,0,3,3,5185,74698,27,74725
2,15555,147,0,0,3,3,5185,5746,49,5795
2,15555,273,0,0,3,3,5185,8192,1183,9375
2,15555,507,0,0,3,3,5185,235298,169,235467
2,15555,549,0,0,3,3,5185,9728,1647,11375
2,15555,729,0,0,3,3,5185,8296,729,9025
2,15555,915,0,0,3,3,5185,9248,1525,10773
2,15555,1053,0,0,3,3,5185,31232,3159,34391
2,15555,1083,0,0,3,3,5185,7442,361,7803
2,15555,1083,0,0,3,3,5185,7514,361,7875
2,15555,1323,0,0,3,3,5185,6656,3969,10625
2,15555,1875,0,0,3,3,5185,512,5625,6137
2,15555,1875,0,0,3,3,5185,33184,3125,36309
2,15555,1911,0,0,3,3,5185,6222,637,6859
2,15555,1911,0,0,3,3,5185,8192,8281,16473
2,15555,2187,0,0,3,3,5185,9386,729,10115
2,15555,3213,0,0,3,3,5185,128,7497,7625
2,15555,3249,0,0,3,3,5185,12376,3249,15625
2,15555,3249,0,0,3,3,5185,17576,3249,20825
2,15555,3477,0,0,3,3,5185,9826,1159,10985
2,15555,3645,0,0,3,3,5185,6664,3645,10309
2,15555,4941,0,0,3,3,5185,16184,4941,21125
2,15555,6375,0,0,3,3,5185,20618,2125,22743
2,15555,6561,0,0,3,3,5185,1064,6561,7625
2,15555,6591,0,0,3,3,5185,3294,2197,5491
2,15555,6591,0,0,3,3,5185,7442,2197,9639
2,15555,7125,0,0,3,3,5185,32,11875,11907
2,15555,7203,0,0,3,3,5185,3200,16807,20007
2,15555,7581,0,0,3,3,5185,29768,7581,37349
2,15555,8505,0,0,3,3,5185,2176,19845,22021
2,15555,8619,0,0,3,3,5185,18050,2873,20923
2,15555,9261,0,0,3,3,5185,3050,3087,6137
2,15555,9375,0,0,3,3,5185,2366,3125,5491
2,15555,9477,0,0,3,3,5185,32,15795,15827
2,15555,10935,0,0,3,3,5185,10336,18225,28561
2,15555,11163,0,0,3,3,5185,5054,3721,8775
2,15555,11271,0,0,3,3,5185,2318,3757,6075
2,15555,11907,0,0,3,3,5185,2890,3969,6859
2,15555,12597,0,0,3,3,5185,14406,4199,18605
2,15555,13689,0,0,3,3,5185,7442,4563,12005
2,15555,13851,0,0,3,3,5185,46592,41553,88145
2,15555,14739,0,0,3,3,5185,882,4913,5795
2,15555,14739,0,0,3,3,5185,6250,4913,11163
2,15555,14739,0,0,3,3,5185,82810,4913,87723
2,15555,14739,0,0,3,3,5185,24576,63869,88445
2,15615,15129,0,0,3,3,5205,1000,15129,16129
2,15645,3,0,0,3,3,5215,12690,1,12691
2,15645,2187,0,0,3,3,5215,24064,6561,30625
2,15645,4107,0,0,3,3,5215,47000,4107,51107
2,15645,11175,0,0,3,3,5215,3478,3725,7203
2,15789,3,0,0,3,3,5263,13850,1,13851
2,15834,546,0,0,6,3,5278,8192,1183,9375
2,15834,1092,0,0,12,3,5278,8192,1183,9375
2,15834,2184,0,0,24,3,5278,8192,1183,9375
2,15849,1761,0,0,12,3,5283,5488,587,6075
2,15861,2187,0,0,3,3,5287,22016,6561,28577
2,15933,987,0,0,3,3,5311,14464,2303,16767
2,15933,1029,0,0,3,3,5311,10368,2401,12769
2,15933,3051,0,0,3,3,5311,4802,1017,5819
2,15939,3,0,0,3,3,5313,64000,9,64009
2,15939,3,0,0,3,3,5313,71874,1,71875
2,15939,3,0,0,12,3,5313,8624,1,8625
2,15939,729,0,0,3,3,5313,14882,243,15125
2,15939,1875,0,0,3,3,5313,2464,3125,5589
2,15939,5625,0,0,3,3,5313,5566,1875,7441
2,15939,5625,0,0,3,3,5313,9016,5625,14641
2,15939,6075,0,0,3,3,5313,1568,10125,11693
2,15975,6561,0,0,3,3,5325,24352,10935,35287
2,16059,189,0,0,3,3,5353,6784,441,7225
2,16059,2121,0,0,3,3,5353,10368,4949,15317
2,16059,5103,0,0,3,3,5353,1696,8505,10201
2,16059,15309,0,0,3,3,5353,8,15309,15317
2,16059,16059,0,0,3,3,5353,2450,5353,7803
2,16065,9,0,0,3,3,5355,237160,9,237169
2,16065,1461,0,0,3,3,5355,17248,2435,19683
2,16065,2187,0,0,3,3,5355,117128,2187,119315
2,16065,4131,0,0,3,3,5355,2744,4131,6875
2,16065,9375,0,0,3,3,5355,16558,3125,19683
2,16065,9375,0,0,3,3,5355,5984,15625,21609
2,16101,5367,0,0,3,3,5367,4802,1789,6591
2,16185,3,0,0,3,3,5395,33614,1,33615
2,16185,75,0,0,3,3,5395,62426,25,62451
2,16185,273,0,0,3,3,5395,8192,1183,9375
2,16185,507,0,0,3,3,5395,10206,169,10375
2,16185,3375,0,0,3,3,5395,2656,5625,8281
2,16185,5625,0,0,3,3,5395,60424,5625,66049
2,16185,6225,0,0,3,3,5395,2056,6225,8281
2,16185,9375,0,0,3,3,5395,3598,3125,6723
2,16185,10125,0,0,3,3,5395,25186,3375,28561
2,16185,12201,0,0,3,3,5395,39366,4067,43433
2,16185,13377,0,0,3,3,5395,2430,4459,6889
2,16263,2523,0,0,3,3,5421,57122,841,57963
2,16263,4563,0,0,3,3,5421,5632,13689,19321
2,16263,14703,0,0,3,3,5421,6358,4901,11259
2,16269,363,0,0,3,3,5423,9826,121,9947
2,16269,9075,0,0,3,3,5423,131072,51425,182497
2,16335,6561,0,0,3,3,5445,169000,6561,175561
2,16353,9,0,0,3,3,5451,6232,9,6241
2,16353,9,0,0,3,3,5451,25912,9,25921
2,16380,546,0,0,6,3,5460,8192,1183,9375
2,16380,1092,0,0,12,3,5460,8192,1183,9375
2,16380,2184,0,0,24,3,5460,8192,1183,9375
2,16419,2535,0,0,3,3,5473,2336,4225,6561
2,16461,9,0,0,3,3,5487,14632,9,14641
2,16500,750,0,0,6,3,5500,69984,625,70609
2,20020,364,0,0,4,4,5005,8192,1183,9375
2,20020,2156,0,0,4,4,5005,16000,3773,19773
2,20020,16900,0,0,4,4,5005,15488,29575,45063
2,20052,4,0,0,8,4,5013,13924,1,13925
2,20052,1156,0,0,4,4,5013,14750,289,15039
2,20116,8748,0,0,4,4,5029,4888,6561,11449
2,20124,4,0,0,4,4,5031,12942,1,12943
2,20140,4,0,0,4,4,5035,101250,1,101251
2,20140,4,0,0,8,4,5035,36500,1,36501
2,20140,324,0,0,4,4,5035,53290,81,53371
2,20140,972,0,0,4,4,5035,4600,729,5329
2,20140,5724,0,0,4,4,5035,37376,12879,50255
2,20140,6716,0,0,4,4,5035,32,8395,8427
2,20140,11236,0,0,4,4,5035,4050,2809,6859
2,20188,484,0,0,4,4,5047,16686,121,16807
2,20232,8,0,0,8,4,5058,64000,9,64009
2,20284,1444,0,0,4,4,5071,118098,361,118459
2,20292,4,0,0,8,4,5073,16820,1,16821
2,20292,1140,0,0,4,4,5073,6496,1425,7921
2,20292,2436,0,0,4,4,5073,6250,609,6859
2,20292,2500,0,0,4,4,5073,4984,1875,6859
2,20292,6764,0,0,4,4,5073,8352,8455,16807
2,20292,9500,0,0,4,4,5073,32,11875,11907
2,20292,12996,0,0,4,4,5073,200,9747,9947
2,20332,2260,0,0,4,4,5083,9568,2825,12393
2,20332,12500,0,0,4,4,5083,24334,3125,27459
2,20452,19220,0,0,4,4,5113,32,24025,24057
2,20452,20452,0,0,8,4,5113,2420,5113,7533
2,20460,4,0,0,4,4,5115,5202,1,5203
2,20460,4,0,0,4,4,5115,203390,1,203391
2,20460,108,0,0,4,4,5115,5848,81,5929
2,20460,196,0,0,4,4,5115,8910,49,8959
2,20460,484,0,0,4,4,5115,94178,121,94299
2,20460,860,0,0,4,4,5115,6944,1075,8019
2,20460,1116,0,0,4,4,5115,3808,1395,5203
2,20460,1204,0,0,4,4,5115,3968,2107,6075
2,20460,1372,0,0,4,4,5115,5504,2401,7905
2,20460,2420,0,0,4,4,5115,44064,3025,47089
2,20460,2500,0,0,4,4,5115,7502,625,8127
2,20460,3060,0,0,4,4,5115,10648,2295,12943
2,20460,3468,0,0,4,4,5115,12040,2601,14641
2,20460,3500,0,0,4,4,5115,1408,6125,7533
2,20460,3564,0,0,4,4,5115,1376,4455,5831
2,20460,4092,0,0,32,4,5115,4352,1023,5375
2,20460,5292,0,0,4,4,5115,31000,3969,34969
2,20460,5500,0,0,4,4,5115,22016,12375,34391
2,20460,5508,0,0,4,4,5115,2744,4131,6875
2,20460,6076,0,0,4,4,5115,13122,1519,14641
2,20460,10836,0,0,4,4,5115,6250,2709,8959
2,20460,10836,0,0,4,4,5115,95744,24381,120125
2,20460,12100,0,0,4,4,5115,28322,3025,31347
2,20460,12500,0,0,4,4,5115,5984,15625,21609
2,20460,15996,0,0,4,4,5115,8,11997,12005
2,20460,19220,0,0,4,4,5115,32,24025,24057
2,20460,19652,0,0,4,4,5115,462,4913,5375
2,20460,19652,0,0,4,4,5115,946,4913,5859
2,20532,8748,0,0,4,4,5133,2560,19683,22243
2,20572,100,0,0,4,4,5143,101306,25,101331
2,20572,16428,0,0,4,4,5143,7000,12321,19321
2,20572,20572,0,0,16,4,5143,11664,5143,16807
2,20628,4,0,0,4,4,5157,72962,1,72963
2,20740,4,0,0,4,4,5185,5490,1,5491
2,20740,4,0,0,4,4,5185,6174,1,6175
2,20740,4,0,0,8,4,5185,14364,1,14365
2,20740,4,0,0,8,4,5185,31212,1,31213
2,20740,4,0,0,16,4,5185,28560,1,28561
2,20740,12,0,0,4,4,5185,61000,9,61009
2,20740,20,0,0,4,4,5185,13664,25,13689
2,20740,36,0,0,4,4,5185,60928,81,61009
2,20740,108,0,0,4,4,5185,74698,27,74725
2,20740,196,0,0,4,4,5185,5746,49,5795
2,20740,364,0,0,4,4,5185,8192,1183,9375
2,20740,676,0,0,4,4,5185,235298,169,235467
2,20740,732,0,0,4,4,5185,9728,1647,11375
2,20740,972,0,0,4,4,5185,8296,729,9025
2,20740,1220,0,0,4,4,5185,9248,1525,10773
2,20740,1404,0,0,4,4,5185,31232,3159,34391
2,20740,1444,0,0,4,4,5185,7442,361,7803
2,20740,1444,0,0,4,4,5185,7514,361,7875
2,20740,1764,0,0,4,4,5185,6656,3969,10625
2,20740,2500,0,0,4,4,5185,512,5625,6137
2,20740,2500,0,0,4,4,5185,33184,3125,36309
2,20740,2548,0,0,4,4,5185,6222,637,6859
2,20740,2548,0,0,4,4,5185,8192,8281,16473
2,20740,2916,0,0,4,4,5185,9386,729,10115
2,20740,4284,0,0,4,4,5185,128,7497,7625
2,20740,4332,0,0,4,4,5185,12376,3249,15625
2,20740,4332,0,0,4,4,5185,17576,3249,20825
2,20740,4636,0,0,4,4,5185,9826,1159,10985
2,20740,4860,0,0,4,4,5185,6664,3645,10309
2,20740,6588,0,0,4,4,5185,16184,4941,21125
2,20740,8500,0,0,4,4,5185,20618,2125,22743
2,20740,8748,0,0,4,4,5185,1064,6561,7625
2,20740,8788,0,0,4,4,5185,3294,2197,5491
2,20740,8788,0,0,4,4,5185,7442,2197,9639
2,20740,9500,0,0,4,4,5185,32,11875,11907
2,20740,9604,0,0,4,4,5185,3200,16807,20007
2,20740,10108,0,0,4,4,5185,29768,7581,37349
2,20740,11340,0,0,4,4,5185,2176,19845,22021
2,20740,11492,0,0,4,4,5185,18050,2873,20923
2,20740,12348,0,0,4,4,5185,3050,3087,6137
2,20740,12500,0,0,4,4,5185,2366,3125,5491
2,20740,12636,0,0,4,4,5185,32,15795,15827
2,20740,14580,0,0,4,4,5185,10336,18225,28561
2,20740,14884,0,0,4,4,5185,5054,3721,8775
2,20740,15028,0,0,4,4,5185,2318,3757,6075
2,20740,15876,0,0,4,4,5185,2890,3969,6859
2,20740,16796,0,0,4,4,5185,14406,4199,18605
2,20740,18252,0,0,4,4,5185,7442,4563,12005
2,20740,18468,0,0,4,4,5185,46592,41553,88145
2,20740,19652,0,0,4,4,5185,882,4913,5795
2,20740,19652,0,0,4,4,5185,6250,4913,11163
2,20740,19652,0,0,4,4,5185,82810,4913,87723
2,20740,19652,0,0,4,4,5185,24576,63869,88445
2,20820,20172,0,0,4,4,5205,1000,15129,16129
2,20860,4,0,0,4,4,5215,12690,1,12691
2,20860,2916,0,0,4,4,5215,24064,6561,30625
2,20860,5476,0,0,4,4,5215,47000,4107,51107
2,20860,14900,0,0,4,4,5215,3478,3725,7203
2,21052,4,0,0,4,4,5263,13850,1,13851
2,21112,728,0,0,8,4,5278,8192,1183,9375
2,21112,1456,0,0,16,4,5278,8192,1183,9375
2,21112,2912,0,0,32,4,5278,8192,1183,9375
2,21132,2348,0,0,16,4,5283,5488,587,6075
2,21148,2916,0,0,4,4,5287,22016,6561,28577
2,21244,1316,0,0,4,4,5311,14464,2303,16767
2,21244,1372,0,0,4,4,5311,10368,2401,12769
2,21244,4068,0,0,4,4,5311,4802,1017,5819
2,21252,4,0,0,4,4,5313,64000,9,64009
2,21252,4,0,0,4,4,5313,71874,1,71875
2,21252,4,0,0,16,4,5313,8624,1,8625
2,21252,972,0,0,4,4,5313,14882,243,15125
2,21252,2500,0,0,4,4,5313,2464,3125,5589
2,21252,7500,0,0,4,4,5313,5566,1875,7441
2,21252,7500,0,0,4,4,5313,9016,5625,14641
2,21252,8100,0,0,4,4,5313,1568,10125,11693
2,21300,8748,0,0,4,4,5325,24352,10935,35287
2,21412,252,0,0,4,4,5353,6784,441,7225
2,21412,2828,0,0,4,4,5353,10368,4949,15317
2,21412,6804,0,0,4,4,5353,1696,8505,10201
2,21412,20412,0,0,4,4,5353,8,15309,15317
2,21412,21412,0,0,4,4,5353,2450,5353,7803
2,21420,12,0,0,4,4,5355,237160,9,237169
2,21420,1948,0,0,4,4,5355,17248,2435,19683
2,21420,2916,0,0,4,4,5355,117128,2187,119315
2,21420,5508,0,0,4,4,5355,2744,4131,6875
2,21420,12500,0,0,4,4,5355,16558,3125,19683
2,21420,12500,0,0,4,4,5355,5984,15625,21609
2,21468,7156,0,0,4,4,5367,4802,1789,6591
2,21580,4,0,0,4,4,5395,33614,1,33615
2,21580,100,0,0,4,4,5395,62426,25,62451
2,21580,364,0,0,4,4,5395,8192,1183,9375
2,21580,676,0,0,4,4,5395,10206,169,10375
2,21580,4500,0,0,4,4,5395,2656,5625,8281
2,21580,7500,0,0,4,4,5395,60424,5625,66049
2,21580,8300,0,0,4,4,5395,2056,6225,8281
2,21580,12500,0,0,4,4,5395,3598,3125,6723
2,21580,13500,0,0,4,4,5395,25186,3375,28561
2,21580,16268,0,0,4,4,5395,39366,4067,43433
2,21580,17836,0,0,4,4,5395,2430,4459,6889
2,21684,3364,0,0,4,4,5421,57122,841,57963
2,21684,6084,0,0,4,4,5421,5632,13689,19321
2,21684,19604,0,0,4,4,5421,6358,4901,11259
2,21692,484,0,0,4,4,5423,9826,121,9947
2,21692,12100,0,0,4,4,5423,131072,51425,182497
2,21780,8748,0,0,4,4,5445,169000,6561,175561
2,21804,12,0,0,4,4,5451,6232,9,6241
2,21804,12,0,0,4,4,5451,25912,9,25921
2,21840,728,0,0,8,4,5460,8192,1183,9375
2,21840,1456,0,0,16,4,5460,8192,1183,9375
2,21840,2912,0,0,32,4,5460,8192,1183,9375
2,21892,3380,0,0,4,4,5473,2336,4225,6561
2,21948,12,0,0,4,4,5487,14632,9,14641
2,22000,1000,0,0,8,4,5500,69984,625,70609
2,25025,455,0,0,5,5,5005,8192,1183,9375
2,25025,2695,0,0,5,5,5005,16000,3773,19773
2,25025,21125,0,0,5,5,5005,15488,29575,45063
2,25065,5,0,0,10,5,5013,13924,1,13925
2,25065,1445,0,0,5,5,5013,14750,289,15039
2,25145,10935,0,0,5,5,5029,4888,6561,11449
2,25155,5,0,0,5,5,5031,12942,1,12943
2,25175,5,0,0,5,5,5035,101250,1,101251
2,25175,5,0,0,10,5,5035,36500,1,36501
2,25175,405,0,0,5,5,5035,53290,81,53371
2,25175,1215,0,0,5,5,5035,4600,729,5329
2,25175,7155,0,0,5,5,5035,37376,12879,50255
2,25175,8395,0,0,5,5,5035,32,8395,8427
2,25175,14045,0,0,5,5,5035,4050,2809,6859
2,25235,605,0,0,5,5,5047,16686,121,16807
2,25290,10,0,0,10,5,5058,64000,9,64009
2,25355,1805,0,0,5,5,5071,118098,361,118459
2,25365,5,0,0,10,5,5073,16820,1,16821
2,25365,1425,0,0,5,5,5073,6496,1425,7921
2,25365,3045,0,0,5,5,5073,6250,609,6859
2,25365,3125,0,0,5,5,5073,4984,1875,6859
2,25365,8455,0,0,5,5,5073,8352,8455,16807
2,25365,11875,0,0,5,5,5073,32,11875,11907
2,25365,16245,0,0,5,5,5073,200,9747,9947
2,25415,2825,0,0,5,5,5083,9568,2825,12393
2,25415,15625,0,0,5,5,5083,24334,3125,27459
2,25565,24025,0,0,5,5,5113,32,24025,24057
2,25565,25565,0,0,10,5,5113,2420,5113,7533
2,25575,5,0,0,5,5,5115,5202,1,5203
2,25575,5,0,0,5,5,5115,203390,1,203391
2,25575,135,0,0,5,5,5115,5848,81,5929
2,25575,245,0,0,5,5,5115,8910,49,8959
2,25575,605,0,0,5,5,5115,94178,121,94299
2,25575,1075,0,0,5,5,5115,6944,1075,8019
2,25575,1395,0,0,5,5,5115,3808,1395,5203
2,25575,1505,0,0,5,5,5115,3968,2107,6075
2,25575,1715,0,0,5,5,5115,5504,2401,7905
2,25575,3025,0,0,5,5,5115,44064,3025,47089
2,25575,3125,0,0,5,5,5115,7502,625,8127
2,25575,3825,0,0,5,5,5115,10648,2295,12943
2,25575,4335,0,0,5,5,5115,12040,2601,14641
2,25575,4375,0,0,5,5,5115,1408,6125,7533
2,25575,4455,0,0,5,5,5115,1376,4455,5831
2,25575,5115,0,0,40,5,5115,4352,1023,5375
2,25575,6615,0,0,5,5,5115,31000,3969,34969
2,25575,6875,0,0,5,5,5115,22016,12375,34391
2,25575,6885,0,0,5,5,5115,2744,4131,6875
2,25575,7595,0,0,5,5,5115,13122,1519,14641
2,25575,13545,0,0,5,5,5115,6250,2709,8959
2,25575,13545,0,0,5,5,5115,95744,24381,120125
2,25575,15125,0,0,5,5,5115,28322,3025,31347
2,25575,15625,0,0,5,5,5115,5984,15625,21609
2,25575,19995,0,0,5,5,5115,8,11997,12005
2,25575,24025,0,0,5,5,5115,32,24025,24057
2,25575,24565,0,0,5,5,5115,462,4913,5375
2,25575,24565,0,0,5,5,5115,946,4913,5859
2,25665,10935,0,0,5,5,5133,2560,19683,22243
2,25715,125,0,0,5,5,5143,101306,25,101331
2,25715,20535,0,0,5,5,5143,7000,12321,19321
2,25715,25715,0,0,20,5,5143,11664,5143,16807
2,25785,5,0,0,5,5,5157,72962,1,72963
2,25925,5,0,0,5,5,5185,5490,1,5491
2,25925,5,0,0,5,5,5185,6174,1,6175
2,25925,5,0,0,10,5,5185,14364,1,14365
2,25925,5,0,0,10,5,5185,31212,1,31213
2,25925,5,0,0,20,5,5185,28560,1,28561
2,25925,15,0,0,5,5,5185,61000,9,61009
2,25925,25,0,0,5,5,5185,13664,25,13689
2,25925,45,0,0,5,5,5185,60928,81,61009
2,25925,135,0,0,5,5,5185,74698,27,74725
2,25925,245,0,0,5,5,5185,5746,49,5795
2,25925,455,0,0,5,5,5185,8192,1183,9375
2,25925,845,0,0,5,5,5185,235298,169,235467
2,25925,915,0,0,5,5,5185,9728,1647,11375
2,25925,1215,0,0,5,5,5185,8296,729,9025
2,25925,1525,0,0,5,5,5185,9248,1525,10773
2,25925,1755,0,0,5,5,5185,31232,3159,34391
2,25925,1805,0,0,5,5,5185,7442,361,7803
2,25925,1805,0,0,5,5,5185,7514,361,7875
2,25925,2205,0,0,5,5,5185,6656,3969,10625
2,25925,3125,0,0,5,5,5185,512,5625,6137
2,25925,3125,0,0,5,5,5185,33184,3125,36309
2,25925,3185,0,0,5,5,5185,6222,637,6859
2,25925,3185,0,0,5,5,5185,8192,8281,16473
2,25925,3645,0,0,5,5,5185,9386,729,10115
2,25925,5355,0,0,5,5,5185,128,7497,7625
2,25925,5415,0,0,5,5,5185,12376,3249,15625
2,25925,5415,0,0,5,5,5185,17576,3249,20825
2,25925,5795,0,0,5,5,5185,9826,1159,10985
2,25925,6075,0,0,5,5,5185,6664,3645,10309
2,25925,8235,0,0,5,5,5185,16184,4941,21125
2,25925,10625,0,0,5,5,5185,20618,2125,22743
2,25925,10935,0,0,5,5,5185,1064,6561,7625
2,25925,10985,0,0,5,5,5185,3294,2197,5491
2,25925,10985,0,0,5,5,5185,7442,2197,9639
2,25925,11875,0,0,5,5,5185,32,11875,11907
2,25925,12005,0,0,5,5,5185,3200,16807,20007
2,25925,12635,0,0,5,5,5185,29768,7581,37349
2,25925,14175,0,0,5,5,5185,2176,19845,22021
2,25925,14365,0,0,5,5,5185,18050,2873,20923
2,25925,15435,0,0,5,5,5185,3050,3087,6137
2,25925,15625,0,0,5,5,5185,2366,3125,5491
2,25925,15795,0,0,5,5,5185,32,15795,15827
2,25925,18225,0,0,5,5,5185,10336,18225,28561
2,25925,18605,0,0,5,5,5185,5054,3721,8775
2,25925,18785,0,0,5,5,5185,2318,3757,6075
2,25925,19845,0,0,5,5,5185,2890,3969,6859
2,25925,20995,0,0,5,5,5185,14406,4199,18605
2,25925,22815,0,0,5,5,5185,7442,4563,12005
2,25925,23085,0,0,5,5,5185,46592,41553,88145
2,25925,24565,0,0,5,5,5185,882,4913,5795
2,25925,24565,0,0,5,5,5185,6250,4913,11163
2,25925,24565,0,0,5,5,5185,82810,4913,87723
2,25925,24565,0,0,5,5,5185,24576,63869,88445
2,26025,25215,0,0,5,5,5205,1000,15129,16129
2,26075,5,0,0,5,5,5215,12690,1,12691
2,26075,3645,0,0,5,5,5215,24064,6561,30625
2,26075,6845,0,0,5,5,5215,47000,4107,51107
2,26075,18625,0,0,5,5,5215,3478,3725,7203
2,26315,5,0,0,5,5,5263,13850,1,13851
2,26390,910,0,0,10,5,5278,8192,1183,9375
2,26390,1820,0,0,20,5,5278,8192,1183,9375
2,26390,3640,0,0,40,5,5278,8192,1183,9375
2,26415,2935,0,0,20,5,5283,5488,587,6075
2,26435,3645,0,0,5,5,5287,22016,6561,28577
2,26555,1645,0,0,5,5,5311,14464,2303,16767
2,26555,1715,0,0,5,5,5311,10368,2401,12769
2,26555,5085,0,0,5,5,5311,4802,1017,5819
2,26565,5,0,0,5,5,5313,64000,9,64009
2,26565,5,0,0,5,5,5313,71874,1,71875
2,26565,5,0,0,20,5,5313,8624,1,8625
2,26565,1215,0,0,5,5,5313,14882,243,15125
2,26565,3125,0,0,5,5,5313,2464,3125,5589
2,26565,9375,0,0,5,5,5313,5566,1875,7441
2,26565,9375,0,0,5,5,5313,9016,5625,14641
2,26565,10125,0,0,5,5,5313,1568,10125,11693
2,26625,10935,0,0,5,5,5325,24352,10935,35287
2,26765,315,0,0,5,5,5353,6784,441,7225
2,26765,3535,0,0,5,5,5353,10368,4949,15317
2,26765,8505,0,0,5,5,5353,1696,8505,10201
2,26765,25515,0,0,5,5,5353,8,15309,15317
2,26765,26765,0,0,5,5,5353,2450,5353,7803
2,26775,15,0,0,5,5,5355,237160,9,237169
2,26775,2435,0,0,5,5,5355,17248,2435,19683
2,26775,3645,0,0,5,5,5355,117128,2187,119315
2,26775,6885,0,0,5,5,5355,2744,4131,6875
2,26775,15625,0,0,5,5,5355,16558,3125,19683
2,26775,15625,0,0,5,5,5355,5984,15625,21609
2,26835,8945,0,0,5,5,5367,4802,1789,6591
2,26975,5,0,0,5,5,5395,33614,1,33615
2,26975,125,0,0,5,5,5395,62426,25,62451
2,26975,455,0,0,5,5,5395,8192,1183,9375
2,26975,845,0,0,5,5,5395,10206,169,10375
2,26975,5625,0,0,5,5,5395,2656,5625,8281
2,26975,9375,0,0,5,5,5395,60424,5625,66049
2,26975,10375,0,0,5,5,5395,2056,6225,8281
2,26975,15625,0,0,5,5,5395,3598,3125,6723
2,26975,16875,0,0,5,5,5395,25186,3375,28561
2,26975,20335,0,0,5,5,5395,39366,4067,43433
2,26975,22295,0,0,5,5,5395,2430,4459,6889
2,27105,4205,0,0,5,5,5421,57122,841,57963
2,27105,7605,0,0,5,5,5421,5632,13689,19321
2,27105,24505,0,0,5,5,5421,6358,4901,11259
2,27115,605,0,0,5,5,5423,9826,121,9947
2,27115,15125,0,0,5,5,5423,131072,51425,182497
2,27225,10935,0,0,5,5,5445,169000,6561,175561
2,27255,15,0,0,5,5,5451,6232,9,6241
2,27255,15,0,0,5,5,5451,25912,9,25921
2,27300,910,0,0,10,5,5460,8192,1183,9375
2,27300,1820,0,0,20,5,5460,8192,1183,9375
2,27300,3640,0,0,40,5,5460,8192,1183,9375
2,27365,4225,0,0,5,5,5473,2336,4225,6561
2,27435,15,0,0,5,5,5487,14632,9,14641
2,27500,1250,0,0,10,5,5500,69984,625,70609
2,30030,546,0,0,6,6,5005,8192,1183,9375
2,30030,3234,0,0,6,6,5005,16000,3773,19773
2,30030,25350,0,0,6,6,5005,15488,29575,45063
2,30078,6,0,0,12,6,5013,13924,1,13925
2,30078,1734,0,0,6,6,5013,14750,289,15039
2,30174,13122,0,0,6,6,5029,4888,6561,11449
2,30186,6,0,0,6,6,5031,12942,1,12943
2,30210,6,0,0,6,6,5035,101250,1,101251
2,30210,6,0,0,12,6,5035,36500,1,36501
2,30210,486,0,0,6,6,5035,53290,81,53371
2,30210,1458,0,0,6,6,5035,4600,729,5329
2,30210,8586,0,0,6,6,5035,37376,12879,50255
2,30210,10074,0,0,6,6,5035,32,8395,8427
2,30210,16854,0,0,6,6,5035,4050,2809,6859
2,30282,726,0,0,6,6,5047,16686,121,16807
2,30348,12,0,0,12,6,5058,64000,9,64009
2,30426,2166,0,0,6,6,5071,118098,361,118459
2,30438,6,0,0,12,6,5073,16820,1,16821
2,30438,1710,0,0,6,6,5073,6496,1425,7921
2,30438,3654,0,0,6,6,5073,6250,609,6859
2,30438,3750,0,0,6,6,5073,4984,1875,6859
2,30438,10146,0,0,6,6,5073,8352,8455,16807
2,30438,14250,0,0,6,6,5073,32,11875,11907
2,30438,19494,0,0,6,6,5073,200,9747,9947
2,30498,3390,0,0,6,6,5083,9568,2825,12393
2,30498,18750,0,0,6,6,5083,24334,3125,27459
2,30678,28830,0,0,6,6,5113,32,24025,24057
2,30678,30678,0,0,12,6,5113,2420,5113,7533
2,30690,6,0,0,6,6,5115,5202,1,5203
2,30690,6,0,0,6,6,5115,203390,1,203391
2,30690,162,0,0,6,6,5115,5848,81,5929
2,30690,294,0,0,6,6,5115,8910,49,8959
2,30690,726,0,0,6,6,5115,94178,121,94299
2,30690,1290,0,0,6,6,5115,6944,1075,8019
2,30690,1674,0,0,6,6,5115,3808,1395,5203
2,30690,1806,0,0,6,6,5115,3968,2107,6075
2,30690,2058,0,0,6,6,5115,5504,2401,7905
2,30690,3630,0,0,6,6,5115,44064,3025,47089
2,30690,3750,0,0,6,6,5115,7502,625,8127
2,30690,4590,0,0,6,6,5115,10648,2295,12943
2,30690,5202,0,0,6,6,5115,12040,2601,14641
2,30690,5250,0,0,6,6,5115,1408,6125,7533
2,30690,5346,0,0,6,6,5115,1376,4455,5831
2,30690,6138,0,0,48,6,5115,4352,1023,5375
2,30690,7938,0,0,6,6,5115,31000,3969,34969
2,30690,8250,0,0,6,6,5115,22016,12375,34391
2,30690,8262,0,0,6,6,5115,2744,4131,6875
2,30690,9114,0,0,6,6,5115,13122,1519,14641
2,30690,16254,0,0,6,6,5115,6250,2709,8959
2,30690,16254,0,0,6,6,5115,95744,24381,120125
2,30690,18150,0,0,6,6,5115,28322,3025,31347
2,30690,18750,0,0,6,6,5115,5984,15625,21609
2,30690,23994,0,0,6,6,5115,8,11997,12005
2,30690,28830,0,0,6,6,5115,32,24025,24057
2,30690,29478,0,0,6,6,5115,462,4913,5375
2,30690,29478,0,0,6,6,5115,946,4913,5859
2,30798,13122,0,0,6,6,5133,2560,19683,22243
2,30858,150,0,0,6,6,5143,101306,25,101331
2,30858,24642,0,0,6,6,5143,7000,12321,19321
2,30858,30858,0,0,24,6,5143,11664,5143,16807
2,30942,6,0,0,6,6,5157,72962,1,72963
2,31110,6,0,0,6,6,5185,5490,1,5491
2,31110,6,0,0,6,6,5185,6174,1,6175
2,31110,6,0,0,12,6,5185,14364,1,14365
2,31110,6,0,0,12,6,5185,31212,1,31213
2,31110,6,0,0,24,6,5185,28560,1,28561
2,31110,18,0,0,6,6,5185,61000,9,61009
2,31110,30,0,0,6,6,5185,13664,25,13689
2,31110,54,0,0,6,6,5185,60928,81,61009
2,31110,162,0,0,6,6,5185,74698,27,74725
2,31110,294,0,0,6,6,5185,5746,49,5795
2,31110,546,0,0,6,6,5185,8192,1183,9375
2,31110,1014,0,0,6,6,5185,235298,169,235467
2,31110,1098,0,0,6,6,5185,9728,1647,11375
2,31110,1458,0,0,6,6,5185,8296,729,9025
2,31110,1830,0,0,6,6,5185,9248,1525,10773
2,31110,2106,0,0,6,6,5185,31232,3159,34391
2,31110,2166,0,0,6,6,5185,7442,361,7803
2,31110,2166,0,0,6,6,5185,7514,361,7875
2,31110,2646,0,0,6,6,5185,6656,3969,10625
2,31110,3750,0,0,6,6,5185,512,5625,6137
2,31110,3750,0,0,6,6,5185,33184,3125,36309
2,31110,3822,0,0,6,6,5185,6222,637,6859
2,31110,3822,0,0,6,6,5185,8192,8281,16473
2,31110,4374,0,0,6,6,5185,9386,729,10115
2,31110,6426,0,0,6,6,5185,128,7497,7625
2,31110,6498,0,0,6,6,5185,12376,3249,15625
2,31110,6498,0,0,6,6,5185,17576,3249,20825
2,31110,6954,0,0,6,6,5185,9826,1159,10985
2,31110,7290,0,0,6,6,5185,6664,3645,10309
2,31110,9882,0,0,6,6,5185,16184,4941,21125
2,31110,12750,0,0,6,6,5185,20618,2125,22743
2,31110,13122,0,0,6,6,5185,1064,6561,7625
2,31110,13182,0,0,6,6,5185,3294,2197,5491
2,31110,13182,0,0,6,6,5185,7442,2197,9639
2,31110,14250,0,0,6,6,5185,32,11875,11907
2,31110,14406,0,0,6,6,5185,3200,16807,20007
2,31110,15162,0,0,6,6,5185,29768,7581,37349
2,31110,17010,0,0,6,6,5185,2176,19845,22021
2,31110,17238,0,0,6,6,5185,18050,2873,20923
2,31110,18522,0,0,6,6,5185,3050,3087,6137
2,31110,18750,0,0,6,6,5185,2366,3125,5491
2,31110,18954,0,0,6,6,5185,32,15795,15827
2,31110,21870,0,0,6,6,5185,10336,18225,28561
2,31110,22326,0,0,6,6,5185,5054,3721,8775
2,31110,22542,0,0,6,6,5185,2318,3757,6075
2,31110,23814,0,0,6,6,5185,2890,3969,6859
2,31110,25194,0,0,6,6,5185,14406,4199,18605
2,31110,27378,0,0,6,6,5185,7442,4563,12005
2,31110,27702,0,0,6,6,5185,46592,41553,88145
2,31110,29478,0,0,6,6,5185,882,4913,5795
2,31110,29478,0,0,6,6,5185,6250,4913,11163
2,31110,29478,0,0,6,6,5185,82810,4913,87723
2,31110,29478,0,0,6,6,5185,24576,63869,88445
2,31230,30258,0,0,6,6,5205,1000,15129,16129
2,31290,6,0,0,6,6,5215,12690,1,12691
2,31290,4374,0,0,6,6,5215,24064,6561,30625
2,31290,8214,0,0,6,6,5215,47000,4107,51107
2,31290,22350,0,0,6,6,5215,3478,3725,7203
2,31578,6,0,0,6,6,5263,13850,1,13851
2,31668,1092,0,0,12,6,5278,8192,1183,9375
2,31668,2184,0,0,24,6,5278,8192,1183,9375
2,31668,4368,0,0,48,6,5278,8192,1183,9375
2,31698,3522,0,0,24,6,5283,5488,587,6075
2,31722,4374,0,0,6,6,5287,22016,6561,28577
2,31866,1974,0,0,6,6,5311,14464,2303,16767
2,31866,2058,0,0,6,6,5311,10368,2401,12769
2,31866,6102,0,0,6,6,5311,4802,1017,5819
2,31878,6,0,0,6,6,5313,64000,9,64009
2,31878,6,0,0,6,6,5313,71874,1,71875
2,31878,6,0,0,24,6,5313,8624,1,8625
2,31878,1458,0,0,6,6,5313,14882,243,15125
2,31878,3750,0,0,6,6,5313,2464,3125,5589
2,31878,11250,0,0,6,6,5313,5566,1875,7441
2,31878,11250,0,0,6,6,5313,9016,5625,14641
2,31878,12150,0,0,6,6,5313,1568,10125,11693
2,31950,13122,0,0,6,6,5325,24352,10935,35287
2,32118,378,0,0,6,6,5353,6784,441,7225
2,32118,4242,0,0,6,6,5353,10368,4949,15317
2,32118,10206,0,0,6,6,5353,1696,8505,10201
2,32118,30618,0,0,6,6,5353,8,15309,15317
2,32118,32118,0,0,6,6,5353,2450,5353,7803
2,32130,18,0,0,6,6,5355,237160,9,237169
2,32130,2922,0,0,6,6,5355,17248,2435,19683
2,32130,4374,0,0,6,6,5355,117128,2187,119315
2,32130,8262,0,0,6,6,5355,2744,4131,6875
2,32130,18750,0,0,6,6,5355,16558,3125,19683
2,32130,18750,0,0,6,6,5355,5984,15625,21609
2,32202,10734,0,0,6,6,5367,4802,1789,6591
2,32370,6,0,0,6,6,5395,33614,1,33615
2,32370,150,0,0,6,6,5395,62426,25,62451
2,32370,546,0,0,6,6,5395,8192,1183,9375
2,32370,1014,0,0,6,6,5395,10206,169,10375
2,32370,6750,0,0,6,6,5395,2656,5625,8281
2,32370,11250,0,0,6,6,5395,60424,5625,66049
2,32370,12450,0,0,6,6,5395,2056,6225,8281
2,32370,18750,0,0,6,6,5395,3598,3125,6723
2,32370,20250,0,0,6,6,5395,25186,3375,28561
2,32370,24402,0,0,6,6,5395,39366,4067,43433
2,32370,26754,0,0,6,6,5395,2430,4459,6889
2,32526,5046,0,0,6,6,5421,57122,841,57963
2,32526,9126,0,0,6,6,5421,5632,13689,19321
2,32526,29406,0,0,6,6,5421,6358,4901,11259
2,32538,726,0,0,6,6,5423,9826,121,9947
2,32538,18150,0,0,6,6,5423,131072,51425,182497
2,32670,13122,0,0,6,6,5445,169000,6561,175561
2,32706,18,0,0,6,6,5451,6232,9,6241
2,32706,18,0,0,6,6,5451,25912,9,25921
2,32760,1092,0,0,12,6,5460,8192,1183,9375
2,32760,2184,0,0,24,6,5460,8192,1183,9375
2,32760,4368,0,0,48,6,5460,8192,1183,9375
2,32838,5070,0,0,6,6,5473,2336,4225,6561
2,32922,18,0,0,6,6,5487,14632,9,14641
2,33000,1500,0,0,12,6,5500,69984,625,70609
2,35035,637,0,0,7,7,5005,8192,1183,9375
2,35035,3773,0,0,7,7,5005,16000,3773,19773
2,35035,29575,0,0,7,7,5005,15488,29575,45063
2,35091,7,0,0,14,7,5013,13924,1,13925
2,35091,2023,0,0,7,7,5013,14750,289,15039
2,35203,15309,0,0,7,7,5029,4888,6561,11449
2,35217,7,0,0,7,7,5031,12942,1,12943
2,35245,7,0,0,7,7,5035,101250,1,101251
2,35245,7,0,0,14,7,5035,36500,1,36501
2,35245,567,0,0,7,7,5035,53290,81,53371
2,35245,1701,0,0,7,7,5035,4600,729,5329
2,35245,10017,0,0,7,7,5035,37376,12879,50255
2,35245,11753,0,0,7,7,5035,32,8395,8427
2,35245,19663,0,0,7,7,5035,4050,2809,6859
2,35329,847,0,0,7,7,5047,16686,121,16807
2,35406,14,0,0,14,7,5058,64000,9,64009
2,35497,2527,0,0,7,7,5071,118098,361,118459
2,35511,7,0,0,14,7,5073,16820,1,16821
2,35511,1995,0,0,7,7,5073,6496,1425,7921
2,35511,4263,0,0,7,7,5073,6250,609,6859
2,35511,4375,0,0,7,7,5073,4984,1875,6859
2,35511,11837,0,0,7,7,5073,8352,8455,16807
2,35511,16625,0,0,7,7,5073,32,11875,11907
2,35511,22743,0,0,7,7,5073,200,9747,9947
2,35581,3955,0,0,7,7,5083,9568,2825,12393
2,35581,21875,0,0,7,7,5083,24334,3125,27459
2,35791,33635,0,0,7,7,5113,32,24025,24057
2,35791,35791,0,0,14,7,5113,2420,5113,7533
2,35805,7,0,0,7,7,5115,5202,1,5203
2,35805,7,0,0,7,7,5115,203390,1,203391
2,35805,189,0,0,7,7,5115,5848,81,5929
2,35805,343,0,0,7,7,5115,8910,49,8959
2,35805,847,0,0,7,7,5115,94178,121,94299
2,35805,1505,0,0,7,7,5115,6944,1075,8019
2,35805,1953,0,0,7,7,5115,3808,1395,5203
2,35805,2107,0,0,7,7,5115,3968,2107,6075
2,35805,2401,0,0,7,7,5115,5504,2401,7905
2,35805,4235,0,0,7,7,5115,44064,3025,47089
2,35805,4375,0,0,7,7,5115,7502,625,8127
2,35805,5355,0,0,7,7,5115,10648,2295,12943
2,35805,6069,0,0,7,7,5115,12040,2601,14641
2,35805,6125,0,0,7,7,5115,1408,6125,7533
2,35805,6237,0,0,7,7,5115,1376,4455,5831
2,35805,7161,0,0,56,7,5115,4352,1023,5375
2,35805,9261,0,0,7,7,5115,31000,3969,34969
2,35805,9625,0,0,7,7,5115,22016,12375,34391
2,35805,9639,0,0,7,7,5115,2744,4131,6875
2,35805,10633,0,0,7,7,5115,13122,1519,14641
2,35805,18963,0,0,7,7,5115,6250,2709,8959
2,35805,18963,0,0,7,7,5115,95744,24381,120125
2,35805,21175,0,0,7,7,5115,28322,3025,31347
2,35805,21875,0,0,7,7,5115,5984,15625,21609
2,35805,27993,0,0,7,7,5115,8,11997,12005
2,35805,33635,0,0,7,7,5115,32,24025,24057
2,35805,34391,0,0,7,7,5115,462,4913,5375
2,35805,34391,0,0,7,7,5115,946,4913,5859
2,35931,15309,0,0,7,7,5133,2560,19683,22243
2,36001,175,0,0,7,7,5143,101306,25,101331
2,36001,28749,0,0,7,7,5143,7000,12321,19321
2,36001,36001,0,0,28,7,5143,11664,5143,16807
2,36099,7,0,0,7,7,5157,72962,1,72963
2,36295,7,0,0,7,7,5185,5490,1,5491
2,36295,7,0,0,7,7,5185,6174,1,6175
2,36295,7,0,0,14,7,5185,14364,1,14365
2,36295,7,0,0,14,7,5185,31212,1,31213
2,36295,7,0,0,28,7,5185,28560,1,28561
2,36295,21,0,0,7,7,5185,61000,9,61009
2,36295,35,0,0,7,7,5185,13664,25,13689
2,36295,63,0,0,7,7,5185,60928,81,61009
2,36295,189,0,0,7,7,5185,74698,27,74725
2,36295,343,0,0,7,7,5185,5746,49,5795
2,36295,637,0,0,7,7,5185,8192,1183,9375
2,36295,1183,0,0,7,7,5185,235298,169,235467
2,36295,1281,0,0,7,7,5185,9728,1647,11375
2,36295,1701,0,0,7,7,5185,8296,729,9025
2,36295,2135,0,0,7,7,5185,9248,1525,10773
2,36295,2457,0,0,7,7,5185,31232,3159,34391
2,36295,2527,0,0,7,7,5185,7442,361,7803
2,36295,2527,0,0,7,7,5185,7514,361,7875
2,36295,3087,0,0,7,7,5185,6656,3969,10625
2,36295,4375,0,0,7,7,5185,512,5625,6137
2,36295,4375,0,0,7,7,5185,33184,3125,36309
2,36295,4459,0,0,7,7,5185,6222,637,6859
2,36295,4459,0,0,7,7,5185,8192,8281,16473
2,36295,5103,0,0,7,7,5185,9386,729,10115
2,36295,7497,0,0,7,7,5185,128,7497,7625
2,36295,7581,0,0,7,7,5185,12376,3249,15625
2,36295,7581,0,0,7,7,5185,17576,3249,20825
2,36295,8113,0,0,7,7,5185,9826,1159,10985
2,36295,8505,0,0,7,7,5185,6664,3645,10309
2,36295,11529,0,0,7,7,5185,16184,4941,21125
2,36295,14875,0,0,7,7,5185,20618,2125,22743
2,36295,15309,0,0,7,7,5185,1064,6561,7625
2,36295,15379,0,0,7,7,5185,3294,2197,5491
2,36295,15379,0,0,7,7,5185,7442,2197,9639
2,36295,16625,0,0,7,7,5185,32,11875,11907
2,36295,16807,0,0,7,7,5185,3200,16807,20007
2,36295,17689,0,0,7,7,5185,29768,7581,37349
2,36295,19845,0,0,7,7,5185,2176,19845,22021
2,36295,20111,0,0,7,7,5185,18050,2873,20923
2,36295,21609,0,0,7,7,5185,3050,3087,6137
2,36295,21875,0,0,7,7,5185,2366,3125,5491
2,36295,22113,0,0,7,7,5185,32,15795,15827
2,36295,25515,0,0,7,7,5185,10336,18225,28561
2,36295,26047,0,0,7,7,5185,5054,3721,8775
2,36295,26299,0,0,7,7,5185,2318,3757,6075
2,36295,27783,0,0,7,7,5185,2890,3969,6859
2,36295,29393,0,0,7,7,5185,14406,4199,18605
2,36295,31941,0,0,7,7,5185,7442,4563,12005
2,36295,32319,0,0,7,7,5185,46592,41553,88145
2,36295,34391,0,0,7,7,5185,882,4913,5795
2,36295,34391,0,0,7,7,5185,6250,4913,11163
2,36295,34391,0,0,7,7,5185,82810,4913,87723
2,36295,34391,0,0,7,7,5185,24576,63869,88445
2,36435,35301,0,0,7,7,5205,1000,15129,16129
2,36505,7,0,0,7,7,5215,12690,1,12691
2,36505,5103,0,0,7,7,5215,24064,6561,30625
2,36505,9583,0,0,7,7,5215,47000,4107,51107
2,36505,26075,0,0,7,7,5215,3478,3725,7203
2,36841,7,0,0,7,7,5263,13850,1,13851
2,36946,1274,0,0,14,7,5278,8192,1183,9375
2,36946,2548,0,0,28,7,5278,8192,1183,9375
2,36946,5096,0,0,56,7,5278,8192,1183,9375
2,36981,4109,0,0,28,7,5283,5488,587,6075
2,37009,5103,0,0,7,7,5287,22016,6561,28577
2,37177,2303,0,0,7,7,5311,14464,2303,16767
2,37177,2401,0,0,7,7,5311,10368,2401,12769
2,37177,7119,0,0,7,7,5311,4802,1017,5819
2,37191,7,0,0,7,7,5313,64000,9,64009
2,37191,7,0,0,7,7,5313,71874,1,71875
2,37191,7,0,0,28,7,5313,8624,1,8625
2,37191,1701,0,0,7,7,5313,14882,243,15125
2,37191,4375,0,0,7,7,5313,2464,3125,5589
2,37191,13125,0,0,7,7,5313,5566,1875,7441
2,37191,13125,0,0,7,7,5313,9016,5625,14641
2,37191,14175,0,0,7,7,5313,1568,10125,11693
2,37275,15309,0,0,7,7,5325,24352,10935,35287
2,37471,441,0,0,7,7,5353,6784,441,7225
2,37471,4949,0,0,7,7,5353,10368,4949,15317
2,37471,11907,0,0,7,7,5353,1696,8505,10201
2,37471,35721,0,0,7,7,5353,8,15309,15317
2,37471,37471,0,0,7,7,5353,2450,5353,7803
2,37485,21,0,0,7,7,5355,237160,9,237169
2,37485,3409,0,0,7,7,5355,17248,2435,19683
2,37485,5103,0,0,7,7,5355,117128,2187,119315
2,37485,9639,0,0,7,7,5355,2744,4131,6875
2,37485,21875,0,0,7,7,5355,16558,3125,19683
2,37485,21875,0,0,7,7,5355,5984,15625,21609
2,37569,12523,0,0,7,7,5367,4802,1789,6591
2,37765,7,0,0,7,7,5395,33614,1,33615
2,37765,175,0,0,7,7,5395,62426,25,62451
2,37765,637,0,0,7,7,5395,8192,1183,9375
2,37765,1183,0,0,7,7,5395,10206,169,10375
2,37765,7875,0,0,7,7,5395,2656,5625,8281
2,37765,13125,0,0,7,7,5395,60424,5625,66049
2,37765,14525,0,0,7,7,5395,2056,6225,8281
2,37765,21875,0,0,7,7,5395,3598,3125,6723
2,37765,23625,0,0,7,7,5395,25186,3375,28561
2,37765,28469,0,0,7,7,5395,39366,4067,43433
2,37765,31213,0,0,7,7,5395,2430,4459,6889
2,37947,5887,0,0,7,7,5421,57122,841,57963
2,37947,10647,0,0,7,7,5421,5632,13689,19321
2,37947,34307,0,0,7,7,5421,6358,4901,11259
2,37961,847,0,0,7,7,5423,9826,121,9947
2,37961,21175,0,0,7,7,5423,131072,51425,182497
2,38115,15309,0,0,7,7,5445,169000,6561,175561
2,38157,21,0,0,7,7,5451,6232,9,6241
2,38157,21,0,0,7,7,5451,25912,9,25921
2,38220,1274,0,0,14,7,5460,8192,1183,9375
2,38220,2548,0,0,28,7,5460,8192,1183,9375
2,38220,5096,0,0,56,7,5460,8192,1183,9375
2,38311,5915,0,0,7,7,5473,2336,4225,6561
2,38409,21,0,0,7,7,5487,14632,9,14641
2,38500,1750,0,0,14,7,5500,69984,625,70609
2,40040,728,0,0,8,8,5005,8192,1183,9375
2,40040,4312,0,0,8,8,5005,16000,3773,19773
2,40040,33800,0,0,8,8,5005,15488,29575,45063
2,40104,8,0,0,16,8,5013,13924,1,13925
2,40104,2312,0,0,8,8,5013,14750,289,15039
2,40232,17496,0,0,8,8,5029,4888,6561,11449
2,40248,8,0,0,8,8,5031,12942,1,12943
2,40280,8,0,0,8,8,5035,101250,1,101251
2,40280,8,0,0,16,8,5035,36500,1,36501
2,40280,648,0,0,8,8,5035,53290,81,53371
2,40280,1944,0,0,8,8,5035,4600,729,5329
2,40280,11448,0,0,8,8,5035,37376,12879,50255
2,40280,13432,0,0,8,8,5035,32,8395,8427
2,40280,22472,0,0,8,8,5035,4050,2809,6859
2,40376,968,0,0,8,8,5047,16686,121,16807
2,40464,16,0,0,16,8,5058,64000,9,64009
2,40568,2888,0,0,8,8,5071,118098,361,118459
2,40584,8,0,0,16,8,5073,16820,1,16821
2,40584,2280,0,0,8,8,5073,6496,1425,7921
2,40584,4872,0,0,8,8,5073,6250,609,6859
2,40584,5000,0,0,8,8,5073,4984,1875,6859
2,40584,13528,0,0,8,8,5073,8352,8455,16807
2,40584,19000,0,0,8,8,5073,32,11875,11907
2,40584,25992,0,0,8,8,5073,200,9747,9947
2,40664,4520,0,0,8,8,5083,9568,2825,12393
2,40664,25000,0,0,8,8,5083,24334,3125,27459
2,40904,38440,0,0,8,8,5113,32,24025,24057
2,40904,40904,0,0,16,8,5113,2420,5113,7533
2,40920,8,0,0,8,8,5115,5202,1,5203
2,40920,8,0,0,8,8,5115,203390,1,203391
2,40920,216,0,0,8,8,5115,5848,81,5929
2,40920,392,0,0,8,8,5115,8910,49,8959
2,40920,968,0,0,8,8,5115,94178,121,94299
2,40920,1720,0,0,8,8,5115,6944,1075,8019
2,40920,2232,0,0,8,8,5115,3808,1395,5203
2,40920,2408,0,0,8,8,5115,3968,2107,6075
2,40920,2744,0,0,8,8,5115,5504,2401,7905
2,40920,4840,0,0,8,8,5115,44064,3025,47089
2,40920,5000,0,0,8,8,5115,7502,625,8127
2,40920,6120,0,0,8,8,5115,10648,2295,12943
2,40920,6936,0,0,8,8,5115,12040,2601,14641
2,40920,7000,0,0,8,8,5115,1408,6125,7533
2,40920,7128,0,0,8,8,5115,1376,4455,5831
2,40920,8184,0,0,64,8,5115,4352,1023,5375
2,40920,10584,0,0,8,8,5115,31000,3969,34969
2,40920,11000,0,0,8,8,5115,22016,12375,34391
2,40920,11016,0,0,8,8,5115,2744,4131,6875
2,40920,12152,0,0,8,8,5115,13122,1519,14641
2,40920,21672,0,0,8,8,5115,6250,2709,8959
2,40920,21672,0,0,8,8,5115,95744,24381,120125
2,40920,24200,0,0,8,8,5115,28322,3025,31347
2,40920,25000,0,0,8,8,5115,5984,15625,21609
2,40920,31992,0,0,8,8,5115,8,11997,12005
2,40920,38440,0,0,8,8,5115,32,24025,24057
2,40920,39304,0,0,8,8,5115,462,4913,5375
2,40920,39304,0,0,8,8,5115,946,4913,5859
2,41064,17496,0,0,8,8,5133,2560,19683,22243
2,41144,200,0,0,8,8,5143,101306,25,101331
2,41144,32856,0,0,8,8,5143,7000,12321,19321
2,41144,41144,0,0,32,8,5143,11664,5143,16807
2,41256,8,0,0,8,8,5157,72962,1,72963
2,41480,8,0,0,8,8,5185,5490,1,5491
2,41480,8,0,0,8,8,5185,6174,1,6175
2,41480,8,0,0,16,8,5185,14364,1,14365
2,41480,8,0,0,16,8,5185,31212,1,31213
2,41480,8,0,0,32,8,5185,28560,1,28561
2,41480,24,0,0,8,8,5185,61000,9,61009
2,41480,40,0,0,8,8,5185,13664,25,13689
2,41480,72,0,0,8,8,5185,60928,81,61009
2,41480,216,0,0,8,8,5185,74698,27,74725
2,41480,392,0,0,8,8,5185,5746,49,5795
2,41480,728,0,0,8,8,5185,8192,1183,9375
2,41480,1352,0,0,8,8,5185,235298,169,235467
2,41480,1464,0,0,8,8,5185,9728,1647,11375
2,41480,1944,0,0,8,8,5185,8296,729,9025
2,41480,2440,0,0,8,8,5185,9248,1525,10773
2,41480,2808,0,0,8,8,5185,31232,3159,34391
2,41480,2888,0,0,8,8,5185,7442,361,7803
2,41480,2888,0,0,8,8,5185,7514,361,7875
2,41480,3528,0,0,8,8,5185,6656,3969,10625
2,41480,5000,0,0,8,8,5185,512,5625,6137
2,41480,5000,0,0,8,8,5185,33184,3125,36309
2,41480,5096,0,0,8,8,5185,6222,637,6859
2,41480,5096,0,0,8,8,5185,8192,8281,16473
2,41480,5832,0,0,8,8,5185,9386,729,10115
2,41480,8568,0,0,8,8,5185,128,7497,7625
2,41480,8664,0,0,8,8,5185,12376,3249,15625
2,41480,8664,0,0,8,8,5185,17576,3249,20825
2,41480,9272,0,0,8,8,5185,9826,1159,10985
2,41480,9720,0,0,8,8,5185,6664,3645,10309
2,41480,13176,0,0,8,8,5185,16184,4941,21125
2,41480,17000,0,0,8,8,5185,20618,2125,22743
2,41480,17496,0,0,8,8,5185,1064,6561,7625
2,41480,17576,0,0,8,8,5185,3294,2197,5491
2,41480,17576,0,0,8,8,5185,7442,2197,9639
2,41480,19000,0,0,8,8,5185,32,11875,11907
2,41480,19208,0,0,8,8,5185,3200,16807,20007
2,41480,20216,0,0,8,8,5185,29768,7581,37349
2,41480,22680,0,0,8,8,5185,2176,19845,22021
2,41480,22984,0,0,8,8,5185,18050,2873,20923
2,41480,24696,0,0,8,8,5185,3050,3087,6137
2,41480,25000,0,0,8,8,5185,2366,3125,5491
2,41480,25272,0,0,8,8,5185,32,15795,15827
2,41480,29160,0,0,8,8,5185,10336,18225,28561
2,41480,29768,0,0,8,8,5185,5054,3721,8775
2,41480,30056,0,0,8,8,5185,2318,3757,6075
2,41480,31752,0,0,8,8,5185,2890,3969,6859
2,41480,33592,0,0,8,8,5185,14406,4199,18605
2,41480,36504,0,0,8,8,5185,7442,4563,12005
2,41480,36936,0,0,8,8,5185,46592,41553,88145
2,41480,39304,0,0,8,8,5185,882,4913,5795
2,41480,39304,0,0,8,8,5185,6250,4913,11163
2,41480,39304,0,0,8,8,5185,82810,4913,87723
2,41480,39304,0,0,8,8,5185,24576,63869,88445
2,41640,40344,0,0,8,8,5205,1000,15129,16129
2,41720,8,0,0,8,8,5215,12690,1,12691
2,41720,5832,0,0,8,8,5215,24064,6561,30625
2,41720,10952,0,0,8,8,5215,47000,4107,51107
2,41720,29800,0,0,8,8,5215,3478,3725,7203
2,42104,8,0,0,8,8,5263,13850,1,13851
2,42224,1456,0,0,16,8,5278,8192,1183,9375
2,42224,2912,0,0,32,8,5278,8192,1183,9375
2,42224,5824,0,0,64,8,5278,8192,1183,9375
2,42264,4696,0,0,32,8,5283,5488,587,6075
2,42296,5832,0,0,8,8,5287,22016,6561,28577
2,42488,2632,0,0,8,8,5311,14464,2303,16767
2,42488,2744,0,0,8,8,5311,10368,2401,12769
2,42488,8136,0,0,8,8,5311,4802,1017,5819
2,42504,8,0,0,8,8,5313,64000,9,64009
2,42504,8,0,0,8,8,5313,71874,1,71875
2,42504,8,0,0,32,8,5313,8624,1,8625
2,42504,1944,0,0,8,8,5313,14882,243,15125
2,42504,5000,0,0,8,8,5313,2464,3125,5589
2,42504,15000,0,0,8,8,5313,5566,1875,7441
2,42504,15000,0,0,8,8,5313,9016,5625,14641
2,42504,16200,0,0,8,8,5313,1568,10125,11693
2,42600,17496,0,0,8,8,5325,24352,10935,35287
2,42824,504,0,0,8,8,5353,6784,441,7225
2,42824,5656,0,0,8,8,5353,10368,4949,15317
2,42824,13608,0,0,8,8,5353,1696,8505,10201
2,42824,40824,0,0,8,8,5353,8,15309,15317
2,42824,42824,0,0,8,8,5353,2450,5353,7803
2,42840,24,0,0,8,8,5355,237160,9,237169
2,42840,3896,0,0,8,8,5355,17248,2435,19683
2,42840,5832,0,0,8,8,5355,117128,2187,119315
2,42840,11016,0,0,8,8,5355,2744,4131,6875
2,42840,25000,0,0,8,8,5355,16558,3125,19683
2,42840,25000,0,0,8,8,5355,5984,15625,21609
2,42936,14312,0,0,8,8,5367,4802,1789,6591
2,43160,8,0,0,8,8,5395,33614,1,33615
2,43160,200,0,0,8,8,5395,62426,25,62451
2,43160,728,0,0,8,8,5395,8192,1183,9375
2,43160,1352,0,0,8,8,5395,10206,169,10375
2,43160,9000,0,0,8,8,5395,2656,5625,8281
2,43160,15000,0,0,8,8,5395,60424,5625,66049
2,43160,16600,0,0,8,8,5395,2056,6225,8281
2,43160,25000,0,0,8,8,5395,3598,3125,6723
2,43160,27000,0,0,8,8,5395,25186,3375,28561
2,43160,32536,0,0,8,8,5395,39366,4067,43433
2,43160,35672,0,0,8,8,5395,2430,4459,6889
2,43368,6728,0,0,8,8,5421,57122,841,57963
2,43368,12168,0,0,8,8,5421,5632,13689,19321
2,43368,39208,0,0,8,8,5421,6358,4901,11259
2,43384,968,0,0,8,8,5423,9826,121,9947
2,43384,24200,0,0,8,8,5423,131072,51425,182497
2,43560,17496,0,0,8,8,5445,169000,6561,175561
2,43608,24,0,0,8,8,5451,6232,9,6241
2,43608,24,0,0,8,8,5451,25912,9,25921
2,43680,1456,0,0,16,8,5460,8192,1183,9375
2,43680,2912,0,0,32,8,5460,8192,1183,9375
2,43680,5824,0,0,64,8,5460,8192,1183,9375
2,43784,6760,0,0,8,8,5473,2336,4225,6561
2,43896,24,0,0,8,8,5487,14632,9,14641
2,44000,2000,0,0,16,8,5500,69984,625,70609
2,45045,819,0,0,9,9,5005,8192,1183,9375
2,45045,4851,0,0,9,9,5005,16000,3773,19773
2,45045,38025,0,0,9,9,5005,15488,29575,45063
2,45117,9,0,0,18,9,5013,13924,1,13925
2,45117,2601,0,0,9,9,5013,14750,289,15039
2,45261,19683,0,0,9,9,5029,4888,6561,11449
2,45279,9,0,0,9,9,5031,12942,1,12943
2,45315,9,0,0,9,9,5035,101250,1,101251
2,45315,9,0,0,18,9,5035,36500,1,36501
2,45315,729,0,0,9,9,5035,53290,81,53371
2,45315,2187,0,0,9,9,5035,4600,729,5329
2,45315,12879,0,0,9,9,5035,37376,12879,50255
2,45315,15111,0,0,9,9,5035,32,8395,8427
2,45315,25281,0,0,9,9,5035,4050,2809,6859
2,45423,1089,0,0,9,9,5047,16686,121,16807
2,45522,18,0,0,18,9,5058,64000,9,64009
2,45639,3249,0,0,9,9,5071,118098,361,118459
2,45657,9,0,0,18,9,5073,16820,1,16821
2,45657,2565,0,0,9,9,5073,6496,1425,7921
2,45657,5481,0,0,9,9,5073,6250,609,6859
2,45657,5625,0,0,9,9,5073,4984,1875,6859
2,45657,15219,0,0,9,9,5073,8352,8455,16807
2,45657,21375,0,0,9,9,5073,32,11875,11907
2,45657,29241,0,0,9,9,5073,200,9747,9947
2,45747,5085,0,0,9,9,5083,9568,2825,12393
2,45747,28125,0,0,9,9,5083,24334,3125,27459
2,46017,43245,0,0,9,9,5113,32,24025,24057
2,46017,46017,0,0,18,9,5113,2420,5113,7533
2,46035,9,0,0,9,9,5115,5202,1,5203
2,46035,9,0,0,9,9,5115,203390,1,203391
2,46035,243,0,0,9,9,5115,5848,81,5929
2,46035,441,0,0,9,9,5115,8910,49,8959
2,46035,1089,0,0,9,9,5115,94178,121,94299
2,46035,1935,0,0,9,9,5115,6944,1075,8019
2,46035,2511,0,0,9,9,5115,3808,1395,5203
2,46035,2709,0,0,9,9,5115,3968,2107,6075
2,46035,3087,0,0,9,9,5115,5504,2401,7905
2,46035,5445,0,0,9,9,5115,44064,3025,47089
2,46035,5625,0,0,9,9,5115,7502,625,8127
2,46035,6885,0,0,9,9,5115,10648,2295,12943
2,46035,7803,0,0,9,9,5115,12040,2601,14641
2,46035,7875,0,0,9,9,5115,1408,6125,7533
2,46035,8019,0,0,9,9,5115,1376,4455,5831
2,46035,9207,0,0,72,9,5115,4352,1023,5375
2,46035,11907,0,0,9,9,5115,31000,3969,34969
2,46035,12375,0,0,9,9,5115,22016,12375,34391
2,46035,12393,0,0,9,9,5115,2744,4131,6875
2,46035,13671,0,0,9,9,5115,13122,1519,14641
2,46035,24381,0,0,9,9,5115,6250,2709,8959
2,46035,24381,0,0,9,9,5115,95744,24381,120125
2,46035,27225,0,0,9,9,5115,28322,3025,31347
2,46035,28125,0,0,9,9,5115,5984,15625,21609
2,46035,35991,0,0,9,9,5115,8,11997,12005
2,46035,43245,0,0,9,9,5115,32,24025,24057
2,46035,44217,0,0,9,9,5115,462,4913,5375
2,46035,44217,0,0,9,9,5115,946,4913,5859
2,46197,19683,0,0,9,9,5133,2560,19683,22243
2,46287,225,0,0,9,9,5143,101306,25,101331
2,46287,36963,0,0,9,9,5143,7000,12321,19321
2,46287,46287,0,0,36,9,5143,11664,5143,16807
2,46413,9,0,0,9,9,5157,72962,1,72963
2,46665,9,0,0,9,9,5185,5490,1,5491
2,46665,9,0,0,9,9,5185,6174,1,6175
2,46665,9,0,0,18,9,5185,14364,1,14365
2,46665,9,0,0,18,9,5185,31212,1,31213
2,46665,9,0,0,36,9,5185,28560,1,28561
2,46665,27,0,0,9,9,5185,61000,9,61009
2,46665,45,0,0,9,9,5185,13664,25,13689
2,46665,81,0,0,9,9,5185,60928,81,61009
2,46665,243,0,0,9,9,5185,74698,27,74725
2,46665,441,0,0,9,9,5185,5746,49,5795
2,46665,819,0,0,9,9,5185,8192,1183,9375
2,46665,1521,0,0,9,9,5185,235298,169,235467
2,46665,1647,0,0,9,9,5185,9728,1647,11375
2,46665,2187,0,0,9,9,5185,8296,729,9025
2,46665,2745,0,0,9,9,5185,9248,1525,10773
2,46665,3159,0,0,9,9,5185,31232,3159,34391
2,46665,3249,0,0,9,9,5185,7442,361,7803
2,46665,3249,0,0,9,9,5185,7514,361,7875
2,46665,3969,0,0,9,9,5185,6656,3969,10625
2,46665,5625,0,0,9,9,5185,512,5625,6137
2,46665,5625,0,0,9,9,5185,33184,3125,36309
2,46665,5733,0,0,9,9,5185,6222,637,6859
2,46665,5733,0,0,9,9,5185,8192,8281,16473
2,46665,6561,0,0,9,9,5185,9386,729,10115
2,46665,9639,0,0,9,9,5185,128,7497,7625
2,46665,9747,0,0,9,9,5185,12376,3249,15625
2,46665,9747,0,0,9,9,5185,17576,3249,20825
2,46665,10431,0,0,9,9,5185,9826,1159,10985
2,46665,10935,0,0,9,9,5185,6664,3645,10309
2,46665,14823,0,0,9,9,5185,16184,4941,21125
2,46665,19125,0,0,9,9,5185,20618,2125,22743
2,46665,19683,0,0,9,9,5185,1064,6561,7625
2,46665,19773,0,0,9,9,5185,3294,2197,5491
2,46665,19773,0,0,9,9,5185,7442,2197,9639
2,46665,21375,0,0,9,9,5185,32,11875,11907
2,46665,21609,0,0,9,9,5185,3200,16807,20007
2,46665,22743,0,0,9,9,5185,29768,7581,37349
2,46665,25515,0,0,9,9,5185,2176,19845,22021
2,46665,25857,0,0,9,9,5185,18050,2873,20923
2,46665,27783,0,0,9,9,5185,3050,3087,6137
2,46665,28125,0,0,9,9,5185,2366,3125,5491
2,46665,28431,0,0,9,9,5185,32,15795,15827
2,46665,32805,0,0,9,9,5185,10336,18225,28561
2,46665,33489,0,0,9,9,5185,5054,3721,8775
2,46665,33813,0,0,9,9,5185,2318,3757,6075
2,46665,35721,0,0,9,9,5185,2890,3969,6859
2,46665,37791,0,0,9,9,5185,14406,4199,18605
2,46665,41067,0,0,9,9,5185,7442,4563,12005
2,46665,41553,0,0,9,9,5185,46592,41553,88145
2,46665,44217,0,0,9,9,5185,882,4913,5795
2,46665,44217,0,0,9,9,5185,6250,4913,11163
2,46665,44217,0,0,9,9,5185,82810,4913,87723
2,46665,44217,0,0,9,9,5185,24576,63869,88445
2,46845,45387,0,0,9,9,5205,1000,15129,16129
2,46935,9,0,0,9,9,5215,12690,1,12691
2,46935,6561,0,0,9,9,5215,24064,6561,30625
2,46935,12321,0,0,9,9,5215,47000,4107,51107
2,46935,33525,0,0,9,9,5215,3478,3725,7203
2,47367,9,0,0,9,9,5263,13850,1,13851
2,47502,1638,0,0,18,9,5278,8192,1183,9375
2,47502,3276,0,0,36,9,5278,8192,1183,9375
2,47502,6552,0,0,72,9,5278,8192,1183,9375
2,47547,5283,0,0,36,9,5283,5488,587,6075
2,47583,6561,0,0,9,9,5287,22016,6561,28577
2,47799,2961,0,0,9,9,5311,14464,2303,16767
2,47799,3087,0,0,9,9,5311,10368,2401,12769
2,47799,9153,0,0,9,9,5311,4802,1017,5819
2,47817,9,0,0,9,9,5313,64000,9,64009
2,47817,9,0,0,9,9,5313,71874,1,71875
2,47817,9,0,0,36,9,5313,8624,1,8625
2,47817,2187,0,0,9,9,5313,14882,243,15125
2,47817,5625,0,0,9,9,5313,2464,3125,5589
2,47817,16875,0,0,9,9,5313,5566,1875,7441
2,47817,16875,0,0,9,9,5313,9016,5625,14641
2,47817,18225,0,0,9,9,5313,1568,10125,11693
2,47925,19683,0,0,9,9,5325,24352,10935,35287
2,48177,567,0,0,9,9,5353,6784,441,7225
2,48177,6363,0,0,9,9,5353,10368,4949,15317
2,48177,15309,0,0,9,9,5353,1696,8505,10201
2,48177,45927,0,0,9,9,5353,8,15309,15317
2,48177,48177,0,0,9,9,5353,2450,5353,7803
2,48195,27,0,0,9,9,5355,237160,9,237169
2,48195,4383,0,0,9,9,5355,17248,2435,19683
2,48195,6561,0,0,9,9,5355,117128,2187,119315
2,48195,12393,0,0,9,9,5355,2744,4131,6875
2,48195,28125,0,0,9,9,5355,16558,3125,19683
2,48195,28125,0,0,9,9,5355,5984,15625,21609
2,48303,16101,0,0,9,9,5367,4802,1789,6591
2,48555,9,0,0,9,9,5395,33614,1,33615
2,48555,225,0,0,9,9,5395,62426,25,62451
2,48555,819,0,0,9,9,5395,8192,1183,9375
2,48555,1521,0,0,9,9,5395,10206,169,10375
2,48555,10125,0,0,9,9,5395,2656,5625,8281
2,48555,16875,0,0,9,9,5395,60424,5625,66049
2,48555,18675,0,0,9,9,5395,2056,6225,8281
2,48555,28125,0,0,9,9,5395,3598,3125,6723
2,48555,30375,0,0,9,9,5395,25186,3375,28561
2,48555,36603,0,0,9,9,5395,39366,4067,43433
2,48555,40131,0,0,9,9,5395,2430,4459,6889
2,48789,7569,0,0,9,9,5421,57122,841,57963
2,48789,13689,0,0,9,9,5421,5632,13689,19321
2,48789,44109,0,0,9,9,5421,6358,4901,11259
2,48807,1089,0,0,9,9,5423,9826,121,9947
2,48807,27225,0,0,9,9,5423,131072,51425,182497
2,49005,19683,0,0,9,9,5445,169000,6561,175561
2,49059,27,0,0,9,9,5451,6232,9,6241
2,49059,27,0,0,9,9,5451,25912,9,25921
2,49140,1638,0,0,18,9,5460,8192,1183,9375
2,49140,3276,0,0,36,9,5460,8192,1183,9375
2,49140,6552,0,0,72,9,5460,8192,1183,9375
2,49257,7605,0,0,9,9,5473,2336,4225,6561
2,49383,27,0,0,9,9,5487,14632,9,14641
2,49500,2250,0,0,18,9,5500,69984,625,70609
2,50050,910,0,0,10,10,5005,8192,1183,9375
2,50050,5390,0,0,10,10,5005,16000,3773,19773
2,50050,42250,0,0,10,10,5005,15488,29575,45063
2,50130,10,0,0,20,10,5013,13924,1,13925
2,50130,2890,0,0,10,10,5013,14750,289,15039
2,50290,21870,0,0,10,10,5029,4888,6561,11449
2,50310,10,0,0,10,10,5031,12942,1,12943
2,50350,10,0,0,10,10,5035,101250,1,101251
2,50350,10,0,0,20,10,5035,36500,1,36501
2,50350,810,0,0,10,10,5035,53290,81,53371
2,50350,2430,0,0,10,10,5035,4600,729,5329
2,50350,14310,0,0,10,10,5035,37376,12879,50255
2,50350,16790,0,0,10,10,5035,32,8395,8427
2,50350,28090,0,0,10,10,5035,4050,2809,6859
2,50470,1210,0,0,10,10,5047,16686,121,16807
2,50580,20,0,0,20,10,5058,64000,9,64009
2,50710,3610,0,0,10,10,5071,118098,361,118459
2,50730,10,0,0,20,10,5073,16820,1,16821
2,50730,2850,0,0,10,10,5073,6496,1425,7921
2,50730,6090,0,0,10,10,5073,6250,609,6859
2,50730,6250,0,0,10,10,5073,4984,1875,6859
2,50730,16910,0,0,10,10,5073,8352,8455,16807
2,50730,23750,0,0,10,10,5073,32,11875,11907
2,50730,32490,0,0,10,10,5073,200,9747,9947
2,50830,5650,0,0,10,10,5083,9568,2825,12393
2,50830,31250,0,0,10,10,5083,24334,3125,27459
2,51130,48050,0,0,10,10,5113,32,24025,24057
2,51130,51130,0,0,20,10,5113,2420,5113,7533
2,51150,10,0,0,10,10,5115,5202,1,5203
2,51150,10,0,0,10,10,5115,203390,1,203391
2,51150,270,0,0,10,10,5115,5848,81,5929
2,51150,490,0,0,10,10,5115,8910,49,8959
2,51150,1210,0,0,10,10,5115,94178,121,94299
2,51150,2150,0,0,10,10,5115,6944,1075,8019
2,51150,2790,0,0,10,10,5115,3808,1395,5203
2,51150,3010,0,0,10,10,5115,3968,2107,6075
2,51150,3430,0,0,10,10,5115,5504,2401,7905
2,51150,6050,0,0,10,10,5115,44064,3025,47089
2,51150,6250,0,0,10,10,5115,7502,625,8127
2,51150,7650,0,0,10,10,5115,10648,2295,12943
2,51150,8670,0,0,10,10,5115,12040,2601,14641
2,51150,8750,0,0,10,10,5115,1408,6125,7533
2,51150,8910,0,0,10,10,5115,1376,4455,5831
2,51150,10230,0,0,80,10,5115,4352,1023,5375
2,51150,13230,0,0,10,10,5115,31000,3969,34969
2,51150,13750,0,0,10,10,5115,22016,12375,34391
2,51150,13770,0,0,10,10,5115,2744,4131,6875
2,51150,15190,0,0,10,10,5115,13122,1519,14641
2,51150,27090,0,0,10,10,5115,6250,2709,8959
2,51150,27090,0,0,10,10,5115,95744,24381,120125
2,51150,30250,0,0,10,10,5115,28322,3025,31347
2,51150,31250,0,0,10,10,5115,5984,15625,21609
2,51150,39990,0,0,10,10,5115,8,11997,12005
2,51150,48050,0,0,10,10,5115,32,24025,24057
2,51150,49130,0,0,10,10,5115,462,4913,5375
2,51150,49130,0,0,10,10,5115,946,4913,5859
2,51330,21870,0,0,10,10,5133,2560,19683,22243
2,51430,250,0,0,10,10,5143,101306,25,101331
2,51430,41070,0,0,10,10,5143,7000,12321,19321
2,51430,51430,0,0,40,10,5143,11664,5143,16807
2,51570,10,0,0,10,10,5157,72962,1,72963
2,51850,10,0,0,10,10,5185,5490,1,5491
2,51850,10,0,0,10,10,5185,6174,1,6175
2,51850,10,0,0,20,10,5185,14364,1,14365
2,51850,10,0,0,20,10,5185,31212,1,31213
2,51850,10,0,0,40,10,5185,28560,1,28561
2,51850,30,0,0,10,10,5185,61000,9,61009
2,51850,50,0,0,10,10,5185,13664,25,13689
2,51850,90,0,0,10,10,5185,60928,81,61009
2,51850,270,0,0,10,10,5185,74698,27,74725
2,51850,490,0,0,10,10,5185,5746,49,5795
2,51850,910,0,0,10,10,5185,8192,1183,9375
2,51850,1690,0,0,10,10,5185,235298,169,235467
2,51850,1830,0,0,10,10,5185,9728,1647,11375
2,51850,2430,0,0,10,10,5185,8296,729,9025
2,51850,3050,0,0,10,10,5185,9248,1525,10773
2,51850,3510,0,0,10,10,5185,31232,3159,34391
2,51850,3610,0,0,10,10,5185,7442,361,7803
2,51850,3610,0,0,10,10,5185,7514,361,7875
2,51850,4410,0,0,10,10,5185,6656,3969,10625
2,51850,6250,0,0,10,10,5185,512,5625,6137
2,51850,6250,0,0,10,10,5185,33184,3125,36309
2,51850,6370,0,0,10,10,5185,6222,637,6859
2,51850,6370,0,0,10,10,5185,8192,8281,16473
2,51850,7290,0,0,10,10,5185,9386,729,10115
2,51850,10710,0,0,10,10,5185,128,7497,7625
2,51850,10830,0,0,10,10,5185,12376,3249,15625
2,51850,10830,0,0,10,10,5185,17576,3249,20825
2,51850,11590,0,0,10,10,5185,9826,1159,10985
2,51850,12150,0,0,10,10,5185,6664,3645,10309
2,51850,16470,0,0,10,10,5185,16184,4941,21125
2,51850,21250,0,0,10,10,5185,20618,2125,22743
2,51850,21870,0,0,10,10,5185,1064,6561,7625
2,51850,21970,0,0,10,10,5185,3294,2197,5491
2,51850,21970,0,0,10,10,5185,7442,2197,9639
2,51850,23750,0,0,10,10,5185,32,11875,11907
2,51850,24010,0,0,10,10,5185,3200,16807,20007
2,51850,25270,0,0,10,10,5185,29768,7581,37349
2,51850,28350,0,0,10,10,5185,2176,19845,22021
2,51850,28730,0,0,10,10,5185,18050,2873,20923
2,51850,30870,0,0,10,10,5185,3050,3087,6137
2,51850,31250,0,0,10,10,5185,2366,3125,5491
2,51850,31590,0,0,10,10,5185,32,15795,15827
2,51850,36450,0,0,10,10,5185,10336,18225,28561
2,51850,37210,0,0,10,10,5185,5054,3721,8775
2,51850,37570,0,0,10,10,5185,2318,3757,6075
2,51850,39690,0,0,10,10,5185,2890,3969,6859
2,51850,41990,0,0,10,10,5185,14406,4199,18605
2,51850,45630,0,0,10,10,5185,7442,4563,12005
2,51850,46170,0,0,10,10,5185,46592,41553,88145
2,51850,49130,0,0,10,10,5185,882,4913,5795
2,51850,49130,0,0,10,10,5185,6250,4913,11163
2,51850,49130,0,0,10,10,5185,82810,4913,87723
2,51850,49130,0,0,10,10,5185,24576,63869,88445
2,52050,50430,0,0,10,10,5205,1000,15129,16129
2,52150,10,0,0,10,10,5215,12690,1,12691
2,52150,7290,0,0,10,10,5215,24064,6561,30625
2,52150,13690,0,0,10,10,5215,47000,4107,51107
2,52150,37250,0,0,10,10,5215,3478,3725,7203
2,52630,10,0,0,10,10,5263,13850,1,13851
2,52780,1820,0,0,20,10,5278,8192,1183,9375
2,52780,3640,0,0,40,10,5278,8192,1183,9375
2,52780,7280,0,0,80,10,5278,8192,1183,9375
2,52830,5870,0,0,40,10,5283,5488,587,6075
2,52870,7290,0,0,10,10,5287,22016,6561,28577
2,53110,3290,0,0,10,10,5311,14464,2303,16767
2,53110,3430,0,0,10,10,5311,10368,2401,12769
2,53110,10170,0,0,10,10,5311,4802,1017,5819
2,53130,10,0,0,10,10,5313,64000,9,64009
2,53130,10,0,0,10,10,5313,71874,1,71875
2,53130,10,0,0,40,10,5313,8624,1,8625
2,53130,2430,0,0,10,10,5313,14882,243,15125
2,53130,6250,0,0,10,10,5313,2464,3125,5589
2,53130,18750,0,0,10,10,5313,5566,1875,7441
2,53130,18750,0,0,10,10,5313,9016,5625,14641
2,53130,20250,0,0,10,10,5313,1568,10125,11693
2,53250,21870,0,0,10,10,5325,24352,10935,35287
2,53530,630,0,0,10,10,5353,6784,441,7225
2,53530,7070,0,0,10,10,5353,10368,4949,15317
2,53530,17010,0,0,10,10,5353,1696,8505,10201
2,53530,51030,0,0,10,10,5353,8,15309,15317
2,53530,53530,0,0,10,10,5353,2450,5353,7803
2,53550,30,0,0,10,10,5355,237160,9,237169
2,53550,4870,0,0,10,10,5355,17248,2435,19683
2,53550,7290,0,0,10,10,5355,117128,2187,119315
2,53550,13770,0,0,10,10,5355,2744,4131,6875
2,53550,31250,0,0,10,10,5355,16558,3125,19683
2,53550,31250,0,0,10,10,5355,5984,15625,21609
2,53670,17890,0,0,10,10,5367,4802,1789,6591
2,53950,10,0,0,10,10,5395,33614,1,33615
2,53950,250,0,0,10,10,5395,62426,25,62451
2,53950,910,0,0,10,10,5395,8192,1183,9375
2,53950,1690,0,0,10,10,5395,10206,169,10375
2,53950,11250,0,0,10,10,5395,2656,5625,8281
2,53950,18750,0,0,10,10,5395,60424,5625,66049
2,53950,20750,0,0,10,10,5395,2056,6225,8281
2,53950,31250,0,0,10,10,5395,3598,3125,6723
2,53950,33750,0,0,10,10,5395,25186,3375,28561
2,53950,40670,0,0,10,10,5395,39366,4067,43433
2,53950,44590,0,0,10,10,5395,2430,4459,6889
2,54210,8410,0,0,10,10,5421,57122,841,57963
2,54210,15210,0,0,10,10,5421,5632,13689,19321
2,54210,49010,0,0,10,10,5421,6358,4901,11259
2,54230,1210,0,0,10,10,5423,9826,121,9947
2,54230,30250,0,0,10,10,5423,131072,51425,182497
2,54450,21870,0,0,10,10,5445,169000,6561,175561
2,54510,30,0,0,10,10,5451,6232,9,6241
2,54510,30,0,0,10,10,5451,25912,9,25921
2,54600,1820,0,0,20,10,5460,8192,1183,9375
2,54600,3640,0,0,40,10,5460,8192,1183,9375
2,54600,7280,0,0,80,10,5460,8192,1183,9375
2,54730,8450,0,0,10,10,5473,2336,4225,6561
2,54870,30,0,0,10,10,5487,14632,9,14641
2,55000,2500,0,0,20,10,5500,69984,625,70609
2,55055,1001,0,0,11,11,5005,8192,1183,9375
2,55055,5929,0,0,11,11,5005,16000,3773,19773
2,55055,46475,0,0,11,11,5005,15488,29575,45063
2,55143,11,0,0,22,11,5013,13924,1,13925
2,55143,3179,0,0,11,11,5013,14750,289,15039
2,55319,24057,0,0,11,11,5029,4888,6561,11449
2,55341,11,0,0,11,11,5031,12942,1,12943
2,55385,11,0,0,11,11,5035,101250,1,101251
2,55385,11,0,0,22,11,5035,36500,1,36501
2,55385,891,0,0,11,11,5035,53290,81,53371
2,55385,2673,0,0,11,11,5035,4600,729,5329
2,55385,15741,0,0,11,11,5035,37376,12879,50255
2,55385,18469,0,0,11,11,5035,32,8395,8427
2,55385,30899,0,0,11,11,5035,4050,2809,6859
2,55517,1331,0,0,11,11,5047,16686,121,16807
2,55638,22,0,0,22,11,5058,64000,9,64009
2,55781,3971,0,0,11,11,5071,118098,361,118459
2,55803,11,0,0,22,11,5073,16820,1,16821
2,55803,3135,0,0,11,11,5073,6496,1425,7921
2,55803,6699,0,0,11,11,5073,6250,609,6859
2,55803,6875,0,0,11,11,5073,4984,1875,6859
2,55803,18601,0,0,11,11,5073,8352,8455,16807
2,55803,26125,0,0,11,11,5073,32,11875,11907
2,55803,35739,0,0,11,11,5073,200,9747,9947
2,55913,6215,0,0,11,11,5083,9568,2825,12393
2,55913,34375,0,0,11,11,5083,24334,3125,27459
2,56243,52855,0,0,11,11,5113,32,24025,24057
2,56243,56243,0,0,22,11,5113,2420,5113,7533
2,56265,11,0,0,11,11,5115,5202,1,5203
2,56265,11,0,0,11,11,5115,203390,1,203391
2,56265,297,0,0,11,11,5115,5848,81,5929
2,56265,539,0,0,11,11,5115,8910,49,8959
2,56265,1331,0,0,11,11,5115,94178,121,94299
2,56265,2365,0,0,11,11,5115,6944,1075,8019
2,56265,3069,0,0,11,11,5115,3808,1395,5203
2,56265,3311,0,0,11,11,5115,3968,2107,6075
2,56265,3773,0,0,11,11,5115,5504,2401,7905
2,56265,6655,0,0,11,11,5115,44064,3025,47089
2,56265,6875,0,0,11,11,5115,7502,625,8127
2,56265,8415,0,0,11,11,5115,10648,2295,12943
2,56265,9537,0,0,11,11,5115,12040,2601,14641
2,56265,9625,0,0,11,11,5115,1408,6125,7533
2,56265,9801,0,0,11,11,5115,1376,4455,5831
2,56265,11253,0,0,88,11,5115,4352,1023,5375
2,56265,14553,0,0,11,11,5115,31000,3969,34969
2,56265,15125,0,0,11,11,5115,22016,12375,34391
2,56265,15147,0,0,11,11,5115,2744,4131,6875
2,56265,16709,0,0,11,11,5115,13122,1519,14641
2,56265,29799,0,0,11,11,5115,6250,2709,8959
2,56265,29799,0,0,11,11,5115,95744,24381,120125
2,56265,33275,0,0,11,11,5115,28322,3025,31347
2,56265,34375,0,0,11,11,5115,5984,15625,21609
2,56265,43989,0,0,11,11,5115,8,11997,12005
2,56265,52855,0,0,11,11,5115,32,24025,24057
2,56265,54043,0,0,11,11,5115,462,4913,5375
2,56265,54043,0,0,11,11,5115,946,4913,5859
2,56463,24057,0,0,11,11,5133,2560,19683,22243
2,56573,275,0,0,11,11,5143,101306,25,101331
2,56573,45177,0,0,11,11,5143,7000,12321,19321
2,56573,56573,0,0,44,11,5143,11664,5143,16807
2,56727,11,0,0,11,11,5157,72962,1,72963
2,57035,11,0,0,11,11,5185,5490,1,5491
2,57035,11,0,0,11,11,5185,6174,1,6175
2,57035,11,0,0,22,11,5185,14364,1,14365
2,57035,11,0,0,22,11,5185,31212,1,31213
2,57035,11,0,0,44,11,5185,28560,1,28561
2,57035,33,0,0,11,11,5185,61000,9,61009
2,57035,55,0,0,11,11,5185,13664,25,13689
2,57035,99,0,0,11,11,5185,60928,81,61009
2,57035,297,0,0,11,11,5185,74698,27,74725
2,57035,539,0,0,11,11,5185,5746,49,5795
2,57035,1001,0,0,11,11,5185,8192,1183,9375
2,57035,1859,0,0,11,11,5185,235298,169,235467
2,57035,2013,0,0,11,11,5185,9728,1647,11375
2,57035,2673,0,0,11,11,5185,8296,729,9025
2,57035,3355,0,0,11,11,5185,9248,1525,10773
2,57035,3861,0,0,11,11,5185,31232,3159,34391
2,57035,3971,0,0,11,11,5185,7442,361,7803
2,57035,3971,0,0,11,11,5185,7514,361,7875
2,57035,4851,0,0,11,11,5185,6656,3969,10625
2,57035,6875,0,0,11,11,5185,512,5625,6137
2,57035,6875,0,0,11,11,5185,33184,3125,36309
2,57035,7007,0,0,11,11,5185,6222,637,6859
2,57035,7007,0,0,11,11,5185,8192,8281,16473
2,57035,8019,0,0,11,11,5185,9386,729,10115
2,57035,11781,0,0,11,11,5185,128,7497,7625
2,57035,11913,0,0,11,11,5185,12376,3249,15625
2,57035,11913,0,0,11,11,5185,17576,3249,20825
2,57035,12749,0,0,11,11,5185,9826,1159,10985
2,57035,13365,0,0,11,11,5185,6664,3645,10309
2,57035,18117,0,0,11,11,5185,16184,4941,21125
2,57035,23375,0,0,11,11,5185,20618,2125,22743
2,57035,24057,0,0,11,11,5185,1064,6561,7625
2,57035,24167,0,0,11,11,5185,3294,2197,5491
2,57035,24167,0,0,11,11,5185,7442,2197,9639
2,57035,26125,0,0,11,11,5185,32,11875,11907
2,57035,26411,0,0,11,11,5185,3200,16807,20007
2,57035,27797,0,0,11,11,5185,29768,7581,37349
2,57035,31185,0,0,11,11,5185,2176,19845,22021
2,57035,31603,0,0,11,11,5185,18050,2873,20923
2,57035,33957,0,0,11,11,5185,3050,3087,6137
2,57035,34375,0,0,11,11,5185,2366,3125,5491
2,57035,34749,0,0,11,11,5185,32,15795,15827
2,57035,40095,0,0,11,11,5185,10336,18225,28561
2,57035,40931,0,0,11,11,5185,5054,3721,8775
2,57035,41327,0,0,11,11,5185,2318,3757,6075
2,57035,43659,0,0,11,11,5185,2890,3969,6859
2,57035,46189,0,0,11,11,5185,14406,4199,18605
2,57035,50193,0,0,11,11,5185,7442,4563,12005
2,57035,50787,0,0,11,11,5185,46592,41553,88145
2,57035,54043,0,0,11,11,5185,882,4913,5795
2,57035,54043,0,0,11,11,5185,6250,4913,11163
2,57035,54043,0,0,11,11,5185,82810,4913,87723
2,57035,54043,0,0,11,11,5185,24576,63869,88445
2,57255,55473,0,0,11,11,5205,1000,15129,16129
2,57365,11,0,0,11,11,5215,12690,1,12691
2,57365,8019,0,0,11,11,5215,24064,6561,30625
2,57365,15059,0,0,11,11,5215,47000,4107,51107
2,57365,40975,0,0,11,11,5215,3478,3725,7203
2,57893,11,0,0,11,11,5263,13850,1,13851
2,58058,2002,0,0,22,11,5278,8192,1183,9375
2,58058,4004,0,0,44,11,5278,8192,1183,9375
2,58058,8008,0,0,88,11,5278,8192,1183,9375
2,58113,6457,0,0,44,11,5283,5488,587,6075
2,58157,8019,0,0,11,11,5287,22016,6561,28577
2,58421,3619,0,0,11,11,5311,14464,2303,16767
2,58421,3773,0,0,11,11,5311,10368,2401,12769
2,58421,11187,0,0,11,11,5311,4802,1017,5819
2,58443,11,0,0,11,11,5313,64000,9,64009
2,58443,11,0,0,11,11,5313,71874,1,71875
2,58443,11,0,0,44,11,5313,8624,1,8625
2,58443,2673,0,0,11,11,5313,14882,243,15125
2,58443,6875,0,0,11,11,5313,2464,3125,5589
2,58443,20625,0,0,11,11,5313,5566,1875,7441
2,58443,20625,0,0,11,11,5313,9016,5625,14641
2,58443,22275,0,0,11,11,5313,1568,10125,11693
2,58575,24057,0,0,11,11,5325,24352,10935,35287
2,58883,693,0,0,11,11,5353,6784,441,7225
2,58883,7777,0,0,11,11,5353,10368,4949,15317
2,58883,18711,0,0,11,11,5353,1696,8505,10201
2,58883,56133,0,0,11,11,5353,8,15309,15317
2,58883,58883,0,0,11,11,5353,2450,5353,7803
2,58905,33,0,0,11,11,5355,237160,9,237169
2,58905,5357,0,0,11,11,5355,17248,2435,19683
2,58905,8019,0,0,11,11,5355,117128,2187,119315
2,58905,15147,0,0,11,11,5355,2744,4131,6875
2,58905,34375,0,0,11,11,5355,16558,3125,19683
2,58905,34375,0,0,11,11,5355,5984,15625,21609
2,59037,19679,0,0,11,11,5367,4802,1789,6591
2,59345,11,0,0,11,11,5395,33614,1,33615
2,59345,275,0,0,11,11,5395,62426,25,62451
2,59345,1001,0,0,11,11,5395,8192,1183,9375
2,59345,1859,0,0,11,11,5395,10206,169,10375
2,59345,12375,0,0,11,11,5395,2656,5625,8281
2,59345,20625,0,0,11,11,5395,60424,5625,66049
2,59345,22825,0,0,11,11,5395,2056,6225,8281
2,59345,34375,0,0,11,11,5395,3598,3125,6723
2,59345,37125,0,0,11,11,5395,25186,3375,28561
2,59345,44737,0,0,11,11,5395,39366,4067,43433
2,59345,49049,0,0,11,11,5395,2430,4459,6889
2,59631,9251,0,0,11,11,5421,57122,841,57963
2,59631,16731,0,0,11,11,5421,5632,13689,19321
2,59631,53911,0,0,11,11,5421,6358,4901,11259
2,59653,1331,0,0,11,11,5423,9826,121,9947
2,59653,33275,0,0,11,11,5423,131072,51425,182497
2,59895,24057,0,0,11,11,5445,169000,6561,175561
2,59961,33,0,0,11,11,5451,6232,9,6241
2,59961,33,0,0,11,11,5451,25912,9,25921
2,60060,1092,0,0,12,12,5005,8192,1183,9375
2,60060,2002,0,0,22,11,5460,8192,1183,9375
2,60060,4004,0,0,44,11,5460,8192,1183,9375
2,60060,6468,0,0,12,12,5005,16000,3773,19773
2,60060,8008,0,0,88,11,5460,8192,1183,9375
2,60060,50700,0,0,12,12,5005,15488,29575,45063
2,60156,12,0,0,24,12,5013,13924,1,13925
2,60156,3468,0,0,12,12,5013,14750,289,15039
2,60203,9295,0,0,11,11,5473,2336,4225,6561
2,60348,26244,0,0,12,12,5029,4888,6561,11449
2,60357,33,0,0,11,11,5487,14632,9,14641
2,60372,12,0,0,12,12,5031,12942,1,12943
2,60420,12,0,0,12,12,5035,101250,1,101251
2,60420,12,0,0,24,12,5035,36500,1,36501
2,60420,972,0,0,12,12,5035,53290,81,53371
2,60420,2916,0,0,12,12,5035,4600,729,5329
2,60420,17172,0,0,12,12,5035,37376,12879,50255
2,60420,20148,0,0,12,12,5035,32,8395,8427
2,60420,33708,0,0,12,12,5035,4050,2809,6859
2,60500,2750,0,0,22,11,5500,69984,625,70609
2,60564,1452,0,0,12,12,5047,16686,121,16807
2,60696,24,0,0,24,12,5058,64000,9,64009
2,60852,4332,0,0,12,12,5071,118098,361,118459
2,60876,12,0,0,24,12,5073,16820,1,16821
2,60876,3420,0,0,12,12,5073,6496,1425,7921
2,60876,7308,0,0,12,12,5073,6250,609,6859
2,60876,7500,0,0,12,12,5073,4984,1875,6859
2,60876,20292,0,0,12,12,5073,8352,8455,16807
2,60876,28500,0,0,12,12,5073,32,11875,11907
2,60876,38988,0,0,12,12,5073,200,9747,9947
2,60996,6780,0,0,12,12,5083,9568,2825,12393
2,60996,37500,0,0,12,12,5083,24334,3125,27459
2,61356,57660,0,0,12,12,5113,32,24025,24057
2,61356,61356,0,0,24,12,5113,2420,5113,7533
2,61380,12,0,0,12,12,5115,5202,1,5203
2,61380,12,0,0,12,12,5115,203390,1,203391
2,61380,324,0,0,12,12,5115,5848,81,5929
2,61380,588,0,0,12,12,5115,8910,49,8959
2,61380,1452,0,0,12,12,5115,94178,121,94299
2,61380,2580,0,0,12,12,5115,6944,1075,8019
2,61380,3348,0,0,12,12,5115,3808,1395,5203
2,61380,3612,0,0,12,12,5115,3968,2107,6075
2,61380,4116,0,0,12,12,5115,5504,2401,7905
2,61380,7260,0,0,12,12,5115,44064,3025,47089
2,61380,7500,0,0,12,12,5115,7502,625,8127
2,61380,9180,0,0,12,12,5115,10648,2295,12943
2,61380,10404,0,0,12,12,5115,12040,2601,14641
2,61380,10500,0,0,12,12,5115,1408,6125,7533
2,61380,10692,0,0,12,12,5115,1376,4455,5831
2,61380,12276,0,0,96,12,5115,4352,1023,5375
2,61380,15876,0,0,12,12,5115,31000,3969,34969
2,61380,16500,0,0,12,12,5115,22016,12375,34391
2,61380,16524,0,0,12,12,5115,2744,4131,6875
2,61380,18228,0,0,12,12,5115,13122,1519,14641
2,61380,32508,0,0,12,12,5115,6250,2709,8959
2,61380,32508,0,0,12,12,5115,95744,24381,120125
2,61380,36300,0,0,12,12,5115,28322,3025,31347
2,61380,37500,0,0,12,12,5115,5984,15625,21609
2,61380,47988,0,0,12,12,5115,8,11997,12005
2,61380,57660,0,0,12,12,5115,32,24025,24057
2,61380,58956,0,0,12,12,5115,462,4913,5375
2,61380,58956,0,0,12,12,5115,946,4913,5859
2,61596,26244,0,0,12,12,5133,2560,19683,22243
2,61716,300,0,0,12,12,5143,101306,25,101331
2,61716,49284,0,0,12,12,5143,7000,12321,19321
2,61716,61716,0,0,48,12,5143,11664,5143,16807
2,61884,12,0,0,12,12,5157,72962,1,72963
2,62220,12,0,0,12,12,5185,5490,1,5491
2,62220,12,0,0,12,12,5185,6174,1,6175
2,62220,12,0,0,24,12,5185,14364,1,14365
2,62220,12,0,0,24,12,5185,31212,1,31213
2,62220,12,0,0,48,12,5185,28560,1,28561
2,62220,36,0,0,12,12,5185,61000,9,61009
2,62220,60,0,0,12,12,5185,13664,25,13689
2,62220,108,0,0,12,12,5185,60928,81,61009
2,62220,324,0,0,12,12,5185,74698,27,74725
2,62220,588,0,0,12,12,5185,5746,49,5795
2,62220,1092,0,0,12,12,5185,8192,1183,9375
2,62220,2028,0,0,12,12,5185,235298,169,235467
2,62220,2196,0,0,12,12,5185,9728,1647,11375
2,62220,2916,0,0,12,12,5185,8296,729,9025
2,62220,3660,0,0,12,12,5185,9248,1525,10773
2,62220,4212,0,0,12,12,5185,31232,3159,34391
2,62220,4332,0,0,12,12,5185,7442,361,7803
2,62220,4332,0,0,12,12,5185,7514,361,7875
2,62220,5292,0,0,12,12,5185,6656,3969,10625
2,62220,7500,0,0,12,12,5185,512,5625,6137
2,62220,7500,0,0,12,12,5185,33184,3125,36309
2,62220,7644,0,0,12,12,5185,6222,637,6859
2,62220,7644,0,0,12,12,5185,8192,8281,16473
2,62220,8748,0,0,12,12,5185,9386,729,10115
2,62220,12852,0,0,12,12,5185,128,7497,7625
2,62220,12996,0,0,12,12,5185,12376,3249,15625
2,62220,12996,0,0,12,12,5185,17576,3249,20825
2,62220,13908,0,0,12,12,5185,9826,1159,10985
2,62220,14580,0,0,12,12,5185,6664,3645,10309
2,62220,19764,0,0,12,12,5185,16184,4941,21125
2,62220,25500,0,0,12,12,5185,20618,2125,22743
2,62220,26244,0,0,12,12,5185,1064,6561,7625
2,62220,26364,0,0,12,12,5185,3294,2197,5491
2,62220,26364,0,0,12,12,5185,7442,2197,9639
2,62220,28500,0,0,12,12,5185,32,11875,11907
2,62220,28812,0,0,12,12,5185,3200,16807,20007
2,62220,30324,0,0,12,12,5185,29768,7581,37349
2,62220,34020,0,0,12,12,5185,2176,19845,22021
2,62220,34476,0,0,12,12,5185,18050,2873,20923
2,62220,37044,0,0,12,12,5185,3050,3087,6137
2,62220,37500,0,0,12,12,5185,2366,3125,5491
2,62220,37908,0,0,12,12,5185,32,15795,15827
2,62220,43740,0,0,12,12,5185,10336,18225,28561
2,62220,44652,0,0,12,12,5185,5054,3721,8775
2,62220,45084,0,0,12,12,5185,2318,3757,6075
2,62220,47628,0,0,12,12,5185,2890,3969,6859
2,62220,50388,0,0,12,12,5185,14406,4199,18605
2,62220,54756,0,0,12,12,5185,7442,4563,12005
2,62220,55404,0,0,12,12,5185,46592,41553,88145
2,62220,58956,0,0,12,12,5185,882,4913,5795
2,62220,58956,0,0,12,12,5185,6250,4913,11163
2,62220,58956,0,0,12,12,5185,82810,4913,87723
2,62220,58956,0,0,12,12,5185,24576,63869,88445
2,62460,60516,0,0,12,12,5205,1000,15129,16129
2,62580,12,0,0,12,12,5215,12690,1,12691
2,62580,8748,0,0,12,12,5215,24064,6561,30625
2,62580,16428,0,0,12,12,5215,47000,4107,51107
2,62580,44700,0,0,12,12,5215,3478,3725,7203
2,63156,12,0,0,12,12,5263,13850,1,13851
2,63336,2184,0,0,24,12,5278,8192,1183,9375
2,63336,4368,0,0,48,12,5278,8192,1183,9375
2,63336,8736,0,0,96,12,5278,8192,1183,9375
2,63396,7044,0,0,48,12,5283,5488,587,6075
2,63444,8748,0,0,12,12,5287,22016,6561,28577
2,63732,3948,0,0,12,12,5311,14464,2303,16767
2,63732,4116,0,0,12,12,5311,10368,2401,12769
2,63732,12204,0,0,12,12,5311,4802,1017,5819
2,63756,12,0,0,12,12,5313,64000,9,64009
2,63756,12,0,0,12,12,5313,71874,1,71875
2,63756,12,0,0,48,12,5313,8624,1,8625
2,63756,2916,0,0,12,12,5313,14882,243,15125
2,63756,7500,0,0,12,12,5313,2464,3125,5589
2,63756,22500,0,0,12,12,5313,5566,1875,7441
2,63756,22500,0,0,12,12,5313,9016,5625,14641
2,63756,24300,0,0,12,12,5313,1568,10125,11693
2,63900,26244,0,0,12,12,5325,24352,10935,35287
2,64236,756,0,0,12,12,5353,6784,441,7225
2,64236,8484,0,0,12,12,5353,10368,4949,15317
2,64236,20412,0,0,12,12,5353,1696,8505,10201
2,64236,61236,0,0,12,12,5353,8,15309,15317
2,64236,64236,0,0,12,12,5353,2450,5353,7803
2,64260,36,0,0,12,12,5355,237160,9,237169
2,64260,5844,0,0,12,12,5355,17248,2435,19683
2,64260,8748,0,0,12,12,5355,117128,2187,119315
2,64260,16524,0,0,12,12,5355,2744,4131,6875
2,64260,37500,0,0,12,12,5355,16558,3125,19683
2,64260,37500,0,0,12,12,5355,5984,15625,21609
2,64404,21468,0,0,12,12,5367,4802,1789,6591
2,64740,12,0,0,12,12,5395,33614,1,33615
2,64740,300,0,0,12,12,5395,62426,25,62451
2,64740,1092,0,0,12,12,5395,8192,1183,9375
2,64740,2028,0,0,12,12,5395,10206,169,10375
2,64740,13500,0,0,12,12,5395,2656,5625,8281
2,64740,22500,0,0,12,12,5395,60424,5625,66049
2,64740,24900,0,0,12,12,5395,2056,6225,8281
2,64740,37500,0,0,12,12,5395,3598,3125,6723
2,64740,40500,0,0,12,12,5395,25186,3375,28561
2,64740,48804,0,0,12,12,5395,39366,4067,43433
2,64740,53508,0,0,12,12,5395,2430,4459,6889
2,65052,10092,0,0,12,12,5421,57122,841,57963
2,65052,18252,0,0,12,12,5421,5632,13689,19321
2,65052,58812,0,0,12,12,5421,6358,4901,11259
2,65065,1183,0,0,13,13,5005,8192,1183,9375
2,65065,7007,0,0,13,13,5005,16000,3773,19773
2,65065,54925,0,0,13,13,5005,15488,29575,45063
2,65076,1452,0,0,12,12,5423,9826,121,9947
2,65076,36300,0,0,12,12,5423,131072,51425,182497
2,65169,13,0,0,26,13,5013,13924,1,13925
2,65169,3757,0,0,13,13,5013,14750,289,15039
2,65340,26244,0,0,12,12,5445,169000,6561,175561
2,65377,28431,0,0,13,13,5029,4888,6561,11449
2,65403,13,0,0,13,13,5031,12942,1,12943
2,65412,36,0,0,12,12,5451,6232,9,6241
2,65412,36,0,0,12,12,5451,25912,9,25921
2,65455,13,0,0,13,13,5035,101250,1,101251
2,65455,13,0,0,26,13,5035,36500,1,36501
2,65455,1053,0,0,13,13,5035,53290,81,53371
2,65455,3159,0,0,13,13,5035,4600,729,5329
2,65455,18603,0,0,13,13,5035,37376,12879,50255
2,65455,21827,0,0,13,13,5035,32,8395,8427
2,65455,36517,0,0,13,13,5035,4050,2809,6859
2,65520,2184,0,0,24,12,5460,8192,1183,9375
2,65520,4368,0,0,48,12,5460,8192,1183,9375
2,65520,8736,0,0,96,12,5460,8192,1183,9375
2,65611,1573,0,0,13,13,5047,16686,121,16807
2,65676,10140,0,0,12,12,5473,2336,4225,6561
2,65754,26,0,0,26,13,5058,64000,9,64009
2,65844,36,0,0,12,12,5487,14632,9,14641
2,65923,4693,0,0,13,13,5071,118098,361,118459
2,65949,13,0,0,26,13,5073,16820,1,16821
2,65949,3705,0,0,13,13,5073,6496,1425,7921
2,65949,7917,0,0,13,13,5073,6250,609,6859
2,65949,8125,0,0,13,13,5073,4984,1875,6859
2,65949,21983,0,0,13,13,5073,8352,8455,16807
2,65949,30875,0,0,13,13,5073,32,11875,11907
2,65949,42237,0,0,13,13,5073,200,9747,9947
2,66000,3000,0,0,24,12,5500,69984,625,70609
2,66079,7345,0,0,13,13,5083,9568,2825,12393
2,66079,40625,0,0,13,13,5083,24334,3125,27459
2,66469,62465,0,0,13,13,5113,32,24025,24057
2,66469,66469,0,0,26,13,5113,2420,5113,7533
2,66495,13,0,0,13,13,5115,5202,1,5203
2,66495,13,0,0,13,13,5115,203390,1,203391
2,66495,351,0,0,13,13,5115,5848,81,5929
2,66495,637,0,0,13,13,5115,8910,49,8959
2,66495,1573,0,0,13,13,5115,94178,121,94299
2,66495,2795,0,0,13,13,5115,6944,1075,8019
2,66495,3627,0,0,13,13,5115,3808,1395,5203
2,66495,3913,0,0,13,13,5115,3968,2107,6075
2,66495,4459,0,0,13,13,5115,5504,2401,7905
2,66495,7865,0,0,13,13,5115,44064,3025,47089
2,66495,8125,0,0,13,13,5115,7502,625,8127
2,66495,9945,0,0,13,13,5115,10648,2295,12943
2,66495,11271,0,0,13,13,5115,12040,2601,14641
2,66495,11375,0,0,13,13,5115,1408,6125,7533
2,66495,11583,0,0,13,13,5115,1376,4455,5831
2,66495,13299,0,0,104,13,5115,4352,1023,5375
2,66495,17199,0,0,13,13,5115,31000,3969,34969
2,66495,17875,0,0,13,13,5115,22016,12375,34391
2,66495,17901,0,0,13,13,5115,2744,4131,6875
2,66495,19747,0,0,13,13,5115,13122,1519,14641
2,66495,35217,0,0,13,13,5115,6250,2709,8959
2,66495,35217,0,0,13,13,5115,95744,24381,120125
2,66495,39325,0,0,13,13,5115,28322,3025,31347
2,66495,40625,0,0,13,13,5115,5984,15625,21609
2,66495,51987,0,0,13,13,5115,8,11997,12005
2,66495,62465,0,0,13,13,5115,32,24025,24057
2,66495,63869,0,0,13,13,5115,462,4913,5375
2,66495,63869,0,0,13,13,5115,946,4913,5859
2,66729,28431,0,0,13,13,5133,2560,19683,22243
2,66859,325,0,0,13,13,5143,101306,25,101331
2,66859,53391,0,0,13,13,5143,7000,12321,19321
2,66859,66859,0,0,52,13,5143,11664,5143,16807
2,67041,13,0,0,13,13,5157,72962,1,72963
2,67405,13,0,0,13,13,5185,5490,1,5491
2,67405,13,0,0,13,13,5185,6174,1,6175
2,67405,13,0,0,26,13,5185,14364,1,14365
2,67405,13,0,0,26,13,5185,31212,1,31213
2,67405,13,0,0,52,13,5185,28560,1,28561
2,67405,39,0,0,13,13,5185,61000,9,61009
2,67405,65,0,0,13,13,5185,13664,25,13689
2,67405,117,0,0,13,13,5185,60928,81,61009
2,67405,351,0,0,13,13,5185,74698,27,74725
2,67405,637,0,0,13,13,5185,5746,49,5795
2,67405,1183,0,0,13,13,5185,8192,1183,9375
2,67405,2197,0,0,13,13,5185,235298,169,235467
2,67405,2379,0,0,13,13,5185,9728,1647,11375
2,67405,3159,0,0,13,13,5185,8296,729,9025
2,67405,3965,0,0,13,13,5185,9248,1525,10773
2,67405,4563,0,0,13,13,5185,31232,3159,34391
2,67405,4693,0,0,13,13,5185,7442,361,7803
2,67405,4693,0,0,13,13,5185,7514,361,7875
2,67405,5733,0,0,13,13,5185,6656,3969,10625
2,67405,8125,0,0,13,13,5185,512,5625,6137
2,67405,8125,0,0,13,13,5185,33184,3125,36309
2,67405,8281,0,0,13,13,5185,6222,637,6859
2,67405,8281,0,0,13,13,5185,8192,8281,16473
2,67405,9477,0,0,13,13,5185,9386,729,10115
2,67405,13923,0,0,13,13,5185,128,7497,7625
2,67405,14079,0,0,13,13,5185,12376,3249,15625
2,67405,14079,0,0,13,13,5185,17576,3249,20825
2,67405,15067,0,0,13,13,5185,9826,1159,10985
2,67405,15795,0,0,13,13,5185,6664,3645,10309
2,67405,21411,0,0,13,13,5185,16184,4941,21125
2,67405,27625,0,0,13,13,5185,20618,2125,22743
2,67405,28431,0,0,13,13,5185,1064,6561,7625
2,67405,28561,0,0,13,13,5185,3294,2197,5491
2,67405,28561,0,0,13,13,5185,7442,2197,9639
2,67405,30875,0,0,13,13,5185,32,11875,11907
2,67405,31213,0,0,13,13,5185,3200,16807,20007
2,67405,32851,0,0,13,13,5185,29768,7581,37349
2,67405,36855,0,0,13,13,5185,2176,19845,22021
2,67405,37349,0,0,13,13,5185,18050,2873,20923
2,67405,40131,0,0,13,13,5185,3050,3087,6137
2,67405,40625,0,0,13,13,5185,2366,3125,5491
2,67405,41067,0,0,13,13,5185,32,15795,15827
2,67405,47385,0,0,13,13,5185,10336,18225,28561
2,67405,48373,0,0,13,13,5185,5054,3721,8775
2,67405,48841,0,0,13,13,5185,2318,3757,6075
2,67405,51597,0,0,13,13,5185,2890,3969,6859
2,67405,54587,0,0,13,13,5185,14406,4199,18605
2,67405,59319,0,0,13,13,5185,7442,4563,12005
2,67405,60021,0,0,13,13,5185,46592,41553,88145
2,67405,63869,0,0,13,13,5185,882,4913,5795
2,67405,63869,0,0,13,13,5185,6250,4913,11163
2,67405,63869,0,0,13,13,5185,82810,4913,87723
2,67405,63869,0,0,13,13,5185,24576,63869,88445
2,67665,65559,0,0,13,13,5205,1000,15129,16129
2,67795,13,0,0,13,13,5215,12690,1,12691
2,67795,9477,0,0,13,13,5215,24064,6561,30625
2,67795,17797,0,0,13,13,5215,47000,4107,51107
2,67795,48425,0,0,13,13,5215,3478,3725,7203
2,68419,13,0,0,13,13,5263,13850,1,13851
2,68614,2366,0,0,26,13,5278,8192,1183,9375
2,68614,4732,0,0,52,13,5278,8192,1183,9375
2,68614,9464,0,0,104,13,5278,8192,1183,9375
2,68679,7631,0,0,52,13,5283,5488,587,6075
2,68731,9477,0,0,13,13,5287,22016,6561,28577
2,69043,4277,0,0,13,13,5311,14464,2303,16767
2,69043,4459,0,0,13,13,5311,10368,2401,12769
2,69043,13221,0,0,13,13,5311,4802,1017,5819
2,69069,13,0,0,13,13,5313,64000,9,64009
2,69069,13,0,0,13,13,5313,71874,1,71875
2,69069,13,0,0,52,13,5313,8624,1,8625
2,69069,3159,0,0,13,13,5313,14882,243,15125
2,69069,8125,0,0,13,13,5313,2464,3125,5589
2,69069,24375,0,0,13,13,5313,5566,1875,7441
2,69069,24375,0,0,13,13,5313,9016,5625,14641
2,69069,26325,0,0,13,13,5313,1568,10125,11693
2,69225,28431,0,0,13,13,5325,24352,10935,35287
2,69589,819,0,0,13,13,5353,6784,441,7225
2,69589,9191,0,0,13,13,5353,10368,4949,15317
2,69589,22113,0,0,13,13,5353,1696,8505,10201
2,69589,66339,0,0,13,13,5353,8,15309,15317
2,69589,69589,0,0,13,13,5353,2450,5353,7803
2,69615,39,0,0,13,13,5355,237160,9,237169
2,69615,6331,0,0,13,13,5355,17248,2435,19683
2,69615,9477,0,0,13,13,5355,117128,2187,119315
2,69615,17901,0,0,13,13,5355,2744,4131,6875
2,69615,40625,0,0,13,13,5355,16558,3125,19683
2,69615,40625,0,0,13,13,5355,5984,15625,21609
2,69771,23257,0,0,13,13,5367,4802,1789,6591
2,70070,1274,0,0,14,14,5005,8192,1183,9375
2,70070,7546,0,0,14,14,5005,16000,3773,19773
2,70070,59150,0,0,14,14,5005,15488,29575,45063
2,70135,13,0,0,13,13,5395,33614,1,33615
2,70135,325,0,0,13,13,5395,62426,25,62451
2,70135,1183,0,0,13,13,5395,8192,1183,9375
2,70135,2197,0,0,13,13,5395,10206,169,10375
2,70135,14625,0,0,13,13,5395,2656,5625,8281
2,70135,24375,0,0,13,13,5395,60424,5625,66049
2,70135,26975,0,0,13,13,5395,2056,6225,8281
2,70135,40625,0,0,13,13,5395,3598,3125,6723
2,70135,43875,0,0,13,13,5395,25186,3375,28561
2,70135,52871,0,0,13,13,5395,39366,4067,43433
2,70135,57967,0,0,13,13,5395,2430,4459,6889
2,70182,14,0,0,28,14,5013,13924,1,13925
2,70182,4046,0,0,14,14,5013,14750,289,15039
2,70406,30618,0,0,14,14,5029,4888,6561,11449
2,70434,14,0,0,14,14,5031,12942,1,12943
2,70473,10933,0,0,13,13,5421,57122,841,57963
2,70473,19773,0,0,13,13,5421,5632,13689,19321
2,70473,63713,0,0,13,13,5421,6358,4901,11259
2,70490,14,0,0,14,14,5035,101250,1,101251
2,70490,14,0,0,28,14,5035,36500,1,36501
2,70490,1134,0,0,14,14,5035,53290,81,53371
2,70490,3402,0,0,14,14,5035,4600,729,5329
2,70490,20034,0,0,14,14,5035,37376,12879,50255
2,70490,23506,0,0,14,14,5035,32,8395,8427
2,70490,39326,0,0,14,14,5035,4050,2809,6859
2,70499,1573,0,0,13,13,5423,9826,121,9947
2,70499,39325,0,0,13,13,5423,131072,51425,182497
2,70658,1694,0,0,14,14,5047,16686,121,16807
2,70785,28431,0,0,13,13,5445,169000,6561,175561
2,70812,28,0,0,28,14,5058,64000,9,64009
2,70863,39,0,0,13,13,5451,6232,9,6241
2,70863,39,0,0,13,13,5451,25912,9,25921
2,70980,2366,0,0,26,13,5460,8192,1183,9375
2,70980,4732,0,0,52,13,5460,8192,1183,9375
2,70980,9464,0,0,104,13,5460,8192,1183,9375
2,70994,5054,0,0,14,14,5071,118098,361,118459
2,71022,14,0,0,28,14,5073,16820,1,16821
2,71022,3990,0,0,14,14,5073,6496,1425,7921
2,71022,8526,0,0,14,14,5073,6250,609,6859
2,71022,8750,0,0,14,14,5073,4984,1875,6859
2,71022,23674,0,0,14,14,5073,8352,8455,16807
2,71022,33250,0,0,14,14,5073,32,11875,11907
2,71022,45486,0,0,14,14,5073,200,9747,9947
2,71149,10985,0,0,13,13,5473,2336,4225,6561
2,71162,7910,0,0,14,14,5083,9568,2825,12393
2,71162,43750,0,0,14,14,5083,24334,3125,27459
2,71331,39,0,0,13,13,5487,14632,9,14641
2,71500,3250,0,0,26,13,5500,69984,625,70609
2,71582,67270,0,0,14,14,5113,32,24025,24057
2,71582,71582,0,0,28,14,5113,2420,5113,7533
2,71610,14,0,0,14,14,5115,5202,1,5203
2,71610,14,0,0,14,14,5115,203390,1,203391
2,71610,378,0,0,14,14,5115,5848,81,5929
2,71610,686,0,0,14,14,5115,8910,49,8959
2,71610,1694,0,0,14,14,5115,94178,121,94299
2,71610,3010,0,0,14,14,5115,6944,1075,8019
2,71610,3906,0,0,14,14,5115,3808,1395,5203
2,71610,4214,0,0,14,14,5115,3968,2107,6075
2,71610,4802,0,0,14,14,5115,5504,2401,7905
2,71610,8470,0,0,14,14,5115,44064,3025,47089
2,71610,8750,0,0,14,14,5115,7502,625,8127
2,71610,10710,0,0,14,14,5115,10648,2295,12943
2,71610,12138,0,0,14,14,5115,12040,2601,14641
2,71610,12250,0,0,14,14,5115,1408,6125,7533
2,71610,12474,0,0,14,14,5115,1376,4455,5831
2,71610,14322,0,0,112,14,5115,4352,1023,5375
2,71610,18522,0,0,14,14,5115,31000,3969,34969
2,71610,19250,0,0,14,14,5115,22016,12375,34391
2,71610,19278,0,0,14,14,5115,2744,4131,6875
2,71610,21266,0,0,14,14,5115,13122,1519,14641
2,71610,37926,0,0,14,14,5115,6250,2709,8959
2,71610,37926,0,0,14,14,5115,95744,24381,120125
2,71610,42350,0,0,14,14,5115,28322,3025,31347
2,71610,43750,0,0,14,14,5115,5984,15625,21609
2,71610,55986,0,0,14,14,5115,8,11997,12005
2,71610,67270,0,0,14,14,5115,32,24025,24057
2,71610,68782,0,0,14,14,5115,462,4913,5375
2,71610,68782,0,0,14,14,5115,946,4913,5859
2,71862,30618,0,0,14,14,5133,2560,19683,22243
2,72002,350,0,0,14,14,5143,101306,25,101331
2,72002,57498,0,0,14,14,5143,7000,12321,19321
2,72002,72002,0,0,56,14,5143,11664,5143,16807
2,72198,14,0,0,14,14,5157,72962,1,72963
2,72590,14,0,0,14,14,5185,5490,1,5491
2,72590,14,0,0,14,14,5185,6174,1,6175
2,72590,14,0,0,28,14,5185,14364,1,14365
2,72590,14,0,0,28,14,5185,31212,1,31213
2,72590,14,0,0,56,14,5185,28560,1,28561
2,72590,42,0,0,14,14,5185,61000,9,61009
2,72590,70,0,0,14,14,5185,13664,25,13689
2,72590,126,0,0,14,14,5185,60928,81,61009
2,72590,378,0,0,14,14,5185,74698,27,74725
2,72590,686,0,0,14,14,5185,5746,49,5795
2,72590,1274,0,0,14,14,5185,8192,1183,9375
2,72590,2366,0,0,14,14,5185,235298,169,235467
2,72590,2562,0,0,14,14,5185,9728,1647,11375
2,72590,3402,0,0,14,14,5185,8296,729,9025
2,72590,4270,0,0,14,14,5185,9248,1525,10773
2,72590,4914,0,0,14,14,5185,31232,3159,34391
2,72590,5054,0,0,14,14,5185,7442,361,7803
2,72590,5054,0,0,14,14,5185,7514,361,7875
2,72590,6174,0,0,14,14,5185,6656,3969,10625
2,72590,8750,0,0,14,14,5185,512,5625,6137
2,72590,8750,0,0,14,14,5185,33184,3125,36309
2,72590,8918,0,0,14,14,5185,6222,637,6859
2,72590,8918,0,0,14,14,5185,8192,8281,16473
2,72590,10206,0,0,14,14,5185,9386,729,10115
2,72590,14994,0,0,14,14,5185,128,7497,7625
2,72590,15162,0,0,14,14,5185,12376,3249,15625
2,72590,15162,0,0,14,14,5185,17576,3249,20825
2,72590,16226,0,0,14,14,5185,9826,1159,10985
2,72590,17010,0,0,14,14,5185,6664,3645,10309
2,72590,23058,0,0,14,14,5185,16184,4941,21125
2,72590,29750,0,0,14,14,5185,20618,2125,22743
2,72590,30618,0,0,14,14,5185,1064,6561,7625
2,72590,30758,0,0,14,14,5185,3294,2197,5491
2,72590,30758,0,0,14,14,5185,7442,2197,9639
2,72590,33250,0,0,14,14,5185,32,11875,11907
2,72590,33614,0,0,14,14,5185,3200,16807,20007
2,72590,35378,0,0,14,14,5185,29768,7581,37349
2,72590,39690,0,0,14,14,5185,2176,19845,22021
2,72590,40222,0,0,14,14,5185,18050,2873,20923
2,72590,43218,0,0,14,14,5185,3050,3087,6137
2,72590,43750,0,0,14,14,5185,2366,3125,5491
2,72590,44226,0,0,14,14,5185,32,15795,15827
2,72590,51030,0,0,14,14,5185,10336,18225,28561
2,72590,52094,0,0,14,14,5185,5054,3721,8775
2,72590,52598,0,0,14,14,5185,2318,3757,6075
2,72590,55566,0,0,14,14,5185,2890,3969,6859
2,72590,58786,0,0,14,14,5185,14406,4199,18605
2,72590,63882,0,0,14,14,5185,7442,4563,12005
2,72590,64638,0,0,14,14,5185,46592,41553,88145
2,72590,68782,0,0,14,14,5185,882,4913,5795
2,72590,68782,0,0,14,14,5185,6250,4913,11163
2,72590,68782,0,0,14,14,5185,82810,4913,87723
2,72590,68782,0,0,14,14,5185,24576,63869,88445
2,72870,70602,0,0,14,14,5205,1000,15129,16129
2,73010,14,0,0,14,14,5215,12690,1,12691
2,73010,10206,0,0,14,14,5215,24064,6561,30625
2,73010,19166,0,0,14,14,5215,47000,4107,51107
2,73010,52150,0,0,14,14,5215,3478,3725,7203
2,73682,14,0,0,14,14,5263,13850,1,13851
2,73892,2548,0,0,28,14,5278,8192,1183,9375
2,73892,5096,0,0,56,14,5278,8192,1183,9375
2,73892,10192,0,0,112,14,5278,8192,1183,9375
2,73962,8218,0,0,56,14,5283,5488,587,6075
2,74018,10206,0,0,14,14,5287,22016,6561,28577
2,74354,4606,0,0,14,14,5311,14464,2303,16767
2,74354,4802,0,0,14,14,5311,10368,2401,12769
2,74354,14238,0,0,14,14,5311,4802,1017,5819
2,74382,14,0,0,14,14,5313,64000,9,64009
2,74382,14,0,0,14,14,5313,71874,1,71875
2,74382,14,0,0,56,14,5313,8624,1,8625
2,74382,3402,0,0,14,14,5313,14882,243,15125
2,74382,8750,0,0,14,14,5313,2464,3125,5589
2,74382,26250,0,0,14,14,5313,5566,1875,7441
2,74382,26250,0,0,14,14,5313,9016,5625,14641
2,74382,28350,0,0,14,14,5313,1568,10125,11693
2,74550,30618,0,0,14,14,5325,24352,10935,35287
2,74942,882,0,0,14,14,5353,6784,441,7225
2,74942,9898,0,0,14,14,5353,10368,4949,15317
2,74942,23814,0,0,14,14,5353,1696,8505,10201
2,74942,71442,0,0,14,14,5353,8,15309,15317
2,74942,74942,0,0,14,14,5353,2450,5353,7803
2,74970,42,0,0,14,14,5355,237160,9,237169
2,74970,6818,0,0,14,14,5355,17248,2435,19683
2,74970,10206,0,0,14,14,5355,117128,2187,119315
2,74970,19278,0,0,14,14,5355,2744,4131,6875
2,74970,43750,0,0,14,14,5355,16558,3125,19683
2,74970,43750,0,0,14,14,5355,5984,15625,21609
2,75075,1365,0,0,15,15,5005,8192,1183,9375
2,75075,8085,0,0,15,15,5005,16000,3773,19773
2,75075,63375,0,0,15,15,5005,15488,29575,45063
2,75138,25046,0,0,14,14,5367,4802,1789,6591
2,75195,15,0,0,30,15,5013,13924,1,13925
2,75195,4335,0,0,15,15,5013,14750,289,15039
2,75435,32805,0,0,15,15,5029,4888,6561,11449
2,75465,15,0,0,15,15,5031,12942,1,12943
2,75525,15,0,0,15,15,5035,101250,1,101251
2,75525,15,0,0,30,15,5035,36500,1,36501
2,75525,1215,0,0,15,15,5035,53290,81,53371
2,75525,3645,0,0,15,15,5035,4600,729,5329
2,75525,21465,0,0,15,15,5035,37376,12879,50255
2,75525,25185,0,0,15,15,5035,32,8395,8427
2,75525,42135,0,0,15,15,5035,4050,2809,6859
2,75530,14,0,0,14,14,5395,33614,1,33615
2,75530,350,0,0,14,14,5395,62426,25,62451
2,75530,1274,0,0,14,14,5395,8192,1183,9375
2,75530,2366,0,0,14,14,5395,10206,169,10375
2,75530,15750,0,0,14,14,5395,2656,5625,8281
2,75530,26250,0,0,14,14,5395,60424,5625,66049
2,75530,29050,0,0,14,14,5395,2056,6225,8281
2,75530,43750,0,0,14,14,5395,3598,3125,6723
2,75530,47250,0,0,14,14,5395,25186,3375,28561
2,75530,56938,0,0,14,14,5395,39366,4067,43433
2,75530,62426,0,0,14,14,5395,2430,4459,6889
2,75705,1815,0,0,15,15,5047,16686,121,16807
2,75870,30,0,0,30,15,5058,64000,9,64009
2,75894,11774,0,0,14,14,5421,57122,841,57963
2,75894,21294,0,0,14,14,5421,5632,13689,19321
2,75894,68614,0,0,14,14,5421,6358,4901,11259
2,75922,1694,0,0,14,14,5423,9826,121,9947
2,75922,42350,0,0,14,14,5423,131072,51425,182497
2,76065,5415,0,0,15,15,5071,118098,361,118459
2,76095,15,0,0,30,15,5073,16820,1,16821
2,76095,4275,0,0,15,15,5073,6496,1425,7921
2,76095,9135,0,0,15,15,5073,6250,609,6859
2,76095,9375,0,0,15,15,5073,4984,1875,6859
2,76095,25365,0,0,15,15,5073,8352,8455,16807
2,76095,35625,0,0,15,15,5073,32,11875,11907
2,76095,48735,0,0,15,15,5073,200,9747,9947
2,76230,30618,0,0,14,14,5445,169000,6561,175561
2,76245,8475,0,0,15,15,5083,9568,2825,12393
2,76245,46875,0,0,15,15,5083,24334,3125,27459
2,76314,42,0,0,14,14,5451,6232,9,6241
2,76314,42,0,0,14,14,5451,25912,9,25921
2,76440,2548,0,0,28,14,5460,8192,1183,9375
2,76440,5096,0,0,56,14,5460,8192,1183,9375
2,76440,10192,0,0,112,14,5460,8192,1183,9375
2,76622,11830,0,0,14,14,5473,2336,4225,6561
2,76695,72075,0,0,15,15,5113,32,24025,24057
2,76695,76695,0,0,30,15,5113,2420,5113,7533
2,76725,15,0,0,15,15,5115,5202,1,5203
2,76725,15,0,0,15,15,5115,203390,1,203391
2,76725,405,0,0,15,15,5115,5848,81,5929
2,76725,735,0,0,15,15,5115,8910,49,8959
2,76725,1815,0,0,15,15,5115,94178,121,94299
2,76725,3225,0,0,15,15,5115,6944,1075,8019
2,76725,4185,0,0,15,15,5115,3808,1395,5203
2,76725,4515,0,0,15,15,5115,3968,2107,6075
2,76725,5145,0,0,15,15,5115,5504,2401,7905
2,76725,9075,0,0,15,15,5115,44064,3025,47089
2,76725,9375,0,0,15,15,5115,7502,625,8127
2,76725,11475,0,0,15,15,5115,10648,2295,12943
2,76725,13005,0,0,15,15,5115,12040,2601,14641
2,76725,13125,0,0,15,15,5115,1408,6125,7533
2,76725,13365,0,0,15,15,5115,1376,4455,5831
2,76725,15345,0,0,120,15,5115,4352,1023,5375
2,76725,19845,0,0,15,15,5115,31000,3969,34969
2,76725,20625,0,0,15,15,5115,22016,12375,34391
2,76725,20655,0,0,15,15,5115,2744,4131,6875
2,76725,22785,0,0,15,15,5115,13122,1519,14641
2,76725,40635,0,0,15,15,5115,6250,2709,8959
2,76725,40635,0,0,15,15,5115,95744,24381,120125
2,76725,45375,0,0,15,15,5115,28322,3025,31347
2,76725,46875,0,0,15,15,5115,5984,15625,21609
2,76725,59985,0,0,15,15,5115,8,11997,12005
2,76725,72075,0,0,15,15,5115,32,24025,24057
2,76725,73695,0,0,15,15,5115,462,4913,5375
2,76725,73695,0,0,15,15,5115,946,4913,5859
2,76818,42,0,0,14,14,5487,14632,9,14641
2,76995,32805,0,0,15,15,5133,2560,19683,22243
2,77000,3500,0,0,28,14,5500,69984,625,70609
2,77145,375,0,0,15,15,5143,101306,25,101331
2,77145,61605,0,0,15,15,5143,7000,12321,19321
2,77145,77145,0,0,60,15,5143,11664,5143,16807
2,77355,15,0,0,15,15,5157,72962,1,72963
2,77775,15,0,0,15,15,5185,5490,1,5491
2,77775,15,0,0,15,15,5185,6174,1,6175
2,77775,15,0,0,30,15,5185,14364,1,14365
2,77775,15,0,0,30,15,5185,31212,1,31213
2,77775,15,0,0,60,15,5185,28560,1,28561
2,77775,45,0,0,15,15,5185,61000,9,61009
2,77775,75,0,0,15,15,5185,13664,25,13689
2,77775,135,0,0,15,15,5185,60928,81,61009
2,77775,405,0,0,15,15,5185,74698,27,74725
2,77775,735,0,0,15,15,5185,5746,49,5795
2,77775,1365,0,0,15,15,5185,8192,1183,9375
2,77775,2535,0,0,15,15,5185,235298,169,235467
2,77775,2745,0,0,15,15,5185,9728,1647,11375
2,77775,3645,0,0,15,15,5185,8296,729,9025
2,77775,4575,0,0,15,15,5185,9248,1525,10773
2,77775,5265,0,0,15,15,5185,31232,3159,34391
2,77775,5415,0,0,15,15,5185,7442,361,7803
2,77775,5415,0,0,15,15,5185,7514,361,7875
2,77775,6615,0,0,15,15,5185,6656,3969,10625
2,77775,9375,0,0,15,15,5185,512,5625,6137
2,77775,9375,0,0,15,15,5185,33184,3125,36309
2,77775,9555,0,0,15,15,5185,6222,637,6859
2,77775,9555,0,0,15,15,5185,8192,8281,16473
2,77775,10935,0,0,15,15,5185,9386,729,10115
2,77775,16065,0,0,15,15,5185,128,7497,7625
2,77775,16245,0,0,15,15,5185,12376,3249,15625
2,77775,16245,0,0,15,15,5185,17576,3249,20825
2,77775,17385,0,0,15,15,5185,9826,1159,10985
2,77775,18225,0,0,15,15,5185,6664,3645,10309
2,77775,24705,0,0,15,15,5185,16184,4941,21125
2,77775,31875,0,0,15,15,5185,20618,2125,22743
2,77775,32805,0,0,15,15,5185,1064,6561,7625
2,77775,32955,0,0,15,15,5185,3294,2197,5491
2,77775,32955,0,0,15,15,5185,7442,2197,9639
2,77775,35625,0,0,15,15,5185,32,11875,11907
2,77775,36015,0,0,15,15,5185,3200,16807,20007
2,77775,37905,0,0,15,15,5185,29768,7581,37349
2,77775,42525,0,0,15,15,5185,2176,19845,22021
2,77775,43095,0,0,15,15,5185,18050,2873,20923
2,77775,46305,0,0,15,15,5185,3050,3087,6137
2,77775,46875,0,0,15,15,5185,2366,3125,5491
2,77775,47385,0,0,15,15,5185,32,15795,15827
2,77775,54675,0,0,15,15,5185,10336,18225,28561
2,77775,55815,0,0,15,15,5185,5054,3721,8775
2,77775,56355,0,0,15,15,5185,2318,3757,6075
2,77775,59535,0,0,15,15,5185,2890,3969,6859
2,77775,62985,0,0,15,15,5185,14406,4199,18605
2,77775,68445,0,0,15,15,5185,7442,4563,12005
2,77775,69255,0,0,15,15,5185,46592,41553,88145
2,77775,73695,0,0,15,15,5185,882,4913,5795
2,77775,73695,0,0,15,15,5185,6250,4913,11163
2,77775,73695,0,0,15,15,5185,82810,4913,87723
2,77775,73695,0,0,15,15,5185,24576,63869,88445
2,78075,75645,0,0,15,15,5205,1000,15129,16129
2,78225,15,0,0,15,15,5215,12690,1,12691
2,78225,10935,0,0,15,15,5215,24064,6561,30625
2,78225,20535,0,0,15,15,5215,47000,4107,51107
2,78225,55875,0,0,15,15,5215,3478,3725,7203
2,78945,15,0,0,15,15,5263,13850,1,13851
2,79170,2730,0,0,30,15,5278,8192,1183,9375
2,79170,5460,0,0,60,15,5278,8192,1183,9375
2,79170,10920,0,0,120,15,5278,8192,1183,9375
2,79245,8805,0,0,60,15,5283,5488,587,6075
2,79305,10935,0,0,15,15,5287,22016,6561,28577
2,79665,4935,0,0,15,15,5311,14464,2303,16767
2,79665,5145,0,0,15,15,5311,10368,2401,12769
2,79665,15255,0,0,15,15,5311,4802,1017,5819
2,79695,15,0,0,15,15,5313,64000,9,64009
2,79695,15,0,0,15,15,5313,71874,1,71875
2,79695,15,0,0,60,15,5313,8624,1,8625
2,79695,3645,0,0,15,15,5313,14882,243,15125
2,79695,9375,0,0,15,15,5313,2464,3125,5589
2,79695,28125,0,0,15,15,5313,5566,1875,7441
2,79695,28125,0,0,15,15,5313,9016,5625,14641
2,79695,30375,0,0,15,15,5313,1568,10125,11693
2,79875,32805,0,0,15,15,5325,24352,10935,35287
2,80080,1456,0,0,16,16,5005,8192,1183,9375
2,80080,8624,0,0,16,16,5005,16000,3773,19773
2,80080,67600,0,0,16,16,5005,15488,29575,45063
2,80208,16,0,0,32,16,5013,13924,1,13925
2,80208,4624,0,0,16,16,5013,14750,289,15039
2,80295,945,0,0,15,15,5353,6784,441,7225
2,80295,10605,0,0,15,15,5353,10368,4949,15317
2,80295,25515,0,0,15,15,5353,1696,8505,10201
2,80295,76545,0,0,15,15,5353,8,15309,15317
2,80295,80295,0,0,15,15,5353,2450,5353,7803
2,80325,45,0,0,15,15,5355,237160,9,237169
2,80325,7305,0,0,15,15,5355,17248,2435,19683
2,80325,10935,0,0,15,15,5355,117128,2187,119315
2,80325,20655,0,0,15,15,5355,2744,4131,6875
2,80325,46875,0,0,15,15,5355,16558,3125,19683
2,80325,46875,0,0,15,15,5355,5984,15625,21609
2,80464,34992,0,0,16,16,5029,4888,6561,11449
2,80496,16,0,0,16,16,5031,12942,1,12943
2,80505,26835,0,0,15,15,5367,4802,1789,6591
2,80560,16,0,0,16,16,5035,101250,1,101251
2,80560,16,0,0,32,16,5035,36500,1,36501
2,80560,1296,0,0,16,16,5035,53290,81,53371
2,80560,3888,0,0,16,16,5035,4600,729,5329
2,80560,22896,0,0,16,16,5035,37376,12879,50255
2,80560,26864,0,0,16,16,5035,32,8395,8427
2,80560,44944,0,0,16,16,5035,4050,2809,6859
2,80752,1936,0,0,16,16,5047,16686,121,16807
2,80925,15,0,0,15,15,5395,33614,1,33615
2,80925,375,0,0,15,15,5395,62426,25,62451
2,80925,1365,0,0,15,15,5395,8192,1183,9375
2,80925,2535,0,0,15,15,5395,10206,169,10375
2,80925,16875,0,0,15,15,5395,2656,5625,8281
2,80925,28125,0,0,15,15,5395,60424,5625,66049
2,80925,31125,0,0,15,15,5395,2056,6225,8281
2,80925,46875,0,0,15,15,5395,3598,3125,6723
2,80925,50625,0,0,15,15,5395,25186,3375,28561
2,80925,61005,0,0,15,15,5395,39366,4067,43433
2,80925,66885,0,0,15,15,5395,2430,4459,6889
2,80928,32,0,0,32,16,5058,64000,9,64009
2,81136,5776,0,0,16,16,5071,118098,361,118459
2,81168,16,0,0,32,16,5073,16820,1,16821
2,81168,4560,0,0,16,16,5073,6496,1425,7921
2,81168,9744,0,0,16,16,5073,6250,609,6859
2,81168,10000,0,0,16,16,5073,4984,1875,6859
2,81168,27056,0,0,16,16,5073,8352,8455,16807
2,81168,38000,0,0,16,16,5073,32,11875,11907
2,81168,51984,0,0,16,16,5073,200,9747,9947
2,81315,12615,0,0,15,15,5421,57122,841,57963
2,81315,22815,0,0,15,15,5421,5632,13689,19321
2,81315,73515,0,0,15,15,5421,6358,4901,11259
2,81328,9040,0,0,16,16,5083,9568,2825,12393
2,81328,50000,0,0,16,16,5083,24334,3125,27459
2,81345,1815,0,0,15,15,5423,9826,121,9947
2,81345,45375,0,0,15,15,5423,131072,51425,182497
2,81675,32805,0,0,15,15,5445,169000,6561,175561
2,81765,45,0,0,15,15,5451,6232,9,6241
2,81765,45,0,0,15,15,5451,25912,9,25921
2,81808,76880,0,0,16,16,5113,32,24025,24057
2,81808,81808,0,0,32,16,5113,2420,5113,7533
2,81840,16,0,0,16,16,5115,5202,1,5203
2,81840,16,0,0,16,16,5115,203390,1,203391
2,81840,432,0,0,16,16,5115,5848,81,5929
2,81840,784,0,0,16,16,5115,8910,49,8959
2,81840,1936,0,0,16,16,5115,94178,121,94299
2,81840,3440,0,0,16,16,5115,6944,1075,8019
2,81840,4464,0,0,16,16,5115,3808,1395,5203
2,81840,4816,0,0,16,16,5115,3968,2107,6075
2,81840,5488,0,0,16,16,5115,5504,2401,7905
2,81840,9680,0,0,16,16,5115,44064,3025,47089
2,81840,10000,0,0,16,16,5115,7502,625,8127
2,81840,12240,0,0,16,16,5115,10648,2295,12943
2,81840,13872,0,0,16,16,5115,12040,2601,14641
2,81840,14000,0,0,16,16,5115,1408,6125,7533
2,81840,14256,0,0,16,16,5115,1376,4455,5831
2,81840,16368,0,0,128,16,5115,4352,1023,5375
2,81840,21168,0,0,16,16,5115,31000,3969,34969
2,81840,22000,0,0,16,16,5115,22016,12375,34391
2,81840,22032,0,0,16,16,5115,2744,4131,6875
2,81840,24304,0,0,16,16,5115,13122,1519,14641
2,81840,43344,0,0,16,16,5115,6250,2709,8959
2,81840,43344,0,0,16,16,5115,95744,24381,120125
2,81840,48400,0,0,16,16,5115,28322,3025,31347
2,81840,50000,0,0,16,16,5115,5984,15625,21609
2,81840,63984,0,0,16,16,5115,8,11997,12005
2,81840,76880,0,0,16,16,5115,32,24025,24057
2,81840,78608,0,0,16,16,5115,462,4913,5375
2,81840,78608,0,0,16,16,5115,946,4913,5859
2,81900,2730,0,0,30,15,5460,8192,1183,9375
2,81900,5460,0,0,60,15,5460,8192,1183,9375
2,81900,10920,0,0,120,15,5460,8192,1183,9375
2,82095,12675,0,0,15,15,5473,2336,4225,6561
2,82128,34992,0,0,16,16,5133,2560,19683,22243
2,82288,400,0,0,16,16,5143,101306,25,101331
2,82288,65712,0,0,16,16,5143,7000,12321,19321
2,82288,82288,0,0,64,16,5143,11664,5143,16807
2,82305,45,0,0,15,15,5487,14632,9,14641
2,82500,3750,0,0,30,15,5500,69984,625,70609
2,82512,16,0,0,16,16,5157,72962,1,72963
2,82960,16,0,0,16,16,5185,5490,1,5491
2,82960,16,0,0,16,16,5185,6174,1,6175
2,82960,16,0,0,32,16,5185,14364,1,14365
2,82960,16,0,0,32,16,5185,31212,1,31213
2,82960,16,0,0,64,16,5185,28560,1,28561
2,82960,48,0,0,16,16,5185,61000,9,61009
2,82960,80,0,0,16,16,5185,13664,25,13689
2,82960,144,0,0,16,16,5185,60928,81,61009
2,82960,432,0,0,16,16,5185,74698,27,74725
2,82960,784,0,0,16,16,5185,5746,49,5795
2,82960,1456,0,0,16,16,5185,8192,1183,9375
2,82960,2704,0,0,16,16,5185,235298,169,235467
2,82960,2928,0,0,16,16,5185,9728,1647,11375
2,82960,3888,0,0,16,16,5185,8296,729,9025
2,82960,4880,0,0,16,16,5185,9248,1525,10773
2,82960,5616,0,0,16,16,5185,31232,3159,34391
2,82960,5776,0,0,16,16,5185,7442,361,7803
2,82960,5776,0,0,16,16,5185,7514,361,7875
2,82960,7056,0,0,16,16,5185,6656,3969,10625
2,82960,10000,0,0,16,16,5185,512,5625,6137
2,82960,10000,0,0,16,16,5185,33184,3125,36309
2,82960,10192,0,0,16,16,5185,6222,637,6859
2,82960,10192,0,0,16,16,5185,8192,8281,16473
2,82960,11664,0,0,16,16,5185,9386,729,10115
2,82960,17136,0,0,16,16,5185,128,7497,7625
2,82960,17328,0,0,16,16,5185,12376,3249,15625
2,82960,17328,0,0,16,16,5185,17576,3249,20825
2,82960,18544,0,0,16,16,5185,9826,1159,10985
2,82960,19440,0,0,16,16,5185,6664,3645,10309
2,82960,26352,0,0,16,16,5185,16184,4941,21125
2,82960,34000,0,0,16,16,5185,20618,2125,22743
2,82960,34992,0,0,16,16,5185,1064,6561,7625
2,82960,35152,0,0,16,16,5185,3294,2197,5491
2,82960,35152,0,0,16,16,5185,7442,2197,9639
2,82960,38000,0,0,16,16,5185,32,11875,11907
2,82960,38416,0,0,16,16,5185,3200,16807,20007
2,82960,40432,0,0,16,16,5185,29768,7581,37349
2,82960,45360,0,0,16,16,5185,2176,19845,22021
2,82960,45968,0,0,16,16,5185,18050,2873,20923
2,82960,49392,0,0,16,16,5185,3050,3087,6137
2,82960,50000,0,0,16,16,5185,2366,3125,5491
2,82960,50544,0,0,16,16,5185,32,15795,15827
2,82960,58320,0,0,16,16,5185,10336,18225,28561
2,82960,59536,0,0,16,16,5185,5054,3721,8775
2,82960,60112,0,0,16,16,5185,2318,3757,6075
2,82960,63504,0,0,16,16,5185,2890,3969,6859
2,82960,67184,0,0,16,16,5185,14406,4199,18605
2,82960,73008,0,0,16,16,5185,7442,4563,12005
2,82960,73872,0,0,16,16,5185,46592,41553,88145
2,82960,78608,0,0,16,16,5185,882,4913,5795
2,82960,78608,0,0,16,16,5185,6250,4913,11163
2,82960,78608,0,0,16,16,5185,82810,4913,87723
2,82960,78608,0,0,16,16,5185,24576,63869,88445
2,83280,80688,0,0,16,16,5205,1000,15129,16129
2,83440,16,0,0,16,16,5215,12690,1,12691
2,83440,11664,0,0,16,16,5215,24064,6561,30625
2,83440,21904,0,0,16,16,5215,47000,4107,51107
2,83440,59600,0,0,16,16,5215,3478,3725,7203
2,84208,16,0,0,16,16,5263,13850,1,13851
2,84448,2912,0,0,32,16,5278,8192,1183,9375
2,84448,5824,0,0,64,16,5278,8192,1183,9375
2,84448,11648,0,0,128,16,5278,8192,1183,9375
2,84528,9392,0,0,64,16,5283,5488,587,6075
2,84592,11664,0,0,16,16,5287,22016,6561,28577
2,84976,5264,0,0,16,16,5311,14464,2303,16767
2,84976,5488,0,0,16,16,5311,10368,2401,12769
2,84976,16272,0,0,16,16,5311,4802,1017,5819
2,85008,16,0,0,16,16,5313,64000,9,64009
2,85008,16,0,0,16,16,5313,71874,1,71875
2,85008,16,0,0,64,16,5313,8624,1,8625
2,85008,3888,0,0,16,16,5313,14882,243,15125
2,85008,10000,0,0,16,16,5313,2464,3125,5589
2,85008,30000,0,0,16,16,5313,5566,1875,7441
2,85008,30000,0,0,16,16,5313,9016,5625,14641
2,85008,32400,0,0,16,16,5313,1568,10125,11693
2,85085,1547,0,0,17,17,5005,8192,1183,9375
2,85085,9163,0,0,17,17,5005,16000,3773,19773
2,85085,71825,0,0,17,17,5005,15488,29575,45063
2,85200,34992,0,0,16,16,5325,24352,10935,35287
2,85221,17,0,0,34,17,5013,13924,1,13925
2,85221,4913,0,0,17,17,5013,14750,289,15039
2,85493,37179,0,0,17,17,5029,4888,6561,11449
2,85527,17,0,0,17,17,5031,12942,1,12943
2,85595,17,0,0,17,17,5035,101250,1,101251
2,85595,17,0,0,34,17,5035,36500,1,36501
2,85595,1377,0,0,17,17,5035,53290,81,53371
2,85595,4131,0,0,17,17,5035,4600,729,5329
2,85595,24327,0,0,17,17,5035,37376,12879,50255
2,85595,28543,0,0,17,17,5035,32,8395,8427
2,85595,47753,0,0,17,17,5035,4050,2809,6859
2,85648,1008,0,0,16,16,5353,6784,441,7225
2,85648,11312,0,0,16,16,5353,10368,4949,15317
2,85648,27216,0,0,16,16,5353,1696,8505,10201
2,85648,81648,0,0,16,16,5353,8,15309,15317
2,85648,85648,0,0,16,16,5353,2450,5353,7803
2,85680,48,0,0,16,16,5355,237160,9,237169
2,85680,7792,0,0,16,16,5355,17248,2435,19683
2,85680,11664,0,0,16,16,5355,117128,2187,119315
2,85680,22032,0,0,16,16,5355,2744,4131,6875
2,85680,50000,0,0,16,16,5355,16558,3125,19683
2,85680,50000,0,0,16,16,5355,5984,15625,21609
2,85799,2057,0,0,17,17,5047,16686,121,16807
2,85872,28624,0,0,16,16,5367,4802,1789,6591
2,85986,34,0,0,34,17,5058,64000,9,64009
2,86207,6137,0,0,17,17,5071,118098,361,118459
2,86241,17,0,0,34,17,5073,16820,1,16821
2,86241,4845,0,0,17,17,5073,6496,1425,7921
2,86241,10353,0,0,17,17,5073,6250,609,6859
2,86241,10625,0,0,17,17,5073,4984,1875,6859
2,86241,28747,0,0,17,17,5073,8352,8455,16807
2,86241,40375,0,0,17,17,5073,32,11875,11907
2,86241,55233,0,0,17,17,5073,200,9747,9947
2,86320,16,0,0,16,16,5395,33614,1,33615
2,86320,400,0,0,16,16,5395,62426,25,62451
2,86320,1456,0,0,16,16,5395,8192,1183,9375
2,86320,2704,0,0,16,16,5395,10206,169,10375
2,86320,18000,0,0,16,16,5395,2656,5625,8281
2,86320,30000,0,0,16,16,5395,60424,5625,66049
2,86320,33200,0,0,16,16,5395,2056,6225,8281
2,86320,50000,0,0,16,16,5395,3598,3125,6723
2,86320,54000,0,0,16,16,5395,25186,3375,28561
2,86320,65072,0,0,16,16,5395,39366,4067,43433
2,86320,71344,0,0,16,16,5395,2430,4459,6889
2,86411,9605,0,0,17,17,5083,9568,2825,12393
2,86411,53125,0,0,17,17,5083,24334,3125,27459
2,86736,13456,0,0,16,16,5421,57122,841,57963
2,86736,24336,0,0,16,16,5421,5632,13689,19321
2,86736,78416,0,0,16,16,5421,6358,4901,11259
2,86768,1936,0,0,16,16,5423,9826,121,9947
2,86768,48400,0,0,16,16,5423,131072,51425,182497
2,86921,81685,0,0,17,17,5113,32,24025,24057
2,86921,86921,0,0,34,17,5113,2420,5113,7533
2,86955,17,0,0,17,17,5115,5202,1,5203
2,86955,17,0,0,17,17,5115,203390,1,203391
2,86955,459,0,0,17,17,5115,5848,81,5929
2,86955,833,0,0,17,17,5115,8910,49,8959
2,86955,2057,0,0,17,17,5115,94178,121,94299
2,86955,3655,0,0,17,17,5115,6944,1075,8019
2,86955,4743,0,0,17,17,5115,3808,1395,5203
2,86955,5117,0,0,17,17,5115,3968,2107,6075
2,86955,5831,0,0,17,17,5115,5504,2401,7905
2,86955,10285,0,0,17,17,5115,44064,3025,47089
2,86955,10625,0,0,17,17,5115,7502,625,8127
2,86955,13005,0,0,17,17,5115,10648,2295,12943
2,86955,14739,0,0,17,17,5115,12040,2601,14641
2,86955,14875,0,0,17,17,5115,1408,6125,7533
2,86955,15147,0,0,17,17,5115,1376,4455,5831
2,86955,17391,0,0,136,17,5115,4352,1023,5375
2,86955,22491,0,0,17,17,5115,31000,3969,34969
2,86955,23375,0,0,17,17,5115,22016,12375,34391
2,86955,23409,0,0,17,17,5115,2744,4131,6875
2,86955,25823,0,0,17,17,5115,13122,1519,14641
2,86955,46053,0,0,17,17,5115,6250,2709,8959
2,86955,46053,0,0,17,17,5115,95744,24381,120125
2,86955,51425,0,0,17,17,5115,28322,3025,31347
2,86955,53125,0,0,17,17,5115,5984,15625,21609
2,86955,67983,0,0,17,17,5115,8,11997,12005
2,86955,81685,0,0,17,17,5115,32,24025,24057
2,86955,83521,0,0,17,17,5115,462,4913,5375
2,86955,83521,0,0,17,17,5115,946,4913,5859
2,87120,34992,0,0,16,16,5445,169000,6561,175561
2,87216,48,0,0,16,16,5451,6232,9,6241
2,87216,48,0,0,16,16,5451,25912,9,25921
2,87261,37179,0,0,17,17,5133,2560,19683,22243
2,87360,2912,0,0,32,16,5460,8192,1183,9375
2,87360,5824,0,0,64,16,5460,8192,1183,9375
2,87360,11648,0,0,128,16,5460,8192,1183,9375
2,87431,425,0,0,17,17,5143,101306,25,101331
2,87431,69819,0,0,17,17,5143,7000,12321,19321
2,87431,87431,0,0,68,17,5143,11664,5143,16807
2,87568,13520,0,0,16,16,5473,2336,4225,6561
2,87669,17,0,0,17,17,5157,72962,1,72963
2,87792,48,0,0,16,16,5487,14632,9,14641
2,88000,4000,0,0,32,16,5500,69984,625,70609
2,88145,17,0,0,17,17,5185,5490,1,5491
2,88145,17,0,0,17,17,5185,6174,1,6175
2,88145,17,0,0,34,17,5185,14364,1,14365
2,88145,17,0,0,34,17,5185,31212,1,31213
2,88145,17,0,0,68,17,5185,28560,1,28561
2,88145,51,0,0,17,17,5185,61000,9,61009
2,88145,85,0,0,17,17,5185,13664,25,13689
2,88145,153,0,0,17,17,5185,60928,81,61009
2,88145,459,0,0,17,17,5185,74698,27,74725
2,88145,833,0,0,17,17,5185,5746,49,5795
2,88145,1547,0,0,17,17,5185,8192,1183,9375
2,88145,2873,0,0,17,17,5185,235298,169,235467
2,88145,3111,0,0,17,17,5185,9728,1647,11375
2,88145,4131,0,0,17,17,5185,8296,729,9025
2,88145,5185,0,0,17,17,5185,9248,1525,10773
2,88145,5967,0,0,17,17,5185,31232,3159,34391
2,88145,6137,0,0,17,17,5185,7442,361,7803
2,88145,6137,0,0,17,17,5185,7514,361,7875
2,88145,7497,0,0,17,17,5185,6656,3969,10625
2,88145,10625,0,0,17,17,5185,512,5625,6137
2,88145,10625,0,0,17,17,5185,33184,3125,36309
2,88145,10829,0,0,17,17,5185,6222,637,6859
2,88145,10829,0,0,17,17,5185,8192,8281,16473
2,88145,12393,0,0,17,17,5185,9386,729,10115
2,88145,18207,0,0,17,17,5185,128,7497,7625
2,88145,18411,0,0,17,17,5185,12376,3249,15625
2,88145,18411,0,0,17,17,5185,17576,3249,20825
2,88145,19703,0,0,17,17,5185,9826,1159,10985
2,88145,20655,0,0,17,17,5185,6664,3645,10309
2,88145,27999,0,0,17,17,5185,16184,4941,21125
2,88145,36125,0,0,17,17,5185,20618,2125,22743
2,88145,37179,0,0,17,17,5185,1064,6561,7625
2,88145,37349,0,0,17,17,5185,3294,2197,5491
2,88145,37349,0,0,17,17,5185,7442,2197,9639
2,88145,40375,0,0,17,17,5185,32,11875,11907
2,88145,40817,0,0,17,17,5185,3200,16807,20007
2,88145,42959,0,0,17,17,5185,29768,7581,37349
2,88145,48195,0,0,17,17,5185,2176,19845,22021
2,88145,48841,0,0,17,17,5185,18050,2873,20923
2,88145,52479,0,0,17,17,5185,3050,3087,6137
2,88145,53125,0,0,17,17,5185,2366,3125,5491
2,88145,53703,0,0,17,17,5185,32,15795,15827
2,88145,61965,0,0,17,17,5185,10336,18225,28561
2,88145,63257,0,0,17,17,5185,5054,3721,8775
2,88145,63869,0,0,17,17,5185,2318,3757,6075
2,88145,67473,0,0,17,17,5185,2890,3969,6859
2,88145,71383,0,0,17,17,5185,14406,4199,18605
2,88145,77571,0,0,17,17,5185,7442,4563,12005
2,88145,78489,0,0,17,17,5185,46592,41553,88145
2,88145,83521,0,0,17,17,5185,882,4913,5795
2,88145,83521,0,0,17,17,5185,6250,4913,11163
2,88145,83521,0,0,17,17,5185,82810,4913,87723
2,88145,83521,0,0,17,17,5185,24576,63869,88445
2,88485,85731,0,0,17,17,5205,1000,15129,16129
2,88655,17,0,0,17,17,5215,12690,1,12691
2,88655,12393,0,0,17,17,5215,24064,6561,30625
2,88655,23273,0,0,17,17,5215,47000,4107,51107
2,88655,63325,0,0,17,17,5215,3478,3725,7203
2,89471,17,0,0,17,17,5263,13850,1,13851
2,89726,3094,0,0,34,17,5278,8192,1183,9375
2,89726,6188,0,0,68,17,5278,8192,1183,9375
2,89726,12376,0,0,136,17,5278,8192,1183,9375
2,89811,9979,0,0,68,17,5283,5488,587,6075
2,89879,12393,0,0,17,17,5287,22016,6561,28577
2,90090,1638,0,0,18,18,5005,8192,1183,9375
2,90090,9702,0,0,18,18,5005,16000,3773,19773
2,90090,76050,0,0,18,18,5005,15488,29575,45063
2,90234,18,0,0,36,18,5013,13924,1,13925
2,90234,5202,0,0,18,18,5013,14750,289,15039
2,90287,5593,0,0,17,17,5311,14464,2303,16767
2,90287,5831,0,0,17,17,5311,10368,2401,12769
2,90287,17289,0,0,17,17,5311,4802,1017,5819
2,90321,17,0,0,17,17,5313,64000,9,64009
2,90321,17,0,0,17,17,5313,71874,1,71875
2,90321,17,0,0,68,17,5313,8624,1,8625
2,90321,4131,0,0,17,17,5313,14882,243,15125
2,90321,10625,0,0,17,17,5313,2464,3125,5589
2,90321,31875,0,0,17,17,5313,5566,1875,7441
2,90321,31875,0,0,17,17,5313,9016,5625,14641
2,90321,34425,0,0,17,17,5313,1568,10125,11693
2,90522,39366,0,0,18,18,5029,4888,6561,11449
2,90525,37179,0,0,17,17,5325,24352,10935,35287
2,90558,18,0,0,18,18,5031,12942,1,12943
2,90630,18,0,0,18,18,5035,101250,1,101251
2,90630,18,0,0,36,18,5035,36500,1,36501
2,90630,1458,0,0,18,18,5035,53290,81,53371
2,90630,4374,0,0,18,18,5035,4600,729,5329
2,90630,25758,0,0,18,18,5035,37376,12879,50255
2,90630,30222,0,0,18,18,5035,32,8395,8427
2,90630,50562,0,0,18,18,5035,4050,2809,6859
2,90846,2178,0,0,18,18,5047,16686,121,16807
2,91001,1071,0,0,17,17,5353,6784,441,7225
2,91001,12019,0,0,17,17,5353,10368,4949,15317
2,91001,28917,0,0,17,17,5353,1696,8505,10201
2,91001,86751,0,0,17,17,5353,8,15309,15317
2,91001,91001,0,0,17,17,5353,2450,5353,7803
2,91035,51,0,0,17,17,5355,237160,9,237169
2,91035,8279,0,0,17,17,5355,17248,2435,19683
2,91035,12393,0,0,17,17,5355,117128,2187,119315
2,91035,23409,0,0,17,17,5355,2744,4131,6875
2,91035,53125,0,0,17,17,5355,16558,3125,19683
2,91035,53125,0,0,17,17,5355,5984,15625,21609
2,91044,36,0,0,36,18,5058,64000,9,64009
2,91239,30413,0,0,17,17,5367,4802,1789,6591
2,91278,6498,0,0,18,18,5071,118098,361,118459
2,91314,18,0,0,36,18,5073,16820,1,16821
2,91314,5130,0,0,18,18,5073,6496,1425,7921
2,91314,10962,0,0,18,18,5073,6250,609,6859
2,91314,11250,0,0,18,18,5073,4984,1875,6859
2,91314,30438,0,0,18,18,5073,8352,8455,16807
2,91314,42750,0,0,18,18,5073,32,11875,11907
2,91314,58482,0,0,18,18,5073,200,9747,9947
2,91494,10170,0,0,18,18,5083,9568,2825,12393
2,91494,56250,0,0,18,18,5083,24334,3125,27459
2,91715,17,0,0,17,17,5395,33614,1,33615
2,91715,425,0,0,17,17,5395,62426,25,62451
2,91715,1547,0,0,17,17,5395,8192,1183,9375
2,91715,2873,0,0,17,17,5395,10206,169,10375
2,91715,19125,0,0,17,17,5395,2656,5625,8281
2,91715,31875,0,0,17,17,5395,60424,5625,66049
2,91715,35275,0,0,17,17,5395,2056,6225,8281
2,91715,53125,0,0,17,17,5395,3598,3125,6723
2,91715,57375,0,0,17,17,5395,25186,3375,28561
2,91715,69139,0,0,17,17,5395,39366,4067,43433
2,91715,75803,0,0,17,17,5395,2430,4459,6889
2,92034,86490,0,0,18,18,5113,32,24025,24057
2,92034,92034,0,0,36,18,5113,2420,5113,7533
2,92070,18,0,0,18,18,5115,5202,1,5203
2,92070,18,0,0,18,18,5115,203390,1,203391
2,92070,486,0,0,18,18,5115,5848,81,5929
2,92070,882,0,0,18,18,5115,8910,49,8959
2,92070,2178,0,0,18,18,5115,94178,121,94299
2,92070,3870,0,0,18,18,5115,6944,1075,8019
2,92070,5022,0,0,18,18,5115,3808,1395,5203
2,92070,5418,0,0,18,18,5115,3968,2107,6075
2,92070,6174,0,0,18,18,5115,5504,2401,7905
2,92070,10890,0,0,18,18,5115,44064,3025,47089
2,92070,11250,0,0,18,18,5115,7502,625,8127
2,92070,13770,0,0,18,18,5115,10648,2295,12943
2,92070,15606,0,0,18,18,5115,12040,2601,14641
2,92070,15750,0,0,18,18,5115,1408,6125,7533
2,92070,16038,0,0,18,18,5115,1376,4455,5831
2,92070,23814,0,0,18,18,5115,31000,3969,34969
2,92070,24750,0,0,18,18,5115,22016,12375,34391
2,92070,24786,0,0,18,18,5115,2744,4131,6875
2,92070,27342,0,0,18,18,5115,13122,1519,14641
2,92070,48762,0,0,18,18,5115,6250,2709,8959
2,92070,48762,0,0,18,18,5115,95744,24381,120125
2,92070,54450,0,0,18,18,5115,28322,3025,31347
2,92070,56250,0,0,18,18,5115,5984,15625,21609
2,92070,71982,0,0,18,18,5115,8,11997,12005
2,92070,86490,0,0,18,18,5115,32,24025,24057
2,92070,88434,0,0,18,18,5115,462,4913,5375
2,92070,88434,0,0,18,18,5115,946,4913,5859
2,92157,14297,0,0,17,17,5421,57122,841,57963
2,92157,25857,0,0,17,17,5421,5632,13689,19321
2,92157,83317,0,0,17,17,5421,6358,4901,11259
2,92191,2057,0,0,17,17,5423,9826,121,9947
2,92191,51425,0,0,17,17,5423,131072,51425,182497
2,92394,39366,0,0,18,18,5133,2560,19683,22243
2,92565,37179,0,0,17,17,5445,169000,6561,175561
2,92574,450,0,0,18,18,5143,101306,25,101331
2,92574,73926,0,0,18,18,5143,7000,12321,19321
2,92574,92574,0,0,72,18,5143,11664,5143,16807
2,92667,51,0,0,17,17,5451,6232,9,6241
2,92667,51,0,0,17,17,5451,25912,9,25921
2,92820,3094,0,0,34,17,5460,8192,1183,9375
2,92820,6188,0,0,68,17,5460,8192,1183,9375
2,92820,12376,0,0,136,17,5460,8192,1183,9375
2,92826,18,0,0,18,18,5157,72962,1,72963
2,93041,14365,0,0,17,17,5473,2336,4225,6561
2,93279,51,0,0,17,17,5487,14632,9,14641
2,93330,18,0,0,18,18,5185,5490,1,5491
2,93330,18,0,0,18,18,5185,6174,1,6175
2,93330,18,0,0,36,18,5185,14364,1,14365
2,93330,18,0,0,36,18,5185,31212,1,31213
2,93330,18,0,0,72,18,5185,28560,1,28561
2,93330,54,0,0,18,18,5185,61000,9,61009
2,93330,90,0,0,18,18,5185,13664,25,13689
2,93330,162,0,0,18,18,5185,60928,81,61009
2,93330,486,0,0,18,18,5185,74698,27,74725
2,93330,882,0,0,18,18,5185,5746,49,5795
2,93330,1638,0,0,18,18,5185,8192,1183,9375
2,93330,3042,0,0,18,18,5185,235298,169,235467
2,93330,3294,0,0,18,18,5185,9728,1647,11375
2,93330,4374,0,0,18,18,5185,8296,729,9025
2,93330,5490,0,0,18,18,5185,9248,1525,10773
2,93330,6318,0,0,18,18,5185,31232,3159,34391
2,93330,6498,0,0,18,18,5185,7442,361,7803
2,93330,6498,0,0,18,18,5185,7514,361,7875
2,93330,7938,0,0,18,18,5185,6656,3969,10625
2,93330,11250,0,0,18,18,5185,512,5625,6137
2,93330,11250,0,0,18,18,5185,33184,3125,36309
2,93330,11466,0,0,18,18,5185,6222,637,6859
2,93330,11466,0,0,18,18,5185,8192,8281,16473
2,93330,13122,0,0,18,18,5185,9386,729,10115
2,93330,19278,0,0,18,18,5185,128,7497,7625
2,93330,19494,0,0,18,18,5185,12376,3249,15625
2,93330,19494,0,0,18,18,5185,17576,3249,20825
2,93330,20862,0,0,18,18,5185,9826,1159,10985
2,93330,21870,0,0,18,18,5185,6664,3645,10309
2,93330,29646,0,0,18,18,5185,16184,4941,21125
2,93330,38250,0,0,18,18,5185,20618,2125,22743
2,93330,39366,0,0,18,18,5185,1064,6561,7625
2,93330,39546,0,0,18,18,5185,3294,2197,5491
2,93330,39546,0,0,18,18,5185,7442,2197,9639
2,93330,42750,0,0,18,18,5185,32,11875,11907
2,93330,43218,0,0,18,18,5185,3200,16807,20007
2,93330,45486,0,0,18,18,5185,29768,7581,37349
2,93330,51030,0,0,18,18,5185,2176,19845,22021
2,93330,51714,0,0,18,18,5185,18050,2873,20923
2,93330,55566,0,0,18,18,5185,3050,3087,6137
2,93330,56250,0,0,18,18,5185,2366,3125,5491
2,93330,56862,0,0,18,18,5185,32,15795,15827
2,93330,65610,0,0,18,18,5185,10336,18225,28561
2,93330,66978,0,0,18,18,5185,5054,3721,8775
2,93330,67626,0,0,18,18,5185,2318,3757,6075
2,93330,71442,0,0,18,18,5185,2890,3969,6859
2,93330,75582,0,0,18,18,5185,14406,4199,18605
2,93330,82134,0,0,18,18,5185,7442,4563,12005
2,93330,83106,0,0,18,18,5185,46592,41553,88145
2,93330,88434,0,0,18,18,5185,882,4913,5795
2,93330,88434,0,0,18,18,5185,6250,4913,11163
2,93330,88434,0,0,18,18,5185,82810,4913,87723
2,93330,88434,0,0,18,18,5185,24576,63869,88445
2,93500,4250,0,0,34,17,5500,69984,625,70609
2,93690,90774,0,0,18,18,5205,1000,15129,16129
2,93870,18,0,0,18,18,5215,12690,1,12691
2,93870,13122,0,0,18,18,5215,24064,6561,30625
2,93870,24642,0,0,18,18,5215,47000,4107,51107
2,93870,67050,0,0,18,18,5215,3478,3725,7203
2,94734,18,0,0,18,18,5263,13850,1,13851
2,95004,3276,0,0,36,18,5278,8192,1183,9375
2,95004,6552,0,0,72,18,5278,8192,1183,9375
2,95094,10566,0,0,72,18,5283,5488,587,6075
2,95095,1729,0,0,19,19,5005,8192,1183,9375
2,95095,10241,0,0,19,19,5005,16000,3773,19773
2,95095,80275,0,0,19,19,5005,15488,29575,45063
2,95166,13122,0,0,18,18,5287,22016,6561,28577
2,95247,19,0,0,38,19,5013,13924,1,13925
2,95247,5491,0,0,19,19,5013,14750,289,15039
2,95551,41553,0,0,19,19,5029,4888,6561,11449
2,95589,19,0,0,19,19,5031,12942,1,12943
2,95598,5922,0,0,18,18,5311,14464,2303,16767
2,95598,6174,0,0,18,18,5311,10368,2401,12769
2,95598,18306,0,0,18,18,5311,4802,1017,5819
2,95634,18,0,0,18,18,5313,64000,9,64009
2,95634,18,0,0,18,18,5313,71874,1,71875
2,95634,18,0,0,72,18,5313,8624,1,8625
2,95634,4374,0,0,18,18,5313,14882,243,15125
2,95634,11250,0,0,18,18,5313,2464,3125,5589
2,95634,33750,0,0,18,18,5313,5566,1875,7441
2,95634,33750,0,0,18,18,5313,9016,5625,14641
2,95634,36450,0,0,18,18,5313,1568,10125,11693
2,95665,19,0,0,19,19,5035,101250,1,101251
2,95665,19,0,0,38,19,5035,36500,1,36501
2,95665,1539,0,0,19,19,5035,53290,81,53371
2,95665,4617,0,0,19,19,5035,4600,729,5329
2,95665,27189,0,0,19,19,5035,37376,12879,50255
2,95665,31901,0,0,19,19,5035,32,8395,8427
2,95665,53371,0,0,19,19,5035,4050,2809,6859
2,95850,39366,0,0,18,18,5325,24352,10935,35287
2,95893,2299,0,0,19,19,5047,16686,121,16807
2,96102,38,0,0,38,19,5058,64000,9,64009
2,96349,6859,0,0,19,19,5071,118098,361,118459
2,96354,1134,0,0,18,18,5353,6784,441,7225
2,96354,12726,0,0,18,18,5353,10368,4949,15317
2,96354,30618,0,0,18,18,5353,1696,8505,10201
2,96354,91854,0,0,18,18,5353,8,15309,15317
2,96354,96354,0,0,18,18,5353,2450,5353,7803
2,96387,19,0,0,38,19,5073,16820,1,16821
2,96387,5415,0,0,19,19,5073,6496,1425,7921
2,96387,11571,0,0,19,19,5073,6250,609,6859
2,96387,11875,0,0,19,19,5073,4984,1875,6859
2,96387,32129,0,0,19,19,5073,8352,8455,16807
2,96387,45125,0,0,19,19,5073,32,11875,11907
2,96387,61731,0,0,19,19,5073,200,9747,9947
2,96390,54,0,0,18,18,5355,237160,9,237169
2,96390,8766,0,0,18,18,5355,17248,2435,19683
2,96390,13122,0,0,18,18,5355,117128,2187,119315
2,96390,24786,0,0,18,18,5355,2744,4131,6875
2,96390,56250,0,0,18,18,5355,16558,3125,19683
2,96390,56250,0,0,18,18,5355,5984,15625,21609
2,96577,10735,0,0,19,19,5083,9568,2825,12393
2,96577,59375,0,0,19,19,5083,24334,3125,27459
2,96606,32202,0,0,18,18,5367,4802,1789,6591
2,97110,18,0,0,18,18,5395,33614,1,33615
2,97110,450,0,0,18,18,5395,62426,25,62451
2,97110,1638,0,0,18,18,5395,8192,1183,9375
2,97110,3042,0,0,18,18,5395,10206,169,10375
2,97110,20250,0,0,18,18,5395,2656,5625,8281
2,97110,33750,0,0,18,18,5395,60424,5625,66049
2,97110,37350,0,0,18,18,5395,2056,6225,8281
2,97110,56250,0,0,18,18,5395,3598,3125,6723
2,97110,60750,0,0,18,18,5395,25186,3375,28561
2,97110,73206,0,0,18,18,5395,39366,4067,43433
2,97110,80262,0,0,18,18,5395,2430,4459,6889
2,97147,91295,0,0,19,19,5113,32,24025,24057
2,97147,97147,0,0,38,19,5113,2420,5113,7533
2,97185,19,0,0,19,19,5115,5202,1,5203
2,97185,19,0,0,19,19,5115,203390,1,203391
2,97185,513,0,0,19,19,5115,5848,81,5929
2,97185,931,0,0,19,19,5115,8910,49,8959
2,97185,2299,0,0,19,19,5115,94178,121,94299
2,97185,4085,0,0,19,19,5115,6944,1075,8019
2,97185,5301,0,0,19,19,5115,3808,1395,5203
2,97185,5719,0,0,19,19,5115,3968,2107,6075
2,97185,6517,0,0,19,19,5115,5504,2401,7905
2,97185,11495,0,0,19,19,5115,44064,3025,47089
2,97185,11875,0,0,19,19,5115,7502,625,8127
2,97185,14535,0,0,19,19,5115,10648,2295,12943
2,97185,16473,0,0,19,19,5115,12040,2601,14641
2,97185,16625,0,0,19,19,5115,1408,6125,7533
2,97185,16929,0,0,19,19,5115,1376,4455,5831
2,97185,25137,0,0,19,19,5115,31000,3969,34969
2,97185,26125,0,0,19,19,5115,22016,12375,34391
2,97185,26163,0,0,19,19,5115,2744,4131,6875
2,97185,28861,0,0,19,19,5115,13122,1519,14641
2,97185,51471,0,0,19,19,5115,6250,2709,8959
2,97185,51471,0,0,19,19,5115,95744,24381,120125
2,97185,57475,0,0,19,19,5115,28322,3025,31347
2,97185,59375,0,0,19,19,5115,5984,15625,21609
2,97185,75981,0,0,19,19,5115,8,11997,12005
2,97185,91295,0,0,19,19,5115,32,24025,24057
2,97185,93347,0,0,19,19,5115,462,4913,5375
2,97185,93347,0,0,19,19,5115,946,4913,5859
2,97527,41553,0,0,19,19,5133,2560,19683,22243
2,97578,15138,0,0,18,18,5421,57122,841,57963
2,97578,27378,0,0,18,18,5421,5632,13689,19321
2,97578,88218,0,0,18,18,5421,6358,4901,11259
2,97614,2178,0,0,18,18,5423,9826,121,9947
2,97614,54450,0,0,18,18,5423,131072,51425,182497
2,97717,475,0,0,19,19,5143,101306,25,101331
2,97717,78033,0,0,19,19,5143,7000,12321,19321
2,97717,97717,0,0,76,19,5143,11664,5143,16807
2,97983,19,0,0,19,19,5157,72962,1,72963
2,98010,39366,0,0,18,18,5445,169000,6561,175561
2,98118,54,0,0,18,18,5451,6232,9,6241
2,98118,54,0,0,18,18,5451,25912,9,25921
2,98280,3276,0,0,36,18,5460,8192,1183,9375
2,98280,6552,0,0,72,18,5460,8192,1183,9375
2,98514,15210,0,0,18,18,5473,2336,4225,6561
2,98515,19,0,0,19,19,5185,5490,1,5491
2,98515,19,0,0,19,19,5185,6174,1,6175
2,98515,19,0,0,38,19,5185,14364,1,14365
2,98515,19,0,0,38,19,5185,31212,1,31213
2,98515,19,0,0,76,19,5185,28560,1,28561
2,98515,57,0,0,19,19,5185,61000,9,61009
2,98515,95,0,0,19,19,5185,13664,25,13689
2,98515,171,0,0,19,19,5185,60928,81,61009
2,98515,513,0,0,19,19,5185,74698,27,74725
2,98515,931,0,0,19,19,5185,5746,49,5795
2,98515,1729,0,0,19,19,5185,8192,1183,9375
2,98515,3211,0,0,19,19,5185,235298,169,235467
2,98515,3477,0,0,19,19,5185,9728,1647,11375
2,98515,4617,0,0,19,19,5185,8296,729,9025
2,98515,5795,0,0,19,19,5185,9248,1525,10773
2,98515,6669,0,0,19,19,5185,31232,3159,34391
2,98515,6859,0,0,19,19,5185,7442,361,7803
2,98515,6859,0,0,19,19,5185,7514,361,7875
2,98515,8379,0,0,19,19,5185,6656,3969,10625
2,98515,11875,0,0,19,19,5185,512,5625,6137
2,98515,11875,0,0,19,19,5185,33184,3125,36309
2,98515,12103,0,0,19,19,5185,6222,637,6859
2,98515,12103,0,0,19,19,5185,8192,8281,16473
2,98515,13851,0,0,19,19,5185,9386,729,10115
2,98515,20349,0,0,19,19,5185,128,7497,7625
2,98515,20577,0,0,19,19,5185,12376,3249,15625
2,98515,20577,0,0,19,19,5185,17576,3249,20825
2,98515,22021,0,0,19,19,5185,9826,1159,10985
2,98515,23085,0,0,19,19,5185,6664,3645,10309
2,98515,31293,0,0,19,19,5185,16184,4941,21125
2,98515,40375,0,0,19,19,5185,20618,2125,22743
2,98515,41553,0,0,19,19,5185,1064,6561,7625
2,98515,41743,0,0,19,19,5185,3294,2197,5491
2,98515,41743,0,0,19,19,5185,7442,2197,9639
2,98515,45125,0,0,19,19,5185,32,11875,11907
2,98515,45619,0,0,19,19,5185,3200,16807,20007
2,98515,48013,0,0,19,19,5185,29768,7581,37349
2,98515,53865,0,0,19,19,5185,2176,19845,22021
2,98515,54587,0,0,19,19,5185,18050,2873,20923
2,98515,58653,0,0,19,19,5185,3050,3087,6137
2,98515,59375,0,0,19,19,5185,2366,3125,5491
2,98515,60021,0,0,19,19,5185,32,15795,15827
2,98515,69255,0,0,19,19,5185,10336,18225,28561
2,98515,70699,0,0,19,19,5185,5054,3721,8775
2,98515,71383,0,0,19,19,5185,2318,3757,6075
2,98515,75411,0,0,19,19,5185,2890,3969,6859
2,98515,79781,0,0,19,19,5185,14406,4199,18605
2,98515,86697,0,0,19,19,5185,7442,4563,12005
2,98515,87723,0,0,19,19,5185,46592,41553,88145
2,98515,93347,0,0,19,19,5185,882,4913,5795
2,98515,93347,0,0,19,19,5185,6250,4913,11163
2,98515,93347,0,0,19,19,5185,82810,4913,87723
2,98515,93347,0,0,19,19,5185,24576,63869,88445
2,98766,54,0,0,18,18,5487,14632,9,14641
2,98895,95817,0,0,19,19,5205,1000,15129,16129
2,99000,4500,0,0,36,18,5500,69984,625,70609
2,99085,19,0,0,19,19,5215,12690,1,12691
2,99085,13851,0,0,19,19,5215,24064,6561,30625
2,99085,26011,0,0,19,19,5215,47000,4107,51107
2,99085,70775,0,0,19,19,5215,3478,3725,7203
2,99997,19,0,0,19,19,5263,13850,1,13851
2,100100,1820,0,0,20,20,5005,8192,1183,9375
2,100100,10780,0,0,20,20,5005,16000,3773,19773
2,100100,84500,0,0,20,20,5005,15488,29575,45063
2,100260,20,0,0,40,20,5013,13924,1,13925
2,100260,5780,0,0,20,20,5013,14750,289,15039
2,100282,3458,0,0,38,19,5278,8192,1183,9375
2,100282,6916,0,0,76,19,5278,8192,1183,9375
2,100377,11153,0,0,76,19,5283,5488,587,6075
2,100453,13851,0,0,19,19,5287,22016,6561,28577
2,100580,43740,0,0,20,20,5029,4888,6561,11449
2,100620,20,0,0,20,20,5031,12942,1,12943
2,100700,20,0,0,20,20,5035,101250,1,101251
2,100700,20,0,0,40,20,5035,36500,1,36501
2,100700,1620,0,0,20,20,5035,53290,81,53371
2,100700,4860,0,0,20,20,5035,4600,729,5329
2,100700,28620,0,0,20,20,5035,37376,12879,50255
2,100700,33580,0,0,20,20,5035,32,8395,8427
2,100700,56180,0,0,20,20,5035,4050,2809,6859
2,100909,6251,0,0,19,19,5311,14464,2303,16767
2,100909,6517,0,0,19,19,5311,10368,2401,12769
2,100909,19323,0,0,19,19,5311,4802,1017,5819
2,100940,2420,0,0,20,20,5047,16686,121,16807
2,100947,19,0,0,19,19,5313,64000,9,64009
2,100947,19,0,0,19,19,5313,71874,1,71875
2,100947,19,0,0,76,19,5313,8624,1,8625
2,100947,4617,0,0,19,19,5313,14882,243,15125
2,100947,11875,0,0,19,19,5313,2464,3125,5589
2,100947,35625,0,0,19,19,5313,5566,1875,7441
2,100947,35625,0,0,19,19,5313,9016,5625,14641
2,100947,38475,0,0,19,19,5313,1568,10125,11693
2,101160,40,0,0,40,20,5058,64000,9,64009
2,101175,41553,0,0,19,19,5325,24352,10935,35287
2,101420,7220,0,0,20,20,5071,118098,361,118459
2,101460,20,0,0,40,20,5073,16820,1,16821
2,101460,5700,0,0,20,20,5073,6496,1425,7921
2,101460,12180,0,0,20,20,5073,6250,609,6859
2,101460,12500,0,0,20,20,5073,4984,1875,6859
2,101460,33820,0,0,20,20,5073,8352,8455,16807
2,101460,47500,0,0,20,20,5073,32,11875,11907
2,101460,64980,0,0,20,20,5073,200,9747,9947
2,101660,11300,0,0,20,20,5083,9568,2825,12393
2,101660,62500,0,0,20,20,5083,24334,3125,27459
2,101707,1197,0,0,19,19,5353,6784,441,7225
2,101707,13433,0,0,19,19,5353,10368,4949,15317
2,101707,32319,0,0,19,19,5353,1696,8505,10201
2,101707,96957,0,0,19,19,5353,8,15309,15317
2,101707,101707,0,0,19,19,5353,2450,5353,7803
2,101745,57,0,0,19,19,5355,237160,9,237169
2,101745,9253,0,0,19,19,5355,17248,2435,19683
2,101745,13851,0,0,19,19,5355,117128,2187,119315
2,101745,26163,0,0,19,19,5355,2744,4131,6875
2,101745,59375,0,0,19,19,5355,16558,3125,19683
2,101745,59375,0,0,19,19,5355,5984,15625,21609
2,101973,33991,0,0,19,19,5367,4802,1789,6591
2,102260,96100,0,0,20,20,5113,32,24025,24057
2,102260,102260,0,0,40,20,5113,2420,5113,7533
2,102300,20,0,0,20,20,5115,5202,1,5203
2,102300,20,0,0,20,20,5115,203390,1,203391
2,102300,540,0,0,20,20,5115,5848,81,5929
2,102300,980,0,0,20,20,5115,8910,49,8959
2,102300,2420,0,0,20,20,5115,94178,121,94299
2,102300,4300,0,0,20,20,5115,6944,1075,8019
2,102300,5580,0,0,20,20,5115,3808,1395,5203
2,102300,6020,0,0,20,20,5115,3968,2107,6075
2,102300,6860,0,0,20,20,5115,5504,2401,7905
2,102300,12100,0,0,20,20,5115,44064,3025,47089
2,102300,12500,0,0,20,20,5115,7502,625,8127
2,102300,15300,0,0,20,20,5115,10648,2295,12943
2,102300,17340,0,0,20,20,5115,12040,2601,14641
2,102300,17500,0,0,20,20,5115,1408,6125,7533
2,102300,17820,0,0,20,20,5115,1376,4455,5831
2,102300,26460,0,0,20,20,5115,31000,3969,34969
2,102300,27500,0,0,20,20,5115,22016,12375,34391
2,102300,27540,0,0,20,20,5115,2744,4131,6875
2,102300,30380,0,0,20,20,5115,13122,1519,14641
2,102300,54180,0,0,20,20,5115,6250,2709,8959
2,102300,54180,0,0,20,20,5115,95744,24381,120125
2,102300,60500,0,0,20,20,5115,28322,3025,31347
2,102300,62500,0,0,20,20,5115,5984,15625,21609
2,102300,79980,0,0,20,20,5115,8,11997,12005
2,102300,96100,0,0,20,20,5115,32,24025,24057
2,102300,98260,0,0,20,20,5115,462,4913,5375
2,102300,98260,0,0,20,20,5115,946,4913,5859
2,102505,19,0,0,19,19,5395,33614,1,33615
2,102505,475,0,0,19,19,5395,62426,25,62451
2,102505,1729,0,0,19,19,5395,8192,1183,9375
2,102505,3211,0,0,19,19,5395,10206,169,10375
2,102505,21375,0,0,19,19,5395,2656,5625,8281
2,102505,35625,0,0,19,19,5395,60424,5625,66049
2,102505,39425,0,0,19,19,5395,2056,6225,8281
2,102505,59375,0,0,19,19,5395,3598,3125,6723
2,102505,64125,0,0,19,19,5395,25186,3375,28561
2,102505,77273,0,0,19,19,5395,39366,4067,43433
2,102505,84721,0,0,19,19,5395,2430,4459,6889
2,102660,43740,0,0,20,20,5133,2560,19683,22243
2,102860,500,0,0,20,20,5143,101306,25,101331
2,102860,82140,0,0,20,20,5143,7000,12321,19321
2,102860,102860,0,0,80,20,5143,11664,5143,16807
2,102999,15979,0,0,19,19,5421,57122,841,57963
2,102999,28899,0,0,19,19,5421,5632,13689,19321
2,102999,93119,0,0,19,19,5421,6358,4901,11259
2,103037,2299,0,0,19,19,5423,9826,121,9947
2,103037,57475,0,0,19,19,5423,131072,51425,182497
2,103140,20,0,0,20,20,5157,72962,1,72963
2,103455,41553,0,0,19,19,5445,169000,6561,175561
2,103569,57,0,0,19,19,5451,6232,9,6241
2,103569,57,0,0,19,19,5451,25912,9,25921
2,103700,20,0,0,20,20,5185,5490,1,5491
2,103700,20,0,0,20,20,5185,6174,1,6175
2,103700,20,0,0,40,20,5185,14364,1,14365
2,103700,20,0,0,40,20,5185,31212,1,31213
2,103700,20,0,0,80,20,5185,28560,1,28561
2,103700,60,0,0,20,20,5185,61000,9,61009
2,103700,100,0,0,20,20,5185,13664,25,13689
2,103700,180,0,0,20,20,5185,60928,81,61009
2,103700,540,0,0,20,20,5185,74698,27,74725
2,103700,980,0,0,20,20,5185,5746,49,5795
2,103700,1820,0,0,20,20,5185,8192,1183,9375
2,103700,3380,0,0,20,20,5185,235298,169,235467
2,103700,3660,0,0,20,20,5185,9728,1647,11375
2,103700,4860,0,0,20,20,5185,8296,729,9025
2,103700,6100,0,0,20,20,5185,9248,1525,10773
2,103700,7020,0,0,20,20,5185,31232,3159,34391
2,103700,7220,0,0,20,20,5185,7442,361,7803
2,103700,7220,0,0,20,20,5185,7514,361,7875
2,103700,8820,0,0,20,20,5185,6656,3969,10625
2,103700,12500,0,0,20,20,5185,512,5625,6137
2,103700,12500,0,0,20,20,5185,33184,3125,36309
2,103700,12740,0,0,20,20,5185,6222,637,6859
2,103700,12740,0,0,20,20,5185,8192,8281,16473
2,103700,14580,0,0,20,20,5185,9386,729,10115
2,103700,21420,0,0,20,20,5185,128,7497,7625
2,103700,21660,0,0,20,20,5185,12376,3249,15625
2,103700,21660,0,0,20,20,5185,17576,3249,20825
2,103700,23180,0,0,20,20,5185,9826,1159,10985
2,103700,24300,0,0,20,20,5185,6664,3645,10309
2,103700,32940,0,0,20,20,5185,16184,4941,21125
2,103700,42500,0,0,20,20,5185,20618,2125,22743
2,103700,43740,0,0,20,20,5185,1064,6561,7625
2,103700,43940,0,0,20,20,5185,3294,2197,5491
2,103700,43940,0,0,20,20,5185,7442,2197,9639
2,103700,47500,0,0,20,20,5185,32,11875,11907
2,103700,48020,0,0,20,20,5185,3200,16807,20007
2,103700,50540,0,0,20,20,5185,29768,7581,37349
2,103700,56700,0,0,20,20,5185,2176,19845,22021
2,103700,57460,0,0,20,20,5185,18050,2873,20923
2,103700,61740,0,0,20,20,5185,3050,3087,6137
2,103700,62500,0,0,20,20,5185,2366,3125,5491
2,103700,63180,0,0,20,20,5185,32,15795,15827
2,103700,72900,0,0,20,20,5185,10336,18225,28561
2,103700,74420,0,0,20,20,5185,5054,3721,8775
2,103700,75140,0,0,20,20,5185,2318,3757,6075
2,103700,79380,0,0,20,20,5185,2890,3969,6859
2,103700,83980,0,0,20,20,5185,14406,4199,18605
2,103700,91260,0,0,20,20,5185,7442,4563,12005
2,103700,92340,0,0,20,20,5185,46592,41553,88145
2,103700,98260,0,0,20,20,5185,882,4913,5795
2,103700,98260,0,0,20,20,5185,6250,4913,11163
2,103700,98260,0,0,20,20,5185,82810,4913,87723
2,103700,98260,0,0,20,20,5185,24576,63869,88445
2,103740,3458,0,0,38,19,5460,8192,1183,9375
2,103740,6916,0,0,76,19,5460,8192,1183,9375
2,103987,16055,0,0,19,19,5473,2336,4225,6561
2,104100,100860,0,0,20,20,5205,1000,15129,16129
2,104253,57,0,0,19,19,5487,14632,9,14641
2,104300,20,0,0,20,20,5215,12690,1,12691
2,104300,14580,0,0,20,20,5215,24064,6561,30625
2,104300,27380,0,0,20,20,5215,47000,4107,51107
2,104300,74500,0,0,20,20,5215,3478,3725,7203
2,104500,4750,0,0,38,19,5500,69984,625,70609
2,105105,1911,0,0,21,21,5005,8192,1183,9375
2,105105,11319,0,0,21,21,5005,16000,3773,19773
2,105105,88725,0,0,21,21,5005,15488,29575,45063
2,105260,20,0,0,20,20,5263,13850,1,13851
2,105273,21,0,0,42,21,5013,13924,1,13925
2,105273,6069,0,0,21,21,5013,14750,289,15039
2,105560,3640,0,0,40,20,5278,8192,1183,9375
2,105560,7280,0,0,80,20,5278,8192,1183,9375
2,105609,45927,0,0,21,21,5029,4888,6561,11449
2,105651,21,0,0,21,21,5031,12942,1,12943
2,105660,11740,0,0,80,20,5283,5488,587,6075
2,105735,21,0,0,21,21,5035,101250,1,101251
2,105735,21,0,0,42,21,5035,36500,1,36501
2,105735,1701,0,0,21,21,5035,53290,81,53371
2,105735,5103,0,0,21,21,5035,4600,729,5329
2,105735,30051,0,0,21,21,5035,37376,12879,50255
2,105735,35259,0,0,21,21,5035,32,8395,8427
2,105735,58989,0,0,21,21,5035,4050,2809,6859
2,105740,14580,0,0,20,20,5287,22016,6561,28577
2,105987,2541,0,0,21,21,5047,16686,121,16807
2,106218,42,0,0,42,21,5058,64000,9,64009
2,106220,6580,0,0,20,20,5311,14464,2303,16767
2,106220,6860,0,0,20,20,5311,10368,2401,12769
2,106220,20340,0,0,20,20,5311,4802,1017,5819
2,106260,20,0,0,20,20,5313,64000,9,64009
2,106260,20,0,0,20,20,5313,71874,1,71875
2,106260,20,0,0,80,20,5313,8624,1,8625
2,106260,4860,0,0,20,20,5313,14882,243,15125
2,106260,12500,0,0,20,20,5313,2464,3125,5589
2,106260,37500,0,0,20,20,5313,5566,1875,7441
2,106260,37500,0,0,20,20,5313,9016,5625,14641
2,106260,40500,0,0,20,20,5313,1568,10125,11693
2,106491,7581,0,0,21,21,5071,118098,361,118459
2,106500,43740,0,0,20,20,5325,24352,10935,35287
2,106533,21,0,0,42,21,5073,16820,1,16821
2,106533,5985,0,0,21,21,5073,6496,1425,7921
2,106533,12789,0,0,21,21,5073,6250,609,6859
2,106533,13125,0,0,21,21,5073,4984,1875,6859
2,106533,35511,0,0,21,21,5073,8352,8455,16807
2,106533,49875,0,0,21,21,5073,32,11875,11907
2,106533,68229,0,0,21,21,5073,200,9747,9947
2,106743,11865,0,0,21,21,5083,9568,2825,12393
2,106743,65625,0,0,21,21,5083,24334,3125,27459
2,107060,1260,0,0,20,20,5353,6784,441,7225
2,107060,14140,0,0,20,20,5353,10368,4949,15317
2,107060,34020,0,0,20,20,5353,1696,8505,10201
2,107060,102060,0,0,20,20,5353,8,15309,15317
2,107060,107060,0,0,20,20,5353,2450,5353,7803
2,107100,60,0,0,20,20,5355,237160,9,237169
2,107100,9740,0,0,20,20,5355,17248,2435,19683
2,107100,14580,0,0,20,20,5355,117128,2187,119315
2,107100,27540,0,0,20,20,5355,2744,4131,6875
2,107100,62500,0,0,20,20,5355,16558,3125,19683
2,107100,62500,0,0,20,20,5355,5984,15625,21609
2,107340,35780,0,0,20,20,5367,4802,1789,6591
2,107373,100905,0,0,21,21,5113,32,24025,24057
2,107373,107373,0,0,42,21,5113,2420,5113,7533
2,107415,21,0,0,21,21,5115,5202,1,5203
2,107415,21,0,0,21,21,5115,203390,1,203391
2,107415,567,0,0,21,21,5115,5848,81,5929
2,107415,1029,0,0,21,21,5115,8910,49,8959
2,107415,2541,0,0,21,21,5115,94178,121,94299
2,107415,4515,0,0,21,21,5115,6944,1075,8019
2,107415,5859,0,0,21,21,5115,3808,1395,5203
2,107415,6321,0,0,21,21,5115,3968,2107,6075
2,107415,7203,0,0,21,21,5115,5504,2401,7905
2,107415,12705,0,0,21,21,5115,44064,3025,47089
2,107415,13125,0,0,21,21,5115,7502,625,8127
2,107415,16065,0,0,21,21,5115,10648,2295,12943
2,107415,18207,0,0,21,21,5115,12040,2601,14641
2,107415,18375,0,0,21,21,5115,1408,6125,7533
2,107415,18711,0,0,21,21,5115,1376,4455,5831
2,107415,27783,0,0,21,21,5115,31000,3969,34969
2,107415,28875,0,0,21,21,5115,22016,12375,34391
2,107415,28917,0,0,21,21,5115,2744,4131,6875
2,107415,31899,0,0,21,21,5115,13122,1519,14641
2,107415,56889,0,0,21,21,5115,6250,2709,8959
2,107415,56889,0,0,21,21,5115,95744,24381,120125
2,107415,63525,0,0,21,21,5115,28322,3025,31347
2,107415,65625,0,0,21,21,5115,5984,15625,21609
2,107415,83979,0,0,21,21,5115,8,11997,12005
2,107415,100905,0,0,21,21,5115,32,24025,24057
2,107415,103173,0,0,21,21,5115,462,4913,5375
2,107415,103173,0,0,21,21,5115,946,4913,5859
2,107793,45927,0,0,21,21,5133,2560,19683,22243
2,107900,20,0,0,20,20,5395,33614,1,33615
2,107900,500,0,0,20,20,5395,62426,25,62451
2,107900,1820,0,0,20,20,5395,8192,1183,9375
2,107900,3380,0,0,20,20,5395,10206,169,10375
2,107900,22500,0,0,20,20,5395,2656,5625,8281
2,107900,37500,0,0,20,20,5395,60424,5625,66049
2,107900,41500,0,0,20,20,5395,2056,6225,8281
2,107900,62500,0,0,20,20,5395,3598,3125,6723
2,107900,67500,0,0,20,20,5395,25186,3375,28561
2,107900,81340,0,0,20,20,5395,39366,4067,43433
2,107900,89180,0,0,20,20,5395,2430,4459,6889
2,108003,525,0,0,21,21,5143,101306,25,101331
2,108003,86247,0,0,21,21,5143,7000,12321,19321
2,108003,108003,0,0,84,21,5143,11664,5143,16807
2,108297,21,0,0,21,21,5157,72962,1,72963
2,108420,16820,0,0,20,20,5421,57122,841,57963
2,108420,30420,0,0,20,20,5421,5632,13689,19321
2,108420,98020,0,0,20,20,5421,6358,4901,11259
2,108460,2420,0,0,20,20,5423,9826,121,9947
2,108460,60500,0,0,20,20,5423,131072,51425,182497
2,108885,21,0,0,21,21,5185,5490,1,5491
2,108885,21,0,0,21,21,5185,6174,1,6175
2,108885,21,0,0,42,21,5185,14364,1,14365
2,108885,21,0,0,42,21,5185,31212,1,31213
2,108885,21,0,0,84,21,5185,28560,1,28561
2,108885,63,0,0,21,21,5185,61000,9,61009
2,108885,105,0,0,21,21,5185,13664,25,13689
2,108885,189,0,0,21,21,5185,60928,81,61009
2,108885,567,0,0,21,21,5185,74698,27,74725
2,108885,1029,0,0,21,21,5185,5746,49,5795
2,108885,1911,0,0,21,21,5185,8192,1183,9375
2,108885,3549,0,0,21,21,5185,235298,169,235467
2,108885,3843,0,0,21,21,5185,9728,1647,11375
2,108885,5103,0,0,21,21,5185,8296,729,9025
2,108885,6405,0,0,21,21,5185,9248,1525,10773
2,108885,7371,0,0,21,21,5185,31232,3159,34391
2,108885,7581,0,0,21,21,5185,7442,361,7803
2,108885,7581,0,0,21,21,5185,7514,361,7875
2,108885,9261,0,0,21,21,5185,6656,3969,10625
2,108885,13125,0,0,21,21,5185,512,5625,6137
2,108885,13125,0,0,21,21,5185,33184,3125,36309
2,108885,13377,0,0,21,21,5185,6222,637,6859
2,108885,13377,0,0,21,21,5185,8192,8281,16473
2,108885,15309,0,0,21,21,5185,9386,729,10115
2,108885,22491,0,0,21,21,5185,128,7497,7625
2,108885,22743,0,0,21,21,5185,12376,3249,15625
2,108885,22743,0,0,21,21,5185,17576,3249,20825
2,108885,24339,0,0,21,21,5185,9826,1159,10985
2,108885,25515,0,0,21,21,5185,6664,3645,10309
2,108885,34587,0,0,21,21,5185,16184,4941,21125
2,108885,44625,0,0,21,21,5185,20618,2125,22743
2,108885,45927,0,0,21,21,5185,1064,6561,7625
2,108885,46137,0,0,21,21,5185,3294,2197,5491
2,108885,46137,0,0,21,21,5185,7442,2197,9639
2,108885,49875,0,0,21,21,5185,32,11875,11907
2,108885,50421,0,0,21,21,5185,3200,16807,20007
2,108885,53067,0,0,21,21,5185,29768,7581,37349
2,108885,59535,0,0,21,21,5185,2176,19845,22021
2,108885,60333,0,0,21,21,5185,18050,2873,20923
2,108885,64827,0,0,21,21,5185,3050,3087,6137
2,108885,65625,0,0,21,21,5185,2366,3125,5491
2,108885,66339,0,0,21,21,5185,32,15795,15827
2,108885,76545,0,0,21,21,5185,10336,18225,28561
2,108885,78141,0,0,21,21,5185,5054,3721,8775
2,108885,78897,0,0,21,21,5185,2318,3757,6075
2,108885,83349,0,0,21,21,5185,2890,3969,6859
2,108885,88179,0,0,21,21,5185,14406,4199,18605
2,108885,95823,0,0,21,21,5185,7442,4563,12005
2,108885,96957,0,0,21,21,5185,46592,41553,88145
2,108885,103173,0,0,21,21,5185,882,4913,5795
2,108885,103173,0,0,21,21,5185,6250,4913,11163
2,108885,103173,0,0,21,21,5185,82810,4913,87723
2,108885,103173,0,0,21,21,5185,24576,63869,88445
2,108900,43740,0,0,20,20,5445,169000,6561,175561
2,109020,60,0,0,20,20,5451,6232,9,6241
2,109020,60,0,0,20,20,5451,25912,9,25921
2,109200,3640,0,0,40,20,5460,8192,1183,9375
2,109200,7280,0,0,80,20,5460,8192,1183,9375
2,109305,105903,0,0,21,21,5205,1000,15129,16129
2,109460,16900,0,0,20,20,5473,2336,4225,6561
2,109515,21,0,0,21,21,5215,12690,1,12691
2,109515,15309,0,0,21,21,5215,24064,6561,30625
2,109515,28749,0,0,21,21,5215,47000,4107,51107
2,109515,78225,0,0,21,21,5215,3478,3725,7203
2,109740,60,0,0,20,20,5487,14632,9,14641
2,110000,5000,0,0,40,20,5500,69984,625,70609
2,110110,2002,0,0,22,22,5005,8192,1183,9375
2,110110,11858,0,0,22,22,5005,16000,3773,19773
2,110110,92950,0,0,22,22,5005,15488,29575,45063
2,110286,22,0,0,44,22,5013,13924,1,13925
2,110286,6358,0,0,22,22,5013,14750,289,15039
2,110523,21,0,0,21,21,5263,13850,1,13851
2,110638,48114,0,0,22,22,5029,4888,6561,11449
2,110682,22,0,0,22,22,5031,12942,1,12943
2,110770,22,0,0,22,22,5035,101250,1,101251
2,110770,22,0,0,44,22,5035,36500,1,36501
2,110770,1782,0,0,22,22,5035,53290,81,53371
2,110770,5346,0,0,22,22,5035,4600,729,5329
2,110770,31482,0,0,22,22,5035,37376,12879,50255
2,110770,36938,0,0,22,22,5035,32,8395,8427
2,110770,61798,0,0,22,22,5035,4050,2809,6859
2,110838,3822,0,0,42,21,5278,8192,1183,9375
2,110838,7644,0,0,84,21,5278,8192,1183,9375
2,110943,12327,0,0,84,21,5283,5488,587,6075
2,111027,15309,0,0,21,21,5287,22016,6561,28577
2,111034,2662,0,0,22,22,5047,16686,121,16807
2,111276,44,0,0,44,22,5058,64000,9,64009
2,111531,6909,0,0,21,21,5311,14464,2303,16767
2,111531,7203,0,0,21,21,5311,10368,2401,12769
2,111531,21357,0,0,21,21,5311,4802,1017,5819
2,111562,7942,0,0,22,22,5071,118098,361,118459
2,111573,21,0,0,21,21,5313,64000,9,64009
2,111573,21,0,0,21,21,5313,71874,1,71875
2,111573,21,0,0,84,21,5313,8624,1,8625
2,111573,5103,0,0,21,21,5313,14882,243,15125
2,111573,13125,0,0,21,21,5313,2464,3125,5589
2,111573,39375,0,0,21,21,5313,5566,1875,7441
2,111573,39375,0,0,21,21,5313,9016,5625,14641
2,111573,42525,0,0,21,21,5313,1568,10125,11693
2,111606,22,0,0,44,22,5073,16820,1,16821
2,111606,6270,0,0,22,22,5073,6496,1425,7921
2,111606,13398,0,0,22,22,5073,6250,609,6859
2,111606,13750,0,0,22,22,5073,4984,1875,6859
2,111606,37202,0,0,22,22,5073,8352,8455,16807
2,111606,52250,0,0,22,22,5073,32,11875,11907
2,111606,71478,0,0,22,22,5073,200,9747,9947
2,111825,45927,0,0,21,21,5325,24352,10935,35287
2,111826,12430,0,0,22,22,5083,9568,2825,12393
2,111826,68750,0,0,22,22,5083,24334,3125,27459
2,112413,1323,0,0,21,21,5353,6784,441,7225
2,112413,14847,0,0,21,21,5353,10368,4949,15317
2,112413,35721,0,0,21,21,5353,1696,8505,10201
2,112413,107163,0,0,21,21,5353,8,15309,15317
2,112413,112413,0,0,21,21,5353,2450,5353,7803
2,112455,63,0,0,21,21,5355,237160,9,237169
2,112455,10227,0,0,21,21,5355,17248,2435,19683
2,112455,15309,0,0,21,21,5355,117128,2187,119315
2,112455,28917,0,0,21,21,5355,2744,4131,6875
2,112455,65625,0,0,21,21,5355,16558,3125,19683
2,112455,65625,0,0,21,21,5355,5984,15625,21609
2,112486,105710,0,0,22,22,5113,32,24025,24057
2,112486,112486,0,0,44,22,5113,2420,5113,7533
2,112530,22,0,0,22,22,5115,5202,1,5203
2,112530,22,0,0,22,22,5115,203390,1,203391
2,112530,594,0,0,22,22,5115,5848,81,5929
2,112530,1078,0,0,22,22,5115,8910,49,8959
2,112530,2662,0,0,22,22,5115,94178,121,94299
2,112530,4730,0,0,22,22,5115,6944,1075,8019
2,112530,6138,0,0,22,22,5115,3808,1395,5203
2,112530,6622,0,0,22,22,5115,3968,2107,6075
2,112530,7546,0,0,22,22,5115,5504,2401,7905
2,112530,13310,0,0,22,22,5115,44064,3025,47089
2,112530,13750,0,0,22,22,5115,7502,625,8127
2,112530,16830,0,0,22,22,5115,10648,2295,12943
2,112530,19074,0,0,22,22,5115,12040,2601,14641
2,112530,19250,0,0,22,22,5115,1408,6125,7533
2,112530,19602,0,0,22,22,5115,1376,4455,5831
2,112530,29106,0,0,22,22,5115,31000,3969,34969
2,112530,30250,0,0,22,22,5115,22016,12375,34391
2,112530,30294,0,0,22,22,5115,2744,4131,6875
2,112530,33418,0,0,22,22,5115,13122,1519,14641
2,112530,59598,0,0,22,22,5115,6250,2709,8959
2,112530,59598,0,0,22,22,5115,95744,24381,120125
2,112530,66550,0,0,22,22,5115,28322,3025,31347
2,112530,68750,0,0,22,22,5115,5984,15625,21609
2,112530,87978,0,0,22,22,5115,8,11997,12005
2,112530,105710,0,0,22,22,5115,32,24025,24057
2,112530,108086,0,0,22,22,5115,462,4913,5375
2,112530,108086,0,0,22,22,5115,946,4913,5859
2,112707,37569,0,0,21,21,5367,4802,1789,6591
2,112926,48114,0,0,22,22,5133,2560,19683,22243
2,113146,550,0,0,22,22,5143,101306,25,101331
2,113146,90354,0,0,22,22,5143,7000,12321,19321
2,113146,113146,0,0,88,22,5143,11664,5143,16807
2,113295,21,0,0,21,21,5395,33614,1,33615
2,113295,525,0,0,21,21,5395,62426,25,62451
2,113295,1911,0,0,21,21,5395,8192,1183,9375
2,113295,3549,0,0,21,21,5395,10206,169,10375
2,113295,23625,0,0,21,21,5395,2656,5625,8281
2,113295,39375,0,0,21,21,5395,60424,5625,66049
2,113295,43575,0,0,21,21,5395,2056,6225,8281
2,113295,65625,0,0,21,21,5395,3598,3125,6723
2,113295,70875,0,0,21,21,5395,25186,3375,28561
2,113295,85407,0,0,21,21,5395,39366,4067,43433
2,113295,93639,0,0,21,21,5395,2430,4459,6889
2,113454,22,0,0,22,22,5157,72962,1,72963
2,113841,17661,0,0,21,21,5421,57122,841,57963
2,113841,31941,0,0,21,21,5421,5632,13689,19321
2,113841,102921,0,0,21,21,5421,6358,4901,11259
2,113883,2541,0,0,21,21,5423,9826,121,9947
2,113883,63525,0,0,21,21,5423,131072,51425,182497
2,114070,22,0,0,22,22,5185,5490,1,5491
2,114070,22,0,0,22,22,5185,6174,1,6175
2,114070,22,0,0,44,22,5185,14364,1,14365
2,114070,22,0,0,44,22,5185,31212,1,31213
2,114070,22,0,0,88,22,5185,28560,1,28561
2,114070,66,0,0,22,22,5185,61000,9,61009
2,114070,110,0,0,22,22,5185,13664,25,13689
2,114070,198,0,0,22,22,5185,60928,81,61009
2,114070,594,0,0,22,22,5185,74698,27,74725
2,114070,1078,0,0,22,22,5185,5746,49,5795
2,114070,2002,0,0,22,22,5185,8192,1183,9375
2,114070,3718,0,0,22,22,5185,235298,169,235467
2,114070,4026,0,0,22,22,5185,9728,1647,11375
2,114070,5346,0,0,22,22,5185,8296,729,9025
2,114070,6710,0,0,22,22,5185,9248,1525,10773
2,114070,7722,0,0,22,22,5185,31232,3159,34391
2,114070,7942,0,0,22,22,5185,7442,361,7803
2,114070,7942,0,0,22,22,5185,7514,361,7875
2,114070,9702,0,0,22,22,5185,6656,3969,10625
2,114070,13750,0,0,22,22,5185,512,5625,6137
2,114070,13750,0,0,22,22,5185,33184,3125,36309
2,114070,14014,0,0,22,22,5185,6222,637,6859
2,114070,14014,0,0,22,22,5185,8192,8281,16473
2,114070,16038,0,0,22,22,5185,9386,729,10115
2,114070,23562,0,0,22,22,5185,128,7497,7625
2,114070,23826,0,0,22,22,5185,12376,3249,15625
2,114070,23826,0,0,22,22,5185,17576,3249,20825
2,114070,25498,0,0,22,22,5185,9826,1159,10985
2,114070,26730,0,0,22,22,5185,6664,3645,10309
2,114070,36234,0,0,22,22,5185,16184,4941,21125
2,114070,46750,0,0,22,22,5185,20618,2125,22743
2,114070,48114,0,0,22,22,5185,1064,6561,7625
2,114070,48334,0,0,22,22,5185,3294,2197,5491
2,114070,48334,0,0,22,22,5185,7442,2197,9639
2,114070,52250,0,0,22,22,5185,32,11875,11907
2,114070,52822,0,0,22,22,5185,3200,16807,20007
2,114070,55594,0,0,22,22,5185,29768,7581,37349
2,114070,62370,0,0,22,22,5185,2176,19845,22021
2,114070,63206,0,0,22,22,5185,18050,2873,20923
2,114070,67914,0,0,22,22,5185,3050,3087,6137
2,114070,68750,0,0,22,22,5185,2366,3125,5491
2,114070,69498,0,0,22,22,5185,32,15795,15827
2,114070,80190,0,0,22,22,5185,10336,18225,28561
2,114070,81862,0,0,22,22,5185,5054,3721,8775
2,114070,82654,0,0,22,22,5185,2318,3757,6075
2,114070,87318,0,0,22,22,5185,2890,3969,6859
2,114070,92378,0,0,22,22,5185,14406,4199,18605
2,114070,100386,0,0,22,22,5185,7442,4563,12005
2,114070,101574,0,0,22,22,5185,46592,41553,88145
2,114070,108086,0,0,22,22,5185,882,4913,5795
2,114070,108086,0,0,22,22,5185,6250,4913,11163
2,114070,108086,0,0,22,22,5185,82810,4913,87723
2,114070,108086,0,0,22,22,5185,24576,63869,88445
2,114345,45927,0,0,21,21,5445,169000,6561,175561
2,114471,63,0,0,21,21,5451,6232,9,6241
2,114471,63,0,0,21,21,5451,25912,9,25921
2,114510,110946,0,0,22,22,5205,1000,15129,16129
2,114660,3822,0,0,42,21,5460,8192,1183,9375
2,114660,7644,0,0,84,21,5460,8192,1183,9375
2,114730,22,0,0,22,22,5215,12690,1,12691
2,114730,16038,0,0,22,22,5215,24064,6561,30625
2,114730,30118,0,0,22,22,5215,47000,4107,51107
2,114730,81950,0,0,22,22,5215,3478,3725,7203
2,114933,17745,0,0,21,21,5473,2336,4225,6561
2,115115,2093,0,0,23,23,5005,8192,1183,9375
2,115115,12397,0,0,23,23,5005,16000,3773,19773
2,115115,97175,0,0,23,23,5005,15488,29575,45063
2,115227,63,0,0,21,21,5487,14632,9,14641
2,115299,23,0,0,46,23,5013,13924,1,13925
2,115299,6647,0,0,23,23,5013,14750,289,15039
2,115500,5250,0,0,42,21,5500,69984,625,70609
2,115667,50301,0,0,23,23,5029,4888,6561,11449
2,115713,23,0,0,23,23,5031,12942,1,12943
2,115786,22,0,0,22,22,5263,13850,1,13851
2,115805,23,0,0,23,23,5035,101250,1,101251
2,115805,23,0,0,46,23,5035,36500,1,36501
2,115805,1863,0,0,23,23,5035,53290,81,53371
2,115805,5589,0,0,23,23,5035,4600,729,5329
2,115805,32913,0,0,23,23,5035,37376,12879,50255
2,115805,38617,0,0,23,23,5035,32,8395,8427
2,115805,64607,0,0,23,23,5035,4050,2809,6859
2,116081,2783,0,0,23,23,5047,16686,121,16807
2,116116,4004,0,0,44,22,5278,8192,1183,9375
2,116116,8008,0,0,88,22,5278,8192,1183,9375
2,116226,12914,0,0,88,22,5283,5488,587,6075
2,116314,16038,0,0,22,22,5287,22016,6561,28577
2,116334,46,0,0,46,23,5058,64000,9,64009
2,116633,8303,0,0,23,23,5071,118098,361,118459
2,116679,23,0,0,46,23,5073,16820,1,16821
2,116679,6555,0,0,23,23,5073,6496,1425,7921
2,116679,14007,0,0,23,23,5073,6250,609,6859
2,116679,14375,0,0,23,23,5073,4984,1875,6859
2,116679,38893,0,0,23,23,5073,8352,8455,16807
2,116679,54625,0,0,23,23,5073,32,11875,11907
2,116679,74727,0,0,23,23,5073,200,9747,9947
2,116842,7238,0,0,22,22,5311,14464,2303,16767
2,116842,7546,0,0,22,22,5311,10368,2401,12769
2,116842,22374,0,0,22,22,5311,4802,1017,5819
2,116886,22,0,0,22,22,5313,64000,9,64009
2,116886,22,0,0,22,22,5313,71874,1,71875
2,116886,22,0,0,88,22,5313,8624,1,8625
2,116886,5346,0,0,22,22,5313,14882,243,15125
2,116886,13750,0,0,22,22,5313,2464,3125,5589
2,116886,41250,0,0,22,22,5313,5566,1875,7441
2,116886,41250,0,0,22,22,5313,9016,5625,14641
2,116886,44550,0,0,22,22,5313,1568,10125,11693
2,116909,12995,0,0,23,23,5083,9568,2825,12393
2,116909,71875,0,0,23,23,5083,24334,3125,27459
2,117150,48114,0,0,22,22,5325,24352,10935,35287
2,117599,110515,0,0,23,23,5113,32,24025,24057
2,117599,117599,0,0,46,23,5113,2420,5113,7533
2,117645,23,0,0,23,23,5115,5202,1,5203
2,117645,23,0,0,23,23,5115,203390,1,203391
2,117645,621,0,0,23,23,5115,5848,81,5929
2,117645,1127,0,0,23,23,5115,8910,49,8959
2,117645,2783,0,0,23,23,5115,94178,121,94299
2,117645,4945,0,0,23,23,5115,6944,1075,8019
2,117645,6417,0,0,23,23,5115,3808,1395,5203
2,117645,6923,0,0,23,23,5115,3968,2107,6075
2,117645,7889,0,0,23,23,5115,5504,2401,7905
2,117645,13915,0,0,23,23,5115,44064,3025,47089
2,117645,14375,0,0,23,23,5115,7502,625,8127
2,117645,17595,0,0,23,23,5115,10648,2295,12943
2,117645,19941,0,0,23,23,5115,12040,2601,14641
2,117645,20125,0,0,23,23,5115,1408,6125,7533
2,117645,20493,0,0,23,23,5115,1376,4455,5831
2,117645,30429,0,0,23,23,5115,31000,3969,34969
2,117645,31625,0,0,23,23,5115,22016,12375,34391
2,117645,31671,0,0,23,23,5115,2744,4131,6875
2,117645,34937,0,0,23,23,5115,13122,1519,14641
2,117645,62307,0,0,23,23,5115,6250,2709,8959
2,117645,62307,0,0,23,23,5115,95744,24381,120125
2,117645,69575,0,0,23,23,5115,28322,3025,31347
2,117645,71875,0,0,23,23,5115,5984,15625,21609
2,117645,91977,0,0,23,23,5115,8,11997,12005
2,117645,110515,0,0,23,23,5115,32,24025,24057
2,117645,112999,0,0,23,23,5115,462,4913,5375
2,117645,112999,0,0,23,23,5115,946,4913,5859
2,117766,1386,0,0,22,22,5353,6784,441,7225
2,117766,15554,0,0,22,22,5353,10368,4949,15317
2,117766,37422,0,0,22,22,5353,1696,8505,10201
2,117766,112266,0,0,22,22,5353,8,15309,15317
2,117766,117766,0,0,22,22,5353,2450,5353,7803
2,117810,66,0,0,22,22,5355,237160,9,237169
2,117810,10714,0,0,22,22,5355,17248,2435,19683
2,117810,16038,0,0,22,22,5355,117128,2187,119315
2,117810,30294,0,0,22,22,5355,2744,4131,6875
2,117810,68750,0,0,22,22,5355,16558,3125,19683
2,117810,68750,0,0,22,22,5355,5984,15625,21609
2,118059,50301,0,0,23,23,5133,2560,19683,22243
2,118074,39358,0,0,22,22,5367,4802,1789,6591
2,118289,575,0,0,23,23,5143,101306,25,101331
2,118289,94461,0,0,23,23,5143,7000,12321,19321
2,118289,118289,0,0,92,23,5143,11664,5143,16807
2,118611,23,0,0,23,23,5157,72962,1,72963
2,118690,22,0,0,22,22,5395,33614,1,33615
2,118690,550,0,0,22,22,5395,62426,25,62451
2,118690,2002,0,0,22,22,5395,8192,1183,9375
2,118690,3718,0,0,22,22,5395,10206,169,10375
2,118690,24750,0,0,22,22,5395,2656,5625,8281
2,118690,41250,0,0,22,22,5395,60424,5625,66049
2,118690,45650,0,0,22,22,5395,2056,6225,8281
2,118690,68750,0,0,22,22,5395,3598,3125,6723
2,118690,74250,0,0,22,22,5395,25186,3375,28561
2,118690,89474,0,0,22,22,5395,39366,4067,43433
2,118690,98098,0,0,22,22,5395,2430,4459,6889
2,119255,23,0,0,23,23,5185,5490,1,5491
2,119255,23,0,0,23,23,5185,6174,1,6175
2,119255,23,0,0,46,23,5185,14364,1,14365
2,119255,23,0,0,46,23,5185,31212,1,31213
2,119255,23,0,0,92,23,5185,28560,1,28561
2,119255,69,0,0,23,23,5185,61000,9,61009
2,119255,115,0,0,23,23,5185,13664,25,13689
2,119255,207,0,0,23,23,5185,60928,81,61009
2,119255,621,0,0,23,23,5185,74698,27,74725
2,119255,1127,0,0,23,23,5185,5746,49,5795
2,119255,2093,0,0,23,23,5185,8192,1183,9375
2,119255,3887,0,0,23,23,5185,235298,169,235467
2,119255,4209,0,0,23,23,5185,9728,1647,11375
2,119255,5589,0,0,23,23,5185,8296,729,9025
2,119255,7015,0,0,23,23,5185,9248,1525,10773
2,119255,8073,0,0,23,23,5185,31232,3159,34391
2,119255,8303,0,0,23,23,5185,7442,361,7803
2,119255,8303,0,0,23,23,5185,7514,361,7875
2,119255,10143,0,0,23,23,5185,6656,3969,10625
2,119255,14375,0,0,23,23,5185,512,5625,6137
2,119255,14375,0,0,23,23,5185,33184,3125,36309
2,119255,14651,0,0,23,23,5185,6222,637,6859
2,119255,14651,0,0,23,23,5185,8192,8281,16473
2,119255,16767,0,0,23,23,5185,9386,729,10115
2,119255,24633,0,0,23,23,5185,128,7497,7625
2,119255,24909,0,0,23,23,5185,12376,3249,15625
2,119255,24909,0,0,23,23,5185,17576,3249,20825
2,119255,26657,0,0,23,23,5185,9826,1159,10985
2,119255,27945,0,0,23,23,5185,6664,3645,10309
2,119255,37881,0,0,23,23,5185,16184,4941,21125
2,119255,48875,0,0,23,23,5185,20618,2125,22743
2,119255,50301,0,0,23,23,5185,1064,6561,7625
2,119255,50531,0,0,23,23,5185,3294,2197,5491
2,119255,50531,0,0,23,23,5185,7442,2197,9639
2,119255,54625,0,0,23,23,5185,32,11875,11907
2,119255,55223,0,0,23,23,5185,3200,16807,20007
2,119255,58121,0,0,23,23,5185,29768,7581,37349
2,119255,65205,0,0,23,23,5185,2176,19845,22021
2,119255,66079,0,0,23,23,5185,18050,2873,20923
2,119255,71001,0,0,23,23,5185,3050,3087,6137
2,119255,71875,0,0,23,23,5185,2366,3125,5491
2,119255,72657,0,0,23,23,5185,32,15795,15827
2,119255,83835,0,0,23,23,5185,10336,18225,28561
2,119255,85583,0,0,23,23,5185,5054,3721,8775
2,119255,86411,0,0,23,23,5185,2318,3757,6075
2,119255,91287,0,0,23,23,5185,2890,3969,6859
2,119255,96577,0,0,23,23,5185,14406,4199,18605
2,119255,104949,0,0,23,23,5185,7442,4563,12005
2,119255,106191,0,0,23,23,5185,46592,41553,88145
2,119255,112999,0,0,23,23,5185,882,4913,5795
2,119255,112999,0,0,23,23,5185,6250,4913,11163
2,119255,112999,0,0,23,23,5185,82810,4913,87723
2,119255,112999,0,0,23,23,5185,24576,63869,88445
2,119262,18502,0,0,22,22,5421,57122,841,57963
2,119262,33462,0,0,22,22,5421,5632,13689,19321
2,119262,107822,0,0,22,22,5421,6358,4901,11259
2,119306,2662,0,0,22,22,5423,9826,121,9947
2,119306,66550,0,0,22,22,5423,131072,51425,182497
2,119715,115989,0,0,23,23,5205,1000,15129,16129
2,119790,48114,0,0,22,22,5445,169000,6561,175561
2,119922,66,0,0,22,22,5451,6232,9,6241
2,119922,66,0,0,22,22,5451,25912,9,25921
2,119945,23,0,0,23,23,5215,12690,1,12691
2,119945,16767,0,0,23,23,5215,24064,6561,30625
2,119945,31487,0,0,23,23,5215,47000,4107,51107
2,119945,85675,0,0,23,23,5215,3478,3725,7203
2,120120,2184,0,0,24,24,5005,8192,1183,9375
2,120120,4004,0,0,44,22,5460,8192,1183,9375
2,120120,8008,0,0,88,22,5460,8192,1183,9375
2,120120,12936,0,0,24,24,5005,16000,3773,19773
2,120120,101400,0,0,24,24,5005,15488,29575,45063
2,120312,24,0,0,48,24,5013,13924,1,13925
2,120312,6936,0,0,24,24,5013,14750,289,15039
2,120406,18590,0,0,22,22,5473,2336,4225,6561
2,120696,52488,0,0,24,24,5029,4888,6561,11449
2,120714,66,0,0,22,22,5487,14632,9,14641
2,120744,24,0,0,24,24,5031,12942,1,12943
2,120840,24,0,0,24,24,5035,101250,1,101251
2,120840,24,0,0,48,24,5035,36500,1,36501
2,120840,1944,0,0,24,24,5035,53290,81,53371
2,120840,5832,0,0,24,24,5035,4600,729,5329
2,120840,34344,0,0,24,24,5035,37376,12879,50255
2,120840,40296,0,0,24,24,5035,32,8395,8427
2,120840,67416,0,0,24,24,5035,4050,2809,6859
2,121000,5500,0,0,44,22,5500,69984,625,70609
2,121049,23,0,0,23,23,5263,13850,1,13851
2,121128,2904,0,0,24,24,5047,16686,121,16807
2,121392,48,0,0,48,24,5058,64000,9,64009
2,121394,4186,0,0,46,23,5278,8192,1183,9375
2,121394,8372,0,0,92,23,5278,8192,1183,9375
2,121509,13501,0,0,92,23,5283,5488,587,6075
2,121601,16767,0,0,23,23,5287,22016,6561,28577
2,121704,8664,0,0,24,24,5071,118098,361,118459
2,121752,24,0,0,48,24,5073,16820,1,16821
2,121752,6840,0,0,24,24,5073,6496,1425,7921
2,121752,14616,0,0,24,24,5073,6250,609,6859
2,121752,15000,0,0,24,24,5073,4984,1875,6859
2,121752,40584,0,0,24,24,5073,8352,8455,16807
2,121752,57000,0,0,24,24,5073,32,11875,11907
2,121752,77976,0,0,24,24,5073,200,9747,9947
2,121992,13560,0,0,24,24,5083,9568,2825,12393
2,121992,75000,0,0,24,24,5083,24334,3125,27459
2,122153,7567,0,0,23,23,5311,14464,2303,16767
2,122153,7889,0,0,23,23,5311,10368,2401,12769
2,122153,23391,0,0,23,23,5311,4802,1017,5819
2,122199,23,0,0,23,23,5313,64000,9,64009
2,122199,23,0,0,23,23,5313,71874,1,71875
2,122199,23,0,0,92,23,5313,8624,1,8625
2,122199,5589,0,0,23,23,5313,14882,243,15125
2,122199,14375,0,0,23,23,5313,2464,3125,5589
2,122199,43125,0,0,23,23,5313,5566,1875,7441
2,122199,43125,0,0,23,23,5313,9016,5625,14641
2,122199,46575,0,0,23,23,5313,1568,10125,11693
2,122475,50301,0,0,23,23,5325,24352,10935,35287
2,122712,115320,0,0,24,24,5113,32,24025,24057
2,122712,122712,0,0,48,24,5113,2420,5113,7533
2,122760,24,0,0,24,24,5115,5202,1,5203
2,122760,24,0,0,24,24,5115,203390,1,203391
2,122760,648,0,0,24,24,5115,5848,81,5929
2,122760,1176,0,0,24,24,5115,8910,49,8959
2,122760,2904,0,0,24,24,5115,94178,121,94299
2,122760,5160,0,0,24,24,5115,6944,1075,8019
2,122760,6696,0,0,24,24,5115,3808,1395,5203
2,122760,7224,0,0,24,24,5115,3968,2107,6075
2,122760,8232,0,0,24,24,5115,5504,2401,7905
2,122760,14520,0,0,24,24,5115,44064,3025,47089
2,122760,15000,0,0,24,24,5115,7502,625,8127
2,122760,18360,0,0,24,24,5115,10648,2295,12943
2,122760,20808,0,0,24,24,5115,12040,2601,14641
2,122760,21000,0,0,24,24,5115,1408,6125,7533
2,122760,21384,0,0,24,24,5115,1376,4455,5831
2,122760,31752,0,0,24,24,5115,31000,3969,34969
2,122760,33000,0,0,24,24,5115,22016,12375,34391
2,122760,33048,0,0,24,24,5115,2744,4131,6875
2,122760,36456,0,0,24,24,5115,13122,1519,14641
2,122760,65016,0,0,24,24,5115,6250,2709,8959
2,122760,65016,0,0,24,24,5115,95744,24381,120125
2,122760,72600,0,0,24,24,5115,28322,3025,31347
2,122760,75000,0,0,24,24,5115,5984,15625,21609
2,122760,95976,0,0,24,24,5115,8,11997,12005
2,122760,115320,0,0,24,24,5115,32,24025,24057
2,122760,117912,0,0,24,24,5115,462,4913,5375
2,122760,117912,0,0,24,24,5115,946,4913,5859
2,123119,1449,0,0,23,23,5353,6784,441,7225
2,123119,16261,0,0,23,23,5353,10368,4949,15317
2,123119,39123,0,0,23,23,5353,1696,8505,10201
2,123119,117369,0,0,23,23,5353,8,15309,15317
2,123119,123119,0,0,23,23,5353,2450,5353,7803
2,123165,69,0,0,23,23,5355,237160,9,237169
2,123165,11201,0,0,23,23,5355,17248,2435,19683
2,123165,16767,0,0,23,23,5355,117128,2187,119315
2,123165,31671,0,0,23,23,5355,2744,4131,6875
2,123165,71875,0,0,23,23,5355,16558,3125,19683
2,123165,71875,0,0,23,23,5355,5984,15625,21609
2,123192,52488,0,0,24,24,5133,2560,19683,22243
2,123432,600,0,0,24,24,5143,101306,25,101331
2,123432,98568,0,0,24,24,5143,7000,12321,19321
2,123432,123432,0,0,96,24,5143,11664,5143,16807
2,123441,41147,0,0,23,23,5367,4802,1789,6591
2,123768,24,0,0,24,24,5157,72962,1,72963
2,124085,23,0,0,23,23,5395,33614,1,33615
2,124085,575,0,0,23,23,5395,62426,25,62451
2,124085,2093,0,0,23,23,5395,8192,1183,9375
2,124085,3887,0,0,23,23,5395,10206,169,10375
2,124085,25875,0,0,23,23,5395,2656,5625,8281
2,124085,43125,0,0,23,23,5395,60424,5625,66049
2,124085,47725,0,0,23,23,5395,2056,6225,8281
2,124085,71875,0,0,23,23,5395,3598,3125,6723
2,124085,77625,0,0,23,23,5395,25186,3375,28561
2,124085,93541,0,0,23,23,5395,39366,4067,43433
2,124085,102557,0,0,23,23,5395,2430,4459,6889
2,124440,24,0,0,24,24,5185,5490,1,5491
2,124440,24,0,0,24,24,5185,6174,1,6175
2,124440,24,0,0,48,24,5185,14364,1,14365
2,124440,24,0,0,48,24,5185,31212,1,31213
2,124440,24,0,0,96,24,5185,28560,1,28561
2,124440,72,0,0,24,24,5185,61000,9,61009
2,124440,120,0,0,24,24,5185,13664,25,13689
2,124440,216,0,0,24,24,5185,60928,81,61009
2,124440,648,0,0,24,24,5185,74698,27,74725
2,124440,1176,0,0,24,24,5185,5746,49,5795
2,124440,2184,0,0,24,24,5185,8192,1183,9375
2,124440,4056,0,0,24,24,5185,235298,169,235467
2,124440,4392,0,0,24,24,5185,9728,1647,11375
2,124440,5832,0,0,24,24,5185,8296,729,9025
2,124440,7320,0,0,24,24,5185,9248,1525,10773
2,124440,8424,0,0,24,24,5185,31232,3159,34391
2,124440,8664,0,0,24,24,5185,7442,361,7803
2,124440,8664,0,0,24,24,5185,7514,361,7875
2,124440,10584,0,0,24,24,5185,6656,3969,10625
2,124440,15000,0,0,24,24,5185,512,5625,6137
2,124440,15000,0,0,24,24,5185,33184,3125,36309
2,124440,15288,0,0,24,24,5185,6222,637,6859
2,124440,15288,0,0,24,24,5185,8192,8281,16473
2,124440,17496,0,0,24,24,5185,9386,729,10115
2,124440,25704,0,0,24,24,5185,128,7497,7625
2,124440,25992,0,0,24,24,5185,12376,3249,15625
2,124440,25992,0,0,24,24,5185,17576,3249,20825
2,124440,27816,0,0,24,24,5185,9826,1159,10985
2,124440,29160,0,0,24,24,5185,6664,3645,10309
2,124440,39528,0,0,24,24,5185,16184,4941,21125
2,124440,51000,0,0,24,24,5185,20618,2125,22743
2,124440,52488,0,0,24,24,5185,1064,6561,7625
2,124440,52728,0,0,24,24,5185,3294,2197,5491
2,124440,52728,0,0,24,24,5185,7442,2197,9639
2,124440,57000,0,0,24,24,5185,32,11875,11907
2,124440,57624,0,0,24,24,5185,3200,16807,20007
2,124440,60648,0,0,24,24,5185,29768,7581,37349
2,124440,68040,0,0,24,24,5185,2176,19845,22021
2,124440,68952,0,0,24,24,5185,18050,2873,20923
2,124440,74088,0,0,24,24,5185,3050,3087,6137
2,124440,75000,0,0,24,24,5185,2366,3125,5491
2,124440,75816,0,0,24,24,5185,32,15795,15827
2,124440,87480,0,0,24,24,5185,10336,18225,28561
2,124440,89304,0,0,24,24,5185,5054,3721,8775
2,124440,90168,0,0,24,24,5185,2318,3757,6075
2,124440,95256,0,0,24,24,5185,2890,3969,6859
2,124440,100776,0,0,24,24,5185,14406,4199,18605
2,124440,109512,0,0,24,24,5185,7442,4563,12005
2,124440,110808,0,0,24,24,5185,46592,41553,88145
2,124440,117912,0,0,24,24,5185,882,4913,5795
2,124440,117912,0,0,24,24,5185,6250,4913,11163
2,124440,117912,0,0,24,24,5185,82810,4913,87723
2,124440,117912,0,0,24,24,5185,24576,63869,88445
2,124683,19343,0,0,23,23,5421,57122,841,57963
2,124683,34983,0,0,23,23,5421,5632,13689,19321
2,124683,112723,0,0,23,23,5421,6358,4901,11259
2,124729,2783,0,0,23,23,5423,9826,121,9947
2,124729,69575,0,0,23,23,5423,131072,51425,182497
2,124920,121032,0,0,24,24,5205,1000,15129,16129
2,125125,2275,0,0,25,25,5005,8192,1183,9375
2,125125,13475,0,0,25,25,5005,16000,3773,19773
2,125125,105625,0,0,25,25,5005,15488,29575,45063
2,125160,24,0,0,24,24,5215,12690,1,12691
2,125160,17496,0,0,24,24,5215,24064,6561,30625
2,125160,32856,0,0,24,24,5215,47000,4107,51107
2,125160,89400,0,0,24,24,5215,3478,3725,7203
2,125235,50301,0,0,23,23,5445,169000,6561,175561
2,125325,25,0,0,50,25,5013,13924,1,13925
2,125325,7225,0,0,25,25,5013,14750,289,15039
2,125373,69,0,0,23,23,5451,6232,9,6241
2,125373,69,0,0,23,23,5451,25912,9,25921
2,125580,4186,0,0,46,23,5460,8192,1183,9375
2,125580,8372,0,0,92,23,5460,8192,1183,9375
2,125725,54675,0,0,25,25,5029,4888,6561,11449
2,125775,25,0,0,25,25,5031,12942,1,12943
2,125875,25,0,0,25,25,5035,101250,1,101251
2,125875,25,0,0,50,25,5035,36500,1,36501
2,125875,2025,0,0,25,25,5035,53290,81,53371
2,125875,6075,0,0,25,25,5035,4600,729,5329
2,125875,35775,0,0,25,25,5035,37376,12879,50255
2,125875,41975,0,0,25,25,5035,32,8395,8427
2,125875,70225,0,0,25,25,5035,4050,2809,6859
2,125879,19435,0,0,23,23,5473,2336,4225,6561
2,126175,3025,0,0,25,25,5047,16686,121,16807
2,126201,69,0,0,23,23,5487,14632,9,14641
2,126312,24,0,0,24,24,5263,13850,1,13851
2,126450,50,0,0,50,25,5058,64000,9,64009
2,126500,5750,0,0,46,23,5500,69984,625,70609
2,126672,4368,0,0,48,24,5278,8192,1183,9375
2,126672,8736,0,0,96,24,5278,8192,1183,9375
2,126775,9025,0,0,25,25,5071,118098,361,118459
2,126792,14088,0,0,96,24,5283,5488,587,6075
2,126825,25,0,0,50,25,5073,16820,1,16821
2,126825,7125,0,0,25,25,5073,6496,1425,7921
2,126825,15225,0,0,25,25,5073,6250,609,6859
2,126825,15625,0,0,25,25,5073,4984,1875,6859
2,126825,42275,0,0,25,25,5073,8352,8455,16807
2,126825,59375,0,0,25,25,5073,32,11875,11907
2,126825,81225,0,0,25,25,5073,200,9747,9947
2,126888,17496,0,0,24,24,5287,22016,6561,28577
2,127075,14125,0,0,25,25,5083,9568,2825,12393
2,127075,78125,0,0,25,25,5083,24334,3125,27459
2,127464,7896,0,0,24,24,5311,14464,2303,16767
2,127464,8232,0,0,24,24,5311,10368,2401,12769
2,127464,24408,0,0,24,24,5311,4802,1017,5819
2,127512,24,0,0,24,24,5313,64000,9,64009
2,127512,24,0,0,24,24,5313,71874,1,71875
2,127512,24,0,0,96,24,5313,8624,1,8625
2,127512,5832,0,0,24,24,5313,14882,243,15125
2,127512,15000,0,0,24,24,5313,2464,3125,5589
2,127512,45000,0,0,24,24,5313,5566,1875,7441
2,127512,45000,0,0,24,24,5313,9016,5625,14641
2,127512,48600,0,0,24,24,5313,1568,10125,11693
2,127800,52488,0,0,24,24,5325,24352,10935,35287
2,127825,120125,0,0,25,25,5113,32,24025,24057
2,127825,127825,0,0,50,25,5113,2420,5113,7533
2,127875,25,0,0,25,25,5115,5202,1,5203
2,127875,25,0,0,25,25,5115,203390,1,203391
2,127875,675,0,0,25,25,5115,5848,81,5929
2,127875,1225,0,0,25,25,5115,8910,49,8959
2,127875,3025,0,0,25,25,5115,94178,121,94299
2,127875,5375,0,0,25,25,5115,6944,1075,8019
2,127875,6975,0,0,25,25,5115,3808,1395,5203
2,127875,7525,0,0,25,25,5115,3968,2107,6075
2,127875,8575,0,0,25,25,5115,5504,2401,7905
2,127875,15125,0,0,25,25,5115,44064,3025,47089
2,127875,15625,0,0,25,25,5115,7502,625,8127
2,127875,19125,0,0,25,25,5115,10648,2295,12943
2,127875,21675,0,0,25,25,5115,12040,2601,14641
2,127875,21875,0,0,25,25,5115,1408,6125,7533
2,127875,22275,0,0,25,25,5115,1376,4455,5831
2,127875,33075,0,0,25,25,5115,31000,3969,34969
2,127875,34375,0,0,25,25,5115,22016,12375,34391
2,127875,34425,0,0,25,25,5115,2744,4131,6875
2,127875,37975,0,0,25,25,5115,13122,1519,14641
2,127875,67725,0,0,25,25,5115,6250,2709,8959
2,127875,67725,0,0,25,25,5115,95744,24381,120125
2,127875,75625,0,0,25,25,5115,28322,3025,31347
2,127875,78125,0,0,25,25,5115,5984,15625,21609
2,127875,99975,0,0,25,25,5115,8,11997,12005
2,127875,120125,0,0,25,25,5115,32,24025,24057
2,127875,122825,0,0,25,25,5115,462,4913,5375
2,127875,122825,0,0,25,25,5115,946,4913,5859
2,128325,54675,0,0,25,25,5133,2560,19683,22243
2,128472,1512,0,0,24,24,5353,6784,441,7225
2,128472,16968,0,0,24,24,5353,10368,4949,15317
2,128472,40824,0,0,24,24,5353,1696,8505,10201
2,128472,122472,0,0,24,24,5353,8,15309,15317
2,128472,128472,0,0,24,24,5353,2450,5353,7803
2,128520,72,0,0,24,24,5355,237160,9,237169
2,128520,11688,0,0,24,24,5355,17248,2435,19683
2,128520,17496,0,0,24,24,5355,117128,2187,119315
2,128520,33048,0,0,24,24,5355,2744,4131,6875
2,128520,75000,0,0,24,24,5355,16558,3125,19683
2,128520,75000,0,0,24,24,5355,5984,15625,21609
2,128575,625,0,0,25,25,5143,101306,25,101331
2,128575,102675,0,0,25,25,5143,7000,12321,19321
2,128575,128575,0,0,100,25,5143,11664,5143,16807
2,128808,42936,0,0,24,24,5367,4802,1789,6591
2,128925,25,0,0,25,25,5157,72962,1,72963
2,129480,24,0,0,24,24,5395,33614,1,33615
2,129480,600,0,0,24,24,5395,62426,25,62451
2,129480,2184,0,0,24,24,5395,8192,1183,9375
2,129480,4056,0,0,24,24,5395,10206,169,10375
2,129480,27000,0,0,24,24,5395,2656,5625,8281
2,129480,45000,0,0,24,24,5395,60424,5625,66049
2,129480,49800,0,0,24,24,5395,2056,6225,8281
2,129480,75000,0,0,24,24,5395,3598,3125,6723
2,129480,81000,0,0,24,24,5395,25186,3375,28561
2,129480,97608,0,0,24,24,5395,39366,4067,43433
2,129480,107016,0,0,24,24,5395,2430,4459,6889
2,129625,25,0,0,25,25,5185,5490,1,5491
2,129625,25,0,0,25,25,5185,6174,1,6175
2,129625,25,0,0,50,25,5185,14364,1,14365
2,129625,25,0,0,50,25,5185,31212,1,31213
2,129625,25,0,0,100,25,5185,28560,1,28561
2,129625,75,0,0,25,25,5185,61000,9,61009
2,129625,125,0,0,25,25,5185,13664,25,13689
2,129625,225,0,0,25,25,5185,60928,81,61009
2,129625,675,0,0,25,25,5185,74698,27,74725
2,129625,1225,0,0,25,25,5185,5746,49,5795
2,129625,2275,0,0,25,25,5185,8192,1183,9375
2,129625,4225,0,0,25,25,5185,235298,169,235467
2,129625,4575,0,0,25,25,5185,9728,1647,11375
2,129625,6075,0,0,25,25,5185,8296,729,9025
2,129625,7625,0,0,25,25,5185,9248,1525,10773
2,129625,8775,0,0,25,25,5185,31232,3159,34391
2,129625,9025,0,0,25,25,5185,7442,361,7803
2,129625,9025,0,0,25,25,5185,7514,361,7875
2,129625,11025,0,0,25,25,5185,6656,3969,10625
2,129625,15625,0,0,25,25,5185,512,5625,6137
2,129625,15625,0,0,25,25,5185,33184,3125,36309
2,129625,15925,0,0,25,25,5185,6222,637,6859
2,129625,15925,0,0,25,25,5185,8192,8281,16473
2,129625,18225,0,0,25,25,5185,9386,729,10115
2,129625,26775,0,0,25,25,5185,128,7497,7625
2,129625,27075,0,0,25,25,5185,12376,3249,15625
2,129625,27075,0,0,25,25,5185,17576,3249,20825
2,129625,28975,0,0,25,25,5185,9826,1159,10985
2,129625,30375,0,0,25,25,5185,6664,3645,10309
2,129625,41175,0,0,25,25,5185,16184,4941,21125
2,129625,53125,0,0,25,25,5185,20618,2125,22743
2,129625,54675,0,0,25,25,5185,1064,6561,7625
2,129625,54925,0,0,25,25,5185,3294,2197,5491
2,129625,54925,0,0,25,25,5185,7442,2197,9639
2,129625,59375,0,0,25,25,5185,32,11875,11907
2,129625,60025,0,0,25,25,5185,3200,16807,20007
2,129625,63175,0,0,25,25,5185,29768,7581,37349
2,129625,70875,0,0,25,25,5185,2176,19845,22021
2,129625,71825,0,0,25,25,5185,18050,2873,20923
2,129625,77175,0,0,25,25,5185,3050,3087,6137
2,129625,78125,0,0,25,25,5185,2366,3125,5491
2,129625,78975,0,0,25,25,5185,32,15795,15827
2,129625,91125,0,0,25,25,5185,10336,18225,28561
2,129625,93025,0,0,25,25,5185,5054,3721,8775
2,129625,93925,0,0,25,25,5185,2318,3757,6075
2,129625,99225,0,0,25,25,5185,2890,3969,6859
2,129625,104975,0,0,25,25,5185,14406,4199,18605
2,129625,114075,0,0,25,25,5185,7442,4563,12005
2,129625,115425,0,0,25,25,5185,46592,41553,88145
2,129625,122825,0,0,25,25,5185,882,4913,5795
2,129625,122825,0,0,25,25,5185,6250,4913,11163
2,129625,122825,0,0,25,25,5185,82810,4913,87723
2,129625,122825,0,0,25,25,5185,24576,63869,88445
2,130104,20184,0,0,24,24,5421,57122,841,57963
2,130104,36504,0,0,24,24,5421,5632,13689,19321
2,130104,117624,0,0,24,24,5421,6358,4901,11259
2,130125,126075,0,0,25,25,5205,1000,15129,16129
2,130130,2366,0,0,26,26,5005,8192,1183,9375
2,130130,14014,0,0,26,26,5005,16000,3773,19773
2,130130,109850,0,0,26,26,5005,15488,29575,45063
2,130152,2904,0,0,24,24,5423,9826,121,9947
2,130152,72600,0,0,24,24,5423,131072,51425,182497
2,130338,26,0,0,52,26,5013,13924,1,13925
2,130338,7514,0,0,26,26,5013,14750,289,15039
2,130375,25,0,0,25,25,5215,12690,1,12691
2,130375,18225,0,0,25,25,5215,24064,6561,30625
2,130375,34225,0,0,25,25,5215,47000,4107,51107
2,130375,93125,0,0,25,25,5215,3478,3725,7203
2,130680,52488,0,0,24,24,5445,169000,6561,175561
2,130754,56862,0,0,26,26,5029,4888,6561,11449
2,130806,26,0,0,26,26,5031,12942,1,12943
2,130824,72,0,0,24,24,5451,6232,9,6241
2,130824,72,0,0,24,24,5451,25912,9,25921
2,130910,26,0,0,26,26,5035,101250,1,101251
2,130910,26,0,0,52,26,5035,36500,1,36501
2,130910,2106,0,0,26,26,5035,53290,81,53371
2,130910,6318,0,0,26,26,5035,4600,729,5329
2,130910,37206,0,0,26,26,5035,37376,12879,50255
2,130910,43654,0,0,26,26,5035,32,8395,8427
2,130910,73034,0,0,26,26,5035,4050,2809,6859
2,131040,4368,0,0,48,24,5460,8192,1183,9375
2,131040,8736,0,0,96,24,5460,8192,1183,9375
2,131222,3146,0,0,26,26,5047,16686,121,16807
2,131352,20280,0,0,24,24,5473,2336,4225,6561
2,131508,52,0,0,52,26,5058,64000,9,64009
2,131575,25,0,0,25,25,5263,13850,1,13851
2,131688,72,0,0,24,24,5487,14632,9,14641
2,131846,9386,0,0,26,26,5071,118098,361,118459
2,131898,26,0,0,52,26,5073,16820,1,16821
2,131898,7410,0,0,26,26,5073,6496,1425,7921
2,131898,15834,0,0,26,26,5073,6250,609,6859
2,131898,16250,0,0,26,26,5073,4984,1875,6859
2,131898,43966,0,0,26,26,5073,8352,8455,16807
2,131898,61750,0,0,26,26,5073,32,11875,11907
2,131898,84474,0,0,26,26,5073,200,9747,9947
2,131950,4550,0,0,50,25,5278,8192,1183,9375
2,131950,9100,0,0,100,25,5278,8192,1183,9375
2,132000,6000,0,0,48,24,5500,69984,625,70609
2,132075,14675,0,0,100,25,5283,5488,587,6075
2,132158,14690,0,0,26,26,5083,9568,2825,12393
2,132158,81250,0,0,26,26,5083,24334,3125,27459
2,132175,18225,0,0,25,25,5287,22016,6561,28577
2,132775,8225,0,0,25,25,5311,14464,2303,16767
2,132775,8575,0,0,25,25,5311,10368,2401,12769
2,132775,25425,0,0,25,25,5311,4802,1017,5819
2,132825,25,0,0,25,25,5313,64000,9,64009
2,132825,25,0,0,25,25,5313,71874,1,71875
2,132825,25,0,0,100,25,5313,8624,1,8625
2,132825,6075,0,0,25,25,5313,14882,243,15125
2,132825,15625,0,0,25,25,5313,2464,3125,5589
2,132825,46875,0,0,25,25,5313,5566,1875,7441
2,132825,46875,0,0,25,25,5313,9016,5625,14641
2,132825,50625,0,0,25,25,5313,1568,10125,11693
2,132938,124930,0,0,26,26,5113,32,24025,24057
2,132938,132938,0,0,52,26,5113,2420,5113,7533
2,132990,26,0,0,26,26,5115,5202,1,5203
2,132990,26,0,0,26,26,5115,203390,1,203391
2,132990,702,0,0,26,26,5115,5848,81,5929
2,132990,1274,0,0,26,26,5115,8910,49,8959
2,132990,3146,0,0,26,26,5115,94178,121,94299
2,132990,5590,0,0,26,26,5115,6944,1075,8019
2,132990,7254,0,0,26,26,5115,3808,1395,5203
2,132990,7826,0,0,26,26,5115,3968,2107,6075
2,132990,8918,0,0,26,26,5115,5504,2401,7905
2,132990,15730,0,0,26,26,5115,44064,3025,47089
2,132990,16250,0,0,26,26,5115,7502,625,8127
2,132990,19890,0,0,26,26,5115,10648,2295,12943
2,132990,22542,0,0,26,26,5115,12040,2601,14641
2,132990,22750,0,0,26,26,5115,1408,6125,7533
2,132990,23166,0,0,26,26,5115,1376,4455,5831
2,132990,34398,0,0,26,26,5115,31000,3969,34969
2,132990,35750,0,0,26,26,5115,22016,12375,34391
2,132990,35802,0,0,26,26,5115,2744,4131,6875
2,132990,39494,0,0,26,26,5115,13122,1519,14641
2,132990,70434,0,0,26,26,5115,6250,2709,8959
2,132990,70434,0,0,26,26,5115,95744,24381,120125
2,132990,78650,0,0,26,26,5115,28322,3025,31347
2,132990,81250,0,0,26,26,5115,5984,15625,21609
2,132990,103974,0,0,26,26,5115,8,11997,12005
2,132990,124930,0,0,26,26,5115,32,24025,24057
2,132990,127738,0,0,26,26,5115,462,4913,5375
2,132990,127738,0,0,26,26,5115,946,4913,5859
2,133125,54675,0,0,25,25,5325,24352,10935,35287
2,133458,56862,0,0,26,26,5133,2560,19683,22243
2,133718,650,0,0,26,26,5143,101306,25,101331
2,133718,106782,0,0,26,26,5143,7000,12321,19321
2,133718,133718,0,0,104,26,5143,11664,5143,16807
2,133825,1575,0,0,25,25,5353,6784,441,7225
2,133825,17675,0,0,25,25,5353,10368,4949,15317
2,133825,42525,0,0,25,25,5353,1696,8505,10201
2,133825,127575,0,0,25,25,5353,8,15309,15317
2,133825,133825,0,0,25,25,5353,2450,5353,7803
2,133875,75,0,0,25,25,5355,237160,9,237169
2,133875,12175,0,0,25,25,5355,17248,2435,19683
2,133875,18225,0,0,25,25,5355,117128,2187,119315
2,133875,34425,0,0,25,25,5355,2744,4131,6875
2,133875,78125,0,0,25,25,5355,16558,3125,19683
2,133875,78125,0,0,25,25,5355,5984,15625,21609
2,134082,26,0,0,26,26,5157,72962,1,72963
2,134175,44725,0,0,25,25,5367,4802,1789,6591
2,134810,26,0,0,26,26,5185,5490,1,5491
2,134810,26,0,0,26,26,5185,6174,1,6175
2,134810,26,0,0,52,26,5185,14364,1,14365
2,134810,26,0,0,52,26,5185,31212,1,31213
2,134810,26,0,0,104,26,5185,28560,1,28561
2,134810,78,0,0,26,26,5185,61000,9,61009
2,134810,130,0,0,26,26,5185,13664,25,13689
2,134810,234,0,0,26,26,5185,60928,81,61009
2,134810,702,0,0,26,26,5185,74698,27,74725
2,134810,1274,0,0,26,26,5185,5746,49,5795
2,134810,2366,0,0,26,26,5185,8192,1183,9375
2,134810,4394,0,0,26,26,5185,235298,169,235467
2,134810,4758,0,0,26,26,5185,9728,1647,11375
2,134810,6318,0,0,26,26,5185,8296,729,9025
2,134810,7930,0,0,26,26,5185,9248,1525,10773
2,134810,9126,0,0,26,26,5185,31232,3159,34391
2,134810,9386,0,0,26,26,5185,7442,361,7803
2,134810,9386,0,0,26,26,5185,7514,361,7875
2,134810,11466,0,0,26,26,5185,6656,3969,10625
2,134810,16250,0,0,26,26,5185,512,5625,6137
2,134810,16250,0,0,26,26,5185,33184,3125,36309
2,134810,16562,0,0,26,26,5185,6222,637,6859
2,134810,16562,0,0,26,26,5185,8192,8281,16473
2,134810,18954,0,0,26,26,5185,9386,729,10115
2,134810,27846,0,0,26,26,5185,128,7497,7625
2,134810,28158,0,0,26,26,5185,12376,3249,15625
2,134810,28158,0,0,26,26,5185,17576,3249,20825
2,134810,30134,0,0,26,26,5185,9826,1159,10985
2,134810,31590,0,0,26,26,5185,6664,3645,10309
2,134810,42822,0,0,26,26,5185,16184,4941,21125
2,134810,55250,0,0,26,26,5185,20618,2125,22743
2,134810,56862,0,0,26,26,5185,1064,6561,7625
2,134810,57122,0,0,26,26,5185,3294,2197,5491
2,134810,57122,0,0,26,26,5185,7442,2197,9639
2,134810,61750,0,0,26,26,5185,32,11875,11907
2,134810,62426,0,0,26,26,5185,3200,16807,20007
2,134810,65702,0,0,26,26,5185,29768,7581,37349
2,134810,73710,0,0,26,26,5185,2176,19845,22021
2,134810,74698,0,0,26,26,5185,18050,2873,20923
2,134810,80262,0,0,26,26,5185,3050,3087,6137
2,134810,81250,0,0,26,26,5185,2366,3125,5491
2,134810,82134,0,0,26,26,5185,32,15795,15827
2,134810,94770,0,0,26,26,5185,10336,18225,28561
2,134810,96746,0,0,26,26,5185,5054,3721,8775
2,134810,97682,0,0,26,26,5185,2318,3757,6075
2,134810,103194,0,0,26,26,5185,2890,3969,6859
2,134810,109174,0,0,26,26,5185,14406,4199,18605
2,134810,118638,0,0,26,26,5185,7442,4563,12005
2,134810,120042,0,0,26,26,5185,46592,41553,88145
2,134810,127738,0,0,26,26,5185,882,4913,5795
2,134810,127738,0,0,26,26,5185,6250,4913,11163
2,134810,127738,0,0,26,26,5185,82810,4913,87723
2,134810,127738,0,0,26,26,5185,24576,63869,88445
2,134875,25,0,0,25,25,5395,33614,1,33615
2,134875,625,0,0,25,25,5395,62426,25,62451
2,134875,2275,0,0,25,25,5395,8192,1183,9375
2,134875,4225,0,0,25,25,5395,10206,169,10375
2,134875,28125,0,0,25,25,5395,2656,5625,8281
2,134875,46875,0,0,25,25,5395,60424,5625,66049
2,134875,51875,0,0,25,25,5395,2056,6225,8281
2,134875,78125,0,0,25,25,5395,3598,3125,6723
2,134875,84375,0,0,25,25,5395,25186,3375,28561
2,134875,101675,0,0,25,25,5395,39366,4067,43433
2,134875,111475,0,0,25,25,5395,2430,4459,6889
2,135135,2457,0,0,27,27,5005,8192,1183,9375
2,135135,14553,0,0,27,27,5005,16000,3773,19773
2,135135,114075,0,0,27,27,5005,15488,29575,45063
2,135330,131118,0,0,26,26,5205,1000,15129,16129
2,135351,27,0,0,54,27,5013,13924,1,13925
2,135351,7803,0,0,27,27,5013,14750,289,15039
2,135525,21025,0,0,25,25,5421,57122,841,57963
2,135525,38025,0,0,25,25,5421,5632,13689,19321
2,135525,122525,0,0,25,25,5421,6358,4901,11259
2,135575,3025,0,0,25,25,5423,9826,121,9947
2,135575,75625,0,0,25,25,5423,131072,51425,182497
2,135590,26,0,0,26,26,5215,12690,1,12691
2,135590,18954,0,0,26,26,5215,24064,6561,30625
2,135590,35594,0,0,26,26,5215,47000,4107,51107
2,135590,96850,0,0,26,26,5215,3478,3725,7203
2,135783,59049,0,0,27,27,5029,4888,6561,11449
2,135837,27,0,0,27,27,5031,12942,1,12943
2,135945,27,0,0,27,27,5035,101250,1,101251
2,135945,27,0,0,54,27,5035,36500,1,36501
2,135945,2187,0,0,27,27,5035,53290,81,53371
2,135945,6561,0,0,27,27,5035,4600,729,5329
2,135945,38637,0,0,27,27,5035,37376,12879,50255
2,135945,45333,0,0,27,27,5035,32,8395,8427
2,135945,75843,0,0,27,27,5035,4050,2809,6859
2,136125,54675,0,0,25,25,5445,169000,6561,175561
2,136269,3267,0,0,27,27,5047,16686,121,16807
2,136275,75,0,0,25,25,5451,6232,9,6241
2,136275,75,0,0,25,25,5451,25912,9,25921
2,136500,4550,0,0,50,25,5460,8192,1183,9375
2,136500,9100,0,0,100,25,5460,8192,1183,9375
2,136566,54,0,0,54,27,5058,64000,9,64009
2,136825,21125,0,0,25,25,5473,2336,4225,6561
2,136838,26,0,0,26,26,5263,13850,1,13851
2,136917,9747,0,0,27,27,5071,118098,361,118459
2,136971,27,0,0,54,27,5073,16820,1,16821
2,136971,7695,0,0,27,27,5073,6496,1425,7921
2,136971,16443,0,0,27,27,5073,6250,609,6859
2,136971,16875,0,0,27,27,5073,4984,1875,6859
2,136971,45657,0,0,27,27,5073,8352,8455,16807
2,136971,64125,0,0,27,27,5073,32,11875,11907
2,136971,87723,0,0,27,27,5073,200,9747,9947
2,137175,75,0,0,25,25,5487,14632,9,14641
2,137228,4732,0,0,52,26,5278,8192,1183,9375
2,137228,9464,0,0,104,26,5278,8192,1183,9375
2,137241,15255,0,0,27,27,5083,9568,2825,12393
2,137241,84375,0,0,27,27,5083,24334,3125,27459
2,137358,15262,0,0,104,26,5283,5488,587,6075
2,137462,18954,0,0,26,26,5287,22016,6561,28577
2,137500,6250,0,0,50,25,5500,69984,625,70609
2,138051,129735,0,0,27,27,5113,32,24025,24057
2,138051,138051,0,0,54,27,5113,2420,5113,7533
2,138086,8554,0,0,26,26,5311,14464,2303,16767
2,138086,8918,0,0,26,26,5311,10368,2401,12769
2,138086,26442,0,0,26,26,5311,4802,1017,5819
2,138105,27,0,0,27,27,5115,5202,1,5203
2,138105,27,0,0,27,27,5115,203390,1,203391
2,138105,729,0,0,27,27,5115,5848,81,5929
2,138105,1323,0,0,27,27,5115,8910,49,8959
2,138105,3267,0,0,27,27,5115,94178,121,94299
2,138105,5805,0,0,27,27,5115,6944,1075,8019
2,138105,7533,0,0,27,27,5115,3808,1395,5203
2,138105,8127,0,0,27,27,5115,3968,2107,6075
2,138105,9261,0,0,27,27,5115,5504,2401,7905
2,138105,16335,0,0,27,27,5115,44064,3025,47089
2,138105,16875,0,0,27,27,5115,7502,625,8127
2,138105,20655,0,0,27,27,5115,10648,2295,12943
2,138105,23409,0,0,27,27,5115,12040,2601,14641
2,138105,23625,0,0,27,27,5115,1408,6125,7533
2,138105,24057,0,0,27,27,5115,1376,4455,5831
2,138105,35721,0,0,27,27,5115,31000,3969,34969
2,138105,37125,0,0,27,27,5115,22016,12375,34391
2,138105,37179,0,0,27,27,5115,2744,4131,6875
2,138105,41013,0,0,27,27,5115,13122,1519,14641
2,138105,73143,0,0,27,27,5115,6250,2709,8959
2,138105,73143,0,0,27,27,5115,95744,24381,120125
2,138105,81675,0,0,27,27,5115,28322,3025,31347
2,138105,84375,0,0,27,27,5115,5984,15625,21609
2,138105,107973,0,0,27,27,5115,8,11997,12005
2,138105,129735,0,0,27,27,5115,32,24025,24057
2,138105,132651,0,0,27,27,5115,462,4913,5375
2,138105,132651,0,0,27,27,5115,946,4913,5859
2,138138,26,0,0,26,26,5313,64000,9,64009
2,138138,26,0,0,26,26,5313,71874,1,71875
2,138138,26,0,0,104,26,5313,8624,1,8625
2,138138,6318,0,0,26,26,5313,14882,243,15125
2,138138,16250,0,0,26,26,5313,2464,3125,5589
2,138138,48750,0,0,26,26,5313,5566,1875,7441
2,138138,48750,0,0,26,26,5313,9016,5625,14641
2,138138,52650,0,0,26,26,5313,1568,10125,11693
2,138450,56862,0,0,26,26,5325,24352,10935,35287
2,138591,59049,0,0,27,27,5133,2560,19683,22243
2,138861,675,0,0,27,27,5143,101306,25,101331
2,138861,110889,0,0,27,27,5143,7000,12321,19321
2,138861,138861,0,0,108,27,5143,11664,5143,16807
2,139178,1638,0,0,26,26,5353,6784,441,7225
2,139178,18382,0,0,26,26,5353,10368,4949,15317
2,139178,44226,0,0,26,26,5353,1696,8505,10201
2,139178,132678,0,0,26,26,5353,8,15309,15317
2,139178,139178,0,0,26,26,5353,2450,5353,7803
2,139230,78,0,0,26,26,5355,237160,9,237169
2,139230,12662,0,0,26,26,5355,17248,2435,19683
2,139230,18954,0,0,26,26,5355,117128,2187,119315
2,139230,35802,0,0,26,26,5355,2744,4131,6875
2,139230,81250,0,0,26,26,5355,16558,3125,19683
2,139230,81250,0,0,26,26,5355,5984,15625,21609
2,139239,27,0,0,27,27,5157,72962,1,72963
2,139542,46514,0,0,26,26,5367,4802,1789,6591
2,139995,27,0,0,27,27,5185,5490,1,5491
2,139995,27,0,0,27,27,5185,6174,1,6175
2,139995,27,0,0,54,27,5185,14364,1,14365
2,139995,27,0,0,54,27,5185,31212,1,31213
2,139995,27,0,0,108,27,5185,28560,1,28561
2,139995,81,0,0,27,27,5185,61000,9,61009
2,139995,135,0,0,27,27,5185,13664,25,13689
2,139995,243,0,0,27,27,5185,60928,81,61009
2,139995,729,0,0,27,27,5185,74698,27,74725
2,139995,1323,0,0,27,27,5185,5746,49,5795
2,139995,2457,0,0,27,27,5185,8192,1183,9375
2,139995,4563,0,0,27,27,5185,235298,169,235467
2,139995,4941,0,0,27,27,5185,9728,1647,11375
2,139995,6561,0,0,27,27,5185,8296,729,9025
2,139995,8235,0,0,27,27,5185,9248,1525,10773
2,139995,9477,0,0,27,27,5185,31232,3159,34391
2,139995,9747,0,0,27,27,5185,7442,361,7803
2,139995,9747,0,0,27,27,5185,7514,361,7875
2,139995,11907,0,0,27,27,5185,6656,3969,10625
2,139995,16875,0,0,27,27,5185,512,5625,6137
2,139995,16875,0,0,27,27,5185,33184,3125,36309
2,139995,17199,0,0,27,27,5185,6222,637,6859
2,139995,17199,0,0,27,27,5185,8192,8281,16473
2,139995,19683,0,0,27,27,5185,9386,729,10115
2,139995,28917,0,0,27,27,5185,128,7497,7625
2,139995,29241,0,0,27,27,5185,12376,3249,15625
2,139995,29241,0,0,27,27,5185,17576,3249,20825
2,139995,31293,0,0,27,27,5185,9826,1159,10985
2,139995,32805,0,0,27,27,5185,6664,3645,10309
2,139995,44469,0,0,27,27,5185,16184,4941,21125
2,139995,57375,0,0,27,27,5185,20618,2125,22743
2,139995,59049,0,0,27,27,5185,1064,6561,7625
2,139995,59319,0,0,27,27,5185,3294,2197,5491
2,139995,59319,0,0,27,27,5185,7442,2197,9639
2,139995,64125,0,0,27,27,5185,32,11875,11907
2,139995,64827,0,0,27,27,5185,3200,16807,20007
2,139995,68229,0,0,27,27,5185,29768,7581,37349
2,139995,76545,0,0,27,27,5185,2176,19845,22021
2,139995,77571,0,0,27,27,5185,18050,2873,20923
2,139995,83349,0,0,27,27,5185,3050,3087,6137
2,139995,84375,0,0,27,27,5185,2366,3125,5491
2,139995,85293,0,0,27,27,5185,32,15795,15827
2,139995,98415,0,0,27,27,5185,10336,18225,28561
2,139995,100467,0,0,27,27,5185,5054,3721,8775
2,139995,101439,0,0,27,27,5185,2318,3757,6075
2,139995,107163,0,0,27,27,5185,2890,3969,6859
2,139995,113373,0,0,27,27,5185,14406,4199,18605
2,139995,123201,0,0,27,27,5185,7442,4563,12005
2,139995,124659,0,0,27,27,5185,46592,41553,88145
2,139995,132651,0,0,27,27,5185,882,4913,5795
2,139995,132651,0,0,27,27,5185,6250,4913,11163
2,139995,132651,0,0,27,27,5185,82810,4913,87723
2,139995,132651,0,0,27,27,5185,24576,63869,88445
2,140140,2548,0,0,28,28,5005,8192,1183,9375
2,140140,15092,0,0,28,28,5005,16000,3773,19773
2,140140,118300,0,0,28,28,5005,15488,29575,45063
2,140270,26,0,0,26,26,5395,33614,1,33615
2,140270,650,0,0,26,26,5395,62426,25,62451
2,140270,2366,0,0,26,26,5395,8192,1183,9375
2,140270,4394,0,0,26,26,5395,10206,169,10375
2,140270,29250,0,0,26,26,5395,2656,5625,8281
2,140270,48750,0,0,26,26,5395,60424,5625,66049
2,140270,53950,0,0,26,26,5395,2056,6225,8281
2,140270,81250,0,0,26,26,5395,3598,3125,6723
2,140270,87750,0,0,26,26,5395,25186,3375,28561
2,140270,105742,0,0,26,26,5395,39366,4067,43433
2,140270,115934,0,0,26,26,5395,2430,4459,6889
2,140364,28,0,0,56,28,5013,13924,1,13925
2,140364,8092,0,0,28,28,5013,14750,289,15039
2,140535,136161,0,0,27,27,5205,1000,15129,16129
2,140805,27,0,0,27,27,5215,12690,1,12691
2,140805,19683,0,0,27,27,5215,24064,6561,30625
2,140805,36963,0,0,27,27,5215,47000,4107,51107
2,140805,100575,0,0,27,27,5215,3478,3725,7203
2,140812,61236,0,0,28,28,5029,4888,6561,11449
2,140868,28,0,0,28,28,5031,12942,1,12943
2,140946,21866,0,0,26,26,5421,57122,841,57963
2,140946,39546,0,0,26,26,5421,5632,13689,19321
2,140946,127426,0,0,26,26,5421,6358,4901,11259
2,140980,28,0,0,28,28,5035,101250,1,101251
2,140980,28,0,0,56,28,5035,36500,1,36501
2,140980,2268,0,0,28,28,5035,53290,81,53371
2,140980,6804,0,0,28,28,5035,4600,729,5329
2,140980,40068,0,0,28,28,5035,37376,12879,50255
2,140980,47012,0,0,28,28,5035,32,8395,8427
2,140980,78652,0,0,28,28,5035,4050,2809,6859
2,140998,3146,0,0,26,26,5423,9826,121,9947
2,140998,78650,0,0,26,26,5423,131072,51425,182497
2,141316,3388,0,0,28,28,5047,16686,121,16807
2,141570,56862,0,0,26,26,5445,169000,6561,175561
2,141624,56,0,0,56,28,5058,64000,9,64009
2,141726,78,0,0,26,26,5451,6232,9,6241
2,141726,78,0,0,26,26,5451,25912,9,25921
2,141960,4732,0,0,52,26,5460,8192,1183,9375
2,141960,9464,0,0,104,26,5460,8192,1183,9375
2,141988,10108,0,0,28,28,5071,118098,361,118459
2,142044,28,0,0,56,28,5073,16820,1,16821
2,142044,7980,0,0,28,28,5073,6496,1425,7921
2,142044,17052,0,0,28,28,5073,6250,609,6859
2,142044,17500,0,0,28,28,5073,4984,1875,6859
2,142044,47348,0,0,28,28,5073,8352,8455,16807
2,142044,66500,0,0,28,28,5073,32,11875,11907
2,142044,90972,0,0,28,28,5073,200,9747,9947
2,142101,27,0,0,27,27,5263,13850,1,13851
2,142298,21970,0,0,26,26,5473,2336,4225,6561
2,142324,15820,0,0,28,28,5083,9568,2825,12393
2,142324,87500,0,0,28,28,5083,24334,3125,27459
2,142506,4914,0,0,54,27,5278,8192,1183,9375
2,142506,9828,0,0,108,27,5278,8192,1183,9375
2,142641,15849,0,0,108,27,5283,5488,587,6075
2,142662,78,0,0,26,26,5487,14632,9,14641
2,142749,19683,0,0,27,27,5287,22016,6561,28577
2,143000,6500,0,0,52,26,5500,69984,625,70609
2,143164,134540,0,0,28,28,5113,32,24025,24057
2,143164,143164,0,0,56,28,5113,2420,5113,7533
2,143220,28,0,0,28,28,5115,5202,1,5203
2,143220,28,0,0,28,28,5115,203390,1,203391
2,143220,756,0,0,28,28,5115,5848,81,5929
2,143220,1372,0,0,28,28,5115,8910,49,8959
2,143220,3388,0,0,28,28,5115,94178,121,94299
2,143220,6020,0,0,28,28,5115,6944,1075,8019
2,143220,7812,0,0,28,28,5115,3808,1395,5203
2,143220,8428,0,0,28,28,5115,3968,2107,6075
2,143220,9604,0,0,28,28,5115,5504,2401,7905
2,143220,16940,0,0,28,28,5115,44064,3025,47089
2,143220,17500,0,0,28,28,5115,7502,625,8127
2,143220,21420,0,0,28,28,5115,10648,2295,12943
2,143220,24276,0,0,28,28,5115,12040,2601,14641
2,143220,24500,0,0,28,28,5115,1408,6125,7533
2,143220,24948,0,0,28,28,5115,1376,4455,5831
2,143220,37044,0,0,28,28,5115,31000,3969,34969
2,143220,38500,0,0,28,28,5115,22016,12375,34391
2,143220,38556,0,0,28,28,5115,2744,4131,6875
2,143220,42532,0,0,28,28,5115,13122,1519,14641
2,143220,75852,0,0,28,28,5115,6250,2709,8959
2,143220,75852,0,0,28,28,5115,95744,24381,120125
2,143220,84700,0,0,28,28,5115,28322,3025,31347
2,143220,87500,0,0,28,28,5115,5984,15625,21609
2,143220,111972,0,0,28,28,5115,8,11997,12005
2,143220,134540,0,0,28,28,5115,32,24025,24057
2,143220,137564,0,0,28,28,5115,462,4913,5375
2,143220,137564,0,0,28,28,5115,946,4913,5859
2,143397,8883,0,0,27,27,5311,14464,2303,16767
2,143397,9261,0,0,27,27,5311,10368,2401,12769
2,143397,27459,0,0,27,27,5311,4802,1017,5819
2,143451,27,0,0,27,27,5313,64000,9,64009
2,143451,27,0,0,27,27,5313,71874,1,71875
2,143451,27,0,0,108,27,5313,8624,1,8625
2,143451,6561,0,0,27,27,5313,14882,243,15125
2,143451,16875,0,0,27,27,5313,2464,3125,5589
2,143451,50625,0,0,27,27,5313,5566,1875,7441
2,143451,50625,0,0,27,27,5313,9016,5625,14641
2,143451,54675,0,0,27,27,5313,1568,10125,11693
2,143724,61236,0,0,28,28,5133,2560,19683,22243
2,143775,59049,0,0,27,27,5325,24352,10935,35287
