U,d,sigma1,sigma2,sigma3,r,t,e,a,b,n
3,4002,1331,0,0,1,1,4002,11661,1331,12992
3,4002,2048,0,0,1,1,4002,7203,2048,9251
3,4002,3509,0,0,1,1,4002,1587,3509,5096
3,4002,3872,0,0,1,1,4002,1029,3872,4901
3,4010,32,0,0,1,1,4010,6561,256,6817
3,4028,8,0,0,1,1,4028,6561,64,6625
3,4028,100,0,0,1,1,4028,4293,400,4693
3,4028,128,0,0,1,1,4028,4293,512,4805
3,4028,361,0,0,1,1,4028,8427,361,8788
3,4028,961,0,0,1,1,4028,9063,1922,10985
3,4028,1984,0,0,1,1,4028,4875,1984,6859
3,4028,3125,0,0,1,1,4028,8427,3125,11552
3,4030,64,0,0,1,1,4030,3969,256,4225
3,4030,1984,0,0,1,1,4030,6591,1984,8575
3,4046,2,0,0,3,1,4046,12393,4,12397
3,4046,77,0,0,1,1,4046,4374,539,4913
3,4058,448,0,0,1,1,4058,6561,3584,10145
3,4060,16,0,0,1,1,4060,6093,32,6125
3,4064,1,0,0,3,1,4064,6858,1,6859
3,4068,1130,0,0,1,1,4068,8991,5650,14641
3,4068,3125,0,0,1,1,4068,1056,3125,4181
3,4068,3125,0,0,1,1,4068,4107,3125,7232
3,4070,1018,0,0,1,1,4070,405,4072,4477
3,4072,1,0,0,1,1,4072,9408,1,9409
3,4080,1625,0,0,1,1,4080,16524,8125,24649
3,4080,3125,0,0,1,1,4080,6123,3125,9248
3,4088,625,0,0,1,1,4088,4704,625,5329
3,4100,1,0,0,1,1,4100,9375,1,9376
3,4100,500,0,0,1,1,4100,83349,2500,85849
3,4100,4096,0,0,1,1,4100,1029,4096,5125
3,4108,1,0,0,1,1,4108,6240,1,6241
3,4130,25,0,0,1,1,4130,14337,125,14462
3,4130,896,0,0,1,1,4130,54675,6272,60947
3,4130,3481,0,0,1,1,4130,3750,3481,7231
3,4140,128,0,0,1,1,4140,8175,128,8303
3,4142,361,0,0,1,1,4142,16023,361,16384
3,4148,1,0,0,1,1,4148,6885,4,6889
3,4148,83,0,0,1,1,4148,6561,664,7225
3,4148,125,0,0,1,1,4148,11163,125,11288
3,4158,3,0,0,3,1,4158,4455,4,4459
3,4158,8,0,0,1,1,4158,14625,16,14641
3,4158,1568,0,0,1,1,4158,1089,3136,4225
3,4158,2750,0,0,1,1,4158,6561,22000,28561
3,4178,608,0,0,1,1,4178,6267,608,6875
3,4180,1,0,0,1,1,4180,4674,1,4675
3,4180,64,0,0,1,1,4180,31875,64,31939
3,4180,121,0,0,1,1,4180,15504,121,15625
3,4180,205,0,0,1,1,4180,3888,1025,4913
3,4180,256,0,0,1,1,4180,5625,512,6137
3,4180,484,0,0,1,1,4180,6375,484,6859
3,4180,1312,0,0,1,1,4180,2601,2624,5225
3,4180,2050,0,0,1,1,4180,20577,2050,22627
3,4184,2744,0,0,1,1,4184,1053,10976,12029
3,4186,736,0,0,1,1,4186,28269,2944,31213
3,4228,25,0,0,1,1,4228,11907,125,12032
3,4228,1225,0,0,1,1,4228,972,6125,7097
3,4238,8,0,0,1,1,4238,6561,64,6625
3,4238,2048,0,0,1,1,4238,6591,2048,8639
3,4240,25,0,0,1,1,4240,10176,25,10201
3,4240,3136,0,0,1,1,4240,81,12544,12625
3,4268,1,0,0,1,1,4268,9408,1,9409
3,4268,1,0,0,1,1,4268,14640,1,14641
3,4268,1,0,0,3,1,4268,4752,1,4753
3,4268,25,0,0,1,1,4268,11712,25,11737
3,4268,49,0,0,1,1,4268,24057,343,24400
3,4268,427,0,0,1,1,4268,8748,2989,11737
3,4268,485,0,0,1,1,4268,14823,2425,17248
3,4268,625,0,0,1,1,4268,14259,625,14884
3,4268,976,0,0,1,1,4268,2025,3904,5929
3,4268,1792,0,0,1,1,4268,4125,1792,5917
3,4268,2425,0,0,1,1,4268,4941,9700,14641
3,4268,3773,0,0,1,1,4268,28227,3773,32000
3,4268,4096,0,0,1,1,4268,1125,8192,9317
3,4270,1960,0,0,1,1,4270,81,7840,7921
3,4270,3721,0,0,1,1,4270,4200,3721,7921
3,4282,4282,0,0,1,1,4282,6561,34256,40817
3,4288,64,0,0,1,1,4288,6591,64,6655
3,4288,484,0,0,1,1,4288,13689,1936,15625
3,4290,8,0,0,1,1,4290,14625,16,14641
3,4290,296,0,0,1,1,4290,9801,1184,10985
3,4290,1160,0,0,1,1,4290,12321,2320,14641
3,4290,1331,0,0,1,1,4290,20535,1331,21866
3,4290,2750,0,0,1,1,4290,6561,22000,28561
3,4290,3125,0,0,1,1,4290,1776,3125,4901
3,4298,784,0,0,1,1,4298,2187,5488,7675
3,4298,3200,0,0,1,1,4298,74601,16000,90601
3,4310,625,0,0,1,1,4310,4116,625,4741
3,4310,4096,0,0,1,1,4310,1125,8192,9317
3,4316,2873,0,0,1,1,4316,1143,5746,6889
3,4318,508,0,0,1,1,4318,6561,4064,10625
3,4324,1,0,0,1,1,4324,35328,1,35329
3,4324,2116,0,0,1,1,4324,8343,8464,16807
3,4324,2632,0,0,1,1,4324,81,10528,10609
3,4340,32,0,0,1,1,4340,5145,32,5177
3,4340,1250,0,0,1,1,4340,25389,2500,27889
3,4340,1274,0,0,1,1,4340,81,5096,5177
3,4340,1336,0,0,1,1,4340,81,5344,5425
3,4340,1664,0,0,1,1,4340,50625,6656,57281
3,4340,1984,0,0,1,1,4340,6591,1984,8575
3,4340,2450,0,0,1,1,4340,243,12250,12493
3,4368,32,0,0,1,1,4368,15561,64,15625
3,4368,161,0,0,1,1,4368,3888,805,4693
3,4368,455,0,0,1,1,4368,7776,2275,10051
3,4368,1400,0,0,1,1,4368,81,5600,5681
3,4368,2645,0,0,1,1,4368,3159,13225,16384
3,4368,2912,0,0,1,1,4368,1035,5824,6859
3,4368,3125,0,0,1,1,4368,24843,3125,27968
3,4368,3887,0,0,1,1,4368,768,3887,4655
3,4378,625,0,0,1,1,4378,14016,625,14641
3,4380,3584,0,0,1,1,4380,657,7168,7825
3,4398,3125,0,0,1,1,4398,2199,3125,5324
3,4400,1240,0,0,1,1,4400,81,4960,5041
3,4402,16,0,0,1,1,4402,29727,64,29791
3,4408,2401,0,0,1,1,4408,13224,2401,15625
3,4420,1,0,0,1,1,4420,4488,1,4489
3,4420,1,0,0,1,1,4420,14739,1,14740
3,4420,64,0,0,1,1,4420,6591,64,6655
3,4420,484,0,0,1,1,4420,13689,1936,15625
3,4420,1000,0,0,1,1,4420,33969,1000,34969
3,4420,2176,0,0,1,1,4420,6633,4352,10985
3,4420,3757,0,0,1,1,4420,1875,3757,5632
3,4420,4114,0,0,1,1,4420,375,4114,4489
3,4422,3,0,0,3,1,4422,6237,4,6241
3,4438,4144,0,0,1,1,4438,59049,41440,100489
3,4444,16,0,0,1,1,4444,17271,32,17303
3,4444,169,0,0,1,1,4444,10032,169,10201
3,4450,49,0,0,1,1,4450,4374,343,4717
3,4450,1960,0,0,1,1,4450,81,7840,7921
3,4458,128,0,0,1,1,4458,18063,512,18575
3,4460,776,0,0,1,1,4460,2025,3104,5129
3,4460,2560,0,0,1,1,4460,9,5120,5129
3,4464,128,0,0,1,1,4464,43923,128,44051
3,4464,2048,0,0,1,1,4464,7203,2048,9251
3,4466,2048,0,0,1,1,4466,7203,2048,9251
3,4470,2048,0,0,1,1,4470,1053,8192,9245
3,4488,3125,0,0,1,1,4488,4131,15625,19756
3,4508,1,0,0,1,1,4508,91839,1,91840
3,4508,49,0,0,3,1,4508,16335,49,16384
3,4508,100,0,0,1,1,4508,4761,200,4961
3,4508,176,0,0,1,1,4508,10935,1232,12167
3,4508,224,0,0,1,1,4508,24057,1568,25625
3,4508,343,0,0,1,1,4508,23232,343,23575
3,4508,400,0,0,1,1,4508,13041,1600,14641
3,4508,529,0,0,1,1,4508,9075,529,9604
3,4508,529,0,0,1,1,4508,9471,529,10000
3,4508,1127,0,0,1,1,4508,3993,1127,5120
3,4508,2401,0,0,1,1,4508,9375,2401,11776
3,4508,2401,0,0,1,1,4508,10824,2401,13225
3,4508,2420,0,0,1,1,4508,6561,19360,25921
3,4508,2662,0,0,1,1,4508,14145,2662,16807
3,4508,2744,0,0,1,1,4508,3075,2744,5819
3,4508,3025,0,0,1,1,4508,9963,15125,25088
3,4508,4096,0,0,1,1,4508,1029,4096,5125
3,4508,4096,0,0,1,1,4508,1125,8192,9317
3,4508,4508,0,0,1,1,4508,5625,9016,14641
3,4520,1,0,0,1,1,4520,12768,1,12769
3,4520,200,0,0,1,1,4520,17289,400,17689
3,4520,256,0,0,1,1,4520,5625,512,6137
3,4520,722,0,0,1,1,4520,2025,2888,4913
3,4520,784,0,0,1,1,4520,6441,784,7225
3,4520,931,0,0,1,1,4520,2187,6517,8704
3,4520,950,0,0,1,1,4520,6561,7600,14161
3,4520,2023,0,0,1,1,4520,20577,2023,22600
3,4520,2560,0,0,1,1,4520,1017,5120,6137
3,4520,3616,0,0,1,1,4520,1875,3616,5491
3,4520,3955,0,0,1,1,4520,1536,3955,5491
3,4522,1,0,0,3,1,4522,13311,1,13312
3,4522,1,0,0,3,1,4522,31212,1,31213
3,4522,361,0,0,1,1,4522,4263,361,4624
3,4522,832,0,0,1,1,4522,3249,1664,4913
3,4522,931,0,0,1,1,4522,2187,6517,8704
3,4522,1372,0,0,1,1,4522,3393,2744,6137
3,4530,1133,0,0,1,1,4530,6561,9064,15625
3,4550,3136,0,0,1,1,4550,1125,6272,7397
3,4558,1075,0,0,1,1,4558,243,5375,5618
3,4574,1331,0,0,1,1,4574,6861,1331,8192
3,4578,125,0,0,1,1,4578,7203,125,7328
3,4580,229,0,0,1,1,4580,7047,1145,8192
3,4618,4096,0,0,1,1,4618,1125,8192,9317
3,4620,125,0,0,1,1,4620,15552,625,16177
3,4628,3200,0,0,1,1,4628,1521,6400,7921
3,4646,166,0,0,1,1,4646,6561,1328,7889
3,4648,1,0,0,1,1,4648,6723,4,6727
3,4658,1,0,0,3,1,4658,18495,1,18496
3,4660,1369,0,0,1,1,4660,3087,2738,5825
3,4672,1312,0,0,1,1,4672,81,5248,5329
3,4672,1681,0,0,1,1,4672,3648,1681,5329
3,4688,1,0,0,1,1,4688,9375,1,9376
3,4688,125,0,0,1,1,4688,71199,625,71824
3,4688,500,0,0,1,1,4688,83349,2500,85849
3,4688,1172,0,0,1,1,4688,7203,1172,8375
3,4688,2680,0,0,1,1,4688,59049,26800,85849
3,4690,1750,0,0,1,1,4690,243,8750,8993
3,4690,2401,0,0,1,1,4690,9375,2401,11776
3,4690,3430,0,0,1,1,4690,2187,24010,26197
3,4690,4375,0,0,1,1,4690,1863,17500,19363
3,4706,2353,0,0,1,1,4706,12288,2353,14641
3,4730,1,0,0,3,1,4730,17199,1,17200
3,4730,8,0,0,1,1,4730,14625,16,14641
3,4730,16,0,0,1,1,4730,15609,16,15625
3,4730,25,0,0,1,1,4730,8256,25,8281
3,4730,64,0,0,1,1,4730,6591,64,6655
3,4730,64,0,0,1,1,4730,7203,64,7267
3,4730,121,0,0,1,1,4730,26754,121,26875
3,4730,143,0,0,1,1,4730,4374,1001,5375
3,4730,215,0,0,1,1,4730,6561,1720,8281
3,4730,484,0,0,1,1,4730,13689,1936,15625
3,4730,1144,0,0,1,1,4730,3087,2288,5375
3,4730,1225,0,0,1,1,4730,13416,1225,14641
3,4730,1456,0,0,1,1,4730,9801,5824,15625
3,4730,2000,0,0,1,1,4730,10449,10000,20449
3,4730,2048,0,0,1,1,4730,1053,8192,9245
3,4730,2197,0,0,1,1,4730,5547,2197,7744
3,4730,2197,0,0,1,1,4730,4851,4394,9245
3,4730,2704,0,0,1,1,4730,3225,2704,5929
3,4730,2750,0,0,1,1,4730,6561,22000,28561
3,4730,3125,0,0,1,1,4730,1677,3125,4802
3,4730,3328,0,0,1,1,4730,1875,3328,5203
3,4730,3640,0,0,1,1,4730,81,14560,14641
3,4730,4096,0,0,1,1,4730,1125,8192,9317
3,4756,1681,0,0,1,1,4756,14703,1681,16384
3,4758,305,0,0,1,1,4758,12636,1525,14161
3,4758,833,0,0,1,1,4758,4575,833,5408
3,4758,1625,0,0,1,1,4758,1701,8125,9826
3,4758,1664,0,0,1,1,4758,3969,6656,10625
3,4758,3125,0,0,1,1,4758,17493,3125,20618
3,4758,4046,0,0,1,1,4758,4941,16184,21125
3,4760,25,0,0,1,1,4760,7143,25,7168
3,4760,1568,0,0,1,1,4760,21429,3136,24565
3,4770,8,0,0,1,1,4770,6561,64,6625
3,4772,4772,0,0,1,1,4772,1089,9544,10633
3,4792,4096,0,0,1,1,4792,5391,8192,13583
3,4794,128,0,0,1,1,4794,5559,128,5687
3,4808,125,0,0,1,1,4808,8991,625,9616
3,4808,601,0,0,1,1,4808,4875,601,5476
3,4808,1202,0,0,1,1,4808,243,6010,6253
3,4808,1352,0,0,1,1,4808,12321,2704,15025
3,4814,2,0,0,1,1,4814,24381,8,24389
3,4816,4,0,0,1,1,4816,5913,16,5929
3,4826,1,0,0,3,1,4826,6858,1,6859
3,4828,1,0,0,1,1,4828,4899,1,4900
3,4828,25,0,0,1,1,4828,83496,25,83521
3,4828,343,0,0,1,1,4828,60492,343,60835
3,4828,391,0,0,1,1,4828,17253,1955,19208
3,4828,529,0,0,1,1,4828,13632,529,14161
3,4828,625,0,0,1,1,4828,4416,625,5041
3,4828,1750,0,0,1,1,4828,243,8750,8993
3,4828,2401,0,0,1,1,4828,9375,2401,11776
3,4838,1331,0,0,1,1,4838,14337,6655,20992
3,4848,485,0,0,1,1,4848,7776,2425,10201
3,4860,8,0,0,1,1,4860,14625,16,14641
3,4860,2750,0,0,1,1,4860,6561,22000,28561
3,4862,832,0,0,1,1,4862,3249,1664,4913
3,4862,4199,0,0,1,1,4862,3993,4199,8192
3,4870,487,0,0,3,1,4870,5400,487,5887
3,4886,2401,0,0,1,1,4886,3141,4802,7943
3,4898,1,0,0,1,1,4898,120000,1,120001
3,4898,1,0,0,3,1,4898,13824,1,13825
3,4898,2401,0,0,1,1,4898,3840,2401,6241
3,4900,1024,0,0,1,1,4900,75411,4096,79507
3,4928,1,0,0,1,1,4928,30624,1,30625
3,4928,7,0,0,1,1,4928,17496,49,17545
3,4928,98,0,0,1,1,4928,75429,196,75625
3,4928,121,0,0,1,1,4928,6375,121,6496
3,4928,121,0,0,1,1,4928,18375,121,18496
3,4928,343,0,0,1,1,4928,63423,2401,65824
3,4928,841,0,0,1,1,4928,14784,841,15625
3,4928,841,0,0,1,1,4928,73695,841,74536
3,4928,1024,0,0,1,1,4928,4131,5120,9251
3,4928,1682,0,0,1,1,4928,15147,6728,21875
3,4928,2048,0,0,1,1,4928,7203,2048,9251
3,4928,2048,0,0,1,1,4928,39933,8192,48125
3,4928,2312,0,0,1,1,4928,1305,4624,5929
3,4928,3025,0,0,1,1,4928,11136,3025,14161
3,4928,3125,0,0,1,1,4928,14739,3125,17864
3,4928,3520,0,0,1,1,4928,81,14080,14161
3,4928,3850,0,0,1,1,4928,68121,15400,83521
3,4928,4096,0,0,1,1,4928,1125,8192,9317
3,4928,4096,0,0,1,1,4928,32625,8192,40817
3,4928,4352,0,0,1,1,4928,2523,4352,6875
3,4928,4913,0,0,1,1,4928,1815,4913,6728
3,4930,1,0,0,3,1,4930,18495,1,18496
3,4940,1,0,0,1,1,4940,84720,1,84721
3,4940,32,0,0,1,1,4940,15561,64,15625
3,4940,1000,0,0,1,1,4940,13689,4000,17689
3,4940,1715,0,0,1,1,4940,4992,1715,6707
3,4940,2048,0,0,1,1,4940,6561,16384,22945
3,4940,2197,0,0,1,1,4940,26475,2197,28672
3,4940,2704,0,0,1,1,4940,1539,10816,12355
3,4940,3040,0,0,1,1,4940,13767,3040,16807
3,4940,4394,0,0,1,1,4940,3087,8788,11875
3,4940,4459,0,0,1,1,4940,2400,4459,6859
3,4940,4589,0,0,1,1,4940,1536,4589,6125
3,4968,2300,0,0,1,1,4968,441,4600,5041
3,4970,2,0,0,3,1,4970,8019,4,8023
3,4970,64,0,0,1,1,4970,12705,64,12769
3,4970,200,0,0,1,1,4970,7623,400,8023
3,4970,226,0,0,1,1,4970,5751,904,6655
3,4970,343,0,0,1,1,4970,7680,343,8023
3,4970,1372,0,0,1,1,4970,9153,5488,14641
3,4970,1808,0,0,1,1,4970,11025,3616,14641
3,4970,2200,0,0,1,1,4970,3969,8800,12769
3,4970,2401,0,0,1,1,4970,2640,2401,5041
3,4970,2500,0,0,1,1,4970,2541,2500,5041
3,4970,4096,0,0,1,1,4970,1125,8192,9317
3,4978,1216,0,0,1,1,4978,2025,4864,6889
3,4980,8,0,0,1,1,4980,6561,64,6625
3,8004,2662,0,0,2,2,4002,11661,1331,12992
3,8004,4096,0,0,2,2,4002,7203,2048,9251
3,8004,7018,0,0,2,2,4002,1587,3509,5096
3,8004,7744,0,0,2,2,4002,1029,3872,4901
3,8020,64,0,0,2,2,4010,6561,256,6817
3,8056,16,0,0,2,2,4028,6561,64,6625
3,8056,200,0,0,2,2,4028,4293,400,4693
3,8056,256,0,0,2,2,4028,4293,512,4805
3,8056,722,0,0,2,2,4028,8427,361,8788
3,8056,1922,0,0,2,2,4028,9063,1922,10985
3,8056,3968,0,0,2,2,4028,4875,1984,6859
3,8056,6250,0,0,2,2,4028,8427,3125,11552
3,8060,128,0,0,2,2,4030,3969,256,4225
3,8060,3968,0,0,2,2,4030,6591,1984,8575
3,8092,4,0,0,6,2,4046,12393,4,12397
3,8092,154,0,0,2,2,4046,4374,539,4913
3,8116,896,0,0,2,2,4058,6561,3584,10145
3,8120,32,0,0,2,2,4060,6093,32,6125
3,8128,2,0,0,6,2,4064,6858,1,6859
3,8136,2260,0,0,2,2,4068,8991,5650,14641
3,8136,6250,0,0,2,2,4068,1056,3125,4181
3,8136,6250,0,0,2,2,4068,4107,3125,7232
3,8140,2036,0,0,2,2,4070,405,4072,4477
3,8144,2,0,0,2,2,4072,9408,1,9409
3,8160,3250,0,0,2,2,4080,16524,8125,24649
3,8160,6250,0,0,2,2,4080,6123,3125,9248
3,8176,1250,0,0,2,2,4088,4704,625,5329
3,8200,2,0,0,2,2,4100,9375,1,9376
3,8200,1000,0,0,2,2,4100,83349,2500,85849
3,8200,8192,0,0,2,2,4100,1029,4096,5125
3,8216,2,0,0,2,2,4108,6240,1,6241
3,8260,50,0,0,2,2,4130,14337,125,14462
3,8260,1792,0,0,2,2,4130,54675,6272,60947
3,8260,6962,0,0,2,2,4130,3750,3481,7231
3,8280,256,0,0,2,2,4140,8175,128,8303
3,8284,722,0,0,2,2,4142,16023,361,16384
3,8296,2,0,0,2,2,4148,6885,4,6889
3,8296,166,0,0,2,2,4148,6561,664,7225
3,8296,250,0,0,2,2,4148,11163,125,11288
3,8316,6,0,0,6,2,4158,4455,4,4459
3,8316,16,0,0,2,2,4158,14625,16,14641
3,8316,3136,0,0,2,2,4158,1089,3136,4225
3,8316,5500,0,0,2,2,4158,6561,22000,28561
3,8356,1216,0,0,2,2,4178,6267,608,6875
3,8360,2,0,0,2,2,4180,4674,1,4675
3,8360,128,0,0,2,2,4180,31875,64,31939
3,8360,242,0,0,2,2,4180,15504,121,15625
3,8360,410,0,0,2,2,4180,3888,1025,4913
3,8360,512,0,0,2,2,4180,5625,512,6137
3,8360,968,0,0,2,2,4180,6375,484,6859
3,8360,2624,0,0,2,2,4180,2601,2624,5225
3,8360,4100,0,0,2,2,4180,20577,2050,22627
3,8368,5488,0,0,2,2,4184,1053,10976,12029
3,8372,1472,0,0,2,2,4186,28269,2944,31213
3,8456,50,0,0,2,2,4228,11907,125,12032
3,8456,2450,0,0,2,2,4228,972,6125,7097
3,8476,16,0,0,2,2,4238,6561,64,6625
3,8476,4096,0,0,2,2,4238,6591,2048,8639
3,8480,50,0,0,2,2,4240,10176,25,10201
3,8480,6272,0,0,2,2,4240,81,12544,12625
3,8536,2,0,0,2,2,4268,9408,1,9409
3,8536,2,0,0,2,2,4268,14640,1,14641
3,8536,2,0,0,6,2,4268,4752,1,4753
3,8536,50,0,0,2,2,4268,11712,25,11737
3,8536,98,0,0,2,2,4268,24057,343,24400
3,8536,854,0,0,2,2,4268,8748,2989,11737
3,8536,970,0,0,2,2,4268,14823,2425,17248
3,8536,1250,0,0,2,2,4268,14259,625,14884
3,8536,1952,0,0,2,2,4268,2025,3904,5929
3,8536,3584,0,0,2,2,4268,4125,1792,5917
3,8536,4850,0,0,2,2,4268,4941,9700,14641
3,8536,7546,0,0,2,2,4268,28227,3773,32000
3,8536,8192,0,0,2,2,4268,1125,8192,9317
3,8540,3920,0,0,2,2,4270,81,7840,7921
3,8540,7442,0,0,2,2,4270,4200,3721,7921
3,8564,8564,0,0,2,2,4282,6561,34256,40817
3,8576,128,0,0,2,2,4288,6591,64,6655
3,8576,968,0,0,2,2,4288,13689,1936,15625
3,8580,16,0,0,2,2,4290,14625,16,14641
3,8580,592,0,0,2,2,4290,9801,1184,10985
3,8580,2320,0,0,2,2,4290,12321,2320,14641
3,8580,2662,0,0,2,2,4290,20535,1331,21866
3,8580,5500,0,0,2,2,4290,6561,22000,28561
3,8580,6250,0,0,2,2,4290,1776,3125,4901
3,8596,1568,0,0,2,2,4298,2187,5488,7675
3,8596,6400,0,0,2,2,4298,74601,16000,90601
3,8620,1250,0,0,2,2,4310,4116,625,4741
3,8620,8192,0,0,2,2,4310,1125,8192,9317
3,8632,5746,0,0,2,2,4316,1143,5746,6889
3,8636,1016,0,0,2,2,4318,6561,4064,10625
3,8648,2,0,0,2,2,4324,35328,1,35329
3,8648,4232,0,0,2,2,4324,8343,8464,16807
3,8648,5264,0,0,2,2,4324,81,10528,10609
3,8680,64,0,0,2,2,4340,5145,32,5177
3,8680,2500,0,0,2,2,4340,25389,2500,27889
3,8680,2548,0,0,2,2,4340,81,5096,5177
3,8680,2672,0,0,2,2,4340,81,5344,5425
3,8680,3328,0,0,2,2,4340,50625,6656,57281
3,8680,3968,0,0,2,2,4340,6591,1984,8575
3,8680,4900,0,0,2,2,4340,243,12250,12493
3,8736,64,0,0,2,2,4368,15561,64,15625
3,8736,322,0,0,2,2,4368,3888,805,4693
3,8736,910,0,0,2,2,4368,7776,2275,10051
3,8736,2800,0,0,2,2,4368,81,5600,5681
3,8736,5290,0,0,2,2,4368,3159,13225,16384
3,8736,5824,0,0,2,2,4368,1035,5824,6859
3,8736,6250,0,0,2,2,4368,24843,3125,27968
3,8736,7774,0,0,2,2,4368,768,3887,4655
3,8756,1250,0,0,2,2,4378,14016,625,14641
3,8760,7168,0,0,2,2,4380,657,7168,7825
3,8796,6250,0,0,2,2,4398,2199,3125,5324
3,8800,2480,0,0,2,2,4400,81,4960,5041
3,8804,32,0,0,2,2,4402,29727,64,29791
3,8816,4802,0,0,2,2,4408,13224,2401,15625
3,8840,2,0,0,2,2,4420,4488,1,4489
3,8840,2,0,0,2,2,4420,14739,1,14740
3,8840,128,0,0,2,2,4420,6591,64,6655
3,8840,968,0,0,2,2,4420,13689,1936,15625
3,8840,2000,0,0,2,2,4420,33969,1000,34969
3,8840,4352,0,0,2,2,4420,6633,4352,10985
3,8840,7514,0,0,2,2,4420,1875,3757,5632
3,8840,8228,0,0,2,2,4420,375,4114,4489
3,8844,6,0,0,6,2,4422,6237,4,6241
3,8876,8288,0,0,2,2,4438,59049,41440,100489
3,8888,32,0,0,2,2,4444,17271,32,17303
3,8888,338,0,0,2,2,4444,10032,169,10201
3,8900,98,0,0,2,2,4450,4374,343,4717
3,8900,3920,0,0,2,2,4450,81,7840,7921
3,8916,256,0,0,2,2,4458,18063,512,18575
3,8920,1552,0,0,2,2,4460,2025,3104,5129
3,8920,5120,0,0,2,2,4460,9,5120,5129
3,8928,256,0,0,2,2,4464,43923,128,44051
3,8928,4096,0,0,2,2,4464,7203,2048,9251
3,8932,4096,0,0,2,2,4466,7203,2048,9251
3,8940,4096,0,0,2,2,4470,1053,8192,9245
3,8976,6250,0,0,2,2,4488,4131,15625,19756
3,9016,2,0,0,2,2,4508,91839,1,91840
3,9016,98,0,0,6,2,4508,16335,49,16384
3,9016,200,0,0,2,2,4508,4761,200,4961
3,9016,352,0,0,2,2,4508,10935,1232,12167
3,9016,448,0,0,2,2,4508,24057,1568,25625
3,9016,686,0,0,2,2,4508,23232,343,23575
3,9016,800,0,0,2,2,4508,13041,1600,14641
3,9016,1058,0,0,2,2,4508,9075,529,9604
3,9016,1058,0,0,2,2,4508,9471,529,10000
3,9016,2254,0,0,2,2,4508,3993,1127,5120
3,9016,4802,0,0,2,2,4508,9375,2401,11776
3,9016,4802,0,0,2,2,4508,10824,2401,13225
3,9016,4840,0,0,2,2,4508,6561,19360,25921
3,9016,5324,0,0,2,2,4508,14145,2662,16807
3,9016,5488,0,0,2,2,4508,3075,2744,5819
3,9016,6050,0,0,2,2,4508,9963,15125,25088
3,9016,8192,0,0,2,2,4508,1029,4096,5125
3,9016,8192,0,0,2,2,4508,1125,8192,9317
3,9016,9016,0,0,2,2,4508,5625,9016,14641
3,9040,2,0,0,2,2,4520,12768,1,12769
3,9040,400,0,0,2,2,4520,17289,400,17689
3,9040,512,0,0,2,2,4520,5625,512,6137
3,9040,1444,0,0,2,2,4520,2025,2888,4913
3,9040,1568,0,0,2,2,4520,6441,784,7225
3,9040,1862,0,0,2,2,4520,2187,6517,8704
3,9040,1900,0,0,2,2,4520,6561,7600,14161
3,9040,4046,0,0,2,2,4520,20577,2023,22600
3,9040,5120,0,0,2,2,4520,1017,5120,6137
3,9040,7232,0,0,2,2,4520,1875,3616,5491
3,9040,7910,0,0,2,2,4520,1536,3955,5491
3,9044,2,0,0,6,2,4522,13311,1,13312
3,9044,2,0,0,6,2,4522,31212,1,31213
3,9044,722,0,0,2,2,4522,4263,361,4624
3,9044,1664,0,0,2,2,4522,3249,1664,4913
3,9044,1862,0,0,2,2,4522,2187,6517,8704
3,9044,2744,0,0,2,2,4522,3393,2744,6137
3,9060,2266,0,0,2,2,4530,6561,9064,15625
3,9100,6272,0,0,2,2,4550,1125,6272,7397
3,9116,2150,0,0,2,2,4558,243,5375,5618
3,9148,2662,0,0,2,2,4574,6861,1331,8192
3,9156,250,0,0,2,2,4578,7203,125,7328
3,9160,458,0,0,2,2,4580,7047,1145,8192
3,9236,8192,0,0,2,2,4618,1125,8192,9317
3,9240,250,0,0,2,2,4620,15552,625,16177
3,9256,6400,0,0,2,2,4628,1521,6400,7921
3,9292,332,0,0,2,2,4646,6561,1328,7889
3,9296,2,0,0,2,2,4648,6723,4,6727
3,9316,2,0,0,6,2,4658,18495,1,18496
3,9320,2738,0,0,2,2,4660,3087,2738,5825
3,9344,2624,0,0,2,2,4672,81,5248,5329
3,9344,3362,0,0,2,2,4672,3648,1681,5329
3,9376,2,0,0,2,2,4688,9375,1,9376
3,9376,250,0,0,2,2,4688,71199,625,71824
3,9376,1000,0,0,2,2,4688,83349,2500,85849
3,9376,2344,0,0,2,2,4688,7203,1172,8375
3,9376,5360,0,0,2,2,4688,59049,26800,85849
3,9380,3500,0,0,2,2,4690,243,8750,8993
3,9380,4802,0,0,2,2,4690,9375,2401,11776
3,9380,6860,0,0,2,2,4690,2187,24010,26197
3,9380,8750,0,0,2,2,4690,1863,17500,19363
3,9412,4706,0,0,2,2,4706,12288,2353,14641
3,9460,2,0,0,6,2,4730,17199,1,17200
3,9460,16,0,0,2,2,4730,14625,16,14641
3,9460,32,0,0,2,2,4730,15609,16,15625
3,9460,50,0,0,2,2,4730,8256,25,8281
3,9460,128,0,0,2,2,4730,6591,64,6655
3,9460,128,0,0,2,2,4730,7203,64,7267
3,9460,242,0,0,2,2,4730,26754,121,26875
3,9460,286,0,0,2,2,4730,4374,1001,5375
3,9460,430,0,0,2,2,4730,6561,1720,8281
3,9460,968,0,0,2,2,4730,13689,1936,15625
3,9460,2288,0,0,2,2,4730,3087,2288,5375
3,9460,2450,0,0,2,2,4730,13416,1225,14641
3,9460,2912,0,0,2,2,4730,9801,5824,15625
3,9460,4000,0,0,2,2,4730,10449,10000,20449
3,9460,4096,0,0,2,2,4730,1053,8192,9245
3,9460,4394,0,0,2,2,4730,5547,2197,7744
3,9460,4394,0,0,2,2,4730,4851,4394,9245
3,9460,5408,0,0,2,2,4730,3225,2704,5929
3,9460,5500,0,0,2,2,4730,6561,22000,28561
3,9460,6250,0,0,2,2,4730,1677,3125,4802
3,9460,6656,0,0,2,2,4730,1875,3328,5203
3,9460,7280,0,0,2,2,4730,81,14560,14641
3,9460,8192,0,0,2,2,4730,1125,8192,9317
3,9512,3362,0,0,2,2,4756,14703,1681,16384
3,9516,610,0,0,2,2,4758,12636,1525,14161
3,9516,1666,0,0,2,2,4758,4575,833,5408
3,9516,3250,0,0,2,2,4758,1701,8125,9826
3,9516,3328,0,0,2,2,4758,3969,6656,10625
3,9516,6250,0,0,2,2,4758,17493,3125,20618
3,9516,8092,0,0,2,2,4758,4941,16184,21125
3,9520,50,0,0,2,2,4760,7143,25,7168
3,9520,3136,0,0,2,2,4760,21429,3136,24565
3,9540,16,0,0,2,2,4770,6561,64,6625
3,9544,9544,0,0,2,2,4772,1089,9544,10633
3,9584,8192,0,0,2,2,4792,5391,8192,13583
3,9588,256,0,0,2,2,4794,5559,128,5687
3,9616,250,0,0,2,2,4808,8991,625,9616
3,9616,1202,0,0,2,2,4808,4875,601,5476
3,9616,2404,0,0,2,2,4808,243,6010,6253
3,9616,2704,0,0,2,2,4808,12321,2704,15025
3,9628,4,0,0,2,2,4814,24381,8,24389
3,9632,8,0,0,2,2,4816,5913,16,5929
3,9652,2,0,0,6,2,4826,6858,1,6859
3,9656,2,0,0,2,2,4828,4899,1,4900
3,9656,50,0,0,2,2,4828,83496,25,83521
3,9656,686,0,0,2,2,4828,60492,343,60835
3,9656,782,0,0,2,2,4828,17253,1955,19208
3,9656,1058,0,0,2,2,4828,13632,529,14161
3,9656,1250,0,0,2,2,4828,4416,625,5041
3,9656,3500,0,0,2,2,4828,243,8750,8993
3,9656,4802,0,0,2,2,4828,9375,2401,11776
3,9676,2662,0,0,2,2,4838,14337,6655,20992
3,9696,970,0,0,2,2,4848,7776,2425,10201
3,9720,16,0,0,2,2,4860,14625,16,14641
3,9720,5500,0,0,2,2,4860,6561,22000,28561
3,9724,1664,0,0,2,2,4862,3249,1664,4913
3,9724,8398,0,0,2,2,4862,3993,4199,8192
3,9740,974,0,0,6,2,4870,5400,487,5887
3,9772,4802,0,0,2,2,4886,3141,4802,7943
3,9796,2,0,0,2,2,4898,120000,1,120001
3,9796,2,0,0,6,2,4898,13824,1,13825
3,9796,4802,0,0,2,2,4898,3840,2401,6241
3,9800,2048,0,0,2,2,4900,75411,4096,79507
3,9856,2,0,0,2,2,4928,30624,1,30625
3,9856,14,0,0,2,2,4928,17496,49,17545
3,9856,196,0,0,2,2,4928,75429,196,75625
3,9856,242,0,0,2,2,4928,6375,121,6496
3,9856,242,0,0,2,2,4928,18375,121,18496
3,9856,686,0,0,2,2,4928,63423,2401,65824
3,9856,1682,0,0,2,2,4928,14784,841,15625
3,9856,1682,0,0,2,2,4928,73695,841,74536
3,9856,2048,0,0,2,2,4928,4131,5120,9251
3,9856,3364,0,0,2,2,4928,15147,6728,21875
3,9856,4096,0,0,2,2,4928,7203,2048,9251
3,9856,4096,0,0,2,2,4928,39933,8192,48125
3,9856,4624,0,0,2,2,4928,1305,4624,5929
3,9856,6050,0,0,2,2,4928,11136,3025,14161
3,9856,6250,0,0,2,2,4928,14739,3125,17864
3,9856,7040,0,0,2,2,4928,81,14080,14161
3,9856,7700,0,0,2,2,4928,68121,15400,83521
3,9856,8192,0,0,2,2,4928,1125,8192,9317
3,9856,8192,0,0,2,2,4928,32625,8192,40817
3,9856,8704,0,0,2,2,4928,2523,4352,6875
3,9856,9826,0,0,2,2,4928,1815,4913,6728
3,9860,2,0,0,6,2,4930,18495,1,18496
3,9880,2,0,0,2,2,4940,84720,1,84721
3,9880,64,0,0,2,2,4940,15561,64,15625
3,9880,2000,0,0,2,2,4940,13689,4000,17689
3,9880,3430,0,0,2,2,4940,4992,1715,6707
3,9880,4096,0,0,2,2,4940,6561,16384,22945
3,9880,4394,0,0,2,2,4940,26475,2197,28672
3,9880,5408,0,0,2,2,4940,1539,10816,12355
3,9880,6080,0,0,2,2,4940,13767,3040,16807
3,9880,8788,0,0,2,2,4940,3087,8788,11875
3,9880,8918,0,0,2,2,4940,2400,4459,6859
3,9880,9178,0,0,2,2,4940,1536,4589,6125
3,9936,4600,0,0,2,2,4968,441,4600,5041
3,9940,4,0,0,6,2,4970,8019,4,8023
3,9940,128,0,0,2,2,4970,12705,64,12769
3,9940,400,0,0,2,2,4970,7623,400,8023
3,9940,452,0,0,2,2,4970,5751,904,6655
3,9940,686,0,0,2,2,4970,7680,343,8023
3,9940,2744,0,0,2,2,4970,9153,5488,14641
3,9940,3616,0,0,2,2,4970,11025,3616,14641
3,9940,4400,0,0,2,2,4970,3969,8800,12769
3,9940,4802,0,0,2,2,4970,2640,2401,5041
3,9940,5000,0,0,2,2,4970,2541,2500,5041
3,9940,8192,0,0,2,2,4970,1125,8192,9317
3,9956,2432,0,0,2,2,4978,2025,4864,6889
3,9960,16,0,0,2,2,4980,6561,64,6625
3,12006,3993,0,0,3,3,4002,11661,1331,12992
3,12006,6144,0,0,3,3,4002,7203,2048,9251
3,12006,10527,0,0,3,3,4002,1587,3509,5096
3,12006,11616,0,0,3,3,4002,1029,3872,4901
3,12030,96,0,0,3,3,4010,6561,256,6817
3,12084,24,0,0,3,3,4028,6561,64,6625
3,12084,300,0,0,3,3,4028,4293,400,4693
3,12084,384,0,0,3,3,4028,4293,512,4805
3,12084,1083,0,0,3,3,4028,8427,361,8788
3,12084,2883,0,0,3,3,4028,9063,1922,10985
3,12084,5952,0,0,3,3,4028,4875,1984,6859
3,12084,9375,0,0,3,3,4028,8427,3125,11552
3,12090,192,0,0,3,3,4030,3969,256,4225
3,12090,5952,0,0,3,3,4030,6591,1984,8575
3,12138,6,0,0,9,3,4046,12393,4,12397
3,12138,231,0,0,3,3,4046,4374,539,4913
3,12174,1344,0,0,3,3,4058,6561,3584,10145
3,12180,48,0,0,3,3,4060,6093,32,6125
3,12192,3,0,0,9,3,4064,6858,1,6859
3,12204,3390,0,0,3,3,4068,8991,5650,14641
3,12204,9375,0,0,3,3,4068,1056,3125,4181
3,12204,9375,0,0,3,3,4068,4107,3125,7232
3,12210,3054,0,0,3,3,4070,405,4072,4477
3,12216,3,0,0,3,3,4072,9408,1,9409
3,12240,4875,0,0,3,3,4080,16524,8125,24649
3,12240,9375,0,0,3,3,4080,6123,3125,9248
3,12264,1875,0,0,3,3,4088,4704,625,5329
3,12300,3,0,0,3,3,4100,9375,1,9376
3,12300,1500,0,0,3,3,4100,83349,2500,85849
3,12300,12288,0,0,3,3,4100,1029,4096,5125
3,12324,3,0,0,3,3,4108,6240,1,6241
3,12390,75,0,0,3,3,4130,14337,125,14462
3,12390,2688,0,0,3,3,4130,54675,6272,60947
3,12390,10443,0,0,3,3,4130,3750,3481,7231
3,12420,384,0,0,3,3,4140,8175,128,8303
3,12426,1083,0,0,3,3,4142,16023,361,16384
3,12444,3,0,0,3,3,4148,6885,4,6889
3,12444,249,0,0,3,3,4148,6561,664,7225
3,12444,375,0,0,3,3,4148,11163,125,11288
3,12474,9,0,0,9,3,4158,4455,4,4459
3,12474,24,0,0,3,3,4158,14625,16,14641
3,12474,4704,0,0,3,3,4158,1089,3136,4225
3,12474,8250,0,0,3,3,4158,6561,22000,28561
3,12534,1824,0,0,3,3,4178,6267,608,6875
3,12540,3,0,0,3,3,4180,4674,1,4675
3,12540,192,0,0,3,3,4180,31875,64,31939
3,12540,363,0,0,3,3,4180,15504,121,15625
3,12540,615,0,0,3,3,4180,3888,1025,4913
3,12540,768,0,0,3,3,4180,5625,512,6137
3,12540,1452,0,0,3,3,4180,6375,484,6859
3,12540,3936,0,0,3,3,4180,2601,2624,5225
3,12540,6150,0,0,3,3,4180,20577,2050,22627
3,12552,8232,0,0,3,3,4184,1053,10976,12029
3,12558,2208,0,0,3,3,4186,28269,2944,31213
3,12684,75,0,0,3,3,4228,11907,125,12032
3,12684,3675,0,0,3,3,4228,972,6125,7097
3,12714,24,0,0,3,3,4238,6561,64,6625
3,12714,6144,0,0,3,3,4238,6591,2048,8639
3,12720,75,0,0,3,3,4240,10176,25,10201
3,12720,9408,0,0,3,3,4240,81,12544,12625
3,12804,3,0,0,3,3,4268,9408,1,9409
3,12804,3,0,0,3,3,4268,14640,1,14641
3,12804,3,0,0,9,3,4268,4752,1,4753
3,12804,75,0,0,3,3,4268,11712,25,11737
3,12804,147,0,0,3,3,4268,24057,343,24400
3,12804,1281,0,0,3,3,4268,8748,2989,11737
3,12804,1455,0,0,3,3,4268,14823,2425,17248
3,12804,1875,0,0,3,3,4268,14259,625,14884
3,12804,2928,0,0,3,3,4268,2025,3904,5929
3,12804,5376,0,0,3,3,4268,4125,1792,5917
3,12804,7275,0,0,3,3,4268,4941,9700,14641
3,12804,11319,0,0,3,3,4268,28227,3773,32000
3,12804,12288,0,0,3,3,4268,1125,8192,9317
3,12810,5880,0,0,3,3,4270,81,7840,7921
3,12810,11163,0,0,3,3,4270,4200,3721,7921
3,12846,12846,0,0,3,3,4282,6561,34256,40817
3,12864,192,0,0,3,3,4288,6591,64,6655
3,12864,1452,0,0,3,3,4288,13689,1936,15625
3,12870,24,0,0,3,3,4290,14625,16,14641
3,12870,888,0,0,3,3,4290,9801,1184,10985
3,12870,3480,0,0,3,3,4290,12321,2320,14641
3,12870,3993,0,0,3,3,4290,20535,1331,21866
3,12870,8250,0,0,3,3,4290,6561,22000,28561
3,12870,9375,0,0,3,3,4290,1776,3125,4901
3,12894,2352,0,0,3,3,4298,2187,5488,7675
3,12894,9600,0,0,3,3,4298,74601,16000,90601
3,12930,1875,0,0,3,3,4310,4116,625,4741
3,12930,12288,0,0,3,3,4310,1125,8192,9317
3,12948,8619,0,0,3,3,4316,1143,5746,6889
3,12954,1524,0,0,3,3,4318,6561,4064,10625
3,12972,3,0,0,3,3,4324,35328,1,35329
3,12972,6348,0,0,3,3,4324,8343,8464,16807
3,12972,7896,0,0,3,3,4324,81,10528,10609
3,13020,96,0,0,3,3,4340,5145,32,5177
3,13020,3750,0,0,3,3,4340,25389,2500,27889
3,13020,3822,0,0,3,3,4340,81,5096,5177
3,13020,4008,0,0,3,3,4340,81,5344,5425
3,13020,4992,0,0,3,3,4340,50625,6656,57281
3,13020,5952,0,0,3,3,4340,6591,1984,8575
3,13020,7350,0,0,3,3,4340,243,12250,12493
3,13104,96,0,0,3,3,4368,15561,64,15625
3,13104,483,0,0,3,3,4368,3888,805,4693
3,13104,1365,0,0,3,3,4368,7776,2275,10051
3,13104,4200,0,0,3,3,4368,81,5600,5681
3,13104,7935,0,0,3,3,4368,3159,13225,16384
3,13104,8736,0,0,3,3,4368,1035,5824,6859
3,13104,9375,0,0,3,3,4368,24843,3125,27968
3,13104,11661,0,0,3,3,4368,768,3887,4655
3,13134,1875,0,0,3,3,4378,14016,625,14641
3,13140,10752,0,0,3,3,4380,657,7168,7825
3,13194,9375,0,0,3,3,4398,2199,3125,5324
3,13200,3720,0,0,3,3,4400,81,4960,5041
3,13206,48,0,0,3,3,4402,29727,64,29791
3,13224,7203,0,0,3,3,4408,13224,2401,15625
3,13260,3,0,0,3,3,4420,4488,1,4489
3,13260,3,0,0,3,3,4420,14739,1,14740
3,13260,192,0,0,3,3,4420,6591,64,6655
3,13260,1452,0,0,3,3,4420,13689,1936,15625
3,13260,3000,0,0,3,3,4420,33969,1000,34969
3,13260,6528,0,0,3,3,4420,6633,4352,10985
3,13260,11271,0,0,3,3,4420,1875,3757,5632
3,13260,12342,0,0,3,3,4420,375,4114,4489
3,13266,9,0,0,9,3,4422,6237,4,6241
3,13314,12432,0,0,3,3,4438,59049,41440,100489
3,13332,48,0,0,3,3,4444,17271,32,17303
3,13332,507,0,0,3,3,4444,10032,169,10201
3,13350,147,0,0,3,3,4450,4374,343,4717
3,13350,5880,0,0,3,3,4450,81,7840,7921
3,13374,384,0,0,3,3,4458,18063,512,18575
3,13380,2328,0,0,3,3,4460,2025,3104,5129
3,13380,7680,0,0,3,3,4460,9,5120,5129
3,13392,384,0,0,3,3,4464,43923,128,44051
3,13392,6144,0,0,3,3,4464,7203,2048,9251
3,13398,6144,0,0,3,3,4466,7203,2048,9251
3,13410,6144,0,0,3,3,4470,1053,8192,9245
3,13464,9375,0,0,3,3,4488,4131,15625,19756
3,13524,3,0,0,3,3,4508,91839,1,91840
3,13524,147,0,0,9,3,4508,16335,49,16384
3,13524,300,0,0,3,3,4508,4761,200,4961
3,13524,528,0,0,3,3,4508,10935,1232,12167
3,13524,672,0,0,3,3,4508,24057,1568,25625
3,13524,1029,0,0,3,3,4508,23232,343,23575
3,13524,1200,0,0,3,3,4508,13041,1600,14641
3,13524,1587,0,0,3,3,4508,9075,529,9604
3,13524,1587,0,0,3,3,4508,9471,529,10000
3,13524,3381,0,0,3,3,4508,3993,1127,5120
3,13524,7203,0,0,3,3,4508,9375,2401,11776
3,13524,7203,0,0,3,3,4508,10824,2401,13225
3,13524,7260,0,0,3,3,4508,6561,19360,25921
3,13524,7986,0,0,3,3,4508,14145,2662,16807
3,13524,8232,0,0,3,3,4508,3075,2744,5819
3,13524,9075,0,0,3,3,4508,9963,15125,25088
3,13524,12288,0,0,3,3,4508,1029,4096,5125
3,13524,12288,0,0,3,3,4508,1125,8192,9317
3,13524,13524,0,0,3,3,4508,5625,9016,14641
3,13560,3,0,0,3,3,4520,12768,1,12769
3,13560,600,0,0,3,3,4520,17289,400,17689
3,13560,768,0,0,3,3,4520,5625,512,6137
3,13560,2166,0,0,3,3,4520,2025,2888,4913
3,13560,2352,0,0,3,3,4520,6441,784,7225
3,13560,2793,0,0,3,3,4520,2187,6517,8704
3,13560,2850,0,0,3,3,4520,6561,7600,14161
3,13560,6069,0,0,3,3,4520,20577,2023,22600
3,13560,7680,0,0,3,3,4520,1017,5120,6137
3,13560,10848,0,0,3,3,4520,1875,3616,5491
3,13560,11865,0,0,3,3,4520,1536,3955,5491
3,13566,3,0,0,9,3,4522,13311,1,13312
3,13566,3,0,0,9,3,4522,31212,1,31213
3,13566,1083,0,0,3,3,4522,4263,361,4624
3,13566,2496,0,0,3,3,4522,3249,1664,4913
3,13566,2793,0,0,3,3,4522,2187,6517,8704
3,13566,4116,0,0,3,3,4522,3393,2744,6137
3,13590,3399,0,0,3,3,4530,6561,9064,15625
3,13650,9408,0,0,3,3,4550,1125,6272,7397
3,13674,3225,0,0,3,3,4558,243,5375,5618
3,13722,3993,0,0,3,3,4574,6861,1331,8192
3,13734,375,0,0,3,3,4578,7203,125,7328
3,13740,687,0,0,3,3,4580,7047,1145,8192
3,13854,12288,0,0,3,3,4618,1125,8192,9317
3,13860,375,0,0,3,3,4620,15552,625,16177
3,13884,9600,0,0,3,3,4628,1521,6400,7921
3,13938,498,0,0,3,3,4646,6561,1328,7889
3,13944,3,0,0,3,3,4648,6723,4,6727
3,13974,3,0,0,9,3,4658,18495,1,18496
3,13980,4107,0,0,3,3,4660,3087,2738,5825
3,14016,3936,0,0,3,3,4672,81,5248,5329
3,14016,5043,0,0,3,3,4672,3648,1681,5329
3,14064,3,0,0,3,3,4688,9375,1,9376
3,14064,375,0,0,3,3,4688,71199,625,71824
3,14064,1500,0,0,3,3,4688,83349,2500,85849
3,14064,3516,0,0,3,3,4688,7203,1172,8375
3,14064,8040,0,0,3,3,4688,59049,26800,85849
3,14070,5250,0,0,3,3,4690,243,8750,8993
3,14070,7203,0,0,3,3,4690,9375,2401,11776
3,14070,10290,0,0,3,3,4690,2187,24010,26197
3,14070,13125,0,0,3,3,4690,1863,17500,19363
3,14118,7059,0,0,3,3,4706,12288,2353,14641
3,14190,3,0,0,9,3,4730,17199,1,17200
3,14190,24,0,0,3,3,4730,14625,16,14641
3,14190,48,0,0,3,3,4730,15609,16,15625
3,14190,75,0,0,3,3,4730,8256,25,8281
3,14190,192,0,0,3,3,4730,6591,64,6655
3,14190,192,0,0,3,3,4730,7203,64,7267
3,14190,363,0,0,3,3,4730,26754,121,26875
3,14190,429,0,0,3,3,4730,4374,1001,5375
3,14190,645,0,0,3,3,4730,6561,1720,8281
3,14190,1452,0,0,3,3,4730,13689,1936,15625
3,14190,3432,0,0,3,3,4730,3087,2288,5375
3,14190,3675,0,0,3,3,4730,13416,1225,14641
3,14190,4368,0,0,3,3,4730,9801,5824,15625
3,14190,6000,0,0,3,3,4730,10449,10000,20449
3,14190,6144,0,0,3,3,4730,1053,8192,9245
3,14190,6591,0,0,3,3,4730,5547,2197,7744
3,14190,6591,0,0,3,3,4730,4851,4394,9245
3,14190,8112,0,0,3,3,4730,3225,2704,5929
3,14190,8250,0,0,3,3,4730,6561,22000,28561
3,14190,9375,0,0,3,3,4730,1677,3125,4802
3,14190,9984,0,0,3,3,4730,1875,3328,5203
3,14190,10920,0,0,3,3,4730,81,14560,14641
3,14190,12288,0,0,3,3,4730,1125,8192,9317
3,14268,5043,0,0,3,3,4756,14703,1681,16384
3,14274,915,0,0,3,3,4758,12636,1525,14161
3,14274,2499,0,0,3,3,4758,4575,833,5408
3,14274,4875,0,0,3,3,4758,1701,8125,9826
3,14274,4992,0,0,3,3,4758,3969,6656,10625
3,14274,9375,0,0,3,3,4758,17493,3125,20618
3,14274,12138,0,0,3,3,4758,4941,16184,21125
3,14280,75,0,0,3,3,4760,7143,25,7168
3,14280,4704,0,0,3,3,4760,21429,3136,24565
3,14310,24,0,0,3,3,4770,6561,64,6625
3,14316,14316,0,0,3,3,4772,1089,9544,10633
3,14376,12288,0,0,3,3,4792,5391,8192,13583
3,14382,384,0,0,3,3,4794,5559,128,5687
3,14424,375,0,0,3,3,4808,8991,625,9616
3,14424,1803,0,0,3,3,4808,4875,601,5476
3,14424,3606,0,0,3,3,4808,243,6010,6253
3,14424,4056,0,0,3,3,4808,12321,2704,15025
3,14442,6,0,0,3,3,4814,24381,8,24389
3,14448,12,0,0,3,3,4816,5913,16,5929
3,14478,3,0,0,9,3,4826,6858,1,6859
3,14484,3,0,0,3,3,4828,4899,1,4900
3,14484,75,0,0,3,3,4828,83496,25,83521
3,14484,1029,0,0,3,3,4828,60492,343,60835
3,14484,1173,0,0,3,3,4828,17253,1955,19208
3,14484,1587,0,0,3,3,4828,13632,529,14161
3,14484,1875,0,0,3,3,4828,4416,625,5041
3,14484,5250,0,0,3,3,4828,243,8750,8993
3,14484,7203,0,0,3,3,4828,9375,2401,11776
3,14514,3993,0,0,3,3,4838,14337,6655,20992
3,14544,1455,0,0,3,3,4848,7776,2425,10201
3,14580,24,0,0,3,3,4860,14625,16,14641
3,14580,8250,0,0,3,3,4860,6561,22000,28561
3,14586,2496,0,0,3,3,4862,3249,1664,4913
3,14586,12597,0,0,3,3,4862,3993,4199,8192
3,14610,1461,0,0,9,3,4870,5400,487,5887
3,14658,7203,0,0,3,3,4886,3141,4802,7943
3,14694,3,0,0,3,3,4898,120000,1,120001
3,14694,3,0,0,9,3,4898,13824,1,13825
3,14694,7203,0,0,3,3,4898,3840,2401,6241
3,14700,3072,0,0,3,3,4900,75411,4096,79507
3,14784,3,0,0,3,3,4928,30624,1,30625
3,14784,21,0,0,3,3,4928,17496,49,17545
3,14784,294,0,0,3,3,4928,75429,196,75625
3,14784,363,0,0,3,3,4928,6375,121,6496
3,14784,363,0,0,3,3,4928,18375,121,18496
3,14784,1029,0,0,3,3,4928,63423,2401,65824
3,14784,2523,0,0,3,3,4928,14784,841,15625
3,14784,2523,0,0,3,3,4928,73695,841,74536
3,14784,3072,0,0,3,3,4928,4131,5120,9251
3,14784,5046,0,0,3,3,4928,15147,6728,21875
3,14784,6144,0,0,3,3,4928,7203,2048,9251
3,14784,6144,0,0,3,3,4928,39933,8192,48125
3,14784,6936,0,0,3,3,4928,1305,4624,5929
3,14784,9075,0,0,3,3,4928,11136,3025,14161
3,14784,9375,0,0,3,3,4928,14739,3125,17864
3,14784,10560,0,0,3,3,4928,81,14080,14161
3,14784,11550,0,0,3,3,4928,68121,15400,83521
3,14784,12288,0,0,3,3,4928,1125,8192,9317
3,14784,12288,0,0,3,3,4928,32625,8192,40817
3,14784,13056,0,0,3,3,4928,2523,4352,6875
3,14784,14739,0,0,3,3,4928,1815,4913,6728
3,14790,3,0,0,9,3,4930,18495,1,18496
3,14820,3,0,0,3,3,4940,84720,1,84721
3,14820,96,0,0,3,3,4940,15561,64,15625
3,14820,3000,0,0,3,3,4940,13689,4000,17689
3,14820,5145,0,0,3,3,4940,4992,1715,6707
3,14820,6144,0,0,3,3,4940,6561,16384,22945
3,14820,6591,0,0,3,3,4940,26475,2197,28672
3,14820,8112,0,0,3,3,4940,1539,10816,12355
3,14820,9120,0,0,3,3,4940,13767,3040,16807
3,14820,13182,0,0,3,3,4940,3087,8788,11875
3,14820,13377,0,0,3,3,4940,2400,4459,6859
3,14820,13767,0,0,3,3,4940,1536,4589,6125
3,14904,6900,0,0,3,3,4968,441,4600,5041
3,14910,6,0,0,9,3,4970,8019,4,8023
3,14910,192,0,0,3,3,4970,12705,64,12769
3,14910,600,0,0,3,3,4970,7623,400,8023
3,14910,678,0,0,3,3,4970,5751,904,6655
3,14910,1029,0,0,3,3,4970,7680,343,8023
3,14910,4116,0,0,3,3,4970,9153,5488,14641
3,14910,5424,0,0,3,3,4970,11025,3616,14641
3,14910,6600,0,0,3,3,4970,3969,8800,12769
3,14910,7203,0,0,3,3,4970,2640,2401,5041
3,14910,7500,0,0,3,3,4970,2541,2500,5041
3,14910,12288,0,0,3,3,4970,1125,8192,9317
3,14934,3648,0,0,3,3,4978,2025,4864,6889
3,14940,24,0,0,3,3,4980,6561,64,6625
3,16008,5324,0,0,4,4,4002,11661,1331,12992
3,16008,8192,0,0,4,4,4002,7203,2048,9251
3,16008,14036,0,0,4,4,4002,1587,3509,5096
3,16008,15488,0,0,4,4,4002,1029,3872,4901
3,16040,128,0,0,4,4,4010,6561,256,6817
3,16112,32,0,0,4,4,4028,6561,64,6625
3,16112,400,0,0,4,4,4028,4293,400,4693
3,16112,512,0,0,4,4,4028,4293,512,4805
3,16112,1444,0,0,4,4,4028,8427,361,8788
3,16112,3844,0,0,4,4,4028,9063,1922,10985
3,16112,7936,0,0,4,4,4028,4875,1984,6859
3,16112,12500,0,0,4,4,4028,8427,3125,11552
3,16120,256,0,0,4,4,4030,3969,256,4225
3,16120,7936,0,0,4,4,4030,6591,1984,8575
3,16184,8,0,0,12,4,4046,12393,4,12397
3,16184,308,0,0,4,4,4046,4374,539,4913
3,16232,1792,0,0,4,4,4058,6561,3584,10145
3,16240,64,0,0,4,4,4060,6093,32,6125
3,16256,4,0,0,12,4,4064,6858,1,6859
3,16272,4520,0,0,4,4,4068,8991,5650,14641
3,16272,12500,0,0,4,4,4068,1056,3125,4181
3,16272,12500,0,0,4,4,4068,4107,3125,7232
3,16280,4072,0,0,4,4,4070,405,4072,4477
3,16288,4,0,0,4,4,4072,9408,1,9409
3,16320,6500,0,0,4,4,4080,16524,8125,24649
3,16320,12500,0,0,4,4,4080,6123,3125,9248
3,16352,2500,0,0,4,4,4088,4704,625,5329
3,16400,4,0,0,4,4,4100,9375,1,9376
3,16400,2000,0,0,4,4,4100,83349,2500,85849
3,16400,16384,0,0,4,4,4100,1029,4096,5125
3,16432,4,0,0,4,4,4108,6240,1,6241
3,16520,100,0,0,4,4,4130,14337,125,14462
3,16520,3584,0,0,4,4,4130,54675,6272,60947
3,16520,13924,0,0,4,4,4130,3750,3481,7231
3,16560,512,0,0,4,4,4140,8175,128,8303
3,16568,1444,0,0,4,4,4142,16023,361,16384
3,16592,4,0,0,4,4,4148,6885,4,6889
3,16592,332,0,0,4,4,4148,6561,664,7225
3,16592,500,0,0,4,4,4148,11163,125,11288
3,16632,12,0,0,12,4,4158,4455,4,4459
3,16632,32,0,0,4,4,4158,14625,16,14641
3,16632,6272,0,0,4,4,4158,1089,3136,4225
3,16632,11000,0,0,4,4,4158,6561,22000,28561
3,16712,2432,0,0,4,4,4178,6267,608,6875
3,16720,4,0,0,4,4,4180,4674,1,4675
3,16720,256,0,0,4,4,4180,31875,64,31939
3,16720,484,0,0,4,4,4180,15504,121,15625
3,16720,820,0,0,4,4,4180,3888,1025,4913
3,16720,1024,0,0,4,4,4180,5625,512,6137
3,16720,1936,0,0,4,4,4180,6375,484,6859
3,16720,5248,0,0,4,4,4180,2601,2624,5225
3,16720,8200,0,0,4,4,4180,20577,2050,22627
3,16736,10976,0,0,4,4,4184,1053,10976,12029
3,16744,2944,0,0,4,4,4186,28269,2944,31213
3,16912,100,0,0,4,4,4228,11907,125,12032
3,16912,4900,0,0,4,4,4228,972,6125,7097
3,16952,32,0,0,4,4,4238,6561,64,6625
3,16952,8192,0,0,4,4,4238,6591,2048,8639
3,16960,100,0,0,4,4,4240,10176,25,10201
3,16960,12544,0,0,4,4,4240,81,12544,12625
3,17072,4,0,0,4,4,4268,9408,1,9409
3,17072,4,0,0,4,4,4268,14640,1,14641
3,17072,4,0,0,12,4,4268,4752,1,4753
3,17072,100,0,0,4,4,4268,11712,25,11737
3,17072,196,0,0,4,4,4268,24057,343,24400
3,17072,1708,0,0,4,4,4268,8748,2989,11737
3,17072,1940,0,0,4,4,4268,14823,2425,17248
3,17072,2500,0,0,4,4,4268,14259,625,14884
3,17072,3904,0,0,4,4,4268,2025,3904,5929
3,17072,7168,0,0,4,4,4268,4125,1792,5917
3,17072,9700,0,0,4,4,4268,4941,9700,14641
3,17072,15092,0,0,4,4,4268,28227,3773,32000
3,17072,16384,0,0,4,4,4268,1125,8192,9317
3,17080,7840,0,0,4,4,4270,81,7840,7921
3,17080,14884,0,0,4,4,4270,4200,3721,7921
3,17128,17128,0,0,4,4,4282,6561,34256,40817
3,17152,256,0,0,4,4,4288,6591,64,6655
3,17152,1936,0,0,4,4,4288,13689,1936,15625
3,17160,32,0,0,4,4,4290,14625,16,14641
3,17160,1184,0,0,4,4,4290,9801,1184,10985
3,17160,4640,0,0,4,4,4290,12321,2320,14641
3,17160,5324,0,0,4,4,4290,20535,1331,21866
3,17160,11000,0,0,4,4,4290,6561,22000,28561
3,17160,12500,0,0,4,4,4290,1776,3125,4901
3,17192,3136,0,0,4,4,4298,2187,5488,7675
3,17192,12800,0,0,4,4,4298,74601,16000,90601
3,17240,2500,0,0,4,4,4310,4116,625,4741
3,17240,16384,0,0,4,4,4310,1125,8192,9317
3,17264,11492,0,0,4,4,4316,1143,5746,6889
3,17272,2032,0,0,4,4,4318,6561,4064,10625
3,17296,4,0,0,4,4,4324,35328,1,35329
3,17296,8464,0,0,4,4,4324,8343,8464,16807
3,17296,10528,0,0,4,4,4324,81,10528,10609
3,17360,128,0,0,4,4,4340,5145,32,5177
3,17360,5000,0,0,4,4,4340,25389,2500,27889
3,17360,5096,0,0,4,4,4340,81,5096,5177
3,17360,5344,0,0,4,4,4340,81,5344,5425
3,17360,6656,0,0,4,4,4340,50625,6656,57281
3,17360,7936,0,0,4,4,4340,6591,1984,8575
3,17360,9800,0,0,4,4,4340,243,12250,12493
3,17472,128,0,0,4,4,4368,15561,64,15625
3,17472,644,0,0,4,4,4368,3888,805,4693
3,17472,1820,0,0,4,4,4368,7776,2275,10051
3,17472,5600,0,0,4,4,4368,81,5600,5681
3,17472,10580,0,0,4,4,4368,3159,13225,16384
3,17472,11648,0,0,4,4,4368,1035,5824,6859
3,17472,12500,0,0,4,4,4368,24843,3125,27968
3,17472,15548,0,0,4,4,4368,768,3887,4655
3,17512,2500,0,0,4,4,4378,14016,625,14641
3,17520,14336,0,0,4,4,4380,657,7168,7825
3,17592,12500,0,0,4,4,4398,2199,3125,5324
3,17600,4960,0,0,4,4,4400,81,4960,5041
3,17608,64,0,0,4,4,4402,29727,64,29791
3,17632,9604,0,0,4,4,4408,13224,2401,15625
3,17680,4,0,0,4,4,4420,4488,1,4489
3,17680,4,0,0,4,4,4420,14739,1,14740
3,17680,256,0,0,4,4,4420,6591,64,6655
3,17680,1936,0,0,4,4,4420,13689,1936,15625
3,17680,4000,0,0,4,4,4420,33969,1000,34969
3,17680,8704,0,0,4,4,4420,6633,4352,10985
3,17680,15028,0,0,4,4,4420,1875,3757,5632
3,17680,16456,0,0,4,4,4420,375,4114,4489
3,17688,12,0,0,12,4,4422,6237,4,6241
3,17752,16576,0,0,4,4,4438,59049,41440,100489
3,17776,64,0,0,4,4,4444,17271,32,17303
3,17776,676,0,0,4,4,4444,10032,169,10201
3,17800,196,0,0,4,4,4450,4374,343,4717
3,17800,7840,0,0,4,4,4450,81,7840,7921
3,17832,512,0,0,4,4,4458,18063,512,18575
3,17840,3104,0,0,4,4,4460,2025,3104,5129
3,17840,10240,0,0,4,4,4460,9,5120,5129
3,17856,512,0,0,4,4,4464,43923,128,44051
3,17856,8192,0,0,4,4,4464,7203,2048,9251
3,17864,8192,0,0,4,4,4466,7203,2048,9251
3,17880,8192,0,0,4,4,4470,1053,8192,9245
3,17952,12500,0,0,4,4,4488,4131,15625,19756
3,18032,4,0,0,4,4,4508,91839,1,91840
3,18032,196,0,0,12,4,4508,16335,49,16384
3,18032,400,0,0,4,4,4508,4761,200,4961
3,18032,704,0,0,4,4,4508,10935,1232,12167
3,18032,896,0,0,4,4,4508,24057,1568,25625
3,18032,1372,0,0,4,4,4508,23232,343,23575
3,18032,1600,0,0,4,4,4508,13041,1600,14641
3,18032,2116,0,0,4,4,4508,9075,529,9604
3,18032,2116,0,0,4,4,4508,9471,529,10000
3,18032,4508,0,0,4,4,4508,3993,1127,5120
3,18032,9604,0,0,4,4,4508,9375,2401,11776
3,18032,9604,0,0,4,4,4508,10824,2401,13225
3,18032,9680,0,0,4,4,4508,6561,19360,25921
3,18032,10648,0,0,4,4,4508,14145,2662,16807
3,18032,10976,0,0,4,4,4508,3075,2744,5819
3,18032,12100,0,0,4,4,4508,9963,15125,25088
3,18032,16384,0,0,4,4,4508,1029,4096,5125
3,18032,16384,0,0,4,4,4508,1125,8192,9317
3,18032,18032,0,0,4,4,4508,5625,9016,14641
3,18080,4,0,0,4,4,4520,12768,1,12769
3,18080,800,0,0,4,4,4520,17289,400,17689
3,18080,1024,0,0,4,4,4520,5625,512,6137
3,18080,2888,0,0,4,4,4520,2025,2888,4913
3,18080,3136,0,0,4,4,4520,6441,784,7225
3,18080,3724,0,0,4,4,4520,2187,6517,8704
3,18080,3800,0,0,4,4,4520,6561,7600,14161
3,18080,8092,0,0,4,4,4520,20577,2023,22600
3,18080,10240,0,0,4,4,4520,1017,5120,6137
3,18080,14464,0,0,4,4,4520,1875,3616,5491
3,18080,15820,0,0,4,4,4520,1536,3955,5491
3,18088,4,0,0,12,4,4522,13311,1,13312
3,18088,4,0,0,12,4,4522,31212,1,31213
3,18088,1444,0,0,4,4,4522,4263,361,4624
3,18088,3328,0,0,4,4,4522,3249,1664,4913
3,18088,3724,0,0,4,4,4522,2187,6517,8704
3,18088,5488,0,0,4,4,4522,3393,2744,6137
3,18120,4532,0,0,4,4,4530,6561,9064,15625
3,18200,12544,0,0,4,4,4550,1125,6272,7397
3,18232,4300,0,0,4,4,4558,243,5375,5618
3,18296,5324,0,0,4,4,4574,6861,1331,8192
3,18312,500,0,0,4,4,4578,7203,125,7328
3,18320,916,0,0,4,4,4580,7047,1145,8192
3,18472,16384,0,0,4,4,4618,1125,8192,9317
3,18480,500,0,0,4,4,4620,15552,625,16177
3,18512,12800,0,0,4,4,4628,1521,6400,7921
3,18584,664,0,0,4,4,4646,6561,1328,7889
3,18592,4,0,0,4,4,4648,6723,4,6727
3,18632,4,0,0,12,4,4658,18495,1,18496
3,18640,5476,0,0,4,4,4660,3087,2738,5825
3,18688,5248,0,0,4,4,4672,81,5248,5329
3,18688,6724,0,0,4,4,4672,3648,1681,5329
3,18752,4,0,0,4,4,4688,9375,1,9376
3,18752,500,0,0,4,4,4688,71199,625,71824
3,18752,2000,0,0,4,4,4688,83349,2500,85849
3,18752,4688,0,0,4,4,4688,7203,1172,8375
3,18752,10720,0,0,4,4,4688,59049,26800,85849
3,18760,7000,0,0,4,4,4690,243,8750,8993
3,18760,9604,0,0,4,4,4690,9375,2401,11776
3,18760,13720,0,0,4,4,4690,2187,24010,26197
3,18760,17500,0,0,4,4,4690,1863,17500,19363
3,18824,9412,0,0,4,4,4706,12288,2353,14641
3,18920,4,0,0,12,4,4730,17199,1,17200
3,18920,32,0,0,4,4,4730,14625,16,14641
3,18920,64,0,0,4,4,4730,15609,16,15625
3,18920,100,0,0,4,4,4730,8256,25,8281
3,18920,256,0,0,4,4,4730,6591,64,6655
3,18920,256,0,0,4,4,4730,7203,64,7267
3,18920,484,0,0,4,4,4730,26754,121,26875
3,18920,572,0,0,4,4,4730,4374,1001,5375
3,18920,860,0,0,4,4,4730,6561,1720,8281
3,18920,1936,0,0,4,4,4730,13689,1936,15625
3,18920,4576,0,0,4,4,4730,3087,2288,5375
3,18920,4900,0,0,4,4,4730,13416,1225,14641
3,18920,5824,0,0,4,4,4730,9801,5824,15625
3,18920,8000,0,0,4,4,4730,10449,10000,20449
3,18920,8192,0,0,4,4,4730,1053,8192,9245
3,18920,8788,0,0,4,4,4730,5547,2197,7744
3,18920,8788,0,0,4,4,4730,4851,4394,9245
3,18920,10816,0,0,4,4,4730,3225,2704,5929
3,18920,11000,0,0,4,4,4730,6561,22000,28561
3,18920,12500,0,0,4,4,4730,1677,3125,4802
3,18920,13312,0,0,4,4,4730,1875,3328,5203
3,18920,14560,0,0,4,4,4730,81,14560,14641
3,18920,16384,0,0,4,4,4730,1125,8192,9317
3,19024,6724,0,0,4,4,4756,14703,1681,16384
3,19032,1220,0,0,4,4,4758,12636,1525,14161
3,19032,3332,0,0,4,4,4758,4575,833,5408
3,19032,6500,0,0,4,4,4758,1701,8125,9826
3,19032,6656,0,0,4,4,4758,3969,6656,10625
3,19032,12500,0,0,4,4,4758,17493,3125,20618
3,19032,16184,0,0,4,4,4758,4941,16184,21125
3,19040,100,0,0,4,4,4760,7143,25,7168
3,19040,6272,0,0,4,4,4760,21429,3136,24565
3,19080,32,0,0,4,4,4770,6561,64,6625
3,19088,19088,0,0,4,4,4772,1089,9544,10633
3,19168,16384,0,0,4,4,4792,5391,8192,13583
3,19176,512,0,0,4,4,4794,5559,128,5687
3,19232,500,0,0,4,4,4808,8991,625,9616
3,19232,2404,0,0,4,4,4808,4875,601,5476
3,19232,4808,0,0,4,4,4808,243,6010,6253
3,19232,5408,0,0,4,4,4808,12321,2704,15025
3,19256,8,0,0,4,4,4814,24381,8,24389
3,19264,16,0,0,4,4,4816,5913,16,5929
3,19304,4,0,0,12,4,4826,6858,1,6859
3,19312,4,0,0,4,4,4828,4899,1,4900
3,19312,100,0,0,4,4,4828,83496,25,83521
3,19312,1372,0,0,4,4,4828,60492,343,60835
3,19312,1564,0,0,4,4,4828,17253,1955,19208
3,19312,2116,0,0,4,4,4828,13632,529,14161
3,19312,2500,0,0,4,4,4828,4416,625,5041
3,19312,7000,0,0,4,4,4828,243,8750,8993
3,19312,9604,0,0,4,4,4828,9375,2401,11776
3,19352,5324,0,0,4,4,4838,14337,6655,20992
3,19392,1940,0,0,4,4,4848,7776,2425,10201
3,19440,32,0,0,4,4,4860,14625,16,14641
3,19440,11000,0,0,4,4,4860,6561,22000,28561
3,19448,3328,0,0,4,4,4862,3249,1664,4913
3,19448,16796,0,0,4,4,4862,3993,4199,8192
3,19480,1948,0,0,12,4,4870,5400,487,5887
3,19544,9604,0,0,4,4,4886,3141,4802,7943
3,19592,4,0,0,4,4,4898,120000,1,120001
3,19592,4,0,0,12,4,4898,13824,1,13825
3,19592,9604,0,0,4,4,4898,3840,2401,6241
3,19600,4096,0,0,4,4,4900,75411,4096,79507
3,19712,4,0,0,4,4,4928,30624,1,30625
3,19712,28,0,0,4,4,4928,17496,49,17545
3,19712,392,0,0,4,4,4928,75429,196,75625
3,19712,484,0,0,4,4,4928,6375,121,6496
3,19712,484,0,0,4,4,4928,18375,121,18496
3,19712,1372,0,0,4,4,4928,63423,2401,65824
3,19712,3364,0,0,4,4,4928,14784,841,15625
3,19712,3364,0,0,4,4,4928,73695,841,74536
3,19712,4096,0,0,4,4,4928,4131,5120,9251
3,19712,6728,0,0,4,4,4928,15147,6728,21875
3,19712,8192,0,0,4,4,4928,7203,2048,9251
3,19712,8192,0,0,4,4,4928,39933,8192,48125
3,19712,9248,0,0,4,4,4928,1305,4624,5929
3,19712,12100,0,0,4,4,4928,11136,3025,14161
3,19712,12500,0,0,4,4,4928,14739,3125,17864
3,19712,14080,0,0,4,4,4928,81,14080,14161
3,19712,15400,0,0,4,4,4928,68121,15400,83521
3,19712,16384,0,0,4,4,4928,1125,8192,9317
3,19712,16384,0,0,4,4,4928,32625,8192,40817
3,19712,17408,0,0,4,4,4928,2523,4352,6875
3,19712,19652,0,0,4,4,4928,1815,4913,6728
3,19720,4,0,0,12,4,4930,18495,1,18496
3,19760,4,0,0,4,4,4940,84720,1,84721
3,19760,128,0,0,4,4,4940,15561,64,15625
3,19760,4000,0,0,4,4,4940,13689,4000,17689
3,19760,6860,0,0,4,4,4940,4992,1715,6707
3,19760,8192,0,0,4,4,4940,6561,16384,22945
3,19760,8788,0,0,4,4,4940,26475,2197,28672
3,19760,10816,0,0,4,4,4940,1539,10816,12355
3,19760,12160,0,0,4,4,4940,13767,3040,16807
3,19760,17576,0,0,4,4,4940,3087,8788,11875
3,19760,17836,0,0,4,4,4940,2400,4459,6859
3,19760,18356,0,0,4,4,4940,1536,4589,6125
3,19872,9200,0,0,4,4,4968,441,4600,5041
3,19880,8,0,0,12,4,4970,8019,4,8023
3,19880,256,0,0,4,4,4970,12705,64,12769
3,19880,800,0,0,4,4,4970,7623,400,8023
3,19880,904,0,0,4,4,4970,5751,904,6655
3,19880,1372,0,0,4,4,4970,7680,343,8023
3,19880,5488,0,0,4,4,4970,9153,5488,14641
3,19880,7232,0,0,4,4,4970,11025,3616,14641
3,19880,8800,0,0,4,4,4970,3969,8800,12769
3,19880,9604,0,0,4,4,4970,2640,2401,5041
3,19880,10000,0,0,4,4,4970,2541,2500,5041
3,19880,16384,0,0,4,4,4970,1125,8192,9317
3,19912,4864,0,0,4,4,4978,2025,4864,6889
3,19920,32,0,0,4,4,4980,6561,64,6625
3,20010,6655,0,0,5,5,4002,11661,1331,12992
3,20010,10240,0,0,5,5,4002,7203,2048,9251
3,20010,17545,0,0,5,5,4002,1587,3509,5096
3,20010,19360,0,0,5,5,4002,1029,3872,4901
3,20050,160,0,0,5,5,4010,6561,256,6817
3,20140,40,0,0,5,5,4028,6561,64,6625
3,20140,500,0,0,5,5,4028,4293,400,4693
3,20140,640,0,0,5,5,4028,4293,512,4805
3,20140,1805,0,0,5,5,4028,8427,361,8788
3,20140,4805,0,0,5,5,4028,9063,1922,10985
3,20140,9920,0,0,5,5,4028,4875,1984,6859
3,20140,15625,0,0,5,5,4028,8427,3125,11552
3,20150,320,0,0,5,5,4030,3969,256,4225
3,20150,9920,0,0,5,5,4030,6591,1984,8575
3,20230,10,0,0,15,5,4046,12393,4,12397
3,20230,385,0,0,5,5,4046,4374,539,4913
3,20290,2240,0,0,5,5,4058,6561,3584,10145
3,20300,80,0,0,5,5,4060,6093,32,6125
3,20320,5,0,0,15,5,4064,6858,1,6859
3,20340,5650,0,0,5,5,4068,8991,5650,14641
3,20340,15625,0,0,5,5,4068,1056,3125,4181
3,20340,15625,0,0,5,5,4068,4107,3125,7232
3,20350,5090,0,0,5,5,4070,405,4072,4477
3,20360,5,0,0,5,5,4072,9408,1,9409
3,20400,8125,0,0,5,5,4080,16524,8125,24649
3,20400,15625,0,0,5,5,4080,6123,3125,9248
3,20440,3125,0,0,5,5,4088,4704,625,5329
3,20500,5,0,0,5,5,4100,9375,1,9376
3,20500,2500,0,0,5,5,4100,83349,2500,85849
3,20500,20480,0,0,5,5,4100,1029,4096,5125
3,20540,5,0,0,5,5,4108,6240,1,6241
3,20650,125,0,0,5,5,4130,14337,125,14462
3,20650,4480,0,0,5,5,4130,54675,6272,60947
3,20650,17405,0,0,5,5,4130,3750,3481,7231
3,20700,640,0,0,5,5,4140,8175,128,8303
3,20710,1805,0,0,5,5,4142,16023,361,16384
3,20740,5,0,0,5,5,4148,6885,4,6889
3,20740,415,0,0,5,5,4148,6561,664,7225
3,20740,625,0,0,5,5,4148,11163,125,11288
3,20790,15,0,0,15,5,4158,4455,4,4459
3,20790,40,0,0,5,5,4158,14625,16,14641
3,20790,7840,0,0,5,5,4158,1089,3136,4225
3,20790,13750,0,0,5,5,4158,6561,22000,28561
3,20890,3040,0,0,5,5,4178,6267,608,6875
3,20900,5,0,0,5,5,4180,4674,1,4675
3,20900,320,0,0,5,5,4180,31875,64,31939
3,20900,605,0,0,5,5,4180,15504,121,15625
3,20900,1025,0,0,5,5,4180,3888,1025,4913
3,20900,1280,0,0,5,5,4180,5625,512,6137
3,20900,2420,0,0,5,5,4180,6375,484,6859
3,20900,6560,0,0,5,5,4180,2601,2624,5225
3,20900,10250,0,0,5,5,4180,20577,2050,22627
3,20920,13720,0,0,5,5,4184,1053,10976,12029
3,20930,3680,0,0,5,5,4186,28269,2944,31213
3,21140,125,0,0,5,5,4228,11907,125,12032
3,21140,6125,0,0,5,5,4228,972,6125,7097
3,21190,40,0,0,5,5,4238,6561,64,6625
3,21190,10240,0,0,5,5,4238,6591,2048,8639
3,21200,125,0,0,5,5,4240,10176,25,10201
3,21200,15680,0,0,5,5,4240,81,12544,12625
3,21340,5,0,0,5,5,4268,9408,1,9409
3,21340,5,0,0,5,5,4268,14640,1,14641
3,21340,5,0,0,15,5,4268,4752,1,4753
3,21340,125,0,0,5,5,4268,11712,25,11737
3,21340,245,0,0,5,5,4268,24057,343,24400
3,21340,2135,0,0,5,5,4268,8748,2989,11737
3,21340,2425,0,0,5,5,4268,14823,2425,17248
3,21340,3125,0,0,5,5,4268,14259,625,14884
3,21340,4880,0,0,5,5,4268,2025,3904,5929
3,21340,8960,0,0,5,5,4268,4125,1792,5917
3,21340,12125,0,0,5,5,4268,4941,9700,14641
3,21340,18865,0,0,5,5,4268,28227,3773,32000
3,21340,20480,0,0,5,5,4268,1125,8192,9317
3,21350,9800,0,0,5,5,4270,81,7840,7921
3,21350,18605,0,0,5,5,4270,4200,3721,7921
3,21410,21410,0,0,5,5,4282,6561,34256,40817
3,21440,320,0,0,5,5,4288,6591,64,6655
3,21440,2420,0,0,5,5,4288,13689,1936,15625
3,21450,40,0,0,5,5,4290,14625,16,14641
3,21450,1480,0,0,5,5,4290,9801,1184,10985
3,21450,5800,0,0,5,5,4290,12321,2320,14641
3,21450,6655,0,0,5,5,4290,20535,1331,21866
3,21450,13750,0,0,5,5,4290,6561,22000,28561
3,21450,15625,0,0,5,5,4290,1776,3125,4901
3,21490,3920,0,0,5,5,4298,2187,5488,7675
3,21490,16000,0,0,5,5,4298,74601,16000,90601
3,21550,3125,0,0,5,5,4310,4116,625,4741
3,21550,20480,0,0,5,5,4310,1125,8192,9317
3,21580,14365,0,0,5,5,4316,1143,5746,6889
3,21590,2540,0,0,5,5,4318,6561,4064,10625
3,21620,5,0,0,5,5,4324,35328,1,35329
3,21620,10580,0,0,5,5,4324,8343,8464,16807
3,21620,13160,0,0,5,5,4324,81,10528,10609
3,21700,160,0,0,5,5,4340,5145,32,5177
3,21700,6250,0,0,5,5,4340,25389,2500,27889
3,21700,6370,0,0,5,5,4340,81,5096,5177
3,21700,6680,0,0,5,5,4340,81,5344,5425
3,21700,8320,0,0,5,5,4340,50625,6656,57281
3,21700,9920,0,0,5,5,4340,6591,1984,8575
3,21700,12250,0,0,5,5,4340,243,12250,12493
3,21840,160,0,0,5,5,4368,15561,64,15625
3,21840,805,0,0,5,5,4368,3888,805,4693
3,21840,2275,0,0,5,5,4368,7776,2275,10051
3,21840,7000,0,0,5,5,4368,81,5600,5681
3,21840,13225,0,0,5,5,4368,3159,13225,16384
3,21840,14560,0,0,5,5,4368,1035,5824,6859
3,21840,15625,0,0,5,5,4368,24843,3125,27968
3,21840,19435,0,0,5,5,4368,768,3887,4655
3,21890,3125,0,0,5,5,4378,14016,625,14641
3,21900,17920,0,0,5,5,4380,657,7168,7825
3,21990,15625,0,0,5,5,4398,2199,3125,5324
3,22000,6200,0,0,5,5,4400,81,4960,5041
3,22010,80,0,0,5,5,4402,29727,64,29791
3,22040,12005,0,0,5,5,4408,13224,2401,15625
3,22100,5,0,0,5,5,4420,4488,1,4489
3,22100,5,0,0,5,5,4420,14739,1,14740
3,22100,320,0,0,5,5,4420,6591,64,6655
3,22100,2420,0,0,5,5,4420,13689,1936,15625
3,22100,5000,0,0,5,5,4420,33969,1000,34969
3,22100,10880,0,0,5,5,4420,6633,4352,10985
3,22100,18785,0,0,5,5,4420,1875,3757,5632
3,22100,20570,0,0,5,5,4420,375,4114,4489
3,22110,15,0,0,15,5,4422,6237,4,6241
3,22190,20720,0,0,5,5,4438,59049,41440,100489
3,22220,80,0,0,5,5,4444,17271,32,17303
3,22220,845,0,0,5,5,4444,10032,169,10201
3,22250,245,0,0,5,5,4450,4374,343,4717
3,22250,9800,0,0,5,5,4450,81,7840,7921
3,22290,640,0,0,5,5,4458,18063,512,18575
3,22300,3880,0,0,5,5,4460,2025,3104,5129
3,22300,12800,0,0,5,5,4460,9,5120,5129
3,22320,640,0,0,5,5,4464,43923,128,44051
3,22320,10240,0,0,5,5,4464,7203,2048,9251
3,22330,10240,0,0,5,5,4466,7203,2048,9251
3,22350,10240,0,0,5,5,4470,1053,8192,9245
3,22440,15625,0,0,5,5,4488,4131,15625,19756
3,22540,5,0,0,5,5,4508,91839,1,91840
3,22540,245,0,0,15,5,4508,16335,49,16384
3,22540,500,0,0,5,5,4508,4761,200,4961
3,22540,880,0,0,5,5,4508,10935,1232,12167
3,22540,1120,0,0,5,5,4508,24057,1568,25625
3,22540,1715,0,0,5,5,4508,23232,343,23575
3,22540,2000,0,0,5,5,4508,13041,1600,14641
3,22540,2645,0,0,5,5,4508,9075,529,9604
3,22540,2645,0,0,5,5,4508,9471,529,10000
3,22540,5635,0,0,5,5,4508,3993,1127,5120
3,22540,12005,0,0,5,5,4508,9375,2401,11776
3,22540,12005,0,0,5,5,4508,10824,2401,13225
3,22540,12100,0,0,5,5,4508,6561,19360,25921
3,22540,13310,0,0,5,5,4508,14145,2662,16807
3,22540,13720,0,0,5,5,4508,3075,2744,5819
3,22540,15125,0,0,5,5,4508,9963,15125,25088
3,22540,20480,0,0,5,5,4508,1029,4096,5125
3,22540,20480,0,0,5,5,4508,1125,8192,9317
3,22540,22540,0,0,5,5,4508,5625,9016,14641
3,22600,5,0,0,5,5,4520,12768,1,12769
3,22600,1000,0,0,5,5,4520,17289,400,17689
3,22600,1280,0,0,5,5,4520,5625,512,6137
3,22600,3610,0,0,5,5,4520,2025,2888,4913
3,22600,3920,0,0,5,5,4520,6441,784,7225
3,22600,4655,0,0,5,5,4520,2187,6517,8704
3,22600,4750,0,0,5,5,4520,6561,7600,14161
3,22600,10115,0,0,5,5,4520,20577,2023,22600
3,22600,12800,0,0,5,5,4520,1017,5120,6137
3,22600,18080,0,0,5,5,4520,1875,3616,5491
3,22600,19775,0,0,5,5,4520,1536,3955,5491
3,22610,5,0,0,15,5,4522,13311,1,13312
3,22610,5,0,0,15,5,4522,31212,1,31213
3,22610,1805,0,0,5,5,4522,4263,361,4624
3,22610,4160,0,0,5,5,4522,3249,1664,4913
3,22610,4655,0,0,5,5,4522,2187,6517,8704
3,22610,6860,0,0,5,5,4522,3393,2744,6137
3,22650,5665,0,0,5,5,4530,6561,9064,15625
3,22750,15680,0,0,5,5,4550,1125,6272,7397
3,22790,5375,0,0,5,5,4558,243,5375,5618
3,22870,6655,0,0,5,5,4574,6861,1331,8192
3,22890,625,0,0,5,5,4578,7203,125,7328
3,22900,1145,0,0,5,5,4580,7047,1145,8192
3,23090,20480,0,0,5,5,4618,1125,8192,9317
3,23100,625,0,0,5,5,4620,15552,625,16177
3,23140,16000,0,0,5,5,4628,1521,6400,7921
3,23230,830,0,0,5,5,4646,6561,1328,7889
3,23240,5,0,0,5,5,4648,6723,4,6727
3,23290,5,0,0,15,5,4658,18495,1,18496
3,23300,6845,0,0,5,5,4660,3087,2738,5825
3,23360,6560,0,0,5,5,4672,81,5248,5329
3,23360,8405,0,0,5,5,4672,3648,1681,5329
3,23440,5,0,0,5,5,4688,9375,1,9376
3,23440,625,0,0,5,5,4688,71199,625,71824
3,23440,2500,0,0,5,5,4688,83349,2500,85849
3,23440,5860,0,0,5,5,4688,7203,1172,8375
3,23440,13400,0,0,5,5,4688,59049,26800,85849
3,23450,8750,0,0,5,5,4690,243,8750,8993
3,23450,12005,0,0,5,5,4690,9375,2401,11776
3,23450,17150,0,0,5,5,4690,2187,24010,26197
3,23450,21875,0,0,5,5,4690,1863,17500,19363
3,23530,11765,0,0,5,5,4706,12288,2353,14641
3,23650,5,0,0,15,5,4730,17199,1,17200
3,23650,40,0,0,5,5,4730,14625,16,14641
3,23650,80,0,0,5,5,4730,15609,16,15625
3,23650,125,0,0,5,5,4730,8256,25,8281
3,23650,320,0,0,5,5,4730,6591,64,6655
3,23650,320,0,0,5,5,4730,7203,64,7267
3,23650,605,0,0,5,5,4730,26754,121,26875
3,23650,715,0,0,5,5,4730,4374,1001,5375
3,23650,1075,0,0,5,5,4730,6561,1720,8281
3,23650,2420,0,0,5,5,4730,13689,1936,15625
3,23650,5720,0,0,5,5,4730,3087,2288,5375
3,23650,6125,0,0,5,5,4730,13416,1225,14641
3,23650,7280,0,0,5,5,4730,9801,5824,15625
3,23650,10000,0,0,5,5,4730,10449,10000,20449
3,23650,10240,0,0,5,5,4730,1053,8192,9245
3,23650,10985,0,0,5,5,4730,5547,2197,7744
3,23650,10985,0,0,5,5,4730,4851,4394,9245
3,23650,13520,0,0,5,5,4730,3225,2704,5929
3,23650,13750,0,0,5,5,4730,6561,22000,28561
3,23650,15625,0,0,5,5,4730,1677,3125,4802
3,23650,16640,0,0,5,5,4730,1875,3328,5203
3,23650,18200,0,0,5,5,4730,81,14560,14641
3,23650,20480,0,0,5,5,4730,1125,8192,9317
3,23780,8405,0,0,5,5,4756,14703,1681,16384
3,23790,1525,0,0,5,5,4758,12636,1525,14161
3,23790,4165,0,0,5,5,4758,4575,833,5408
3,23790,8125,0,0,5,5,4758,1701,8125,9826
3,23790,8320,0,0,5,5,4758,3969,6656,10625
3,23790,15625,0,0,5,5,4758,17493,3125,20618
3,23790,20230,0,0,5,5,4758,4941,16184,21125
3,23800,125,0,0,5,5,4760,7143,25,7168
3,23800,7840,0,0,5,5,4760,21429,3136,24565
3,23850,40,0,0,5,5,4770,6561,64,6625
3,23860,23860,0,0,5,5,4772,1089,9544,10633
3,23960,20480,0,0,5,5,4792,5391,8192,13583
3,23970,640,0,0,5,5,4794,5559,128,5687
3,24012,7986,0,0,6,6,4002,11661,1331,12992
3,24012,12288,0,0,6,6,4002,7203,2048,9251
3,24012,21054,0,0,6,6,4002,1587,3509,5096
3,24012,23232,0,0,6,6,4002,1029,3872,4901
3,24040,625,0,0,5,5,4808,8991,625,9616
3,24040,3005,0,0,5,5,4808,4875,601,5476
3,24040,6010,0,0,5,5,4808,243,6010,6253
3,24040,6760,0,0,5,5,4808,12321,2704,15025
3,24060,192,0,0,6,6,4010,6561,256,6817
3,24070,10,0,0,5,5,4814,24381,8,24389
3,24080,20,0,0,5,5,4816,5913,16,5929
3,24130,5,0,0,15,5,4826,6858,1,6859
3,24140,5,0,0,5,5,4828,4899,1,4900
3,24140,125,0,0,5,5,4828,83496,25,83521
3,24140,1715,0,0,5,5,4828,60492,343,60835
3,24140,1955,0,0,5,5,4828,17253,1955,19208
3,24140,2645,0,0,5,5,4828,13632,529,14161
3,24140,3125,0,0,5,5,4828,4416,625,5041
3,24140,8750,0,0,5,5,4828,243,8750,8993
3,24140,12005,0,0,5,5,4828,9375,2401,11776
3,24168,48,0,0,6,6,4028,6561,64,6625
3,24168,600,0,0,6,6,4028,4293,400,4693
3,24168,768,0,0,6,6,4028,4293,512,4805
3,24168,2166,0,0,6,6,4028,8427,361,8788
3,24168,5766,0,0,6,6,4028,9063,1922,10985
3,24168,11904,0,0,6,6,4028,4875,1984,6859
3,24168,18750,0,0,6,6,4028,8427,3125,11552
3,24180,384,0,0,6,6,4030,3969,256,4225
3,24180,11904,0,0,6,6,4030,6591,1984,8575
3,24190,6655,0,0,5,5,4838,14337,6655,20992
3,24240,2425,0,0,5,5,4848,7776,2425,10201
3,24276,12,0,0,18,6,4046,12393,4,12397
3,24276,462,0,0,6,6,4046,4374,539,4913
3,24300,40,0,0,5,5,4860,14625,16,14641
3,24300,13750,0,0,5,5,4860,6561,22000,28561
3,24310,4160,0,0,5,5,4862,3249,1664,4913
3,24310,20995,0,0,5,5,4862,3993,4199,8192
3,24348,2688,0,0,6,6,4058,6561,3584,10145
3,24350,2435,0,0,15,5,4870,5400,487,5887
3,24360,96,0,0,6,6,4060,6093,32,6125
3,24384,6,0,0,18,6,4064,6858,1,6859
3,24408,6780,0,0,6,6,4068,8991,5650,14641
3,24408,18750,0,0,6,6,4068,1056,3125,4181
3,24408,18750,0,0,6,6,4068,4107,3125,7232
3,24420,6108,0,0,6,6,4070,405,4072,4477
3,24430,12005,0,0,5,5,4886,3141,4802,7943
3,24432,6,0,0,6,6,4072,9408,1,9409
3,24480,9750,0,0,6,6,4080,16524,8125,24649
3,24480,18750,0,0,6,6,4080,6123,3125,9248
3,24490,5,0,0,5,5,4898,120000,1,120001
3,24490,5,0,0,15,5,4898,13824,1,13825
3,24490,12005,0,0,5,5,4898,3840,2401,6241
3,24500,5120,0,0,5,5,4900,75411,4096,79507
3,24528,3750,0,0,6,6,4088,4704,625,5329
3,24600,6,0,0,6,6,4100,9375,1,9376
3,24600,3000,0,0,6,6,4100,83349,2500,85849
3,24600,24576,0,0,6,6,4100,1029,4096,5125
3,24640,5,0,0,5,5,4928,30624,1,30625
3,24640,35,0,0,5,5,4928,17496,49,17545
3,24640,490,0,0,5,5,4928,75429,196,75625
3,24640,605,0,0,5,5,4928,6375,121,6496
3,24640,605,0,0,5,5,4928,18375,121,18496
3,24640,1715,0,0,5,5,4928,63423,2401,65824
3,24640,4205,0,0,5,5,4928,14784,841,15625
3,24640,4205,0,0,5,5,4928,73695,841,74536
3,24640,5120,0,0,5,5,4928,4131,5120,9251
3,24640,8410,0,0,5,5,4928,15147,6728,21875
3,24640,10240,0,0,5,5,4928,7203,2048,9251
3,24640,10240,0,0,5,5,4928,39933,8192,48125
3,24640,11560,0,0,5,5,4928,1305,4624,5929
3,24640,15125,0,0,5,5,4928,11136,3025,14161
3,24640,15625,0,0,5,5,4928,14739,3125,17864
3,24640,17600,0,0,5,5,4928,81,14080,14161
3,24640,19250,0,0,5,5,4928,68121,15400,83521
3,24640,20480,0,0,5,5,4928,1125,8192,9317
3,24640,20480,0,0,5,5,4928,32625,8192,40817
3,24640,21760,0,0,5,5,4928,2523,4352,6875
3,24640,24565,0,0,5,5,4928,1815,4913,6728
3,24648,6,0,0,6,6,4108,6240,1,6241
3,24650,5,0,0,15,5,4930,18495,1,18496
3,24700,5,0,0,5,5,4940,84720,1,84721
3,24700,160,0,0,5,5,4940,15561,64,15625
3,24700,5000,0,0,5,5,4940,13689,4000,17689
3,24700,8575,0,0,5,5,4940,4992,1715,6707
3,24700,10240,0,0,5,5,4940,6561,16384,22945
3,24700,10985,0,0,5,5,4940,26475,2197,28672
3,24700,13520,0,0,5,5,4940,1539,10816,12355
3,24700,15200,0,0,5,5,4940,13767,3040,16807
3,24700,21970,0,0,5,5,4940,3087,8788,11875
3,24700,22295,0,0,5,5,4940,2400,4459,6859
3,24700,22945,0,0,5,5,4940,1536,4589,6125
3,24780,150,0,0,6,6,4130,14337,125,14462
3,24780,5376,0,0,6,6,4130,54675,6272,60947
3,24780,20886,0,0,6,6,4130,3750,3481,7231
3,24840,768,0,0,6,6,4140,8175,128,8303
3,24840,11500,0,0,5,5,4968,441,4600,5041
3,24850,10,0,0,15,5,4970,8019,4,8023
3,24850,320,0,0,5,5,4970,12705,64,12769
3,24850,1000,0,0,5,5,4970,7623,400,8023
3,24850,1130,0,0,5,5,4970,5751,904,6655
3,24850,1715,0,0,5,5,4970,7680,343,8023
3,24850,6860,0,0,5,5,4970,9153,5488,14641
3,24850,9040,0,0,5,5,4970,11025,3616,14641
3,24850,11000,0,0,5,5,4970,3969,8800,12769
3,24850,12005,0,0,5,5,4970,2640,2401,5041
3,24850,12500,0,0,5,5,4970,2541,2500,5041
3,24850,20480,0,0,5,5,4970,1125,8192,9317
3,24852,2166,0,0,6,6,4142,16023,361,16384
3,24888,6,0,0,6,6,4148,6885,4,6889
3,24888,498,0,0,6,6,4148,6561,664,7225
3,24888,750,0,0,6,6,4148,11163,125,11288
3,24890,6080,0,0,5,5,4978,2025,4864,6889
3,24900,40,0,0,5,5,4980,6561,64,6625
3,24948,18,0,0,18,6,4158,4455,4,4459
3,24948,48,0,0,6,6,4158,14625,16,14641
3,24948,9408,0,0,6,6,4158,1089,3136,4225
3,24948,16500,0,0,6,6,4158,6561,22000,28561
3,25068,3648,0,0,6,6,4178,6267,608,6875
3,25080,6,0,0,6,6,4180,4674,1,4675
3,25080,384,0,0,6,6,4180,31875,64,31939
3,25080,726,0,0,6,6,4180,15504,121,15625
3,25080,1230,0,0,6,6,4180,3888,1025,4913
3,25080,1536,0,0,6,6,4180,5625,512,6137
3,25080,2904,0,0,6,6,4180,6375,484,6859
3,25080,7872,0,0,6,6,4180,2601,2624,5225
3,25080,12300,0,0,6,6,4180,20577,2050,22627
3,25104,16464,0,0,6,6,4184,1053,10976,12029
3,25116,4416,0,0,6,6,4186,28269,2944,31213
3,25368,150,0,0,6,6,4228,11907,125,12032
3,25368,7350,0,0,6,6,4228,972,6125,7097
3,25428,48,0,0,6,6,4238,6561,64,6625
3,25428,12288,0,0,6,6,4238,6591,2048,8639
3,25440,150,0,0,6,6,4240,10176,25,10201
3,25440,18816,0,0,6,6,4240,81,12544,12625
3,25608,6,0,0,6,6,4268,9408,1,9409
3,25608,6,0,0,6,6,4268,14640,1,14641
3,25608,6,0,0,18,6,4268,4752,1,4753
3,25608,150,0,0,6,6,4268,11712,25,11737
3,25608,294,0,0,6,6,4268,24057,343,24400
3,25608,2562,0,0,6,6,4268,8748,2989,11737
3,25608,2910,0,0,6,6,4268,14823,2425,17248
3,25608,3750,0,0,6,6,4268,14259,625,14884
3,25608,5856,0,0,6,6,4268,2025,3904,5929
3,25608,10752,0,0,6,6,4268,4125,1792,5917
3,25608,14550,0,0,6,6,4268,4941,9700,14641
3,25608,22638,0,0,6,6,4268,28227,3773,32000
3,25608,24576,0,0,6,6,4268,1125,8192,9317
3,25620,11760,0,0,6,6,4270,81,7840,7921
3,25620,22326,0,0,6,6,4270,4200,3721,7921
3,25692,25692,0,0,6,6,4282,6561,34256,40817
3,25728,384,0,0,6,6,4288,6591,64,6655
3,25728,2904,0,0,6,6,4288,13689,1936,15625
3,25740,48,0,0,6,6,4290,14625,16,14641
3,25740,1776,0,0,6,6,4290,9801,1184,10985
3,25740,6960,0,0,6,6,4290,12321,2320,14641
3,25740,7986,0,0,6,6,4290,20535,1331,21866
3,25740,16500,0,0,6,6,4290,6561,22000,28561
3,25740,18750,0,0,6,6,4290,1776,3125,4901
3,25788,4704,0,0,6,6,4298,2187,5488,7675
3,25788,19200,0,0,6,6,4298,74601,16000,90601
3,25860,3750,0,0,6,6,4310,4116,625,4741
3,25860,24576,0,0,6,6,4310,1125,8192,9317
3,25896,17238,0,0,6,6,4316,1143,5746,6889
3,25908,3048,0,0,6,6,4318,6561,4064,10625
3,25944,6,0,0,6,6,4324,35328,1,35329
3,25944,12696,0,0,6,6,4324,8343,8464,16807
3,25944,15792,0,0,6,6,4324,81,10528,10609
3,26040,192,0,0,6,6,4340,5145,32,5177
3,26040,7500,0,0,6,6,4340,25389,2500,27889
3,26040,7644,0,0,6,6,4340,81,5096,5177
3,26040,8016,0,0,6,6,4340,81,5344,5425
3,26040,9984,0,0,6,6,4340,50625,6656,57281
3,26040,11904,0,0,6,6,4340,6591,1984,8575
3,26040,14700,0,0,6,6,4340,243,12250,12493
3,26208,192,0,0,6,6,4368,15561,64,15625
3,26208,966,0,0,6,6,4368,3888,805,4693
3,26208,2730,0,0,6,6,4368,7776,2275,10051
3,26208,8400,0,0,6,6,4368,81,5600,5681
3,26208,15870,0,0,6,6,4368,3159,13225,16384
3,26208,17472,0,0,6,6,4368,1035,5824,6859
3,26208,18750,0,0,6,6,4368,24843,3125,27968
3,26208,23322,0,0,6,6,4368,768,3887,4655
3,26268,3750,0,0,6,6,4378,14016,625,14641
3,26280,21504,0,0,6,6,4380,657,7168,7825
3,26388,18750,0,0,6,6,4398,2199,3125,5324
3,26400,7440,0,0,6,6,4400,81,4960,5041
3,26412,96,0,0,6,6,4402,29727,64,29791
3,26448,14406,0,0,6,6,4408,13224,2401,15625
3,26520,6,0,0,6,6,4420,4488,1,4489
3,26520,6,0,0,6,6,4420,14739,1,14740
3,26520,384,0,0,6,6,4420,6591,64,6655
3,26520,2904,0,0,6,6,4420,13689,1936,15625
3,26520,6000,0,0,6,6,4420,33969,1000,34969
3,26520,13056,0,0,6,6,4420,6633,4352,10985
3,26520,22542,0,0,6,6,4420,1875,3757,5632
3,26520,24684,0,0,6,6,4420,375,4114,4489
3,26532,18,0,0,18,6,4422,6237,4,6241
3,26628,24864,0,0,6,6,4438,59049,41440,100489
3,26664,96,0,0,6,6,4444,17271,32,17303
3,26664,1014,0,0,6,6,4444,10032,169,10201
3,26700,294,0,0,6,6,4450,4374,343,4717
3,26700,11760,0,0,6,6,4450,81,7840,7921
3,26748,768,0,0,6,6,4458,18063,512,18575
3,26760,4656,0,0,6,6,4460,2025,3104,5129
3,26760,15360,0,0,6,6,4460,9,5120,5129
3,26784,768,0,0,6,6,4464,43923,128,44051
3,26784,12288,0,0,6,6,4464,7203,2048,9251
3,26796,12288,0,0,6,6,4466,7203,2048,9251
3,26820,12288,0,0,6,6,4470,1053,8192,9245
3,26928,18750,0,0,6,6,4488,4131,15625,19756
3,27048,6,0,0,6,6,4508,91839,1,91840
3,27048,294,0,0,18,6,4508,16335,49,16384
3,27048,600,0,0,6,6,4508,4761,200,4961
3,27048,1056,0,0,6,6,4508,10935,1232,12167
3,27048,1344,0,0,6,6,4508,24057,1568,25625
3,27048,2058,0,0,6,6,4508,23232,343,23575
3,27048,2400,0,0,6,6,4508,13041,1600,14641
3,27048,3174,0,0,6,6,4508,9075,529,9604
3,27048,3174,0,0,6,6,4508,9471,529,10000
3,27048,6762,0,0,6,6,4508,3993,1127,5120
3,27048,14406,0,0,6,6,4508,9375,2401,11776
3,27048,14406,0,0,6,6,4508,10824,2401,13225
3,27048,14520,0,0,6,6,4508,6561,19360,25921
3,27048,15972,0,0,6,6,4508,14145,2662,16807
3,27048,16464,0,0,6,6,4508,3075,2744,5819
3,27048,18150,0,0,6,6,4508,9963,15125,25088
3,27048,24576,0,0,6,6,4508,1029,4096,5125
3,27048,24576,0,0,6,6,4508,1125,8192,9317
3,27048,27048,0,0,6,6,4508,5625,9016,14641
3,27120,6,0,0,6,6,4520,12768,1,12769
3,27120,1200,0,0,6,6,4520,17289,400,17689
3,27120,1536,0,0,6,6,4520,5625,512,6137
3,27120,4332,0,0,6,6,4520,2025,2888,4913
3,27120,4704,0,0,6,6,4520,6441,784,7225
3,27120,5586,0,0,6,6,4520,2187,6517,8704
3,27120,5700,0,0,6,6,4520,6561,7600,14161
3,27120,12138,0,0,6,6,4520,20577,2023,22600
3,27120,15360,0,0,6,6,4520,1017,5120,6137
3,27120,21696,0,0,6,6,4520,1875,3616,5491
3,27120,23730,0,0,6,6,4520,1536,3955,5491
3,27132,6,0,0,18,6,4522,13311,1,13312
3,27132,6,0,0,18,6,4522,31212,1,31213
3,27132,2166,0,0,6,6,4522,4263,361,4624
3,27132,4992,0,0,6,6,4522,3249,1664,4913
3,27132,5586,0,0,6,6,4522,2187,6517,8704
3,27132,8232,0,0,6,6,4522,3393,2744,6137
3,27180,6798,0,0,6,6,4530,6561,9064,15625
3,27300,18816,0,0,6,6,4550,1125,6272,7397
3,27348,6450,0,0,6,6,4558,243,5375,5618
3,27444,7986,0,0,6,6,4574,6861,1331,8192
3,27468,750,0,0,6,6,4578,7203,125,7328
3,27480,1374,0,0,6,6,4580,7047,1145,8192
3,27708,24576,0,0,6,6,4618,1125,8192,9317
3,27720,750,0,0,6,6,4620,15552,625,16177
3,27768,19200,0,0,6,6,4628,1521,6400,7921
3,27876,996,0,0,6,6,4646,6561,1328,7889
3,27888,6,0,0,6,6,4648,6723,4,6727
3,27948,6,0,0,18,6,4658,18495,1,18496
3,27960,8214,0,0,6,6,4660,3087,2738,5825
3,28014,9317,0,0,7,7,4002,11661,1331,12992
3,28014,14336,0,0,7,7,4002,7203,2048,9251
3,28014,24563,0,0,7,7,4002,1587,3509,5096
3,28014,27104,0,0,7,7,4002,1029,3872,4901
3,28032,7872,0,0,6,6,4672,81,5248,5329
3,28032,10086,0,0,6,6,4672,3648,1681,5329
3,28070,224,0,0,7,7,4010,6561,256,6817
3,28128,6,0,0,6,6,4688,9375,1,9376
3,28128,750,0,0,6,6,4688,71199,625,71824
3,28128,3000,0,0,6,6,4688,83349,2500,85849
3,28128,7032,0,0,6,6,4688,7203,1172,8375
3,28128,16080,0,0,6,6,4688,59049,26800,85849
3,28140,10500,0,0,6,6,4690,243,8750,8993
3,28140,14406,0,0,6,6,4690,9375,2401,11776
3,28140,20580,0,0,6,6,4690,2187,24010,26197
3,28140,26250,0,0,6,6,4690,1863,17500,19363
3,28196,56,0,0,7,7,4028,6561,64,6625
3,28196,700,0,0,7,7,4028,4293,400,4693
3,28196,896,0,0,7,7,4028,4293,512,4805
3,28196,2527,0,0,7,7,4028,8427,361,8788
3,28196,6727,0,0,7,7,4028,9063,1922,10985
3,28196,13888,0,0,7,7,4028,4875,1984,6859
3,28196,21875,0,0,7,7,4028,8427,3125,11552
3,28210,448,0,0,7,7,4030,3969,256,4225
3,28210,13888,0,0,7,7,4030,6591,1984,8575
3,28236,14118,0,0,6,6,4706,12288,2353,14641
3,28322,14,0,0,21,7,4046,12393,4,12397
3,28322,539,0,0,7,7,4046,4374,539,4913
3,28380,6,0,0,18,6,4730,17199,1,17200
3,28380,48,0,0,6,6,4730,14625,16,14641
3,28380,96,0,0,6,6,4730,15609,16,15625
3,28380,150,0,0,6,6,4730,8256,25,8281
3,28380,384,0,0,6,6,4730,6591,64,6655
3,28380,384,0,0,6,6,4730,7203,64,7267
3,28380,726,0,0,6,6,4730,26754,121,26875
3,28380,858,0,0,6,6,4730,4374,1001,5375
3,28380,1290,0,0,6,6,4730,6561,1720,8281
3,28380,2904,0,0,6,6,4730,13689,1936,15625
3,28380,6864,0,0,6,6,4730,3087,2288,5375
3,28380,7350,0,0,6,6,4730,13416,1225,14641
3,28380,8736,0,0,6,6,4730,9801,5824,15625
3,28380,12000,0,0,6,6,4730,10449,10000,20449
3,28380,12288,0,0,6,6,4730,1053,8192,9245
3,28380,13182,0,0,6,6,4730,5547,2197,7744
3,28380,13182,0,0,6,6,4730,4851,4394,9245
3,28380,16224,0,0,6,6,4730,3225,2704,5929
3,28380,16500,0,0,6,6,4730,6561,22000,28561
3,28380,18750,0,0,6,6,4730,1677,3125,4802
3,28380,19968,0,0,6,6,4730,1875,3328,5203
3,28380,21840,0,0,6,6,4730,81,14560,14641
3,28380,24576,0,0,6,6,4730,1125,8192,9317
3,28406,3136,0,0,7,7,4058,6561,3584,10145
3,28420,112,0,0,7,7,4060,6093,32,6125
3,28448,7,0,0,21,7,4064,6858,1,6859
3,28476,7910,0,0,7,7,4068,8991,5650,14641
3,28476,21875,0,0,7,7,4068,1056,3125,4181
3,28476,21875,0,0,7,7,4068,4107,3125,7232
3,28490,7126,0,0,7,7,4070,405,4072,4477
3,28504,7,0,0,7,7,4072,9408,1,9409
3,28536,10086,0,0,6,6,4756,14703,1681,16384
3,28548,1830,0,0,6,6,4758,12636,1525,14161
3,28548,4998,0,0,6,6,4758,4575,833,5408
3,28548,9750,0,0,6,6,4758,1701,8125,9826
3,28548,9984,0,0,6,6,4758,3969,6656,10625
3,28548,18750,0,0,6,6,4758,17493,3125,20618
3,28548,24276,0,0,6,6,4758,4941,16184,21125
3,28560,150,0,0,6,6,4760,7143,25,7168
3,28560,9408,0,0,6,6,4760,21429,3136,24565
3,28560,11375,0,0,7,7,4080,16524,8125,24649
3,28560,21875,0,0,7,7,4080,6123,3125,9248
3,28616,4375,0,0,7,7,4088,4704,625,5329
3,28620,48,0,0,6,6,4770,6561,64,6625
3,28632,28632,0,0,6,6,4772,1089,9544,10633
3,28700,7,0,0,7,7,4100,9375,1,9376
3,28700,3500,0,0,7,7,4100,83349,2500,85849
3,28700,28672,0,0,7,7,4100,1029,4096,5125
3,28752,24576,0,0,6,6,4792,5391,8192,13583
3,28756,7,0,0,7,7,4108,6240,1,6241
3,28764,768,0,0,6,6,4794,5559,128,5687
3,28848,750,0,0,6,6,4808,8991,625,9616
3,28848,3606,0,0,6,6,4808,4875,601,5476
3,28848,7212,0,0,6,6,4808,243,6010,6253
3,28848,8112,0,0,6,6,4808,12321,2704,15025
3,28884,12,0,0,6,6,4814,24381,8,24389
3,28896,24,0,0,6,6,4816,5913,16,5929
3,28910,175,0,0,7,7,4130,14337,125,14462
3,28910,6272,0,0,7,7,4130,54675,6272,60947
3,28910,24367,0,0,7,7,4130,3750,3481,7231
3,28956,6,0,0,18,6,4826,6858,1,6859
3,28968,6,0,0,6,6,4828,4899,1,4900
3,28968,150,0,0,6,6,4828,83496,25,83521
3,28968,2058,0,0,6,6,4828,60492,343,60835
3,28968,2346,0,0,6,6,4828,17253,1955,19208
3,28968,3174,0,0,6,6,4828,13632,529,14161
3,28968,3750,0,0,6,6,4828,4416,625,5041
3,28968,10500,0,0,6,6,4828,243,8750,8993
3,28968,14406,0,0,6,6,4828,9375,2401,11776
3,28980,896,0,0,7,7,4140,8175,128,8303
3,28994,2527,0,0,7,7,4142,16023,361,16384
3,29028,7986,0,0,6,6,4838,14337,6655,20992
3,29036,7,0,0,7,7,4148,6885,4,6889
3,29036,581,0,0,7,7,4148,6561,664,7225
3,29036,875,0,0,7,7,4148,11163,125,11288
3,29088,2910,0,0,6,6,4848,7776,2425,10201
3,29106,21,0,0,21,7,4158,4455,4,4459
3,29106,56,0,0,7,7,4158,14625,16,14641
3,29106,10976,0,0,7,7,4158,1089,3136,4225
3,29106,19250,0,0,7,7,4158,6561,22000,28561
3,29160,48,0,0,6,6,4860,14625,16,14641
3,29160,16500,0,0,6,6,4860,6561,22000,28561
3,29172,4992,0,0,6,6,4862,3249,1664,4913
3,29172,25194,0,0,6,6,4862,3993,4199,8192
3,29220,2922,0,0,18,6,4870,5400,487,5887
3,29246,4256,0,0,7,7,4178,6267,608,6875
3,29260,7,0,0,7,7,4180,4674,1,4675
3,29260,448,0,0,7,7,4180,31875,64,31939
3,29260,847,0,0,7,7,4180,15504,121,15625
3,29260,1435,0,0,7,7,4180,3888,1025,4913
3,29260,1792,0,0,7,7,4180,5625,512,6137
3,29260,3388,0,0,7,7,4180,6375,484,6859
3,29260,9184,0,0,7,7,4180,2601,2624,5225
3,29260,14350,0,0,7,7,4180,20577,2050,22627
3,29288,19208,0,0,7,7,4184,1053,10976,12029
3,29302,5152,0,0,7,7,4186,28269,2944,31213
3,29316,14406,0,0,6,6,4886,3141,4802,7943
3,29388,6,0,0,6,6,4898,120000,1,120001
3,29388,6,0,0,18,6,4898,13824,1,13825
3,29388,14406,0,0,6,6,4898,3840,2401,6241
3,29400,6144,0,0,6,6,4900,75411,4096,79507
3,29568,6,0,0,6,6,4928,30624,1,30625
3,29568,42,0,0,6,6,4928,17496,49,17545
3,29568,588,0,0,6,6,4928,75429,196,75625
3,29568,726,0,0,6,6,4928,6375,121,6496
3,29568,726,0,0,6,6,4928,18375,121,18496
3,29568,2058,0,0,6,6,4928,63423,2401,65824
3,29568,5046,0,0,6,6,4928,14784,841,15625
3,29568,5046,0,0,6,6,4928,73695,841,74536
3,29568,6144,0,0,6,6,4928,4131,5120,9251
3,29568,10092,0,0,6,6,4928,15147,6728,21875
3,29568,12288,0,0,6,6,4928,7203,2048,9251
3,29568,12288,0,0,6,6,4928,39933,8192,48125
3,29568,13872,0,0,6,6,4928,1305,4624,5929
3,29568,18150,0,0,6,6,4928,11136,3025,14161
3,29568,18750,0,0,6,6,4928,14739,3125,17864
3,29568,21120,0,0,6,6,4928,81,14080,14161
3,29568,23100,0,0,6,6,4928,68121,15400,83521
3,29568,24576,0,0,6,6,4928,1125,8192,9317
3,29568,24576,0,0,6,6,4928,32625,8192,40817
3,29568,26112,0,0,6,6,4928,2523,4352,6875
3,29568,29478,0,0,6,6,4928,1815,4913,6728
3,29580,6,0,0,18,6,4930,18495,1,18496
3,29596,175,0,0,7,7,4228,11907,125,12032
3,29596,8575,0,0,7,7,4228,972,6125,7097
3,29640,6,0,0,6,6,4940,84720,1,84721
3,29640,192,0,0,6,6,4940,15561,64,15625
3,29640,6000,0,0,6,6,4940,13689,4000,17689
3,29640,10290,0,0,6,6,4940,4992,1715,6707
3,29640,12288,0,0,6,6,4940,6561,16384,22945
3,29640,13182,0,0,6,6,4940,26475,2197,28672
3,29640,16224,0,0,6,6,4940,1539,10816,12355
3,29640,18240,0,0,6,6,4940,13767,3040,16807
3,29640,26364,0,0,6,6,4940,3087,8788,11875
3,29640,26754,0,0,6,6,4940,2400,4459,6859
3,29640,27534,0,0,6,6,4940,1536,4589,6125
3,29666,56,0,0,7,7,4238,6561,64,6625
3,29666,14336,0,0,7,7,4238,6591,2048,8639
3,29680,175,0,0,7,7,4240,10176,25,10201
3,29680,21952,0,0,7,7,4240,81,12544,12625
3,29808,13800,0,0,6,6,4968,441,4600,5041
3,29820,12,0,0,18,6,4970,8019,4,8023
3,29820,384,0,0,6,6,4970,12705,64,12769
3,29820,1200,0,0,6,6,4970,7623,400,8023
3,29820,1356,0,0,6,6,4970,5751,904,6655
3,29820,2058,0,0,6,6,4970,7680,343,8023
3,29820,8232,0,0,6,6,4970,9153,5488,14641
3,29820,10848,0,0,6,6,4970,11025,3616,14641
3,29820,13200,0,0,6,6,4970,3969,8800,12769
3,29820,14406,0,0,6,6,4970,2640,2401,5041
3,29820,15000,0,0,6,6,4970,2541,2500,5041
3,29820,24576,0,0,6,6,4970,1125,8192,9317
3,29868,7296,0,0,6,6,4978,2025,4864,6889
3,29876,7,0,0,7,7,4268,9408,1,9409
3,29876,7,0,0,7,7,4268,14640,1,14641
3,29876,7,0,0,21,7,4268,4752,1,4753
3,29876,175,0,0,7,7,4268,11712,25,11737
3,29876,343,0,0,7,7,4268,24057,343,24400
3,29876,2989,0,0,7,7,4268,8748,2989,11737
3,29876,3395,0,0,7,7,4268,14823,2425,17248
3,29876,4375,0,0,7,7,4268,14259,625,14884
3,29876,6832,0,0,7,7,4268,2025,3904,5929
3,29876,12544,0,0,7,7,4268,4125,1792,5917
3,29876,16975,0,0,7,7,4268,4941,9700,14641
3,29876,26411,0,0,7,7,4268,28227,3773,32000
3,29876,28672,0,0,7,7,4268,1125,8192,9317
3,29880,48,0,0,6,6,4980,6561,64,6625
3,29890,13720,0,0,7,7,4270,81,7840,7921
3,29890,26047,0,0,7,7,4270,4200,3721,7921
3,29974,29974,0,0,7,7,4282,6561,34256,40817
3,30016,448,0,0,7,7,4288,6591,64,6655
3,30016,3388,0,0,7,7,4288,13689,1936,15625
3,30030,56,0,0,7,7,4290,14625,16,14641
3,30030,2072,0,0,7,7,4290,9801,1184,10985
3,30030,8120,0,0,7,7,4290,12321,2320,14641
3,30030,9317,0,0,7,7,4290,20535,1331,21866
3,30030,19250,0,0,7,7,4290,6561,22000,28561
3,30030,21875,0,0,7,7,4290,1776,3125,4901
3,30086,5488,0,0,7,7,4298,2187,5488,7675
3,30086,22400,0,0,7,7,4298,74601,16000,90601
3,30170,4375,0,0,7,7,4310,4116,625,4741
3,30170,28672,0,0,7,7,4310,1125,8192,9317
3,30212,20111,0,0,7,7,4316,1143,5746,6889
3,30226,3556,0,0,7,7,4318,6561,4064,10625
3,30268,7,0,0,7,7,4324,35328,1,35329
3,30268,14812,0,0,7,7,4324,8343,8464,16807
3,30268,18424,0,0,7,7,4324,81,10528,10609
3,30380,224,0,0,7,7,4340,5145,32,5177
3,30380,8750,0,0,7,7,4340,25389,2500,27889
3,30380,8918,0,0,7,7,4340,81,5096,5177
3,30380,9352,0,0,7,7,4340,81,5344,5425
3,30380,11648,0,0,7,7,4340,50625,6656,57281
3,30380,13888,0,0,7,7,4340,6591,1984,8575
3,30380,17150,0,0,7,7,4340,243,12250,12493
3,30576,224,0,0,7,7,4368,15561,64,15625
3,30576,1127,0,0,7,7,4368,3888,805,4693
3,30576,3185,0,0,7,7,4368,7776,2275,10051
3,30576,9800,0,0,7,7,4368,81,5600,5681
3,30576,18515,0,0,7,7,4368,3159,13225,16384
3,30576,20384,0,0,7,7,4368,1035,5824,6859
3,30576,21875,0,0,7,7,4368,24843,3125,27968
3,30576,27209,0,0,7,7,4368,768,3887,4655
3,30646,4375,0,0,7,7,4378,14016,625,14641
3,30660,25088,0,0,7,7,4380,657,7168,7825
3,30786,21875,0,0,7,7,4398,2199,3125,5324
3,30800,8680,0,0,7,7,4400,81,4960,5041
3,30814,112,0,0,7,7,4402,29727,64,29791
3,30856,16807,0,0,7,7,4408,13224,2401,15625
3,30940,7,0,0,7,7,4420,4488,1,4489
3,30940,7,0,0,7,7,4420,14739,1,14740
3,30940,448,0,0,7,7,4420,6591,64,6655
3,30940,3388,0,0,7,7,4420,13689,1936,15625
3,30940,7000,0,0,7,7,4420,33969,1000,34969
3,30940,15232,0,0,7,7,4420,6633,4352,10985
3,30940,26299,0,0,7,7,4420,1875,3757,5632
3,30940,28798,0,0,7,7,4420,375,4114,4489
3,30954,21,0,0,21,7,4422,6237,4,6241
3,31066,29008,0,0,7,7,4438,59049,41440,100489
3,31108,112,0,0,7,7,4444,17271,32,17303
3,31108,1183,0,0,7,7,4444,10032,169,10201
3,31150,343,0,0,7,7,4450,4374,343,4717
3,31150,13720,0,0,7,7,4450,81,7840,7921
3,31206,896,0,0,7,7,4458,18063,512,18575
3,31220,5432,0,0,7,7,4460,2025,3104,5129
3,31220,17920,0,0,7,7,4460,9,5120,5129
3,31248,896,0,0,7,7,4464,43923,128,44051
3,31248,14336,0,0,7,7,4464,7203,2048,9251
3,31262,14336,0,0,7,7,4466,7203,2048,9251
3,31290,14336,0,0,7,7,4470,1053,8192,9245
3,31416,21875,0,0,7,7,4488,4131,15625,19756
3,31556,7,0,0,7,7,4508,91839,1,91840
3,31556,343,0,0,21,7,4508,16335,49,16384
3,31556,700,0,0,7,7,4508,4761,200,4961
3,31556,1232,0,0,7,7,4508,10935,1232,12167
3,31556,1568,0,0,7,7,4508,24057,1568,25625
3,31556,2401,0,0,7,7,4508,23232,343,23575
3,31556,2800,0,0,7,7,4508,13041,1600,14641
3,31556,3703,0,0,7,7,4508,9075,529,9604
3,31556,3703,0,0,7,7,4508,9471,529,10000
3,31556,7889,0,0,7,7,4508,3993,1127,5120
3,31556,16807,0,0,7,7,4508,9375,2401,11776
3,31556,16807,0,0,7,7,4508,10824,2401,13225
3,31556,16940,0,0,7,7,4508,6561,19360,25921
3,31556,18634,0,0,7,7,4508,14145,2662,16807
3,31556,19208,0,0,7,7,4508,3075,2744,5819
3,31556,21175,0,0,7,7,4508,9963,15125,25088
3,31556,28672,0,0,7,7,4508,1029,4096,5125
3,31556,28672,0,0,7,7,4508,1125,8192,9317
3,31556,31556,0,0,7,7,4508,5625,9016,14641
3,31640,7,0,0,7,7,4520,12768,1,12769
3,31640,1400,0,0,7,7,4520,17289,400,17689
3,31640,1792,0,0,7,7,4520,5625,512,6137
3,31640,5054,0,0,7,7,4520,2025,2888,4913
3,31640,5488,0,0,7,7,4520,6441,784,7225
3,31640,6517,0,0,7,7,4520,2187,6517,8704
3,31640,6650,0,0,7,7,4520,6561,7600,14161
3,31640,14161,0,0,7,7,4520,20577,2023,22600
3,31640,17920,0,0,7,7,4520,1017,5120,6137
3,31640,25312,0,0,7,7,4520,1875,3616,5491
3,31640,27685,0,0,7,7,4520,1536,3955,5491
3,31654,7,0,0,21,7,4522,13311,1,13312
3,31654,7,0,0,21,7,4522,31212,1,31213
3,31654,2527,0,0,7,7,4522,4263,361,4624
3,31654,5824,0,0,7,7,4522,3249,1664,4913
3,31654,6517,0,0,7,7,4522,2187,6517,8704
3,31654,9604,0,0,7,7,4522,3393,2744,6137
3,31710,7931,0,0,7,7,4530,6561,9064,15625
3,31850,21952,0,0,7,7,4550,1125,6272,7397
3,31906,7525,0,0,7,7,4558,243,5375,5618
3,32016,10648,0,0,8,8,4002,11661,1331,12992
3,32016,16384,0,0,8,8,4002,7203,2048,9251
3,32016,28072,0,0,8,8,4002,1587,3509,5096
3,32016,30976,0,0,8,8,4002,1029,3872,4901
3,32018,9317,0,0,7,7,4574,6861,1331,8192
3,32046,875,0,0,7,7,4578,7203,125,7328
3,32060,1603,0,0,7,7,4580,7047,1145,8192
3,32080,256,0,0,8,8,4010,6561,256,6817
3,32224,64,0,0,8,8,4028,6561,64,6625
3,32224,800,0,0,8,8,4028,4293,400,4693
3,32224,1024,0,0,8,8,4028,4293,512,4805
3,32224,2888,0,0,8,8,4028,8427,361,8788
3,32224,7688,0,0,8,8,4028,9063,1922,10985
3,32224,15872,0,0,8,8,4028,4875,1984,6859
3,32224,25000,0,0,8,8,4028,8427,3125,11552
3,32240,512,0,0,8,8,4030,3969,256,4225
3,32240,15872,0,0,8,8,4030,6591,1984,8575
3,32326,28672,0,0,7,7,4618,1125,8192,9317
3,32340,875,0,0,7,7,4620,15552,625,16177
3,32368,16,0,0,24,8,4046,12393,4,12397
3,32368,616,0,0,8,8,4046,4374,539,4913
3,32396,22400,0,0,7,7,4628,1521,6400,7921
3,32464,3584,0,0,8,8,4058,6561,3584,10145
3,32480,128,0,0,8,8,4060,6093,32,6125
3,32512,8,0,0,24,8,4064,6858,1,6859
3,32522,1162,0,0,7,7,4646,6561,1328,7889
3,32536,7,0,0,7,7,4648,6723,4,6727
3,32544,9040,0,0,8,8,4068,8991,5650,14641
3,32544,25000,0,0,8,8,4068,1056,3125,4181
3,32544,25000,0,0,8,8,4068,4107,3125,7232
3,32560,8144,0,0,8,8,4070,405,4072,4477
3,32576,8,0,0,8,8,4072,9408,1,9409
3,32606,7,0,0,21,7,4658,18495,1,18496
3,32620,9583,0,0,7,7,4660,3087,2738,5825
3,32640,13000,0,0,8,8,4080,16524,8125,24649
3,32640,25000,0,0,8,8,4080,6123,3125,9248
3,32704,5000,0,0,8,8,4088,4704,625,5329
3,32704,9184,0,0,7,7,4672,81,5248,5329
3,32704,11767,0,0,7,7,4672,3648,1681,5329
3,32800,8,0,0,8,8,4100,9375,1,9376
3,32800,4000,0,0,8,8,4100,83349,2500,85849
3,32800,32768,0,0,8,8,4100,1029,4096,5125
3,32816,7,0,0,7,7,4688,9375,1,9376
3,32816,875,0,0,7,7,4688,71199,625,71824
3,32816,3500,0,0,7,7,4688,83349,2500,85849
3,32816,8204,0,0,7,7,4688,7203,1172,8375
3,32816,18760,0,0,7,7,4688,59049,26800,85849
3,32830,12250,0,0,7,7,4690,243,8750,8993
3,32830,16807,0,0,7,7,4690,9375,2401,11776
3,32830,24010,0,0,7,7,4690,2187,24010,26197
3,32830,30625,0,0,7,7,4690,1863,17500,19363
3,32864,8,0,0,8,8,4108,6240,1,6241
3,32942,16471,0,0,7,7,4706,12288,2353,14641
3,33040,200,0,0,8,8,4130,14337,125,14462
3,33040,7168,0,0,8,8,4130,54675,6272,60947
3,33040,27848,0,0,8,8,4130,3750,3481,7231
3,33110,7,0,0,21,7,4730,17199,1,17200
3,33110,56,0,0,7,7,4730,14625,16,14641
3,33110,112,0,0,7,7,4730,15609,16,15625
3,33110,175,0,0,7,7,4730,8256,25,8281
3,33110,448,0,0,7,7,4730,6591,64,6655
3,33110,448,0,0,7,7,4730,7203,64,7267
3,33110,847,0,0,7,7,4730,26754,121,26875
3,33110,1001,0,0,7,7,4730,4374,1001,5375
3,33110,1505,0,0,7,7,4730,6561,1720,8281
3,33110,3388,0,0,7,7,4730,13689,1936,15625
3,33110,8008,0,0,7,7,4730,3087,2288,5375
3,33110,8575,0,0,7,7,4730,13416,1225,14641
3,33110,10192,0,0,7,7,4730,9801,5824,15625
3,33110,14000,0,0,7,7,4730,10449,10000,20449
3,33110,14336,0,0,7,7,4730,1053,8192,9245
3,33110,15379,0,0,7,7,4730,5547,2197,7744
3,33110,15379,0,0,7,7,4730,4851,4394,9245
3,33110,18928,0,0,7,7,4730,3225,2704,5929
3,33110,19250,0,0,7,7,4730,6561,22000,28561
3,33110,21875,0,0,7,7,4730,1677,3125,4802
3,33110,23296,0,0,7,7,4730,1875,3328,5203
3,33110,25480,0,0,7,7,4730,81,14560,14641
3,33110,28672,0,0,7,7,4730,1125,8192,9317
3,33120,1024,0,0,8,8,4140,8175,128,8303
3,33136,2888,0,0,8,8,4142,16023,361,16384
3,33184,8,0,0,8,8,4148,6885,4,6889
3,33184,664,0,0,8,8,4148,6561,664,7225
3,33184,1000,0,0,8,8,4148,11163,125,11288
3,33264,24,0,0,24,8,4158,4455,4,4459
3,33264,64,0,0,8,8,4158,14625,16,14641
3,33264,12544,0,0,8,8,4158,1089,3136,4225
3,33264,22000,0,0,8,8,4158,6561,22000,28561
3,33292,11767,0,0,7,7,4756,14703,1681,16384
3,33306,2135,0,0,7,7,4758,12636,1525,14161
3,33306,5831,0,0,7,7,4758,4575,833,5408
3,33306,11375,0,0,7,7,4758,1701,8125,9826
3,33306,11648,0,0,7,7,4758,3969,6656,10625
3,33306,21875,0,0,7,7,4758,17493,3125,20618
3,33306,28322,0,0,7,7,4758,4941,16184,21125
3,33320,175,0,0,7,7,4760,7143,25,7168
3,33320,10976,0,0,7,7,4760,21429,3136,24565
3,33390,56,0,0,7,7,4770,6561,64,6625
3,33404,33404,0,0,7,7,4772,1089,9544,10633
3,33424,4864,0,0,8,8,4178,6267,608,6875
3,33440,8,0,0,8,8,4180,4674,1,4675
3,33440,512,0,0,8,8,4180,31875,64,31939
3,33440,968,0,0,8,8,4180,15504,121,15625
3,33440,1640,0,0,8,8,4180,3888,1025,4913
3,33440,2048,0,0,8,8,4180,5625,512,6137
3,33440,3872,0,0,8,8,4180,6375,484,6859
3,33440,10496,0,0,8,8,4180,2601,2624,5225
3,33440,16400,0,0,8,8,4180,20577,2050,22627
3,33472,21952,0,0,8,8,4184,1053,10976,12029
3,33488,5888,0,0,8,8,4186,28269,2944,31213
3,33544,28672,0,0,7,7,4792,5391,8192,13583
3,33558,896,0,0,7,7,4794,5559,128,5687
3,33656,875,0,0,7,7,4808,8991,625,9616
3,33656,4207,0,0,7,7,4808,4875,601,5476
3,33656,8414,0,0,7,7,4808,243,6010,6253
3,33656,9464,0,0,7,7,4808,12321,2704,15025
3,33698,14,0,0,7,7,4814,24381,8,24389
3,33712,28,0,0,7,7,4816,5913,16,5929
3,33782,7,0,0,21,7,4826,6858,1,6859
3,33796,7,0,0,7,7,4828,4899,1,4900
3,33796,175,0,0,7,7,4828,83496,25,83521
3,33796,2401,0,0,7,7,4828,60492,343,60835
3,33796,2737,0,0,7,7,4828,17253,1955,19208
3,33796,3703,0,0,7,7,4828,13632,529,14161
3,33796,4375,0,0,7,7,4828,4416,625,5041
3,33796,12250,0,0,7,7,4828,243,8750,8993
3,33796,16807,0,0,7,7,4828,9375,2401,11776
3,33824,200,0,0,8,8,4228,11907,125,12032
3,33824,9800,0,0,8,8,4228,972,6125,7097
3,33866,9317,0,0,7,7,4838,14337,6655,20992
3,33904,64,0,0,8,8,4238,6561,64,6625
3,33904,16384,0,0,8,8,4238,6591,2048,8639
3,33920,200,0,0,8,8,4240,10176,25,10201
3,33920,25088,0,0,8,8,4240,81,12544,12625
3,33936,3395,0,0,7,7,4848,7776,2425,10201
3,34020,56,0,0,7,7,4860,14625,16,14641
3,34020,19250,0,0,7,7,4860,6561,22000,28561
3,34034,5824,0,0,7,7,4862,3249,1664,4913
3,34034,29393,0,0,7,7,4862,3993,4199,8192
3,34090,3409,0,0,21,7,4870,5400,487,5887
3,34144,8,0,0,8,8,4268,9408,1,9409
3,34144,8,0,0,8,8,4268,14640,1,14641
3,34144,8,0,0,24,8,4268,4752,1,4753
3,34144,200,0,0,8,8,4268,11712,25,11737
3,34144,392,0,0,8,8,4268,24057,343,24400
3,34144,3416,0,0,8,8,4268,8748,2989,11737
3,34144,3880,0,0,8,8,4268,14823,2425,17248
3,34144,5000,0,0,8,8,4268,14259,625,14884
3,34144,7808,0,0,8,8,4268,2025,3904,5929
3,34144,14336,0,0,8,8,4268,4125,1792,5917
3,34144,19400,0,0,8,8,4268,4941,9700,14641
3,34144,30184,0,0,8,8,4268,28227,3773,32000
3,34144,32768,0,0,8,8,4268,1125,8192,9317
3,34160,15680,0,0,8,8,4270,81,7840,7921
3,34160,29768,0,0,8,8,4270,4200,3721,7921
3,34202,16807,0,0,7,7,4886,3141,4802,7943
3,34256,34256,0,0,8,8,4282,6561,34256,40817
3,34286,7,0,0,7,7,4898,120000,1,120001
3,34286,7,0,0,21,7,4898,13824,1,13825
3,34286,16807,0,0,7,7,4898,3840,2401,6241
3,34300,7168,0,0,7,7,4900,75411,4096,79507
3,34304,512,0,0,8,8,4288,6591,64,6655
3,34304,3872,0,0,8,8,4288,13689,1936,15625
3,34320,64,0,0,8,8,4290,14625,16,14641
3,34320,2368,0,0,8,8,4290,9801,1184,10985
3,34320,9280,0,0,8,8,4290,12321,2320,14641
3,34320,10648,0,0,8,8,4290,20535,1331,21866
3,34320,22000,0,0,8,8,4290,6561,22000,28561
3,34320,25000,0,0,8,8,4290,1776,3125,4901
3,34384,6272,0,0,8,8,4298,2187,5488,7675
3,34384,25600,0,0,8,8,4298,74601,16000,90601
3,34480,5000,0,0,8,8,4310,4116,625,4741
3,34480,32768,0,0,8,8,4310,1125,8192,9317
3,34496,7,0,0,7,7,4928,30624,1,30625
3,34496,49,0,0,7,7,4928,17496,49,17545
3,34496,686,0,0,7,7,4928,75429,196,75625
3,34496,847,0,0,7,7,4928,6375,121,6496
3,34496,847,0,0,7,7,4928,18375,121,18496
3,34496,2401,0,0,7,7,4928,63423,2401,65824
3,34496,5887,0,0,7,7,4928,14784,841,15625
3,34496,5887,0,0,7,7,4928,73695,841,74536
3,34496,7168,0,0,7,7,4928,4131,5120,9251
3,34496,11774,0,0,7,7,4928,15147,6728,21875
3,34496,14336,0,0,7,7,4928,7203,2048,9251
3,34496,14336,0,0,7,7,4928,39933,8192,48125
3,34496,16184,0,0,7,7,4928,1305,4624,5929
3,34496,21175,0,0,7,7,4928,11136,3025,14161
3,34496,21875,0,0,7,7,4928,14739,3125,17864
3,34496,24640,0,0,7,7,4928,81,14080,14161
3,34496,26950,0,0,7,7,4928,68121,15400,83521
3,34496,28672,0,0,7,7,4928,1125,8192,9317
3,34496,28672,0,0,7,7,4928,32625,8192,40817
3,34496,30464,0,0,7,7,4928,2523,4352,6875
3,34496,34391,0,0,7,7,4928,1815,4913,6728
3,34510,7,0,0,21,7,4930,18495,1,18496
3,34528,22984,0,0,8,8,4316,1143,5746,6889
3,34544,4064,0,0,8,8,4318,6561,4064,10625
3,34580,7,0,0,7,7,4940,84720,1,84721
3,34580,224,0,0,7,7,4940,15561,64,15625
3,34580,7000,0,0,7,7,4940,13689,4000,17689
3,34580,12005,0,0,7,7,4940,4992,1715,6707
3,34580,14336,0,0,7,7,4940,6561,16384,22945
3,34580,15379,0,0,7,7,4940,26475,2197,28672
3,34580,18928,0,0,7,7,4940,1539,10816,12355
3,34580,21280,0,0,7,7,4940,13767,3040,16807
3,34580,30758,0,0,7,7,4940,3087,8788,11875
3,34580,31213,0,0,7,7,4940,2400,4459,6859
3,34580,32123,0,0,7,7,4940,1536,4589,6125
3,34592,8,0,0,8,8,4324,35328,1,35329
3,34592,16928,0,0,8,8,4324,8343,8464,16807
3,34592,21056,0,0,8,8,4324,81,10528,10609
3,34720,256,0,0,8,8,4340,5145,32,5177
3,34720,10000,0,0,8,8,4340,25389,2500,27889
3,34720,10192,0,0,8,8,4340,81,5096,5177
3,34720,10688,0,0,8,8,4340,81,5344,5425
3,34720,13312,0,0,8,8,4340,50625,6656,57281
3,34720,15872,0,0,8,8,4340,6591,1984,8575
3,34720,19600,0,0,8,8,4340,243,12250,12493
3,34776,16100,0,0,7,7,4968,441,4600,5041
3,34790,14,0,0,21,7,4970,8019,4,8023
3,34790,448,0,0,7,7,4970,12705,64,12769
3,34790,1400,0,0,7,7,4970,7623,400,8023
3,34790,1582,0,0,7,7,4970,5751,904,6655
3,34790,2401,0,0,7,7,4970,7680,343,8023
3,34790,9604,0,0,7,7,4970,9153,5488,14641
3,34790,12656,0,0,7,7,4970,11025,3616,14641
3,34790,15400,0,0,7,7,4970,3969,8800,12769
3,34790,16807,0,0,7,7,4970,2640,2401,5041
3,34790,17500,0,0,7,7,4970,2541,2500,5041
3,34790,28672,0,0,7,7,4970,1125,8192,9317
3,34846,8512,0,0,7,7,4978,2025,4864,6889
3,34860,56,0,0,7,7,4980,6561,64,6625
3,34944,256,0,0,8,8,4368,15561,64,15625
3,34944,1288,0,0,8,8,4368,3888,805,4693
3,34944,3640,0,0,8,8,4368,7776,2275,10051
3,34944,11200,0,0,8,8,4368,81,5600,5681
3,34944,21160,0,0,8,8,4368,3159,13225,16384
3,34944,23296,0,0,8,8,4368,1035,5824,6859
3,34944,25000,0,0,8,8,4368,24843,3125,27968
3,34944,31096,0,0,8,8,4368,768,3887,4655
3,35024,5000,0,0,8,8,4378,14016,625,14641
3,35040,28672,0,0,8,8,4380,657,7168,7825
3,35184,25000,0,0,8,8,4398,2199,3125,5324
3,35200,9920,0,0,8,8,4400,81,4960,5041
3,35216,128,0,0,8,8,4402,29727,64,29791
3,35264,19208,0,0,8,8,4408,13224,2401,15625
3,35360,8,0,0,8,8,4420,4488,1,4489
3,35360,8,0,0,8,8,4420,14739,1,14740
3,35360,512,0,0,8,8,4420,6591,64,6655
3,35360,3872,0,0,8,8,4420,13689,1936,15625
3,35360,8000,0,0,8,8,4420,33969,1000,34969
3,35360,17408,0,0,8,8,4420,6633,4352,10985
3,35360,30056,0,0,8,8,4420,1875,3757,5632
3,35360,32912,0,0,8,8,4420,375,4114,4489
3,35376,24,0,0,24,8,4422,6237,4,6241
3,35504,33152,0,0,8,8,4438,59049,41440,100489
3,35552,128,0,0,8,8,4444,17271,32,17303
3,35552,1352,0,0,8,8,4444,10032,169,10201
3,35600,392,0,0,8,8,4450,4374,343,4717
3,35600,15680,0,0,8,8,4450,81,7840,7921
3,35664,1024,0,0,8,8,4458,18063,512,18575
3,35680,6208,0,0,8,8,4460,2025,3104,5129
3,35680,20480,0,0,8,8,4460,9,5120,5129
3,35712,1024,0,0,8,8,4464,43923,128,44051
3,35712,16384,0,0,8,8,4464,7203,2048,9251
3,35728,16384,0,0,8,8,4466,7203,2048,9251
3,35760,16384,0,0,8,8,4470,1053,8192,9245
3,35904,25000,0,0,8,8,4488,4131,15625,19756
3,36018,11979,0,0,9,9,4002,11661,1331,12992
3,36018,18432,0,0,9,9,4002,7203,2048,9251
3,36018,31581,0,0,9,9,4002,1587,3509,5096
3,36018,34848,0,0,9,9,4002,1029,3872,4901
3,36064,8,0,0,8,8,4508,91839,1,91840
3,36064,392,0,0,24,8,4508,16335,49,16384
3,36064,800,0,0,8,8,4508,4761,200,4961
3,36064,1408,0,0,8,8,4508,10935,1232,12167
3,36064,1792,0,0,8,8,4508,24057,1568,25625
3,36064,2744,0,0,8,8,4508,23232,343,23575
3,36064,3200,0,0,8,8,4508,13041,1600,14641
3,36064,4232,0,0,8,8,4508,9075,529,9604
3,36064,4232,0,0,8,8,4508,9471,529,10000
3,36064,9016,0,0,8,8,4508,3993,1127,5120
3,36064,19208,0,0,8,8,4508,9375,2401,11776
3,36064,19208,0,0,8,8,4508,10824,2401,13225
3,36064,19360,0,0,8,8,4508,6561,19360,25921
3,36064,21296,0,0,8,8,4508,14145,2662,16807
3,36064,21952,0,0,8,8,4508,3075,2744,5819
3,36064,24200,0,0,8,8,4508,9963,15125,25088
3,36064,32768,0,0,8,8,4508,1029,4096,5125
3,36064,32768,0,0,8,8,4508,1125,8192,9317
3,36064,36064,0,0,8,8,4508,5625,9016,14641
3,36090,288,0,0,9,9,4010,6561,256,6817
3,36160,8,0,0,8,8,4520,12768,1,12769
3,36160,1600,0,0,8,8,4520,17289,400,17689
3,36160,2048,0,0,8,8,4520,5625,512,6137
3,36160,5776,0,0,8,8,4520,2025,2888,4913
3,36160,6272,0,0,8,8,4520,6441,784,7225
3,36160,7448,0,0,8,8,4520,2187,6517,8704
3,36160,7600,0,0,8,8,4520,6561,7600,14161
3,36160,16184,0,0,8,8,4520,20577,2023,22600
3,36160,20480,0,0,8,8,4520,1017,5120,6137
3,36160,28928,0,0,8,8,4520,1875,3616,5491
3,36160,31640,0,0,8,8,4520,1536,3955,5491
3,36176,8,0,0,24,8,4522,13311,1,13312
3,36176,8,0,0,24,8,4522,31212,1,31213
3,36176,2888,0,0,8,8,4522,4263,361,4624
3,36176,6656,0,0,8,8,4522,3249,1664,4913
3,36176,7448,0,0,8,8,4522,2187,6517,8704
3,36176,10976,0,0,8,8,4522,3393,2744,6137
3,36240,9064,0,0,8,8,4530,6561,9064,15625
3,36252,72,0,0,9,9,4028,6561,64,6625
3,36252,900,0,0,9,9,4028,4293,400,4693
3,36252,1152,0,0,9,9,4028,4293,512,4805
3,36252,3249,0,0,9,9,4028,8427,361,8788
3,36252,8649,0,0,9,9,4028,9063,1922,10985
3,36252,17856,0,0,9,9,4028,4875,1984,6859
3,36252,28125,0,0,9,9,4028,8427,3125,11552
3,36270,576,0,0,9,9,4030,3969,256,4225
3,36270,17856,0,0,9,9,4030,6591,1984,8575
3,36400,25088,0,0,8,8,4550,1125,6272,7397
3,36414,18,0,0,27,9,4046,12393,4,12397
3,36414,693,0,0,9,9,4046,4374,539,4913
3,36464,8600,0,0,8,8,4558,243,5375,5618
3,36522,4032,0,0,9,9,4058,6561,3584,10145
3,36540,144,0,0,9,9,4060,6093,32,6125
3,36576,9,0,0,27,9,4064,6858,1,6859
3,36592,10648,0,0,8,8,4574,6861,1331,8192
3,36612,10170,0,0,9,9,4068,8991,5650,14641
3,36612,28125,0,0,9,9,4068,1056,3125,4181
3,36612,28125,0,0,9,9,4068,4107,3125,7232
3,36624,1000,0,0,8,8,4578,7203,125,7328
3,36630,9162,0,0,9,9,4070,405,4072,4477
3,36640,1832,0,0,8,8,4580,7047,1145,8192
3,36648,9,0,0,9,9,4072,9408,1,9409
3,36720,14625,0,0,9,9,4080,16524,8125,24649
3,36720,28125,0,0,9,9,4080,6123,3125,9248
3,36792,5625,0,0,9,9,4088,4704,625,5329
3,36900,9,0,0,9,9,4100,9375,1,9376
3,36900,4500,0,0,9,9,4100,83349,2500,85849
3,36900,36864,0,0,9,9,4100,1029,4096,5125
3,36944,32768,0,0,8,8,4618,1125,8192,9317
3,36960,1000,0,0,8,8,4620,15552,625,16177
3,36972,9,0,0,9,9,4108,6240,1,6241
3,37024,25600,0,0,8,8,4628,1521,6400,7921
3,37168,1328,0,0,8,8,4646,6561,1328,7889
3,37170,225,0,0,9,9,4130,14337,125,14462
3,37170,8064,0,0,9,9,4130,54675,6272,60947
3,37170,31329,0,0,9,9,4130,3750,3481,7231
3,37184,8,0,0,8,8,4648,6723,4,6727
3,37260,1152,0,0,9,9,4140,8175,128,8303
3,37264,8,0,0,24,8,4658,18495,1,18496
3,37278,3249,0,0,9,9,4142,16023,361,16384
3,37280,10952,0,0,8,8,4660,3087,2738,5825
3,37332,9,0,0,9,9,4148,6885,4,6889
3,37332,747,0,0,9,9,4148,6561,664,7225
3,37332,1125,0,0,9,9,4148,11163,125,11288
3,37376,10496,0,0,8,8,4672,81,5248,5329
3,37376,13448,0,0,8,8,4672,3648,1681,5329
3,37422,27,0,0,27,9,4158,4455,4,4459
3,37422,72,0,0,9,9,4158,14625,16,14641
3,37422,14112,0,0,9,9,4158,1089,3136,4225
3,37422,24750,0,0,9,9,4158,6561,22000,28561
3,37504,8,0,0,8,8,4688,9375,1,9376
3,37504,1000,0,0,8,8,4688,71199,625,71824
3,37504,4000,0,0,8,8,4688,83349,2500,85849
3,37504,9376,0,0,8,8,4688,7203,1172,8375
3,37504,21440,0,0,8,8,4688,59049,26800,85849
3,37520,14000,0,0,8,8,4690,243,8750,8993
3,37520,19208,0,0,8,8,4690,9375,2401,11776
3,37520,27440,0,0,8,8,4690,2187,24010,26197
3,37520,35000,0,0,8,8,4690,1863,17500,19363
3,37602,5472,0,0,9,9,4178,6267,608,6875
3,37620,9,0,0,9,9,4180,4674,1,4675
3,37620,576,0,0,9,9,4180,31875,64,31939
3,37620,1089,0,0,9,9,4180,15504,121,15625
3,37620,1845,0,0,9,9,4180,3888,1025,4913
3,37620,2304,0,0,9,9,4180,5625,512,6137
3,37620,4356,0,0,9,9,4180,6375,484,6859
3,37620,11808,0,0,9,9,4180,2601,2624,5225
3,37620,18450,0,0,9,9,4180,20577,2050,22627
3,37648,18824,0,0,8,8,4706,12288,2353,14641
3,37656,24696,0,0,9,9,4184,1053,10976,12029
3,37674,6624,0,0,9,9,4186,28269,2944,31213
3,37840,8,0,0,24,8,4730,17199,1,17200
3,37840,64,0,0,8,8,4730,14625,16,14641
3,37840,128,0,0,8,8,4730,15609,16,15625
3,37840,200,0,0,8,8,4730,8256,25,8281
3,37840,512,0,0,8,8,4730,6591,64,6655
3,37840,512,0,0,8,8,4730,7203,64,7267
3,37840,968,0,0,8,8,4730,26754,121,26875
3,37840,1144,0,0,8,8,4730,4374,1001,5375
3,37840,1720,0,0,8,8,4730,6561,1720,8281
3,37840,3872,0,0,8,8,4730,13689,1936,15625
3,37840,9152,0,0,8,8,4730,3087,2288,5375
3,37840,9800,0,0,8,8,4730,13416,1225,14641
3,37840,11648,0,0,8,8,4730,9801,5824,15625
3,37840,16000,0,0,8,8,4730,10449,10000,20449
3,37840,16384,0,0,8,8,4730,1053,8192,9245
3,37840,17576,0,0,8,8,4730,5547,2197,7744
3,37840,17576,0,0,8,8,4730,4851,4394,9245
3,37840,21632,0,0,8,8,4730,3225,2704,5929
3,37840,22000,0,0,8,8,4730,6561,22000,28561
3,37840,25000,0,0,8,8,4730,1677,3125,4802
3,37840,26624,0,0,8,8,4730,1875,3328,5203
3,37840,29120,0,0,8,8,4730,81,14560,14641
3,37840,32768,0,0,8,8,4730,1125,8192,9317
3,38048,13448,0,0,8,8,4756,14703,1681,16384
3,38052,225,0,0,9,9,4228,11907,125,12032
3,38052,11025,0,0,9,9,4228,972,6125,7097
3,38064,2440,0,0,8,8,4758,12636,1525,14161
3,38064,6664,0,0,8,8,4758,4575,833,5408
3,38064,13000,0,0,8,8,4758,1701,8125,9826
3,38064,13312,0,0,8,8,4758,3969,6656,10625
3,38064,25000,0,0,8,8,4758,17493,3125,20618
3,38064,32368,0,0,8,8,4758,4941,16184,21125
3,38080,200,0,0,8,8,4760,7143,25,7168
3,38080,12544,0,0,8,8,4760,21429,3136,24565
3,38142,72,0,0,9,9,4238,6561,64,6625
3,38142,18432,0,0,9,9,4238,6591,2048,8639
3,38160,64,0,0,8,8,4770,6561,64,6625
3,38160,225,0,0,9,9,4240,10176,25,10201
3,38160,28224,0,0,9,9,4240,81,12544,12625
3,38176,38176,0,0,8,8,4772,1089,9544,10633
3,38336,32768,0,0,8,8,4792,5391,8192,13583
3,38352,1024,0,0,8,8,4794,5559,128,5687
3,38412,9,0,0,9,9,4268,9408,1,9409
3,38412,9,0,0,9,9,4268,14640,1,14641
3,38412,9,0,0,27,9,4268,4752,1,4753
3,38412,225,0,0,9,9,4268,11712,25,11737
3,38412,441,0,0,9,9,4268,24057,343,24400
3,38412,3843,0,0,9,9,4268,8748,2989,11737
3,38412,4365,0,0,9,9,4268,14823,2425,17248
3,38412,5625,0,0,9,9,4268,14259,625,14884
3,38412,8784,0,0,9,9,4268,2025,3904,5929
3,38412,16128,0,0,9,9,4268,4125,1792,5917
3,38412,21825,0,0,9,9,4268,4941,9700,14641
3,38412,33957,0,0,9,9,4268,28227,3773,32000
3,38412,36864,0,0,9,9,4268,1125,8192,9317
3,38430,17640,0,0,9,9,4270,81,7840,7921
3,38430,33489,0,0,9,9,4270,4200,3721,7921
3,38464,1000,0,0,8,8,4808,8991,625,9616
3,38464,4808,0,0,8,8,4808,4875,601,5476
3,38464,9616,0,0,8,8,4808,243,6010,6253
3,38464,10816,0,0,8,8,4808,12321,2704,15025
3,38512,16,0,0,8,8,4814,24381,8,24389
3,38528,32,0,0,8,8,4816,5913,16,5929
3,38538,38538,0,0,9,9,4282,6561,34256,40817
3,38592,576,0,0,9,9,4288,6591,64,6655
3,38592,4356,0,0,9,9,4288,13689,1936,15625
3,38608,8,0,0,24,8,4826,6858,1,6859
3,38610,72,0,0,9,9,4290,14625,16,14641
3,38610,2664,0,0,9,9,4290,9801,1184,10985
3,38610,10440,0,0,9,9,4290,12321,2320,14641
3,38610,11979,0,0,9,9,4290,20535,1331,21866
3,38610,24750,0,0,9,9,4290,6561,22000,28561
3,38610,28125,0,0,9,9,4290,1776,3125,4901
3,38624,8,0,0,8,8,4828,4899,1,4900
3,38624,200,0,0,8,8,4828,83496,25,83521
3,38624,2744,0,0,8,8,4828,60492,343,60835
3,38624,3128,0,0,8,8,4828,17253,1955,19208
3,38624,4232,0,0,8,8,4828,13632,529,14161
3,38624,5000,0,0,8,8,4828,4416,625,5041
3,38624,14000,0,0,8,8,4828,243,8750,8993
3,38624,19208,0,0,8,8,4828,9375,2401,11776
3,38682,7056,0,0,9,9,4298,2187,5488,7675
3,38682,28800,0,0,9,9,4298,74601,16000,90601
3,38704,10648,0,0,8,8,4838,14337,6655,20992
3,38784,3880,0,0,8,8,4848,7776,2425,10201
3,38790,5625,0,0,9,9,4310,4116,625,4741
3,38790,36864,0,0,9,9,4310,1125,8192,9317
3,38844,25857,0,0,9,9,4316,1143,5746,6889
3,38862,4572,0,0,9,9,4318,6561,4064,10625
3,38880,64,0,0,8,8,4860,14625,16,14641
3,38880,22000,0,0,8,8,4860,6561,22000,28561
3,38896,6656,0,0,8,8,4862,3249,1664,4913
3,38896,33592,0,0,8,8,4862,3993,4199,8192
3,38916,9,0,0,9,9,4324,35328,1,35329
3,38916,19044,0,0,9,9,4324,8343,8464,16807
3,38916,23688,0,0,9,9,4324,81,10528,10609
3,38960,3896,0,0,24,8,4870,5400,487,5887
3,39060,288,0,0,9,9,4340,5145,32,5177
3,39060,11250,0,0,9,9,4340,25389,2500,27889
3,39060,11466,0,0,9,9,4340,81,5096,5177
3,39060,12024,0,0,9,9,4340,81,5344,5425
3,39060,14976,0,0,9,9,4340,50625,6656,57281
3,39060,17856,0,0,9,9,4340,6591,1984,8575
3,39060,22050,0,0,9,9,4340,243,12250,12493
3,39088,19208,0,0,8,8,4886,3141,4802,7943
3,39184,8,0,0,8,8,4898,120000,1,120001
3,39184,8,0,0,24,8,4898,13824,1,13825
3,39184,19208,0,0,8,8,4898,3840,2401,6241
3,39200,8192,0,0,8,8,4900,75411,4096,79507
3,39312,288,0,0,9,9,4368,15561,64,15625
3,39312,1449,0,0,9,9,4368,3888,805,4693
3,39312,4095,0,0,9,9,4368,7776,2275,10051
3,39312,12600,0,0,9,9,4368,81,5600,5681
3,39312,23805,0,0,9,9,4368,3159,13225,16384
3,39312,26208,0,0,9,9,4368,1035,5824,6859
3,39312,28125,0,0,9,9,4368,24843,3125,27968
3,39312,34983,0,0,9,9,4368,768,3887,4655
3,39402,5625,0,0,9,9,4378,14016,625,14641
3,39420,32256,0,0,9,9,4380,657,7168,7825
3,39424,8,0,0,8,8,4928,30624,1,30625
3,39424,56,0,0,8,8,4928,17496,49,17545
3,39424,784,0,0,8,8,4928,75429,196,75625
3,39424,968,0,0,8,8,4928,6375,121,6496
3,39424,968,0,0,8,8,4928,18375,121,18496
3,39424,2744,0,0,8,8,4928,63423,2401,65824
3,39424,6728,0,0,8,8,4928,14784,841,15625
3,39424,6728,0,0,8,8,4928,73695,841,74536
3,39424,8192,0,0,8,8,4928,4131,5120,9251
3,39424,13456,0,0,8,8,4928,15147,6728,21875
3,39424,16384,0,0,8,8,4928,7203,2048,9251
3,39424,16384,0,0,8,8,4928,39933,8192,48125
3,39424,18496,0,0,8,8,4928,1305,4624,5929
3,39424,24200,0,0,8,8,4928,11136,3025,14161
3,39424,25000,0,0,8,8,4928,14739,3125,17864
3,39424,28160,0,0,8,8,4928,81,14080,14161
3,39424,30800,0,0,8,8,4928,68121,15400,83521
3,39424,32768,0,0,8,8,4928,1125,8192,9317
3,39424,32768,0,0,8,8,4928,32625,8192,40817
3,39424,34816,0,0,8,8,4928,2523,4352,6875
3,39424,39304,0,0,8,8,4928,1815,4913,6728
3,39440,8,0,0,24,8,4930,18495,1,18496
3,39520,8,0,0,8,8,4940,84720,1,84721
3,39520,256,0,0,8,8,4940,15561,64,15625
3,39520,8000,0,0,8,8,4940,13689,4000,17689
3,39520,13720,0,0,8,8,4940,4992,1715,6707
3,39520,16384,0,0,8,8,4940,6561,16384,22945
3,39520,17576,0,0,8,8,4940,26475,2197,28672
3,39520,21632,0,0,8,8,4940,1539,10816,12355
3,39520,24320,0,0,8,8,4940,13767,3040,16807
3,39520,35152,0,0,8,8,4940,3087,8788,11875
3,39520,35672,0,0,8,8,4940,2400,4459,6859
3,39520,36712,0,0,8,8,4940,1536,4589,6125
3,39582,28125,0,0,9,9,4398,2199,3125,5324
3,39600,11160,0,0,9,9,4400,81,4960,5041
3,39618,144,0,0,9,9,4402,29727,64,29791
3,39672,21609,0,0,9,9,4408,13224,2401,15625
3,39744,18400,0,0,8,8,4968,441,4600,5041
3,39760,16,0,0,24,8,4970,8019,4,8023
3,39760,512,0,0,8,8,4970,12705,64,12769
3,39760,1600,0,0,8,8,4970,7623,400,8023
3,39760,1808,0,0,8,8,4970,5751,904,6655
3,39760,2744,0,0,8,8,4970,7680,343,8023
3,39760,10976,0,0,8,8,4970,9153,5488,14641
3,39760,14464,0,0,8,8,4970,11025,3616,14641
3,39760,17600,0,0,8,8,4970,3969,8800,12769
3,39760,19208,0,0,8,8,4970,2640,2401,5041
3,39760,20000,0,0,8,8,4970,2541,2500,5041
3,39760,32768,0,0,8,8,4970,1125,8192,9317
3,39780,9,0,0,9,9,4420,4488,1,4489
3,39780,9,0,0,9,9,4420,14739,1,14740
3,39780,576,0,0,9,9,4420,6591,64,6655
3,39780,4356,0,0,9,9,4420,13689,1936,15625
3,39780,9000,0,0,9,9,4420,33969,1000,34969
3,39780,19584,0,0,9,9,4420,6633,4352,10985
3,39780,33813,0,0,9,9,4420,1875,3757,5632
3,39780,37026,0,0,9,9,4420,375,4114,4489
3,39798,27,0,0,27,9,4422,6237,4,6241
3,39824,9728,0,0,8,8,4978,2025,4864,6889
3,39840,64,0,0,8,8,4980,6561,64,6625
3,39942,37296,0,0,9,9,4438,59049,41440,100489
3,39996,144,0,0,9,9,4444,17271,32,17303
3,39996,1521,0,0,9,9,4444,10032,169,10201
3,40020,13310,0,0,10,10,4002,11661,1331,12992
3,40020,20480,0,0,10,10,4002,7203,2048,9251
3,40020,35090,0,0,10,10,4002,1587,3509,5096
3,40020,38720,0,0,10,10,4002,1029,3872,4901
3,40050,441,0,0,9,9,4450,4374,343,4717
3,40050,17640,0,0,9,9,4450,81,7840,7921
3,40100,320,0,0,10,10,4010,6561,256,6817
3,40122,1152,0,0,9,9,4458,18063,512,18575
3,40140,6984,0,0,9,9,4460,2025,3104,5129
3,40140,23040,0,0,9,9,4460,9,5120,5129
3,40176,1152,0,0,9,9,4464,43923,128,44051
3,40176,18432,0,0,9,9,4464,7203,2048,9251
3,40194,18432,0,0,9,9,4466,7203,2048,9251
3,40230,18432,0,0,9,9,4470,1053,8192,9245
3,40280,80,0,0,10,10,4028,6561,64,6625
3,40280,1000,0,0,10,10,4028,4293,400,4693
3,40280,1280,0,0,10,10,4028,4293,512,4805
3,40280,3610,0,0,10,10,4028,8427,361,8788
3,40280,9610,0,0,10,10,4028,9063,1922,10985
3,40280,19840,0,0,10,10,4028,4875,1984,6859
3,40280,31250,0,0,10,10,4028,8427,3125,11552
3,40300,640,0,0,10,10,4030,3969,256,4225
3,40300,19840,0,0,10,10,4030,6591,1984,8575
3,40392,28125,0,0,9,9,4488,4131,15625,19756
3,40460,20,0,0,30,10,4046,12393,4,12397
3,40460,770,0,0,10,10,4046,4374,539,4913
3,40572,9,0,0,9,9,4508,91839,1,91840
3,40572,441,0,0,27,9,4508,16335,49,16384
3,40572,900,0,0,9,9,4508,4761,200,4961
3,40572,1584,0,0,9,9,4508,10935,1232,12167
3,40572,2016,0,0,9,9,4508,24057,1568,25625
3,40572,3087,0,0,9,9,4508,23232,343,23575
3,40572,3600,0,0,9,9,4508,13041,1600,14641
3,40572,4761,0,0,9,9,4508,9075,529,9604
3,40572,4761,0,0,9,9,4508,9471,529,10000
3,40572,10143,0,0,9,9,4508,3993,1127,5120
3,40572,21609,0,0,9,9,4508,9375,2401,11776
3,40572,21609,0,0,9,9,4508,10824,2401,13225
3,40572,21780,0,0,9,9,4508,6561,19360,25921
3,40572,23958,0,0,9,9,4508,14145,2662,16807
3,40572,24696,0,0,9,9,4508,3075,2744,5819
3,40572,27225,0,0,9,9,4508,9963,15125,25088
3,40572,36864,0,0,9,9,4508,1029,4096,5125
3,40572,36864,0,0,9,9,4508,1125,8192,9317
3,40572,40572,0,0,9,9,4508,5625,9016,14641
3,40580,4480,0,0,10,10,4058,6561,3584,10145
3,40600,160,0,0,10,10,4060,6093,32,6125
3,40640,10,0,0,30,10,4064,6858,1,6859
3,40680,9,0,0,9,9,4520,12768,1,12769
3,40680,1800,0,0,9,9,4520,17289,400,17689
3,40680,2304,0,0,9,9,4520,5625,512,6137
3,40680,6498,0,0,9,9,4520,2025,2888,4913
3,40680,7056,0,0,9,9,4520,6441,784,7225
3,40680,8379,0,0,9,9,4520,2187,6517,8704
3,40680,8550,0,0,9,9,4520,6561,7600,14161
3,40680,11300,0,0,10,10,4068,8991,5650,14641
3,40680,18207,0,0,9,9,4520,20577,2023,22600
3,40680,23040,0,0,9,9,4520,1017,5120,6137
3,40680,31250,0,0,10,10,4068,1056,3125,4181
3,40680,31250,0,0,10,10,4068,4107,3125,7232
3,40680,32544,0,0,9,9,4520,1875,3616,5491
3,40680,35595,0,0,9,9,4520,1536,3955,5491
3,40698,9,0,0,27,9,4522,13311,1,13312
3,40698,9,0,0,27,9,4522,31212,1,31213
3,40698,3249,0,0,9,9,4522,4263,361,4624
3,40698,7488,0,0,9,9,4522,3249,1664,4913
3,40698,8379,0,0,9,9,4522,2187,6517,8704
3,40698,12348,0,0,9,9,4522,3393,2744,6137
3,40700,10180,0,0,10,10,4070,405,4072,4477
3,40720,10,0,0,10,10,4072,9408,1,9409
3,40770,10197,0,0,9,9,4530,6561,9064,15625
3,40800,16250,0,0,10,10,4080,16524,8125,24649
3,40800,31250,0,0,10,10,4080,6123,3125,9248
3,40880,6250,0,0,10,10,4088,4704,625,5329
3,40950,28224,0,0,9,9,4550,1125,6272,7397
3,41000,10,0,0,10,10,4100,9375,1,9376
3,41000,5000,0,0,10,10,4100,83349,2500,85849
3,41000,40960,0,0,10,10,4100,1029,4096,5125
3,41022,9675,0,0,9,9,4558,243,5375,5618
3,41080,10,0,0,10,10,4108,6240,1,6241
3,41166,11979,0,0,9,9,4574,6861,1331,8192
3,41202,1125,0,0,9,9,4578,7203,125,7328
3,41220,2061,0,0,9,9,4580,7047,1145,8192
3,41300,250,0,0,10,10,4130,14337,125,14462
3,41300,8960,0,0,10,10,4130,54675,6272,60947
3,41300,34810,0,0,10,10,4130,3750,3481,7231
3,41400,1280,0,0,10,10,4140,8175,128,8303
3,41420,3610,0,0,10,10,4142,16023,361,16384
3,41480,10,0,0,10,10,4148,6885,4,6889
3,41480,830,0,0,10,10,4148,6561,664,7225
3,41480,1250,0,0,10,10,4148,11163,125,11288
3,41562,36864,0,0,9,9,4618,1125,8192,9317
3,41580,30,0,0,30,10,4158,4455,4,4459
3,41580,80,0,0,10,10,4158,14625,16,14641
3,41580,1125,0,0,9,9,4620,15552,625,16177
3,41580,15680,0,0,10,10,4158,1089,3136,4225
3,41580,27500,0,0,10,10,4158,6561,22000,28561
3,41652,28800,0,0,9,9,4628,1521,6400,7921
3,41780,6080,0,0,10,10,4178,6267,608,6875
3,41800,10,0,0,10,10,4180,4674,1,4675
3,41800,640,0,0,10,10,4180,31875,64,31939
3,41800,1210,0,0,10,10,4180,15504,121,15625
3,41800,2050,0,0,10,10,4180,3888,1025,4913
3,41800,2560,0,0,10,10,4180,5625,512,6137
3,41800,4840,0,0,10,10,4180,6375,484,6859
3,41800,13120,0,0,10,10,4180,2601,2624,5225
3,41800,20500,0,0,10,10,4180,20577,2050,22627
3,41814,1494,0,0,9,9,4646,6561,1328,7889
3,41832,9,0,0,9,9,4648,6723,4,6727
3,41840,27440,0,0,10,10,4184,1053,10976,12029
3,41860,7360,0,0,10,10,4186,28269,2944,31213
3,41922,9,0,0,27,9,4658,18495,1,18496
3,41940,12321,0,0,9,9,4660,3087,2738,5825
3,42048,11808,0,0,9,9,4672,81,5248,5329
3,42048,15129,0,0,9,9,4672,3648,1681,5329
3,42192,9,0,0,9,9,4688,9375,1,9376
3,42192,1125,0,0,9,9,4688,71199,625,71824
3,42192,4500,0,0,9,9,4688,83349,2500,85849
3,42192,10548,0,0,9,9,4688,7203,1172,8375
3,42192,24120,0,0,9,9,4688,59049,26800,85849
3,42210,15750,0,0,9,9,4690,243,8750,8993
3,42210,21609,0,0,9,9,4690,9375,2401,11776
3,42210,30870,0,0,9,9,4690,2187,24010,26197
3,42210,39375,0,0,9,9,4690,1863,17500,19363
3,42280,250,0,0,10,10,4228,11907,125,12032
3,42280,12250,0,0,10,10,4228,972,6125,7097
3,42354,21177,0,0,9,9,4706,12288,2353,14641
3,42380,80,0,0,10,10,4238,6561,64,6625
3,42380,20480,0,0,10,10,4238,6591,2048,8639
3,42400,250,0,0,10,10,4240,10176,25,10201
3,42400,31360,0,0,10,10,4240,81,12544,12625
3,42570,9,0,0,27,9,4730,17199,1,17200
3,42570,72,0,0,9,9,4730,14625,16,14641
3,42570,144,0,0,9,9,4730,15609,16,15625
3,42570,225,0,0,9,9,4730,8256,25,8281
3,42570,576,0,0,9,9,4730,6591,64,6655
3,42570,576,0,0,9,9,4730,7203,64,7267
3,42570,1089,0,0,9,9,4730,26754,121,26875
3,42570,1287,0,0,9,9,4730,4374,1001,5375
3,42570,1935,0,0,9,9,4730,6561,1720,8281
3,42570,4356,0,0,9,9,4730,13689,1936,15625
3,42570,10296,0,0,9,9,4730,3087,2288,5375
3,42570,11025,0,0,9,9,4730,13416,1225,14641
3,42570,13104,0,0,9,9,4730,9801,5824,15625
3,42570,18000,0,0,9,9,4730,10449,10000,20449
3,42570,18432,0,0,9,9,4730,1053,8192,9245
3,42570,19773,0,0,9,9,4730,5547,2197,7744
3,42570,19773,0,0,9,9,4730,4851,4394,9245
3,42570,24336,0,0,9,9,4730,3225,2704,5929
3,42570,24750,0,0,9,9,4730,6561,22000,28561
3,42570,28125,0,0,9,9,4730,1677,3125,4802
3,42570,29952,0,0,9,9,4730,1875,3328,5203
3,42570,32760,0,0,9,9,4730,81,14560,14641
3,42570,36864,0,0,9,9,4730,1125,8192,9317
3,42680,10,0,0,10,10,4268,9408,1,9409
3,42680,10,0,0,10,10,4268,14640,1,14641
3,42680,10,0,0,30,10,4268,4752,1,4753
3,42680,250,0,0,10,10,4268,11712,25,11737
3,42680,490,0,0,10,10,4268,24057,343,24400
3,42680,4270,0,0,10,10,4268,8748,2989,11737
3,42680,4850,0,0,10,10,4268,14823,2425,17248
3,42680,6250,0,0,10,10,4268,14259,625,14884
3,42680,9760,0,0,10,10,4268,2025,3904,5929
3,42680,17920,0,0,10,10,4268,4125,1792,5917
3,42680,24250,0,0,10,10,4268,4941,9700,14641
3,42680,37730,0,0,10,10,4268,28227,3773,32000
3,42680,40960,0,0,10,10,4268,1125,8192,9317
3,42700,19600,0,0,10,10,4270,81,7840,7921
3,42700,37210,0,0,10,10,4270,4200,3721,7921
3,42804,15129,0,0,9,9,4756,14703,1681,16384
3,42820,42820,0,0,10,10,4282,6561,34256,40817
3,42822,2745,0,0,9,9,4758,12636,1525,14161
3,42822,7497,0,0,9,9,4758,4575,833,5408
3,42822,14625,0,0,9,9,4758,1701,8125,9826
3,42822,14976,0,0,9,9,4758,3969,6656,10625
3,42822,28125,0,0,9,9,4758,17493,3125,20618
3,42822,36414,0,0,9,9,4758,4941,16184,21125
3,42840,225,0,0,9,9,4760,7143,25,7168
3,42840,14112,0,0,9,9,4760,21429,3136,24565
3,42880,640,0,0,10,10,4288,6591,64,6655
3,42880,4840,0,0,10,10,4288,13689,1936,15625
3,42900,80,0,0,10,10,4290,14625,16,14641
3,42900,2960,0,0,10,10,4290,9801,1184,10985
3,42900,11600,0,0,10,10,4290,12321,2320,14641
3,42900,13310,0,0,10,10,4290,20535,1331,21866
3,42900,27500,0,0,10,10,4290,6561,22000,28561
3,42900,31250,0,0,10,10,4290,1776,3125,4901
3,42930,72,0,0,9,9,4770,6561,64,6625
3,42948,42948,0,0,9,9,4772,1089,9544,10633
3,42980,7840,0,0,10,10,4298,2187,5488,7675
3,42980,32000,0,0,10,10,4298,74601,16000,90601
3,43100,6250,0,0,10,10,4310,4116,625,4741
3,43100,40960,0,0,10,10,4310,1125,8192,9317
3,43128,36864,0,0,9,9,4792,5391,8192,13583
3,43146,1152,0,0,9,9,4794,5559,128,5687
3,43160,28730,0,0,10,10,4316,1143,5746,6889
3,43180,5080,0,0,10,10,4318,6561,4064,10625
3,43240,10,0,0,10,10,4324,35328,1,35329
3,43240,21160,0,0,10,10,4324,8343,8464,16807
3,43240,26320,0,0,10,10,4324,81,10528,10609
3,43272,1125,0,0,9,9,4808,8991,625,9616
3,43272,5409,0,0,9,9,4808,4875,601,5476
3,43272,10818,0,0,9,9,4808,243,6010,6253
3,43272,12168,0,0,9,9,4808,12321,2704,15025
3,43326,18,0,0,9,9,4814,24381,8,24389
3,43344,36,0,0,9,9,4816,5913,16,5929
3,43400,320,0,0,10,10,4340,5145,32,5177
3,43400,12500,0,0,10,10,4340,25389,2500,27889
3,43400,12740,0,0,10,10,4340,81,5096,5177
3,43400,13360,0,0,10,10,4340,81,5344,5425
3,43400,16640,0,0,10,10,4340,50625,6656,57281
3,43400,19840,0,0,10,10,4340,6591,1984,8575
3,43400,24500,0,0,10,10,4340,243,12250,12493
3,43434,9,0,0,27,9,4826,6858,1,6859
3,43452,9,0,0,9,9,4828,4899,1,4900
3,43452,225,0,0,9,9,4828,83496,25,83521
3,43452,3087,0,0,9,9,4828,60492,343,60835
3,43452,3519,0,0,9,9,4828,17253,1955,19208
3,43452,4761,0,0,9,9,4828,13632,529,14161
3,43452,5625,0,0,9,9,4828,4416,625,5041
3,43452,15750,0,0,9,9,4828,243,8750,8993
3,43452,21609,0,0,9,9,4828,9375,2401,11776
3,43542,11979,0,0,9,9,4838,14337,6655,20992
3,43632,4365,0,0,9,9,4848,7776,2425,10201
3,43680,320,0,0,10,10,4368,15561,64,15625
3,43680,1610,0,0,10,10,4368,3888,805,4693
3,43680,4550,0,0,10,10,4368,7776,2275,10051
3,43680,14000,0,0,10,10,4368,81,5600,5681
3,43680,26450,0,0,10,10,4368,3159,13225,16384
3,43680,29120,0,0,10,10,4368,1035,5824,6859
3,43680,31250,0,0,10,10,4368,24843,3125,27968
3,43680,38870,0,0,10,10,4368,768,3887,4655
3,43740,72,0,0,9,9,4860,14625,16,14641
3,43740,24750,0,0,9,9,4860,6561,22000,28561
3,43758,7488,0,0,9,9,4862,3249,1664,4913
3,43758,37791,0,0,9,9,4862,3993,4199,8192
3,43780,6250,0,0,10,10,4378,14016,625,14641
3,43800,35840,0,0,10,10,4380,657,7168,7825
3,43830,4383,0,0,27,9,4870,5400,487,5887
3,43974,21609,0,0,9,9,4886,3141,4802,7943
3,43980,31250,0,0,10,10,4398,2199,3125,5324
3,44000,12400,0,0,10,10,4400,81,4960,5041
3,44020,160,0,0,10,10,4402,29727,64,29791
3,44022,14641,0,0,11,11,4002,11661,1331,12992
3,44022,22528,0,0,11,11,4002,7203,2048,9251
3,44022,38599,0,0,11,11,4002,1587,3509,5096
3,44022,42592,0,0,11,11,4002,1029,3872,4901
3,44080,24010,0,0,10,10,4408,13224,2401,15625
3,44082,9,0,0,9,9,4898,120000,1,120001
3,44082,9,0,0,27,9,4898,13824,1,13825
3,44082,21609,0,0,9,9,4898,3840,2401,6241
3,44100,9216,0,0,9,9,4900,75411,4096,79507
3,44110,352,0,0,11,11,4010,6561,256,6817
3,44200,10,0,0,10,10,4420,4488,1,4489
3,44200,10,0,0,10,10,4420,14739,1,14740
3,44200,640,0,0,10,10,4420,6591,64,6655
3,44200,4840,0,0,10,10,4420,13689,1936,15625
3,44200,10000,0,0,10,10,4420,33969,1000,34969
3,44200,21760,0,0,10,10,4420,6633,4352,10985
3,44200,37570,0,0,10,10,4420,1875,3757,5632
3,44200,41140,0,0,10,10,4420,375,4114,4489
3,44220,30,0,0,30,10,4422,6237,4,6241
3,44308,88,0,0,11,11,4028,6561,64,6625
3,44308,1100,0,0,11,11,4028,4293,400,4693
3,44308,1408,0,0,11,11,4028,4293,512,4805
3,44308,3971,0,0,11,11,4028,8427,361,8788
3,44308,10571,0,0,11,11,4028,9063,1922,10985
3,44308,21824,0,0,11,11,4028,4875,1984,6859
3,44308,34375,0,0,11,11,4028,8427,3125,11552
3,44330,704,0,0,11,11,4030,3969,256,4225
3,44330,21824,0,0,11,11,4030,6591,1984,8575
3,44352,9,0,0,9,9,4928,30624,1,30625
3,44352,63,0,0,9,9,4928,17496,49,17545
3,44352,882,0,0,9,9,4928,75429,196,75625
3,44352,1089,0,0,9,9,4928,6375,121,6496
3,44352,1089,0,0,9,9,4928,18375,121,18496
3,44352,3087,0,0,9,9,4928,63423,2401,65824
3,44352,7569,0,0,9,9,4928,14784,841,15625
3,44352,7569,0,0,9,9,4928,73695,841,74536
3,44352,9216,0,0,9,9,4928,4131,5120,9251
3,44352,15138,0,0,9,9,4928,15147,6728,21875
3,44352,18432,0,0,9,9,4928,7203,2048,9251
3,44352,18432,0,0,9,9,4928,39933,8192,48125
3,44352,20808,0,0,9,9,4928,1305,4624,5929
3,44352,27225,0,0,9,9,4928,11136,3025,14161
3,44352,28125,0,0,9,9,4928,14739,3125,17864
3,44352,31680,0,0,9,9,4928,81,14080,14161
3,44352,34650,0,0,9,9,4928,68121,15400,83521
3,44352,36864,0,0,9,9,4928,1125,8192,9317
3,44352,36864,0,0,9,9,4928,32625,8192,40817
3,44352,39168,0,0,9,9,4928,2523,4352,6875
3,44352,44217,0,0,9,9,4928,1815,4913,6728
3,44370,9,0,0,27,9,4930,18495,1,18496
3,44380,41440,0,0,10,10,4438,59049,41440,100489
3,44440,160,0,0,10,10,4444,17271,32,17303
3,44440,1690,0,0,10,10,4444,10032,169,10201
3,44460,9,0,0,9,9,4940,84720,1,84721
3,44460,288,0,0,9,9,4940,15561,64,15625
3,44460,9000,0,0,9,9,4940,13689,4000,17689
3,44460,15435,0,0,9,9,4940,4992,1715,6707
3,44460,18432,0,0,9,9,4940,6561,16384,22945
3,44460,19773,0,0,9,9,4940,26475,2197,28672
3,44460,24336,0,0,9,9,4940,1539,10816,12355
3,44460,27360,0,0,9,9,4940,13767,3040,16807
3,44460,39546,0,0,9,9,4940,3087,8788,11875
3,44460,40131,0,0,9,9,4940,2400,4459,6859
3,44460,41301,0,0,9,9,4940,1536,4589,6125
3,44500,490,0,0,10,10,4450,4374,343,4717
3,44500,19600,0,0,10,10,4450,81,7840,7921
3,44506,22,0,0,33,11,4046,12393,4,12397
3,44506,847,0,0,11,11,4046,4374,539,4913
3,44580,1280,0,0,10,10,4458,18063,512,18575
3,44600,7760,0,0,10,10,4460,2025,3104,5129
3,44600,25600,0,0,10,10,4460,9,5120,5129
3,44638,4928,0,0,11,11,4058,6561,3584,10145
3,44640,1280,0,0,10,10,4464,43923,128,44051
3,44640,20480,0,0,10,10,4464,7203,2048,9251
3,44660,176,0,0,11,11,4060,6093,32,6125
3,44660,20480,0,0,10,10,4466,7203,2048,9251
3,44700,20480,0,0,10,10,4470,1053,8192,9245
3,44704,11,0,0,33,11,4064,6858,1,6859
3,44712,20700,0,0,9,9,4968,441,4600,5041
3,44730,18,0,0,27,9,4970,8019,4,8023
3,44730,576,0,0,9,9,4970,12705,64,12769
3,44730,1800,0,0,9,9,4970,7623,400,8023
3,44730,2034,0,0,9,9,4970,5751,904,6655
3,44730,3087,0,0,9,9,4970,7680,343,8023
3,44730,12348,0,0,9,9,4970,9153,5488,14641
3,44730,16272,0,0,9,9,4970,11025,3616,14641
3,44730,19800,0,0,9,9,4970,3969,8800,12769
3,44730,21609,0,0,9,9,4970,2640,2401,5041
3,44730,22500,0,0,9,9,4970,2541,2500,5041
3,44730,36864,0,0,9,9,4970,1125,8192,9317
3,44748,12430,0,0,11,11,4068,8991,5650,14641
3,44748,34375,0,0,11,11,4068,1056,3125,4181
3,44748,34375,0,0,11,11,4068,4107,3125,7232
3,44770,11198,0,0,11,11,4070,405,4072,4477
3,44792,11,0,0,11,11,4072,9408,1,9409
3,44802,10944,0,0,9,9,4978,2025,4864,6889
3,44820,72,0,0,9,9,4980,6561,64,6625
3,44880,17875,0,0,11,11,4080,16524,8125,24649
3,44880,31250,0,0,10,10,4488,4131,15625,19756
3,44880,34375,0,0,11,11,4080,6123,3125,9248
3,44968,6875,0,0,11,11,4088,4704,625,5329
3,45080,10,0,0,10,10,4508,91839,1,91840
3,45080,490,0,0,30,10,4508,16335,49,16384
3,45080,1000,0,0,10,10,4508,4761,200,4961
3,45080,1760,0,0,10,10,4508,10935,1232,12167
3,45080,2240,0,0,10,10,4508,24057,1568,25625
3,45080,3430,0,0,10,10,4508,23232,343,23575
3,45080,4000,0,0,10,10,4508,13041,1600,14641
3,45080,5290,0,0,10,10,4508,9075,529,9604
3,45080,5290,0,0,10,10,4508,9471,529,10000
3,45080,11270,0,0,10,10,4508,3993,1127,5120
3,45080,24010,0,0,10,10,4508,9375,2401,11776
3,45080,24010,0,0,10,10,4508,10824,2401,13225
3,45080,24200,0,0,10,10,4508,6561,19360,25921
3,45080,26620,0,0,10,10,4508,14145,2662,16807
3,45080,27440,0,0,10,10,4508,3075,2744,5819
3,45080,30250,0,0,10,10,4508,9963,15125,25088
3,45080,40960,0,0,10,10,4508,1029,4096,5125
3,45080,40960,0,0,10,10,4508,1125,8192,9317
3,45080,45080,0,0,10,10,4508,5625,9016,14641
3,45100,11,0,0,11,11,4100,9375,1,9376
3,45100,5500,0,0,11,11,4100,83349,2500,85849
3,45100,45056,0,0,11,11,4100,1029,4096,5125
3,45188,11,0,0,11,11,4108,6240,1,6241
3,45200,10,0,0,10,10,4520,12768,1,12769
3,45200,2000,0,0,10,10,4520,17289,400,17689
3,45200,2560,0,0,10,10,4520,5625,512,6137
3,45200,7220,0,0,10,10,4520,2025,2888,4913
3,45200,7840,0,0,10,10,4520,6441,784,7225
3,45200,9310,0,0,10,10,4520,2187,6517,8704
3,45200,9500,0,0,10,10,4520,6561,7600,14161
3,45200,20230,0,0,10,10,4520,20577,2023,22600
3,45200,25600,0,0,10,10,4520,1017,5120,6137
3,45200,36160,0,0,10,10,4520,1875,3616,5491
3,45200,39550,0,0,10,10,4520,1536,3955,5491
3,45220,10,0,0,30,10,4522,13311,1,13312
3,45220,10,0,0,30,10,4522,31212,1,31213
3,45220,3610,0,0,10,10,4522,4263,361,4624
3,45220,8320,0,0,10,10,4522,3249,1664,4913
3,45220,9310,0,0,10,10,4522,2187,6517,8704
3,45220,13720,0,0,10,10,4522,3393,2744,6137
3,45300,11330,0,0,10,10,4530,6561,9064,15625
3,45430,275,0,0,11,11,4130,14337,125,14462
3,45430,9856,0,0,11,11,4130,54675,6272,60947
3,45430,38291,0,0,11,11,4130,3750,3481,7231
3,45500,31360,0,0,10,10,4550,1125,6272,7397
3,45540,1408,0,0,11,11,4140,8175,128,8303
3,45562,3971,0,0,11,11,4142,16023,361,16384
3,45580,10750,0,0,10,10,4558,243,5375,5618
3,45628,11,0,0,11,11,4148,6885,4,6889
3,45628,913,0,0,11,11,4148,6561,664,7225
3,45628,1375,0,0,11,11,4148,11163,125,11288
3,45738,33,0,0,33,11,4158,4455,4,4459
3,45738,88,0,0,11,11,4158,14625,16,14641
3,45738,17248,0,0,11,11,4158,1089,3136,4225
3,45738,30250,0,0,11,11,4158,6561,22000,28561
3,45740,13310,0,0,10,10,4574,6861,1331,8192
3,45780,1250,0,0,10,10,4578,7203,125,7328
3,45800,2290,0,0,10,10,4580,7047,1145,8192
