U,d,sigma1,sigma2,sigma3,r,t,e,a,b,n
4,1003,1,0,0,1,1,1003,2124,1,2125
4,1010,50,0,0,1,1,1010,2048,275,2323
4,1020,162,0,0,1,1,1020,512,729,1241
4,1020,162,0,0,1,1,1020,2312,243,2555
4,1020,250,0,0,1,1,1020,4704,625,5329
4,1023,27,0,0,1,1,1023,1600,81,1681
4,1023,125,0,0,1,1,1023,15004,125,15129
4,1023,961,0,0,1,1,1023,164,961,1125
4,1027,711,0,0,1,1,1027,64,2133,2197
4,1035,9,0,0,1,1,1035,2116,9,2125
4,1043,1,0,0,1,1,1043,3724,1,3725
4,1053,243,0,0,1,1,1053,2500,243,2743
4,1062,486,0,0,1,1,1062,392,729,1121
4,1065,1,0,0,1,1,1065,3124,1,3125
4,1065,1,0,0,1,1,1065,5324,1,5325
4,1071,111,0,0,1,1,1071,1088,333,1421
4,1071,841,0,0,1,1,1071,972,841,1813
4,1078,882,0,0,1,1,1078,8,1323,1331
4,1083,3,0,0,1,1,1083,1216,9,1225
4,1083,27,0,0,1,1,1083,2500,27,2527
4,1083,125,0,0,1,1,1083,3844,125,3969
4,1083,343,0,0,1,1,1083,11532,343,11875
4,1083,589,0,0,1,1,1083,1024,2945,3969
4,1090,182,0,0,1,1,1090,8192,1183,9375
4,1105,27,0,0,1,1,1105,1600,81,1681
4,1105,697,0,0,1,1,1105,1500,697,2197
4,1105,867,0,0,1,1,1105,64,2601,2665
4,1111,1,0,0,2,1,1111,1616,1,1617
4,1111,1111,0,0,1,1,1111,212,1111,1323
4,1118,650,0,0,1,1,1118,224,1625,1849
4,1120,726,0,0,1,1,1120,136,1089,1225
4,1120,810,0,0,1,1,1120,32,2025,2057
4,1120,882,0,0,1,1,1120,8,1323,1331
4,1125,81,0,0,1,1,1125,1472,243,1715
4,1153,1,0,0,2,1,1153,3024,1,3025
4,1153,441,0,0,1,1,1153,5324,441,5765
4,1153,1153,0,0,4,1,1153,2816,1153,3969
4,1155,1,0,0,1,1,1155,4004,1,4005
4,1155,1,0,0,2,1,1155,3024,1,3025
4,1155,1,0,0,2,1,1155,7920,1,7921
4,1155,125,0,0,1,1,1155,2548,125,2673
4,1155,169,0,0,1,1,1155,1024,845,1869
4,1155,267,0,0,1,1,1155,1600,801,2401
4,1155,351,0,0,1,1,1155,980,351,1331
4,1155,363,0,0,1,1,1155,3136,1089,4225
4,1155,375,0,0,1,1,1155,448,1125,1573
4,1155,507,0,0,1,1,1155,704,1521,2225
4,1155,539,0,0,1,1,1155,676,539,1215
4,1155,801,0,0,1,1,1155,5324,801,6125
4,1155,825,0,0,1,1,1155,1372,825,2197
4,1155,975,0,0,1,1,1155,356,975,1331
4,1173,9,0,0,1,1,1173,2116,9,2125
4,1183,637,0,0,1,1,1183,64,1911,1975
4,1183,711,0,0,1,1,1183,64,2133,2197
4,1188,726,0,0,1,1,1188,136,1089,1225
4,1188,810,0,0,1,1,1188,32,2025,2057
4,1188,882,0,0,1,1,1188,8,1323,1331
4,1195,3,0,0,1,1,1195,1216,9,1225
4,1195,27,0,0,1,1,1195,2500,27,2527
4,1207,71,0,0,1,1,1207,1984,213,2197
4,1224,6,0,0,1,1,1224,4904,9,4913
4,1230,18,0,0,1,1,1230,13448,27,13475
4,1230,250,0,0,1,1,1230,1056,625,1681
4,1230,350,0,0,1,1,1230,128,1225,1353
4,1230,350,0,0,1,1,1230,1312,875,2187
4,1230,486,0,0,1,1,1230,2296,729,3025
4,1230,882,0,0,1,1,1230,8,1323,1331
4,1233,1,0,0,1,1,1233,7124,1,7125
4,1233,1,0,0,2,1,1233,1520,1,1521
4,1245,83,0,0,1,1,1245,1600,249,1849
4,1273,1,0,0,1,1,1273,1444,1,1445
4,1273,153,0,0,1,1,1273,1216,459,1675
4,1273,1273,0,0,4,1,1273,4352,1273,5625
4,1285,1,0,0,1,1,1285,13364,1,13365
4,1290,10,0,0,1,1,1290,1824,25,1849
4,1290,20,0,0,2,1,1290,1824,25,1849
4,1290,1250,0,0,1,1,1290,512,5625,6137
4,1300,182,0,0,1,1,1300,8192,1183,9375
4,1309,81,0,0,1,1,1309,1088,243,1331
4,1309,833,0,0,1,1,1309,1444,833,2277
4,1309,833,0,0,1,1,1309,1472,2499,3971
4,1309,891,0,0,1,1,1309,64,2673,2737
4,1309,1127,0,0,1,1,1309,204,1127,1331
4,1309,1127,0,0,1,1,1309,2052,1127,3179
4,1311,81,0,0,1,1,1311,2116,81,2197
4,1323,9,0,0,2,1,1323,2800,9,2809
4,1330,14,0,0,1,1,1330,3200,49,3249
4,1330,28,0,0,2,1,1330,3200,49,3249
4,1330,98,0,0,1,1,1330,2432,343,2775
4,1335,267,0,0,1,1,1335,1600,801,2401
4,1345,625,0,0,1,1,1345,1796,625,2421
4,1351,539,0,0,1,1,1351,64,1617,1681
4,1353,27,0,0,1,1,1353,1600,81,1681
4,1356,686,0,0,1,1,1356,10368,2401,12769
4,1363,1,0,0,1,1,1363,4900,1,4901
4,1363,1,0,0,2,1,1363,5264,1,5265
4,1363,203,0,0,1,1,1363,1600,609,2209
4,1363,423,0,0,1,1,1363,1856,1269,3125
4,1363,729,0,0,1,1,1363,23660,729,24389
4,1363,1225,0,0,1,1,1363,972,1225,2197
4,1365,1225,0,0,1,1,1365,972,1225,2197
4,1378,750,0,0,1,1,1378,512,3375,3887
4,1383,625,0,0,1,1,1383,1024,3125,4149
4,1387,729,0,0,1,1,1387,4672,2187,6859
4,1393,125,0,0,1,1,1393,3844,125,3969
4,1393,1029,0,0,1,1,1393,1024,5145,6169
4,1395,1125,0,0,1,1,1395,15004,1125,16129
4,1408,6,0,0,1,1,1408,2200,9,2209
4,1408,54,0,0,1,1,1408,5632,243,5875
4,1410,50,0,0,1,1,1410,11296,125,11421
4,1414,1062,0,0,1,1,1414,808,1593,2401
4,1417,1417,0,0,2,1,1417,432,1417,1849
4,1419,1,0,0,2,1,1419,7568,1,7569
4,1428,150,0,0,1,1,1428,2048,825,2873
4,1428,182,0,0,1,1,1428,8192,1183,9375
4,1428,242,0,0,1,1,1428,1352,363,1715
4,1428,306,0,0,1,1,1428,1400,459,1859
4,1428,442,0,0,1,1,1428,640,1547,2187
4,1428,442,0,0,1,1,1428,1568,1105,2673
4,1428,442,0,0,1,1,1428,6144,2431,8575
4,1428,594,0,0,1,1,1428,512,2673,3185
4,1428,702,0,0,1,1,1428,392,1053,1445
4,1428,810,0,0,1,1,1428,32,2025,2057
4,1428,850,0,0,1,1,1428,416,2125,2541
4,1428,882,0,0,1,1,1428,6656,3969,10625
4,1428,1078,0,0,1,1,1428,8,1617,1625
4,1428,1078,0,0,1,1,1428,16000,3773,19773
4,1428,1210,0,0,1,1,1428,20384,3025,23409
4,1435,1,0,0,2,1,1435,1680,1,1681
4,1435,27,0,0,1,1,1435,1600,81,1681
4,1435,243,0,0,1,1,1435,2624,729,3353
4,1441,1,0,0,1,1,1441,1572,1,1573
4,1441,333,0,0,1,1,1441,704,999,1703
4,1443,1,0,0,2,1,1443,4624,1,4625
4,1453,1453,0,0,1,1,1453,972,1453,2425
4,1455,75,0,0,1,1,1455,1984,225,2209
4,1468,2,0,0,1,1,1468,2560,9,2569
4,1468,4,0,0,2,1,1468,2560,9,2569
4,1468,8,0,0,4,1,1468,2560,9,2569
4,1468,294,0,0,1,1,1468,512,1323,1835
4,1482,162,0,0,1,1,1482,2968,243,3211
4,1495,81,0,0,1,1,1495,2116,81,2197
4,1498,162,0,0,1,1,1498,5000,243,5243
4,1503,167,0,0,1,1,1503,1548,167,1715
4,1515,27,0,0,1,1,1515,1600,81,1681
4,1518,414,0,0,1,1,1518,512,1863,2375
4,1533,225,0,0,1,1,1533,1024,1125,2149
4,1545,1,0,0,1,1,1545,1700,1,1701
4,1545,1,0,0,2,1,1545,10608,1,10609
4,1545,27,0,0,1,1,1545,2548,27,2575
4,1545,49,0,0,1,1,1545,3708,49,3757
4,1545,343,0,0,1,1,1545,16384,2401,18785
4,1545,455,0,0,1,1,1545,17408,2275,19683
4,1545,625,0,0,1,1,1545,8748,625,9373
4,1545,721,0,0,1,1,1545,1404,721,2125
4,1545,1225,0,0,1,1,1545,972,1225,2197
4,1573,1,0,0,2,1,1573,3024,1,3025
4,1573,125,0,0,1,1,1573,2548,125,2673
4,1573,363,0,0,1,1,1573,3136,1089,4225
4,1573,825,0,0,1,1,1573,1372,825,2197
4,1573,1225,0,0,1,1,1573,972,1225,2197
4,1573,1331,0,0,1,1,1573,9604,1331,10935
4,1575,27,0,0,1,1,1575,2500,27,2527
4,1575,581,0,0,1,1,1575,1444,581,2025
4,1582,686,0,0,1,1,1582,10368,2401,12769
4,1591,243,0,0,1,1,1591,2752,729,3481
4,1593,1,0,0,4,1,1593,7424,1,7425
4,1608,14,0,0,1,1,1608,8576,49,8625
4,1615,1,0,0,1,1,1615,1700,1,1701
4,1615,1,0,0,2,1,1615,3024,1,3025
4,1615,27,0,0,1,1,1615,2500,27,2527
4,1615,125,0,0,1,1,1615,4788,125,4913
4,1615,209,0,0,1,1,1615,1088,627,1715
4,1615,225,0,0,1,1,1615,21952,675,22627
4,1615,255,0,0,1,1,1615,1024,1275,2299
4,1615,343,0,0,1,1,1615,4332,343,4675
4,1615,361,0,0,1,1,1615,1764,361,2125
4,1615,513,0,0,1,1,1615,3136,1539,4675
4,1615,539,0,0,1,1,1615,1836,539,2375
4,1615,833,0,0,1,1,1615,972,833,1805
4,1615,891,0,0,1,1,1615,2240,2673,4913
4,1615,969,0,0,1,1,1615,2156,969,3125
4,1615,1045,0,0,1,1,1615,7168,5225,12393
4,1615,1331,0,0,1,1,1615,4500,1331,5831
4,1615,1331,0,0,1,1,1615,9604,1331,10935
4,1615,1375,0,0,1,1,1615,4116,1375,5491
4,1615,1377,0,0,1,1,1615,7744,4131,11875
4,1615,1539,0,0,1,1,1615,484,1539,2023
4,1615,1539,0,0,1,1,1615,1156,1539,2695
4,1630,978,0,0,1,1,1630,512,4401,4913
4,1633,729,0,0,1,1,1633,320,2187,2507
4,1638,54,0,0,1,1,1638,8200,81,8281
4,1638,182,0,0,1,1,1638,8192,1183,9375
4,1638,350,0,0,1,1,1638,1312,875,2187
4,1638,364,0,0,2,1,1638,8192,1183,9375
4,1651,783,0,0,1,1,1651,64,2349,2413
4,1653,551,0,0,1,1,1653,1324,551,1875
4,1659,1659,0,0,1,1,1659,9664,4977,14641
4,1670,722,0,0,1,1,1670,32,1805,1837
4,1675,729,0,0,1,1,1675,7396,729,8125
4,1677,81,0,0,1,1,1677,2116,81,2197
4,1683,187,0,0,2,1,1683,2000,187,2187
4,1705,569,0,0,1,1,1705,2500,569,3069
4,1708,14,0,0,1,1,1708,3200,49,3249
4,1708,28,0,0,2,1,1708,3200,49,3249
4,1710,1350,0,0,1,1,1710,8,2025,2033
4,1720,350,0,0,1,1,1720,1312,875,2187
4,1720,410,0,0,1,1,1720,1376,1025,2401
4,1720,738,0,0,1,1,1720,1000,1107,2107
4,1729,577,0,0,1,1,1729,4116,577,4693
4,1740,54,0,0,1,1,1740,15544,81,15625
4,1740,1450,0,0,1,1,1740,864,3625,4489
4,1750,250,0,0,1,1,1750,4704,625,5329
4,1750,500,0,0,2,1,1750,4704,625,5329
4,1755,1183,0,0,1,1,1755,1004,1183,2187
4,1755,1225,0,0,1,1,1755,972,1225,2197
4,1765,775,0,0,1,1,1765,1412,775,2187
4,1767,589,0,0,1,1,1767,3132,589,3721
4,1768,54,0,0,1,1,1768,3400,81,3481
4,1771,1379,0,0,1,1,1771,484,1379,1863
4,1783,1783,0,0,2,1,1783,240,1783,2023
4,1785,9,0,0,1,1,1785,12500,9,12509
4,1792,6,0,0,1,1,1792,2392,9,2401
4,1795,729,0,0,1,1,1795,2396,729,3125
4,1804,126,0,0,1,1,1804,1408,441,1849
4,1806,686,0,0,1,1,1806,10368,2401,12769
4,1813,1,0,0,2,1,1813,3024,1,3025
4,1813,49,0,0,2,1,1813,6512,49,6561
4,1813,1331,0,0,1,1,1813,9604,1331,10935
4,1818,26,0,0,1,1,1818,24576,169,24745
4,1818,182,0,0,1,1,1818,8192,1183,9375
4,1825,405,0,0,1,1,1825,4672,1215,5887
4,1827,9,0,0,2,1,1827,3472,9,3481
4,1833,729,0,0,1,1,1833,1468,729,2197
4,1837,1,0,0,2,1,1837,2672,1,2673
4,1843,9,0,0,1,1,1843,3116,9,3125
4,1843,1681,0,0,1,1,1843,1444,1681,3125
4,1846,14,0,0,1,1,1846,4992,49,5041
4,1846,486,0,0,1,1,1846,4312,729,5041
4,1846,486,0,0,1,1,1846,27832,729,28561
4,1860,14,0,0,1,1,1860,3200,49,3249
4,1870,150,0,0,1,1,1870,2048,825,2873
4,1870,810,0,0,1,1,1870,32,2025,2057
4,1870,1782,0,0,1,1,1870,200,2673,2873
4,1883,1,0,0,1,1,1883,4900,1,4901
4,1885,1,0,0,2,1,1885,4624,1,4625
4,1885,225,0,0,1,1,1885,1972,225,2197
4,1885,425,0,0,1,1,1885,1924,425,2349
4,1885,625,0,0,1,1,1885,3132,625,3757
4,1885,841,0,0,1,1,1885,2916,841,3757
4,1909,81,0,0,1,1,1909,2116,81,2197
4,1918,250,0,0,1,1,1918,18144,625,18769
4,1923,1,0,0,2,1,1923,3024,1,3025
4,1923,1331,0,0,1,1,1923,9604,1331,10935
4,1935,729,0,0,1,1,1935,7396,729,8125
4,1938,1250,0,0,1,1,1938,512,5625,6137
4,1938,1350,0,0,1,1,1938,2888,2025,4913
4,1953,9,0,0,1,1,1953,2116,9,2125
4,1953,125,0,0,1,1,1953,3844,125,3969
4,1953,405,0,0,1,1,1953,4508,405,4913
4,1953,529,0,0,1,1,1953,19652,529,20181
4,1953,713,0,0,1,1,1953,2500,713,3213
4,1953,729,0,0,1,1,1953,448,2187,2635
4,1953,837,0,0,1,1,1953,1564,837,2401
4,1953,1587,0,0,1,1,1953,1024,7935,8959
4,1963,625,0,0,1,1,1963,1572,625,2197
4,1980,1250,0,0,1,1,1980,7776,3125,10901
4,1989,121,0,0,1,1,1989,19652,121,19773
4,1993,27,0,0,1,1,1993,2500,27,2527
4,1993,361,0,0,1,1,1993,9604,361,9965
4,1995,27,0,0,1,1,1995,2500,27,2527
4,2006,2,0,0,2,2,1003,2124,1,2125
4,2020,100,0,0,2,2,1010,2048,275,2323
4,2040,324,0,0,2,2,1020,512,729,1241
4,2040,324,0,0,2,2,1020,2312,243,2555
4,2040,500,0,0,2,2,1020,4704,625,5329
4,2046,54,0,0,2,2,1023,1600,81,1681
4,2046,250,0,0,2,2,1023,15004,125,15129
4,2046,1922,0,0,2,2,1023,164,961,1125
4,2054,1422,0,0,2,2,1027,64,2133,2197
4,2070,18,0,0,2,2,1035,2116,9,2125
4,2086,2,0,0,2,2,1043,3724,1,3725
4,2106,486,0,0,2,2,1053,2500,243,2743
4,2124,972,0,0,2,2,1062,392,729,1121
4,2130,2,0,0,2,2,1065,3124,1,3125
4,2130,2,0,0,2,2,1065,5324,1,5325
4,2142,222,0,0,2,2,1071,1088,333,1421
4,2142,1682,0,0,2,2,1071,972,841,1813
4,2156,1764,0,0,2,2,1078,8,1323,1331
4,2166,6,0,0,2,2,1083,1216,9,1225
4,2166,54,0,0,2,2,1083,2500,27,2527
4,2166,250,0,0,2,2,1083,3844,125,3969
4,2166,686,0,0,2,2,1083,11532,343,11875
4,2166,1178,0,0,2,2,1083,1024,2945,3969
4,2180,364,0,0,2,2,1090,8192,1183,9375
4,2210,54,0,0,2,2,1105,1600,81,1681
4,2210,1394,0,0,2,2,1105,1500,697,2197
4,2210,1734,0,0,2,2,1105,64,2601,2665
4,2222,2,0,0,4,2,1111,1616,1,1617
4,2222,2222,0,0,2,2,1111,212,1111,1323
4,2236,1300,0,0,2,2,1118,224,1625,1849
4,2240,1452,0,0,2,2,1120,136,1089,1225
4,2240,1620,0,0,2,2,1120,32,2025,2057
4,2240,1764,0,0,2,2,1120,8,1323,1331
4,2250,162,0,0,2,2,1125,1472,243,1715
4,2306,2,0,0,4,2,1153,3024,1,3025
4,2306,882,0,0,2,2,1153,5324,441,5765
4,2306,2306,0,0,8,2,1153,2816,1153,3969
4,2310,2,0,0,2,2,1155,4004,1,4005
4,2310,2,0,0,4,2,1155,3024,1,3025
4,2310,2,0,0,4,2,1155,7920,1,7921
4,2310,250,0,0,2,2,1155,2548,125,2673
4,2310,338,0,0,2,2,1155,1024,845,1869
4,2310,534,0,0,2,2,1155,1600,801,2401
4,2310,702,0,0,2,2,1155,980,351,1331
4,2310,726,0,0,2,2,1155,3136,1089,4225
4,2310,750,0,0,2,2,1155,448,1125,1573
4,2310,1014,0,0,2,2,1155,704,1521,2225
4,2310,1078,0,0,2,2,1155,676,539,1215
4,2310,1602,0,0,2,2,1155,5324,801,6125
4,2310,1650,0,0,2,2,1155,1372,825,2197
4,2310,1950,0,0,2,2,1155,356,975,1331
4,2346,18,0,0,2,2,1173,2116,9,2125
4,2366,1274,0,0,2,2,1183,64,1911,1975
4,2366,1422,0,0,2,2,1183,64,2133,2197
4,2376,1452,0,0,2,2,1188,136,1089,1225
4,2376,1620,0,0,2,2,1188,32,2025,2057
4,2376,1764,0,0,2,2,1188,8,1323,1331
4,2390,6,0,0,2,2,1195,1216,9,1225
4,2390,54,0,0,2,2,1195,2500,27,2527
4,2414,142,0,0,2,2,1207,1984,213,2197
4,2448,12,0,0,2,2,1224,4904,9,4913
4,2460,36,0,0,2,2,1230,13448,27,13475
4,2460,500,0,0,2,2,1230,1056,625,1681
4,2460,700,0,0,2,2,1230,128,1225,1353
4,2460,700,0,0,2,2,1230,1312,875,2187
4,2460,972,0,0,2,2,1230,2296,729,3025
4,2460,1764,0,0,2,2,1230,8,1323,1331
4,2466,2,0,0,2,2,1233,7124,1,7125
4,2466,2,0,0,4,2,1233,1520,1,1521
4,2490,166,0,0,2,2,1245,1600,249,1849
4,2546,2,0,0,2,2,1273,1444,1,1445
4,2546,306,0,0,2,2,1273,1216,459,1675
4,2546,2546,0,0,8,2,1273,4352,1273,5625
4,2570,2,0,0,2,2,1285,13364,1,13365
4,2580,20,0,0,2,2,1290,1824,25,1849
4,2580,40,0,0,4,2,1290,1824,25,1849
4,2580,2500,0,0,2,2,1290,512,5625,6137
4,2600,364,0,0,2,2,1300,8192,1183,9375
4,2618,162,0,0,2,2,1309,1088,243,1331
4,2618,1666,0,0,2,2,1309,1444,833,2277
4,2618,1666,0,0,2,2,1309,1472,2499,3971
4,2618,1782,0,0,2,2,1309,64,2673,2737
4,2618,2254,0,0,2,2,1309,204,1127,1331
4,2618,2254,0,0,2,2,1309,2052,1127,3179
4,2622,162,0,0,2,2,1311,2116,81,2197
4,2646,18,0,0,4,2,1323,2800,9,2809
4,2660,28,0,0,2,2,1330,3200,49,3249
4,2660,56,0,0,4,2,1330,3200,49,3249
4,2660,196,0,0,2,2,1330,2432,343,2775
4,2670,534,0,0,2,2,1335,1600,801,2401
4,2690,1250,0,0,2,2,1345,1796,625,2421
4,2702,1078,0,0,2,2,1351,64,1617,1681
4,2706,54,0,0,2,2,1353,1600,81,1681
4,2712,1372,0,0,2,2,1356,10368,2401,12769
4,2726,2,0,0,2,2,1363,4900,1,4901
4,2726,2,0,0,4,2,1363,5264,1,5265
4,2726,406,0,0,2,2,1363,1600,609,2209
4,2726,846,0,0,2,2,1363,1856,1269,3125
4,2726,1458,0,0,2,2,1363,23660,729,24389
4,2726,2450,0,0,2,2,1363,972,1225,2197
4,2730,2450,0,0,2,2,1365,972,1225,2197
4,2756,1500,0,0,2,2,1378,512,3375,3887
4,2766,1250,0,0,2,2,1383,1024,3125,4149
4,2774,1458,0,0,2,2,1387,4672,2187,6859
4,2786,250,0,0,2,2,1393,3844,125,3969
4,2786,2058,0,0,2,2,1393,1024,5145,6169
4,2790,2250,0,0,2,2,1395,15004,1125,16129
4,2816,12,0,0,2,2,1408,2200,9,2209
4,2816,108,0,0,2,2,1408,5632,243,5875
4,2820,100,0,0,2,2,1410,11296,125,11421
4,2828,2124,0,0,2,2,1414,808,1593,2401
4,2834,2834,0,0,4,2,1417,432,1417,1849
4,2838,2,0,0,4,2,1419,7568,1,7569
4,2856,300,0,0,2,2,1428,2048,825,2873
4,2856,364,0,0,2,2,1428,8192,1183,9375
4,2856,484,0,0,2,2,1428,1352,363,1715
4,2856,612,0,0,2,2,1428,1400,459,1859
4,2856,884,0,0,2,2,1428,640,1547,2187
4,2856,884,0,0,2,2,1428,1568,1105,2673
4,2856,884,0,0,2,2,1428,6144,2431,8575
4,2856,1188,0,0,2,2,1428,512,2673,3185
4,2856,1404,0,0,2,2,1428,392,1053,1445
4,2856,1620,0,0,2,2,1428,32,2025,2057
4,2856,1700,0,0,2,2,1428,416,2125,2541
4,2856,1764,0,0,2,2,1428,6656,3969,10625
4,2856,2156,0,0,2,2,1428,8,1617,1625
4,2856,2156,0,0,2,2,1428,16000,3773,19773
4,2856,2420,0,0,2,2,1428,20384,3025,23409
4,2870,2,0,0,4,2,1435,1680,1,1681
4,2870,54,0,0,2,2,1435,1600,81,1681
4,2870,486,0,0,2,2,1435,2624,729,3353
4,2882,2,0,0,2,2,1441,1572,1,1573
4,2882,666,0,0,2,2,1441,704,999,1703
4,2886,2,0,0,4,2,1443,4624,1,4625
4,2906,2906,0,0,2,2,1453,972,1453,2425
4,2910,150,0,0,2,2,1455,1984,225,2209
4,2936,4,0,0,2,2,1468,2560,9,2569
4,2936,8,0,0,4,2,1468,2560,9,2569
4,2936,16,0,0,8,2,1468,2560,9,2569
4,2936,588,0,0,2,2,1468,512,1323,1835
4,2964,324,0,0,2,2,1482,2968,243,3211
4,2990,162,0,0,2,2,1495,2116,81,2197
4,2996,324,0,0,2,2,1498,5000,243,5243
4,3006,334,0,0,2,2,1503,1548,167,1715
4,3009,3,0,0,3,3,1003,2124,1,2125
4,3030,54,0,0,2,2,1515,1600,81,1681
4,3030,150,0,0,3,3,1010,2048,275,2323
4,3036,828,0,0,2,2,1518,512,1863,2375
4,3060,486,0,0,3,3,1020,512,729,1241
4,3060,486,0,0,3,3,1020,2312,243,2555
4,3060,750,0,0,3,3,1020,4704,625,5329
4,3066,450,0,0,2,2,1533,1024,1125,2149
4,3069,81,0,0,3,3,1023,1600,81,1681
4,3069,375,0,0,3,3,1023,15004,125,15129
4,3069,2883,0,0,3,3,1023,164,961,1125
4,3081,2133,0,0,3,3,1027,64,2133,2197
4,3090,2,0,0,2,2,1545,1700,1,1701
4,3090,2,0,0,4,2,1545,10608,1,10609
4,3090,54,0,0,2,2,1545,2548,27,2575
4,3090,98,0,0,2,2,1545,3708,49,3757
4,3090,686,0,0,2,2,1545,16384,2401,18785
4,3090,910,0,0,2,2,1545,17408,2275,19683
4,3090,1250,0,0,2,2,1545,8748,625,9373
4,3090,1442,0,0,2,2,1545,1404,721,2125
4,3090,2450,0,0,2,2,1545,972,1225,2197
4,3105,27,0,0,3,3,1035,2116,9,2125
4,3129,3,0,0,3,3,1043,3724,1,3725
4,3146,2,0,0,4,2,1573,3024,1,3025
4,3146,250,0,0,2,2,1573,2548,125,2673
4,3146,726,0,0,2,2,1573,3136,1089,4225
4,3146,1650,0,0,2,2,1573,1372,825,2197
4,3146,2450,0,0,2,2,1573,972,1225,2197
4,3146,2662,0,0,2,2,1573,9604,1331,10935
4,3150,54,0,0,2,2,1575,2500,27,2527
4,3150,1162,0,0,2,2,1575,1444,581,2025
4,3159,729,0,0,3,3,1053,2500,243,2743
4,3164,1372,0,0,2,2,1582,10368,2401,12769
4,3182,486,0,0,2,2,1591,2752,729,3481
4,3186,2,0,0,8,2,1593,7424,1,7425
4,3186,1458,0,0,3,3,1062,392,729,1121
4,3195,3,0,0,3,3,1065,3124,1,3125
4,3195,3,0,0,3,3,1065,5324,1,5325
4,3213,333,0,0,3,3,1071,1088,333,1421
4,3213,2523,0,0,3,3,1071,972,841,1813
4,3216,28,0,0,2,2,1608,8576,49,8625
4,3230,2,0,0,2,2,1615,1700,1,1701
4,3230,2,0,0,4,2,1615,3024,1,3025
4,3230,54,0,0,2,2,1615,2500,27,2527
4,3230,250,0,0,2,2,1615,4788,125,4913
4,3230,418,0,0,2,2,1615,1088,627,1715
4,3230,450,0,0,2,2,1615,21952,675,22627
4,3230,510,0,0,2,2,1615,1024,1275,2299
4,3230,686,0,0,2,2,1615,4332,343,4675
4,3230,722,0,0,2,2,1615,1764,361,2125
4,3230,1026,0,0,2,2,1615,3136,1539,4675
4,3230,1078,0,0,2,2,1615,1836,539,2375
4,3230,1666,0,0,2,2,1615,972,833,1805
4,3230,1782,0,0,2,2,1615,2240,2673,4913
4,3230,1938,0,0,2,2,1615,2156,969,3125
4,3230,2090,0,0,2,2,1615,7168,5225,12393
4,3230,2662,0,0,2,2,1615,4500,1331,5831
4,3230,2662,0,0,2,2,1615,9604,1331,10935
4,3230,2750,0,0,2,2,1615,4116,1375,5491
4,3230,2754,0,0,2,2,1615,7744,4131,11875
4,3230,3078,0,0,2,2,1615,484,1539,2023
4,3230,3078,0,0,2,2,1615,1156,1539,2695
4,3234,2646,0,0,3,3,1078,8,1323,1331
4,3249,9,0,0,3,3,1083,1216,9,1225
4,3249,81,0,0,3,3,1083,2500,27,2527
4,3249,375,0,0,3,3,1083,3844,125,3969
4,3249,1029,0,0,3,3,1083,11532,343,11875
4,3249,1767,0,0,3,3,1083,1024,2945,3969
4,3260,1956,0,0,2,2,1630,512,4401,4913
4,3266,1458,0,0,2,2,1633,320,2187,2507
4,3270,546,0,0,3,3,1090,8192,1183,9375
4,3276,108,0,0,2,2,1638,8200,81,8281
4,3276,364,0,0,2,2,1638,8192,1183,9375
4,3276,700,0,0,2,2,1638,1312,875,2187
4,3276,728,0,0,4,2,1638,8192,1183,9375
4,3302,1566,0,0,2,2,1651,64,2349,2413
4,3306,1102,0,0,2,2,1653,1324,551,1875
4,3315,81,0,0,3,3,1105,1600,81,1681
4,3315,2091,0,0,3,3,1105,1500,697,2197
4,3315,2601,0,0,3,3,1105,64,2601,2665
4,3318,3318,0,0,2,2,1659,9664,4977,14641
4,3333,3,0,0,6,3,1111,1616,1,1617
4,3333,3333,0,0,3,3,1111,212,1111,1323
4,3340,1444,0,0,2,2,1670,32,1805,1837
4,3350,1458,0,0,2,2,1675,7396,729,8125
4,3354,162,0,0,2,2,1677,2116,81,2197
4,3354,1950,0,0,3,3,1118,224,1625,1849
4,3360,2178,0,0,3,3,1120,136,1089,1225
4,3360,2430,0,0,3,3,1120,32,2025,2057
4,3360,2646,0,0,3,3,1120,8,1323,1331
4,3366,374,0,0,4,2,1683,2000,187,2187
4,3375,243,0,0,3,3,1125,1472,243,1715
4,3410,1138,0,0,2,2,1705,2500,569,3069
4,3416,28,0,0,2,2,1708,3200,49,3249
4,3416,56,0,0,4,2,1708,3200,49,3249
4,3420,2700,0,0,2,2,1710,8,2025,2033
4,3440,700,0,0,2,2,1720,1312,875,2187
4,3440,820,0,0,2,2,1720,1376,1025,2401
4,3440,1476,0,0,2,2,1720,1000,1107,2107
4,3458,1154,0,0,2,2,1729,4116,577,4693
4,3459,3,0,0,6,3,1153,3024,1,3025
4,3459,1323,0,0,3,3,1153,5324,441,5765
4,3459,3459,0,0,12,3,1153,2816,1153,3969
4,3465,3,0,0,3,3,1155,4004,1,4005
4,3465,3,0,0,6,3,1155,3024,1,3025
4,3465,3,0,0,6,3,1155,7920,1,7921
4,3465,375,0,0,3,3,1155,2548,125,2673
4,3465,507,0,0,3,3,1155,1024,845,1869
4,3465,801,0,0,3,3,1155,1600,801,2401
4,3465,1053,0,0,3,3,1155,980,351,1331
4,3465,1089,0,0,3,3,1155,3136,1089,4225
4,3465,1125,0,0,3,3,1155,448,1125,1573
4,3465,1521,0,0,3,3,1155,704,1521,2225
4,3465,1617,0,0,3,3,1155,676,539,1215
4,3465,2403,0,0,3,3,1155,5324,801,6125
4,3465,2475,0,0,3,3,1155,1372,825,2197
4,3465,2925,0,0,3,3,1155,356,975,1331
4,3480,108,0,0,2,2,1740,15544,81,15625
4,3480,2900,0,0,2,2,1740,864,3625,4489
4,3500,500,0,0,2,2,1750,4704,625,5329
4,3500,1000,0,0,4,2,1750,4704,625,5329
4,3510,2366,0,0,2,2,1755,1004,1183,2187
4,3510,2450,0,0,2,2,1755,972,1225,2197
4,3519,27,0,0,3,3,1173,2116,9,2125
4,3530,1550,0,0,2,2,1765,1412,775,2187
4,3534,1178,0,0,2,2,1767,3132,589,3721
4,3536,108,0,0,2,2,1768,3400,81,3481
4,3542,2758,0,0,2,2,1771,484,1379,1863
4,3549,1911,0,0,3,3,1183,64,1911,1975
4,3549,2133,0,0,3,3,1183,64,2133,2197
4,3564,2178,0,0,3,3,1188,136,1089,1225
4,3564,2430,0,0,3,3,1188,32,2025,2057
4,3564,2646,0,0,3,3,1188,8,1323,1331
4,3566,3566,0,0,4,2,1783,240,1783,2023
4,3570,18,0,0,2,2,1785,12500,9,12509
4,3584,12,0,0,2,2,1792,2392,9,2401
4,3585,9,0,0,3,3,1195,1216,9,1225
4,3585,81,0,0,3,3,1195,2500,27,2527
4,3590,1458,0,0,2,2,1795,2396,729,3125
4,3608,252,0,0,2,2,1804,1408,441,1849
4,3612,1372,0,0,2,2,1806,10368,2401,12769
4,3621,213,0,0,3,3,1207,1984,213,2197
4,3626,2,0,0,4,2,1813,3024,1,3025
4,3626,98,0,0,4,2,1813,6512,49,6561
4,3626,2662,0,0,2,2,1813,9604,1331,10935
4,3636,52,0,0,2,2,1818,24576,169,24745
4,3636,364,0,0,2,2,1818,8192,1183,9375
4,3650,810,0,0,2,2,1825,4672,1215,5887
4,3654,18,0,0,4,2,1827,3472,9,3481
4,3666,1458,0,0,2,2,1833,1468,729,2197
4,3672,18,0,0,3,3,1224,4904,9,4913
4,3674,2,0,0,4,2,1837,2672,1,2673
4,3686,18,0,0,2,2,1843,3116,9,3125
4,3686,3362,0,0,2,2,1843,1444,1681,3125
4,3690,54,0,0,3,3,1230,13448,27,13475
4,3690,750,0,0,3,3,1230,1056,625,1681
4,3690,1050,0,0,3,3,1230,128,1225,1353
4,3690,1050,0,0,3,3,1230,1312,875,2187
4,3690,1458,0,0,3,3,1230,2296,729,3025
4,3690,2646,0,0,3,3,1230,8,1323,1331
4,3692,28,0,0,2,2,1846,4992,49,5041
4,3692,972,0,0,2,2,1846,4312,729,5041
4,3692,972,0,0,2,2,1846,27832,729,28561
4,3699,3,0,0,3,3,1233,7124,1,7125
4,3699,3,0,0,6,3,1233,1520,1,1521
4,3720,28,0,0,2,2,1860,3200,49,3249
4,3735,249,0,0,3,3,1245,1600,249,1849
4,3740,300,0,0,2,2,1870,2048,825,2873
4,3740,1620,0,0,2,2,1870,32,2025,2057
4,3740,3564,0,0,2,2,1870,200,2673,2873
4,3766,2,0,0,2,2,1883,4900,1,4901
4,3770,2,0,0,4,2,1885,4624,1,4625
4,3770,450,0,0,2,2,1885,1972,225,2197
4,3770,850,0,0,2,2,1885,1924,425,2349
4,3770,1250,0,0,2,2,1885,3132,625,3757
4,3770,1682,0,0,2,2,1885,2916,841,3757
4,3818,162,0,0,2,2,1909,2116,81,2197
4,3819,3,0,0,3,3,1273,1444,1,1445
4,3819,459,0,0,3,3,1273,1216,459,1675
4,3819,3819,0,0,12,3,1273,4352,1273,5625
4,3836,500,0,0,2,2,1918,18144,625,18769
4,3846,2,0,0,4,2,1923,3024,1,3025
4,3846,2662,0,0,2,2,1923,9604,1331,10935
4,3855,3,0,0,3,3,1285,13364,1,13365
4,3870,30,0,0,3,3,1290,1824,25,1849
4,3870,60,0,0,6,3,1290,1824,25,1849
4,3870,1458,0,0,2,2,1935,7396,729,8125
4,3870,3750,0,0,3,3,1290,512,5625,6137
4,3876,2500,0,0,2,2,1938,512,5625,6137
4,3876,2700,0,0,2,2,1938,2888,2025,4913
4,3900,546,0,0,3,3,1300,8192,1183,9375
4,3906,18,0,0,2,2,1953,2116,9,2125
4,3906,250,0,0,2,2,1953,3844,125,3969
4,3906,810,0,0,2,2,1953,4508,405,4913
4,3906,1058,0,0,2,2,1953,19652,529,20181
4,3906,1426,0,0,2,2,1953,2500,713,3213
4,3906,1458,0,0,2,2,1953,448,2187,2635
4,3906,1674,0,0,2,2,1953,1564,837,2401
4,3906,3174,0,0,2,2,1953,1024,7935,8959
4,3926,1250,0,0,2,2,1963,1572,625,2197
4,3927,243,0,0,3,3,1309,1088,243,1331
4,3927,2499,0,0,3,3,1309,1444,833,2277
4,3927,2499,0,0,3,3,1309,1472,2499,3971
4,3927,2673,0,0,3,3,1309,64,2673,2737
4,3927,3381,0,0,3,3,1309,204,1127,1331
4,3927,3381,0,0,3,3,1309,2052,1127,3179
4,3933,243,0,0,3,3,1311,2116,81,2197
4,3960,2500,0,0,2,2,1980,7776,3125,10901
4,3969,27,0,0,6,3,1323,2800,9,2809
4,3978,242,0,0,2,2,1989,19652,121,19773
4,3986,54,0,0,2,2,1993,2500,27,2527
4,3986,722,0,0,2,2,1993,9604,361,9965
4,3990,42,0,0,3,3,1330,3200,49,3249
4,3990,54,0,0,2,2,1995,2500,27,2527
4,3990,84,0,0,6,3,1330,3200,49,3249
4,3990,294,0,0,3,3,1330,2432,343,2775
4,4005,801,0,0,3,3,1335,1600,801,2401
4,4012,4,0,0,4,4,1003,2124,1,2125
4,4035,1875,0,0,3,3,1345,1796,625,2421
4,4040,200,0,0,4,4,1010,2048,275,2323
4,4053,1617,0,0,3,3,1351,64,1617,1681
4,4059,81,0,0,3,3,1353,1600,81,1681
4,4068,2058,0,0,3,3,1356,10368,2401,12769
4,4080,648,0,0,4,4,1020,512,729,1241
4,4080,648,0,0,4,4,1020,2312,243,2555
4,4080,1000,0,0,4,4,1020,4704,625,5329
4,4089,3,0,0,3,3,1363,4900,1,4901
4,4089,3,0,0,6,3,1363,5264,1,5265
4,4089,609,0,0,3,3,1363,1600,609,2209
4,4089,1269,0,0,3,3,1363,1856,1269,3125
4,4089,2187,0,0,3,3,1363,23660,729,24389
4,4089,3675,0,0,3,3,1363,972,1225,2197
4,4092,108,0,0,4,4,1023,1600,81,1681
4,4092,500,0,0,4,4,1023,15004,125,15129
4,4092,3844,0,0,4,4,1023,164,961,1125
4,4095,3675,0,0,3,3,1365,972,1225,2197
4,4108,2844,0,0,4,4,1027,64,2133,2197
4,4134,2250,0,0,3,3,1378,512,3375,3887
4,4140,36,0,0,4,4,1035,2116,9,2125
4,4149,1875,0,0,3,3,1383,1024,3125,4149
4,4161,2187,0,0,3,3,1387,4672,2187,6859
4,4172,4,0,0,4,4,1043,3724,1,3725
4,4179,375,0,0,3,3,1393,3844,125,3969
4,4179,3087,0,0,3,3,1393,1024,5145,6169
4,4185,3375,0,0,3,3,1395,15004,1125,16129
4,4212,972,0,0,4,4,1053,2500,243,2743
4,4224,18,0,0,3,3,1408,2200,9,2209
4,4224,162,0,0,3,3,1408,5632,243,5875
4,4230,150,0,0,3,3,1410,11296,125,11421
4,4242,3186,0,0,3,3,1414,808,1593,2401
4,4248,1944,0,0,4,4,1062,392,729,1121
4,4251,4251,0,0,6,3,1417,432,1417,1849
4,4257,3,0,0,6,3,1419,7568,1,7569
4,4260,4,0,0,4,4,1065,3124,1,3125
4,4260,4,0,0,4,4,1065,5324,1,5325
4,4284,444,0,0,4,4,1071,1088,333,1421
4,4284,450,0,0,3,3,1428,2048,825,2873
4,4284,546,0,0,3,3,1428,8192,1183,9375
4,4284,726,0,0,3,3,1428,1352,363,1715
4,4284,918,0,0,3,3,1428,1400,459,1859
4,4284,1326,0,0,3,3,1428,640,1547,2187
4,4284,1326,0,0,3,3,1428,1568,1105,2673
4,4284,1326,0,0,3,3,1428,6144,2431,8575
4,4284,1782,0,0,3,3,1428,512,2673,3185
4,4284,2106,0,0,3,3,1428,392,1053,1445
4,4284,2430,0,0,3,3,1428,32,2025,2057
4,4284,2550,0,0,3,3,1428,416,2125,2541
4,4284,2646,0,0,3,3,1428,6656,3969,10625
4,4284,3234,0,0,3,3,1428,8,1617,1625
4,4284,3234,0,0,3,3,1428,16000,3773,19773
4,4284,3364,0,0,4,4,1071,972,841,1813
4,4284,3630,0,0,3,3,1428,20384,3025,23409
4,4305,3,0,0,6,3,1435,1680,1,1681
4,4305,81,0,0,3,3,1435,1600,81,1681
4,4305,729,0,0,3,3,1435,2624,729,3353
4,4312,3528,0,0,4,4,1078,8,1323,1331
4,4323,3,0,0,3,3,1441,1572,1,1573
4,4323,999,0,0,3,3,1441,704,999,1703
4,4329,3,0,0,6,3,1443,4624,1,4625
4,4332,12,0,0,4,4,1083,1216,9,1225
4,4332,108,0,0,4,4,1083,2500,27,2527
4,4332,500,0,0,4,4,1083,3844,125,3969
4,4332,1372,0,0,4,4,1083,11532,343,11875
4,4332,2356,0,0,4,4,1083,1024,2945,3969
4,4359,4359,0,0,3,3,1453,972,1453,2425
4,4360,728,0,0,4,4,1090,8192,1183,9375
4,4365,225,0,0,3,3,1455,1984,225,2209
4,4404,6,0,0,3,3,1468,2560,9,2569
4,4404,12,0,0,6,3,1468,2560,9,2569
4,4404,24,0,0,12,3,1468,2560,9,2569
4,4404,882,0,0,3,3,1468,512,1323,1835
4,4420,108,0,0,4,4,1105,1600,81,1681
4,4420,2788,0,0,4,4,1105,1500,697,2197
4,4420,3468,0,0,4,4,1105,64,2601,2665
4,4444,4,0,0,8,4,1111,1616,1,1617
4,4444,4444,0,0,4,4,1111,212,1111,1323
4,4446,486,0,0,3,3,1482,2968,243,3211
4,4472,2600,0,0,4,4,1118,224,1625,1849
4,4480,2904,0,0,4,4,1120,136,1089,1225
4,4480,3240,0,0,4,4,1120,32,2025,2057
4,4480,3528,0,0,4,4,1120,8,1323,1331
4,4485,243,0,0,3,3,1495,2116,81,2197
4,4494,486,0,0,3,3,1498,5000,243,5243
4,4500,324,0,0,4,4,1125,1472,243,1715
4,4509,501,0,0,3,3,1503,1548,167,1715
4,4545,81,0,0,3,3,1515,1600,81,1681
4,4554,1242,0,0,3,3,1518,512,1863,2375
4,4599,675,0,0,3,3,1533,1024,1125,2149
4,4612,4,0,0,8,4,1153,3024,1,3025
4,4612,1764,0,0,4,4,1153,5324,441,5765
4,4612,4612,0,0,16,4,1153,2816,1153,3969
4,4620,4,0,0,4,4,1155,4004,1,4005
4,4620,4,0,0,8,4,1155,3024,1,3025
4,4620,4,0,0,8,4,1155,7920,1,7921
4,4620,500,0,0,4,4,1155,2548,125,2673
4,4620,676,0,0,4,4,1155,1024,845,1869
4,4620,1068,0,0,4,4,1155,1600,801,2401
4,4620,1404,0,0,4,4,1155,980,351,1331
4,4620,1452,0,0,4,4,1155,3136,1089,4225
4,4620,1500,0,0,4,4,1155,448,1125,1573
4,4620,2028,0,0,4,4,1155,704,1521,2225
4,4620,2156,0,0,4,4,1155,676,539,1215
4,4620,3204,0,0,4,4,1155,5324,801,6125
4,4620,3300,0,0,4,4,1155,1372,825,2197
4,4620,3900,0,0,4,4,1155,356,975,1331
4,4635,3,0,0,3,3,1545,1700,1,1701
4,4635,3,0,0,6,3,1545,10608,1,10609
4,4635,81,0,0,3,3,1545,2548,27,2575
4,4635,147,0,0,3,3,1545,3708,49,3757
4,4635,1029,0,0,3,3,1545,16384,2401,18785
4,4635,1365,0,0,3,3,1545,17408,2275,19683
4,4635,1875,0,0,3,3,1545,8748,625,9373
4,4635,2163,0,0,3,3,1545,1404,721,2125
4,4635,3675,0,0,3,3,1545,972,1225,2197
4,4692,36,0,0,4,4,1173,2116,9,2125
4,4719,3,0,0,6,3,1573,3024,1,3025
4,4719,375,0,0,3,3,1573,2548,125,2673
4,4719,1089,0,0,3,3,1573,3136,1089,4225
4,4719,2475,0,0,3,3,1573,1372,825,2197
4,4719,3675,0,0,3,3,1573,972,1225,2197
4,4719,3993,0,0,3,3,1573,9604,1331,10935
4,4725,81,0,0,3,3,1575,2500,27,2527
4,4725,1743,0,0,3,3,1575,1444,581,2025
4,4732,2548,0,0,4,4,1183,64,1911,1975
4,4732,2844,0,0,4,4,1183,64,2133,2197
4,4746,2058,0,0,3,3,1582,10368,2401,12769
4,4752,2904,0,0,4,4,1188,136,1089,1225
4,4752,3240,0,0,4,4,1188,32,2025,2057
4,4752,3528,0,0,4,4,1188,8,1323,1331
4,4773,729,0,0,3,3,1591,2752,729,3481
4,4779,3,0,0,12,3,1593,7424,1,7425
4,4780,12,0,0,4,4,1195,1216,9,1225
4,4780,108,0,0,4,4,1195,2500,27,2527
4,4824,42,0,0,3,3,1608,8576,49,8625
4,4828,284,0,0,4,4,1207,1984,213,2197
4,4845,3,0,0,3,3,1615,1700,1,1701
4,4845,3,0,0,6,3,1615,3024,1,3025
4,4845,81,0,0,3,3,1615,2500,27,2527
4,4845,375,0,0,3,3,1615,4788,125,4913
4,4845,627,0,0,3,3,1615,1088,627,1715
4,4845,675,0,0,3,3,1615,21952,675,22627
4,4845,765,0,0,3,3,1615,1024,1275,2299
4,4845,1029,0,0,3,3,1615,4332,343,4675
4,4845,1083,0,0,3,3,1615,1764,361,2125
4,4845,1539,0,0,3,3,1615,3136,1539,4675
4,4845,1617,0,0,3,3,1615,1836,539,2375
4,4845,2499,0,0,3,3,1615,972,833,1805
4,4845,2673,0,0,3,3,1615,2240,2673,4913
4,4845,2907,0,0,3,3,1615,2156,969,3125
4,4845,3135,0,0,3,3,1615,7168,5225,12393
4,4845,3993,0,0,3,3,1615,4500,1331,5831
4,4845,3993,0,0,3,3,1615,9604,1331,10935
4,4845,4125,0,0,3,3,1615,4116,1375,5491
4,4845,4131,0,0,3,3,1615,7744,4131,11875
4,4845,4617,0,0,3,3,1615,484,1539,2023
4,4845,4617,0,0,3,3,1615,1156,1539,2695
4,4890,2934,0,0,3,3,1630,512,4401,4913
4,4896,24,0,0,4,4,1224,4904,9,4913
4,4899,2187,0,0,3,3,1633,320,2187,2507
4,4914,162,0,0,3,3,1638,8200,81,8281
4,4914,546,0,0,3,3,1638,8192,1183,9375
4,4914,1050,0,0,3,3,1638,1312,875,2187
4,4914,1092,0,0,6,3,1638,8192,1183,9375
4,4920,72,0,0,4,4,1230,13448,27,13475
4,4920,1000,0,0,4,4,1230,1056,625,1681
4,4920,1400,0,0,4,4,1230,128,1225,1353
4,4920,1400,0,0,4,4,1230,1312,875,2187
4,4920,1944,0,0,4,4,1230,2296,729,3025
4,4920,3528,0,0,4,4,1230,8,1323,1331
4,4932,4,0,0,4,4,1233,7124,1,7125
4,4932,4,0,0,8,4,1233,1520,1,1521
4,4953,2349,0,0,3,3,1651,64,2349,2413
4,4959,1653,0,0,3,3,1653,1324,551,1875
4,4977,4977,0,0,3,3,1659,9664,4977,14641
4,4980,332,0,0,4,4,1245,1600,249,1849
4,5010,2166,0,0,3,3,1670,32,1805,1837
4,5015,5,0,0,5,5,1003,2124,1,2125
4,5025,2187,0,0,3,3,1675,7396,729,8125
4,5031,243,0,0,3,3,1677,2116,81,2197
4,5049,561,0,0,6,3,1683,2000,187,2187
4,5050,250,0,0,5,5,1010,2048,275,2323
4,5092,4,0,0,4,4,1273,1444,1,1445
4,5092,612,0,0,4,4,1273,1216,459,1675
4,5092,5092,0,0,16,4,1273,4352,1273,5625
4,5100,810,0,0,5,5,1020,512,729,1241
4,5100,810,0,0,5,5,1020,2312,243,2555
4,5100,1250,0,0,5,5,1020,4704,625,5329
4,5115,135,0,0,5,5,1023,1600,81,1681
4,5115,625,0,0,5,5,1023,15004,125,15129
4,5115,1707,0,0,3,3,1705,2500,569,3069
4,5115,4805,0,0,5,5,1023,164,961,1125
4,5124,42,0,0,3,3,1708,3200,49,3249
4,5124,84,0,0,6,3,1708,3200,49,3249
4,5130,4050,0,0,3,3,1710,8,2025,2033
4,5135,3555,0,0,5,5,1027,64,2133,2197
4,5140,4,0,0,4,4,1285,13364,1,13365
4,5160,40,0,0,4,4,1290,1824,25,1849
4,5160,80,0,0,8,4,1290,1824,25,1849
4,5160,1050,0,0,3,3,1720,1312,875,2187
4,5160,1230,0,0,3,3,1720,1376,1025,2401
4,5160,2214,0,0,3,3,1720,1000,1107,2107
4,5160,5000,0,0,4,4,1290,512,5625,6137
4,5175,45,0,0,5,5,1035,2116,9,2125
4,5187,1731,0,0,3,3,1729,4116,577,4693
4,5200,728,0,0,4,4,1300,8192,1183,9375
4,5215,5,0,0,5,5,1043,3724,1,3725
4,5220,162,0,0,3,3,1740,15544,81,15625
4,5220,4350,0,0,3,3,1740,864,3625,4489
4,5236,324,0,0,4,4,1309,1088,243,1331
4,5236,3332,0,0,4,4,1309,1444,833,2277
4,5236,3332,0,0,4,4,1309,1472,2499,3971
4,5236,3564,0,0,4,4,1309,64,2673,2737
4,5236,4508,0,0,4,4,1309,204,1127,1331
4,5236,4508,0,0,4,4,1309,2052,1127,3179
4,5244,324,0,0,4,4,1311,2116,81,2197
4,5250,750,0,0,3,3,1750,4704,625,5329
4,5250,1500,0,0,6,3,1750,4704,625,5329
4,5265,1215,0,0,5,5,1053,2500,243,2743
4,5265,3549,0,0,3,3,1755,1004,1183,2187
4,5265,3675,0,0,3,3,1755,972,1225,2197
4,5292,36,0,0,8,4,1323,2800,9,2809
4,5295,2325,0,0,3,3,1765,1412,775,2187
4,5301,1767,0,0,3,3,1767,3132,589,3721
4,5304,162,0,0,3,3,1768,3400,81,3481
4,5310,2430,0,0,5,5,1062,392,729,1121
4,5313,4137,0,0,3,3,1771,484,1379,1863
4,5320,56,0,0,4,4,1330,3200,49,3249
4,5320,112,0,0,8,4,1330,3200,49,3249
4,5320,392,0,0,4,4,1330,2432,343,2775
4,5325,5,0,0,5,5,1065,3124,1,3125
4,5325,5,0,0,5,5,1065,5324,1,5325
4,5340,1068,0,0,4,4,1335,1600,801,2401
4,5349,5349,0,0,6,3,1783,240,1783,2023
4,5355,27,0,0,3,3,1785,12500,9,12509
4,5355,555,0,0,5,5,1071,1088,333,1421
4,5355,4205,0,0,5,5,1071,972,841,1813
4,5376,18,0,0,3,3,1792,2392,9,2401
4,5380,2500,0,0,4,4,1345,1796,625,2421
4,5385,2187,0,0,3,3,1795,2396,729,3125
4,5390,4410,0,0,5,5,1078,8,1323,1331
4,5404,2156,0,0,4,4,1351,64,1617,1681
4,5412,108,0,0,4,4,1353,1600,81,1681
4,5412,378,0,0,3,3,1804,1408,441,1849
4,5415,15,0,0,5,5,1083,1216,9,1225
4,5415,135,0,0,5,5,1083,2500,27,2527
4,5415,625,0,0,5,5,1083,3844,125,3969
4,5415,1715,0,0,5,5,1083,11532,343,11875
4,5415,2945,0,0,5,5,1083,1024,2945,3969
4,5418,2058,0,0,3,3,1806,10368,2401,12769
4,5424,2744,0,0,4,4,1356,10368,2401,12769
4,5439,3,0,0,6,3,1813,3024,1,3025
4,5439,147,0,0,6,3,1813,6512,49,6561
4,5439,3993,0,0,3,3,1813,9604,1331,10935
4,5450,910,0,0,5,5,1090,8192,1183,9375
4,5452,4,0,0,4,4,1363,4900,1,4901
4,5452,4,0,0,8,4,1363,5264,1,5265
4,5452,812,0,0,4,4,1363,1600,609,2209
4,5452,1692,0,0,4,4,1363,1856,1269,3125
4,5452,2916,0,0,4,4,1363,23660,729,24389
4,5452,4900,0,0,4,4,1363,972,1225,2197
4,5454,78,0,0,3,3,1818,24576,169,24745
4,5454,546,0,0,3,3,1818,8192,1183,9375
4,5460,4900,0,0,4,4,1365,972,1225,2197
4,5475,1215,0,0,3,3,1825,4672,1215,5887
4,5481,27,0,0,6,3,1827,3472,9,3481
4,5499,2187,0,0,3,3,1833,1468,729,2197
4,5511,3,0,0,6,3,1837,2672,1,2673
4,5512,3000,0,0,4,4,1378,512,3375,3887
4,5525,135,0,0,5,5,1105,1600,81,1681
4,5525,3485,0,0,5,5,1105,1500,697,2197
4,5525,4335,0,0,5,5,1105,64,2601,2665
4,5529,27,0,0,3,3,1843,3116,9,3125
4,5529,5043,0,0,3,3,1843,1444,1681,3125
4,5532,2500,0,0,4,4,1383,1024,3125,4149
4,5538,42,0,0,3,3,1846,4992,49,5041
4,5538,1458,0,0,3,3,1846,4312,729,5041
4,5538,1458,0,0,3,3,1846,27832,729,28561
4,5548,2916,0,0,4,4,1387,4672,2187,6859
4,5555,5,0,0,10,5,1111,1616,1,1617
4,5555,5555,0,0,5,5,1111,212,1111,1323
4,5572,500,0,0,4,4,1393,3844,125,3969
4,5572,4116,0,0,4,4,1393,1024,5145,6169
4,5580,42,0,0,3,3,1860,3200,49,3249
4,5580,4500,0,0,4,4,1395,15004,1125,16129
4,5590,3250,0,0,5,5,1118,224,1625,1849
4,5600,3630,0,0,5,5,1120,136,1089,1225
4,5600,4050,0,0,5,5,1120,32,2025,2057
4,5600,4410,0,0,5,5,1120,8,1323,1331
4,5610,450,0,0,3,3,1870,2048,825,2873
4,5610,2430,0,0,3,3,1870,32,2025,2057
4,5610,5346,0,0,3,3,1870,200,2673,2873
4,5625,405,0,0,5,5,1125,1472,243,1715
4,5632,24,0,0,4,4,1408,2200,9,2209
4,5632,216,0,0,4,4,1408,5632,243,5875
4,5640,200,0,0,4,4,1410,11296,125,11421
4,5649,3,0,0,3,3,1883,4900,1,4901
4,5655,3,0,0,6,3,1885,4624,1,4625
4,5655,675,0,0,3,3,1885,1972,225,2197
4,5655,1275,0,0,3,3,1885,1924,425,2349
4,5655,1875,0,0,3,3,1885,3132,625,3757
4,5655,2523,0,0,3,3,1885,2916,841,3757
4,5656,4248,0,0,4,4,1414,808,1593,2401
4,5668,5668,0,0,8,4,1417,432,1417,1849
4,5676,4,0,0,8,4,1419,7568,1,7569
4,5712,600,0,0,4,4,1428,2048,825,2873
4,5712,728,0,0,4,4,1428,8192,1183,9375
4,5712,968,0,0,4,4,1428,1352,363,1715
4,5712,1224,0,0,4,4,1428,1400,459,1859
4,5712,1768,0,0,4,4,1428,640,1547,2187
4,5712,1768,0,0,4,4,1428,1568,1105,2673
4,5712,1768,0,0,4,4,1428,6144,2431,8575
4,5712,2376,0,0,4,4,1428,512,2673,3185
4,5712,2808,0,0,4,4,1428,392,1053,1445
4,5712,3240,0,0,4,4,1428,32,2025,2057
4,5712,3400,0,0,4,4,1428,416,2125,2541
4,5712,3528,0,0,4,4,1428,6656,3969,10625
4,5712,4312,0,0,4,4,1428,8,1617,1625
4,5712,4312,0,0,4,4,1428,16000,3773,19773
4,5712,4840,0,0,4,4,1428,20384,3025,23409
4,5727,243,0,0,3,3,1909,2116,81,2197
4,5740,4,0,0,8,4,1435,1680,1,1681
4,5740,108,0,0,4,4,1435,1600,81,1681
4,5740,972,0,0,4,4,1435,2624,729,3353
4,5754,750,0,0,3,3,1918,18144,625,18769
4,5764,4,0,0,4,4,1441,1572,1,1573
4,5764,1332,0,0,4,4,1441,704,999,1703
4,5765,5,0,0,10,5,1153,3024,1,3025
4,5765,2205,0,0,5,5,1153,5324,441,5765
4,5765,5765,0,0,20,5,1153,2816,1153,3969
4,5769,3,0,0,6,3,1923,3024,1,3025
4,5769,3993,0,0,3,3,1923,9604,1331,10935
4,5772,4,0,0,8,4,1443,4624,1,4625
4,5775,5,0,0,5,5,1155,4004,1,4005
4,5775,5,0,0,10,5,1155,3024,1,3025
4,5775,5,0,0,10,5,1155,7920,1,7921
4,5775,625,0,0,5,5,1155,2548,125,2673
4,5775,845,0,0,5,5,1155,1024,845,1869
4,5775,1335,0,0,5,5,1155,1600,801,2401
4,5775,1755,0,0,5,5,1155,980,351,1331
4,5775,1815,0,0,5,5,1155,3136,1089,4225
4,5775,1875,0,0,5,5,1155,448,1125,1573
4,5775,2535,0,0,5,5,1155,704,1521,2225
4,5775,2695,0,0,5,5,1155,676,539,1215
4,5775,4005,0,0,5,5,1155,5324,801,6125
4,5775,4125,0,0,5,5,1155,1372,825,2197
4,5775,4875,0,0,5,5,1155,356,975,1331
4,5805,2187,0,0,3,3,1935,7396,729,8125
4,5812,5812,0,0,4,4,1453,972,1453,2425
4,5814,3750,0,0,3,3,1938,512,5625,6137
4,5814,4050,0,0,3,3,1938,2888,2025,4913
4,5820,300,0,0,4,4,1455,1984,225,2209
4,5859,27,0,0,3,3,1953,2116,9,2125
4,5859,375,0,0,3,3,1953,3844,125,3969
4,5859,1215,0,0,3,3,1953,4508,405,4913
4,5859,1587,0,0,3,3,1953,19652,529,20181
4,5859,2139,0,0,3,3,1953,2500,713,3213
4,5859,2187,0,0,3,3,1953,448,2187,2635
4,5859,2511,0,0,3,3,1953,1564,837,2401
4,5859,4761,0,0,3,3,1953,1024,7935,8959
4,5865,45,0,0,5,5,1173,2116,9,2125
4,5872,8,0,0,4,4,1468,2560,9,2569
4,5872,16,0,0,8,4,1468,2560,9,2569
4,5872,32,0,0,16,4,1468,2560,9,2569
4,5872,1176,0,0,4,4,1468,512,1323,1835
4,5889,1875,0,0,3,3,1963,1572,625,2197
4,5915,3185,0,0,5,5,1183,64,1911,1975
4,5915,3555,0,0,5,5,1183,64,2133,2197
4,5928,648,0,0,4,4,1482,2968,243,3211
4,5940,3630,0,0,5,5,1188,136,1089,1225
4,5940,3750,0,0,3,3,1980,7776,3125,10901
4,5940,4050,0,0,5,5,1188,32,2025,2057
4,5940,4410,0,0,5,5,1188,8,1323,1331
4,5967,363,0,0,3,3,1989,19652,121,19773
4,5975,15,0,0,5,5,1195,1216,9,1225
4,5975,135,0,0,5,5,1195,2500,27,2527
4,5979,81,0,0,3,3,1993,2500,27,2527
4,5979,1083,0,0,3,3,1993,9604,361,9965
4,5980,324,0,0,4,4,1495,2116,81,2197
4,5985,81,0,0,3,3,1995,2500,27,2527
4,5992,648,0,0,4,4,1498,5000,243,5243
4,6012,668,0,0,4,4,1503,1548,167,1715
4,6018,6,0,0,6,6,1003,2124,1,2125
4,6035,355,0,0,5,5,1207,1984,213,2197
4,6060,108,0,0,4,4,1515,1600,81,1681
4,6060,300,0,0,6,6,1010,2048,275,2323
4,6072,1656,0,0,4,4,1518,512,1863,2375
4,6120,30,0,0,5,5,1224,4904,9,4913
4,6120,972,0,0,6,6,1020,512,729,1241
4,6120,972,0,0,6,6,1020,2312,243,2555
4,6120,1500,0,0,6,6,1020,4704,625,5329
4,6132,900,0,0,4,4,1533,1024,1125,2149
4,6138,162,0,0,6,6,1023,1600,81,1681
4,6138,750,0,0,6,6,1023,15004,125,15129
4,6138,5766,0,0,6,6,1023,164,961,1125
4,6150,90,0,0,5,5,1230,13448,27,13475
4,6150,1250,0,0,5,5,1230,1056,625,1681
4,6150,1750,0,0,5,5,1230,128,1225,1353
4,6150,1750,0,0,5,5,1230,1312,875,2187
4,6150,2430,0,0,5,5,1230,2296,729,3025
4,6150,4410,0,0,5,5,1230,8,1323,1331
4,6162,4266,0,0,6,6,1027,64,2133,2197
4,6165,5,0,0,5,5,1233,7124,1,7125
4,6165,5,0,0,10,5,1233,1520,1,1521
4,6180,4,0,0,4,4,1545,1700,1,1701
4,6180,4,0,0,8,4,1545,10608,1,10609
4,6180,108,0,0,4,4,1545,2548,27,2575
4,6180,196,0,0,4,4,1545,3708,49,3757
4,6180,1372,0,0,4,4,1545,16384,2401,18785
4,6180,1820,0,0,4,4,1545,17408,2275,19683
4,6180,2500,0,0,4,4,1545,8748,625,9373
4,6180,2884,0,0,4,4,1545,1404,721,2125
4,6180,4900,0,0,4,4,1545,972,1225,2197
4,6210,54,0,0,6,6,1035,2116,9,2125
4,6225,415,0,0,5,5,1245,1600,249,1849
4,6258,6,0,0,6,6,1043,3724,1,3725
4,6292,4,0,0,8,4,1573,3024,1,3025
4,6292,500,0,0,4,4,1573,2548,125,2673
4,6292,1452,0,0,4,4,1573,3136,1089,4225
4,6292,3300,0,0,4,4,1573,1372,825,2197
4,6292,4900,0,0,4,4,1573,972,1225,2197
4,6292,5324,0,0,4,4,1573,9604,1331,10935
4,6300,108,0,0,4,4,1575,2500,27,2527
4,6300,2324,0,0,4,4,1575,1444,581,2025
4,6318,1458,0,0,6,6,1053,2500,243,2743
4,6328,2744,0,0,4,4,1582,10368,2401,12769
4,6364,972,0,0,4,4,1591,2752,729,3481
4,6365,5,0,0,5,5,1273,1444,1,1445
4,6365,765,0,0,5,5,1273,1216,459,1675
4,6365,6365,0,0,20,5,1273,4352,1273,5625
4,6372,4,0,0,16,4,1593,7424,1,7425
4,6372,2916,0,0,6,6,1062,392,729,1121
4,6390,6,0,0,6,6,1065,3124,1,3125
4,6390,6,0,0,6,6,1065,5324,1,5325
4,6425,5,0,0,5,5,1285,13364,1,13365
4,6426,666,0,0,6,6,1071,1088,333,1421
4,6426,5046,0,0,6,6,1071,972,841,1813
4,6432,56,0,0,4,4,1608,8576,49,8625
4,6450,50,0,0,5,5,1290,1824,25,1849
4,6450,100,0,0,10,5,1290,1824,25,1849
4,6450,6250,0,0,5,5,1290,512,5625,6137
4,6460,4,0,0,4,4,1615,1700,1,1701
4,6460,4,0,0,8,4,1615,3024,1,3025
4,6460,108,0,0,4,4,1615,2500,27,2527
4,6460,500,0,0,4,4,1615,4788,125,4913
4,6460,836,0,0,4,4,1615,1088,627,1715
4,6460,900,0,0,4,4,1615,21952,675,22627
4,6460,1020,0,0,4,4,1615,1024,1275,2299
4,6460,1372,0,0,4,4,1615,4332,343,4675
4,6460,1444,0,0,4,4,1615,1764,361,2125
4,6460,2052,0,0,4,4,1615,3136,1539,4675
4,6460,2156,0,0,4,4,1615,1836,539,2375
4,6460,3332,0,0,4,4,1615,972,833,1805
4,6460,3564,0,0,4,4,1615,2240,2673,4913
4,6460,3876,0,0,4,4,1615,2156,969,3125
4,6460,4180,0,0,4,4,1615,7168,5225,12393
4,6460,5324,0,0,4,4,1615,4500,1331,5831
4,6460,5324,0,0,4,4,1615,9604,1331,10935
4,6460,5500,0,0,4,4,1615,4116,1375,5491
4,6460,5508,0,0,4,4,1615,7744,4131,11875
4,6460,6156,0,0,4,4,1615,484,1539,2023
4,6460,6156,0,0,4,4,1615,1156,1539,2695
4,6468,5292,0,0,6,6,1078,8,1323,1331
4,6498,18,0,0,6,6,1083,1216,9,1225
4,6498,162,0,0,6,6,1083,2500,27,2527
4,6498,750,0,0,6,6,1083,3844,125,3969
4,6498,2058,0,0,6,6,1083,11532,343,11875
4,6498,3534,0,0,6,6,1083,1024,2945,3969
4,6500,910,0,0,5,5,1300,8192,1183,9375
4,6520,3912,0,0,4,4,1630,512,4401,4913
4,6532,2916,0,0,4,4,1633,320,2187,2507
4,6540,1092,0,0,6,6,1090,8192,1183,9375
4,6545,405,0,0,5,5,1309,1088,243,1331
4,6545,4165,0,0,5,5,1309,1444,833,2277
4,6545,4165,0,0,5,5,1309,1472,2499,3971
4,6545,4455,0,0,5,5,1309,64,2673,2737
4,6545,5635,0,0,5,5,1309,204,1127,1331
4,6545,5635,0,0,5,5,1309,2052,1127,3179
4,6552,216,0,0,4,4,1638,8200,81,8281
4,6552,728,0,0,4,4,1638,8192,1183,9375
4,6552,1400,0,0,4,4,1638,1312,875,2187
4,6552,1456,0,0,8,4,1638,8192,1183,9375
4,6555,405,0,0,5,5,1311,2116,81,2197
4,6604,3132,0,0,4,4,1651,64,2349,2413
4,6612,2204,0,0,4,4,1653,1324,551,1875
4,6615,45,0,0,10,5,1323,2800,9,2809
4,6630,162,0,0,6,6,1105,1600,81,1681
4,6630,4182,0,0,6,6,1105,1500,697,2197
4,6630,5202,0,0,6,6,1105,64,2601,2665
4,6636,6636,0,0,4,4,1659,9664,4977,14641
4,6650,70,0,0,5,5,1330,3200,49,3249
4,6650,140,0,0,10,5,1330,3200,49,3249
4,6650,490,0,0,5,5,1330,2432,343,2775
4,6666,6,0,0,12,6,1111,1616,1,1617
4,6666,6666,0,0,6,6,1111,212,1111,1323
4,6675,1335,0,0,5,5,1335,1600,801,2401
4,6680,2888,0,0,4,4,1670,32,1805,1837
4,6700,2916,0,0,4,4,1675,7396,729,8125
4,6708,324,0,0,4,4,1677,2116,81,2197
4,6708,3900,0,0,6,6,1118,224,1625,1849
4,6720,4356,0,0,6,6,1120,136,1089,1225
4,6720,4860,0,0,6,6,1120,32,2025,2057
4,6720,5292,0,0,6,6,1120,8,1323,1331
4,6725,3125,0,0,5,5,1345,1796,625,2421
4,6732,748,0,0,8,4,1683,2000,187,2187
4,6750,486,0,0,6,6,1125,1472,243,1715
4,6755,2695,0,0,5,5,1351,64,1617,1681
4,6765,135,0,0,5,5,1353,1600,81,1681
4,6780,3430,0,0,5,5,1356,10368,2401,12769
4,6815,5,0,0,5,5,1363,4900,1,4901
4,6815,5,0,0,10,5,1363,5264,1,5265
4,6815,1015,0,0,5,5,1363,1600,609,2209
4,6815,2115,0,0,5,5,1363,1856,1269,3125
4,6815,3645,0,0,5,5,1363,23660,729,24389
4,6815,6125,0,0,5,5,1363,972,1225,2197
4,6820,2276,0,0,4,4,1705,2500,569,3069
4,6825,6125,0,0,5,5,1365,972,1225,2197
4,6832,56,0,0,4,4,1708,3200,49,3249
4,6832,112,0,0,8,4,1708,3200,49,3249
4,6840,5400,0,0,4,4,1710,8,2025,2033
4,6880,1400,0,0,4,4,1720,1312,875,2187
4,6880,1640,0,0,4,4,1720,1376,1025,2401
4,6880,2952,0,0,4,4,1720,1000,1107,2107
4,6890,3750,0,0,5,5,1378,512,3375,3887
4,6915,3125,0,0,5,5,1383,1024,3125,4149
4,6916,2308,0,0,4,4,1729,4116,577,4693
4,6918,6,0,0,12,6,1153,3024,1,3025
4,6918,2646,0,0,6,6,1153,5324,441,5765
4,6918,6918,0,0,24,6,1153,2816,1153,3969
4,6930,6,0,0,6,6,1155,4004,1,4005
4,6930,6,0,0,12,6,1155,3024,1,3025
4,6930,6,0,0,12,6,1155,7920,1,7921
4,6930,750,0,0,6,6,1155,2548,125,2673
4,6930,1014,0,0,6,6,1155,1024,845,1869
4,6930,1602,0,0,6,6,1155,1600,801,2401
4,6930,2106,0,0,6,6,1155,980,351,1331
4,6930,2178,0,0,6,6,1155,3136,1089,4225
4,6930,2250,0,0,6,6,1155,448,1125,1573
4,6930,3042,0,0,6,6,1155,704,1521,2225
4,6930,3234,0,0,6,6,1155,676,539,1215
4,6930,4806,0,0,6,6,1155,5324,801,6125
4,6930,4950,0,0,6,6,1155,1372,825,2197
4,6930,5850,0,0,6,6,1155,356,975,1331
4,6935,3645,0,0,5,5,1387,4672,2187,6859
4,6960,216,0,0,4,4,1740,15544,81,15625
4,6960,5800,0,0,4,4,1740,864,3625,4489
4,6965,625,0,0,5,5,1393,3844,125,3969
4,6965,5145,0,0,5,5,1393,1024,5145,6169
4,6975,5625,0,0,5,5,1395,15004,1125,16129
4,7000,1000,0,0,4,4,1750,4704,625,5329
4,7000,2000,0,0,8,4,1750,4704,625,5329
4,7020,4732,0,0,4,4,1755,1004,1183,2187
4,7020,4900,0,0,4,4,1755,972,1225,2197
4,7021,7,0,0,7,7,1003,2124,1,2125
4,7038,54,0,0,6,6,1173,2116,9,2125
4,7040,30,0,0,5,5,1408,2200,9,2209
4,7040,270,0,0,5,5,1408,5632,243,5875
4,7050,250,0,0,5,5,1410,11296,125,11421
4,7060,3100,0,0,4,4,1765,1412,775,2187
4,7068,2356,0,0,4,4,1767,3132,589,3721
4,7070,350,0,0,7,7,1010,2048,275,2323
4,7070,5310,0,0,5,5,1414,808,1593,2401
4,7072,216,0,0,4,4,1768,3400,81,3481
4,7084,5516,0,0,4,4,1771,484,1379,1863
4,7085,7085,0,0,10,5,1417,432,1417,1849
4,7095,5,0,0,10,5,1419,7568,1,7569
4,7098,3822,0,0,6,6,1183,64,1911,1975
4,7098,4266,0,0,6,6,1183,64,2133,2197
4,7128,4356,0,0,6,6,1188,136,1089,1225
4,7128,4860,0,0,6,6,1188,32,2025,2057
4,7128,5292,0,0,6,6,1188,8,1323,1331
4,7132,7132,0,0,8,4,1783,240,1783,2023
4,7140,36,0,0,4,4,1785,12500,9,12509
4,7140,750,0,0,5,5,1428,2048,825,2873
4,7140,910,0,0,5,5,1428,8192,1183,9375
4,7140,1134,0,0,7,7,1020,512,729,1241
4,7140,1134,0,0,7,7,1020,2312,243,2555
4,7140,1210,0,0,5,5,1428,1352,363,1715
4,7140,1530,0,0,5,5,1428,1400,459,1859
4,7140,1750,0,0,7,7,1020,4704,625,5329
4,7140,2210,0,0,5,5,1428,640,1547,2187
4,7140,2210,0,0,5,5,1428,1568,1105,2673
4,7140,2210,0,0,5,5,1428,6144,2431,8575
4,7140,2970,0,0,5,5,1428,512,2673,3185
4,7140,3510,0,0,5,5,1428,392,1053,1445
4,7140,4050,0,0,5,5,1428,32,2025,2057
4,7140,4250,0,0,5,5,1428,416,2125,2541
4,7140,4410,0,0,5,5,1428,6656,3969,10625
4,7140,5390,0,0,5,5,1428,8,1617,1625
4,7140,5390,0,0,5,5,1428,16000,3773,19773
4,7140,6050,0,0,5,5,1428,20384,3025,23409
4,7161,189,0,0,7,7,1023,1600,81,1681
4,7161,875,0,0,7,7,1023,15004,125,15129
4,7161,6727,0,0,7,7,1023,164,961,1125
4,7168,24,0,0,4,4,1792,2392,9,2401
4,7170,18,0,0,6,6,1195,1216,9,1225
4,7170,162,0,0,6,6,1195,2500,27,2527
4,7175,5,0,0,10,5,1435,1680,1,1681
4,7175,135,0,0,5,5,1435,1600,81,1681
4,7175,1215,0,0,5,5,1435,2624,729,3353
4,7180,2916,0,0,4,4,1795,2396,729,3125
4,7189,4977,0,0,7,7,1027,64,2133,2197
4,7205,5,0,0,5,5,1441,1572,1,1573
4,7205,1665,0,0,5,5,1441,704,999,1703
4,7215,5,0,0,10,5,1443,4624,1,4625
4,7216,504,0,0,4,4,1804,1408,441,1849
4,7224,2744,0,0,4,4,1806,10368,2401,12769
4,7242,426,0,0,6,6,1207,1984,213,2197
4,7245,63,0,0,7,7,1035,2116,9,2125
4,7252,4,0,0,8,4,1813,3024,1,3025
4,7252,196,0,0,8,4,1813,6512,49,6561
4,7252,5324,0,0,4,4,1813,9604,1331,10935
4,7265,7265,0,0,5,5,1453,972,1453,2425
4,7272,104,0,0,4,4,1818,24576,169,24745
4,7272,728,0,0,4,4,1818,8192,1183,9375
4,7275,375,0,0,5,5,1455,1984,225,2209
4,7300,1620,0,0,4,4,1825,4672,1215,5887
4,7301,7,0,0,7,7,1043,3724,1,3725
4,7308,36,0,0,8,4,1827,3472,9,3481
4,7332,2916,0,0,4,4,1833,1468,729,2197
4,7340,10,0,0,5,5,1468,2560,9,2569
4,7340,20,0,0,10,5,1468,2560,9,2569
4,7340,40,0,0,20,5,1468,2560,9,2569
4,7340,1470,0,0,5,5,1468,512,1323,1835
4,7344,36,0,0,6,6,1224,4904,9,4913
4,7348,4,0,0,8,4,1837,2672,1,2673
4,7371,1701,0,0,7,7,1053,2500,243,2743
4,7372,36,0,0,4,4,1843,3116,9,3125
4,7372,6724,0,0,4,4,1843,1444,1681,3125
4,7380,108,0,0,6,6,1230,13448,27,13475
4,7380,1500,0,0,6,6,1230,1056,625,1681
4,7380,2100,0,0,6,6,1230,128,1225,1353
4,7380,2100,0,0,6,6,1230,1312,875,2187
4,7380,2916,0,0,6,6,1230,2296,729,3025
4,7380,5292,0,0,6,6,1230,8,1323,1331
4,7384,56,0,0,4,4,1846,4992,49,5041
4,7384,1944,0,0,4,4,1846,4312,729,5041
4,7384,1944,0,0,4,4,1846,27832,729,28561
4,7398,6,0,0,6,6,1233,7124,1,7125
4,7398,6,0,0,12,6,1233,1520,1,1521
4,7410,810,0,0,5,5,1482,2968,243,3211
4,7434,3402,0,0,7,7,1062,392,729,1121
4,7440,56,0,0,4,4,1860,3200,49,3249
4,7455,7,0,0,7,7,1065,3124,1,3125
4,7455,7,0,0,7,7,1065,5324,1,5325
4,7470,498,0,0,6,6,1245,1600,249,1849
4,7475,405,0,0,5,5,1495,2116,81,2197
4,7480,600,0,0,4,4,1870,2048,825,2873
4,7480,3240,0,0,4,4,1870,32,2025,2057
4,7480,7128,0,0,4,4,1870,200,2673,2873
4,7490,810,0,0,5,5,1498,5000,243,5243
4,7497,777,0,0,7,7,1071,1088,333,1421
4,7497,5887,0,0,7,7,1071,972,841,1813
4,7515,835,0,0,5,5,1503,1548,167,1715
4,7532,4,0,0,4,4,1883,4900,1,4901
4,7540,4,0,0,8,4,1885,4624,1,4625
4,7540,900,0,0,4,4,1885,1972,225,2197
4,7540,1700,0,0,4,4,1885,1924,425,2349
4,7540,2500,0,0,4,4,1885,3132,625,3757
4,7540,3364,0,0,4,4,1885,2916,841,3757
4,7546,6174,0,0,7,7,1078,8,1323,1331
4,7575,135,0,0,5,5,1515,1600,81,1681
4,7581,21,0,0,7,7,1083,1216,9,1225
4,7581,189,0,0,7,7,1083,2500,27,2527
4,7581,875,0,0,7,7,1083,3844,125,3969
4,7581,2401,0,0,7,7,1083,11532,343,11875
4,7581,4123,0,0,7,7,1083,1024,2945,3969
4,7590,2070,0,0,5,5,1518,512,1863,2375
4,7630,1274,0,0,7,7,1090,8192,1183,9375
4,7636,324,0,0,4,4,1909,2116,81,2197
4,7638,6,0,0,6,6,1273,1444,1,1445
4,7638,918,0,0,6,6,1273,1216,459,1675
4,7638,7638,0,0,24,6,1273,4352,1273,5625
4,7665,1125,0,0,5,5,1533,1024,1125,2149
4,7672,1000,0,0,4,4,1918,18144,625,18769
4,7692,4,0,0,8,4,1923,3024,1,3025
4,7692,5324,0,0,4,4,1923,9604,1331,10935
4,7710,6,0,0,6,6,1285,13364,1,13365
4,7725,5,0,0,5,5,1545,1700,1,1701
4,7725,5,0,0,10,5,1545,10608,1,10609
4,7725,135,0,0,5,5,1545,2548,27,2575
4,7725,245,0,0,5,5,1545,3708,49,3757
4,7725,1715,0,0,5,5,1545,16384,2401,18785
4,7725,2275,0,0,5,5,1545,17408,2275,19683
4,7725,3125,0,0,5,5,1545,8748,625,9373
4,7725,3605,0,0,5,5,1545,1404,721,2125
4,7725,6125,0,0,5,5,1545,972,1225,2197
4,7735,189,0,0,7,7,1105,1600,81,1681
4,7735,4879,0,0,7,7,1105,1500,697,2197
4,7735,6069,0,0,7,7,1105,64,2601,2665
4,7740,60,0,0,6,6,1290,1824,25,1849
4,7740,120,0,0,12,6,1290,1824,25,1849
4,7740,2916,0,0,4,4,1935,7396,729,8125
4,7740,7500,0,0,6,6,1290,512,5625,6137
4,7752,5000,0,0,4,4,1938,512,5625,6137
4,7752,5400,0,0,4,4,1938,2888,2025,4913
4,7777,7,0,0,14,7,1111,1616,1,1617
4,7777,7777,0,0,7,7,1111,212,1111,1323
4,7800,1092,0,0,6,6,1300,8192,1183,9375
4,7812,36,0,0,4,4,1953,2116,9,2125
4,7812,500,0,0,4,4,1953,3844,125,3969
4,7812,1620,0,0,4,4,1953,4508,405,4913
4,7812,2116,0,0,4,4,1953,19652,529,20181
4,7812,2852,0,0,4,4,1953,2500,713,3213
4,7812,2916,0,0,4,4,1953,448,2187,2635
4,7812,3348,0,0,4,4,1953,1564,837,2401
4,7812,6348,0,0,4,4,1953,1024,7935,8959
4,7826,4550,0,0,7,7,1118,224,1625,1849
4,7840,5082,0,0,7,7,1120,136,1089,1225
4,7840,5670,0,0,7,7,1120,32,2025,2057
4,7840,6174,0,0,7,7,1120,8,1323,1331
4,7852,2500,0,0,4,4,1963,1572,625,2197
4,7854,486,0,0,6,6,1309,1088,243,1331
4,7854,4998,0,0,6,6,1309,1444,833,2277
4,7854,4998,0,0,6,6,1309,1472,2499,3971
4,7854,5346,0,0,6,6,1309,64,2673,2737
4,7854,6762,0,0,6,6,1309,204,1127,1331
4,7854,6762,0,0,6,6,1309,2052,1127,3179
4,7865,5,0,0,10,5,1573,3024,1,3025
4,7865,625,0,0,5,5,1573,2548,125,2673
4,7865,1815,0,0,5,5,1573,3136,1089,4225
4,7865,4125,0,0,5,5,1573,1372,825,2197
4,7865,6125,0,0,5,5,1573,972,1225,2197
4,7865,6655,0,0,5,5,1573,9604,1331,10935
4,7866,486,0,0,6,6,1311,2116,81,2197
4,7875,135,0,0,5,5,1575,2500,27,2527
4,7875,567,0,0,7,7,1125,1472,243,1715
4,7875,2905,0,0,5,5,1575,1444,581,2025
4,7910,3430,0,0,5,5,1582,10368,2401,12769
4,7920,5000,0,0,4,4,1980,7776,3125,10901
4,7938,54,0,0,12,6,1323,2800,9,2809
4,7955,1215,0,0,5,5,1591,2752,729,3481
4,7956,484,0,0,4,4,1989,19652,121,19773
4,7965,5,0,0,20,5,1593,7424,1,7425
4,7972,108,0,0,4,4,1993,2500,27,2527
4,7972,1444,0,0,4,4,1993,9604,361,9965
4,7980,84,0,0,6,6,1330,3200,49,3249
4,7980,108,0,0,4,4,1995,2500,27,2527
4,7980,168,0,0,12,6,1330,3200,49,3249
4,7980,588,0,0,6,6,1330,2432,343,2775
4,8010,1602,0,0,6,6,1335,1600,801,2401
4,8024,8,0,0,8,8,1003,2124,1,2125
4,8040,70,0,0,5,5,1608,8576,49,8625
4,8070,3750,0,0,6,6,1345,1796,625,2421
4,8071,7,0,0,14,7,1153,3024,1,3025
4,8071,3087,0,0,7,7,1153,5324,441,5765
4,8071,8071,0,0,28,7,1153,2816,1153,3969
4,8075,5,0,0,5,5,1615,1700,1,1701
4,8075,5,0,0,10,5,1615,3024,1,3025
4,8075,135,0,0,5,5,1615,2500,27,2527
4,8075,625,0,0,5,5,1615,4788,125,4913
4,8075,1045,0,0,5,5,1615,1088,627,1715
4,8075,1125,0,0,5,5,1615,21952,675,22627
4,8075,1275,0,0,5,5,1615,1024,1275,2299
4,8075,1715,0,0,5,5,1615,4332,343,4675
4,8075,1805,0,0,5,5,1615,1764,361,2125
4,8075,2565,0,0,5,5,1615,3136,1539,4675
4,8075,2695,0,0,5,5,1615,1836,539,2375
4,8075,4165,0,0,5,5,1615,972,833,1805
4,8075,4455,0,0,5,5,1615,2240,2673,4913
4,8075,4845,0,0,5,5,1615,2156,969,3125
4,8075,5225,0,0,5,5,1615,7168,5225,12393
4,8075,6655,0,0,5,5,1615,4500,1331,5831
4,8075,6655,0,0,5,5,1615,9604,1331,10935
4,8075,6875,0,0,5,5,1615,4116,1375,5491
4,8075,6885,0,0,5,5,1615,7744,4131,11875
4,8075,7695,0,0,5,5,1615,484,1539,2023
4,8075,7695,0,0,5,5,1615,1156,1539,2695
4,8080,400,0,0,8,8,1010,2048,275,2323
4,8085,7,0,0,7,7,1155,4004,1,4005
4,8085,7,0,0,14,7,1155,3024,1,3025
4,8085,7,0,0,14,7,1155,7920,1,7921
4,8085,875,0,0,7,7,1155,2548,125,2673
4,8085,1183,0,0,7,7,1155,1024,845,1869
4,8085,1869,0,0,7,7,1155,1600,801,2401
4,8085,2457,0,0,7,7,1155,980,351,1331
4,8085,2541,0,0,7,7,1155,3136,1089,4225
4,8085,2625,0,0,7,7,1155,448,1125,1573
4,8085,3549,0,0,7,7,1155,704,1521,2225
4,8085,3773,0,0,7,7,1155,676,539,1215
4,8085,5607,0,0,7,7,1155,5324,801,6125
4,8085,5775,0,0,7,7,1155,1372,825,2197
4,8085,6825,0,0,7,7,1155,356,975,1331
4,8106,3234,0,0,6,6,1351,64,1617,1681
4,8118,162,0,0,6,6,1353,1600,81,1681
4,8136,4116,0,0,6,6,1356,10368,2401,12769
4,8150,4890,0,0,5,5,1630,512,4401,4913
4,8160,1296,0,0,8,8,1020,512,729,1241
4,8160,1296,0,0,8,8,1020,2312,243,2555
4,8160,2000,0,0,8,8,1020,4704,625,5329
4,8165,3645,0,0,5,5,1633,320,2187,2507
4,8178,6,0,0,6,6,1363,4900,1,4901
4,8178,6,0,0,12,6,1363,5264,1,5265
4,8178,1218,0,0,6,6,1363,1600,609,2209
4,8178,2538,0,0,6,6,1363,1856,1269,3125
4,8178,4374,0,0,6,6,1363,23660,729,24389
4,8178,7350,0,0,6,6,1363,972,1225,2197
4,8184,216,0,0,8,8,1023,1600,81,1681
4,8184,1000,0,0,8,8,1023,15004,125,15129
4,8184,7688,0,0,8,8,1023,164,961,1125
4,8190,270,0,0,5,5,1638,8200,81,8281
4,8190,910,0,0,5,5,1638,8192,1183,9375
4,8190,1750,0,0,5,5,1638,1312,875,2187
4,8190,1820,0,0,10,5,1638,8192,1183,9375
4,8190,7350,0,0,6,6,1365,972,1225,2197
4,8211,63,0,0,7,7,1173,2116,9,2125
4,8216,5688,0,0,8,8,1027,64,2133,2197
4,8255,3915,0,0,5,5,1651,64,2349,2413
4,8265,2755,0,0,5,5,1653,1324,551,1875
4,8268,4500,0,0,6,6,1378,512,3375,3887
4,8280,72,0,0,8,8,1035,2116,9,2125
4,8281,4459,0,0,7,7,1183,64,1911,1975
4,8281,4977,0,0,7,7,1183,64,2133,2197
4,8295,8295,0,0,5,5,1659,9664,4977,14641
4,8298,3750,0,0,6,6,1383,1024,3125,4149
4,8316,5082,0,0,7,7,1188,136,1089,1225
4,8316,5670,0,0,7,7,1188,32,2025,2057
4,8316,6174,0,0,7,7,1188,8,1323,1331
4,8322,4374,0,0,6,6,1387,4672,2187,6859
4,8344,8,0,0,8,8,1043,3724,1,3725
4,8350,3610,0,0,5,5,1670,32,1805,1837
4,8358,750,0,0,6,6,1393,3844,125,3969
4,8358,6174,0,0,6,6,1393,1024,5145,6169
4,8365,21,0,0,7,7,1195,1216,9,1225
4,8365,189,0,0,7,7,1195,2500,27,2527
4,8370,6750,0,0,6,6,1395,15004,1125,16129
4,8375,3645,0,0,5,5,1675,7396,729,8125
4,8385,405,0,0,5,5,1677,2116,81,2197
4,8415,935,0,0,10,5,1683,2000,187,2187
4,8424,1944,0,0,8,8,1053,2500,243,2743
4,8448,36,0,0,6,6,1408,2200,9,2209
4,8448,324,0,0,6,6,1408,5632,243,5875
4,8449,497,0,0,7,7,1207,1984,213,2197
4,8460,300,0,0,6,6,1410,11296,125,11421
4,8484,6372,0,0,6,6,1414,808,1593,2401
4,8496,3888,0,0,8,8,1062,392,729,1121
4,8502,8502,0,0,12,6,1417,432,1417,1849
4,8514,6,0,0,12,6,1419,7568,1,7569
4,8520,8,0,0,8,8,1065,3124,1,3125
4,8520,8,0,0,8,8,1065,5324,1,5325
4,8525,2845,0,0,5,5,1705,2500,569,3069
4,8540,70,0,0,5,5,1708,3200,49,3249
4,8540,140,0,0,10,5,1708,3200,49,3249
4,8550,6750,0,0,5,5,1710,8,2025,2033
4,8568,42,0,0,7,7,1224,4904,9,4913
4,8568,888,0,0,8,8,1071,1088,333,1421
4,8568,900,0,0,6,6,1428,2048,825,2873
4,8568,1092,0,0,6,6,1428,8192,1183,9375
4,8568,1452,0,0,6,6,1428,1352,363,1715
4,8568,1836,0,0,6,6,1428,1400,459,1859
4,8568,2652,0,0,6,6,1428,640,1547,2187
4,8568,2652,0,0,6,6,1428,1568,1105,2673
4,8568,2652,0,0,6,6,1428,6144,2431,8575
4,8568,3564,0,0,6,6,1428,512,2673,3185
4,8568,4212,0,0,6,6,1428,392,1053,1445
4,8568,4860,0,0,6,6,1428,32,2025,2057
4,8568,5100,0,0,6,6,1428,416,2125,2541
4,8568,5292,0,0,6,6,1428,6656,3969,10625
4,8568,6468,0,0,6,6,1428,8,1617,1625
4,8568,6468,0,0,6,6,1428,16000,3773,19773
4,8568,6728,0,0,8,8,1071,972,841,1813
4,8568,7260,0,0,6,6,1428,20384,3025,23409
4,8600,1750,0,0,5,5,1720,1312,875,2187
4,8600,2050,0,0,5,5,1720,1376,1025,2401
4,8600,3690,0,0,5,5,1720,1000,1107,2107
4,8610,6,0,0,12,6,1435,1680,1,1681
4,8610,126,0,0,7,7,1230,13448,27,13475
4,8610,162,0,0,6,6,1435,1600,81,1681
4,8610,1458,0,0,6,6,1435,2624,729,3353
4,8610,1750,0,0,7,7,1230,1056,625,1681
4,8610,2450,0,0,7,7,1230,128,1225,1353
4,8610,2450,0,0,7,7,1230,1312,875,2187
4,8610,3402,0,0,7,7,1230,2296,729,3025
4,8610,6174,0,0,7,7,1230,8,1323,1331
4,8624,7056,0,0,8,8,1078,8,1323,1331
4,8631,7,0,0,7,7,1233,7124,1,7125
4,8631,7,0,0,14,7,1233,1520,1,1521
4,8645,2885,0,0,5,5,1729,4116,577,4693
4,8646,6,0,0,6,6,1441,1572,1,1573
4,8646,1998,0,0,6,6,1441,704,999,1703
4,8658,6,0,0,12,6,1443,4624,1,4625
4,8664,24,0,0,8,8,1083,1216,9,1225
4,8664,216,0,0,8,8,1083,2500,27,2527
4,8664,1000,0,0,8,8,1083,3844,125,3969
4,8664,2744,0,0,8,8,1083,11532,343,11875
4,8664,4712,0,0,8,8,1083,1024,2945,3969
4,8700,270,0,0,5,5,1740,15544,81,15625
4,8700,7250,0,0,5,5,1740,864,3625,4489
4,8715,581,0,0,7,7,1245,1600,249,1849
4,8718,8718,0,0,6,6,1453,972,1453,2425
4,8720,1456,0,0,8,8,1090,8192,1183,9375
4,8730,450,0,0,6,6,1455,1984,225,2209
4,8750,1250,0,0,5,5,1750,4704,625,5329
4,8750,2500,0,0,10,5,1750,4704,625,5329
4,8775,5915,0,0,5,5,1755,1004,1183,2187
4,8775,6125,0,0,5,5,1755,972,1225,2197
4,8808,12,0,0,6,6,1468,2560,9,2569
4,8808,24,0,0,12,6,1468,2560,9,2569
4,8808,48,0,0,24,6,1468,2560,9,2569
4,8808,1764,0,0,6,6,1468,512,1323,1835
4,8825,3875,0,0,5,5,1765,1412,775,2187
4,8835,2945,0,0,5,5,1767,3132,589,3721
4,8840,216,0,0,8,8,1105,1600,81,1681
4,8840,270,0,0,5,5,1768,3400,81,3481
4,8840,5576,0,0,8,8,1105,1500,697,2197
4,8840,6936,0,0,8,8,1105,64,2601,2665
4,8855,6895,0,0,5,5,1771,484,1379,1863
4,8888,8,0,0,16,8,1111,1616,1,1617
4,8888,8888,0,0,8,8,1111,212,1111,1323
4,8892,972,0,0,6,6,1482,2968,243,3211
4,8911,7,0,0,7,7,1273,1444,1,1445
4,8911,1071,0,0,7,7,1273,1216,459,1675
4,8911,8911,0,0,28,7,1273,4352,1273,5625
4,8915,8915,0,0,10,5,1783,240,1783,2023
4,8925,45,0,0,5,5,1785,12500,9,12509
4,8944,5200,0,0,8,8,1118,224,1625,1849
4,8960,30,0,0,5,5,1792,2392,9,2401
4,8960,5808,0,0,8,8,1120,136,1089,1225
4,8960,6480,0,0,8,8,1120,32,2025,2057
4,8960,7056,0,0,8,8,1120,8,1323,1331
4,8970,486,0,0,6,6,1495,2116,81,2197
4,8975,3645,0,0,5,5,1795,2396,729,3125
4,8988,972,0,0,6,6,1498,5000,243,5243
4,8995,7,0,0,7,7,1285,13364,1,13365
4,9000,648,0,0,8,8,1125,1472,243,1715
4,9018,1002,0,0,6,6,1503,1548,167,1715
4,9020,630,0,0,5,5,1804,1408,441,1849
4,9027,9,0,0,9,9,1003,2124,1,2125
4,9030,70,0,0,7,7,1290,1824,25,1849
4,9030,140,0,0,14,7,1290,1824,25,1849
4,9030,3430,0,0,5,5,1806,10368,2401,12769
4,9030,8750,0,0,7,7,1290,512,5625,6137
4,9065,5,0,0,10,5,1813,3024,1,3025
4,9065,245,0,0,10,5,1813,6512,49,6561
4,9065,6655,0,0,5,5,1813,9604,1331,10935
4,9090,130,0,0,5,5,1818,24576,169,24745
4,9090,162,0,0,6,6,1515,1600,81,1681
4,9090,450,0,0,9,9,1010,2048,275,2323
4,9090,910,0,0,5,5,1818,8192,1183,9375
4,9100,1274,0,0,7,7,1300,8192,1183,9375
4,9108,2484,0,0,6,6,1518,512,1863,2375
4,9125,2025,0,0,5,5,1825,4672,1215,5887
4,9135,45,0,0,10,5,1827,3472,9,3481
4,9163,567,0,0,7,7,1309,1088,243,1331
4,9163,5831,0,0,7,7,1309,1444,833,2277
4,9163,5831,0,0,7,7,1309,1472,2499,3971
4,9163,6237,0,0,7,7,1309,64,2673,2737
4,9163,7889,0,0,7,7,1309,204,1127,1331
4,9163,7889,0,0,7,7,1309,2052,1127,3179
4,9165,3645,0,0,5,5,1833,1468,729,2197
4,9177,567,0,0,7,7,1311,2116,81,2197
4,9180,1458,0,0,9,9,1020,512,729,1241
4,9180,1458,0,0,9,9,1020,2312,243,2555
4,9180,2250,0,0,9,9,1020,4704,625,5329
4,9185,5,0,0,10,5,1837,2672,1,2673
4,9198,1350,0,0,6,6,1533,1024,1125,2149
4,9207,243,0,0,9,9,1023,1600,81,1681
4,9207,1125,0,0,9,9,1023,15004,125,15129
4,9207,8649,0,0,9,9,1023,164,961,1125
4,9215,45,0,0,5,5,1843,3116,9,3125
4,9215,8405,0,0,5,5,1843,1444,1681,3125
4,9224,8,0,0,16,8,1153,3024,1,3025
4,9224,3528,0,0,8,8,1153,5324,441,5765
4,9224,9224,0,0,32,8,1153,2816,1153,3969
4,9230,70,0,0,5,5,1846,4992,49,5041
4,9230,2430,0,0,5,5,1846,4312,729,5041
4,9230,2430,0,0,5,5,1846,27832,729,28561
4,9240,8,0,0,8,8,1155,4004,1,4005
4,9240,8,0,0,16,8,1155,3024,1,3025
4,9240,8,0,0,16,8,1155,7920,1,7921
4,9240,1000,0,0,8,8,1155,2548,125,2673
4,9240,1352,0,0,8,8,1155,1024,845,1869
4,9240,2136,0,0,8,8,1155,1600,801,2401
4,9240,2808,0,0,8,8,1155,980,351,1331
4,9240,2904,0,0,8,8,1155,3136,1089,4225
4,9240,3000,0,0,8,8,1155,448,1125,1573
4,9240,4056,0,0,8,8,1155,704,1521,2225
4,9240,4312,0,0,8,8,1155,676,539,1215
4,9240,6408,0,0,8,8,1155,5324,801,6125
4,9240,6600,0,0,8,8,1155,1372,825,2197
4,9240,7800,0,0,8,8,1155,356,975,1331
4,9243,6399,0,0,9,9,1027,64,2133,2197
4,9261,63,0,0,14,7,1323,2800,9,2809
4,9270,6,0,0,6,6,1545,1700,1,1701
4,9270,6,0,0,12,6,1545,10608,1,10609
4,9270,162,0,0,6,6,1545,2548,27,2575
4,9270,294,0,0,6,6,1545,3708,49,3757
4,9270,2058,0,0,6,6,1545,16384,2401,18785
4,9270,2730,0,0,6,6,1545,17408,2275,19683
4,9270,3750,0,0,6,6,1545,8748,625,9373
4,9270,4326,0,0,6,6,1545,1404,721,2125
4,9270,7350,0,0,6,6,1545,972,1225,2197
4,9300,70,0,0,5,5,1860,3200,49,3249
4,9310,98,0,0,7,7,1330,3200,49,3249
4,9310,196,0,0,14,7,1330,3200,49,3249
4,9310,686,0,0,7,7,1330,2432,343,2775
4,9315,81,0,0,9,9,1035,2116,9,2125
4,9345,1869,0,0,7,7,1335,1600,801,2401
4,9350,750,0,0,5,5,1870,2048,825,2873
4,9350,4050,0,0,5,5,1870,32,2025,2057
4,9350,8910,0,0,5,5,1870,200,2673,2873
4,9384,72,0,0,8,8,1173,2116,9,2125
4,9387,9,0,0,9,9,1043,3724,1,3725
4,9415,5,0,0,5,5,1883,4900,1,4901
4,9415,4375,0,0,7,7,1345,1796,625,2421
4,9425,5,0,0,10,5,1885,4624,1,4625
4,9425,1125,0,0,5,5,1885,1972,225,2197
4,9425,2125,0,0,5,5,1885,1924,425,2349
4,9425,3125,0,0,5,5,1885,3132,625,3757
4,9425,4205,0,0,5,5,1885,2916,841,3757
4,9438,6,0,0,12,6,1573,3024,1,3025
4,9438,750,0,0,6,6,1573,2548,125,2673
4,9438,2178,0,0,6,6,1573,3136,1089,4225
4,9438,4950,0,0,6,6,1573,1372,825,2197
4,9438,7350,0,0,6,6,1573,972,1225,2197
4,9438,7986,0,0,6,6,1573,9604,1331,10935
4,9450,162,0,0,6,6,1575,2500,27,2527
4,9450,3486,0,0,6,6,1575,1444,581,2025
4,9457,3773,0,0,7,7,1351,64,1617,1681
4,9464,5096,0,0,8,8,1183,64,1911,1975
4,9464,5688,0,0,8,8,1183,64,2133,2197
4,9471,189,0,0,7,7,1353,1600,81,1681
4,9477,2187,0,0,9,9,1053,2500,243,2743
4,9492,4116,0,0,6,6,1582,10368,2401,12769
4,9492,4802,0,0,7,7,1356,10368,2401,12769
4,9504,5808,0,0,8,8,1188,136,1089,1225
4,9504,6480,0,0,8,8,1188,32,2025,2057
4,9504,7056,0,0,8,8,1188,8,1323,1331
4,9541,7,0,0,7,7,1363,4900,1,4901
4,9541,7,0,0,14,7,1363,5264,1,5265
4,9541,1421,0,0,7,7,1363,1600,609,2209
4,9541,2961,0,0,7,7,1363,1856,1269,3125
4,9541,5103,0,0,7,7,1363,23660,729,24389
4,9541,8575,0,0,7,7,1363,972,1225,2197
4,9545,405,0,0,5,5,1909,2116,81,2197
4,9546,1458,0,0,6,6,1591,2752,729,3481
4,9555,8575,0,0,7,7,1365,972,1225,2197
4,9558,6,0,0,24,6,1593,7424,1,7425
4,9558,4374,0,0,9,9,1062,392,729,1121
4,9560,24,0,0,8,8,1195,1216,9,1225
4,9560,216,0,0,8,8,1195,2500,27,2527
4,9585,9,0,0,9,9,1065,3124,1,3125
4,9585,9,0,0,9,9,1065,5324,1,5325
4,9590,1250,0,0,5,5,1918,18144,625,18769
4,9615,5,0,0,10,5,1923,3024,1,3025
4,9615,6655,0,0,5,5,1923,9604,1331,10935
4,9639,999,0,0,9,9,1071,1088,333,1421
4,9639,7569,0,0,9,9,1071,972,841,1813
4,9646,5250,0,0,7,7,1378,512,3375,3887
4,9648,84,0,0,6,6,1608,8576,49,8625
4,9656,568,0,0,8,8,1207,1984,213,2197
4,9675,3645,0,0,5,5,1935,7396,729,8125
4,9681,4375,0,0,7,7,1383,1024,3125,4149
4,9690,6,0,0,6,6,1615,1700,1,1701
4,9690,6,0,0,12,6,1615,3024,1,3025
4,9690,162,0,0,6,6,1615,2500,27,2527
4,9690,750,0,0,6,6,1615,4788,125,4913
4,9690,1254,0,0,6,6,1615,1088,627,1715
4,9690,1350,0,0,6,6,1615,21952,675,22627
4,9690,1530,0,0,6,6,1615,1024,1275,2299
4,9690,2058,0,0,6,6,1615,4332,343,4675
4,9690,2166,0,0,6,6,1615,1764,361,2125
4,9690,3078,0,0,6,6,1615,3136,1539,4675
4,9690,3234,0,0,6,6,1615,1836,539,2375
4,9690,4998,0,0,6,6,1615,972,833,1805
4,9690,5346,0,0,6,6,1615,2240,2673,4913
4,9690,5814,0,0,6,6,1615,2156,969,3125
4,9690,6250,0,0,5,5,1938,512,5625,6137
4,9690,6270,0,0,6,6,1615,7168,5225,12393
4,9690,6750,0,0,5,5,1938,2888,2025,4913
4,9690,7986,0,0,6,6,1615,4500,1331,5831
4,9690,7986,0,0,6,6,1615,9604,1331,10935
4,9690,8250,0,0,6,6,1615,4116,1375,5491
4,9690,8262,0,0,6,6,1615,7744,4131,11875
4,9690,9234,0,0,6,6,1615,484,1539,2023
4,9690,9234,0,0,6,6,1615,1156,1539,2695
4,9702,7938,0,0,9,9,1078,8,1323,1331
4,9709,5103,0,0,7,7,1387,4672,2187,6859
4,9747,27,0,0,9,9,1083,1216,9,1225
4,9747,243,0,0,9,9,1083,2500,27,2527
4,9747,1125,0,0,9,9,1083,3844,125,3969
4,9747,3087,0,0,9,9,1083,11532,343,11875
4,9747,5301,0,0,9,9,1083,1024,2945,3969
4,9751,875,0,0,7,7,1393,3844,125,3969
4,9751,7203,0,0,7,7,1393,1024,5145,6169
4,9765,45,0,0,5,5,1953,2116,9,2125
4,9765,625,0,0,5,5,1953,3844,125,3969
4,9765,2025,0,0,5,5,1953,4508,405,4913
4,9765,2645,0,0,5,5,1953,19652,529,20181
4,9765,3565,0,0,5,5,1953,2500,713,3213
4,9765,3645,0,0,5,5,1953,448,2187,2635
4,9765,4185,0,0,5,5,1953,1564,837,2401
4,9765,7875,0,0,7,7,1395,15004,1125,16129
4,9765,7935,0,0,5,5,1953,1024,7935,8959
4,9780,5868,0,0,6,6,1630,512,4401,4913
4,9792,48,0,0,8,8,1224,4904,9,4913
4,9798,4374,0,0,6,6,1633,320,2187,2507
4,9810,1638,0,0,9,9,1090,8192,1183,9375
4,9815,3125,0,0,5,5,1963,1572,625,2197
4,9828,324,0,0,6,6,1638,8200,81,8281
4,9828,1092,0,0,6,6,1638,8192,1183,9375
4,9828,2100,0,0,6,6,1638,1312,875,2187
4,9828,2184,0,0,12,6,1638,8192,1183,9375
4,9840,144,0,0,8,8,1230,13448,27,13475
4,9840,2000,0,0,8,8,1230,1056,625,1681
4,9840,2800,0,0,8,8,1230,128,1225,1353
4,9840,2800,0,0,8,8,1230,1312,875,2187
4,9840,3888,0,0,8,8,1230,2296,729,3025
4,9840,7056,0,0,8,8,1230,8,1323,1331
4,9856,42,0,0,7,7,1408,2200,9,2209
4,9856,378,0,0,7,7,1408,5632,243,5875
4,9864,8,0,0,8,8,1233,7124,1,7125
4,9864,8,0,0,16,8,1233,1520,1,1521
4,9870,350,0,0,7,7,1410,11296,125,11421
4,9898,7434,0,0,7,7,1414,808,1593,2401
4,9900,6250,0,0,5,5,1980,7776,3125,10901
4,9906,4698,0,0,6,6,1651,64,2349,2413
4,9918,3306,0,0,6,6,1653,1324,551,1875
4,9919,9919,0,0,14,7,1417,432,1417,1849
4,9933,7,0,0,14,7,1419,7568,1,7569
4,9945,243,0,0,9,9,1105,1600,81,1681
4,9945,605,0,0,5,5,1989,19652,121,19773
4,9945,6273,0,0,9,9,1105,1500,697,2197
4,9945,7803,0,0,9,9,1105,64,2601,2665
4,9954,9954,0,0,6,6,1659,9664,4977,14641
4,9960,664,0,0,8,8,1245,1600,249,1849
4,9965,135,0,0,5,5,1993,2500,27,2527
4,9965,1805,0,0,5,5,1993,9604,361,9965
4,9975,135,0,0,5,5,1995,2500,27,2527
4,9996,1050,0,0,7,7,1428,2048,825,2873
4,9996,1274,0,0,7,7,1428,8192,1183,9375
4,9996,1694,0,0,7,7,1428,1352,363,1715
4,9996,2142,0,0,7,7,1428,1400,459,1859
4,9996,3094,0,0,7,7,1428,640,1547,2187
4,9996,3094,0,0,7,7,1428,1568,1105,2673
4,9996,3094,0,0,7,7,1428,6144,2431,8575
4,9996,4158,0,0,7,7,1428,512,2673,3185
4,9996,4914,0,0,7,7,1428,392,1053,1445
4,9996,5670,0,0,7,7,1428,32,2025,2057
4,9996,5950,0,0,7,7,1428,416,2125,2541
4,9996,6174,0,0,7,7,1428,6656,3969,10625
4,9996,7546,0,0,7,7,1428,8,1617,1625
4,9996,7546,0,0,7,7,1428,16000,3773,19773
4,9996,8470,0,0,7,7,1428,20384,3025,23409
4,9999,9,0,0,18,9,1111,1616,1,1617
4,9999,9999,0,0,9,9,1111,212,1111,1323
4,10020,4332,0,0,6,6,1670,32,1805,1837
4,10030,10,0,0,10,10,1003,2124,1,2125
4,10045,7,0,0,14,7,1435,1680,1,1681
4,10045,189,0,0,7,7,1435,1600,81,1681
4,10045,1701,0,0,7,7,1435,2624,729,3353
4,10050,4374,0,0,6,6,1675,7396,729,8125
4,10062,486,0,0,6,6,1677,2116,81,2197
4,10062,5850,0,0,9,9,1118,224,1625,1849
4,10080,6534,0,0,9,9,1120,136,1089,1225
4,10080,7290,0,0,9,9,1120,32,2025,2057
4,10080,7938,0,0,9,9,1120,8,1323,1331
4,10087,7,0,0,7,7,1441,1572,1,1573
4,10087,2331,0,0,7,7,1441,704,999,1703
4,10098,1122,0,0,12,6,1683,2000,187,2187
4,10100,500,0,0,10,10,1010,2048,275,2323
4,10101,7,0,0,14,7,1443,4624,1,4625
4,10125,729,0,0,9,9,1125,1472,243,1715
4,10171,10171,0,0,7,7,1453,972,1453,2425
4,10184,8,0,0,8,8,1273,1444,1,1445
4,10184,1224,0,0,8,8,1273,1216,459,1675
4,10184,10184,0,0,32,8,1273,4352,1273,5625
4,10185,525,0,0,7,7,1455,1984,225,2209
4,10200,1620,0,0,10,10,1020,512,729,1241
4,10200,1620,0,0,10,10,1020,2312,243,2555
4,10200,2500,0,0,10,10,1020,4704,625,5329
4,10230,270,0,0,10,10,1023,1600,81,1681
4,10230,1250,0,0,10,10,1023,15004,125,15129
4,10230,3414,0,0,6,6,1705,2500,569,3069
4,10230,9610,0,0,10,10,1023,164,961,1125
4,10248,84,0,0,6,6,1708,3200,49,3249
4,10248,168,0,0,12,6,1708,3200,49,3249
4,10260,8100,0,0,6,6,1710,8,2025,2033
4,10270,7110,0,0,10,10,1027,64,2133,2197
4,10276,14,0,0,7,7,1468,2560,9,2569
4,10276,28,0,0,14,7,1468,2560,9,2569
4,10276,56,0,0,28,7,1468,2560,9,2569
4,10276,2058,0,0,7,7,1468,512,1323,1835
4,10280,8,0,0,8,8,1285,13364,1,13365
4,10320,80,0,0,8,8,1290,1824,25,1849
4,10320,160,0,0,16,8,1290,1824,25,1849
4,10320,2100,0,0,6,6,1720,1312,875,2187
4,10320,2460,0,0,6,6,1720,1376,1025,2401
4,10320,4428,0,0,6,6,1720,1000,1107,2107
4,10320,10000,0,0,8,8,1290,512,5625,6137
4,10350,90,0,0,10,10,1035,2116,9,2125
4,10374,1134,0,0,7,7,1482,2968,243,3211
4,10374,3462,0,0,6,6,1729,4116,577,4693
4,10377,9,0,0,18,9,1153,3024,1,3025
4,10377,3969,0,0,9,9,1153,5324,441,5765
4,10377,10377,0,0,36,9,1153,2816,1153,3969
4,10395,9,0,0,9,9,1155,4004,1,4005
4,10395,9,0,0,18,9,1155,3024,1,3025
4,10395,9,0,0,18,9,1155,7920,1,7921
4,10395,1125,0,0,9,9,1155,2548,125,2673
4,10395,1521,0,0,9,9,1155,1024,845,1869
4,10395,2403,0,0,9,9,1155,1600,801,2401
4,10395,3159,0,0,9,9,1155,980,351,1331
4,10395,3267,0,0,9,9,1155,3136,1089,4225
4,10395,3375,0,0,9,9,1155,448,1125,1573
4,10395,4563,0,0,9,9,1155,704,1521,2225
4,10395,4851,0,0,9,9,1155,676,539,1215
4,10395,7209,0,0,9,9,1155,5324,801,6125
4,10395,7425,0,0,9,9,1155,1372,825,2197
4,10395,8775,0,0,9,9,1155,356,975,1331
4,10400,1456,0,0,8,8,1300,8192,1183,9375
4,10430,10,0,0,10,10,1043,3724,1,3725
4,10440,324,0,0,6,6,1740,15544,81,15625
4,10440,8700,0,0,6,6,1740,864,3625,4489
4,10465,567,0,0,7,7,1495,2116,81,2197
4,10472,648,0,0,8,8,1309,1088,243,1331
4,10472,6664,0,0,8,8,1309,1444,833,2277
4,10472,6664,0,0,8,8,1309,1472,2499,3971
4,10472,7128,0,0,8,8,1309,64,2673,2737
4,10472,9016,0,0,8,8,1309,204,1127,1331
4,10472,9016,0,0,8,8,1309,2052,1127,3179
4,10486,1134,0,0,7,7,1498,5000,243,5243
4,10488,648,0,0,8,8,1311,2116,81,2197
4,10500,1500,0,0,6,6,1750,4704,625,5329
4,10500,3000,0,0,12,6,1750,4704,625,5329
4,10521,1169,0,0,7,7,1503,1548,167,1715
4,10530,2430,0,0,10,10,1053,2500,243,2743
4,10530,7098,0,0,6,6,1755,1004,1183,2187
4,10530,7350,0,0,6,6,1755,972,1225,2197
4,10557,81,0,0,9,9,1173,2116,9,2125
4,10584,72,0,0,16,8,1323,2800,9,2809
4,10590,4650,0,0,6,6,1765,1412,775,2187
4,10602,3534,0,0,6,6,1767,3132,589,3721
4,10605,189,0,0,7,7,1515,1600,81,1681
4,10608,324,0,0,6,6,1768,3400,81,3481
4,10620,4860,0,0,10,10,1062,392,729,1121
4,10626,2898,0,0,7,7,1518,512,1863,2375
4,10626,8274,0,0,6,6,1771,484,1379,1863
4,10640,112,0,0,8,8,1330,3200,49,3249
4,10640,224,0,0,16,8,1330,3200,49,3249
4,10640,784,0,0,8,8,1330,2432,343,2775
4,10647,5733,0,0,9,9,1183,64,1911,1975
4,10647,6399,0,0,9,9,1183,64,2133,2197
4,10650,10,0,0,10,10,1065,3124,1,3125
4,10650,10,0,0,10,10,1065,5324,1,5325
4,10680,2136,0,0,8,8,1335,1600,801,2401
4,10692,6534,0,0,9,9,1188,136,1089,1225
4,10692,7290,0,0,9,9,1188,32,2025,2057
4,10692,7938,0,0,9,9,1188,8,1323,1331
4,10698,10698,0,0,12,6,1783,240,1783,2023
4,10710,54,0,0,6,6,1785,12500,9,12509
4,10710,1110,0,0,10,10,1071,1088,333,1421
4,10710,8410,0,0,10,10,1071,972,841,1813
4,10731,1575,0,0,7,7,1533,1024,1125,2149
4,10752,36,0,0,6,6,1792,2392,9,2401
4,10755,27,0,0,9,9,1195,1216,9,1225
4,10755,243,0,0,9,9,1195,2500,27,2527
4,10760,5000,0,0,8,8,1345,1796,625,2421
4,10770,4374,0,0,6,6,1795,2396,729,3125
4,10780,8820,0,0,10,10,1078,8,1323,1331
4,10808,4312,0,0,8,8,1351,64,1617,1681
4,10815,7,0,0,7,7,1545,1700,1,1701
4,10815,7,0,0,14,7,1545,10608,1,10609
4,10815,189,0,0,7,7,1545,2548,27,2575
4,10815,343,0,0,7,7,1545,3708,49,3757
4,10815,2401,0,0,7,7,1545,16384,2401,18785
4,10815,3185,0,0,7,7,1545,17408,2275,19683
4,10815,4375,0,0,7,7,1545,8748,625,9373
4,10815,5047,0,0,7,7,1545,1404,721,2125
4,10815,8575,0,0,7,7,1545,972,1225,2197
4,10824,216,0,0,8,8,1353,1600,81,1681
4,10824,756,0,0,6,6,1804,1408,441,1849
4,10830,30,0,0,10,10,1083,1216,9,1225
4,10830,270,0,0,10,10,1083,2500,27,2527
4,10830,1250,0,0,10,10,1083,3844,125,3969
4,10830,3430,0,0,10,10,1083,11532,343,11875
4,10830,5890,0,0,10,10,1083,1024,2945,3969
4,10836,4116,0,0,6,6,1806,10368,2401,12769
4,10848,5488,0,0,8,8,1356,10368,2401,12769
4,10863,639,0,0,9,9,1207,1984,213,2197
4,10878,6,0,0,12,6,1813,3024,1,3025
4,10878,294,0,0,12,6,1813,6512,49,6561
4,10878,7986,0,0,6,6,1813,9604,1331,10935
4,10900,1820,0,0,10,10,1090,8192,1183,9375
4,10904,8,0,0,8,8,1363,4900,1,4901
4,10904,8,0,0,16,8,1363,5264,1,5265
4,10904,1624,0,0,8,8,1363,1600,609,2209
4,10904,3384,0,0,8,8,1363,1856,1269,3125
4,10904,5832,0,0,8,8,1363,23660,729,24389
4,10904,9800,0,0,8,8,1363,972,1225,2197
4,10908,156,0,0,6,6,1818,24576,169,24745
4,10908,1092,0,0,6,6,1818,8192,1183,9375
4,10920,9800,0,0,8,8,1365,972,1225,2197
4,10950,2430,0,0,6,6,1825,4672,1215,5887
4,10962,54,0,0,12,6,1827,3472,9,3481
4,10998,4374,0,0,6,6,1833,1468,729,2197
4,11011,7,0,0,14,7,1573,3024,1,3025
4,11011,875,0,0,7,7,1573,2548,125,2673
4,11011,2541,0,0,7,7,1573,3136,1089,4225
4,11011,5775,0,0,7,7,1573,1372,825,2197
4,11011,8575,0,0,7,7,1573,972,1225,2197
4,11011,9317,0,0,7,7,1573,9604,1331,10935
4,11016,54,0,0,9,9,1224,4904,9,4913
4,11022,6,0,0,12,6,1837,2672,1,2673
4,11024,6000,0,0,8,8,1378,512,3375,3887
4,11025,189,0,0,7,7,1575,2500,27,2527
4,11025,4067,0,0,7,7,1575,1444,581,2025
4,11033,11,0,0,11,11,1003,2124,1,2125
4,11050,270,0,0,10,10,1105,1600,81,1681
4,11050,6970,0,0,10,10,1105,1500,697,2197
4,11050,8670,0,0,10,10,1105,64,2601,2665
4,11058,54,0,0,6,6,1843,3116,9,3125
4,11058,10086,0,0,6,6,1843,1444,1681,3125
4,11064,5000,0,0,8,8,1383,1024,3125,4149
4,11070,162,0,0,9,9,1230,13448,27,13475
4,11070,2250,0,0,9,9,1230,1056,625,1681
4,11070,3150,0,0,9,9,1230,128,1225,1353
4,11070,3150,0,0,9,9,1230,1312,875,2187
4,11070,4374,0,0,9,9,1230,2296,729,3025
4,11070,7938,0,0,9,9,1230,8,1323,1331
4,11074,4802,0,0,7,7,1582,10368,2401,12769
4,11076,84,0,0,6,6,1846,4992,49,5041
4,11076,2916,0,0,6,6,1846,4312,729,5041
4,11076,2916,0,0,6,6,1846,27832,729,28561
4,11096,5832,0,0,8,8,1387,4672,2187,6859
4,11097,9,0,0,9,9,1233,7124,1,7125
4,11097,9,0,0,18,9,1233,1520,1,1521
4,11110,10,0,0,20,10,1111,1616,1,1617
4,11110,550,0,0,11,11,1010,2048,275,2323
4,11110,11110,0,0,10,10,1111,212,1111,1323
4,11137,1701,0,0,7,7,1591,2752,729,3481
4,11144,1000,0,0,8,8,1393,3844,125,3969
4,11144,8232,0,0,8,8,1393,1024,5145,6169
4,11151,7,0,0,28,7,1593,7424,1,7425
4,11160,84,0,0,6,6,1860,3200,49,3249
4,11160,9000,0,0,8,8,1395,15004,1125,16129
4,11180,6500,0,0,10,10,1118,224,1625,1849
4,11200,7260,0,0,10,10,1120,136,1089,1225
4,11200,8100,0,0,10,10,1120,32,2025,2057
4,11200,8820,0,0,10,10,1120,8,1323,1331
4,11205,747,0,0,9,9,1245,1600,249,1849
4,11220,900,0,0,6,6,1870,2048,825,2873
4,11220,1782,0,0,11,11,1020,512,729,1241
4,11220,1782,0,0,11,11,1020,2312,243,2555
4,11220,2750,0,0,11,11,1020,4704,625,5329
4,11220,4860,0,0,6,6,1870,32,2025,2057
4,11220,10692,0,0,6,6,1870,200,2673,2873
4,11250,810,0,0,10,10,1125,1472,243,1715
4,11253,297,0,0,11,11,1023,1600,81,1681
4,11253,1375,0,0,11,11,1023,15004,125,15129
4,11253,10571,0,0,11,11,1023,164,961,1125
4,11256,98,0,0,7,7,1608,8576,49,8625
4,11264,48,0,0,8,8,1408,2200,9,2209
4,11264,432,0,0,8,8,1408,5632,243,5875
4,11280,400,0,0,8,8,1410,11296,125,11421
4,11297,7821,0,0,11,11,1027,64,2133,2197
4,11298,6,0,0,6,6,1883,4900,1,4901
4,11305,7,0,0,7,7,1615,1700,1,1701
4,11305,7,0,0,14,7,1615,3024,1,3025
4,11305,189,0,0,7,7,1615,2500,27,2527
4,11305,875,0,0,7,7,1615,4788,125,4913
4,11305,1463,0,0,7,7,1615,1088,627,1715
4,11305,1575,0,0,7,7,1615,21952,675,22627
4,11305,1785,0,0,7,7,1615,1024,1275,2299
4,11305,2401,0,0,7,7,1615,4332,343,4675
4,11305,2527,0,0,7,7,1615,1764,361,2125
4,11305,3591,0,0,7,7,1615,3136,1539,4675
4,11305,3773,0,0,7,7,1615,1836,539,2375
4,11305,5831,0,0,7,7,1615,972,833,1805
4,11305,6237,0,0,7,7,1615,2240,2673,4913
4,11305,6783,0,0,7,7,1615,2156,969,3125
4,11305,7315,0,0,7,7,1615,7168,5225,12393
4,11305,9317,0,0,7,7,1615,4500,1331,5831
4,11305,9317,0,0,7,7,1615,9604,1331,10935
4,11305,9625,0,0,7,7,1615,4116,1375,5491
4,11305,9639,0,0,7,7,1615,7744,4131,11875
4,11305,10773,0,0,7,7,1615,484,1539,2023
4,11305,10773,0,0,7,7,1615,1156,1539,2695
4,11310,6,0,0,12,6,1885,4624,1,4625
4,11310,1350,0,0,6,6,1885,1972,225,2197
4,11310,2550,0,0,6,6,1885,1924,425,2349
4,11310,3750,0,0,6,6,1885,3132,625,3757
4,11310,5046,0,0,6,6,1885,2916,841,3757
4,11312,8496,0,0,8,8,1414,808,1593,2401
4,11336,11336,0,0,16,8,1417,432,1417,1849
4,11352,8,0,0,16,8,1419,7568,1,7569
4,11385,99,0,0,11,11,1035,2116,9,2125
4,11410,6846,0,0,7,7,1630,512,4401,4913
4,11424,1200,0,0,8,8,1428,2048,825,2873
4,11424,1456,0,0,8,8,1428,8192,1183,9375
4,11424,1936,0,0,8,8,1428,1352,363,1715
4,11424,2448,0,0,8,8,1428,1400,459,1859
4,11424,3536,0,0,8,8,1428,640,1547,2187
4,11424,3536,0,0,8,8,1428,1568,1105,2673
4,11424,3536,0,0,8,8,1428,6144,2431,8575
4,11424,4752,0,0,8,8,1428,512,2673,3185
4,11424,5616,0,0,8,8,1428,392,1053,1445
4,11424,6480,0,0,8,8,1428,32,2025,2057
4,11424,6800,0,0,8,8,1428,416,2125,2541
4,11424,7056,0,0,8,8,1428,6656,3969,10625
4,11424,8624,0,0,8,8,1428,8,1617,1625
4,11424,8624,0,0,8,8,1428,16000,3773,19773
4,11424,9680,0,0,8,8,1428,20384,3025,23409
4,11431,5103,0,0,7,7,1633,320,2187,2507
4,11454,486,0,0,6,6,1909,2116,81,2197
4,11457,9,0,0,9,9,1273,1444,1,1445
4,11457,1377,0,0,9,9,1273,1216,459,1675
4,11457,11457,0,0,36,9,1273,4352,1273,5625
4,11466,378,0,0,7,7,1638,8200,81,8281
4,11466,1274,0,0,7,7,1638,8192,1183,9375
4,11466,2450,0,0,7,7,1638,1312,875,2187
4,11466,2548,0,0,14,7,1638,8192,1183,9375
4,11473,11,0,0,11,11,1043,3724,1,3725
4,11480,8,0,0,16,8,1435,1680,1,1681
4,11480,216,0,0,8,8,1435,1600,81,1681
4,11480,1944,0,0,8,8,1435,2624,729,3353
4,11508,1500,0,0,6,6,1918,18144,625,18769
4,11528,8,0,0,8,8,1441,1572,1,1573
4,11528,2664,0,0,8,8,1441,704,999,1703
4,11530,10,0,0,20,10,1153,3024,1,3025
4,11530,4410,0,0,10,10,1153,5324,441,5765
4,11530,11530,0,0,40,10,1153,2816,1153,3969
4,11538,6,0,0,12,6,1923,3024,1,3025
4,11538,7986,0,0,6,6,1923,9604,1331,10935
4,11544,8,0,0,16,8,1443,4624,1,4625
4,11550,10,0,0,10,10,1155,4004,1,4005
4,11550,10,0,0,20,10,1155,3024,1,3025
4,11550,10,0,0,20,10,1155,7920,1,7921
4,11550,1250,0,0,10,10,1155,2548,125,2673
4,11550,1690,0,0,10,10,1155,1024,845,1869
4,11550,2670,0,0,10,10,1155,1600,801,2401
4,11550,3510,0,0,10,10,1155,980,351,1331
4,11550,3630,0,0,10,10,1155,3136,1089,4225
4,11550,3750,0,0,10,10,1155,448,1125,1573
4,11550,5070,0,0,10,10,1155,704,1521,2225
4,11550,5390,0,0,10,10,1155,676,539,1215
4,11550,8010,0,0,10,10,1155,5324,801,6125
4,11550,8250,0,0,10,10,1155,1372,825,2197
4,11550,9750,0,0,10,10,1155,356,975,1331
4,11557,5481,0,0,7,7,1651,64,2349,2413
4,11565,9,0,0,9,9,1285,13364,1,13365
4,11571,3857,0,0,7,7,1653,1324,551,1875
4,11583,2673,0,0,11,11,1053,2500,243,2743
4,11610,90,0,0,9,9,1290,1824,25,1849
4,11610,180,0,0,18,9,1290,1824,25,1849
4,11610,4374,0,0,6,6,1935,7396,729,8125
4,11610,11250,0,0,9,9,1290,512,5625,6137
4,11613,11613,0,0,7,7,1659,9664,4977,14641
4,11624,11624,0,0,8,8,1453,972,1453,2425
4,11628,7500,0,0,6,6,1938,512,5625,6137
4,11628,8100,0,0,6,6,1938,2888,2025,4913
4,11640,600,0,0,8,8,1455,1984,225,2209
4,11682,5346,0,0,11,11,1062,392,729,1121
4,11690,5054,0,0,7,7,1670,32,1805,1837
4,11700,1638,0,0,9,9,1300,8192,1183,9375
4,11715,11,0,0,11,11,1065,3124,1,3125
4,11715,11,0,0,11,11,1065,5324,1,5325
4,11718,54,0,0,6,6,1953,2116,9,2125
4,11718,750,0,0,6,6,1953,3844,125,3969
4,11718,2430,0,0,6,6,1953,4508,405,4913
4,11718,3174,0,0,6,6,1953,19652,529,20181
4,11718,4278,0,0,6,6,1953,2500,713,3213
4,11718,4374,0,0,6,6,1953,448,2187,2635
4,11718,5022,0,0,6,6,1953,1564,837,2401
4,11718,9522,0,0,6,6,1953,1024,7935,8959
4,11725,5103,0,0,7,7,1675,7396,729,8125
4,11730,90,0,0,10,10,1173,2116,9,2125
4,11739,567,0,0,7,7,1677,2116,81,2197
4,11744,16,0,0,8,8,1468,2560,9,2569
4,11744,32,0,0,16,8,1468,2560,9,2569
4,11744,64,0,0,32,8,1468,2560,9,2569
4,11744,2352,0,0,8,8,1468,512,1323,1835
4,11778,3750,0,0,6,6,1963,1572,625,2197
4,11781,729,0,0,9,9,1309,1088,243,1331
4,11781,1221,0,0,11,11,1071,1088,333,1421
4,11781,1309,0,0,14,7,1683,2000,187,2187
4,11781,7497,0,0,9,9,1309,1444,833,2277
4,11781,7497,0,0,9,9,1309,1472,2499,3971
4,11781,8019,0,0,9,9,1309,64,2673,2737
4,11781,9251,0,0,11,11,1071,972,841,1813
4,11781,10143,0,0,9,9,1309,204,1127,1331
4,11781,10143,0,0,9,9,1309,2052,1127,3179
4,11799,729,0,0,9,9,1311,2116,81,2197
4,11830,6370,0,0,10,10,1183,64,1911,1975
4,11830,7110,0,0,10,10,1183,64,2133,2197
4,11856,1296,0,0,8,8,1482,2968,243,3211
4,11858,9702,0,0,11,11,1078,8,1323,1331
4,11880,7260,0,0,10,10,1188,136,1089,1225
4,11880,7500,0,0,6,6,1980,7776,3125,10901
4,11880,8100,0,0,10,10,1188,32,2025,2057
4,11880,8820,0,0,10,10,1188,8,1323,1331
4,11907,81,0,0,18,9,1323,2800,9,2809
4,11913,33,0,0,11,11,1083,1216,9,1225
4,11913,297,0,0,11,11,1083,2500,27,2527
4,11913,1375,0,0,11,11,1083,3844,125,3969
4,11913,3773,0,0,11,11,1083,11532,343,11875
4,11913,6479,0,0,11,11,1083,1024,2945,3969
4,11934,726,0,0,6,6,1989,19652,121,19773
4,11935,3983,0,0,7,7,1705,2500,569,3069
4,11950,30,0,0,10,10,1195,1216,9,1225
4,11950,270,0,0,10,10,1195,2500,27,2527
4,11956,98,0,0,7,7,1708,3200,49,3249
4,11956,196,0,0,14,7,1708,3200,49,3249
4,11958,162,0,0,6,6,1993,2500,27,2527
4,11958,2166,0,0,6,6,1993,9604,361,9965
4,11960,648,0,0,8,8,1495,2116,81,2197
4,11970,126,0,0,9,9,1330,3200,49,3249
4,11970,162,0,0,6,6,1995,2500,27,2527
4,11970,252,0,0,18,9,1330,3200,49,3249
4,11970,882,0,0,9,9,1330,2432,343,2775
4,11970,9450,0,0,7,7,1710,8,2025,2033
4,11984,1296,0,0,8,8,1498,5000,243,5243
4,11990,2002,0,0,11,11,1090,8192,1183,9375
4,12015,2403,0,0,9,9,1335,1600,801,2401
4,12024,1336,0,0,8,8,1503,1548,167,1715
4,12036,12,0,0,12,12,1003,2124,1,2125
4,12040,2450,0,0,7,7,1720,1312,875,2187
4,12040,2870,0,0,7,7,1720,1376,1025,2401
4,12040,5166,0,0,7,7,1720,1000,1107,2107
4,12070,710,0,0,10,10,1207,1984,213,2197
4,12103,4039,0,0,7,7,1729,4116,577,4693
4,12105,5625,0,0,9,9,1345,1796,625,2421
4,12120,216,0,0,8,8,1515,1600,81,1681
4,12120,600,0,0,12,12,1010,2048,275,2323
4,12144,3312,0,0,8,8,1518,512,1863,2375
4,12155,297,0,0,11,11,1105,1600,81,1681
4,12155,7667,0,0,11,11,1105,1500,697,2197
4,12155,9537,0,0,11,11,1105,64,2601,2665
4,12159,4851,0,0,9,9,1351,64,1617,1681
4,12177,243,0,0,9,9,1353,1600,81,1681
4,12180,378,0,0,7,7,1740,15544,81,15625
4,12180,10150,0,0,7,7,1740,864,3625,4489
4,12204,6174,0,0,9,9,1356,10368,2401,12769
4,12221,11,0,0,22,11,1111,1616,1,1617
4,12221,12221,0,0,11,11,1111,212,1111,1323
4,12240,60,0,0,10,10,1224,4904,9,4913
4,12240,1944,0,0,12,12,1020,512,729,1241
4,12240,1944,0,0,12,12,1020,2312,243,2555
4,12240,3000,0,0,12,12,1020,4704,625,5329
4,12250,1750,0,0,7,7,1750,4704,625,5329
4,12250,3500,0,0,14,7,1750,4704,625,5329
4,12264,1800,0,0,8,8,1533,1024,1125,2149
4,12267,9,0,0,9,9,1363,4900,1,4901
4,12267,9,0,0,18,9,1363,5264,1,5265
4,12267,1827,0,0,9,9,1363,1600,609,2209
4,12267,3807,0,0,9,9,1363,1856,1269,3125
4,12267,6561,0,0,9,9,1363,23660,729,24389
4,12267,11025,0,0,9,9,1363,972,1225,2197
4,12276,324,0,0,12,12,1023,1600,81,1681
4,12276,1500,0,0,12,12,1023,15004,125,15129
4,12276,11532,0,0,12,12,1023,164,961,1125
4,12285,8281,0,0,7,7,1755,1004,1183,2187
4,12285,8575,0,0,7,7,1755,972,1225,2197
4,12285,11025,0,0,9,9,1365,972,1225,2197
4,12298,7150,0,0,11,11,1118,224,1625,1849
4,12300,180,0,0,10,10,1230,13448,27,13475
4,12300,2500,0,0,10,10,1230,1056,625,1681
4,12300,3500,0,0,10,10,1230,128,1225,1353
4,12300,3500,0,0,10,10,1230,1312,875,2187
4,12300,4860,0,0,10,10,1230,2296,729,3025
4,12300,8820,0,0,10,10,1230,8,1323,1331
4,12320,7986,0,0,11,11,1120,136,1089,1225
4,12320,8910,0,0,11,11,1120,32,2025,2057
4,12320,9702,0,0,11,11,1120,8,1323,1331
4,12324,8532,0,0,12,12,1027,64,2133,2197
4,12330,10,0,0,10,10,1233,7124,1,7125
4,12330,10,0,0,20,10,1233,1520,1,1521
4,12355,5425,0,0,7,7,1765,1412,775,2187
4,12360,8,0,0,8,8,1545,1700,1,1701
4,12360,8,0,0,16,8,1545,10608,1,10609
4,12360,216,0,0,8,8,1545,2548,27,2575
4,12360,392,0,0,8,8,1545,3708,49,3757
4,12360,2744,0,0,8,8,1545,16384,2401,18785
4,12360,3640,0,0,8,8,1545,17408,2275,19683
4,12360,5000,0,0,8,8,1545,8748,625,9373
4,12360,5768,0,0,8,8,1545,1404,721,2125
4,12360,9800,0,0,8,8,1545,972,1225,2197
4,12369,4123,0,0,7,7,1767,3132,589,3721
4,12375,891,0,0,11,11,1125,1472,243,1715
4,12376,378,0,0,7,7,1768,3400,81,3481
4,12397,9653,0,0,7,7,1771,484,1379,1863
4,12402,6750,0,0,9,9,1378,512,3375,3887
4,12420,108,0,0,12,12,1035,2116,9,2125
4,12447,5625,0,0,9,9,1383,1024,3125,4149
4,12450,830,0,0,10,10,1245,1600,249,1849
4,12481,12481,0,0,14,7,1783,240,1783,2023
4,12483,6561,0,0,9,9,1387,4672,2187,6859
4,12495,63,0,0,7,7,1785,12500,9,12509
4,12516,12,0,0,12,12,1043,3724,1,3725
4,12537,1125,0,0,9,9,1393,3844,125,3969
4,12537,9261,0,0,9,9,1393,1024,5145,6169
4,12544,42,0,0,7,7,1792,2392,9,2401
4,12555,10125,0,0,9,9,1395,15004,1125,16129
4,12565,5103,0,0,7,7,1795,2396,729,3125
4,12584,8,0,0,16,8,1573,3024,1,3025
4,12584,1000,0,0,8,8,1573,2548,125,2673
4,12584,2904,0,0,8,8,1573,3136,1089,4225
4,12584,6600,0,0,8,8,1573,1372,825,2197
4,12584,9800,0,0,8,8,1573,972,1225,2197
4,12584,10648,0,0,8,8,1573,9604,1331,10935
4,12600,216,0,0,8,8,1575,2500,27,2527
4,12600,4648,0,0,8,8,1575,1444,581,2025
4,12628,882,0,0,7,7,1804,1408,441,1849
4,12636,2916,0,0,12,12,1053,2500,243,2743
4,12642,4802,0,0,7,7,1806,10368,2401,12769
4,12656,5488,0,0,8,8,1582,10368,2401,12769
4,12672,54,0,0,9,9,1408,2200,9,2209
4,12672,486,0,0,9,9,1408,5632,243,5875
4,12683,11,0,0,22,11,1153,3024,1,3025
4,12683,4851,0,0,11,11,1153,5324,441,5765
4,12683,12683,0,0,44,11,1153,2816,1153,3969
4,12690,450,0,0,9,9,1410,11296,125,11421
4,12691,7,0,0,14,7,1813,3024,1,3025
4,12691,343,0,0,14,7,1813,6512,49,6561
4,12691,9317,0,0,7,7,1813,9604,1331,10935
4,12705,11,0,0,11,11,1155,4004,1,4005
4,12705,11,0,0,22,11,1155,3024,1,3025
4,12705,11,0,0,22,11,1155,7920,1,7921
4,12705,1375,0,0,11,11,1155,2548,125,2673
4,12705,1859,0,0,11,11,1155,1024,845,1869
4,12705,2937,0,0,11,11,1155,1600,801,2401
4,12705,3861,0,0,11,11,1155,980,351,1331
4,12705,3993,0,0,11,11,1155,3136,1089,4225
4,12705,4125,0,0,11,11,1155,448,1125,1573
4,12705,5577,0,0,11,11,1155,704,1521,2225
4,12705,5929,0,0,11,11,1155,676,539,1215
4,12705,8811,0,0,11,11,1155,5324,801,6125
4,12705,9075,0,0,11,11,1155,1372,825,2197
4,12705,10725,0,0,11,11,1155,356,975,1331
4,12726,182,0,0,7,7,1818,24576,169,24745
4,12726,1274,0,0,7,7,1818,8192,1183,9375
4,12726,9558,0,0,9,9,1414,808,1593,2401
4,12728,1944,0,0,8,8,1591,2752,729,3481
4,12730,10,0,0,10,10,1273,1444,1,1445
4,12730,1530,0,0,10,10,1273,1216,459,1675
4,12730,12730,0,0,40,10,1273,4352,1273,5625
4,12744,8,0,0,32,8,1593,7424,1,7425
4,12744,5832,0,0,12,12,1062,392,729,1121
4,12753,12753,0,0,18,9,1417,432,1417,1849
4,12771,9,0,0,18,9,1419,7568,1,7569
4,12775,2835,0,0,7,7,1825,4672,1215,5887
4,12780,12,0,0,12,12,1065,3124,1,3125
4,12780,12,0,0,12,12,1065,5324,1,5325
4,12789,63,0,0,14,7,1827,3472,9,3481
4,12831,5103,0,0,7,7,1833,1468,729,2197
4,12850,10,0,0,10,10,1285,13364,1,13365
4,12852,1332,0,0,12,12,1071,1088,333,1421
4,12852,1350,0,0,9,9,1428,2048,825,2873
4,12852,1638,0,0,9,9,1428,8192,1183,9375
4,12852,2178,0,0,9,9,1428,1352,363,1715
4,12852,2754,0,0,9,9,1428,1400,459,1859
4,12852,3978,0,0,9,9,1428,640,1547,2187
4,12852,3978,0,0,9,9,1428,1568,1105,2673
4,12852,3978,0,0,9,9,1428,6144,2431,8575
4,12852,5346,0,0,9,9,1428,512,2673,3185
4,12852,6318,0,0,9,9,1428,392,1053,1445
4,12852,7290,0,0,9,9,1428,32,2025,2057
4,12852,7650,0,0,9,9,1428,416,2125,2541
4,12852,7938,0,0,9,9,1428,6656,3969,10625
4,12852,9702,0,0,9,9,1428,8,1617,1625
4,12852,9702,0,0,9,9,1428,16000,3773,19773
4,12852,10092,0,0,12,12,1071,972,841,1813
4,12852,10890,0,0,9,9,1428,20384,3025,23409
4,12859,7,0,0,14,7,1837,2672,1,2673
4,12864,112,0,0,8,8,1608,8576,49,8625
4,12900,100,0,0,10,10,1290,1824,25,1849
4,12900,200,0,0,20,10,1290,1824,25,1849
4,12900,12500,0,0,10,10,1290,512,5625,6137
4,12901,63,0,0,7,7,1843,3116,9,3125
4,12901,11767,0,0,7,7,1843,1444,1681,3125
4,12903,99,0,0,11,11,1173,2116,9,2125
4,12915,9,0,0,18,9,1435,1680,1,1681
4,12915,243,0,0,9,9,1435,1600,81,1681
4,12915,2187,0,0,9,9,1435,2624,729,3353
4,12920,8,0,0,8,8,1615,1700,1,1701
4,12920,8,0,0,16,8,1615,3024,1,3025
4,12920,216,0,0,8,8,1615,2500,27,2527
4,12920,1000,0,0,8,8,1615,4788,125,4913
4,12920,1672,0,0,8,8,1615,1088,627,1715
4,12920,1800,0,0,8,8,1615,21952,675,22627
4,12920,2040,0,0,8,8,1615,1024,1275,2299
4,12920,2744,0,0,8,8,1615,4332,343,4675
4,12920,2888,0,0,8,8,1615,1764,361,2125
4,12920,4104,0,0,8,8,1615,3136,1539,4675
4,12920,4312,0,0,8,8,1615,1836,539,2375
4,12920,6664,0,0,8,8,1615,972,833,1805
4,12920,7128,0,0,8,8,1615,2240,2673,4913
4,12920,7752,0,0,8,8,1615,2156,969,3125
4,12920,8360,0,0,8,8,1615,7168,5225,12393
4,12920,10648,0,0,8,8,1615,4500,1331,5831
4,12920,10648,0,0,8,8,1615,9604,1331,10935
4,12920,11000,0,0,8,8,1615,4116,1375,5491
4,12920,11016,0,0,8,8,1615,7744,4131,11875
4,12920,12312,0,0,8,8,1615,484,1539,2023
4,12920,12312,0,0,8,8,1615,1156,1539,2695
4,12922,98,0,0,7,7,1846,4992,49,5041
4,12922,3402,0,0,7,7,1846,4312,729,5041
4,12922,3402,0,0,7,7,1846,27832,729,28561
4,12936,10584,0,0,12,12,1078,8,1323,1331
4,12969,9,0,0,9,9,1441,1572,1,1573
4,12969,2997,0,0,9,9,1441,704,999,1703
4,12987,9,0,0,18,9,1443,4624,1,4625
4,12996,36,0,0,12,12,1083,1216,9,1225
4,12996,324,0,0,12,12,1083,2500,27,2527
4,12996,1500,0,0,12,12,1083,3844,125,3969
4,12996,4116,0,0,12,12,1083,11532,343,11875
4,12996,7068,0,0,12,12,1083,1024,2945,3969
4,13000,1820,0,0,10,10,1300,8192,1183,9375
4,13013,7007,0,0,11,11,1183,64,1911,1975
4,13013,7821,0,0,11,11,1183,64,2133,2197
4,13020,98,0,0,7,7,1860,3200,49,3249
4,13039,13,0,0,13,13,1003,2124,1,2125
4,13040,7824,0,0,8,8,1630,512,4401,4913
4,13064,5832,0,0,8,8,1633,320,2187,2507
4,13068,7986,0,0,11,11,1188,136,1089,1225
4,13068,8910,0,0,11,11,1188,32,2025,2057
4,13068,9702,0,0,11,11,1188,8,1323,1331
4,13077,13077,0,0,9,9,1453,972,1453,2425
4,13080,2184,0,0,12,12,1090,8192,1183,9375
4,13090,810,0,0,10,10,1309,1088,243,1331
4,13090,1050,0,0,7,7,1870,2048,825,2873
4,13090,5670,0,0,7,7,1870,32,2025,2057
4,13090,8330,0,0,10,10,1309,1444,833,2277
4,13090,8330,0,0,10,10,1309,1472,2499,3971
4,13090,8910,0,0,10,10,1309,64,2673,2737
4,13090,11270,0,0,10,10,1309,204,1127,1331
4,13090,11270,0,0,10,10,1309,2052,1127,3179
4,13090,12474,0,0,7,7,1870,200,2673,2873
4,13095,675,0,0,9,9,1455,1984,225,2209
4,13104,432,0,0,8,8,1638,8200,81,8281
4,13104,1456,0,0,8,8,1638,8192,1183,9375
4,13104,2800,0,0,8,8,1638,1312,875,2187
4,13104,2912,0,0,16,8,1638,8192,1183,9375
4,13110,810,0,0,10,10,1311,2116,81,2197
4,13130,650,0,0,13,13,1010,2048,275,2323
4,13145,33,0,0,11,11,1195,1216,9,1225
4,13145,297,0,0,11,11,1195,2500,27,2527
4,13181,7,0,0,7,7,1883,4900,1,4901
4,13195,7,0,0,14,7,1885,4624,1,4625
4,13195,1575,0,0,7,7,1885,1972,225,2197
4,13195,2975,0,0,7,7,1885,1924,425,2349
4,13195,4375,0,0,7,7,1885,3132,625,3757
4,13195,5887,0,0,7,7,1885,2916,841,3757
4,13208,6264,0,0,8,8,1651,64,2349,2413
4,13212,18,0,0,9,9,1468,2560,9,2569
4,13212,36,0,0,18,9,1468,2560,9,2569
4,13212,72,0,0,36,9,1468,2560,9,2569
4,13212,2646,0,0,9,9,1468,512,1323,1835
4,13224,4408,0,0,8,8,1653,1324,551,1875
4,13230,90,0,0,20,10,1323,2800,9,2809
4,13260,324,0,0,12,12,1105,1600,81,1681
4,13260,2106,0,0,13,13,1020,512,729,1241
4,13260,2106,0,0,13,13,1020,2312,243,2555
4,13260,3250,0,0,13,13,1020,4704,625,5329
4,13260,8364,0,0,12,12,1105,1500,697,2197
4,13260,10404,0,0,12,12,1105,64,2601,2665
4,13272,13272,0,0,8,8,1659,9664,4977,14641
4,13277,781,0,0,11,11,1207,1984,213,2197
4,13299,351,0,0,13,13,1023,1600,81,1681
4,13299,1625,0,0,13,13,1023,15004,125,15129
4,13299,12493,0,0,13,13,1023,164,961,1125
4,13300,140,0,0,10,10,1330,3200,49,3249
4,13300,280,0,0,20,10,1330,3200,49,3249
4,13300,980,0,0,10,10,1330,2432,343,2775
4,13332,12,0,0,24,12,1111,1616,1,1617
4,13332,13332,0,0,12,12,1111,212,1111,1323
4,13338,1458,0,0,9,9,1482,2968,243,3211
4,13350,2670,0,0,10,10,1335,1600,801,2401
4,13351,9243,0,0,13,13,1027,64,2133,2197
4,13360,5776,0,0,8,8,1670,32,1805,1837
4,13363,567,0,0,7,7,1909,2116,81,2197
4,13400,5832,0,0,8,8,1675,7396,729,8125
4,13416,648,0,0,8,8,1677,2116,81,2197
4,13416,7800,0,0,12,12,1118,224,1625,1849
4,13426,1750,0,0,7,7,1918,18144,625,18769
4,13440,8712,0,0,12,12,1120,136,1089,1225
4,13440,9720,0,0,12,12,1120,32,2025,2057
4,13440,10584,0,0,12,12,1120,8,1323,1331
4,13450,6250,0,0,10,10,1345,1796,625,2421
4,13455,117,0,0,13,13,1035,2116,9,2125
4,13455,729,0,0,9,9,1495,2116,81,2197
4,13461,7,0,0,14,7,1923,3024,1,3025
4,13461,9317,0,0,7,7,1923,9604,1331,10935
4,13464,66,0,0,11,11,1224,4904,9,4913
4,13464,1496,0,0,16,8,1683,2000,187,2187
4,13482,1458,0,0,9,9,1498,5000,243,5243
4,13500,972,0,0,12,12,1125,1472,243,1715
4,13510,5390,0,0,10,10,1351,64,1617,1681
4,13527,1503,0,0,9,9,1503,1548,167,1715
4,13530,198,0,0,11,11,1230,13448,27,13475
4,13530,270,0,0,10,10,1353,1600,81,1681
4,13530,2750,0,0,11,11,1230,1056,625,1681
4,13530,3850,0,0,11,11,1230,128,1225,1353
4,13530,3850,0,0,11,11,1230,1312,875,2187
4,13530,5346,0,0,11,11,1230,2296,729,3025
4,13530,9702,0,0,11,11,1230,8,1323,1331
4,13545,5103,0,0,7,7,1935,7396,729,8125
4,13559,13,0,0,13,13,1043,3724,1,3725
4,13560,6860,0,0,10,10,1356,10368,2401,12769
4,13563,11,0,0,11,11,1233,7124,1,7125
4,13563,11,0,0,22,11,1233,1520,1,1521
4,13566,8750,0,0,7,7,1938,512,5625,6137
4,13566,9450,0,0,7,7,1938,2888,2025,4913
4,13630,10,0,0,10,10,1363,4900,1,4901
4,13630,10,0,0,20,10,1363,5264,1,5265
4,13630,2030,0,0,10,10,1363,1600,609,2209
4,13630,4230,0,0,10,10,1363,1856,1269,3125
4,13630,7290,0,0,10,10,1363,23660,729,24389
4,13630,12250,0,0,10,10,1363,972,1225,2197
4,13635,243,0,0,9,9,1515,1600,81,1681
4,13640,4552,0,0,8,8,1705,2500,569,3069
4,13650,12250,0,0,10,10,1365,972,1225,2197
4,13662,3726,0,0,9,9,1518,512,1863,2375
4,13664,112,0,0,8,8,1708,3200,49,3249
4,13664,224,0,0,16,8,1708,3200,49,3249
4,13671,63,0,0,7,7,1953,2116,9,2125
4,13671,875,0,0,7,7,1953,3844,125,3969
4,13671,2835,0,0,7,7,1953,4508,405,4913
4,13671,3703,0,0,7,7,1953,19652,529,20181
4,13671,4991,0,0,7,7,1953,2500,713,3213
4,13671,5103,0,0,7,7,1953,448,2187,2635
4,13671,5859,0,0,7,7,1953,1564,837,2401
4,13671,11109,0,0,7,7,1953,1024,7935,8959
4,13680,10800,0,0,8,8,1710,8,2025,2033
4,13689,3159,0,0,13,13,1053,2500,243,2743
4,13695,913,0,0,11,11,1245,1600,249,1849
4,13741,4375,0,0,7,7,1963,1572,625,2197
4,13760,2800,0,0,8,8,1720,1312,875,2187
4,13760,3280,0,0,8,8,1720,1376,1025,2401
4,13760,5904,0,0,8,8,1720,1000,1107,2107
4,13780,7500,0,0,10,10,1378,512,3375,3887
4,13797,2025,0,0,9,9,1533,1024,1125,2149
4,13806,6318,0,0,13,13,1062,392,729,1121
4,13830,6250,0,0,10,10,1383,1024,3125,4149
4,13832,4616,0,0,8,8,1729,4116,577,4693
4,13836,12,0,0,24,12,1153,3024,1,3025
4,13836,5292,0,0,12,12,1153,5324,441,5765
4,13836,13836,0,0,48,12,1153,2816,1153,3969
4,13845,13,0,0,13,13,1065,3124,1,3125
4,13845,13,0,0,13,13,1065,5324,1,5325
4,13860,12,0,0,12,12,1155,4004,1,4005
4,13860,12,0,0,24,12,1155,3024,1,3025
4,13860,12,0,0,24,12,1155,7920,1,7921
4,13860,1500,0,0,12,12,1155,2548,125,2673
4,13860,2028,0,0,12,12,1155,1024,845,1869
4,13860,3204,0,0,12,12,1155,1600,801,2401
4,13860,4212,0,0,12,12,1155,980,351,1331
4,13860,4356,0,0,12,12,1155,3136,1089,4225
4,13860,4500,0,0,12,12,1155,448,1125,1573
4,13860,6084,0,0,12,12,1155,704,1521,2225
4,13860,6468,0,0,12,12,1155,676,539,1215
4,13860,8750,0,0,7,7,1980,7776,3125,10901
4,13860,9612,0,0,12,12,1155,5324,801,6125
4,13860,9900,0,0,12,12,1155,1372,825,2197
4,13860,11700,0,0,12,12,1155,356,975,1331
4,13870,7290,0,0,10,10,1387,4672,2187,6859
4,13905,9,0,0,9,9,1545,1700,1,1701
4,13905,9,0,0,18,9,1545,10608,1,10609
4,13905,243,0,0,9,9,1545,2548,27,2575
4,13905,441,0,0,9,9,1545,3708,49,3757
4,13905,3087,0,0,9,9,1545,16384,2401,18785
4,13905,4095,0,0,9,9,1545,17408,2275,19683
4,13905,5625,0,0,9,9,1545,8748,625,9373
4,13905,6489,0,0,9,9,1545,1404,721,2125
4,13905,11025,0,0,9,9,1545,972,1225,2197
4,13920,432,0,0,8,8,1740,15544,81,15625
4,13920,11600,0,0,8,8,1740,864,3625,4489
4,13923,847,0,0,7,7,1989,19652,121,19773
4,13923,1443,0,0,13,13,1071,1088,333,1421
4,13923,10933,0,0,13,13,1071,972,841,1813
4,13930,1250,0,0,10,10,1393,3844,125,3969
4,13930,10290,0,0,10,10,1393,1024,5145,6169
4,13950,11250,0,0,10,10,1395,15004,1125,16129
4,13951,189,0,0,7,7,1993,2500,27,2527
4,13951,2527,0,0,7,7,1993,9604,361,9965
4,13965,189,0,0,7,7,1995,2500,27,2527
4,14000,2000,0,0,8,8,1750,4704,625,5329
4,14000,4000,0,0,16,8,1750,4704,625,5329
4,14003,11,0,0,11,11,1273,1444,1,1445
4,14003,1683,0,0,11,11,1273,1216,459,1675
4,14003,14003,0,0,44,11,1273,4352,1273,5625
4,14014,11466,0,0,13,13,1078,8,1323,1331
4,14040,9464,0,0,8,8,1755,1004,1183,2187
4,14040,9800,0,0,8,8,1755,972,1225,2197
4,14042,14,0,0,14,14,1003,2124,1,2125
4,14076,108,0,0,12,12,1173,2116,9,2125
4,14079,39,0,0,13,13,1083,1216,9,1225
4,14079,351,0,0,13,13,1083,2500,27,2527
4,14079,1625,0,0,13,13,1083,3844,125,3969
4,14079,4459,0,0,13,13,1083,11532,343,11875
4,14079,7657,0,0,13,13,1083,1024,2945,3969
4,14080,60,0,0,10,10,1408,2200,9,2209
4,14080,540,0,0,10,10,1408,5632,243,5875
4,14100,500,0,0,10,10,1410,11296,125,11421
4,14120,6200,0,0,8,8,1765,1412,775,2187
4,14135,11,0,0,11,11,1285,13364,1,13365
4,14136,4712,0,0,8,8,1767,3132,589,3721
4,14140,700,0,0,14,14,1010,2048,275,2323
4,14140,10620,0,0,10,10,1414,808,1593,2401
4,14144,432,0,0,8,8,1768,3400,81,3481
4,14157,9,0,0,18,9,1573,3024,1,3025
4,14157,1125,0,0,9,9,1573,2548,125,2673
4,14157,3267,0,0,9,9,1573,3136,1089,4225
4,14157,7425,0,0,9,9,1573,1372,825,2197
4,14157,11025,0,0,9,9,1573,972,1225,2197
4,14157,11979,0,0,9,9,1573,9604,1331,10935
4,14168,11032,0,0,8,8,1771,484,1379,1863
4,14170,2366,0,0,13,13,1090,8192,1183,9375
4,14170,14170,0,0,20,10,1417,432,1417,1849
4,14175,243,0,0,9,9,1575,2500,27,2527
4,14175,5229,0,0,9,9,1575,1444,581,2025
4,14190,10,0,0,20,10,1419,7568,1,7569
4,14190,110,0,0,11,11,1290,1824,25,1849
4,14190,220,0,0,22,11,1290,1824,25,1849
4,14190,13750,0,0,11,11,1290,512,5625,6137
4,14196,7644,0,0,12,12,1183,64,1911,1975
4,14196,8532,0,0,12,12,1183,64,2133,2197
4,14238,6174,0,0,9,9,1582,10368,2401,12769
4,14256,8712,0,0,12,12,1188,136,1089,1225
4,14256,9720,0,0,12,12,1188,32,2025,2057
4,14256,10584,0,0,12,12,1188,8,1323,1331
4,14264,14264,0,0,16,8,1783,240,1783,2023
4,14280,72,0,0,8,8,1785,12500,9,12509
4,14280,1500,0,0,10,10,1428,2048,825,2873
4,14280,1820,0,0,10,10,1428,8192,1183,9375
4,14280,2268,0,0,14,14,1020,512,729,1241
4,14280,2268,0,0,14,14,1020,2312,243,2555
4,14280,2420,0,0,10,10,1428,1352,363,1715
4,14280,3060,0,0,10,10,1428,1400,459,1859
4,14280,3500,0,0,14,14,1020,4704,625,5329
4,14280,4420,0,0,10,10,1428,640,1547,2187
4,14280,4420,0,0,10,10,1428,1568,1105,2673
4,14280,4420,0,0,10,10,1428,6144,2431,8575
4,14280,5940,0,0,10,10,1428,512,2673,3185
4,14280,7020,0,0,10,10,1428,392,1053,1445
4,14280,8100,0,0,10,10,1428,32,2025,2057
4,14280,8500,0,0,10,10,1428,416,2125,2541
4,14280,8820,0,0,10,10,1428,6656,3969,10625
4,14280,10780,0,0,10,10,1428,8,1617,1625
4,14280,10780,0,0,10,10,1428,16000,3773,19773
4,14280,12100,0,0,10,10,1428,20384,3025,23409
4,14300,2002,0,0,11,11,1300,8192,1183,9375
4,14319,2187,0,0,9,9,1591,2752,729,3481
4,14322,378,0,0,14,14,1023,1600,81,1681
4,14322,1750,0,0,14,14,1023,15004,125,15129
4,14322,13454,0,0,14,14,1023,164,961,1125
4,14336,48,0,0,8,8,1792,2392,9,2401
4,14337,9,0,0,36,9,1593,7424,1,7425
4,14340,36,0,0,12,12,1195,1216,9,1225
4,14340,324,0,0,12,12,1195,2500,27,2527
4,14350,10,0,0,20,10,1435,1680,1,1681
4,14350,270,0,0,10,10,1435,1600,81,1681
4,14350,2430,0,0,10,10,1435,2624,729,3353
4,14360,5832,0,0,8,8,1795,2396,729,3125
4,14365,351,0,0,13,13,1105,1600,81,1681
4,14365,9061,0,0,13,13,1105,1500,697,2197
4,14365,11271,0,0,13,13,1105,64,2601,2665
4,14378,9954,0,0,14,14,1027,64,2133,2197
4,14399,891,0,0,11,11,1309,1088,243,1331
4,14399,9163,0,0,11,11,1309,1444,833,2277
4,14399,9163,0,0,11,11,1309,1472,2499,3971
4,14399,9801,0,0,11,11,1309,64,2673,2737
4,14399,12397,0,0,11,11,1309,204,1127,1331
4,14399,12397,0,0,11,11,1309,2052,1127,3179
4,14410,10,0,0,10,10,1441,1572,1,1573
4,14410,3330,0,0,10,10,1441,704,999,1703
4,14421,891,0,0,11,11,1311,2116,81,2197
4,14430,10,0,0,20,10,1443,4624,1,4625
4,14432,1008,0,0,8,8,1804,1408,441,1849
4,14443,13,0,0,26,13,1111,1616,1,1617
4,14443,14443,0,0,13,13,1111,212,1111,1323
4,14448,5488,0,0,8,8,1806,10368,2401,12769
4,14472,126,0,0,9,9,1608,8576,49,8625
4,14484,852,0,0,12,12,1207,1984,213,2197
4,14490,126,0,0,14,14,1035,2116,9,2125
4,14504,8,0,0,16,8,1813,3024,1,3025
4,14504,392,0,0,16,8,1813,6512,49,6561
4,14504,10648,0,0,8,8,1813,9604,1331,10935
4,14530,14530,0,0,10,10,1453,972,1453,2425
4,14534,8450,0,0,13,13,1118,224,1625,1849
4,14535,9,0,0,9,9,1615,1700,1,1701
4,14535,9,0,0,18,9,1615,3024,1,3025
4,14535,243,0,0,9,9,1615,2500,27,2527
4,14535,1125,0,0,9,9,1615,4788,125,4913
4,14535,1881,0,0,9,9,1615,1088,627,1715
4,14535,2025,0,0,9,9,1615,21952,675,22627
4,14535,2295,0,0,9,9,1615,1024,1275,2299
4,14535,3087,0,0,9,9,1615,4332,343,4675
4,14535,3249,0,0,9,9,1615,1764,361,2125
4,14535,4617,0,0,9,9,1615,3136,1539,4675
4,14535,4851,0,0,9,9,1615,1836,539,2375
4,14535,7497,0,0,9,9,1615,972,833,1805
4,14535,8019,0,0,9,9,1615,2240,2673,4913
4,14535,8721,0,0,9,9,1615,2156,969,3125
4,14535,9405,0,0,9,9,1615,7168,5225,12393
4,14535,11979,0,0,9,9,1615,4500,1331,5831
4,14535,11979,0,0,9,9,1615,9604,1331,10935
4,14535,12375,0,0,9,9,1615,4116,1375,5491
4,14535,12393,0,0,9,9,1615,7744,4131,11875
4,14535,13851,0,0,9,9,1615,484,1539,2023
4,14535,13851,0,0,9,9,1615,1156,1539,2695
4,14544,208,0,0,8,8,1818,24576,169,24745
4,14544,1456,0,0,8,8,1818,8192,1183,9375
4,14550,750,0,0,10,10,1455,1984,225,2209
4,14553,99,0,0,22,11,1323,2800,9,2809
4,14560,9438,0,0,13,13,1120,136,1089,1225
4,14560,10530,0,0,13,13,1120,32,2025,2057
4,14560,11466,0,0,13,13,1120,8,1323,1331
4,14600,3240,0,0,8,8,1825,4672,1215,5887
4,14602,14,0,0,14,14,1043,3724,1,3725
4,14616,72,0,0,16,8,1827,3472,9,3481
4,14625,1053,0,0,13,13,1125,1472,243,1715
4,14630,154,0,0,11,11,1330,3200,49,3249
4,14630,308,0,0,22,11,1330,3200,49,3249
4,14630,1078,0,0,11,11,1330,2432,343,2775
4,14664,5832,0,0,8,8,1833,1468,729,2197
4,14670,8802,0,0,9,9,1630,512,4401,4913
4,14680,20,0,0,10,10,1468,2560,9,2569
4,14680,40,0,0,20,10,1468,2560,9,2569
4,14680,80,0,0,40,10,1468,2560,9,2569
4,14680,2940,0,0,10,10,1468,512,1323,1835
4,14685,2937,0,0,11,11,1335,1600,801,2401
4,14688,72,0,0,12,12,1224,4904,9,4913
4,14696,8,0,0,16,8,1837,2672,1,2673
4,14697,6561,0,0,9,9,1633,320,2187,2507
4,14742,486,0,0,9,9,1638,8200,81,8281
4,14742,1638,0,0,9,9,1638,8192,1183,9375
4,14742,3150,0,0,9,9,1638,1312,875,2187
4,14742,3276,0,0,18,9,1638,8192,1183,9375
4,14742,3402,0,0,14,14,1053,2500,243,2743
4,14744,72,0,0,8,8,1843,3116,9,3125
4,14744,13448,0,0,8,8,1843,1444,1681,3125
4,14760,216,0,0,12,12,1230,13448,27,13475
4,14760,3000,0,0,12,12,1230,1056,625,1681
4,14760,4200,0,0,12,12,1230,128,1225,1353
4,14760,4200,0,0,12,12,1230,1312,875,2187
4,14760,5832,0,0,12,12,1230,2296,729,3025
4,14760,10584,0,0,12,12,1230,8,1323,1331
4,14768,112,0,0,8,8,1846,4992,49,5041
4,14768,3888,0,0,8,8,1846,4312,729,5041
4,14768,3888,0,0,8,8,1846,27832,729,28561
4,14795,6875,0,0,11,11,1345,1796,625,2421
4,14796,12,0,0,12,12,1233,7124,1,7125
4,14796,12,0,0,24,12,1233,1520,1,1521
4,14820,1620,0,0,10,10,1482,2968,243,3211
4,14859,7047,0,0,9,9,1651,64,2349,2413
4,14861,5929,0,0,11,11,1351,64,1617,1681
4,14868,6804,0,0,14,14,1062,392,729,1121
4,14877,4959,0,0,9,9,1653,1324,551,1875
4,14880,112,0,0,8,8,1860,3200,49,3249
4,14883,297,0,0,11,11,1353,1600,81,1681
4,14910,14,0,0,14,14,1065,3124,1,3125
4,14910,14,0,0,14,14,1065,5324,1,5325
4,14916,7546,0,0,11,11,1356,10368,2401,12769
4,14931,14931,0,0,9,9,1659,9664,4977,14641
4,14940,996,0,0,12,12,1245,1600,249,1849
4,14950,810,0,0,10,10,1495,2116,81,2197
4,14960,1200,0,0,8,8,1870,2048,825,2873
4,14960,6480,0,0,8,8,1870,32,2025,2057
4,14960,14256,0,0,8,8,1870,200,2673,2873
4,14980,1620,0,0,10,10,1498,5000,243,5243
4,14989,13,0,0,26,13,1153,3024,1,3025
4,14989,5733,0,0,13,13,1153,5324,441,5765
4,14989,14989,0,0,52,13,1153,2816,1153,3969
4,14993,11,0,0,11,11,1363,4900,1,4901
4,14993,11,0,0,22,11,1363,5264,1,5265
4,14993,2233,0,0,11,11,1363,1600,609,2209
4,14993,4653,0,0,11,11,1363,1856,1269,3125
4,14993,8019,0,0,11,11,1363,23660,729,24389
4,14993,13475,0,0,11,11,1363,972,1225,2197
4,14994,1554,0,0,14,14,1071,1088,333,1421
4,14994,11774,0,0,14,14,1071,972,841,1813
4,15015,13,0,0,13,13,1155,4004,1,4005
4,15015,13,0,0,26,13,1155,3024,1,3025
4,15015,13,0,0,26,13,1155,7920,1,7921
4,15015,1625,0,0,13,13,1155,2548,125,2673
4,15015,2197,0,0,13,13,1155,1024,845,1869
4,15015,3471,0,0,13,13,1155,1600,801,2401
4,15015,4563,0,0,13,13,1155,980,351,1331
4,15015,4719,0,0,13,13,1155,3136,1089,4225
4,15015,4875,0,0,13,13,1155,448,1125,1573
4,15015,6591,0,0,13,13,1155,704,1521,2225
4,15015,7007,0,0,13,13,1155,676,539,1215
4,15015,10413,0,0,13,13,1155,5324,801,6125
4,15015,10725,0,0,13,13,1155,1372,825,2197
4,15015,12675,0,0,13,13,1155,356,975,1331
4,15015,13475,0,0,11,11,1365,972,1225,2197
4,15030,1670,0,0,10,10,1503,1548,167,1715
4,15030,6498,0,0,9,9,1670,32,1805,1837
4,15045,15,0,0,15,15,1003,2124,1,2125
4,15064,8,0,0,8,8,1883,4900,1,4901
4,15075,6561,0,0,9,9,1675,7396,729,8125
4,15080,8,0,0,16,8,1885,4624,1,4625
4,15080,1800,0,0,8,8,1885,1972,225,2197
4,15080,3400,0,0,8,8,1885,1924,425,2349
4,15080,5000,0,0,8,8,1885,3132,625,3757
4,15080,6728,0,0,8,8,1885,2916,841,3757
4,15092,12348,0,0,14,14,1078,8,1323,1331
4,15093,729,0,0,9,9,1677,2116,81,2197
4,15147,1683,0,0,18,9,1683,2000,187,2187
4,15150,270,0,0,10,10,1515,1600,81,1681
4,15150,750,0,0,15,15,1010,2048,275,2323
4,15158,8250,0,0,11,11,1378,512,3375,3887
4,15162,42,0,0,14,14,1083,1216,9,1225
4,15162,378,0,0,14,14,1083,2500,27,2527
4,15162,1750,0,0,14,14,1083,3844,125,3969
4,15162,4802,0,0,14,14,1083,11532,343,11875
4,15162,8246,0,0,14,14,1083,1024,2945,3969
4,15180,4140,0,0,10,10,1518,512,1863,2375
4,15213,6875,0,0,11,11,1383,1024,3125,4149
4,15249,117,0,0,13,13,1173,2116,9,2125
4,15257,8019,0,0,11,11,1387,4672,2187,6859
4,15260,2548,0,0,14,14,1090,8192,1183,9375
4,15272,648,0,0,8,8,1909,2116,81,2197
4,15276,12,0,0,12,12,1273,1444,1,1445
4,15276,1836,0,0,12,12,1273,1216,459,1675
4,15276,15276,0,0,48,12,1273,4352,1273,5625
4,15300,2430,0,0,15,15,1020,512,729,1241
4,15300,2430,0,0,15,15,1020,2312,243,2555
4,15300,3750,0,0,15,15,1020,4704,625,5329
4,15323,1375,0,0,11,11,1393,3844,125,3969
4,15323,11319,0,0,11,11,1393,1024,5145,6169
4,15330,2250,0,0,10,10,1533,1024,1125,2149
4,15344,2000,0,0,8,8,1918,18144,625,18769
4,15345,405,0,0,15,15,1023,1600,81,1681
4,15345,1875,0,0,15,15,1023,15004,125,15129
4,15345,5121,0,0,9,9,1705,2500,569,3069
4,15345,12375,0,0,11,11,1395,15004,1125,16129
4,15345,14415,0,0,15,15,1023,164,961,1125
4,15372,126,0,0,9,9,1708,3200,49,3249
4,15372,252,0,0,18,9,1708,3200,49,3249
4,15379,8281,0,0,13,13,1183,64,1911,1975
4,15379,9243,0,0,13,13,1183,64,2133,2197
4,15384,8,0,0,16,8,1923,3024,1,3025
4,15384,10648,0,0,8,8,1923,9604,1331,10935
4,15390,12150,0,0,9,9,1710,8,2025,2033
4,15405,10665,0,0,15,15,1027,64,2133,2197
4,15420,12,0,0,12,12,1285,13364,1,13365
4,15444,9438,0,0,13,13,1188,136,1089,1225
4,15444,10530,0,0,13,13,1188,32,2025,2057
4,15444,11466,0,0,13,13,1188,8,1323,1331
4,15450,10,0,0,10,10,1545,1700,1,1701
4,15450,10,0,0,20,10,1545,10608,1,10609
4,15450,270,0,0,10,10,1545,2548,27,2575
4,15450,490,0,0,10,10,1545,3708,49,3757
4,15450,3430,0,0,10,10,1545,16384,2401,18785
4,15450,4550,0,0,10,10,1545,17408,2275,19683
4,15450,6250,0,0,10,10,1545,8748,625,9373
4,15450,7210,0,0,10,10,1545,1404,721,2125
4,15450,12250,0,0,10,10,1545,972,1225,2197
4,15470,378,0,0,14,14,1105,1600,81,1681
4,15470,9758,0,0,14,14,1105,1500,697,2197
4,15470,12138,0,0,14,14,1105,64,2601,2665
4,15480,120,0,0,12,12,1290,1824,25,1849
4,15480,240,0,0,24,12,1290,1824,25,1849
4,15480,3150,0,0,9,9,1720,1312,875,2187
4,15480,3690,0,0,9,9,1720,1376,1025,2401
4,15480,5832,0,0,8,8,1935,7396,729,8125
4,15480,6642,0,0,9,9,1720,1000,1107,2107
4,15480,15000,0,0,12,12,1290,512,5625,6137
4,15488,66,0,0,11,11,1408,2200,9,2209
4,15488,594,0,0,11,11,1408,5632,243,5875
4,15504,10000,0,0,8,8,1938,512,5625,6137
4,15504,10800,0,0,8,8,1938,2888,2025,4913
4,15510,550,0,0,11,11,1410,11296,125,11421
4,15525,135,0,0,15,15,1035,2116,9,2125
4,15535,39,0,0,13,13,1195,1216,9,1225
4,15535,351,0,0,13,13,1195,2500,27,2527
4,15554,14,0,0,28,14,1111,1616,1,1617
4,15554,11682,0,0,11,11,1414,808,1593,2401
4,15554,15554,0,0,14,14,1111,212,1111,1323
4,15561,5193,0,0,9,9,1729,4116,577,4693
4,15587,15587,0,0,22,11,1417,432,1417,1849
4,15600,2184,0,0,12,12,1300,8192,1183,9375
4,15609,11,0,0,22,11,1419,7568,1,7569
4,15624,72,0,0,8,8,1953,2116,9,2125
4,15624,1000,0,0,8,8,1953,3844,125,3969
4,15624,3240,0,0,8,8,1953,4508,405,4913
4,15624,4232,0,0,8,8,1953,19652,529,20181
4,15624,5704,0,0,8,8,1953,2500,713,3213
4,15624,5832,0,0,8,8,1953,448,2187,2635
4,15624,6696,0,0,8,8,1953,1564,837,2401
4,15624,12696,0,0,8,8,1953,1024,7935,8959
4,15645,15,0,0,15,15,1043,3724,1,3725
4,15652,9100,0,0,14,14,1118,224,1625,1849
4,15660,486,0,0,9,9,1740,15544,81,15625
4,15660,13050,0,0,9,9,1740,864,3625,4489
4,15680,10164,0,0,14,14,1120,136,1089,1225
4,15680,11340,0,0,14,14,1120,32,2025,2057
4,15680,12348,0,0,14,14,1120,8,1323,1331
4,15691,923,0,0,13,13,1207,1984,213,2197
4,15704,5000,0,0,8,8,1963,1572,625,2197
4,15708,972,0,0,12,12,1309,1088,243,1331
4,15708,1650,0,0,11,11,1428,2048,825,2873
4,15708,2002,0,0,11,11,1428,8192,1183,9375
4,15708,2662,0,0,11,11,1428,1352,363,1715
4,15708,3366,0,0,11,11,1428,1400,459,1859
4,15708,4862,0,0,11,11,1428,640,1547,2187
4,15708,4862,0,0,11,11,1428,1568,1105,2673
4,15708,4862,0,0,11,11,1428,6144,2431,8575
4,15708,6534,0,0,11,11,1428,512,2673,3185
4,15708,7722,0,0,11,11,1428,392,1053,1445
4,15708,8910,0,0,11,11,1428,32,2025,2057
4,15708,9350,0,0,11,11,1428,416,2125,2541
4,15708,9702,0,0,11,11,1428,6656,3969,10625
4,15708,9996,0,0,12,12,1309,1444,833,2277
4,15708,9996,0,0,12,12,1309,1472,2499,3971
4,15708,10692,0,0,12,12,1309,64,2673,2737
4,15708,11858,0,0,11,11,1428,8,1617,1625
4,15708,11858,0,0,11,11,1428,16000,3773,19773
4,15708,13310,0,0,11,11,1428,20384,3025,23409
4,15708,13524,0,0,12,12,1309,204,1127,1331
4,15708,13524,0,0,12,12,1309,2052,1127,3179
4,15730,10,0,0,20,10,1573,3024,1,3025
4,15730,1250,0,0,10,10,1573,2548,125,2673
4,15730,3630,0,0,10,10,1573,3136,1089,4225
4,15730,8250,0,0,10,10,1573,1372,825,2197
4,15730,12250,0,0,10,10,1573,972,1225,2197
4,15730,13310,0,0,10,10,1573,9604,1331,10935
4,15732,972,0,0,12,12,1311,2116,81,2197
4,15750,270,0,0,10,10,1575,2500,27,2527
4,15750,1134,0,0,14,14,1125,1472,243,1715
4,15750,2250,0,0,9,9,1750,4704,625,5329
4,15750,4500,0,0,18,9,1750,4704,625,5329
4,15750,5810,0,0,10,10,1575,1444,581,2025
4,15785,11,0,0,22,11,1435,1680,1,1681
4,15785,297,0,0,11,11,1435,1600,81,1681
4,15785,2673,0,0,11,11,1435,2624,729,3353
4,15795,3645,0,0,15,15,1053,2500,243,2743
4,15795,10647,0,0,9,9,1755,1004,1183,2187
4,15795,11025,0,0,9,9,1755,972,1225,2197
4,15820,6860,0,0,10,10,1582,10368,2401,12769
4,15840,10000,0,0,8,8,1980,7776,3125,10901
4,15851,11,0,0,11,11,1441,1572,1,1573
4,15851,3663,0,0,11,11,1441,704,999,1703
4,15873,11,0,0,22,11,1443,4624,1,4625
4,15876,108,0,0,24,12,1323,2800,9,2809
4,15885,6975,0,0,9,9,1765,1412,775,2187
4,15903,5301,0,0,9,9,1767,3132,589,3721
4,15910,2430,0,0,10,10,1591,2752,729,3481
4,15912,78,0,0,13,13,1224,4904,9,4913
4,15912,486,0,0,9,9,1768,3400,81,3481
4,15912,968,0,0,8,8,1989,19652,121,19773
4,15930,10,0,0,40,10,1593,7424,1,7425
4,15930,7290,0,0,15,15,1062,392,729,1121
4,15939,12411,0,0,9,9,1771,484,1379,1863
4,15944,216,0,0,8,8,1993,2500,27,2527
4,15944,2888,0,0,8,8,1993,9604,361,9965
4,15960,168,0,0,12,12,1330,3200,49,3249
4,15960,216,0,0,8,8,1995,2500,27,2527
4,15960,336,0,0,24,12,1330,3200,49,3249
4,15960,1176,0,0,12,12,1330,2432,343,2775
4,15975,15,0,0,15,15,1065,3124,1,3125
4,15975,15,0,0,15,15,1065,5324,1,5325
4,15983,15983,0,0,11,11,1453,972,1453,2425
4,15990,234,0,0,13,13,1230,13448,27,13475
4,15990,3250,0,0,13,13,1230,1056,625,1681
4,15990,4550,0,0,13,13,1230,128,1225,1353
4,15990,4550,0,0,13,13,1230,1312,875,2187
4,15990,6318,0,0,13,13,1230,2296,729,3025
4,15990,11466,0,0,13,13,1230,8,1323,1331
4,16005,825,0,0,11,11,1455,1984,225,2209
4,16020,3204,0,0,12,12,1335,1600,801,2401
4,16029,13,0,0,13,13,1233,7124,1,7125
4,16029,13,0,0,26,13,1233,1520,1,1521
4,16047,16047,0,0,18,9,1783,240,1783,2023
4,16048,16,0,0,16,16,1003,2124,1,2125
4,16065,81,0,0,9,9,1785,12500,9,12509
4,16065,1665,0,0,15,15,1071,1088,333,1421
4,16065,12615,0,0,15,15,1071,972,841,1813
4,16080,140,0,0,10,10,1608,8576,49,8625
4,16128,54,0,0,9,9,1792,2392,9,2401
4,16140,7500,0,0,12,12,1345,1796,625,2421
4,16142,14,0,0,28,14,1153,3024,1,3025
4,16142,6174,0,0,14,14,1153,5324,441,5765
4,16142,16142,0,0,56,14,1153,2816,1153,3969
4,16148,22,0,0,11,11,1468,2560,9,2569
4,16148,44,0,0,22,11,1468,2560,9,2569
4,16148,88,0,0,44,11,1468,2560,9,2569
4,16148,3234,0,0,11,11,1468,512,1323,1835
4,16150,10,0,0,10,10,1615,1700,1,1701
4,16150,10,0,0,20,10,1615,3024,1,3025
4,16150,270,0,0,10,10,1615,2500,27,2527
4,16150,1250,0,0,10,10,1615,4788,125,4913
4,16150,2090,0,0,10,10,1615,1088,627,1715
4,16150,2250,0,0,10,10,1615,21952,675,22627
4,16150,2550,0,0,10,10,1615,1024,1275,2299
4,16150,3430,0,0,10,10,1615,4332,343,4675
4,16150,3610,0,0,10,10,1615,1764,361,2125
4,16150,5130,0,0,10,10,1615,3136,1539,4675
4,16150,5390,0,0,10,10,1615,1836,539,2375
4,16150,8330,0,0,10,10,1615,972,833,1805
4,16150,8910,0,0,10,10,1615,2240,2673,4913
4,16150,9690,0,0,10,10,1615,2156,969,3125
4,16150,10450,0,0,10,10,1615,7168,5225,12393
4,16150,13310,0,0,10,10,1615,4500,1331,5831
4,16150,13310,0,0,10,10,1615,9604,1331,10935
4,16150,13750,0,0,10,10,1615,4116,1375,5491
4,16150,13770,0,0,10,10,1615,7744,4131,11875
4,16150,15390,0,0,10,10,1615,484,1539,2023
4,16150,15390,0,0,10,10,1615,1156,1539,2695
4,16155,6561,0,0,9,9,1795,2396,729,3125
4,16160,800,0,0,16,16,1010,2048,275,2323
4,16170,14,0,0,14,14,1155,4004,1,4005
4,16170,14,0,0,28,14,1155,3024,1,3025
4,16170,14,0,0,28,14,1155,7920,1,7921
4,16170,1750,0,0,14,14,1155,2548,125,2673
4,16170,2366,0,0,14,14,1155,1024,845,1869
4,16170,3738,0,0,14,14,1155,1600,801,2401
4,16170,4914,0,0,14,14,1155,980,351,1331
4,16170,5082,0,0,14,14,1155,3136,1089,4225
4,16170,5250,0,0,14,14,1155,448,1125,1573
4,16170,7098,0,0,14,14,1155,704,1521,2225
4,16170,7546,0,0,14,14,1155,676,539,1215
4,16170,11214,0,0,14,14,1155,5324,801,6125
4,16170,11550,0,0,14,14,1155,1372,825,2197
4,16170,13230,0,0,15,15,1078,8,1323,1331
4,16170,13650,0,0,14,14,1155,356,975,1331
4,16185,1079,0,0,13,13,1245,1600,249,1849
4,16212,6468,0,0,12,12,1351,64,1617,1681
4,16236,324,0,0,12,12,1353,1600,81,1681
4,16236,1134,0,0,9,9,1804,1408,441,1849
4,16245,45,0,0,15,15,1083,1216,9,1225
4,16245,405,0,0,15,15,1083,2500,27,2527
4,16245,1875,0,0,15,15,1083,3844,125,3969
4,16245,5145,0,0,15,15,1083,11532,343,11875
4,16245,8835,0,0,15,15,1083,1024,2945,3969
4,16254,6174,0,0,9,9,1806,10368,2401,12769
4,16272,8232,0,0,12,12,1356,10368,2401,12769
4,16300,9780,0,0,10,10,1630,512,4401,4913
4,16302,1782,0,0,11,11,1482,2968,243,3211
4,16317,9,0,0,18,9,1813,3024,1,3025
4,16317,441,0,0,18,9,1813,6512,49,6561
4,16317,11979,0,0,9,9,1813,9604,1331,10935
4,16320,2592,0,0,16,16,1020,512,729,1241
4,16320,2592,0,0,16,16,1020,2312,243,2555
4,16320,4000,0,0,16,16,1020,4704,625,5329
4,16330,7290,0,0,10,10,1633,320,2187,2507
4,16350,2730,0,0,15,15,1090,8192,1183,9375
4,16356,12,0,0,12,12,1363,4900,1,4901
4,16356,12,0,0,24,12,1363,5264,1,5265
4,16356,2436,0,0,12,12,1363,1600,609,2209
4,16356,5076,0,0,12,12,1363,1856,1269,3125
4,16356,8748,0,0,12,12,1363,23660,729,24389
4,16356,14700,0,0,12,12,1363,972,1225,2197
4,16362,234,0,0,9,9,1818,24576,169,24745
4,16362,1638,0,0,9,9,1818,8192,1183,9375
4,16368,432,0,0,16,16,1023,1600,81,1681
4,16368,2000,0,0,16,16,1023,15004,125,15129
4,16368,15376,0,0,16,16,1023,164,961,1125
4,16380,540,0,0,10,10,1638,8200,81,8281
4,16380,1820,0,0,10,10,1638,8192,1183,9375
4,16380,3500,0,0,10,10,1638,1312,875,2187
4,16380,3640,0,0,20,10,1638,8192,1183,9375
4,16380,14700,0,0,12,12,1365,972,1225,2197
4,16422,126,0,0,14,14,1173,2116,9,2125
4,16425,3645,0,0,9,9,1825,4672,1215,5887
4,16432,11376,0,0,16,16,1027,64,2133,2197
4,16443,81,0,0,18,9,1827,3472,9,3481
4,16445,891,0,0,11,11,1495,2116,81,2197
4,16478,1782,0,0,11,11,1498,5000,243,5243
4,16497,6561,0,0,9,9,1833,1468,729,2197
4,16510,7830,0,0,10,10,1651,64,2349,2413
4,16530,5510,0,0,10,10,1653,1324,551,1875
4,16533,9,0,0,18,9,1837,2672,1,2673
4,16533,1837,0,0,11,11,1503,1548,167,1715
4,16536,9000,0,0,12,12,1378,512,3375,3887
4,16549,13,0,0,13,13,1273,1444,1,1445
4,16549,1989,0,0,13,13,1273,1216,459,1675
4,16549,16549,0,0,52,13,1273,4352,1273,5625
4,16560,144,0,0,16,16,1035,2116,9,2125
4,16562,8918,0,0,14,14,1183,64,1911,1975
4,16562,9954,0,0,14,14,1183,64,2133,2197
4,16575,405,0,0,15,15,1105,1600,81,1681
4,16575,10455,0,0,15,15,1105,1500,697,2197
4,16575,13005,0,0,15,15,1105,64,2601,2665
4,16587,81,0,0,9,9,1843,3116,9,3125
4,16587,15129,0,0,9,9,1843,1444,1681,3125
4,16590,16590,0,0,10,10,1659,9664,4977,14641
4,16596,7500,0,0,12,12,1383,1024,3125,4149
4,16614,126,0,0,9,9,1846,4992,49,5041
4,16614,4374,0,0,9,9,1846,4312,729,5041
4,16614,4374,0,0,9,9,1846,27832,729,28561
4,16632,10164,0,0,14,14,1188,136,1089,1225
4,16632,11340,0,0,14,14,1188,32,2025,2057
4,16632,12348,0,0,14,14,1188,8,1323,1331
4,16644,8748,0,0,12,12,1387,4672,2187,6859
4,16665,15,0,0,30,15,1111,1616,1,1617
4,16665,297,0,0,11,11,1515,1600,81,1681
4,16665,16665,0,0,15,15,1111,212,1111,1323
4,16688,16,0,0,16,16,1043,3724,1,3725
4,16698,4554,0,0,11,11,1518,512,1863,2375
4,16700,7220,0,0,10,10,1670,32,1805,1837
4,16705,13,0,0,13,13,1285,13364,1,13365
4,16716,1500,0,0,12,12,1393,3844,125,3969
4,16716,12348,0,0,12,12,1393,1024,5145,6169
4,16730,42,0,0,14,14,1195,1216,9,1225
4,16730,378,0,0,14,14,1195,2500,27,2527
4,16740,126,0,0,9,9,1860,3200,49,3249
4,16740,13500,0,0,12,12,1395,15004,1125,16129
4,16750,7290,0,0,10,10,1675,7396,729,8125
4,16770,130,0,0,13,13,1290,1824,25,1849
4,16770,260,0,0,26,13,1290,1824,25,1849
4,16770,810,0,0,10,10,1677,2116,81,2197
4,16770,9750,0,0,15,15,1118,224,1625,1849
4,16770,16250,0,0,13,13,1290,512,5625,6137
4,16800,10890,0,0,15,15,1120,136,1089,1225
4,16800,12150,0,0,15,15,1120,32,2025,2057
4,16800,13230,0,0,15,15,1120,8,1323,1331
4,16830,1350,0,0,9,9,1870,2048,825,2873
4,16830,1870,0,0,20,10,1683,2000,187,2187
4,16830,7290,0,0,9,9,1870,32,2025,2057
4,16830,16038,0,0,9,9,1870,200,2673,2873
4,16848,3888,0,0,16,16,1053,2500,243,2743
4,16863,2475,0,0,11,11,1533,1024,1125,2149
4,16875,1215,0,0,15,15,1125,1472,243,1715
4,16896,72,0,0,12,12,1408,2200,9,2209
4,16896,648,0,0,12,12,1408,5632,243,5875
4,16898,994,0,0,14,14,1207,1984,213,2197
4,16900,2366,0,0,13,13,1300,8192,1183,9375
4,16920,600,0,0,12,12,1410,11296,125,11421
4,16947,9,0,0,9,9,1883,4900,1,4901
4,16965,9,0,0,18,9,1885,4624,1,4625
4,16965,2025,0,0,9,9,1885,1972,225,2197
4,16965,3825,0,0,9,9,1885,1924,425,2349
4,16965,5625,0,0,9,9,1885,3132,625,3757
4,16965,7569,0,0,9,9,1885,2916,841,3757
4,16968,12744,0,0,12,12,1414,808,1593,2401
4,16992,7776,0,0,16,16,1062,392,729,1121
4,16995,11,0,0,11,11,1545,1700,1,1701
4,16995,11,0,0,22,11,1545,10608,1,10609
4,16995,297,0,0,11,11,1545,2548,27,2575
4,16995,539,0,0,11,11,1545,3708,49,3757
4,16995,3773,0,0,11,11,1545,16384,2401,18785
4,16995,5005,0,0,11,11,1545,17408,2275,19683
4,16995,6875,0,0,11,11,1545,8748,625,9373
4,16995,7931,0,0,11,11,1545,1404,721,2125
4,16995,13475,0,0,11,11,1545,972,1225,2197
4,17004,17004,0,0,24,12,1417,432,1417,1849
4,17017,1053,0,0,13,13,1309,1088,243,1331
4,17017,10829,0,0,13,13,1309,1444,833,2277
4,17017,10829,0,0,13,13,1309,1472,2499,3971
4,17017,11583,0,0,13,13,1309,64,2673,2737
4,17017,14651,0,0,13,13,1309,204,1127,1331
4,17017,14651,0,0,13,13,1309,2052,1127,3179
4,17028,12,0,0,24,12,1419,7568,1,7569
4,17040,16,0,0,16,16,1065,3124,1,3125
4,17040,16,0,0,16,16,1065,5324,1,5325
4,17043,1053,0,0,13,13,1311,2116,81,2197
4,17050,5690,0,0,10,10,1705,2500,569,3069
4,17051,17,0,0,17,17,1003,2124,1,2125
4,17080,140,0,0,10,10,1708,3200,49,3249
4,17080,280,0,0,20,10,1708,3200,49,3249
4,17100,13500,0,0,10,10,1710,8,2025,2033
4,17136,84,0,0,14,14,1224,4904,9,4913
4,17136,1776,0,0,16,16,1071,1088,333,1421
4,17136,1800,0,0,12,12,1428,2048,825,2873
4,17136,2184,0,0,12,12,1428,8192,1183,9375
4,17136,2904,0,0,12,12,1428,1352,363,1715
4,17136,3672,0,0,12,12,1428,1400,459,1859
4,17136,5304,0,0,12,12,1428,640,1547,2187
4,17136,5304,0,0,12,12,1428,1568,1105,2673
4,17136,5304,0,0,12,12,1428,6144,2431,8575
4,17136,7128,0,0,12,12,1428,512,2673,3185
4,17136,8424,0,0,12,12,1428,392,1053,1445
4,17136,9720,0,0,12,12,1428,32,2025,2057
4,17136,10200,0,0,12,12,1428,416,2125,2541
4,17136,10584,0,0,12,12,1428,6656,3969,10625
4,17136,12936,0,0,12,12,1428,8,1617,1625
4,17136,12936,0,0,12,12,1428,16000,3773,19773
4,17136,13456,0,0,16,16,1071,972,841,1813
4,17136,14520,0,0,12,12,1428,20384,3025,23409
4,17170,850,0,0,17,17,1010,2048,275,2323
4,17181,729,0,0,9,9,1909,2116,81,2197
4,17199,117,0,0,26,13,1323,2800,9,2809
4,17200,3500,0,0,10,10,1720,1312,875,2187
4,17200,4100,0,0,10,10,1720,1376,1025,2401
4,17200,7380,0,0,10,10,1720,1000,1107,2107
4,17220,12,0,0,24,12,1435,1680,1,1681
4,17220,252,0,0,14,14,1230,13448,27,13475
4,17220,324,0,0,12,12,1435,1600,81,1681
4,17220,2916,0,0,12,12,1435,2624,729,3353
4,17220,3500,0,0,14,14,1230,1056,625,1681
4,17220,4900,0,0,14,14,1230,128,1225,1353
4,17220,4900,0,0,14,14,1230,1312,875,2187
4,17220,6804,0,0,14,14,1230,2296,729,3025
4,17220,12348,0,0,14,14,1230,8,1323,1331
4,17248,14112,0,0,16,16,1078,8,1323,1331
4,17262,14,0,0,14,14,1233,7124,1,7125
4,17262,14,0,0,28,14,1233,1520,1,1521
4,17262,2250,0,0,9,9,1918,18144,625,18769
4,17290,182,0,0,13,13,1330,3200,49,3249
4,17290,364,0,0,26,13,1330,3200,49,3249
4,17290,1274,0,0,13,13,1330,2432,343,2775
4,17290,5770,0,0,10,10,1729,4116,577,4693
4,17292,12,0,0,12,12,1441,1572,1,1573
4,17292,3996,0,0,12,12,1441,704,999,1703
4,17295,15,0,0,30,15,1153,3024,1,3025
4,17295,6615,0,0,15,15,1153,5324,441,5765
4,17295,17295,0,0,60,15,1153,2816,1153,3969
4,17303,11,0,0,22,11,1573,3024,1,3025
4,17303,1375,0,0,11,11,1573,2548,125,2673
4,17303,3993,0,0,11,11,1573,3136,1089,4225
4,17303,9075,0,0,11,11,1573,1372,825,2197
4,17303,13475,0,0,11,11,1573,972,1225,2197
4,17303,14641,0,0,11,11,1573,9604,1331,10935
4,17307,9,0,0,18,9,1923,3024,1,3025
4,17307,11979,0,0,9,9,1923,9604,1331,10935
4,17316,12,0,0,24,12,1443,4624,1,4625
4,17325,15,0,0,15,15,1155,4004,1,4005
4,17325,15,0,0,30,15,1155,3024,1,3025
4,17325,15,0,0,30,15,1155,7920,1,7921
4,17325,297,0,0,11,11,1575,2500,27,2527
4,17325,1875,0,0,15,15,1155,2548,125,2673
4,17325,2535,0,0,15,15,1155,1024,845,1869
4,17325,4005,0,0,15,15,1155,1600,801,2401
4,17325,5265,0,0,15,15,1155,980,351,1331
4,17325,5445,0,0,15,15,1155,3136,1089,4225
4,17325,5625,0,0,15,15,1155,448,1125,1573
4,17325,6391,0,0,11,11,1575,1444,581,2025
4,17325,7605,0,0,15,15,1155,704,1521,2225
4,17325,8085,0,0,15,15,1155,676,539,1215
4,17325,12015,0,0,15,15,1155,5324,801,6125
4,17325,12375,0,0,15,15,1155,1372,825,2197
4,17325,14625,0,0,15,15,1155,356,975,1331
4,17328,48,0,0,16,16,1083,1216,9,1225
4,17328,432,0,0,16,16,1083,2500,27,2527
4,17328,2000,0,0,16,16,1083,3844,125,3969
4,17328,5488,0,0,16,16,1083,11532,343,11875
4,17328,9424,0,0,16,16,1083,1024,2945,3969
4,17340,2754,0,0,17,17,1020,512,729,1241
4,17340,2754,0,0,17,17,1020,2312,243,2555
4,17340,4250,0,0,17,17,1020,4704,625,5329
4,17355,3471,0,0,13,13,1335,1600,801,2401
4,17391,459,0,0,17,17,1023,1600,81,1681
4,17391,2125,0,0,17,17,1023,15004,125,15129
4,17391,16337,0,0,17,17,1023,164,961,1125
4,17400,540,0,0,10,10,1740,15544,81,15625
4,17400,14500,0,0,10,10,1740,864,3625,4489
4,17402,7546,0,0,11,11,1582,10368,2401,12769
4,17415,6561,0,0,9,9,1935,7396,729,8125
4,17430,1162,0,0,14,14,1245,1600,249,1849
4,17436,17436,0,0,12,12,1453,972,1453,2425
4,17440,2912,0,0,16,16,1090,8192,1183,9375
4,17442,11250,0,0,9,9,1938,512,5625,6137
4,17442,12150,0,0,9,9,1938,2888,2025,4913
4,17459,12087,0,0,17,17,1027,64,2133,2197
4,17460,900,0,0,12,12,1455,1984,225,2209
4,17485,8125,0,0,13,13,1345,1796,625,2421
4,17500,2500,0,0,10,10,1750,4704,625,5329
4,17500,5000,0,0,20,10,1750,4704,625,5329
4,17501,2673,0,0,11,11,1591,2752,729,3481
4,17523,11,0,0,44,11,1593,7424,1,7425
4,17550,11830,0,0,10,10,1755,1004,1183,2187
4,17550,12250,0,0,10,10,1755,972,1225,2197
4,17563,7007,0,0,13,13,1351,64,1617,1681
4,17577,81,0,0,9,9,1953,2116,9,2125
4,17577,1125,0,0,9,9,1953,3844,125,3969
4,17577,3645,0,0,9,9,1953,4508,405,4913
4,17577,4761,0,0,9,9,1953,19652,529,20181
4,17577,6417,0,0,9,9,1953,2500,713,3213
4,17577,6561,0,0,9,9,1953,448,2187,2635
4,17577,7533,0,0,9,9,1953,1564,837,2401
4,17577,14283,0,0,9,9,1953,1024,7935,8959
4,17589,351,0,0,13,13,1353,1600,81,1681
4,17595,135,0,0,15,15,1173,2116,9,2125
4,17595,153,0,0,17,17,1035,2116,9,2125
4,17616,24,0,0,12,12,1468,2560,9,2569
4,17616,48,0,0,24,12,1468,2560,9,2569
4,17616,96,0,0,48,12,1468,2560,9,2569
4,17616,3528,0,0,12,12,1468,512,1323,1835
4,17628,8918,0,0,13,13,1356,10368,2401,12769
4,17650,7750,0,0,10,10,1765,1412,775,2187
4,17667,5625,0,0,9,9,1963,1572,625,2197
4,17670,5890,0,0,10,10,1767,3132,589,3721
4,17680,432,0,0,16,16,1105,1600,81,1681
4,17680,540,0,0,10,10,1768,3400,81,3481
4,17680,11152,0,0,16,16,1105,1500,697,2197
4,17680,13872,0,0,16,16,1105,64,2601,2665
4,17688,154,0,0,11,11,1608,8576,49,8625
4,17710,13790,0,0,10,10,1771,484,1379,1863
4,17719,13,0,0,13,13,1363,4900,1,4901
4,17719,13,0,0,26,13,1363,5264,1,5265
4,17719,2639,0,0,13,13,1363,1600,609,2209
4,17719,5499,0,0,13,13,1363,1856,1269,3125
4,17719,9477,0,0,13,13,1363,23660,729,24389
4,17719,15925,0,0,13,13,1363,972,1225,2197
4,17731,17,0,0,17,17,1043,3724,1,3725
4,17745,9555,0,0,15,15,1183,64,1911,1975
4,17745,10665,0,0,15,15,1183,64,2133,2197
4,17745,15925,0,0,13,13,1365,972,1225,2197
4,17765,11,0,0,11,11,1615,1700,1,1701
4,17765,11,0,0,22,11,1615,3024,1,3025
4,17765,297,0,0,11,11,1615,2500,27,2527
4,17765,1375,0,0,11,11,1615,4788,125,4913
4,17765,2299,0,0,11,11,1615,1088,627,1715
4,17765,2475,0,0,11,11,1615,21952,675,22627
4,17765,2805,0,0,11,11,1615,1024,1275,2299
4,17765,3773,0,0,11,11,1615,4332,343,4675
4,17765,3971,0,0,11,11,1615,1764,361,2125
4,17765,5643,0,0,11,11,1615,3136,1539,4675
4,17765,5929,0,0,11,11,1615,1836,539,2375
4,17765,9163,0,0,11,11,1615,972,833,1805
4,17765,9801,0,0,11,11,1615,2240,2673,4913
4,17765,10659,0,0,11,11,1615,2156,969,3125
4,17765,11495,0,0,11,11,1615,7168,5225,12393
4,17765,14641,0,0,11,11,1615,4500,1331,5831
4,17765,14641,0,0,11,11,1615,9604,1331,10935
4,17765,15125,0,0,11,11,1615,4116,1375,5491
4,17765,15147,0,0,11,11,1615,7744,4131,11875
4,17765,16929,0,0,11,11,1615,484,1539,2023
4,17765,16929,0,0,11,11,1615,1156,1539,2695
4,17776,16,0,0,32,16,1111,1616,1,1617
4,17776,17776,0,0,16,16,1111,212,1111,1323
4,17784,1944,0,0,12,12,1482,2968,243,3211
4,17820,10890,0,0,15,15,1188,136,1089,1225
4,17820,11250,0,0,9,9,1980,7776,3125,10901
4,17820,12150,0,0,15,15,1188,32,2025,2057
4,17820,13230,0,0,15,15,1188,8,1323,1331
4,17822,14,0,0,14,14,1273,1444,1,1445
4,17822,2142,0,0,14,14,1273,1216,459,1675
4,17822,17822,0,0,56,14,1273,4352,1273,5625
4,17830,17830,0,0,20,10,1783,240,1783,2023
4,17850,90,0,0,10,10,1785,12500,9,12509
4,17888,10400,0,0,16,16,1118,224,1625,1849
4,17901,1089,0,0,9,9,1989,19652,121,19773
4,17901,4131,0,0,17,17,1053,2500,243,2743
4,17914,9750,0,0,13,13,1378,512,3375,3887
4,17920,60,0,0,10,10,1792,2392,9,2401
4,17920,11616,0,0,16,16,1120,136,1089,1225
4,17920,12960,0,0,16,16,1120,32,2025,2057
4,17920,14112,0,0,16,16,1120,8,1323,1331
4,17925,45,0,0,15,15,1195,1216,9,1225
4,17925,405,0,0,15,15,1195,2500,27,2527
4,17930,10758,0,0,11,11,1630,512,4401,4913
4,17937,243,0,0,9,9,1993,2500,27,2527
4,17937,3249,0,0,9,9,1993,9604,361,9965
4,17940,972,0,0,12,12,1495,2116,81,2197
4,17950,7290,0,0,10,10,1795,2396,729,3125
4,17955,243,0,0,9,9,1995,2500,27,2527
4,17963,8019,0,0,11,11,1633,320,2187,2507
4,17976,1944,0,0,12,12,1498,5000,243,5243
4,17979,8125,0,0,13,13,1383,1024,3125,4149
4,17990,14,0,0,14,14,1285,13364,1,13365
4,18000,1296,0,0,16,16,1125,1472,243,1715
4,18018,594,0,0,11,11,1638,8200,81,8281
4,18018,2002,0,0,11,11,1638,8192,1183,9375
4,18018,3850,0,0,11,11,1638,1312,875,2187
4,18018,4004,0,0,22,11,1638,8192,1183,9375
4,18031,9477,0,0,13,13,1387,4672,2187,6859
4,18036,2004,0,0,12,12,1503,1548,167,1715
4,18040,1260,0,0,10,10,1804,1408,441,1849
4,18054,18,0,0,18,18,1003,2124,1,2125
4,18054,8262,0,0,17,17,1062,392,729,1121
4,18060,140,0,0,14,14,1290,1824,25,1849
4,18060,280,0,0,28,14,1290,1824,25,1849
4,18060,6860,0,0,10,10,1806,10368,2401,12769
4,18060,17500,0,0,14,14,1290,512,5625,6137
4,18105,17,0,0,17,17,1065,3124,1,3125
4,18105,17,0,0,17,17,1065,5324,1,5325
4,18105,1065,0,0,15,15,1207,1984,213,2197
4,18109,1625,0,0,13,13,1393,3844,125,3969
4,18109,13377,0,0,13,13,1393,1024,5145,6169
4,18130,10,0,0,20,10,1813,3024,1,3025
4,18130,490,0,0,20,10,1813,6512,49,6561
4,18130,13310,0,0,10,10,1813,9604,1331,10935
4,18135,14625,0,0,13,13,1395,15004,1125,16129
4,18161,8613,0,0,11,11,1651,64,2349,2413
4,18180,260,0,0,10,10,1818,24576,169,24745
4,18180,324,0,0,12,12,1515,1600,81,1681
4,18180,900,0,0,18,18,1010,2048,275,2323
4,18180,1820,0,0,10,10,1818,8192,1183,9375
4,18183,6061,0,0,11,11,1653,1324,551,1875
4,18200,2548,0,0,14,14,1300,8192,1183,9375
4,18207,1887,0,0,17,17,1071,1088,333,1421
4,18207,14297,0,0,17,17,1071,972,841,1813
4,18216,4968,0,0,12,12,1518,512,1863,2375
4,18249,18249,0,0,11,11,1659,9664,4977,14641
4,18250,4050,0,0,10,10,1825,4672,1215,5887
4,18270,90,0,0,20,10,1827,3472,9,3481
4,18304,78,0,0,13,13,1408,2200,9,2209
4,18304,702,0,0,13,13,1408,5632,243,5875
4,18326,1134,0,0,14,14,1309,1088,243,1331
4,18326,11662,0,0,14,14,1309,1444,833,2277
4,18326,11662,0,0,14,14,1309,1472,2499,3971
4,18326,12474,0,0,14,14,1309,64,2673,2737
4,18326,14994,0,0,17,17,1078,8,1323,1331
4,18326,15778,0,0,14,14,1309,204,1127,1331
4,18326,15778,0,0,14,14,1309,2052,1127,3179
4,18330,650,0,0,13,13,1410,11296,125,11421
4,18330,7290,0,0,10,10,1833,1468,729,2197
4,18354,1134,0,0,14,14,1311,2116,81,2197
4,18360,90,0,0,15,15,1224,4904,9,4913
4,18360,2916,0,0,18,18,1020,512,729,1241
4,18360,2916,0,0,18,18,1020,2312,243,2555
4,18360,4500,0,0,18,18,1020,4704,625,5329
4,18370,10,0,0,20,10,1837,2672,1,2673
4,18370,7942,0,0,11,11,1670,32,1805,1837
4,18382,13806,0,0,13,13,1414,808,1593,2401
4,18396,2700,0,0,12,12,1533,1024,1125,2149
4,18411,51,0,0,17,17,1083,1216,9,1225
4,18411,459,0,0,17,17,1083,2500,27,2527
4,18411,2125,0,0,17,17,1083,3844,125,3969
4,18411,5831,0,0,17,17,1083,11532,343,11875
4,18411,10013,0,0,17,17,1083,1024,2945,3969
4,18414,486,0,0,18,18,1023,1600,81,1681
4,18414,2250,0,0,18,18,1023,15004,125,15129
4,18414,17298,0,0,18,18,1023,164,961,1125
4,18421,18421,0,0,26,13,1417,432,1417,1849
4,18425,8019,0,0,11,11,1675,7396,729,8125
4,18430,90,0,0,10,10,1843,3116,9,3125
4,18430,16810,0,0,10,10,1843,1444,1681,3125
4,18447,13,0,0,26,13,1419,7568,1,7569
4,18447,891,0,0,11,11,1677,2116,81,2197
4,18448,16,0,0,32,16,1153,3024,1,3025
4,18448,7056,0,0,16,16,1153,5324,441,5765
4,18448,18448,0,0,64,16,1153,2816,1153,3969
4,18450,270,0,0,15,15,1230,13448,27,13475
4,18450,3750,0,0,15,15,1230,1056,625,1681
4,18450,5250,0,0,15,15,1230,128,1225,1353
4,18450,5250,0,0,15,15,1230,1312,875,2187
4,18450,7290,0,0,15,15,1230,2296,729,3025
4,18450,13230,0,0,15,15,1230,8,1323,1331
4,18460,140,0,0,10,10,1846,4992,49,5041
4,18460,4860,0,0,10,10,1846,4312,729,5041
4,18460,4860,0,0,10,10,1846,27832,729,28561
4,18480,16,0,0,16,16,1155,4004,1,4005
4,18480,16,0,0,32,16,1155,3024,1,3025
4,18480,16,0,0,32,16,1155,7920,1,7921
4,18480,2000,0,0,16,16,1155,2548,125,2673
4,18480,2704,0,0,16,16,1155,1024,845,1869
4,18480,4272,0,0,16,16,1155,1600,801,2401
4,18480,5616,0,0,16,16,1155,980,351,1331
4,18480,5808,0,0,16,16,1155,3136,1089,4225
4,18480,6000,0,0,16,16,1155,448,1125,1573
4,18480,8112,0,0,16,16,1155,704,1521,2225
4,18480,8624,0,0,16,16,1155,676,539,1215
4,18480,12816,0,0,16,16,1155,5324,801,6125
4,18480,13200,0,0,16,16,1155,1372,825,2197
4,18480,15600,0,0,16,16,1155,356,975,1331
4,18486,12798,0,0,18,18,1027,64,2133,2197
4,18495,15,0,0,15,15,1233,7124,1,7125
4,18495,15,0,0,30,15,1233,1520,1,1521
4,18513,2057,0,0,22,11,1683,2000,187,2187
4,18522,126,0,0,28,14,1323,2800,9,2809
4,18530,3094,0,0,17,17,1090,8192,1183,9375
4,18540,12,0,0,12,12,1545,1700,1,1701
4,18540,12,0,0,24,12,1545,10608,1,10609
4,18540,324,0,0,12,12,1545,2548,27,2575
4,18540,588,0,0,12,12,1545,3708,49,3757
4,18540,4116,0,0,12,12,1545,16384,2401,18785
4,18540,5460,0,0,12,12,1545,17408,2275,19683
4,18540,7500,0,0,12,12,1545,8748,625,9373
4,18540,8652,0,0,12,12,1545,1404,721,2125
4,18540,14700,0,0,12,12,1545,972,1225,2197
4,18564,1950,0,0,13,13,1428,2048,825,2873
4,18564,2366,0,0,13,13,1428,8192,1183,9375
4,18564,3146,0,0,13,13,1428,1352,363,1715
4,18564,3978,0,0,13,13,1428,1400,459,1859
4,18564,5746,0,0,13,13,1428,640,1547,2187
4,18564,5746,0,0,13,13,1428,1568,1105,2673
4,18564,5746,0,0,13,13,1428,6144,2431,8575
4,18564,7722,0,0,13,13,1428,512,2673,3185
4,18564,9126,0,0,13,13,1428,392,1053,1445
4,18564,10530,0,0,13,13,1428,32,2025,2057
4,18564,11050,0,0,13,13,1428,416,2125,2541
4,18564,11466,0,0,13,13,1428,6656,3969,10625
4,18564,14014,0,0,13,13,1428,8,1617,1625
4,18564,14014,0,0,13,13,1428,16000,3773,19773
4,18564,15730,0,0,13,13,1428,20384,3025,23409
4,18600,140,0,0,10,10,1860,3200,49,3249
4,18620,196,0,0,14,14,1330,3200,49,3249
4,18620,392,0,0,28,14,1330,3200,49,3249
4,18620,1372,0,0,14,14,1330,2432,343,2775
4,18630,162,0,0,18,18,1035,2116,9,2125
4,18655,13,0,0,26,13,1435,1680,1,1681
4,18655,351,0,0,13,13,1435,1600,81,1681
4,18655,3159,0,0,13,13,1435,2624,729,3353
4,18675,1245,0,0,15,15,1245,1600,249,1849
4,18690,3738,0,0,14,14,1335,1600,801,2401
4,18700,1500,0,0,10,10,1870,2048,825,2873
4,18700,8100,0,0,10,10,1870,32,2025,2057
4,18700,17820,0,0,10,10,1870,200,2673,2873
4,18733,13,0,0,13,13,1441,1572,1,1573
4,18733,4329,0,0,13,13,1441,704,999,1703
4,18755,6259,0,0,11,11,1705,2500,569,3069
4,18759,13,0,0,26,13,1443,4624,1,4625
4,18768,144,0,0,16,16,1173,2116,9,2125
4,18774,18,0,0,18,18,1043,3724,1,3725
4,18785,459,0,0,17,17,1105,1600,81,1681
4,18785,11849,0,0,17,17,1105,1500,697,2197
4,18785,14739,0,0,17,17,1105,64,2601,2665
4,18788,154,0,0,11,11,1708,3200,49,3249
4,18788,308,0,0,22,11,1708,3200,49,3249
4,18810,14850,0,0,11,11,1710,8,2025,2033
4,18830,10,0,0,10,10,1883,4900,1,4901
4,18830,8750,0,0,14,14,1345,1796,625,2421
4,18850,10,0,0,20,10,1885,4624,1,4625
4,18850,2250,0,0,10,10,1885,1972,225,2197
4,18850,4250,0,0,10,10,1885,1924,425,2349
4,18850,6250,0,0,10,10,1885,3132,625,3757
4,18850,8410,0,0,10,10,1885,2916,841,3757
4,18876,12,0,0,24,12,1573,3024,1,3025
4,18876,1500,0,0,12,12,1573,2548,125,2673
4,18876,4356,0,0,12,12,1573,3136,1089,4225
4,18876,9900,0,0,12,12,1573,1372,825,2197
4,18876,14700,0,0,12,12,1573,972,1225,2197
4,18876,15972,0,0,12,12,1573,9604,1331,10935
4,18887,17,0,0,34,17,1111,1616,1,1617
4,18887,18887,0,0,17,17,1111,212,1111,1323
4,18889,18889,0,0,13,13,1453,972,1453,2425
4,18900,324,0,0,12,12,1575,2500,27,2527
4,18900,6972,0,0,12,12,1575,1444,581,2025
4,18914,7546,0,0,14,14,1351,64,1617,1681
4,18915,975,0,0,13,13,1455,1984,225,2209
4,18920,3850,0,0,11,11,1720,1312,875,2187
4,18920,4510,0,0,11,11,1720,1376,1025,2401
4,18920,8118,0,0,11,11,1720,1000,1107,2107
4,18928,10192,0,0,16,16,1183,64,1911,1975
4,18928,11376,0,0,16,16,1183,64,2133,2197
4,18942,378,0,0,14,14,1353,1600,81,1681
4,18954,4374,0,0,18,18,1053,2500,243,2743
4,18984,8232,0,0,12,12,1582,10368,2401,12769
4,18984,9604,0,0,14,14,1356,10368,2401,12769
4,19006,11050,0,0,17,17,1118,224,1625,1849
4,19008,11616,0,0,16,16,1188,136,1089,1225
4,19008,12960,0,0,16,16,1188,32,2025,2057
4,19008,14112,0,0,16,16,1188,8,1323,1331
4,19019,6347,0,0,11,11,1729,4116,577,4693
4,19040,12342,0,0,17,17,1120,136,1089,1225
4,19040,13770,0,0,17,17,1120,32,2025,2057
4,19040,14994,0,0,17,17,1120,8,1323,1331
4,19057,19,0,0,19,19,1003,2124,1,2125
4,19082,14,0,0,14,14,1363,4900,1,4901
4,19082,14,0,0,28,14,1363,5264,1,5265
4,19082,2842,0,0,14,14,1363,1600,609,2209
4,19082,5922,0,0,14,14,1363,1856,1269,3125
4,19082,10206,0,0,14,14,1363,23660,729,24389
4,19082,17150,0,0,14,14,1363,972,1225,2197
4,19084,26,0,0,13,13,1468,2560,9,2569
4,19084,52,0,0,26,13,1468,2560,9,2569
4,19084,104,0,0,52,13,1468,2560,9,2569
4,19084,3822,0,0,13,13,1468,512,1323,1835
4,19090,810,0,0,10,10,1909,2116,81,2197
4,19092,2916,0,0,12,12,1591,2752,729,3481
4,19095,15,0,0,15,15,1273,1444,1,1445
4,19095,2295,0,0,15,15,1273,1216,459,1675
4,19095,19095,0,0,60,15,1273,4352,1273,5625
4,19110,17150,0,0,14,14,1365,972,1225,2197
4,19116,12,0,0,48,12,1593,7424,1,7425
4,19116,8748,0,0,18,18,1062,392,729,1121
4,19120,48,0,0,16,16,1195,1216,9,1225
4,19120,432,0,0,16,16,1195,2500,27,2527
4,19125,1377,0,0,17,17,1125,1472,243,1715
4,19140,594,0,0,11,11,1740,15544,81,15625
4,19140,15950,0,0,11,11,1740,864,3625,4489
4,19170,18,0,0,18,18,1065,3124,1,3125
4,19170,18,0,0,18,18,1065,5324,1,5325
4,19180,2500,0,0,10,10,1918,18144,625,18769
4,19190,950,0,0,19,19,1010,2048,275,2323
4,19230,10,0,0,20,10,1923,3024,1,3025
4,19230,13310,0,0,10,10,1923,9604,1331,10935
4,19250,2750,0,0,11,11,1750,4704,625,5329
4,19250,5500,0,0,22,11,1750,4704,625,5329
4,19266,2106,0,0,13,13,1482,2968,243,3211
4,19275,15,0,0,15,15,1285,13364,1,13365
4,19278,1998,0,0,18,18,1071,1088,333,1421
4,19278,15138,0,0,18,18,1071,972,841,1813
4,19292,10500,0,0,14,14,1378,512,3375,3887
4,19296,168,0,0,12,12,1608,8576,49,8625
4,19305,13013,0,0,11,11,1755,1004,1183,2187
4,19305,13475,0,0,11,11,1755,972,1225,2197
4,19312,1136,0,0,16,16,1207,1984,213,2197
4,19350,150,0,0,15,15,1290,1824,25,1849
4,19350,300,0,0,30,15,1290,1824,25,1849
4,19350,7290,0,0,10,10,1935,7396,729,8125
4,19350,18750,0,0,15,15,1290,512,5625,6137
4,19362,8750,0,0,14,14,1383,1024,3125,4149
4,19380,12,0,0,12,12,1615,1700,1,1701
4,19380,12,0,0,24,12,1615,3024,1,3025
4,19380,324,0,0,12,12,1615,2500,27,2527
4,19380,1500,0,0,12,12,1615,4788,125,4913
4,19380,2508,0,0,12,12,1615,1088,627,1715
4,19380,2700,0,0,12,12,1615,21952,675,22627
4,19380,3060,0,0,12,12,1615,1024,1275,2299
4,19380,3078,0,0,19,19,1020,512,729,1241
4,19380,3078,0,0,19,19,1020,2312,243,2555
4,19380,4116,0,0,12,12,1615,4332,343,4675
4,19380,4332,0,0,12,12,1615,1764,361,2125
4,19380,4750,0,0,19,19,1020,4704,625,5329
4,19380,6156,0,0,12,12,1615,3136,1539,4675
4,19380,6468,0,0,12,12,1615,1836,539,2375
4,19380,9996,0,0,12,12,1615,972,833,1805
4,19380,10692,0,0,12,12,1615,2240,2673,4913
4,19380,11628,0,0,12,12,1615,2156,969,3125
4,19380,12500,0,0,10,10,1938,512,5625,6137
4,19380,12540,0,0,12,12,1615,7168,5225,12393
4,19380,13500,0,0,10,10,1938,2888,2025,4913
4,19380,15972,0,0,12,12,1615,4500,1331,5831
4,19380,15972,0,0,12,12,1615,9604,1331,10935
4,19380,16500,0,0,12,12,1615,4116,1375,5491
4,19380,16524,0,0,12,12,1615,7744,4131,11875
4,19380,18468,0,0,12,12,1615,484,1539,2023
4,19380,18468,0,0,12,12,1615,1156,1539,2695
4,19404,15876,0,0,18,18,1078,8,1323,1331
4,19415,8525,0,0,11,11,1765,1412,775,2187
4,19418,10206,0,0,14,14,1387,4672,2187,6859
4,19435,1053,0,0,13,13,1495,2116,81,2197
4,19437,513,0,0,19,19,1023,1600,81,1681
4,19437,2375,0,0,19,19,1023,15004,125,15129
4,19437,6479,0,0,11,11,1767,3132,589,3721
4,19437,18259,0,0,19,19,1023,164,961,1125
4,19448,594,0,0,11,11,1768,3400,81,3481
4,19474,2106,0,0,13,13,1498,5000,243,5243
4,19481,15169,0,0,11,11,1771,484,1379,1863
4,19494,54,0,0,18,18,1083,1216,9,1225
4,19494,486,0,0,18,18,1083,2500,27,2527
4,19494,2250,0,0,18,18,1083,3844,125,3969
4,19494,6174,0,0,18,18,1083,11532,343,11875
4,19494,10602,0,0,18,18,1083,1024,2945,3969
4,19500,2730,0,0,15,15,1300,8192,1183,9375
4,19502,1750,0,0,14,14,1393,3844,125,3969
4,19502,14406,0,0,14,14,1393,1024,5145,6169
4,19513,13509,0,0,19,19,1027,64,2133,2197
4,19530,90,0,0,10,10,1953,2116,9,2125
4,19530,1250,0,0,10,10,1953,3844,125,3969
4,19530,4050,0,0,10,10,1953,4508,405,4913
4,19530,5290,0,0,10,10,1953,19652,529,20181
4,19530,7130,0,0,10,10,1953,2500,713,3213
4,19530,7290,0,0,10,10,1953,448,2187,2635
4,19530,8370,0,0,10,10,1953,1564,837,2401
4,19530,15750,0,0,14,14,1395,15004,1125,16129
4,19530,15870,0,0,10,10,1953,1024,7935,8959
4,19539,2171,0,0,13,13,1503,1548,167,1715
4,19560,11736,0,0,12,12,1630,512,4401,4913
4,19584,96,0,0,16,16,1224,4904,9,4913
4,19596,8748,0,0,12,12,1633,320,2187,2507
4,19601,17,0,0,34,17,1153,3024,1,3025
4,19601,7497,0,0,17,17,1153,5324,441,5765
4,19601,19601,0,0,68,17,1153,2816,1153,3969
4,19613,19613,0,0,22,11,1783,240,1783,2023
4,19620,3276,0,0,18,18,1090,8192,1183,9375
4,19630,6250,0,0,10,10,1963,1572,625,2197
4,19635,17,0,0,17,17,1155,4004,1,4005
4,19635,17,0,0,34,17,1155,3024,1,3025
4,19635,17,0,0,34,17,1155,7920,1,7921
4,19635,99,0,0,11,11,1785,12500,9,12509
4,19635,1215,0,0,15,15,1309,1088,243,1331
4,19635,2125,0,0,17,17,1155,2548,125,2673
4,19635,2873,0,0,17,17,1155,1024,845,1869
4,19635,4539,0,0,17,17,1155,1600,801,2401
4,19635,5967,0,0,17,17,1155,980,351,1331
4,19635,6171,0,0,17,17,1155,3136,1089,4225
4,19635,6375,0,0,17,17,1155,448,1125,1573
4,19635,8619,0,0,17,17,1155,704,1521,2225
4,19635,9163,0,0,17,17,1155,676,539,1215
4,19635,12495,0,0,15,15,1309,1444,833,2277
4,19635,12495,0,0,15,15,1309,1472,2499,3971
4,19635,13365,0,0,15,15,1309,64,2673,2737
4,19635,13617,0,0,17,17,1155,5324,801,6125
4,19635,14025,0,0,17,17,1155,1372,825,2197
4,19635,16575,0,0,17,17,1155,356,975,1331
4,19635,16905,0,0,15,15,1309,204,1127,1331
4,19635,16905,0,0,15,15,1309,2052,1127,3179
4,19656,648,0,0,12,12,1638,8200,81,8281
4,19656,2184,0,0,12,12,1638,8192,1183,9375
4,19656,4200,0,0,12,12,1638,1312,875,2187
4,19656,4368,0,0,24,12,1638,8192,1183,9375
4,19665,171,0,0,19,19,1035,2116,9,2125
4,19665,1215,0,0,15,15,1311,2116,81,2197
4,19680,288,0,0,16,16,1230,13448,27,13475
4,19680,4000,0,0,16,16,1230,1056,625,1681
4,19680,5600,0,0,16,16,1230,128,1225,1353
4,19680,5600,0,0,16,16,1230,1312,875,2187
4,19680,7776,0,0,16,16,1230,2296,729,3025
4,19680,14112,0,0,16,16,1230,8,1323,1331
4,19695,351,0,0,13,13,1515,1600,81,1681
4,19712,66,0,0,11,11,1792,2392,9,2401
4,19712,84,0,0,14,14,1408,2200,9,2209
4,19712,756,0,0,14,14,1408,5632,243,5875
4,19728,16,0,0,16,16,1233,7124,1,7125
4,19728,16,0,0,32,16,1233,1520,1,1521
4,19734,5382,0,0,13,13,1518,512,1863,2375
4,19740,700,0,0,14,14,1410,11296,125,11421
4,19745,8019,0,0,11,11,1795,2396,729,3125
4,19796,14868,0,0,14,14,1414,808,1593,2401
4,19800,12500,0,0,10,10,1980,7776,3125,10901
4,19812,9396,0,0,12,12,1651,64,2349,2413
4,19817,19,0,0,19,19,1043,3724,1,3725
4,19836,6612,0,0,12,12,1653,1324,551,1875
4,19838,19838,0,0,28,14,1417,432,1417,1849
4,19844,1386,0,0,11,11,1804,1408,441,1849
4,19845,135,0,0,30,15,1323,2800,9,2809
4,19866,14,0,0,28,14,1419,7568,1,7569
4,19866,7546,0,0,11,11,1806,10368,2401,12769
4,19890,486,0,0,18,18,1105,1600,81,1681
4,19890,1210,0,0,10,10,1989,19652,121,19773
4,19890,12546,0,0,18,18,1105,1500,697,2197
4,19890,15606,0,0,18,18,1105,64,2601,2665
4,19908,19908,0,0,12,12,1659,9664,4977,14641
4,19920,1328,0,0,16,16,1245,1600,249,1849
4,19929,2925,0,0,13,13,1533,1024,1125,2149
4,19930,270,0,0,10,10,1993,2500,27,2527
4,19930,3610,0,0,10,10,1993,9604,361,9965
4,19941,153,0,0,17,17,1173,2116,9,2125
4,19943,11,0,0,22,11,1813,3024,1,3025
4,19943,539,0,0,22,11,1813,6512,49,6561
4,19943,14641,0,0,11,11,1813,9604,1331,10935
4,19950,210,0,0,15,15,1330,3200,49,3249
4,19950,270,0,0,10,10,1995,2500,27,2527
4,19950,420,0,0,30,15,1330,3200,49,3249
4,19950,1470,0,0,15,15,1330,2432,343,2775
4,19992,2100,0,0,14,14,1428,2048,825,2873
4,19992,2548,0,0,14,14,1428,8192,1183,9375
4,19992,3388,0,0,14,14,1428,1352,363,1715
4,19992,4284,0,0,14,14,1428,1400,459,1859
4,19992,6188,0,0,14,14,1428,640,1547,2187
4,19992,6188,0,0,14,14,1428,1568,1105,2673
4,19992,6188,0,0,14,14,1428,6144,2431,8575
4,19992,8316,0,0,14,14,1428,512,2673,3185
4,19992,9828,0,0,14,14,1428,392,1053,1445
4,19992,11340,0,0,14,14,1428,32,2025,2057
4,19992,11900,0,0,14,14,1428,416,2125,2541
4,19992,12348,0,0,14,14,1428,6656,3969,10625
4,19992,15092,0,0,14,14,1428,8,1617,1625
4,19992,15092,0,0,14,14,1428,16000,3773,19773
4,19992,16940,0,0,14,14,1428,20384,3025,23409
4,19998,18,0,0,36,18,1111,1616,1,1617
4,19998,286,0,0,11,11,1818,24576,169,24745
4,19998,2002,0,0,11,11,1818,8192,1183,9375
4,19998,19998,0,0,18,18,1111,212,1111,1323
4,20007,4617,0,0,19,19,1053,2500,243,2743
4,20025,4005,0,0,15,15,1335,1600,801,2401
4,20040,8664,0,0,12,12,1670,32,1805,1837
4,20060,20,0,0,20,20,1003,2124,1,2125
4,20075,4455,0,0,11,11,1825,4672,1215,5887
4,20085,13,0,0,13,13,1545,1700,1,1701
4,20085,13,0,0,26,13,1545,10608,1,10609
4,20085,351,0,0,13,13,1545,2548,27,2575
4,20085,637,0,0,13,13,1545,3708,49,3757
4,20085,4459,0,0,13,13,1545,16384,2401,18785
4,20085,5915,0,0,13,13,1545,17408,2275,19683
4,20085,8125,0,0,13,13,1545,8748,625,9373
4,20085,9373,0,0,13,13,1545,1404,721,2125
4,20085,15925,0,0,13,13,1545,972,1225,2197
4,20090,14,0,0,28,14,1435,1680,1,1681
4,20090,378,0,0,14,14,1435,1600,81,1681
4,20090,3402,0,0,14,14,1435,2624,729,3353
4,20097,99,0,0,22,11,1827,3472,9,3481
4,20100,8748,0,0,12,12,1675,7396,729,8125
4,20111,10829,0,0,17,17,1183,64,1911,1975
4,20111,12087,0,0,17,17,1183,64,2133,2197
4,20124,972,0,0,12,12,1677,2116,81,2197
4,20124,11700,0,0,18,18,1118,224,1625,1849
4,20160,13068,0,0,18,18,1120,136,1089,1225
4,20160,14580,0,0,18,18,1120,32,2025,2057
4,20160,15876,0,0,18,18,1120,8,1323,1331
4,20163,8019,0,0,11,11,1833,1468,729,2197
4,20174,14,0,0,14,14,1441,1572,1,1573
4,20174,4662,0,0,14,14,1441,704,999,1703
4,20175,9375,0,0,15,15,1345,1796,625,2421
4,20178,9234,0,0,19,19,1062,392,729,1121
4,20196,2244,0,0,24,12,1683,2000,187,2187
4,20196,12342,0,0,17,17,1188,136,1089,1225
4,20196,13770,0,0,17,17,1188,32,2025,2057
4,20196,14994,0,0,17,17,1188,8,1323,1331
4,20200,1000,0,0,20,20,1010,2048,275,2323
4,20202,14,0,0,28,14,1443,4624,1,4625
4,20207,11,0,0,22,11,1837,2672,1,2673
4,20235,19,0,0,19,19,1065,3124,1,3125
4,20235,19,0,0,19,19,1065,5324,1,5325
4,20250,1458,0,0,18,18,1125,1472,243,1715
4,20265,8085,0,0,15,15,1351,64,1617,1681
4,20273,99,0,0,11,11,1843,3116,9,3125
4,20273,18491,0,0,11,11,1843,1444,1681,3125
4,20295,405,0,0,15,15,1353,1600,81,1681
4,20306,154,0,0,11,11,1846,4992,49,5041
4,20306,5346,0,0,11,11,1846,4312,729,5041
4,20306,5346,0,0,11,11,1846,27832,729,28561
4,20315,51,0,0,17,17,1195,1216,9,1225
4,20315,459,0,0,17,17,1195,2500,27,2527
4,20340,10290,0,0,15,15,1356,10368,2401,12769
4,20342,20342,0,0,14,14,1453,972,1453,2425
4,20349,2109,0,0,19,19,1071,1088,333,1421
4,20349,15979,0,0,19,19,1071,972,841,1813
4,20368,16,0,0,16,16,1273,1444,1,1445
4,20368,2448,0,0,16,16,1273,1216,459,1675
4,20368,20368,0,0,64,16,1273,4352,1273,5625
4,20370,1050,0,0,14,14,1455,1984,225,2209
4,20400,3240,0,0,20,20,1020,512,729,1241
4,20400,3240,0,0,20,20,1020,2312,243,2555
4,20400,5000,0,0,20,20,1020,4704,625,5329
4,20445,15,0,0,15,15,1363,4900,1,4901
4,20445,15,0,0,30,15,1363,5264,1,5265
4,20445,3045,0,0,15,15,1363,1600,609,2209
4,20445,6345,0,0,15,15,1363,1856,1269,3125
4,20445,10935,0,0,15,15,1363,23660,729,24389
4,20445,18375,0,0,15,15,1363,972,1225,2197
4,20449,13,0,0,26,13,1573,3024,1,3025
4,20449,1625,0,0,13,13,1573,2548,125,2673
4,20449,4719,0,0,13,13,1573,3136,1089,4225
4,20449,10725,0,0,13,13,1573,1372,825,2197
4,20449,15925,0,0,13,13,1573,972,1225,2197
4,20449,17303,0,0,13,13,1573,9604,1331,10935
4,20460,154,0,0,11,11,1860,3200,49,3249
4,20460,540,0,0,20,20,1023,1600,81,1681
4,20460,2500,0,0,20,20,1023,15004,125,15129
4,20460,6828,0,0,12,12,1705,2500,569,3069
4,20460,19220,0,0,20,20,1023,164,961,1125
4,20475,351,0,0,13,13,1575,2500,27,2527
4,20475,7553,0,0,13,13,1575,1444,581,2025
4,20475,18375,0,0,15,15,1365,972,1225,2197
4,20482,16758,0,0,19,19,1078,8,1323,1331
4,20496,168,0,0,12,12,1708,3200,49,3249
4,20496,336,0,0,24,12,1708,3200,49,3249
4,20519,1207,0,0,17,17,1207,1984,213,2197
4,20520,16200,0,0,12,12,1710,8,2025,2033
4,20540,14220,0,0,20,20,1027,64,2133,2197
4,20552,28,0,0,14,14,1468,2560,9,2569
4,20552,56,0,0,28,14,1468,2560,9,2569
4,20552,112,0,0,56,14,1468,2560,9,2569
4,20552,4116,0,0,14,14,1468,512,1323,1835
4,20560,16,0,0,16,16,1285,13364,1,13365
4,20566,8918,0,0,13,13,1582,10368,2401,12769
4,20570,1650,0,0,11,11,1870,2048,825,2873
4,20570,8910,0,0,11,11,1870,32,2025,2057
4,20570,19602,0,0,11,11,1870,200,2673,2873
4,20577,57,0,0,19,19,1083,1216,9,1225
4,20577,513,0,0,19,19,1083,2500,27,2527
4,20577,2375,0,0,19,19,1083,3844,125,3969
4,20577,6517,0,0,19,19,1083,11532,343,11875
4,20577,11191,0,0,19,19,1083,1024,2945,3969
4,20640,160,0,0,16,16,1290,1824,25,1849
4,20640,320,0,0,32,16,1290,1824,25,1849
4,20640,4200,0,0,12,12,1720,1312,875,2187
4,20640,4920,0,0,12,12,1720,1376,1025,2401
4,20640,8856,0,0,12,12,1720,1000,1107,2107
4,20640,20000,0,0,16,16,1290,512,5625,6137
4,20670,11250,0,0,15,15,1378,512,3375,3887
4,20683,3159,0,0,13,13,1591,2752,729,3481
4,20700,180,0,0,20,20,1035,2116,9,2125
4,20709,13,0,0,52,13,1593,7424,1,7425
4,20710,3458,0,0,19,19,1090,8192,1183,9375
4,20713,11,0,0,11,11,1883,4900,1,4901
4,20735,11,0,0,22,11,1885,4624,1,4625
4,20735,2475,0,0,11,11,1885,1972,225,2197
4,20735,4675,0,0,11,11,1885,1924,425,2349
4,20735,6875,0,0,11,11,1885,3132,625,3757
4,20735,9251,0,0,11,11,1885,2916,841,3757
4,20745,9375,0,0,15,15,1383,1024,3125,4149
4,20748,2268,0,0,14,14,1482,2968,243,3211
4,20748,6924,0,0,12,12,1729,4116,577,4693
4,20754,18,0,0,36,18,1153,3024,1,3025
4,20754,7938,0,0,18,18,1153,5324,441,5765
4,20754,20754,0,0,72,18,1153,2816,1153,3969
4,20790,18,0,0,18,18,1155,4004,1,4005
4,20790,18,0,0,36,18,1155,3024,1,3025
4,20790,18,0,0,36,18,1155,7920,1,7921
4,20790,2250,0,0,18,18,1155,2548,125,2673
4,20790,3042,0,0,18,18,1155,1024,845,1869
4,20790,4806,0,0,18,18,1155,1600,801,2401
4,20790,6318,0,0,18,18,1155,980,351,1331
4,20790,6534,0,0,18,18,1155,3136,1089,4225
4,20790,6750,0,0,18,18,1155,448,1125,1573
4,20790,9126,0,0,18,18,1155,704,1521,2225
4,20790,9702,0,0,18,18,1155,676,539,1215
4,20790,14418,0,0,18,18,1155,5324,801,6125
4,20790,14850,0,0,18,18,1155,1372,825,2197
4,20790,17550,0,0,18,18,1155,356,975,1331
4,20800,2912,0,0,16,16,1300,8192,1183,9375
4,20805,10935,0,0,15,15,1387,4672,2187,6859
4,20808,102,0,0,17,17,1224,4904,9,4913
4,20860,20,0,0,20,20,1043,3724,1,3725
4,20880,648,0,0,12,12,1740,15544,81,15625
4,20880,17400,0,0,12,12,1740,864,3625,4489
4,20895,1875,0,0,15,15,1393,3844,125,3969
4,20895,15435,0,0,15,15,1393,1024,5145,6169
4,20904,182,0,0,13,13,1608,8576,49,8625
4,20910,306,0,0,17,17,1230,13448,27,13475
4,20910,4250,0,0,17,17,1230,1056,625,1681
4,20910,5950,0,0,17,17,1230,128,1225,1353
4,20910,5950,0,0,17,17,1230,1312,875,2187
4,20910,8262,0,0,17,17,1230,2296,729,3025
4,20910,14994,0,0,17,17,1230,8,1323,1331
4,20925,16875,0,0,15,15,1395,15004,1125,16129
4,20930,1134,0,0,14,14,1495,2116,81,2197
4,20944,1296,0,0,16,16,1309,1088,243,1331
4,20944,13328,0,0,16,16,1309,1444,833,2277
4,20944,13328,0,0,16,16,1309,1472,2499,3971
4,20944,14256,0,0,16,16,1309,64,2673,2737
4,20944,18032,0,0,16,16,1309,204,1127,1331
4,20944,18032,0,0,16,16,1309,2052,1127,3179
4,20961,17,0,0,17,17,1233,7124,1,7125
4,20961,17,0,0,34,17,1233,1520,1,1521
4,20972,2268,0,0,14,14,1498,5000,243,5243
4,20976,1296,0,0,16,16,1311,2116,81,2197
4,20995,13,0,0,13,13,1615,1700,1,1701
4,20995,13,0,0,26,13,1615,3024,1,3025
4,20995,351,0,0,13,13,1615,2500,27,2527
4,20995,513,0,0,19,19,1105,1600,81,1681
4,20995,1625,0,0,13,13,1615,4788,125,4913
4,20995,2717,0,0,13,13,1615,1088,627,1715
4,20995,2925,0,0,13,13,1615,21952,675,22627
4,20995,3315,0,0,13,13,1615,1024,1275,2299
4,20995,4459,0,0,13,13,1615,4332,343,4675
4,20995,4693,0,0,13,13,1615,1764,361,2125
4,20995,6669,0,0,13,13,1615,3136,1539,4675
4,20995,7007,0,0,13,13,1615,1836,539,2375
4,20995,10829,0,0,13,13,1615,972,833,1805
4,20995,11583,0,0,13,13,1615,2240,2673,4913
4,20995,12597,0,0,13,13,1615,2156,969,3125
4,20995,13243,0,0,19,19,1105,1500,697,2197
4,20995,13585,0,0,13,13,1615,7168,5225,12393
4,20995,16473,0,0,19,19,1105,64,2601,2665
4,20995,17303,0,0,13,13,1615,4500,1331,5831
4,20995,17303,0,0,13,13,1615,9604,1331,10935
4,20995,17875,0,0,13,13,1615,4116,1375,5491
4,20995,17901,0,0,13,13,1615,7744,4131,11875
4,20995,20007,0,0,13,13,1615,484,1539,2023
4,20995,20007,0,0,13,13,1615,1156,1539,2695
4,20999,891,0,0,11,11,1909,2116,81,2197
4,21000,3000,0,0,12,12,1750,4704,625,5329
4,21000,6000,0,0,24,12,1750,4704,625,5329
4,21042,2338,0,0,14,14,1503,1548,167,1715
4,21060,4860,0,0,20,20,1053,2500,243,2743
4,21060,14196,0,0,12,12,1755,1004,1183,2187
4,21060,14700,0,0,12,12,1755,972,1225,2197
4,21063,21,0,0,21,21,1003,2124,1,2125
4,21098,2750,0,0,11,11,1918,18144,625,18769
4,21109,19,0,0,38,19,1111,1616,1,1617
4,21109,21109,0,0,19,19,1111,212,1111,1323
4,21114,162,0,0,18,18,1173,2116,9,2125
4,21120,90,0,0,15,15,1408,2200,9,2209
4,21120,810,0,0,15,15,1408,5632,243,5875
4,21150,750,0,0,15,15,1410,11296,125,11421
4,21153,11,0,0,22,11,1923,3024,1,3025
4,21153,14641,0,0,11,11,1923,9604,1331,10935
4,21165,1411,0,0,17,17,1245,1600,249,1849
4,21168,144,0,0,32,16,1323,2800,9,2809
4,21180,9300,0,0,12,12,1765,1412,775,2187
4,21190,12714,0,0,13,13,1630,512,4401,4913
4,21204,7068,0,0,12,12,1767,3132,589,3721
4,21210,378,0,0,14,14,1515,1600,81,1681
4,21210,1050,0,0,21,21,1010,2048,275,2323
4,21210,15930,0,0,15,15,1414,808,1593,2401
4,21216,648,0,0,12,12,1768,3400,81,3481
4,21229,9477,0,0,13,13,1633,320,2187,2507
4,21240,9720,0,0,20,20,1062,392,729,1121
4,21242,12350,0,0,19,19,1118,224,1625,1849
4,21252,5796,0,0,14,14,1518,512,1863,2375
4,21252,16548,0,0,12,12,1771,484,1379,1863
4,21255,21255,0,0,30,15,1417,432,1417,1849
4,21280,224,0,0,16,16,1330,3200,49,3249
4,21280,448,0,0,32,16,1330,3200,49,3249
4,21280,1568,0,0,16,16,1330,2432,343,2775
4,21280,13794,0,0,19,19,1120,136,1089,1225
4,21280,15390,0,0,19,19,1120,32,2025,2057
4,21280,16758,0,0,19,19,1120,8,1323,1331
4,21285,15,0,0,30,15,1419,7568,1,7569
4,21285,8019,0,0,11,11,1935,7396,729,8125
4,21294,702,0,0,13,13,1638,8200,81,8281
4,21294,2366,0,0,13,13,1638,8192,1183,9375
4,21294,4550,0,0,13,13,1638,1312,875,2187
4,21294,4732,0,0,26,13,1638,8192,1183,9375
4,21294,11466,0,0,18,18,1183,64,1911,1975
4,21294,12798,0,0,18,18,1183,64,2133,2197
4,21300,20,0,0,20,20,1065,3124,1,3125
4,21300,20,0,0,20,20,1065,5324,1,5325
4,21318,13750,0,0,11,11,1938,512,5625,6137
4,21318,14850,0,0,11,11,1938,2888,2025,4913
4,21360,4272,0,0,16,16,1335,1600,801,2401
4,21375,1539,0,0,19,19,1125,1472,243,1715
4,21384,13068,0,0,18,18,1188,136,1089,1225
4,21384,14580,0,0,18,18,1188,32,2025,2057
4,21384,15876,0,0,18,18,1188,8,1323,1331
4,21396,21396,0,0,24,12,1783,240,1783,2023
4,21420,108,0,0,12,12,1785,12500,9,12509
4,21420,2220,0,0,20,20,1071,1088,333,1421
4,21420,2250,0,0,15,15,1428,2048,825,2873
4,21420,2730,0,0,15,15,1428,8192,1183,9375
4,21420,3402,0,0,21,21,1020,512,729,1241
4,21420,3402,0,0,21,21,1020,2312,243,2555
4,21420,3630,0,0,15,15,1428,1352,363,1715
4,21420,4590,0,0,15,15,1428,1400,459,1859
4,21420,5250,0,0,21,21,1020,4704,625,5329
4,21420,6630,0,0,15,15,1428,640,1547,2187
4,21420,6630,0,0,15,15,1428,1568,1105,2673
4,21420,6630,0,0,15,15,1428,6144,2431,8575
4,21420,8910,0,0,15,15,1428,512,2673,3185
4,21420,10530,0,0,15,15,1428,392,1053,1445
4,21420,12150,0,0,15,15,1428,32,2025,2057
4,21420,12750,0,0,15,15,1428,416,2125,2541
4,21420,13230,0,0,15,15,1428,6656,3969,10625
4,21420,16170,0,0,15,15,1428,8,1617,1625
4,21420,16170,0,0,15,15,1428,16000,3773,19773
4,21420,16820,0,0,20,20,1071,972,841,1813
4,21420,18150,0,0,15,15,1428,20384,3025,23409
4,21462,3150,0,0,14,14,1533,1024,1125,2149
4,21463,10179,0,0,13,13,1651,64,2349,2413
4,21483,99,0,0,11,11,1953,2116,9,2125
4,21483,567,0,0,21,21,1023,1600,81,1681
4,21483,1375,0,0,11,11,1953,3844,125,3969
4,21483,2625,0,0,21,21,1023,15004,125,15129
4,21483,4455,0,0,11,11,1953,4508,405,4913
4,21483,5819,0,0,11,11,1953,19652,529,20181
4,21483,7843,0,0,11,11,1953,2500,713,3213
4,21483,8019,0,0,11,11,1953,448,2187,2635
4,21483,9207,0,0,11,11,1953,1564,837,2401
4,21483,17457,0,0,11,11,1953,1024,7935,8959
4,21483,20181,0,0,21,21,1023,164,961,1125
4,21489,7163,0,0,13,13,1653,1324,551,1875
4,21504,72,0,0,12,12,1792,2392,9,2401
4,21510,54,0,0,18,18,1195,1216,9,1225
4,21510,486,0,0,18,18,1195,2500,27,2527
4,21520,10000,0,0,16,16,1345,1796,625,2421
4,21525,15,0,0,30,15,1435,1680,1,1681
4,21525,405,0,0,15,15,1435,1600,81,1681
4,21525,3645,0,0,15,15,1435,2624,729,3353
4,21540,8748,0,0,12,12,1795,2396,729,3125
4,21560,17640,0,0,20,20,1078,8,1323,1331
4,21567,14931,0,0,21,21,1027,64,2133,2197
4,21567,21567,0,0,13,13,1659,9664,4977,14641
4,21593,6875,0,0,11,11,1963,1572,625,2197
4,21615,15,0,0,15,15,1441,1572,1,1573
4,21615,4995,0,0,15,15,1441,704,999,1703
4,21616,8624,0,0,16,16,1351,64,1617,1681
4,21630,14,0,0,14,14,1545,1700,1,1701
4,21630,14,0,0,28,14,1545,10608,1,10609
4,21630,378,0,0,14,14,1545,2548,27,2575
4,21630,686,0,0,14,14,1545,3708,49,3757
4,21630,4802,0,0,14,14,1545,16384,2401,18785
4,21630,6370,0,0,14,14,1545,17408,2275,19683
4,21630,8750,0,0,14,14,1545,8748,625,9373
4,21630,10094,0,0,14,14,1545,1404,721,2125
4,21630,17150,0,0,14,14,1545,972,1225,2197
4,21641,17,0,0,17,17,1273,1444,1,1445
4,21641,2601,0,0,17,17,1273,1216,459,1675
4,21641,21641,0,0,68,17,1273,4352,1273,5625
4,21645,15,0,0,30,15,1443,4624,1,4625
4,21648,432,0,0,16,16,1353,1600,81,1681
4,21648,1512,0,0,12,12,1804,1408,441,1849
4,21660,60,0,0,20,20,1083,1216,9,1225
4,21660,540,0,0,20,20,1083,2500,27,2527
4,21660,2500,0,0,20,20,1083,3844,125,3969
4,21660,6860,0,0,20,20,1083,11532,343,11875
4,21660,11780,0,0,20,20,1083,1024,2945,3969
4,21672,8232,0,0,12,12,1806,10368,2401,12769
4,21696,10976,0,0,16,16,1356,10368,2401,12769
4,21710,9386,0,0,13,13,1670,32,1805,1837
4,21726,1278,0,0,18,18,1207,1984,213,2197
4,21735,189,0,0,21,21,1035,2116,9,2125
4,21756,12,0,0,24,12,1813,3024,1,3025
4,21756,588,0,0,24,12,1813,6512,49,6561
4,21756,15972,0,0,12,12,1813,9604,1331,10935
4,21775,9477,0,0,13,13,1675,7396,729,8125
4,21780,13750,0,0,11,11,1980,7776,3125,10901
4,21795,21795,0,0,15,15,1453,972,1453,2425
4,21800,3640,0,0,20,20,1090,8192,1183,9375
4,21801,1053,0,0,13,13,1677,2116,81,2197
4,21808,16,0,0,16,16,1363,4900,1,4901
4,21808,16,0,0,32,16,1363,5264,1,5265
4,21808,3248,0,0,16,16,1363,1600,609,2209
4,21808,6768,0,0,16,16,1363,1856,1269,3125
4,21808,11664,0,0,16,16,1363,23660,729,24389
4,21808,19600,0,0,16,16,1363,972,1225,2197
4,21816,312,0,0,12,12,1818,24576,169,24745
4,21816,2184,0,0,12,12,1818,8192,1183,9375
4,21825,1125,0,0,15,15,1455,1984,225,2209
4,21840,19600,0,0,16,16,1365,972,1225,2197
4,21845,17,0,0,17,17,1285,13364,1,13365
4,21879,1331,0,0,11,11,1989,19652,121,19773
4,21879,2431,0,0,26,13,1683,2000,187,2187
4,21900,4860,0,0,12,12,1825,4672,1215,5887
4,21903,21,0,0,21,21,1043,3724,1,3725
4,21907,19,0,0,38,19,1153,3024,1,3025
4,21907,8379,0,0,19,19,1153,5324,441,5765
4,21907,21907,0,0,76,19,1153,2816,1153,3969
4,21923,297,0,0,11,11,1993,2500,27,2527
4,21923,3971,0,0,11,11,1993,9604,361,9965
4,21924,108,0,0,24,12,1827,3472,9,3481
4,21930,170,0,0,17,17,1290,1824,25,1849
4,21930,340,0,0,34,17,1290,1824,25,1849
4,21930,21250,0,0,17,17,1290,512,5625,6137
4,21945,19,0,0,19,19,1155,4004,1,4005
4,21945,19,0,0,38,19,1155,3024,1,3025
4,21945,19,0,0,38,19,1155,7920,1,7921
4,21945,297,0,0,11,11,1995,2500,27,2527
4,21945,2375,0,0,19,19,1155,2548,125,2673
4,21945,3211,0,0,19,19,1155,1024,845,1869
4,21945,5073,0,0,19,19,1155,1600,801,2401
4,21945,6669,0,0,19,19,1155,980,351,1331
4,21945,6897,0,0,19,19,1155,3136,1089,4225
4,21945,7125,0,0,19,19,1155,448,1125,1573
4,21945,9633,0,0,19,19,1155,704,1521,2225
4,21945,10241,0,0,19,19,1155,676,539,1215
4,21945,15219,0,0,19,19,1155,5324,801,6125
4,21945,15675,0,0,19,19,1155,1372,825,2197
4,21945,18525,0,0,19,19,1155,356,975,1331
4,21996,8748,0,0,12,12,1833,1468,729,2197
4,22020,30,0,0,15,15,1468,2560,9,2569
4,22020,60,0,0,30,15,1468,2560,9,2569
4,22020,120,0,0,60,15,1468,2560,9,2569
4,22020,4410,0,0,15,15,1468,512,1323,1835
4,22022,14,0,0,28,14,1573,3024,1,3025
4,22022,1750,0,0,14,14,1573,2548,125,2673
4,22022,5082,0,0,14,14,1573,3136,1089,4225
4,22022,11550,0,0,14,14,1573,1372,825,2197
4,22022,17150,0,0,14,14,1573,972,1225,2197
4,22022,18634,0,0,14,14,1573,9604,1331,10935
4,22032,108,0,0,18,18,1224,4904,9,4913
4,22044,12,0,0,24,12,1837,2672,1,2673
4,22048,12000,0,0,16,16,1378,512,3375,3887
4,22050,378,0,0,14,14,1575,2500,27,2527
4,22050,8134,0,0,14,14,1575,1444,581,2025
4,22066,22,0,0,22,22,1003,2124,1,2125
4,22100,540,0,0,20,20,1105,1600,81,1681
4,22100,3094,0,0,17,17,1300,8192,1183,9375
4,22100,13940,0,0,20,20,1105,1500,697,2197
4,22100,17340,0,0,20,20,1105,64,2601,2665
4,22113,5103,0,0,21,21,1053,2500,243,2743
4,22116,108,0,0,12,12,1843,3116,9,3125
4,22116,20172,0,0,12,12,1843,1444,1681,3125
4,22128,10000,0,0,16,16,1383,1024,3125,4149
4,22140,324,0,0,18,18,1230,13448,27,13475
4,22140,4500,0,0,18,18,1230,1056,625,1681
4,22140,6300,0,0,18,18,1230,128,1225,1353
4,22140,6300,0,0,18,18,1230,1312,875,2187
4,22140,8748,0,0,18,18,1230,2296,729,3025
4,22140,15876,0,0,18,18,1230,8,1323,1331
4,22148,9604,0,0,14,14,1582,10368,2401,12769
4,22152,168,0,0,12,12,1846,4992,49,5041
4,22152,5832,0,0,12,12,1846,4312,729,5041
4,22152,5832,0,0,12,12,1846,27832,729,28561
4,22165,7397,0,0,13,13,1705,2500,569,3069
4,22192,11664,0,0,16,16,1387,4672,2187,6859
4,22194,18,0,0,18,18,1233,7124,1,7125
4,22194,18,0,0,36,18,1233,1520,1,1521
4,22204,182,0,0,13,13,1708,3200,49,3249
4,22204,364,0,0,26,13,1708,3200,49,3249
4,22220,20,0,0,40,20,1111,1616,1,1617
4,22220,1100,0,0,22,22,1010,2048,275,2323
4,22220,22220,0,0,20,20,1111,212,1111,1323
4,22230,2430,0,0,15,15,1482,2968,243,3211
4,22230,17550,0,0,13,13,1710,8,2025,2033
4,22253,1377,0,0,17,17,1309,1088,243,1331
4,22253,14161,0,0,17,17,1309,1444,833,2277
4,22253,14161,0,0,17,17,1309,1472,2499,3971
4,22253,15147,0,0,17,17,1309,64,2673,2737
4,22253,19159,0,0,17,17,1309,204,1127,1331
4,22253,19159,0,0,17,17,1309,2052,1127,3179
4,22274,3402,0,0,14,14,1591,2752,729,3481
4,22287,171,0,0,19,19,1173,2116,9,2125
4,22287,1377,0,0,17,17,1311,2116,81,2197
4,22288,2000,0,0,16,16,1393,3844,125,3969
4,22288,16464,0,0,16,16,1393,1024,5145,6169
4,22302,14,0,0,56,14,1593,7424,1,7425
4,22302,10206,0,0,21,21,1062,392,729,1121
4,22320,168,0,0,12,12,1860,3200,49,3249
4,22320,18000,0,0,16,16,1395,15004,1125,16129
4,22360,4550,0,0,13,13,1720,1312,875,2187
4,22360,5330,0,0,13,13,1720,1376,1025,2401
4,22360,9594,0,0,13,13,1720,1000,1107,2107
4,22360,13000,0,0,20,20,1118,224,1625,1849
4,22365,21,0,0,21,21,1065,3124,1,3125
4,22365,21,0,0,21,21,1065,5324,1,5325
4,22400,14520,0,0,20,20,1120,136,1089,1225
4,22400,16200,0,0,20,20,1120,32,2025,2057
4,22400,17640,0,0,20,20,1120,8,1323,1331
4,22410,1494,0,0,18,18,1245,1600,249,1849
4,22425,1215,0,0,15,15,1495,2116,81,2197
4,22440,1800,0,0,12,12,1870,2048,825,2873
4,22440,3564,0,0,22,22,1020,512,729,1241
4,22440,3564,0,0,22,22,1020,2312,243,2555
4,22440,5500,0,0,22,22,1020,4704,625,5329
4,22440,9720,0,0,12,12,1870,32,2025,2057
4,22440,21384,0,0,12,12,1870,200,2673,2873
4,22470,2430,0,0,15,15,1498,5000,243,5243
4,22477,7501,0,0,13,13,1729,4116,577,4693
4,22477,12103,0,0,19,19,1183,64,1911,1975
4,22477,13509,0,0,19,19,1183,64,2133,2197
4,22491,153,0,0,34,17,1323,2800,9,2809
4,22491,2331,0,0,21,21,1071,1088,333,1421
4,22491,17661,0,0,21,21,1071,972,841,1813
4,22500,1620,0,0,20,20,1125,1472,243,1715
4,22506,594,0,0,22,22,1023,1600,81,1681
4,22506,2750,0,0,22,22,1023,15004,125,15129
4,22506,21142,0,0,22,22,1023,164,961,1125
4,22512,196,0,0,14,14,1608,8576,49,8625
4,22528,96,0,0,16,16,1408,2200,9,2209
4,22528,864,0,0,16,16,1408,5632,243,5875
4,22545,2505,0,0,15,15,1503,1548,167,1715
4,22560,800,0,0,16,16,1410,11296,125,11421
4,22572,13794,0,0,19,19,1188,136,1089,1225
4,22572,15390,0,0,19,19,1188,32,2025,2057
4,22572,16758,0,0,19,19,1188,8,1323,1331
4,22594,15642,0,0,22,22,1027,64,2133,2197
4,22596,12,0,0,12,12,1883,4900,1,4901
4,22610,14,0,0,14,14,1615,1700,1,1701
4,22610,14,0,0,28,14,1615,3024,1,3025
4,22610,238,0,0,17,17,1330,3200,49,3249
4,22610,378,0,0,14,14,1615,2500,27,2527
4,22610,476,0,0,34,17,1330,3200,49,3249
4,22610,1666,0,0,17,17,1330,2432,343,2775
4,22610,1750,0,0,14,14,1615,4788,125,4913
4,22610,2926,0,0,14,14,1615,1088,627,1715
4,22610,3150,0,0,14,14,1615,21952,675,22627
4,22610,3570,0,0,14,14,1615,1024,1275,2299
4,22610,4802,0,0,14,14,1615,4332,343,4675
4,22610,5054,0,0,14,14,1615,1764,361,2125
4,22610,7182,0,0,14,14,1615,3136,1539,4675
4,22610,7546,0,0,14,14,1615,1836,539,2375
4,22610,11662,0,0,14,14,1615,972,833,1805
4,22610,12474,0,0,14,14,1615,2240,2673,4913
4,22610,13566,0,0,14,14,1615,2156,969,3125
4,22610,14630,0,0,14,14,1615,7168,5225,12393
4,22610,18634,0,0,14,14,1615,4500,1331,5831
4,22610,18634,0,0,14,14,1615,9604,1331,10935
4,22610,19250,0,0,14,14,1615,4116,1375,5491
4,22610,19278,0,0,14,14,1615,7744,4131,11875
4,22610,21546,0,0,14,14,1615,484,1539,2023
4,22610,21546,0,0,14,14,1615,1156,1539,2695
4,22620,12,0,0,24,12,1885,4624,1,4625
4,22620,702,0,0,13,13,1740,15544,81,15625
4,22620,2700,0,0,12,12,1885,1972,225,2197
4,22620,5100,0,0,12,12,1885,1924,425,2349
4,22620,7500,0,0,12,12,1885,3132,625,3757
4,22620,10092,0,0,12,12,1885,2916,841,3757
4,22620,18850,0,0,13,13,1740,864,3625,4489
4,22624,16992,0,0,16,16,1414,808,1593,2401
4,22638,18522,0,0,21,21,1078,8,1323,1331
4,22672,22672,0,0,32,16,1417,432,1417,1849
4,22695,4539,0,0,17,17,1335,1600,801,2401
4,22704,16,0,0,32,16,1419,7568,1,7569
4,22705,57,0,0,19,19,1195,1216,9,1225
4,22705,513,0,0,19,19,1195,2500,27,2527
4,22725,405,0,0,15,15,1515,1600,81,1681
4,22743,63,0,0,21,21,1083,1216,9,1225
4,22743,567,0,0,21,21,1083,2500,27,2527
4,22743,2625,0,0,21,21,1083,3844,125,3969
4,22743,7203,0,0,21,21,1083,11532,343,11875
4,22743,12369,0,0,21,21,1083,1024,2945,3969
4,22750,3250,0,0,13,13,1750,4704,625,5329
4,22750,6500,0,0,26,13,1750,4704,625,5329
4,22770,198,0,0,22,22,1035,2116,9,2125
4,22770,6210,0,0,15,15,1518,512,1863,2375
4,22815,15379,0,0,13,13,1755,1004,1183,2187
4,22815,15925,0,0,13,13,1755,972,1225,2197
4,22820,13692,0,0,14,14,1630,512,4401,4913
4,22848,2400,0,0,16,16,1428,2048,825,2873
4,22848,2912,0,0,16,16,1428,8192,1183,9375
4,22848,3872,0,0,16,16,1428,1352,363,1715
4,22848,4896,0,0,16,16,1428,1400,459,1859
4,22848,7072,0,0,16,16,1428,640,1547,2187
4,22848,7072,0,0,16,16,1428,1568,1105,2673
4,22848,7072,0,0,16,16,1428,6144,2431,8575
4,22848,9504,0,0,16,16,1428,512,2673,3185
4,22848,11232,0,0,16,16,1428,392,1053,1445
4,22848,12960,0,0,16,16,1428,32,2025,2057
4,22848,13600,0,0,16,16,1428,416,2125,2541
4,22848,14112,0,0,16,16,1428,6656,3969,10625
4,22848,17248,0,0,16,16,1428,8,1617,1625
4,22848,17248,0,0,16,16,1428,16000,3773,19773
4,22848,19360,0,0,16,16,1428,20384,3025,23409
4,22862,10206,0,0,14,14,1633,320,2187,2507
4,22865,10625,0,0,17,17,1345,1796,625,2421
4,22890,3822,0,0,21,21,1090,8192,1183,9375
4,22908,972,0,0,12,12,1909,2116,81,2197
4,22914,18,0,0,18,18,1273,1444,1,1445
4,22914,2754,0,0,18,18,1273,1216,459,1675
4,22914,22914,0,0,72,18,1273,4352,1273,5625
4,22932,756,0,0,14,14,1638,8200,81,8281
4,22932,2548,0,0,14,14,1638,8192,1183,9375
4,22932,4900,0,0,14,14,1638,1312,875,2187
4,22932,5096,0,0,28,14,1638,8192,1183,9375
4,22933,1349,0,0,19,19,1207,1984,213,2197
4,22945,10075,0,0,13,13,1765,1412,775,2187
4,22946,22,0,0,22,22,1043,3724,1,3725
4,22960,16,0,0,32,16,1435,1680,1,1681
4,22960,432,0,0,16,16,1435,1600,81,1681
4,22960,3888,0,0,16,16,1435,2624,729,3353
4,22967,9163,0,0,17,17,1351,64,1617,1681
4,22971,7657,0,0,13,13,1767,3132,589,3721
4,22984,702,0,0,13,13,1768,3400,81,3481
4,22995,3375,0,0,15,15,1533,1024,1125,2149
4,23001,459,0,0,17,17,1353,1600,81,1681
4,23016,3000,0,0,12,12,1918,18144,625,18769
4,23023,17927,0,0,13,13,1771,484,1379,1863
4,23052,11662,0,0,17,17,1356,10368,2401,12769
4,23056,16,0,0,16,16,1441,1572,1,1573
4,23056,5328,0,0,16,16,1441,704,999,1703
4,23060,20,0,0,40,20,1153,3024,1,3025
4,23060,8820,0,0,20,20,1153,5324,441,5765
4,23060,23060,0,0,80,20,1153,2816,1153,3969
4,23069,23,0,0,23,23,1003,2124,1,2125
4,23076,12,0,0,24,12,1923,3024,1,3025
4,23076,15972,0,0,12,12,1923,9604,1331,10935
4,23088,16,0,0,32,16,1443,4624,1,4625
4,23100,20,0,0,20,20,1155,4004,1,4005
4,23100,20,0,0,40,20,1155,3024,1,3025
4,23100,20,0,0,40,20,1155,7920,1,7921
4,23100,2500,0,0,20,20,1155,2548,125,2673
4,23100,3380,0,0,20,20,1155,1024,845,1869
4,23100,5340,0,0,20,20,1155,1600,801,2401
4,23100,7020,0,0,20,20,1155,980,351,1331
4,23100,7260,0,0,20,20,1155,3136,1089,4225
4,23100,7500,0,0,20,20,1155,448,1125,1573
4,23100,10140,0,0,20,20,1155,704,1521,2225
4,23100,10780,0,0,20,20,1155,676,539,1215
4,23100,16020,0,0,20,20,1155,5324,801,6125
4,23100,16500,0,0,20,20,1155,1372,825,2197
4,23100,19500,0,0,20,20,1155,356,975,1331
4,23114,10962,0,0,14,14,1651,64,2349,2413
4,23130,18,0,0,18,18,1285,13364,1,13365
4,23142,7714,0,0,14,14,1653,1324,551,1875
4,23166,5346,0,0,22,22,1053,2500,243,2743
4,23171,17,0,0,17,17,1363,4900,1,4901
4,23171,17,0,0,34,17,1363,5264,1,5265
4,23171,3451,0,0,17,17,1363,1600,609,2209
4,23171,7191,0,0,17,17,1363,1856,1269,3125
4,23171,12393,0,0,17,17,1363,23660,729,24389
4,23171,20825,0,0,17,17,1363,972,1225,2197
4,23175,15,0,0,15,15,1545,1700,1,1701
4,23175,15,0,0,30,15,1545,10608,1,10609
4,23175,405,0,0,15,15,1545,2548,27,2575
4,23175,735,0,0,15,15,1545,3708,49,3757
4,23175,5145,0,0,15,15,1545,16384,2401,18785
4,23175,6825,0,0,15,15,1545,17408,2275,19683
4,23175,9375,0,0,15,15,1545,8748,625,9373
4,23175,10815,0,0,15,15,1545,1404,721,2125
4,23175,18375,0,0,15,15,1545,972,1225,2197
4,23179,23179,0,0,26,13,1783,240,1783,2023
4,23205,117,0,0,13,13,1785,12500,9,12509
4,23205,567,0,0,21,21,1105,1600,81,1681
4,23205,14637,0,0,21,21,1105,1500,697,2197
4,23205,18207,0,0,21,21,1105,64,2601,2665
4,23205,20825,0,0,17,17,1365,972,1225,2197
4,23220,180,0,0,18,18,1290,1824,25,1849
4,23220,360,0,0,36,18,1290,1824,25,1849
4,23220,8748,0,0,12,12,1935,7396,729,8125
4,23220,22500,0,0,18,18,1290,512,5625,6137
4,23226,23226,0,0,14,14,1659,9664,4977,14641
4,23230,1150,0,0,23,23,1010,2048,275,2323
4,23248,23248,0,0,16,16,1453,972,1453,2425
4,23256,114,0,0,19,19,1224,4904,9,4913
4,23256,15000,0,0,12,12,1938,512,5625,6137
4,23256,16200,0,0,12,12,1938,2888,2025,4913
4,23280,1200,0,0,16,16,1455,1984,225,2209
4,23296,78,0,0,13,13,1792,2392,9,2401
4,23331,21,0,0,42,21,1111,1616,1,1617
4,23331,23331,0,0,21,21,1111,212,1111,1323
4,23335,9477,0,0,13,13,1795,2396,729,3125
4,23364,10692,0,0,22,22,1062,392,729,1121
4,23370,342,0,0,19,19,1230,13448,27,13475
4,23370,4750,0,0,19,19,1230,1056,625,1681
4,23370,6650,0,0,19,19,1230,128,1225,1353
4,23370,6650,0,0,19,19,1230,1312,875,2187
4,23370,9234,0,0,19,19,1230,2296,729,3025
4,23370,16758,0,0,19,19,1230,8,1323,1331
4,23380,10108,0,0,14,14,1670,32,1805,1837
4,23400,3276,0,0,18,18,1300,8192,1183,9375
4,23426,12750,0,0,17,17,1378,512,3375,3887
4,23427,19,0,0,19,19,1233,7124,1,7125
4,23427,19,0,0,38,19,1233,1520,1,1521
4,23430,22,0,0,22,22,1065,3124,1,3125
4,23430,22,0,0,22,22,1065,5324,1,5325
4,23436,108,0,0,12,12,1953,2116,9,2125
4,23436,1500,0,0,12,12,1953,3844,125,3969
4,23436,4860,0,0,12,12,1953,4508,405,4913
4,23436,6348,0,0,12,12,1953,19652,529,20181
4,23436,8556,0,0,12,12,1953,2500,713,3213
4,23436,8748,0,0,12,12,1953,448,2187,2635
4,23436,10044,0,0,12,12,1953,1564,837,2401
4,23436,19044,0,0,12,12,1953,1024,7935,8959
4,23450,10206,0,0,14,14,1675,7396,729,8125
4,23452,1638,0,0,13,13,1804,1408,441,1849
4,23460,180,0,0,20,20,1173,2116,9,2125
4,23460,3726,0,0,23,23,1020,512,729,1241
4,23460,3726,0,0,23,23,1020,2312,243,2555
4,23460,5750,0,0,23,23,1020,4704,625,5329
4,23478,1134,0,0,14,14,1677,2116,81,2197
4,23478,8918,0,0,13,13,1806,10368,2401,12769
4,23478,13650,0,0,21,21,1118,224,1625,1849
4,23488,32,0,0,16,16,1468,2560,9,2569
4,23488,64,0,0,32,16,1468,2560,9,2569
4,23488,128,0,0,64,16,1468,2560,9,2569
4,23488,4704,0,0,16,16,1468,512,1323,1835
4,23511,10625,0,0,17,17,1383,1024,3125,4149
4,23520,15246,0,0,21,21,1120,136,1089,1225
4,23520,17010,0,0,21,21,1120,32,2025,2057
4,23520,18522,0,0,21,21,1120,8,1323,1331
4,23529,621,0,0,23,23,1023,1600,81,1681
4,23529,2875,0,0,23,23,1023,15004,125,15129
4,23529,22103,0,0,23,23,1023,164,961,1125
4,23556,7500,0,0,12,12,1963,1572,625,2197
4,23562,1458,0,0,18,18,1309,1088,243,1331
4,23562,2442,0,0,22,22,1071,1088,333,1421
4,23562,2618,0,0,28,14,1683,2000,187,2187
4,23562,14994,0,0,18,18,1309,1444,833,2277
4,23562,14994,0,0,18,18,1309,1472,2499,3971
4,23562,16038,0,0,18,18,1309,64,2673,2737
4,23562,18502,0,0,22,22,1071,972,841,1813
4,23562,20286,0,0,18,18,1309,204,1127,1331
4,23562,20286,0,0,18,18,1309,2052,1127,3179
4,23569,13,0,0,26,13,1813,3024,1,3025
4,23569,637,0,0,26,13,1813,6512,49,6561
4,23569,17303,0,0,13,13,1813,9604,1331,10935
4,23579,12393,0,0,17,17,1387,4672,2187,6859
4,23595,15,0,0,30,15,1573,3024,1,3025
4,23595,1875,0,0,15,15,1573,2548,125,2673
4,23595,5445,0,0,15,15,1573,3136,1089,4225
4,23595,12375,0,0,15,15,1573,1372,825,2197
4,23595,18375,0,0,15,15,1573,972,1225,2197
4,23595,19965,0,0,15,15,1573,9604,1331,10935
4,23598,1458,0,0,18,18,1311,2116,81,2197
4,23621,16353,0,0,23,23,1027,64,2133,2197
4,23625,405,0,0,15,15,1575,2500,27,2527
4,23625,1701,0,0,21,21,1125,1472,243,1715
4,23625,8715,0,0,15,15,1575,1444,581,2025
4,23634,338,0,0,13,13,1818,24576,169,24745
4,23634,2366,0,0,13,13,1818,8192,1183,9375
4,23655,1577,0,0,19,19,1245,1600,249,1849
4,23660,12740,0,0,20,20,1183,64,1911,1975
4,23660,14220,0,0,20,20,1183,64,2133,2197
4,23681,2125,0,0,17,17,1393,3844,125,3969
4,23681,17493,0,0,17,17,1393,1024,5145,6169
4,23712,2592,0,0,16,16,1482,2968,243,3211
4,23715,19125,0,0,17,17,1395,15004,1125,16129
4,23716,19404,0,0,22,22,1078,8,1323,1331
4,23725,5265,0,0,13,13,1825,4672,1215,5887
4,23730,10290,0,0,15,15,1582,10368,2401,12769
4,23751,117,0,0,26,13,1827,3472,9,3481
4,23760,14520,0,0,20,20,1188,136,1089,1225
4,23760,15000,0,0,12,12,1980,7776,3125,10901
4,23760,16200,0,0,20,20,1188,32,2025,2057
4,23760,17640,0,0,20,20,1188,8,1323,1331
4,23805,207,0,0,23,23,1035,2116,9,2125
4,23814,162,0,0,36,18,1323,2800,9,2809
4,23826,66,0,0,22,22,1083,1216,9,1225
4,23826,594,0,0,22,22,1083,2500,27,2527
4,23826,2750,0,0,22,22,1083,3844,125,3969
4,23826,7546,0,0,22,22,1083,11532,343,11875
4,23826,12958,0,0,22,22,1083,1024,2945,3969
4,23829,9477,0,0,13,13,1833,1468,729,2197
4,23865,3645,0,0,15,15,1591,2752,729,3481
4,23868,1452,0,0,12,12,1989,19652,121,19773
4,23870,7966,0,0,14,14,1705,2500,569,3069
4,23881,13,0,0,26,13,1837,2672,1,2673
4,23895,15,0,0,60,15,1593,7424,1,7425
4,23900,60,0,0,20,20,1195,1216,9,1225
4,23900,540,0,0,20,20,1195,2500,27,2527
4,23912,196,0,0,14,14,1708,3200,49,3249
4,23912,392,0,0,28,14,1708,3200,49,3249
4,23916,324,0,0,12,12,1993,2500,27,2527
4,23916,4332,0,0,12,12,1993,9604,361,9965
4,23920,1296,0,0,16,16,1495,2116,81,2197
4,23936,102,0,0,17,17,1408,2200,9,2209
4,23936,918,0,0,17,17,1408,5632,243,5875
4,23940,252,0,0,18,18,1330,3200,49,3249
4,23940,324,0,0,12,12,1995,2500,27,2527
4,23940,504,0,0,36,18,1330,3200,49,3249
4,23940,1764,0,0,18,18,1330,2432,343,2775
4,23940,18900,0,0,14,14,1710,8,2025,2033
4,23959,117,0,0,13,13,1843,3116,9,3125
4,23959,21853,0,0,13,13,1843,1444,1681,3125
4,23968,2592,0,0,16,16,1498,5000,243,5243
4,23970,850,0,0,17,17,1410,11296,125,11421
4,23980,4004,0,0,22,22,1090,8192,1183,9375
4,23989,23,0,0,23,23,1043,3724,1,3725
4,23998,182,0,0,13,13,1846,4992,49,5041
4,23998,6318,0,0,13,13,1846,4312,729,5041
4,23998,6318,0,0,13,13,1846,27832,729,28561
4,24030,4806,0,0,18,18,1335,1600,801,2401
4,24038,18054,0,0,17,17,1414,808,1593,2401
4,24048,2672,0,0,16,16,1503,1548,167,1715
4,24072,24,0,0,24,24,1003,2124,1,2125
4,24080,4900,0,0,14,14,1720,1312,875,2187
4,24080,5740,0,0,14,14,1720,1376,1025,2401
4,24080,10332,0,0,14,14,1720,1000,1107,2107
4,24089,24089,0,0,34,17,1417,432,1417,1849
4,24120,210,0,0,15,15,1608,8576,49,8625
4,24123,17,0,0,34,17,1419,7568,1,7569
4,24140,1420,0,0,20,20,1207,1984,213,2197
4,24180,182,0,0,13,13,1860,3200,49,3249
4,24187,19,0,0,19,19,1273,1444,1,1445
4,24187,2907,0,0,19,19,1273,1216,459,1675
4,24187,24187,0,0,76,19,1273,4352,1273,5625
4,24206,8078,0,0,14,14,1729,4116,577,4693
4,24210,11250,0,0,18,18,1345,1796,625,2421
4,24213,21,0,0,42,21,1153,3024,1,3025
4,24213,9261,0,0,21,21,1153,5324,441,5765
4,24213,24213,0,0,84,21,1153,2816,1153,3969
4,24219,5589,0,0,23,23,1053,2500,243,2743
4,24225,15,0,0,15,15,1615,1700,1,1701
4,24225,15,0,0,30,15,1615,3024,1,3025
4,24225,405,0,0,15,15,1615,2500,27,2527
4,24225,1875,0,0,15,15,1615,4788,125,4913
4,24225,3135,0,0,15,15,1615,1088,627,1715
4,24225,3375,0,0,15,15,1615,21952,675,22627
4,24225,3825,0,0,15,15,1615,1024,1275,2299
4,24225,5145,0,0,15,15,1615,4332,343,4675
4,24225,5415,0,0,15,15,1615,1764,361,2125
4,24225,7695,0,0,15,15,1615,3136,1539,4675
4,24225,8085,0,0,15,15,1615,1836,539,2375
4,24225,12495,0,0,15,15,1615,972,833,1805
4,24225,13365,0,0,15,15,1615,2240,2673,4913
4,24225,14535,0,0,15,15,1615,2156,969,3125
4,24225,15675,0,0,15,15,1615,7168,5225,12393
4,24225,19965,0,0,15,15,1615,4500,1331,5831
4,24225,19965,0,0,15,15,1615,9604,1331,10935
4,24225,20625,0,0,15,15,1615,4116,1375,5491
4,24225,20655,0,0,15,15,1615,7744,4131,11875
4,24225,23085,0,0,15,15,1615,484,1539,2023
4,24225,23085,0,0,15,15,1615,1156,1539,2695
4,24240,432,0,0,16,16,1515,1600,81,1681
4,24240,1200,0,0,24,24,1010,2048,275,2323
4,24255,21,0,0,21,21,1155,4004,1,4005
4,24255,21,0,0,42,21,1155,3024,1,3025
4,24255,21,0,0,42,21,1155,7920,1,7921
4,24255,2625,0,0,21,21,1155,2548,125,2673
4,24255,3549,0,0,21,21,1155,1024,845,1869
4,24255,5607,0,0,21,21,1155,1600,801,2401
4,24255,7371,0,0,21,21,1155,980,351,1331
4,24255,7623,0,0,21,21,1155,3136,1089,4225
4,24255,7875,0,0,21,21,1155,448,1125,1573
4,24255,10647,0,0,21,21,1155,704,1521,2225
4,24255,11319,0,0,21,21,1155,676,539,1215
4,24255,16821,0,0,21,21,1155,5324,801,6125
4,24255,17325,0,0,21,21,1155,1372,825,2197
4,24255,20475,0,0,21,21,1155,356,975,1331
4,24276,2550,0,0,17,17,1428,2048,825,2873
4,24276,3094,0,0,17,17,1428,8192,1183,9375
4,24276,4114,0,0,17,17,1428,1352,363,1715
4,24276,5202,0,0,17,17,1428,1400,459,1859
4,24276,7514,0,0,17,17,1428,640,1547,2187
4,24276,7514,0,0,17,17,1428,1568,1105,2673
4,24276,7514,0,0,17,17,1428,6144,2431,8575
4,24276,10098,0,0,17,17,1428,512,2673,3185
4,24276,11934,0,0,17,17,1428,392,1053,1445
4,24276,13770,0,0,17,17,1428,32,2025,2057
4,24276,14450,0,0,17,17,1428,416,2125,2541
4,24276,14994,0,0,17,17,1428,6656,3969,10625
4,24276,18326,0,0,17,17,1428,8,1617,1625
4,24276,18326,0,0,17,17,1428,16000,3773,19773
4,24276,20570,0,0,17,17,1428,20384,3025,23409
4,24288,6624,0,0,16,16,1518,512,1863,2375
4,24310,594,0,0,22,22,1105,1600,81,1681
4,24310,1950,0,0,13,13,1870,2048,825,2873
4,24310,10530,0,0,13,13,1870,32,2025,2057
4,24310,15334,0,0,22,22,1105,1500,697,2197
4,24310,19074,0,0,22,22,1105,64,2601,2665
4,24310,23166,0,0,13,13,1870,200,2673,2873
4,24318,9702,0,0,18,18,1351,64,1617,1681
4,24354,486,0,0,18,18,1353,1600,81,1681
4,24360,756,0,0,14,14,1740,15544,81,15625
4,24360,20300,0,0,14,14,1740,864,3625,4489
4,24395,17,0,0,34,17,1435,1680,1,1681
4,24395,459,0,0,17,17,1435,1600,81,1681
4,24395,4131,0,0,17,17,1435,2624,729,3353
4,24408,12348,0,0,18,18,1356,10368,2401,12769
4,24415,19,0,0,19,19,1285,13364,1,13365
4,24426,11178,0,0,23,23,1062,392,729,1121
4,24442,22,0,0,44,22,1111,1616,1,1617
4,24442,24442,0,0,22,22,1111,212,1111,1323
4,24450,14670,0,0,15,15,1630,512,4401,4913
4,24479,13,0,0,13,13,1883,4900,1,4901
4,24480,120,0,0,20,20,1224,4904,9,4913
4,24480,3888,0,0,24,24,1020,512,729,1241
4,24480,3888,0,0,24,24,1020,2312,243,2555
4,24480,6000,0,0,24,24,1020,4704,625,5329
4,24495,23,0,0,23,23,1065,3124,1,3125
4,24495,23,0,0,23,23,1065,5324,1,5325
4,24495,10935,0,0,15,15,1633,320,2187,2507
4,24497,17,0,0,17,17,1441,1572,1,1573
4,24497,5661,0,0,17,17,1441,704,999,1703
4,24500,3500,0,0,14,14,1750,4704,625,5329
4,24500,7000,0,0,28,14,1750,4704,625,5329
4,24505,13,0,0,26,13,1885,4624,1,4625
4,24505,2925,0,0,13,13,1885,1972,225,2197
4,24505,5525,0,0,13,13,1885,1924,425,2349
4,24505,8125,0,0,13,13,1885,3132,625,3757
4,24505,10933,0,0,13,13,1885,2916,841,3757
4,24510,190,0,0,19,19,1290,1824,25,1849
4,24510,380,0,0,38,19,1290,1824,25,1849
4,24510,23750,0,0,19,19,1290,512,5625,6137
4,24528,3600,0,0,16,16,1533,1024,1125,2149
4,24531,17,0,0,34,17,1443,4624,1,4625
4,24534,18,0,0,18,18,1363,4900,1,4901
4,24534,18,0,0,36,18,1363,5264,1,5265
4,24534,3654,0,0,18,18,1363,1600,609,2209
4,24534,7614,0,0,18,18,1363,1856,1269,3125
4,24534,13122,0,0,18,18,1363,23660,729,24389
4,24534,22050,0,0,18,18,1363,972,1225,2197
4,24552,648,0,0,24,24,1023,1600,81,1681
4,24552,3000,0,0,24,24,1023,15004,125,15129
4,24552,23064,0,0,24,24,1023,164,961,1125
4,24570,810,0,0,15,15,1638,8200,81,8281
4,24570,2730,0,0,15,15,1638,8192,1183,9375
4,24570,5250,0,0,15,15,1638,1312,875,2187
4,24570,5460,0,0,30,15,1638,8192,1183,9375
4,24570,16562,0,0,14,14,1755,1004,1183,2187
4,24570,17150,0,0,14,14,1755,972,1225,2197
4,24570,22050,0,0,18,18,1365,972,1225,2197
4,24596,14300,0,0,22,22,1118,224,1625,1849
4,24600,360,0,0,20,20,1230,13448,27,13475
4,24600,5000,0,0,20,20,1230,1056,625,1681
4,24600,7000,0,0,20,20,1230,128,1225,1353
4,24600,7000,0,0,20,20,1230,1312,875,2187
4,24600,9720,0,0,20,20,1230,2296,729,3025
4,24600,17640,0,0,20,20,1230,8,1323,1331
4,24633,189,0,0,21,21,1173,2116,9,2125
4,24633,2553,0,0,23,23,1071,1088,333,1421
4,24633,19343,0,0,23,23,1071,972,841,1813
4,24640,15972,0,0,22,22,1120,136,1089,1225
4,24640,17820,0,0,22,22,1120,32,2025,2057
4,24640,19404,0,0,22,22,1120,8,1323,1331
4,24648,17064,0,0,24,24,1027,64,2133,2197
4,24660,20,0,0,20,20,1233,7124,1,7125
4,24660,20,0,0,40,20,1233,1520,1,1521
4,24700,3458,0,0,19,19,1300,8192,1183,9375
4,24701,24701,0,0,17,17,1453,972,1453,2425
4,24710,10850,0,0,14,14,1765,1412,775,2187
4,24720,16,0,0,16,16,1545,1700,1,1701
4,24720,16,0,0,32,16,1545,10608,1,10609
4,24720,432,0,0,16,16,1545,2548,27,2575
4,24720,784,0,0,16,16,1545,3708,49,3757
4,24720,5488,0,0,16,16,1545,16384,2401,18785
4,24720,7280,0,0,16,16,1545,17408,2275,19683
4,24720,10000,0,0,16,16,1545,8748,625,9373
4,24720,11536,0,0,16,16,1545,1404,721,2125
4,24720,19600,0,0,16,16,1545,972,1225,2197
4,24735,1275,0,0,17,17,1455,1984,225,2209
4,24738,8246,0,0,14,14,1767,3132,589,3721
4,24750,1782,0,0,22,22,1125,1472,243,1715
4,24752,756,0,0,14,14,1768,3400,81,3481
4,24765,11745,0,0,15,15,1651,64,2349,2413
4,24794,19306,0,0,14,14,1771,484,1379,1863
4,24794,20286,0,0,23,23,1078,8,1323,1331
4,24795,8265,0,0,15,15,1653,1324,551,1875
4,24804,13500,0,0,18,18,1378,512,3375,3887
4,24817,1053,0,0,13,13,1909,2116,81,2197
4,24840,216,0,0,24,24,1035,2116,9,2125
4,24843,13377,0,0,21,21,1183,64,1911,1975
4,24843,14931,0,0,21,21,1183,64,2133,2197
4,24871,1539,0,0,19,19,1309,1088,243,1331
4,24871,15827,0,0,19,19,1309,1444,833,2277
4,24871,15827,0,0,19,19,1309,1472,2499,3971
4,24871,16929,0,0,19,19,1309,64,2673,2737
4,24871,21413,0,0,19,19,1309,204,1127,1331
4,24871,21413,0,0,19,19,1309,2052,1127,3179
4,24885,24885,0,0,15,15,1659,9664,4977,14641
4,24894,11250,0,0,18,18,1383,1024,3125,4149
4,24900,1660,0,0,20,20,1245,1600,249,1849
4,24909,69,0,0,23,23,1083,1216,9,1225
4,24909,621,0,0,23,23,1083,2500,27,2527
4,24909,1539,0,0,19,19,1311,2116,81,2197
4,24909,2875,0,0,23,23,1083,3844,125,3969
4,24909,7889,0,0,23,23,1083,11532,343,11875
4,24909,13547,0,0,23,23,1083,1024,2945,3969
4,24934,3250,0,0,13,13,1918,18144,625,18769
4,24948,15246,0,0,21,21,1188,136,1089,1225
4,24948,17010,0,0,21,21,1188,32,2025,2057
4,24948,18522,0,0,21,21,1188,8,1323,1331
4,24956,34,0,0,17,17,1468,2560,9,2569
4,24956,68,0,0,34,17,1468,2560,9,2569
4,24956,136,0,0,68,17,1468,2560,9,2569
4,24956,4998,0,0,17,17,1468,512,1323,1835
4,24962,24962,0,0,28,14,1783,240,1783,2023
4,24966,13122,0,0,18,18,1387,4672,2187,6859
4,24990,126,0,0,14,14,1785,12500,9,12509
4,24999,13,0,0,26,13,1923,3024,1,3025
4,24999,17303,0,0,13,13,1923,9604,1331,10935
4,25032,24,0,0,24,24,1043,3724,1,3725
4,25050,10830,0,0,15,15,1670,32,1805,1837
4,25070,4186,0,0,23,23,1090,8192,1183,9375
4,25074,2250,0,0,18,18,1393,3844,125,3969
4,25074,18522,0,0,18,18,1393,1024,5145,6169
4,25075,25,0,0,25,25,1003,2124,1,2125
4,25088,84,0,0,14,14,1792,2392,9,2401
4,25095,63,0,0,21,21,1195,1216,9,1225
4,25095,567,0,0,21,21,1195,2500,27,2527
4,25110,20250,0,0,18,18,1395,15004,1125,16129
4,25125,10935,0,0,15,15,1675,7396,729,8125
4,25130,10206,0,0,14,14,1795,2396,729,3125
4,25137,171,0,0,38,19,1323,2800,9,2809
4,25155,1215,0,0,15,15,1677,2116,81,2197
4,25155,9477,0,0,13,13,1935,7396,729,8125
4,25168,16,0,0,32,16,1573,3024,1,3025
4,25168,2000,0,0,16,16,1573,2548,125,2673
4,25168,5808,0,0,16,16,1573,3136,1089,4225
4,25168,13200,0,0,16,16,1573,1372,825,2197
4,25168,19600,0,0,16,16,1573,972,1225,2197
4,25168,21296,0,0,16,16,1573,9604,1331,10935
4,25194,2754,0,0,17,17,1482,2968,243,3211
4,25194,16250,0,0,13,13,1938,512,5625,6137
4,25194,17550,0,0,13,13,1938,2888,2025,4913
4,25200,432,0,0,16,16,1575,2500,27,2527
4,25200,9296,0,0,16,16,1575,1444,581,2025
4,25245,2805,0,0,30,15,1683,2000,187,2187
4,25250,1250,0,0,25,25,1010,2048,275,2323
4,25256,1764,0,0,14,14,1804,1408,441,1849
4,25270,266,0,0,19,19,1330,3200,49,3249
4,25270,532,0,0,38,19,1330,3200,49,3249
4,25270,1862,0,0,19,19,1330,2432,343,2775
4,25272,5832,0,0,24,24,1053,2500,243,2743
4,25284,9604,0,0,14,14,1806,10368,2401,12769
4,25312,10976,0,0,16,16,1582,10368,2401,12769
4,25344,108,0,0,18,18,1408,2200,9,2209
4,25344,972,0,0,18,18,1408,5632,243,5875
4,25347,1491,0,0,21,21,1207,1984,213,2197
4,25365,5073,0,0,19,19,1335,1600,801,2401
4,25366,22,0,0,44,22,1153,3024,1,3025
4,25366,9702,0,0,22,22,1153,5324,441,5765
4,25366,25366,0,0,88,22,1153,2816,1153,3969
4,25380,900,0,0,18,18,1410,11296,125,11421
4,25382,14,0,0,28,14,1813,3024,1,3025
4,25382,686,0,0,28,14,1813,6512,49,6561
4,25382,18634,0,0,14,14,1813,9604,1331,10935
4,25389,117,0,0,13,13,1953,2116,9,2125
4,25389,1625,0,0,13,13,1953,3844,125,3969
4,25389,5265,0,0,13,13,1953,4508,405,4913
4,25389,6877,0,0,13,13,1953,19652,529,20181
4,25389,9269,0,0,13,13,1953,2500,713,3213
4,25389,9477,0,0,13,13,1953,448,2187,2635
4,25389,10881,0,0,13,13,1953,1564,837,2401
4,25389,20631,0,0,13,13,1953,1024,7935,8959
4,25410,22,0,0,22,22,1155,4004,1,4005
4,25410,22,0,0,44,22,1155,3024,1,3025
4,25410,22,0,0,44,22,1155,7920,1,7921
4,25410,2750,0,0,22,22,1155,2548,125,2673
4,25410,3718,0,0,22,22,1155,1024,845,1869
4,25410,5874,0,0,22,22,1155,1600,801,2401
4,25410,7722,0,0,22,22,1155,980,351,1331
4,25410,7986,0,0,22,22,1155,3136,1089,4225
4,25410,8250,0,0,22,22,1155,448,1125,1573
4,25410,11154,0,0,22,22,1155,704,1521,2225
4,25410,11858,0,0,22,22,1155,676,539,1215
4,25410,17622,0,0,22,22,1155,5324,801,6125
4,25410,18150,0,0,22,22,1155,1372,825,2197
4,25410,21450,0,0,22,22,1155,356,975,1331
4,25415,621,0,0,23,23,1105,1600,81,1681
4,25415,1377,0,0,17,17,1495,2116,81,2197
4,25415,16031,0,0,23,23,1105,1500,697,2197
4,25415,19941,0,0,23,23,1105,64,2601,2665
4,25452,364,0,0,14,14,1818,24576,169,24745
4,25452,2548,0,0,14,14,1818,8192,1183,9375
4,25452,19116,0,0,18,18,1414,808,1593,2401
4,25456,3888,0,0,16,16,1591,2752,729,3481
4,25460,20,0,0,20,20,1273,1444,1,1445
4,25460,3060,0,0,20,20,1273,1216,459,1675
4,25460,25460,0,0,80,20,1273,4352,1273,5625
4,25466,2754,0,0,17,17,1498,5000,243,5243
4,25488,16,0,0,64,16,1593,7424,1,7425
4,25488,11664,0,0,24,24,1062,392,729,1121
